production_candidate_id	increment_type	project_work_id	openalex_work_id	provenance_evidence_row_count	provenance_query_count_release_local	provenance_execution_count_release_local	provenance_alias_count	query_id_set_release_local	execution_id_set_release_local	alias_id_set	query_title_set	query_author_set	title_match_norm_set	author_a1_norm_set	author_a2_reverse_norm_set	title_match_token_count_min	title_match_token_count_max	any_title_match_in_title	any_title_match_in_abstract	hit_location	any_cross_w_title_collision	cross_w_collision_alias_count	max_distinct_project_work_count	policy_action	r2_baseline_titles	r2_baseline_authors	evaluation_source	requires_new_review
OA2PRODV1_c7fe9266409d29fd	A2_AUTHOR_REVERSAL	W000001334	W2081249458	1	1	1	1	OAQ000008914	OAE000003064	OAA000001492	Before the dawn	Kagawa, Toyohiko	before the dawn	kagawa toyohiko	toyohiko kagawa	3	3	True	False	TITLE_ONLY	True	1	5	ACCEPT	Before the dawn	Kagawa, Toyohiko	CALIBRATION	False
OA2PRODV1_114a389933c958aa	A2_AUTHOR_REVERSAL	W000001334	W4252114604	1	1	1	1	OAQ000008914	OAE000003064	OAA000001492	Before the dawn	Kagawa, Toyohiko	before the dawn	kagawa toyohiko	toyohiko kagawa	3	3	False	True	ABSTRACT_ONLY	True	1	5	REVIEW	Before the dawn	Kagawa, Toyohiko	CALIBRATION	False
OA2PRODV1_765c20046e29d1d2	A2_AUTHOR_REVERSAL	W000001998	W573387815	1	1	1	1	OAQ000010906	OAE000007888	OAA000002212	Galahad	Erskine, John	galahad	erskine john	john erskine	1	1	True	True	TITLE_AND_ABSTRACT	False	0	1	ACCEPT	Galahad	Erskine, John	CALIBRATION	False
OA2PRODV1_092a466e566d3751	A2_AUTHOR_REVERSAL	W000002225	W4312930576	1	1	1	1	OAQ000011587	OAE000013186	OAA000002460	Morality	Warner, Rex	morality	warner rex	rex warner	1	1	False	True	ABSTRACT_ONLY	False	0	1	REVIEW	Morality	Warner, Rex	CALIBRATION	False
OA2PRODV1_ffa612477515032a	A2_AUTHOR_REVERSAL	W000004216	W7204290473	1	1	1	1	OAQ000017560	OAE000002087	OAA000004619	American Fiction	Neilson, William Allan	american fiction	neilson william allan	william allan neilson	2	2	True	False	TITLE_ONLY	True	1	3	ACCEPT	American Fiction	Neilson, William Allan	CALIBRATION	False
OA2PRODV1_d2ed5b926f939d2d	A2_AUTHOR_REVERSAL	W000004356	W2031689070	1	1	1	1	OAQ000017980	OAE000005905	OAA000004763	Desire	Wood, Clement	desire	wood clement	clement wood	1	1	False	True	ABSTRACT_ONLY	False	0	1	REVIEW	Desire	Wood, Clement	CALIBRATION	False
OA2PRODV1_35a4852035e502b8	A2_AUTHOR_REVERSAL	W000004356	W4242141450	1	1	1	1	OAQ000017980	OAE000005905	OAA000004763	Desire	Wood, Clement	desire	wood clement	clement wood	1	1	False	True	ABSTRACT_ONLY	False	0	1	REVIEW	Desire	Wood, Clement	CALIBRATION	False
OA2PRODV1_f6ac760b8221fe1e	A2_AUTHOR_REVERSAL	W000006250	W6981330793	1	1	1	1	OAQ000023644	OAE000006483	OAA000006868	Early American fiction, 1774-1830	Wegelin, Oscar	early american fiction 1774 1830	wegelin oscar	oscar wegelin	5	5	True	False	TITLE_ONLY	True	1	2	ACCEPT	Early American fiction, 1774-1830	Wegelin, Oscar	CALIBRATION	False
OA2PRODV1_dc8c6e6d4f4d0f8e	A2_AUTHOR_REVERSAL	W000011243	W4230767475	1	1	1	1	OAQ000038438	OAE000020251	OAA000012420	The book of dragons	Fuller, Muriel	the book of dragons	fuller muriel	muriel fuller	4	4	False	True	ABSTRACT_ONLY	False	0	1	ACCEPT	The book of dragons	Fuller, Muriel	CALIBRATION	False
OA2PRODV1_a9701c20cc67e603	A2_AUTHOR_REVERSAL	W000012021	W7169587405	1	1	1	1	OAQ000040722	OAE000000246	OAA000013238	1914	Oxenham, John	1914	oxenham john	john oxenham	1	1	False	True	ABSTRACT_ONLY	False	0	1	REVIEW	1914	Oxenham, John	CALIBRATION	False
OA2PRODV1_8976184056fc123d	A2_AUTHOR_REVERSAL	W000012082	W126634185	1	1	1	1	OAQ000040905	OAE000024887	OAA000013299	The memoirs of an American citizen	Herrick, Robert	the memoirs of an american citizen	herrick robert	robert herrick	6	6	False	True	ABSTRACT_ONLY	False	0	1	ACCEPT	The memoirs of an American citizen	Herrick, Robert	CALIBRATION	False
OA2PRODV1_2f73f0f7a59ad1f1	A2_AUTHOR_REVERSAL	W000012082	W2327377418	1	1	1	1	OAQ000040905	OAE000024887	OAA000013299	The memoirs of an American citizen	Herrick, Robert	the memoirs of an american citizen	herrick robert	robert herrick	6	6	False	True	ABSTRACT_ONLY	False	0	1	ACCEPT	The memoirs of an American citizen	Herrick, Robert	CALIBRATION	False
OA2PRODV1_fe5bb4a7de94c300	A2_AUTHOR_REVERSAL	W000012082	W2520652467	1	1	1	1	OAQ000040905	OAE000024887	OAA000013299	The memoirs of an American citizen	Herrick, Robert	the memoirs of an american citizen	herrick robert	robert herrick	6	6	True	True	TITLE_AND_ABSTRACT	False	0	1	ACCEPT	The memoirs of an American citizen	Herrick, Robert	CALIBRATION	False
OA2PRODV1_57c8b0da2d492182	A2_AUTHOR_REVERSAL	W000012082	W3197495092	1	1	1	1	OAQ000040905	OAE000024887	OAA000013299	The memoirs of an American citizen	Herrick, Robert	the memoirs of an american citizen	herrick robert	robert herrick	6	6	True	False	TITLE_ONLY	False	0	1	ACCEPT	The memoirs of an American citizen	Herrick, Robert	CALIBRATION	False
OA2PRODV1_47b1d65ec423766c	A2_AUTHOR_REVERSAL	W000012082	W6991149252	1	1	1	1	OAQ000040905	OAE000024887	OAA000013299	The memoirs of an American citizen	Herrick, Robert	the memoirs of an american citizen	herrick robert	robert herrick	6	6	True	False	TITLE_ONLY	False	0	1	ACCEPT	The memoirs of an American citizen	Herrick, Robert	CALIBRATION	False
OA2PRODV1_6f3a3b43795b1b73	A2_AUTHOR_REVERSAL	W000012083	W2327377418	1	1	1	1	OAQ000040908	OAE000021135	OAA000013300	The common lot	Herrick, Robert	the common lot	herrick robert	robert herrick	3	3	False	True	ABSTRACT_ONLY	False	0	1	ACCEPT	The common lot	Herrick, Robert	CALIBRATION	False
OA2PRODV1_1132f4ea879b22ab	A2_AUTHOR_REVERSAL	W000012083	W2335026712	1	1	1	1	OAQ000040908	OAE000021135	OAA000013300	The common lot	Herrick, Robert	the common lot	herrick robert	robert herrick	3	3	False	True	ABSTRACT_ONLY	False	0	1	ACCEPT	The common lot	Herrick, Robert	CALIBRATION	False
OA2PRODV1_0f682c7d3f9d39a5	A2_AUTHOR_REVERSAL	W000012521	W2762333438	1	1	1	1	OAQ000042222	OAE000004912	OAA000013752	Coeur d'Alene	Foote, Mary Hallock	coeur d alene	foote mary hallock	mary hallock foote	3	3	False	True	ABSTRACT_ONLY	False	0	1	ACCEPT	Coeur d'Alene	Foote, Mary Hallock	CALIBRATION	False
OA2PRODV1_87f9792a842ceb10	A2_AUTHOR_REVERSAL	W000012633	W2625517055	1	1	1	1	OAQ000042558	OAE000012524	OAA000013868	Martin Kačur	Cankar, Ivan	martin kačur	cankar ivan	ivan cankar	2	2	True	False	TITLE_ONLY	False	0	1	ACCEPT	Martin Kačur	Cankar, Ivan	CALIBRATION	False
OA2PRODV1_0c94e95a834b025d	A2_AUTHOR_REVERSAL	W000012633	W2912411080	1	1	1	1	OAQ000042558	OAE000012524	OAA000013868	Martin Kačur	Cankar, Ivan	martin kačur	cankar ivan	ivan cankar	2	2	False	True	ABSTRACT_ONLY	False	0	1	ACCEPT	Martin Kačur	Cankar, Ivan	CALIBRATION	False
OA2PRODV1_8a3fe0722b4c39ec	A2_AUTHOR_REVERSAL	W000012633	W7001315864	1	1	1	1	OAQ000042558	OAE000012524	OAA000013868	Martin Kačur	Cankar, Ivan	martin kačur	cankar ivan	ivan cankar	2	2	False	True	ABSTRACT_ONLY	False	0	1	ACCEPT	Martin Kačur	Cankar, Ivan	CALIBRATION	False
OA2PRODV1_23c9fd032eca4cdf	A2_AUTHOR_REVERSAL	W000012633	W7029513144	1	1	1	1	OAQ000042558	OAE000012524	OAA000013868	Martin Kačur	Cankar, Ivan	martin kačur	cankar ivan	ivan cankar	2	2	False	True	ABSTRACT_ONLY	False	0	1	ACCEPT	Martin Kačur	Cankar, Ivan	CALIBRATION	False
OA2PRODV1_096b9f9312475f6a	A2_AUTHOR_REVERSAL	W000012633	W7030338272	1	1	1	1	OAQ000042558	OAE000012524	OAA000013868	Martin Kačur	Cankar, Ivan	martin kačur	cankar ivan	ivan cankar	2	2	True	True	TITLE_AND_ABSTRACT	False	0	1	ACCEPT	Martin Kačur	Cankar, Ivan	CALIBRATION	False
OA2PRODV1_d237467627711c8b	A2_AUTHOR_REVERSAL	W000012633	W7132581210	1	1	1	1	OAQ000042558	OAE000012524	OAA000013868	Martin Kačur	Cankar, Ivan	martin kačur	cankar ivan	ivan cankar	2	2	False	True	ABSTRACT_ONLY	False	0	1	ACCEPT	Martin Kačur	Cankar, Ivan	CALIBRATION	False
OA2PRODV1_04ca641919b1cf8e	A2_AUTHOR_REVERSAL	W000012843	W108070875	1	1	1	1	OAQ000043178	OAE000009662	OAA000014094	In parenthesis	Jones, David	in parenthesis	jones david	david jones	2	2	True	False	TITLE_ONLY	False	0	1	ACCEPT	In parenthesis	Jones, David	CALIBRATION	False
OA2PRODV1_dce64030958c0b9b	A2_AUTHOR_REVERSAL	W000012843	W1536207798	1	1	1	1	OAQ000043178	OAE000009662	OAA000014094	In parenthesis	Jones, David	in parenthesis	jones david	david jones	2	2	False	True	ABSTRACT_ONLY	False	0	1	ACCEPT	In parenthesis	Jones, David	CALIBRATION	False
OA2PRODV1_381de394969fad1d	A2_AUTHOR_REVERSAL	W000012843	W1543511762	1	1	1	1	OAQ000043178	OAE000009662	OAA000014094	In parenthesis	Jones, David	in parenthesis	jones david	david jones	2	2	False	True	ABSTRACT_ONLY	False	0	1	ACCEPT	In parenthesis	Jones, David	CALIBRATION	False
OA2PRODV1_112e20e3f712e8e2	A2_AUTHOR_REVERSAL	W000012843	W1561451196	1	1	1	1	OAQ000043178	OAE000009662	OAA000014094	In parenthesis	Jones, David	in parenthesis	jones david	david jones	2	2	False	True	ABSTRACT_ONLY	False	0	1	ACCEPT	In parenthesis	Jones, David	CALIBRATION	False
OA2PRODV1_4481998df0b6d3c8	A2_AUTHOR_REVERSAL	W000012843	W1566641138	1	1	1	1	OAQ000043178	OAE000009662	OAA000014094	In parenthesis	Jones, David	in parenthesis	jones david	david jones	2	2	True	True	TITLE_AND_ABSTRACT	False	0	1	ACCEPT	In parenthesis	Jones, David	CALIBRATION	False
OA2PRODV1_d5464a123a691115	A2_AUTHOR_REVERSAL	W000012843	W1964127275	1	1	1	1	OAQ000043178	OAE000009662	OAA000014094	In parenthesis	Jones, David	in parenthesis	jones david	david jones	2	2	False	True	ABSTRACT_ONLY	False	0	1	ACCEPT	In parenthesis	Jones, David	CALIBRATION	False
OA2PRODV1_ead10dae8a19b0be	A2_AUTHOR_REVERSAL	W000012843	W1966605349	1	1	1	1	OAQ000043178	OAE000009662	OAA000014094	In parenthesis	Jones, David	in parenthesis	jones david	david jones	2	2	False	True	ABSTRACT_ONLY	False	0	1	ACCEPT	In parenthesis	Jones, David	CALIBRATION	False
OA2PRODV1_31d84c0e4bfbce96	A2_AUTHOR_REVERSAL	W000012843	W1967347183	1	1	1	1	OAQ000043178	OAE000009662	OAA000014094	In parenthesis	Jones, David	in parenthesis	jones david	david jones	2	2	False	True	ABSTRACT_ONLY	False	0	1	ACCEPT	In parenthesis	Jones, David	CALIBRATION	False
OA2PRODV1_18eaef41b2b3788e	A2_AUTHOR_REVERSAL	W000012843	W1971275555	1	1	1	1	OAQ000043178	OAE000009662	OAA000014094	In parenthesis	Jones, David	in parenthesis	jones david	david jones	2	2	True	False	TITLE_ONLY	False	0	1	ACCEPT	In parenthesis	Jones, David	CALIBRATION	False
OA2PRODV1_b969c1eced88844d	A2_AUTHOR_REVERSAL	W000012843	W1971894819	1	1	1	1	OAQ000043178	OAE000009662	OAA000014094	In parenthesis	Jones, David	in parenthesis	jones david	david jones	2	2	True	False	TITLE_ONLY	False	0	1	ACCEPT	In parenthesis	Jones, David	CALIBRATION	False
OA2PRODV1_843adb963a700188	A2_AUTHOR_REVERSAL	W000012843	W1991708740	1	1	1	1	OAQ000043178	OAE000009662	OAA000014094	In parenthesis	Jones, David	in parenthesis	jones david	david jones	2	2	False	True	ABSTRACT_ONLY	False	0	1	ACCEPT	In parenthesis	Jones, David	CALIBRATION	False
OA2PRODV1_6fa0418fe35344c8	A2_AUTHOR_REVERSAL	W000012843	W1999573074	1	1	1	1	OAQ000043178	OAE000009662	OAA000014094	In parenthesis	Jones, David	in parenthesis	jones david	david jones	2	2	False	True	ABSTRACT_ONLY	False	0	1	ACCEPT	In parenthesis	Jones, David	CALIBRATION	False
OA2PRODV1_b892ac7d87a35913	A2_AUTHOR_REVERSAL	W000012843	W2028903329	1	1	1	1	OAQ000043178	OAE000009662	OAA000014094	In parenthesis	Jones, David	in parenthesis	jones david	david jones	2	2	True	False	TITLE_ONLY	False	0	1	ACCEPT	In parenthesis	Jones, David	CALIBRATION	False
OA2PRODV1_851466f48aa059d3	A2_AUTHOR_REVERSAL	W000012843	W2031738068	1	1	1	1	OAQ000043178	OAE000009662	OAA000014094	In parenthesis	Jones, David	in parenthesis	jones david	david jones	2	2	False	True	ABSTRACT_ONLY	False	0	1	ACCEPT	In parenthesis	Jones, David	CALIBRATION	False
OA2PRODV1_9fb92728c53e3857	A2_AUTHOR_REVERSAL	W000012843	W2061833967	1	1	1	1	OAQ000043178	OAE000009662	OAA000014094	In parenthesis	Jones, David	in parenthesis	jones david	david jones	2	2	False	True	ABSTRACT_ONLY	False	0	1	ACCEPT	In parenthesis	Jones, David	CALIBRATION	False
OA2PRODV1_2fdc61f69d5fe731	A2_AUTHOR_REVERSAL	W000012843	W2080176191	1	1	1	1	OAQ000043178	OAE000009662	OAA000014094	In parenthesis	Jones, David	in parenthesis	jones david	david jones	2	2	False	True	ABSTRACT_ONLY	False	0	1	ACCEPT	In parenthesis	Jones, David	CALIBRATION	False
OA2PRODV1_2ad4a09bd55b1291	A2_AUTHOR_REVERSAL	W000012843	W2080396354	1	1	1	1	OAQ000043178	OAE000009662	OAA000014094	In parenthesis	Jones, David	in parenthesis	jones david	david jones	2	2	False	True	ABSTRACT_ONLY	False	0	1	ACCEPT	In parenthesis	Jones, David	CALIBRATION	False
OA2PRODV1_50a11105750f39cd	A2_AUTHOR_REVERSAL	W000012843	W2091129880	1	1	1	1	OAQ000043178	OAE000009662	OAA000014094	In parenthesis	Jones, David	in parenthesis	jones david	david jones	2	2	True	True	TITLE_AND_ABSTRACT	False	0	1	ACCEPT	In parenthesis	Jones, David	CALIBRATION	False
OA2PRODV1_bc2a48c0d9024987	A2_AUTHOR_REVERSAL	W000012843	W2094662913	1	1	1	1	OAQ000043178	OAE000009662	OAA000014094	In parenthesis	Jones, David	in parenthesis	jones david	david jones	2	2	False	True	ABSTRACT_ONLY	False	0	1	ACCEPT	In parenthesis	Jones, David	CALIBRATION	False
OA2PRODV1_ed665b14b187cb9f	A2_AUTHOR_REVERSAL	W000012843	W2143380609	1	1	1	1	OAQ000043178	OAE000009662	OAA000014094	In parenthesis	Jones, David	in parenthesis	jones david	david jones	2	2	False	True	ABSTRACT_ONLY	False	0	1	ACCEPT	In parenthesis	Jones, David	CALIBRATION	False
OA2PRODV1_eb0311824d23481f	A2_AUTHOR_REVERSAL	W000012843	W2173661803	1	1	1	1	OAQ000043178	OAE000009662	OAA000014094	In parenthesis	Jones, David	in parenthesis	jones david	david jones	2	2	False	True	ABSTRACT_ONLY	False	0	1	ACCEPT	In parenthesis	Jones, David	CALIBRATION	False
OA2PRODV1_e746ca9d722345e1	A2_AUTHOR_REVERSAL	W000012843	W2190917220	1	1	1	1	OAQ000043178	OAE000009662	OAA000014094	In parenthesis	Jones, David	in parenthesis	jones david	david jones	2	2	True	True	TITLE_AND_ABSTRACT	False	0	1	ACCEPT	In parenthesis	Jones, David	CALIBRATION	False
OA2PRODV1_15e42fbb44c6c3d5	A2_AUTHOR_REVERSAL	W000012843	W2197333341	1	1	1	1	OAQ000043178	OAE000009662	OAA000014094	In parenthesis	Jones, David	in parenthesis	jones david	david jones	2	2	False	True	ABSTRACT_ONLY	False	0	1	ACCEPT	In parenthesis	Jones, David	CALIBRATION	False
OA2PRODV1_34fbc2d58e3776ee	A2_AUTHOR_REVERSAL	W000012843	W2210137002	1	1	1	1	OAQ000043178	OAE000009662	OAA000014094	In parenthesis	Jones, David	in parenthesis	jones david	david jones	2	2	True	False	TITLE_ONLY	False	0	1	ACCEPT	In parenthesis	Jones, David	CALIBRATION	False
OA2PRODV1_aa3f23b0ebada4a2	A2_AUTHOR_REVERSAL	W000012843	W2210441596	1	1	1	1	OAQ000043178	OAE000009662	OAA000014094	In parenthesis	Jones, David	in parenthesis	jones david	david jones	2	2	True	True	TITLE_AND_ABSTRACT	False	0	1	ACCEPT	In parenthesis	Jones, David	CALIBRATION	False
OA2PRODV1_5f0d9404368e95dd	A2_AUTHOR_REVERSAL	W000012843	W2213556544	1	1	1	1	OAQ000043178	OAE000009662	OAA000014094	In parenthesis	Jones, David	in parenthesis	jones david	david jones	2	2	False	True	ABSTRACT_ONLY	False	0	1	ACCEPT	In parenthesis	Jones, David	CALIBRATION	False
OA2PRODV1_611755cf22894114	A2_AUTHOR_REVERSAL	W000012843	W2223363951	1	1	1	1	OAQ000043178	OAE000009662	OAA000014094	In parenthesis	Jones, David	in parenthesis	jones david	david jones	2	2	False	True	ABSTRACT_ONLY	False	0	1	ACCEPT	In parenthesis	Jones, David	CALIBRATION	False
OA2PRODV1_1886ea3fc362881a	A2_AUTHOR_REVERSAL	W000012843	W2269718299	1	1	1	1	OAQ000043178	OAE000009662	OAA000014094	In parenthesis	Jones, David	in parenthesis	jones david	david jones	2	2	True	False	TITLE_ONLY	False	0	1	ACCEPT	In parenthesis	Jones, David	CALIBRATION	False
OA2PRODV1_c50d03a2242d65ad	A2_AUTHOR_REVERSAL	W000012843	W2282716863	1	1	1	1	OAQ000043178	OAE000009662	OAA000014094	In parenthesis	Jones, David	in parenthesis	jones david	david jones	2	2	True	True	TITLE_AND_ABSTRACT	False	0	1	ACCEPT	In parenthesis	Jones, David	CALIBRATION	False
OA2PRODV1_e8461bda7c13a49e	A2_AUTHOR_REVERSAL	W000012843	W2313066152	1	1	1	1	OAQ000043178	OAE000009662	OAA000014094	In parenthesis	Jones, David	in parenthesis	jones david	david jones	2	2	True	False	TITLE_ONLY	False	0	1	ACCEPT	In parenthesis	Jones, David	CALIBRATION	False
OA2PRODV1_35ade09ba169ba42	A2_AUTHOR_REVERSAL	W000012843	W2335126103	1	1	1	1	OAQ000043178	OAE000009662	OAA000014094	In parenthesis	Jones, David	in parenthesis	jones david	david jones	2	2	True	True	TITLE_AND_ABSTRACT	False	0	1	ACCEPT	In parenthesis	Jones, David	CALIBRATION	False
OA2PRODV1_9e26675c1057a78b	A2_AUTHOR_REVERSAL	W000012843	W2466128569	1	1	1	1	OAQ000043178	OAE000009662	OAA000014094	In parenthesis	Jones, David	in parenthesis	jones david	david jones	2	2	False	True	ABSTRACT_ONLY	False	0	1	ACCEPT	In parenthesis	Jones, David	CALIBRATION	False
OA2PRODV1_490da3dbe27ec539	A2_AUTHOR_REVERSAL	W000012843	W2477985137	1	1	1	1	OAQ000043178	OAE000009662	OAA000014094	In parenthesis	Jones, David	in parenthesis	jones david	david jones	2	2	False	True	ABSTRACT_ONLY	False	0	1	ACCEPT	In parenthesis	Jones, David	CALIBRATION	False
OA2PRODV1_7d3bd621581102da	A2_AUTHOR_REVERSAL	W000012843	W2478535609	1	1	1	1	OAQ000043178	OAE000009662	OAA000014094	In parenthesis	Jones, David	in parenthesis	jones david	david jones	2	2	True	False	TITLE_ONLY	False	0	1	ACCEPT	In parenthesis	Jones, David	CALIBRATION	False
OA2PRODV1_429a859b0f50b65e	A2_AUTHOR_REVERSAL	W000012843	W2483460724	1	1	1	1	OAQ000043178	OAE000009662	OAA000014094	In parenthesis	Jones, David	in parenthesis	jones david	david jones	2	2	False	True	ABSTRACT_ONLY	False	0	1	ACCEPT	In parenthesis	Jones, David	CALIBRATION	False
OA2PRODV1_4bffbcddb83d744a	A2_AUTHOR_REVERSAL	W000012843	W2484117283	1	1	1	1	OAQ000043178	OAE000009662	OAA000014094	In parenthesis	Jones, David	in parenthesis	jones david	david jones	2	2	False	True	ABSTRACT_ONLY	False	0	1	ACCEPT	In parenthesis	Jones, David	CALIBRATION	False
OA2PRODV1_38ecbdacac0fb5bc	A2_AUTHOR_REVERSAL	W000012843	W2485197444	1	1	1	1	OAQ000043178	OAE000009662	OAA000014094	In parenthesis	Jones, David	in parenthesis	jones david	david jones	2	2	True	False	TITLE_ONLY	False	0	1	ACCEPT	In parenthesis	Jones, David	CALIBRATION	False
OA2PRODV1_80d27c3cf81f5087	A2_AUTHOR_REVERSAL	W000012843	W2496938067	1	1	1	1	OAQ000043178	OAE000009662	OAA000014094	In parenthesis	Jones, David	in parenthesis	jones david	david jones	2	2	False	True	ABSTRACT_ONLY	False	0	1	ACCEPT	In parenthesis	Jones, David	CALIBRATION	False
OA2PRODV1_966026d4e04aeebb	A2_AUTHOR_REVERSAL	W000012843	W2501364359	1	1	1	1	OAQ000043178	OAE000009662	OAA000014094	In parenthesis	Jones, David	in parenthesis	jones david	david jones	2	2	True	False	TITLE_ONLY	False	0	1	ACCEPT	In parenthesis	Jones, David	CALIBRATION	False
OA2PRODV1_d06b65433e6c112f	A2_AUTHOR_REVERSAL	W000012843	W2566058682	1	1	1	1	OAQ000043178	OAE000009662	OAA000014094	In parenthesis	Jones, David	in parenthesis	jones david	david jones	2	2	True	False	TITLE_ONLY	False	0	1	ACCEPT	In parenthesis	Jones, David	CALIBRATION	False
OA2PRODV1_de8fa51aee1561cd	A2_AUTHOR_REVERSAL	W000012843	W2589650455	1	1	1	1	OAQ000043178	OAE000009662	OAA000014094	In parenthesis	Jones, David	in parenthesis	jones david	david jones	2	2	True	True	TITLE_AND_ABSTRACT	False	0	1	ACCEPT	In parenthesis	Jones, David	CALIBRATION	False
OA2PRODV1_2c0dce7c14cc8d30	A2_AUTHOR_REVERSAL	W000012843	W2603441483	1	1	1	1	OAQ000043178	OAE000009662	OAA000014094	In parenthesis	Jones, David	in parenthesis	jones david	david jones	2	2	False	True	ABSTRACT_ONLY	False	0	1	ACCEPT	In parenthesis	Jones, David	CALIBRATION	False
OA2PRODV1_bdef79077382b31c	A2_AUTHOR_REVERSAL	W000012843	W2625087851	1	1	1	1	OAQ000043178	OAE000009662	OAA000014094	In parenthesis	Jones, David	in parenthesis	jones david	david jones	2	2	False	True	ABSTRACT_ONLY	False	0	1	ACCEPT	In parenthesis	Jones, David	CALIBRATION	False
OA2PRODV1_dbe748e426c83612	A2_AUTHOR_REVERSAL	W000012843	W2772783614	1	1	1	1	OAQ000043178	OAE000009662	OAA000014094	In parenthesis	Jones, David	in parenthesis	jones david	david jones	2	2	True	False	TITLE_ONLY	False	0	1	ACCEPT	In parenthesis	Jones, David	CALIBRATION	False
OA2PRODV1_39cc7bb1afe0f730	A2_AUTHOR_REVERSAL	W000012843	W2778890136	1	1	1	1	OAQ000043178	OAE000009662	OAA000014094	In parenthesis	Jones, David	in parenthesis	jones david	david jones	2	2	True	True	TITLE_AND_ABSTRACT	False	0	1	ACCEPT	In parenthesis	Jones, David	CALIBRATION	False
OA2PRODV1_5ad010a3b39d4fff	A2_AUTHOR_REVERSAL	W000012843	W2798379462	1	1	1	1	OAQ000043178	OAE000009662	OAA000014094	In parenthesis	Jones, David	in parenthesis	jones david	david jones	2	2	False	True	ABSTRACT_ONLY	False	0	1	ACCEPT	In parenthesis	Jones, David	CALIBRATION	False
OA2PRODV1_6a98d33f5a4224f8	A2_AUTHOR_REVERSAL	W000012843	W2801848614	1	1	1	1	OAQ000043178	OAE000009662	OAA000014094	In parenthesis	Jones, David	in parenthesis	jones david	david jones	2	2	False	True	ABSTRACT_ONLY	False	0	1	ACCEPT	In parenthesis	Jones, David	CALIBRATION	False
OA2PRODV1_15896905cfc63b8c	A2_AUTHOR_REVERSAL	W000012843	W2807245876	1	1	1	1	OAQ000043178	OAE000009662	OAA000014094	In parenthesis	Jones, David	in parenthesis	jones david	david jones	2	2	True	False	TITLE_ONLY	False	0	1	ACCEPT	In parenthesis	Jones, David	CALIBRATION	False
OA2PRODV1_9a0ac94d61bc5cfc	A2_AUTHOR_REVERSAL	W000012843	W2926391012	1	1	1	1	OAQ000043178	OAE000009662	OAA000014094	In parenthesis	Jones, David	in parenthesis	jones david	david jones	2	2	False	True	ABSTRACT_ONLY	False	0	1	ACCEPT	In parenthesis	Jones, David	CALIBRATION	False
OA2PRODV1_60a9801eb720a839	A2_AUTHOR_REVERSAL	W000012843	W2932919387	1	1	1	1	OAQ000043178	OAE000009662	OAA000014094	In parenthesis	Jones, David	in parenthesis	jones david	david jones	2	2	False	True	ABSTRACT_ONLY	False	0	1	ACCEPT	In parenthesis	Jones, David	CALIBRATION	False
OA2PRODV1_6b15a7f22f679b51	A2_AUTHOR_REVERSAL	W000012843	W2935468084	1	1	1	1	OAQ000043178	OAE000009662	OAA000014094	In parenthesis	Jones, David	in parenthesis	jones david	david jones	2	2	True	True	TITLE_AND_ABSTRACT	False	0	1	ACCEPT	In parenthesis	Jones, David	CALIBRATION	False
OA2PRODV1_335630b9abb4ff39	A2_AUTHOR_REVERSAL	W000012843	W2977108086	1	1	1	1	OAQ000043178	OAE000009662	OAA000014094	In parenthesis	Jones, David	in parenthesis	jones david	david jones	2	2	False	True	ABSTRACT_ONLY	False	0	1	ACCEPT	In parenthesis	Jones, David	CALIBRATION	False
OA2PRODV1_05f49fa7659d796e	A2_AUTHOR_REVERSAL	W000012843	W2988060632	1	1	1	1	OAQ000043178	OAE000009662	OAA000014094	In parenthesis	Jones, David	in parenthesis	jones david	david jones	2	2	False	True	ABSTRACT_ONLY	False	0	1	ACCEPT	In parenthesis	Jones, David	CALIBRATION	False
OA2PRODV1_8b69bdf3ca2216c2	A2_AUTHOR_REVERSAL	W000012843	W2993442237	1	1	1	1	OAQ000043178	OAE000009662	OAA000014094	In parenthesis	Jones, David	in parenthesis	jones david	david jones	2	2	True	False	TITLE_ONLY	False	0	1	ACCEPT	In parenthesis	Jones, David	CALIBRATION	False
OA2PRODV1_0fb4e1cae94d4c1d	A2_AUTHOR_REVERSAL	W000012843	W2997324720	1	1	1	1	OAQ000043178	OAE000009662	OAA000014094	In parenthesis	Jones, David	in parenthesis	jones david	david jones	2	2	False	True	ABSTRACT_ONLY	False	0	1	ACCEPT	In parenthesis	Jones, David	CALIBRATION	False
OA2PRODV1_cdaba934d319258c	A2_AUTHOR_REVERSAL	W000012843	W2997984743	1	1	1	1	OAQ000043178	OAE000009662	OAA000014094	In parenthesis	Jones, David	in parenthesis	jones david	david jones	2	2	False	True	ABSTRACT_ONLY	False	0	1	ACCEPT	In parenthesis	Jones, David	CALIBRATION	False
OA2PRODV1_e9bd21512b793c4a	A2_AUTHOR_REVERSAL	W000012843	W2999487902	1	1	1	1	OAQ000043178	OAE000009662	OAA000014094	In parenthesis	Jones, David	in parenthesis	jones david	david jones	2	2	True	True	TITLE_AND_ABSTRACT	False	0	1	ACCEPT	In parenthesis	Jones, David	CALIBRATION	False
OA2PRODV1_2725b8985c3fe148	A2_AUTHOR_REVERSAL	W000012843	W2999785380	1	1	1	1	OAQ000043178	OAE000009662	OAA000014094	In parenthesis	Jones, David	in parenthesis	jones david	david jones	2	2	True	False	TITLE_ONLY	False	0	1	ACCEPT	In parenthesis	Jones, David	CALIBRATION	False
OA2PRODV1_b4107af1c8dd9379	A2_AUTHOR_REVERSAL	W000012843	W3006089996	1	1	1	1	OAQ000043178	OAE000009662	OAA000014094	In parenthesis	Jones, David	in parenthesis	jones david	david jones	2	2	True	True	TITLE_AND_ABSTRACT	False	0	1	ACCEPT	In parenthesis	Jones, David	CALIBRATION	False
OA2PRODV1_f7443dce5b9f975f	A2_AUTHOR_REVERSAL	W000012843	W3009647717	1	1	1	1	OAQ000043178	OAE000009662	OAA000014094	In parenthesis	Jones, David	in parenthesis	jones david	david jones	2	2	True	False	TITLE_ONLY	False	0	1	ACCEPT	In parenthesis	Jones, David	CALIBRATION	False
OA2PRODV1_b5c1d9b8512fd7e0	A2_AUTHOR_REVERSAL	W000012843	W3014020214	1	1	1	1	OAQ000043178	OAE000009662	OAA000014094	In parenthesis	Jones, David	in parenthesis	jones david	david jones	2	2	True	False	TITLE_ONLY	False	0	1	ACCEPT	In parenthesis	Jones, David	CALIBRATION	False
OA2PRODV1_acec96c5543dbe3f	A2_AUTHOR_REVERSAL	W000012843	W3022641994	1	1	1	1	OAQ000043178	OAE000009662	OAA000014094	In parenthesis	Jones, David	in parenthesis	jones david	david jones	2	2	False	True	ABSTRACT_ONLY	False	0	1	ACCEPT	In parenthesis	Jones, David	CALIBRATION	False
OA2PRODV1_1f0c1f46eb30a88b	A2_AUTHOR_REVERSAL	W000012843	W3037140093	1	1	1	1	OAQ000043178	OAE000009662	OAA000014094	In parenthesis	Jones, David	in parenthesis	jones david	david jones	2	2	False	True	ABSTRACT_ONLY	False	0	1	ACCEPT	In parenthesis	Jones, David	CALIBRATION	False
OA2PRODV1_43af242f5b820996	A2_AUTHOR_REVERSAL	W000012843	W3094570278	1	1	1	1	OAQ000043178	OAE000009662	OAA000014094	In parenthesis	Jones, David	in parenthesis	jones david	david jones	2	2	True	True	TITLE_AND_ABSTRACT	False	0	1	ACCEPT	In parenthesis	Jones, David	CALIBRATION	False
OA2PRODV1_6d204e97eb0c9f3a	A2_AUTHOR_REVERSAL	W000012843	W3127613435	1	1	1	1	OAQ000043178	OAE000009662	OAA000014094	In parenthesis	Jones, David	in parenthesis	jones david	david jones	2	2	False	True	ABSTRACT_ONLY	False	0	1	ACCEPT	In parenthesis	Jones, David	CALIBRATION	False
OA2PRODV1_b3cfbef76b94c1ce	A2_AUTHOR_REVERSAL	W000012843	W312892875	1	1	1	1	OAQ000043178	OAE000009662	OAA000014094	In parenthesis	Jones, David	in parenthesis	jones david	david jones	2	2	False	True	ABSTRACT_ONLY	False	0	1	ACCEPT	In parenthesis	Jones, David	CALIBRATION	False
OA2PRODV1_3589a2a2b61d939f	A2_AUTHOR_REVERSAL	W000012843	W3159026603	1	1	1	1	OAQ000043178	OAE000009662	OAA000014094	In parenthesis	Jones, David	in parenthesis	jones david	david jones	2	2	False	True	ABSTRACT_ONLY	False	0	1	ACCEPT	In parenthesis	Jones, David	CALIBRATION	False
OA2PRODV1_1142beb5318f2847	A2_AUTHOR_REVERSAL	W000012843	W3161685081	1	1	1	1	OAQ000043178	OAE000009662	OAA000014094	In parenthesis	Jones, David	in parenthesis	jones david	david jones	2	2	False	True	ABSTRACT_ONLY	False	0	1	ACCEPT	In parenthesis	Jones, David	CALIBRATION	False
OA2PRODV1_b7b92e5ac5d35495	A2_AUTHOR_REVERSAL	W000012843	W3163273706	1	1	1	1	OAQ000043178	OAE000009662	OAA000014094	In parenthesis	Jones, David	in parenthesis	jones david	david jones	2	2	True	True	TITLE_AND_ABSTRACT	False	0	1	ACCEPT	In parenthesis	Jones, David	CALIBRATION	False
OA2PRODV1_b92da1b7908eb4e9	A2_AUTHOR_REVERSAL	W000012843	W3196581062	1	1	1	1	OAQ000043178	OAE000009662	OAA000014094	In parenthesis	Jones, David	in parenthesis	jones david	david jones	2	2	True	True	TITLE_AND_ABSTRACT	False	0	1	ACCEPT	In parenthesis	Jones, David	CALIBRATION	False
OA2PRODV1_b3317a9a06253aac	A2_AUTHOR_REVERSAL	W000012843	W3205319556	1	1	1	1	OAQ000043178	OAE000009662	OAA000014094	In parenthesis	Jones, David	in parenthesis	jones david	david jones	2	2	False	True	ABSTRACT_ONLY	False	0	1	ACCEPT	In parenthesis	Jones, David	CALIBRATION	False
OA2PRODV1_4304d6c197498904	A2_AUTHOR_REVERSAL	W000012843	W4200566883	1	1	1	1	OAQ000043178	OAE000009662	OAA000014094	In parenthesis	Jones, David	in parenthesis	jones david	david jones	2	2	False	True	ABSTRACT_ONLY	False	0	1	ACCEPT	In parenthesis	Jones, David	CALIBRATION	False
OA2PRODV1_0f9df15533b8efae	A2_AUTHOR_REVERSAL	W000012843	W4205412496	1	1	1	1	OAQ000043178	OAE000009662	OAA000014094	In parenthesis	Jones, David	in parenthesis	jones david	david jones	2	2	False	True	ABSTRACT_ONLY	False	0	1	ACCEPT	In parenthesis	Jones, David	CALIBRATION	False
OA2PRODV1_2e7b9fdf0f9c0c33	A2_AUTHOR_REVERSAL	W000012843	W4207008452	1	1	1	1	OAQ000043178	OAE000009662	OAA000014094	In parenthesis	Jones, David	in parenthesis	jones david	david jones	2	2	False	True	ABSTRACT_ONLY	False	0	1	ACCEPT	In parenthesis	Jones, David	CALIBRATION	False
OA2PRODV1_d3f82a1301f488d9	A2_AUTHOR_REVERSAL	W000012843	W4210338409	1	1	1	1	OAQ000043178	OAE000009662	OAA000014094	In parenthesis	Jones, David	in parenthesis	jones david	david jones	2	2	False	True	ABSTRACT_ONLY	False	0	1	ACCEPT	In parenthesis	Jones, David	CALIBRATION	False
OA2PRODV1_0b175ebfd6b44204	A2_AUTHOR_REVERSAL	W000012843	W4212865832	1	1	1	1	OAQ000043178	OAE000009662	OAA000014094	In parenthesis	Jones, David	in parenthesis	jones david	david jones	2	2	False	True	ABSTRACT_ONLY	False	0	1	ACCEPT	In parenthesis	Jones, David	CALIBRATION	False
OA2PRODV1_b2e3e33ffc93b2de	A2_AUTHOR_REVERSAL	W000012843	W4221166181	1	1	1	1	OAQ000043178	OAE000009662	OAA000014094	In parenthesis	Jones, David	in parenthesis	jones david	david jones	2	2	False	True	ABSTRACT_ONLY	False	0	1	ACCEPT	In parenthesis	Jones, David	CALIBRATION	False
OA2PRODV1_d8f161958761e5d5	A2_AUTHOR_REVERSAL	W000012843	W4230937676	1	1	1	1	OAQ000043178	OAE000009662	OAA000014094	In parenthesis	Jones, David	in parenthesis	jones david	david jones	2	2	False	True	ABSTRACT_ONLY	False	0	1	ACCEPT	In parenthesis	Jones, David	CALIBRATION	False
OA2PRODV1_8c8026051e8b2bdd	A2_AUTHOR_REVERSAL	W000012843	W423277916	1	1	1	1	OAQ000043178	OAE000009662	OAA000014094	In parenthesis	Jones, David	in parenthesis	jones david	david jones	2	2	False	True	ABSTRACT_ONLY	False	0	1	ACCEPT	In parenthesis	Jones, David	CALIBRATION	False
OA2PRODV1_b7b20f3ceff9f8f6	A2_AUTHOR_REVERSAL	W000012843	W4232975818	1	1	1	1	OAQ000043178	OAE000009662	OAA000014094	In parenthesis	Jones, David	in parenthesis	jones david	david jones	2	2	True	False	TITLE_ONLY	False	0	1	ACCEPT	In parenthesis	Jones, David	CALIBRATION	False
OA2PRODV1_b7da917cb6a94147	A2_AUTHOR_REVERSAL	W000012843	W4234914977	1	1	1	1	OAQ000043178	OAE000009662	OAA000014094	In parenthesis	Jones, David	in parenthesis	jones david	david jones	2	2	False	True	ABSTRACT_ONLY	False	0	1	ACCEPT	In parenthesis	Jones, David	CALIBRATION	False
OA2PRODV1_2e0761166e063a36	A2_AUTHOR_REVERSAL	W000012843	W4235159203	1	1	1	1	OAQ000043178	OAE000009662	OAA000014094	In parenthesis	Jones, David	in parenthesis	jones david	david jones	2	2	False	True	ABSTRACT_ONLY	False	0	1	ACCEPT	In parenthesis	Jones, David	CALIBRATION	False
OA2PRODV1_6c6aed44165d4779	A2_AUTHOR_REVERSAL	W000012843	W4235450482	1	1	1	1	OAQ000043178	OAE000009662	OAA000014094	In parenthesis	Jones, David	in parenthesis	jones david	david jones	2	2	False	True	ABSTRACT_ONLY	False	0	1	ACCEPT	In parenthesis	Jones, David	CALIBRATION	False
OA2PRODV1_07cbd90f103b2daf	A2_AUTHOR_REVERSAL	W000012843	W4237937964	1	1	1	1	OAQ000043178	OAE000009662	OAA000014094	In parenthesis	Jones, David	in parenthesis	jones david	david jones	2	2	False	True	ABSTRACT_ONLY	False	0	1	ACCEPT	In parenthesis	Jones, David	CALIBRATION	False
OA2PRODV1_f654345d55047314	A2_AUTHOR_REVERSAL	W000012843	W4238895413	1	1	1	1	OAQ000043178	OAE000009662	OAA000014094	In parenthesis	Jones, David	in parenthesis	jones david	david jones	2	2	True	False	TITLE_ONLY	False	0	1	ACCEPT	In parenthesis	Jones, David	CALIBRATION	False
OA2PRODV1_7fac87143cb6dcbc	A2_AUTHOR_REVERSAL	W000012843	W4245030909	1	1	1	1	OAQ000043178	OAE000009662	OAA000014094	In parenthesis	Jones, David	in parenthesis	jones david	david jones	2	2	False	True	ABSTRACT_ONLY	False	0	1	ACCEPT	In parenthesis	Jones, David	CALIBRATION	False
OA2PRODV1_f9393633b546f578	A2_AUTHOR_REVERSAL	W000012843	W4245157565	1	1	1	1	OAQ000043178	OAE000009662	OAA000014094	In parenthesis	Jones, David	in parenthesis	jones david	david jones	2	2	False	True	ABSTRACT_ONLY	False	0	1	ACCEPT	In parenthesis	Jones, David	CALIBRATION	False
OA2PRODV1_5a72793b70cdf8dc	A2_AUTHOR_REVERSAL	W000012843	W4246211997	1	1	1	1	OAQ000043178	OAE000009662	OAA000014094	In parenthesis	Jones, David	in parenthesis	jones david	david jones	2	2	False	True	ABSTRACT_ONLY	False	0	1	ACCEPT	In parenthesis	Jones, David	CALIBRATION	False
OA2PRODV1_a6610d161cec507b	A2_AUTHOR_REVERSAL	W000012843	W4247260815	1	1	1	1	OAQ000043178	OAE000009662	OAA000014094	In parenthesis	Jones, David	in parenthesis	jones david	david jones	2	2	False	True	ABSTRACT_ONLY	False	0	1	ACCEPT	In parenthesis	Jones, David	CALIBRATION	False
OA2PRODV1_5009d0444bbcef73	A2_AUTHOR_REVERSAL	W000012843	W4248812553	1	1	1	1	OAQ000043178	OAE000009662	OAA000014094	In parenthesis	Jones, David	in parenthesis	jones david	david jones	2	2	False	True	ABSTRACT_ONLY	False	0	1	ACCEPT	In parenthesis	Jones, David	CALIBRATION	False
OA2PRODV1_a5b98c6e1680bbf2	A2_AUTHOR_REVERSAL	W000012843	W4251618022	1	1	1	1	OAQ000043178	OAE000009662	OAA000014094	In parenthesis	Jones, David	in parenthesis	jones david	david jones	2	2	False	True	ABSTRACT_ONLY	False	0	1	ACCEPT	In parenthesis	Jones, David	CALIBRATION	False
OA2PRODV1_622754bbec296289	A2_AUTHOR_REVERSAL	W000012843	W4253680925	1	1	1	1	OAQ000043178	OAE000009662	OAA000014094	In parenthesis	Jones, David	in parenthesis	jones david	david jones	2	2	False	True	ABSTRACT_ONLY	False	0	1	ACCEPT	In parenthesis	Jones, David	CALIBRATION	False
OA2PRODV1_c3ea48af21f1ce10	A2_AUTHOR_REVERSAL	W000012843	W4253847428	1	1	1	1	OAQ000043178	OAE000009662	OAA000014094	In parenthesis	Jones, David	in parenthesis	jones david	david jones	2	2	False	True	ABSTRACT_ONLY	False	0	1	ACCEPT	In parenthesis	Jones, David	CALIBRATION	False
OA2PRODV1_1c7dd1ef4f1a21e0	A2_AUTHOR_REVERSAL	W000012843	W4317000307	1	1	1	1	OAQ000043178	OAE000009662	OAA000014094	In parenthesis	Jones, David	in parenthesis	jones david	david jones	2	2	False	True	ABSTRACT_ONLY	False	0	1	ACCEPT	In parenthesis	Jones, David	CALIBRATION	False
OA2PRODV1_18c18894fe62f293	A2_AUTHOR_REVERSAL	W000012843	W4362730171	1	1	1	1	OAQ000043178	OAE000009662	OAA000014094	In parenthesis	Jones, David	in parenthesis	jones david	david jones	2	2	False	True	ABSTRACT_ONLY	False	0	1	ACCEPT	In parenthesis	Jones, David	CALIBRATION	False
OA2PRODV1_062947258de95bda	A2_AUTHOR_REVERSAL	W000012843	W4367179146	1	1	1	1	OAQ000043178	OAE000009662	OAA000014094	In parenthesis	Jones, David	in parenthesis	jones david	david jones	2	2	False	True	ABSTRACT_ONLY	False	0	1	ACCEPT	In parenthesis	Jones, David	CALIBRATION	False
OA2PRODV1_359a91a18761715b	A2_AUTHOR_REVERSAL	W000012843	W4377240828	1	1	1	1	OAQ000043178	OAE000009662	OAA000014094	In parenthesis	Jones, David	in parenthesis	jones david	david jones	2	2	False	True	ABSTRACT_ONLY	False	0	1	ACCEPT	In parenthesis	Jones, David	CALIBRATION	False
OA2PRODV1_4fdcc61069502ac8	A2_AUTHOR_REVERSAL	W000012843	W4386904156	1	1	1	1	OAQ000043178	OAE000009662	OAA000014094	In parenthesis	Jones, David	in parenthesis	jones david	david jones	2	2	False	True	ABSTRACT_ONLY	False	0	1	ACCEPT	In parenthesis	Jones, David	CALIBRATION	False
OA2PRODV1_11e78fc715e45da6	A2_AUTHOR_REVERSAL	W000012843	W4388090720	1	1	1	1	OAQ000043178	OAE000009662	OAA000014094	In parenthesis	Jones, David	in parenthesis	jones david	david jones	2	2	False	True	ABSTRACT_ONLY	False	0	1	ACCEPT	In parenthesis	Jones, David	CALIBRATION	False
OA2PRODV1_f65867483176c1d0	A2_AUTHOR_REVERSAL	W000012843	W4388370243	1	1	1	1	OAQ000043178	OAE000009662	OAA000014094	In parenthesis	Jones, David	in parenthesis	jones david	david jones	2	2	False	True	ABSTRACT_ONLY	False	0	1	ACCEPT	In parenthesis	Jones, David	CALIBRATION	False
OA2PRODV1_bdce897e11fda0f3	A2_AUTHOR_REVERSAL	W000012843	W4393953872	1	1	1	1	OAQ000043178	OAE000009662	OAA000014094	In parenthesis	Jones, David	in parenthesis	jones david	david jones	2	2	False	True	ABSTRACT_ONLY	False	0	1	ACCEPT	In parenthesis	Jones, David	CALIBRATION	False
OA2PRODV1_bfc84c83fb429a4c	A2_AUTHOR_REVERSAL	W000012843	W4396858177	1	1	1	1	OAQ000043178	OAE000009662	OAA000014094	In parenthesis	Jones, David	in parenthesis	jones david	david jones	2	2	False	True	ABSTRACT_ONLY	False	0	1	ACCEPT	In parenthesis	Jones, David	CALIBRATION	False
OA2PRODV1_f7590bd719464e2d	A2_AUTHOR_REVERSAL	W000012843	W4399826689	1	1	1	1	OAQ000043178	OAE000009662	OAA000014094	In parenthesis	Jones, David	in parenthesis	jones david	david jones	2	2	False	True	ABSTRACT_ONLY	False	0	1	ACCEPT	In parenthesis	Jones, David	CALIBRATION	False
OA2PRODV1_3cacbc489f8f2e63	A2_AUTHOR_REVERSAL	W000012843	W4402617264	1	1	1	1	OAQ000043178	OAE000009662	OAA000014094	In parenthesis	Jones, David	in parenthesis	jones david	david jones	2	2	False	True	ABSTRACT_ONLY	False	0	1	ACCEPT	In parenthesis	Jones, David	CALIBRATION	False
OA2PRODV1_4427e486ba9f2859	A2_AUTHOR_REVERSAL	W000012843	W4407377409	1	1	1	1	OAQ000043178	OAE000009662	OAA000014094	In parenthesis	Jones, David	in parenthesis	jones david	david jones	2	2	True	False	TITLE_ONLY	False	0	1	ACCEPT	In parenthesis	Jones, David	CALIBRATION	False
OA2PRODV1_0f793ad83d61e3fb	A2_AUTHOR_REVERSAL	W000012843	W4409211665	1	1	1	1	OAQ000043178	OAE000009662	OAA000014094	In parenthesis	Jones, David	in parenthesis	jones david	david jones	2	2	True	True	TITLE_AND_ABSTRACT	False	0	1	ACCEPT	In parenthesis	Jones, David	CALIBRATION	False
OA2PRODV1_c7a4e0887df9c23d	A2_AUTHOR_REVERSAL	W000012843	W563935931	1	1	1	1	OAQ000043178	OAE000009662	OAA000014094	In parenthesis	Jones, David	in parenthesis	jones david	david jones	2	2	True	True	TITLE_AND_ABSTRACT	False	0	1	ACCEPT	In parenthesis	Jones, David	CALIBRATION	False
OA2PRODV1_dd71c493596395ad	A2_AUTHOR_REVERSAL	W000012843	W586185495	1	1	1	1	OAQ000043178	OAE000009662	OAA000014094	In parenthesis	Jones, David	in parenthesis	jones david	david jones	2	2	True	False	TITLE_ONLY	False	0	1	ACCEPT	In parenthesis	Jones, David	CALIBRATION	False
OA2PRODV1_9a3a108642478e05	A2_AUTHOR_REVERSAL	W000012843	W612325248	1	1	1	1	OAQ000043178	OAE000009662	OAA000014094	In parenthesis	Jones, David	in parenthesis	jones david	david jones	2	2	False	True	ABSTRACT_ONLY	False	0	1	ACCEPT	In parenthesis	Jones, David	CALIBRATION	False
OA2PRODV1_f7ffa7fe2f00b87c	A2_AUTHOR_REVERSAL	W000012843	W612696670	1	1	1	1	OAQ000043178	OAE000009662	OAA000014094	In parenthesis	Jones, David	in parenthesis	jones david	david jones	2	2	False	True	ABSTRACT_ONLY	False	0	1	ACCEPT	In parenthesis	Jones, David	CALIBRATION	False
OA2PRODV1_76e973b2d31f9d5c	A2_AUTHOR_REVERSAL	W000012843	W6889088020	1	1	1	1	OAQ000043178	OAE000009662	OAA000014094	In parenthesis	Jones, David	in parenthesis	jones david	david jones	2	2	False	True	ABSTRACT_ONLY	False	0	1	ACCEPT	In parenthesis	Jones, David	CALIBRATION	False
OA2PRODV1_e577f47c06139523	A2_AUTHOR_REVERSAL	W000012843	W6889104806	1	1	1	1	OAQ000043178	OAE000009662	OAA000014094	In parenthesis	Jones, David	in parenthesis	jones david	david jones	2	2	True	True	TITLE_AND_ABSTRACT	False	0	1	ACCEPT	In parenthesis	Jones, David	CALIBRATION	False
OA2PRODV1_0eade024deae23b4	A2_AUTHOR_REVERSAL	W000012843	W6889142191	1	1	1	1	OAQ000043178	OAE000009662	OAA000014094	In parenthesis	Jones, David	in parenthesis	jones david	david jones	2	2	True	True	TITLE_AND_ABSTRACT	False	0	1	ACCEPT	In parenthesis	Jones, David	CALIBRATION	False
OA2PRODV1_8a514eaca45b9481	A2_AUTHOR_REVERSAL	W000012843	W6889159721	1	1	1	1	OAQ000043178	OAE000009662	OAA000014094	In parenthesis	Jones, David	in parenthesis	jones david	david jones	2	2	True	True	TITLE_AND_ABSTRACT	False	0	1	ACCEPT	In parenthesis	Jones, David	CALIBRATION	False
OA2PRODV1_e64a473f89229c7c	A2_AUTHOR_REVERSAL	W000012843	W6889185096	1	1	1	1	OAQ000043178	OAE000009662	OAA000014094	In parenthesis	Jones, David	in parenthesis	jones david	david jones	2	2	False	True	ABSTRACT_ONLY	False	0	1	ACCEPT	In parenthesis	Jones, David	CALIBRATION	False
OA2PRODV1_bb9cc95f440c5816	A2_AUTHOR_REVERSAL	W000012843	W6889196012	1	1	1	1	OAQ000043178	OAE000009662	OAA000014094	In parenthesis	Jones, David	in parenthesis	jones david	david jones	2	2	False	True	ABSTRACT_ONLY	False	0	1	ACCEPT	In parenthesis	Jones, David	CALIBRATION	False
OA2PRODV1_402d576ca113a68b	A2_AUTHOR_REVERSAL	W000012843	W6889224921	1	1	1	1	OAQ000043178	OAE000009662	OAA000014094	In parenthesis	Jones, David	in parenthesis	jones david	david jones	2	2	True	True	TITLE_AND_ABSTRACT	False	0	1	ACCEPT	In parenthesis	Jones, David	CALIBRATION	False
OA2PRODV1_1c9570528a53b793	A2_AUTHOR_REVERSAL	W000012843	W6889227255	1	1	1	1	OAQ000043178	OAE000009662	OAA000014094	In parenthesis	Jones, David	in parenthesis	jones david	david jones	2	2	True	True	TITLE_AND_ABSTRACT	False	0	1	ACCEPT	In parenthesis	Jones, David	CALIBRATION	False
OA2PRODV1_2a57d043acf4b808	A2_AUTHOR_REVERSAL	W000012843	W6889229793	1	1	1	1	OAQ000043178	OAE000009662	OAA000014094	In parenthesis	Jones, David	in parenthesis	jones david	david jones	2	2	True	True	TITLE_AND_ABSTRACT	False	0	1	ACCEPT	In parenthesis	Jones, David	CALIBRATION	False
OA2PRODV1_9243af873e0ef0e8	A2_AUTHOR_REVERSAL	W000012843	W6889254183	1	1	1	1	OAQ000043178	OAE000009662	OAA000014094	In parenthesis	Jones, David	in parenthesis	jones david	david jones	2	2	False	True	ABSTRACT_ONLY	False	0	1	ACCEPT	In parenthesis	Jones, David	CALIBRATION	False
OA2PRODV1_370040ba35a6de4e	A2_AUTHOR_REVERSAL	W000012843	W6889255478	1	1	1	1	OAQ000043178	OAE000009662	OAA000014094	In parenthesis	Jones, David	in parenthesis	jones david	david jones	2	2	True	True	TITLE_AND_ABSTRACT	False	0	1	ACCEPT	In parenthesis	Jones, David	CALIBRATION	False
OA2PRODV1_8343e33c2fed6555	A2_AUTHOR_REVERSAL	W000012843	W6907786910	1	1	1	1	OAQ000043178	OAE000009662	OAA000014094	In parenthesis	Jones, David	in parenthesis	jones david	david jones	2	2	True	True	TITLE_AND_ABSTRACT	False	0	1	ACCEPT	In parenthesis	Jones, David	CALIBRATION	False
OA2PRODV1_7e4bd53ff5d6c433	A2_AUTHOR_REVERSAL	W000012843	W6907814390	1	1	1	1	OAQ000043178	OAE000009662	OAA000014094	In parenthesis	Jones, David	in parenthesis	jones david	david jones	2	2	False	True	ABSTRACT_ONLY	False	0	1	ACCEPT	In parenthesis	Jones, David	CALIBRATION	False
OA2PRODV1_5d70f8c2507d4a46	A2_AUTHOR_REVERSAL	W000012843	W6907817927	1	1	1	1	OAQ000043178	OAE000009662	OAA000014094	In parenthesis	Jones, David	in parenthesis	jones david	david jones	2	2	True	True	TITLE_AND_ABSTRACT	False	0	1	ACCEPT	In parenthesis	Jones, David	CALIBRATION	False
OA2PRODV1_c68797254b436515	A2_AUTHOR_REVERSAL	W000012843	W6907828753	1	1	1	1	OAQ000043178	OAE000009662	OAA000014094	In parenthesis	Jones, David	in parenthesis	jones david	david jones	2	2	True	True	TITLE_AND_ABSTRACT	False	0	1	ACCEPT	In parenthesis	Jones, David	CALIBRATION	False
OA2PRODV1_582451dbf2bd929a	A2_AUTHOR_REVERSAL	W000012843	W6907877212	1	1	1	1	OAQ000043178	OAE000009662	OAA000014094	In parenthesis	Jones, David	in parenthesis	jones david	david jones	2	2	True	True	TITLE_AND_ABSTRACT	False	0	1	ACCEPT	In parenthesis	Jones, David	CALIBRATION	False
OA2PRODV1_229dfbefa7c764df	A2_AUTHOR_REVERSAL	W000012843	W6907882489	1	1	1	1	OAQ000043178	OAE000009662	OAA000014094	In parenthesis	Jones, David	in parenthesis	jones david	david jones	2	2	True	True	TITLE_AND_ABSTRACT	False	0	1	ACCEPT	In parenthesis	Jones, David	CALIBRATION	False
OA2PRODV1_84226853f097da6b	A2_AUTHOR_REVERSAL	W000012843	W6907887457	1	1	1	1	OAQ000043178	OAE000009662	OAA000014094	In parenthesis	Jones, David	in parenthesis	jones david	david jones	2	2	True	True	TITLE_AND_ABSTRACT	False	0	1	ACCEPT	In parenthesis	Jones, David	CALIBRATION	False
OA2PRODV1_f712c77ef7e66725	A2_AUTHOR_REVERSAL	W000012843	W6907896685	1	1	1	1	OAQ000043178	OAE000009662	OAA000014094	In parenthesis	Jones, David	in parenthesis	jones david	david jones	2	2	True	False	TITLE_ONLY	False	0	1	ACCEPT	In parenthesis	Jones, David	CALIBRATION	False
OA2PRODV1_58c8a96aaf8e4b1a	A2_AUTHOR_REVERSAL	W000012843	W6907924895	1	1	1	1	OAQ000043178	OAE000009662	OAA000014094	In parenthesis	Jones, David	in parenthesis	jones david	david jones	2	2	False	True	ABSTRACT_ONLY	False	0	1	ACCEPT	In parenthesis	Jones, David	CALIBRATION	False
OA2PRODV1_8b3cde2c4e4ef21e	A2_AUTHOR_REVERSAL	W000012843	W6907993650	1	1	1	1	OAQ000043178	OAE000009662	OAA000014094	In parenthesis	Jones, David	in parenthesis	jones david	david jones	2	2	True	True	TITLE_AND_ABSTRACT	False	0	1	ACCEPT	In parenthesis	Jones, David	CALIBRATION	False
OA2PRODV1_8ef61052e563d3f6	A2_AUTHOR_REVERSAL	W000012843	W6907997126	1	1	1	1	OAQ000043178	OAE000009662	OAA000014094	In parenthesis	Jones, David	in parenthesis	jones david	david jones	2	2	True	True	TITLE_AND_ABSTRACT	False	0	1	ACCEPT	In parenthesis	Jones, David	CALIBRATION	False
OA2PRODV1_1cb591eaca512e8c	A2_AUTHOR_REVERSAL	W000012843	W6908042824	1	1	1	1	OAQ000043178	OAE000009662	OAA000014094	In parenthesis	Jones, David	in parenthesis	jones david	david jones	2	2	True	True	TITLE_AND_ABSTRACT	False	0	1	ACCEPT	In parenthesis	Jones, David	CALIBRATION	False
OA2PRODV1_3aecf0482ccca4ae	A2_AUTHOR_REVERSAL	W000012843	W6908054632	1	1	1	1	OAQ000043178	OAE000009662	OAA000014094	In parenthesis	Jones, David	in parenthesis	jones david	david jones	2	2	True	True	TITLE_AND_ABSTRACT	False	0	1	ACCEPT	In parenthesis	Jones, David	CALIBRATION	False
OA2PRODV1_82443ae9cf7b1e22	A2_AUTHOR_REVERSAL	W000012843	W6908103011	1	1	1	1	OAQ000043178	OAE000009662	OAA000014094	In parenthesis	Jones, David	in parenthesis	jones david	david jones	2	2	True	True	TITLE_AND_ABSTRACT	False	0	1	ACCEPT	In parenthesis	Jones, David	CALIBRATION	False
OA2PRODV1_21d4438c7e29f04a	A2_AUTHOR_REVERSAL	W000012843	W6908111930	1	1	1	1	OAQ000043178	OAE000009662	OAA000014094	In parenthesis	Jones, David	in parenthesis	jones david	david jones	2	2	True	True	TITLE_AND_ABSTRACT	False	0	1	ACCEPT	In parenthesis	Jones, David	CALIBRATION	False
OA2PRODV1_18916e472df8916a	A2_AUTHOR_REVERSAL	W000012843	W6908125915	1	1	1	1	OAQ000043178	OAE000009662	OAA000014094	In parenthesis	Jones, David	in parenthesis	jones david	david jones	2	2	False	True	ABSTRACT_ONLY	False	0	1	ACCEPT	In parenthesis	Jones, David	CALIBRATION	False
OA2PRODV1_bc011007f9fcbace	A2_AUTHOR_REVERSAL	W000012843	W6908295162	1	1	1	1	OAQ000043178	OAE000009662	OAA000014094	In parenthesis	Jones, David	in parenthesis	jones david	david jones	2	2	True	True	TITLE_AND_ABSTRACT	False	0	1	ACCEPT	In parenthesis	Jones, David	CALIBRATION	False
OA2PRODV1_447899fd034ab037	A2_AUTHOR_REVERSAL	W000012843	W6926580408	1	1	1	1	OAQ000043178	OAE000009662	OAA000014094	In parenthesis	Jones, David	in parenthesis	jones david	david jones	2	2	True	True	TITLE_AND_ABSTRACT	False	0	1	ACCEPT	In parenthesis	Jones, David	CALIBRATION	False
OA2PRODV1_808816185f07a09a	A2_AUTHOR_REVERSAL	W000012843	W6926659272	1	1	1	1	OAQ000043178	OAE000009662	OAA000014094	In parenthesis	Jones, David	in parenthesis	jones david	david jones	2	2	True	True	TITLE_AND_ABSTRACT	False	0	1	ACCEPT	In parenthesis	Jones, David	CALIBRATION	False
OA2PRODV1_cd4ffbf31604dcd8	A2_AUTHOR_REVERSAL	W000012843	W6926898598	1	1	1	1	OAQ000043178	OAE000009662	OAA000014094	In parenthesis	Jones, David	in parenthesis	jones david	david jones	2	2	False	True	ABSTRACT_ONLY	False	0	1	ACCEPT	In parenthesis	Jones, David	CALIBRATION	False
OA2PRODV1_8083de58b165f611	A2_AUTHOR_REVERSAL	W000012843	W6926914080	1	1	1	1	OAQ000043178	OAE000009662	OAA000014094	In parenthesis	Jones, David	in parenthesis	jones david	david jones	2	2	True	True	TITLE_AND_ABSTRACT	False	0	1	ACCEPT	In parenthesis	Jones, David	CALIBRATION	False
OA2PRODV1_e65fff405e31c611	A2_AUTHOR_REVERSAL	W000012843	W6940272020	1	1	1	1	OAQ000043178	OAE000009662	OAA000014094	In parenthesis	Jones, David	in parenthesis	jones david	david jones	2	2	False	True	ABSTRACT_ONLY	False	0	1	ACCEPT	In parenthesis	Jones, David	CALIBRATION	False
OA2PRODV1_c24e894559ecf155	A2_AUTHOR_REVERSAL	W000012843	W6941234214	1	1	1	1	OAQ000043178	OAE000009662	OAA000014094	In parenthesis	Jones, David	in parenthesis	jones david	david jones	2	2	False	True	ABSTRACT_ONLY	False	0	1	ACCEPT	In parenthesis	Jones, David	CALIBRATION	False
OA2PRODV1_1f800ff31b50a1b8	A2_AUTHOR_REVERSAL	W000012843	W6944441238	1	1	1	1	OAQ000043178	OAE000009662	OAA000014094	In parenthesis	Jones, David	in parenthesis	jones david	david jones	2	2	False	True	ABSTRACT_ONLY	False	0	1	ACCEPT	In parenthesis	Jones, David	CALIBRATION	False
OA2PRODV1_fbcccb7f475fb066	A2_AUTHOR_REVERSAL	W000012843	W6944983295	1	1	1	1	OAQ000043178	OAE000009662	OAA000014094	In parenthesis	Jones, David	in parenthesis	jones david	david jones	2	2	False	True	ABSTRACT_ONLY	False	0	1	ACCEPT	In parenthesis	Jones, David	CALIBRATION	False
OA2PRODV1_0db1ed7f5a2c8284	A2_AUTHOR_REVERSAL	W000012843	W6945038752	1	1	1	1	OAQ000043178	OAE000009662	OAA000014094	In parenthesis	Jones, David	in parenthesis	jones david	david jones	2	2	False	True	ABSTRACT_ONLY	False	0	1	ACCEPT	In parenthesis	Jones, David	CALIBRATION	False
OA2PRODV1_d6febf0305ca0bd8	A2_AUTHOR_REVERSAL	W000012843	W6945215118	1	1	1	1	OAQ000043178	OAE000009662	OAA000014094	In parenthesis	Jones, David	in parenthesis	jones david	david jones	2	2	True	True	TITLE_AND_ABSTRACT	False	0	1	ACCEPT	In parenthesis	Jones, David	CALIBRATION	False
OA2PRODV1_2410e9cb1ce0abd9	A2_AUTHOR_REVERSAL	W000012843	W6945307612	1	1	1	1	OAQ000043178	OAE000009662	OAA000014094	In parenthesis	Jones, David	in parenthesis	jones david	david jones	2	2	False	True	ABSTRACT_ONLY	False	0	1	ACCEPT	In parenthesis	Jones, David	CALIBRATION	False
OA2PRODV1_5a69f6e5a75e3973	A2_AUTHOR_REVERSAL	W000012843	W6945394665	1	1	1	1	OAQ000043178	OAE000009662	OAA000014094	In parenthesis	Jones, David	in parenthesis	jones david	david jones	2	2	True	True	TITLE_AND_ABSTRACT	False	0	1	ACCEPT	In parenthesis	Jones, David	CALIBRATION	False
OA2PRODV1_0007a0d71ce75581	A2_AUTHOR_REVERSAL	W000012843	W6945420221	1	1	1	1	OAQ000043178	OAE000009662	OAA000014094	In parenthesis	Jones, David	in parenthesis	jones david	david jones	2	2	True	False	TITLE_ONLY	False	0	1	ACCEPT	In parenthesis	Jones, David	CALIBRATION	False
OA2PRODV1_2d7bbe9ef108c843	A2_AUTHOR_REVERSAL	W000012843	W6945490753	1	1	1	1	OAQ000043178	OAE000009662	OAA000014094	In parenthesis	Jones, David	in parenthesis	jones david	david jones	2	2	True	True	TITLE_AND_ABSTRACT	False	0	1	ACCEPT	In parenthesis	Jones, David	CALIBRATION	False
OA2PRODV1_329d4651ffdf1c15	A2_AUTHOR_REVERSAL	W000012843	W6945506143	1	1	1	1	OAQ000043178	OAE000009662	OAA000014094	In parenthesis	Jones, David	in parenthesis	jones david	david jones	2	2	True	True	TITLE_AND_ABSTRACT	False	0	1	ACCEPT	In parenthesis	Jones, David	CALIBRATION	False
OA2PRODV1_853e653dd30b8eb2	A2_AUTHOR_REVERSAL	W000012843	W6945552407	1	1	1	1	OAQ000043178	OAE000009662	OAA000014094	In parenthesis	Jones, David	in parenthesis	jones david	david jones	2	2	True	True	TITLE_AND_ABSTRACT	False	0	1	ACCEPT	In parenthesis	Jones, David	CALIBRATION	False
OA2PRODV1_7b2cee3bb1269aa7	A2_AUTHOR_REVERSAL	W000012843	W6945573734	1	1	1	1	OAQ000043178	OAE000009662	OAA000014094	In parenthesis	Jones, David	in parenthesis	jones david	david jones	2	2	False	True	ABSTRACT_ONLY	False	0	1	ACCEPT	In parenthesis	Jones, David	CALIBRATION	False
OA2PRODV1_edbd2752c373a621	A2_AUTHOR_REVERSAL	W000012843	W6945587181	1	1	1	1	OAQ000043178	OAE000009662	OAA000014094	In parenthesis	Jones, David	in parenthesis	jones david	david jones	2	2	False	True	ABSTRACT_ONLY	False	0	1	ACCEPT	In parenthesis	Jones, David	CALIBRATION	False
OA2PRODV1_b5d72eae7ea97cce	A2_AUTHOR_REVERSAL	W000012843	W6945587885	1	1	1	1	OAQ000043178	OAE000009662	OAA000014094	In parenthesis	Jones, David	in parenthesis	jones david	david jones	2	2	True	True	TITLE_AND_ABSTRACT	False	0	1	ACCEPT	In parenthesis	Jones, David	CALIBRATION	False
OA2PRODV1_d6aee0aafe5e6ffe	A2_AUTHOR_REVERSAL	W000012843	W6945592150	1	1	1	1	OAQ000043178	OAE000009662	OAA000014094	In parenthesis	Jones, David	in parenthesis	jones david	david jones	2	2	True	True	TITLE_AND_ABSTRACT	False	0	1	ACCEPT	In parenthesis	Jones, David	CALIBRATION	False
OA2PRODV1_aa5ae2c8f7e82141	A2_AUTHOR_REVERSAL	W000012843	W6945630519	1	1	1	1	OAQ000043178	OAE000009662	OAA000014094	In parenthesis	Jones, David	in parenthesis	jones david	david jones	2	2	True	True	TITLE_AND_ABSTRACT	False	0	1	ACCEPT	In parenthesis	Jones, David	CALIBRATION	False
OA2PRODV1_3d758d628c82a0c0	A2_AUTHOR_REVERSAL	W000012843	W6962805597	1	1	1	1	OAQ000043178	OAE000009662	OAA000014094	In parenthesis	Jones, David	in parenthesis	jones david	david jones	2	2	False	True	ABSTRACT_ONLY	False	0	1	ACCEPT	In parenthesis	Jones, David	CALIBRATION	False
OA2PRODV1_26988be6fd601186	A2_AUTHOR_REVERSAL	W000012843	W6963880777	1	1	1	1	OAQ000043178	OAE000009662	OAA000014094	In parenthesis	Jones, David	in parenthesis	jones david	david jones	2	2	False	True	ABSTRACT_ONLY	False	0	1	ACCEPT	In parenthesis	Jones, David	CALIBRATION	False
OA2PRODV1_ecbc9ec93ab11cbd	A2_AUTHOR_REVERSAL	W000012843	W6964062061	1	1	1	1	OAQ000043178	OAE000009662	OAA000014094	In parenthesis	Jones, David	in parenthesis	jones david	david jones	2	2	True	True	TITLE_AND_ABSTRACT	False	0	1	ACCEPT	In parenthesis	Jones, David	CALIBRATION	False
OA2PRODV1_a95796b191dae3ed	A2_AUTHOR_REVERSAL	W000012843	W6964070957	1	1	1	1	OAQ000043178	OAE000009662	OAA000014094	In parenthesis	Jones, David	in parenthesis	jones david	david jones	2	2	False	True	ABSTRACT_ONLY	False	0	1	ACCEPT	In parenthesis	Jones, David	CALIBRATION	False
OA2PRODV1_08ba671af46d5d2f	A2_AUTHOR_REVERSAL	W000012843	W6964079590	1	1	1	1	OAQ000043178	OAE000009662	OAA000014094	In parenthesis	Jones, David	in parenthesis	jones david	david jones	2	2	False	True	ABSTRACT_ONLY	False	0	1	ACCEPT	In parenthesis	Jones, David	CALIBRATION	False
OA2PRODV1_135be0aae5603ddb	A2_AUTHOR_REVERSAL	W000012843	W6964087938	1	1	1	1	OAQ000043178	OAE000009662	OAA000014094	In parenthesis	Jones, David	in parenthesis	jones david	david jones	2	2	True	True	TITLE_AND_ABSTRACT	False	0	1	ACCEPT	In parenthesis	Jones, David	CALIBRATION	False
OA2PRODV1_156c265bc1f49bb8	A2_AUTHOR_REVERSAL	W000012843	W6964142637	1	1	1	1	OAQ000043178	OAE000009662	OAA000014094	In parenthesis	Jones, David	in parenthesis	jones david	david jones	2	2	True	True	TITLE_AND_ABSTRACT	False	0	1	ACCEPT	In parenthesis	Jones, David	CALIBRATION	False
OA2PRODV1_eded6607c97c7316	A2_AUTHOR_REVERSAL	W000012843	W6964181424	1	1	1	1	OAQ000043178	OAE000009662	OAA000014094	In parenthesis	Jones, David	in parenthesis	jones david	david jones	2	2	True	True	TITLE_AND_ABSTRACT	False	0	1	ACCEPT	In parenthesis	Jones, David	CALIBRATION	False
OA2PRODV1_3c9fbad6310d6312	A2_AUTHOR_REVERSAL	W000012843	W6964187013	1	1	1	1	OAQ000043178	OAE000009662	OAA000014094	In parenthesis	Jones, David	in parenthesis	jones david	david jones	2	2	True	True	TITLE_AND_ABSTRACT	False	0	1	ACCEPT	In parenthesis	Jones, David	CALIBRATION	False
OA2PRODV1_ee350a1b406263f4	A2_AUTHOR_REVERSAL	W000012843	W6964260646	1	1	1	1	OAQ000043178	OAE000009662	OAA000014094	In parenthesis	Jones, David	in parenthesis	jones david	david jones	2	2	True	True	TITLE_AND_ABSTRACT	False	0	1	ACCEPT	In parenthesis	Jones, David	CALIBRATION	False
OA2PRODV1_f161d582efcd6eea	A2_AUTHOR_REVERSAL	W000012843	W6964275712	1	1	1	1	OAQ000043178	OAE000009662	OAA000014094	In parenthesis	Jones, David	in parenthesis	jones david	david jones	2	2	False	True	ABSTRACT_ONLY	False	0	1	ACCEPT	In parenthesis	Jones, David	CALIBRATION	False
OA2PRODV1_c2e7351b66afd0f4	A2_AUTHOR_REVERSAL	W000012843	W6964300943	1	1	1	1	OAQ000043178	OAE000009662	OAA000014094	In parenthesis	Jones, David	in parenthesis	jones david	david jones	2	2	True	True	TITLE_AND_ABSTRACT	False	0	1	ACCEPT	In parenthesis	Jones, David	CALIBRATION	False
OA2PRODV1_f1660aebae5d5ff6	A2_AUTHOR_REVERSAL	W000012843	W6964314826	1	1	1	1	OAQ000043178	OAE000009662	OAA000014094	In parenthesis	Jones, David	in parenthesis	jones david	david jones	2	2	False	True	ABSTRACT_ONLY	False	0	1	ACCEPT	In parenthesis	Jones, David	CALIBRATION	False
OA2PRODV1_28134dd8cd2e089d	A2_AUTHOR_REVERSAL	W000012843	W6964376592	1	1	1	1	OAQ000043178	OAE000009662	OAA000014094	In parenthesis	Jones, David	in parenthesis	jones david	david jones	2	2	True	True	TITLE_AND_ABSTRACT	False	0	1	ACCEPT	In parenthesis	Jones, David	CALIBRATION	False
OA2PRODV1_4285f0fccfeed07a	A2_AUTHOR_REVERSAL	W000012843	W6964398347	1	1	1	1	OAQ000043178	OAE000009662	OAA000014094	In parenthesis	Jones, David	in parenthesis	jones david	david jones	2	2	True	True	TITLE_AND_ABSTRACT	False	0	1	ACCEPT	In parenthesis	Jones, David	CALIBRATION	False
OA2PRODV1_064c90899e003054	A2_AUTHOR_REVERSAL	W000012843	W6964504682	1	1	1	1	OAQ000043178	OAE000009662	OAA000014094	In parenthesis	Jones, David	in parenthesis	jones david	david jones	2	2	False	True	ABSTRACT_ONLY	False	0	1	ACCEPT	In parenthesis	Jones, David	CALIBRATION	False
OA2PRODV1_e747fdf838c186e5	A2_AUTHOR_REVERSAL	W000012843	W6989557717	1	1	1	1	OAQ000043178	OAE000009662	OAA000014094	In parenthesis	Jones, David	in parenthesis	jones david	david jones	2	2	False	True	ABSTRACT_ONLY	False	0	1	ACCEPT	In parenthesis	Jones, David	CALIBRATION	False
OA2PRODV1_71cae2bdfa86cab4	A2_AUTHOR_REVERSAL	W000012843	W6999627687	1	1	1	1	OAQ000043178	OAE000009662	OAA000014094	In parenthesis	Jones, David	in parenthesis	jones david	david jones	2	2	True	False	TITLE_ONLY	False	0	1	ACCEPT	In parenthesis	Jones, David	CALIBRATION	False
OA2PRODV1_2c3431dcce198366	A2_AUTHOR_REVERSAL	W000012843	W7000368954	1	1	1	1	OAQ000043178	OAE000009662	OAA000014094	In parenthesis	Jones, David	in parenthesis	jones david	david jones	2	2	False	True	ABSTRACT_ONLY	False	0	1	ACCEPT	In parenthesis	Jones, David	CALIBRATION	False
OA2PRODV1_0993645a4ac5a6ea	A2_AUTHOR_REVERSAL	W000012843	W7005956630	1	1	1	1	OAQ000043178	OAE000009662	OAA000014094	In parenthesis	Jones, David	in parenthesis	jones david	david jones	2	2	False	True	ABSTRACT_ONLY	False	0	1	ACCEPT	In parenthesis	Jones, David	CALIBRATION	False
OA2PRODV1_860012d92e6c5ac9	A2_AUTHOR_REVERSAL	W000012843	W7015165243	1	1	1	1	OAQ000043178	OAE000009662	OAA000014094	In parenthesis	Jones, David	in parenthesis	jones david	david jones	2	2	True	True	TITLE_AND_ABSTRACT	False	0	1	ACCEPT	In parenthesis	Jones, David	CALIBRATION	False
OA2PRODV1_e5a924f92b84108b	A2_AUTHOR_REVERSAL	W000012843	W7019257842	1	1	1	1	OAQ000043178	OAE000009662	OAA000014094	In parenthesis	Jones, David	in parenthesis	jones david	david jones	2	2	True	True	TITLE_AND_ABSTRACT	False	0	1	ACCEPT	In parenthesis	Jones, David	CALIBRATION	False
OA2PRODV1_f111f83bc2b11347	A2_AUTHOR_REVERSAL	W000012843	W7024566474	1	1	1	1	OAQ000043178	OAE000009662	OAA000014094	In parenthesis	Jones, David	in parenthesis	jones david	david jones	2	2	True	True	TITLE_AND_ABSTRACT	False	0	1	ACCEPT	In parenthesis	Jones, David	CALIBRATION	False
OA2PRODV1_339ee39a44f35e85	A2_AUTHOR_REVERSAL	W000012843	W7036035776	1	1	1	1	OAQ000043178	OAE000009662	OAA000014094	In parenthesis	Jones, David	in parenthesis	jones david	david jones	2	2	True	False	TITLE_ONLY	False	0	1	ACCEPT	In parenthesis	Jones, David	CALIBRATION	False
OA2PRODV1_b69e18c1a7b59d19	A2_AUTHOR_REVERSAL	W000012843	W7036417986	1	1	1	1	OAQ000043178	OAE000009662	OAA000014094	In parenthesis	Jones, David	in parenthesis	jones david	david jones	2	2	True	False	TITLE_ONLY	False	0	1	ACCEPT	In parenthesis	Jones, David	CALIBRATION	False
OA2PRODV1_7396819b2e37a92a	A2_AUTHOR_REVERSAL	W000012843	W7042219122	1	1	1	1	OAQ000043178	OAE000009662	OAA000014094	In parenthesis	Jones, David	in parenthesis	jones david	david jones	2	2	True	False	TITLE_ONLY	False	0	1	ACCEPT	In parenthesis	Jones, David	CALIBRATION	False
OA2PRODV1_1118fc3f62699c3e	A2_AUTHOR_REVERSAL	W000012843	W7043771975	1	1	1	1	OAQ000043178	OAE000009662	OAA000014094	In parenthesis	Jones, David	in parenthesis	jones david	david jones	2	2	False	True	ABSTRACT_ONLY	False	0	1	ACCEPT	In parenthesis	Jones, David	CALIBRATION	False
OA2PRODV1_18423a54f09f8a8c	A2_AUTHOR_REVERSAL	W000012843	W7110498490	1	1	1	1	OAQ000043178	OAE000009662	OAA000014094	In parenthesis	Jones, David	in parenthesis	jones david	david jones	2	2	True	False	TITLE_ONLY	False	0	1	ACCEPT	In parenthesis	Jones, David	CALIBRATION	False
OA2PRODV1_4fb91d1dcd205d80	A2_AUTHOR_REVERSAL	W000012843	W7146657238	1	1	1	1	OAQ000043178	OAE000009662	OAA000014094	In parenthesis	Jones, David	in parenthesis	jones david	david jones	2	2	True	False	TITLE_ONLY	False	0	1	ACCEPT	In parenthesis	Jones, David	CALIBRATION	False
OA2PRODV1_c07f1acb3065fd5d	A2_AUTHOR_REVERSAL	W000012843	W7164540410	1	1	1	1	OAQ000043178	OAE000009662	OAA000014094	In parenthesis	Jones, David	in parenthesis	jones david	david jones	2	2	False	True	ABSTRACT_ONLY	False	0	1	ACCEPT	In parenthesis	Jones, David	CALIBRATION	False
OA2PRODV1_39685af364a57f96	A2_AUTHOR_REVERSAL	W000012843	W7207328701	1	1	1	1	OAQ000043178	OAE000009662	OAA000014094	In parenthesis	Jones, David	in parenthesis	jones david	david jones	2	2	True	False	TITLE_ONLY	False	0	1	ACCEPT	In parenthesis	Jones, David	CALIBRATION	False
OA2PRODV1_70f92393a1ad1fec	A2_AUTHOR_REVERSAL	W000012843	W7208637175	1	1	1	1	OAQ000043178	OAE000009662	OAA000014094	In parenthesis	Jones, David	in parenthesis	jones david	david jones	2	2	True	False	TITLE_ONLY	False	0	1	ACCEPT	In parenthesis	Jones, David	CALIBRATION	False
OA2PRODV1_d88065fa0a766e8f	A2_AUTHOR_REVERSAL	W000012843	W7212139660	1	1	1	1	OAQ000043178	OAE000009662	OAA000014094	In parenthesis	Jones, David	in parenthesis	jones david	david jones	2	2	True	False	TITLE_ONLY	False	0	1	ACCEPT	In parenthesis	Jones, David	CALIBRATION	False
OA2PRODV1_9a3294b5ed3babac	A2_AUTHOR_REVERSAL	W000012843	W799198058	1	1	1	1	OAQ000043178	OAE000009662	OAA000014094	In parenthesis	Jones, David	in parenthesis	jones david	david jones	2	2	False	True	ABSTRACT_ONLY	False	0	1	ACCEPT	In parenthesis	Jones, David	CALIBRATION	False
OA2PRODV1_c1babff408d2d81e	A2_AUTHOR_REVERSAL	W000012843	W83519514	1	1	1	1	OAQ000043178	OAE000009662	OAA000014094	In parenthesis	Jones, David	in parenthesis	jones david	david jones	2	2	False	True	ABSTRACT_ONLY	False	0	1	ACCEPT	In parenthesis	Jones, David	CALIBRATION	False
OA2PRODV1_891f609f7848006f	A2_AUTHOR_REVERSAL	W000013001	W2496877538	1	1	1	1	OAQ000043652	OAE000030803	OAA000014292	Victorian novelists	Oliphant, James.	victorian novelists	oliphant james	james oliphant	2	2	False	True	ABSTRACT_ONLY	True	1	4	REVIEW	Victorian novelists	Oliphant, James.	CALIBRATION	False
OA2PRODV1_ebd11dc4c6c3e035	A2_AUTHOR_REVERSAL	W000013001	W4396806059	1	1	1	1	OAQ000043652	OAE000030803	OAA000014292	Victorian novelists	Oliphant, James.	victorian novelists	oliphant james	james oliphant	2	2	False	True	ABSTRACT_ONLY	True	1	4	REVIEW	Victorian novelists	Oliphant, James.	CALIBRATION	False
OA2PRODV1_4d131b588e74ca32	A2_AUTHOR_REVERSAL	W000013001	W611977949	1	1	1	1	OAQ000043652	OAE000030803	OAA000014292	Victorian novelists	Oliphant, James.	victorian novelists	oliphant james	james oliphant	2	2	False	True	ABSTRACT_ONLY	True	1	4	REVIEW	Victorian novelists	Oliphant, James.	CALIBRATION	False
OA2PRODV1_afd67948359dc457	A2_AUTHOR_REVERSAL	W000013782	W1995224492	1	1	1	1	OAQ000045995	OAE000030393	OAA000015173	Ulrick the Ready	O'Grady, Standish	ulrick the ready	o grady standish	standish o grady	3	3	False	True	ABSTRACT_ONLY	False	0	1	ACCEPT	Ulrick the Ready	O'Grady, Standish	CALIBRATION	False
OA2PRODV1_bbb04dff620015b2	A2_AUTHOR_REVERSAL	W000013782	W3115457350	1	1	1	1	OAQ000045995	OAE000030393	OAA000015173	Ulrick the Ready	O'Grady, Standish	ulrick the ready	o grady standish	standish o grady	3	3	True	True	TITLE_AND_ABSTRACT	False	0	1	ACCEPT	Ulrick the Ready	O'Grady, Standish	CALIBRATION	False
OA2PRODV1_db136ddf2a0e93e4	A2_AUTHOR_REVERSAL	W000022646	W4245986775	1	1	1	1	OAQ000072138	OAE000026954	OAA000025475	The seven who fled	Prokosch, Frederic	the seven who fled	prokosch frederic	frederic prokosch	4	4	False	True	ABSTRACT_ONLY	False	0	1	ACCEPT	The seven who fled	Prokosch, Frederic	CALIBRATION	False
OA2PRODV1_11072cf31bb06ddf	A2_AUTHOR_REVERSAL	W000023580	W2803617861	1	1	1	1	OAQ000074940	OAE000005029	OAA000026467	Companions of the left hand	Tabori, George	companions of the left hand	tabori george	george tabori	5	5	False	True	ABSTRACT_ONLY	False	0	1	ACCEPT	Companions of the left hand	Tabori, George	CALIBRATION	False
OA2PRODV1_d2e6454c2130bf6b	A2_AUTHOR_REVERSAL	W000024260	W4406868542	1	1	1	1	OAQ000076980	OAE000025631	OAA000027192	The Paris of the novelists	Maurice, Arthur Bartlett	the paris of the novelists	maurice arthur bartlett	arthur bartlett maurice	5	5	False	True	ABSTRACT_ONLY	False	0	1	ACCEPT	The Paris of the novelists	Maurice, Arthur Bartlett	CALIBRATION	False
OA2PRODV1_7b0109a9ce72de90	A2_AUTHOR_REVERSAL	W000025627	W4390141351	1	1	1	1	OAQ000081078	OAE000008818	OAA000028621	Helen Brent, M. D	Meyer, Annie Nathan	helen brent m d	meyer annie nathan	annie nathan meyer	4	4	False	True	ABSTRACT_ONLY	False	0	1	ACCEPT	Helen Brent, M. D	Meyer, Annie Nathan	CALIBRATION	False
OA2PRODV1_537c4a512b8ab4d0	A2_AUTHOR_REVERSAL	W000025627	W4391185727	1	1	1	1	OAQ000081078	OAE000008818	OAA000028621	Helen Brent, M. D	Meyer, Annie Nathan	helen brent m d	meyer annie nathan	annie nathan meyer	4	4	False	True	ABSTRACT_ONLY	False	0	1	ACCEPT	Helen Brent, M. D	Meyer, Annie Nathan	CALIBRATION	False
OA2PRODV1_1e4311100aab7715	A2_AUTHOR_REVERSAL	W000025627	W4399085658	1	1	1	1	OAQ000081078	OAE000008818	OAA000028621	Helen Brent, M. D	Meyer, Annie Nathan	helen brent m d	meyer annie nathan	annie nathan meyer	4	4	False	True	ABSTRACT_ONLY	False	0	1	ACCEPT	Helen Brent, M. D	Meyer, Annie Nathan	CALIBRATION	False
OA2PRODV1_9acdcb7a0aa86b05	A2_AUTHOR_REVERSAL	W000025627	W7165479123	1	1	1	1	OAQ000081078	OAE000008818	OAA000028621	Helen Brent, M. D	Meyer, Annie Nathan	helen brent m d	meyer annie nathan	annie nathan meyer	4	4	False	True	ABSTRACT_ONLY	False	0	1	ACCEPT	Helen Brent, M. D	Meyer, Annie Nathan	CALIBRATION	False
OA2PRODV1_9532b89ac4a0fd58	A2_AUTHOR_REVERSAL	W000027859	W2529047345	1	1	1	1	OAQ000087772	OAE000006705	OAA000030911	Emmy Lou	Martin, George Madden	emmy lou	martin george madden	george madden martin	2	2	False	True	ABSTRACT_ONLY	False	0	1	ACCEPT	Emmy Lou	Martin, George Madden	CALIBRATION	False
OA2PRODV1_63cde1dd3a47c0dd	A2_AUTHOR_REVERSAL	W000029053	W2761768916	1	1	1	1	OAQ000091354	OAE000000083	OAA000032113	"""Me--Smith"""	Lockhart, Caroline	me smith	lockhart caroline	caroline lockhart	2	2	False	True	ABSTRACT_ONLY	False	0	1	ACCEPT	"""Me--Smith"""	Lockhart, Caroline	CALIBRATION	False
OA2PRODV1_096faf688bf65125	A2_AUTHOR_REVERSAL	W000029053	W2764088370	1	1	1	1	OAQ000091354	OAE000000083	OAA000032113	"""Me--Smith"""	Lockhart, Caroline	me smith	lockhart caroline	caroline lockhart	2	2	False	True	ABSTRACT_ONLY	False	0	1	ACCEPT	"""Me--Smith"""	Lockhart, Caroline	CALIBRATION	False
OA2PRODV1_f16bec8e2596f8f1	A2_AUTHOR_REVERSAL	W000029053	W7023435768	1	1	1	1	OAQ000091354	OAE000000083	OAA000032113	"""Me--Smith"""	Lockhart, Caroline	me smith	lockhart caroline	caroline lockhart	2	2	False	True	ABSTRACT_ONLY	False	0	1	ACCEPT	"""Me--Smith"""	Lockhart, Caroline	CALIBRATION	False
OA2PRODV1_8c8541f75c1e2f5a	A2_AUTHOR_REVERSAL	W000029053	W98636580	1	1	1	1	OAQ000091354	OAE000000083	OAA000032113	"""Me--Smith"""	Lockhart, Caroline	me smith	lockhart caroline	caroline lockhart	2	2	False	True	ABSTRACT_ONLY	False	0	1	ACCEPT	"""Me--Smith"""	Lockhart, Caroline	CALIBRATION	False
OA2PRODV1_6dc7bfb280ac4f35	A2_AUTHOR_REVERSAL	W000030303	W4390754073	1	1	1	1	OAQ000095104	OAE000009957	OAA000033382	Ionia	Craig, Alexander	ionia	craig alexander	alexander craig	1	1	False	True	ABSTRACT_ONLY	False	0	1	REVIEW	Ionia	Craig, Alexander	CALIBRATION	False
OA2PRODV1_a820e31b7c38832a	A2_AUTHOR_REVERSAL	W000030687	W3210415795	1	1	1	1	OAQ000096251	OAE000016459	OAA000033822	Revenge	White, John	revenge	white john	john white	1	1	False	True	ABSTRACT_ONLY	True	1	4	REVIEW	Revenge	White, John	CALIBRATION	False
OA2PRODV1_5ab3cfea18a674b8	A2_AUTHOR_REVERSAL	W000031954	W2997028128	2	2	1	2	OAQ000101008 || OAQ000101009	OAE000011403	OAA000015734 || OAA000034043	Letters from a self-made merchant to his son	Lorimer, George Horace	letters from a self made merchant to his son	lorimer george horace	george horace lorimer	9	9	False	True	ABSTRACT_ONLY	False	0	1	ACCEPT	Letters from a self-made merchant to his son	Lorimer, George Horace	CALIBRATION	False
OA2PRODV1_139da912ad4f7c0b	A2_AUTHOR_REVERSAL	W000031954	W4408665078	2	2	1	2	OAQ000101008 || OAQ000101009	OAE000011403	OAA000015734 || OAA000034043	Letters from a self-made merchant to his son	Lorimer, George Horace	letters from a self made merchant to his son	lorimer george horace	george horace lorimer	9	9	False	True	ABSTRACT_ONLY	False	0	1	ACCEPT	Letters from a self-made merchant to his son	Lorimer, George Horace	CALIBRATION	False
OA2PRODV1_cca4fa27d46f267c	A2_AUTHOR_REVERSAL	W000031954	W4408692172	2	2	1	2	OAQ000101008 || OAQ000101009	OAE000011403	OAA000015734 || OAA000034043	Letters from a self-made merchant to his son	Lorimer, George Horace	letters from a self made merchant to his son	lorimer george horace	george horace lorimer	9	9	False	True	ABSTRACT_ONLY	False	0	1	ACCEPT	Letters from a self-made merchant to his son	Lorimer, George Horace	CALIBRATION	False
OA2PRODV1_52a23b2516e41b7f	A2_AUTHOR_REVERSAL	W000031954	W6886078409	2	2	1	2	OAQ000101008 || OAQ000101009	OAE000011403	OAA000015734 || OAA000034043	Letters from a self-made merchant to his son	Lorimer, George Horace	letters from a self made merchant to his son	lorimer george horace	george horace lorimer	9	9	False	True	ABSTRACT_ONLY	False	0	1	ACCEPT	Letters from a self-made merchant to his son	Lorimer, George Horace	CALIBRATION	False
OA2PRODV1_e4278a327f84d52e	A2_AUTHOR_REVERSAL	W000031954	W6961126813	2	2	1	2	OAQ000101008 || OAQ000101009	OAE000011403	OAA000015734 || OAA000034043	Letters from a self-made merchant to his son	Lorimer, George Horace	letters from a self made merchant to his son	lorimer george horace	george horace lorimer	9	9	False	True	ABSTRACT_ONLY	False	0	1	ACCEPT	Letters from a self-made merchant to his son	Lorimer, George Horace	CALIBRATION	False
OA2PRODV1_bb079e1259ad0302	A2_AUTHOR_REVERSAL	W000031954	W7101049089	2	2	1	2	OAQ000101008 || OAQ000101009	OAE000011403	OAA000015734 || OAA000034043	Letters from a self-made merchant to his son	Lorimer, George Horace	letters from a self made merchant to his son	lorimer george horace	george horace lorimer	9	9	False	True	ABSTRACT_ONLY	False	0	1	ACCEPT	Letters from a self-made merchant to his son	Lorimer, George Horace	CALIBRATION	False
OA2PRODV1_04577aa8894b1373	A2_AUTHOR_REVERSAL	W000032087	W1608724589	3	3	1	3	OAQ000101691 || OAQ000101692 || OAQ000101693	OAE000021974	OAA000000709 || OAA000009094 || OAA000021724	The English novel	Saintsbury, George	the english novel	saintsbury george	george saintsbury	3	3	False	True	ABSTRACT_ONLY	True	3	12	REVIEW	The English novel	Saintsbury, George	CALIBRATION	False
OA2PRODV1_fd5950bd4610100e	A2_AUTHOR_REVERSAL	W000032087	W1973235922	3	3	1	3	OAQ000101691 || OAQ000101692 || OAQ000101693	OAE000021974	OAA000000709 || OAA000009094 || OAA000021724	The English novel	Saintsbury, George	the english novel	saintsbury george	george saintsbury	3	3	False	True	ABSTRACT_ONLY	True	3	12	REVIEW	The English novel	Saintsbury, George	CALIBRATION	False
OA2PRODV1_07769303c68d7f1d	A2_AUTHOR_REVERSAL	W000032087	W2014645538	3	3	1	3	OAQ000101691 || OAQ000101692 || OAQ000101693	OAE000021974	OAA000000709 || OAA000009094 || OAA000021724	The English novel	Saintsbury, George	the english novel	saintsbury george	george saintsbury	3	3	False	True	ABSTRACT_ONLY	True	3	12	REVIEW	The English novel	Saintsbury, George	CALIBRATION	False
OA2PRODV1_99f9a1541fadf013	A2_AUTHOR_REVERSAL	W000032087	W2087670458	3	3	1	3	OAQ000101691 || OAQ000101692 || OAQ000101693	OAE000021974	OAA000000709 || OAA000009094 || OAA000021724	The English novel	Saintsbury, George	the english novel	saintsbury george	george saintsbury	3	3	False	True	ABSTRACT_ONLY	True	3	12	REVIEW	The English novel	Saintsbury, George	CALIBRATION	False
OA2PRODV1_9689f31d673bd419	A2_AUTHOR_REVERSAL	W000032087	W2496877538	3	3	1	3	OAQ000101691 || OAQ000101692 || OAQ000101693	OAE000021974	OAA000000709 || OAA000009094 || OAA000021724	The English novel	Saintsbury, George	the english novel	saintsbury george	george saintsbury	3	3	False	True	ABSTRACT_ONLY	True	3	12	REVIEW	The English novel	Saintsbury, George	CALIBRATION	False
OA2PRODV1_e013ee6b6bbf909f	A2_AUTHOR_REVERSAL	W000032087	W4243700757	3	3	1	3	OAQ000101691 || OAQ000101692 || OAQ000101693	OAE000021974	OAA000000709 || OAA000009094 || OAA000021724	The English novel	Saintsbury, George	the english novel	saintsbury george	george saintsbury	3	3	False	True	ABSTRACT_ONLY	True	3	12	REVIEW	The English novel	Saintsbury, George	CALIBRATION	False
OA2PRODV1_83877e725422e6af	A2_AUTHOR_REVERSAL	W000032087	W611977949	3	3	1	3	OAQ000101691 || OAQ000101692 || OAQ000101693	OAE000021974	OAA000000709 || OAA000009094 || OAA000021724	The English novel	Saintsbury, George	the english novel	saintsbury george	george saintsbury	3	3	False	True	ABSTRACT_ONLY	True	3	12	REVIEW	The English novel	Saintsbury, George	CALIBRATION	False
OA2PRODV1_dbf6740bbf047dc3	A2_AUTHOR_REVERSAL	W000032088	W7000804865	2	2	1	2	OAQ000101698 || OAQ000101699	OAE000022769	OAA000007750 || OAA000010158	The golden horseshoe	Bonsal, Stephen	the golden horseshoe	bonsal stephen	stephen bonsal	3	3	True	False	TITLE_ONLY	True	2	3	ACCEPT	The golden horseshoe	Bonsal, Stephen	CALIBRATION	False
OA2PRODV1_a0e72f168b841806	A2_AUTHOR_REVERSAL	W000032089	W2508685170	2	2	1	2	OAQ000101703 || OAQ000101704	OAE000027077	OAA000027417 || OAA000033440	The short-story	Albright, Evelyn May	the short story	albright evelyn may	evelyn may albright	3	3	True	False	TITLE_ONLY	True	2	5	ACCEPT	The short-story	Albright, Evelyn May	CALIBRATION	False
OA2PRODV1_d37c8de4e388da85	A2_AUTHOR_REVERSAL	W000000354	W7011816549	1	1	1	1	OAQ000005977	OAE000022895	OAA000000416	The great hunger	Bojer, Johan	the great hunger	bojer johan	johan bojer	3	3	True	False	TITLE_ONLY	True	1	2	ACCEPT	The great hunger	Bojer, Johan	HELDOUT	False
OA2PRODV1_befbfc068ed7c027	A2_AUTHOR_REVERSAL	W000002144	W2043702228	1	1	1	1	OAQ000011344	OAE000025860	OAA000002370	The Plouffe family	Lemelin, Roger	the plouffe family	lemelin roger	roger lemelin	3	3	False	True	ABSTRACT_ONLY	False	0	1	ACCEPT	The Plouffe family	Lemelin, Roger	HELDOUT	False
OA2PRODV1_55076edcaff16508	A2_AUTHOR_REVERSAL	W000002218	W1535326157	1	1	1	1	OAQ000011566	OAE000006377	OAA000002447	Drift	Cowan, Peter.	drift	cowan peter	peter cowan	1	1	False	True	ABSTRACT_ONLY	True	1	2	REVIEW	Drift	Cowan, Peter.	HELDOUT	False
OA2PRODV1_e146d82622400028	A2_AUTHOR_REVERSAL	W000002218	W2247630710	1	1	1	1	OAQ000011566	OAE000006377	OAA000002447	Drift	Cowan, Peter.	drift	cowan peter	peter cowan	1	1	False	True	ABSTRACT_ONLY	True	1	2	REVIEW	Drift	Cowan, Peter.	HELDOUT	False
OA2PRODV1_1da20ab83810cccc	A2_AUTHOR_REVERSAL	W000002218	W4383740704	1	1	1	1	OAQ000011566	OAE000006377	OAA000002447	Drift	Cowan, Peter.	drift	cowan peter	peter cowan	1	1	False	True	ABSTRACT_ONLY	True	1	2	REVIEW	Drift	Cowan, Peter.	HELDOUT	False
OA2PRODV1_9a16e9afdaa48ee8	A2_AUTHOR_REVERSAL	W000002218	W7113751487	1	1	1	1	OAQ000011566	OAE000006377	OAA000002447	Drift	Cowan, Peter.	drift	cowan peter	peter cowan	1	1	False	True	ABSTRACT_ONLY	True	1	2	REVIEW	Drift	Cowan, Peter.	HELDOUT	False
OA2PRODV1_09c925b252d2bcf5	A2_AUTHOR_REVERSAL	W000002229	W2307177450	1	1	1	1	OAQ000011599	OAE000019550	OAA000002464	The aerodrome	Warner, Rex	the aerodrome	warner rex	rex warner	2	2	False	True	ABSTRACT_ONLY	False	0	1	ACCEPT	The aerodrome	Warner, Rex	HELDOUT	False
OA2PRODV1_bf29c0bc0299b1e9	A2_AUTHOR_REVERSAL	W000002229	W2581587693	1	1	1	1	OAQ000011599	OAE000019550	OAA000002464	The aerodrome	Warner, Rex	the aerodrome	warner rex	rex warner	2	2	False	True	ABSTRACT_ONLY	False	0	1	ACCEPT	The aerodrome	Warner, Rex	HELDOUT	False
OA2PRODV1_b8656d50ce139531	A2_AUTHOR_REVERSAL	W000002229	W2911292678	1	1	1	1	OAQ000011599	OAE000019550	OAA000002464	The aerodrome	Warner, Rex	the aerodrome	warner rex	rex warner	2	2	False	True	ABSTRACT_ONLY	False	0	1	ACCEPT	The aerodrome	Warner, Rex	HELDOUT	False
OA2PRODV1_7ad7a4289cbdbd4c	A2_AUTHOR_REVERSAL	W000002229	W4231949911	1	1	1	1	OAQ000011599	OAE000019550	OAA000002464	The aerodrome	Warner, Rex	the aerodrome	warner rex	rex warner	2	2	True	True	TITLE_AND_ABSTRACT	False	0	1	ACCEPT	The aerodrome	Warner, Rex	HELDOUT	False
OA2PRODV1_71f3a75c0d94e6f0	A2_AUTHOR_REVERSAL	W000002229	W4318769178	1	1	1	1	OAQ000011599	OAE000019550	OAA000002464	The aerodrome	Warner, Rex	the aerodrome	warner rex	rex warner	2	2	False	True	ABSTRACT_ONLY	False	0	1	ACCEPT	The aerodrome	Warner, Rex	HELDOUT	False
OA2PRODV1_f80d8aebc20a4166	A2_AUTHOR_REVERSAL	W000002229	W641721485	1	1	1	1	OAQ000011599	OAE000019550	OAA000002464	The aerodrome	Warner, Rex	the aerodrome	warner rex	rex warner	2	2	False	True	ABSTRACT_ONLY	False	0	1	ACCEPT	The aerodrome	Warner, Rex	HELDOUT	False
OA2PRODV1_1e67ed62a63b4efe	A2_AUTHOR_REVERSAL	W000002229	W7010854251	1	1	1	1	OAQ000011599	OAE000019550	OAA000002464	The aerodrome	Warner, Rex	the aerodrome	warner rex	rex warner	2	2	False	True	ABSTRACT_ONLY	False	0	1	ACCEPT	The aerodrome	Warner, Rex	HELDOUT	False
OA2PRODV1_89d8482993c4880d	A2_AUTHOR_REVERSAL	W000002624	W1150716942	1	1	1	1	OAQ000012784	OAE000005134	OAA000002878	Corduroy	Bell, Adrian	corduroy	bell adrian	adrian bell	1	1	True	False	TITLE_ONLY	False	0	1	ACCEPT	Corduroy	Bell, Adrian	HELDOUT	False
OA2PRODV1_3252ec89d62fe0a8	A2_AUTHOR_REVERSAL	W000002624	W2158719290	1	1	1	1	OAQ000012784	OAE000005134	OAA000002878	Corduroy	Bell, Adrian	corduroy	bell adrian	adrian bell	1	1	True	False	TITLE_ONLY	False	0	1	ACCEPT	Corduroy	Bell, Adrian	HELDOUT	False
OA2PRODV1_2e511f6ec8af9305	A2_AUTHOR_REVERSAL	W000002624	W4241421333	1	1	1	1	OAQ000012784	OAE000005134	OAA000002878	Corduroy	Bell, Adrian	corduroy	bell adrian	adrian bell	1	1	False	True	ABSTRACT_ONLY	False	0	1	REVIEW	Corduroy	Bell, Adrian	HELDOUT	False
OA2PRODV1_ba7e588dcdfeb600	A2_AUTHOR_REVERSAL	W000003162	W1482336073	1	1	1	1	OAQ000014398	OAE000029984	OAA000003456	Tra donne sole	Pavese, Cesare.	tra donne sole	pavese cesare	cesare pavese	3	3	True	True	TITLE_AND_ABSTRACT	False	0	1	ACCEPT	Tra donne sole	Pavese, Cesare.	HELDOUT	False
OA2PRODV1_7a635d253de25e8e	A2_AUTHOR_REVERSAL	W000003162	W1776766542	1	1	1	1	OAQ000014398	OAE000029984	OAA000003456	Tra donne sole	Pavese, Cesare.	tra donne sole	pavese cesare	cesare pavese	3	3	False	True	ABSTRACT_ONLY	False	0	1	ACCEPT	Tra donne sole	Pavese, Cesare.	HELDOUT	False
OA2PRODV1_e604b8a10fee16df	A2_AUTHOR_REVERSAL	W000003162	W2013921237	1	1	1	1	OAQ000014398	OAE000029984	OAA000003456	Tra donne sole	Pavese, Cesare.	tra donne sole	pavese cesare	cesare pavese	3	3	True	True	TITLE_AND_ABSTRACT	False	0	1	ACCEPT	Tra donne sole	Pavese, Cesare.	HELDOUT	False
OA2PRODV1_6985e4c3457819a9	A2_AUTHOR_REVERSAL	W000003162	W2094742705	1	1	1	1	OAQ000014398	OAE000029984	OAA000003456	Tra donne sole	Pavese, Cesare.	tra donne sole	pavese cesare	cesare pavese	3	3	False	True	ABSTRACT_ONLY	False	0	1	ACCEPT	Tra donne sole	Pavese, Cesare.	HELDOUT	False
OA2PRODV1_3fffccdcbf608681	A2_AUTHOR_REVERSAL	W000003162	W2549497550	1	1	1	1	OAQ000014398	OAE000029984	OAA000003456	Tra donne sole	Pavese, Cesare.	tra donne sole	pavese cesare	cesare pavese	3	3	False	True	ABSTRACT_ONLY	False	0	1	ACCEPT	Tra donne sole	Pavese, Cesare.	HELDOUT	False
OA2PRODV1_684bf5893fb1b2d7	A2_AUTHOR_REVERSAL	W000003162	W2897687391	1	1	1	1	OAQ000014398	OAE000029984	OAA000003456	Tra donne sole	Pavese, Cesare.	tra donne sole	pavese cesare	cesare pavese	3	3	False	True	ABSTRACT_ONLY	False	0	1	ACCEPT	Tra donne sole	Pavese, Cesare.	HELDOUT	False
OA2PRODV1_80e0be070a4b2977	A2_AUTHOR_REVERSAL	W000003162	W2921930136	1	1	1	1	OAQ000014398	OAE000029984	OAA000003456	Tra donne sole	Pavese, Cesare.	tra donne sole	pavese cesare	cesare pavese	3	3	False	True	ABSTRACT_ONLY	False	0	1	ACCEPT	Tra donne sole	Pavese, Cesare.	HELDOUT	False
OA2PRODV1_c4e63af1770a49f3	A2_AUTHOR_REVERSAL	W000003162	W3121043104	1	1	1	1	OAQ000014398	OAE000029984	OAA000003456	Tra donne sole	Pavese, Cesare.	tra donne sole	pavese cesare	cesare pavese	3	3	True	False	TITLE_ONLY	False	0	1	ACCEPT	Tra donne sole	Pavese, Cesare.	HELDOUT	False
OA2PRODV1_3ecbf0756f3f2c92	A2_AUTHOR_REVERSAL	W000003162	W3163606641	1	1	1	1	OAQ000014398	OAE000029984	OAA000003456	Tra donne sole	Pavese, Cesare.	tra donne sole	pavese cesare	cesare pavese	3	3	True	True	TITLE_AND_ABSTRACT	False	0	1	ACCEPT	Tra donne sole	Pavese, Cesare.	HELDOUT	False
OA2PRODV1_cd0d6bd16e172047	A2_AUTHOR_REVERSAL	W000003162	W41427885	1	1	1	1	OAQ000014398	OAE000029984	OAA000003456	Tra donne sole	Pavese, Cesare.	tra donne sole	pavese cesare	cesare pavese	3	3	False	True	ABSTRACT_ONLY	False	0	1	ACCEPT	Tra donne sole	Pavese, Cesare.	HELDOUT	False
OA2PRODV1_f51ba394c891ae74	A2_AUTHOR_REVERSAL	W000003162	W4319054922	1	1	1	1	OAQ000014398	OAE000029984	OAA000003456	Tra donne sole	Pavese, Cesare.	tra donne sole	pavese cesare	cesare pavese	3	3	False	True	ABSTRACT_ONLY	False	0	1	ACCEPT	Tra donne sole	Pavese, Cesare.	HELDOUT	False
OA2PRODV1_9d7b09ec8ea08767	A2_AUTHOR_REVERSAL	W000003162	W6892446815	1	1	1	1	OAQ000014398	OAE000029984	OAA000003456	Tra donne sole	Pavese, Cesare.	tra donne sole	pavese cesare	cesare pavese	3	3	False	True	ABSTRACT_ONLY	False	0	1	ACCEPT	Tra donne sole	Pavese, Cesare.	HELDOUT	False
OA2PRODV1_9604962e805204a5	A2_AUTHOR_REVERSAL	W000003162	W6894117831	1	1	1	1	OAQ000014398	OAE000029984	OAA000003456	Tra donne sole	Pavese, Cesare.	tra donne sole	pavese cesare	cesare pavese	3	3	False	True	ABSTRACT_ONLY	False	0	1	ACCEPT	Tra donne sole	Pavese, Cesare.	HELDOUT	False
OA2PRODV1_b39591ac43c25a8f	A2_AUTHOR_REVERSAL	W000003162	W6961914740	1	1	1	1	OAQ000014398	OAE000029984	OAA000003456	Tra donne sole	Pavese, Cesare.	tra donne sole	pavese cesare	cesare pavese	3	3	False	True	ABSTRACT_ONLY	False	0	1	ACCEPT	Tra donne sole	Pavese, Cesare.	HELDOUT	False
OA2PRODV1_60c9e6267aad3511	A2_AUTHOR_REVERSAL	W000003162	W7002294624	1	1	1	1	OAQ000014398	OAE000029984	OAA000003456	Tra donne sole	Pavese, Cesare.	tra donne sole	pavese cesare	cesare pavese	3	3	False	True	ABSTRACT_ONLY	False	0	1	ACCEPT	Tra donne sole	Pavese, Cesare.	HELDOUT	False
OA2PRODV1_18ba93f3aba4eaaa	A2_AUTHOR_REVERSAL	W000003162	W7018378794	1	1	1	1	OAQ000014398	OAE000029984	OAA000003456	Tra donne sole	Pavese, Cesare.	tra donne sole	pavese cesare	cesare pavese	3	3	False	True	ABSTRACT_ONLY	False	0	1	ACCEPT	Tra donne sole	Pavese, Cesare.	HELDOUT	False
OA2PRODV1_fbbfbf964bfb0907	A2_AUTHOR_REVERSAL	W000003162	W7047935556	1	1	1	1	OAQ000014398	OAE000029984	OAA000003456	Tra donne sole	Pavese, Cesare.	tra donne sole	pavese cesare	cesare pavese	3	3	False	True	ABSTRACT_ONLY	False	0	1	ACCEPT	Tra donne sole	Pavese, Cesare.	HELDOUT	False
OA2PRODV1_cd7e0c9ad72e1d06	A2_AUTHOR_REVERSAL	W000003162	W7053374063	1	1	1	1	OAQ000014398	OAE000029984	OAA000003456	Tra donne sole	Pavese, Cesare.	tra donne sole	pavese cesare	cesare pavese	3	3	False	True	ABSTRACT_ONLY	False	0	1	ACCEPT	Tra donne sole	Pavese, Cesare.	HELDOUT	False
OA2PRODV1_289d3b0ff78b77d1	A2_AUTHOR_REVERSAL	W000003162	W7111989168	1	1	1	1	OAQ000014398	OAE000029984	OAA000003456	Tra donne sole	Pavese, Cesare.	tra donne sole	pavese cesare	cesare pavese	3	3	True	False	TITLE_ONLY	False	0	1	ACCEPT	Tra donne sole	Pavese, Cesare.	HELDOUT	False
OA2PRODV1_9ac61288335efaa7	A2_AUTHOR_REVERSAL	W000003162	W844574070	1	1	1	1	OAQ000014398	OAE000029984	OAA000003456	Tra donne sole	Pavese, Cesare.	tra donne sole	pavese cesare	cesare pavese	3	3	False	True	ABSTRACT_ONLY	False	0	1	ACCEPT	Tra donne sole	Pavese, Cesare.	HELDOUT	False
OA2PRODV1_1760ee89ce03a141	A2_AUTHOR_REVERSAL	W000003163	W2325722378	1	1	1	1	OAQ000014401	OAE000001485	OAA000003457	A treatise on the novel	Liddell, Robert	a treatise on the novel	liddell robert	robert liddell	5	5	True	True	TITLE_AND_ABSTRACT	False	0	1	ACCEPT	A treatise on the novel	Liddell, Robert	HELDOUT	False
OA2PRODV1_45f13f4bc3fe3f55	A2_AUTHOR_REVERSAL	W000003163	W4248584605	1	1	1	1	OAQ000014401	OAE000001485	OAA000003457	A treatise on the novel	Liddell, Robert	a treatise on the novel	liddell robert	robert liddell	5	5	False	True	ABSTRACT_ONLY	False	0	1	ACCEPT	A treatise on the novel	Liddell, Robert	HELDOUT	False
OA2PRODV1_93fee5e9e88e3241	A2_AUTHOR_REVERSAL	W000003163	W4403668767	1	1	1	1	OAQ000014401	OAE000001485	OAA000003457	A treatise on the novel	Liddell, Robert	a treatise on the novel	liddell robert	robert liddell	5	5	True	False	TITLE_ONLY	False	0	1	ACCEPT	A treatise on the novel	Liddell, Robert	HELDOUT	False
OA2PRODV1_464a7e59333faf1d	A2_AUTHOR_REVERSAL	W000003396	W1528872332	1	1	1	1	OAQ000015100	OAE000031469	OAA000003714	Wild conquest	Abrahams, Peter	wild conquest	abrahams peter	peter abrahams	2	2	False	True	ABSTRACT_ONLY	False	0	1	ACCEPT	Wild conquest	Abrahams, Peter	HELDOUT	False
OA2PRODV1_ae91a6e97b836ee7	A2_AUTHOR_REVERSAL	W000003396	W1601069240	1	1	1	1	OAQ000015100	OAE000031469	OAA000003714	Wild conquest	Abrahams, Peter	wild conquest	abrahams peter	peter abrahams	2	2	False	True	ABSTRACT_ONLY	False	0	1	ACCEPT	Wild conquest	Abrahams, Peter	HELDOUT	False
OA2PRODV1_f0608b8ad2c13a74	A2_AUTHOR_REVERSAL	W000003396	W2016628494	1	1	1	1	OAQ000015100	OAE000031469	OAA000003714	Wild conquest	Abrahams, Peter	wild conquest	abrahams peter	peter abrahams	2	2	True	True	TITLE_AND_ABSTRACT	False	0	1	ACCEPT	Wild conquest	Abrahams, Peter	HELDOUT	False
OA2PRODV1_685ba87ebc8afebc	A2_AUTHOR_REVERSAL	W000003396	W2075855080	1	1	1	1	OAQ000015100	OAE000031469	OAA000003714	Wild conquest	Abrahams, Peter	wild conquest	abrahams peter	peter abrahams	2	2	False	True	ABSTRACT_ONLY	False	0	1	ACCEPT	Wild conquest	Abrahams, Peter	HELDOUT	False
OA2PRODV1_1e572f1e44235a39	A2_AUTHOR_REVERSAL	W000003396	W2162223299	1	1	1	1	OAQ000015100	OAE000031469	OAA000003714	Wild conquest	Abrahams, Peter	wild conquest	abrahams peter	peter abrahams	2	2	False	True	ABSTRACT_ONLY	False	0	1	ACCEPT	Wild conquest	Abrahams, Peter	HELDOUT	False
OA2PRODV1_af98065d68c99d19	A2_AUTHOR_REVERSAL	W000003396	W2602421996	1	1	1	1	OAQ000015100	OAE000031469	OAA000003714	Wild conquest	Abrahams, Peter	wild conquest	abrahams peter	peter abrahams	2	2	False	True	ABSTRACT_ONLY	False	0	1	ACCEPT	Wild conquest	Abrahams, Peter	HELDOUT	False
OA2PRODV1_996a6d5f4a205085	A2_AUTHOR_REVERSAL	W000003396	W2938160508	1	1	1	1	OAQ000015100	OAE000031469	OAA000003714	Wild conquest	Abrahams, Peter	wild conquest	abrahams peter	peter abrahams	2	2	True	True	TITLE_AND_ABSTRACT	False	0	1	ACCEPT	Wild conquest	Abrahams, Peter	HELDOUT	False
OA2PRODV1_bd31520cf25c29d6	A2_AUTHOR_REVERSAL	W000003396	W4238986399	1	1	1	1	OAQ000015100	OAE000031469	OAA000003714	Wild conquest	Abrahams, Peter	wild conquest	abrahams peter	peter abrahams	2	2	True	True	TITLE_AND_ABSTRACT	False	0	1	ACCEPT	Wild conquest	Abrahams, Peter	HELDOUT	False
OA2PRODV1_71f90fe654009484	A2_AUTHOR_REVERSAL	W000003396	W7117550967	1	1	1	1	OAQ000015100	OAE000031469	OAA000003714	Wild conquest	Abrahams, Peter	wild conquest	abrahams peter	peter abrahams	2	2	False	True	ABSTRACT_ONLY	False	0	1	ACCEPT	Wild conquest	Abrahams, Peter	HELDOUT	False
OA2PRODV1_b197866e07c30c2c	A2_AUTHOR_REVERSAL	W000003396	W7117557930	1	1	1	1	OAQ000015100	OAE000031469	OAA000003714	Wild conquest	Abrahams, Peter	wild conquest	abrahams peter	peter abrahams	2	2	False	True	ABSTRACT_ONLY	False	0	1	ACCEPT	Wild conquest	Abrahams, Peter	HELDOUT	False
OA2PRODV1_877e998b48ccbffe	A2_AUTHOR_REVERSAL	W000003694	W2685016757	1	1	1	1	OAQ000015994	OAE000012742	OAA000004048	Men against the sea	Nordhoff, Charles	men against the sea	nordhoff charles	charles nordhoff	4	4	False	True	ABSTRACT_ONLY	False	0	1	ACCEPT	Men against the sea	Nordhoff, Charles	HELDOUT	False
OA2PRODV1_60eadc3fa4929cb9	A2_AUTHOR_REVERSAL	W000003745	W4210255360	1	1	1	1	OAQ000016147	OAE000029053	OAA000004107	The worldlings	Merrick, Leonard	the worldlings	merrick leonard	leonard merrick	2	2	False	True	ABSTRACT_ONLY	False	0	1	ACCEPT	The worldlings	Merrick, Leonard	HELDOUT	False
OA2PRODV1_f2673b3690c098a3	A2_AUTHOR_REVERSAL	W000006236	W2809247993	1	1	1	1	OAQ000023602	OAE000026774	OAA000006852	The scarlet empire	Parry, David M.	the scarlet empire	parry david m	david m parry	3	3	False	True	ABSTRACT_ONLY	False	0	1	ACCEPT	The scarlet empire	Parry, David M.	HELDOUT	False
OA2PRODV1_b83ab5b0b91598b9	A2_AUTHOR_REVERSAL	W000006236	W7043241331	1	1	1	1	OAQ000023602	OAE000026774	OAA000006852	The scarlet empire	Parry, David M.	the scarlet empire	parry david m	david m parry	3	3	True	False	TITLE_ONLY	False	0	1	ACCEPT	The scarlet empire	Parry, David M.	HELDOUT	False
OA2PRODV1_ec0f0d63a7098e60	A2_AUTHOR_REVERSAL	W000006396	W4233660464	1	1	1	1	OAQ000024072	OAE000031716	OAA000007029	With Sam Houston in Texas	Sabin, Edwin L.	with sam houston in texas	sabin edwin l	edwin l sabin	5	5	True	True	TITLE_AND_ABSTRACT	False	0	1	ACCEPT	With Sam Houston in Texas	Sabin, Edwin L.	HELDOUT	False
OA2PRODV1_c59b23c371834128	A2_AUTHOR_REVERSAL	W000007423	W1998455026	1	1	1	1	OAQ000027082	OAE000013111	OAA000008172	Mona Maclean, medical student	Travers, Graham	mona maclean medical student	travers graham	graham travers	4	4	False	True	ABSTRACT_ONLY	False	0	1	ACCEPT	Mona Maclean, medical student	Travers, Graham	HELDOUT	False
OA2PRODV1_4bf0f1e4c9c33c4d	A2_AUTHOR_REVERSAL	W000007423	W4254247625	1	1	1	1	OAQ000027082	OAE000013111	OAA000008172	Mona Maclean, medical student	Travers, Graham	mona maclean medical student	travers graham	graham travers	4	4	False	True	ABSTRACT_ONLY	False	0	1	ACCEPT	Mona Maclean, medical student	Travers, Graham	HELDOUT	False
OA2PRODV1_2367199f61233862	A2_AUTHOR_REVERSAL	W000007581	W7071604419	1	1	1	1	OAQ000027550	OAE000019120	OAA000008348	Tales of the Sierras	Hayes, J. W.	tales of the sierras	hayes j w	j w hayes	4	4	True	False	TITLE_ONLY	False	0	1	ACCEPT	Tales of the Sierras	Hayes, J. W.	HELDOUT	False
OA2PRODV1_9cf78178d005ecfb	A2_AUTHOR_REVERSAL	W000007714	W7211762658	1	1	1	1	OAQ000027947	OAE000018775	OAA000008493	Summer time ends	Hargrave, John	summer time ends	hargrave john	john hargrave	3	3	False	True	ABSTRACT_ONLY	False	0	1	ACCEPT	Summer time ends	Hargrave, John	HELDOUT	False
OA2PRODV1_aad697a0a6ce96e6	A2_AUTHOR_REVERSAL	W000008604	W2890133463	1	1	1	1	OAQ000030612	OAE000014387	OAA000009501	Oddities in southern life and character	Watterson, Henry	oddities in southern life and character	watterson henry	henry watterson	6	6	False	True	ABSTRACT_ONLY	True	1	2	REVIEW	Oddities in southern life and character	Watterson, Henry	HELDOUT	False
OA2PRODV1_9d1393ac6f763e44	A2_AUTHOR_REVERSAL	W000008841	W4255730925	1	1	1	1	OAQ000031313	OAE000031276	OAA000009772	When we were boys	O'Brien, William	when we were boys	o brien william	william o brien	4	4	False	True	ABSTRACT_ONLY	False	0	1	ACCEPT	When we were boys	O'Brien, William	HELDOUT	False
OA2PRODV1_5f7eef9269d2f81f	A2_AUTHOR_REVERSAL	W000009061	W2714646749	1	1	1	1	OAQ000031957	OAE000021119	OAA000010011	The coming of Cuculain	O'Grady, Standish	the coming of cuculain	o grady standish	standish o grady	4	4	False	True	ABSTRACT_ONLY	False	0	1	ACCEPT	The coming of Cuculain	O'Grady, Standish	HELDOUT	False
OA2PRODV1_08d5a872b751fc39	A2_AUTHOR_REVERSAL	W000009061	W3136930257	1	1	1	1	OAQ000031957	OAE000021119	OAA000010011	The coming of Cuculain	O'Grady, Standish	the coming of cuculain	o grady standish	standish o grady	4	4	True	True	TITLE_AND_ABSTRACT	False	0	1	ACCEPT	The coming of Cuculain	O'Grady, Standish	HELDOUT	False
OA2PRODV1_380e6900507a4a6e	A2_AUTHOR_REVERSAL	W000009395	W2596843203	1	1	1	1	OAQ000032944	OAE000002212	OAA000010384	An estate planner's handbook	Shattuck, Mayo Adams	an estate planner s handbook	shattuck mayo adams	mayo adams shattuck	5	5	True	False	TITLE_ONLY	False	0	1	ACCEPT	An estate planner's handbook	Shattuck, Mayo Adams	HELDOUT	False
OA2PRODV1_4c29cd701e59103f	A2_AUTHOR_REVERSAL	W000009395	W7056253394	1	1	1	1	OAQ000032944	OAE000002212	OAA000010384	An estate planner's handbook	Shattuck, Mayo Adams	an estate planner s handbook	shattuck mayo adams	mayo adams shattuck	5	5	True	False	TITLE_ONLY	False	0	1	ACCEPT	An estate planner's handbook	Shattuck, Mayo Adams	HELDOUT	False
OA2PRODV1_f996a24cbbcb8d28	A2_AUTHOR_REVERSAL	W000009395	W7103477507	1	1	1	1	OAQ000032944	OAE000002212	OAA000010384	An estate planner's handbook	Shattuck, Mayo Adams	an estate planner s handbook	shattuck mayo adams	mayo adams shattuck	5	5	False	True	ABSTRACT_ONLY	False	0	1	ACCEPT	An estate planner's handbook	Shattuck, Mayo Adams	HELDOUT	False
OA2PRODV1_462c81f95529a350	A2_AUTHOR_REVERSAL	W000009444	W4205119307	1	1	1	1	OAQ000033091	OAE000007619	OAA000010435	Francis	Stern, David	francis	stern david	david stern	1	1	False	True	ABSTRACT_ONLY	True	1	2	REVIEW	Francis	Stern, David	HELDOUT	False
OA2PRODV1_6349959fb6901561	A2_AUTHOR_REVERSAL	W000009444	W6893056992	1	1	1	1	OAQ000033091	OAE000007619	OAA000010435	Francis	Stern, David	francis	stern david	david stern	1	1	True	True	TITLE_AND_ABSTRACT	True	1	2	ACCEPT	Francis	Stern, David	HELDOUT	False
OA2PRODV1_cf27f221afe44a20	A2_AUTHOR_REVERSAL	W000009444	W6893172771	1	1	1	1	OAQ000033091	OAE000007619	OAA000010435	Francis	Stern, David	francis	stern david	david stern	1	1	True	True	TITLE_AND_ABSTRACT	True	1	2	ACCEPT	Francis	Stern, David	HELDOUT	False
OA2PRODV1_2e0dd4100f1a9d01	A2_AUTHOR_REVERSAL	W000009444	W6911883068	1	1	1	1	OAQ000033091	OAE000007619	OAA000010435	Francis	Stern, David	francis	stern david	david stern	1	1	True	True	TITLE_AND_ABSTRACT	True	1	2	ACCEPT	Francis	Stern, David	HELDOUT	False
OA2PRODV1_2dbf1c172b7cdcdb	A2_AUTHOR_REVERSAL	W000009444	W6930573148	1	1	1	1	OAQ000033091	OAE000007619	OAA000010435	Francis	Stern, David	francis	stern david	david stern	1	1	True	True	TITLE_AND_ABSTRACT	True	1	2	ACCEPT	Francis	Stern, David	HELDOUT	False
OA2PRODV1_37a9aa24357f24bd	A2_AUTHOR_REVERSAL	W000010664	W2477375817	1	1	1	1	OAQ000036735	OAE000024167	OAA000011810	The life of a foxhound	Mills, John	the life of a foxhound	mills john	john mills	5	5	True	True	TITLE_AND_ABSTRACT	False	0	1	ACCEPT	The life of a foxhound	Mills, John	HELDOUT	False
OA2PRODV1_66a130eed4eeabc9	A2_AUTHOR_REVERSAL	W000011733	W6884865691	1	1	1	1	OAQ000039864	OAE000001743	OAA000012934	Adrigoole	O'Donnell, Peadar.	adrigoole	o donnell peadar	peadar o donnell	1	1	False	True	ABSTRACT_ONLY	False	0	1	REVIEW	Adrigoole	O'Donnell, Peadar.	HELDOUT	False
OA2PRODV1_f82bcf3a5a9899cb	A2_AUTHOR_REVERSAL	W000012077	W2326735697	1	1	1	1	OAQ000040890	OAE000004653	OAA000013294	Chimes	Herrick, Robert	chimes	herrick robert	robert herrick	1	1	False	True	ABSTRACT_ONLY	False	0	1	REVIEW	Chimes	Herrick, Robert	HELDOUT	False
OA2PRODV1_14310f65591d2c2f	A2_AUTHOR_REVERSAL	W000012077	W4394744806	1	1	1	1	OAQ000040890	OAE000004653	OAA000013294	Chimes	Herrick, Robert	chimes	herrick robert	robert herrick	1	1	False	True	ABSTRACT_ONLY	False	0	1	REVIEW	Chimes	Herrick, Robert	HELDOUT	False
OA2PRODV1_8fe70b45b0972348	A2_AUTHOR_REVERSAL	W000012357	W2474976658	1	1	1	1	OAQ000041730	OAE000023859	OAA000013581	The king's men	Grant, Robert	the king s men	grant robert	robert grant	4	4	False	True	ABSTRACT_ONLY	True	1	2	REVIEW	The king's men	Grant, Robert	HELDOUT	False
OA2PRODV1_64eb17fc17326106	A2_AUTHOR_REVERSAL	W000012467	W7000900724	1	1	1	1	OAQ000042060	OAE000020129	OAA000013696	The black wolf's breed	Dickson, Harris	the black wolf s breed	dickson harris	harris dickson	5	5	True	True	TITLE_AND_ABSTRACT	False	0	1	ACCEPT	The black wolf's breed	Dickson, Harris	HELDOUT	False
OA2PRODV1_06200826b86b71d9	A2_AUTHOR_REVERSAL	W000012527	W2554608732	1	1	1	1	OAQ000042240	OAE000024085	OAA000013758	The Led-Horse Claim	Foote, Mary Hallock	the led horse claim	foote mary hallock	mary hallock foote	4	4	True	True	TITLE_AND_ABSTRACT	False	0	1	ACCEPT	The Led-Horse Claim	Foote, Mary Hallock	HELDOUT	False
OA2PRODV1_c476276d208b07e7	A2_AUTHOR_REVERSAL	W000012527	W2762333438	1	1	1	1	OAQ000042240	OAE000024085	OAA000013758	The Led-Horse Claim	Foote, Mary Hallock	the led horse claim	foote mary hallock	mary hallock foote	4	4	False	True	ABSTRACT_ONLY	False	0	1	ACCEPT	The Led-Horse Claim	Foote, Mary Hallock	HELDOUT	False
OA2PRODV1_fc40487c050d763c	A2_AUTHOR_REVERSAL	W000012864	W7056781837	1	1	1	1	OAQ000043241	OAE000000728	OAA000014122	A guide to the best historical novels and tales	Nield, Jonathan.	a guide to the best historical novels and tales	nield jonathan	jonathan nield	9	9	True	False	TITLE_ONLY	True	1	2	ACCEPT	A guide to the best historical novels and tales	Nield, Jonathan.	HELDOUT	False
OA2PRODV1_049de6f1f8030905	A2_AUTHOR_REVERSAL	W000013126	W7204303870	1	1	1	1	OAQ000044027	OAE000028556	OAA000014434	The Wall street point of view	Clews, Henry	the wall street point of view	clews henry	henry clews	6	6	True	False	TITLE_ONLY	False	0	1	ACCEPT	The Wall street point of view	Clews, Henry	HELDOUT	False
OA2PRODV1_27e03753990b5fc2	A2_AUTHOR_REVERSAL	W000013158	W639618852	1	1	1	1	OAQ000044123	OAE000013509	OAA000014471	Mumbo jumbo	Clews, Henry	mumbo jumbo	clews henry	henry clews	2	2	False	True	ABSTRACT_ONLY	False	0	1	ACCEPT	Mumbo jumbo	Clews, Henry	HELDOUT	False
OA2PRODV1_2e1052602e78a71a	A2_AUTHOR_REVERSAL	W000013503	W1528712537	1	1	1	1	OAQ000045158	OAE000030269	OAA000014858	Twilight in Delhi	Ali, Ahmed	twilight in delhi	ali ahmed	ahmed ali	3	3	False	True	ABSTRACT_ONLY	False	0	1	ACCEPT	Twilight in Delhi	Ali, Ahmed	HELDOUT	False
OA2PRODV1_54d04f6498dcd87d	A2_AUTHOR_REVERSAL	W000013503	W1739767874	1	1	1	1	OAQ000045158	OAE000030269	OAA000014858	Twilight in Delhi	Ali, Ahmed	twilight in delhi	ali ahmed	ahmed ali	3	3	False	True	ABSTRACT_ONLY	False	0	1	ACCEPT	Twilight in Delhi	Ali, Ahmed	HELDOUT	False
OA2PRODV1_6031afba6ab10558	A2_AUTHOR_REVERSAL	W000013503	W2022385146	1	1	1	1	OAQ000045158	OAE000030269	OAA000014858	Twilight in Delhi	Ali, Ahmed	twilight in delhi	ali ahmed	ahmed ali	3	3	False	True	ABSTRACT_ONLY	False	0	1	ACCEPT	Twilight in Delhi	Ali, Ahmed	HELDOUT	False
OA2PRODV1_1d54de93ef057455	A2_AUTHOR_REVERSAL	W000013503	W2061453600	1	1	1	1	OAQ000045158	OAE000030269	OAA000014858	Twilight in Delhi	Ali, Ahmed	twilight in delhi	ali ahmed	ahmed ali	3	3	True	True	TITLE_AND_ABSTRACT	False	0	1	ACCEPT	Twilight in Delhi	Ali, Ahmed	HELDOUT	False
OA2PRODV1_dac669b1b5eac2b3	A2_AUTHOR_REVERSAL	W000013503	W2070633916	1	1	1	1	OAQ000045158	OAE000030269	OAA000014858	Twilight in Delhi	Ali, Ahmed	twilight in delhi	ali ahmed	ahmed ali	3	3	False	True	ABSTRACT_ONLY	False	0	1	ACCEPT	Twilight in Delhi	Ali, Ahmed	HELDOUT	False
OA2PRODV1_fd6196afb39478f8	A2_AUTHOR_REVERSAL	W000013503	W2183823689	1	1	1	1	OAQ000045158	OAE000030269	OAA000014858	Twilight in Delhi	Ali, Ahmed	twilight in delhi	ali ahmed	ahmed ali	3	3	True	False	TITLE_ONLY	False	0	1	ACCEPT	Twilight in Delhi	Ali, Ahmed	HELDOUT	False
OA2PRODV1_cd4cd05062df1638	A2_AUTHOR_REVERSAL	W000013503	W2216112708	1	1	1	1	OAQ000045158	OAE000030269	OAA000014858	Twilight in Delhi	Ali, Ahmed	twilight in delhi	ali ahmed	ahmed ali	3	3	False	True	ABSTRACT_ONLY	False	0	1	ACCEPT	Twilight in Delhi	Ali, Ahmed	HELDOUT	False
OA2PRODV1_a25d84dd68b3e66e	A2_AUTHOR_REVERSAL	W000013503	W2288482208	1	1	1	1	OAQ000045158	OAE000030269	OAA000014858	Twilight in Delhi	Ali, Ahmed	twilight in delhi	ali ahmed	ahmed ali	3	3	True	True	TITLE_AND_ABSTRACT	False	0	1	ACCEPT	Twilight in Delhi	Ali, Ahmed	HELDOUT	False
OA2PRODV1_ffd4bac13f32425c	A2_AUTHOR_REVERSAL	W000013503	W2506779719	1	1	1	1	OAQ000045158	OAE000030269	OAA000014858	Twilight in Delhi	Ali, Ahmed	twilight in delhi	ali ahmed	ahmed ali	3	3	False	True	ABSTRACT_ONLY	False	0	1	ACCEPT	Twilight in Delhi	Ali, Ahmed	HELDOUT	False
OA2PRODV1_50f7b6b0cefddff4	A2_AUTHOR_REVERSAL	W000013503	W2521833424	1	1	1	1	OAQ000045158	OAE000030269	OAA000014858	Twilight in Delhi	Ali, Ahmed	twilight in delhi	ali ahmed	ahmed ali	3	3	True	False	TITLE_ONLY	False	0	1	ACCEPT	Twilight in Delhi	Ali, Ahmed	HELDOUT	False
OA2PRODV1_cf769a434ea69382	A2_AUTHOR_REVERSAL	W000013503	W2769893501	1	1	1	1	OAQ000045158	OAE000030269	OAA000014858	Twilight in Delhi	Ali, Ahmed	twilight in delhi	ali ahmed	ahmed ali	3	3	False	True	ABSTRACT_ONLY	False	0	1	ACCEPT	Twilight in Delhi	Ali, Ahmed	HELDOUT	False
OA2PRODV1_c1f5e8dea3959e9a	A2_AUTHOR_REVERSAL	W000013503	W2890232321	1	1	1	1	OAQ000045158	OAE000030269	OAA000014858	Twilight in Delhi	Ali, Ahmed	twilight in delhi	ali ahmed	ahmed ali	3	3	False	True	ABSTRACT_ONLY	False	0	1	ACCEPT	Twilight in Delhi	Ali, Ahmed	HELDOUT	False
OA2PRODV1_81fc847177c8f4e1	A2_AUTHOR_REVERSAL	W000013503	W2998812058	1	1	1	1	OAQ000045158	OAE000030269	OAA000014858	Twilight in Delhi	Ali, Ahmed	twilight in delhi	ali ahmed	ahmed ali	3	3	True	True	TITLE_AND_ABSTRACT	False	0	1	ACCEPT	Twilight in Delhi	Ali, Ahmed	HELDOUT	False
OA2PRODV1_ae11cf1fa43bb046	A2_AUTHOR_REVERSAL	W000013503	W3004393060	1	1	1	1	OAQ000045158	OAE000030269	OAA000014858	Twilight in Delhi	Ali, Ahmed	twilight in delhi	ali ahmed	ahmed ali	3	3	True	True	TITLE_AND_ABSTRACT	False	0	1	ACCEPT	Twilight in Delhi	Ali, Ahmed	HELDOUT	False
OA2PRODV1_010299ab185ab396	A2_AUTHOR_REVERSAL	W000013503	W3005898640	1	1	1	1	OAQ000045158	OAE000030269	OAA000014858	Twilight in Delhi	Ali, Ahmed	twilight in delhi	ali ahmed	ahmed ali	3	3	True	True	TITLE_AND_ABSTRACT	False	0	1	ACCEPT	Twilight in Delhi	Ali, Ahmed	HELDOUT	False
OA2PRODV1_56319e3fd404ed6d	A2_AUTHOR_REVERSAL	W000013503	W3027721888	1	1	1	1	OAQ000045158	OAE000030269	OAA000014858	Twilight in Delhi	Ali, Ahmed	twilight in delhi	ali ahmed	ahmed ali	3	3	False	True	ABSTRACT_ONLY	False	0	1	ACCEPT	Twilight in Delhi	Ali, Ahmed	HELDOUT	False
OA2PRODV1_d7d657ae5d91ea07	A2_AUTHOR_REVERSAL	W000013503	W3036085620	1	1	1	1	OAQ000045158	OAE000030269	OAA000014858	Twilight in Delhi	Ali, Ahmed	twilight in delhi	ali ahmed	ahmed ali	3	3	True	True	TITLE_AND_ABSTRACT	False	0	1	ACCEPT	Twilight in Delhi	Ali, Ahmed	HELDOUT	False
OA2PRODV1_95deaa9c1102345f	A2_AUTHOR_REVERSAL	W000013503	W3037163447	1	1	1	1	OAQ000045158	OAE000030269	OAA000014858	Twilight in Delhi	Ali, Ahmed	twilight in delhi	ali ahmed	ahmed ali	3	3	True	True	TITLE_AND_ABSTRACT	False	0	1	ACCEPT	Twilight in Delhi	Ali, Ahmed	HELDOUT	False
OA2PRODV1_fe1ffd49ce3ba564	A2_AUTHOR_REVERSAL	W000013503	W3096608731	1	1	1	1	OAQ000045158	OAE000030269	OAA000014858	Twilight in Delhi	Ali, Ahmed	twilight in delhi	ali ahmed	ahmed ali	3	3	True	True	TITLE_AND_ABSTRACT	False	0	1	ACCEPT	Twilight in Delhi	Ali, Ahmed	HELDOUT	False
OA2PRODV1_3a94d98777db1cb0	A2_AUTHOR_REVERSAL	W000013503	W3111385719	1	1	1	1	OAQ000045158	OAE000030269	OAA000014858	Twilight in Delhi	Ali, Ahmed	twilight in delhi	ali ahmed	ahmed ali	3	3	False	True	ABSTRACT_ONLY	False	0	1	ACCEPT	Twilight in Delhi	Ali, Ahmed	HELDOUT	False
OA2PRODV1_f509646b1e7587be	A2_AUTHOR_REVERSAL	W000013503	W3125652520	1	1	1	1	OAQ000045158	OAE000030269	OAA000014858	Twilight in Delhi	Ali, Ahmed	twilight in delhi	ali ahmed	ahmed ali	3	3	False	True	ABSTRACT_ONLY	False	0	1	ACCEPT	Twilight in Delhi	Ali, Ahmed	HELDOUT	False
OA2PRODV1_1bb024c44e578fe2	A2_AUTHOR_REVERSAL	W000013503	W3137641298	1	1	1	1	OAQ000045158	OAE000030269	OAA000014858	Twilight in Delhi	Ali, Ahmed	twilight in delhi	ali ahmed	ahmed ali	3	3	True	True	TITLE_AND_ABSTRACT	False	0	1	ACCEPT	Twilight in Delhi	Ali, Ahmed	HELDOUT	False
OA2PRODV1_97f164b70d9cc47b	A2_AUTHOR_REVERSAL	W000013503	W3150886971	1	1	1	1	OAQ000045158	OAE000030269	OAA000014858	Twilight in Delhi	Ali, Ahmed	twilight in delhi	ali ahmed	ahmed ali	3	3	False	True	ABSTRACT_ONLY	False	0	1	ACCEPT	Twilight in Delhi	Ali, Ahmed	HELDOUT	False
OA2PRODV1_519ed81a377b045d	A2_AUTHOR_REVERSAL	W000013503	W3155208793	1	1	1	1	OAQ000045158	OAE000030269	OAA000014858	Twilight in Delhi	Ali, Ahmed	twilight in delhi	ali ahmed	ahmed ali	3	3	False	True	ABSTRACT_ONLY	False	0	1	ACCEPT	Twilight in Delhi	Ali, Ahmed	HELDOUT	False
OA2PRODV1_1d2c3a9113a58caa	A2_AUTHOR_REVERSAL	W000013503	W3174722382	1	1	1	1	OAQ000045158	OAE000030269	OAA000014858	Twilight in Delhi	Ali, Ahmed	twilight in delhi	ali ahmed	ahmed ali	3	3	True	True	TITLE_AND_ABSTRACT	False	0	1	ACCEPT	Twilight in Delhi	Ali, Ahmed	HELDOUT	False
OA2PRODV1_97949c40712c8998	A2_AUTHOR_REVERSAL	W000013503	W3175894054	1	1	1	1	OAQ000045158	OAE000030269	OAA000014858	Twilight in Delhi	Ali, Ahmed	twilight in delhi	ali ahmed	ahmed ali	3	3	False	True	ABSTRACT_ONLY	False	0	1	ACCEPT	Twilight in Delhi	Ali, Ahmed	HELDOUT	False
OA2PRODV1_f10cbbf545c6fcc3	A2_AUTHOR_REVERSAL	W000013503	W3176719610	1	1	1	1	OAQ000045158	OAE000030269	OAA000014858	Twilight in Delhi	Ali, Ahmed	twilight in delhi	ali ahmed	ahmed ali	3	3	True	True	TITLE_AND_ABSTRACT	False	0	1	ACCEPT	Twilight in Delhi	Ali, Ahmed	HELDOUT	False
OA2PRODV1_a7ea35598aa8c25a	A2_AUTHOR_REVERSAL	W000013503	W3209763074	1	1	1	1	OAQ000045158	OAE000030269	OAA000014858	Twilight in Delhi	Ali, Ahmed	twilight in delhi	ali ahmed	ahmed ali	3	3	False	True	ABSTRACT_ONLY	False	0	1	ACCEPT	Twilight in Delhi	Ali, Ahmed	HELDOUT	False
OA2PRODV1_d7f1bc861d18cbe2	A2_AUTHOR_REVERSAL	W000013503	W3215242718	1	1	1	1	OAQ000045158	OAE000030269	OAA000014858	Twilight in Delhi	Ali, Ahmed	twilight in delhi	ali ahmed	ahmed ali	3	3	False	True	ABSTRACT_ONLY	False	0	1	ACCEPT	Twilight in Delhi	Ali, Ahmed	HELDOUT	False
OA2PRODV1_e687ad780d554487	A2_AUTHOR_REVERSAL	W000013503	W4200612607	1	1	1	1	OAQ000045158	OAE000030269	OAA000014858	Twilight in Delhi	Ali, Ahmed	twilight in delhi	ali ahmed	ahmed ali	3	3	True	True	TITLE_AND_ABSTRACT	False	0	1	ACCEPT	Twilight in Delhi	Ali, Ahmed	HELDOUT	False
OA2PRODV1_e9b84804979d2536	A2_AUTHOR_REVERSAL	W000013503	W4210862133	1	1	1	1	OAQ000045158	OAE000030269	OAA000014858	Twilight in Delhi	Ali, Ahmed	twilight in delhi	ali ahmed	ahmed ali	3	3	True	True	TITLE_AND_ABSTRACT	False	0	1	ACCEPT	Twilight in Delhi	Ali, Ahmed	HELDOUT	False
OA2PRODV1_cb6003c51a890ad7	A2_AUTHOR_REVERSAL	W000013503	W4234188328	1	1	1	1	OAQ000045158	OAE000030269	OAA000014858	Twilight in Delhi	Ali, Ahmed	twilight in delhi	ali ahmed	ahmed ali	3	3	False	True	ABSTRACT_ONLY	False	0	1	ACCEPT	Twilight in Delhi	Ali, Ahmed	HELDOUT	False
OA2PRODV1_1253a692a2c84b04	A2_AUTHOR_REVERSAL	W000013503	W4246559253	1	1	1	1	OAQ000045158	OAE000030269	OAA000014858	Twilight in Delhi	Ali, Ahmed	twilight in delhi	ali ahmed	ahmed ali	3	3	False	True	ABSTRACT_ONLY	False	0	1	ACCEPT	Twilight in Delhi	Ali, Ahmed	HELDOUT	False
OA2PRODV1_b395a9241f2d5141	A2_AUTHOR_REVERSAL	W000013503	W4247763477	1	1	1	1	OAQ000045158	OAE000030269	OAA000014858	Twilight in Delhi	Ali, Ahmed	twilight in delhi	ali ahmed	ahmed ali	3	3	False	True	ABSTRACT_ONLY	False	0	1	ACCEPT	Twilight in Delhi	Ali, Ahmed	HELDOUT	False
OA2PRODV1_d597380b7c4fddbb	A2_AUTHOR_REVERSAL	W000013503	W4254349853	1	1	1	1	OAQ000045158	OAE000030269	OAA000014858	Twilight in Delhi	Ali, Ahmed	twilight in delhi	ali ahmed	ahmed ali	3	3	False	True	ABSTRACT_ONLY	False	0	1	ACCEPT	Twilight in Delhi	Ali, Ahmed	HELDOUT	False
OA2PRODV1_fe974c2b0040783e	A2_AUTHOR_REVERSAL	W000013503	W4255288851	1	1	1	1	OAQ000045158	OAE000030269	OAA000014858	Twilight in Delhi	Ali, Ahmed	twilight in delhi	ali ahmed	ahmed ali	3	3	False	True	ABSTRACT_ONLY	False	0	1	ACCEPT	Twilight in Delhi	Ali, Ahmed	HELDOUT	False
OA2PRODV1_a5bddc6436409f92	A2_AUTHOR_REVERSAL	W000013503	W4281843007	1	1	1	1	OAQ000045158	OAE000030269	OAA000014858	Twilight in Delhi	Ali, Ahmed	twilight in delhi	ali ahmed	ahmed ali	3	3	True	True	TITLE_AND_ABSTRACT	False	0	1	ACCEPT	Twilight in Delhi	Ali, Ahmed	HELDOUT	False
OA2PRODV1_63027c2a01a732cc	A2_AUTHOR_REVERSAL	W000013503	W4285451454	1	1	1	1	OAQ000045158	OAE000030269	OAA000014858	Twilight in Delhi	Ali, Ahmed	twilight in delhi	ali ahmed	ahmed ali	3	3	True	True	TITLE_AND_ABSTRACT	False	0	1	ACCEPT	Twilight in Delhi	Ali, Ahmed	HELDOUT	False
OA2PRODV1_097560fd4492b1f2	A2_AUTHOR_REVERSAL	W000013503	W4287095854	1	1	1	1	OAQ000045158	OAE000030269	OAA000014858	Twilight in Delhi	Ali, Ahmed	twilight in delhi	ali ahmed	ahmed ali	3	3	True	True	TITLE_AND_ABSTRACT	False	0	1	ACCEPT	Twilight in Delhi	Ali, Ahmed	HELDOUT	False
OA2PRODV1_4ef2c39412aada58	A2_AUTHOR_REVERSAL	W000013503	W4294605558	1	1	1	1	OAQ000045158	OAE000030269	OAA000014858	Twilight in Delhi	Ali, Ahmed	twilight in delhi	ali ahmed	ahmed ali	3	3	True	True	TITLE_AND_ABSTRACT	False	0	1	ACCEPT	Twilight in Delhi	Ali, Ahmed	HELDOUT	False
OA2PRODV1_6da36edd22ca360c	A2_AUTHOR_REVERSAL	W000013503	W4307200780	1	1	1	1	OAQ000045158	OAE000030269	OAA000014858	Twilight in Delhi	Ali, Ahmed	twilight in delhi	ali ahmed	ahmed ali	3	3	False	True	ABSTRACT_ONLY	False	0	1	ACCEPT	Twilight in Delhi	Ali, Ahmed	HELDOUT	False
OA2PRODV1_bda36a131ea5e615	A2_AUTHOR_REVERSAL	W000013503	W4310490346	1	1	1	1	OAQ000045158	OAE000030269	OAA000014858	Twilight in Delhi	Ali, Ahmed	twilight in delhi	ali ahmed	ahmed ali	3	3	False	True	ABSTRACT_ONLY	False	0	1	ACCEPT	Twilight in Delhi	Ali, Ahmed	HELDOUT	False
OA2PRODV1_b947bcc1d2d2407e	A2_AUTHOR_REVERSAL	W000013503	W4323968187	1	1	1	1	OAQ000045158	OAE000030269	OAA000014858	Twilight in Delhi	Ali, Ahmed	twilight in delhi	ali ahmed	ahmed ali	3	3	True	True	TITLE_AND_ABSTRACT	False	0	1	ACCEPT	Twilight in Delhi	Ali, Ahmed	HELDOUT	False
OA2PRODV1_11e624bde6d87f7e	A2_AUTHOR_REVERSAL	W000013503	W4327586795	1	1	1	1	OAQ000045158	OAE000030269	OAA000014858	Twilight in Delhi	Ali, Ahmed	twilight in delhi	ali ahmed	ahmed ali	3	3	True	False	TITLE_ONLY	False	0	1	ACCEPT	Twilight in Delhi	Ali, Ahmed	HELDOUT	False
OA2PRODV1_a83f117dfc68c81f	A2_AUTHOR_REVERSAL	W000013503	W4384072528	1	1	1	1	OAQ000045158	OAE000030269	OAA000014858	Twilight in Delhi	Ali, Ahmed	twilight in delhi	ali ahmed	ahmed ali	3	3	True	True	TITLE_AND_ABSTRACT	False	0	1	ACCEPT	Twilight in Delhi	Ali, Ahmed	HELDOUT	False
OA2PRODV1_853b1f6341d83d20	A2_AUTHOR_REVERSAL	W000013503	W4389321552	1	1	1	1	OAQ000045158	OAE000030269	OAA000014858	Twilight in Delhi	Ali, Ahmed	twilight in delhi	ali ahmed	ahmed ali	3	3	True	True	TITLE_AND_ABSTRACT	False	0	1	ACCEPT	Twilight in Delhi	Ali, Ahmed	HELDOUT	False
OA2PRODV1_b8d17af0eaf0d4a2	A2_AUTHOR_REVERSAL	W000013503	W4390477112	1	1	1	1	OAQ000045158	OAE000030269	OAA000014858	Twilight in Delhi	Ali, Ahmed	twilight in delhi	ali ahmed	ahmed ali	3	3	True	True	TITLE_AND_ABSTRACT	False	0	1	ACCEPT	Twilight in Delhi	Ali, Ahmed	HELDOUT	False
OA2PRODV1_94fb47ed127ddac7	A2_AUTHOR_REVERSAL	W000013503	W4391105092	1	1	1	1	OAQ000045158	OAE000030269	OAA000014858	Twilight in Delhi	Ali, Ahmed	twilight in delhi	ali ahmed	ahmed ali	3	3	True	True	TITLE_AND_ABSTRACT	False	0	1	ACCEPT	Twilight in Delhi	Ali, Ahmed	HELDOUT	False
OA2PRODV1_667963372b64edfc	A2_AUTHOR_REVERSAL	W000013503	W4393138150	1	1	1	1	OAQ000045158	OAE000030269	OAA000014858	Twilight in Delhi	Ali, Ahmed	twilight in delhi	ali ahmed	ahmed ali	3	3	True	False	TITLE_ONLY	False	0	1	ACCEPT	Twilight in Delhi	Ali, Ahmed	HELDOUT	False
OA2PRODV1_6165d02af59bc338	A2_AUTHOR_REVERSAL	W000013503	W4393196828	1	1	1	1	OAQ000045158	OAE000030269	OAA000014858	Twilight in Delhi	Ali, Ahmed	twilight in delhi	ali ahmed	ahmed ali	3	3	False	True	ABSTRACT_ONLY	False	0	1	ACCEPT	Twilight in Delhi	Ali, Ahmed	HELDOUT	False
OA2PRODV1_db5d6565d639fc92	A2_AUTHOR_REVERSAL	W000013503	W4405971065	1	1	1	1	OAQ000045158	OAE000030269	OAA000014858	Twilight in Delhi	Ali, Ahmed	twilight in delhi	ali ahmed	ahmed ali	3	3	False	True	ABSTRACT_ONLY	False	0	1	ACCEPT	Twilight in Delhi	Ali, Ahmed	HELDOUT	False
OA2PRODV1_57f3fc17a47ee580	A2_AUTHOR_REVERSAL	W000013503	W4406796366	1	1	1	1	OAQ000045158	OAE000030269	OAA000014858	Twilight in Delhi	Ali, Ahmed	twilight in delhi	ali ahmed	ahmed ali	3	3	True	True	TITLE_AND_ABSTRACT	False	0	1	ACCEPT	Twilight in Delhi	Ali, Ahmed	HELDOUT	False
OA2PRODV1_0de0977a11066d22	A2_AUTHOR_REVERSAL	W000013503	W4410215102	1	1	1	1	OAQ000045158	OAE000030269	OAA000014858	Twilight in Delhi	Ali, Ahmed	twilight in delhi	ali ahmed	ahmed ali	3	3	True	True	TITLE_AND_ABSTRACT	False	0	1	ACCEPT	Twilight in Delhi	Ali, Ahmed	HELDOUT	False
OA2PRODV1_c211927b6acc8468	A2_AUTHOR_REVERSAL	W000013503	W4411292422	1	1	1	1	OAQ000045158	OAE000030269	OAA000014858	Twilight in Delhi	Ali, Ahmed	twilight in delhi	ali ahmed	ahmed ali	3	3	False	True	ABSTRACT_ONLY	False	0	1	ACCEPT	Twilight in Delhi	Ali, Ahmed	HELDOUT	False
OA2PRODV1_6aafeb8c6b92e6f5	A2_AUTHOR_REVERSAL	W000013503	W4411441874	1	1	1	1	OAQ000045158	OAE000030269	OAA000014858	Twilight in Delhi	Ali, Ahmed	twilight in delhi	ali ahmed	ahmed ali	3	3	True	True	TITLE_AND_ABSTRACT	False	0	1	ACCEPT	Twilight in Delhi	Ali, Ahmed	HELDOUT	False
OA2PRODV1_2192d2b74138190d	A2_AUTHOR_REVERSAL	W000013503	W4416030301	1	1	1	1	OAQ000045158	OAE000030269	OAA000014858	Twilight in Delhi	Ali, Ahmed	twilight in delhi	ali ahmed	ahmed ali	3	3	True	True	TITLE_AND_ABSTRACT	False	0	1	ACCEPT	Twilight in Delhi	Ali, Ahmed	HELDOUT	False
OA2PRODV1_80a96040a1b02147	A2_AUTHOR_REVERSAL	W000013503	W562768566	1	1	1	1	OAQ000045158	OAE000030269	OAA000014858	Twilight in Delhi	Ali, Ahmed	twilight in delhi	ali ahmed	ahmed ali	3	3	False	True	ABSTRACT_ONLY	False	0	1	ACCEPT	Twilight in Delhi	Ali, Ahmed	HELDOUT	False
OA2PRODV1_ab27909caaa1640b	A2_AUTHOR_REVERSAL	W000013503	W629372208	1	1	1	1	OAQ000045158	OAE000030269	OAA000014858	Twilight in Delhi	Ali, Ahmed	twilight in delhi	ali ahmed	ahmed ali	3	3	True	False	TITLE_ONLY	False	0	1	ACCEPT	Twilight in Delhi	Ali, Ahmed	HELDOUT	False
OA2PRODV1_5d812b8593f616a7	A2_AUTHOR_REVERSAL	W000013503	W6893035100	1	1	1	1	OAQ000045158	OAE000030269	OAA000014858	Twilight in Delhi	Ali, Ahmed	twilight in delhi	ali ahmed	ahmed ali	3	3	True	True	TITLE_AND_ABSTRACT	False	0	1	ACCEPT	Twilight in Delhi	Ali, Ahmed	HELDOUT	False
OA2PRODV1_b8c4f4f932262899	A2_AUTHOR_REVERSAL	W000013503	W6893817837	1	1	1	1	OAQ000045158	OAE000030269	OAA000014858	Twilight in Delhi	Ali, Ahmed	twilight in delhi	ali ahmed	ahmed ali	3	3	True	True	TITLE_AND_ABSTRACT	False	0	1	ACCEPT	Twilight in Delhi	Ali, Ahmed	HELDOUT	False
OA2PRODV1_b617c1c5405142bc	A2_AUTHOR_REVERSAL	W000013503	W6911710284	1	1	1	1	OAQ000045158	OAE000030269	OAA000014858	Twilight in Delhi	Ali, Ahmed	twilight in delhi	ali ahmed	ahmed ali	3	3	True	True	TITLE_AND_ABSTRACT	False	0	1	ACCEPT	Twilight in Delhi	Ali, Ahmed	HELDOUT	False
OA2PRODV1_0cf2a21a18bf915e	A2_AUTHOR_REVERSAL	W000013503	W6912598131	1	1	1	1	OAQ000045158	OAE000030269	OAA000014858	Twilight in Delhi	Ali, Ahmed	twilight in delhi	ali ahmed	ahmed ali	3	3	True	True	TITLE_AND_ABSTRACT	False	0	1	ACCEPT	Twilight in Delhi	Ali, Ahmed	HELDOUT	False
OA2PRODV1_4b0a36a9234e28a2	A2_AUTHOR_REVERSAL	W000013503	W6912628671	1	1	1	1	OAQ000045158	OAE000030269	OAA000014858	Twilight in Delhi	Ali, Ahmed	twilight in delhi	ali ahmed	ahmed ali	3	3	True	True	TITLE_AND_ABSTRACT	False	0	1	ACCEPT	Twilight in Delhi	Ali, Ahmed	HELDOUT	False
OA2PRODV1_4a1ce59e4e535f58	A2_AUTHOR_REVERSAL	W000013503	W6968231115	1	1	1	1	OAQ000045158	OAE000030269	OAA000014858	Twilight in Delhi	Ali, Ahmed	twilight in delhi	ali ahmed	ahmed ali	3	3	True	True	TITLE_AND_ABSTRACT	False	0	1	ACCEPT	Twilight in Delhi	Ali, Ahmed	HELDOUT	False
OA2PRODV1_68b0bed4b64e8be4	A2_AUTHOR_REVERSAL	W000013503	W7010071403	1	1	1	1	OAQ000045158	OAE000030269	OAA000014858	Twilight in Delhi	Ali, Ahmed	twilight in delhi	ali ahmed	ahmed ali	3	3	False	True	ABSTRACT_ONLY	False	0	1	ACCEPT	Twilight in Delhi	Ali, Ahmed	HELDOUT	False
OA2PRODV1_2d3694260b618c53	A2_AUTHOR_REVERSAL	W000013503	W7048559065	1	1	1	1	OAQ000045158	OAE000030269	OAA000014858	Twilight in Delhi	Ali, Ahmed	twilight in delhi	ali ahmed	ahmed ali	3	3	False	True	ABSTRACT_ONLY	False	0	1	ACCEPT	Twilight in Delhi	Ali, Ahmed	HELDOUT	False
OA2PRODV1_5b463dd9ea59b47d	A2_AUTHOR_REVERSAL	W000013503	W7057180675	1	1	1	1	OAQ000045158	OAE000030269	OAA000014858	Twilight in Delhi	Ali, Ahmed	twilight in delhi	ali ahmed	ahmed ali	3	3	False	True	ABSTRACT_ONLY	False	0	1	ACCEPT	Twilight in Delhi	Ali, Ahmed	HELDOUT	False
OA2PRODV1_851c1183e8a71536	A2_AUTHOR_REVERSAL	W000013503	W7130844382	1	1	1	1	OAQ000045158	OAE000030269	OAA000014858	Twilight in Delhi	Ali, Ahmed	twilight in delhi	ali ahmed	ahmed ali	3	3	True	True	TITLE_AND_ABSTRACT	False	0	1	ACCEPT	Twilight in Delhi	Ali, Ahmed	HELDOUT	False
OA2PRODV1_bc3121ff5beb3e68	A2_AUTHOR_REVERSAL	W000013503	W7135041177	1	1	1	1	OAQ000045158	OAE000030269	OAA000014858	Twilight in Delhi	Ali, Ahmed	twilight in delhi	ali ahmed	ahmed ali	3	3	True	True	TITLE_AND_ABSTRACT	False	0	1	ACCEPT	Twilight in Delhi	Ali, Ahmed	HELDOUT	False
OA2PRODV1_64637d5d8b97ca12	A2_AUTHOR_REVERSAL	W000013503	W7154459597	1	1	1	1	OAQ000045158	OAE000030269	OAA000014858	Twilight in Delhi	Ali, Ahmed	twilight in delhi	ali ahmed	ahmed ali	3	3	True	True	TITLE_AND_ABSTRACT	False	0	1	ACCEPT	Twilight in Delhi	Ali, Ahmed	HELDOUT	False
OA2PRODV1_f222de5738fc7dc4	A2_AUTHOR_REVERSAL	W000013503	W7160304805	1	1	1	1	OAQ000045158	OAE000030269	OAA000014858	Twilight in Delhi	Ali, Ahmed	twilight in delhi	ali ahmed	ahmed ali	3	3	True	True	TITLE_AND_ABSTRACT	False	0	1	ACCEPT	Twilight in Delhi	Ali, Ahmed	HELDOUT	False
OA2PRODV1_c345ba00a6b54c55	A2_AUTHOR_REVERSAL	W000013503	W7164130695	1	1	1	1	OAQ000045158	OAE000030269	OAA000014858	Twilight in Delhi	Ali, Ahmed	twilight in delhi	ali ahmed	ahmed ali	3	3	True	True	TITLE_AND_ABSTRACT	False	0	1	ACCEPT	Twilight in Delhi	Ali, Ahmed	HELDOUT	False
OA2PRODV1_349e5cedcafa3e6d	A2_AUTHOR_REVERSAL	W000013503	W7164656045	1	1	1	1	OAQ000045158	OAE000030269	OAA000014858	Twilight in Delhi	Ali, Ahmed	twilight in delhi	ali ahmed	ahmed ali	3	3	False	True	ABSTRACT_ONLY	False	0	1	ACCEPT	Twilight in Delhi	Ali, Ahmed	HELDOUT	False
OA2PRODV1_6c2797b3a7148252	A2_AUTHOR_REVERSAL	W000013503	W7208837973	1	1	1	1	OAQ000045158	OAE000030269	OAA000014858	Twilight in Delhi	Ali, Ahmed	twilight in delhi	ali ahmed	ahmed ali	3	3	True	True	TITLE_AND_ABSTRACT	False	0	1	ACCEPT	Twilight in Delhi	Ali, Ahmed	HELDOUT	False
OA2PRODV1_979d0a98c28aad55	A2_AUTHOR_REVERSAL	W000013783	W4291312535	1	1	1	1	OAQ000045998	OAE000007210	OAA000015174	Finn and his companions	O'Grady, Standish	finn and his companions	o grady standish	standish o grady	4	4	False	True	ABSTRACT_ONLY	False	0	1	ACCEPT	Finn and his companions	O'Grady, Standish	HELDOUT	False
OA2PRODV1_104eea4caf0c0af2	A2_AUTHOR_REVERSAL	W000013783	W6929046776	1	1	1	1	OAQ000045998	OAE000007210	OAA000015174	Finn and his companions	O'Grady, Standish	finn and his companions	o grady standish	standish o grady	4	4	True	True	TITLE_AND_ABSTRACT	False	0	1	ACCEPT	Finn and his companions	O'Grady, Standish	HELDOUT	False
OA2PRODV1_d2251b5c09210d98	A2_AUTHOR_REVERSAL	W000013783	W7066093046	1	1	1	1	OAQ000045998	OAE000007210	OAA000015174	Finn and his companions	O'Grady, Standish	finn and his companions	o grady standish	standish o grady	4	4	True	False	TITLE_ONLY	False	0	1	ACCEPT	Finn and his companions	O'Grady, Standish	HELDOUT	False
OA2PRODV1_be4a21f8d11666c3	A2_AUTHOR_REVERSAL	W000014130	W7001532004	1	1	1	1	OAQ000047039	OAE000011225	OAA000015556	Lazarillo español	Bayo, Ciro	lazarillo español	bayo ciro	ciro bayo	2	2	True	False	TITLE_ONLY	False	0	1	ACCEPT	Lazarillo español	Bayo, Ciro	HELDOUT	False
OA2PRODV1_fb526d32038a7904	A2_AUTHOR_REVERSAL	W000014281	W2496247955	1	1	1	1	OAQ000047490	OAE000014479	OAA000015733	Old Gorgon Graham	Lorimer, George Horace	old gorgon graham	lorimer george horace	george horace lorimer	3	3	False	True	ABSTRACT_ONLY	False	0	1	ACCEPT	Old Gorgon Graham	Lorimer, George Horace	HELDOUT	False
OA2PRODV1_d17e72e03b29af86	A2_AUTHOR_REVERSAL	W000014904	W2905155753	1	1	1	1	OAQ000049345	OAE000029248	OAA000016468	There comes a time	Bell, Thomas	there comes a time	bell thomas	thomas bell	4	4	False	True	ABSTRACT_ONLY	False	0	1	ACCEPT	There comes a time	Bell, Thomas	HELDOUT	False
OA2PRODV1_4bee0b54bba1330d	A2_AUTHOR_REVERSAL	W000015790	W2762333438	1	1	1	1	OAQ000051709	OAE000021407	OAA000017402	The cup of trembling, and other stories	Foote, Mary Hallock	the cup of trembling and other stories	foote mary hallock	mary hallock foote	7	7	False	True	ABSTRACT_ONLY	False	0	1	ACCEPT	The cup of trembling, and other stories	Foote, Mary Hallock	HELDOUT	False
OA2PRODV1_efa555cb5b807063	A2_AUTHOR_REVERSAL	W000015937	W2315463074	1	1	1	1	OAQ000052150	OAE000029358	OAA000017587	This is Catholic fiction	Gable, Mariella	this is catholic fiction	gable mariella	mariella gable	4	4	True	False	TITLE_ONLY	True	1	2	ACCEPT	This is Catholic fiction	Gable, Mariella	HELDOUT	False
OA2PRODV1_e5524b50454c16ee	A2_AUTHOR_REVERSAL	W000016880	W2467008059	1	1	1	1	OAQ000054899	OAE000012608	OAA000018663	Master Skylark	Bennett, John	master skylark	bennett john	john bennett	2	2	False	True	ABSTRACT_ONLY	False	0	1	ACCEPT	Master Skylark	Bennett, John	HELDOUT	False
OA2PRODV1_82a42fb596a348e0	A2_AUTHOR_REVERSAL	W000016880	W7002111726	1	1	1	1	OAQ000054899	OAE000012608	OAA000018663	Master Skylark	Bennett, John	master skylark	bennett john	john bennett	2	2	True	False	TITLE_ONLY	False	0	1	ACCEPT	Master Skylark	Bennett, John	HELDOUT	False
OA2PRODV1_40eec59d5dc1275f	A2_AUTHOR_REVERSAL	W000017463	W4248771346	1	1	1	1	OAQ000056646	OAE000018452	OAA000019346	Stolica	Gojawiczyńska, Pola	stolica	gojawiczyńska pola	pola gojawiczyńska	1	1	False	True	ABSTRACT_ONLY	False	0	1	REVIEW	Stolica	Gojawiczyńska, Pola	HELDOUT	False
OA2PRODV1_5315314aa71a967a	A2_AUTHOR_REVERSAL	W000018005	W175741294	1	1	1	1	OAQ000058262	OAE000001999	OAA000020001	All things betray thee	Thomas, Gwyn	all things betray thee	thomas gwyn	gwyn thomas	4	4	True	False	TITLE_ONLY	False	0	1	ACCEPT	All things betray thee	Thomas, Gwyn	HELDOUT	False
OA2PRODV1_5f7101a72b1a9733	A2_AUTHOR_REVERSAL	W000018005	W2338713626	1	1	1	1	OAQ000058262	OAE000001999	OAA000020001	All things betray thee	Thomas, Gwyn	all things betray thee	thomas gwyn	gwyn thomas	4	4	False	True	ABSTRACT_ONLY	False	0	1	ACCEPT	All things betray thee	Thomas, Gwyn	HELDOUT	False
OA2PRODV1_bf6e239237b56568	A2_AUTHOR_REVERSAL	W000018005	W4400387999	1	1	1	1	OAQ000058262	OAE000001999	OAA000020001	All things betray thee	Thomas, Gwyn	all things betray thee	thomas gwyn	gwyn thomas	4	4	False	True	ABSTRACT_ONLY	False	0	1	ACCEPT	All things betray thee	Thomas, Gwyn	HELDOUT	False
OA2PRODV1_5f51233812300a06	A2_AUTHOR_REVERSAL	W000018005	W7154529207	1	1	1	1	OAQ000058262	OAE000001999	OAA000020001	All things betray thee	Thomas, Gwyn	all things betray thee	thomas gwyn	gwyn thomas	4	4	False	True	ABSTRACT_ONLY	False	0	1	ACCEPT	All things betray thee	Thomas, Gwyn	HELDOUT	False
OA2PRODV1_ff10b7f98e39b89e	A2_AUTHOR_REVERSAL	W000019850	W2031689070	1	1	1	1	OAQ000063760	OAE000005795	OAA000022374	Deep river	Wood, Clement	deep river	wood clement	clement wood	2	2	False	True	ABSTRACT_ONLY	True	1	2	REVIEW	Deep river	Wood, Clement	HELDOUT	False
OA2PRODV1_87c09dcb73a5799d	A2_AUTHOR_REVERSAL	W000020598	W2066709596	1	1	1	1	OAQ000065994	OAE000007694	OAA000023278	Free born	Nearing, Scott	free born	nearing scott	scott nearing	2	2	False	True	ABSTRACT_ONLY	False	0	1	ACCEPT	Free born	Nearing, Scott	HELDOUT	False
OA2PRODV1_812d122968b9443a	A2_AUTHOR_REVERSAL	W000021700	W2072388391	1	1	1	1	OAQ000069300	OAE000023614	OAA000024449	The invasion	Lewis, Janet	the invasion	lewis janet	janet lewis	2	2	False	True	ABSTRACT_ONLY	True	1	2	REVIEW	The invasion	Lewis, Janet	HELDOUT	False
OA2PRODV1_661fa66b8b9f1a10	A2_AUTHOR_REVERSAL	W000021700	W2764187365	1	1	1	1	OAQ000069300	OAE000023614	OAA000024449	The invasion	Lewis, Janet	the invasion	lewis janet	janet lewis	2	2	False	True	ABSTRACT_ONLY	True	1	2	REVIEW	The invasion	Lewis, Janet	HELDOUT	False
OA2PRODV1_2429560ddc941d17	A2_AUTHOR_REVERSAL	W000021700	W3087594472	1	1	1	1	OAQ000069300	OAE000023614	OAA000024449	The invasion	Lewis, Janet	the invasion	lewis janet	janet lewis	2	2	True	False	TITLE_ONLY	True	1	2	ACCEPT	The invasion	Lewis, Janet	HELDOUT	False
OA2PRODV1_d81be9b6441be6f8	A2_AUTHOR_REVERSAL	W000021700	W4409473488	1	1	1	1	OAQ000069300	OAE000023614	OAA000024449	The invasion	Lewis, Janet	the invasion	lewis janet	janet lewis	2	2	True	True	TITLE_AND_ABSTRACT	True	1	2	ACCEPT	The invasion	Lewis, Janet	HELDOUT	False
OA2PRODV1_973e6b6cf9b5df1e	A2_AUTHOR_REVERSAL	W000021700	W6990822019	1	1	1	1	OAQ000069300	OAE000023614	OAA000024449	The invasion	Lewis, Janet	the invasion	lewis janet	janet lewis	2	2	True	True	TITLE_AND_ABSTRACT	True	1	2	ACCEPT	The invasion	Lewis, Janet	HELDOUT	False
OA2PRODV1_ee5a79cef60070bd	A2_AUTHOR_REVERSAL	W000021700	W7050405890	1	1	1	1	OAQ000069300	OAE000023614	OAA000024449	The invasion	Lewis, Janet	the invasion	lewis janet	janet lewis	2	2	True	True	TITLE_AND_ABSTRACT	True	1	2	ACCEPT	The invasion	Lewis, Janet	HELDOUT	False
OA2PRODV1_5857d4b6f7b88497	A2_AUTHOR_REVERSAL	W000021700	W7137759186	1	1	1	1	OAQ000069300	OAE000023614	OAA000024449	The invasion	Lewis, Janet	the invasion	lewis janet	janet lewis	2	2	True	True	TITLE_AND_ABSTRACT	True	1	2	ACCEPT	The invasion	Lewis, Janet	HELDOUT	False
OA2PRODV1_5d36cb22bb106804	A2_AUTHOR_REVERSAL	W000022283	W2160129939	1	1	1	1	OAQ000071049	OAE000012300	OAA000025093	Man midwife	Gray, Ernest A.	man midwife	gray ernest a	ernest a gray	2	2	True	True	TITLE_AND_ABSTRACT	False	0	1	ACCEPT	Man midwife	Gray, Ernest A.	HELDOUT	False
OA2PRODV1_8c2d8bb3af16610d	A2_AUTHOR_REVERSAL	W000022283	W2600642203	1	1	1	1	OAQ000071049	OAE000012300	OAA000025093	Man midwife	Gray, Ernest A.	man midwife	gray ernest a	ernest a gray	2	2	False	True	ABSTRACT_ONLY	False	0	1	ACCEPT	Man midwife	Gray, Ernest A.	HELDOUT	False
OA2PRODV1_590de1a8b197e119	A2_AUTHOR_REVERSAL	W000022284	W2160129939	1	1	1	1	OAQ000071052	OAE000018824	OAA000025094	Surgeon's mate	Gray, Ernest A.	surgeon s mate	gray ernest a	ernest a gray	3	3	True	True	TITLE_AND_ABSTRACT	False	0	1	ACCEPT	Surgeon's mate	Gray, Ernest A.	HELDOUT	False
OA2PRODV1_a42f1e9a96c82cea	A2_AUTHOR_REVERSAL	W000023459	W1737427124	1	1	1	1	OAQ000074577	OAE000014802	OAA000026338	Other things being equal	Wolf, Emma	other things being equal	wolf emma	emma wolf	4	4	False	True	ABSTRACT_ONLY	False	0	1	ACCEPT	Other things being equal	Wolf, Emma	HELDOUT	False
OA2PRODV1_9e3c2286fba7f749	A2_AUTHOR_REVERSAL	W000023459	W1981373239	1	1	1	1	OAQ000074577	OAE000014802	OAA000026338	Other things being equal	Wolf, Emma	other things being equal	wolf emma	emma wolf	4	4	True	True	TITLE_AND_ABSTRACT	False	0	1	ACCEPT	Other things being equal	Wolf, Emma	HELDOUT	False
OA2PRODV1_4375655f8a4c634e	A2_AUTHOR_REVERSAL	W000023459	W2070780756	1	1	1	1	OAQ000074577	OAE000014802	OAA000026338	Other things being equal	Wolf, Emma	other things being equal	wolf emma	emma wolf	4	4	False	True	ABSTRACT_ONLY	False	0	1	ACCEPT	Other things being equal	Wolf, Emma	HELDOUT	False
OA2PRODV1_6662a805e784573a	A2_AUTHOR_REVERSAL	W000023459	W2979782016	1	1	1	1	OAQ000074577	OAE000014802	OAA000026338	Other things being equal	Wolf, Emma	other things being equal	wolf emma	emma wolf	4	4	False	True	ABSTRACT_ONLY	False	0	1	ACCEPT	Other things being equal	Wolf, Emma	HELDOUT	False
OA2PRODV1_4a8537331715aad9	A2_AUTHOR_REVERSAL	W000023459	W3111553246	1	1	1	1	OAQ000074577	OAE000014802	OAA000026338	Other things being equal	Wolf, Emma	other things being equal	wolf emma	emma wolf	4	4	True	True	TITLE_AND_ABSTRACT	False	0	1	ACCEPT	Other things being equal	Wolf, Emma	HELDOUT	False
OA2PRODV1_889a0dc91490b42c	A2_AUTHOR_REVERSAL	W000023459	W7044234043	1	1	1	1	OAQ000074577	OAE000014802	OAA000026338	Other things being equal	Wolf, Emma	other things being equal	wolf emma	emma wolf	4	4	True	False	TITLE_ONLY	False	0	1	ACCEPT	Other things being equal	Wolf, Emma	HELDOUT	False
OA2PRODV1_9cd6eb661d811272	A2_AUTHOR_REVERSAL	W000023551	W2160703010	1	1	1	1	OAQ000074853	OAE000012780	OAA000026435	Mendel	Cannan, Gilbert	mendel	cannan gilbert	gilbert cannan	1	1	False	True	ABSTRACT_ONLY	False	0	1	REVIEW	Mendel	Cannan, Gilbert	HELDOUT	False
OA2PRODV1_ea351a7c67576520	A2_AUTHOR_REVERSAL	W000023551	W7048079030	1	1	1	1	OAQ000074853	OAE000012780	OAA000026435	Mendel	Cannan, Gilbert	mendel	cannan gilbert	gilbert cannan	1	1	False	True	ABSTRACT_ONLY	False	0	1	REVIEW	Mendel	Cannan, Gilbert	HELDOUT	False
OA2PRODV1_4388b5f79faa80ba	A2_AUTHOR_REVERSAL	W000023579	W4379648620	1	1	1	1	OAQ000074937	OAE000008730	OAA000026466	He done her wrong	Gross, Milt	he done her wrong	gross milt	milt gross	4	4	False	True	ABSTRACT_ONLY	False	0	1	ACCEPT	He done her wrong	Gross, Milt	HELDOUT	False
OA2PRODV1_a46a44ca2c2d51fd	A2_AUTHOR_REVERSAL	W000023579	W4390772093	1	1	1	1	OAQ000074937	OAE000008730	OAA000026466	He done her wrong	Gross, Milt	he done her wrong	gross milt	milt gross	4	4	False	True	ABSTRACT_ONLY	False	0	1	ACCEPT	He done her wrong	Gross, Milt	HELDOUT	False
OA2PRODV1_c4faae8c6c280cb1	A2_AUTHOR_REVERSAL	W000023579	W7018336284	1	1	1	1	OAQ000074937	OAE000008730	OAA000026466	He done her wrong	Gross, Milt	he done her wrong	gross milt	milt gross	4	4	True	False	TITLE_ONLY	False	0	1	ACCEPT	He done her wrong	Gross, Milt	HELDOUT	False
OA2PRODV1_a7ad2c4279aa24e7	A2_AUTHOR_REVERSAL	W000023695	W4412800233	1	1	1	1	OAQ000075285	OAE000029095	OAA000026594	The yellow briar	Mitchell, John	the yellow briar	mitchell john	john mitchell	3	3	True	True	TITLE_AND_ABSTRACT	True	1	2	ACCEPT	The yellow briar	Mitchell, John	HELDOUT	False
OA2PRODV1_f12f6f3700c0de96	A2_AUTHOR_REVERSAL	W000024259	W4406868542	1	1	1	1	OAQ000076977	OAE000013973	OAA000027191	New York in fiction	Maurice, Arthur Bartlett	new york in fiction	maurice arthur bartlett	arthur bartlett maurice	4	4	False	True	ABSTRACT_ONLY	False	0	1	ACCEPT	New York in fiction	Maurice, Arthur Bartlett	HELDOUT	False
OA2PRODV1_30afe99b01ccb87f	A2_AUTHOR_REVERSAL	W000024419	W1513773225	1	1	1	1	OAQ000077457	OAE000008794	OAA000027357	Hebdomeros	De Chirico, Giorgio	hebdomeros	de chirico giorgio	giorgio de chirico	1	1	False	True	ABSTRACT_ONLY	False	0	1	REVIEW	Hebdomeros	De Chirico, Giorgio	HELDOUT	False
OA2PRODV1_04acda1a1a057fd1	A2_AUTHOR_REVERSAL	W000024419	W1816184831	1	1	1	1	OAQ000077457	OAE000008794	OAA000027357	Hebdomeros	De Chirico, Giorgio	hebdomeros	de chirico giorgio	giorgio de chirico	1	1	True	True	TITLE_AND_ABSTRACT	False	0	1	ACCEPT	Hebdomeros	De Chirico, Giorgio	HELDOUT	False
OA2PRODV1_699132021de815f8	A2_AUTHOR_REVERSAL	W000024419	W1942152788	1	1	1	1	OAQ000077457	OAE000008794	OAA000027357	Hebdomeros	De Chirico, Giorgio	hebdomeros	de chirico giorgio	giorgio de chirico	1	1	False	True	ABSTRACT_ONLY	False	0	1	REVIEW	Hebdomeros	De Chirico, Giorgio	HELDOUT	False
OA2PRODV1_f1446e4fc4dafde0	A2_AUTHOR_REVERSAL	W000024419	W2258263253	1	1	1	1	OAQ000077457	OAE000008794	OAA000027357	Hebdomeros	De Chirico, Giorgio	hebdomeros	de chirico giorgio	giorgio de chirico	1	1	False	True	ABSTRACT_ONLY	False	0	1	REVIEW	Hebdomeros	De Chirico, Giorgio	HELDOUT	False
OA2PRODV1_a36ed9d72c2ccd04	A2_AUTHOR_REVERSAL	W000024419	W2297425859	1	1	1	1	OAQ000077457	OAE000008794	OAA000027357	Hebdomeros	De Chirico, Giorgio	hebdomeros	de chirico giorgio	giorgio de chirico	1	1	False	True	ABSTRACT_ONLY	False	0	1	REVIEW	Hebdomeros	De Chirico, Giorgio	HELDOUT	False
OA2PRODV1_3fbdd8e1c7275008	A2_AUTHOR_REVERSAL	W000024419	W2323588539	1	1	1	1	OAQ000077457	OAE000008794	OAA000027357	Hebdomeros	De Chirico, Giorgio	hebdomeros	de chirico giorgio	giorgio de chirico	1	1	False	True	ABSTRACT_ONLY	False	0	1	REVIEW	Hebdomeros	De Chirico, Giorgio	HELDOUT	False
OA2PRODV1_3576c875050be1b7	A2_AUTHOR_REVERSAL	W000024419	W2536352844	1	1	1	1	OAQ000077457	OAE000008794	OAA000027357	Hebdomeros	De Chirico, Giorgio	hebdomeros	de chirico giorgio	giorgio de chirico	1	1	False	True	ABSTRACT_ONLY	False	0	1	REVIEW	Hebdomeros	De Chirico, Giorgio	HELDOUT	False
OA2PRODV1_d8797b6667780e3f	A2_AUTHOR_REVERSAL	W000024419	W2624681770	1	1	1	1	OAQ000077457	OAE000008794	OAA000027357	Hebdomeros	De Chirico, Giorgio	hebdomeros	de chirico giorgio	giorgio de chirico	1	1	True	True	TITLE_AND_ABSTRACT	False	0	1	ACCEPT	Hebdomeros	De Chirico, Giorgio	HELDOUT	False
OA2PRODV1_469fed2ae6711845	A2_AUTHOR_REVERSAL	W000024419	W2894042991	1	1	1	1	OAQ000077457	OAE000008794	OAA000027357	Hebdomeros	De Chirico, Giorgio	hebdomeros	de chirico giorgio	giorgio de chirico	1	1	False	True	ABSTRACT_ONLY	False	0	1	REVIEW	Hebdomeros	De Chirico, Giorgio	HELDOUT	False
OA2PRODV1_9a3159012ed38dd8	A2_AUTHOR_REVERSAL	W000024419	W3162340772	1	1	1	1	OAQ000077457	OAE000008794	OAA000027357	Hebdomeros	De Chirico, Giorgio	hebdomeros	de chirico giorgio	giorgio de chirico	1	1	True	False	TITLE_ONLY	False	0	1	ACCEPT	Hebdomeros	De Chirico, Giorgio	HELDOUT	False
OA2PRODV1_1180299df159569e	A2_AUTHOR_REVERSAL	W000024419	W3217313497	1	1	1	1	OAQ000077457	OAE000008794	OAA000027357	Hebdomeros	De Chirico, Giorgio	hebdomeros	de chirico giorgio	giorgio de chirico	1	1	False	True	ABSTRACT_ONLY	False	0	1	REVIEW	Hebdomeros	De Chirico, Giorgio	HELDOUT	False
OA2PRODV1_907cbf00376df356	A2_AUTHOR_REVERSAL	W000024419	W4250215435	1	1	1	1	OAQ000077457	OAE000008794	OAA000027357	Hebdomeros	De Chirico, Giorgio	hebdomeros	de chirico giorgio	giorgio de chirico	1	1	True	False	TITLE_ONLY	False	0	1	ACCEPT	Hebdomeros	De Chirico, Giorgio	HELDOUT	False
OA2PRODV1_29477f9bf62ecc3c	A2_AUTHOR_REVERSAL	W000024419	W4308843870	1	1	1	1	OAQ000077457	OAE000008794	OAA000027357	Hebdomeros	De Chirico, Giorgio	hebdomeros	de chirico giorgio	giorgio de chirico	1	1	True	True	TITLE_AND_ABSTRACT	False	0	1	ACCEPT	Hebdomeros	De Chirico, Giorgio	HELDOUT	False
OA2PRODV1_51639dd0e2298bee	A2_AUTHOR_REVERSAL	W000024419	W4312943141	1	1	1	1	OAQ000077457	OAE000008794	OAA000027357	Hebdomeros	De Chirico, Giorgio	hebdomeros	de chirico giorgio	giorgio de chirico	1	1	True	False	TITLE_ONLY	False	0	1	ACCEPT	Hebdomeros	De Chirico, Giorgio	HELDOUT	False
OA2PRODV1_ba1e1ef733313836	A2_AUTHOR_REVERSAL	W000024419	W4318831190	1	1	1	1	OAQ000077457	OAE000008794	OAA000027357	Hebdomeros	De Chirico, Giorgio	hebdomeros	de chirico giorgio	giorgio de chirico	1	1	False	True	ABSTRACT_ONLY	False	0	1	REVIEW	Hebdomeros	De Chirico, Giorgio	HELDOUT	False
OA2PRODV1_ebdae0072b58269f	A2_AUTHOR_REVERSAL	W000024419	W566059464	1	1	1	1	OAQ000077457	OAE000008794	OAA000027357	Hebdomeros	De Chirico, Giorgio	hebdomeros	de chirico giorgio	giorgio de chirico	1	1	False	True	ABSTRACT_ONLY	False	0	1	REVIEW	Hebdomeros	De Chirico, Giorgio	HELDOUT	False
OA2PRODV1_a2554deb592e2515	A2_AUTHOR_REVERSAL	W000024419	W634292829	1	1	1	1	OAQ000077457	OAE000008794	OAA000027357	Hebdomeros	De Chirico, Giorgio	hebdomeros	de chirico giorgio	giorgio de chirico	1	1	False	True	ABSTRACT_ONLY	False	0	1	REVIEW	Hebdomeros	De Chirico, Giorgio	HELDOUT	False
OA2PRODV1_94aa05c550bf511b	A2_AUTHOR_REVERSAL	W000024419	W6985094352	1	1	1	1	OAQ000077457	OAE000008794	OAA000027357	Hebdomeros	De Chirico, Giorgio	hebdomeros	de chirico giorgio	giorgio de chirico	1	1	False	True	ABSTRACT_ONLY	False	0	1	REVIEW	Hebdomeros	De Chirico, Giorgio	HELDOUT	False
OA2PRODV1_d01074f7dcdd757b	A2_AUTHOR_REVERSAL	W000024419	W7028971310	1	1	1	1	OAQ000077457	OAE000008794	OAA000027357	Hebdomeros	De Chirico, Giorgio	hebdomeros	de chirico giorgio	giorgio de chirico	1	1	True	True	TITLE_AND_ABSTRACT	False	0	1	ACCEPT	Hebdomeros	De Chirico, Giorgio	HELDOUT	False
OA2PRODV1_9251c387340eb20c	A2_AUTHOR_REVERSAL	W000024419	W7094631190	1	1	1	1	OAQ000077457	OAE000008794	OAA000027357	Hebdomeros	De Chirico, Giorgio	hebdomeros	de chirico giorgio	giorgio de chirico	1	1	False	True	ABSTRACT_ONLY	False	0	1	REVIEW	Hebdomeros	De Chirico, Giorgio	HELDOUT	False
OA2PRODV1_3ef8444fba19b446	A2_AUTHOR_REVERSAL	W000024419	W7100151853	1	1	1	1	OAQ000077457	OAE000008794	OAA000027357	Hebdomeros	De Chirico, Giorgio	hebdomeros	de chirico giorgio	giorgio de chirico	1	1	False	True	ABSTRACT_ONLY	False	0	1	REVIEW	Hebdomeros	De Chirico, Giorgio	HELDOUT	False
OA2PRODV1_3f460a66ca078154	A2_AUTHOR_REVERSAL	W000024419	W7143682353	1	1	1	1	OAQ000077457	OAE000008794	OAA000027357	Hebdomeros	De Chirico, Giorgio	hebdomeros	de chirico giorgio	giorgio de chirico	1	1	False	True	ABSTRACT_ONLY	False	0	1	REVIEW	Hebdomeros	De Chirico, Giorgio	HELDOUT	False
OA2PRODV1_8884b3c9b6ed5adb	A2_AUTHOR_REVERSAL	W000024419	W7143971983	1	1	1	1	OAQ000077457	OAE000008794	OAA000027357	Hebdomeros	De Chirico, Giorgio	hebdomeros	de chirico giorgio	giorgio de chirico	1	1	False	True	ABSTRACT_ONLY	False	0	1	REVIEW	Hebdomeros	De Chirico, Giorgio	HELDOUT	False
OA2PRODV1_d541c67e1afbf340	A2_AUTHOR_REVERSAL	W000024419	W7155605248	1	1	1	1	OAQ000077457	OAE000008794	OAA000027357	Hebdomeros	De Chirico, Giorgio	hebdomeros	de chirico giorgio	giorgio de chirico	1	1	True	False	TITLE_ONLY	False	0	1	ACCEPT	Hebdomeros	De Chirico, Giorgio	HELDOUT	False
OA2PRODV1_2571823da4225a7d	A2_AUTHOR_REVERSAL	W000024419	W7159784159	1	1	1	1	OAQ000077457	OAE000008794	OAA000027357	Hebdomeros	De Chirico, Giorgio	hebdomeros	de chirico giorgio	giorgio de chirico	1	1	True	False	TITLE_ONLY	False	0	1	ACCEPT	Hebdomeros	De Chirico, Giorgio	HELDOUT	False
OA2PRODV1_a0ca866df342748c	A2_AUTHOR_REVERSAL	W000024624	W1971462882	1	1	1	1	OAQ000078069	OAE000006376	OAA000027568	Dreiser and the land of the free	Dudley, Dorothy	dreiser and the land of the free	dudley dorothy	dorothy dudley	7	7	True	True	TITLE_AND_ABSTRACT	False	0	1	ACCEPT	Dreiser and the land of the free	Dudley, Dorothy	HELDOUT	False
OA2PRODV1_83bfe0da5c432cb9	A2_AUTHOR_REVERSAL	W000024624	W2311453579	1	1	1	1	OAQ000078069	OAE000006376	OAA000027568	Dreiser and the land of the free	Dudley, Dorothy	dreiser and the land of the free	dudley dorothy	dorothy dudley	7	7	False	True	ABSTRACT_ONLY	False	0	1	ACCEPT	Dreiser and the land of the free	Dudley, Dorothy	HELDOUT	False
OA2PRODV1_fe8c253670e4354e	A2_AUTHOR_REVERSAL	W000024624	W7065619738	1	1	1	1	OAQ000078069	OAE000006376	OAA000027568	Dreiser and the land of the free	Dudley, Dorothy	dreiser and the land of the free	dudley dorothy	dorothy dudley	7	7	True	False	TITLE_ONLY	False	0	1	ACCEPT	Dreiser and the land of the free	Dudley, Dorothy	HELDOUT	False
OA2PRODV1_4ad973466f71db05	A2_AUTHOR_REVERSAL	W000024625	W1971462882	1	1	1	1	OAQ000078072	OAE000007530	OAA000027569	Forgotten frontiers	Dudley, Dorothy	forgotten frontiers	dudley dorothy	dorothy dudley	2	2	True	True	TITLE_AND_ABSTRACT	False	0	1	ACCEPT	Forgotten frontiers	Dudley, Dorothy	HELDOUT	False
OA2PRODV1_94137a022562665a	A2_AUTHOR_REVERSAL	W000024625	W2311453579	1	1	1	1	OAQ000078072	OAE000007530	OAA000027569	Forgotten frontiers	Dudley, Dorothy	forgotten frontiers	dudley dorothy	dorothy dudley	2	2	False	True	ABSTRACT_ONLY	False	0	1	ACCEPT	Forgotten frontiers	Dudley, Dorothy	HELDOUT	False
OA2PRODV1_745a696a3dc63ecb	A2_AUTHOR_REVERSAL	W000024625	W7065619738	1	1	1	1	OAQ000078072	OAE000007530	OAA000027569	Forgotten frontiers	Dudley, Dorothy	forgotten frontiers	dudley dorothy	dorothy dudley	2	2	True	False	TITLE_ONLY	False	0	1	ACCEPT	Forgotten frontiers	Dudley, Dorothy	HELDOUT	False
OA2PRODV1_6859a5775aecebfe	A2_AUTHOR_REVERSAL	W000024840	W4212820839	1	1	1	1	OAQ000078717	OAE000002954	OAA000027798	Barricades in Berlin	Neukrantz, Klaus	barricades in berlin	neukrantz klaus	klaus neukrantz	3	3	True	True	TITLE_AND_ABSTRACT	False	0	1	ACCEPT	Barricades in Berlin	Neukrantz, Klaus	HELDOUT	False
OA2PRODV1_7b6d3484a990e6f3	A2_AUTHOR_REVERSAL	W000025491	W2277234855	1	1	1	1	OAQ000080670	OAE000014348	OAA000028483	O Cortiço	Azevedo, Aluizio	o cortiço	azevedo aluizio	aluizio azevedo	2	2	True	False	TITLE_ONLY	False	0	1	ACCEPT	O Cortiço	Azevedo, Aluizio	HELDOUT	False
OA2PRODV1_0b9adf23280cf8cc	A2_AUTHOR_REVERSAL	W000025491	W6986122592	1	1	1	1	OAQ000080670	OAE000014348	OAA000028483	O Cortiço	Azevedo, Aluizio	o cortiço	azevedo aluizio	aluizio azevedo	2	2	True	True	TITLE_AND_ABSTRACT	False	0	1	ACCEPT	O Cortiço	Azevedo, Aluizio	HELDOUT	False
OA2PRODV1_695b644c42d0eeb8	A2_AUTHOR_REVERSAL	W000026076	W2762954235	1	1	1	1	OAQ000082423	OAE000016313	OAA000029086	Red sky at morning	Bradford, Richard	red sky at morning	bradford richard	richard bradford	4	4	False	True	ABSTRACT_ONLY	True	1	2	REVIEW	Red sky at morning	Bradford, Richard	HELDOUT	False
OA2PRODV1_2cbb40a6d66fe6ba	A2_AUTHOR_REVERSAL	W000026076	W2763368508	1	1	1	1	OAQ000082423	OAE000016313	OAA000029086	Red sky at morning	Bradford, Richard	red sky at morning	bradford richard	richard bradford	4	4	False	True	ABSTRACT_ONLY	True	1	2	REVIEW	Red sky at morning	Bradford, Richard	HELDOUT	False
OA2PRODV1_d292f87db39391b9	A2_AUTHOR_REVERSAL	W000026375	W2747950346	1	1	1	1	OAQ000083320	OAE000002471	OAA000029392	Anthropological themes in the modern novel	Musgrove, S.	anthropological themes in the modern novel	musgrove s	s musgrove	6	6	True	True	TITLE_AND_ABSTRACT	False	0	1	ACCEPT	Anthropological themes in the modern novel	Musgrove, S.	HELDOUT	False
OA2PRODV1_2eb88fdf324c6cea	A2_AUTHOR_REVERSAL	W000026606	W2297881791	1	1	1	1	OAQ000084013	OAE000008882	OAA000029631	Her Irish heritage	Smithson, Annie M. P.	her irish heritage	smithson annie m p	annie m p smithson	3	3	True	False	TITLE_ONLY	False	0	1	ACCEPT	Her Irish heritage	Smithson, Annie M. P.	HELDOUT	False
OA2PRODV1_e6bdf8b6ad400e91	A2_AUTHOR_REVERSAL	W000026606	W2416307595	1	1	1	1	OAQ000084013	OAE000008882	OAA000029631	Her Irish heritage	Smithson, Annie M. P.	her irish heritage	smithson annie m p	annie m p smithson	3	3	False	True	ABSTRACT_ONLY	False	0	1	ACCEPT	Her Irish heritage	Smithson, Annie M. P.	HELDOUT	False
OA2PRODV1_9c08a88e18010e75	A2_AUTHOR_REVERSAL	W000026724	W4250688920	1	1	1	1	OAQ000084367	OAE000030725	OAA000029750	Vanished trails	Spittel, R. L.	vanished trails	spittel r l	r l spittel	2	2	False	True	ABSTRACT_ONLY	False	0	1	ACCEPT	Vanished trails	Spittel, R. L.	HELDOUT	False
OA2PRODV1_30e5fac7d26ac475	A2_AUTHOR_REVERSAL	W000026724	W7145686193	1	1	1	1	OAQ000084367	OAE000030725	OAA000029750	Vanished trails	Spittel, R. L.	vanished trails	spittel r l	r l spittel	2	2	True	False	TITLE_ONLY	False	0	1	ACCEPT	Vanished trails	Spittel, R. L.	HELDOUT	False
OA2PRODV1_445f255ae432f7b1	A2_AUTHOR_REVERSAL	W000027177	W2004746572	1	1	1	1	OAQ000085726	OAE000008925	OAA000030218	Hermon Carey Bumpus, Yankee naturalist	Bumpus, Hermon Carey	hermon carey bumpus yankee naturalist	bumpus hermon carey	hermon carey bumpus	5	5	True	False	TITLE_ONLY	False	0	1	ACCEPT	Hermon Carey Bumpus, Yankee naturalist	Bumpus, Hermon Carey	HELDOUT	False
OA2PRODV1_adc3b0ac121a5bac	A2_AUTHOR_REVERSAL	W000027177	W4255128351	1	1	1	1	OAQ000085726	OAE000008925	OAA000030218	Hermon Carey Bumpus, Yankee naturalist	Bumpus, Hermon Carey	hermon carey bumpus yankee naturalist	bumpus hermon carey	hermon carey bumpus	5	5	True	False	TITLE_ONLY	False	0	1	ACCEPT	Hermon Carey Bumpus, Yankee naturalist	Bumpus, Hermon Carey	HELDOUT	False
OA2PRODV1_915abe906d9a56ad	A2_AUTHOR_REVERSAL	W000027177	W7037967821	1	1	1	1	OAQ000085726	OAE000008925	OAA000030218	Hermon Carey Bumpus, Yankee naturalist	Bumpus, Hermon Carey	hermon carey bumpus yankee naturalist	bumpus hermon carey	hermon carey bumpus	5	5	True	False	TITLE_ONLY	False	0	1	ACCEPT	Hermon Carey Bumpus, Yankee naturalist	Bumpus, Hermon Carey	HELDOUT	False
OA2PRODV1_da6384cec171fb53	A2_AUTHOR_REVERSAL	W000027177	W7163682150	1	1	1	1	OAQ000085726	OAE000008925	OAA000030218	Hermon Carey Bumpus, Yankee naturalist	Bumpus, Hermon Carey	hermon carey bumpus yankee naturalist	bumpus hermon carey	hermon carey bumpus	5	5	True	False	TITLE_ONLY	False	0	1	ACCEPT	Hermon Carey Bumpus, Yankee naturalist	Bumpus, Hermon Carey	HELDOUT	False
OA2PRODV1_203f00d99f4f14c2	A2_AUTHOR_REVERSAL	W000028190	W2111793614	1	1	1	1	OAQ000088765	OAE000030864	OAA000031243	Voadica	Hannah, Ian C.	voadica	hannah ian c	ian c hannah	1	1	True	False	TITLE_ONLY	False	0	1	ACCEPT	Voadica	Hannah, Ian C.	HELDOUT	False
OA2PRODV1_23d631df6632481c	A2_AUTHOR_REVERSAL	W000028732	W7071966848	1	1	1	1	OAQ000090391	OAE000030859	OAA000031791	Vivian of Mackinac	Levere, William C.	vivian of mackinac	levere william c	william c levere	3	3	True	False	TITLE_ONLY	False	0	1	ACCEPT	Vivian of Mackinac	Levere, William C.	HELDOUT	False
OA2PRODV1_3830e6fb3a6ba24d	A2_AUTHOR_REVERSAL	W000029173	W2915064745	1	1	1	1	OAQ000091714	OAE000017711	OAA000032237	Silhouette of Mary Ann	Buckrose, J. E.	silhouette of mary ann	buckrose j e	j e buckrose	4	4	False	True	ABSTRACT_ONLY	False	0	1	ACCEPT	Silhouette of Mary Ann	Buckrose, J. E.	HELDOUT	False
OA2PRODV1_46764ee14edd78fc	A2_AUTHOR_REVERSAL	W000030189	W1264331598	1	1	1	1	OAQ000094762	OAE000007916	OAA000033266	Garrison tales from Tonquin	O'Neill, James.	garrison tales from tonquin	o neill james	james o neill	4	4	True	True	TITLE_AND_ABSTRACT	False	0	1	ACCEPT	Garrison tales from Tonquin	O'Neill, James.	HELDOUT	False
OA2PRODV1_a3fe5c91e2ffaf93	A2_AUTHOR_REVERSAL	W000030189	W2002946327	1	1	1	1	OAQ000094762	OAE000007916	OAA000033266	Garrison tales from Tonquin	O'Neill, James.	garrison tales from tonquin	o neill james	james o neill	4	4	True	False	TITLE_ONLY	False	0	1	ACCEPT	Garrison tales from Tonquin	O'Neill, James.	HELDOUT	False
OA2PRODV1_c73766e4969347ba	A2_AUTHOR_REVERSAL	W000030189	W4242811324	1	1	1	1	OAQ000094762	OAE000007916	OAA000033266	Garrison tales from Tonquin	O'Neill, James.	garrison tales from tonquin	o neill james	james o neill	4	4	False	True	ABSTRACT_ONLY	False	0	1	ACCEPT	Garrison tales from Tonquin	O'Neill, James.	HELDOUT	False
OA2PRODV1_45344e60f06eb47a	A2_AUTHOR_REVERSAL	W000031358	W4393421709	1	1	1	1	OAQ000098264	OAE000000811	OAA000034577	A journey in other worlds	Astor, John Jacob	a journey in other worlds	astor john jacob	john jacob astor	5	5	False	True	ABSTRACT_ONLY	False	0	1	ACCEPT	A journey in other worlds	Astor, John Jacob	HELDOUT	False
OA2PRODV1_b5b4f3a0ee63afe7	A2_AUTHOR_REVERSAL	W000031358	W88791717	1	1	1	1	OAQ000098264	OAE000000811	OAA000034577	A journey in other worlds	Astor, John Jacob	a journey in other worlds	astor john jacob	john jacob astor	5	5	False	True	ABSTRACT_ONLY	False	0	1	ACCEPT	A journey in other worlds	Astor, John Jacob	HELDOUT	False
OA2PRODV1_a76b1809fd722f8c	A2_AUTHOR_REVERSAL	W000000054	W7067296890	1	1	1	1	OAQ000005077	OAE000011746	OAA000000054	Little Venice, and other stories	Litchfield, Grace Denio	little venice and other stories	litchfield grace denio	grace denio litchfield	5	5	True	False	TITLE_ONLY	False	0	1	ACCEPT	Little Venice, and other stories	Litchfield, Grace Denio	NEW_PRODUCTION	False
OA2PRODV1_92b891b5105a2f1d	A2_AUTHOR_REVERSAL	W000000350	W2191204	1	1	1	1	OAQ000005965	OAE000011443	OAA000000412	Life	Bojer, Johan	life	bojer johan	johan bojer	1	1	False	True	ABSTRACT_ONLY	True	1	2	REVIEW	Life	Bojer, Johan	NEW_PRODUCTION	True
OA2PRODV1_d2ea447b11b70b1d	A2_AUTHOR_REVERSAL	W000000350	W4379792443	1	1	1	1	OAQ000005965	OAE000011443	OAA000000412	Life	Bojer, Johan	life	bojer johan	johan bojer	1	1	False	True	ABSTRACT_ONLY	True	1	2	REVIEW	Life	Bojer, Johan	NEW_PRODUCTION	True
OA2PRODV1_c08b6cf5ab152a74	A2_AUTHOR_REVERSAL	W000000350	W4388633404	1	1	1	1	OAQ000005965	OAE000011443	OAA000000412	Life	Bojer, Johan	life	bojer johan	johan bojer	1	1	False	True	ABSTRACT_ONLY	True	1	2	REVIEW	Life	Bojer, Johan	NEW_PRODUCTION	True
OA2PRODV1_f8fad9c6e2e9ca99	A2_AUTHOR_REVERSAL	W000000350	W7005380806	1	1	1	1	OAQ000005965	OAE000011443	OAA000000412	Life	Bojer, Johan	life	bojer johan	johan bojer	1	1	False	True	ABSTRACT_ONLY	True	1	2	REVIEW	Life	Bojer, Johan	NEW_PRODUCTION	True
OA2PRODV1_e4e88cb973d1c6de	A2_AUTHOR_REVERSAL	W000000350	W7067877404	1	1	1	1	OAQ000005965	OAE000011443	OAA000000412	Life	Bojer, Johan	life	bojer johan	johan bojer	1	1	False	True	ABSTRACT_ONLY	True	1	2	REVIEW	Life	Bojer, Johan	NEW_PRODUCTION	True
OA2PRODV1_b48ed584d7fc9484	A2_AUTHOR_REVERSAL	W000000820	W7039374682	1	1	1	1	OAQ000007372	OAE000000144	OAA000000923	''Forward march''	Munroe, Kirk	forward march	munroe kirk	kirk munroe	2	2	True	True	TITLE_AND_ABSTRACT	False	0	1	ACCEPT	''Forward march''	Munroe, Kirk	NEW_PRODUCTION	False
OA2PRODV1_7e2f51d9cbd041fe	A2_AUTHOR_REVERSAL	W000000866	W2770888453	1	1	1	1	OAQ000007510	OAE000005351	OAA000000971	Cuentos ticos	Fernández Guardia, Ricardo	cuentos ticos	fernández guardia ricardo	ricardo fernández guardia	2	2	False	True	ABSTRACT_ONLY	False	0	1	ACCEPT	Cuentos ticos	Fernández Guardia, Ricardo	NEW_PRODUCTION	False
OA2PRODV1_692dc244526a9342	A2_AUTHOR_REVERSAL	W000000866	W7000013242	1	1	1	1	OAQ000007510	OAE000005351	OAA000000971	Cuentos ticos	Fernández Guardia, Ricardo	cuentos ticos	fernández guardia ricardo	ricardo fernández guardia	2	2	False	True	ABSTRACT_ONLY	False	0	1	ACCEPT	Cuentos ticos	Fernández Guardia, Ricardo	NEW_PRODUCTION	False
OA2PRODV1_b9f1fc45ec52e58b	A2_AUTHOR_REVERSAL	W000001144	W4312820953	1	1	1	1	OAQ000008344	OAE000021092	OAA000001281	The Collectors	Mather, Frank Jewett	the collectors	mather frank jewett	frank jewett mather	2	2	True	True	TITLE_AND_ABSTRACT	False	0	1	ACCEPT	The Collectors	Mather, Frank Jewett	NEW_PRODUCTION	False
OA2PRODV1_b8b7c46a2e81b3ba	A2_AUTHOR_REVERSAL	W000001331	W4235079112	1	1	1	1	OAQ000008905	OAE000003084	OAA000001489	Behold the Man	Kagawa, Toyohiko	behold the man	kagawa toyohiko	toyohiko kagawa	3	3	False	True	ABSTRACT_ONLY	False	0	1	ACCEPT	Behold the Man	Kagawa, Toyohiko	NEW_PRODUCTION	False
OA2PRODV1_52ded562763b79c3	A2_AUTHOR_REVERSAL	W000001333	W2511398428	1	1	1	1	OAQ000008911	OAE000000705	OAA000001491	A grain of wheat	Kagawa, Toyohiko	a grain of wheat	kagawa toyohiko	toyohiko kagawa	4	4	True	False	TITLE_ONLY	True	1	2	ACCEPT	A grain of wheat	Kagawa, Toyohiko	NEW_PRODUCTION	False
OA2PRODV1_ab1569eed1c91e63	A2_AUTHOR_REVERSAL	W000001333	W4210973401	1	1	1	1	OAQ000008911	OAE000000705	OAA000001491	A grain of wheat	Kagawa, Toyohiko	a grain of wheat	kagawa toyohiko	toyohiko kagawa	4	4	False	True	ABSTRACT_ONLY	True	1	2	REVIEW	A grain of wheat	Kagawa, Toyohiko	NEW_PRODUCTION	True
OA2PRODV1_e99cfdef7c9c1f5e	A2_AUTHOR_REVERSAL	W000001514	W1462861734	1	1	1	1	OAQ000009454	OAE000006597	OAA000001682	El indio	López y Fuentes, Gregorio	el indio	lópez y fuentes gregorio	gregorio lópez y fuentes	2	2	False	True	ABSTRACT_ONLY	False	0	1	ACCEPT	El indio	López y Fuentes, Gregorio	NEW_PRODUCTION	False
OA2PRODV1_565aa5d1d70c0cf4	A2_AUTHOR_REVERSAL	W000001514	W1970369361	1	1	1	1	OAQ000009454	OAE000006597	OAA000001682	El indio	López y Fuentes, Gregorio	el indio	lópez y fuentes gregorio	gregorio lópez y fuentes	2	2	False	True	ABSTRACT_ONLY	False	0	1	ACCEPT	El indio	López y Fuentes, Gregorio	NEW_PRODUCTION	False
OA2PRODV1_2c1b0d84fb0eea90	A2_AUTHOR_REVERSAL	W000001514	W2276058561	1	1	1	1	OAQ000009454	OAE000006597	OAA000001682	El indio	López y Fuentes, Gregorio	el indio	lópez y fuentes gregorio	gregorio lópez y fuentes	2	2	True	True	TITLE_AND_ABSTRACT	False	0	1	ACCEPT	El indio	López y Fuentes, Gregorio	NEW_PRODUCTION	False
OA2PRODV1_4673c31c2fde94b3	A2_AUTHOR_REVERSAL	W000001514	W4247476328	1	1	1	1	OAQ000009454	OAE000006597	OAA000001682	El indio	López y Fuentes, Gregorio	el indio	lópez y fuentes gregorio	gregorio lópez y fuentes	2	2	False	True	ABSTRACT_ONLY	False	0	1	ACCEPT	El indio	López y Fuentes, Gregorio	NEW_PRODUCTION	False
OA2PRODV1_21baf02fbf875964	A2_AUTHOR_REVERSAL	W000001514	W4283583442	1	1	1	1	OAQ000009454	OAE000006597	OAA000001682	El indio	López y Fuentes, Gregorio	el indio	lópez y fuentes gregorio	gregorio lópez y fuentes	2	2	False	True	ABSTRACT_ONLY	False	0	1	ACCEPT	El indio	López y Fuentes, Gregorio	NEW_PRODUCTION	False
OA2PRODV1_2154266bba6a6f7f	A2_AUTHOR_REVERSAL	W000001514	W4375937367	1	1	1	1	OAQ000009454	OAE000006597	OAA000001682	El indio	López y Fuentes, Gregorio	el indio	lópez y fuentes gregorio	gregorio lópez y fuentes	2	2	True	True	TITLE_AND_ABSTRACT	False	0	1	ACCEPT	El indio	López y Fuentes, Gregorio	NEW_PRODUCTION	False
OA2PRODV1_db5e9bb179851134	A2_AUTHOR_REVERSAL	W000001514	W7018838814	1	1	1	1	OAQ000009454	OAE000006597	OAA000001682	El indio	López y Fuentes, Gregorio	el indio	lópez y fuentes gregorio	gregorio lópez y fuentes	2	2	True	False	TITLE_ONLY	False	0	1	ACCEPT	El indio	López y Fuentes, Gregorio	NEW_PRODUCTION	False
OA2PRODV1_fad3e56ea702361f	A2_AUTHOR_REVERSAL	W000001575	W2265368147	1	1	1	1	OAQ000009637	OAE000013868	OAA000001747	National Velvet	Bagnold, Enid.	national velvet	bagnold enid	enid bagnold	2	2	False	True	ABSTRACT_ONLY	False	0	1	ACCEPT	National Velvet	Bagnold, Enid.	NEW_PRODUCTION	False
OA2PRODV1_8d527b65a1927429	A2_AUTHOR_REVERSAL	W000001575	W2482472402	1	1	1	1	OAQ000009637	OAE000013868	OAA000001747	National Velvet	Bagnold, Enid.	national velvet	bagnold enid	enid bagnold	2	2	False	True	ABSTRACT_ONLY	False	0	1	ACCEPT	National Velvet	Bagnold, Enid.	NEW_PRODUCTION	False
OA2PRODV1_26d2e526c78385f4	A2_AUTHOR_REVERSAL	W000001575	W2492617693	1	1	1	1	OAQ000009637	OAE000013868	OAA000001747	National Velvet	Bagnold, Enid.	national velvet	bagnold enid	enid bagnold	2	2	False	True	ABSTRACT_ONLY	False	0	1	ACCEPT	National Velvet	Bagnold, Enid.	NEW_PRODUCTION	False
OA2PRODV1_84c8542d18cb51b3	A2_AUTHOR_REVERSAL	W000001575	W2587051284	1	1	1	1	OAQ000009637	OAE000013868	OAA000001747	National Velvet	Bagnold, Enid.	national velvet	bagnold enid	enid bagnold	2	2	False	True	ABSTRACT_ONLY	False	0	1	ACCEPT	National Velvet	Bagnold, Enid.	NEW_PRODUCTION	False
OA2PRODV1_aebe8e503d46865a	A2_AUTHOR_REVERSAL	W000001575	W2792064542	1	1	1	1	OAQ000009637	OAE000013868	OAA000001747	National Velvet	Bagnold, Enid.	national velvet	bagnold enid	enid bagnold	2	2	False	True	ABSTRACT_ONLY	False	0	1	ACCEPT	National Velvet	Bagnold, Enid.	NEW_PRODUCTION	False
OA2PRODV1_c51a16a8e0897ab6	A2_AUTHOR_REVERSAL	W000001575	W2905304249	1	1	1	1	OAQ000009637	OAE000013868	OAA000001747	National Velvet	Bagnold, Enid.	national velvet	bagnold enid	enid bagnold	2	2	False	True	ABSTRACT_ONLY	False	0	1	ACCEPT	National Velvet	Bagnold, Enid.	NEW_PRODUCTION	False
OA2PRODV1_d0c27919d6109487	A2_AUTHOR_REVERSAL	W000001575	W3213987896	1	1	1	1	OAQ000009637	OAE000013868	OAA000001747	National Velvet	Bagnold, Enid.	national velvet	bagnold enid	enid bagnold	2	2	False	True	ABSTRACT_ONLY	False	0	1	ACCEPT	National Velvet	Bagnold, Enid.	NEW_PRODUCTION	False
OA2PRODV1_10ea5f25476b87a2	A2_AUTHOR_REVERSAL	W000001575	W4404578907	1	1	1	1	OAQ000009637	OAE000013868	OAA000001747	National Velvet	Bagnold, Enid.	national velvet	bagnold enid	enid bagnold	2	2	False	True	ABSTRACT_ONLY	False	0	1	ACCEPT	National Velvet	Bagnold, Enid.	NEW_PRODUCTION	False
OA2PRODV1_4effb6dee7ee5c39	A2_AUTHOR_REVERSAL	W000001575	W623748625	1	1	1	1	OAQ000009637	OAE000013868	OAA000001747	National Velvet	Bagnold, Enid.	national velvet	bagnold enid	enid bagnold	2	2	False	True	ABSTRACT_ONLY	False	0	1	ACCEPT	National Velvet	Bagnold, Enid.	NEW_PRODUCTION	False
OA2PRODV1_31aa0e96b38c3eb0	A2_AUTHOR_REVERSAL	W000001575	W91452758	1	1	1	1	OAQ000009637	OAE000013868	OAA000001747	National Velvet	Bagnold, Enid.	national velvet	bagnold enid	enid bagnold	2	2	False	True	ABSTRACT_ONLY	False	0	1	ACCEPT	National Velvet	Bagnold, Enid.	NEW_PRODUCTION	False
OA2PRODV1_65f1a4c150ceb493	A2_AUTHOR_REVERSAL	W000001775	W1509454215	1	1	1	1	OAQ000010237	OAE000009748	OAA000001955	In the green tree	Lewis, Alun	in the green tree	lewis alun	alun lewis	4	4	True	False	TITLE_ONLY	True	1	2	ACCEPT	In the green tree	Lewis, Alun	NEW_PRODUCTION	False
OA2PRODV1_732fc17d6d090178	A2_AUTHOR_REVERSAL	W000001776	W1578888700	1	1	1	1	OAQ000010240	OAE000024000	OAA000001956	The last inspection	Lewis, Alun	the last inspection	lewis alun	alun lewis	3	3	False	True	ABSTRACT_ONLY	False	0	1	ACCEPT	The last inspection	Lewis, Alun	NEW_PRODUCTION	False
OA2PRODV1_1e3ca62b039faa9d	A2_AUTHOR_REVERSAL	W000001900	W1871116343	1	1	1	1	OAQ000010612	OAE000000240	OAA000002106	1649	Lindsay, Jack	1649	lindsay jack	jack lindsay	1	1	True	True	TITLE_AND_ABSTRACT	False	0	1	ACCEPT	1649	Lindsay, Jack	NEW_PRODUCTION	False
OA2PRODV1_f8c81f11392fe59f	A2_AUTHOR_REVERSAL	W000001900	W2603248898	1	1	1	1	OAQ000010612	OAE000000240	OAA000002106	1649	Lindsay, Jack	1649	lindsay jack	jack lindsay	1	1	True	True	TITLE_AND_ABSTRACT	False	0	1	ACCEPT	1649	Lindsay, Jack	NEW_PRODUCTION	False
OA2PRODV1_660ec5e64e4d9c2c	A2_AUTHOR_REVERSAL	W000001900	W3114973537	1	1	1	1	OAQ000010612	OAE000000240	OAA000002106	1649	Lindsay, Jack	1649	lindsay jack	jack lindsay	1	1	False	True	ABSTRACT_ONLY	False	0	1	REVIEW	1649	Lindsay, Jack	NEW_PRODUCTION	True
OA2PRODV1_8deaad8224fcd9ec	A2_AUTHOR_REVERSAL	W000001900	W4383495871	1	1	1	1	OAQ000010612	OAE000000240	OAA000002106	1649	Lindsay, Jack	1649	lindsay jack	jack lindsay	1	1	False	True	ABSTRACT_ONLY	False	0	1	REVIEW	1649	Lindsay, Jack	NEW_PRODUCTION	True
OA2PRODV1_68fbd9c6934c1ef6	A2_AUTHOR_REVERSAL	W000001900	W7034863070	1	1	1	1	OAQ000010612	OAE000000240	OAA000002106	1649	Lindsay, Jack	1649	lindsay jack	jack lindsay	1	1	True	True	TITLE_AND_ABSTRACT	False	0	1	ACCEPT	1649	Lindsay, Jack	NEW_PRODUCTION	False
OA2PRODV1_08ff76ae11ac7e96	A2_AUTHOR_REVERSAL	W000001900	W7154529207	1	1	1	1	OAQ000010612	OAE000000240	OAA000002106	1649	Lindsay, Jack	1649	lindsay jack	jack lindsay	1	1	False	True	ABSTRACT_ONLY	False	0	1	REVIEW	1649	Lindsay, Jack	NEW_PRODUCTION	True
OA2PRODV1_d9f508d4d7126c74	A2_AUTHOR_REVERSAL	W000001958	W3127307088	1	1	1	1	OAQ000010786	OAE000020136	OAA000002170	The blaze of noon	Heppenstall, Rayner	the blaze of noon	heppenstall rayner	rayner heppenstall	4	4	True	False	TITLE_ONLY	False	0	1	ACCEPT	The blaze of noon	Heppenstall, Rayner	NEW_PRODUCTION	False
OA2PRODV1_4dc9add9af6bf67a	A2_AUTHOR_REVERSAL	W000001999	W1513614046	1	1	1	1	OAQ000010909	OAE000026049	OAA000002213	The private life of Helen of Troy	Erskine, John	the private life of helen of troy	erskine john	john erskine	7	7	False	True	ABSTRACT_ONLY	False	0	1	ACCEPT	The private life of Helen of Troy	Erskine, John	NEW_PRODUCTION	False
OA2PRODV1_6b095d677f4fff45	A2_AUTHOR_REVERSAL	W000001999	W207118335	1	1	1	1	OAQ000010909	OAE000026049	OAA000002213	The private life of Helen of Troy	Erskine, John	the private life of helen of troy	erskine john	john erskine	7	7	False	True	ABSTRACT_ONLY	False	0	1	ACCEPT	The private life of Helen of Troy	Erskine, John	NEW_PRODUCTION	False
OA2PRODV1_6b3b34782b8fe6e2	A2_AUTHOR_REVERSAL	W000001999	W2088072807	1	1	1	1	OAQ000010909	OAE000026049	OAA000002213	The private life of Helen of Troy	Erskine, John	the private life of helen of troy	erskine john	john erskine	7	7	False	True	ABSTRACT_ONLY	False	0	1	ACCEPT	The private life of Helen of Troy	Erskine, John	NEW_PRODUCTION	False
OA2PRODV1_bb320d69c057b6bc	A2_AUTHOR_REVERSAL	W000001999	W2617201960	1	1	1	1	OAQ000010909	OAE000026049	OAA000002213	The private life of Helen of Troy	Erskine, John	the private life of helen of troy	erskine john	john erskine	7	7	False	True	ABSTRACT_ONLY	False	0	1	ACCEPT	The private life of Helen of Troy	Erskine, John	NEW_PRODUCTION	False
OA2PRODV1_1cf9ebc82f65becb	A2_AUTHOR_REVERSAL	W000001999	W4200202137	1	1	1	1	OAQ000010909	OAE000026049	OAA000002213	The private life of Helen of Troy	Erskine, John	the private life of helen of troy	erskine john	john erskine	7	7	False	True	ABSTRACT_ONLY	False	0	1	ACCEPT	The private life of Helen of Troy	Erskine, John	NEW_PRODUCTION	False
OA2PRODV1_7e9593376c9ff9ac	A2_AUTHOR_REVERSAL	W000001999	W6987923091	1	1	1	1	OAQ000010909	OAE000026049	OAA000002213	The private life of Helen of Troy	Erskine, John	the private life of helen of troy	erskine john	john erskine	7	7	False	True	ABSTRACT_ONLY	False	0	1	ACCEPT	The private life of Helen of Troy	Erskine, John	NEW_PRODUCTION	False
OA2PRODV1_def40a2682280337	A2_AUTHOR_REVERSAL	W000001999	W7075722883	1	1	1	1	OAQ000010909	OAE000026049	OAA000002213	The private life of Helen of Troy	Erskine, John	the private life of helen of troy	erskine john	john erskine	7	7	False	True	ABSTRACT_ONLY	False	0	1	ACCEPT	The private life of Helen of Troy	Erskine, John	NEW_PRODUCTION	False
OA2PRODV1_36ba0d79a7525691	A2_AUTHOR_REVERSAL	W000002226	W2414802280	1	1	1	1	OAQ000011590	OAE000028820	OAA000002461	The Wild Goose Chase	Warner, Rex	the wild goose chase	warner rex	rex warner	4	4	True	False	TITLE_ONLY	False	0	1	ACCEPT	The Wild Goose Chase	Warner, Rex	NEW_PRODUCTION	False
OA2PRODV1_578703ccc01deb81	A2_AUTHOR_REVERSAL	W000002226	W2914524437	1	1	1	1	OAQ000011590	OAE000028820	OAA000002461	The Wild Goose Chase	Warner, Rex	the wild goose chase	warner rex	rex warner	4	4	False	True	ABSTRACT_ONLY	False	0	1	ACCEPT	The Wild Goose Chase	Warner, Rex	NEW_PRODUCTION	False
OA2PRODV1_fd451020bdb07d58	A2_AUTHOR_REVERSAL	W000002226	W641721485	1	1	1	1	OAQ000011590	OAE000028820	OAA000002461	The Wild Goose Chase	Warner, Rex	the wild goose chase	warner rex	rex warner	4	4	False	True	ABSTRACT_ONLY	False	0	1	ACCEPT	The Wild Goose Chase	Warner, Rex	NEW_PRODUCTION	False
OA2PRODV1_3feb2df1aa9ed4a4	A2_AUTHOR_REVERSAL	W000002226	W7010854251	1	1	1	1	OAQ000011590	OAE000028820	OAA000002461	The Wild Goose Chase	Warner, Rex	the wild goose chase	warner rex	rex warner	4	4	False	True	ABSTRACT_ONLY	False	0	1	ACCEPT	The Wild Goose Chase	Warner, Rex	NEW_PRODUCTION	False
OA2PRODV1_d96704f3c96690fb	A2_AUTHOR_REVERSAL	W000002226	W7165776036	1	1	1	1	OAQ000011590	OAE000028820	OAA000002461	The Wild Goose Chase	Warner, Rex	the wild goose chase	warner rex	rex warner	4	4	False	True	ABSTRACT_ONLY	False	0	1	ACCEPT	The Wild Goose Chase	Warner, Rex	NEW_PRODUCTION	False
OA2PRODV1_3976a9babd4e95f8	A2_AUTHOR_REVERSAL	W000002227	W2904254173	1	1	1	1	OAQ000011593	OAE000012769	OAA000002462	Men of stones	Warner, Rex	men of stones	warner rex	rex warner	3	3	False	True	ABSTRACT_ONLY	False	0	1	ACCEPT	Men of stones	Warner, Rex	NEW_PRODUCTION	False
OA2PRODV1_6f7d61c4dc293093	A2_AUTHOR_REVERSAL	W000002227	W4252003820	1	1	1	1	OAQ000011593	OAE000012769	OAA000002462	Men of stones	Warner, Rex	men of stones	warner rex	rex warner	3	3	False	True	ABSTRACT_ONLY	False	0	1	ACCEPT	Men of stones	Warner, Rex	NEW_PRODUCTION	False
OA2PRODV1_1f04a1987ea77362	A2_AUTHOR_REVERSAL	W000002227	W4403669712	1	1	1	1	OAQ000011593	OAE000012769	OAA000002462	Men of stones	Warner, Rex	men of stones	warner rex	rex warner	3	3	True	False	TITLE_ONLY	False	0	1	ACCEPT	Men of stones	Warner, Rex	NEW_PRODUCTION	False
OA2PRODV1_c89cef6571fb85d3	A2_AUTHOR_REVERSAL	W000002227	W641721485	1	1	1	1	OAQ000011593	OAE000012769	OAA000002462	Men of stones	Warner, Rex	men of stones	warner rex	rex warner	3	3	False	True	ABSTRACT_ONLY	False	0	1	ACCEPT	Men of stones	Warner, Rex	NEW_PRODUCTION	False
OA2PRODV1_b381a1eae51b4ef0	A2_AUTHOR_REVERSAL	W000002228	W7003274128	1	1	1	1	OAQ000011596	OAE000012746	OAA000002463	Men and gods	Warner, Rex	men and gods	warner rex	rex warner	3	3	True	False	TITLE_ONLY	False	0	1	ACCEPT	Men and gods	Warner, Rex	NEW_PRODUCTION	False
OA2PRODV1_d7e0a16ec0da6312	A2_AUTHOR_REVERSAL	W000002469	W6991740622	1	1	1	1	OAQ000012319	OAE000023571	OAA000002713	The Indian stories of F. W. Bain	Bain, F. W.	the indian stories of f w bain	bain f w	f w bain	7	7	True	True	TITLE_AND_ABSTRACT	False	0	1	ACCEPT	The Indian stories of F. W. Bain	Bain, F. W.	NEW_PRODUCTION	False
OA2PRODV1_737e0410ab38f4d5	A2_AUTHOR_REVERSAL	W000002574	W7205335552	1	1	1	1	OAQ000012634	OAE000017078	OAA000002826	Sarah	Brophy, John	sarah	brophy john	john brophy	1	1	False	True	ABSTRACT_ONLY	True	1	2	REVIEW	Sarah	Brophy, John	NEW_PRODUCTION	True
OA2PRODV1_12bbe17c739e2f66	A2_AUTHOR_REVERSAL	W000002640	W2406808906	1	1	1	1	OAQ000012832	OAE000024496	OAA000002896	The love story of a Mormon	Graham, Winifred	the love story of a mormon	graham winifred	winifred graham	6	6	True	True	TITLE_AND_ABSTRACT	False	0	1	ACCEPT	The love story of a Mormon	Graham, Winifred	NEW_PRODUCTION	False
OA2PRODV1_dcbc7c88d176d8bf	A2_AUTHOR_REVERSAL	W000002640	W4400040154	1	1	1	1	OAQ000012832	OAE000024496	OAA000002896	The love story of a Mormon	Graham, Winifred	the love story of a mormon	graham winifred	winifred graham	6	6	False	True	ABSTRACT_ONLY	False	0	1	ACCEPT	The love story of a Mormon	Graham, Winifred	NEW_PRODUCTION	False
OA2PRODV1_2d4d19077f2fd959	A2_AUTHOR_REVERSAL	W000002640	W7134340387	1	1	1	1	OAQ000012832	OAE000024496	OAA000002896	The love story of a Mormon	Graham, Winifred	the love story of a mormon	graham winifred	winifred graham	6	6	True	True	TITLE_AND_ABSTRACT	False	0	1	ACCEPT	The love story of a Mormon	Graham, Winifred	NEW_PRODUCTION	False
OA2PRODV1_290044e126e4c1a3	A2_AUTHOR_REVERSAL	W000002749	W2345146084	1	1	1	1	OAQ000013159	OAE000025401	OAA000003011	The novel since 1939	Reed, Henry	the novel since 1939	reed henry	henry reed	4	4	True	False	TITLE_ONLY	False	0	1	ACCEPT	The novel since 1939	Reed, Henry	NEW_PRODUCTION	False
OA2PRODV1_4388c084664c2edc	A2_AUTHOR_REVERSAL	W000003130	W7205122344	1	1	1	1	OAQ000014302	OAE000028829	OAA000003422	The wild sweet witch	Mason, Philip.	the wild sweet witch	mason philip	philip mason	4	4	False	True	ABSTRACT_ONLY	False	0	1	ACCEPT	The wild sweet witch	Mason, Philip.	NEW_PRODUCTION	False
OA2PRODV1_3d1333d531debffb	A2_AUTHOR_REVERSAL	W000003130	W856565252	1	1	1	1	OAQ000014302	OAE000028829	OAA000003422	The wild sweet witch	Mason, Philip.	the wild sweet witch	mason philip	philip mason	4	4	False	True	ABSTRACT_ONLY	False	0	1	ACCEPT	The wild sweet witch	Mason, Philip.	NEW_PRODUCTION	False
OA2PRODV1_a8f9c148403e5b3a	A2_AUTHOR_REVERSAL	W000003337	W1977797254	1	1	1	1	OAQ000014923	OAE000027051	OAA000003650	The shipbuilders	Blake, George	the shipbuilders	blake george	george blake	2	2	False	True	ABSTRACT_ONLY	False	0	1	ACCEPT	The shipbuilders	Blake, George	NEW_PRODUCTION	False
OA2PRODV1_34b15c5064947388	A2_AUTHOR_REVERSAL	W000003337	W2281129304	1	1	1	1	OAQ000014923	OAE000027051	OAA000003650	The shipbuilders	Blake, George	the shipbuilders	blake george	george blake	2	2	False	True	ABSTRACT_ONLY	False	0	1	ACCEPT	The shipbuilders	Blake, George	NEW_PRODUCTION	False
OA2PRODV1_c48bb39e01775249	A2_AUTHOR_REVERSAL	W000003337	W2944290437	1	1	1	1	OAQ000014923	OAE000027051	OAA000003650	The shipbuilders	Blake, George	the shipbuilders	blake george	george blake	2	2	False	True	ABSTRACT_ONLY	False	0	1	ACCEPT	The shipbuilders	Blake, George	NEW_PRODUCTION	False
OA2PRODV1_2842cfc56c6d220c	A2_AUTHOR_REVERSAL	W000003408	W138482741	1	1	1	1	OAQ000015136	OAE000008668	OAA000003727	Harp of Burma	Takeyama, Michio	harp of burma	takeyama michio	michio takeyama	3	3	True	False	TITLE_ONLY	False	0	1	ACCEPT	Harp of Burma	Takeyama, Michio	NEW_PRODUCTION	False
OA2PRODV1_69e0ddc6e5176998	A2_AUTHOR_REVERSAL	W000003408	W1579925693	1	1	1	1	OAQ000015136	OAE000008668	OAA000003727	Harp of Burma	Takeyama, Michio	harp of burma	takeyama michio	michio takeyama	3	3	False	True	ABSTRACT_ONLY	False	0	1	ACCEPT	Harp of Burma	Takeyama, Michio	NEW_PRODUCTION	False
OA2PRODV1_97ca9a77c393deab	A2_AUTHOR_REVERSAL	W000003611	W4309747003	1	1	1	1	OAQ000015745	OAE000010877	OAA000003953	Kleew	Tinbergen, Niko	kleew	tinbergen niko	niko tinbergen	1	1	False	True	ABSTRACT_ONLY	False	0	1	REVIEW	Kleew	Tinbergen, Niko	NEW_PRODUCTION	True
OA2PRODV1_73ea75bc18818aff	A2_AUTHOR_REVERSAL	W000003686	W206087548	1	1	1	1	OAQ000015970	OAE000012772	OAA000004040	Men without country	Nordhoff, Charles	men without country	nordhoff charles	charles nordhoff	3	3	False	True	ABSTRACT_ONLY	False	0	1	ACCEPT	Men without country	Nordhoff, Charles	NEW_PRODUCTION	False
OA2PRODV1_0e2b5170bb331c89	A2_AUTHOR_REVERSAL	W000003734	W2111298505	1	1	1	1	OAQ000016114	OAE000023416	OAA000004096	The House of Beadle and Adams and its dime and nickel novels	Johannsen, Albert	the house of beadle and adams and its dime and nickel novels	johannsen albert	albert johannsen	12	12	False	True	ABSTRACT_ONLY	False	0	1	ACCEPT	The House of Beadle and Adams and its dime and nickel novels	Johannsen, Albert	NEW_PRODUCTION	False
OA2PRODV1_656013222893e3c9	A2_AUTHOR_REVERSAL	W000003734	W2334388075	1	1	1	1	OAQ000016114	OAE000023416	OAA000004096	The House of Beadle and Adams and its dime and nickel novels	Johannsen, Albert	the house of beadle and adams and its dime and nickel novels	johannsen albert	albert johannsen	12	12	True	False	TITLE_ONLY	False	0	1	ACCEPT	The House of Beadle and Adams and its dime and nickel novels	Johannsen, Albert	NEW_PRODUCTION	False
OA2PRODV1_b9fef5687e4afe78	A2_AUTHOR_REVERSAL	W000003734	W2800791685	1	1	1	1	OAQ000016114	OAE000023416	OAA000004096	The House of Beadle and Adams and its dime and nickel novels	Johannsen, Albert	the house of beadle and adams and its dime and nickel novels	johannsen albert	albert johannsen	12	12	True	True	TITLE_AND_ABSTRACT	False	0	1	ACCEPT	The House of Beadle and Adams and its dime and nickel novels	Johannsen, Albert	NEW_PRODUCTION	False
OA2PRODV1_092b6ffce33bf3ad	A2_AUTHOR_REVERSAL	W000003746	W2493949392	1	1	1	1	OAQ000016150	OAE000005376	OAA000004108	Cynthia	Merrick, Leonard	cynthia	merrick leonard	leonard merrick	1	1	False	True	ABSTRACT_ONLY	False	0	1	REVIEW	Cynthia	Merrick, Leonard	NEW_PRODUCTION	True
OA2PRODV1_14cbcfe235f6db4b	A2_AUTHOR_REVERSAL	W000003746	W4387311753	1	1	1	1	OAQ000016150	OAE000005376	OAA000004108	Cynthia	Merrick, Leonard	cynthia	merrick leonard	leonard merrick	1	1	False	True	ABSTRACT_ONLY	False	0	1	REVIEW	Cynthia	Merrick, Leonard	NEW_PRODUCTION	True
OA2PRODV1_034532f1bfbf567f	A2_AUTHOR_REVERSAL	W000003747	W1594713387	1	1	1	1	OAQ000016153	OAE000005088	OAA000004110	Conrad in quest of his youth	Merrick, Leonard	conrad in quest of his youth	merrick leonard	leonard merrick	6	6	False	True	ABSTRACT_ONLY	False	0	1	ACCEPT	Conrad in quest of his youth	Merrick, Leonard	NEW_PRODUCTION	False
OA2PRODV1_c094b2ed2ae823a3	A2_AUTHOR_REVERSAL	W000003747	W4247905014	1	1	1	1	OAQ000016153	OAE000005088	OAA000004110	Conrad in quest of his youth	Merrick, Leonard	conrad in quest of his youth	merrick leonard	leonard merrick	6	6	False	True	ABSTRACT_ONLY	False	0	1	ACCEPT	Conrad in quest of his youth	Merrick, Leonard	NEW_PRODUCTION	False
OA2PRODV1_206bb9fe57cfc5f3	A2_AUTHOR_REVERSAL	W000004091	W7025131917	1	1	1	1	OAQ000017185	OAE000002283	OAA000004489	An unofficial patriot	Gardener, Helen H.	an unofficial patriot	gardener helen h	helen h gardener	3	3	True	False	TITLE_ONLY	False	0	1	ACCEPT	An unofficial patriot	Gardener, Helen H.	NEW_PRODUCTION	False
OA2PRODV1_47eaf1b2fb6cc781	A2_AUTHOR_REVERSAL	W000004259	W1004715659	1	1	1	1	OAQ000017689	OAE000009070	OAA000004664	Histoires naturelles	Renard, Jules	histoires naturelles	renard jules	jules renard	2	2	False	True	ABSTRACT_ONLY	False	0	1	ACCEPT	Histoires naturelles	Renard, Jules	NEW_PRODUCTION	False
OA2PRODV1_8b9676c22ea5b8b5	A2_AUTHOR_REVERSAL	W000004259	W172109254	1	1	1	1	OAQ000017689	OAE000009070	OAA000004664	Histoires naturelles	Renard, Jules	histoires naturelles	renard jules	jules renard	2	2	True	False	TITLE_ONLY	False	0	1	ACCEPT	Histoires naturelles	Renard, Jules	NEW_PRODUCTION	False
OA2PRODV1_fa48b971fc67adbe	A2_AUTHOR_REVERSAL	W000004259	W1937431801	1	1	1	1	OAQ000017689	OAE000009070	OAA000004664	Histoires naturelles	Renard, Jules	histoires naturelles	renard jules	jules renard	2	2	True	False	TITLE_ONLY	False	0	1	ACCEPT	Histoires naturelles	Renard, Jules	NEW_PRODUCTION	False
OA2PRODV1_b8cbe2e6fe543ac9	A2_AUTHOR_REVERSAL	W000004259	W2166610548	1	1	1	1	OAQ000017689	OAE000009070	OAA000004664	Histoires naturelles	Renard, Jules	histoires naturelles	renard jules	jules renard	2	2	True	True	TITLE_AND_ABSTRACT	False	0	1	ACCEPT	Histoires naturelles	Renard, Jules	NEW_PRODUCTION	False
OA2PRODV1_76476200f159a9db	A2_AUTHOR_REVERSAL	W000004259	W2246933161	1	1	1	1	OAQ000017689	OAE000009070	OAA000004664	Histoires naturelles	Renard, Jules	histoires naturelles	renard jules	jules renard	2	2	True	False	TITLE_ONLY	False	0	1	ACCEPT	Histoires naturelles	Renard, Jules	NEW_PRODUCTION	False
OA2PRODV1_4a4df97ea8c41d90	A2_AUTHOR_REVERSAL	W000004259	W2286852544	1	1	1	1	OAQ000017689	OAE000009070	OAA000004664	Histoires naturelles	Renard, Jules	histoires naturelles	renard jules	jules renard	2	2	True	False	TITLE_ONLY	False	0	1	ACCEPT	Histoires naturelles	Renard, Jules	NEW_PRODUCTION	False
OA2PRODV1_24cd941250af6b01	A2_AUTHOR_REVERSAL	W000004259	W299128639	1	1	1	1	OAQ000017689	OAE000009070	OAA000004664	Histoires naturelles	Renard, Jules	histoires naturelles	renard jules	jules renard	2	2	False	True	ABSTRACT_ONLY	False	0	1	ACCEPT	Histoires naturelles	Renard, Jules	NEW_PRODUCTION	False
OA2PRODV1_7f9e51ca51a9df61	A2_AUTHOR_REVERSAL	W000004259	W3205331521	1	1	1	1	OAQ000017689	OAE000009070	OAA000004664	Histoires naturelles	Renard, Jules	histoires naturelles	renard jules	jules renard	2	2	True	True	TITLE_AND_ABSTRACT	False	0	1	ACCEPT	Histoires naturelles	Renard, Jules	NEW_PRODUCTION	False
OA2PRODV1_bd37b95cec21b3b6	A2_AUTHOR_REVERSAL	W000004259	W4230850435	1	1	1	1	OAQ000017689	OAE000009070	OAA000004664	Histoires naturelles	Renard, Jules	histoires naturelles	renard jules	jules renard	2	2	True	True	TITLE_AND_ABSTRACT	False	0	1	ACCEPT	Histoires naturelles	Renard, Jules	NEW_PRODUCTION	False
OA2PRODV1_5cfc48b8ad99718a	A2_AUTHOR_REVERSAL	W000004259	W4254851506	1	1	1	1	OAQ000017689	OAE000009070	OAA000004664	Histoires naturelles	Renard, Jules	histoires naturelles	renard jules	jules renard	2	2	True	True	TITLE_AND_ABSTRACT	False	0	1	ACCEPT	Histoires naturelles	Renard, Jules	NEW_PRODUCTION	False
OA2PRODV1_c585e19f388d5695	A2_AUTHOR_REVERSAL	W000004259	W4327664041	1	1	1	1	OAQ000017689	OAE000009070	OAA000004664	Histoires naturelles	Renard, Jules	histoires naturelles	renard jules	jules renard	2	2	False	True	ABSTRACT_ONLY	False	0	1	ACCEPT	Histoires naturelles	Renard, Jules	NEW_PRODUCTION	False
OA2PRODV1_3b9014f94e833ef8	A2_AUTHOR_REVERSAL	W000004259	W6981364004	1	1	1	1	OAQ000017689	OAE000009070	OAA000004664	Histoires naturelles	Renard, Jules	histoires naturelles	renard jules	jules renard	2	2	True	False	TITLE_ONLY	False	0	1	ACCEPT	Histoires naturelles	Renard, Jules	NEW_PRODUCTION	False
OA2PRODV1_c313921f5f7f01af	A2_AUTHOR_REVERSAL	W000004259	W6991734827	1	1	1	1	OAQ000017689	OAE000009070	OAA000004664	Histoires naturelles	Renard, Jules	histoires naturelles	renard jules	jules renard	2	2	True	False	TITLE_ONLY	False	0	1	ACCEPT	Histoires naturelles	Renard, Jules	NEW_PRODUCTION	False
OA2PRODV1_062b50ff4ad14bbc	A2_AUTHOR_REVERSAL	W000004259	W6996984877	1	1	1	1	OAQ000017689	OAE000009070	OAA000004664	Histoires naturelles	Renard, Jules	histoires naturelles	renard jules	jules renard	2	2	False	True	ABSTRACT_ONLY	False	0	1	ACCEPT	Histoires naturelles	Renard, Jules	NEW_PRODUCTION	False
OA2PRODV1_a73468c6b7be1631	A2_AUTHOR_REVERSAL	W000004259	W7000909984	1	1	1	1	OAQ000017689	OAE000009070	OAA000004664	Histoires naturelles	Renard, Jules	histoires naturelles	renard jules	jules renard	2	2	True	True	TITLE_AND_ABSTRACT	False	0	1	ACCEPT	Histoires naturelles	Renard, Jules	NEW_PRODUCTION	False
OA2PRODV1_8436a9964bb73d68	A2_AUTHOR_REVERSAL	W000004259	W7010223829	1	1	1	1	OAQ000017689	OAE000009070	OAA000004664	Histoires naturelles	Renard, Jules	histoires naturelles	renard jules	jules renard	2	2	True	False	TITLE_ONLY	False	0	1	ACCEPT	Histoires naturelles	Renard, Jules	NEW_PRODUCTION	False
OA2PRODV1_e719205d43d9d969	A2_AUTHOR_REVERSAL	W000004259	W7010284376	1	1	1	1	OAQ000017689	OAE000009070	OAA000004664	Histoires naturelles	Renard, Jules	histoires naturelles	renard jules	jules renard	2	2	True	False	TITLE_ONLY	False	0	1	ACCEPT	Histoires naturelles	Renard, Jules	NEW_PRODUCTION	False
OA2PRODV1_f323493396b0e742	A2_AUTHOR_REVERSAL	W000004259	W7013095903	1	1	1	1	OAQ000017689	OAE000009070	OAA000004664	Histoires naturelles	Renard, Jules	histoires naturelles	renard jules	jules renard	2	2	False	True	ABSTRACT_ONLY	False	0	1	ACCEPT	Histoires naturelles	Renard, Jules	NEW_PRODUCTION	False
OA2PRODV1_d16369d136d3704d	A2_AUTHOR_REVERSAL	W000004259	W7019530815	1	1	1	1	OAQ000017689	OAE000009070	OAA000004664	Histoires naturelles	Renard, Jules	histoires naturelles	renard jules	jules renard	2	2	True	False	TITLE_ONLY	False	0	1	ACCEPT	Histoires naturelles	Renard, Jules	NEW_PRODUCTION	False
OA2PRODV1_c0fa08546f11b9be	A2_AUTHOR_REVERSAL	W000004259	W7056843517	1	1	1	1	OAQ000017689	OAE000009070	OAA000004664	Histoires naturelles	Renard, Jules	histoires naturelles	renard jules	jules renard	2	2	True	False	TITLE_ONLY	False	0	1	ACCEPT	Histoires naturelles	Renard, Jules	NEW_PRODUCTION	False
OA2PRODV1_4ee2c9fd5be09ddc	A2_AUTHOR_REVERSAL	W000004259	W7057411165	1	1	1	1	OAQ000017689	OAE000009070	OAA000004664	Histoires naturelles	Renard, Jules	histoires naturelles	renard jules	jules renard	2	2	True	False	TITLE_ONLY	False	0	1	ACCEPT	Histoires naturelles	Renard, Jules	NEW_PRODUCTION	False
OA2PRODV1_7cee34e258f5e05c	A2_AUTHOR_REVERSAL	W000004259	W7070794077	1	1	1	1	OAQ000017689	OAE000009070	OAA000004664	Histoires naturelles	Renard, Jules	histoires naturelles	renard jules	jules renard	2	2	True	True	TITLE_AND_ABSTRACT	False	0	1	ACCEPT	Histoires naturelles	Renard, Jules	NEW_PRODUCTION	False
OA2PRODV1_4f40d781072970b1	A2_AUTHOR_REVERSAL	W000004259	W7071889279	1	1	1	1	OAQ000017689	OAE000009070	OAA000004664	Histoires naturelles	Renard, Jules	histoires naturelles	renard jules	jules renard	2	2	True	False	TITLE_ONLY	False	0	1	ACCEPT	Histoires naturelles	Renard, Jules	NEW_PRODUCTION	False
OA2PRODV1_186d61836c3befd4	A2_AUTHOR_REVERSAL	W000004259	W7135613660	1	1	1	1	OAQ000017689	OAE000009070	OAA000004664	Histoires naturelles	Renard, Jules	histoires naturelles	renard jules	jules renard	2	2	True	True	TITLE_AND_ABSTRACT	False	0	1	ACCEPT	Histoires naturelles	Renard, Jules	NEW_PRODUCTION	False
OA2PRODV1_c38937e01559759c	A2_AUTHOR_REVERSAL	W000004260	W1510338205	1	1	1	1	OAQ000017692	OAE000015618	OAA000004665	Poil de carotte	Renard, Jules	poil de carotte	renard jules	jules renard	3	3	False	True	ABSTRACT_ONLY	False	0	1	ACCEPT	Poil de carotte	Renard, Jules	NEW_PRODUCTION	False
OA2PRODV1_62b4a9442a0035cc	A2_AUTHOR_REVERSAL	W000004260	W1865169702	1	1	1	1	OAQ000017692	OAE000015618	OAA000004665	Poil de carotte	Renard, Jules	poil de carotte	renard jules	jules renard	3	3	False	True	ABSTRACT_ONLY	False	0	1	ACCEPT	Poil de carotte	Renard, Jules	NEW_PRODUCTION	False
OA2PRODV1_76bcd8bd62d7f1cd	A2_AUTHOR_REVERSAL	W000004260	W1957768701	1	1	1	1	OAQ000017692	OAE000015618	OAA000004665	Poil de carotte	Renard, Jules	poil de carotte	renard jules	jules renard	3	3	False	True	ABSTRACT_ONLY	False	0	1	ACCEPT	Poil de carotte	Renard, Jules	NEW_PRODUCTION	False
OA2PRODV1_352afcc8044ea818	A2_AUTHOR_REVERSAL	W000004260	W1981899373	1	1	1	1	OAQ000017692	OAE000015618	OAA000004665	Poil de carotte	Renard, Jules	poil de carotte	renard jules	jules renard	3	3	False	True	ABSTRACT_ONLY	False	0	1	ACCEPT	Poil de carotte	Renard, Jules	NEW_PRODUCTION	False
OA2PRODV1_7a81c5b7aeb3668f	A2_AUTHOR_REVERSAL	W000004260	W2169224351	1	1	1	1	OAQ000017692	OAE000015618	OAA000004665	Poil de carotte	Renard, Jules	poil de carotte	renard jules	jules renard	3	3	True	True	TITLE_AND_ABSTRACT	False	0	1	ACCEPT	Poil de carotte	Renard, Jules	NEW_PRODUCTION	False
OA2PRODV1_1f0572dc61bc71a5	A2_AUTHOR_REVERSAL	W000004260	W2302069974	1	1	1	1	OAQ000017692	OAE000015618	OAA000004665	Poil de carotte	Renard, Jules	poil de carotte	renard jules	jules renard	3	3	True	True	TITLE_AND_ABSTRACT	False	0	1	ACCEPT	Poil de carotte	Renard, Jules	NEW_PRODUCTION	False
OA2PRODV1_0dd1c1d4458a2669	A2_AUTHOR_REVERSAL	W000004260	W2341092995	1	1	1	1	OAQ000017692	OAE000015618	OAA000004665	Poil de carotte	Renard, Jules	poil de carotte	renard jules	jules renard	3	3	False	True	ABSTRACT_ONLY	False	0	1	ACCEPT	Poil de carotte	Renard, Jules	NEW_PRODUCTION	False
OA2PRODV1_28ee86358077bc94	A2_AUTHOR_REVERSAL	W000004260	W2341534525	1	1	1	1	OAQ000017692	OAE000015618	OAA000004665	Poil de carotte	Renard, Jules	poil de carotte	renard jules	jules renard	3	3	True	True	TITLE_AND_ABSTRACT	False	0	1	ACCEPT	Poil de carotte	Renard, Jules	NEW_PRODUCTION	False
OA2PRODV1_9fc597b562829461	A2_AUTHOR_REVERSAL	W000004260	W2403149848	1	1	1	1	OAQ000017692	OAE000015618	OAA000004665	Poil de carotte	Renard, Jules	poil de carotte	renard jules	jules renard	3	3	False	True	ABSTRACT_ONLY	False	0	1	ACCEPT	Poil de carotte	Renard, Jules	NEW_PRODUCTION	False
OA2PRODV1_933b699b56fc9fe8	A2_AUTHOR_REVERSAL	W000004260	W2489379413	1	1	1	1	OAQ000017692	OAE000015618	OAA000004665	Poil de carotte	Renard, Jules	poil de carotte	renard jules	jules renard	3	3	False	True	ABSTRACT_ONLY	False	0	1	ACCEPT	Poil de carotte	Renard, Jules	NEW_PRODUCTION	False
OA2PRODV1_58f60fef579ed8e5	A2_AUTHOR_REVERSAL	W000004260	W2523768618	1	1	1	1	OAQ000017692	OAE000015618	OAA000004665	Poil de carotte	Renard, Jules	poil de carotte	renard jules	jules renard	3	3	False	True	ABSTRACT_ONLY	False	0	1	ACCEPT	Poil de carotte	Renard, Jules	NEW_PRODUCTION	False
OA2PRODV1_d93f7e602b573946	A2_AUTHOR_REVERSAL	W000004260	W2775684499	1	1	1	1	OAQ000017692	OAE000015618	OAA000004665	Poil de carotte	Renard, Jules	poil de carotte	renard jules	jules renard	3	3	True	False	TITLE_ONLY	False	0	1	ACCEPT	Poil de carotte	Renard, Jules	NEW_PRODUCTION	False
OA2PRODV1_c4095e6790dfec3d	A2_AUTHOR_REVERSAL	W000004260	W2802485784	1	1	1	1	OAQ000017692	OAE000015618	OAA000004665	Poil de carotte	Renard, Jules	poil de carotte	renard jules	jules renard	3	3	False	True	ABSTRACT_ONLY	False	0	1	ACCEPT	Poil de carotte	Renard, Jules	NEW_PRODUCTION	False
OA2PRODV1_f1c8e1499d635044	A2_AUTHOR_REVERSAL	W000004260	W2967673885	1	1	1	1	OAQ000017692	OAE000015618	OAA000004665	Poil de carotte	Renard, Jules	poil de carotte	renard jules	jules renard	3	3	True	True	TITLE_AND_ABSTRACT	False	0	1	ACCEPT	Poil de carotte	Renard, Jules	NEW_PRODUCTION	False
OA2PRODV1_f900e26ea7d7429b	A2_AUTHOR_REVERSAL	W000004260	W2977715942	1	1	1	1	OAQ000017692	OAE000015618	OAA000004665	Poil de carotte	Renard, Jules	poil de carotte	renard jules	jules renard	3	3	False	True	ABSTRACT_ONLY	False	0	1	ACCEPT	Poil de carotte	Renard, Jules	NEW_PRODUCTION	False
OA2PRODV1_d44e6360acc0005d	A2_AUTHOR_REVERSAL	W000004260	W2981013005	1	1	1	1	OAQ000017692	OAE000015618	OAA000004665	Poil de carotte	Renard, Jules	poil de carotte	renard jules	jules renard	3	3	False	True	ABSTRACT_ONLY	False	0	1	ACCEPT	Poil de carotte	Renard, Jules	NEW_PRODUCTION	False
OA2PRODV1_9fb01f680198e29b	A2_AUTHOR_REVERSAL	W000004260	W3046728171	1	1	1	1	OAQ000017692	OAE000015618	OAA000004665	Poil de carotte	Renard, Jules	poil de carotte	renard jules	jules renard	3	3	True	True	TITLE_AND_ABSTRACT	False	0	1	ACCEPT	Poil de carotte	Renard, Jules	NEW_PRODUCTION	False
OA2PRODV1_e9a0a94dc096b433	A2_AUTHOR_REVERSAL	W000004260	W3114763317	1	1	1	1	OAQ000017692	OAE000015618	OAA000004665	Poil de carotte	Renard, Jules	poil de carotte	renard jules	jules renard	3	3	False	True	ABSTRACT_ONLY	False	0	1	ACCEPT	Poil de carotte	Renard, Jules	NEW_PRODUCTION	False
OA2PRODV1_8ad646e5beeadee7	A2_AUTHOR_REVERSAL	W000004260	W3182177122	1	1	1	1	OAQ000017692	OAE000015618	OAA000004665	Poil de carotte	Renard, Jules	poil de carotte	renard jules	jules renard	3	3	False	True	ABSTRACT_ONLY	False	0	1	ACCEPT	Poil de carotte	Renard, Jules	NEW_PRODUCTION	False
OA2PRODV1_cc9fa0cc175d0fa7	A2_AUTHOR_REVERSAL	W000004260	W3197379455	1	1	1	1	OAQ000017692	OAE000015618	OAA000004665	Poil de carotte	Renard, Jules	poil de carotte	renard jules	jules renard	3	3	True	True	TITLE_AND_ABSTRACT	False	0	1	ACCEPT	Poil de carotte	Renard, Jules	NEW_PRODUCTION	False
OA2PRODV1_f212df6d6a41beff	A2_AUTHOR_REVERSAL	W000004260	W387166523	1	1	1	1	OAQ000017692	OAE000015618	OAA000004665	Poil de carotte	Renard, Jules	poil de carotte	renard jules	jules renard	3	3	False	True	ABSTRACT_ONLY	False	0	1	ACCEPT	Poil de carotte	Renard, Jules	NEW_PRODUCTION	False
OA2PRODV1_fc6075785f78bd1c	A2_AUTHOR_REVERSAL	W000004260	W402196049	1	1	1	1	OAQ000017692	OAE000015618	OAA000004665	Poil de carotte	Renard, Jules	poil de carotte	renard jules	jules renard	3	3	False	True	ABSTRACT_ONLY	False	0	1	ACCEPT	Poil de carotte	Renard, Jules	NEW_PRODUCTION	False
OA2PRODV1_2d6faddf11775818	A2_AUTHOR_REVERSAL	W000004260	W4210418076	1	1	1	1	OAQ000017692	OAE000015618	OAA000004665	Poil de carotte	Renard, Jules	poil de carotte	renard jules	jules renard	3	3	True	False	TITLE_ONLY	False	0	1	ACCEPT	Poil de carotte	Renard, Jules	NEW_PRODUCTION	False
OA2PRODV1_7cca9035eec31dd0	A2_AUTHOR_REVERSAL	W000004260	W4213396673	1	1	1	1	OAQ000017692	OAE000015618	OAA000004665	Poil de carotte	Renard, Jules	poil de carotte	renard jules	jules renard	3	3	True	False	TITLE_ONLY	False	0	1	ACCEPT	Poil de carotte	Renard, Jules	NEW_PRODUCTION	False
OA2PRODV1_235192e25044c79e	A2_AUTHOR_REVERSAL	W000004260	W4237960084	1	1	1	1	OAQ000017692	OAE000015618	OAA000004665	Poil de carotte	Renard, Jules	poil de carotte	renard jules	jules renard	3	3	False	True	ABSTRACT_ONLY	False	0	1	ACCEPT	Poil de carotte	Renard, Jules	NEW_PRODUCTION	False
OA2PRODV1_bce37ddd31e8b41d	A2_AUTHOR_REVERSAL	W000004260	W4244686528	1	1	1	1	OAQ000017692	OAE000015618	OAA000004665	Poil de carotte	Renard, Jules	poil de carotte	renard jules	jules renard	3	3	True	True	TITLE_AND_ABSTRACT	False	0	1	ACCEPT	Poil de carotte	Renard, Jules	NEW_PRODUCTION	False
OA2PRODV1_7fbbfa8817899792	A2_AUTHOR_REVERSAL	W000004260	W4248241420	1	1	1	1	OAQ000017692	OAE000015618	OAA000004665	Poil de carotte	Renard, Jules	poil de carotte	renard jules	jules renard	3	3	True	True	TITLE_AND_ABSTRACT	False	0	1	ACCEPT	Poil de carotte	Renard, Jules	NEW_PRODUCTION	False
OA2PRODV1_994ea31c935a064e	A2_AUTHOR_REVERSAL	W000004260	W4248527268	1	1	1	1	OAQ000017692	OAE000015618	OAA000004665	Poil de carotte	Renard, Jules	poil de carotte	renard jules	jules renard	3	3	True	True	TITLE_AND_ABSTRACT	False	0	1	ACCEPT	Poil de carotte	Renard, Jules	NEW_PRODUCTION	False
OA2PRODV1_67515f202fee233d	A2_AUTHOR_REVERSAL	W000004260	W4250369277	1	1	1	1	OAQ000017692	OAE000015618	OAA000004665	Poil de carotte	Renard, Jules	poil de carotte	renard jules	jules renard	3	3	False	True	ABSTRACT_ONLY	False	0	1	ACCEPT	Poil de carotte	Renard, Jules	NEW_PRODUCTION	False
OA2PRODV1_637284ce3967d15a	A2_AUTHOR_REVERSAL	W000004260	W6899251329	1	1	1	1	OAQ000017692	OAE000015618	OAA000004665	Poil de carotte	Renard, Jules	poil de carotte	renard jules	jules renard	3	3	True	True	TITLE_AND_ABSTRACT	False	0	1	ACCEPT	Poil de carotte	Renard, Jules	NEW_PRODUCTION	False
OA2PRODV1_fe6aa9e0314b7681	A2_AUTHOR_REVERSAL	W000004260	W6974208317	1	1	1	1	OAQ000017692	OAE000015618	OAA000004665	Poil de carotte	Renard, Jules	poil de carotte	renard jules	jules renard	3	3	False	True	ABSTRACT_ONLY	False	0	1	ACCEPT	Poil de carotte	Renard, Jules	NEW_PRODUCTION	False
OA2PRODV1_af4daddaaa3dd604	A2_AUTHOR_REVERSAL	W000004260	W6980663248	1	1	1	1	OAQ000017692	OAE000015618	OAA000004665	Poil de carotte	Renard, Jules	poil de carotte	renard jules	jules renard	3	3	True	False	TITLE_ONLY	False	0	1	ACCEPT	Poil de carotte	Renard, Jules	NEW_PRODUCTION	False
OA2PRODV1_d6471bdc1214b1d6	A2_AUTHOR_REVERSAL	W000004260	W7014382461	1	1	1	1	OAQ000017692	OAE000015618	OAA000004665	Poil de carotte	Renard, Jules	poil de carotte	renard jules	jules renard	3	3	True	True	TITLE_AND_ABSTRACT	False	0	1	ACCEPT	Poil de carotte	Renard, Jules	NEW_PRODUCTION	False
OA2PRODV1_88e070218e477256	A2_AUTHOR_REVERSAL	W000004260	W7014839743	1	1	1	1	OAQ000017692	OAE000015618	OAA000004665	Poil de carotte	Renard, Jules	poil de carotte	renard jules	jules renard	3	3	True	False	TITLE_ONLY	False	0	1	ACCEPT	Poil de carotte	Renard, Jules	NEW_PRODUCTION	False
OA2PRODV1_040d27b9d2965b95	A2_AUTHOR_REVERSAL	W000004260	W7020086883	1	1	1	1	OAQ000017692	OAE000015618	OAA000004665	Poil de carotte	Renard, Jules	poil de carotte	renard jules	jules renard	3	3	False	True	ABSTRACT_ONLY	False	0	1	ACCEPT	Poil de carotte	Renard, Jules	NEW_PRODUCTION	False
OA2PRODV1_a2edc2fee9fd06f2	A2_AUTHOR_REVERSAL	W000004260	W7020379090	1	1	1	1	OAQ000017692	OAE000015618	OAA000004665	Poil de carotte	Renard, Jules	poil de carotte	renard jules	jules renard	3	3	False	True	ABSTRACT_ONLY	False	0	1	ACCEPT	Poil de carotte	Renard, Jules	NEW_PRODUCTION	False
OA2PRODV1_c6da8f9d7b3983a3	A2_AUTHOR_REVERSAL	W000004260	W7051861566	1	1	1	1	OAQ000017692	OAE000015618	OAA000004665	Poil de carotte	Renard, Jules	poil de carotte	renard jules	jules renard	3	3	True	False	TITLE_ONLY	False	0	1	ACCEPT	Poil de carotte	Renard, Jules	NEW_PRODUCTION	False
OA2PRODV1_5f4d5c733e61c4ed	A2_AUTHOR_REVERSAL	W000004260	W7051899878	1	1	1	1	OAQ000017692	OAE000015618	OAA000004665	Poil de carotte	Renard, Jules	poil de carotte	renard jules	jules renard	3	3	True	True	TITLE_AND_ABSTRACT	False	0	1	ACCEPT	Poil de carotte	Renard, Jules	NEW_PRODUCTION	False
OA2PRODV1_8b5946ca4a125ab7	A2_AUTHOR_REVERSAL	W000004260	W7061466843	1	1	1	1	OAQ000017692	OAE000015618	OAA000004665	Poil de carotte	Renard, Jules	poil de carotte	renard jules	jules renard	3	3	True	True	TITLE_AND_ABSTRACT	False	0	1	ACCEPT	Poil de carotte	Renard, Jules	NEW_PRODUCTION	False
OA2PRODV1_094283a334bceb1c	A2_AUTHOR_REVERSAL	W000004260	W7067367858	1	1	1	1	OAQ000017692	OAE000015618	OAA000004665	Poil de carotte	Renard, Jules	poil de carotte	renard jules	jules renard	3	3	False	True	ABSTRACT_ONLY	False	0	1	ACCEPT	Poil de carotte	Renard, Jules	NEW_PRODUCTION	False
OA2PRODV1_9f628c3e222bce7c	A2_AUTHOR_REVERSAL	W000004260	W7070457156	1	1	1	1	OAQ000017692	OAE000015618	OAA000004665	Poil de carotte	Renard, Jules	poil de carotte	renard jules	jules renard	3	3	True	False	TITLE_ONLY	False	0	1	ACCEPT	Poil de carotte	Renard, Jules	NEW_PRODUCTION	False
OA2PRODV1_c43540e25ddec11d	A2_AUTHOR_REVERSAL	W000004260	W7205445248	1	1	1	1	OAQ000017692	OAE000015618	OAA000004665	Poil de carotte	Renard, Jules	poil de carotte	renard jules	jules renard	3	3	True	False	TITLE_ONLY	False	0	1	ACCEPT	Poil de carotte	Renard, Jules	NEW_PRODUCTION	False
OA2PRODV1_838525e895d0d305	A2_AUTHOR_REVERSAL	W000004332	W4214742656	1	1	1	1	OAQ000017908	OAE000015720	OAA000004738	Portolan charts; their origin and characteristics	Stevenson, Edward Luther	portolan charts their origin and characteristics	stevenson edward luther	edward luther stevenson	6	6	True	True	TITLE_AND_ABSTRACT	False	0	1	ACCEPT	Portolan charts; their origin and characteristics	Stevenson, Edward Luther	NEW_PRODUCTION	False
OA2PRODV1_a8ab4e756caafa02	A2_AUTHOR_REVERSAL	W000004358	W57258263	1	1	1	1	OAQ000017986	OAE000014004	OAA000004765	Nigger	Wood, Clement	nigger	wood clement	clement wood	1	1	False	True	ABSTRACT_ONLY	False	0	1	REVIEW	Nigger	Wood, Clement	NEW_PRODUCTION	True
OA2PRODV1_bd983a3546e8e0db	A2_AUTHOR_REVERSAL	W000004360	W4235221175	1	1	1	1	OAQ000017992	OAE000003748	OAA000004769	Brazilian tales	Goldberg, Isaac	brazilian tales	goldberg isaac	isaac goldberg	2	2	False	True	ABSTRACT_ONLY	False	0	1	ACCEPT	Brazilian tales	Goldberg, Isaac	NEW_PRODUCTION	False
OA2PRODV1_c69d67f9c5afd276	A2_AUTHOR_REVERSAL	W000004914	W7034158068	1	1	1	1	OAQ000019644	OAE000027989	OAA000005387	The third degree	Klein, Charles	the third degree	klein charles	charles klein	3	3	True	False	TITLE_ONLY	False	0	1	ACCEPT	The third degree	Klein, Charles	NEW_PRODUCTION	False
OA2PRODV1_47ba62db546538df	A2_AUTHOR_REVERSAL	W000005535	W6991152335	1	1	1	1	OAQ000021503	OAE000029809	OAA000006053	Tom Clifton, or, Western boys in Grant and Sherman's army, '61-'65	Goss, Warren Lee	tom clifton or western boys in grant and sherman s army 61 65	goss warren lee	warren lee goss	13	13	False	True	ABSTRACT_ONLY	False	0	1	ACCEPT	Tom Clifton, or, Western boys in Grant and Sherman's army, '61-'65	Goss, Warren Lee	NEW_PRODUCTION	False
OA2PRODV1_15ff35e250e96e9e	A2_AUTHOR_REVERSAL	W000005546	W2057633077	1	1	1	1	OAQ000021536	OAE000010187	OAA000006065	Jasper, the drummin' boy	Burroughs, Margaret Taylor	jasper the drummin boy	burroughs margaret taylor	margaret taylor burroughs	4	4	False	True	ABSTRACT_ONLY	False	0	1	ACCEPT	Jasper, the drummin' boy	Burroughs, Margaret Taylor	NEW_PRODUCTION	False
OA2PRODV1_1ed5242775344e1f	A2_AUTHOR_REVERSAL	W000006242	W4248458911	1	1	1	1	OAQ000023620	OAE000002085	OAA000006859	American dreams	Parrington, Vernon Louis	american dreams	parrington vernon louis	vernon louis parrington	2	2	True	True	TITLE_AND_ABSTRACT	False	0	1	ACCEPT	American dreams	Parrington, Vernon Louis	NEW_PRODUCTION	False
OA2PRODV1_2f5d0615ad762b1e	A2_AUTHOR_REVERSAL	W000006242	W4298718810	1	1	1	1	OAQ000023620	OAE000002085	OAA000006859	American dreams	Parrington, Vernon Louis	american dreams	parrington vernon louis	vernon louis parrington	2	2	True	True	TITLE_AND_ABSTRACT	False	0	1	ACCEPT	American dreams	Parrington, Vernon Louis	NEW_PRODUCTION	False
OA2PRODV1_632a6edd2c67f263	A2_AUTHOR_REVERSAL	W000006309	W7037344144	1	1	1	1	OAQ000023821	OAE000000569	OAA000006933	A digit of the moon and other love stories from the Hindoo	Bain, F. W.	a digit of the moon and other love stories from the hindoo	bain f w	f w bain	12	12	True	False	TITLE_ONLY	False	0	1	ACCEPT	A digit of the moon and other love stories from the Hindoo	Bain, F. W.	NEW_PRODUCTION	False
OA2PRODV1_e07af2a8e15516a8	A2_AUTHOR_REVERSAL	W000006440	W4244950164	1	1	1	1	OAQ000024198	OAE000018467	OAA000007074	Stories and story-telling in moral and religious education	St. John, Edward Porter	stories and story telling in moral and religious education	st john edward porter	edward porter st john	9	9	True	False	TITLE_ONLY	False	0	1	ACCEPT	Stories and story-telling in moral and religious education	St. John, Edward Porter	NEW_PRODUCTION	False
OA2PRODV1_dea0b5f26695a60e	A2_AUTHOR_REVERSAL	W000007028	W7045614654	1	1	1	1	OAQ000025916	OAE000002399	OAA000007739	Ann Bartlett returns to the Philippines	Johnson, Martha	ann bartlett returns to the philippines	johnson martha	martha johnson	6	6	True	False	TITLE_ONLY	False	0	1	ACCEPT	Ann Bartlett returns to the Philippines	Johnson, Martha	NEW_PRODUCTION	False
OA2PRODV1_e01f45d266185260	A2_AUTHOR_REVERSAL	W000008220	W4391356583	1	1	1	1	OAQ000029463	OAE000014759	OAA000009071	Openway	McKishnie, Archie P.	openway	mckishnie archie p	archie p mckishnie	1	1	True	False	TITLE_ONLY	False	0	1	ACCEPT	Openway	McKishnie, Archie P.	NEW_PRODUCTION	False
OA2PRODV1_de347e41e77162a3	A2_AUTHOR_REVERSAL	W000008527	W2084079184	1	1	1	1	OAQ000030381	OAE000031443	OAA000009416	Why stay we here?	Godwin, George	why stay we here	godwin george	george godwin	4	4	True	True	TITLE_AND_ABSTRACT	False	0	1	ACCEPT	Why stay we here?	Godwin, George	NEW_PRODUCTION	False
OA2PRODV1_50bb9d2081b4f451	A2_AUTHOR_REVERSAL	W000008546	W7015531084	1	1	1	1	OAQ000030438	OAE000000366	OAA000009438	A bundle of life	Hobbes, John Oliver	a bundle of life	hobbes john oliver	john oliver hobbes	4	4	True	False	TITLE_ONLY	False	0	1	ACCEPT	A bundle of life	Hobbes, John Oliver	NEW_PRODUCTION	False
OA2PRODV1_84c83d68c2a6c92b	A2_AUTHOR_REVERSAL	W000008605	W7032927282	1	1	1	1	OAQ000030615	OAE000014557	OAA000009504	Omar, the tentmaker	Dole, Nathan Haskell	omar the tentmaker	dole nathan haskell	nathan haskell dole	3	3	True	False	TITLE_ONLY	False	0	1	ACCEPT	Omar, the tentmaker	Dole, Nathan Haskell	NEW_PRODUCTION	False
OA2PRODV1_0efe52819d1435d1	A2_AUTHOR_REVERSAL	W000008738	W7030061364	1	1	1	1	OAQ000031008	OAE000010807	OAA000009659	King Cotton	Armstrong, Thomas	king cotton	armstrong thomas	thomas armstrong	2	2	True	False	TITLE_ONLY	False	0	1	ACCEPT	King Cotton	Armstrong, Thomas	NEW_PRODUCTION	False
OA2PRODV1_36cfa061aa0f1ea7	A2_AUTHOR_REVERSAL	W000008840	W647973243	1	1	1	1	OAQ000031310	OAE000008976	OAA000009770	High John, the conqueror	Wilson, John W.	high john the conqueror	wilson john w	john w wilson	4	4	True	True	TITLE_AND_ABSTRACT	False	0	1	ACCEPT	High John, the conqueror	Wilson, John W.	NEW_PRODUCTION	False
OA2PRODV1_bde95139ed9d09d1	A2_AUTHOR_REVERSAL	W000009391	W4234310901	1	1	1	1	OAQ000032932	OAE000019776	OAA000010380	The baby's first two years	Smith, Richard M.	the baby s first two years	smith richard m	richard m smith	6	6	True	False	TITLE_ONLY	False	0	1	ACCEPT	The baby's first two years	Smith, Richard M.	NEW_PRODUCTION	False
OA2PRODV1_14a9a6667708cbf4	A2_AUTHOR_REVERSAL	W000009391	W4241959351	1	1	1	1	OAQ000032932	OAE000019776	OAA000010380	The baby's first two years	Smith, Richard M.	the baby s first two years	smith richard m	richard m smith	6	6	True	False	TITLE_ONLY	False	0	1	ACCEPT	The baby's first two years	Smith, Richard M.	NEW_PRODUCTION	False
OA2PRODV1_f7de6f631d61d197	A2_AUTHOR_REVERSAL	W000009391	W4253019824	1	1	1	1	OAQ000032932	OAE000019776	OAA000010380	The baby's first two years	Smith, Richard M.	the baby s first two years	smith richard m	richard m smith	6	6	True	False	TITLE_ONLY	False	0	1	ACCEPT	The baby's first two years	Smith, Richard M.	NEW_PRODUCTION	False
OA2PRODV1_2d73aa8bc5d1b726	A2_AUTHOR_REVERSAL	W000009391	W4255136568	1	1	1	1	OAQ000032932	OAE000019776	OAA000010380	The baby's first two years	Smith, Richard M.	the baby s first two years	smith richard m	richard m smith	6	6	True	False	TITLE_ONLY	False	0	1	ACCEPT	The baby's first two years	Smith, Richard M.	NEW_PRODUCTION	False
OA2PRODV1_ad402f4c58c597a9	A2_AUTHOR_REVERSAL	W000009659	W3166232686	1	1	1	1	OAQ000033736	OAE000012447	OAA000010667	Marion	Watanna, Onoto	marion	watanna onoto	onoto watanna	1	1	False	True	ABSTRACT_ONLY	False	0	1	REVIEW	Marion	Watanna, Onoto	NEW_PRODUCTION	True
OA2PRODV1_94dbd42df2265494	A2_AUTHOR_REVERSAL	W000009659	W4200502337	1	1	1	1	OAQ000033736	OAE000012447	OAA000010667	Marion	Watanna, Onoto	marion	watanna onoto	onoto watanna	1	1	False	True	ABSTRACT_ONLY	False	0	1	REVIEW	Marion	Watanna, Onoto	NEW_PRODUCTION	True
OA2PRODV1_898e20e11657647b	A2_AUTHOR_REVERSAL	W000009659	W7112386575	1	1	1	1	OAQ000033736	OAE000012447	OAA000010667	Marion	Watanna, Onoto	marion	watanna onoto	onoto watanna	1	1	True	False	TITLE_ONLY	False	0	1	ACCEPT	Marion	Watanna, Onoto	NEW_PRODUCTION	False
OA2PRODV1_e827a4b497911abd	A2_AUTHOR_REVERSAL	W000009660	W1551421852	1	1	1	1	OAQ000033739	OAE000023149	OAA000010668	The heart of Hyacinth	Watanna, Onoto	the heart of hyacinth	watanna onoto	onoto watanna	4	4	True	True	TITLE_AND_ABSTRACT	False	0	1	ACCEPT	The heart of Hyacinth	Watanna, Onoto	NEW_PRODUCTION	False
OA2PRODV1_e585bf9bc3f3722b	A2_AUTHOR_REVERSAL	W000009660	W2036889674	1	1	1	1	OAQ000033739	OAE000023149	OAA000010668	The heart of Hyacinth	Watanna, Onoto	the heart of hyacinth	watanna onoto	onoto watanna	4	4	False	True	ABSTRACT_ONLY	False	0	1	ACCEPT	The heart of Hyacinth	Watanna, Onoto	NEW_PRODUCTION	False
OA2PRODV1_9ed3cc1a50f04711	A2_AUTHOR_REVERSAL	W000009660	W2038916978	1	1	1	1	OAQ000033739	OAE000023149	OAA000010668	The heart of Hyacinth	Watanna, Onoto	the heart of hyacinth	watanna onoto	onoto watanna	4	4	False	True	ABSTRACT_ONLY	False	0	1	ACCEPT	The heart of Hyacinth	Watanna, Onoto	NEW_PRODUCTION	False
OA2PRODV1_fe1f50d60f63ce9c	A2_AUTHOR_REVERSAL	W000009660	W2092231669	1	1	1	1	OAQ000033739	OAE000023149	OAA000010668	The heart of Hyacinth	Watanna, Onoto	the heart of hyacinth	watanna onoto	onoto watanna	4	4	True	True	TITLE_AND_ABSTRACT	False	0	1	ACCEPT	The heart of Hyacinth	Watanna, Onoto	NEW_PRODUCTION	False
OA2PRODV1_599b0fb78d239dec	A2_AUTHOR_REVERSAL	W000009660	W2256685379	1	1	1	1	OAQ000033739	OAE000023149	OAA000010668	The heart of Hyacinth	Watanna, Onoto	the heart of hyacinth	watanna onoto	onoto watanna	4	4	True	True	TITLE_AND_ABSTRACT	False	0	1	ACCEPT	The heart of Hyacinth	Watanna, Onoto	NEW_PRODUCTION	False
OA2PRODV1_954d4d9c14567650	A2_AUTHOR_REVERSAL	W000009660	W7054796842	1	1	1	1	OAQ000033739	OAE000023149	OAA000010668	The heart of Hyacinth	Watanna, Onoto	the heart of hyacinth	watanna onoto	onoto watanna	4	4	True	False	TITLE_ONLY	False	0	1	ACCEPT	The heart of Hyacinth	Watanna, Onoto	NEW_PRODUCTION	False
OA2PRODV1_6e8af42e1dc4cd09	A2_AUTHOR_REVERSAL	W000009661	W2036889674	1	1	1	1	OAQ000033742	OAE000012989	OAA000010669	Miss Numè of Japan	Watanna, Onoto	miss numè of japan	watanna onoto	onoto watanna	4	4	False	True	ABSTRACT_ONLY	False	0	1	ACCEPT	Miss Numè of Japan	Watanna, Onoto	NEW_PRODUCTION	False
OA2PRODV1_951b61fa7f424979	A2_AUTHOR_REVERSAL	W000009661	W2038916978	1	1	1	1	OAQ000033742	OAE000012989	OAA000010669	Miss Numè of Japan	Watanna, Onoto	miss numè of japan	watanna onoto	onoto watanna	4	4	False	True	ABSTRACT_ONLY	False	0	1	ACCEPT	Miss Numè of Japan	Watanna, Onoto	NEW_PRODUCTION	False
OA2PRODV1_741ded65741cfeb3	A2_AUTHOR_REVERSAL	W000009661	W4200502337	1	1	1	1	OAQ000033742	OAE000012989	OAA000010669	Miss Numè of Japan	Watanna, Onoto	miss numè of japan	watanna onoto	onoto watanna	4	4	False	True	ABSTRACT_ONLY	False	0	1	ACCEPT	Miss Numè of Japan	Watanna, Onoto	NEW_PRODUCTION	False
OA2PRODV1_1566ffe1d91990ec	A2_AUTHOR_REVERSAL	W000009661	W4321365568	1	1	1	1	OAQ000033742	OAE000012989	OAA000010669	Miss Numè of Japan	Watanna, Onoto	miss numè of japan	watanna onoto	onoto watanna	4	4	False	True	ABSTRACT_ONLY	False	0	1	ACCEPT	Miss Numè of Japan	Watanna, Onoto	NEW_PRODUCTION	False
OA2PRODV1_2cb8824095c2c500	A2_AUTHOR_REVERSAL	W000009661	W6990384339	1	1	1	1	OAQ000033742	OAE000012989	OAA000010669	Miss Numè of Japan	Watanna, Onoto	miss numè of japan	watanna onoto	onoto watanna	4	4	True	True	TITLE_AND_ABSTRACT	False	0	1	ACCEPT	Miss Numè of Japan	Watanna, Onoto	NEW_PRODUCTION	False
OA2PRODV1_f3455c691a258ecf	A2_AUTHOR_REVERSAL	W000009661	W7164891213	1	1	1	1	OAQ000033742	OAE000012989	OAA000010669	Miss Numè of Japan	Watanna, Onoto	miss numè of japan	watanna onoto	onoto watanna	4	4	False	True	ABSTRACT_ONLY	False	0	1	ACCEPT	Miss Numè of Japan	Watanna, Onoto	NEW_PRODUCTION	False
OA2PRODV1_ac5dcb4f96b9af90	A2_AUTHOR_REVERSAL	W000009662	W2038916978	1	1	1	1	OAQ000033745	OAE000000789	OAA000010670	A Japanese blossom	Watanna, Onoto	a japanese blossom	watanna onoto	onoto watanna	3	3	False	True	ABSTRACT_ONLY	False	0	1	ACCEPT	A Japanese blossom	Watanna, Onoto	NEW_PRODUCTION	False
OA2PRODV1_c418cb759c26755d	A2_AUTHOR_REVERSAL	W000009664	W2036889674	1	1	1	1	OAQ000033751	OAE000000795	OAA000010672	A Japanese nightingale	Watanna, Onoto	a japanese nightingale	watanna onoto	onoto watanna	3	3	False	True	ABSTRACT_ONLY	False	0	1	ACCEPT	A Japanese nightingale	Watanna, Onoto	NEW_PRODUCTION	False
OA2PRODV1_13bebbb8262122fc	A2_AUTHOR_REVERSAL	W000009664	W2038916978	1	1	1	1	OAQ000033751	OAE000000795	OAA000010672	A Japanese nightingale	Watanna, Onoto	a japanese nightingale	watanna onoto	onoto watanna	3	3	False	True	ABSTRACT_ONLY	False	0	1	ACCEPT	A Japanese nightingale	Watanna, Onoto	NEW_PRODUCTION	False
OA2PRODV1_a6fe8a9da3f7dac0	A2_AUTHOR_REVERSAL	W000009664	W2293655391	1	1	1	1	OAQ000033751	OAE000000795	OAA000010672	A Japanese nightingale	Watanna, Onoto	a japanese nightingale	watanna onoto	onoto watanna	3	3	True	True	TITLE_AND_ABSTRACT	False	0	1	ACCEPT	A Japanese nightingale	Watanna, Onoto	NEW_PRODUCTION	False
OA2PRODV1_c4b013259ed7c858	A2_AUTHOR_REVERSAL	W000009664	W2952175541	1	1	1	1	OAQ000033751	OAE000000795	OAA000010672	A Japanese nightingale	Watanna, Onoto	a japanese nightingale	watanna onoto	onoto watanna	3	3	False	True	ABSTRACT_ONLY	False	0	1	ACCEPT	A Japanese nightingale	Watanna, Onoto	NEW_PRODUCTION	False
OA2PRODV1_a3c687c2fe9cacb6	A2_AUTHOR_REVERSAL	W000009664	W2966360266	1	1	1	1	OAQ000033751	OAE000000795	OAA000010672	A Japanese nightingale	Watanna, Onoto	a japanese nightingale	watanna onoto	onoto watanna	3	3	False	True	ABSTRACT_ONLY	False	0	1	ACCEPT	A Japanese nightingale	Watanna, Onoto	NEW_PRODUCTION	False
OA2PRODV1_8ecf95bd77c4e41c	A2_AUTHOR_REVERSAL	W000009664	W2979541580	1	1	1	1	OAQ000033751	OAE000000795	OAA000010672	A Japanese nightingale	Watanna, Onoto	a japanese nightingale	watanna onoto	onoto watanna	3	3	True	False	TITLE_ONLY	False	0	1	ACCEPT	A Japanese nightingale	Watanna, Onoto	NEW_PRODUCTION	False
OA2PRODV1_5cc823e1b438f2ae	A2_AUTHOR_REVERSAL	W000009664	W4200502337	1	1	1	1	OAQ000033751	OAE000000795	OAA000010672	A Japanese nightingale	Watanna, Onoto	a japanese nightingale	watanna onoto	onoto watanna	3	3	False	True	ABSTRACT_ONLY	False	0	1	ACCEPT	A Japanese nightingale	Watanna, Onoto	NEW_PRODUCTION	False
OA2PRODV1_82317597afc8617c	A2_AUTHOR_REVERSAL	W000009664	W4366809204	1	1	1	1	OAQ000033751	OAE000000795	OAA000010672	A Japanese nightingale	Watanna, Onoto	a japanese nightingale	watanna onoto	onoto watanna	3	3	False	True	ABSTRACT_ONLY	False	0	1	ACCEPT	A Japanese nightingale	Watanna, Onoto	NEW_PRODUCTION	False
OA2PRODV1_8e3ec5f01080a96a	A2_AUTHOR_REVERSAL	W000009664	W573932774	1	1	1	1	OAQ000033751	OAE000000795	OAA000010672	A Japanese nightingale	Watanna, Onoto	a japanese nightingale	watanna onoto	onoto watanna	3	3	False	True	ABSTRACT_ONLY	False	0	1	ACCEPT	A Japanese nightingale	Watanna, Onoto	NEW_PRODUCTION	False
OA2PRODV1_94ab4a865e9e8c1c	A2_AUTHOR_REVERSAL	W000009664	W7164891213	1	1	1	1	OAQ000033751	OAE000000795	OAA000010672	A Japanese nightingale	Watanna, Onoto	a japanese nightingale	watanna onoto	onoto watanna	3	3	False	True	ABSTRACT_ONLY	False	0	1	ACCEPT	A Japanese nightingale	Watanna, Onoto	NEW_PRODUCTION	False
OA2PRODV1_860f0338d7936b48	A2_AUTHOR_REVERSAL	W000011732	W2911402243	1	1	1	1	OAQ000039861	OAE000023883	OAA000012933	The knife	O'Donnell, Peadar.	the knife	o donnell peadar	peadar o donnell	2	2	False	True	ABSTRACT_ONLY	True	1	2	REVIEW	The knife	O'Donnell, Peadar.	NEW_PRODUCTION	True
OA2PRODV1_c73fe1e6a11a7c6c	A2_AUTHOR_REVERSAL	W000011734	W1997348447	1	1	1	1	OAQ000039867	OAE000010010	OAA000012935	Islanders	O'Donnell, Peadar.	islanders	o donnell peadar	peadar o donnell	1	1	False	True	ABSTRACT_ONLY	True	1	3	REVIEW	Islanders	O'Donnell, Peadar.	NEW_PRODUCTION	True
OA2PRODV1_068bee773f96abac	A2_AUTHOR_REVERSAL	W000011734	W6884865691	1	1	1	1	OAQ000039867	OAE000010010	OAA000012935	Islanders	O'Donnell, Peadar.	islanders	o donnell peadar	peadar o donnell	1	1	False	True	ABSTRACT_ONLY	True	1	3	REVIEW	Islanders	O'Donnell, Peadar.	NEW_PRODUCTION	True
OA2PRODV1_9c6b6fc40d00d871	A2_AUTHOR_REVERSAL	W000011790	W2329082842	1	1	1	1	OAQ000040035	OAE000026611	OAA000012996	The Romance of the Rose or of Guillaume de Dole =	Renart, Jean	the romance of the rose or of guillaume de dole	renart jean	jean renart	10	10	True	False	TITLE_ONLY	False	0	1	ACCEPT	The Romance of the Rose or of Guillaume de Dole =	Renart, Jean	NEW_PRODUCTION	False
OA2PRODV1_bd0a51369261ea76	A2_AUTHOR_REVERSAL	W000011790	W2524389222	1	1	1	1	OAQ000040035	OAE000026611	OAA000012996	The Romance of the Rose or of Guillaume de Dole =	Renart, Jean	the romance of the rose or of guillaume de dole	renart jean	jean renart	10	10	True	False	TITLE_ONLY	False	0	1	ACCEPT	The Romance of the Rose or of Guillaume de Dole =	Renart, Jean	NEW_PRODUCTION	False
OA2PRODV1_bffc16b56c0e9152	A2_AUTHOR_REVERSAL	W000011790	W3175097996	1	1	1	1	OAQ000040035	OAE000026611	OAA000012996	The Romance of the Rose or of Guillaume de Dole =	Renart, Jean	the romance of the rose or of guillaume de dole	renart jean	jean renart	10	10	True	False	TITLE_ONLY	False	0	1	ACCEPT	The Romance of the Rose or of Guillaume de Dole =	Renart, Jean	NEW_PRODUCTION	False
OA2PRODV1_2d6afbbf9db19e7d	A2_AUTHOR_REVERSAL	W000011790	W4229975496	1	1	1	1	OAQ000040035	OAE000026611	OAA000012996	The Romance of the Rose or of Guillaume de Dole =	Renart, Jean	the romance of the rose or of guillaume de dole	renart jean	jean renart	10	10	True	True	TITLE_AND_ABSTRACT	False	0	1	ACCEPT	The Romance of the Rose or of Guillaume de Dole =	Renart, Jean	NEW_PRODUCTION	False
OA2PRODV1_a2d3e55e1f4d7d01	A2_AUTHOR_REVERSAL	W000011790	W616261429	1	1	1	1	OAQ000040035	OAE000026611	OAA000012996	The Romance of the Rose or of Guillaume de Dole =	Renart, Jean	the romance of the rose or of guillaume de dole	renart jean	jean renart	10	10	True	False	TITLE_ONLY	False	0	1	ACCEPT	The Romance of the Rose or of Guillaume de Dole =	Renart, Jean	NEW_PRODUCTION	False
OA2PRODV1_f9d45ab8737435d8	A2_AUTHOR_REVERSAL	W000011790	W643739634	1	1	1	1	OAQ000040035	OAE000026611	OAA000012996	The Romance of the Rose or of Guillaume de Dole =	Renart, Jean	the romance of the rose or of guillaume de dole	renart jean	jean renart	10	10	True	False	TITLE_ONLY	False	0	1	ACCEPT	The Romance of the Rose or of Guillaume de Dole =	Renart, Jean	NEW_PRODUCTION	False
OA2PRODV1_a511796d84cca60a	A2_AUTHOR_REVERSAL	W000011790	W7134773758	1	1	1	1	OAQ000040035	OAE000026611	OAA000012996	The Romance of the Rose or of Guillaume de Dole =	Renart, Jean	the romance of the rose or of guillaume de dole	renart jean	jean renart	10	10	True	True	TITLE_AND_ABSTRACT	False	0	1	ACCEPT	The Romance of the Rose or of Guillaume de Dole =	Renart, Jean	NEW_PRODUCTION	False
OA2PRODV1_aae9a060c25d4f53	A2_AUTHOR_REVERSAL	W000011800	W2784590271	1	1	1	1	OAQ000040065	OAE000030194	OAA000013006	Tubutsch	Ehrenstein, Albert	tubutsch	ehrenstein albert	albert ehrenstein	1	1	False	True	ABSTRACT_ONLY	False	0	1	REVIEW	Tubutsch	Ehrenstein, Albert	NEW_PRODUCTION	True
OA2PRODV1_2a56afd21a9a9577	A2_AUTHOR_REVERSAL	W000011800	W2889652442	1	1	1	1	OAQ000040065	OAE000030194	OAA000013006	Tubutsch	Ehrenstein, Albert	tubutsch	ehrenstein albert	albert ehrenstein	1	1	False	True	ABSTRACT_ONLY	False	0	1	REVIEW	Tubutsch	Ehrenstein, Albert	NEW_PRODUCTION	True
OA2PRODV1_7c0c9cc2b6742276	A2_AUTHOR_REVERSAL	W000011893	W2547478365	1	1	1	1	OAQ000040342	OAE000018255	OAA000013103	Speaking for ourselves	Sargeson, Frank.	speaking for ourselves	sargeson frank	frank sargeson	3	3	False	True	ABSTRACT_ONLY	False	0	1	ACCEPT	Speaking for ourselves	Sargeson, Frank.	NEW_PRODUCTION	False
OA2PRODV1_c5d88cfc42109ad8	A2_AUTHOR_REVERSAL	W000012022	W4245141062	1	1	1	1	OAQ000040725	OAE000004700	OAA000013239	Christ and the third wise man	Oxenham, John	christ and the third wise man	oxenham john	john oxenham	6	6	False	True	ABSTRACT_ONLY	False	0	1	ACCEPT	Christ and the third wise man	Oxenham, John	NEW_PRODUCTION	False
OA2PRODV1_2b6e1b28e21bd002	A2_AUTHOR_REVERSAL	W000012076	W2016750427	1	1	1	1	OAQ000040887	OAE000018126	OAA000013293	Sometime	Herrick, Robert	sometime	herrick robert	robert herrick	1	1	False	True	ABSTRACT_ONLY	False	0	1	REVIEW	Sometime	Herrick, Robert	NEW_PRODUCTION	True
OA2PRODV1_bb34eadf3c1d1d9a	A2_AUTHOR_REVERSAL	W000012081	W1500207322	1	1	1	1	OAQ000040902	OAE000031013	OAA000013298	Waste	Herrick, Robert	waste	herrick robert	robert herrick	1	1	False	True	ABSTRACT_ONLY	False	0	1	REVIEW	Waste	Herrick, Robert	NEW_PRODUCTION	True
OA2PRODV1_1c6f2830e3eb4e89	A2_AUTHOR_REVERSAL	W000012081	W2090110165	1	1	1	1	OAQ000040902	OAE000031013	OAA000013298	Waste	Herrick, Robert	waste	herrick robert	robert herrick	1	1	True	False	TITLE_ONLY	False	0	1	ACCEPT	Waste	Herrick, Robert	NEW_PRODUCTION	False
OA2PRODV1_543c544cf263613b	A2_AUTHOR_REVERSAL	W000012081	W4254473826	1	1	1	1	OAQ000040902	OAE000031013	OAA000013298	Waste	Herrick, Robert	waste	herrick robert	robert herrick	1	1	False	True	ABSTRACT_ONLY	False	0	1	REVIEW	Waste	Herrick, Robert	NEW_PRODUCTION	True
OA2PRODV1_088030ef2011afb4	A2_AUTHOR_REVERSAL	W000012081	W4389450080	1	1	1	1	OAQ000040902	OAE000031013	OAA000013298	Waste	Herrick, Robert	waste	herrick robert	robert herrick	1	1	False	True	ABSTRACT_ONLY	False	0	1	REVIEW	Waste	Herrick, Robert	NEW_PRODUCTION	True
OA2PRODV1_ed445eb7c33db3c3	A2_AUTHOR_REVERSAL	W000012081	W4414383298	1	1	1	1	OAQ000040902	OAE000031013	OAA000013298	Waste	Herrick, Robert	waste	herrick robert	robert herrick	1	1	False	True	ABSTRACT_ONLY	False	0	1	REVIEW	Waste	Herrick, Robert	NEW_PRODUCTION	True
OA2PRODV1_de5bd85d614e97b2	A2_AUTHOR_REVERSAL	W000012081	W560206882	1	1	1	1	OAQ000040902	OAE000031013	OAA000013298	Waste	Herrick, Robert	waste	herrick robert	robert herrick	1	1	False	True	ABSTRACT_ONLY	False	0	1	REVIEW	Waste	Herrick, Robert	NEW_PRODUCTION	True
OA2PRODV1_a81ef6a012d0c52f	A2_AUTHOR_REVERSAL	W000012081	W7015125771	1	1	1	1	OAQ000040902	OAE000031013	OAA000013298	Waste	Herrick, Robert	waste	herrick robert	robert herrick	1	1	True	False	TITLE_ONLY	False	0	1	ACCEPT	Waste	Herrick, Robert	NEW_PRODUCTION	False
OA2PRODV1_aaaed94c3c9d0158	A2_AUTHOR_REVERSAL	W000012081	W7067209009	1	1	1	1	OAQ000040902	OAE000031013	OAA000013298	Waste	Herrick, Robert	waste	herrick robert	robert herrick	1	1	False	True	ABSTRACT_ONLY	False	0	1	REVIEW	Waste	Herrick, Robert	NEW_PRODUCTION	True
OA2PRODV1_9d93ef0605152af3	A2_AUTHOR_REVERSAL	W000012361	W7211003438	1	1	1	1	OAQ000041742	OAE000025527	OAA000013585	The orchid	Grant, Robert	the orchid	grant robert	robert grant	2	2	False	True	ABSTRACT_ONLY	False	0	1	ACCEPT	The orchid	Grant, Robert	NEW_PRODUCTION	False
OA2PRODV1_b96dd0ef3c5ecb69	A2_AUTHOR_REVERSAL	W000012423	W7037167632	1	1	1	1	OAQ000041928	OAE000006299	OAA000013651	Down to the sea	Robertson, Morgan	down to the sea	robertson morgan	morgan robertson	4	4	True	False	TITLE_ONLY	False	0	1	ACCEPT	Down to the sea	Robertson, Morgan	NEW_PRODUCTION	False
OA2PRODV1_4a7ca428618422ba	A2_AUTHOR_REVERSAL	W000012524	W2762333438	1	1	1	1	OAQ000042231	OAE000001125	OAA000013755	A picked company	Foote, Mary Hallock	a picked company	foote mary hallock	mary hallock foote	3	3	False	True	ABSTRACT_ONLY	False	0	1	ACCEPT	A picked company	Foote, Mary Hallock	NEW_PRODUCTION	False
OA2PRODV1_1f1ca3b9e1217d7c	A2_AUTHOR_REVERSAL	W000012525	W2762333438	1	1	1	1	OAQ000042234	OAE000028433	OAA000013756	The valley road	Foote, Mary Hallock	the valley road	foote mary hallock	mary hallock foote	3	3	False	True	ABSTRACT_ONLY	False	0	1	ACCEPT	The valley road	Foote, Mary Hallock	NEW_PRODUCTION	False
OA2PRODV1_a29fedf45e5989ec	A2_AUTHOR_REVERSAL	W000012526	W2762333438	1	1	1	1	OAQ000042237	OAE000021406	OAA000013757	The cup of trembling	Foote, Mary Hallock	the cup of trembling	foote mary hallock	mary hallock foote	4	4	False	True	ABSTRACT_ONLY	False	0	1	ACCEPT	The cup of trembling	Foote, Mary Hallock	NEW_PRODUCTION	False
OA2PRODV1_9202c5f811a7450a	A2_AUTHOR_REVERSAL	W000012634	W7037344144	1	1	1	1	OAQ000042561	OAE000000568	OAA000013869	A digit of the moon	Bain, F. W.	a digit of the moon	bain f w	f w bain	5	5	True	False	TITLE_ONLY	False	0	1	ACCEPT	A digit of the moon	Bain, F. W.	NEW_PRODUCTION	False
OA2PRODV1_4d8927fa1a2765ff	A2_AUTHOR_REVERSAL	W000013094	W1964536076	1	1	1	1	OAQ000043931	OAE000002598	OAA000014399	As a driven leaf	Steinberg, Milton	as a driven leaf	steinberg milton	milton steinberg	4	4	False	True	ABSTRACT_ONLY	False	0	1	ACCEPT	As a driven leaf	Steinberg, Milton	NEW_PRODUCTION	False
OA2PRODV1_22a5334e4370fa71	A2_AUTHOR_REVERSAL	W000013094	W2037330037	1	1	1	1	OAQ000043931	OAE000002598	OAA000014399	As a driven leaf	Steinberg, Milton	as a driven leaf	steinberg milton	milton steinberg	4	4	False	True	ABSTRACT_ONLY	False	0	1	ACCEPT	As a driven leaf	Steinberg, Milton	NEW_PRODUCTION	False
OA2PRODV1_f0b0f93e4f20f2bd	A2_AUTHOR_REVERSAL	W000013094	W2313483626	1	1	1	1	OAQ000043931	OAE000002598	OAA000014399	As a driven leaf	Steinberg, Milton	as a driven leaf	steinberg milton	milton steinberg	4	4	False	True	ABSTRACT_ONLY	False	0	1	ACCEPT	As a driven leaf	Steinberg, Milton	NEW_PRODUCTION	False
OA2PRODV1_a862c211139f9681	A2_AUTHOR_REVERSAL	W000013094	W4318716561	1	1	1	1	OAQ000043931	OAE000002598	OAA000014399	As a driven leaf	Steinberg, Milton	as a driven leaf	steinberg milton	milton steinberg	4	4	False	True	ABSTRACT_ONLY	False	0	1	ACCEPT	As a driven leaf	Steinberg, Milton	NEW_PRODUCTION	False
OA2PRODV1_b13152acd8433db8	A2_AUTHOR_REVERSAL	W000013094	W7002074721	1	1	1	1	OAQ000043931	OAE000002598	OAA000014399	As a driven leaf	Steinberg, Milton	as a driven leaf	steinberg milton	milton steinberg	4	4	False	True	ABSTRACT_ONLY	False	0	1	ACCEPT	As a driven leaf	Steinberg, Milton	NEW_PRODUCTION	False
OA2PRODV1_22c870d5bec0ce11	A2_AUTHOR_REVERSAL	W000013327	W2329936453	1	1	1	1	OAQ000044630	OAE000012792	OAA000014659	Merlin	Lovelich, Herry	merlin	lovelich herry	herry lovelich	1	1	True	False	TITLE_ONLY	True	1	2	ACCEPT	Merlin	Lovelich, Herry	NEW_PRODUCTION	False
OA2PRODV1_19f34f26f136981b	A2_AUTHOR_REVERSAL	W000013327	W4213241947	1	1	1	1	OAQ000044630	OAE000012792	OAA000014659	Merlin	Lovelich, Herry	merlin	lovelich herry	herry lovelich	1	1	False	True	ABSTRACT_ONLY	True	1	2	REVIEW	Merlin	Lovelich, Herry	NEW_PRODUCTION	True
OA2PRODV1_623b99a579bb3b81	A2_AUTHOR_REVERSAL	W000013327	W4250640950	1	1	1	1	OAQ000044630	OAE000012792	OAA000014659	Merlin	Lovelich, Herry	merlin	lovelich herry	herry lovelich	1	1	True	False	TITLE_ONLY	True	1	2	ACCEPT	Merlin	Lovelich, Herry	NEW_PRODUCTION	False
OA2PRODV1_9ed5c9b03a7ae7cb	A2_AUTHOR_REVERSAL	W000013327	W7011516994	1	1	1	1	OAQ000044630	OAE000012792	OAA000014659	Merlin	Lovelich, Herry	merlin	lovelich herry	herry lovelich	1	1	True	False	TITLE_ONLY	True	1	2	ACCEPT	Merlin	Lovelich, Herry	NEW_PRODUCTION	False
OA2PRODV1_013eca317c90f701	A2_AUTHOR_REVERSAL	W000013327	W7049034414	1	1	1	1	OAQ000044630	OAE000012792	OAA000014659	Merlin	Lovelich, Herry	merlin	lovelich herry	herry lovelich	1	1	True	False	TITLE_ONLY	True	1	2	ACCEPT	Merlin	Lovelich, Herry	NEW_PRODUCTION	False
OA2PRODV1_09f059bd2eac2d6a	A2_AUTHOR_REVERSAL	W000013971	W1528872332	1	1	1	1	OAQ000046562	OAE000012911	OAA000015376	Mine boy	Abrahams, Peter	mine boy	abrahams peter	peter abrahams	2	2	False	True	ABSTRACT_ONLY	False	0	1	ACCEPT	Mine boy	Abrahams, Peter	NEW_PRODUCTION	False
OA2PRODV1_b1669349eba2d029	A2_AUTHOR_REVERSAL	W000013971	W1601069240	1	1	1	1	OAQ000046562	OAE000012911	OAA000015376	Mine boy	Abrahams, Peter	mine boy	abrahams peter	peter abrahams	2	2	False	True	ABSTRACT_ONLY	False	0	1	ACCEPT	Mine boy	Abrahams, Peter	NEW_PRODUCTION	False
OA2PRODV1_1ee28dc6de215aef	A2_AUTHOR_REVERSAL	W000013971	W2012390432	1	1	1	1	OAQ000046562	OAE000012911	OAA000015376	Mine boy	Abrahams, Peter	mine boy	abrahams peter	peter abrahams	2	2	False	True	ABSTRACT_ONLY	False	0	1	ACCEPT	Mine boy	Abrahams, Peter	NEW_PRODUCTION	False
OA2PRODV1_481ac54fdba768a7	A2_AUTHOR_REVERSAL	W000013971	W2073262317	1	1	1	1	OAQ000046562	OAE000012911	OAA000015376	Mine boy	Abrahams, Peter	mine boy	abrahams peter	peter abrahams	2	2	False	True	ABSTRACT_ONLY	False	0	1	ACCEPT	Mine boy	Abrahams, Peter	NEW_PRODUCTION	False
OA2PRODV1_a95c5c062dbf0e35	A2_AUTHOR_REVERSAL	W000013971	W2101473760	1	1	1	1	OAQ000046562	OAE000012911	OAA000015376	Mine boy	Abrahams, Peter	mine boy	abrahams peter	peter abrahams	2	2	True	True	TITLE_AND_ABSTRACT	False	0	1	ACCEPT	Mine boy	Abrahams, Peter	NEW_PRODUCTION	False
OA2PRODV1_1cc32f48d61a81c5	A2_AUTHOR_REVERSAL	W000013971	W2258854602	1	1	1	1	OAQ000046562	OAE000012911	OAA000015376	Mine boy	Abrahams, Peter	mine boy	abrahams peter	peter abrahams	2	2	True	False	TITLE_ONLY	False	0	1	ACCEPT	Mine boy	Abrahams, Peter	NEW_PRODUCTION	False
OA2PRODV1_c2dfb2a1a3910e60	A2_AUTHOR_REVERSAL	W000013971	W2295166035	1	1	1	1	OAQ000046562	OAE000012911	OAA000015376	Mine boy	Abrahams, Peter	mine boy	abrahams peter	peter abrahams	2	2	True	True	TITLE_AND_ABSTRACT	False	0	1	ACCEPT	Mine boy	Abrahams, Peter	NEW_PRODUCTION	False
OA2PRODV1_5d6ee0ed1f787bf2	A2_AUTHOR_REVERSAL	W000013971	W2467569389	1	1	1	1	OAQ000046562	OAE000012911	OAA000015376	Mine boy	Abrahams, Peter	mine boy	abrahams peter	peter abrahams	2	2	False	True	ABSTRACT_ONLY	False	0	1	ACCEPT	Mine boy	Abrahams, Peter	NEW_PRODUCTION	False
OA2PRODV1_5f1c3c90ae82579e	A2_AUTHOR_REVERSAL	W000013971	W2781388137	1	1	1	1	OAQ000046562	OAE000012911	OAA000015376	Mine boy	Abrahams, Peter	mine boy	abrahams peter	peter abrahams	2	2	False	True	ABSTRACT_ONLY	False	0	1	ACCEPT	Mine boy	Abrahams, Peter	NEW_PRODUCTION	False
OA2PRODV1_4a552eade3b89fdc	A2_AUTHOR_REVERSAL	W000013971	W2801170872	1	1	1	1	OAQ000046562	OAE000012911	OAA000015376	Mine boy	Abrahams, Peter	mine boy	abrahams peter	peter abrahams	2	2	True	True	TITLE_AND_ABSTRACT	False	0	1	ACCEPT	Mine boy	Abrahams, Peter	NEW_PRODUCTION	False
OA2PRODV1_e4fa66925fd571ea	A2_AUTHOR_REVERSAL	W000013971	W2977770881	1	1	1	1	OAQ000046562	OAE000012911	OAA000015376	Mine boy	Abrahams, Peter	mine boy	abrahams peter	peter abrahams	2	2	True	False	TITLE_ONLY	False	0	1	ACCEPT	Mine boy	Abrahams, Peter	NEW_PRODUCTION	False
OA2PRODV1_76ddc85fc738ea68	A2_AUTHOR_REVERSAL	W000013971	W3082485499	1	1	1	1	OAQ000046562	OAE000012911	OAA000015376	Mine boy	Abrahams, Peter	mine boy	abrahams peter	peter abrahams	2	2	True	True	TITLE_AND_ABSTRACT	False	0	1	ACCEPT	Mine boy	Abrahams, Peter	NEW_PRODUCTION	False
OA2PRODV1_b98606de6a12b8dd	A2_AUTHOR_REVERSAL	W000013971	W4281706139	1	1	1	1	OAQ000046562	OAE000012911	OAA000015376	Mine boy	Abrahams, Peter	mine boy	abrahams peter	peter abrahams	2	2	True	True	TITLE_AND_ABSTRACT	False	0	1	ACCEPT	Mine boy	Abrahams, Peter	NEW_PRODUCTION	False
OA2PRODV1_ea9bd51f6fb9d040	A2_AUTHOR_REVERSAL	W000013971	W4312891872	1	1	1	1	OAQ000046562	OAE000012911	OAA000015376	Mine boy	Abrahams, Peter	mine boy	abrahams peter	peter abrahams	2	2	True	True	TITLE_AND_ABSTRACT	False	0	1	ACCEPT	Mine boy	Abrahams, Peter	NEW_PRODUCTION	False
OA2PRODV1_2704a25ccb39bdf8	A2_AUTHOR_REVERSAL	W000013971	W4389989587	1	1	1	1	OAQ000046562	OAE000012911	OAA000015376	Mine boy	Abrahams, Peter	mine boy	abrahams peter	peter abrahams	2	2	True	True	TITLE_AND_ABSTRACT	False	0	1	ACCEPT	Mine boy	Abrahams, Peter	NEW_PRODUCTION	False
OA2PRODV1_e5b625be8ca29abe	A2_AUTHOR_REVERSAL	W000013971	W4390797710	1	1	1	1	OAQ000046562	OAE000012911	OAA000015376	Mine boy	Abrahams, Peter	mine boy	abrahams peter	peter abrahams	2	2	False	True	ABSTRACT_ONLY	False	0	1	ACCEPT	Mine boy	Abrahams, Peter	NEW_PRODUCTION	False
OA2PRODV1_20638af904e170d4	A2_AUTHOR_REVERSAL	W000013971	W4394307488	1	1	1	1	OAQ000046562	OAE000012911	OAA000015376	Mine boy	Abrahams, Peter	mine boy	abrahams peter	peter abrahams	2	2	False	True	ABSTRACT_ONLY	False	0	1	ACCEPT	Mine boy	Abrahams, Peter	NEW_PRODUCTION	False
OA2PRODV1_6c3b4d5e9a7e2b31	A2_AUTHOR_REVERSAL	W000013971	W4398183796	1	1	1	1	OAQ000046562	OAE000012911	OAA000015376	Mine boy	Abrahams, Peter	mine boy	abrahams peter	peter abrahams	2	2	False	True	ABSTRACT_ONLY	False	0	1	ACCEPT	Mine boy	Abrahams, Peter	NEW_PRODUCTION	False
OA2PRODV1_b3d2495d62a9ef4d	A2_AUTHOR_REVERSAL	W000013971	W4403896914	1	1	1	1	OAQ000046562	OAE000012911	OAA000015376	Mine boy	Abrahams, Peter	mine boy	abrahams peter	peter abrahams	2	2	True	True	TITLE_AND_ABSTRACT	False	0	1	ACCEPT	Mine boy	Abrahams, Peter	NEW_PRODUCTION	False
OA2PRODV1_66da43fc6488660b	A2_AUTHOR_REVERSAL	W000013971	W655187442	1	1	1	1	OAQ000046562	OAE000012911	OAA000015376	Mine boy	Abrahams, Peter	mine boy	abrahams peter	peter abrahams	2	2	True	False	TITLE_ONLY	False	0	1	ACCEPT	Mine boy	Abrahams, Peter	NEW_PRODUCTION	False
OA2PRODV1_55d23a6932a964b6	A2_AUTHOR_REVERSAL	W000013971	W6906931376	1	1	1	1	OAQ000046562	OAE000012911	OAA000015376	Mine boy	Abrahams, Peter	mine boy	abrahams peter	peter abrahams	2	2	False	True	ABSTRACT_ONLY	False	0	1	ACCEPT	Mine boy	Abrahams, Peter	NEW_PRODUCTION	False
OA2PRODV1_5a588501918c02bf	A2_AUTHOR_REVERSAL	W000013971	W6941029504	1	1	1	1	OAQ000046562	OAE000012911	OAA000015376	Mine boy	Abrahams, Peter	mine boy	abrahams peter	peter abrahams	2	2	True	False	TITLE_ONLY	False	0	1	ACCEPT	Mine boy	Abrahams, Peter	NEW_PRODUCTION	False
OA2PRODV1_992afb4b816b91b6	A2_AUTHOR_REVERSAL	W000013971	W6962875792	1	1	1	1	OAQ000046562	OAE000012911	OAA000015376	Mine boy	Abrahams, Peter	mine boy	abrahams peter	peter abrahams	2	2	False	True	ABSTRACT_ONLY	False	0	1	ACCEPT	Mine boy	Abrahams, Peter	NEW_PRODUCTION	False
OA2PRODV1_5743693406fabb5c	A2_AUTHOR_REVERSAL	W000013971	W6977023316	1	1	1	1	OAQ000046562	OAE000012911	OAA000015376	Mine boy	Abrahams, Peter	mine boy	abrahams peter	peter abrahams	2	2	False	True	ABSTRACT_ONLY	False	0	1	ACCEPT	Mine boy	Abrahams, Peter	NEW_PRODUCTION	False
OA2PRODV1_0e6eb597b94b4579	A2_AUTHOR_REVERSAL	W000013971	W7023762439	1	1	1	1	OAQ000046562	OAE000012911	OAA000015376	Mine boy	Abrahams, Peter	mine boy	abrahams peter	peter abrahams	2	2	True	False	TITLE_ONLY	False	0	1	ACCEPT	Mine boy	Abrahams, Peter	NEW_PRODUCTION	False
OA2PRODV1_6cd991434f4de536	A2_AUTHOR_REVERSAL	W000013971	W7133340407	1	1	1	1	OAQ000046562	OAE000012911	OAA000015376	Mine boy	Abrahams, Peter	mine boy	abrahams peter	peter abrahams	2	2	True	True	TITLE_AND_ABSTRACT	False	0	1	ACCEPT	Mine boy	Abrahams, Peter	NEW_PRODUCTION	False
OA2PRODV1_55a3bbe8f94276db	A2_AUTHOR_REVERSAL	W000013971	W7203802318	1	1	1	1	OAQ000046562	OAE000012911	OAA000015376	Mine boy	Abrahams, Peter	mine boy	abrahams peter	peter abrahams	2	2	True	False	TITLE_ONLY	False	0	1	ACCEPT	Mine boy	Abrahams, Peter	NEW_PRODUCTION	False
OA2PRODV1_9a2a4df5ccbdfe72	A2_AUTHOR_REVERSAL	W000013972	W1601069240	1	1	1	1	OAQ000046565	OAE000025667	OAA000015377	The Path of Thunder	Abrahams, Peter	the path of thunder	abrahams peter	peter abrahams	4	4	False	True	ABSTRACT_ONLY	False	0	1	ACCEPT	The Path of Thunder	Abrahams, Peter	NEW_PRODUCTION	False
OA2PRODV1_0521d10cb069de83	A2_AUTHOR_REVERSAL	W000013972	W2074597858	1	1	1	1	OAQ000046565	OAE000025667	OAA000015377	The Path of Thunder	Abrahams, Peter	the path of thunder	abrahams peter	peter abrahams	4	4	False	True	ABSTRACT_ONLY	False	0	1	ACCEPT	The Path of Thunder	Abrahams, Peter	NEW_PRODUCTION	False
OA2PRODV1_9f7a05bd7c36e7fd	A2_AUTHOR_REVERSAL	W000013972	W2478934754	1	1	1	1	OAQ000046565	OAE000025667	OAA000015377	The Path of Thunder	Abrahams, Peter	the path of thunder	abrahams peter	peter abrahams	4	4	True	True	TITLE_AND_ABSTRACT	False	0	1	ACCEPT	The Path of Thunder	Abrahams, Peter	NEW_PRODUCTION	False
OA2PRODV1_a9a04114df3e7f7c	A2_AUTHOR_REVERSAL	W000013972	W2483217377	1	1	1	1	OAQ000046565	OAE000025667	OAA000015377	The Path of Thunder	Abrahams, Peter	the path of thunder	abrahams peter	peter abrahams	4	4	False	True	ABSTRACT_ONLY	False	0	1	ACCEPT	The Path of Thunder	Abrahams, Peter	NEW_PRODUCTION	False
OA2PRODV1_0af2a5ba0584f89f	A2_AUTHOR_REVERSAL	W000013972	W2781388137	1	1	1	1	OAQ000046565	OAE000025667	OAA000015377	The Path of Thunder	Abrahams, Peter	the path of thunder	abrahams peter	peter abrahams	4	4	False	True	ABSTRACT_ONLY	False	0	1	ACCEPT	The Path of Thunder	Abrahams, Peter	NEW_PRODUCTION	False
OA2PRODV1_b43af78694a987e7	A2_AUTHOR_REVERSAL	W000013972	W3172334439	1	1	1	1	OAQ000046565	OAE000025667	OAA000015377	The Path of Thunder	Abrahams, Peter	the path of thunder	abrahams peter	peter abrahams	4	4	True	True	TITLE_AND_ABSTRACT	False	0	1	ACCEPT	The Path of Thunder	Abrahams, Peter	NEW_PRODUCTION	False
OA2PRODV1_d8a38c41d8f5cfee	A2_AUTHOR_REVERSAL	W000013972	W4390797710	1	1	1	1	OAQ000046565	OAE000025667	OAA000015377	The Path of Thunder	Abrahams, Peter	the path of thunder	abrahams peter	peter abrahams	4	4	False	True	ABSTRACT_ONLY	False	0	1	ACCEPT	The Path of Thunder	Abrahams, Peter	NEW_PRODUCTION	False
OA2PRODV1_666450de827efc0e	A2_AUTHOR_REVERSAL	W000013972	W4391402294	1	1	1	1	OAQ000046565	OAE000025667	OAA000015377	The Path of Thunder	Abrahams, Peter	the path of thunder	abrahams peter	peter abrahams	4	4	False	True	ABSTRACT_ONLY	False	0	1	ACCEPT	The Path of Thunder	Abrahams, Peter	NEW_PRODUCTION	False
OA2PRODV1_e66e06b0feb348b6	A2_AUTHOR_REVERSAL	W000013972	W4401444465	1	1	1	1	OAQ000046565	OAE000025667	OAA000015377	The Path of Thunder	Abrahams, Peter	the path of thunder	abrahams peter	peter abrahams	4	4	False	True	ABSTRACT_ONLY	False	0	1	ACCEPT	The Path of Thunder	Abrahams, Peter	NEW_PRODUCTION	False
OA2PRODV1_9f06101af4126062	A2_AUTHOR_REVERSAL	W000013972	W7029416353	1	1	1	1	OAQ000046565	OAE000025667	OAA000015377	The Path of Thunder	Abrahams, Peter	the path of thunder	abrahams peter	peter abrahams	4	4	False	True	ABSTRACT_ONLY	False	0	1	ACCEPT	The Path of Thunder	Abrahams, Peter	NEW_PRODUCTION	False
OA2PRODV1_1127647650179624	A2_AUTHOR_REVERSAL	W000014063	W4255382061	1	1	1	1	OAQ000046838	OAE000027428	OAA000015482	The splendour of the dawn	Oxenham, John	the splendour of the dawn	oxenham john	john oxenham	5	5	False	True	ABSTRACT_ONLY	False	0	1	ACCEPT	The splendour of the dawn	Oxenham, John	NEW_PRODUCTION	False
OA2PRODV1_6545e94ec6720f53	A2_AUTHOR_REVERSAL	W000014166	W7055199606	1	1	1	1	OAQ000047145	OAE000020535	OAA000015600	The Buik of Alexander: or	Barbour, John	the buik of alexander or	barbour john	john barbour	5	5	True	False	TITLE_ONLY	False	0	1	ACCEPT	The Buik of Alexander: or	Barbour, John	NEW_PRODUCTION	False
OA2PRODV1_fc4c6594c865b8b4	A2_AUTHOR_REVERSAL	W000014502	W7010119634	1	1	1	1	OAQ000048149	OAE000018869	OAA000015997	Svarnalata	Ganguli, Taraknath	svarnalata	ganguli taraknath	taraknath ganguli	1	1	True	False	TITLE_ONLY	False	0	1	ACCEPT	Svarnalata	Ganguli, Taraknath	NEW_PRODUCTION	False
OA2PRODV1_9851b53b08381e0f	A2_AUTHOR_REVERSAL	W000014502	W7145761102	1	1	1	1	OAQ000048149	OAE000018869	OAA000015997	Svarnalata	Ganguli, Taraknath	svarnalata	ganguli taraknath	taraknath ganguli	1	1	True	False	TITLE_ONLY	False	0	1	ACCEPT	Svarnalata	Ganguli, Taraknath	NEW_PRODUCTION	False
OA2PRODV1_8e8d0468ac1dc8cd	A2_AUTHOR_REVERSAL	W000014617	W4398207389	1	1	1	1	OAQ000048494	OAE000027184	OAA000016114	The singing-men at Cashel	Clarke, Austin	the singing men at cashel	clarke austin	austin clarke	5	5	True	True	TITLE_AND_ABSTRACT	False	0	1	ACCEPT	The singing-men at Cashel	Clarke, Austin	NEW_PRODUCTION	False
OA2PRODV1_fad1056e71c41cca	A2_AUTHOR_REVERSAL	W000014617	W7001500203	1	1	1	1	OAQ000048494	OAE000027184	OAA000016114	The singing-men at Cashel	Clarke, Austin	the singing men at cashel	clarke austin	austin clarke	5	5	True	False	TITLE_ONLY	False	0	1	ACCEPT	The singing-men at Cashel	Clarke, Austin	NEW_PRODUCTION	False
OA2PRODV1_33d10d8eebd62147	A2_AUTHOR_REVERSAL	W000014630	W2565282428	1	1	1	1	OAQ000048533	OAE000001192	OAA000016128	A ram in the thicket	Robertson, Frank C.	a ram in the thicket	robertson frank c	frank c robertson	5	5	True	False	TITLE_ONLY	False	0	1	ACCEPT	A ram in the thicket	Robertson, Frank C.	NEW_PRODUCTION	False
OA2PRODV1_3f2a20fd01a032b2	A2_AUTHOR_REVERSAL	W000014630	W4312387593	1	1	1	1	OAQ000048533	OAE000001192	OAA000016128	A ram in the thicket	Robertson, Frank C.	a ram in the thicket	robertson frank c	frank c robertson	5	5	True	True	TITLE_AND_ABSTRACT	False	0	1	ACCEPT	A ram in the thicket	Robertson, Frank C.	NEW_PRODUCTION	False
OA2PRODV1_e2f366f2b8b3cfe2	A2_AUTHOR_REVERSAL	W000014630	W4312530746	1	1	1	1	OAQ000048533	OAE000001192	OAA000016128	A ram in the thicket	Robertson, Frank C.	a ram in the thicket	robertson frank c	frank c robertson	5	5	True	True	TITLE_AND_ABSTRACT	False	0	1	ACCEPT	A ram in the thicket	Robertson, Frank C.	NEW_PRODUCTION	False
OA2PRODV1_b7945e730804ece5	A2_AUTHOR_REVERSAL	W000014641	W1976164717	1	1	1	1	OAQ000048566	OAE000028284	OAA000016142	The turf-cutter's donkey	Lynch, Patricia	the turf cutter s donkey	lynch patricia	patricia lynch	5	5	False	True	ABSTRACT_ONLY	False	0	1	ACCEPT	The turf-cutter's donkey	Lynch, Patricia	NEW_PRODUCTION	False
OA2PRODV1_7bfa1b1bf81fa42b	A2_AUTHOR_REVERSAL	W000014641	W2503312849	1	1	1	1	OAQ000048566	OAE000028284	OAA000016142	The turf-cutter's donkey	Lynch, Patricia	the turf cutter s donkey	lynch patricia	patricia lynch	5	5	False	True	ABSTRACT_ONLY	False	0	1	ACCEPT	The turf-cutter's donkey	Lynch, Patricia	NEW_PRODUCTION	False
OA2PRODV1_8be40d48416d1d7a	A2_AUTHOR_REVERSAL	W000014688	W7029601149	1	1	1	1	OAQ000048707	OAE000007029	OAA000016192	Farden Ha'	Wood, Joanna E.	farden ha	wood joanna e	joanna e wood	2	2	False	True	ABSTRACT_ONLY	False	0	1	ACCEPT	Farden Ha'	Wood, Joanna E.	NEW_PRODUCTION	False
OA2PRODV1_7d098fe354ac81a5	A2_AUTHOR_REVERSAL	W000014719	W2807738199	1	1	1	1	OAQ000048800	OAE000004209	OAA000016230	Capel Sion	Evans, Caradoc	capel sion	evans caradoc	caradoc evans	2	2	True	False	TITLE_ONLY	False	0	1	ACCEPT	Capel Sion	Evans, Caradoc	NEW_PRODUCTION	False
OA2PRODV1_d823b620f889fcfd	A2_AUTHOR_REVERSAL	W000014759	W7145761102	1	1	1	1	OAQ000048920	OAE000020518	OAA000016282	The brothers, from the Bengali of Svarnalata	Ganguli, Taraknath	the brothers from the bengali of svarnalata	ganguli taraknath	taraknath ganguli	7	7	True	False	TITLE_ONLY	False	0	1	ACCEPT	The brothers, from the Bengali of Svarnalata	Ganguli, Taraknath	NEW_PRODUCTION	False
OA2PRODV1_acd96c9beb56244f	A2_AUTHOR_REVERSAL	W000015197	W7067579233	1	1	1	1	OAQ000050124	OAE000011499	OAA000016781	Light on shadowed paths	Arthur, T. S.	light on shadowed paths	arthur t s	t s arthur	4	4	True	False	TITLE_ONLY	False	0	1	ACCEPT	Light on shadowed paths	Arthur, T. S.	NEW_PRODUCTION	False
OA2PRODV1_e2d082f2abcfd0cf	A2_AUTHOR_REVERSAL	W000015791	W2762333438	1	1	1	1	OAQ000051712	OAE000020966	OAA000017403	The chosen valley	Foote, Mary Hallock	the chosen valley	foote mary hallock	mary hallock foote	3	3	False	True	ABSTRACT_ONLY	False	0	1	ACCEPT	The chosen valley	Foote, Mary Hallock	NEW_PRODUCTION	False
OA2PRODV1_1eef114ac467c8b4	A2_AUTHOR_REVERSAL	W000015791	W2763448281	1	1	1	1	OAQ000051712	OAE000020966	OAA000017403	The chosen valley	Foote, Mary Hallock	the chosen valley	foote mary hallock	mary hallock foote	3	3	False	True	ABSTRACT_ONLY	False	0	1	ACCEPT	The chosen valley	Foote, Mary Hallock	NEW_PRODUCTION	False
OA2PRODV1_988e917eab427c1f	A2_AUTHOR_REVERSAL	W000015791	W4226380241	1	1	1	1	OAQ000051712	OAE000020966	OAA000017403	The chosen valley	Foote, Mary Hallock	the chosen valley	foote mary hallock	mary hallock foote	3	3	False	True	ABSTRACT_ONLY	False	0	1	ACCEPT	The chosen valley	Foote, Mary Hallock	NEW_PRODUCTION	False
OA2PRODV1_e545e7b95fc8e043	A2_AUTHOR_REVERSAL	W000015938	W2048529122	1	1	1	1	OAQ000052153	OAE000012359	OAA000017588	Many-colored fleece	Gable, Mariella	many colored fleece	gable mariella	mariella gable	3	3	True	False	TITLE_ONLY	True	1	2	ACCEPT	Many-colored fleece	Gable, Mariella	NEW_PRODUCTION	False
OA2PRODV1_8b5ff2f730be2be6	A2_AUTHOR_REVERSAL	W000016173	W2890133463	1	1	1	1	OAQ000052786	OAE000014387	OAA000017846	Oddities in southern life and character	Watterson, Henry	oddities in southern life and character	watterson henry	henry watterson	6	6	False	True	ABSTRACT_ONLY	True	1	2	REVIEW	Oddities in southern life and character	Watterson, Henry	NEW_PRODUCTION	True
OA2PRODV1_10a2bebe724f98f5	A2_AUTHOR_REVERSAL	W000017353	W2320036204	1	1	1	1	OAQ000056316	OAE000031891	OAA000019222	Wreath of song	Broderick, Robert C.	wreath of song	broderick robert c	robert c broderick	3	3	True	False	TITLE_ONLY	False	0	1	ACCEPT	Wreath of song	Broderick, Robert C.	NEW_PRODUCTION	False
OA2PRODV1_599bd93113e98a60	A2_AUTHOR_REVERSAL	W000017799	W591972858	1	1	1	1	OAQ000057644	OAE000030191	OAA000019774	Tsuchi	Nagatsuka, Takashi	tsuchi	nagatsuka takashi	takashi nagatsuka	1	1	True	False	TITLE_ONLY	False	0	1	ACCEPT	Tsuchi	Nagatsuka, Takashi	NEW_PRODUCTION	False
OA2PRODV1_8a8aebc51ea41293	A2_AUTHOR_REVERSAL	W000017799	W7208691927	1	1	1	1	OAQ000057644	OAE000030191	OAA000019774	Tsuchi	Nagatsuka, Takashi	tsuchi	nagatsuka takashi	takashi nagatsuka	1	1	True	False	TITLE_ONLY	False	0	1	ACCEPT	Tsuchi	Nagatsuka, Takashi	NEW_PRODUCTION	False
OA2PRODV1_ebd9c405f70e724f	A2_AUTHOR_REVERSAL	W000018348	W2621283889	1	1	1	1	OAQ000059285	OAE000029402	OAA000020447	Thomas Mason, adventurer	Pleasants, Henry	thomas mason adventurer	pleasants henry	henry pleasants	3	3	True	False	TITLE_ONLY	False	0	1	ACCEPT	Thomas Mason, adventurer	Pleasants, Henry	NEW_PRODUCTION	False
OA2PRODV1_1de18cbf28ee8557	A2_AUTHOR_REVERSAL	W000018348	W4248082668	1	1	1	1	OAQ000059285	OAE000029402	OAA000020447	Thomas Mason, adventurer	Pleasants, Henry	thomas mason adventurer	pleasants henry	henry pleasants	3	3	True	True	TITLE_AND_ABSTRACT	False	0	1	ACCEPT	Thomas Mason, adventurer	Pleasants, Henry	NEW_PRODUCTION	False
OA2PRODV1_62efc10d5412172d	A2_AUTHOR_REVERSAL	W000018453	W1505502495	1	1	1	1	OAQ000059600	OAE000018676	OAA000020561	Strike!	Vorse, Mary Heaton	strike	vorse mary heaton	mary heaton vorse	1	1	False	True	ABSTRACT_ONLY	False	0	1	REVIEW	Strike!	Vorse, Mary Heaton	NEW_PRODUCTION	True
OA2PRODV1_925e62e292f4f9fe	A2_AUTHOR_REVERSAL	W000018453	W2007616546	1	1	1	1	OAQ000059600	OAE000018676	OAA000020561	Strike!	Vorse, Mary Heaton	strike	vorse mary heaton	mary heaton vorse	1	1	False	True	ABSTRACT_ONLY	False	0	1	REVIEW	Strike!	Vorse, Mary Heaton	NEW_PRODUCTION	True
OA2PRODV1_dd08ba3ab3ac3a84	A2_AUTHOR_REVERSAL	W000018453	W2053404231	1	1	1	1	OAQ000059600	OAE000018676	OAA000020561	Strike!	Vorse, Mary Heaton	strike	vorse mary heaton	mary heaton vorse	1	1	False	True	ABSTRACT_ONLY	False	0	1	REVIEW	Strike!	Vorse, Mary Heaton	NEW_PRODUCTION	True
OA2PRODV1_73dd081f65e17ad0	A2_AUTHOR_REVERSAL	W000018453	W2080313180	1	1	1	1	OAQ000059600	OAE000018676	OAA000020561	Strike!	Vorse, Mary Heaton	strike	vorse mary heaton	mary heaton vorse	1	1	True	True	TITLE_AND_ABSTRACT	False	0	1	ACCEPT	Strike!	Vorse, Mary Heaton	NEW_PRODUCTION	False
OA2PRODV1_8941a3712d3d205c	A2_AUTHOR_REVERSAL	W000018453	W2080790462	1	1	1	1	OAQ000059600	OAE000018676	OAA000020561	Strike!	Vorse, Mary Heaton	strike	vorse mary heaton	mary heaton vorse	1	1	False	True	ABSTRACT_ONLY	False	0	1	REVIEW	Strike!	Vorse, Mary Heaton	NEW_PRODUCTION	True
OA2PRODV1_9e70012aa442d817	A2_AUTHOR_REVERSAL	W000018453	W2141345994	1	1	1	1	OAQ000059600	OAE000018676	OAA000020561	Strike!	Vorse, Mary Heaton	strike	vorse mary heaton	mary heaton vorse	1	1	True	True	TITLE_AND_ABSTRACT	False	0	1	ACCEPT	Strike!	Vorse, Mary Heaton	NEW_PRODUCTION	False
OA2PRODV1_776768f75cc86a8a	A2_AUTHOR_REVERSAL	W000018453	W2235586350	1	1	1	1	OAQ000059600	OAE000018676	OAA000020561	Strike!	Vorse, Mary Heaton	strike	vorse mary heaton	mary heaton vorse	1	1	False	True	ABSTRACT_ONLY	False	0	1	REVIEW	Strike!	Vorse, Mary Heaton	NEW_PRODUCTION	True
OA2PRODV1_8c9ce0ee4c0107d5	A2_AUTHOR_REVERSAL	W000018453	W256020130	1	1	1	1	OAQ000059600	OAE000018676	OAA000020561	Strike!	Vorse, Mary Heaton	strike	vorse mary heaton	mary heaton vorse	1	1	True	True	TITLE_AND_ABSTRACT	False	0	1	ACCEPT	Strike!	Vorse, Mary Heaton	NEW_PRODUCTION	False
OA2PRODV1_e3b2987ed67899a6	A2_AUTHOR_REVERSAL	W000018453	W4210755225	1	1	1	1	OAQ000059600	OAE000018676	OAA000020561	Strike!	Vorse, Mary Heaton	strike	vorse mary heaton	mary heaton vorse	1	1	False	True	ABSTRACT_ONLY	False	0	1	REVIEW	Strike!	Vorse, Mary Heaton	NEW_PRODUCTION	True
OA2PRODV1_691e1f6e0ec298c1	A2_AUTHOR_REVERSAL	W000018453	W4377970291	1	1	1	1	OAQ000059600	OAE000018676	OAA000020561	Strike!	Vorse, Mary Heaton	strike	vorse mary heaton	mary heaton vorse	1	1	True	True	TITLE_AND_ABSTRACT	False	0	1	ACCEPT	Strike!	Vorse, Mary Heaton	NEW_PRODUCTION	False
OA2PRODV1_da952ecee1befe27	A2_AUTHOR_REVERSAL	W000018453	W6959244730	1	1	1	1	OAQ000059600	OAE000018676	OAA000020561	Strike!	Vorse, Mary Heaton	strike	vorse mary heaton	mary heaton vorse	1	1	False	True	ABSTRACT_ONLY	False	0	1	REVIEW	Strike!	Vorse, Mary Heaton	NEW_PRODUCTION	True
OA2PRODV1_f6c523c5d38bd647	A2_AUTHOR_REVERSAL	W000018453	W6977952859	1	1	1	1	OAQ000059600	OAE000018676	OAA000020561	Strike!	Vorse, Mary Heaton	strike	vorse mary heaton	mary heaton vorse	1	1	True	True	TITLE_AND_ABSTRACT	False	0	1	ACCEPT	Strike!	Vorse, Mary Heaton	NEW_PRODUCTION	False
OA2PRODV1_66c7bf26d80ab00b	A2_AUTHOR_REVERSAL	W000018453	W7023443990	1	1	1	1	OAQ000059600	OAE000018676	OAA000020561	Strike!	Vorse, Mary Heaton	strike	vorse mary heaton	mary heaton vorse	1	1	False	True	ABSTRACT_ONLY	False	0	1	REVIEW	Strike!	Vorse, Mary Heaton	NEW_PRODUCTION	True
OA2PRODV1_0bbaa9c23f02df74	A2_AUTHOR_REVERSAL	W000018625	W1552947629	1	1	1	1	OAQ000060116	OAE000014895	OAA000020743	Out of this furnace	Bell, Thomas	out of this furnace	bell thomas	thomas bell	4	4	True	True	TITLE_AND_ABSTRACT	False	0	1	ACCEPT	Out of this furnace	Bell, Thomas	NEW_PRODUCTION	False
OA2PRODV1_501fb0be0ec77035	A2_AUTHOR_REVERSAL	W000018625	W2024156080	1	1	1	1	OAQ000060116	OAE000014895	OAA000020743	Out of this furnace	Bell, Thomas	out of this furnace	bell thomas	thomas bell	4	4	False	True	ABSTRACT_ONLY	False	0	1	ACCEPT	Out of this furnace	Bell, Thomas	NEW_PRODUCTION	False
OA2PRODV1_f1735f547f1724af	A2_AUTHOR_REVERSAL	W000018625	W2072497610	1	1	1	1	OAQ000060116	OAE000014895	OAA000020743	Out of this furnace	Bell, Thomas	out of this furnace	bell thomas	thomas bell	4	4	True	True	TITLE_AND_ABSTRACT	False	0	1	ACCEPT	Out of this furnace	Bell, Thomas	NEW_PRODUCTION	False
OA2PRODV1_6ef14f2863c7e9a8	A2_AUTHOR_REVERSAL	W000018625	W2095430286	1	1	1	1	OAQ000060116	OAE000014895	OAA000020743	Out of this furnace	Bell, Thomas	out of this furnace	bell thomas	thomas bell	4	4	False	True	ABSTRACT_ONLY	False	0	1	ACCEPT	Out of this furnace	Bell, Thomas	NEW_PRODUCTION	False
OA2PRODV1_c3a4bedfaedbba33	A2_AUTHOR_REVERSAL	W000018625	W2178655255	1	1	1	1	OAQ000060116	OAE000014895	OAA000020743	Out of this furnace	Bell, Thomas	out of this furnace	bell thomas	thomas bell	4	4	False	True	ABSTRACT_ONLY	False	0	1	ACCEPT	Out of this furnace	Bell, Thomas	NEW_PRODUCTION	False
OA2PRODV1_7fa99285bc3f9cb4	A2_AUTHOR_REVERSAL	W000018625	W2497567106	1	1	1	1	OAQ000060116	OAE000014895	OAA000020743	Out of this furnace	Bell, Thomas	out of this furnace	bell thomas	thomas bell	4	4	False	True	ABSTRACT_ONLY	False	0	1	ACCEPT	Out of this furnace	Bell, Thomas	NEW_PRODUCTION	False
OA2PRODV1_c0e8b4505dc47892	A2_AUTHOR_REVERSAL	W000018625	W2576187971	1	1	1	1	OAQ000060116	OAE000014895	OAA000020743	Out of this furnace	Bell, Thomas	out of this furnace	bell thomas	thomas bell	4	4	True	False	TITLE_ONLY	False	0	1	ACCEPT	Out of this furnace	Bell, Thomas	NEW_PRODUCTION	False
OA2PRODV1_d5b2442842962666	A2_AUTHOR_REVERSAL	W000018625	W2593984121	1	1	1	1	OAQ000060116	OAE000014895	OAA000020743	Out of this furnace	Bell, Thomas	out of this furnace	bell thomas	thomas bell	4	4	True	False	TITLE_ONLY	False	0	1	ACCEPT	Out of this furnace	Bell, Thomas	NEW_PRODUCTION	False
OA2PRODV1_c5db37422c377f49	A2_AUTHOR_REVERSAL	W000018625	W2620721938	1	1	1	1	OAQ000060116	OAE000014895	OAA000020743	Out of this furnace	Bell, Thomas	out of this furnace	bell thomas	thomas bell	4	4	True	False	TITLE_ONLY	False	0	1	ACCEPT	Out of this furnace	Bell, Thomas	NEW_PRODUCTION	False
OA2PRODV1_eeeb34fc6ccd8517	A2_AUTHOR_REVERSAL	W000018625	W3037772092	1	1	1	1	OAQ000060116	OAE000014895	OAA000020743	Out of this furnace	Bell, Thomas	out of this furnace	bell thomas	thomas bell	4	4	False	True	ABSTRACT_ONLY	False	0	1	ACCEPT	Out of this furnace	Bell, Thomas	NEW_PRODUCTION	False
OA2PRODV1_206cc10b6ff85abd	A2_AUTHOR_REVERSAL	W000018625	W565199274	1	1	1	1	OAQ000060116	OAE000014895	OAA000020743	Out of this furnace	Bell, Thomas	out of this furnace	bell thomas	thomas bell	4	4	True	True	TITLE_AND_ABSTRACT	False	0	1	ACCEPT	Out of this furnace	Bell, Thomas	NEW_PRODUCTION	False
OA2PRODV1_53137a0c95426b3e	A2_AUTHOR_REVERSAL	W000018625	W6889071655	1	1	1	1	OAQ000060116	OAE000014895	OAA000020743	Out of this furnace	Bell, Thomas	out of this furnace	bell thomas	thomas bell	4	4	False	True	ABSTRACT_ONLY	False	0	1	ACCEPT	Out of this furnace	Bell, Thomas	NEW_PRODUCTION	False
OA2PRODV1_a9cafc2a729b6de3	A2_AUTHOR_REVERSAL	W000018625	W6964401031	1	1	1	1	OAQ000060116	OAE000014895	OAA000020743	Out of this furnace	Bell, Thomas	out of this furnace	bell thomas	thomas bell	4	4	False	True	ABSTRACT_ONLY	False	0	1	ACCEPT	Out of this furnace	Bell, Thomas	NEW_PRODUCTION	False
OA2PRODV1_1d84ed15489a6307	A2_AUTHOR_REVERSAL	W000018625	W7043761122	1	1	1	1	OAQ000060116	OAE000014895	OAA000020743	Out of this furnace	Bell, Thomas	out of this furnace	bell thomas	thomas bell	4	4	True	True	TITLE_AND_ABSTRACT	False	0	1	ACCEPT	Out of this furnace	Bell, Thomas	NEW_PRODUCTION	False
OA2PRODV1_4d056810798d3883	A2_AUTHOR_REVERSAL	W000019071	W7015186812	1	1	1	1	OAQ000061442	OAE000005706	OAA000021350	Death in the claimshack	Sinclair, John L.	death in the claimshack	sinclair john l	john l sinclair	4	4	False	True	ABSTRACT_ONLY	False	0	1	ACCEPT	Death in the claimshack	Sinclair, John L.	NEW_PRODUCTION	False
OA2PRODV1_a6a5ca6b99ba594a	A2_AUTHOR_REVERSAL	W000019072	W7015186812	1	1	1	1	OAQ000061445	OAE000009848	OAA000021351	In time of harvest	Sinclair, John L.	in time of harvest	sinclair john l	john l sinclair	4	4	False	True	ABSTRACT_ONLY	False	0	1	ACCEPT	In time of harvest	Sinclair, John L.	NEW_PRODUCTION	False
OA2PRODV1_8fcb9804bd3a6b5a	A2_AUTHOR_REVERSAL	W000019130	W1563326735	1	1	1	1	OAQ000061619	OAE000004217	OAA000021427	Caps for sale	Slobodkina, Esphyr	caps for sale	slobodkina esphyr	esphyr slobodkina	3	3	False	True	ABSTRACT_ONLY	False	0	1	ACCEPT	Caps for sale	Slobodkina, Esphyr	NEW_PRODUCTION	False
OA2PRODV1_da2bbe48fd1b903b	A2_AUTHOR_REVERSAL	W000019533	W2724431226	1	1	1	1	OAQ000062811	OAE000016948	OAA000021934	Sailors belong ships	Morrison, John	sailors belong ships	morrison john	john morrison	3	3	True	True	TITLE_AND_ABSTRACT	False	0	1	ACCEPT	Sailors belong ships	Morrison, John	NEW_PRODUCTION	False
OA2PRODV1_ba54d534c2bccb0d	A2_AUTHOR_REVERSAL	W000019852	W7053669270	1	1	1	1	OAQ000063766	OAE000027479	OAA000022378	The starling	Macleod, Norman	the starling	macleod norman	norman macleod	2	2	False	True	ABSTRACT_ONLY	False	0	1	ACCEPT	The starling	Macleod, Norman	NEW_PRODUCTION	False
OA2PRODV1_5db3b1c87c923f79	A2_AUTHOR_REVERSAL	W000020821	W7204217351	1	1	1	1	OAQ000066663	OAE000022334	OAA000023515	The fly on the wheel	Thurston, Katherine Cecil	the fly on the wheel	thurston katherine cecil	katherine cecil thurston	5	5	True	False	TITLE_ONLY	False	0	1	ACCEPT	The fly on the wheel	Thurston, Katherine Cecil	NEW_PRODUCTION	False
OA2PRODV1_58c24b82f8adbf17	A2_AUTHOR_REVERSAL	W000020918	W2482686903	1	1	1	1	OAQ000066954	OAE000013100	OAA000023621	Molly Bishop's family	Owen, Catherine	molly bishop s family	owen catherine	catherine owen	4	4	False	True	ABSTRACT_ONLY	False	0	1	ACCEPT	Molly Bishop's family	Owen, Catherine	NEW_PRODUCTION	False
OA2PRODV1_676efc0272131aea	A2_AUTHOR_REVERSAL	W000021275	W1996294830	1	1	1	1	OAQ000068025	OAE000011146	OAA000024001	Land under England	O'Neill, Joseph.	land under england	o neill joseph	joseph o neill	3	3	False	True	ABSTRACT_ONLY	False	0	1	ACCEPT	Land under England	O'Neill, Joseph.	NEW_PRODUCTION	False
OA2PRODV1_a6dd25a2be02757c	A2_AUTHOR_REVERSAL	W000021275	W2930758028	1	1	1	1	OAQ000068025	OAE000011146	OAA000024001	Land under England	O'Neill, Joseph.	land under england	o neill joseph	joseph o neill	3	3	False	True	ABSTRACT_ONLY	False	0	1	ACCEPT	Land under England	O'Neill, Joseph.	NEW_PRODUCTION	False
OA2PRODV1_d56f3c598476a958	A2_AUTHOR_REVERSAL	W000021275	W2990890482	1	1	1	1	OAQ000068025	OAE000011146	OAA000024001	Land under England	O'Neill, Joseph.	land under england	o neill joseph	joseph o neill	3	3	False	True	ABSTRACT_ONLY	False	0	1	ACCEPT	Land under England	O'Neill, Joseph.	NEW_PRODUCTION	False
OA2PRODV1_6fa5089fe684b77b	A2_AUTHOR_REVERSAL	W000021275	W4252761254	1	1	1	1	OAQ000068025	OAE000011146	OAA000024001	Land under England	O'Neill, Joseph.	land under england	o neill joseph	joseph o neill	3	3	True	True	TITLE_AND_ABSTRACT	False	0	1	ACCEPT	Land under England	O'Neill, Joseph.	NEW_PRODUCTION	False
OA2PRODV1_91d985afcc63d6c9	A2_AUTHOR_REVERSAL	W000021275	W7071770401	1	1	1	1	OAQ000068025	OAE000011146	OAA000024001	Land under England	O'Neill, Joseph.	land under england	o neill joseph	joseph o neill	3	3	False	True	ABSTRACT_ONLY	False	0	1	ACCEPT	Land under England	O'Neill, Joseph.	NEW_PRODUCTION	False
OA2PRODV1_94447c2e8fe2c691	A2_AUTHOR_REVERSAL	W000021275	W7202354552	1	1	1	1	OAQ000068025	OAE000011146	OAA000024001	Land under England	O'Neill, Joseph.	land under england	o neill joseph	joseph o neill	3	3	False	True	ABSTRACT_ONLY	False	0	1	ACCEPT	Land under England	O'Neill, Joseph.	NEW_PRODUCTION	False
OA2PRODV1_6b9ff44450b484ea	A2_AUTHOR_REVERSAL	W000021302	W1494656491	1	1	1	1	OAQ000068106	OAE000016518	OAA000024030	Ride on stranger	Tennant, Kylie	ride on stranger	tennant kylie	kylie tennant	3	3	False	True	ABSTRACT_ONLY	False	0	1	ACCEPT	Ride on stranger	Tennant, Kylie	NEW_PRODUCTION	False
OA2PRODV1_5074406791fe661f	A2_AUTHOR_REVERSAL	W000021302	W349287927	1	1	1	1	OAQ000068106	OAE000016518	OAA000024030	Ride on stranger	Tennant, Kylie	ride on stranger	tennant kylie	kylie tennant	3	3	False	True	ABSTRACT_ONLY	False	0	1	ACCEPT	Ride on stranger	Tennant, Kylie	NEW_PRODUCTION	False
OA2PRODV1_ef88b0851360927d	A2_AUTHOR_REVERSAL	W000021302	W4246971687	1	1	1	1	OAQ000068106	OAE000016518	OAA000024030	Ride on stranger	Tennant, Kylie	ride on stranger	tennant kylie	kylie tennant	3	3	False	True	ABSTRACT_ONLY	False	0	1	ACCEPT	Ride on stranger	Tennant, Kylie	NEW_PRODUCTION	False
OA2PRODV1_b37ebe9affa8b48d	A2_AUTHOR_REVERSAL	W000021303	W135290852	1	1	1	1	OAQ000068109	OAE000019863	OAA000024031	The battlers	Tennant, Kylie	the battlers	tennant kylie	kylie tennant	2	2	True	False	TITLE_ONLY	False	0	1	ACCEPT	The battlers	Tennant, Kylie	NEW_PRODUCTION	False
OA2PRODV1_d2fa20913ab4c855	A2_AUTHOR_REVERSAL	W000021303	W139100652	1	1	1	1	OAQ000068109	OAE000019863	OAA000024031	The battlers	Tennant, Kylie	the battlers	tennant kylie	kylie tennant	2	2	True	False	TITLE_ONLY	False	0	1	ACCEPT	The battlers	Tennant, Kylie	NEW_PRODUCTION	False
OA2PRODV1_57f1a46c39bcc4d0	A2_AUTHOR_REVERSAL	W000021303	W1495074846	1	1	1	1	OAQ000068109	OAE000019863	OAA000024031	The battlers	Tennant, Kylie	the battlers	tennant kylie	kylie tennant	2	2	True	True	TITLE_AND_ABSTRACT	False	0	1	ACCEPT	The battlers	Tennant, Kylie	NEW_PRODUCTION	False
OA2PRODV1_bd64fba09f87cc08	A2_AUTHOR_REVERSAL	W000021303	W2503575340	1	1	1	1	OAQ000068109	OAE000019863	OAA000024031	The battlers	Tennant, Kylie	the battlers	tennant kylie	kylie tennant	2	2	True	True	TITLE_AND_ABSTRACT	False	0	1	ACCEPT	The battlers	Tennant, Kylie	NEW_PRODUCTION	False
OA2PRODV1_b2c46635874a8bf5	A2_AUTHOR_REVERSAL	W000021303	W2750979988	1	1	1	1	OAQ000068109	OAE000019863	OAA000024031	The battlers	Tennant, Kylie	the battlers	tennant kylie	kylie tennant	2	2	False	True	ABSTRACT_ONLY	False	0	1	ACCEPT	The battlers	Tennant, Kylie	NEW_PRODUCTION	False
OA2PRODV1_defc497abd3fb4d8	A2_AUTHOR_REVERSAL	W000021303	W31024872	1	1	1	1	OAQ000068109	OAE000019863	OAA000024031	The battlers	Tennant, Kylie	the battlers	tennant kylie	kylie tennant	2	2	False	True	ABSTRACT_ONLY	False	0	1	ACCEPT	The battlers	Tennant, Kylie	NEW_PRODUCTION	False
OA2PRODV1_3d50fa2ff6f9b433	A2_AUTHOR_REVERSAL	W000021419	W3082439132	1	1	1	1	OAQ000068457	OAE000020315	OAA000024154	The boy allies on the North sea patrol	Drake, Robert L.	the boy allies on the north sea patrol	drake robert l	robert l drake	8	8	True	False	TITLE_ONLY	False	0	1	ACCEPT	The boy allies on the North sea patrol	Drake, Robert L.	NEW_PRODUCTION	False
OA2PRODV1_572bada2f5d93e3f	A2_AUTHOR_REVERSAL	W000021531	W7005893436	1	1	1	1	OAQ000068793	OAE000022541	OAA000024270	The game of life and death	Colcord, Lincoln	the game of life and death	colcord lincoln	lincoln colcord	6	6	False	True	ABSTRACT_ONLY	False	0	1	ACCEPT	The game of life and death	Colcord, Lincoln	NEW_PRODUCTION	False
OA2PRODV1_d8eca6572ff700ce	A2_AUTHOR_REVERSAL	W000021551	W1980761368	1	1	1	1	OAQ000068853	OAE000015099	OAA000024295	Passionate journey	Masereel, Frans	passionate journey	masereel frans	frans masereel	2	2	False	True	ABSTRACT_ONLY	False	0	1	ACCEPT	Passionate journey	Masereel, Frans	NEW_PRODUCTION	False
OA2PRODV1_3ad0979b814e8dbd	A2_AUTHOR_REVERSAL	W000021551	W2921261827	1	1	1	1	OAQ000068853	OAE000015099	OAA000024295	Passionate journey	Masereel, Frans	passionate journey	masereel frans	frans masereel	2	2	True	False	TITLE_ONLY	False	0	1	ACCEPT	Passionate journey	Masereel, Frans	NEW_PRODUCTION	False
OA2PRODV1_1f3653cb27da3d38	A2_AUTHOR_REVERSAL	W000021551	W4413152749	1	1	1	1	OAQ000068853	OAE000015099	OAA000024295	Passionate journey	Masereel, Frans	passionate journey	masereel frans	frans masereel	2	2	True	False	TITLE_ONLY	False	0	1	ACCEPT	Passionate journey	Masereel, Frans	NEW_PRODUCTION	False
OA2PRODV1_e1a71598e5ea343f	A2_AUTHOR_REVERSAL	W000021701	W4396610666	1	1	1	1	OAQ000069303	OAE000028808	OAA000024450	The wife of Martin Guerre	Lewis, Janet	the wife of martin guerre	lewis janet	janet lewis	5	5	True	True	TITLE_AND_ABSTRACT	False	0	1	ACCEPT	The wife of Martin Guerre	Lewis, Janet	NEW_PRODUCTION	False
OA2PRODV1_fc9e575238b47aea	A2_AUTHOR_REVERSAL	W000021701	W4409473488	1	1	1	1	OAQ000069303	OAE000028808	OAA000024450	The wife of Martin Guerre	Lewis, Janet	the wife of martin guerre	lewis janet	janet lewis	5	5	False	True	ABSTRACT_ONLY	False	0	1	ACCEPT	The wife of Martin Guerre	Lewis, Janet	NEW_PRODUCTION	False
OA2PRODV1_7707e26e1f88bdcf	A2_AUTHOR_REVERSAL	W000021701	W6985901630	1	1	1	1	OAQ000069303	OAE000028808	OAA000024450	The wife of Martin Guerre	Lewis, Janet	the wife of martin guerre	lewis janet	janet lewis	5	5	False	True	ABSTRACT_ONLY	False	0	1	ACCEPT	The wife of Martin Guerre	Lewis, Janet	NEW_PRODUCTION	False
OA2PRODV1_2d50c48a4e6dbebc	A2_AUTHOR_REVERSAL	W000021701	W7050405890	1	1	1	1	OAQ000069303	OAE000028808	OAA000024450	The wife of Martin Guerre	Lewis, Janet	the wife of martin guerre	lewis janet	janet lewis	5	5	False	True	ABSTRACT_ONLY	False	0	1	ACCEPT	The wife of Martin Guerre	Lewis, Janet	NEW_PRODUCTION	False
OA2PRODV1_767d74067aea3eda	A2_AUTHOR_REVERSAL	W000021701	W7137759186	1	1	1	1	OAQ000069303	OAE000028808	OAA000024450	The wife of Martin Guerre	Lewis, Janet	the wife of martin guerre	lewis janet	janet lewis	5	5	False	True	ABSTRACT_ONLY	False	0	1	ACCEPT	The wife of Martin Guerre	Lewis, Janet	NEW_PRODUCTION	False
OA2PRODV1_c94a6542abbc4aee	A2_AUTHOR_REVERSAL	W000021701	W7205370850	1	1	1	1	OAQ000069303	OAE000028808	OAA000024450	The wife of Martin Guerre	Lewis, Janet	the wife of martin guerre	lewis janet	janet lewis	5	5	True	False	TITLE_ONLY	False	0	1	ACCEPT	The wife of Martin Guerre	Lewis, Janet	NEW_PRODUCTION	False
OA2PRODV1_d1ddd41187d0ff97	A2_AUTHOR_REVERSAL	W000021845	W2509552005	1	1	1	1	OAQ000069735	OAE000013180	OAA000024625	Moose country	Campbell, Sam	moose country	campbell sam	sam campbell	2	2	True	False	TITLE_ONLY	False	0	1	ACCEPT	Moose country	Campbell, Sam	NEW_PRODUCTION	False
OA2PRODV1_b055450a178b9374	A2_AUTHOR_REVERSAL	W000022134	W7025723113	1	1	1	1	OAQ000070602	OAE000028869	OAA000024940	The winged destiny	Sharp, William	the winged destiny	sharp william	william sharp	3	3	True	False	TITLE_ONLY	True	1	2	ACCEPT	The winged destiny	Sharp, William	NEW_PRODUCTION	False
OA2PRODV1_373ccd44b5739ce0	A2_AUTHOR_REVERSAL	W000022168	W2133285778	1	1	1	1	OAQ000070704	OAE000022953	OAA000024976	The Greek romances in Elizabethan prose fiction	Wolff, Samuel Lee	the greek romances in elizabethan prose fiction	wolff samuel lee	samuel lee wolff	7	7	True	False	TITLE_ONLY	True	1	2	ACCEPT	The Greek romances in Elizabethan prose fiction	Wolff, Samuel Lee	NEW_PRODUCTION	False
OA2PRODV1_a68331a38637f599	A2_AUTHOR_REVERSAL	W000022168	W3163185903	1	1	1	1	OAQ000070704	OAE000022953	OAA000024976	The Greek romances in Elizabethan prose fiction	Wolff, Samuel Lee	the greek romances in elizabethan prose fiction	wolff samuel lee	samuel lee wolff	7	7	True	False	TITLE_ONLY	True	1	2	ACCEPT	The Greek romances in Elizabethan prose fiction	Wolff, Samuel Lee	NEW_PRODUCTION	False
OA2PRODV1_8125268c37c11468	A2_AUTHOR_REVERSAL	W000022465	W4232060297	1	1	1	1	OAQ000071595	OAE000030540	OAA000025286	Under the red flag	King, Edward	under the red flag	king edward	edward king	4	4	False	True	ABSTRACT_ONLY	False	0	1	ACCEPT	Under the red flag	King, Edward	NEW_PRODUCTION	False
OA2PRODV1_0795a582e0f9a85b	A2_AUTHOR_REVERSAL	W000022647	W4245986775	1	1	1	1	OAQ000072141	OAE000019726	OAA000025476	The Asiatics	Prokosch, Frederic	the asiatics	prokosch frederic	frederic prokosch	2	2	False	True	ABSTRACT_ONLY	False	0	1	ACCEPT	The Asiatics	Prokosch, Frederic	NEW_PRODUCTION	False
OA2PRODV1_a2bdc2e55929b0e5	A2_AUTHOR_REVERSAL	W000022680	W3126364377	1	1	1	1	OAQ000072240	OAE000001036	OAA000025517	A moonflower in heaven	Nakagawa, Yoichi	a moonflower in heaven	nakagawa yoichi	yoichi nakagawa	4	4	False	True	ABSTRACT_ONLY	False	0	1	ACCEPT	A moonflower in heaven	Nakagawa, Yoichi	NEW_PRODUCTION	False
OA2PRODV1_eea5bff0f1a2345b	A2_AUTHOR_REVERSAL	W000022910	W2294163684	1	1	1	1	OAQ000072930	OAE000001908	OAA000025761	Alexander	Bercovici, Konrad	alexander	bercovici konrad	konrad bercovici	1	1	False	True	ABSTRACT_ONLY	False	0	1	REVIEW	Alexander	Bercovici, Konrad	NEW_PRODUCTION	True
OA2PRODV1_46afb568a6887f3c	A2_AUTHOR_REVERSAL	W000022910	W2344917613	1	1	1	1	OAQ000072930	OAE000001908	OAA000025761	Alexander	Bercovici, Konrad	alexander	bercovici konrad	konrad bercovici	1	1	False	True	ABSTRACT_ONLY	False	0	1	REVIEW	Alexander	Bercovici, Konrad	NEW_PRODUCTION	True
OA2PRODV1_f7c09f6e466fdde0	A2_AUTHOR_REVERSAL	W000022910	W4400562129	1	1	1	1	OAQ000072930	OAE000001908	OAA000025761	Alexander	Bercovici, Konrad	alexander	bercovici konrad	konrad bercovici	1	1	False	True	ABSTRACT_ONLY	False	0	1	REVIEW	Alexander	Bercovici, Konrad	NEW_PRODUCTION	True
OA2PRODV1_9cc224a9e78b26b3	A2_AUTHOR_REVERSAL	W000023236	W2601941936	1	1	1	1	OAQ000073908	OAE000022964	OAA000026102	The green corn rebellion	Cunningham, William	the green corn rebellion	cunningham william	william cunningham	4	4	False	True	ABSTRACT_ONLY	False	0	1	ACCEPT	The green corn rebellion	Cunningham, William	NEW_PRODUCTION	False
OA2PRODV1_8494ba6e9adb7638	A2_AUTHOR_REVERSAL	W000023236	W4233534755	1	1	1	1	OAQ000073908	OAE000022964	OAA000026102	The green corn rebellion	Cunningham, William	the green corn rebellion	cunningham william	william cunningham	4	4	True	False	TITLE_ONLY	False	0	1	ACCEPT	The green corn rebellion	Cunningham, William	NEW_PRODUCTION	False
OA2PRODV1_43191a6b9dcab2e5	A2_AUTHOR_REVERSAL	W000023236	W618528353	1	1	1	1	OAQ000073908	OAE000022964	OAA000026102	The green corn rebellion	Cunningham, William	the green corn rebellion	cunningham william	william cunningham	4	4	False	True	ABSTRACT_ONLY	False	0	1	ACCEPT	The green corn rebellion	Cunningham, William	NEW_PRODUCTION	False
OA2PRODV1_051b71438cbc262f	A2_AUTHOR_REVERSAL	W000023265	W2481788215	1	1	1	1	OAQ000073995	OAE000004359	OAA000026134	Castle Daly	Keary, Annie	castle daly	keary annie	annie keary	2	2	False	True	ABSTRACT_ONLY	False	0	1	ACCEPT	Castle Daly	Keary, Annie	NEW_PRODUCTION	False
OA2PRODV1_96cb79653265ae88	A2_AUTHOR_REVERSAL	W000023265	W2491212303	1	1	1	1	OAQ000073995	OAE000004359	OAA000026134	Castle Daly	Keary, Annie	castle daly	keary annie	annie keary	2	2	False	True	ABSTRACT_ONLY	False	0	1	ACCEPT	Castle Daly	Keary, Annie	NEW_PRODUCTION	False
OA2PRODV1_a2940bfed8e318e4	A2_AUTHOR_REVERSAL	W000023265	W3199677077	1	1	1	1	OAQ000073995	OAE000004359	OAA000026134	Castle Daly	Keary, Annie	castle daly	keary annie	annie keary	2	2	False	True	ABSTRACT_ONLY	False	0	1	ACCEPT	Castle Daly	Keary, Annie	NEW_PRODUCTION	False
OA2PRODV1_dc649f3b0addb1a1	A2_AUTHOR_REVERSAL	W000023265	W649804779	1	1	1	1	OAQ000073995	OAE000004359	OAA000026134	Castle Daly	Keary, Annie	castle daly	keary annie	annie keary	2	2	False	True	ABSTRACT_ONLY	False	0	1	ACCEPT	Castle Daly	Keary, Annie	NEW_PRODUCTION	False
OA2PRODV1_075171115f850016	A2_AUTHOR_REVERSAL	W000023742	W2509694387	1	1	1	1	OAQ000075426	OAE000019024	OAA000026647	Tales from the Arab tribes	Campbell, C. G.	tales from the arab tribes	campbell c g	c g campbell	5	5	True	False	TITLE_ONLY	False	0	1	ACCEPT	Tales from the Arab tribes	Campbell, C. G.	NEW_PRODUCTION	False
OA2PRODV1_01a951ddc0fe15ff	A2_AUTHOR_REVERSAL	W000023742	W4240678243	1	1	1	1	OAQ000075426	OAE000019024	OAA000026647	Tales from the Arab tribes	Campbell, C. G.	tales from the arab tribes	campbell c g	c g campbell	5	5	False	True	ABSTRACT_ONLY	False	0	1	ACCEPT	Tales from the Arab tribes	Campbell, C. G.	NEW_PRODUCTION	False
OA2PRODV1_cb56919bc44685fa	A2_AUTHOR_REVERSAL	W000023742	W4252496373	1	1	1	1	OAQ000075426	OAE000019024	OAA000026647	Tales from the Arab tribes	Campbell, C. G.	tales from the arab tribes	campbell c g	c g campbell	5	5	False	True	ABSTRACT_ONLY	False	0	1	ACCEPT	Tales from the Arab tribes	Campbell, C. G.	NEW_PRODUCTION	False
OA2PRODV1_37599833cbbe8f9f	A2_AUTHOR_REVERSAL	W000023742	W4252807259	1	1	1	1	OAQ000075426	OAE000019024	OAA000026647	Tales from the Arab tribes	Campbell, C. G.	tales from the arab tribes	campbell c g	c g campbell	5	5	False	True	ABSTRACT_ONLY	False	0	1	ACCEPT	Tales from the Arab tribes	Campbell, C. G.	NEW_PRODUCTION	False
OA2PRODV1_cb5faf701ca72c0b	A2_AUTHOR_REVERSAL	W000023742	W6999242443	1	1	1	1	OAQ000075426	OAE000019024	OAA000026647	Tales from the Arab tribes	Campbell, C. G.	tales from the arab tribes	campbell c g	c g campbell	5	5	True	False	TITLE_ONLY	False	0	1	ACCEPT	Tales from the Arab tribes	Campbell, C. G.	NEW_PRODUCTION	False
OA2PRODV1_803c4648cf9c3202	A2_AUTHOR_REVERSAL	W000023797	W438489154	1	1	1	1	OAQ000075591	OAE000016745	OAA000026703	Romances of chivalry	Ashton, John	romances of chivalry	ashton john	john ashton	3	3	True	True	TITLE_AND_ABSTRACT	False	0	1	ACCEPT	Romances of chivalry	Ashton, John	NEW_PRODUCTION	False
OA2PRODV1_4ba98e150a3b046c	A2_AUTHOR_REVERSAL	W000024101	W2507802385	1	1	1	1	OAQ000076503	OAE000001483	OAA000027030	A treasury of science fiction	Conklin, Groff	a treasury of science fiction	conklin groff	groff conklin	5	5	True	False	TITLE_ONLY	False	0	1	ACCEPT	A treasury of science fiction	Conklin, Groff	NEW_PRODUCTION	False
OA2PRODV1_710a3a71404cc12e	A2_AUTHOR_REVERSAL	W000024182	W4244047313	1	1	1	1	OAQ000076746	OAE000009474	OAA000027114	Idyls of the Gass	Wolfenstein, Martha	idyls of the gass	wolfenstein martha	martha wolfenstein	4	4	False	True	ABSTRACT_ONLY	False	0	1	ACCEPT	Idyls of the Gass	Wolfenstein, Martha	NEW_PRODUCTION	False
OA2PRODV1_9b1d92305f4640d7	A2_AUTHOR_REVERSAL	W000024182	W4252265710	1	1	1	1	OAQ000076746	OAE000009474	OAA000027114	Idyls of the Gass	Wolfenstein, Martha	idyls of the gass	wolfenstein martha	martha wolfenstein	4	4	True	False	TITLE_ONLY	False	0	1	ACCEPT	Idyls of the Gass	Wolfenstein, Martha	NEW_PRODUCTION	False
OA2PRODV1_84f25facc093a9c3	A2_AUTHOR_REVERSAL	W000024281	W2008926809	1	1	1	1	OAQ000077043	OAE000021697	OAA000027213	The doctor looks at literature	Collins, Joseph	the doctor looks at literature	collins joseph	joseph collins	5	5	False	True	ABSTRACT_ONLY	False	0	1	ACCEPT	The doctor looks at literature	Collins, Joseph	NEW_PRODUCTION	False
OA2PRODV1_f2bc0a89b1ec820c	A2_AUTHOR_REVERSAL	W000024281	W4243429798	1	1	1	1	OAQ000077043	OAE000021697	OAA000027213	The doctor looks at literature	Collins, Joseph	the doctor looks at literature	collins joseph	joseph collins	5	5	True	False	TITLE_ONLY	False	0	1	ACCEPT	The doctor looks at literature	Collins, Joseph	NEW_PRODUCTION	False
OA2PRODV1_231a39a118e15284	A2_AUTHOR_REVERSAL	W000024281	W4250491993	1	1	1	1	OAQ000077043	OAE000021697	OAA000027213	The doctor looks at literature	Collins, Joseph	the doctor looks at literature	collins joseph	joseph collins	5	5	True	False	TITLE_ONLY	False	0	1	ACCEPT	The doctor looks at literature	Collins, Joseph	NEW_PRODUCTION	False
OA2PRODV1_bf7a19fccf5a5e0d	A2_AUTHOR_REVERSAL	W000025149	W3098826961	1	1	1	1	OAQ000079644	OAE000023685	OAA000028113	The issue	Morgan, George	the issue	morgan george	george morgan	2	2	False	True	ABSTRACT_ONLY	True	1	2	REVIEW	The issue	Morgan, George	NEW_PRODUCTION	True
OA2PRODV1_f6bc7707460615ea	A2_AUTHOR_REVERSAL	W000025326	W2066068292	1	1	1	1	OAQ000080175	OAE000014396	OAA000028305	Of human kindness	Mitchell, Ruth Comfort	of human kindness	mitchell ruth comfort	ruth comfort mitchell	3	3	False	True	ABSTRACT_ONLY	False	0	1	ACCEPT	Of human kindness	Mitchell, Ruth Comfort	NEW_PRODUCTION	False
OA2PRODV1_21da273a4794ddc1	A2_AUTHOR_REVERSAL	W000025326	W2749273063	1	1	1	1	OAQ000080175	OAE000014396	OAA000028305	Of human kindness	Mitchell, Ruth Comfort	of human kindness	mitchell ruth comfort	ruth comfort mitchell	3	3	False	True	ABSTRACT_ONLY	False	0	1	ACCEPT	Of human kindness	Mitchell, Ruth Comfort	NEW_PRODUCTION	False
OA2PRODV1_aa4b12080e5871d7	A2_AUTHOR_REVERSAL	W000025326	W2772836462	1	1	1	1	OAQ000080175	OAE000014396	OAA000028305	Of human kindness	Mitchell, Ruth Comfort	of human kindness	mitchell ruth comfort	ruth comfort mitchell	3	3	False	True	ABSTRACT_ONLY	False	0	1	ACCEPT	Of human kindness	Mitchell, Ruth Comfort	NEW_PRODUCTION	False
OA2PRODV1_6f087c75b28d8ac7	A2_AUTHOR_REVERSAL	W000025326	W4240943735	1	1	1	1	OAQ000080175	OAE000014396	OAA000028305	Of human kindness	Mitchell, Ruth Comfort	of human kindness	mitchell ruth comfort	ruth comfort mitchell	3	3	False	True	ABSTRACT_ONLY	False	0	1	ACCEPT	Of human kindness	Mitchell, Ruth Comfort	NEW_PRODUCTION	False
OA2PRODV1_0e975e4a1fab60b4	A2_AUTHOR_REVERSAL	W000025440	W6990257712	1	1	1	1	OAQ000080517	OAE000005815	OAA000028431	Deirdire	Carmichael, Alexander	deirdire	carmichael alexander	alexander carmichael	1	1	True	False	TITLE_ONLY	False	0	1	ACCEPT	Deirdire	Carmichael, Alexander	NEW_PRODUCTION	False
OA2PRODV1_4c207983db379ad3	A2_AUTHOR_REVERSAL	W000025440	W7027718813	1	1	1	1	OAQ000080517	OAE000005815	OAA000028431	Deirdire	Carmichael, Alexander	deirdire	carmichael alexander	alexander carmichael	1	1	True	False	TITLE_ONLY	False	0	1	ACCEPT	Deirdire	Carmichael, Alexander	NEW_PRODUCTION	False
OA2PRODV1_de204d48e1361224	A2_AUTHOR_REVERSAL	W000026022	W6981330793	1	1	1	1	OAQ000082261	OAE000006483	OAA000029029	Early American fiction, 1774-1830	Wegelin, Oscar	early american fiction 1774 1830	wegelin oscar	oscar wegelin	5	5	True	False	TITLE_ONLY	True	1	2	ACCEPT	Early American fiction, 1774-1830	Wegelin, Oscar	NEW_PRODUCTION	False
OA2PRODV1_864935d3e78a11bc	A2_AUTHOR_REVERSAL	W000026036	W4250671368	1	1	1	1	OAQ000082303	OAE000001121	OAA000029044	A Persian caravan	Edwards, A. Cecil	a persian caravan	edwards a cecil	a cecil edwards	3	3	False	True	ABSTRACT_ONLY	False	0	1	ACCEPT	A Persian caravan	Edwards, A. Cecil	NEW_PRODUCTION	False
OA2PRODV1_3938cdd36f39f17b	A2_AUTHOR_REVERSAL	W000026036	W4253372026	1	1	1	1	OAQ000082303	OAE000001121	OAA000029044	A Persian caravan	Edwards, A. Cecil	a persian caravan	edwards a cecil	a cecil edwards	3	3	False	True	ABSTRACT_ONLY	False	0	1	ACCEPT	A Persian caravan	Edwards, A. Cecil	NEW_PRODUCTION	False
OA2PRODV1_bad5d78cd4d34485	A2_AUTHOR_REVERSAL	W000026395	W2611985067	1	1	1	1	OAQ000083380	OAE000027128	OAA000029412	The silent drum	Swanson, Neil H.	the silent drum	swanson neil h	neil h swanson	3	3	True	False	TITLE_ONLY	False	0	1	ACCEPT	The silent drum	Swanson, Neil H.	NEW_PRODUCTION	False
OA2PRODV1_0f675184516f8cdd	A2_AUTHOR_REVERSAL	W000026395	W7204400010	1	1	1	1	OAQ000083380	OAE000027128	OAA000029412	The silent drum	Swanson, Neil H.	the silent drum	swanson neil h	neil h swanson	3	3	True	False	TITLE_ONLY	False	0	1	ACCEPT	The silent drum	Swanson, Neil H.	NEW_PRODUCTION	False
OA2PRODV1_bd1186449ac5f042	A2_AUTHOR_REVERSAL	W000026660	W7202164943	1	1	1	1	OAQ000084175	OAE000027313	OAA000029685	The son of the lost son	Morgenstern, Soma	the son of the lost son	morgenstern soma	soma morgenstern	6	6	True	False	TITLE_ONLY	False	0	1	ACCEPT	The son of the lost son	Morgenstern, Soma	NEW_PRODUCTION	False
OA2PRODV1_226a7433a71b487a	A2_AUTHOR_REVERSAL	W000027304	W7011120748	1	1	1	1	OAQ000086107	OAE000010972	OAA000030348	L' humble Georgin	Descaves, Lucien	l humble georgin	descaves lucien	lucien descaves	3	3	True	False	TITLE_ONLY	False	0	1	ACCEPT	L' humble Georgin	Descaves, Lucien	NEW_PRODUCTION	False
OA2PRODV1_a7f3c1ca6349cf3b	A2_AUTHOR_REVERSAL	W000027487	W2761768916	1	1	1	1	OAQ000086656	OAE000023911	OAA000030535	The Lady Doc	Lockhart, Caroline	the lady doc	lockhart caroline	caroline lockhart	3	3	False	True	ABSTRACT_ONLY	False	0	1	ACCEPT	The Lady Doc	Lockhart, Caroline	NEW_PRODUCTION	False
OA2PRODV1_235de88cbe9f169d	A2_AUTHOR_REVERSAL	W000027487	W7023435768	1	1	1	1	OAQ000086656	OAE000023911	OAA000030535	The Lady Doc	Lockhart, Caroline	the lady doc	lockhart caroline	caroline lockhart	3	3	False	True	ABSTRACT_ONLY	False	0	1	ACCEPT	The Lady Doc	Lockhart, Caroline	NEW_PRODUCTION	False
OA2PRODV1_ed7b3b719a0a7bf2	A2_AUTHOR_REVERSAL	W000027487	W7093559203	1	1	1	1	OAQ000086656	OAE000023911	OAA000030535	The Lady Doc	Lockhart, Caroline	the lady doc	lockhart caroline	caroline lockhart	3	3	False	True	ABSTRACT_ONLY	False	0	1	ACCEPT	The Lady Doc	Lockhart, Caroline	NEW_PRODUCTION	False
OA2PRODV1_4600cbe9b34ae90f	A2_AUTHOR_REVERSAL	W000027487	W98636580	1	1	1	1	OAQ000086656	OAE000023911	OAA000030535	The Lady Doc	Lockhart, Caroline	the lady doc	lockhart caroline	caroline lockhart	3	3	False	True	ABSTRACT_ONLY	False	0	1	ACCEPT	The Lady Doc	Lockhart, Caroline	NEW_PRODUCTION	False
OA2PRODV1_cb0493d491789e79	A2_AUTHOR_REVERSAL	W000027802	W4230604364	1	1	1	1	OAQ000087601	OAE000009775	OAA000030854	In the lives of men	Hart, Alan	in the lives of men	hart alan	alan hart	5	5	True	False	TITLE_ONLY	False	0	1	ACCEPT	In the lives of men	Hart, Alan	NEW_PRODUCTION	False
OA2PRODV1_b89e62c38e1c0228	A2_AUTHOR_REVERSAL	W000027802	W6939394471	1	1	1	1	OAQ000087601	OAE000009775	OAA000030854	In the lives of men	Hart, Alan	in the lives of men	hart alan	alan hart	5	5	True	True	TITLE_AND_ABSTRACT	False	0	1	ACCEPT	In the lives of men	Hart, Alan	NEW_PRODUCTION	False
OA2PRODV1_7a4b055fd86cfbd4	A2_AUTHOR_REVERSAL	W000027877	W6992181852	1	1	1	1	OAQ000087826	OAE000010428	OAA000030929	John Vytal	Payson, William Farquhar	john vytal	payson william farquhar	william farquhar payson	2	2	True	True	TITLE_AND_ABSTRACT	False	0	1	ACCEPT	John Vytal	Payson, William Farquhar	NEW_PRODUCTION	False
OA2PRODV1_19d757f0c38bf43d	A2_AUTHOR_REVERSAL	W000027886	W4312409445	1	1	1	1	OAQ000087853	OAE000008296	OAA000030938	Goya	Schneider, Manfred	goya	schneider manfred	manfred schneider	1	1	True	False	TITLE_ONLY	True	1	2	ACCEPT	Goya	Schneider, Manfred	NEW_PRODUCTION	False
OA2PRODV1_a3511495b5a30a2c	A2_AUTHOR_REVERSAL	W000027886	W4366214701	1	1	1	1	OAQ000087853	OAE000008296	OAA000030938	Goya	Schneider, Manfred	goya	schneider manfred	manfred schneider	1	1	False	True	ABSTRACT_ONLY	True	1	2	REVIEW	Goya	Schneider, Manfred	NEW_PRODUCTION	True
OA2PRODV1_f0dcf56bec7084ae	A2_AUTHOR_REVERSAL	W000027886	W6931002128	1	1	1	1	OAQ000087853	OAE000008296	OAA000030938	Goya	Schneider, Manfred	goya	schneider manfred	manfred schneider	1	1	False	True	ABSTRACT_ONLY	True	1	2	REVIEW	Goya	Schneider, Manfred	NEW_PRODUCTION	True
OA2PRODV1_750609903fd1cc3a	A2_AUTHOR_REVERSAL	W000027886	W6968124644	1	1	1	1	OAQ000087853	OAE000008296	OAA000030938	Goya	Schneider, Manfred	goya	schneider manfred	manfred schneider	1	1	False	True	ABSTRACT_ONLY	True	1	2	REVIEW	Goya	Schneider, Manfred	NEW_PRODUCTION	True
OA2PRODV1_9a14bf9f2a4f0ca5	A2_AUTHOR_REVERSAL	W000028259	W4406868908	1	1	1	1	OAQ000088972	OAE000011574	OAA000031314	Literature and insurgency	Underwood, John Curtis	literature and insurgency	underwood john curtis	john curtis underwood	3	3	True	True	TITLE_AND_ABSTRACT	False	0	1	ACCEPT	Literature and insurgency	Underwood, John Curtis	NEW_PRODUCTION	False
OA2PRODV1_78fa6faea85e6354	A2_AUTHOR_REVERSAL	W000028889	W2138947185	1	1	1	1	OAQ000090862	OAE000012821	OAA000031949	Mexican village	Niggli, Josephina.	mexican village	niggli josephina	josephina niggli	2	2	False	True	ABSTRACT_ONLY	True	1	2	REVIEW	Mexican village	Niggli, Josephina.	NEW_PRODUCTION	True
OA2PRODV1_60dc53dcc28ef8aa	A2_AUTHOR_REVERSAL	W000028889	W231202384	1	1	1	1	OAQ000090862	OAE000012821	OAA000031949	Mexican village	Niggli, Josephina.	mexican village	niggli josephina	josephina niggli	2	2	False	True	ABSTRACT_ONLY	True	1	2	REVIEW	Mexican village	Niggli, Josephina.	NEW_PRODUCTION	True
OA2PRODV1_869f258f0632a105	A2_AUTHOR_REVERSAL	W000028889	W2312794880	1	1	1	1	OAQ000090862	OAE000012821	OAA000031949	Mexican village	Niggli, Josephina.	mexican village	niggli josephina	josephina niggli	2	2	True	True	TITLE_AND_ABSTRACT	True	1	2	ACCEPT	Mexican village	Niggli, Josephina.	NEW_PRODUCTION	False
OA2PRODV1_47cc4224dcfea268	A2_AUTHOR_REVERSAL	W000028889	W2475713326	1	1	1	1	OAQ000090862	OAE000012821	OAA000031949	Mexican village	Niggli, Josephina.	mexican village	niggli josephina	josephina niggli	2	2	True	False	TITLE_ONLY	True	1	2	ACCEPT	Mexican village	Niggli, Josephina.	NEW_PRODUCTION	False
OA2PRODV1_55774e5aeda40c84	A2_AUTHOR_REVERSAL	W000028889	W4210656363	1	1	1	1	OAQ000090862	OAE000012821	OAA000031949	Mexican village	Niggli, Josephina.	mexican village	niggli josephina	josephina niggli	2	2	True	False	TITLE_ONLY	True	1	2	ACCEPT	Mexican village	Niggli, Josephina.	NEW_PRODUCTION	False
OA2PRODV1_d87c1fd6e0133fba	A2_AUTHOR_REVERSAL	W000028889	W4236527506	1	1	1	1	OAQ000090862	OAE000012821	OAA000031949	Mexican village	Niggli, Josephina.	mexican village	niggli josephina	josephina niggli	2	2	True	False	TITLE_ONLY	True	1	2	ACCEPT	Mexican village	Niggli, Josephina.	NEW_PRODUCTION	False
OA2PRODV1_793cce9a9c51d9fb	A2_AUTHOR_REVERSAL	W000028889	W4251095104	1	1	1	1	OAQ000090862	OAE000012821	OAA000031949	Mexican village	Niggli, Josephina.	mexican village	niggli josephina	josephina niggli	2	2	True	True	TITLE_AND_ABSTRACT	True	1	2	ACCEPT	Mexican village	Niggli, Josephina.	NEW_PRODUCTION	False
OA2PRODV1_016d38410cc75dec	A2_AUTHOR_REVERSAL	W000028889	W604978655	1	1	1	1	OAQ000090862	OAE000012821	OAA000031949	Mexican village	Niggli, Josephina.	mexican village	niggli josephina	josephina niggli	2	2	False	True	ABSTRACT_ONLY	True	1	2	REVIEW	Mexican village	Niggli, Josephina.	NEW_PRODUCTION	True
OA2PRODV1_16b129ebc8495deb	A2_AUTHOR_REVERSAL	W000029519	W2515814264	1	1	1	1	OAQ000092752	OAE000000880	OAA000032585	A Lithuanian village	Kobrin, Leon	a lithuanian village	kobrin leon	leon kobrin	3	3	True	False	TITLE_ONLY	False	0	1	ACCEPT	A Lithuanian village	Kobrin, Leon	NEW_PRODUCTION	False
OA2PRODV1_e5ec925422a7b2d4	A2_AUTHOR_REVERSAL	W000029595	W4244128976	1	1	1	1	OAQ000092980	OAE000002300	OAA000032662	Ancient Rome in the English novel	Faries, Randolph	ancient rome in the english novel	faries randolph	randolph faries	6	6	False	True	ABSTRACT_ONLY	False	0	1	ACCEPT	Ancient Rome in the English novel	Faries, Randolph	NEW_PRODUCTION	False
OA2PRODV1_46af80a18f37ddb4	A2_AUTHOR_REVERSAL	W000030290	W2133285778	1	1	1	1	OAQ000095065	OAE000022953	OAA000033368	The Greek romances in Elizabethan prose fiction	Wolff, Samuel Lee	the greek romances in elizabethan prose fiction	wolff samuel lee	samuel lee wolff	7	7	True	False	TITLE_ONLY	True	1	2	ACCEPT	The Greek romances in Elizabethan prose fiction	Wolff, Samuel Lee	NEW_PRODUCTION	False
OA2PRODV1_253561a571240a42	A2_AUTHOR_REVERSAL	W000030290	W3163185903	1	1	1	1	OAQ000095065	OAE000022953	OAA000033368	The Greek romances in Elizabethan prose fiction	Wolff, Samuel Lee	the greek romances in elizabethan prose fiction	wolff samuel lee	samuel lee wolff	7	7	True	False	TITLE_ONLY	True	1	2	ACCEPT	The Greek romances in Elizabethan prose fiction	Wolff, Samuel Lee	NEW_PRODUCTION	False
OA2PRODV1_653c62c9a3fbe79e	A2_AUTHOR_REVERSAL	W000030402	W7014923687	1	1	1	1	OAQ000095398	OAE000017102	OAA000033489	Satire in the Victorian novel	Russell, Frances Theresa	satire in the victorian novel	russell frances theresa	frances theresa russell	5	5	True	False	TITLE_ONLY	True	1	3	ACCEPT	Satire in the Victorian novel	Russell, Frances Theresa	NEW_PRODUCTION	False
OA2PRODV1_6aaf023dc38c145a	A2_AUTHOR_REVERSAL	W000031147	W2361740675	1	1	1	1	OAQ000097631	OAE000013106	OAA000034354	Moment in Peking	Lin, Yutang	moment in peking	lin yutang	yutang lin	3	3	True	True	TITLE_AND_ABSTRACT	False	0	1	ACCEPT	Moment in Peking	Lin, Yutang	NEW_PRODUCTION	False
OA2PRODV1_0aeb303b5fb07cf4	A2_AUTHOR_REVERSAL	W000031147	W2602294183	1	1	1	1	OAQ000097631	OAE000013106	OAA000034354	Moment in Peking	Lin, Yutang	moment in peking	lin yutang	yutang lin	3	3	False	True	ABSTRACT_ONLY	False	0	1	ACCEPT	Moment in Peking	Lin, Yutang	NEW_PRODUCTION	False
OA2PRODV1_a57517acc8fb92de	A2_AUTHOR_REVERSAL	W000031147	W4379107781	1	1	1	1	OAQ000097631	OAE000013106	OAA000034354	Moment in Peking	Lin, Yutang	moment in peking	lin yutang	yutang lin	3	3	True	True	TITLE_AND_ABSTRACT	False	0	1	ACCEPT	Moment in Peking	Lin, Yutang	NEW_PRODUCTION	False
OA2PRODV1_f0bf262ec449b2a8	A2_AUTHOR_REVERSAL	W000031180	W15225867	1	1	1	1	OAQ000097730	OAE000013140	OAA000034388	Monsieur de Phocas	Lorrain, Jean	monsieur de phocas	lorrain jean	jean lorrain	3	3	True	False	TITLE_ONLY	False	0	1	ACCEPT	Monsieur de Phocas	Lorrain, Jean	NEW_PRODUCTION	False
OA2PRODV1_7f837745f6969c47	A2_AUTHOR_REVERSAL	W000031180	W1974588082	1	1	1	1	OAQ000097730	OAE000013140	OAA000034388	Monsieur de Phocas	Lorrain, Jean	monsieur de phocas	lorrain jean	jean lorrain	3	3	False	True	ABSTRACT_ONLY	False	0	1	ACCEPT	Monsieur de Phocas	Lorrain, Jean	NEW_PRODUCTION	False
OA2PRODV1_8e2375ccea659dcd	A2_AUTHOR_REVERSAL	W000031180	W2064202509	1	1	1	1	OAQ000097730	OAE000013140	OAA000034388	Monsieur de Phocas	Lorrain, Jean	monsieur de phocas	lorrain jean	jean lorrain	3	3	False	True	ABSTRACT_ONLY	False	0	1	ACCEPT	Monsieur de Phocas	Lorrain, Jean	NEW_PRODUCTION	False
OA2PRODV1_d7fa36b6754d6d04	A2_AUTHOR_REVERSAL	W000031180	W2077854152	1	1	1	1	OAQ000097730	OAE000013140	OAA000034388	Monsieur de Phocas	Lorrain, Jean	monsieur de phocas	lorrain jean	jean lorrain	3	3	True	False	TITLE_ONLY	False	0	1	ACCEPT	Monsieur de Phocas	Lorrain, Jean	NEW_PRODUCTION	False
OA2PRODV1_096752faea0db658	A2_AUTHOR_REVERSAL	W000031180	W2090426750	1	1	1	1	OAQ000097730	OAE000013140	OAA000034388	Monsieur de Phocas	Lorrain, Jean	monsieur de phocas	lorrain jean	jean lorrain	3	3	False	True	ABSTRACT_ONLY	False	0	1	ACCEPT	Monsieur de Phocas	Lorrain, Jean	NEW_PRODUCTION	False
OA2PRODV1_291066302a40fe33	A2_AUTHOR_REVERSAL	W000031180	W2148027701	1	1	1	1	OAQ000097730	OAE000013140	OAA000034388	Monsieur de Phocas	Lorrain, Jean	monsieur de phocas	lorrain jean	jean lorrain	3	3	False	True	ABSTRACT_ONLY	False	0	1	ACCEPT	Monsieur de Phocas	Lorrain, Jean	NEW_PRODUCTION	False
OA2PRODV1_750ecfb6a8cda241	A2_AUTHOR_REVERSAL	W000031180	W2333342460	1	1	1	1	OAQ000097730	OAE000013140	OAA000034388	Monsieur de Phocas	Lorrain, Jean	monsieur de phocas	lorrain jean	jean lorrain	3	3	False	True	ABSTRACT_ONLY	False	0	1	ACCEPT	Monsieur de Phocas	Lorrain, Jean	NEW_PRODUCTION	False
OA2PRODV1_01ac992c8a094b00	A2_AUTHOR_REVERSAL	W000031180	W2337473576	1	1	1	1	OAQ000097730	OAE000013140	OAA000034388	Monsieur de Phocas	Lorrain, Jean	monsieur de phocas	lorrain jean	jean lorrain	3	3	False	True	ABSTRACT_ONLY	False	0	1	ACCEPT	Monsieur de Phocas	Lorrain, Jean	NEW_PRODUCTION	False
OA2PRODV1_7dda01a70f527ce9	A2_AUTHOR_REVERSAL	W000031180	W2612405723	1	1	1	1	OAQ000097730	OAE000013140	OAA000034388	Monsieur de Phocas	Lorrain, Jean	monsieur de phocas	lorrain jean	jean lorrain	3	3	True	False	TITLE_ONLY	False	0	1	ACCEPT	Monsieur de Phocas	Lorrain, Jean	NEW_PRODUCTION	False
OA2PRODV1_989963e9dd6236ec	A2_AUTHOR_REVERSAL	W000031180	W2767485137	1	1	1	1	OAQ000097730	OAE000013140	OAA000034388	Monsieur de Phocas	Lorrain, Jean	monsieur de phocas	lorrain jean	jean lorrain	3	3	False	True	ABSTRACT_ONLY	False	0	1	ACCEPT	Monsieur de Phocas	Lorrain, Jean	NEW_PRODUCTION	False
OA2PRODV1_50e7a7096aecc69b	A2_AUTHOR_REVERSAL	W000031180	W2787306451	1	1	1	1	OAQ000097730	OAE000013140	OAA000034388	Monsieur de Phocas	Lorrain, Jean	monsieur de phocas	lorrain jean	jean lorrain	3	3	False	True	ABSTRACT_ONLY	False	0	1	ACCEPT	Monsieur de Phocas	Lorrain, Jean	NEW_PRODUCTION	False
OA2PRODV1_fe3fc00d8f7df63a	A2_AUTHOR_REVERSAL	W000031180	W2794686548	1	1	1	1	OAQ000097730	OAE000013140	OAA000034388	Monsieur de Phocas	Lorrain, Jean	monsieur de phocas	lorrain jean	jean lorrain	3	3	False	True	ABSTRACT_ONLY	False	0	1	ACCEPT	Monsieur de Phocas	Lorrain, Jean	NEW_PRODUCTION	False
OA2PRODV1_8d8a3ebbdbac3ec4	A2_AUTHOR_REVERSAL	W000031180	W2906043328	1	1	1	1	OAQ000097730	OAE000013140	OAA000034388	Monsieur de Phocas	Lorrain, Jean	monsieur de phocas	lorrain jean	jean lorrain	3	3	True	False	TITLE_ONLY	False	0	1	ACCEPT	Monsieur de Phocas	Lorrain, Jean	NEW_PRODUCTION	False
OA2PRODV1_ed00387d91e0f62f	A2_AUTHOR_REVERSAL	W000031180	W2909635085	1	1	1	1	OAQ000097730	OAE000013140	OAA000034388	Monsieur de Phocas	Lorrain, Jean	monsieur de phocas	lorrain jean	jean lorrain	3	3	True	False	TITLE_ONLY	False	0	1	ACCEPT	Monsieur de Phocas	Lorrain, Jean	NEW_PRODUCTION	False
OA2PRODV1_7108913bfa065576	A2_AUTHOR_REVERSAL	W000031180	W2922103033	1	1	1	1	OAQ000097730	OAE000013140	OAA000034388	Monsieur de Phocas	Lorrain, Jean	monsieur de phocas	lorrain jean	jean lorrain	3	3	True	True	TITLE_AND_ABSTRACT	False	0	1	ACCEPT	Monsieur de Phocas	Lorrain, Jean	NEW_PRODUCTION	False
OA2PRODV1_242ac8ffe2bd20c2	A2_AUTHOR_REVERSAL	W000031180	W2939688493	1	1	1	1	OAQ000097730	OAE000013140	OAA000034388	Monsieur de Phocas	Lorrain, Jean	monsieur de phocas	lorrain jean	jean lorrain	3	3	True	True	TITLE_AND_ABSTRACT	False	0	1	ACCEPT	Monsieur de Phocas	Lorrain, Jean	NEW_PRODUCTION	False
OA2PRODV1_bbaaaa3c025142ff	A2_AUTHOR_REVERSAL	W000031180	W2946332967	1	1	1	1	OAQ000097730	OAE000013140	OAA000034388	Monsieur de Phocas	Lorrain, Jean	monsieur de phocas	lorrain jean	jean lorrain	3	3	False	True	ABSTRACT_ONLY	False	0	1	ACCEPT	Monsieur de Phocas	Lorrain, Jean	NEW_PRODUCTION	False
OA2PRODV1_2db6328bfbc35a56	A2_AUTHOR_REVERSAL	W000031180	W3008564326	1	1	1	1	OAQ000097730	OAE000013140	OAA000034388	Monsieur de Phocas	Lorrain, Jean	monsieur de phocas	lorrain jean	jean lorrain	3	3	False	True	ABSTRACT_ONLY	False	0	1	ACCEPT	Monsieur de Phocas	Lorrain, Jean	NEW_PRODUCTION	False
OA2PRODV1_91b6345162674065	A2_AUTHOR_REVERSAL	W000031180	W409251315	1	1	1	1	OAQ000097730	OAE000013140	OAA000034388	Monsieur de Phocas	Lorrain, Jean	monsieur de phocas	lorrain jean	jean lorrain	3	3	True	False	TITLE_ONLY	False	0	1	ACCEPT	Monsieur de Phocas	Lorrain, Jean	NEW_PRODUCTION	False
OA2PRODV1_79e4984578615446	A2_AUTHOR_REVERSAL	W000031180	W4317773804	1	1	1	1	OAQ000097730	OAE000013140	OAA000034388	Monsieur de Phocas	Lorrain, Jean	monsieur de phocas	lorrain jean	jean lorrain	3	3	True	True	TITLE_AND_ABSTRACT	False	0	1	ACCEPT	Monsieur de Phocas	Lorrain, Jean	NEW_PRODUCTION	False
OA2PRODV1_1eed7baeb03c6c51	A2_AUTHOR_REVERSAL	W000031180	W4318952691	1	1	1	1	OAQ000097730	OAE000013140	OAA000034388	Monsieur de Phocas	Lorrain, Jean	monsieur de phocas	lorrain jean	jean lorrain	3	3	False	True	ABSTRACT_ONLY	False	0	1	ACCEPT	Monsieur de Phocas	Lorrain, Jean	NEW_PRODUCTION	False
OA2PRODV1_63dcad0f747c205c	A2_AUTHOR_REVERSAL	W000031180	W4327636319	1	1	1	1	OAQ000097730	OAE000013140	OAA000034388	Monsieur de Phocas	Lorrain, Jean	monsieur de phocas	lorrain jean	jean lorrain	3	3	False	True	ABSTRACT_ONLY	False	0	1	ACCEPT	Monsieur de Phocas	Lorrain, Jean	NEW_PRODUCTION	False
OA2PRODV1_72de07726210a170	A2_AUTHOR_REVERSAL	W000031180	W4386061279	1	1	1	1	OAQ000097730	OAE000013140	OAA000034388	Monsieur de Phocas	Lorrain, Jean	monsieur de phocas	lorrain jean	jean lorrain	3	3	False	True	ABSTRACT_ONLY	False	0	1	ACCEPT	Monsieur de Phocas	Lorrain, Jean	NEW_PRODUCTION	False
OA2PRODV1_b8a0335a8f6ef262	A2_AUTHOR_REVERSAL	W000031180	W4388737784	1	1	1	1	OAQ000097730	OAE000013140	OAA000034388	Monsieur de Phocas	Lorrain, Jean	monsieur de phocas	lorrain jean	jean lorrain	3	3	True	True	TITLE_AND_ABSTRACT	False	0	1	ACCEPT	Monsieur de Phocas	Lorrain, Jean	NEW_PRODUCTION	False
OA2PRODV1_8bd8ae9ead1e118c	A2_AUTHOR_REVERSAL	W000031180	W4390657781	1	1	1	1	OAQ000097730	OAE000013140	OAA000034388	Monsieur de Phocas	Lorrain, Jean	monsieur de phocas	lorrain jean	jean lorrain	3	3	True	False	TITLE_ONLY	False	0	1	ACCEPT	Monsieur de Phocas	Lorrain, Jean	NEW_PRODUCTION	False
OA2PRODV1_5476368122385c2f	A2_AUTHOR_REVERSAL	W000031180	W6926726901	1	1	1	1	OAQ000097730	OAE000013140	OAA000034388	Monsieur de Phocas	Lorrain, Jean	monsieur de phocas	lorrain jean	jean lorrain	3	3	True	False	TITLE_ONLY	False	0	1	ACCEPT	Monsieur de Phocas	Lorrain, Jean	NEW_PRODUCTION	False
OA2PRODV1_f5553bde93f05f9f	A2_AUTHOR_REVERSAL	W000031180	W6926890765	1	1	1	1	OAQ000097730	OAE000013140	OAA000034388	Monsieur de Phocas	Lorrain, Jean	monsieur de phocas	lorrain jean	jean lorrain	3	3	True	True	TITLE_AND_ABSTRACT	False	0	1	ACCEPT	Monsieur de Phocas	Lorrain, Jean	NEW_PRODUCTION	False
OA2PRODV1_cd40c4564afaafef	A2_AUTHOR_REVERSAL	W000031180	W6936853226	1	1	1	1	OAQ000097730	OAE000013140	OAA000034388	Monsieur de Phocas	Lorrain, Jean	monsieur de phocas	lorrain jean	jean lorrain	3	3	True	True	TITLE_AND_ABSTRACT	False	0	1	ACCEPT	Monsieur de Phocas	Lorrain, Jean	NEW_PRODUCTION	False
OA2PRODV1_96a5f86a5fd63e72	A2_AUTHOR_REVERSAL	W000031180	W6945631613	1	1	1	1	OAQ000097730	OAE000013140	OAA000034388	Monsieur de Phocas	Lorrain, Jean	monsieur de phocas	lorrain jean	jean lorrain	3	3	True	False	TITLE_ONLY	False	0	1	ACCEPT	Monsieur de Phocas	Lorrain, Jean	NEW_PRODUCTION	False
OA2PRODV1_00561e936b622be6	A2_AUTHOR_REVERSAL	W000031180	W6982245926	1	1	1	1	OAQ000097730	OAE000013140	OAA000034388	Monsieur de Phocas	Lorrain, Jean	monsieur de phocas	lorrain jean	jean lorrain	3	3	True	False	TITLE_ONLY	False	0	1	ACCEPT	Monsieur de Phocas	Lorrain, Jean	NEW_PRODUCTION	False
OA2PRODV1_3946d6f178dfc682	A2_AUTHOR_REVERSAL	W000031180	W7011360124	1	1	1	1	OAQ000097730	OAE000013140	OAA000034388	Monsieur de Phocas	Lorrain, Jean	monsieur de phocas	lorrain jean	jean lorrain	3	3	True	True	TITLE_AND_ABSTRACT	False	0	1	ACCEPT	Monsieur de Phocas	Lorrain, Jean	NEW_PRODUCTION	False
OA2PRODV1_e046b6a38baff350	A2_AUTHOR_REVERSAL	W000031180	W7028838415	1	1	1	1	OAQ000097730	OAE000013140	OAA000034388	Monsieur de Phocas	Lorrain, Jean	monsieur de phocas	lorrain jean	jean lorrain	3	3	True	False	TITLE_ONLY	False	0	1	ACCEPT	Monsieur de Phocas	Lorrain, Jean	NEW_PRODUCTION	False
OA2PRODV1_4704a11af2f91c05	A2_AUTHOR_REVERSAL	W000031180	W7058716389	1	1	1	1	OAQ000097730	OAE000013140	OAA000034388	Monsieur de Phocas	Lorrain, Jean	monsieur de phocas	lorrain jean	jean lorrain	3	3	True	True	TITLE_AND_ABSTRACT	False	0	1	ACCEPT	Monsieur de Phocas	Lorrain, Jean	NEW_PRODUCTION	False
OA2PRODV1_72497b4831206503	A2_AUTHOR_REVERSAL	W000031180	W7068102797	1	1	1	1	OAQ000097730	OAE000013140	OAA000034388	Monsieur de Phocas	Lorrain, Jean	monsieur de phocas	lorrain jean	jean lorrain	3	3	True	False	TITLE_ONLY	False	0	1	ACCEPT	Monsieur de Phocas	Lorrain, Jean	NEW_PRODUCTION	False
OA2PRODV1_f3b2d667a26f8190	A2_AUTHOR_REVERSAL	W000031180	W7320022	1	1	1	1	OAQ000097730	OAE000013140	OAA000034388	Monsieur de Phocas	Lorrain, Jean	monsieur de phocas	lorrain jean	jean lorrain	3	3	False	True	ABSTRACT_ONLY	False	0	1	ACCEPT	Monsieur de Phocas	Lorrain, Jean	NEW_PRODUCTION	False
OA2PRODV1_d838c46de73f41c1	A2_AUTHOR_REVERSAL	W000031180	W776487692	1	1	1	1	OAQ000097730	OAE000013140	OAA000034388	Monsieur de Phocas	Lorrain, Jean	monsieur de phocas	lorrain jean	jean lorrain	3	3	False	True	ABSTRACT_ONLY	False	0	1	ACCEPT	Monsieur de Phocas	Lorrain, Jean	NEW_PRODUCTION	False
OA2PRODV1_d4f10c4515f85ff7	A2_AUTHOR_REVERSAL	W000031234	W4393060383	1	1	1	1	OAQ000097892	OAE000031250	OAA000034447	When the boat comes in	Mitchell, James	when the boat comes in	mitchell james	james mitchell	5	5	False	True	ABSTRACT_ONLY	False	0	1	ACCEPT	When the boat comes in	Mitchell, James	NEW_PRODUCTION	False
OA2PRODV1_9f740c243cf7e54e	A2_AUTHOR_REVERSAL	W000031234	W4393061075	1	1	1	1	OAQ000097892	OAE000031250	OAA000034447	When the boat comes in	Mitchell, James	when the boat comes in	mitchell james	james mitchell	5	5	False	True	ABSTRACT_ONLY	False	0	1	ACCEPT	When the boat comes in	Mitchell, James	NEW_PRODUCTION	False
OA2PRODV1_68726b3df335656b	A2_AUTHOR_REVERSAL	W000031518	W6891553240	1	1	1	1	OAQ000098744	OAE000014202	OAA000034763	Northwest passage	Roberts, Kenneth Lewis	northwest passage	roberts kenneth lewis	kenneth lewis roberts	2	2	False	True	ABSTRACT_ONLY	False	0	1	ACCEPT	Northwest passage	Roberts, Kenneth Lewis	NEW_PRODUCTION	False
