journal	issn	position	publication_year	type	title	doi	keywords	openalex_id
PMLA	0030-8129	英文学・MLA	2025	article	Translation and Interpreting and the Public Humanities: A Forum	https://doi.org/10.1632/s0030812925000100	digital humanities	https://openalex.org/W4409457345
PMLA	0030-8129	英文学・MLA	2025	article	Theory Camp versus Commie Camp	https://doi.org/10.1632/s0030812925100953	topic model	https://openalex.org/W4415608206
PMLA	0030-8129	英文学・MLA	2025	article	Theorizing Public Digital Humanities: A Model for Collaborative Knowledge Production	https://doi.org/10.1632/s0030812925000057	digital humanities	https://openalex.org/W4409457449
PMLA	0030-8129	英文学・MLA	2025	article	Theorizing Archival Public Humanities Scholarship and Telling Excellent Stories	https://doi.org/10.1632/s0030812925000033	digital humanities	https://openalex.org/W4409457331
PMLA	0030-8129	英文学・MLA	2025	article	The Persons of the Play: Falstaff and the Thickening of Dramatic Character	https://doi.org/10.1632/s0030812925100928	distant reading	https://openalex.org/W4415608217
PMLA	0030-8129	英文学・MLA	2025	article	The Creep’s Dilemma: The Novel in the Age of Surveillance Capitalism	https://doi.org/10.1632/s0030812925101429	computational literary|text mining	https://openalex.org/W7129460989
PMLA	0030-8129	英文学・MLA	2025	article	State Humanities Councils and the Public Humanities: A Forum	https://doi.org/10.1632/s0030812925000021	digital humanities	https://openalex.org/W4409457314
PMLA	0030-8129	英文学・MLA	2025	article	Revisiting the History of Anonymous Peer Review (from Both Sides, Now)	https://doi.org/10.1632/s0030812925000124	digital humanities|topic model	https://openalex.org/W4409457365
PMLA	0030-8129	英文学・MLA	2025	article	Resonant Texts in Noisy Spaces: Approaching the “Publics” of the Public Humanities	https://doi.org/10.1632/s0030812925000112	digital humanities|topic model	https://openalex.org/W4409457392
PMLA	0030-8129	英文学・MLA	2025	article	Repairing the Present: Medieval Literature and Caribbean Reparative Justice	https://doi.org/10.1632/s0030812925101491	digital humanities	https://openalex.org/W7129421677
PMLA	0030-8129	英文学・MLA	2025	article	Phillis Wheatley’s Georgics of Repair	https://doi.org/10.1632/s0030812925100849	distant reading	https://openalex.org/W4415608121
PMLA	0030-8129	英文学・MLA	2025	article	Narration in the Key of <i>We</i>: The Voyage and the Grammar of Identity	https://doi.org/10.1632/s003081292400097x	distant reading	https://openalex.org/W4409457379
PMLA	0030-8129	英文学・MLA	2025	article	Marxism, Cultural Studies, and the Rise of Indigenous Studies	https://doi.org/10.1632/s0030812925101089	text mining|topic model	https://openalex.org/W4415608132
PMLA	0030-8129	英文学・MLA	2025	article	MLA volume 140 issue 5 Cover and Front matter	https://doi.org/10.1632/s0030812926101588	digital humanities	https://openalex.org/W7129478928
PMLA	0030-8129	英文学・MLA	2025	article	MLA volume 140 issue 1 Cover and Front matter	https://doi.org/10.1632/s003081292500015x	digital humanities	https://openalex.org/W4409457323
PMLA	0030-8129	英文学・MLA	2025	article	Indigenous Knowledge Systems and Public Humanities: <i>Ayni</i> as Community Engagement	https://doi.org/10.1632/s0030812925000082	topic model	https://openalex.org/W4409457327
PMLA	0030-8129	英文学・MLA	2025	article	Ephemerality and the Ethics of Public Humanities Scholarship	https://doi.org/10.1632/s0030812925000045	distant reading	https://openalex.org/W4409457359
PMLA	0030-8129	英文学・MLA	2025	article	Early Career Public Humanists: A Forum	https://doi.org/10.1632/s0030812925000069	digital humanities	https://openalex.org/W4409457351
PMLA	0030-8129	英文学・MLA	2025	article	Diasporic World Literature: <i>The Vale of Cedars</i> in the Global Haskalah	https://doi.org/10.1632/s003081292510093x	distant reading	https://openalex.org/W4415608221
PMLA	0030-8129	英文学・MLA	2025	article	Developing Humanities Perspectives across Disciplines	https://doi.org/10.1632/s0030812925000070	digital humanities|topic model	https://openalex.org/W4409457356
PMLA	0030-8129	英文学・MLA	2025	article	Cruising as Contact (at a Distance)	https://doi.org/10.1632/s0030812925101375	digital humanities|distant reading	https://openalex.org/W7129525420
PMLA	0030-8129	英文学・MLA	2025	article	Black Circumstance	https://doi.org/10.1632/s0030812925101533	topic model	https://openalex.org/W7129407685
PMLA	0030-8129	英文学・MLA	2025	article	An Alternative Ending to <i>Minty Alley</i>	https://doi.org/10.1632/s003081292500001x	distant reading	https://openalex.org/W4409457348
PMLA	0030-8129	英文学・MLA	2024	article	The Name of Metacommentary: Fredric Jameson	https://doi.org/10.1632/s0030812924000907	distant reading|topic model	https://openalex.org/W4406078115
PMLA	0030-8129	英文学・MLA	2024	article	The Global New Woman and the Invention of Modern Feminism	https://doi.org/10.1632/s0030812923001141	topic model	https://openalex.org/W4394869568
PMLA	0030-8129	英文学・MLA	2024	article	The Animal That Remembers: History, Hauntology, and Animality in Elizabeth Gaskell's <i>Sylvia's Lovers</i> and Ian McGuire's <i>The North Water</i>	https://doi.org/10.1632/s0030812924000695	distant reading	https://openalex.org/W4406078088
PMLA	0030-8129	英文学・MLA	2024	article	Reporting Indigenous Women's Resilience at Wounded Knee through the Journalism of Susette Bright Eyes La Flesche	https://doi.org/10.1632/s0030812923001153	digital humanities	https://openalex.org/W4394869657
PMLA	0030-8129	英文学・MLA	2024	article	Passing as White Collar: The Black Typewriter and the Bureaucratization of the Racial Imaginary	https://doi.org/10.1632/s0030812923001177	topic model	https://openalex.org/W4394869631
PMLA	0030-8129	英文学・MLA	2024	article	MLA volume 139 issue 5 Cover and Front matter	https://doi.org/10.1632/s0030812924000865	digital humanities	https://openalex.org/W4406078093
PMLA	0030-8129	英文学・MLA	2024	article	MLA volume 139 issue 3 Cover and Front matter	https://doi.org/10.1632/s0030812924000749	digital humanities	https://openalex.org/W4403497498
PMLA	0030-8129	英文学・MLA	2024	article	MLA volume 139 issue 2 Cover and Front matter	https://doi.org/10.1632/s003081292400035x	digital humanities|topic model	https://openalex.org/W4401034721
PMLA	0030-8129	英文学・MLA	2024	article	MLA volume 139 issue 1 Cover and Front matter	https://doi.org/10.1632/s0030812924000178	digital humanities	https://openalex.org/W4394869598
PMLA	0030-8129	英文学・MLA	2024	article	Larsson, Remade: A Computational Perspective on the Millennium Trilogy in English	https://doi.org/10.1632/s0030812923001207	computational literary	https://openalex.org/W4394889699
PMLA	0030-8129	英文学・MLA	2024	article	Introduction to “An Arabic Theoretical Lexicon”	https://doi.org/10.1632/s0030812924000063	digital humanities|distant reading	https://openalex.org/W4394889694
PMLA	0030-8129	英文学・MLA	2024	article	Counting on <i>The Norton Anthology of American Literature</i>	https://doi.org/10.1632/s0030812923001189	digital humanities|distant reading	https://openalex.org/W4394895828
PMLA	0030-8129	英文学・MLA	2024	article	Becoming Undisciplined: On Pathways to Environmental and Racial Justice in Early Modern Studies	https://doi.org/10.1632/s0030812924000683	distant reading|text mining|topic model	https://openalex.org/W4406078091
PMLA	0030-8129	英文学・MLA	2024	article	AI and the Everyday Writer	https://doi.org/10.1632/s0030812924000609	digital humanities	https://openalex.org/W4403232314
PMLA	0030-8129	英文学・MLA	2023	article	“Worlds Together Shined”: Bīdil, Traherne, and Collaborative Comparison	https://doi.org/10.1632/s0030812923001025	distant reading	https://openalex.org/W4390523370
PMLA	0030-8129	英文学・MLA	2023	article	Translating for Language Justice, across the Disciplines	https://doi.org/10.1632/s0030812923000433	digital humanities|distant reading|topic model	https://openalex.org/W4386639996
PMLA	0030-8129	英文学・MLA	2023	article	The Contingency of Form in Renaissance Poetics	https://doi.org/10.1632/s0030812923000962	topic model	https://openalex.org/W4390523559
PMLA	0030-8129	英文学・MLA	2023	article	Teaching Literary Value	https://doi.org/10.1632/s0030812922001043	topic model	https://openalex.org/W4323339099
PMLA	0030-8129	英文学・MLA	2023	article	Tanga, Tunic, Cleaver: On Things in Translation	https://doi.org/10.1632/s0030812923000524	digital humanities	https://openalex.org/W4386639967
PMLA	0030-8129	英文学・MLA	2023	article	Inside the Kaleidoscope: Translation's Challenge to Critical Concepts	https://doi.org/10.1632/s0030812923000792	computational literary|digital humanities|distant reading|topic model	https://openalex.org/W4386639940
PMLA	0030-8129	英文学・MLA	2023	article	Early Modern Translation and the Digital Turn in the Humanities	https://doi.org/10.1632/s0030812923000603	digital humanities	https://openalex.org/W4386639947
PMLA	0030-8129	英文学・MLA	2023	article	An Invitation to the Archives	https://doi.org/10.1632/s0030812923000160	digital humanities|topic model	https://openalex.org/W4323338929
PMLA	0030-8129	英文学・MLA	2022	article	Thursday, 5 January (sessions 1–162)	https://doi.org/10.1632/s0030812922000669	digital humanities|topic model	https://openalex.org/W4313166340
PMLA	0030-8129	英文学・MLA	2022	article	Sunday, 8 January (sessions 638–764)	https://doi.org/10.1632/s0030812922000694	digital humanities|text mining|topic model	https://openalex.org/W4312347977
PMLA	0030-8129	英文学・MLA	2022	article	Saturday, 7 January (sessions 401–636)	https://doi.org/10.1632/s0030812922000682	digital humanities|distant reading|topic model	https://openalex.org/W4312987348
PMLA	0030-8129	英文学・MLA	2022	article	Rethinking Exceptionalism in an Age of Plague: An Introduction	https://doi.org/10.1632/s0030812922000049	topic model	https://openalex.org/W4214806468
PMLA	0030-8129	英文学・MLA	2022	article	Reading Late Modern Wartime in the Anthropocene: Elizabeth Bowen's<i>The Little Girls</i>	https://doi.org/10.1632/s0030812922000074	distant reading|text mining	https://openalex.org/W4281557577
PMLA	0030-8129	英文学・MLA	2022	article	Friday, 6 January (sessions 164–400)	https://doi.org/10.1632/s0030812922000670	computational literary|digital humanities|distant reading|text mining|topic model	https://openalex.org/W4312604887
PMLA	0030-8129	英文学・MLA	2021	article	Refusing Extinction	https://doi.org/10.1632/s0030812921000250	digital humanities	https://openalex.org/W4250808097
PMLA	0030-8129	英文学・MLA	2021	article	MLA volume 136 issue 3 Cover and Front matter	https://doi.org/10.1632/s0030812921000298	digital humanities	https://openalex.org/W4241145070
PMLA	0030-8129	英文学・MLA	2021	article	MLA volume 136 issue 2 Cover and Front matter	https://doi.org/10.1632/s0030812921000171	digital humanities	https://openalex.org/W4210313291
PMLA	0030-8129	英文学・MLA	2021	article	MLA volume 136 issue 1 Cover and Front matter	https://doi.org/10.1632/s0030812920000140	digital humanities	https://openalex.org/W4251360651
PMLA	0030-8129	英文学・MLA	2020	article	Toward a Diversity Stack: Digital Humanities and Diversity as Technical Problem	https://doi.org/10.1632/pmla.2020.135.1.130	digital humanities	https://openalex.org/W3009972996
PMLA	0030-8129	英文学・MLA	2020	article	The Experimental Turn	https://doi.org/10.1632/pmla.2020.135.1.180	digital humanities	https://openalex.org/W3010255380
PMLA	0030-8129	英文学・MLA	2020	article	Texturing the Digital Humanities: A Manifesto	https://doi.org/10.1632/pmla.2020.135.1.74	digital humanities	https://openalex.org/W3010462175
PMLA	0030-8129	英文学・MLA	2020	article	Slow Metadata	https://doi.org/10.1632/pmla.2020.135.1.188	computational literary|digital humanities|topic model	https://openalex.org/W4252042431
PMLA	0030-8129	英文学・MLA	2020	article	Situating the Method Debates	https://doi.org/10.1632/pmla.2020.135.5.1002	distant reading	https://openalex.org/W3117134318
PMLA	0030-8129	英文学・MLA	2020	article	Reading Distance: Port Louis, Cairo, Beijing	https://doi.org/10.1632/pmla.2020.135.5.859	distant reading	https://openalex.org/W3115114058
PMLA	0030-8129	英文学・MLA	2020	article	Race and Distant Reading	https://doi.org/10.1632/pmla.2020.135.1.59	computational literary|distant reading	https://openalex.org/W3010059704
PMLA	0030-8129	英文学・MLA	2020	article	Picture This: The Screenshot's Use in Digital Humanities Scholarship	https://doi.org/10.1632/pmla.2020.135.1.203	digital humanities	https://openalex.org/W3009147094
PMLA	0030-8129	英文学・MLA	2020	article	Media and Cultural Hybridity in the Digital Humanities	https://doi.org/10.1632/pmla.2020.135.1.159	digital humanities	https://openalex.org/W3009285214
PMLA	0030-8129	英文学・MLA	2020	article	Machine Learning and Human Perspective	https://doi.org/10.1632/pmla.2020.135.1.92	computational literary|digital humanities|distant reading|topic model	https://openalex.org/W3005778194
PMLA	0030-8129	英文学・MLA	2020	article	Languages in the Time of Corona	https://doi.org/10.1632/pmla.2020.135.5.841	text mining|topic model	https://openalex.org/W3124758512
PMLA	0030-8129	英文学・MLA	2020	article	Dimensions of Scale: Invisible Labor, Editorial Work, and the Future of Quantitative Literary Studies	https://doi.org/10.1632/pmla.2020.135.1.23	topic model	https://openalex.org/W3009813350
PMLA	0030-8129	英文学・MLA	2020	article	Categorically Provisional	https://doi.org/10.1632/pmla.2020.135.1.165	computational literary|digital humanities	https://openalex.org/W4229761838
PMLA	0030-8129	英文学・MLA	2020	article	Anthropocene and Empire: Discourse Networks of the Human Record	https://doi.org/10.1632/pmla.2020.135.1.110	digital humanities	https://openalex.org/W3009091177
PMLA	0030-8129	英文学・MLA	2020	article	African American Scholars and the Margins of DH	https://doi.org/10.1632/pmla.2020.135.1.152	digital humanities	https://openalex.org/W3010064944
PMLA	0030-8129	英文学・MLA	2019	article	Reading East of the Berlin Wall	https://doi.org/10.1632/pmla.2019.134.1.178	digital humanities|distant reading	https://openalex.org/W2918356904
PMLA	0030-8129	英文学・MLA	2018	article	The Classroom in the Canon: T.S. Eliot's Modern English Literature Extension Course for Working People and The<i>Sacred Wood</i>	https://doi.org/10.1632/pmla.2018.133.2.264	topic model	https://openalex.org/W2805774882
PMLA	0030-8129	英文学・MLA	2018	article	Introduction to “How We Write Now”	https://doi.org/10.1632/pmla.2018.133.1.124	distant reading	https://openalex.org/W2796720236
PMLA	0030-8129	英文学・MLA	2018	article	Editor's Column: Humanists as Builders	https://doi.org/10.1632/pmla.2018.133.3.473	computational literary|digital humanities	https://openalex.org/W4246615625
PMLA	0030-8129	英文学・MLA	2018	article	Editor's Column	https://doi.org/10.1632/pmla.2018.133.1.9	digital humanities	https://openalex.org/W2796574576
PMLA	0030-8129	英文学・MLA	2018	article	Aggregation, Public Criticism, and the History of Reading Big Data	https://doi.org/10.1632/pmla.2018.133.5.1207	computational literary|digital humanities|distant reading	https://openalex.org/W2900451816
PMLA	0030-8129	英文学・MLA	2017	article	“The Figure in the Carpet”	https://doi.org/10.1632/pmla.2017.132.3.613	distant reading	https://openalex.org/W2766979173
PMLA	0030-8129	英文学・MLA	2017	article	Why Distant Reading Isn't	https://doi.org/10.1632/pmla.2017.132.3.628	distant reading	https://openalex.org/W2766736723
PMLA	0030-8129	英文学・MLA	2017	article	Theology Still?	https://doi.org/10.1632/pmla.2017.132.3.674	distant reading	https://openalex.org/W4242234473
PMLA	0030-8129	英文学・MLA	2017	article	The<i>Doxa</i>of Reading	https://doi.org/10.1632/pmla.2017.132.3.636	computational literary|distant reading	https://openalex.org/W2761850657
PMLA	0030-8129	英文学・MLA	2017	article	On Disciplinary Finitude	https://doi.org/10.1632/pmla.2017.132.3.505	digital humanities	https://openalex.org/W2767114749
PMLA	0030-8129	英文学・MLA	2017	article	Mid-Range Reading: Not a Manifesto	https://doi.org/10.1632/pmla.2017.132.3.620	digital humanities|distant reading	https://openalex.org/W2759867731
PMLA	0030-8129	英文学・MLA	2017	article	Franco Moretti: A Response	https://doi.org/10.1632/pmla.2017.132.3.686	distant reading	https://openalex.org/W2765821043
PMLA	0030-8129	英文学・MLA	2017	article	Franco Moretti as Satirist	https://doi.org/10.1632/pmla.2017.132.3.681	distant reading	https://openalex.org/W2766308824
PMLA	0030-8129	英文学・MLA	2017	article	Beyond Darwinian Distance: Situating Distant Reading in a Feminist <i>Ut Pictura Poesis</i> Tradition	https://doi.org/10.1632/pmla.2017.132.3.659	distant reading	https://openalex.org/W2756764789
PMLA	0030-8129	英文学・MLA	2017	article	Algorithm and Analogy: Distant Reading in 1598	https://doi.org/10.1632/pmla.2017.132.3.643	distant reading	https://openalex.org/W2766214655
PMLA	0030-8129	英文学・MLA	2016	article	Unsettlers and Speculators	https://doi.org/10.1632/pmla.2016.131.3.743	text mining	https://openalex.org/W2527194476
PMLA	0030-8129	英文学・MLA	2016	article	The Ecology of Art-iculation and Aggregate Reading	https://doi.org/10.1632/pmla.2016.131.2.356	digital humanities	https://openalex.org/W2516373914
PMLA	0030-8129	英文学・MLA	2016	article	The Digital Humanities, Inc.: Literary Criticism and the Fate of a Profession	https://doi.org/10.1632/pmla.2016.131.2.324	digital humanities	https://openalex.org/W2515883732
PMLA	0030-8129	英文学・MLA	2016	article	Talking French	https://doi.org/10.1632/pmla.2016.131.5.1489	distant reading	https://openalex.org/W4235218721
PMLA	0030-8129	英文学・MLA	2016	article	Surprise Me If You Can	https://doi.org/10.1632/pmla.2016.131.5.1423	distant reading	https://openalex.org/W2586555794
PMLA	0030-8129	英文学・MLA	2016	article	Resource Operations of the Ecological Digital Humanities	https://doi.org/10.1632/pmla.2016.131.2.401	digital humanities	https://openalex.org/W2514695220
PMLA	0030-8129	英文学・MLA	2016	article	Macondo and Quimbaya in Mexico	https://doi.org/10.1632/pmla.2016.131.5.1504	distant reading	https://openalex.org/W2586051475
PMLA	0030-8129	英文学・MLA	2016	article	Literary Routes: Migration, Islands, and the Creative Economy	https://doi.org/10.1632/pmla.2016.131.5.1222	distant reading|text mining	https://openalex.org/W2587412915
PMLA	0030-8129	英文学・MLA	2016	article	Introduction: Assembling the Ecological Digital Humanities	https://doi.org/10.1632/pmla.2016.131.2.340	digital humanities	https://openalex.org/W3120931414
PMLA	0030-8129	英文学・MLA	2016	article	Inscribing Environmental Memory in the Icelandic Sagas and the<i>Icelandic Saga Map</i>	https://doi.org/10.1632/pmla.2016.131.2.381	digital humanities	https://openalex.org/W2518146495
PMLA	0030-8129	英文学・MLA	2016	article	Ecological Media Studies and the Matter of Digital Technologies	https://doi.org/10.1632/pmla.2016.131.2.364	computational literary|digital humanities|distant reading|text mining	https://openalex.org/W2511525449
PMLA	0030-8129	英文学・MLA	2016	article	Dawnland Voices 2.0: Sovereignty and Sustainability Online	https://doi.org/10.1632/pmla.2016.131.2.392	digital humanities	https://openalex.org/W2515500677
PMLA	0030-8129	英文学・MLA	2016	article	Data versus Literature? The Digital Humanities and Literary Studies - Reply	https://doi.org/10.1632/pmla.2016.131.5.1557	digital humanities	https://openalex.org/W4233253947
PMLA	0030-8129	英文学・MLA	2016	article	Data versus Literature? The Digital Humanities and Literary Studies - Reply	https://doi.org/10.1632/s0030812900172268	digital humanities	https://openalex.org/W3093650657
ELH	0013-8304	英文学	2025	article	Wayward Witches: Macbeth and the Specter of the Overbury Scandal	https://doi.org/10.1353/elh.2025.a977608	topic model	https://openalex.org/W7114809900
ELH	0013-8304	英文学	2025	article	Walter Scott's Troubadours and Post-Napoleonic Europe in The Talisman and Anne of Geierstein	https://doi.org/10.1353/elh.2025.a961792	topic model	https://openalex.org/W4411099490
ELH	0013-8304	英文学	2025	article	The Political Climate: Ecocriticism and the Apocalyptic Tone	https://doi.org/10.1353/elh.2025.a977609	computational literary|distant reading	https://openalex.org/W4417228478
ELH	0013-8304	英文学	2025	article	The Judas of the Hours: Messianic Horror in The Revenger's Tragedy	https://doi.org/10.1353/elh.2025.a961793	topic model	https://openalex.org/W4411100212
ELH	0013-8304	英文学	2025	article	The Impossible Critic: Laura Riding and the Way We (Don't) Read Now	https://doi.org/10.1353/elh.2025.a961796	distant reading	https://openalex.org/W4411100425
ELH	0013-8304	英文学	2025	article	Taking Poetry Seriously: Abolitionism and the Unheroic Couplet	https://doi.org/10.1353/elh.2025.a977603	distant reading	https://openalex.org/W7114768413
ELH	0013-8304	英文学	2025	article	Squandered Art: Edith Wharton and the Erotics of Collecting	https://doi.org/10.1353/elh.2025.a977606	distant reading|topic model	https://openalex.org/W4417228477
ELH	0013-8304	英文学	2025	article	Real Estate and the Millennial Romance	https://doi.org/10.1353/elh.2025.a977601	distant reading	https://openalex.org/W7114783116
ELH	0013-8304	英文学	2025	article	Raymond Carver's Minimalist Mouth-Work	https://doi.org/10.1353/elh.2025.a961799	topic model	https://openalex.org/W4411100051
ELH	0013-8304	英文学	2025	article	Pregnant Poems: Margaret Cavendish and the Immanence of Form	https://doi.org/10.1353/elh.2025.a977604	distant reading	https://openalex.org/W7114795793
ELH	0013-8304	英文学	2025	article	Predatory Optimism: Earthquake and Elsewhere Catastrophe	https://doi.org/10.1353/elh.2025.a969153	text mining	https://openalex.org/W4414034106
ELH	0013-8304	英文学	2025	article	Lyric and Novel	https://doi.org/10.1353/elh.2025.a961798	distant reading	https://openalex.org/W4411100564
ELH	0013-8304	英文学	2025	article	King Lear and the Irony of Care	https://doi.org/10.1353/elh.2025.a961790	topic model	https://openalex.org/W4411100372
ELH	0013-8304	英文学	2025	article	Essays from the 2023 English Institute: Catastrophe	https://doi.org/10.1353/elh.2025.a969150	topic model	https://openalex.org/W4414033932
ELH	0013-8304	英文学	2025	article	Early Modern Neurodiversity: A Preliminary Research Agenda	https://doi.org/10.1353/elh.2025.a961795	topic model	https://openalex.org/W4411100065
ELH	0013-8304	英文学	2025	article	Clouds, Bubbles, Teardrops: Anne Finch's Poetics of Paraphrase	https://doi.org/10.1353/elh.2025.a969158	topic model	https://openalex.org/W4414033943
ELH	0013-8304	英文学	2025	article	Caravaggio's Americas	https://doi.org/10.1353/elh.2025.a969156	text mining|topic model	https://openalex.org/W4414034070
ELH	0013-8304	英文学	2025	article	Between Voice and Name, or, Chaucer Theorizes Literary Person-Making	https://doi.org/10.1353/elh.2025.a969164	topic model	https://openalex.org/W4414034099
ELH	0013-8304	英文学	2025	article	Baroque Humor: The Aesthetics of Darkness in Thomas Nashe's Terrors of the Night	https://doi.org/10.1353/elh.2025.a961797	topic model	https://openalex.org/W4411100117
ELH	0013-8304	英文学	2025	article	Anti-Catastrophe from Marvell to Gaza	https://doi.org/10.1353/elh.2025.a969152	distant reading	https://openalex.org/W4414033947
ELH	0013-8304	英文学	2023	article	Hope Against Hope: Abraham Cowley and the Metaphysics of Poetry	https://doi.org/10.1353/elh.2023.a914013	distant reading	https://openalex.org/W4389487471
ELH	0013-8304	英文学	2023	article	Dialect, Victorian Poetry, and the Voices of Print	https://doi.org/10.1353/elh.2023.a914016	topic model	https://openalex.org/W4389480860
ELH	0013-8304	英文学	2023	article	Addison's Classical Criticism and the Origins of Eighteenth-Century Aesthetics	https://doi.org/10.1353/elh.2023.a907206	text mining|topic model	https://openalex.org/W4386929861
ELH	0013-8304	英文学	2023	article	A Queer Omission in Sir Orfeo	https://doi.org/10.1353/elh.2023.a914021	distant reading	https://openalex.org/W4389488010
ELH	0013-8304	英文学	2022	article	Writing in Character: Ethics, Plot, and Emphasis in Samuel Richardson's Clarissa	https://doi.org/10.1353/elh.2022.0015	topic model	https://openalex.org/W4281787714
ELH	0013-8304	英文学	2020	article	Unfeeling Omniscience: Empire and Distant Intimacy in Vanity Fair	https://doi.org/10.1353/elh.2020.0003	distant reading	https://openalex.org/W3013755793
ELH	0013-8304	英文学	2020	article	"Data as Poetry in Cowper's Statistical ""Effusions"""	https://doi.org/10.1353/elh.2020.0036	digital humanities	https://openalex.org/W3110904151
ELH	0013-8304	英文学	2020	article	Becoming Bourgeois: Benjamin Franklin's Account of the Self	https://doi.org/10.1353/elh.2020.0015	distant reading	https://openalex.org/W2963904162
ELH	0013-8304	英文学	2019	article	Science Fiction and the Time Scales of the Anthropocene	https://doi.org/10.1353/elh.2019.0015	distant reading	https://openalex.org/W2948104474
ELH	0013-8304	英文学	2019	article	Extreme Reading: Josephine Miles and the Scale of the Pre-Digital Digital Humanities	https://doi.org/10.1353/elh.2019.0018	digital humanities|distant reading	https://openalex.org/W2948139473
ELH	0013-8304	英文学	2019	article	Essays from The English Institute 2017: Scale	https://doi.org/10.1353/elh.2019.0014	distant reading	https://openalex.org/W2948328435
ELH	0013-8304	英文学	2019	article	"""It Had to Come Back"": The Paris Commune and H. G. Wells's When the Sleeper Wakes"	https://doi.org/10.1353/elh.2019.0013	topic model	https://openalex.org/W2948147942
ELH	0013-8304	英文学	2018	article	Paratextual Art	https://doi.org/10.1353/elh.2018.0040	digital humanities	https://openalex.org/W4245342998
ELH	0013-8304	英文学	2018	article	Essays from The English Institute 2016: Time	https://doi.org/10.1353/elh.2018.0010	computational literary	https://openalex.org/W2806691187
ELH	0013-8304	英文学	2017	article	The Formalist Genesis of “Postcolonial” Reading: Brathwaite, Bhabha, and A House for Mr Biswas	https://doi.org/10.1353/elh.2017.0029	distant reading|topic model	https://openalex.org/W2753138307
ELH	0013-8304	英文学	2017	article	Dissociating Psychology: Religion, Inspiration, and T. S. Eliot's Subliminal Mind	https://doi.org/10.1353/elh.2017.0039	distant reading|topic model	https://openalex.org/W2771722764
ELH	0013-8304	英文学	2017	article	Daniel Defoe and the Whig Tradition in Satire	https://doi.org/10.1353/elh.2017.0033	computational literary|topic model	https://openalex.org/W2774505953
ELH	0013-8304	英文学	2017	article	"""And palate call judicious"": Paradise Lost and the Question of Taste"	https://doi.org/10.1353/elh.2017.0032	topic model	https://openalex.org/W2773050107
ELH	0013-8304	英文学	2016	article	“A Scientifical View of the Whole”: Adam Smith, Indexing, and Technologies of Abstraction	https://doi.org/10.1353/elh.2016.0001	computational literary|topic model	https://openalex.org/W2301040871
ELH	0013-8304	英文学	2016	article	Theater After Film, or Dismediation	https://doi.org/10.1353/elh.2016.0024	topic model	https://openalex.org/W2475227723
ELH	0013-8304	英文学	2016	article	Immersing the Network in Time: From the Where to the When of Print Reading	https://doi.org/10.1353/elh.2016.0019	digital humanities|distant reading|text mining	https://openalex.org/W2412921241
ELH	0013-8304	英文学	2016	article	Between Courtesy and Constancy: The Faerie Queene, Books 6 and 7	https://doi.org/10.1353/elh.2016.0025	topic model	https://openalex.org/W2516819165
Novel	0029-5132	小説研究	2025	article	Victorians, Digitized	https://doi.org/10.1215/00295132-12157330	computational literary|digital humanities	https://openalex.org/W7154450666
Novel	0029-5132	小説研究	2025	article	Unredeemed	https://doi.org/10.1215/00295132-11679390	digital humanities	https://openalex.org/W4411643965
Novel	0029-5132	小説研究	2025	article	The Institutionalist	https://doi.org/10.1215/00295132-12157415	distant reading|topic model	https://openalex.org/W7154493772
Novel	0029-5132	小説研究	2025	article	Seeing the Chapter	https://doi.org/10.1215/00295132-12182304	computational literary|topic model	https://openalex.org/W7116932333
Novel	0029-5132	小説研究	2024	article	World Theory as Reading Method	https://doi.org/10.1215/00295132-11403678	distant reading|topic model	https://openalex.org/W4407606459
Novel	0029-5132	小説研究	2024	article	The Will to Power	https://doi.org/10.1215/00295132-11403660	distant reading	https://openalex.org/W4407568440
Novel	0029-5132	小説研究	2024	article	The Ballot or the Blue Book	https://doi.org/10.1215/00295132-11186633	topic model	https://openalex.org/W4404556451
Novel	0029-5132	小説研究	2024	article	Postapocalyptic Fiction and the Problem of Cultural Anxiety	https://doi.org/10.1215/00295132-11052418	topic model	https://openalex.org/W4399143127
Novel	0029-5132	小説研究	2024	article	Inhuman Character	https://doi.org/10.1215/00295132-11052469	distant reading	https://openalex.org/W4399120504
Novel	0029-5132	小説研究	2024	article	Contre Proust . . . ?	https://doi.org/10.1215/00295132-11403712	computational literary	https://openalex.org/W4407568496
Novel	0029-5132	小説研究	2024	article	Constructing Attachment: Persistent and Elided Speech in Jane Austen's Novels	https://doi.org/10.1215/00295132-11403591	computational literary	https://openalex.org/W4407568431
Novel	0029-5132	小説研究	2024	article	Amitav Ghosh's <i>Ibis</i> Trilogy and the So-Called Secret of the Historical Novel	https://doi.org/10.1215/00295132-11186497	distant reading	https://openalex.org/W4404556447
Novel	0029-5132	小説研究	2023	article	Server the Servants	https://doi.org/10.1215/00295132-10750687	computational literary	https://openalex.org/W4391455887
Novel	0029-5132	小説研究	2023	article	George Sand, Antisex Feminist	https://doi.org/10.1215/00295132-10562871	distant reading	https://openalex.org/W4386295840
Novel	0029-5132	小説研究	2023	article	Always Be Prepared	https://doi.org/10.1215/00295132-10251407	digital humanities	https://openalex.org/W4378187270
Novel	0029-5132	小説研究	2022	article	The Novel's Cybernetic Hypothesis: Coetzee and McCarthy in the Closed World	https://doi.org/10.1215/00295132-10007456	computational literary	https://openalex.org/W4320507064
Novel	0029-5132	小説研究	2022	article	A Library of One's Own	https://doi.org/10.1215/00295132-9615100	distant reading|topic model	https://openalex.org/W4284894719
Novel	0029-5132	小説研究	2021	article	Zones of Occult Instability: The Birth of the Novel in Africa	https://doi.org/10.1215/00295132-9353730	text mining	https://openalex.org/W4205136481
Novel	0029-5132	小説研究	2021	article	The 1960s, Always	https://doi.org/10.1215/00295132-9353917	topic model	https://openalex.org/W4205937474
Novel	0029-5132	小説研究	2021	article	Sympathetic Vibrations	https://doi.org/10.1215/00295132-9354079	distant reading	https://openalex.org/W4206042044
Novel	0029-5132	小説研究	2021	article	Revolutionary Violence and the Rise of the Art Novel	https://doi.org/10.1215/00295132-9353766	distant reading	https://openalex.org/W4205520472
Novel	0029-5132	小説研究	2021	article	Reason and Its Others in Coetzee's Jesus Novels	https://doi.org/10.1215/00295132-9353784	topic model	https://openalex.org/W4206362137
Novel	0029-5132	小説研究	2021	article	Melville's Quixoticism and the Modern World-System	https://doi.org/10.1215/00295132-9353802	topic model	https://openalex.org/W4206336642
Novel	0029-5132	小説研究	2021	article	Marital Realism: Beauty and Pettiness in<i>Middlemarch</i>	https://doi.org/10.1215/00295132-9004459	topic model	https://openalex.org/W3200897211
Novel	0029-5132	小説研究	2021	article	Literature Counts: The Feelings of <i>Overwhelmed</i>	https://doi.org/10.1215/00295132-9004639	digital humanities|stylometry	https://openalex.org/W3200516564
Novel	0029-5132	小説研究	2021	article	Keywords, Structures of Feeling, and the Novel	https://doi.org/10.1215/00295132-8868869	distant reading	https://openalex.org/W3177124185
Novel	0029-5132	小説研究	2021	article	Heathcliff<i>Walks</i>	https://doi.org/10.1215/00295132-9004513	distant reading|text mining	https://openalex.org/W4251076087
Novel	0029-5132	小説研究	2021	article	Differences that Make No Difference and Ambiguities that Do	https://doi.org/10.1215/00295132-9004657	computational literary|digital humanities|distant reading	https://openalex.org/W3201304416
Novel	0029-5132	小説研究	2021	article	Close Reading on a Global Scale	https://doi.org/10.1215/00295132-9353971	distant reading	https://openalex.org/W4206205001
Novel	0029-5132	小説研究	2020	article	Words, Everyday and Key	https://doi.org/10.1215/00295132-8309713	distant reading	https://openalex.org/W3081132271
Novel	0029-5132	小説研究	2020	article	The Matter of Aesthetic Experience	https://doi.org/10.1215/00295132-8309641	digital humanities|distant reading	https://openalex.org/W3080289611
Novel	0029-5132	小説研究	2019	article	The World Novel and the Perils of “One-World Thinking”	https://doi.org/10.1215/00295132-7547056	distant reading	https://openalex.org/W2968190539
Novel	0029-5132	小説研究	2019	article	The Consolation of Critique	https://doi.org/10.1215/00295132-7330290	distant reading	https://openalex.org/W2942939891
Novel	0029-5132	小説研究	2019	article	The Bolaño Industry	https://doi.org/10.1215/00295132-7547038	distant reading	https://openalex.org/W2968131879
Novel	0029-5132	小説研究	2019	article	Partial Portraits, Deeply Etched	https://doi.org/10.1215/00295132-7546965	topic model	https://openalex.org/W2967786584
Novel	0029-5132	小説研究	2018	article	Feeling Liberal on Earth	https://doi.org/10.1215/00295132-7086772	topic model	https://openalex.org/W2899422676
Novel	0029-5132	小説研究	2017	article	Specters of Eastern Europe	https://doi.org/10.1215/00295132-4150400	topic model	https://openalex.org/W2737173270
Novel	0029-5132	小説研究	2017	article	Social Imperatives	https://doi.org/10.1215/00295132-4150319	distant reading	https://openalex.org/W4236100398
Novel	0029-5132	小説研究	2017	article	History and the Novel after Lukács	https://doi.org/10.1215/00295132-4195000	distant reading|topic model	https://openalex.org/W2765311762
Novel	0029-5132	小説研究	2016	article	The Novel as the Future Anterior of the Book: Tom McCarthy's <i>Remainder</i> and Ali Smith's <i>The Accidental</i>	https://doi.org/10.1215/00295132-3651261	topic model	https://openalex.org/W2413727317
Novel	0029-5132	小説研究	2016	article	The New Contentism	https://doi.org/10.1215/00295132-3458357	distant reading	https://openalex.org/W2770286402
Novel	0029-5132	小説研究	2016	article	Plotted Histories	https://doi.org/10.1215/00295132-3458309	topic model	https://openalex.org/W4233127761
Novel	0029-5132	小説研究	2016	article	Mentally, Hardy	https://doi.org/10.1215/00295132-3509229	topic model	https://openalex.org/W4249434894
Novel	0029-5132	小説研究	2016	article	Maxing Out the Novel	https://doi.org/10.1215/00295132-3651278	computational literary	https://openalex.org/W2556896649
Novel	0029-5132	小説研究	2016	article	Intimacy and Politics in the Age of Globalization	https://doi.org/10.1215/00295132-3458341	distant reading	https://openalex.org/W2770766080
Novel	0029-5132	小説研究	2016	article	Cultivating a Curriculum	https://doi.org/10.1215/00295132-3458438	computational literary|digital humanities|distant reading	https://openalex.org/W2770096464
Novel	0029-5132	小説研究	2016	article	Bodies of Literature	https://doi.org/10.1215/00295132-3651436	topic model	https://openalex.org/W2555116140
Critical Inquiry	0093-1896	批評理論	2025	article	The Four-Color Theorem and the Aesthetics of Computational Proof	https://doi.org/10.1086/734121	computational literary|digital humanities	https://openalex.org/W4407895836
Critical Inquiry	0093-1896	批評理論	2024	article	Sentiment Analysis and the Sentimental Novel	https://doi.org/10.1086/728948	computational literary	https://openalex.org/W4392229554
Critical Inquiry	0093-1896	批評理論	2023	article	You Have Been Misconnected	https://doi.org/10.1086/727641	distant reading	https://openalex.org/W4388922702
Critical Inquiry	0093-1896	批評理論	2023	article	What’s the Matter with Computational Literary Studies?	https://doi.org/10.1086/724943	computational literary|digital humanities|distant reading|stylometry	https://openalex.org/W4380084764
Critical Inquiry	0093-1896	批評理論	2023	article	#COVID, Crisis, and the Search for Story in the Platform Age	https://doi.org/10.1086/725059	distant reading	https://openalex.org/W4380079432
Critical Inquiry	0093-1896	批評理論	2021	article	The Philological Apparatus: Science, Text, and Nation in the Nineteenth Century	https://doi.org/10.1086/714541	digital humanities|distant reading|topic model	https://openalex.org/W3164098133
Critical Inquiry	0093-1896	批評理論	2021	article	The Art of Disciplined Imagination: Prediction, Scenarios, and Other Speculative Infrastructures	https://doi.org/10.1086/714536	topic model	https://openalex.org/W3171365927
Critical Inquiry	0093-1896	批評理論	2021	article	Computation and Interpretation in Literary Studies	https://doi.org/10.1086/715982	computational literary|distant reading	https://openalex.org/W3195813991
Critical Inquiry	0093-1896	批評理論	2021	article	Command of Media’s Metaphors	https://doi.org/10.1086/714512	topic model	https://openalex.org/W3169946402
Critical Inquiry	0093-1896	批評理論	2021	article	Aesthetic Archaeology	https://doi.org/10.1086/715981	distant reading	https://openalex.org/W4239023081
Critical Inquiry	0093-1896	批評理論	2020	article	The Universal Right to Breathe	https://doi.org/10.1086/711437	digital humanities|distant reading	https://openalex.org/W3113856539
Critical Inquiry	0093-1896	批評理論	2020	article	The Incalculable: Thoughts on the Collapse of the Biosecurity Regime	https://doi.org/10.1086/711450	digital humanities	https://openalex.org/W3113719194
Critical Inquiry	0093-1896	批評理論	2020	article	The Demon of Distraction	https://doi.org/10.1086/711442	digital humanities	https://openalex.org/W3116236138
Critical Inquiry	0093-1896	批評理論	2020	article	Romantic Disciplinarity and the Rise of the Algorithm	https://doi.org/10.1086/709225	computational literary|digital humanities	https://openalex.org/W3037443619
Critical Inquiry	0093-1896	批評理論	2020	article	Net-munity, or the Space between Us … Will Open the Future	https://doi.org/10.1086/711449	digital humanities	https://openalex.org/W3117959157
Critical Inquiry	0093-1896	批評理論	2020	article	How to Learn Together, Apart	https://doi.org/10.1086/711455	digital humanities	https://openalex.org/W3114992684
Critical Inquiry	0093-1896	批評理論	2019	article	The Computational Case against Computational Literary Studies	https://doi.org/10.1086/702594	computational literary	https://openalex.org/W2921304755
Critical Inquiry	0093-1896	批評理論	2019	article	Hot Chocolate	https://doi.org/10.1086/702591	distant reading	https://openalex.org/W4242867470
Critical Inquiry	0093-1896	批評理論	2019	article	Cosmopolitanizing Colonial Memories in Germany	https://doi.org/10.1086/703964	topic model	https://openalex.org/W2951142040
Critical Inquiry	0093-1896	批評理論	2018	article	Medals and Shells: On Morphology and History, Once Again	https://doi.org/10.1086/700992	distant reading|topic model	https://openalex.org/W2904482556
Critical Inquiry	0093-1896	批評理論	2016	article	“Matter No More”: Edgar Allan Poe and the Paradoxes of Materialism	https://doi.org/10.1086/687203	topic model	https://openalex.org/W2428787902
Critical Inquiry	0093-1896	批評理論	2016	article	Theory of the Gimmick	https://doi.org/10.1086/689672	text mining	https://openalex.org/W2564892238
Critical Inquiry	0093-1896	批評理論	2016	article	The Anatomy of Schadenfreude; or, Montaigne’s Laughter	https://doi.org/10.1086/689662	distant reading	https://openalex.org/W2561293484
Critical Inquiry	0093-1896	批評理論	2016	article	Peculiar Attunements: Comic Opera and Enlightenment Mimesis	https://doi.org/10.1086/689660	topic model	https://openalex.org/W2563741565
Critical Inquiry	0093-1896	批評理論	2016	article	Jonathan Culler. <i>Theory of the Lyric</i>. Cambridge, Mass.: Harvard University Press, 2015. 391pp.	https://doi.org/10.1086/689675	distant reading	https://openalex.org/W2563016976
Critical Inquiry	0093-1896	批評理論	2016	article	Composite Photographs and the Quest for Generality: Themes from Peirce and Galton	https://doi.org/10.1086/685604	topic model	https://openalex.org/W2299490435
Critical Inquiry	0093-1896	批評理論	2016	article	Comedy Has Issues	https://doi.org/10.1086/689666	topic model	https://openalex.org/W2563930506
Modernism/modernity	1071-6068	モダニズム	2025	article	“Bucolic Mussolini”: Sexual Politics and Antifascism in Winifred Holtby’s South Riding	https://doi.org/10.1353/mod.2025.a986885	distant reading	https://openalex.org/W7143786627
Modernism/modernity	1071-6068	モダニズム	2025	article	"""Time is always guilty"": Narratives of Modernity in Interwar Detective Fiction"	https://doi.org/10.1353/mod.2025.a966622	text mining	https://openalex.org/W4412901594
Modernism/modernity	1071-6068	モダニズム	2024	article	Ulysses 's Ecological Epic	https://doi.org/10.1353/mod.2024.a961644	distant reading	https://openalex.org/W4411067768
Modernism/modernity	1071-6068	モダニズム	2024	article	The Meteorological Device: Literary Modernism, the Daily Weather Forecast and the Productions of Anxiety	https://doi.org/10.1353/mod.2024.a935443	computational literary	https://openalex.org/W4402004781
Modernism/modernity	1071-6068	モダニズム	2024	article	"Looking beyond the Mutoscope: Cinematicity in ""Nausicaa"""	https://doi.org/10.1353/mod.2024.a935444	distant reading	https://openalex.org/W4402007128
Modernism/modernity	1071-6068	モダニズム	2024	article	Fluxus and the Democratic Mundane	https://doi.org/10.1353/mod.2024.a961640	topic model	https://openalex.org/W4411069369
Modernism/modernity	1071-6068	モダニズム	2023	article	“verse-play” or “spoken ballet”? W. H. Auden, Rupert Doone, and a New Poetic Drama	https://doi.org/10.1353/mod.2023.a925906	topic model	https://openalex.org/W4396555485
Modernism/modernity	1071-6068	モダニズム	2023	article	Telling Time in Modernism	https://doi.org/10.1353/mod.2023.a902617	distant reading	https://openalex.org/W4385061801
Modernism/modernity	1071-6068	モダニズム	2023	article	Mosaic Fictions: Writing Identity in the Spanish Civil War by Emily Robbins Sharpe (review)	https://doi.org/10.1353/mod.2023.a920263	digital humanities	https://openalex.org/W4392255987
Modernism/modernity	1071-6068	モダニズム	2023	article	Kafkaesque Cinema in the Context of Post-fascism	https://doi.org/10.1353/mod.2023.a920252	distant reading	https://openalex.org/W4392255969
Modernism/modernity	1071-6068	モダニズム	2023	article	Among the Decadents: Nancy Cunard's Art of Imitation	https://doi.org/10.1353/mod.2023.a920258	distant reading	https://openalex.org/W3176059962
Modernism/modernity	1071-6068	モダニズム	2022	article	Ulysses by Numbers by Eric Bulson	https://doi.org/10.1353/mod.2022.0044	computational literary	https://openalex.org/W4360977817
Modernism/modernity	1071-6068	モダニズム	2022	article	The New Wallace Stevens Studies ed. by Bart Eeckhout and Gül Bilge Han	https://doi.org/10.1353/mod.2022.0004	distant reading	https://openalex.org/W4294730674
Modernism/modernity	1071-6068	モダニズム	2022	article	Imagined Authors: Reading the Homeric Question in James Joyce’s Ulysses	https://doi.org/10.1353/mod.2022.0011	distant reading	https://openalex.org/W4294730626
Modernism/modernity	1071-6068	モダニズム	2022	article	1450–1950: The Gutenberg Galaxy According to Bob Brown	https://doi.org/10.1353/mod.2022.0018	topic model	https://openalex.org/W3031349302
Modernism/modernity	1071-6068	モダニズム	2021	article	The Case for Irish Modernism: Denis Devlin at the League of Nations and 1930s International Broadcasting	https://doi.org/10.1353/mod.2021.0001	distant reading|topic model	https://openalex.org/W3156192006
Modernism/modernity	1071-6068	モダニズム	2021	article	Sylvia Plath's Aerial Poetics	https://doi.org/10.1353/mod.2021.0074	distant reading|topic model	https://openalex.org/W4285549552
Modernism/modernity	1071-6068	モダニズム	2021	article	Same Old: Queer Theory, Literature and the Politics of Sameness by Ben Nichols	https://doi.org/10.1353/mod.2021.0062	text mining	https://openalex.org/W4213141394
Modernism/modernity	1071-6068	モダニズム	2021	article	Modernism after Poststructuralism; Or, Does Badiou Save Us from Drowning?	https://doi.org/10.1353/mod.2021.0013	computational literary	https://openalex.org/W3156316930
Modernism/modernity	1071-6068	モダニズム	2021	article	Freud's Russian Neighbor	https://doi.org/10.1353/mod.2021.0000	distant reading|topic model	https://openalex.org/W3156353904
Modernism/modernity	1071-6068	モダニズム	2021	article	Cézanne's Gravity by Carol Armstrong	https://doi.org/10.1353/mod.2021.0011	topic model	https://openalex.org/W3156929223
Modernism/modernity	1071-6068	モダニズム	2020	article	Autonomy: The Social Ontology of Art Under Capitalism by Nicholas Brown	https://doi.org/10.1353/mod.2020.0033	text mining	https://openalex.org/W3038069281
Modernism/modernity	1071-6068	モダニズム	2019	article	“The Congo is flooding the Acropolis”: Art, “Exhibits,” and the Intercultural in the New Negro Renaissance	https://doi.org/10.1353/mod.2019.0057	topic model	https://openalex.org/W2997356356
Modernism/modernity	1071-6068	モダニズム	2018	article	Writing in Real Time: Emergent Poetics from Whitman to the Digital by Paul Jaussen	https://doi.org/10.1353/mod.2018.0070	distant reading	https://openalex.org/W2907925186
Modernism/modernity	1071-6068	モダニズム	2018	article	The Weak Powers of Digital Modernist Studies	https://doi.org/10.1353/mod.2018.0040	digital humanities|distant reading|text mining	https://openalex.org/W2893147988
Modernism/modernity	1071-6068	モダニズム	2018	article	The Agonies of Ambivalence: Anna Mendelssohn, la poétesse maudite	https://doi.org/10.1353/mod.2018.0036	distant reading	https://openalex.org/W2596522280
Modernism/modernity	1071-6068	モダニズム	2017	article	Revolutionary Shadows: Borderlands Identity in the Fiction of Américo Paredes	https://doi.org/10.1353/mod.2017.0064	topic model	https://openalex.org/W2767652829
Modernism/modernity	1071-6068	モダニズム	2017	article	Little Magazine, World Form by Eric Bulson	https://doi.org/10.1353/mod.2017.0040	topic model	https://openalex.org/W2750690083
Modernism/modernity	1071-6068	モダニズム	2017	article	Laboratory, Library, Database: London's Avant-Garde Drama Societies and Ephemeral Repertoire	https://doi.org/10.1353/mod.2017.0049	digital humanities	https://openalex.org/W2753459406
Modernism/modernity	1071-6068	モダニズム	2017	article	Beckett's Non-Anthropomorphic Anthropology	https://doi.org/10.1353/mod.2017.0027	digital humanities|topic model	https://openalex.org/W2615710850
Modernism/modernity	1071-6068	モダニズム	2016	article	Planetary Modernisms: Provocations on Modernity across Time by Susan Stanford Friedman	https://doi.org/10.1353/mod.2016.0060	topic model	https://openalex.org/W2526114416
Modernism/modernity	1071-6068	モダニズム	2016	article	Moving Pictures: Magic Lanterns, Portable Projection, and Urban Advertising in the Nineteenth Century	https://doi.org/10.1353/mod.2016.0072	digital humanities|topic model	https://openalex.org/W2567319977
Modernism/modernity	1071-6068	モダニズム	2016	article	Modernism: Keywords ed. by Melba Cuddy-Keane, Adam Hammond, Alexandra Peat	https://doi.org/10.1353/mod.2016.0039	digital humanities	https://openalex.org/W2398379338
Modernism/modernity	1071-6068	モダニズム	2016	article	Mexican Modernity, Science Magazines, and Scientific Personality: Santiago Sierra’s El Mundo Científico (1877–78)	https://doi.org/10.1353/mod.2016.0031	distant reading|text mining	https://openalex.org/W2403651610
Modernism/modernity	1071-6068	モダニズム	2016	article	Histories of the Future: The Institute of Contemporary Arts and the Reconstruction of Modernism in Post-war Britain	https://doi.org/10.1353/mod.2016.0009	topic model	https://openalex.org/W2278305479
Modernism/modernity	1071-6068	モダニズム	2016	article	Camp, Modernism, and Charles Henri Ford	https://doi.org/10.1353/mod.2016.0018	topic model	https://openalex.org/W2288027495
Journal of Modern Literature	0022-281X	20世紀文学	2024	article	“Other kinds of emotions”: Ishiguro’s Late-Modernist Affect	https://doi.org/10.2979/jml.00033	distant reading	https://openalex.org/W4400589674
Journal of Modern Literature	0022-281X	20世紀文学	2024	article	Ferdinand Levy: A Harlem Renaissance Dubliner and De-Colonial Cosmopolitanism	https://doi.org/10.2979/jml.00036	topic model	https://openalex.org/W4400589672
Journal of Modern Literature	0022-281X	20世紀文学	2021	article	Intersectional Feminism, Black Love, and the Transnational Turn: Rereading Guillén, Hughes, and Roumain	https://doi.org/10.2979/jmodelite.44.4.03	topic model	https://openalex.org/W3202134724
Journal of Modern Literature	0022-281X	20世紀文学	2020	article	Aesthetics and Politics Again?	https://doi.org/10.2979/jmodelite.43.3.12	digital humanities	https://openalex.org/W3042162375
Journal of Modern Literature	0022-281X	20世紀文学	2018	article	Getting Ready for “The Modernist Party as Pedagogy”: A Critique	https://doi.org/10.2979/jmodelite.41.4.06	topic model	https://openalex.org/W2896283031
Journal of Modern Literature	0022-281X	20世紀文学	2017	article	Stephen Dedalus and Nationalism without Nationalism	https://doi.org/10.2979/jmodelite.41.1.04	topic model	https://openalex.org/W2295996520
Journal of Modern Literature	0022-281X	20世紀文学	2017	article	Ritual, Code, and Matheme in Samuel Beckett's &lt;em&gt;Quad&lt;/em&gt;	https://doi.org/10.2979/jmodelite.40.4.09	computational literary	https://openalex.org/W2760410809
Journal of Modern Literature	0022-281X	20世紀文学	2017	article	Beckett's Vessels and the Animation of Containers	https://doi.org/10.2979/jmodelite.40.4.06	topic model	https://openalex.org/W2604257927
Journal of Modern Literature	0022-281X	20世紀文学	2016	article	Digital Modernism as Method: Recent Publications in Digital Humanities	https://doi.org/10.2979/jmodelite.39.3.13	digital humanities	https://openalex.org/W2520738500
Shakespeare Quarterly	0037-3222	近世	2023	article	From the Editor	https://doi.org/10.1093/sq/quad001	distant reading	https://openalex.org/W4353027923
Shakespeare Quarterly	0037-3222	近世	2022	article	Recovering Shakespeare’s Racial Genealogies: Slavery, Barbarism, and Whiteness in <i>Hamlet</i> and its Sources	https://doi.org/10.1093/sq/quac040	distant reading|topic model	https://openalex.org/W4309112992
Shakespeare Quarterly	0037-3222	近世	2018	article	Chaucer’s Jailer’s Daughter: Character and Source in <i>The Two Noble Kinsmen</i>	https://doi.org/10.1353/shq.2018.0002	distant reading|text mining	https://openalex.org/W2883489725
Shakespeare Quarterly	0037-3222	近世	2017	article	Moving Parts: Digital Modeling and the Infrastructures of Shakespeare Editing	https://doi.org/10.1353/shq.2017.0002	computational literary|digital humanities|text mining	https://openalex.org/W2759745148
Shakespeare Quarterly	0037-3222	近世	2017	article	Editing Shakespeare in Parts	https://doi.org/10.1353/shq.2017.0003	distant reading|topic model	https://openalex.org/W2626682069
Victorian Studies	0042-5222	ヴィクトリア朝	2025	article	"Spotting Rossetti in the Newspaper: A Proposal for ""Neuro-Genre"""	https://doi.org/10.2979/vic.00295	digital humanities	https://openalex.org/W7119201190
Victorian Studies	0042-5222	ヴィクトリア朝	2024	article	Thousands of Canvases: Bernard Bosanquet's Aesthetics of the Extraneous	https://doi.org/10.2979/vic.00229	distant reading	https://openalex.org/W4411781486
Victorian Studies	0042-5222	ヴィクトリア朝	2024	article	Sexual Restraint and Aesthetic Experience in Victorian Literary Decadence by Sarah Green (review)	https://doi.org/10.2979/vic.00211	topic model	https://openalex.org/W4409194304
Victorian Studies	0042-5222	ヴィクトリア朝	2024	article	Reconsidering Catholic Lay Womanhood: Pious Transgressors in Late Nineteenth and Early Twentieth Century England by Kathryn G. Lamontagne (review)	https://doi.org/10.2979/vic.00249	topic model	https://openalex.org/W4411829054
Victorian Studies	0042-5222	ヴィクトリア朝	2024	article	Dorian Unbound: Transnational Decadence and the Wilde Archive by Sean O’Toole, and: Queer Kinship after Wilde: Transnational Decadence and the Family by Kristin Mahoney (review)	https://doi.org/10.2979/vic.00212	text mining|topic model	https://openalex.org/W4409205067
Victorian Studies	0042-5222	ヴィクトリア朝	2023	article	The Poems of Elizabeth Siddal in Context by Anne Woolley (review)	https://doi.org/10.2979/vic.00074	topic model	https://openalex.org/W4399213341
Victorian Studies	0042-5222	ヴィクトリア朝	2023	article	The Pistol as a Novel Weapon	https://doi.org/10.2979/vic.00086	distant reading	https://openalex.org/W4400362237
Victorian Studies	0042-5222	ヴィクトリア朝	2023	article	Empire and Indigeneity: Histories and Legacies by Richard Price (review)	https://doi.org/10.2979/vic.00035	distant reading	https://openalex.org/W4393348376
Victorian Studies	0042-5222	ヴィクトリア朝	2023	article	Book Traces: Nineteenth-Century Readers and the Future of the Library by Andrew M. Stauffer (review)	https://doi.org/10.2979/vic.00014	distant reading	https://openalex.org/W4393126875
Victorian Studies	0042-5222	ヴィクトリア朝	2022	article	Victorian Hands: The Manual Turn in Nineteenth-Century Body Studies ed. by Peter J. Capuano and Sue Zemka (review)	https://doi.org/10.2979/victorianstudies.65.1.35	distant reading	https://openalex.org/W4387547548
Victorian Studies	0042-5222	ヴィクトリア朝	2022	article	Victorian Hands: The Manual Turn in Nineteenth-Century Body Studies ed. by Peter J. Capuano and Sue Zemka (review)	https://doi.org/10.2979/vic.2022.a901313	distant reading	https://openalex.org/W4386778591
Victorian Studies	0042-5222	ヴィクトリア朝	2022	article	Victorian Cosmopolitanism and English Catholicity in the Mid-Century Novel, by Teresa Huffman Traver	https://doi.org/10.2979/victorianstudies.64.2.35	topic model	https://openalex.org/W4365807362
Victorian Studies	0042-5222	ヴィクトリア朝	2022	article	Teaching William Morris, edited by Jason D. Martinek and Elizabeth Carolyn Miller	https://doi.org/10.2979/victorianstudies.64.3.07	digital humanities	https://openalex.org/W4365807963
Victorian Studies	0042-5222	ヴィクトリア朝	2022	article	Sara Ahmed’s Politics of Citation and Student Scholarship: Uncovering Indigenous Co-authors of British Folklore Collections	https://doi.org/10.2979/victorianstudies.64.2.12	digital humanities	https://openalex.org/W4365800696
Victorian Studies	0042-5222	ヴィクトリア朝	2022	article	Picture World: Image, Aesthetics, and Victorian New Media by Rachel Teukolsky (review)	https://doi.org/10.2979/victorianstudies.65.1.16	distant reading	https://openalex.org/W4387517142
Victorian Studies	0042-5222	ヴィクトリア朝	2022	article	Picture World: Image, Aesthetics, and Victorian New Media by Rachel Teukolsky (review)	https://doi.org/10.2979/vic.2022.a901294	distant reading	https://openalex.org/W4386778605
Victorian Studies	0042-5222	ヴィクトリア朝	2022	article	Nature and the Environment in Nineteenth-Century Ireland, edited by Matthew Kelly	https://doi.org/10.2979/victorianstudies.64.2.28	digital humanities|topic model	https://openalex.org/W4365800718
Victorian Studies	0042-5222	ヴィクトリア朝	2022	article	Irish Famines before and after the Great Hunger ed. by Christine Kinealy and Gerard Moran (review)	https://doi.org/10.2979/vic.2022.a901299	topic model	https://openalex.org/W4386778427
Victorian Studies	0042-5222	ヴィクトリア朝	2022	article	Irish Famines before and after the Great Hunger ed. by Christine Kinealy and Gerard Moran (review)	https://doi.org/10.2979/victorianstudies.65.1.21	topic model	https://openalex.org/W4387626007
Victorian Studies	0042-5222	ヴィクトリア朝	2022	article	Introduction	https://doi.org/10.2979/victorianstudies.65.1.01	digital humanities	https://openalex.org/W4387626012
Victorian Studies	0042-5222	ヴィクトリア朝	2022	article	Introduction	https://doi.org/10.2979/vic.2022.a901279	digital humanities	https://openalex.org/W4386778506
Victorian Studies	0042-5222	ヴィクトリア朝	2022	article	Bread Winner: An Intimate History of the Victorian Economy, by Emma Griffin	https://doi.org/10.2979/victorianstudies.64.3.39	topic model	https://openalex.org/W4365807013
Victorian Studies	0042-5222	ヴィクトリア朝	2022	article	A Mid-Range Team of Rivals: Women Novelists in the Collective Biographies of Women Database	https://doi.org/10.2979/victorianstudies.65.1.03	distant reading	https://openalex.org/W4387626000
Victorian Studies	0042-5222	ヴィクトリア朝	2022	article	A Mid-Range Team of Rivals: Women Novelists in the Collective Biographies of Women Database	https://doi.org/10.2979/vic.2022.a901281	distant reading	https://openalex.org/W4386778459
Victorian Studies	0042-5222	ヴィクトリア朝	2021	article	Empire of Diamonds: Victorian Gems in Imperial Settings, by Adrienne Munich	https://doi.org/10.2979/victorianstudies.63.4.19	text mining	https://openalex.org/W4365800946
Victorian Studies	0042-5222	ヴィクトリア朝	2020	article	Seriality, Miscellaneity, and Compression in Nineteenth-Century Print	https://doi.org/10.2979/victorianstudies.62.2.16	topic model	https://openalex.org/W3040513938
Victorian Studies	0042-5222	ヴィクトリア朝	2020	article	Classics in Britain: Scholarship, Education, and Publishing, 1800-2000, by Christopher Stray	https://doi.org/10.2979/victorianstudies.62.2.25	topic model	https://openalex.org/W4365807245
Victorian Studies	0042-5222	ヴィクトリア朝	2019	article	The Physics of Possibility: Victorian Fiction, Science, and Gender, by Michael Tondre	https://doi.org/10.2979/victorianstudies.61.4.17	distant reading	https://openalex.org/W4365807992
Victorian Studies	0042-5222	ヴィクトリア朝	2019	article	Response: Reading Outward	https://doi.org/10.2979/victorianstudies.61.2.09	distant reading	https://openalex.org/W2953313393
Victorian Studies	0042-5222	ヴィクトリア朝	2019	article	Reductive Reading: A Syntax of Victorian Moralizing, by Sarah Allison	https://doi.org/10.2979/victorianstudies.61.4.31	computational literary|digital humanities	https://openalex.org/W4365808233
Victorian Studies	0042-5222	ヴィクトリア朝	2019	article	Monsters under Glass: A Cultural History of Hothouse Flowers from 1850 to the Present, by Jane Desmarais	https://doi.org/10.2979/victorianstudies.61.3.28	distant reading	https://openalex.org/W4365807564
Victorian Studies	0042-5222	ヴィクトリア朝	2019	article	Christina Rossetti: Poetry, Ecology, Faith, by Emma Mason	https://doi.org/10.2979/victorianstudies.61.3.27	distant reading	https://openalex.org/W4365806591
Victorian Studies	0042-5222	ヴィクトリア朝	2018	article	William Morris and the Uses of Nostalgia: Memory in the Early and Late Poetry	https://doi.org/10.2979/victorianstudies.60.2.10	topic model	https://openalex.org/W2809434583
Victorian Studies	0042-5222	ヴィクトリア朝	2018	article	Edward Lear's India and the Colonial Production of Nonsense	https://doi.org/10.2979/victorianstudies.61.1.02	distant reading|text mining|topic model	https://openalex.org/W2901479013
Victorian Studies	0042-5222	ヴィクトリア朝	2018	article		https://doi.org/10.2979/victorianstudies.60.4.14	digital humanities|distant reading	https://openalex.org/W4230869116
Victorian Studies	0042-5222	ヴィクトリア朝	2018	article		https://doi.org/10.2979/victorianstudies.60.2.30	distant reading	https://openalex.org/W4233164720
Victorian Studies	0042-5222	ヴィクトリア朝	2018	article		https://doi.org/10.2979/victorianstudies.60.3.14	topic model	https://openalex.org/W4240016589
Victorian Studies	0042-5222	ヴィクトリア朝	2017	article	The Other Victorians at Fifty Introduction	https://doi.org/10.1353/vic.2017.a670627	topic model	https://openalex.org/W4380590373
Victorian Studies	0042-5222	ヴィクトリア朝	2017	article	Space and Narrative in the Nineteenth-Century British Historical Novel by Tom Bragg (review)	https://doi.org/10.1353/vic.2017.a680244	distant reading	https://openalex.org/W2779318662
Victorian Studies	0042-5222	ヴィクトリア朝	2017	article	Slavery's Intertextual Harvest	https://doi.org/10.2979/victorianstudies.60.1.04	distant reading	https://openalex.org/W2792202096
Victorian Studies	0042-5222	ヴィクトリア朝	2017	article	Nineteenth-Century Energies: Literature, technology, culture ed. by Lynn Voskuil (review)	https://doi.org/10.1353/vic.2017.a680247	topic model	https://openalex.org/W4380301631
Victorian Studies	0042-5222	ヴィクトリア朝	2017	article	Introduction	https://doi.org/10.2979/victorianstudies.59.3.10	topic model	https://openalex.org/W2760524131
Victorian Studies	0042-5222	ヴィクトリア朝	2017	article		https://doi.org/10.2979/victorianstudies.59.2.28	distant reading	https://openalex.org/W4246894204
Victorian Studies	0042-5222	ヴィクトリア朝	2017	article		https://doi.org/10.2979/victorianstudies.59.4.12	distant reading	https://openalex.org/W4238647262
Victorian Studies	0042-5222	ヴィクトリア朝	2017	article		https://doi.org/10.2979/victorianstudies.59.4.13	distant reading	https://openalex.org/W4256425231
Victorian Studies	0042-5222	ヴィクトリア朝	2017	article		https://doi.org/10.2979/victorianstudies.59.4.26	distant reading	https://openalex.org/W4243809454
Victorian Studies	0042-5222	ヴィクトリア朝	2017	article		https://doi.org/10.2979/victorianstudies.59.3.40	text mining|topic model	https://openalex.org/W4249227866
Victorian Studies	0042-5222	ヴィクトリア朝	2017	article		https://doi.org/10.2979/victorianstudies.59.4.16	topic model	https://openalex.org/W4236432398
Victorian Studies	0042-5222	ヴィクトリア朝	2017	article		https://doi.org/10.2979/victorianstudies.60.1.21	topic model	https://openalex.org/W4238538657
Victorian Studies	0042-5222	ヴィクトリア朝	2016	article	Spectrally Illuminating the Hidden Material History of David Livingstone's 1870 Field Diary	https://doi.org/10.2979/victorianstudies.58.2.06	digital humanities	https://openalex.org/W2465090958
Victorian Studies	0042-5222	ヴィクトリア朝	2016	article	Scale, Resonance, Presence	https://doi.org/10.2979/victorianstudies.59.1.10	distant reading	https://openalex.org/W2594372240
Victorian Studies	0042-5222	ヴィクトリア朝	2016	article	Response	https://doi.org/10.2979/victorianstudies.58.2.09	digital humanities|distant reading|text mining	https://openalex.org/W4256510331
Victorian Studies	0042-5222	ヴィクトリア朝	2016	article	Present Tense Futures of the Past	https://doi.org/10.2979/victorianstudies.59.1.07	digital humanities	https://openalex.org/W2592921055
Victorian Studies	0042-5222	ヴィクトリア朝	2016	article	Introduction	https://doi.org/10.2979/victorianstudies.59.1.04	topic model	https://openalex.org/W4252457801
Victorian Studies	0042-5222	ヴィクトリア朝	2016	article	Dendrography and Ecological Realism	https://doi.org/10.2979/victorianstudies.58.4.04	topic model	https://openalex.org/W2566230722
Victorian Studies	0042-5222	ヴィクトリア朝	2016	article		https://doi.org/10.2979/victorianstudies.58.4.33	computational literary|digital humanities|distant reading	https://openalex.org/W4251901310
Victorian Studies	0042-5222	ヴィクトリア朝	2016	article		https://doi.org/10.2979/victorianstudies.59.1.17	digital humanities	https://openalex.org/W4230856919
Victorian Studies	0042-5222	ヴィクトリア朝	2016	article		https://doi.org/10.2979/victorianstudies.59.1.30	distant reading	https://openalex.org/W4238789605
Victorian Studies	0042-5222	ヴィクトリア朝	2016	article		https://doi.org/10.2979/victorianstudies.59.1.24	distant reading	https://openalex.org/W4255002829
Victorian Studies	0042-5222	ヴィクトリア朝	2016	article		https://doi.org/10.2979/victorianstudies.58.2.37	text mining	https://openalex.org/W4255015663
Victorian Studies	0042-5222	ヴィクトリア朝	2016	article		https://doi.org/10.2979/victorianstudies.58.3.25	topic model	https://openalex.org/W4243837277
Victorian Studies	0042-5222	ヴィクトリア朝	2016	article		https://doi.org/10.2979/victorianstudies.58.3.29	topic model	https://openalex.org/W4256126364
Cultural Analytics	2371-4549	比較：計量・DH系	2025	article	Tug-of-War of Emotion: Measuring and Modeling Sentiment Cycles in Chinese-Language Pop Song Lyrics, 1967-2023	https://doi.org/10.22148/001c.144809	digital humanities|text mining|topic model	https://openalex.org/W4415400747
Cultural Analytics	2371-4549	比較：計量・DH系	2025	article	The “Mapping German fiction in translation” dataset: Data collection, scope, and data quality	https://doi.org/10.22148/001c.128010	digital humanities|stylometry|topic model	https://openalex.org/W4409678925
Cultural Analytics	2371-4549	比較：計量・DH系	2025	article	The Eclectic Reader	https://doi.org/10.22148/001c.142979	computational literary|digital humanities|distant reading|text mining|topic model	https://openalex.org/W4413346466
Cultural Analytics	2371-4549	比較：計量・DH系	2025	article	Seeing Formalism or Formal Viewing: Computational Formalism for the Analysis of Visual Media Forms and Contexts	https://doi.org/10.22148/001c.144827	computational literary|digital humanities|distant reading|topic model	https://openalex.org/W4415166832
Cultural Analytics	2371-4549	比較：計量・DH系	2025	article	Racial and Ethnic Representation in Literature Taught in US High Schools	https://doi.org/10.22148/001c.131682	computational literary	https://openalex.org/W4408609774
Cultural Analytics	2371-4549	比較：計量・DH系	2025	article	Quantifying the Presence of Ancient Greek and Latin Classics in Early Modern Britain	https://doi.org/10.22148/001c.128008	computational literary|digital humanities|text mining|topic model	https://openalex.org/W4408609775
Cultural Analytics	2371-4549	比較：計量・DH系	2025	article	Pranks and the Viral Canon: On Top-Creator Content from YouTube to TikTok	https://doi.org/10.22148/001c.143615	computational literary|digital humanities|distant reading|topic model	https://openalex.org/W4415058363
Cultural Analytics	2371-4549	比較：計量・DH系	2025	article	Parler Games: A Narrative Framework Analysis of Parler Conspiracy Theories and the January 6th Insurrection	https://doi.org/10.22148/001c.137088	topic model	https://openalex.org/W4414090244
Cultural Analytics	2371-4549	比較：計量・DH系	2025	article	Online Reviews as Communal Formations. A Corpus Linguistic Approach	https://doi.org/10.22148/001c.138350	computational literary|digital humanities|stylometry|topic model	https://openalex.org/W4410984062
Cultural Analytics	2371-4549	比較：計量・DH系	2025	article	Geotropes: Situating Postcolonial Bestsellers in the Global Literary Marketplace	https://doi.org/10.22148/001c.142973	computational literary|digital humanities|topic model	https://openalex.org/W4413916071
Cultural Analytics	2371-4549	比較：計量・DH系	2025	article	Generative Aesthetics: On formal stuckness in AI verse	https://doi.org/10.22148/001c.144825	computational literary|digital humanities|distant reading	https://openalex.org/W4415033376
Cultural Analytics	2371-4549	比較：計量・DH系	2025	article	Computation and Form, Reconsidered	https://doi.org/10.22148/001c.143993	computational literary|digital humanities|distant reading|stylometry	https://openalex.org/W4414110760
Cultural Analytics	2371-4549	比較：計量・DH系	2025	article	Beyond Plot: How Sentiment Analysis Reshapes Our Understanding of Narrative Structure	https://doi.org/10.22148/001c.143671	computational literary|digital humanities|distant reading|text mining|topic model	https://openalex.org/W4414090048
Cultural Analytics	2371-4549	比較：計量・DH系	2025	article	Beyond Computational Formalism or, Architecture Matters	https://doi.org/10.22148/001c.133923	computational literary|digital humanities|distant reading	https://openalex.org/W4414090284
Cultural Analytics	2371-4549	比較：計量・DH系	2024	article	What We Didn’t Know a Recipe Could Be: Political Commentary, Machine Learning Models, and the Fluidity of Form in Nineteenth-Century Newspaper Recipes	https://doi.org/10.22148/001c.115371	computational literary|digital humanities|distant reading|text mining|topic model	https://openalex.org/W4394612139
Cultural Analytics	2371-4549	比較：計量・DH系	2024	article	Vectors of Violence: Legitimation and Distribution of State Power in the _People’s Liberation Army Daily_ (_Jiefangjun Bao_), 1956-1989	https://doi.org/10.22148/001c.115481	computational literary|text mining|topic model	https://openalex.org/W4396567945
Cultural Analytics	2371-4549	比較：計量・DH系	2024	article	Validation of the Story World Absorption Scale through annotation of online book reviews	https://doi.org/10.22148/001c.92531	computational literary|digital humanities|text mining|topic model	https://openalex.org/W4392387227
Cultural Analytics	2371-4549	比較：計量・DH系	2024	article	Two translations of Mahfouz’s _Awlad Haratina_ (Children of our Alley): A computational-stylistic analysis	https://doi.org/10.22148/001c.116239	distant reading	https://openalex.org/W4399733006
Cultural Analytics	2371-4549	比較：計量・DH系	2024	article	Topic models indicate textual aboutness and pragmatics: Valuation practices in Islamophobic discourse	https://doi.org/10.22148/001c.92535	computational literary|digital humanities|text mining|topic model	https://openalex.org/W4393084754
Cultural Analytics	2371-4549	比較：計量・DH系	2024	article	The World of Shakespeare and Company: An Introduction	https://doi.org/10.22148/001c.116905	computational literary	https://openalex.org/W4399118105
Cultural Analytics	2371-4549	比較：計量・DH系	2024	article	The Potential and Limits of Arabic Digital Humanities	https://doi.org/10.22148/001c.116818	digital humanities|text mining	https://openalex.org/W4399732979
Cultural Analytics	2371-4549	比較：計量・DH系	2024	article	Revisiting Weimar Film Reviewers’ Sentiments: Integrating Lexicon-Based Sentiment Analysis with Large Language Models	https://doi.org/10.22148/001c.118497	computational literary|digital humanities|distant reading|text mining|topic model	https://openalex.org/W4400779789
Cultural Analytics	2371-4549	比較：計量・DH系	2024	article	Racio-national Imaginary and Discursive Formation of Arabo-Islamic Identity in al-Manār and al-Risālah: A Topic Modeling Study	https://doi.org/10.22148/001c.116223	computational literary|digital humanities|distant reading|topic model	https://openalex.org/W4399732070
Cultural Analytics	2371-4549	比較：計量・DH系	2024	article	Quantifying Women’s Marginalisation in Ibero-American Film Culture During the First Half of the Twentieth Century: A Network-Science Proposal	https://doi.org/10.22148/001c.118589	computational literary|digital humanities|topic model	https://openalex.org/W4400779908
Cultural Analytics	2371-4549	比較：計量・DH系	2024	article	Exploring Gender Differences in Fatwa through Machine Learning	https://doi.org/10.22148/001c.116368	digital humanities|topic model	https://openalex.org/W4399732994
Cultural Analytics	2371-4549	比較：計量・DH系	2024	article	Digital Humanities and Distributed Cognition: From a Lack of Theory to its Visual Augmentation	https://doi.org/10.22148/001c.121866	digital humanities	https://openalex.org/W4402197367
Cultural Analytics	2371-4549	比較：計量・DH系	2024	article	Digital Film Historiography: Challenges of/and Interdisciplinarity	https://doi.org/10.22148/001c.120944	computational literary|digital humanities|distant reading|text mining|topic model	https://openalex.org/W4400779769
Cultural Analytics	2371-4549	比較：計量・DH系	2024	article	Approaching a National Film History through Data. Network Analysis in German Film History	https://doi.org/10.22148/001c.118499	digital humanities	https://openalex.org/W4400780080
Cultural Analytics	2371-4549	比較：計量・DH系	2024	article	A Topic Modelling of Muslim Religious Reform in the Colonial Age: A Computational and Digital Study of _al-Manār_ (1898-1935)	https://doi.org/10.22148/001c.116225	computational literary|distant reading|topic model	https://openalex.org/W4399730290
Cultural Analytics	2371-4549	比較：計量・DH系	2024	article	A Digital Trail of Rupture. The German Film Exile 1933-1945 in the Data of Günter Peter Straschek	https://doi.org/10.22148/001c.118494	digital humanities	https://openalex.org/W4400779800
Cultural Analytics	2371-4549	比較：計量・DH系	2024	article	A Digital Archaeology of Early Hispanic Film Culture: Film Magazines and the Male Fan Reader	https://doi.org/10.22148/001c.118152	distant reading	https://openalex.org/W4400779700
Cultural Analytics	2371-4549	比較：計量・DH系	2023	article	‘A pretty sublime mix of WTF and OMG’. Four explorations into the practice of evaluation on online book reviewing platforms	https://doi.org/10.22148/001c.68086	computational literary|digital humanities|text mining|topic model	https://openalex.org/W4321367095
Cultural Analytics	2371-4549	比較：計量・DH系	2023	article	Understanding Peanuts and Schulzian Symmetry: Panel Detection, Caption Detection, and Gag Panels in 17,897 Comic Strips Through Distant Viewing.	https://doi.org/10.22148/001c.87560	computational literary|digital humanities|distant reading	https://openalex.org/W4386925245
Cultural Analytics	2371-4549	比較：計量・DH系	2023	article	Time Maps: Theory and Method	https://doi.org/10.22148/001c.87937	computational literary|digital humanities|distant reading	https://openalex.org/W4388698876
Cultural Analytics	2371-4549	比較：計量・DH系	2023	article	Theory-Driven Statistics for the Digital Humanities: Presenting Pitfalls and a Practical Guide by the Example of the Reformation	https://doi.org/10.22148/001c.57764	digital humanities|text mining|topic model	https://openalex.org/W4320020468
Cultural Analytics	2371-4549	比較：計量・DH系	2023	article	The Wikipedia Republic of Literary Characters	https://doi.org/10.22148/001c.70251	computational literary|digital humanities|text mining	https://openalex.org/W4382629066
Cultural Analytics	2371-4549	比較：計量・DH系	2023	article	Text-mining metadata: What can titles tell us of the history of modern and contemporary art?	https://doi.org/10.22148/001c.74602	digital humanities|distant reading|text mining|topic model	https://openalex.org/W4379467399
Cultural Analytics	2371-4549	比較：計量・DH系	2023	article	Should we really ‘hermeneutise’ the Digital Humanities? A plea for the epistemic productivity of a ‘cultural technique of flattening’ in the Humanities.	https://doi.org/10.22148/001c.55592	computational literary|digital humanities|distant reading|stylometry|text mining|topic model	https://openalex.org/W4319604386
Cultural Analytics	2371-4549	比較：計量・DH系	2023	article	Sailing on Encrypted Seas: The Archive and Digital Memory in African and Diasporic Futurism	https://doi.org/10.22148/001c.55508	computational literary|digital humanities|text mining	https://openalex.org/W4320058452
Cultural Analytics	2371-4549	比較：計量・DH系	2023	article	Quantifying the Gap: The Gender Gap in French Writers’ Wikidata	https://doi.org/10.22148/001c.74068	computational literary|topic model	https://openalex.org/W4382337864
Cultural Analytics	2371-4549	比較：計量・DH系	2023	article	Preface: World Literature in an Expanding Digital Space	https://doi.org/10.22148/001c.74598	computational literary|digital humanities|text mining|topic model	https://openalex.org/W4382598314
Cultural Analytics	2371-4549	比較：計量・DH系	2023	article	Operationalizing Canonicity: A Quantitative Study of French 19th and 20th Century Literature	https://doi.org/10.22148/001c.88113	computational literary|digital humanities|distant reading|stylometry|text mining|topic model	https://openalex.org/W4387706663
Cultural Analytics	2371-4549	比較：計量・DH系	2023	article	Italian Nostalgia: National and Global Identities of the Italian Novel	https://doi.org/10.22148/001c.68341	computational literary|digital humanities|topic model	https://openalex.org/W4382315002
Cultural Analytics	2371-4549	比較：計量・DH系	2023	article	How Network Analysis Uncovers International Networks of Smuggling History: Criminals in Nagasaki, Japan circa 1667	https://doi.org/10.22148/001c.68188	digital humanities	https://openalex.org/W4320484258
Cultural Analytics	2371-4549	比較：計量・DH系	2023	article	From the Archive to the Computer: Michel Foucault and the Digital Humanities	https://doi.org/10.22148/001c.55795	computational literary|digital humanities|distant reading|stylometry|text mining|topic model	https://openalex.org/W4328051182
Cultural Analytics	2371-4549	比較：計量・DH系	2023	article	Examining the representation of landscape and its emotional value in German-Swiss fiction between 1840 and 1940	https://doi.org/10.22148/001c.84475	computational literary|digital humanities|distant reading|text mining|topic model	https://openalex.org/W4385719959
Cultural Analytics	2371-4549	比較：計量・DH系	2022	article	What We Learned About the Humanities from a Study of Thousands of Newspaper Articles	https://doi.org/10.22148/001c.35907	topic model	https://openalex.org/W4281392358
Cultural Analytics	2371-4549	比較：計量・DH系	2022	article	The Humanities in Public: A Computational Analysis of US National and Campus Newspapers	https://doi.org/10.22148/001c.32036	computational literary|digital humanities|distant reading|topic model	https://openalex.org/W4205760491
Cultural Analytics	2371-4549	比較：計量・DH系	2022	article	The Evolution of the Idiolect over the Lifetime: A Quantitative and Qualitative Study of French 19th Century Literature	https://doi.org/10.22148/001c.37588	computational literary|digital humanities|stylometry|topic model	https://openalex.org/W4294203304
Cultural Analytics	2371-4549	比較：計量・DH系	2022	article	Shakespeare and Company Project Data Sets	https://doi.org/10.22148/001c.32551	computational literary|digital humanities	https://openalex.org/W4211124067
Cultural Analytics	2371-4549	比較：計量・DH系	2022	article	Post-War British Women Writers and their Cultural Impact: A Quantitative Approach	https://doi.org/10.22148/001c.33994	distant reading|text mining	https://openalex.org/W4220823893
Cultural Analytics	2371-4549	比較：計量・DH系	2022	article	Literary value in the era of big data. Operationalizing critical distance in professional and non-professional reviews	https://doi.org/10.22148/001c.36446	computational literary|digital humanities	https://openalex.org/W4283727265
Cultural Analytics	2371-4549	比較：計量・DH系	2022	article	Heritage site-seeing through the visitor’s lens on Instagram	https://doi.org/10.22148/001c.38966	text mining	https://openalex.org/W4365998489
Cultural Analytics	2371-4549	比較：計量・DH系	2022	article	Grounding Theory in Digital Data: A Methodological Approach for a Reflective Procedural Framework	https://doi.org/10.22148/001c.57197	digital humanities|distant reading|topic model	https://openalex.org/W4313318980
Cultural Analytics	2371-4549	比較：計量・DH系	2022	article	From Concepts to Texts and Back: Operationalization as a Core Activity of Digital Humanities	https://doi.org/10.22148/001c.57195	computational literary|digital humanities|distant reading|topic model	https://openalex.org/W4313409859
Cultural Analytics	2371-4549	比較：計量・DH系	2022	article	Foreword to the Special Issue “Theorytellings: Epistemic Narratives in the Digital Humanities”	https://doi.org/10.22148/001c.55593	computational literary|digital humanities|topic model	https://openalex.org/W4313316689
Cultural Analytics	2371-4549	比較：計量・DH系	2022	article	Cultures of E/valuation on the Social Web. A very short introduction to the special issue	https://doi.org/10.22148/001c.33086	digital humanities|topic model	https://openalex.org/W4214538649
Cultural Analytics	2371-4549	比較：計量・DH系	2022	article	Conceptual Forays: A Corpus-based Study of “Theory” in Digital Humanities Journals	https://doi.org/10.22148/001c.55507	computational literary|digital humanities|distant reading|topic model	https://openalex.org/W4313363291
Cultural Analytics	2371-4549	比較：計量・DH系	2022	article	Biodiversity is not declining in fiction	https://doi.org/10.22148/001c.38739	computational literary|digital humanities|distant reading	https://openalex.org/W4307445554
Cultural Analytics	2371-4549	比較：計量・DH系	2022	article	Are Computational Literary Studies Structuralist?	https://doi.org/10.22148/001c.46662	computational literary|digital humanities|topic model	https://openalex.org/W4313363893
Cultural Analytics	2371-4549	比較：計量・DH系	2021	article	Voice	https://doi.org/10.22148/001c.22222	computational literary|topic model	https://openalex.org/W4244833923
Cultural Analytics	2371-4549	比較：計量・DH系	2021	article	Too isolated, too insular: American Literature and the World	https://doi.org/10.22148/001c.25273	distant reading	https://openalex.org/W3174730804
Cultural Analytics	2371-4549	比較：計量・DH系	2021	article	The Goodreads “Classics”: A Computational Study of Readers, Amazon, and Crowdsourced Amateur Criticism	https://doi.org/10.22148/001c.22221	computational literary|digital humanities|text mining|topic model	https://openalex.org/W3153865529
Cultural Analytics	2371-4549	比較：計量・DH系	2021	article	The Generative Dissensus of Reading the Feminist Novel, 1995-2020: A Computational Analysis of Interpretive Communities	https://doi.org/10.22148/001c.30009	computational literary|digital humanities|text mining|topic model	https://openalex.org/W3215541196
Cultural Analytics	2371-4549	比較：計量・DH系	2021	article	The Asian American Literature We’ve Constructed	https://doi.org/10.22148/001c.22330	computational literary|digital humanities|distant reading|text mining|topic model	https://openalex.org/W3153487356
Cultural Analytics	2371-4549	比較：計量・DH系	2021	article	Squatter Regionalism: Postwar Fiction, Geography, and the Program Era	https://doi.org/10.22148/001c.22332	computational literary	https://openalex.org/W3156955396
Cultural Analytics	2371-4549	比較：計量・DH系	2021	article	Reassembling the English Novel, 1789–1919	https://doi.org/10.22148/001c.19102	distant reading|topic model	https://openalex.org/W2885197710
Cultural Analytics	2371-4549	比較：計量・DH系	2021	article	Putting the Sorting Hat on J.K. Rowling’s Reader: A digital inquiry into the age of the implied readership of the Harry Potter series	https://doi.org/10.22148/001c.24077	computational literary|digital humanities|distant reading|topic model	https://openalex.org/W3160788868
Cultural Analytics	2371-4549	比較：計量・DH系	2021	article	On the Theory of Narrative Levels and Their Annotation in the Digital Context	https://doi.org/10.22148/001c.30700	distant reading	https://openalex.org/W4200267238
Cultural Analytics	2371-4549	比較：計量・DH系	2021	article	On Organizing a Shared Task for the Digital Humanities – Conclusions and Future Paths	https://doi.org/10.22148/001c.30697	computational literary|digital humanities|distant reading|topic model	https://openalex.org/W4200162648
Cultural Analytics	2371-4549	比較：計量・DH系	2021	article	Narrative Boundaries Annotation Guide	https://doi.org/10.22148/001c.30698	distant reading	https://openalex.org/W4200327391
Cultural Analytics	2371-4549	比較：計量・DH系	2021	article	Modeling Conflict: Representations of Social Groups in Present-Day Dutch Literature	https://doi.org/10.22148/001c.24722	computational literary|digital humanities|distant reading|topic model	https://openalex.org/W3166272135
Cultural Analytics	2371-4549	比較：計量・DH系	2021	article	Measuring Canonicity: Graduate Reading Lists in Departments of Hispanic Studies	https://doi.org/10.22148/001c.21599	topic model	https://openalex.org/W3137867769
Cultural Analytics	2371-4549	比較：計量・DH系	2021	article	Introduction: Contemporary Culture After Data Science	https://doi.org/10.22148/001c.22335	computational literary|digital humanities|distant reading|topic model	https://openalex.org/W3153523203
Cultural Analytics	2371-4549	比較：計量・DH系	2021	article	Imaginative Networks: Tracing Connections Among Early Modern Book Dedications	https://doi.org/10.22148/001c.21993	computational literary|digital humanities|distant reading	https://openalex.org/W3151065226
Cultural Analytics	2371-4549	比較：計量・DH系	2021	article	Feminist Bestsellers: A Digital History of 1970s Feminism	https://doi.org/10.22148/001c.22333	computational literary|digital humanities|topic model	https://openalex.org/W3156898303
Cultural Analytics	2371-4549	比較：計量・DH系	2021	article	Cultural Capitals: Modeling Minor European Literature	https://doi.org/10.22148/001c.21182	computational literary|digital humanities|distant reading|topic model	https://openalex.org/W3129389071
Cultural Analytics	2371-4549	比較：計量・DH系	2021	article	Content-Era Ethics	https://doi.org/10.22148/001c.22220	computational literary|digital humanities|distant reading|text mining|topic model	https://openalex.org/W3153509735
Cultural Analytics	2371-4549	比較：計量・DH系	2021	article	Collaborative Annotation as a Teaching Tool	https://doi.org/10.22148/001c.30702	distant reading	https://openalex.org/W4200340511
Cultural Analytics	2371-4549	比較：計量・DH系	2021	article	Chance Encounters: World Literature Between the Unexpected and the Probable	https://doi.org/10.22148/001c.25525	computational literary|digital humanities|topic model	https://openalex.org/W3180413404
Cultural Analytics	2371-4549	比較：計量・DH系	2021	article	Can We Map Culture?	https://doi.org/10.22148/001c.24911	computational literary|digital humanities|distant reading|text mining|topic model	https://openalex.org/W3172137656
Cultural Analytics	2371-4549	比較：計量・DH系	2021	article	Audiobook Stylistics: Comparing print and audio in the bestselling segment	https://doi.org/10.22148/001c.29802	computational literary	https://openalex.org/W3210937173
Cultural Analytics	2371-4549	比較：計量・DH系	2021	article	Annotation Guidelines for Narrative Levels and Narrative Acts v2	https://doi.org/10.22148/001c.30701	topic model	https://openalex.org/W4200492986
Cultural Analytics	2371-4549	比較：計量・DH系	2021	article	An Institutional Perspective on Genres: Generic Subtitles in German Literature from 1500-2020	https://doi.org/10.22148/001c.22086	computational literary|digital humanities|distant reading|text mining|topic model	https://openalex.org/W3152040157
Cultural Analytics	2371-4549	比較：計量・DH系	2021	article	Against Conglomeration	https://doi.org/10.22148/001c.22331	computational literary|digital humanities|distant reading	https://openalex.org/W4254847207
Cultural Analytics	2371-4549	比較：計量・DH系	2021	article	Abolitionist Networks: Modeling Language Change in Nineteenth-Century Activist Newspapers	https://doi.org/10.22148/001c.18841	computational literary|digital humanities|text mining|topic model	https://openalex.org/W3123995752
Cultural Analytics	2371-4549	比較：計量・DH系	2021	article	A Network Analysis of Postwar American Poetry in the Age of Digital Audio Archives	https://doi.org/10.22148/001c.22223	computational literary|digital humanities|topic model	https://openalex.org/W3156333834
Cultural Analytics	2371-4549	比較：計量・DH系	2020	article	What’s in a Face? Gender representation of faces in Time, 1940s-1990s	https://doi.org/10.22148/001c.12266	distant reading|topic model	https://openalex.org/W3011762003
Cultural Analytics	2371-4549	比較：計量・DH系	2020	article	The Social Lives of Books: Reading Victorian Literature on Goodreads	https://doi.org/10.22148/001c.12049	computational literary|digital humanities|distant reading|topic model	https://openalex.org/W3008187175
Cultural Analytics	2371-4549	比較：計量・DH系	2020	article	Sermons as data: Introducing a corpus of 11,955 Danish sermons	https://doi.org/10.22148/001c.18238	computational literary|digital humanities|distant reading	https://openalex.org/W3113041327
Cultural Analytics	2371-4549	比較：計量・DH系	2020	article	Response by the Special Interest Group on Digital Literary Stylistics to Nan Z. Da's Study	https://doi.org/10.22148/001c.11827	computational literary|digital humanities|text mining	https://openalex.org/W3004150426
Cultural Analytics	2371-4549	比較：計量・DH系	2020	article	Representing Race and Ethnicity in American Fiction, 1789-1920	https://doi.org/10.22148/001c.18509	computational literary|digital humanities	https://openalex.org/W3117881903
Cultural Analytics	2371-4549	比較：計量・DH系	2020	article	On the perceived complexity of literature. A response to Nan Z. Da	https://doi.org/10.22148/001c.11829	computational literary|digital humanities|stylometry|text mining|topic model	https://openalex.org/W3004295495
Cultural Analytics	2371-4549	比較：計量・DH系	2020	article	NovelTM Datasets for English-Language Fiction, 1700-2009	https://doi.org/10.22148/001c.13147	computational literary|digital humanities|distant reading	https://openalex.org/W2979474259
Cultural Analytics	2371-4549	比較：計量・DH系	2020	article	Like Two Pis in a Pod: Author Similarity Across Time in the Ancient Greek Corpus	https://doi.org/10.22148/001c.13680	computational literary|digital humanities|distant reading|topic model	https://openalex.org/W3040858410
Cultural Analytics	2371-4549	比較：計量・DH系	2020	article	Gender Dynamics and Critical Reception: A Study of Early 20th-century Book Reviews from The New York Times	https://doi.org/10.22148/001c.11831	computational literary|digital humanities|distant reading|text mining|topic model	https://openalex.org/W3003714380
Cultural Analytics	2371-4549	比較：計量・DH系	2020	article	Fleshing Out Models of Gender in English-Language Novels (1850 – 2000)	https://doi.org/10.22148/001c.11652	computational literary|digital humanities|distant reading	https://openalex.org/W3000500424
Cultural Analytics	2371-4549	比較：計量・DH系	2020	article	Familial Places in Jim Crow Spaces: Kinship, Demography, and the Color Line in William Faulkner’s Yoknapatawpha County	https://doi.org/10.22148/001c.14112	computational literary|digital humanities	https://openalex.org/W3044340157
Cultural Analytics	2371-4549	比較：計量・DH系	2020	article	Faces extracted from Time Magazine 1923-2014	https://doi.org/10.22148/001c.12265	digital humanities|distant reading	https://openalex.org/W3011815798
Cultural Analytics	2371-4549	比較：計量・DH系	2020	article	Dramatic Structure and Social Status in Shakespeare’s Plays	https://doi.org/10.22148/001c.12556	computational literary|digital humanities|topic model	https://openalex.org/W3016176758
Cultural Analytics	2371-4549	比較：計量・DH系	2020	article	Do we know what we are doing?	https://doi.org/10.22148/001c.11826	computational literary|digital humanities|distant reading|stylometry|text mining	https://openalex.org/W2993640618
Cultural Analytics	2371-4549	比較：計量・DH系	2020	article	Divergence and the Complexity of Difference in Text and Culture	https://doi.org/10.22148/001c.17585	computational literary|distant reading|text mining|topic model	https://openalex.org/W3091866587
Cultural Analytics	2371-4549	比較：計量・DH系	2020	article	Can GPT-3 Pass a Writer’s Turing Test?	https://doi.org/10.22148/001c.17212	computational literary|digital humanities|topic model	https://openalex.org/W3085332162
Cultural Analytics	2371-4549	比較：計量・DH系	2020	article	Are We Breaking the Social Contract?	https://doi.org/10.22148/001c.11828	computational literary|digital humanities	https://openalex.org/W3003443395
Cultural Analytics	2371-4549	比較：計量・DH系	2020	article	Annotation Guideline No. 8: Annotation Guidelines for Narrative Levels	https://doi.org/10.22148/001c.11773	computational literary|digital humanities	https://openalex.org/W3001536763
Cultural Analytics	2371-4549	比較：計量・DH系	2020	article	Annotation Guideline No. 8: Annotation Guidelines for Narrative Levels	https://doi.org/10.22148/16.061	digital humanities	https://openalex.org/W4247893893
Cultural Analytics	2371-4549	比較：計量・DH系	2020	article	Annotation Guideline No. 7: Guidelines for annotation of narrative structure	https://doi.org/10.22148/001c.11772	computational literary|distant reading	https://openalex.org/W2998938469
Cultural Analytics	2371-4549	比較：計量・DH系	2020	article	Annotating Narrative Levels: Review of Guideline No. 7	https://doi.org/10.22148/16.063	computational literary|digital humanities	https://openalex.org/W4255826375
Cultural Analytics	2371-4549	比較：計量・DH系	2020	article	Annotating Narrative Levels: Review of Guideline No. 6	https://doi.org/10.22148/001c.11774	computational literary	https://openalex.org/W3003077735
Cultural Analytics	2371-4549	比較：計量・DH系	2020	article	Annotating Narrative Levels: Review of Guideline No. 6	https://doi.org/10.22148/16.062	computational literary	https://openalex.org/W4245900432
Cultural Analytics	2371-4549	比較：計量・DH系	2020	article	A Computational Approach to Urban Space in Science Fiction	https://doi.org/10.22148/001c.18120	computational literary|digital humanities|topic model	https://openalex.org/W3106923209
Cultural Analytics	2371-4549	比較：計量・DH系	2019	article	Visual Style in Two Network Era Sitcoms	https://doi.org/10.22148/16.043	digital humanities|distant reading	https://openalex.org/W2962933257
Cultural Analytics	2371-4549	比較：計量・DH系	2019	article	Towards A Queer Futurity of Data	https://doi.org/10.22148/16.038	text mining|topic model	https://openalex.org/W2945654368
Cultural Analytics	2371-4549	比較：計量・DH系	2019	article	The Carceral Archive: Documentary Records, Narrative Construction, and Predictive Risk Assessment	https://doi.org/10.22148/16.039	text mining	https://openalex.org/W2963370929
Cultural Analytics	2371-4549	比較：計量・DH系	2019	article	The Canon of Dutch Literature According to Google	https://doi.org/10.22148/16.046	computational literary	https://openalex.org/W2977975511
Cultural Analytics	2371-4549	比較：計量・DH系	2019	article	TED Talks as Data	https://doi.org/10.22148/16.042	computational literary|digital humanities|topic model	https://openalex.org/W2962827351
Cultural Analytics	2371-4549	比較：計量・DH系	2019	article	Social Characters: The Hierarchy of Gender in Contemporary English-Language Fiction	https://doi.org/10.22148/16.032	computational literary|digital humanities	https://openalex.org/W2913116882
Cultural Analytics	2371-4549	比較：計量・DH系	2019	article	Performative Data: Cultures of Government Data Practice	https://doi.org/10.22148/16.045	topic model	https://openalex.org/W2968503355
Cultural Analytics	2371-4549	比較：計量・DH系	2019	article	Foreword to the Special Issue “A Shared Task for the Digital Humanities: Annotating Narrative Levels”	https://doi.org/10.22148/16.047	digital humanities	https://openalex.org/W2986349701
Cultural Analytics	2371-4549	比較：計量・DH系	2019	article	Difficult Heritage and the Complexities of Indigenous Data	https://doi.org/10.22148/16.044	digital humanities	https://openalex.org/W2968217872
Cultural Analytics	2371-4549	比較：計量・DH系	2019	article	De-Agentializing Data Practices: The Shifting Power of Metaphor in 1990s Discourses on Data Mining	https://doi.org/10.22148/16.037	text mining|topic model	https://openalex.org/W2945313780
Cultural Analytics	2371-4549	比較：計量・DH系	2019	article	Data Is the New What? Popular Metaphors &amp;amp; Professional Ethics in Emerging Data Culture	https://doi.org/10.22148/16.036	text mining|topic model	https://openalex.org/W2942659792
Cultural Analytics	2371-4549	比較：計量・DH系	2019	article	Data Cultures, Culture as Data – Special Issue of Cultural Analytics	https://doi.org/10.22148/16.035	digital humanities|topic model	https://openalex.org/W2993740281
Cultural Analytics	2371-4549	比較：計量・DH系	2019	article	Could Fiction Have an Information History? Statistical Probability and the Rise of the Novel	https://doi.org/10.22148/16.033	computational literary|digital humanities|distant reading|text mining|topic model	https://openalex.org/W2915547389
Cultural Analytics	2371-4549	比較：計量・DH系	2019	article	Annotation Guideline No. 4: Annotating Narrative Levels in Literature	https://doi.org/10.22148/16.055	digital humanities|distant reading	https://openalex.org/W2992775586
Cultural Analytics	2371-4549	比較：計量・DH系	2019	article	Annotation Guideline No. 1: Narrative Boundaries Annotation Guide	https://doi.org/10.22148/16.051	distant reading	https://openalex.org/W2990468116
Cultural Analytics	2371-4549	比較：計量・DH系	2019	article	A Shared Task for the Digital Humanities Chapter 3: Description of Submitted Guidelines and Final Evaluation Results	https://doi.org/10.22148/16.050	computational literary|digital humanities	https://openalex.org/W2985974955
Cultural Analytics	2371-4549	比較：計量・DH系	2019	article	A Shared Task for the Digital Humanities Chapter 2: Evaluating Annotation Guidelines	https://doi.org/10.22148/16.049	computational literary|digital humanities|distant reading	https://openalex.org/W2988314392
Cultural Analytics	2371-4549	比較：計量・DH系	2019	article	A Shared Task for the Digital Humanities Chapter 1: Introduction to Annotation, Narrative Levels and Shared Tasks	https://doi.org/10.22148/16.048	computational literary|digital humanities|text mining|topic model	https://openalex.org/W2985141934
Cultural Analytics	2371-4549	比較：計量・DH系	2019	article	A BLAST-based, Language-agnostic Text Reuse Algorithm with a MARKUS Implementation and Sequence Alignment Optimized for Large Chinese Corpora	https://doi.org/10.22148/16.034	computational literary|digital humanities|distant reading	https://openalex.org/W3005998127
Cultural Analytics	2371-4549	比較：計量・DH系	2018	article	Self-Repetition and East-Asian Literary Modernity, 1900-1930	https://doi.org/10.22148/16.023	computational literary|digital humanities|topic model	https://openalex.org/W4238260853
Cultural Analytics	2371-4549	比較：計量・DH系	2018	article	Image Analytics and the Nineteenth-Century Illustrated Newspaper	https://doi.org/10.22148/16.026	computational literary|digital humanities|distant reading|text mining	https://openalex.org/W2898247218
Cultural Analytics	2371-4549	比較：計量・DH系	2018	article	Historiography’s Two Voices: Data Infrastructure and History at Scale in the Oxford Dictionary of National Biography (ODNB)	https://doi.org/10.22148/16.028	computational literary|digital humanities|distant reading	https://openalex.org/W2931020970
Cultural Analytics	2371-4549	比較：計量・DH系	2018	article	Beyond Poet Voice: Sampling the (Non-) Performance Styles of 100 American Poets	https://doi.org/10.22148/11039	computational literary|digital humanities|distant reading|topic model	https://openalex.org/W7140893723
Cultural Analytics	2371-4549	比較：計量・DH系	2017	article	Towards a Poetics of Strangeness: Experiments in Classifying Language of Technological Novelty	https://doi.org/10.22148/16.015	computational literary|digital humanities	https://openalex.org/W2751480313
Cultural Analytics	2371-4549	比較：計量・DH系	2017	article	Topic Modeling, Epistemology, and the English and German Novel	https://doi.org/10.22148/16.014	topic model	https://openalex.org/W4242882238
Cultural Analytics	2371-4549	比較：計量・DH系	2017	article	Topic Modeling the Hàn diăn Ancient Classics (汉典古籍)	https://doi.org/10.22148/001c.11882	computational literary|digital humanities|distant reading|topic model	https://openalex.org/W3004478131
Cultural Analytics	2371-4549	比較：計量・DH系	2017	article	Topic Modeling the Hàn diăn Ancient Classics	https://doi.org/10.22148/16.016	topic model	https://openalex.org/W2593276484
Cultural Analytics	2371-4549	比較：計量・DH系	2017	article	The Migrant Letter Digitised: Visualising Metadata	https://doi.org/10.22148/16.013	digital humanities	https://openalex.org/W2601984134
Cultural Analytics	2371-4549	比較：計量・DH系	2017	article	From Reproducible to Productive	https://doi.org/10.22148/001c.11821	computational literary|digital humanities|topic model	https://openalex.org/W3003556322
Cultural Analytics	2371-4549	比較：計量・DH系	2016	article	The Science of Culture? Social Computing, Digital Humanities and Cultural Analytics	https://doi.org/10.22148/16.004	digital humanities	https://openalex.org/W2401667852
Cultural Analytics	2371-4549	比較：計量・DH系	2016	article	The Life Cycles of Genres	https://doi.org/10.22148/16.005	computational literary|digital humanities|distant reading|text mining	https://openalex.org/W2500585446
Cultural Analytics	2371-4549	比較：計量・DH系	2016	article	Other people's data: humanities edition	https://doi.org/10.22148/001c.11822	computational literary|digital humanities|topic model	https://openalex.org/W3004383240
Digital Scholarship in the Humanities	2055-7671	比較：DH専門誌	2025	article	Who wrote <i>Els quaderns d’en Marc</i> ? A stylometric inquiry into twentieth-century Catalan popular literature	https://doi.org/10.1093/llc/fqaf096	stylometry	https://openalex.org/W4417182799
Digital Scholarship in the Humanities	2055-7671	比較：DH専門誌	2025	article	Who are the users in multilingual digital humanities?	https://doi.org/10.1093/llc/fqaf091	digital humanities	https://openalex.org/W4414532283
Digital Scholarship in the Humanities	2055-7671	比較：DH専門誌	2025	article	Topic counts and quality in topic models for historic corpora	https://doi.org/10.1093/llc/fqaf150	topic model	https://openalex.org/W7124137331
Digital Scholarship in the Humanities	2055-7671	比較：DH専門誌	2025	article	The specter of the virtual: historical video games as complex public history	https://doi.org/10.1093/llc/fqaf122	computational literary|digital humanities	https://openalex.org/W4416211723
Digital Scholarship in the Humanities	2055-7671	比較：DH専門誌	2025	article	The ongoing birth of the narrator: empirical evidence for the emergence of the author–narrator distinction in literary criticism	https://doi.org/10.1093/llc/fqaf013	computational literary	https://openalex.org/W4408463770
Digital Scholarship in the Humanities	2055-7671	比較：DH専門誌	2025	article	The most important affairs of the state are sacrifice and war: digital visualization of the scattered early Zhou epics in the <i>Book of Songs</i>	https://doi.org/10.1093/llc/fqaf027	text mining	https://openalex.org/W4409033410
Digital Scholarship in the Humanities	2055-7671	比較：DH専門誌	2025	article	The institutional repertoire in the hands of ordinary readers: a quantitative analysis of the impact of works from the French and Portuguese school canons on Goodreads	https://doi.org/10.1093/llc/fqaf130	computational literary|digital humanities|topic model	https://openalex.org/W4416834434
Digital Scholarship in the Humanities	2055-7671	比較：DH専門誌	2025	article	The geography of tragedy: mapping allusions to places in a set of Shakespearean plays	https://doi.org/10.1093/llc/fqaf055	digital humanities	https://openalex.org/W4412383760
Digital Scholarship in the Humanities	2055-7671	比較：DH専門誌	2025	article	The construction of thematic platforms for Chinese old maps: a global overview	https://doi.org/10.1093/llc/fqaf004	digital humanities	https://openalex.org/W4407676467
Digital Scholarship in the Humanities	2055-7671	比較：DH専門誌	2025	article	Text mining Nahdawi discourses: topic modeling Taha Hussein’s reformist legacy	https://doi.org/10.1093/llc/fqaf085	computational literary|digital humanities|text mining|topic model	https://openalex.org/W4414140961
Digital Scholarship in the Humanities	2055-7671	比較：DH専門誌	2025	article	Tech-empowered equity: advancing linguistic justice through digital scholarship	https://doi.org/10.1093/llc/fqaf007	digital humanities	https://openalex.org/W4408141280
Digital Scholarship in the Humanities	2055-7671	比較：DH専門誌	2025	article	Taken for granted? Investigating constructivist principles with Bayes’ theorem in Digital Humanities scholarship	https://doi.org/10.1093/llc/fqaf063	digital humanities	https://openalex.org/W4412713487
Digital Scholarship in the Humanities	2055-7671	比較：DH専門誌	2025	article	Special issue: “Digital Humanities 2022: Responding to Asian Diversity”	https://doi.org/10.1093/llc/fqae077	digital humanities	https://openalex.org/W4406306139
Digital Scholarship in the Humanities	2055-7671	比較：DH専門誌	2025	article	Sibling-texts keyword analysis: exploring topic and register keywords	https://doi.org/10.1093/llc/fqaf037	computational literary|digital humanities|distant reading|topic model	https://openalex.org/W4410458440
Digital Scholarship in the Humanities	2055-7671	比較：DH専門誌	2025	article	Revolution or evolution? AI-driven retrieval of nature representations in historical prints	https://doi.org/10.1093/llc/fqaf082	digital humanities	https://openalex.org/W4414043201
Digital Scholarship in the Humanities	2055-7671	比較：DH専門誌	2025	article	Representing provenance and track changes of cultural heritage metadata in RDF: a survey of existing approaches	https://doi.org/10.1093/llc/fqaf076	digital humanities	https://openalex.org/W4412776517
Digital Scholarship in the Humanities	2055-7671	比較：DH専門誌	2025	article	Report on the Development of Digital Humanities in China (first volume) （Zhongguo Shuzi Renwen Fazhan Baogao (Diyiji)). Huiling Feng	https://doi.org/10.1093/llc/fqaf078	digital humanities	https://openalex.org/W4413859341
Digital Scholarship in the Humanities	2055-7671	比較：DH専門誌	2025	article	Reframing human–AI relations in Japanese robot anime: a sociopolitical and thematic analysis	https://doi.org/10.1093/llc/fqaf136	digital humanities	https://openalex.org/W4417088088
Digital Scholarship in the Humanities	2055-7671	比較：DH専門誌	2025	article	Reading the unreadable: creating a dataset of 19th century English newspapers using image-to-text language models	https://doi.org/10.1093/llc/fqaf151	topic model	https://openalex.org/W7117878628
Digital Scholarship in the Humanities	2055-7671	比較：DH専門誌	2025	article	Pre-digitally decoded alice’s adventures: an early record of readability computations	https://doi.org/10.1093/llc/fqaf146	computational literary	https://openalex.org/W7117867086
Digital Scholarship in the Humanities	2055-7671	比較：DH専門誌	2025	article	Plume de nom: an experimental approach to handwriting analysis using OCR technology	https://doi.org/10.1093/llc/fqaf030	digital humanities	https://openalex.org/W4410842900
Digital Scholarship in the Humanities	2055-7671	比較：DH専門誌	2025	article	Opening the black box of EEBO	https://doi.org/10.1093/llc/fqaf086	topic model	https://openalex.org/W4416099651
Digital Scholarship in the Humanities	2055-7671	比較：DH専門誌	2025	article	On proximity—exploring experiences of bias and discrimination in digital humanities	https://doi.org/10.1093/llc/fqaf092	digital humanities|distant reading|topic model	https://openalex.org/W4415048791
Digital Scholarship in the Humanities	2055-7671	比較：DH専門誌	2025	article	On audiences’ feelings and needs of <i>Hero</i> : a digital-intelligent humanities perspective	https://doi.org/10.1093/llc/fqaf098	digital humanities	https://openalex.org/W4414346260
Digital Scholarship in the Humanities	2055-7671	比較：DH専門誌	2025	article	Movers and haters: dynamic network visualization and analysis of an historical French controversy	https://doi.org/10.1093/llc/fqaf090	distant reading	https://openalex.org/W7124166972
Digital Scholarship in the Humanities	2055-7671	比較：DH専門誌	2025	article	Modern Manuscripts and the Pre-History of Digital Humanities: Paper Processors. Alex Christie	https://doi.org/10.1093/llc/fqaf107	digital humanities	https://openalex.org/W4414794330
Digital Scholarship in the Humanities	2055-7671	比較：DH専門誌	2025	article	Mind the gap: word-embedding and multi-layered literary networks	https://doi.org/10.1093/llc/fqaf112	computational literary	https://openalex.org/W4416133425
Digital Scholarship in the Humanities	2055-7671	比較：DH専門誌	2025	article	Metricizing diaspora dualities: a comparative quantitative analysis of poetry and prose in Southeast Asian Chinese literature	https://doi.org/10.1093/llc/fqaf094	computational literary|digital humanities	https://openalex.org/W7117141194
Digital Scholarship in the Humanities	2055-7671	比較：DH専門誌	2025	article	Measuring sounds from the East: digital approaches to commonality and specificity in Chinese Mandarin pop lyrics	https://doi.org/10.1093/llc/fqaf155	topic model	https://openalex.org/W7119534995
Digital Scholarship in the Humanities	2055-7671	比較：DH専門誌	2025	article	Marked sound: rhetorical listening and the affordances of digital annotation	https://doi.org/10.1093/llc/fqaf129	digital humanities	https://openalex.org/W4416731882
Digital Scholarship in the Humanities	2055-7671	比較：DH専門誌	2025	article	Mapping the intersection of digital technologies and humanities: a multidisciplinary scoping review of the digital humanities movement in Thailand	https://doi.org/10.1093/llc/fqaf117	digital humanities	https://openalex.org/W4415283267
Digital Scholarship in the Humanities	2055-7671	比較：DH専門誌	2025	article	Making(s) of DH journeys in India: notes from the field	https://doi.org/10.1093/llc/fqaf062	computational literary|digital humanities|text mining	https://openalex.org/W4413432887
Digital Scholarship in the Humanities	2055-7671	比較：DH専門誌	2025	article	Making trans-regional, cross-platform streaming catalogues a reality: Arguing for linked SVOD open data	https://doi.org/10.1093/llc/fqaf149	digital humanities	https://openalex.org/W7117596660
Digital Scholarship in the Humanities	2055-7671	比較：DH専門誌	2025	article	MEHDIE: the Middle East Heritage Data Integration Endeavor	https://doi.org/10.1093/llc/fqaf111	digital humanities	https://openalex.org/W4412211637
Digital Scholarship in the Humanities	2055-7671	比較：DH専門誌	2025	article	Literary Simulation and the Digital Humanities: Reading, Editing, Writing. Manuel Portela	https://doi.org/10.1093/llc/fqaf022	digital humanities	https://openalex.org/W4408178930
Digital Scholarship in the Humanities	2055-7671	比較：DH専門誌	2025	article	Linked Data for Digital Humanities. Terhi Nurmikko-Fuller	https://doi.org/10.1093/llc/fqaf057	digital humanities	https://openalex.org/W4412131006
Digital Scholarship in the Humanities	2055-7671	比較：DH専門誌	2025	article	Leveraging generative AI through prompt engineering for corpus construction and in-depth intelligent interpretation of ancient texts	https://doi.org/10.1093/llc/fqaf043	digital humanities	https://openalex.org/W4411686564
Digital Scholarship in the Humanities	2055-7671	比較：DH専門誌	2025	article	Language in times of COVID-19: lexical and morphopragmatic analyses of two Austrian media corpora	https://doi.org/10.1093/llc/fqaf064	digital humanities	https://openalex.org/W4413072535
Digital Scholarship in the Humanities	2055-7671	比較：DH専門誌	2025	article	Improving topic modeling for literary studies: a hybrid model combined with Word2Vec visualization in the case of <i>Robinson Crusoe</i>	https://doi.org/10.1093/llc/fqaf002	topic model	https://openalex.org/W4407397900
Digital Scholarship in the Humanities	2055-7671	比較：DH専門誌	2025	article	Iconicity in large language models	https://doi.org/10.1093/llc/fqaf095	computational literary|topic model	https://openalex.org/W4414370377
Digital Scholarship in the Humanities	2055-7671	比較：DH専門誌	2025	article	How to find a parallel gloss: applying DNA-sequencing methods on early medieval gloss corpora	https://doi.org/10.1093/llc/fqaf070	computational literary|digital humanities|distant reading|topic model	https://openalex.org/W4412801544
Digital Scholarship in the Humanities	2055-7671	比較：DH専門誌	2025	article	How inquisitive was medieval inquisition? A network-analytical approach to information flow in the trials for Brandenburg-Pomeranian Waldensians (late 14th c.)	https://doi.org/10.1093/llc/fqaf138	digital humanities|distant reading	https://openalex.org/W7117300778
Digital Scholarship in the Humanities	2055-7671	比較：DH専門誌	2025	article	Historical parliamentary corpora: the Carniolan provincial assembly records	https://doi.org/10.1093/llc/fqaf068	digital humanities|topic model	https://openalex.org/W4412439895
Digital Scholarship in the Humanities	2055-7671	比較：DH専門誌	2025	article	Historical analysis using topic modelling: insights from Khevenhüller’s diary 1742–76	https://doi.org/10.1093/llc/fqaf036	topic model	https://openalex.org/W4410080969
Digital Scholarship in the Humanities	2055-7671	比較：DH専門誌	2025	article	Graph schema validation at last? Work towards a StemmaREST ontology with Neo4J, RDF-STAR, and SHACL	https://doi.org/10.1093/llc/fqaf067	computational literary|digital humanities	https://openalex.org/W4412655184
Digital Scholarship in the Humanities	2055-7671	比較：DH専門誌	2025	article	From theoretical texts to concept maps: an annotation approach for a distant reading of argumentative text structures	https://doi.org/10.1093/llc/fqaf089	distant reading	https://openalex.org/W4414347808
Digital Scholarship in the Humanities	2055-7671	比較：DH専門誌	2025	article	From romance to reality: lexical and topic evolution in Chinese popular lyrics through digital humanities approaches	https://doi.org/10.1093/llc/fqaf148	digital humanities|topic model	https://openalex.org/W7124176709
Digital Scholarship in the Humanities	2055-7671	比較：DH専門誌	2025	article	From coin to data: the impact of object detection on digital numismatics	https://doi.org/10.1093/llc/fqaf046	digital humanities	https://openalex.org/W4411318794
Digital Scholarship in the Humanities	2055-7671	比較：DH専門誌	2025	article	Exploring the cross-cultural influence of song Jiangnan Chan Buddhist poetry on Goryeo Han poetry through text visualization	https://doi.org/10.1093/llc/fqaf144	text mining|topic model	https://openalex.org/W7118406133
Digital Scholarship in the Humanities	2055-7671	比較：DH専門誌	2025	article	Exploring the application of artificial intelligence in English literary criticism: a Delphi and AHP-based thematic analysis	https://doi.org/10.1093/llc/fqaf132	digital humanities|stylometry	https://openalex.org/W7127575678
Digital Scholarship in the Humanities	2055-7671	比較：DH専門誌	2025	article	Enriching exhibition scholarship	https://doi.org/10.1093/llc/fqaf074	digital humanities|text mining|topic model	https://openalex.org/W4416055328
Digital Scholarship in the Humanities	2055-7671	比較：DH専門誌	2025	article	Enhancing research and teaching capacity through collaboration: building a UK–Ireland Digital Humanities Association	https://doi.org/10.1093/llc/fqaf080	digital humanities|topic model	https://openalex.org/W4416060091
Digital Scholarship in the Humanities	2055-7671	比較：DH専門誌	2025	article	Early modern translation and the digital humanities. Hilary Brown, Regina Toepfer, and Jörg Wesche (eds.)	https://doi.org/10.1093/llc/fqaf153	digital humanities	https://openalex.org/W7122524080
Digital Scholarship in the Humanities	2055-7671	比較：DH専門誌	2025	article	Distant reading of Soviet diaries	https://doi.org/10.1093/llc/fqaf038	distant reading|topic model	https://openalex.org/W4410700100
Digital Scholarship in the Humanities	2055-7671	比較：DH専門誌	2025	article	Digital humanities approach to analyzing the roles and military power of Supreme Commanders and Grand Coordinators in the Ming Dynasty: a computational analysis of Ming Shilu	https://doi.org/10.1093/llc/fqaf024	digital humanities	https://openalex.org/W4410731574
Digital Scholarship in the Humanities	2055-7671	比較：DH専門誌	2025	article	Digital humanities and social justice: a case-based approach	https://doi.org/10.1093/llc/fqaf066	digital humanities|topic model	https://openalex.org/W4414365795
Digital Scholarship in the Humanities	2055-7671	比較：DH専門誌	2025	article	Digital debating cultures: communicative practices on Reddit	https://doi.org/10.1093/llc/fqaf005	digital humanities	https://openalex.org/W4407869496
Digital Scholarship in the Humanities	2055-7671	比較：DH専門誌	2025	article	Detecting authorship between generative AI models and humans: a Burrows’s Delta approach	https://doi.org/10.1093/llc/fqaf048	stylometry	https://openalex.org/W4411224928
Digital Scholarship in the Humanities	2055-7671	比較：DH専門誌	2025	article	Decomposing dependency analysis: revisiting the relation between annotation scheme and structure-based textual measures	https://doi.org/10.1093/llc/fqaf003	digital humanities	https://openalex.org/W4406877718
Digital Scholarship in the Humanities	2055-7671	比較：DH専門誌	2025	article	Cultural Analytics and the Politics of Representation: Mapping the Jewish Presence in Egypt’s al-Risālah (1933–1953)	https://doi.org/10.1093/llc/fqaf114	digital humanities|distant reading	https://openalex.org/W4416196077
Digital Scholarship in the Humanities	2055-7671	比較：DH専門誌	2025	article	Crossing linguistic frontiers: a digital comparative analysis of Eliot’s and Machado’s poetic evolution	https://doi.org/10.1093/llc/fqaf147	topic model	https://openalex.org/W7154594266
Digital Scholarship in the Humanities	2055-7671	比較：DH専門誌	2025	article	Construction and application of knowledge graph in digital humanities: a case study of Qiaokan	https://doi.org/10.1093/llc/fqaf042	digital humanities	https://openalex.org/W4412097369
Digital Scholarship in the Humanities	2055-7671	比較：DH専門誌	2025	article	Consensus communities: emergent literary communities and the challenge to genre	https://doi.org/10.1093/llc/fqaf139	computational literary|digital humanities|distant reading|topic model	https://openalex.org/W4417073820
Digital Scholarship in the Humanities	2055-7671	比較：DH専門誌	2025	article	Comparative analysis of classics book review data created by users across Douban and Goodreads	https://doi.org/10.1093/llc/fqaf084	computational literary|digital humanities|text mining|topic model	https://openalex.org/W4414348094
Digital Scholarship in the Humanities	2055-7671	比較：DH専門誌	2025	article	Classification of Saikaku’s works using topic modelling	https://doi.org/10.1093/llc/fqaf061	topic model	https://openalex.org/W4412406565
Digital Scholarship in the Humanities	2055-7671	比較：DH専門誌	2025	article	ChisNERE: a premodern Chinese corpus with named entity and relation annotation	https://doi.org/10.1093/llc/fqaf001	digital humanities	https://openalex.org/W4408139881
Digital Scholarship in the Humanities	2055-7671	比較：DH専門誌	2025	article	ChatGPT as speechwriter for the French presidents	https://doi.org/10.1093/llc/fqaf032	digital humanities|stylometry|topic model	https://openalex.org/W4409786997
Digital Scholarship in the Humanities	2055-7671	比較：DH専門誌	2025	article	Challenges and solutions for the digital edition and geocoding of an 18th-century encyclopedia: the <i>Diccionario histórico-geográfico de las Indias Occidentales</i>	https://doi.org/10.1093/llc/fqaf083	digital humanities	https://openalex.org/W4414714570
Digital Scholarship in the Humanities	2055-7671	比較：DH専門誌	2025	article	Can machine translation of literary texts fool stylometry?	https://doi.org/10.1093/llc/fqaf010	stylometry	https://openalex.org/W4407847151
Digital Scholarship in the Humanities	2055-7671	比較：DH専門誌	2025	article	Can digital humanities use microwork crowdsourcing in a fair manner? The effect of pedagogical training and multimodal instructions on annotation quality	https://doi.org/10.1093/llc/fqaf110	digital humanities	https://openalex.org/W4415531536
Digital Scholarship in the Humanities	2055-7671	比較：DH専門誌	2025	article	Beyond the surface: stylometric analysis of GPT-4o’s capacity for literary style imitation	https://doi.org/10.1093/llc/fqaf035	computational literary|digital humanities|stylometry|topic model	https://openalex.org/W4409721188
Digital Scholarship in the Humanities	2055-7671	比較：DH専門誌	2025	article	Applying (semi-)automatic metadata to early modern normative texts. Annif and <i>Policeygesetzgebung</i> from the City-State of Bern (1528–1798)	https://doi.org/10.1093/llc/fqaf072	digital humanities|text mining	https://openalex.org/W4414453494
Digital Scholarship in the Humanities	2055-7671	比較：DH専門誌	2025	article	Addressing TikTok’s multimodal complexity: a multi-level annotation scheme for the audio-visual design of short video content	https://doi.org/10.1093/llc/fqaf047	digital humanities|topic model	https://openalex.org/W4411717334
Digital Scholarship in the Humanities	2055-7671	比較：DH専門誌	2025	article	A bibliographic database of Chinese translations of foreign literature in modern periodicals (1896–1949)	https://doi.org/10.1093/llc/fqaf126	computational literary|digital humanities	https://openalex.org/W4416255083
Digital Scholarship in the Humanities	2055-7671	比較：DH専門誌	2025	article	A Dunhuang mural restoration network based on mask guidance and Transformer architecture	https://doi.org/10.1093/llc/fqaf044	digital humanities	https://openalex.org/W4410979438
Digital Scholarship in the Humanities	2055-7671	比較：DH専門誌	2025	article	<i>Hellenophones</i> or <i>barbarophones</i> ? Assessing Pamphylian intelligibility through the Levenshtein algorithm	https://doi.org/10.1093/llc/fqaf119	computational literary|distant reading	https://openalex.org/W4416211717
Digital Scholarship in the Humanities	2055-7671	比較：DH専門誌	2024	article	Who wrote the first <i>Constitutions</i> of Freemasonry?	https://doi.org/10.1093/llc/fqae023	computational literary|digital humanities|stylometry|text mining|topic model	https://openalex.org/W4399262523
Digital Scholarship in the Humanities	2055-7671	比較：DH専門誌	2024	article	What drives non-linguists’ hands (or mouse) when drawing mental dialect maps?	https://doi.org/10.1093/llc/fqae003	topic model	https://openalex.org/W4392187099
Digital Scholarship in the Humanities	2055-7671	比較：DH専門誌	2024	article	Using scalable vector graphics in medieval Latin palaeography: new approaches, new conversations	https://doi.org/10.1093/llc/fqae058	computational literary|digital humanities|distant reading	https://openalex.org/W4402904922
Digital Scholarship in the Humanities	2055-7671	比較：DH専門誌	2024	article	Using ontology to model time description in historical Chinese texts	https://doi.org/10.1093/llc/fqad092	digital humanities	https://openalex.org/W4390718172
Digital Scholarship in the Humanities	2055-7671	比較：DH専門誌	2024	article	Using digital humanities in the classroom: a practical introduction for teachers, lecturers, and students. Claire Battershill and Shawna Ross	https://doi.org/10.1093/llc/fqae067	digital humanities	https://openalex.org/W4404127600
Digital Scholarship in the Humanities	2055-7671	比較：DH専門誌	2024	article	Using deep learning to analyse the times of the UN Security Council	https://doi.org/10.1093/llc/fqae009	computational literary|digital humanities|stylometry|text mining|topic model	https://openalex.org/W4392286352
Digital Scholarship in the Humanities	2055-7671	比較：DH専門誌	2024	article	Unsigned play by Milan Kundera? An authorship attribution study	https://doi.org/10.1093/llc/fqad109	computational literary|digital humanities|stylometry|topic model	https://openalex.org/W4390731998
Digital Scholarship in the Humanities	2055-7671	比較：DH専門誌	2024	article	Understanding poetry using natural language processing tools: a survey	https://doi.org/10.1093/llc/fqae001	computational literary|digital humanities|distant reading|text mining	https://openalex.org/W4391592204
Digital Scholarship in the Humanities	2055-7671	比較：DH専門誌	2024	article	Towards a ‘synergy’ of text mining and critical discourse analysis: a corpus-assisted discourse study of imagining China in Hong Kong political discourse	https://doi.org/10.1093/llc/fqae010	text mining	https://openalex.org/W4393265063
Digital Scholarship in the Humanities	2055-7671	比較：DH専門誌	2024	article	Topic modelling literary interviews from <i>The Paris Review</i>	https://doi.org/10.1093/llc/fqad098	computational literary|digital humanities|distant reading|text mining|topic model	https://openalex.org/W4390718119
Digital Scholarship in the Humanities	2055-7671	比較：DH専門誌	2024	article	The Digital Humanities and Literary Studies. Martin Paul Eve	https://doi.org/10.1093/llc/fqad095	digital humanities	https://openalex.org/W4390696511
Digital Scholarship in the Humanities	2055-7671	比較：DH専門誌	2024	article	Tang Chang’an poetry automatic classification: a practical application of deep learning methods	https://doi.org/10.1093/llc/fqae014	computational literary|digital humanities	https://openalex.org/W4393924751
Digital Scholarship in the Humanities	2055-7671	比較：DH専門誌	2024	article	Stylometry at the service of history of science: the Renaissance of Copernicus	https://doi.org/10.1093/llc/fqae085	digital humanities|stylometry	https://openalex.org/W4405844657
Digital Scholarship in the Humanities	2055-7671	比較：DH専門誌	2024	article	Social network analysis of the Babylonian Talmud	https://doi.org/10.1093/llc/fqae037	digital humanities	https://openalex.org/W4400801448
Digital Scholarship in the Humanities	2055-7671	比較：DH専門誌	2024	article	Social group identities and semantic domains in the ancient Near East	https://doi.org/10.1093/llc/fqae041	digital humanities	https://openalex.org/W4401674992
Digital Scholarship in the Humanities	2055-7671	比較：DH専門誌	2024	article	Semantic precision: crafting RDF-based digital editions for unveiling the layers of historical correspondence	https://doi.org/10.1093/llc/fqae027	computational literary|digital humanities|topic model	https://openalex.org/W4399467338
Digital Scholarship in the Humanities	2055-7671	比較：DH専門誌	2024	article	Retractions in arts and humanities: an analysis of the retraction notices	https://doi.org/10.1093/llc/fqad093	topic model	https://openalex.org/W4392928723
Digital Scholarship in the Humanities	2055-7671	比較：DH専門誌	2024	article	Representation of migrant workers in Chinese newspapers: combining topic modeling and critical discourse analysis	https://doi.org/10.1093/llc/fqae062	topic model	https://openalex.org/W4403363566
Digital Scholarship in the Humanities	2055-7671	比較：DH専門誌	2024	article	Post-Postmodernist Fiction and The Rise of Digital Epitexts. Virginia Pignagnoli	https://doi.org/10.1093/llc/fqae044	digital humanities	https://openalex.org/W4401903299
Digital Scholarship in the Humanities	2055-7671	比較：DH専門誌	2024	article	Ontology-based knowledge representation for traditional martial arts	https://doi.org/10.1093/llc/fqae005	digital humanities	https://openalex.org/W4391686126
Digital Scholarship in the Humanities	2055-7671	比較：DH専門誌	2024	article	Networks as interpretative frameworks: using co-citation analysis to explore large corpora of early modern letters	https://doi.org/10.1093/llc/fqad086	distant reading|text mining|topic model	https://openalex.org/W4390630142
Digital Scholarship in the Humanities	2055-7671	比較：DH専門誌	2024	article	Multilingual Digital Humanities. Lorella Viola and Paul Spence	https://doi.org/10.1093/llc/fqae043	digital humanities	https://openalex.org/W4401842413
Digital Scholarship in the Humanities	2055-7671	比較：DH専門誌	2024	article	Modes of Composition and the Durability of Style in Literature. David L. Hoover	https://doi.org/10.1093/llc/fqad105	digital humanities	https://openalex.org/W4390646074
Digital Scholarship in the Humanities	2055-7671	比較：DH専門誌	2024	article	Mining themes, emotions, and stance in the news coverage of the Russia–Ukraine War from Reuters and Xinhua	https://doi.org/10.1093/llc/fqae015	text mining	https://openalex.org/W4393905983
Digital Scholarship in the Humanities	2055-7671	比較：DH専門誌	2024	article	Measuring the semantic headedness of English blends with token-based semantic vector space modeling: a corpus-based study	https://doi.org/10.1093/llc/fqae050	distant reading	https://openalex.org/W4403240944
Digital Scholarship in the Humanities	2055-7671	比較：DH専門誌	2024	article	Mapping Germanness in early 20th century USA: topic modeling and GIS within a small corpus framework	https://doi.org/10.1093/llc/fqad102	digital humanities|topic model	https://openalex.org/W4390718229
Digital Scholarship in the Humanities	2055-7671	比較：DH専門誌	2024	article	Literary Digital Stylistics in Translation Studies. Anna Maria Cipriani	https://doi.org/10.1093/llc/fqae025	digital humanities	https://openalex.org/W4396747981
Digital Scholarship in the Humanities	2055-7671	比較：DH専門誌	2024	article	Identifying power relationships in conversations: the case of Pygmalion	https://doi.org/10.1093/llc/fqae053	digital humanities	https://openalex.org/W4402829269
Digital Scholarship in the Humanities	2055-7671	比較：DH専門誌	2024	article	Gender relations in Spanish theatre during the Silver Age: a quantitative comparison of works in the <i>Spanish Drama Corpus</i>	https://doi.org/10.1093/llc/fqae007	digital humanities	https://openalex.org/W4392191528
Digital Scholarship in the Humanities	2055-7671	比較：DH専門誌	2024	article	From past to future: digital methods towards artefact analysis	https://doi.org/10.1093/llc/fqae057	computational literary|digital humanities|topic model	https://openalex.org/W4403445721
Digital Scholarship in the Humanities	2055-7671	比較：DH専門誌	2024	article	From parliamentary history to digital and computational history: a NLP-friendly TEI model for historical parliamentary proceedings	https://doi.org/10.1093/llc/fqae071	digital humanities|distant reading|topic model	https://openalex.org/W4403625377
Digital Scholarship in the Humanities	2055-7671	比較：DH専門誌	2024	article	False statements in Egan et al.’s defence of their word adjacency network method	https://doi.org/10.1093/llc/fqad106	digital humanities	https://openalex.org/W4390718126
Digital Scholarship in the Humanities	2055-7671	比較：DH専門誌	2024	article	Everyday memory: a computational analysis of changing relations between past and present in Dutch newspapers in the 20th century	https://doi.org/10.1093/llc/fqad099	digital humanities|text mining|topic model	https://openalex.org/W4392267629
Digital Scholarship in the Humanities	2055-7671	比較：DH専門誌	2024	article	Epistemic consequences of unfair tools	https://doi.org/10.1093/llc/fqad091	computational literary|digital humanities|text mining	https://openalex.org/W4391167121
Digital Scholarship in the Humanities	2055-7671	比較：DH専門誌	2024	article	Disentangling semantic and prosodic features of English poetry	https://doi.org/10.1093/llc/fqae008	computational literary|digital humanities	https://openalex.org/W4392185768
Digital Scholarship in the Humanities	2055-7671	比較：DH専門誌	2024	article	Digitizing the USPTO patent backfile	https://doi.org/10.1093/llc/fqad096	computational literary|digital humanities	https://openalex.org/W4390877776
Digital Scholarship in the Humanities	2055-7671	比較：DH専門誌	2024	article	Digital assemblages with AI for creative interpretation of short stories	https://doi.org/10.1093/llc/fqad050	digital humanities|distant reading|topic model	https://openalex.org/W4392498786
Digital Scholarship in the Humanities	2055-7671	比較：DH専門誌	2024	article	Digital Research Methods for Translation Studies. Julie McDonough Dolmaya	https://doi.org/10.1093/llc/fqae026	digital humanities	https://openalex.org/W4396781477
Digital Scholarship in the Humanities	2055-7671	比較：DH専門誌	2024	article	Digital Humanities and Modern Chinese Literature (Shuzi Renwen yu Zhonguo Xiandai Wenxue). He Wang	https://doi.org/10.1093/llc/fqad101	digital humanities	https://openalex.org/W4390531259
Digital Scholarship in the Humanities	2055-7671	比較：DH専門誌	2024	article	Dialect, Voice, and Identity in Chinese Translation: A Descriptive Study of Chinese Translations of Huckleberry Finn, Tess, and Pygmalion. Jing Yu	https://doi.org/10.1093/llc/fqae046	digital humanities	https://openalex.org/W4401842449
Digital Scholarship in the Humanities	2055-7671	比較：DH専門誌	2024	article	Defining digital humanities and examining its relationship with linguistics through the lens of <i>Digital Scholarship in the Humanities</i>	https://doi.org/10.1093/llc/fqae075	digital humanities	https://openalex.org/W4404745894
Digital Scholarship in the Humanities	2055-7671	比較：DH専門誌	2024	article	Data analytics for discourse analysis with Python—The case of therapy talk. Dennis Tay	https://doi.org/10.1093/llc/fqae060	digital humanities|text mining	https://openalex.org/W4403151573
Digital Scholarship in the Humanities	2055-7671	比較：DH専門誌	2024	article	Cross-linguistic authorship attribution and gender profiling. Machine translation as a method for bridging the language gap	https://doi.org/10.1093/llc/fqae028	computational literary|stylometry|text mining|topic model	https://openalex.org/W4399387278
Digital Scholarship in the Humanities	2055-7671	比較：DH専門誌	2024	article	Constructing a digital system of historical geographic information from the perspective of digital humanities: a case study of the historical geographic information database of Tibetan Buddhist monasteries	https://doi.org/10.1093/llc/fqad103	digital humanities	https://openalex.org/W4390719376
Digital Scholarship in the Humanities	2055-7671	比較：DH専門誌	2024	article	Code review in digital humanities	https://doi.org/10.1093/llc/fqae052	digital humanities	https://openalex.org/W4402969608
Digital Scholarship in the Humanities	2055-7671	比較：DH専門誌	2024	article	Are Digital Humanities platforms facilitating sufficient diversity in research? A study of the Transkribus Scholarship Programme	https://doi.org/10.1093/llc/fqae018	computational literary|digital humanities	https://openalex.org/W4394869822
Digital Scholarship in the Humanities	2055-7671	比較：DH専門誌	2024	article	Approaches to Digital Humanities Pedagogy: a systematic literature review within educational practice	https://doi.org/10.1093/llc/fqae054	computational literary|digital humanities|topic model	https://openalex.org/W4403970797
Digital Scholarship in the Humanities	2055-7671	比較：DH専門誌	2024	review	Ancient classical theatre from the digital humanities: a systematic review 2010–21	https://doi.org/10.1093/llc/fqae033	digital humanities	https://openalex.org/W4400161616
Digital Scholarship in the Humanities	2055-7671	比較：DH専門誌	2024	article	AGREE: a new benchmark for the evaluation of distributional semantic models of ancient Greek	https://doi.org/10.1093/llc/fqad087	digital humanities	https://openalex.org/W4390877971
Digital Scholarship in the Humanities	2055-7671	比較：DH専門誌	2024	article	A reply to Pervez Rizvi’s letter	https://doi.org/10.1093/llc/fqad107	digital humanities	https://openalex.org/W4390718233
Digital Scholarship in the Humanities	2055-7671	比較：DH専門誌	2024	article	<i>Contabilizar el comercio imperial</i>: analysis of early double-entry accounting books with TEI/DEPCHA	https://doi.org/10.1093/llc/fqae032	digital humanities	https://openalex.org/W4403573334
Digital Scholarship in the Humanities	2055-7671	比較：DH専門誌	2023	article	“I would I had that corporal soundness”: Pervez Rizvi's Analysis of the Word Adjacency Network Method of Authorship Attribution	https://doi.org/10.1093/llc/fqad032	digital humanities	https://openalex.org/W4367309719
Digital Scholarship in the Humanities	2055-7671	比較：DH専門誌	2023	article	Who could be behind QAnon? Authorship attribution with supervised machine-learning	https://doi.org/10.1093/llc/fqad061	computational literary|digital humanities|stylometry|text mining|topic model	https://openalex.org/W4387781257
Digital Scholarship in the Humanities	2055-7671	比較：DH専門誌	2023	article	When Translation Goes Digital: Case Studies and Critical Reflections. Renée Desjardins, Claire Larsonneur, and Philippe Lacour	https://doi.org/10.1093/llc/fqad009	digital humanities	https://openalex.org/W4323351956
Digital Scholarship in the Humanities	2055-7671	比較：DH専門誌	2023	article	What can digital humanities do for literary adaptation studies: distant reading of children’s editions of <i>Robinson Crusoe</i>	https://doi.org/10.1093/llc/fqad059	digital humanities|distant reading	https://openalex.org/W4387516744
Digital Scholarship in the Humanities	2055-7671	比較：DH専門誌	2023	article	Web archive analytics: Blind spots and silences in distant readings of the archived web	https://doi.org/10.1093/llc/fqad014	distant reading|topic model	https://openalex.org/W4366453415
Digital Scholarship in the Humanities	2055-7671	比較：DH専門誌	2023	article	Using Bayesian phylogenetics to infer manuscript transmission history	https://doi.org/10.1093/llc/fqad089	computational literary|digital humanities|distant reading	https://openalex.org/W4389903776
Digital Scholarship in the Humanities	2055-7671	比較：DH専門誌	2023	article	Unravelling interlanguage facts via explainable machine learning	https://doi.org/10.1093/llc/fqad019	computational literary|digital humanities|stylometry|text mining|topic model	https://openalex.org/W4363679240
Digital Scholarship in the Humanities	2055-7671	比較：DH専門誌	2023	article	Transmission problems? An embedded approach for unification of Latin prefixes and text variants during text matching	https://doi.org/10.1093/llc/fqad069	digital humanities|text mining	https://openalex.org/W4387516735
Digital Scholarship in the Humanities	2055-7671	比較：DH専門誌	2023	article	Tracing connections: using network analysis to study trade and movement in the Mediterranean in the 11th to 14th centuries	https://doi.org/10.1093/llc/fqad056	digital humanities|distant reading	https://openalex.org/W4387393657
Digital Scholarship in the Humanities	2055-7671	比較：DH専門誌	2023	article	The Victorian anti-vaccination discourse corpus (VicVaDis): construction and exploration	https://doi.org/10.1093/llc/fqad075	digital humanities|topic model	https://openalex.org/W4388205184
Digital Scholarship in the Humanities	2055-7671	比較：DH専門誌	2023	article	The Fundamental Principles of Corpus Linguistics. Tony McEnery and Vaclav Brezina	https://doi.org/10.1093/llc/fqad031	digital humanities	https://openalex.org/W4366248446
Digital Scholarship in the Humanities	2055-7671	比較：DH専門誌	2023	article	The Digital Reading Condition. Maria Engberg, Iben Have and Birgitte Stougaard Pedersen (eds)	https://doi.org/10.1093/llc/fqad029	digital humanities	https://openalex.org/W4366750225
Digital Scholarship in the Humanities	2055-7671	比較：DH専門誌	2023	article	Some stylometric remarks on Ovid’s<i>Heroides</i>and the<i>Epistula Sapphus</i>	https://doi.org/10.1093/llc/fqac098	stylometry	https://openalex.org/W4315929201
Digital Scholarship in the Humanities	2055-7671	比較：DH専門誌	2023	article	Sagas and genre: A case for application of network analysis to manuscripts preserving Old Norse-Icelandic saga literature	https://doi.org/10.1093/llc/fqad013	computational literary|digital humanities|stylometry	https://openalex.org/W4362706507
Digital Scholarship in the Humanities	2055-7671	比較：DH専門誌	2023	article	Revealing ‘invisible’ poetry by W. H. Auden through computer vision: Using photometric stereo to visualize indented impressions	https://doi.org/10.1093/llc/fqad037	computational literary|digital humanities	https://openalex.org/W4381848435
Digital Scholarship in the Humanities	2055-7671	比較：DH専門誌	2023	article	Retranslated Chinese classical canon <i>Journey to the West</i>: a stylometric comparison between Julia Lovell’s retranslation and Arthur Waley’s translation	https://doi.org/10.1093/llc/fqad085	digital humanities|stylometry	https://openalex.org/W4388964122
Digital Scholarship in the Humanities	2055-7671	比較：DH専門誌	2023	article	Research Methods for Digital Discourse Analysis. Camilla Vásquez	https://doi.org/10.1093/llc/fqad082	digital humanities	https://openalex.org/W4388451233
Digital Scholarship in the Humanities	2055-7671	比較：DH専門誌	2023	article	Reconstruction of cultural memory through digital storytelling: A case study of Shanghai Memory project	https://doi.org/10.1093/llc/fqad044	computational literary|digital humanities	https://openalex.org/W4382874269
Digital Scholarship in the Humanities	2055-7671	比較：DH専門誌	2023	article	Provenance visualization: Tracing people, processes, and practices through a data-driven approach to provenance	https://doi.org/10.1093/llc/fqad020	digital humanities|text mining	https://openalex.org/W4366813875
Digital Scholarship in the Humanities	2055-7671	比較：DH専門誌	2023	article	Principal components analysis in stylometry	https://doi.org/10.1093/llc/fqad083	computational literary|digital humanities|stylometry	https://openalex.org/W4389108717
Digital Scholarship in the Humanities	2055-7671	比較：DH専門誌	2023	article	Principal component analysis and authorship	https://doi.org/10.1093/llc/fqad054	digital humanities	https://openalex.org/W4387393621
Digital Scholarship in the Humanities	2055-7671	比較：DH専門誌	2023	review	Personality recognition in Digital Humanities: A review of computational approaches in the humanities	https://doi.org/10.1093/llc/fqad047	computational literary|digital humanities|text mining|topic model	https://openalex.org/W4381848420
Digital Scholarship in the Humanities	2055-7671	比較：DH専門誌	2023	article	One-third of a century on: the state of the art, pitfalls, and the way ahead relating to digital humanities approaches to translation and interpreting studies	https://doi.org/10.1093/llc/fqad076	digital humanities	https://openalex.org/W4387781250
Digital Scholarship in the Humanities	2055-7671	比較：DH専門誌	2023	article	Multilingual digital terminology: Introduction to the special issue	https://doi.org/10.1093/llc/fqad028	computational literary|digital humanities|topic model	https://openalex.org/W4381481273
Digital Scholarship in the Humanities	2055-7671	比較：DH専門誌	2023	article	Mining for meaning: how text mining can uncover the French Liberal School’s key ideas	https://doi.org/10.1093/llc/fqad084	distant reading|text mining	https://openalex.org/W4389779577
Digital Scholarship in the Humanities	2055-7671	比較：DH専門誌	2023	article	Is it time to reconsider <i>Henry V</i>?	https://doi.org/10.1093/llc/fqad015	computational literary|stylometry	https://openalex.org/W4327702481
Digital Scholarship in the Humanities	2055-7671	比較：DH専門誌	2023	article	Introduction to Digital Humanities: Enhancing Scholarship with the Use of Technology. Kathryn C. Wymer	https://doi.org/10.1093/llc/fqad043	digital humanities	https://openalex.org/W4379932104
Digital Scholarship in the Humanities	2055-7671	比較：DH専門誌	2023	article	Introduction to Digital Humanities: Enhancing Scholarship with the Use of Technology. Kathryn C. Wymer	https://doi.org/10.1093/llc/fqad053	digital humanities	https://openalex.org/W4387358361
Digital Scholarship in the Humanities	2055-7671	比較：DH専門誌	2023	article	In search of founding era registers: automatic modeling of registers from the corpus of Founding Era American English	https://doi.org/10.1093/llc/fqad049	topic model	https://openalex.org/W4387358354
Digital Scholarship in the Humanities	2055-7671	比較：DH専門誌	2023	article	Image classification for historical documents: a study on Chinese local gazetteers	https://doi.org/10.1093/llc/fqad065	computational literary|digital humanities|text mining|topic model	https://openalex.org/W4389003057
Digital Scholarship in the Humanities	2055-7671	比較：DH専門誌	2023	article	Identity and Digital Communication: Concepts, Theories, Practices. Rob Cover	https://doi.org/10.1093/llc/fqad094	digital humanities	https://openalex.org/W4390258623
Digital Scholarship in the Humanities	2055-7671	比較：DH専門誌	2023	article	Identifying social norm violation in movie plots: from Borat to American Pie	https://doi.org/10.1093/llc/fqad052	digital humanities	https://openalex.org/W4387381155
Digital Scholarship in the Humanities	2055-7671	比較：DH専門誌	2023	article	Hacking stylometry with multiple voices: Imaginary writers can override authorial signal in Delta	https://doi.org/10.1093/llc/fqad012	computational literary|stylometry	https://openalex.org/W4362715621
Digital Scholarship in the Humanities	2055-7671	比較：DH専門誌	2023	review	Great lengths: a review of website preservation activities at three American Universities with digital humanities centers	https://doi.org/10.1093/llc/fqad080	digital humanities	https://openalex.org/W4388636836
Digital Scholarship in the Humanities	2055-7671	比較：DH専門誌	2023	article	Eye Tracking in Linguistics. Salvatore Attardo and Lucy Pickering	https://doi.org/10.1093/llc/fqad081	digital humanities	https://openalex.org/W4388539042
Digital Scholarship in the Humanities	2055-7671	比較：DH専門誌	2023	article	Exploring the possibilities of Thomson’s fourth paradigm transformation—The case for a multimodal approach to digital oral history?	https://doi.org/10.1093/llc/fqac094	computational literary|digital humanities|distant reading|text mining|topic model	https://openalex.org/W4313477049
Digital Scholarship in the Humanities	2055-7671	比較：DH専門誌	2023	article	Exploring Digital Humanities in India Pedagogies Practices and Institutional Possibilities. Maya Dodd and Nidhi Kalra (eds)	https://doi.org/10.1093/llc/fqad070	digital humanities	https://openalex.org/W4387609530
Digital Scholarship in the Humanities	2055-7671	比較：DH専門誌	2023	article	Effective annotation for the automatic vectorization of cadastral maps	https://doi.org/10.1093/llc/fqad006	digital humanities|topic model	https://openalex.org/W4323668856
Digital Scholarship in the Humanities	2055-7671	比較：DH専門誌	2023	article	Du Fu’s conspicuous negativity and Li Bai’s hidden positivity: a sentiment comparison and exploration	https://doi.org/10.1093/llc/fqad088	computational literary|digital humanities|distant reading|text mining|topic model	https://openalex.org/W4390172472
Digital Scholarship in the Humanities	2055-7671	比較：DH専門誌	2023	article	Corpus philology: Using the Dictionary of Old English to get bigger data for Old English spelling variation	https://doi.org/10.1093/llc/fqad064	computational literary|distant reading|text mining	https://openalex.org/W4387542235
Digital Scholarship in the Humanities	2055-7671	比較：DH専門誌	2023	article	Corpus Linguistics and Translation Tools for Digital Humanities: Research Methods and Applications. Stefania M. Maci &amp; Michele Sala	https://doi.org/10.1093/llc/fqad060	digital humanities	https://openalex.org/W4387393521
Digital Scholarship in the Humanities	2055-7671	比較：DH専門誌	2023	article	Computational emotion classification for genre corpora of German tragedies and comedies from 17th to early 19th century	https://doi.org/10.1093/llc/fqad046	computational literary|digital humanities|distant reading|text mining|topic model	https://openalex.org/W4384643938
Digital Scholarship in the Humanities	2055-7671	比較：DH専門誌	2023	article	Automatic sentence segmentation for classical Chinese: <i>The Spring and Autumn Annals</i> as an example	https://doi.org/10.1093/llc/fqad016	digital humanities|text mining	https://openalex.org/W4365138365
Digital Scholarship in the Humanities	2055-7671	比較：DH専門誌	2023	article	All the world’s a (hyper)graph: A data drama	https://doi.org/10.1093/llc/fqad071	digital humanities|text mining	https://openalex.org/W4388822289
Digital Scholarship in the Humanities	2055-7671	比較：DH専門誌	2023	article	A seminatural approach towards restoration, classification, and pattern extraction from heritage Hindi poetry: A probabilistic case study with <i>Dohā chanda</i>	https://doi.org/10.1093/llc/fqad048	computational literary	https://openalex.org/W4384920713
Digital Scholarship in the Humanities	2055-7671	比較：DH専門誌	2023	article	A quantitative window on the history of statistics: topic-modelling 120 years of<i>Biometrika</i>	https://doi.org/10.1093/llc/fqad072	topic model	https://openalex.org/W4387641764
Digital Scholarship in the Humanities	2055-7671	比較：DH専門誌	2023	article	A multimodal turn in Digital Humanities. Using contrastive machine learning models to explore, enrich, and analyze digital visual historical collections	https://doi.org/10.1093/llc/fqad008	digital humanities|distant reading	https://openalex.org/W4324302630
Digital Scholarship in the Humanities	2055-7671	比較：DH専門誌	2023	article	A learning approach towards metre-based classification of similar Hindi poems using proposed two-level data transformation	https://doi.org/10.1093/llc/fqad011	digital humanities	https://openalex.org/W4327904169
Digital Scholarship in the Humanities	2055-7671	比較：DH専門誌	2023	article	A crossroad between lexicography and terminology work: Knowledge organization and domain labelling	https://doi.org/10.1093/llc/fqad022	digital humanities	https://openalex.org/W4381513767
Digital Scholarship in the Humanities	2055-7671	比較：DH専門誌	2022	article	Zeta revisited: A rejoinder	https://doi.org/10.1093/llc/fqac060	digital humanities	https://openalex.org/W4306644010
Digital Scholarship in the Humanities	2055-7671	比較：DH専門誌	2022	article	Whose Language? Whose DH? Towards a taxonomy of definitional elusiveness in the digital humanities	https://doi.org/10.1093/llc/fqac072	computational literary|digital humanities|topic model	https://openalex.org/W4309112981
Digital Scholarship in the Humanities	2055-7671	比較：DH専門誌	2022	article	What gets categorized counts: Controlled vocabularies, digital affordances, and the international digital humanities conference	https://doi.org/10.1093/llc/fqac091	computational literary|digital humanities|stylometry|text mining|topic model	https://openalex.org/W4317000013
Digital Scholarship in the Humanities	2055-7671	比較：DH専門誌	2022	article	Using named entity recognition and network analysis to distinguish personal networks from the social milieu in nineteenth-century Ottoman–Iraqi personal diaries	https://doi.org/10.1093/llc/fqac047	computational literary|digital humanities|distant reading	https://openalex.org/W4291320146
Digital Scholarship in the Humanities	2055-7671	比較：DH専門誌	2022	article	Translator attribution for Arabic using machine learning	https://doi.org/10.1093/llc/fqac054	digital humanities	https://openalex.org/W4306147333
Digital Scholarship in the Humanities	2055-7671	比較：DH専門誌	2022	article	Towards a linked open data resource for direct speech acts in Greek and Latin epic	https://doi.org/10.1093/llc/fqac006	computational literary|digital humanities|topic model	https://openalex.org/W4214810120
Digital Scholarship in the Humanities	2055-7671	比較：DH専門誌	2022	article	The interpretation of zeta test results: a supplement	https://doi.org/10.1093/llc/fqac011	digital humanities	https://openalex.org/W4213416849
Digital Scholarship in the Humanities	2055-7671	比較：DH専門誌	2022	article	The interpretation of topic models for scholarly analysis: An evaluation and critique of current practice	https://doi.org/10.1093/llc/fqac075	digital humanities|topic model	https://openalex.org/W4312091562
Digital Scholarship in the Humanities	2055-7671	比較：DH専門誌	2022	article	The discourse of awe in the traditions recorded in the name of the Baal Shem Tov in<i>Sefer Degel Mahaneh Ephraim</i>: A distant reading leading to a close reading	https://doi.org/10.1093/llc/fqac070	distant reading	https://openalex.org/W4308381305
Digital Scholarship in the Humanities	2055-7671	比較：DH専門誌	2022	article	The Digital Humanities Coursebook: An Introduction to Digital Methods for Research and Scholarship. Johanna Drucker	https://doi.org/10.1093/llc/fqac044	digital humanities|topic model	https://openalex.org/W4285801609
Digital Scholarship in the Humanities	2055-7671	比較：DH専門誌	2022	article	The Corpus of Contemporary Czech Poetry: A database for research on contemporary poetic language across media	https://doi.org/10.1093/llc/fqac013	text mining	https://openalex.org/W4226017767
Digital Scholarship in the Humanities	2055-7671	比較：DH専門誌	2022	article	Text as Data: A New Framework for Machine Learning and the Social Sciences. Justin Grimmer, Margaret E. Roberts, and Brandon M. Stewart	https://doi.org/10.1093/llc/fqac068	digital humanities	https://openalex.org/W4306722865
Digital Scholarship in the Humanities	2055-7671	比較：DH専門誌	2022	article	Temporal networks of ‘Contrafacta’ in the first three troubadour generations	https://doi.org/10.1093/llc/fqac018	computational literary|digital humanities	https://openalex.org/W4226310993
Digital Scholarship in the Humanities	2055-7671	比較：DH専門誌	2022	article	Stylometry analysis of the French presidential election	https://doi.org/10.1093/llc/fqac080	stylometry	https://openalex.org/W4311401739
Digital Scholarship in the Humanities	2055-7671	比較：DH専門誌	2022	article	Stylometric similarity in literary corpora: Non-authorship clustering and<i>Deutscher Novellenschatz</i>	https://doi.org/10.1093/llc/fqac039	digital humanities|distant reading|stylometry|text mining|topic model	https://openalex.org/W4292457759
Digital Scholarship in the Humanities	2055-7671	比較：DH専門誌	2022	article	Storified narrative: Awake photo archives in digital humanities	https://doi.org/10.1093/llc/fqac004	digital humanities	https://openalex.org/W4210579232
Digital Scholarship in the Humanities	2055-7671	比較：DH専門誌	2022	article	Same text, same discourse? Empirical validation of a discourse analysis methodology for cultural heritage	https://doi.org/10.1093/llc/fqac038	digital humanities|text mining|topic model	https://openalex.org/W4284993264
Digital Scholarship in the Humanities	2055-7671	比較：DH専門誌	2022	article	Reading in the mist: high-quality optical character recognition based on freely available early modern digitized books	https://doi.org/10.1093/llc/fqac014	computational literary|digital humanities|text mining|topic model	https://openalex.org/W4225480862
Digital Scholarship in the Humanities	2055-7671	比較：DH専門誌	2022	article	Reading in Europe—Challenges and lessons learned from the case studies of the READ-IT project	https://doi.org/10.1093/llc/fqac071	computational literary|digital humanities	https://openalex.org/W4308381304
Digital Scholarship in the Humanities	2055-7671	比較：DH専門誌	2022	article	LERA—an interactive platform for synoptical representations of multiple text witnesses	https://doi.org/10.1093/llc/fqac021	digital humanities	https://openalex.org/W4225679515
Digital Scholarship in the Humanities	2055-7671	比較：DH専門誌	2022	article	Hermeneutical postphenomenology: Computational tools and the lure of objectivity	https://doi.org/10.1093/llc/fqac074	computational literary|digital humanities|distant reading	https://openalex.org/W4313332412
Digital Scholarship in the Humanities	2055-7671	比較：DH専門誌	2022	article	Global Debates in the Digital Humanities. Domenico Fiormonte, Sukanta Chaudhuri, and Paola Ricaurte (eds)	https://doi.org/10.1093/llc/fqac064	digital humanities	https://openalex.org/W4307137693
Digital Scholarship in the Humanities	2055-7671	比較：DH専門誌	2022	article	Generating a sentiment dictionary in R and dictionary-based sentiment analysis in Turkish texts	https://doi.org/10.1093/llc/fqac093	text mining	https://openalex.org/W4313418226
Digital Scholarship in the Humanities	2055-7671	比較：DH専門誌	2022	article	GECEM Project Database: A digital humanities solution to analyse complex historical realities in early modern China and Europe	https://doi.org/10.1093/llc/fqac046	digital humanities	https://openalex.org/W4290975655
Digital Scholarship in the Humanities	2055-7671	比較：DH専門誌	2022	article	From sentiment to style: Charles Stewart Parnell’s rhetoric in the first crisis of the UK	https://doi.org/10.1093/llc/fqac077	topic model	https://openalex.org/W4311466230
Digital Scholarship in the Humanities	2055-7671	比較：DH専門誌	2022	article	Foucault’s archeological discourse analysis with digital methodology—Discourse on women prior to the first wave women’s movement	https://doi.org/10.1093/llc/fqac022	digital humanities	https://openalex.org/W4226242284
Digital Scholarship in the Humanities	2055-7671	比較：DH専門誌	2022	article	Exploring Finnic written oral folk poetry through string similarity	https://doi.org/10.1093/llc/fqac034	computational literary|digital humanities|text mining	https://openalex.org/W4285084073
Digital Scholarship in the Humanities	2055-7671	比較：DH専門誌	2022	article	Exploratory methods for relation discovery in archival data	https://doi.org/10.1093/llc/fqac036	digital humanities|topic model	https://openalex.org/W4282916926
Digital Scholarship in the Humanities	2055-7671	比較：DH専門誌	2022	article	Enriching contextualized semantic representation with textual information transmission for COVID-19 fake news detection: A study on English and Persian	https://doi.org/10.1093/llc/fqac049	stylometry	https://openalex.org/W4294636810
Digital Scholarship in the Humanities	2055-7671	比較：DH専門誌	2022	article	Digital transit ports for the illicit trade in antiquities: the case of the ‘Afghan Genizah’	https://doi.org/10.1093/llc/fqac032	digital humanities|distant reading|topic model	https://openalex.org/W4283733048
Digital Scholarship in the Humanities	2055-7671	比較：DH専門誌	2022	article	Digital humanities or humanities in digital: revisiting scholarly primitives	https://doi.org/10.1093/llc/fqac012	digital humanities	https://openalex.org/W4214810628
Digital Scholarship in the Humanities	2055-7671	比較：DH専門誌	2022	article	Digital Humanities and disability: A systematic literature review of cultural accessibility for people with disability	https://doi.org/10.1093/llc/fqac045	digital humanities	https://openalex.org/W4288801862
Digital Scholarship in the Humanities	2055-7671	比較：DH専門誌	2022	article	Digital History and the Politics of Digitization	https://doi.org/10.1093/llc/fqac050	computational literary|digital humanities|distant reading|text mining|topic model	https://openalex.org/W4296023777
Digital Scholarship in the Humanities	2055-7671	比較：DH専門誌	2022	article	Did Mary Shelley write<i>Frankenstein</i>? A stylometric analysis	https://doi.org/10.1093/llc/fqac061	stylometry	https://openalex.org/W4307220528
Digital Scholarship in the Humanities	2055-7671	比較：DH専門誌	2022	article	Creating specialized corpora from digitized historical newspaper archives	https://doi.org/10.1093/llc/fqac079	digital humanities|distant reading|text mining|topic model	https://openalex.org/W4312091612
Digital Scholarship in the Humanities	2055-7671	比較：DH専門誌	2022	article	Correction to: Digital transit ports for the illicit trade in antiquities: the case of the ‘Afghan Genizah’	https://doi.org/10.1093/llc/fqac041	digital humanities	https://openalex.org/W4307468174
Digital Scholarship in the Humanities	2055-7671	比較：DH専門誌	2022	article	Corpus Linguistics and Translation Tools for Digital Humanities: Research Methods and Applications. Stefania M. Maci and Michele Sala (eds)	https://doi.org/10.1093/llc/fqac069	digital humanities	https://openalex.org/W4307137844
Digital Scholarship in the Humanities	2055-7671	比較：DH専門誌	2022	article	Challenging stylometry: The authorship of the baroque play <i>La Segunda Celestina</i>	https://doi.org/10.1093/llc/fqac063	computational literary|digital humanities|stylometry|topic model	https://openalex.org/W3105140683
Digital Scholarship in the Humanities	2055-7671	比較：DH専門誌	2022	article	Are translated Chinese <i>Wuxia</i> fiction and western heroic literature similar? A stylometric analysis based on stylistic panoramas	https://doi.org/10.1093/llc/fqac019	computational literary|digital humanities|distant reading|stylometry	https://openalex.org/W4225957042
Digital Scholarship in the Humanities	2055-7671	比較：DH専門誌	2022	article	An approach to enhance topic modeling by using paratext and nonnegative matrix factorizations	https://doi.org/10.1093/llc/fqac043	topic model	https://openalex.org/W4288041005
Digital Scholarship in the Humanities	2055-7671	比較：DH専門誌	2022	review	A systematic review of Wikidata in Digital Humanities projects	https://doi.org/10.1093/llc/fqac083	digital humanities	https://openalex.org/W4313418192
Digital Scholarship in the Humanities	2055-7671	比較：DH専門誌	2022	article	A survey of computational methods for iconic image analysis	https://doi.org/10.1093/llc/fqac003	digital humanities|distant reading|stylometry|topic model	https://openalex.org/W4210759003
Digital Scholarship in the Humanities	2055-7671	比較：DH専門誌	2022	article	A statistical analysis of the catalogues and criticism of the 19th-century Paris Fine Art Salon: The emergence of titling in the French art world	https://doi.org/10.1093/llc/fqac088	digital humanities	https://openalex.org/W4313910037
Digital Scholarship in the Humanities	2055-7671	比較：DH専門誌	2022	article	A multidimensional and digital humanistic analysis of style in Amy Tan’s novels	https://doi.org/10.1093/llc/fqac096	digital humanities	https://openalex.org/W4313366901
Digital Scholarship in the Humanities	2055-7671	比較：DH専門誌	2022	article	A map of the Urals emotional perception (based on modern regional poetry)	https://doi.org/10.1093/llc/fqac007	digital humanities	https://openalex.org/W4212942372
Digital Scholarship in the Humanities	2055-7671	比較：DH専門誌	2022	preprint	A map of Digital Humanities research across bibliographic data sources	https://doi.org/10.1093/llc/fqac016	computational literary|digital humanities|text mining|topic model	https://openalex.org/W3197879702
Digital Scholarship in the Humanities	2055-7671	比較：DH専門誌	2022	article	<i>Bitstreams</i>: The Future of Digital Literary Heritage. Matthew Kirschenbaum	https://doi.org/10.1093/llc/fqac031	digital humanities	https://openalex.org/W4285154068
Digital Scholarship in the Humanities	2055-7671	比較：DH専門誌	2021	article	‘too beautiful’: useless art and the queerly optimistic Make Your Own Brainard Project	https://doi.org/10.1093/llc/fqab021	digital humanities	https://openalex.org/W3197415666
Digital Scholarship in the Humanities	2055-7671	比較：DH専門誌	2021	article	‘We can’t read it all’: Theorizing a hermeneutics for large-scale data in the humanities with a case study in stylometry	https://doi.org/10.1093/llc/fqab100	computational literary|stylometry	https://openalex.org/W4212939721
Digital Scholarship in the Humanities	2055-7671	比較：DH専門誌	2021	article	Zeta revisited	https://doi.org/10.1093/llc/fqab095	digital humanities	https://openalex.org/W4213047596
Digital Scholarship in the Humanities	2055-7671	比較：DH専門誌	2021	article	Vector hermeneutics: On the interpretation of vector space models of text	https://doi.org/10.1093/llc/fqab079	computational literary|digital humanities|distant reading|topic model	https://openalex.org/W3207517038
Digital Scholarship in the Humanities	2055-7671	比較：DH専門誌	2021	article	Understanding the Middle East through the eyes of Japan’s Newspapers: A topic modelling and sentiment analysis approach	https://doi.org/10.1093/llc/fqab019	topic model	https://openalex.org/W3210441797
Digital Scholarship in the Humanities	2055-7671	比較：DH専門誌	2021	article	Tracking causal relations in the news: data, tools, and models for the analysis of argumentative statements in online media	https://doi.org/10.1093/llc/fqab107	text mining	https://openalex.org/W4205400292
Digital Scholarship in the Humanities	2055-7671	比較：DH専門誌	2021	article	Towards a computer-assisted aesthetics of user response	https://doi.org/10.1093/llc/fqab069	computational literary|digital humanities|distant reading|topic model	https://openalex.org/W3194200698
Digital Scholarship in the Humanities	2055-7671	比較：DH専門誌	2021	article	Towards a common model for European poetry: Challenges and solutions	https://doi.org/10.1093/llc/fqab106	computational literary|digital humanities	https://openalex.org/W4213386610
Digital Scholarship in the Humanities	2055-7671	比較：DH専門誌	2021	article	Toward a new generation of databases and database applications for describing ancient manuscripts	https://doi.org/10.1093/llc/fqab022	digital humanities	https://openalex.org/W3213903021
Digital Scholarship in the Humanities	2055-7671	比較：DH専門誌	2021	article	Topic modelling on archive documents from the 1970s: global policies on refugees	https://doi.org/10.1093/llc/fqab018	topic model	https://openalex.org/W3208711032
Digital Scholarship in the Humanities	2055-7671	比較：DH専門誌	2021	article	The first annotated corpus of historical Basque	https://doi.org/10.1093/llc/fqab066	computational literary|digital humanities	https://openalex.org/W3207209814
Digital Scholarship in the Humanities	2055-7671	比較：DH専門誌	2021	article	The digital humanities and re-imagined language description: A linguistic model of Malay with potential for other languages	https://doi.org/10.1093/llc/fqab101	digital humanities	https://openalex.org/W3216090099
Digital Scholarship in the Humanities	2055-7671	比較：DH専門誌	2021	article	Text mining Mill: Computationally detecting influence in the writings of John Stuart Mill from library records	https://doi.org/10.1093/llc/fqab010	text mining	https://openalex.org/W3208736755
Digital Scholarship in the Humanities	2055-7671	比較：DH専門誌	2021	article	Sustainability and complexity: Knowledge and authority in the digital humanities	https://doi.org/10.1093/llc/fqab025	digital humanities	https://openalex.org/W3213462364
Digital Scholarship in the Humanities	2055-7671	比較：DH専門誌	2021	article	Standards and quantification of coin iconography: possibilities and challenges	https://doi.org/10.1093/llc/fqab030	computational literary|digital humanities|topic model	https://openalex.org/W3162128562
Digital Scholarship in the Humanities	2055-7671	比較：DH専門誌	2021	article	Shanghai memory as a digital humanities platform to rebuild the history of the city	https://doi.org/10.1093/llc/fqab023	digital humanities	https://openalex.org/W3208451479
Digital Scholarship in the Humanities	2055-7671	比較：DH専門誌	2021	preprint	Semiotically-grounded distant viewing of diagrams: insights from two multimodal corpora	https://doi.org/10.1093/llc/fqab063	digital humanities	https://openalex.org/W3138670362
Digital Scholarship in the Humanities	2055-7671	比較：DH専門誌	2021	article	Semantic tagging and the Nordic tradition of everyman’s rights	https://doi.org/10.1093/llc/fqab052	digital humanities|distant reading|topic model	https://openalex.org/W3207034198
Digital Scholarship in the Humanities	2055-7671	比較：DH専門誌	2021	article	Semantic change and knowledge transmission: Some case studies in the distribution of words in ECCO	https://doi.org/10.1093/llc/fqab035	computational literary|digital humanities|distant reading|topic model	https://openalex.org/W4212963376
Digital Scholarship in the Humanities	2055-7671	比較：DH専門誌	2021	article	Rural versus urban fiction in contemporary Chinese literature - Quantitative approach case study	https://doi.org/10.1093/llc/fqab094	stylometry	https://openalex.org/W4253719490
Digital Scholarship in the Humanities	2055-7671	比較：DH専門誌	2021	article	Revisiting Sylvia Plath’s and Anne Sexton’s confessional poetry: Analyzing stylistic differences and evolution of poetic voice(s) through computational text analysis	https://doi.org/10.1093/llc/fqab011	computational literary|topic model	https://openalex.org/W3209054231
Digital Scholarship in the Humanities	2055-7671	比較：DH専門誌	2021	article	PaleoCodage—Enhancing machine-readable cuneiform descriptions using a machine-readable paleographic encoding	https://doi.org/10.1093/llc/fqab038	digital humanities	https://openalex.org/W3211416742
Digital Scholarship in the Humanities	2055-7671	比較：DH専門誌	2021	article	On assessing metadata completeness in digital cultural heritage repositories	https://doi.org/10.1093/llc/fqab036	digital humanities	https://openalex.org/W3214297272
Digital Scholarship in the Humanities	2055-7671	比較：DH専門誌	2021	article	Noisy medieval data, from digitized manuscript to stylometric analysis: Evaluating Paul Meyer’s hagiographic hypothesis	https://doi.org/10.1093/llc/fqab033	computational literary|digital humanities|text mining|topic model	https://openalex.org/W3213971470
Digital Scholarship in the Humanities	2055-7671	比較：DH専門誌	2021	article	Motivation to engage in crowdsourcing: Towards the synthetic psychological–sociological model	https://doi.org/10.1093/llc/fqab024	digital humanities	https://openalex.org/W3209307503
Digital Scholarship in the Humanities	2055-7671	比較：DH専門誌	2021	article	Modelling the Rongorongo tablets: A new transcription of the Échancrée tablet and the foundation for decipherment attempts	https://doi.org/10.1093/llc/fqab045	digital humanities	https://openalex.org/W3205824452
Digital Scholarship in the Humanities	2055-7671	比較：DH専門誌	2021	article	Medicine in the<i>Monthly Review</i>: Revealing public medical discourse with topic modelling	https://doi.org/10.1093/llc/fqab034	topic model	https://openalex.org/W3215720427
Digital Scholarship in the Humanities	2055-7671	比較：DH専門誌	2021	article	Mapping information and identifying disinformation based on digital humanities methods: From accuracy to plasticity	https://doi.org/10.1093/llc/fqab005	digital humanities	https://openalex.org/W3157531947
Digital Scholarship in the Humanities	2055-7671	比較：DH専門誌	2021	article	Linguistic features evaluation for hadith authenticity through automatic machine learning	https://doi.org/10.1093/llc/fqab092	digital humanities	https://openalex.org/W3198248383
Digital Scholarship in the Humanities	2055-7671	比較：DH専門誌	2021	article	Infrastructuring digital humanities: On relational infrastructure and global reconfiguration of the field	https://doi.org/10.1093/llc/fqab086	computational literary|digital humanities|topic model	https://openalex.org/W3207232223
Digital Scholarship in the Humanities	2055-7671	比較：DH専門誌	2021	article	Humanities and engineering perspectives on music transcription	https://doi.org/10.1093/llc/fqab074	digital humanities	https://openalex.org/W3184039257
Digital Scholarship in the Humanities	2055-7671	比較：DH専門誌	2021	article	Hapax remains: Regularity of low-frequency words in authorial texts	https://doi.org/10.1093/llc/fqab077	digital humanities	https://openalex.org/W3213068250
Digital Scholarship in the Humanities	2055-7671	比較：DH専門誌	2021	article	French lexis in the Auchinleck Manuscript: A digital-philological approach	https://doi.org/10.1093/llc/fqab054	digital humanities|topic model	https://openalex.org/W3202385046
Digital Scholarship in the Humanities	2055-7671	比較：DH専門誌	2021	article	Finding our way home: A theory and pedagogy of anti-colonial Q-mapping	https://doi.org/10.1093/llc/fqab098	digital humanities	https://openalex.org/W3215986679
Digital Scholarship in the Humanities	2055-7671	比較：DH専門誌	2021	article	Facsimile narratives: Researching the past in the age of digital reproduction	https://doi.org/10.1093/llc/fqab017	digital humanities	https://openalex.org/W4253577062
Digital Scholarship in the Humanities	2055-7671	比較：DH専門誌	2021	article	Exploring Spanish contemporary song lyrics through Digital Humanities methods: Some thematic and structural properties	https://doi.org/10.1093/llc/fqab083	digital humanities|topic model	https://openalex.org/W3214242324
Digital Scholarship in the Humanities	2055-7671	比較：DH専門誌	2021	article	Evaluating XR: Standards for an emerging DH medium	https://doi.org/10.1093/llc/fqab037	digital humanities|topic model	https://openalex.org/W3211505100
Digital Scholarship in the Humanities	2055-7671	比較：DH専門誌	2021	erratum	Erratum to: Digital humanities and digital social reading	https://doi.org/10.1093/llc/fqab104	digital humanities	https://openalex.org/W4200525337
Digital Scholarship in the Humanities	2055-7671	比較：DH専門誌	2021	article	Encoding the haunting of an object catalogue: on the potential of digital technologies to perpetuate or subvert the silence and bias of the early-modern archive	https://doi.org/10.1093/llc/fqab065	digital humanities	https://openalex.org/W3207608052
Digital Scholarship in the Humanities	2055-7671	比較：DH専門誌	2021	article	Embedding creativity into digital resources: Improving information discovery for art history	https://doi.org/10.1093/llc/fqab088	digital humanities|topic model	https://openalex.org/W3203150432
Digital Scholarship in the Humanities	2055-7671	比較：DH専門誌	2021	article	Digitalizing experiential celebrations in the early modern civic space: A methodological investigation of augmented reality as an interpretative tool	https://doi.org/10.1093/llc/fqab055	digital humanities	https://openalex.org/W3161814378
Digital Scholarship in the Humanities	2055-7671	比較：DH専門誌	2021	article	Digital humanities, knowledge complexity, and the five ‘aporias’ of digital research	https://doi.org/10.1093/llc/fqab031	computational literary|digital humanities|text mining|topic model	https://openalex.org/W3171411547
Digital Scholarship in the Humanities	2055-7671	比較：DH専門誌	2021	article	Digital humanities and new ways of teaching. Anna Wing-bo Tso (ed.)	https://doi.org/10.1093/llc/fqab053	digital humanities	https://openalex.org/W3166212419
Digital Scholarship in the Humanities	2055-7671	比較：DH専門誌	2021	article	Digital humanities and digital social reading	https://doi.org/10.1093/llc/fqab020	computational literary|digital humanities|distant reading|stylometry|text mining|topic model	https://openalex.org/W3214528101
Digital Scholarship in the Humanities	2055-7671	比較：DH専門誌	2021	article	Diachronic delta: A computational method for analysing periods of accelerated change in literary datasets	https://doi.org/10.1093/llc/fqab041	computational literary|digital humanities	https://openalex.org/W3212750671
Digital Scholarship in the Humanities	2055-7671	比較：DH専門誌	2021	article	Beyond the binary: Trans women’s video activism on YouTube	https://doi.org/10.1093/llc/fqab057	topic model	https://openalex.org/W4210722987
Digital Scholarship in the Humanities	2055-7671	比較：DH専門誌	2021	article	Analysis of tweets regarding psychological disorders before and during the COVID-19 pandemic: The case of Turkey	https://doi.org/10.1093/llc/fqab102	topic model	https://openalex.org/W4213284163
Digital Scholarship in the Humanities	2055-7671	比較：DH専門誌	2021	article	A warring style: A corpus stylistic analysis of the First World War poetry	https://doi.org/10.1093/llc/fqab047	computational literary	https://openalex.org/W3205719424
Digital Scholarship in the Humanities	2055-7671	比較：DH専門誌	2021	review	A project review under the focus of ‘complexities’ on the example of exploreAT!	https://doi.org/10.1093/llc/fqab004	digital humanities	https://openalex.org/W3106247171
Digital Scholarship in the Humanities	2055-7671	比較：DH専門誌	2021	article	A free market in extreme speech: Scientific racism and bloodsports on YouTube	https://doi.org/10.1093/llc/fqab076	digital humanities|distant reading	https://openalex.org/W3203762216
Digital Scholarship in the Humanities	2055-7671	比較：DH専門誌	2021	article	A data-driven approach to studying changing vocabularies in historical newspaper collections	https://doi.org/10.1093/llc/fqab032	computational literary|digital humanities|distant reading|text mining|topic model	https://openalex.org/W3198975419
Digital Scholarship in the Humanities	2055-7671	比較：DH専門誌	2021	article	A Commissioner’s Day: Quantitative approaches to the study of evidence in royal commissions of inquiry	https://doi.org/10.1093/llc/fqab027	computational literary|digital humanities|distant reading	https://openalex.org/W4249453283
Digital Scholarship in the Humanities	2055-7671	比較：DH専門誌	2020	article	‘Attention, attention, exploring minds acknowledge digital structure!’ The shift to digital humanities has happened, so what should information scientists do in response?	https://doi.org/10.1093/llc/fqaa008	digital humanities|text mining|topic model	https://openalex.org/W3011283138
Digital Scholarship in the Humanities	2055-7671	比較：DH専門誌	2020	article	¿Existe correlación entre importancia y centralidad? Evaluación de personajes con redes sociales en obras teatrales de la Edad de Plata	https://doi.org/10.1093/llc/fqaa015	digital humanities	https://openalex.org/W3032028102
Digital Scholarship in the Humanities	2055-7671	比較：DH専門誌	2020	article	Who wrote <i>Wuthering Heights</i>?	https://doi.org/10.1093/llc/fqaa031	digital humanities|stylometry	https://openalex.org/W3037647250
Digital Scholarship in the Humanities	2055-7671	比較：DH専門誌	2020	article	Visual exploration of historical maps	https://doi.org/10.1093/llc/fqaa059	digital humanities	https://openalex.org/W3213663281
Digital Scholarship in the Humanities	2055-7671	比較：DH専門誌	2020	article	Uncovering Environmental Change in the English Lake District: Using Computational Techniques to Trace the Presence and Documentation of Historical Flora	https://doi.org/10.1093/llc/fqaa047	digital humanities	https://openalex.org/W3209687825
Digital Scholarship in the Humanities	2055-7671	比較：DH専門誌	2020	article	The promise of digital humanities pedagogy: Decolonizing a diverse classroom in Ghana	https://doi.org/10.1093/llc/fqaa023	digital humanities	https://openalex.org/W3029960644
Digital Scholarship in the Humanities	2055-7671	比較：DH専門誌	2020	article	The Marlowe corpus revisited	https://doi.org/10.1093/llc/fqaa010	digital humanities|stylometry	https://openalex.org/W3019682207
Digital Scholarship in the Humanities	2055-7671	比較：DH専門誌	2020	article	Retos en construcción de traductores automáticos para lenguas indígenas de México	https://doi.org/10.1093/llc/fqz093	digital humanities	https://openalex.org/W3176687562
Digital Scholarship in the Humanities	2055-7671	比較：DH専門誌	2020	article	Research trends on big data domain using text mining algorithms	https://doi.org/10.1093/llc/fqaa012	text mining	https://openalex.org/W3202674156
Digital Scholarship in the Humanities	2055-7671	比較：DH専門誌	2020	article	Reflections on the Development of Digital Humanities	https://doi.org/10.1093/llc/fqaa048	computational literary|digital humanities|distant reading|stylometry|topic model	https://openalex.org/W3107757275
Digital Scholarship in the Humanities	2055-7671	比較：DH専門誌	2020	article	Recovering and rendering silenced experiences of genocides: Testimonial fragments of the Holocaust	https://doi.org/10.1093/llc/fqaa025	text mining	https://openalex.org/W3032974128
Digital Scholarship in the Humanities	2055-7671	比較：DH専門誌	2020	article	Poetry in action: Networks of literary communication and the cultural leverage in the eighteenth-century Seoul	https://doi.org/10.1093/llc/fqaa018	digital humanities	https://openalex.org/W3046831937
Digital Scholarship in the Humanities	2055-7671	比較：DH専門誌	2020	review	Open scholarship in Australia: A review of needs, barriers, and opportunities	https://doi.org/10.1093/llc/fqaa063	digital humanities	https://openalex.org/W3131617483
Digital Scholarship in the Humanities	2055-7671	比較：DH専門誌	2020	preprint	Metre as a stylometric feature in Latin hexameter poetry	https://doi.org/10.1093/llc/fqaa043	computational literary|digital humanities|stylometry	https://openalex.org/W2990151465
Digital Scholarship in the Humanities	2055-7671	比較：DH専門誌	2020	article	Lessons learned in a large-scale project to digitize and computationally analyze musical scores	https://doi.org/10.1093/llc/fqaa058	digital humanities	https://openalex.org/W3213260946
Digital Scholarship in the Humanities	2055-7671	比較：DH専門誌	2020	article	Lemmatization in the collaborative editorial workflow of a medieval French text: The digital edition of the <i>Histoire ancienne jusqu’à César</i>	https://doi.org/10.1093/llc/fqaa060	digital humanities	https://openalex.org/W3214140736
Digital Scholarship in the Humanities	2055-7671	比較：DH専門誌	2020	article	Keynote: Digital experimentation, courageous citizenship, and Caribbean futurism	https://doi.org/10.1093/llc/fqaa034	digital humanities|topic model	https://openalex.org/W3043521099
Digital Scholarship in the Humanities	2055-7671	比較：DH専門誌	2020	article	Implications of vocabulary density for poetry: Reading T. S. Eliot’s poetry through computational methods	https://doi.org/10.1093/llc/fqaa009	computational literary|distant reading	https://openalex.org/W3016554540
Digital Scholarship in the Humanities	2055-7671	比較：DH専門誌	2020	article	Humanidades Digitales en Filipinas: proyectos, dificultades y oportunidades de la colaboración Norte-Sur	https://doi.org/10.1093/llc/fqz086	digital humanities	https://openalex.org/W3035523303
Digital Scholarship in the Humanities	2055-7671	比較：DH専門誌	2020	article	Gender inequality and female body language in children’s literature	https://doi.org/10.1093/llc/fqaa051	digital humanities	https://openalex.org/W3213730472
Digital Scholarship in the Humanities	2055-7671	比較：DH専門誌	2020	article	From print to digital: A web edition of Giacomo Leopardi’s <i>Idilli</i>	https://doi.org/10.1093/llc/fqaa022	digital humanities|topic model	https://openalex.org/W2887050461
Digital Scholarship in the Humanities	2055-7671	比較：DH専門誌	2020	article	From collection resources to intelligent data: Construction of intelligent digital humanities platform for local historical documents of Shanghai Jiao Tong University	https://doi.org/10.1093/llc/fqaa027	digital humanities|text mining	https://openalex.org/W2956753448
Digital Scholarship in the Humanities	2055-7671	比較：DH専門誌	2020	article	Evolution of linguistic complexity in Hearthstone: a resource and an example in linguistic game studies	https://doi.org/10.1093/llc/fqaa065	digital humanities|topic model	https://openalex.org/W3127231279
Digital Scholarship in the Humanities	2055-7671	比較：DH専門誌	2020	article	Dynamic evolution of sentiments in <i>Never Let Me Go</i>: Insights from multifractal theory and its implications for literary analysis	https://doi.org/10.1093/llc/fqz092	computational literary	https://openalex.org/W3034971292
Digital Scholarship in the Humanities	2055-7671	比較：DH専門誌	2020	article	Digital cultural colonialism: measuring bias in aggregated digitized content held in Google Arts and Culture	https://doi.org/10.1093/llc/fqaa055	computational literary|digital humanities|text mining	https://openalex.org/W3114567463
Digital Scholarship in the Humanities	2055-7671	比較：DH専門誌	2020	article	Digital arts in Latin America: A report on the archival history of intersections in art and technology in Latin America	https://doi.org/10.1093/llc/fqaa046	digital humanities	https://openalex.org/W3175436216
Digital Scholarship in the Humanities	2055-7671	比較：DH専門誌	2020	article	Citational politics: Quantifying the influence of gender on citation in <i>Digital Scholarship in the Humanities</i>	https://doi.org/10.1093/llc/fqaa011	digital humanities|topic model	https://openalex.org/W3047342523
Digital Scholarship in the Humanities	2055-7671	比較：DH専門誌	2020	article	Calculating sameness: Identifying early-modern image reuse outside the black box	https://doi.org/10.1093/llc/fqaa054	digital humanities	https://openalex.org/W3125795408
Digital Scholarship in the Humanities	2055-7671	比較：DH専門誌	2020	article	Big data or not enough? Zeta test reliability and the attribution of <i>Henry VI</i>	https://doi.org/10.1093/llc/fqaa041	stylometry	https://openalex.org/W3107685290
Digital Scholarship in the Humanities	2055-7671	比較：DH専門誌	2019	article	Visualizing Venice: Mapping and Modeling Time and Change in a City. Kristin L. Huffman, Andrea Giordano, and Caroline Bruzelius (eds.).	https://doi.org/10.1093/llc/fqz040	digital humanities	https://openalex.org/W2952481948
Digital Scholarship in the Humanities	2055-7671	比較：DH専門誌	2019	article	The visual side of digital humanities: a survey on topics, researchers, and epistemic cultures	https://doi.org/10.1093/llc/fqz022	computational literary|digital humanities|text mining|topic model	https://openalex.org/W2944733384
Digital Scholarship in the Humanities	2055-7671	比較：DH専門誌	2019	article	The visual digital turn: Using neural networks to study historical images	https://doi.org/10.1093/llc/fqy085	digital humanities	https://openalex.org/W2909677418
Digital Scholarship in the Humanities	2055-7671	比較：DH専門誌	2019	article	The intelligence analysis of personal characters about ordinary world	https://doi.org/10.1093/llc/fqz050	text mining	https://openalex.org/W2958006175
Digital Scholarship in the Humanities	2055-7671	比較：DH専門誌	2019	article	The early history of digital humanities: An analysis of Computers and the Humanities (1966–2004) and Literary and Linguistic Computing (1986–2004)	https://doi.org/10.1093/llc/fqz072	computational literary|digital humanities|distant reading	https://openalex.org/W2984126685
Digital Scholarship in the Humanities	2055-7671	比較：DH専門誌	2019	article	Text mining letters from financial regulators to firms they supervise	https://doi.org/10.1093/llc/fqz063	text mining	https://openalex.org/W3097899396
Digital Scholarship in the Humanities	2055-7671	比較：DH専門誌	2019	article	Technical and methodological foundations of digital indexing of medieval and early modern court books	https://doi.org/10.1093/llc/fqz030	digital humanities	https://openalex.org/W2953169556
Digital Scholarship in the Humanities	2055-7671	比較：DH専門誌	2019	article	Stylistic palimpsests: Computational stylistic perspectives on precursory authorship in Aphra Behn’s drama	https://doi.org/10.1093/llc/fqz085	computational literary|digital humanities|distant reading|stylometry|topic model	https://openalex.org/W2995795062
Digital Scholarship in the Humanities	2055-7671	比較：DH専門誌	2019	article	Sensorial discourse and corpus in the digital humanities era: The example of the wine language	https://doi.org/10.1093/llc/fqz006	digital humanities	https://openalex.org/W2913217004
Digital Scholarship in the Humanities	2055-7671	比較：DH専門誌	2019	article	Research Methods for the Digital Humanities. Lewis Levenberg, Tai Neilson and David Rheams (eds.).	https://doi.org/10.1093/llc/fqz049	digital humanities	https://openalex.org/W2961155726
Digital Scholarship in the Humanities	2055-7671	比較：DH専門誌	2019	article	Representations of Poverty and Place: Using Geographical Text Analysis to Understand Discourse. Laura L. Paterson and Ian N. Gregory	https://doi.org/10.1093/llc/fqz067	digital humanities	https://openalex.org/W2973472850
Digital Scholarship in the Humanities	2055-7671	比較：DH専門誌	2019	article	Recurrent convolutional neural networks for poet identification	https://doi.org/10.1093/llc/fqz096	computational literary|digital humanities|topic model	https://openalex.org/W3025315152
Digital Scholarship in the Humanities	2055-7671	比較：DH専門誌	2019	article	Quantitative measures of lexical complexity in modern prose fiction	https://doi.org/10.1093/llc/fqz020	computational literary	https://openalex.org/W2941953777
Digital Scholarship in the Humanities	2055-7671	比較：DH専門誌	2019	article	Quantifying the impact of dirty OCR on historical text analysis: Eighteenth Century Collections Online as a case study	https://doi.org/10.1093/llc/fqz024	computational literary|digital humanities|stylometry|text mining|topic model	https://openalex.org/W2986829274
Digital Scholarship in the Humanities	2055-7671	比較：DH専門誌	2019	article	Patterns in language: Text analysis of government reports on the Irish industrial school system with word embedding	https://doi.org/10.1093/llc/fqz012	digital humanities|distant reading|text mining|topic model	https://openalex.org/W3041914043
Digital Scholarship in the Humanities	2055-7671	比較：DH専門誌	2019	article	PaperMiner—a real-time spatiotemporal visualization for newspaper articles	https://doi.org/10.1093/llc/fqy084	digital humanities|text mining	https://openalex.org/W2911893990
Digital Scholarship in the Humanities	2055-7671	比較：DH専門誌	2019	article	Optical character recognition of typeset Coptic text with neural networks	https://doi.org/10.1093/llc/fqz023	digital humanities	https://openalex.org/W2941040653
Digital Scholarship in the Humanities	2055-7671	比較：DH専門誌	2019	article	Narrator language and character language in Thucydides: A quantitative study of narrative perspective	https://doi.org/10.1093/llc/fqz026	computational literary|digital humanities|distant reading|topic model	https://openalex.org/W2955135955
Digital Scholarship in the Humanities	2055-7671	比較：DH専門誌	2019	article	Mining ethnicity: Discourse-driven topic modelling of immigrant discourses in the USA, 1898–1920	https://doi.org/10.1093/llc/fqz068	computational literary|digital humanities|distant reading|text mining|topic model	https://openalex.org/W2981601816
Digital Scholarship in the Humanities	2055-7671	比較：DH専門誌	2019	article	Linguistic characteristics of Chinese register based on the Menzerath—Altmann law and text clustering	https://doi.org/10.1093/llc/fqz005	computational literary|digital humanities|text mining	https://openalex.org/W2918032103
Digital Scholarship in the Humanities	2055-7671	比較：DH専門誌	2019	article	Lexical Facility: Size, Recognition Speed and Consistency as Dimensions of Second Language Vocabulary Knowledge. Michael Harrington	https://doi.org/10.1093/llc/fqz065	digital humanities	https://openalex.org/W2974192891
Digital Scholarship in the Humanities	2055-7671	比較：DH専門誌	2019	article	Judging style: The case of Bush versus Gore	https://doi.org/10.1093/llc/fqz028	text mining	https://openalex.org/W2946520053
Digital Scholarship in the Humanities	2055-7671	比較：DH専門誌	2019	article	Introduction to a special section on ‘Computational Methods for Literary–Historical Textual Scholarship’	https://doi.org/10.1093/llc/fqz071	computational literary|digital humanities	https://openalex.org/W2981543554
Digital Scholarship in the Humanities	2055-7671	比較：DH専門誌	2019	article	Interfaces, ephemera, and identity: A study of the historical presentation of digital humanities resources	https://doi.org/10.1093/llc/fqz081	digital humanities	https://openalex.org/W2996224505
Digital Scholarship in the Humanities	2055-7671	比較：DH専門誌	2019	article	From antagonist to protagonist: ‘Democracy’ and ‘people’ in British parliamentary debates, 1775–1885	https://doi.org/10.1093/llc/fqz082	distant reading	https://openalex.org/W3095421197
Digital Scholarship in the Humanities	2055-7671	比較：DH専門誌	2019	article	Epic social networks and Eve's centrality in Milton’s<i>Paradise Lost</i>	https://doi.org/10.1093/llc/fqz001	digital humanities	https://openalex.org/W2917375926
Digital Scholarship in the Humanities	2055-7671	比較：DH専門誌	2019	article	Distant viewing: analyzing large visual corpora	https://doi.org/10.1093/llc/fqz013	digital humanities	https://openalex.org/W2921858050
Digital Scholarship in the Humanities	2055-7671	比較：DH専門誌	2019	article	Digital studies and transcontextualization of the humanities: The case of organology	https://doi.org/10.1093/llc/fqz018	digital humanities	https://openalex.org/W2923539556
Digital Scholarship in the Humanities	2055-7671	比較：DH専門誌	2019	article	Digital humanities in Sweden and its infrastructure: Status quo and the sine qua non	https://doi.org/10.1093/llc/fqz042	digital humanities	https://openalex.org/W2967074337
Digital Scholarship in the Humanities	2055-7671	比較：DH専門誌	2019	article	Database thinking and deep description: designing a digital archive of the National Synchrotron Light Source	https://doi.org/10.1093/llc/fqz053	digital humanities|topic model	https://openalex.org/W2966573786
Digital Scholarship in the Humanities	2055-7671	比較：DH専門誌	2019	article	Comparing multiple categories of feature selection methods for text classification	https://doi.org/10.1093/llc/fqz003	text mining	https://openalex.org/W2913575720
Digital Scholarship in the Humanities	2055-7671	比較：DH専門誌	2019	article	Chinese Text Project: A dynamic digital library of premodern Chinese	https://doi.org/10.1093/llc/fqz046	digital humanities|text mining	https://openalex.org/W2885159198
Digital Scholarship in the Humanities	2055-7671	比較：DH専門誌	2019	article	Beyond validation: Using programmed diagnostics to learn about, monitor, and successfully complete your DH project	https://doi.org/10.1093/llc/fqz011	digital humanities	https://openalex.org/W2810393426
Digital Scholarship in the Humanities	2055-7671	比較：DH専門誌	2019	article	Beyond digitization? Digital humanities and the case of Hebrew literature	https://doi.org/10.1093/llc/fqz010	computational literary|digital humanities	https://openalex.org/W2912228838
Digital Scholarship in the Humanities	2055-7671	比較：DH専門誌	2019	article	Author identification with feature transformation method	https://doi.org/10.1093/llc/fqz052	stylometry	https://openalex.org/W2975786635
Digital Scholarship in the Humanities	2055-7671	比較：DH専門誌	2019	article	Author identification of short texts using dependency treebanks without vocabulary	https://doi.org/10.1093/llc/fqz070	stylometry	https://openalex.org/W2981649133
Digital Scholarship in the Humanities	2055-7671	比較：DH専門誌	2019	article	Are you sure your tool does what it is supposed to do? Validating Arabic root extraction	https://doi.org/10.1093/llc/fqz045	computational literary|digital humanities|distant reading	https://openalex.org/W2968568709
Digital Scholarship in the Humanities	2055-7671	比較：DH専門誌	2019	article	Agree to disagree: Modelling co-existing scholarly perspectives on literary text	https://doi.org/10.1093/llc/fqz061	computational literary|digital humanities|topic model	https://openalex.org/W2979161795
Digital Scholarship in the Humanities	2055-7671	比較：DH専門誌	2019	article	Affine registration of multispectral images of historical documents for optimized feature recovery	https://doi.org/10.1093/llc/fqz054	digital humanities	https://openalex.org/W2964470140
Digital Scholarship in the Humanities	2055-7671	比較：DH専門誌	2019	article	Aesthetic appreciation and Spanish art: insights from eye-tracking	https://doi.org/10.1093/llc/fqz027	digital humanities	https://openalex.org/W2793062324
Digital Scholarship in the Humanities	2055-7671	比較：DH専門誌	2019	article	A transdisciplinary protocol for digital scholarship	https://doi.org/10.1093/llc/fqz087	digital humanities	https://openalex.org/W3000961409
Digital Scholarship in the Humanities	2055-7671	比較：DH専門誌	2019	article	A conceptual model to increase the visibility and usage of cultural heritage objects: The case of UNESCO’s Memory of the World list1	https://doi.org/10.1093/llc/fqz091	digital humanities	https://openalex.org/W3006434887
Digital Scholarship in the Humanities	2055-7671	比較：DH専門誌	2019	article	A computational approach to lexical polysemy in Ancient Greek	https://doi.org/10.1093/llc/fqz036	computational literary|digital humanities|topic model	https://openalex.org/W2977687816
Digital Scholarship in the Humanities	2055-7671	比較：DH専門誌	2019	article	A case study in text mining: Textual analysis of the Territorial Papers	https://doi.org/10.1093/llc/fqz007	text mining|topic model	https://openalex.org/W2962783174
Digital Scholarship in the Humanities	2055-7671	比較：DH専門誌	2018	article	‘he liked to read, write, and whatch televishon’—The APU Writing and Reading Corpus (1979–1988)	https://doi.org/10.1093/llc/fqy031	topic model	https://openalex.org/W2891642367
Digital Scholarship in the Humanities	2055-7671	比較：DH専門誌	2018	article	Understanding memories of the Holocaust—A new approach to neural networks in the digital humanities	https://doi.org/10.1093/llc/fqy082	digital humanities|distant reading|text mining|topic model	https://openalex.org/W2910098727
Digital Scholarship in the Humanities	2055-7671	比較：DH専門誌	2018	article	Towards a new approach in the study of Ancient Greek music: Virtual reconstruction of an ancient musical instrument from Greek Sicily	https://doi.org/10.1093/llc/fqy043	computational literary|digital humanities	https://openalex.org/W2889647064
Digital Scholarship in the Humanities	2055-7671	比較：DH専門誌	2018	article	Toward a model for digital tool criticism: Reflection as integrative practice	https://doi.org/10.1093/llc/fqy048	computational literary|digital humanities|distant reading|text mining|topic model	https://openalex.org/W2901924367
Digital Scholarship in the Humanities	2055-7671	比較：DH専門誌	2018	article	Toward Kurdish language processing: Experiments in collecting and processing the AsoSoft text corpus	https://doi.org/10.1093/llc/fqy074	topic model	https://openalex.org/W2914180170
Digital Scholarship in the Humanities	2055-7671	比較：DH専門誌	2018	article	The digital humanist: Contested status within contesting futures	https://doi.org/10.1093/llc/fqy080	digital humanities	https://openalex.org/W2908656277
Digital Scholarship in the Humanities	2055-7671	比較：DH専門誌	2018	article	Text-world annotation and visualization for crime narrative reconstruction	https://doi.org/10.1093/llc/fqy044	computational literary|digital humanities|topic model	https://openalex.org/W2795091135
Digital Scholarship in the Humanities	2055-7671	比較：DH専門誌	2018	article	Shelf life: Identifying the abandonment of online digital humanities projects	https://doi.org/10.1093/llc/fqy079	digital humanities	https://openalex.org/W2810674742
Digital Scholarship in the Humanities	2055-7671	比較：DH専門誌	2018	article	Robert Musil, a war journal, and stylometry: Tackling the issue of short texts in authorship attribution	https://doi.org/10.1093/llc/fqy055	stylometry	https://openalex.org/W2896375675
Digital Scholarship in the Humanities	2055-7671	比較：DH専門誌	2018	article	Marlowe and overreaching: A misuse of stylometry	https://doi.org/10.1093/llc/fqy040	stylometry	https://openalex.org/W2896255421
Digital Scholarship in the Humanities	2055-7671	比較：DH専門誌	2018	article	Mapping museum ‘Soft Power’: Adding geo-visualization to the methodological framework	https://doi.org/10.1093/llc/fqy072	digital humanities	https://openalex.org/W2906475669
Digital Scholarship in the Humanities	2055-7671	比較：DH専門誌	2018	article	Machine learning, template matching, and the International Tracing Service digital archive: Automating the retrieval of death certificate reference cards from 40 million document scans	https://doi.org/10.1093/llc/fqy063	digital humanities|topic model	https://openalex.org/W2899923782
Digital Scholarship in the Humanities	2055-7671	比較：DH専門誌	2018	article	Literary intelligence analysis of novel protagonists’ personality traits and development	https://doi.org/10.1093/llc/fqy020	digital humanities	https://openalex.org/W2901157610
Digital Scholarship in the Humanities	2055-7671	比較：DH専門誌	2018	article	Informing library-based digital publishing: Selected findings from a survey of scholars' needs in a contemporary publishing environment	https://doi.org/10.1093/llc/fqy052	digital humanities	https://openalex.org/W2900452111
Digital Scholarship in the Humanities	2055-7671	比較：DH専門誌	2018	article	Information infrastructure of contemporary humanities and the digital humanities development as a cause of creating new information barriers. A Polish case	https://doi.org/10.1093/llc/fqy032	digital humanities	https://openalex.org/W2887128832
Digital Scholarship in the Humanities	2055-7671	比較：DH専門誌	2018	article	In defense of sandcastles: Research thinking through visualization in digital humanities	https://doi.org/10.1093/llc/fqy051	digital humanities	https://openalex.org/W2898731212
Digital Scholarship in the Humanities	2055-7671	比較：DH専門誌	2018	article	How statistics and text mining can be applied to literary studies?	https://doi.org/10.1093/llc/fqy069	text mining	https://openalex.org/W2902626256
Digital Scholarship in the Humanities	2055-7671	比較：DH専門誌	2018	article	How are ‘immigrant workers’ represented in Korean news reporting?—A text mining approach to critical discourse analysis	https://doi.org/10.1093/llc/fqy017	digital humanities|text mining|topic model	https://openalex.org/W2808913931
Digital Scholarship in the Humanities	2055-7671	比較：DH専門誌	2018	article	History playground: A tool for discovering temporal trends in massive textual corpora	https://doi.org/10.1093/llc/fqy077	digital humanities	https://openalex.org/W2806849745
Digital Scholarship in the Humanities	2055-7671	比較：DH専門誌	2018	article	From a distance ‘You might mistake her for a man’: A closer reading of gender and character action in Jane Eyre, The Law and the Lady, and A Brilliant Woman1	https://doi.org/10.1093/llc/fqy011	distant reading	https://openalex.org/W2804817924
Digital Scholarship in the Humanities	2055-7671	比較：DH専門誌	2018	article	Forensic stylometry	https://doi.org/10.1093/llc/fqy023	digital humanities|stylometry	https://openalex.org/W4255853888
Digital Scholarship in the Humanities	2055-7671	比較：DH専門誌	2018	article	Exploring the linguistic landscape of geotagged social media content in urban environments	https://doi.org/10.1093/llc/fqy049	topic model	https://openalex.org/W2901847185
Digital Scholarship in the Humanities	2055-7671	比較：DH専門誌	2018	article	Digital, digitized, and numerical humanities	https://doi.org/10.1093/llc/fqy057	digital humanities	https://openalex.org/W2899838234
Digital Scholarship in the Humanities	2055-7671	比較：DH専門誌	2018	article	Digital tools in the humanities: Some fundamental provocations?	https://doi.org/10.1093/llc/fqy033	digital humanities	https://openalex.org/W2901175218
Digital Scholarship in the Humanities	2055-7671	比較：DH専門誌	2018	article	Digital humanities and new directions in South Korea	https://doi.org/10.1093/llc/fqy081	digital humanities	https://openalex.org/W2907721609
Digital Scholarship in the Humanities	2055-7671	比較：DH専門誌	2018	article	Digital dance scholarship: Biomechanics and culturally situated dance analysis	https://doi.org/10.1093/llc/fqy083	stylometry	https://openalex.org/W2912974880
Digital Scholarship in the Humanities	2055-7671	比較：DH専門誌	2018	article	Digital Humanities in Poland from the Perspective of the Historical Linguist of the Polish Language: Achievements, Needs, Demands	https://doi.org/10.1093/llc/fqy008	digital humanities	https://openalex.org/W2895925942
Digital Scholarship in the Humanities	2055-7671	比較：DH専門誌	2018	article	Christopher Marlowe: Hype and Hoax	https://doi.org/10.1093/llc/fqy001	stylometry	https://openalex.org/W2897397761
Digital Scholarship in the Humanities	2055-7671	比較：DH専門誌	2018	article	Attributing the Bixby Letter using n-gram tracing	https://doi.org/10.1093/llc/fqy042	computational literary|digital humanities|stylometry|text mining	https://openalex.org/W2887143167
Digital Scholarship in the Humanities	2055-7671	比較：DH専門誌	2018	article	An authorship analysis of the Jack the Ripper letters	https://doi.org/10.1093/llc/fqx065	computational literary|digital humanities|stylometry	https://openalex.org/W2783160613
Digital Scholarship in the Humanities	2055-7671	比較：DH専門誌	2018	article	Accessing Russian culture online: The scope of digitization in museums across Russia	https://doi.org/10.1093/llc/fqy035	computational literary|digital humanities|distant reading	https://openalex.org/W2788611074
Digital Scholarship in the Humanities	2055-7671	比較：DH専門誌	2018	article	A ‘wind of change’—shaping public opinion of the Arab Spring using metaphors	https://doi.org/10.1093/llc/fqy058	text mining	https://openalex.org/W2807006553
Digital Scholarship in the Humanities	2055-7671	比較：DH専門誌	2018	article	A world of difference: Myths and misconceptions about the TEI	https://doi.org/10.1093/llc/fqy071	digital humanities	https://openalex.org/W2811099469
Digital Scholarship in the Humanities	2055-7671	比較：DH専門誌	2018	article	A small set of stylometric features differentiates Latin prose and verse	https://doi.org/10.1093/llc/fqy070	computational literary	https://openalex.org/W2994335404
Digital Scholarship in the Humanities	2055-7671	比較：DH専門誌	2017	article	‘Proper’ pro-nun-ʃha-ʃhun1 in Eighteenth-Century English: ECEP as a New Tool for the Study of Historical Phonology and Dialectology	https://doi.org/10.1093/llc/fqx003	digital humanities	https://openalex.org/W2779874765
Digital Scholarship in the Humanities	2055-7671	比較：DH専門誌	2017	article	Visualizing Mouvance: Toward a visual analysis of variant medieval text traditions	https://doi.org/10.1093/llc/fqx033	computational literary	https://openalex.org/W2787743659
Digital Scholarship in the Humanities	2055-7671	比較：DH専門誌	2017	article	Transcribing a 17th-century botanical manuscript: Longitudinal evaluation of document layout detection and interactive transcription	https://doi.org/10.1093/llc/fqw064	computational literary|digital humanities|topic model	https://openalex.org/W2792302727
Digital Scholarship in the Humanities	2055-7671	比較：DH専門誌	2017	article	Toward a computational history of universities: Evaluating text mining methods for interdisciplinarity detection from PhD dissertation abstracts	https://doi.org/10.1093/llc/fqx062	text mining	https://openalex.org/W2791532949
Digital Scholarship in the Humanities	2055-7671	比較：DH専門誌	2017	article	Topic modelling characterization of Mudejar art based on document titles	https://doi.org/10.1093/llc/fqx055	text mining|topic model	https://openalex.org/W2791030493
Digital Scholarship in the Humanities	2055-7671	比較：DH専門誌	2017	article	The rationale of the born-digital dossier génétique: Digital forensics and the writing process: With examples from the Thomas Kling Archive	https://doi.org/10.1093/llc/fqx049	digital humanities	https://openalex.org/W2595624973
Digital Scholarship in the Humanities	2055-7671	比較：DH専門誌	2017	article	The microanalysis of style variation	https://doi.org/10.1093/llc/fqx022	computational literary|digital humanities|distant reading|stylometry|text mining|topic model	https://openalex.org/W2609343816
Digital Scholarship in the Humanities	2055-7671	比較：DH専門誌	2017	article	Stylometry approaching Parnassus	https://doi.org/10.1093/llc/fqx058	stylometry	https://openalex.org/W2790664352
Digital Scholarship in the Humanities	2055-7671	比較：DH専門誌	2017	article	Research through design and digital humanities in practice: What, how and who in an archive research project	https://doi.org/10.1093/llc/fqx005	digital humanities	https://openalex.org/W2338331468
Digital Scholarship in the Humanities	2055-7671	比較：DH専門誌	2017	article	Presenting the Bangor Autoglosser and the Bangor Automated Clause-Splitter	https://doi.org/10.1093/llc/fqw065	digital humanities|topic model	https://openalex.org/W2737332204
Digital Scholarship in the Humanities	2055-7671	比較：DH専門誌	2017	article	Non-representational approaches to modeling interpretation in a graphical environment	https://doi.org/10.1093/llc/fqx034	digital humanities	https://openalex.org/W2767791862
Digital Scholarship in the Humanities	2055-7671	比較：DH専門誌	2017	article	Measuring syntactical variation in Germanic texts	https://doi.org/10.1093/llc/fqx029	computational literary|digital humanities|stylometry|text mining|topic model	https://openalex.org/W2651906143
Digital Scholarship in the Humanities	2055-7671	比較：DH専門誌	2017	article	Knowledge creation through recommender systems	https://doi.org/10.1093/llc/fqx035	digital humanities	https://openalex.org/W2762919278
Digital Scholarship in the Humanities	2055-7671	比較：DH専門誌	2017	article	Introduction	https://doi.org/10.1093/llc/fqx048	computational literary|digital humanities|stylometry|text mining	https://openalex.org/W4231458610
Digital Scholarship in the Humanities	2055-7671	比較：DH専門誌	2017	article	Introduction	https://doi.org/10.1093/llc/fqx032	computational literary|digital humanities|text mining	https://openalex.org/W4234447018
Digital Scholarship in the Humanities	2055-7671	比較：DH専門誌	2017	article	Enabling complex analysis of large-scale digital collections: humanities research, high-performance computing, and transforming access to British Library digital collections	https://doi.org/10.1093/llc/fqx020	digital humanities	https://openalex.org/W2603039744
Digital Scholarship in the Humanities	2055-7671	比較：DH専門誌	2017	article	Digital palaeography: What is digital about it?	https://doi.org/10.1093/llc/fqx042	digital humanities	https://openalex.org/W2762845916
Digital Scholarship in the Humanities	2055-7671	比較：DH専門誌	2017	article	Digital Classics outside the echo-chamber: Teaching, Knowledge Exchange &amp; Public Engagement, Gabriel Bodard and Matteo Romanello (eds).	https://doi.org/10.1093/llc/fqx018	digital humanities	https://openalex.org/W2605247446
Digital Scholarship in the Humanities	2055-7671	比較：DH専門誌	2017	article	Dialogism in the novel: A computational model of the dialogic nature of narration and quotations	https://doi.org/10.1093/llc/fqx031	computational literary|digital humanities	https://openalex.org/W2786917897
Digital Scholarship in the Humanities	2055-7671	比較：DH専門誌	2017	article	Computer stylometry of C. S. Lewis’s The Dark Tower and related texts	https://doi.org/10.1093/llc/fqx043	digital humanities|stylometry	https://openalex.org/W2762511172
Digital Scholarship in the Humanities	2055-7671	比較：DH専門誌	2017	article	Blue eyes and porcelain cheeks: Computational extraction of physical descriptions from Dutch chick lit and literary novels	https://doi.org/10.1093/llc/fqx016	computational literary	https://openalex.org/W2798592531
Digital Scholarship in the Humanities	2055-7671	比較：DH専門誌	2017	article	Beyond humanities qua digital: Spatial and material development for digital research infrastructures in HumlabX1	https://doi.org/10.1093/llc/fqx008	digital humanities	https://openalex.org/W2804561257
Digital Scholarship in the Humanities	2055-7671	比較：DH専門誌	2017	article	Beauty is truth: Multi-sensory input and the challenge of designing aesthetically pleasing digital resources	https://doi.org/10.1093/llc/fqx036	digital humanities|topic model	https://openalex.org/W2732516808
Digital Scholarship in the Humanities	2055-7671	比較：DH専門誌	2017	article	At the crossroads of digital humanities and historical lexicography: The Middle Dutch ‘seemly play (abel spel) of Winter and Summer’ as a research case	https://doi.org/10.1093/llc/fqx051	digital humanities	https://openalex.org/W2767496751
Digital Scholarship in the Humanities	2055-7671	比較：DH専門誌	2017	article	At the crossroads between the scientific and the literary discourse: Comparison as a figure of dialogism	https://doi.org/10.1093/llc/fqx026	computational literary|digital humanities|distant reading|text mining	https://openalex.org/W2785508688
Digital Scholarship in the Humanities	2055-7671	比較：DH専門誌	2017	article	Analyzing and visualizing ancient Maya hieroglyphics using shape: From computer vision to Digital Humanities	https://doi.org/10.1093/llc/fqx028	digital humanities	https://openalex.org/W2603067009
Digital Scholarship in the Humanities	2055-7671	比較：DH専門誌	2017	article	Analysing and understanding news consumption patterns by tracking online user behaviour with a multimodal research design	https://doi.org/10.1093/llc/fqx030	digital humanities	https://openalex.org/W2761918830
Digital Scholarship in the Humanities	2055-7671	比較：DH専門誌	2017	article	A public platform for developing language-independent applications	https://doi.org/10.1093/llc/fqw063	digital humanities	https://openalex.org/W2583103592
Digital Scholarship in the Humanities	2055-7671	比較：DH専門誌	2016	article	What Remains to be Done—Exposing Invisible Collections in the other 7,000 Languages and Why it is a DH Enterprise	https://doi.org/10.1093/llc/fqw006	digital humanities	https://openalex.org/W2394063218
Digital Scholarship in the Humanities	2055-7671	比較：DH専門誌	2016	article	The case of the bold button: Social shaping of technology and the digital scholarly edition	https://doi.org/10.1093/llc/fqw012	computational literary|digital humanities|distant reading|topic model	https://openalex.org/W2312929482
Digital Scholarship in the Humanities	2055-7671	比較：DH専門誌	2016	article	The Small-World of ‘Le Petit Prince’: Revisiting the Word Frequency Distribution	https://doi.org/10.1093/llc/fqw005	topic model	https://openalex.org/W2282150282
Digital Scholarship in the Humanities	2055-7671	比較：DH専門誌	2016	article	Text mining<i>War and Peace</i>: Automatic extraction of character traits from literary pieces	https://doi.org/10.1093/llc/fqw052	text mining	https://openalex.org/W2562449188
Digital Scholarship in the Humanities	2055-7671	比較：DH専門誌	2016	article	Project-based digital humanities and social, digital, and scholarly editions	https://doi.org/10.1093/llc/fqw020	digital humanities	https://openalex.org/W2522997537
Digital Scholarship in the Humanities	2055-7671	比較：DH専門誌	2016	article	Palimpsest: Improving assisted curation of loco-specific literature	https://doi.org/10.1093/llc/fqw050	digital humanities|text mining	https://openalex.org/W2110067056
Digital Scholarship in the Humanities	2055-7671	比較：DH専門誌	2016	article	Other Worlds, Other DHs: Notes towards a DH Accent	https://doi.org/10.1093/llc/fqv063	digital humanities	https://openalex.org/W2307346263
Digital Scholarship in the Humanities	2055-7671	比較：DH専門誌	2016	article	Modelling in digital humanities: Signs in context	https://doi.org/10.1093/llc/fqw045	computational literary|digital humanities|stylometry	https://openalex.org/W2526593884
Digital Scholarship in the Humanities	2055-7671	比較：DH専門誌	2016	article	Literary Detective Work on the Computer. Michael P. Oakes.	https://doi.org/10.1093/llc/fqw055	stylometry	https://openalex.org/W2536877322
Digital Scholarship in the Humanities	2055-7671	比較：DH専門誌	2016	article	Lemmatization for variation-rich languages using deep learning	https://doi.org/10.1093/llc/fqw034	digital humanities	https://openalex.org/W2514031637
Digital Scholarship in the Humanities	2055-7671	比較：DH専門誌	2016	article	Introduction	https://doi.org/10.1093/llc/fqw058	digital humanities	https://openalex.org/W4232802623
Digital Scholarship in the Humanities	2055-7671	比較：DH専門誌	2016	article	In the Garden and in the Ark:<i>The belles lettres</i>, aetiological tales, and narrative explanatory trajectories—The concept of an architecture combining phono-semantic matching, and NLP story-generation	https://doi.org/10.1093/llc/fqw040	computational literary	https://openalex.org/W2567054075
Digital Scholarship in the Humanities	2055-7671	比較：DH専門誌	2016	article	Engaging the museum space: Mobilizing visitor engagement with digital content creation	https://doi.org/10.1093/llc/fqw041	digital humanities	https://openalex.org/W2256636633
Digital Scholarship in the Humanities	2055-7671	比較：DH専門誌	2016	article	DivaServices—A RESTful web service for Document Image Analysis methods	https://doi.org/10.1093/llc/fqw051	digital humanities	https://openalex.org/W2556755379
Digital Scholarship in the Humanities	2055-7671	比較：DH専門誌	2016	article	Digitally reconstructing the Great Parchment Book: 3D recovery of fire-damaged historical documents	https://doi.org/10.1093/llc/fqw057	computational literary|digital humanities|topic model	https://openalex.org/W2564174181
Digital Scholarship in the Humanities	2055-7671	比較：DH専門誌	2016	article	Digital humanities is text heavy, visualization light, and simulation poor	https://doi.org/10.1093/llc/fqw053	digital humanities	https://openalex.org/W2550450787
Digital Scholarship in the Humanities	2055-7671	比較：DH専門誌	2016	article	An Application of a Profile-Based Method for Authorship Verification: Investigating the Authenticity of Pliny the Younger’s Letter to Trajan Concerning the Christians	https://doi.org/10.1093/llc/fqw001	digital humanities	https://openalex.org/W2307325935
Digital Scholarship in the Humanities	2055-7671	比較：DH専門誌	2016	article	Afterword	https://doi.org/10.1093/llc/fqw060	computational literary|digital humanities|distant reading|topic model	https://openalex.org/W4253709021
Digital Scholarship in the Humanities	2055-7671	比較：DH専門誌	2016	article	Accidental discovery, intentional inquiry: Leveraging linked data to uncover the women of jazz	https://doi.org/10.1093/llc/fqw047	digital humanities	https://openalex.org/W2530091687
Digital Scholarship in the Humanities	2055-7671	比較：DH専門誌	2016	article	A digital corpus resource of authentic anonymized French text messages: 88milSMS—What about transcoding and linguistic annotation?	https://doi.org/10.1093/llc/fqw049	digital humanities	https://openalex.org/W2553684291
American Historical Review	0002-8762	比較：歴史学	2025	article	Todd Presner. <i>Ethics of the Algorithm: Digital Humanities and Holocaust Memory</i>	https://doi.org/10.1093/ahr/rhaf275	digital humanities	https://openalex.org/W4414314132
American Historical Review	0002-8762	比較：歴史学	2024	article	“We Found Her at the River”	https://doi.org/10.1093/ahr/rhae212	distant reading	https://openalex.org/W4402289667
American Historical Review	0002-8762	比較：歴史学	2024	article	The Revolution in Text Mining for Historical Analysis is Here	https://doi.org/10.1093/ahr/rhae163	text mining	https://openalex.org/W4399657012
American Historical Review	0002-8762	比較：歴史学	2024	article	The Coded Language of Empire	https://doi.org/10.1093/ahr/rhae179	digital humanities	https://openalex.org/W4399657076
American Historical Review	0002-8762	比較：歴史学	2024	article	Teaching Historiography	https://doi.org/10.1093/ahr/rhae009	topic model	https://openalex.org/W4392739107
American Historical Review	0002-8762	比較：歴史学	2024	article	Love, Joy, and Hope	https://doi.org/10.1093/ahr/rhae468	digital humanities	https://openalex.org/W4405226297
American Historical Review	0002-8762	比較：歴史学	2024	article	Looking for the Soul of Environmental Lament	https://doi.org/10.1093/ahr/rhae183	text mining	https://openalex.org/W4402289657
American Historical Review	0002-8762	比較：歴史学	2024	article	How to Teach an <i>AHR</i> Article	https://doi.org/10.1093/ahr/rhae089	topic model	https://openalex.org/W4399604184
American Historical Review	0002-8762	比較：歴史学	2024	article	Grassroots Archives	https://doi.org/10.1093/ahr/rhae028	digital humanities	https://openalex.org/W4399604194
American Historical Review	0002-8762	比較：歴史学	2024	article	Good Question	https://doi.org/10.1093/ahr/rhae290	digital humanities	https://openalex.org/W4402336906
American Historical Review	0002-8762	比較：歴史学	2023	article	Teaching History with Video Games	https://doi.org/10.1093/ahr/rhad488	topic model	https://openalex.org/W4389330479
American Historical Review	0002-8762	比較：歴史学	2023	article	Relating to Historical Sources	https://doi.org/10.1093/ahr/rhad365	digital humanities	https://openalex.org/W4387081923
American Historical Review	0002-8762	比較：歴史学	2023	article	From the Editor’s Desk	https://doi.org/10.1093/ahr/rhad490	computational literary	https://openalex.org/W4389330576
American Historical Review	0002-8762	比較：歴史学	2023	article	Empowering African Girls?	https://doi.org/10.1093/ahr/rhad370	topic model	https://openalex.org/W4387081973
American Historical Review	0002-8762	比較：歴史学	2023	article	Agnotology in Palestine/Israel	https://doi.org/10.1093/ahr/rhad050	digital humanities	https://openalex.org/W4362084379
American Historical Review	0002-8762	比較：歴史学	2022	article	Inside the History Lab	https://doi.org/10.1093/ahr/rhac141	digital humanities	https://openalex.org/W4226377230
American Historical Review	0002-8762	比較：歴史学	2021	article	Cuban Racial Politics in Nineteenth-Century New York: A Critical Digital Approach	https://doi.org/10.1093/ahr/rhab007	digital humanities	https://openalex.org/W3159313545
American Historical Review	0002-8762	比較：歴史学	2021	article	Africa’s Revolutionary Nineteenth Century and the Idea of the “Scramble”	https://doi.org/10.1093/ahr/rhab539	topic model	https://openalex.org/W4212888250
American Historical Review	0002-8762	比較：歴史学	2020	article	The Georgetown Slavery Archive. http://slaveryarchive.georgetown.edu/.	https://doi.org/10.1093/ahr/rhaa186	digital humanities	https://openalex.org/W4249399733
American Historical Review	0002-8762	比較：歴史学	2020	article	Political Theology and the Metamorphoses of The King’s Two BodiesThe King’s Two Bodies: A Study in Mediaeval Political Theology, by Ernst H. Kantorowicz	https://doi.org/10.1093/ahr/rhz1225	topic model	https://openalex.org/W3004596898
American Historical Review	0002-8762	比較：歴史学	2020	article	Peak Document and the Future of History	https://doi.org/10.1093/ahr/rhaa079	computational literary|digital humanities|distant reading|topic model	https://openalex.org/W3005865174
American Historical Review	0002-8762	比較：歴史学	2020	article	José-Juan López-Portillo. “Another Jerusalem”: Political Legitimacy and Courtly Government in the Kingdom of New Spain (1535–1568).	https://doi.org/10.1093/ahr/rhaa250	topic model	https://openalex.org/W3040681094
American Historical Review	0002-8762	比較：歴史学	2019	article	The Racialization of International Law after the Haitian Revolution: The Holy See and National Sovereignty	https://doi.org/10.1093/ahr/rhz1226	topic model	https://openalex.org/W3040554537
American Historical Review	0002-8762	比較：歴史学	2019	article	Nora Doyle. Maternal Bodies: Redefining Motherhood in Early America.	https://doi.org/10.1093/ahr/rhz964	topic model	https://openalex.org/W2980161758
American Historical Review	0002-8762	比較：歴史学	2019	article	Networks and Opportunities: A Digital History of Ireland’s Great Famine Refugees in New York	https://doi.org/10.1093/ahr/rhz1023	digital humanities	https://openalex.org/W2995222531
American Historical Review	0002-8762	比較：歴史学	2019	article	Mark Curran. The French Book Trade in Enlightenment Europe I: Selling Enlightenment.Simon Burrows. The French Book Trade in Enlightenment Europe II: Enlightenment Bestsellers.	https://doi.org/10.1093/ahr/rhz784	digital humanities	https://openalex.org/W3016388506
American Historical Review	0002-8762	比較：歴史学	2019	article	Archive Fever: Literature, Illegibility, and Historical Method	https://doi.org/10.1093/ahr/rhz760	topic model	https://openalex.org/W3006348214
American Historical Review	0002-8762	比較：歴史学	2019	article	Ali Humayun Akhtar. Philosophers, Sufis, and Caliphs: Politics and Authority from Cordoba to Cairo and Baghdad.	https://doi.org/10.1093/ahr/rhz295	topic model	https://openalex.org/W2980165852
American Historical Review	0002-8762	比較：歴史学	2018	article	William Thomas Okie. The Georgia Peach: Culture, Agriculture, and Environment in the American South.	https://doi.org/10.1093/ahr/123.2.599	topic model	https://openalex.org/W2795424979
American Historical Review	0002-8762	比較：歴史学	2018	article	The Problem of Abolition in the Age of Capitalism<i>The Problem of Slavery in the Age of Revolution, 1770–1823</i>, by David Brion Davis	https://doi.org/10.1093/ahr/rhy578	distant reading	https://openalex.org/W2915030184
American Historical Review	0002-8762	比較：歴史学	2018	article	The Global Authoritarian Moment and the Revolt against Empire	https://doi.org/10.1093/ahr/rhy571	distant reading	https://openalex.org/W2920247744
American Historical Review	0002-8762	比較：歴史学	2018	article	The Emotions of Motherhood: Love, Culture, and Poverty in Victorian Britain	https://doi.org/10.1093/ahr/123.1.60	distant reading	https://openalex.org/W2735946834
American Historical Review	0002-8762	比較：歴史学	2018	article	The Case of the Million-Dollar Duck: A Hunter, His Treaty, and the Bending of the Settler Contract	https://doi.org/10.1093/ahr/rhy576	text mining	https://openalex.org/W2913960095
American Historical Review	0002-8762	比較：歴史学	2018	article	Steven A. Epstein. The Talents of Jacopo da Varagine: A Genoese Mind in Medieval Europe.	https://doi.org/10.1093/ahr/123.1.293	topic model	https://openalex.org/W2792245776
American Historical Review	0002-8762	比較：歴史学	2018	article	S<scp>tephen</scp> M<scp>ilder</scp>. <i>Greening Democracy: The Anti-Nuclear Movement and Political Environmentalism in West Germany and Beyond, 1968–1983</i>.	https://doi.org/10.1093/ahr/rhy557	topic model	https://openalex.org/W2911589198
American Historical Review	0002-8762	比較：歴史学	2018	article	John Haldon. The Empire That Would Not Die: The Paradox of Eastern Roman Survival, 640–740.	https://doi.org/10.1093/ahr/123.1.283	topic model	https://openalex.org/W2790433836
American Historical Review	0002-8762	比較：歴史学	2018	article	B<scp>en</scp> E<scp>klof</scp> and T<scp>atiana</scp> S<scp>aburova</scp>. <i>A Generation of Revolutionaries: Nikolai Charushin and Russian Populism from the Great Reforms to Perestroika</i>.	https://doi.org/10.1093/ahr/rhy565	distant reading	https://openalex.org/W2913565682
American Historical Review	0002-8762	比較：歴史学	2018	article	<i>AHR</i> Conversation: Each Generation Writes Its Own History of Generations	https://doi.org/10.1093/ahr/rhy389	topic model	https://openalex.org/W2903558832
American Historical Review	0002-8762	比較：歴史学	2017	article	To Coddle and Caress These Great Capitalists: Eastern Money, Frontier Populism, and the Politics of Market-Making in the American West	https://doi.org/10.1093/ahr/122.1.55	topic model	https://openalex.org/W2587307938
American Historical Review	0002-8762	比較：歴史学	2017	article	Thematic Digital History Archives and Their Wicked Problems: China, America and the Pacific	https://doi.org/10.1093/ahr/122.1.115	digital humanities	https://openalex.org/W2587187695
American Historical Review	0002-8762	比較：歴史学	2017	article	Louis Sicking. La naissance d’une thalassocratie: Les Pays-Bas et la mer à l’aube du Siècle d’or.	https://doi.org/10.1093/ahr/122.4.1295	topic model	https://openalex.org/W2775235578
American Historical Review	0002-8762	比較：歴史学	2017	article	Jason D. Hansen. Mapping the Germans: Statistical Science, Cartography, and the Visualization of the German Nation, 1848–1914.	https://doi.org/10.1093/ahr/122.3.943	digital humanities	https://openalex.org/W2626496660
American Historical Review	0002-8762	比較：歴史学	2017	article	Governing the Living and the Dead: Mecca and the Emergence of the Saudi Biopolitical State	https://doi.org/10.1093/ahr/122.2.346	topic model	https://openalex.org/W2607394750
American Historical Review	0002-8762	比較：歴史学	2017	article	Archipelago Capitalism: Tax Havens, Offshore Money, and the State, 1950s–1970s	https://doi.org/10.1093/ahr/122.5.1431	topic model	https://openalex.org/W2780512430
American Historical Review	0002-8762	比較：歴史学	2017	article	Aaron Graham. Corruption, Party, and Government in Britain, 1702–1713.	https://doi.org/10.1093/ahr/122.1.246	topic model	https://openalex.org/W2586989917
American Historical Review	0002-8762	比較：歴史学	2016	article	The Transnational and the Text-Searchable: Digitized Sources and the Shadows They Cast	https://doi.org/10.1093/ahr/121.2.377	digital humanities|distant reading|text mining|topic model	https://openalex.org/W28080241
American Historical Review	0002-8762	比較：歴史学	2016	article	Reading the Rebels and Mining the Maps: Digital Humanities and Cartographic Narratives	https://doi.org/10.1093/ahr/121.1.167	digital humanities|text mining	https://openalex.org/W2321095486
American Historical Review	0002-8762	比較：歴史学	2016	article	Narrative Interface for New Media History:<i>Slave Revolt in Jamaica, 1760–1761</i>	https://doi.org/10.1093/ahr/121.1.176	computational literary|digital humanities	https://openalex.org/W2327820518
American Historical Review	0002-8762	比較：歴史学	2016	article	Michael Eamon.<i>Imprinting Britain: Newspapers, Sociability, and the Shaping of British North America</i>.	https://doi.org/10.1093/ahr/121.4.1270	distant reading	https://openalex.org/W2528140504
American Historical Review	0002-8762	比較：歴史学	2016	article	Lisa Gitelman.<i>Paper Knowledge: Toward a Media History of Documents</i>.	https://doi.org/10.1093/ahr/121.4.1248	digital humanities	https://openalex.org/W2530455929
American Historical Review	0002-8762	比較：歴史学	2016	article	Julie-Marie Strange.<i>Fatherhood and the British Working Class, 1865–1914</i>.	https://doi.org/10.1093/ahr/121.3.1024	distant reading	https://openalex.org/W2415942668
American Historical Review	0002-8762	比較：歴史学	2016	article	Joseph M. Beilein Jr. and Matthew C. Hulbert, editors.<i>The Civil War Guerrilla: Unfolding the Black Flag in History, Memory, and Myth</i>.	https://doi.org/10.1093/ahr/121.2.570	digital humanities	https://openalex.org/W2318594800
American Historical Review	0002-8762	比較：歴史学	2016	article	Jessica Choppin Roney.<i>Governed by a Spirit of Opposition: The Origins of American Political Practice in Colonial Philadelphia</i>.	https://doi.org/10.1093/ahr/121.2.557	topic model	https://openalex.org/W2313158207
American Historical Review	0002-8762	比較：歴史学	2016	article	Jennifer Nelson.<i>More Than Medicine: A History of the Feminist Women’s Health Movement</i>.	https://doi.org/10.1093/ahr/121.2.606	topic model	https://openalex.org/W2334044699
American Historical Review	0002-8762	比較：歴史学	2016	article	Jeanette Beer. <i>In Their Own Words: Practices of Quotation in Early Medieval History-Writing</i> .	https://doi.org/10.1093/ahr/121.5.1723	text mining	https://openalex.org/W2560074051
American Historical Review	0002-8762	比較：歴史学	2016	article	Gregor Kalas.<i>The Restoration of the Roman Forum in Late Antiquity: Transforming Public Space</i>.	https://doi.org/10.1093/ahr/121.3.1007	digital humanities	https://openalex.org/W2417992734
