review_candidate_id	project_work_id	openalex_work_id	increment_type	r2_baseline_titles	r2_baseline_authors	display_name	publication_year	type	provenance_evidence_row_count	provenance_query_count_release_local	provenance_execution_count_release_local	provenance_alias_count	query_title_set	query_author_set	alias_id_set	title_match_norm_set	title_match_token_count_min	title_match_token_count_max	hit_location	any_title_match_in_title	any_title_match_in_abstract	any_author_a1_hit	any_author_a2_reverse_hit	any_cross_w_title_collision	cross_w_collision_alias_count	max_distinct_project_work_count	alias_expansion_mechanism	posthoc_human_target_attribution_judgment	posthoc_human_attribution_reason_code
OAPRV3_114a389933c958aa	W000001334	W4252114604	A2_AUTHOR_REVERSAL	Before the dawn	Kagawa, Toyohiko	Reviews of Books	1925.0	article	1	1	1	1	Before the dawn	Kagawa, Toyohiko	OAA000001492	before the dawn	3	3	ABSTRACT_ONLY	False	True	False	True	True	1	5	NOT_APPLICABLE_A2	VALID_TARGET_REFERENCE	DIRECT_TARGET_REFERENCE
OAPRV3_c7fe9266409d29fd	W000001334	W2081249458	A2_AUTHOR_REVERSAL	Before the dawn	Kagawa, Toyohiko	Before the Dawn.Toyohiko Kagawa , I. Fukumoto , T. SatchellA Daughter of the Samurai.Etsu Inagaki SugimotoA Gentleman in Prison, with the Confessions of Tokichi Ishii.Caroline MacDonald	1926.0	article	1	1	1	1	Before the dawn	Kagawa, Toyohiko	OAA000001492	before the dawn	3	3	TITLE_ONLY	True	False	False	True	True	1	5	NOT_APPLICABLE_A2	VALID_TARGET_REFERENCE	DIRECT_TARGET_REFERENCE
OAPRV3_765c20046e29d1d2	W000001998	W573387815	A2_AUTHOR_REVERSAL	Galahad	Erskine, John	Blessed Bastard: A Novel of Sir Galahad by Ruth P. M. Lehmann (review)	2000.0	article	1	1	1	1	Galahad	Erskine, John	OAA000002212	galahad	1	1	TITLE_AND_ABSTRACT	True	True	False	True	False	0	1	NOT_APPLICABLE_A2	VALID_TARGET_REFERENCE	DIRECT_TARGET_REFERENCE
OAPRV3_092a466e566d3751	W000002225	W4312930576	A2_AUTHOR_REVERSAL	Morality	Warner, Rex	Ethics, Indigenous Ethics, and the Contemporary Challenge: Attempt at a Report on Ethics for the Filipino Today	2019.0	article	1	1	1	1	Morality	Warner, Rex	OAA000002460	morality	1	1	ABSTRACT_ONLY	False	True	False	True	False	0	1	NOT_APPLICABLE_A2	INVALID_TARGET_REFERENCE	GENERIC_OR_LEXICAL_TITLE_USE
OAPRV3_ffa612477515032a	W000004216	W7204290473	A2_AUTHOR_REVERSAL	American Fiction	Neilson, William Allan	American fiction.		article	1	1	1	1	American Fiction	Neilson, William Allan	OAA000004619	american fiction	2	2	TITLE_ONLY	True	False	False	True	True	1	3	NOT_APPLICABLE_A2	UNCERTAIN	INSUFFICIENT_CONTEXT
OAPRV3_35a4852035e502b8	W000004356	W4242141450	A2_AUTHOR_REVERSAL	Desire	Wood, Clement	Dirty Jokes and Bawdy Songs: The Uncensored Life of Gershon Legman	2021.0	article	1	1	1	1	Desire	Wood, Clement	OAA000004763	desire	1	1	ABSTRACT_ONLY	False	True	False	True	False	0	1	NOT_APPLICABLE_A2	INVALID_TARGET_REFERENCE	GENERIC_OR_LEXICAL_TITLE_USE
OAPRV3_d2ed5b926f939d2d	W000004356	W2031689070	A2_AUTHOR_REVERSAL	Desire	Wood, Clement	Editor's Note: Bulldagger Sings the Blues	2009.0	article	1	1	1	1	Desire	Wood, Clement	OAA000004763	desire	1	1	ABSTRACT_ONLY	False	True	False	True	False	0	1	NOT_APPLICABLE_A2	INVALID_TARGET_REFERENCE	GENERIC_OR_LEXICAL_TITLE_USE
OAPRV3_f6ac760b8221fe1e	W000006250	W6981330793	A2_AUTHOR_REVERSAL	Early American fiction, 1774-1830	Wegelin, Oscar	Early American fiction, 1774-1830 : a compilation of the titles of works of fiction, by writers born or residing in North America, north of the Mexican border and printed previous to 1831 / by Oscar Wegelin.		article	1	1	1	1	Early American fiction, 1774-1830	Wegelin, Oscar	OAA000006868	early american fiction 1774 1830	5	5	TITLE_ONLY	True	False	False	True	True	1	2	NOT_APPLICABLE_A2	VALID_TARGET_REFERENCE	DIRECT_TARGET_REFERENCE
OAPRV3_dc8c6e6d4f4d0f8e	W000011243	W4230767475	A2_AUTHOR_REVERSAL	The book of dragons	Fuller, Muriel	Book Reviews	1931.0	book-review	1	1	1	1	The book of dragons	Fuller, Muriel	OAA000012420	the book of dragons	4	4	ABSTRACT_ONLY	False	True	False	True	False	0	1	NOT_APPLICABLE_A2	VALID_TARGET_REFERENCE	DIRECT_TARGET_REFERENCE
OAPRV3_a9701c20cc67e603	W000012021	W7169587405	A2_AUTHOR_REVERSAL	1914	Oxenham, John	Introduction	2026.0	article	1	1	1	1	1914	Oxenham, John	OAA000013238	1914	1	1	ABSTRACT_ONLY	False	True	False	True	False	0	1	NOT_APPLICABLE_A2	INVALID_TARGET_REFERENCE	GENERIC_OR_LEXICAL_TITLE_USE
OAPRV3_2f73f0f7a59ad1f1	W000012082	W2327377418	A2_AUTHOR_REVERSAL	The memoirs of an American citizen	Herrick, Robert	The Idealistic Novels of Robert Herrick	1949.0	article	1	1	1	1	The memoirs of an American citizen	Herrick, Robert	OAA000013299	the memoirs of an american citizen	6	6	ABSTRACT_ONLY	False	True	False	True	False	0	1	NOT_APPLICABLE_A2	VALID_TARGET_REFERENCE	DIRECT_TARGET_REFERENCE
OAPRV3_47b1d65ec423766c	W000012082	W6991149252	A2_AUTHOR_REVERSAL	The memoirs of an American citizen	Herrick, Robert	Evolution and Economics in Robert Herrick’s The Memoirs of an American Citizen	2016.0	article	1	1	1	1	The memoirs of an American citizen	Herrick, Robert	OAA000013299	the memoirs of an american citizen	6	6	TITLE_ONLY	True	False	False	True	False	0	1	NOT_APPLICABLE_A2	VALID_TARGET_REFERENCE	DIRECT_TARGET_REFERENCE
OAPRV3_57c8b0da2d492182	W000012082	W3197495092	A2_AUTHOR_REVERSAL	The memoirs of an American citizen	Herrick, Robert	The Price of Success: Robert Herrick’s The Memoirs of an American Citizen and the American Business Novel	2021.0	book-chapter	1	1	1	1	The memoirs of an American citizen	Herrick, Robert	OAA000013299	the memoirs of an american citizen	6	6	TITLE_ONLY	True	False	False	True	False	0	1	NOT_APPLICABLE_A2	VALID_TARGET_REFERENCE	DIRECT_TARGET_REFERENCE
OAPRV3_8976184056fc123d	W000012082	W126634185	A2_AUTHOR_REVERSAL	The memoirs of an American citizen	Herrick, Robert	"Tropes and Parodies of Capitalist Biography: Carnegie's ""Gospel of Wealth"" vs. Herrick's 'Memoirs.'"	1999.0	article	1	1	1	1	The memoirs of an American citizen	Herrick, Robert	OAA000013299	the memoirs of an american citizen	6	6	ABSTRACT_ONLY	False	True	False	True	False	0	1	NOT_APPLICABLE_A2	VALID_TARGET_REFERENCE	DIRECT_TARGET_REFERENCE
OAPRV3_fe5bb4a7de94c300	W000012082	W2520652467	A2_AUTHOR_REVERSAL	The memoirs of an American citizen	Herrick, Robert	Evolution and Economics in Robert Herrick's The Memoirs of an American Citizen	2016.0	article	1	1	1	1	The memoirs of an American citizen	Herrick, Robert	OAA000013299	the memoirs of an american citizen	6	6	TITLE_AND_ABSTRACT	True	True	False	True	False	0	1	NOT_APPLICABLE_A2	VALID_TARGET_REFERENCE	DIRECT_TARGET_REFERENCE
OAPRV3_1132f4ea879b22ab	W000012083	W2335026712	A2_AUTHOR_REVERSAL	The common lot	Herrick, Robert	The Humanism of Robert Herrick	1956.0	article	1	1	1	1	The common lot	Herrick, Robert	OAA000013300	the common lot	3	3	ABSTRACT_ONLY	False	True	False	True	False	0	1	NOT_APPLICABLE_A2	VALID_TARGET_REFERENCE	DIRECT_TARGET_REFERENCE
OAPRV3_6f3a3b43795b1b73	W000012083	W2327377418	A2_AUTHOR_REVERSAL	The common lot	Herrick, Robert	The Idealistic Novels of Robert Herrick	1949.0	article	1	1	1	1	The common lot	Herrick, Robert	OAA000013300	the common lot	3	3	ABSTRACT_ONLY	False	True	False	True	False	0	1	NOT_APPLICABLE_A2	VALID_TARGET_REFERENCE	DIRECT_TARGET_REFERENCE
OAPRV3_0f682c7d3f9d39a5	W000012521	W2762333438	A2_AUTHOR_REVERSAL	Coeur d'Alene	Foote, Mary Hallock	Mary Hallock Foote: A Checklist	1975.0	article	1	1	1	1	Coeur d'Alene	Foote, Mary Hallock	OAA000013752	coeur d alene	3	3	ABSTRACT_ONLY	False	True	False	True	False	0	1	NOT_APPLICABLE_A2	VALID_TARGET_REFERENCE	DIRECT_TARGET_REFERENCE
OAPRV3_096b9f9312475f6a	W000012633	W7030338272	A2_AUTHOR_REVERSAL	Martin Kačur	Cankar, Ivan	Naklonskost v Cankarjevem romanu Martin Kačur in njegovem italijanskem prevodu	2018.0	book-chapter	1	1	1	1	Martin Kačur	Cankar, Ivan	OAA000013868	martin kačur	2	2	TITLE_AND_ABSTRACT	True	True	False	True	False	0	1	NOT_APPLICABLE_A2	VALID_TARGET_REFERENCE	DIRECT_TARGET_REFERENCE
OAPRV3_0c94e95a834b025d	W000012633	W2912411080	A2_AUTHOR_REVERSAL	Martin Kačur	Cankar, Ivan	Il sole in due romanzi di Ivan Cankar	2017.0	book-chapter	1	1	1	1	Martin Kačur	Cankar, Ivan	OAA000013868	martin kačur	2	2	ABSTRACT_ONLY	False	True	False	True	False	0	1	NOT_APPLICABLE_A2	VALID_TARGET_REFERENCE	DIRECT_TARGET_REFERENCE
OAPRV3_23c9fd032eca4cdf	W000012633	W7029513144	A2_AUTHOR_REVERSAL	Martin Kačur	Cankar, Ivan	Ivan Cankar in Fulvio Tomizza	2020.0	conference-paper	1	1	1	1	Martin Kačur	Cankar, Ivan	OAA000013868	martin kačur	2	2	ABSTRACT_ONLY	False	True	False	True	False	0	1	NOT_APPLICABLE_A2	VALID_TARGET_REFERENCE	DIRECT_TARGET_REFERENCE
OAPRV3_87f9792a842ceb10	W000012633	W2625517055	A2_AUTHOR_REVERSAL	Martin Kačur	Cankar, Ivan	Ivan Cankar. Martin Kačur: the Biography of an Idealist. Translated and with an introduction by John K. Cox Budapest, New York: Central European University Press, 2009	2009.0	article	1	1	1	1	Martin Kačur	Cankar, Ivan	OAA000013868	martin kačur	2	2	TITLE_ONLY	True	False	False	True	False	0	1	NOT_APPLICABLE_A2	VALID_TARGET_REFERENCE	DIRECT_TARGET_REFERENCE
OAPRV3_8a3fe0722b4c39ec	W000012633	W7001315864	A2_AUTHOR_REVERSAL	Martin Kačur	Cankar, Ivan	Ivan Cankar v oceh in peresu Fulvia Tomizze	2018.0	conference-paper	1	1	1	1	Martin Kačur	Cankar, Ivan	OAA000013868	martin kačur	2	2	ABSTRACT_ONLY	False	True	False	True	False	0	1	NOT_APPLICABLE_A2	VALID_TARGET_REFERENCE	DIRECT_TARGET_REFERENCE
OAPRV3_d237467627711c8b	W000012633	W7132581210	A2_AUTHOR_REVERSAL	Martin Kačur	Cankar, Ivan	Representations of Men and Masculinities in the Selected Novels of Ivan Cankar	2023.0	dissertation	1	1	1	1	Martin Kačur	Cankar, Ivan	OAA000013868	martin kačur	2	2	ABSTRACT_ONLY	False	True	False	True	False	0	1	NOT_APPLICABLE_A2	VALID_TARGET_REFERENCE	DIRECT_TARGET_REFERENCE
OAPRV3_0007a0d71ce75581	W000012843	W6945420221	A2_AUTHOR_REVERSAL	In parenthesis	Jones, David	Truth Telling Versus Literary Allusion In David Jones’S In Parenthesis 1937 2	2024.0	article	1	1	1	1	In parenthesis	Jones, David	OAA000014094	in parenthesis	2	2	TITLE_ONLY	True	False	False	True	False	0	1	NOT_APPLICABLE_A2	VALID_TARGET_REFERENCE	DIRECT_TARGET_REFERENCE
OAPRV3_04ca641919b1cf8e	W000012843	W108070875	A2_AUTHOR_REVERSAL	In parenthesis	Jones, David	13 Death and the ‘grimly voice’ in David Jones’s In Parenthesis	2009.0	book-chapter	1	1	1	1	In parenthesis	Jones, David	OAA000014094	in parenthesis	2	2	TITLE_ONLY	True	False	False	True	False	0	1	NOT_APPLICABLE_A2	VALID_TARGET_REFERENCE	DIRECT_TARGET_REFERENCE
OAPRV3_05f49fa7659d796e	W000012843	W2988060632	A2_AUTHOR_REVERSAL	In parenthesis	Jones, David	Thomas Goldpaugh and Jamie Callison (eds). The Grail Mass and Other Works	2019.0	article	1	1	1	1	In parenthesis	Jones, David	OAA000014094	in parenthesis	2	2	ABSTRACT_ONLY	False	True	False	True	False	0	1	NOT_APPLICABLE_A2	VALID_TARGET_REFERENCE	DIRECT_TARGET_REFERENCE
OAPRV3_062947258de95bda	W000012843	W4367179146	A2_AUTHOR_REVERSAL	In parenthesis	Jones, David	John Berger’s Knowledge, or Listening in to the Voice of the (Female) Image	2023.0	article	1	1	1	1	In parenthesis	Jones, David	OAA000014094	in parenthesis	2	2	ABSTRACT_ONLY	False	True	False	True	False	0	1	NOT_APPLICABLE_A2	VALID_TARGET_REFERENCE	DIRECT_TARGET_REFERENCE
OAPRV3_064c90899e003054	W000012843	W6964504682	A2_AUTHOR_REVERSAL	In parenthesis	Jones, David	65968: Letter: To Colin Hughes (December 1970).	2024.0	other	1	1	1	1	In parenthesis	Jones, David	OAA000014094	in parenthesis	2	2	ABSTRACT_ONLY	False	True	False	True	False	0	1	NOT_APPLICABLE_A2	VALID_TARGET_REFERENCE	DIRECT_TARGET_REFERENCE
OAPRV3_07cbd90f103b2daf	W000012843	W4237937964	A2_AUTHOR_REVERSAL	In parenthesis	Jones, David	War and Anti-War Poetry	2014.0	reference-entry	1	1	1	1	In parenthesis	Jones, David	OAA000014094	in parenthesis	2	2	ABSTRACT_ONLY	False	True	False	True	False	0	1	NOT_APPLICABLE_A2	VALID_TARGET_REFERENCE	DIRECT_TARGET_REFERENCE
OAPRV3_08ba671af46d5d2f	W000012843	W6964079590	A2_AUTHOR_REVERSAL	In parenthesis	Jones, David	65973: Letter: To Colin Hughes (February 1972).	2024.0	other	1	1	1	1	In parenthesis	Jones, David	OAA000014094	in parenthesis	2	2	ABSTRACT_ONLY	False	True	False	True	False	0	1	NOT_APPLICABLE_A2	VALID_TARGET_REFERENCE	VALID_CONTEXTUAL_REFERENCE
OAPRV3_0993645a4ac5a6ea	W000012843	W7005956630	A2_AUTHOR_REVERSAL	In parenthesis	Jones, David	Some beginnings of His creature : art and artefact in the writings of David Jones	2011.0	dissertation	1	1	1	1	In parenthesis	Jones, David	OAA000014094	in parenthesis	2	2	ABSTRACT_ONLY	False	True	False	True	False	0	1	NOT_APPLICABLE_A2	VALID_TARGET_REFERENCE	DIRECT_TARGET_REFERENCE
OAPRV3_0b175ebfd6b44204	W000012843	W4212865832	A2_AUTHOR_REVERSAL	In parenthesis	Jones, David	The visions of John Ball	2022.0	book-chapter	1	1	1	1	In parenthesis	Jones, David	OAA000014094	in parenthesis	2	2	ABSTRACT_ONLY	False	True	False	True	False	0	1	NOT_APPLICABLE_A2	VALID_TARGET_REFERENCE	DIRECT_TARGET_REFERENCE
OAPRV3_0db1ed7f5a2c8284	W000012843	W6945038752	A2_AUTHOR_REVERSAL	In parenthesis	Jones, David	A Comparative Study of Tree Imagery in David Jones’s Paintings and Poems in the Light of Panofsky’s Iconology	2024.0	article	1	1	1	1	In parenthesis	Jones, David	OAA000014094	in parenthesis	2	2	ABSTRACT_ONLY	False	True	False	True	False	0	1	NOT_APPLICABLE_A2	VALID_TARGET_REFERENCE	DIRECT_TARGET_REFERENCE
OAPRV3_0eade024deae23b4	W000012843	W6889142191	A2_AUTHOR_REVERSAL	In parenthesis	Jones, David	65959: In Parenthesis (Part VII) final manuscript draft	2024.0	article	1	1	1	1	In parenthesis	Jones, David	OAA000014094	in parenthesis	2	2	TITLE_AND_ABSTRACT	True	True	False	True	False	0	1	NOT_APPLICABLE_A2	VALID_TARGET_REFERENCE	DIRECT_TARGET_REFERENCE
OAPRV3_0f793ad83d61e3fb	W000012843	W4409211665	A2_AUTHOR_REVERSAL	In parenthesis	Jones, David	‘Like Somebody Else's War': Similes in David Jones's In Parenthesis	2024.0	article	1	1	1	1	In parenthesis	Jones, David	OAA000014094	in parenthesis	2	2	TITLE_AND_ABSTRACT	True	True	False	True	False	0	1	NOT_APPLICABLE_A2	VALID_TARGET_REFERENCE	DIRECT_TARGET_REFERENCE
OAPRV3_0f9df15533b8efae	W000012843	W4205412496	A2_AUTHOR_REVERSAL	In parenthesis	Jones, David	Jonathan Swift and the Nature of Modern Violence	2022.0	article	1	1	1	1	In parenthesis	Jones, David	OAA000014094	in parenthesis	2	2	ABSTRACT_ONLY	False	True	False	True	False	0	1	NOT_APPLICABLE_A2	VALID_TARGET_REFERENCE	DIRECT_TARGET_REFERENCE
OAPRV3_0fb4e1cae94d4c1d	W000012843	W2997324720	A2_AUTHOR_REVERSAL	In parenthesis	Jones, David	“Curse This War”: Virginia Woolf and the Politics of Profanity	2019.0	article	1	1	1	1	In parenthesis	Jones, David	OAA000014094	in parenthesis	2	2	ABSTRACT_ONLY	False	True	False	True	False	0	1	NOT_APPLICABLE_A2	VALID_TARGET_REFERENCE	DIRECT_TARGET_REFERENCE
OAPRV3_1118fc3f62699c3e	W000012843	W7043771975	A2_AUTHOR_REVERSAL	In parenthesis	Jones, David	Una generazione “tra parentesi”. David Jones, il modernismo e la grande guerra	2021.0	book-chapter	1	1	1	1	In parenthesis	Jones, David	OAA000014094	in parenthesis	2	2	ABSTRACT_ONLY	False	True	False	True	False	0	1	NOT_APPLICABLE_A2	VALID_TARGET_REFERENCE	DIRECT_TARGET_REFERENCE
OAPRV3_112e20e3f712e8e2	W000012843	W1561451196	A2_AUTHOR_REVERSAL	In parenthesis	Jones, David	Tolkien's modern Middle Ages	2006.0	book-review	1	1	1	1	In parenthesis	Jones, David	OAA000014094	in parenthesis	2	2	ABSTRACT_ONLY	False	True	False	True	False	0	1	NOT_APPLICABLE_A2	VALID_TARGET_REFERENCE	DIRECT_TARGET_REFERENCE
OAPRV3_1142beb5318f2847	W000012843	W3161685081	A2_AUTHOR_REVERSAL	In parenthesis	Jones, David	Selection from Brightwork	2021.0	article	1	1	1	1	In parenthesis	Jones, David	OAA000014094	in parenthesis	2	2	ABSTRACT_ONLY	False	True	False	True	False	0	1	NOT_APPLICABLE_A2	VALID_TARGET_REFERENCE	DIRECT_TARGET_REFERENCE
OAPRV3_11e78fc715e45da6	W000012843	W4388090720	A2_AUTHOR_REVERSAL	In parenthesis	Jones, David	Warriors	1992.0	book-chapter	1	1	1	1	In parenthesis	Jones, David	OAA000014094	in parenthesis	2	2	ABSTRACT_ONLY	False	True	False	True	False	0	1	NOT_APPLICABLE_A2	VALID_TARGET_REFERENCE	DIRECT_TARGET_REFERENCE
OAPRV3_135be0aae5603ddb	W000012843	W6964087938	A2_AUTHOR_REVERSAL	In parenthesis	Jones, David	65959: In Parenthesis (Part VII) final manuscript draft	2024.0	other	1	1	1	1	In parenthesis	Jones, David	OAA000014094	in parenthesis	2	2	TITLE_AND_ABSTRACT	True	True	False	True	False	0	1	NOT_APPLICABLE_A2	VALID_TARGET_REFERENCE	DIRECT_TARGET_REFERENCE
OAPRV3_156c265bc1f49bb8	W000012843	W6964142637	A2_AUTHOR_REVERSAL	In parenthesis	Jones, David	68545: 'In Parenthesis' Part 7 page 154	2024.0	article	1	1	1	1	In parenthesis	Jones, David	OAA000014094	in parenthesis	2	2	TITLE_AND_ABSTRACT	True	True	False	True	False	0	1	NOT_APPLICABLE_A2	VALID_TARGET_REFERENCE	DIRECT_TARGET_REFERENCE
OAPRV3_15896905cfc63b8c	W000012843	W2807245876	A2_AUTHOR_REVERSAL	In parenthesis	Jones, David	Sanctuary Wood: Modernist Mythopoeia, Transcendence, And David Jones's In Parenthesis	2018.0	article	1	1	1	1	In parenthesis	Jones, David	OAA000014094	in parenthesis	2	2	TITLE_ONLY	True	False	False	True	False	0	1	NOT_APPLICABLE_A2	VALID_TARGET_REFERENCE	DIRECT_TARGET_REFERENCE
OAPRV3_15e42fbb44c6c3d5	W000012843	W2197333341	A2_AUTHOR_REVERSAL	In parenthesis	Jones, David	Pulling oneself together: power and character in British literature, 1914-1939	2012.0	article	1	1	1	1	In parenthesis	Jones, David	OAA000014094	in parenthesis	2	2	ABSTRACT_ONLY	False	True	False	True	False	0	1	NOT_APPLICABLE_A2	VALID_TARGET_REFERENCE	DIRECT_TARGET_REFERENCE
OAPRV3_18423a54f09f8a8c	W000012843	W7110498490	A2_AUTHOR_REVERSAL	In parenthesis	Jones, David	David Jones in Parenthesis and the Trauma of WWI	2025.0	conference-paper	1	1	1	1	In parenthesis	Jones, David	OAA000014094	in parenthesis	2	2	TITLE_ONLY	True	False	False	True	False	0	1	NOT_APPLICABLE_A2	VALID_TARGET_REFERENCE	DIRECT_TARGET_REFERENCE
OAPRV3_1886ea3fc362881a	W000012843	W2269718299	A2_AUTHOR_REVERSAL	In parenthesis	Jones, David	Literature as History: Misreading David Jones's in Parenthesis	1987.0	article	1	1	1	1	In parenthesis	Jones, David	OAA000014094	in parenthesis	2	2	TITLE_ONLY	True	False	False	True	False	0	1	NOT_APPLICABLE_A2	VALID_TARGET_REFERENCE	DIRECT_TARGET_REFERENCE
OAPRV3_18916e472df8916a	W000012843	W6908125915	A2_AUTHOR_REVERSAL	In parenthesis	Jones, David	65967: Letter: To Colin Hughes (November 1969).	2024.0	other	1	1	1	1	In parenthesis	Jones, David	OAA000014094	in parenthesis	2	2	ABSTRACT_ONLY	False	True	False	True	False	0	1	NOT_APPLICABLE_A2	VALID_TARGET_REFERENCE	DIRECT_TARGET_REFERENCE
OAPRV3_18c18894fe62f293	W000012843	W4362730171	A2_AUTHOR_REVERSAL	In parenthesis	Jones, David	David Jones on Religion, Politics, and Culture: Unpublished Prose ed. by Thomas Berenato, Anne Price-Owen, and Kathleen Henderson Staudt	2022.0	article	1	1	1	1	In parenthesis	Jones, David	OAA000014094	in parenthesis	2	2	ABSTRACT_ONLY	False	True	False	True	False	0	1	NOT_APPLICABLE_A2	VALID_TARGET_REFERENCE	DIRECT_TARGET_REFERENCE
OAPRV3_18eaef41b2b3788e	W000012843	W1971275555	A2_AUTHOR_REVERSAL	In parenthesis	Jones, David	Philip ToynbeePantaloonand David Jones:In Parenthesis	1963.0	article	1	1	1	1	In parenthesis	Jones, David	OAA000014094	in parenthesis	2	2	TITLE_ONLY	True	False	False	True	False	0	1	NOT_APPLICABLE_A2	VALID_TARGET_REFERENCE	DIRECT_TARGET_REFERENCE
OAPRV3_1c7dd1ef4f1a21e0	W000012843	W4317000307	A2_AUTHOR_REVERSAL	In parenthesis	Jones, David	David Jones (1895–1974)	2023.0	book-chapter	1	1	1	1	In parenthesis	Jones, David	OAA000014094	in parenthesis	2	2	ABSTRACT_ONLY	False	True	False	True	False	0	1	NOT_APPLICABLE_A2	VALID_TARGET_REFERENCE	DIRECT_TARGET_REFERENCE
OAPRV3_1c9570528a53b793	W000012843	W6889227255	A2_AUTHOR_REVERSAL	In parenthesis	Jones, David	68545: 'In Parenthesis' Part 7 page 154	2024.0	other	1	1	1	1	In parenthesis	Jones, David	OAA000014094	in parenthesis	2	2	TITLE_AND_ABSTRACT	True	True	False	True	False	0	1	NOT_APPLICABLE_A2	VALID_TARGET_REFERENCE	DIRECT_TARGET_REFERENCE
OAPRV3_1cb591eaca512e8c	W000012843	W6908042824	A2_AUTHOR_REVERSAL	In parenthesis	Jones, David	68548: 'In Parenthesis' Part 7 page 173	2024.0	article	1	1	1	1	In parenthesis	Jones, David	OAA000014094	in parenthesis	2	2	TITLE_AND_ABSTRACT	True	True	False	True	False	0	1	NOT_APPLICABLE_A2	VALID_TARGET_REFERENCE	DIRECT_TARGET_REFERENCE
OAPRV3_1f0c1f46eb30a88b	W000012843	W3037140093	A2_AUTHOR_REVERSAL	In parenthesis	Jones, David	David Jones: Engraver, Soldier, Painter, Poet, by Thomas Dilworth, David Jones: A Christian Modernist?, ed. by Jamie Callison, Paul S. Fiddes, Anna Johnson, and Erik Tonning	2020.0	article	1	1	1	1	In parenthesis	Jones, David	OAA000014094	in parenthesis	2	2	ABSTRACT_ONLY	False	True	False	True	False	0	1	NOT_APPLICABLE_A2	VALID_TARGET_REFERENCE	DIRECT_TARGET_REFERENCE
OAPRV3_1f800ff31b50a1b8	W000012843	W6944441238	A2_AUTHOR_REVERSAL	In parenthesis	Jones, David	Religious Change in the Age of Modernism	2023.0	other	1	1	1	1	In parenthesis	Jones, David	OAA000014094	in parenthesis	2	2	ABSTRACT_ONLY	False	True	False	True	False	0	1	NOT_APPLICABLE_A2	VALID_TARGET_REFERENCE	DIRECT_TARGET_REFERENCE
OAPRV3_21d4438c7e29f04a	W000012843	W6908111930	A2_AUTHOR_REVERSAL	In parenthesis	Jones, David	65935: In Parenthesis broadcast script, typescript introduction, 1946 (annotated 1964)	2024.0	other	1	1	1	1	In parenthesis	Jones, David	OAA000014094	in parenthesis	2	2	TITLE_AND_ABSTRACT	True	True	False	True	False	0	1	NOT_APPLICABLE_A2	VALID_TARGET_REFERENCE	VALID_CONTEXTUAL_REFERENCE
OAPRV3_229dfbefa7c764df	W000012843	W6907882489	A2_AUTHOR_REVERSAL	In parenthesis	Jones, David	65936: In Parenthesis broadcast script, typescript introduction, 1946 (annotated 1964)	2024.0	article	1	1	1	1	In parenthesis	Jones, David	OAA000014094	in parenthesis	2	2	TITLE_AND_ABSTRACT	True	True	False	True	False	0	1	NOT_APPLICABLE_A2	VALID_TARGET_REFERENCE	VALID_CONTEXTUAL_REFERENCE
OAPRV3_2410e9cb1ce0abd9	W000012843	W6945307612	A2_AUTHOR_REVERSAL	In parenthesis	Jones, David	65971: Letter: To Colin Hughes (July 1971).	2024.0	article	1	1	1	1	In parenthesis	Jones, David	OAA000014094	in parenthesis	2	2	ABSTRACT_ONLY	False	True	False	True	False	0	1	NOT_APPLICABLE_A2	VALID_TARGET_REFERENCE	VALID_CONTEXTUAL_REFERENCE
OAPRV3_26988be6fd601186	W000012843	W6963880777	A2_AUTHOR_REVERSAL	In parenthesis	Jones, David	65967: Letter: To Colin Hughes (November 1969).	2024.0	article	1	1	1	1	In parenthesis	Jones, David	OAA000014094	in parenthesis	2	2	ABSTRACT_ONLY	False	True	False	True	False	0	1	NOT_APPLICABLE_A2	VALID_TARGET_REFERENCE	DIRECT_TARGET_REFERENCE
OAPRV3_2725b8985c3fe148	W000012843	W2999785380	A2_AUTHOR_REVERSAL	In parenthesis	Jones, David	Incarnation and the feminine in David Jones’s In Parenthesis	2016.0	book-chapter	1	1	1	1	In parenthesis	Jones, David	OAA000014094	in parenthesis	2	2	TITLE_ONLY	True	False	False	True	False	0	1	NOT_APPLICABLE_A2	VALID_TARGET_REFERENCE	DIRECT_TARGET_REFERENCE
OAPRV3_28134dd8cd2e089d	W000012843	W6964376592	A2_AUTHOR_REVERSAL	In parenthesis	Jones, David	65957: In Parenthesis (notes and unnumbered pages)	2024.0	article	1	1	1	1	In parenthesis	Jones, David	OAA000014094	in parenthesis	2	2	TITLE_AND_ABSTRACT	True	True	False	True	False	0	1	NOT_APPLICABLE_A2	VALID_TARGET_REFERENCE	DIRECT_TARGET_REFERENCE
OAPRV3_2a57d043acf4b808	W000012843	W6889229793	A2_AUTHOR_REVERSAL	In parenthesis	Jones, David	65957: In Parenthesis (notes and unnumbered pages)	2024.0	other	1	1	1	1	In parenthesis	Jones, David	OAA000014094	in parenthesis	2	2	TITLE_AND_ABSTRACT	True	True	False	True	False	0	1	NOT_APPLICABLE_A2	VALID_TARGET_REFERENCE	DIRECT_TARGET_REFERENCE
OAPRV3_2ad4a09bd55b1291	W000012843	W2080396354	A2_AUTHOR_REVERSAL	In parenthesis	Jones, David	Modernisms and Medievalisms, Old and New	2008.0	article	1	1	1	1	In parenthesis	Jones, David	OAA000014094	in parenthesis	2	2	ABSTRACT_ONLY	False	True	False	True	False	0	1	NOT_APPLICABLE_A2	VALID_TARGET_REFERENCE	DIRECT_TARGET_REFERENCE
OAPRV3_2c0dce7c14cc8d30	W000012843	W2603441483	A2_AUTHOR_REVERSAL	In parenthesis	Jones, David	The artist's dilemma : truth, process, and form in the Great War narratives of Robert Graves, Mary Borden, and David Jones	2016.0	dissertation	1	1	1	1	In parenthesis	Jones, David	OAA000014094	in parenthesis	2	2	ABSTRACT_ONLY	False	True	False	True	False	0	1	NOT_APPLICABLE_A2	VALID_TARGET_REFERENCE	DIRECT_TARGET_REFERENCE
OAPRV3_2c3431dcce198366	W000012843	W7000368954	A2_AUTHOR_REVERSAL	In parenthesis	Jones, David	The expanse : self-consciousness and the transatlantic prose poem	2008.0	dissertation	1	1	1	1	In parenthesis	Jones, David	OAA000014094	in parenthesis	2	2	ABSTRACT_ONLY	False	True	False	True	False	0	1	NOT_APPLICABLE_A2	VALID_TARGET_REFERENCE	DIRECT_TARGET_REFERENCE
OAPRV3_2d7bbe9ef108c843	W000012843	W6945490753	A2_AUTHOR_REVERSAL	In parenthesis	Jones, David	68546: 'In Parenthesis' Part 7 page 155	2024.0	other	1	1	1	1	In parenthesis	Jones, David	OAA000014094	in parenthesis	2	2	TITLE_AND_ABSTRACT	True	True	False	True	False	0	1	NOT_APPLICABLE_A2	VALID_TARGET_REFERENCE	DIRECT_TARGET_REFERENCE
OAPRV3_2e0761166e063a36	W000012843	W4235159203	A2_AUTHOR_REVERSAL	In parenthesis	Jones, David	Preface	1989.0	paratext	1	1	1	1	In parenthesis	Jones, David	OAA000014094	in parenthesis	2	2	ABSTRACT_ONLY	False	True	False	True	False	0	1	NOT_APPLICABLE_A2	VALID_TARGET_REFERENCE	DIRECT_TARGET_REFERENCE
OAPRV3_2e7b9fdf0f9c0c33	W000012843	W4207008452	A2_AUTHOR_REVERSAL	In parenthesis	Jones, David	Soldiers	2020.0	book-chapter	1	1	1	1	In parenthesis	Jones, David	OAA000014094	in parenthesis	2	2	ABSTRACT_ONLY	False	True	False	True	False	0	1	NOT_APPLICABLE_A2	VALID_TARGET_REFERENCE	DIRECT_TARGET_REFERENCE
OAPRV3_2fdc61f69d5fe731	W000012843	W2080176191	A2_AUTHOR_REVERSAL	In parenthesis	Jones, David	'Bedad He Revives! See How He Raises!': An Introduction to David Jones's 'The Sleeping Lord'	1982.0	article	1	1	1	1	In parenthesis	Jones, David	OAA000014094	in parenthesis	2	2	ABSTRACT_ONLY	False	True	False	True	False	0	1	NOT_APPLICABLE_A2	VALID_TARGET_REFERENCE	DIRECT_TARGET_REFERENCE
OAPRV3_31d84c0e4bfbce96	W000012843	W1967347183	A2_AUTHOR_REVERSAL	In parenthesis	Jones, David	Medievalism: The Middle Ages in Modern England (review)	2008.0	article	1	1	1	1	In parenthesis	Jones, David	OAA000014094	in parenthesis	2	2	ABSTRACT_ONLY	False	True	False	True	False	0	1	NOT_APPLICABLE_A2	VALID_TARGET_REFERENCE	DIRECT_TARGET_REFERENCE
OAPRV3_329d4651ffdf1c15	W000012843	W6945506143	A2_AUTHOR_REVERSAL	In parenthesis	Jones, David	58279: 'In Parenthesis' page 3	2024.0	article	1	1	1	1	In parenthesis	Jones, David	OAA000014094	in parenthesis	2	2	TITLE_AND_ABSTRACT	True	True	False	True	False	0	1	NOT_APPLICABLE_A2	VALID_TARGET_REFERENCE	DIRECT_TARGET_REFERENCE
OAPRV3_335630b9abb4ff39	W000012843	W2977108086	A2_AUTHOR_REVERSAL	In parenthesis	Jones, David	Play Among the Ruins: David Jones, Meaning, and Play	2018.0	dissertation	1	1	1	1	In parenthesis	Jones, David	OAA000014094	in parenthesis	2	2	ABSTRACT_ONLY	False	True	False	True	False	0	1	NOT_APPLICABLE_A2	VALID_TARGET_REFERENCE	DIRECT_TARGET_REFERENCE
OAPRV3_339ee39a44f35e85	W000012843	W7036035776	A2_AUTHOR_REVERSAL	In parenthesis	Jones, David	“Artificial Guts”: Labor and the Body in David Jones’s In Parenthesis	2015.0	article	1	1	1	1	In parenthesis	Jones, David	OAA000014094	in parenthesis	2	2	TITLE_ONLY	True	False	False	True	False	0	1	NOT_APPLICABLE_A2	VALID_TARGET_REFERENCE	DIRECT_TARGET_REFERENCE
OAPRV3_34fbc2d58e3776ee	W000012843	W2210137002	A2_AUTHOR_REVERSAL	In parenthesis	Jones, David	"The Significance of ""Y Gododdin"" to David Jones's ""In Parenthesis"""	1984.0	article	1	1	1	1	In parenthesis	Jones, David	OAA000014094	in parenthesis	2	2	TITLE_ONLY	True	False	False	True	False	0	1	NOT_APPLICABLE_A2	VALID_TARGET_REFERENCE	DIRECT_TARGET_REFERENCE
OAPRV3_3589a2a2b61d939f	W000012843	W3159026603	A2_AUTHOR_REVERSAL	In parenthesis	Jones, David	Trenches, Cadences, and Faces	2021.0	book-chapter	1	1	1	1	In parenthesis	Jones, David	OAA000014094	in parenthesis	2	2	ABSTRACT_ONLY	False	True	False	True	False	0	1	NOT_APPLICABLE_A2	VALID_TARGET_REFERENCE	DIRECT_TARGET_REFERENCE
OAPRV3_359a91a18761715b	W000012843	W4377240828	A2_AUTHOR_REVERSAL	In parenthesis	Jones, David	Timely Voices	2017.0	book	1	1	1	1	In parenthesis	Jones, David	OAA000014094	in parenthesis	2	2	ABSTRACT_ONLY	False	True	False	True	False	0	1	NOT_APPLICABLE_A2	VALID_TARGET_REFERENCE	DIRECT_TARGET_REFERENCE
OAPRV3_35ade09ba169ba42	W000012843	W2335126103	A2_AUTHOR_REVERSAL	In parenthesis	Jones, David	The Disciplines of War, Memory, and Writing: Shakespeare’s Henry V and David Jones’s In Parenthesis	2010.0	article	1	1	1	1	In parenthesis	Jones, David	OAA000014094	in parenthesis	2	2	TITLE_AND_ABSTRACT	True	True	False	True	False	0	1	NOT_APPLICABLE_A2	VALID_TARGET_REFERENCE	DIRECT_TARGET_REFERENCE
OAPRV3_370040ba35a6de4e	W000012843	W6889255478	A2_AUTHOR_REVERSAL	In parenthesis	Jones, David	65966: In Parenthesis - drafts of notes, maps, inserts and correspondence	2024.0	article	1	1	1	1	In parenthesis	Jones, David	OAA000014094	in parenthesis	2	2	TITLE_AND_ABSTRACT	True	True	False	True	False	0	1	NOT_APPLICABLE_A2	VALID_TARGET_REFERENCE	DIRECT_TARGET_REFERENCE
OAPRV3_381de394969fad1d	W000012843	W1543511762	A2_AUTHOR_REVERSAL	In parenthesis	Jones, David	"""Between two worlds become much like each other"": Liminal spaces in the poetry of David Jones and T.S. Eliot"	2014.0	dissertation	1	1	1	1	In parenthesis	Jones, David	OAA000014094	in parenthesis	2	2	ABSTRACT_ONLY	False	True	False	True	False	0	1	NOT_APPLICABLE_A2	VALID_TARGET_REFERENCE	DIRECT_TARGET_REFERENCE
OAPRV3_38ecbdacac0fb5bc	W000012843	W2485197444	A2_AUTHOR_REVERSAL	In parenthesis	Jones, David	Strategies of Survival: David Jones, In Parenthesis, and Robert Graves, Goodbye To All That	1976.0	book-chapter	1	1	1	1	In parenthesis	Jones, David	OAA000014094	in parenthesis	2	2	TITLE_ONLY	True	False	False	True	False	0	1	NOT_APPLICABLE_A2	VALID_TARGET_REFERENCE	DIRECT_TARGET_REFERENCE
OAPRV3_39685af364a57f96	W000012843	W7207328701	A2_AUTHOR_REVERSAL	In parenthesis	Jones, David	Literature as History: Misreading David Jones's in Parenthesis	1987.0	article	1	1	1	1	In parenthesis	Jones, David	OAA000014094	in parenthesis	2	2	TITLE_ONLY	True	False	False	True	False	0	1	NOT_APPLICABLE_A2	VALID_TARGET_REFERENCE	DIRECT_TARGET_REFERENCE
OAPRV3_39cc7bb1afe0f730	W000012843	W2778890136	A2_AUTHOR_REVERSAL	In parenthesis	Jones, David	Place names and Lieutenant Jenkins in David Jones's IN PARENTHESIS	2017.0	article	1	1	1	1	In parenthesis	Jones, David	OAA000014094	in parenthesis	2	2	TITLE_AND_ABSTRACT	True	True	False	True	False	0	1	NOT_APPLICABLE_A2	VALID_TARGET_REFERENCE	DIRECT_TARGET_REFERENCE
OAPRV3_3aecf0482ccca4ae	W000012843	W6908054632	A2_AUTHOR_REVERSAL	In parenthesis	Jones, David	68550: 'In Parenthesis' extract from Part 5	2024.0	article	1	1	1	1	In parenthesis	Jones, David	OAA000014094	in parenthesis	2	2	TITLE_AND_ABSTRACT	True	True	False	True	False	0	1	NOT_APPLICABLE_A2	VALID_TARGET_REFERENCE	DIRECT_TARGET_REFERENCE
OAPRV3_3c9fbad6310d6312	W000012843	W6964187013	A2_AUTHOR_REVERSAL	In parenthesis	Jones, David	65964: In Parenthesis broadcast script, 1946	2024.0	article	1	1	1	1	In parenthesis	Jones, David	OAA000014094	in parenthesis	2	2	TITLE_AND_ABSTRACT	True	True	False	True	False	0	1	NOT_APPLICABLE_A2	VALID_TARGET_REFERENCE	VALID_CONTEXTUAL_REFERENCE
OAPRV3_3cacbc489f8f2e63	W000012843	W4402617264	A2_AUTHOR_REVERSAL	In parenthesis	Jones, David	Virginia Woolf, David Jones, and the Parenthetical Space of War	2024.0	article	1	1	1	1	In parenthesis	Jones, David	OAA000014094	in parenthesis	2	2	ABSTRACT_ONLY	False	True	False	True	False	0	1	NOT_APPLICABLE_A2	VALID_TARGET_REFERENCE	DIRECT_TARGET_REFERENCE
OAPRV3_3d758d628c82a0c0	W000012843	W6962805597	A2_AUTHOR_REVERSAL	In parenthesis	Jones, David	Religious Change in the Age of Modernism	2023.0	article	1	1	1	1	In parenthesis	Jones, David	OAA000014094	in parenthesis	2	2	ABSTRACT_ONLY	False	True	False	True	False	0	1	NOT_APPLICABLE_A2	VALID_TARGET_REFERENCE	DIRECT_TARGET_REFERENCE
OAPRV3_402d576ca113a68b	W000012843	W6889224921	A2_AUTHOR_REVERSAL	In parenthesis	Jones, David	68543: 'In Parenthesis', Annotated printed edition	2024.0	article	1	1	1	1	In parenthesis	Jones, David	OAA000014094	in parenthesis	2	2	TITLE_AND_ABSTRACT	True	True	False	True	False	0	1	NOT_APPLICABLE_A2	VALID_TARGET_REFERENCE	DIRECT_TARGET_REFERENCE
OAPRV3_4285f0fccfeed07a	W000012843	W6964398347	A2_AUTHOR_REVERSAL	In parenthesis	Jones, David	65965: In Parenthesis (Part VII) broadcast script, 1942	2024.0	other	1	1	1	1	In parenthesis	Jones, David	OAA000014094	in parenthesis	2	2	TITLE_AND_ABSTRACT	True	True	False	True	False	0	1	NOT_APPLICABLE_A2	VALID_TARGET_REFERENCE	DIRECT_TARGET_REFERENCE
OAPRV3_429a859b0f50b65e	W000012843	W2483460724	A2_AUTHOR_REVERSAL	In parenthesis	Jones, David	Literary Catholicism and Fascism in Wales	2013.0	book-chapter	1	1	1	1	In parenthesis	Jones, David	OAA000014094	in parenthesis	2	2	ABSTRACT_ONLY	False	True	False	True	False	0	1	NOT_APPLICABLE_A2	VALID_TARGET_REFERENCE	DIRECT_TARGET_REFERENCE
OAPRV3_4304d6c197498904	W000012843	W4200566883	A2_AUTHOR_REVERSAL	In parenthesis	Jones, David	Poet of the Medieval Modern	2021.0	book	1	1	1	1	In parenthesis	Jones, David	OAA000014094	in parenthesis	2	2	ABSTRACT_ONLY	False	True	False	True	False	0	1	NOT_APPLICABLE_A2	VALID_TARGET_REFERENCE	DIRECT_TARGET_REFERENCE
OAPRV3_43af242f5b820996	W000012843	W3094570278	A2_AUTHOR_REVERSAL	In parenthesis	Jones, David	“To Snare among the Briars”: Sensory Data and Two Early Literary Influences on In Parenthesis	2020.0	article	1	1	1	1	In parenthesis	Jones, David	OAA000014094	in parenthesis	2	2	TITLE_AND_ABSTRACT	True	True	False	True	False	0	1	NOT_APPLICABLE_A2	VALID_TARGET_REFERENCE	DIRECT_TARGET_REFERENCE
OAPRV3_4427e486ba9f2859	W000012843	W4407377409	A2_AUTHOR_REVERSAL	In parenthesis	Jones, David	Ancestral Memory, Ancient Unity: Footnotes as Poetic Device in David Jones’s In Parenthesis	2011.0	article	1	1	1	1	In parenthesis	Jones, David	OAA000014094	in parenthesis	2	2	TITLE_ONLY	True	False	False	True	False	0	1	NOT_APPLICABLE_A2	VALID_TARGET_REFERENCE	DIRECT_TARGET_REFERENCE
OAPRV3_447899fd034ab037	W000012843	W6926580408	A2_AUTHOR_REVERSAL	In parenthesis	Jones, David	68549: 'In Parenthesis' Part 7 page 187	2024.0	other	1	1	1	1	In parenthesis	Jones, David	OAA000014094	in parenthesis	2	2	TITLE_AND_ABSTRACT	True	True	False	True	False	0	1	NOT_APPLICABLE_A2	VALID_TARGET_REFERENCE	DIRECT_TARGET_REFERENCE
OAPRV3_4481998df0b6d3c8	W000012843	W1566641138	A2_AUTHOR_REVERSAL	In parenthesis	Jones, David	In parenthesis : seinnyessit e gledyf ym penn mameu.	1937.0	book	1	1	1	1	In parenthesis	Jones, David	OAA000014094	in parenthesis	2	2	TITLE_AND_ABSTRACT	True	True	False	True	False	0	1	NOT_APPLICABLE_A2	VALID_TARGET_REFERENCE	DIRECT_TARGET_REFERENCE
OAPRV3_490da3dbe27ec539	W000012843	W2477985137	A2_AUTHOR_REVERSAL	In parenthesis	Jones, David	Postmodernism and literature	2004.0	book-chapter	1	1	1	1	In parenthesis	Jones, David	OAA000014094	in parenthesis	2	2	ABSTRACT_ONLY	False	True	False	True	False	0	1	NOT_APPLICABLE_A2	VALID_TARGET_REFERENCE	DIRECT_TARGET_REFERENCE
OAPRV3_4bffbcddb83d744a	W000012843	W2484117283	A2_AUTHOR_REVERSAL	In parenthesis	Jones, David	“The Grail Is Stirring”: Modernist Mysticism, the Matter of Britain, and the Quest for Spiritual Renewal	2013.0	book-chapter	1	1	1	1	In parenthesis	Jones, David	OAA000014094	in parenthesis	2	2	ABSTRACT_ONLY	False	True	False	True	False	0	1	NOT_APPLICABLE_A2	VALID_TARGET_REFERENCE	DIRECT_TARGET_REFERENCE
OAPRV3_4fb91d1dcd205d80	W000012843	W7146657238	A2_AUTHOR_REVERSAL	In parenthesis	Jones, David	"David Jones におけるアリュージョンの構造2―""In Parenthesis""の＜光＞と＜闇＞―"	1988.0	article	1	1	1	1	In parenthesis	Jones, David	OAA000014094	in parenthesis	2	2	TITLE_ONLY	True	False	False	True	False	0	1	NOT_APPLICABLE_A2	VALID_TARGET_REFERENCE	DIRECT_TARGET_REFERENCE
OAPRV3_4fdcc61069502ac8	W000012843	W4386904156	A2_AUTHOR_REVERSAL	In parenthesis	Jones, David	David Jones on Religion, Politics, and Culture: Unpublished Prose ed. by Thomas Berenato, Anne Price-Owen, and Kathleen Henderson Staudt, and: David Jones's The Grail Mass and Other Works ed. by Thomas Goldpaugh and Jamie Callison, and: David Jones: A Christian Modernist? ed. by Jamie Callison, Paul S. Fiddes, Anna Johnson et al. (review)	2020.0	article	1	1	1	1	In parenthesis	Jones, David	OAA000014094	in parenthesis	2	2	ABSTRACT_ONLY	False	True	False	True	False	0	1	NOT_APPLICABLE_A2	VALID_TARGET_REFERENCE	DIRECT_TARGET_REFERENCE
OAPRV3_5009d0444bbcef73	W000012843	W4248812553	A2_AUTHOR_REVERSAL	In parenthesis	Jones, David	David Jones	1951.0	article	1	1	1	1	In parenthesis	Jones, David	OAA000014094	in parenthesis	2	2	ABSTRACT_ONLY	False	True	False	True	False	0	1	NOT_APPLICABLE_A2	VALID_TARGET_REFERENCE	DIRECT_TARGET_REFERENCE
OAPRV3_50a11105750f39cd	W000012843	W2091129880	A2_AUTHOR_REVERSAL	In parenthesis	Jones, David	In Parenthesis Among The War Books	1973.0	article	1	1	1	1	In parenthesis	Jones, David	OAA000014094	in parenthesis	2	2	TITLE_AND_ABSTRACT	True	True	False	True	False	0	1	NOT_APPLICABLE_A2	VALID_TARGET_REFERENCE	DIRECT_TARGET_REFERENCE
OAPRV3_582451dbf2bd929a	W000012843	W6907877212	A2_AUTHOR_REVERSAL	In parenthesis	Jones, David	58279: 'In Parenthesis' page 3	2024.0	other	1	1	1	1	In parenthesis	Jones, David	OAA000014094	in parenthesis	2	2	TITLE_AND_ABSTRACT	True	True	False	True	False	0	1	NOT_APPLICABLE_A2	VALID_TARGET_REFERENCE	DIRECT_TARGET_REFERENCE
OAPRV3_58c8a96aaf8e4b1a	W000012843	W6907924895	A2_AUTHOR_REVERSAL	In parenthesis	Jones, David	65970: Letter: To Colin Hughes (March 1971).	2024.0	article	1	1	1	1	In parenthesis	Jones, David	OAA000014094	in parenthesis	2	2	ABSTRACT_ONLY	False	True	False	True	False	0	1	NOT_APPLICABLE_A2	VALID_TARGET_REFERENCE	DIRECT_TARGET_REFERENCE
OAPRV3_5a69f6e5a75e3973	W000012843	W6945394665	A2_AUTHOR_REVERSAL	In parenthesis	Jones, David	65966: In Parenthesis - drafts of notes, maps, inserts and correspondence	2024.0	other	1	1	1	1	In parenthesis	Jones, David	OAA000014094	in parenthesis	2	2	TITLE_AND_ABSTRACT	True	True	False	True	False	0	1	NOT_APPLICABLE_A2	VALID_TARGET_REFERENCE	DIRECT_TARGET_REFERENCE
OAPRV3_5a72793b70cdf8dc	W000012843	W4246211997	A2_AUTHOR_REVERSAL	In parenthesis	Jones, David	David Jones	2014.0	other	1	1	1	1	In parenthesis	Jones, David	OAA000014094	in parenthesis	2	2	ABSTRACT_ONLY	False	True	False	True	False	0	1	NOT_APPLICABLE_A2	VALID_TARGET_REFERENCE	DIRECT_TARGET_REFERENCE
OAPRV3_5ad010a3b39d4fff	W000012843	W2798379462	A2_AUTHOR_REVERSAL	In parenthesis	Jones, David	Live from the Hong Kong Nile Club: Poems 1975-1990	2001.0	article	1	1	1	1	In parenthesis	Jones, David	OAA000014094	in parenthesis	2	2	ABSTRACT_ONLY	False	True	False	True	False	0	1	NOT_APPLICABLE_A2	VALID_TARGET_REFERENCE	DIRECT_TARGET_REFERENCE
OAPRV3_5d70f8c2507d4a46	W000012843	W6907817927	A2_AUTHOR_REVERSAL	In parenthesis	Jones, David	68548: 'In Parenthesis' Part 7 page 173	2024.0	other	1	1	1	1	In parenthesis	Jones, David	OAA000014094	in parenthesis	2	2	TITLE_AND_ABSTRACT	True	True	False	True	False	0	1	NOT_APPLICABLE_A2	VALID_TARGET_REFERENCE	DIRECT_TARGET_REFERENCE
OAPRV3_5f0d9404368e95dd	W000012843	W2213556544	A2_AUTHOR_REVERSAL	In parenthesis	Jones, David	Broadcasting in the Modernist Era ed. by Matthew Feldman, Erik Tonning, Henry Mead (review)	2015.0	article	1	1	1	1	In parenthesis	Jones, David	OAA000014094	in parenthesis	2	2	ABSTRACT_ONLY	False	True	False	True	False	0	1	NOT_APPLICABLE_A2	VALID_TARGET_REFERENCE	DIRECT_TARGET_REFERENCE
OAPRV3_60a9801eb720a839	W000012843	W2932919387	A2_AUTHOR_REVERSAL	In parenthesis	Jones, David	The Shape of Meaning in the Poetry of David Jones by Thomas Dilworth	1990.0	article	1	1	1	1	In parenthesis	Jones, David	OAA000014094	in parenthesis	2	2	ABSTRACT_ONLY	False	True	False	True	False	0	1	NOT_APPLICABLE_A2	VALID_TARGET_REFERENCE	DIRECT_TARGET_REFERENCE
OAPRV3_611755cf22894114	W000012843	W2223363951	A2_AUTHOR_REVERSAL	In parenthesis	Jones, David	The shape of history	2010.0	dissertation	1	1	1	1	In parenthesis	Jones, David	OAA000014094	in parenthesis	2	2	ABSTRACT_ONLY	False	True	False	True	False	0	1	NOT_APPLICABLE_A2	VALID_TARGET_REFERENCE	DIRECT_TARGET_REFERENCE
OAPRV3_622754bbec296289	W000012843	W4253680925	A2_AUTHOR_REVERSAL	In parenthesis	Jones, David		1951.0	paratext	1	1	1	1	In parenthesis	Jones, David	OAA000014094	in parenthesis	2	2	ABSTRACT_ONLY	False	True	False	True	False	0	1	NOT_APPLICABLE_A2	VALID_TARGET_REFERENCE	DIRECT_TARGET_REFERENCE
OAPRV3_6a98d33f5a4224f8	W000012843	W2801848614	A2_AUTHOR_REVERSAL	In parenthesis	Jones, David	Who's Listening to Modernism? BBC Features and Audience Response	2018.0	article	1	1	1	1	In parenthesis	Jones, David	OAA000014094	in parenthesis	2	2	ABSTRACT_ONLY	False	True	False	True	False	0	1	NOT_APPLICABLE_A2	VALID_TARGET_REFERENCE	DIRECT_TARGET_REFERENCE
OAPRV3_6b15a7f22f679b51	W000012843	W2935468084	A2_AUTHOR_REVERSAL	In parenthesis	Jones, David	“O Sisters Two What may we Do?”: Musical Allusion and the Female in David Jones’s In Parenthesis	1989.0	article	1	1	1	1	In parenthesis	Jones, David	OAA000014094	in parenthesis	2	2	TITLE_AND_ABSTRACT	True	True	False	True	False	0	1	NOT_APPLICABLE_A2	VALID_TARGET_REFERENCE	DIRECT_TARGET_REFERENCE
OAPRV3_6c6aed44165d4779	W000012843	W4235450482	A2_AUTHOR_REVERSAL	In parenthesis	Jones, David	David Jones and the Idea of Art	2017.0	book-chapter	1	1	1	1	In parenthesis	Jones, David	OAA000014094	in parenthesis	2	2	ABSTRACT_ONLY	False	True	False	True	False	0	1	NOT_APPLICABLE_A2	VALID_TARGET_REFERENCE	DIRECT_TARGET_REFERENCE
OAPRV3_6d204e97eb0c9f3a	W000012843	W3127613435	A2_AUTHOR_REVERSAL	In parenthesis	Jones, David	On the Parenthesis in T. S. Eliot’s The Cultivation of Christmas Trees	2020.0	article	1	1	1	1	In parenthesis	Jones, David	OAA000014094	in parenthesis	2	2	ABSTRACT_ONLY	False	True	False	True	False	0	1	NOT_APPLICABLE_A2	VALID_TARGET_REFERENCE	DIRECT_TARGET_REFERENCE
OAPRV3_6fa0418fe35344c8	W000012843	W1999573074	A2_AUTHOR_REVERSAL	In parenthesis	Jones, David	Apocalyptic Futures: Marked Bodies and the Violence of the Text in Kafka, Conrad, and Coetzee by Russell Samolsky (review)	2013.0	article	1	1	1	1	In parenthesis	Jones, David	OAA000014094	in parenthesis	2	2	ABSTRACT_ONLY	False	True	False	True	False	0	1	NOT_APPLICABLE_A2	VALID_TARGET_REFERENCE	DIRECT_TARGET_REFERENCE
OAPRV3_70f92393a1ad1fec	W000012843	W7208637175	A2_AUTHOR_REVERSAL	In parenthesis	Jones, David	"David Jones におけるアリュージョンの構造Ⅰ―""In Parenthesis""のなかのBreughel―"	1985.0	article	1	1	1	1	In parenthesis	Jones, David	OAA000014094	in parenthesis	2	2	TITLE_ONLY	True	False	False	True	False	0	1	NOT_APPLICABLE_A2	VALID_TARGET_REFERENCE	DIRECT_TARGET_REFERENCE
OAPRV3_71cae2bdfa86cab4	W000012843	W6999627687	A2_AUTHOR_REVERSAL	In parenthesis	Jones, David	David Jones, In Parenthesis	2019.0	book	1	1	1	1	In parenthesis	Jones, David	OAA000014094	in parenthesis	2	2	TITLE_ONLY	True	False	False	True	False	0	1	NOT_APPLICABLE_A2	VALID_TARGET_REFERENCE	DIRECT_TARGET_REFERENCE
OAPRV3_7396819b2e37a92a	W000012843	W7042219122	A2_AUTHOR_REVERSAL	In parenthesis	Jones, David	“O Sisters Two What may we Do?”: Musical Allusion and the Female in David Jones’s In Parenthesis	2019.0	article	1	1	1	1	In parenthesis	Jones, David	OAA000014094	in parenthesis	2	2	TITLE_ONLY	True	False	False	True	False	0	1	NOT_APPLICABLE_A2	VALID_TARGET_REFERENCE	DIRECT_TARGET_REFERENCE
OAPRV3_76e973b2d31f9d5c	W000012843	W6889088020	A2_AUTHOR_REVERSAL	In parenthesis	Jones, David	65974: Letter: To David Jones, includes a chit from 1915 on the use of respirators and smoke helmets, (November 1968).	2024.0	article	1	1	1	1	In parenthesis	Jones, David	OAA000014094	in parenthesis	2	2	ABSTRACT_ONLY	False	True	False	True	False	0	1	NOT_APPLICABLE_A2	VALID_TARGET_REFERENCE	DIRECT_TARGET_REFERENCE
OAPRV3_7b2cee3bb1269aa7	W000012843	W6945573734	A2_AUTHOR_REVERSAL	In parenthesis	Jones, David	65969: Letter: To Colin Hughes (January 1971).	2024.0	article	1	1	1	1	In parenthesis	Jones, David	OAA000014094	in parenthesis	2	2	ABSTRACT_ONLY	False	True	False	True	False	0	1	NOT_APPLICABLE_A2	VALID_TARGET_REFERENCE	DIRECT_TARGET_REFERENCE
OAPRV3_7d3bd621581102da	W000012843	W2478535609	A2_AUTHOR_REVERSAL	In parenthesis	Jones, David	REMYTHOLOGIZING David Jones’s In Parenthesis	1980.0	book-chapter	1	1	1	1	In parenthesis	Jones, David	OAA000014094	in parenthesis	2	2	TITLE_ONLY	True	False	False	True	False	0	1	NOT_APPLICABLE_A2	VALID_TARGET_REFERENCE	DIRECT_TARGET_REFERENCE
OAPRV3_7e4bd53ff5d6c433	W000012843	W6907814390	A2_AUTHOR_REVERSAL	In parenthesis	Jones, David	65974: Letter: To David Jones, includes a chit from 1915 on the use of respirators and smoke helmets, (November 1968).	2024.0	other	1	1	1	1	In parenthesis	Jones, David	OAA000014094	in parenthesis	2	2	ABSTRACT_ONLY	False	True	False	True	False	0	1	NOT_APPLICABLE_A2	VALID_TARGET_REFERENCE	DIRECT_TARGET_REFERENCE
OAPRV3_7fac87143cb6dcbc	W000012843	W4245030909	A2_AUTHOR_REVERSAL	In parenthesis	Jones, David	Scaling War	2018.0	book-chapter	1	1	1	1	In parenthesis	Jones, David	OAA000014094	in parenthesis	2	2	ABSTRACT_ONLY	False	True	False	True	False	0	1	NOT_APPLICABLE_A2	VALID_TARGET_REFERENCE	DIRECT_TARGET_REFERENCE
OAPRV3_8083de58b165f611	W000012843	W6926914080	A2_AUTHOR_REVERSAL	In parenthesis	Jones, David	68547: 'In Parenthesis' page 106	2024.0	other	1	1	1	1	In parenthesis	Jones, David	OAA000014094	in parenthesis	2	2	TITLE_AND_ABSTRACT	True	True	False	True	False	0	1	NOT_APPLICABLE_A2	VALID_TARGET_REFERENCE	DIRECT_TARGET_REFERENCE
OAPRV3_808816185f07a09a	W000012843	W6926659272	A2_AUTHOR_REVERSAL	In parenthesis	Jones, David	68544: 'In Parenthesis' Part 7 pages 152-153	2024.0	article	1	1	1	1	In parenthesis	Jones, David	OAA000014094	in parenthesis	2	2	TITLE_AND_ABSTRACT	True	True	False	True	False	0	1	NOT_APPLICABLE_A2	VALID_TARGET_REFERENCE	DIRECT_TARGET_REFERENCE
OAPRV3_80d27c3cf81f5087	W000012843	W2496938067	A2_AUTHOR_REVERSAL	In parenthesis	Jones, David	Catholic Modernisms: James Joyce and David Jones	2014.0	book-chapter	1	1	1	1	In parenthesis	Jones, David	OAA000014094	in parenthesis	2	2	ABSTRACT_ONLY	False	True	False	True	False	0	1	NOT_APPLICABLE_A2	VALID_TARGET_REFERENCE	DIRECT_TARGET_REFERENCE
OAPRV3_82443ae9cf7b1e22	W000012843	W6908103011	A2_AUTHOR_REVERSAL	In parenthesis	Jones, David	68549: 'In Parenthesis' Part 7 page 187	2024.0	article	1	1	1	1	In parenthesis	Jones, David	OAA000014094	in parenthesis	2	2	TITLE_AND_ABSTRACT	True	True	False	True	False	0	1	NOT_APPLICABLE_A2	VALID_TARGET_REFERENCE	DIRECT_TARGET_REFERENCE
OAPRV3_8343e33c2fed6555	W000012843	W6907786910	A2_AUTHOR_REVERSAL	In parenthesis	Jones, David	68550: 'In Parenthesis' extract from Part 5	2024.0	other	1	1	1	1	In parenthesis	Jones, David	OAA000014094	in parenthesis	2	2	TITLE_AND_ABSTRACT	True	True	False	True	False	0	1	NOT_APPLICABLE_A2	VALID_TARGET_REFERENCE	DIRECT_TARGET_REFERENCE
OAPRV3_84226853f097da6b	W000012843	W6907887457	A2_AUTHOR_REVERSAL	In parenthesis	Jones, David	65958: In Parenthesis (Part VII) early manuscript draft	2024.0	article	1	1	1	1	In parenthesis	Jones, David	OAA000014094	in parenthesis	2	2	TITLE_AND_ABSTRACT	True	True	False	True	False	0	1	NOT_APPLICABLE_A2	VALID_TARGET_REFERENCE	DIRECT_TARGET_REFERENCE
OAPRV3_843adb963a700188	W000012843	W1991708740	A2_AUTHOR_REVERSAL	In parenthesis	Jones, David	"David Jones's Blessed Rage for Order: The ""Will Toward Shape"""	2011.0	article	1	1	1	1	In parenthesis	Jones, David	OAA000014094	in parenthesis	2	2	ABSTRACT_ONLY	False	True	False	True	False	0	1	NOT_APPLICABLE_A2	VALID_TARGET_REFERENCE	DIRECT_TARGET_REFERENCE
OAPRV3_851466f48aa059d3	W000012843	W2031738068	A2_AUTHOR_REVERSAL	In parenthesis	Jones, David	THOMAS DILWORTH. Reading David Jones.	2009.0	article	1	1	1	1	In parenthesis	Jones, David	OAA000014094	in parenthesis	2	2	ABSTRACT_ONLY	False	True	False	True	False	0	1	NOT_APPLICABLE_A2	VALID_TARGET_REFERENCE	DIRECT_TARGET_REFERENCE
OAPRV3_853e653dd30b8eb2	W000012843	W6945552407	A2_AUTHOR_REVERSAL	In parenthesis	Jones, David	68543: 'In Parenthesis', Annotated printed edition	2024.0	other	1	1	1	1	In parenthesis	Jones, David	OAA000014094	in parenthesis	2	2	TITLE_AND_ABSTRACT	True	True	False	True	False	0	1	NOT_APPLICABLE_A2	VALID_TARGET_REFERENCE	DIRECT_TARGET_REFERENCE
OAPRV3_860012d92e6c5ac9	W000012843	W7015165243	A2_AUTHOR_REVERSAL	In parenthesis	Jones, David	Scaling war: poetic calibration and mythic measures in David Jones’s In Parenthesis	2018.0	book-chapter	1	1	1	1	In parenthesis	Jones, David	OAA000014094	in parenthesis	2	2	TITLE_AND_ABSTRACT	True	True	False	True	False	0	1	NOT_APPLICABLE_A2	VALID_TARGET_REFERENCE	DIRECT_TARGET_REFERENCE
OAPRV3_8a514eaca45b9481	W000012843	W6889159721	A2_AUTHOR_REVERSAL	In parenthesis	Jones, David	65965: In Parenthesis (Part VII) broadcast script, 1942	2024.0	article	1	1	1	1	In parenthesis	Jones, David	OAA000014094	in parenthesis	2	2	TITLE_AND_ABSTRACT	True	True	False	True	False	0	1	NOT_APPLICABLE_A2	VALID_TARGET_REFERENCE	DIRECT_TARGET_REFERENCE
OAPRV3_8b3cde2c4e4ef21e	W000012843	W6907993650	A2_AUTHOR_REVERSAL	In parenthesis	Jones, David	65936: In Parenthesis broadcast script, typescript introduction, 1946 (annotated 1964)	2024.0	other	1	1	1	1	In parenthesis	Jones, David	OAA000014094	in parenthesis	2	2	TITLE_AND_ABSTRACT	True	True	False	True	False	0	1	NOT_APPLICABLE_A2	VALID_TARGET_REFERENCE	VALID_CONTEXTUAL_REFERENCE
OAPRV3_8b69bdf3ca2216c2	W000012843	W2993442237	A2_AUTHOR_REVERSAL	In parenthesis	Jones, David	David Jones's In Parenthesis: New Measure	1982.0	article	1	1	1	1	In parenthesis	Jones, David	OAA000014094	in parenthesis	2	2	TITLE_ONLY	True	False	False	True	False	0	1	NOT_APPLICABLE_A2	VALID_TARGET_REFERENCE	DIRECT_TARGET_REFERENCE
OAPRV3_8c8026051e8b2bdd	W000012843	W423277916	A2_AUTHOR_REVERSAL	In parenthesis	Jones, David	The Preface as Criticism: T. S. Eliot on Nightwood	1988.0	article	1	1	1	1	In parenthesis	Jones, David	OAA000014094	in parenthesis	2	2	ABSTRACT_ONLY	False	True	False	True	False	0	1	NOT_APPLICABLE_A2	VALID_TARGET_REFERENCE	DIRECT_TARGET_REFERENCE
OAPRV3_8ef61052e563d3f6	W000012843	W6907997126	A2_AUTHOR_REVERSAL	In parenthesis	Jones, David	65964: In Parenthesis broadcast script, 1946	2024.0	other	1	1	1	1	In parenthesis	Jones, David	OAA000014094	in parenthesis	2	2	TITLE_AND_ABSTRACT	True	True	False	True	False	0	1	NOT_APPLICABLE_A2	VALID_TARGET_REFERENCE	VALID_CONTEXTUAL_REFERENCE
OAPRV3_9243af873e0ef0e8	W000012843	W6889254183	A2_AUTHOR_REVERSAL	In parenthesis	Jones, David	65944: Note about books and page numbers	2024.0	article	1	1	1	1	In parenthesis	Jones, David	OAA000014094	in parenthesis	2	2	ABSTRACT_ONLY	False	True	False	True	False	0	1	NOT_APPLICABLE_A2	VALID_TARGET_REFERENCE	DIRECT_TARGET_REFERENCE
OAPRV3_966026d4e04aeebb	W000012843	W2501364359	A2_AUTHOR_REVERSAL	In parenthesis	Jones, David	Frontispiece to In Parenthesis, Estate of David Jones and National Museum of Wales.	2013.0	paratext	1	1	1	1	In parenthesis	Jones, David	OAA000014094	in parenthesis	2	2	TITLE_ONLY	True	False	False	True	False	0	1	NOT_APPLICABLE_A2	VALID_TARGET_REFERENCE	DIRECT_TARGET_REFERENCE
OAPRV3_9a0ac94d61bc5cfc	W000012843	W2926391012	A2_AUTHOR_REVERSAL	In parenthesis	Jones, David	The God Approached: A Commentary on the Poems of William Empson by Philip Gardner and Averil Gardner, and: An Introductory Guide to The Anathemata and the Sleeping Lord Sequence of David Jones by Henry Summerfield, and: Beyond the Labyrinth: A Study of Edwin Muir’s Poetry by Christopher Wiseman	1981.0	article	1	1	1	1	In parenthesis	Jones, David	OAA000014094	in parenthesis	2	2	ABSTRACT_ONLY	False	True	False	True	False	0	1	NOT_APPLICABLE_A2	VALID_TARGET_REFERENCE	DIRECT_TARGET_REFERENCE
OAPRV3_9a3294b5ed3babac	W000012843	W799198058	A2_AUTHOR_REVERSAL	In parenthesis	Jones, David	The Expanse: Self-Consciousness and the Transatlantic Prose Poem	2008.0	dissertation	1	1	1	1	In parenthesis	Jones, David	OAA000014094	in parenthesis	2	2	ABSTRACT_ONLY	False	True	False	True	False	0	1	NOT_APPLICABLE_A2	VALID_TARGET_REFERENCE	DIRECT_TARGET_REFERENCE
OAPRV3_9a3a108642478e05	W000012843	W612325248	A2_AUTHOR_REVERSAL	In parenthesis	Jones, David	David Jones: A Fusilier at the Front : His Record of the Great War in Word and Image	1997.0	book	1	1	1	1	In parenthesis	Jones, David	OAA000014094	in parenthesis	2	2	ABSTRACT_ONLY	False	True	False	True	False	0	1	NOT_APPLICABLE_A2	VALID_TARGET_REFERENCE	DIRECT_TARGET_REFERENCE
OAPRV3_9e26675c1057a78b	W000012843	W2466128569	A2_AUTHOR_REVERSAL	In parenthesis	Jones, David	Mourning and Combat	2007.0	book-chapter	1	1	1	1	In parenthesis	Jones, David	OAA000014094	in parenthesis	2	2	ABSTRACT_ONLY	False	True	False	True	False	0	1	NOT_APPLICABLE_A2	VALID_TARGET_REFERENCE	DIRECT_TARGET_REFERENCE
OAPRV3_9fb92728c53e3857	W000012843	W2061833967	A2_AUTHOR_REVERSAL	In parenthesis	Jones, David	David Jones and Christopher Dawson	2003.0	article	1	1	1	1	In parenthesis	Jones, David	OAA000014094	in parenthesis	2	2	ABSTRACT_ONLY	False	True	False	True	False	0	1	NOT_APPLICABLE_A2	VALID_TARGET_REFERENCE	DIRECT_TARGET_REFERENCE
OAPRV3_a5b98c6e1680bbf2	W000012843	W4251618022	A2_AUTHOR_REVERSAL	In parenthesis	Jones, David	David Jones	1967.0	article	1	1	1	1	In parenthesis	Jones, David	OAA000014094	in parenthesis	2	2	ABSTRACT_ONLY	False	True	False	True	False	0	1	NOT_APPLICABLE_A2	VALID_TARGET_REFERENCE	DIRECT_TARGET_REFERENCE
OAPRV3_a6610d161cec507b	W000012843	W4247260815	A2_AUTHOR_REVERSAL	In parenthesis	Jones, David	Still-born words and still life worlds in the poetry of T. S. Eliot	2016.0	book-chapter	1	1	1	1	In parenthesis	Jones, David	OAA000014094	in parenthesis	2	2	ABSTRACT_ONLY	False	True	False	True	False	0	1	NOT_APPLICABLE_A2	VALID_TARGET_REFERENCE	DIRECT_TARGET_REFERENCE
OAPRV3_a95796b191dae3ed	W000012843	W6964070957	A2_AUTHOR_REVERSAL	In parenthesis	Jones, David	65972: Letter: To Colin Hughes (February 1972).	2024.0	article	1	1	1	1	In parenthesis	Jones, David	OAA000014094	in parenthesis	2	2	ABSTRACT_ONLY	False	True	False	True	False	0	1	NOT_APPLICABLE_A2	VALID_TARGET_REFERENCE	VALID_CONTEXTUAL_REFERENCE
OAPRV3_aa3f23b0ebada4a2	W000012843	W2210441596	A2_AUTHOR_REVERSAL	In parenthesis	Jones, David	Ethos and answerability in the novelized epic: passional readings of Elizabeth Barrett Browning's Aurora Leigh, David Jones's In Parenthesis, and Chenjerai Hove's Bones	2009.0	dissertation	1	1	1	1	In parenthesis	Jones, David	OAA000014094	in parenthesis	2	2	TITLE_AND_ABSTRACT	True	True	False	True	False	0	1	NOT_APPLICABLE_A2	VALID_TARGET_REFERENCE	DIRECT_TARGET_REFERENCE
OAPRV3_aa5ae2c8f7e82141	W000012843	W6945630519	A2_AUTHOR_REVERSAL	In parenthesis	Jones, David	65956: In Parenthesis (Fragments of Earliest Draft)	2024.0	other	1	1	1	1	In parenthesis	Jones, David	OAA000014094	in parenthesis	2	2	TITLE_AND_ABSTRACT	True	True	False	True	False	0	1	NOT_APPLICABLE_A2	VALID_TARGET_REFERENCE	DIRECT_TARGET_REFERENCE
OAPRV3_acec96c5543dbe3f	W000012843	W3022641994	A2_AUTHOR_REVERSAL	In parenthesis	Jones, David	Irenic Modernism: The Early Work of David Jones and W. H. Auden	2019.0	article	1	1	1	1	In parenthesis	Jones, David	OAA000014094	in parenthesis	2	2	ABSTRACT_ONLY	False	True	False	True	False	0	1	NOT_APPLICABLE_A2	VALID_TARGET_REFERENCE	DIRECT_TARGET_REFERENCE
OAPRV3_b2e3e33ffc93b2de	W000012843	W4221166181	A2_AUTHOR_REVERSAL	In parenthesis	Jones, David	TRANSFORMATIONS AND TRANSFIGURATIONS: BRITISHNESS AND ROMANNESS ACROSS THE EPOCHS IN EVELYN WAUGH AND DAVID JONES	2022.0	article	1	1	1	1	In parenthesis	Jones, David	OAA000014094	in parenthesis	2	2	ABSTRACT_ONLY	False	True	False	True	False	0	1	NOT_APPLICABLE_A2	VALID_TARGET_REFERENCE	DIRECT_TARGET_REFERENCE
OAPRV3_b3317a9a06253aac	W000012843	W3205319556	A2_AUTHOR_REVERSAL	In parenthesis	Jones, David	Wars in common: David Jones, John Ball and representations of collective experience in First World War writing	2021.0	article	1	1	1	1	In parenthesis	Jones, David	OAA000014094	in parenthesis	2	2	ABSTRACT_ONLY	False	True	False	True	False	0	1	NOT_APPLICABLE_A2	VALID_TARGET_REFERENCE	DIRECT_TARGET_REFERENCE
OAPRV3_b3cfbef76b94c1ce	W000012843	W312892875	A2_AUTHOR_REVERSAL	In parenthesis	Jones, David	Secret Histories/Impossible Objects: Toward a Hemispheric Poetics of Twentieth-Century Long Poems	2013.0	dissertation	1	1	1	1	In parenthesis	Jones, David	OAA000014094	in parenthesis	2	2	ABSTRACT_ONLY	False	True	False	True	False	0	1	NOT_APPLICABLE_A2	VALID_TARGET_REFERENCE	DIRECT_TARGET_REFERENCE
OAPRV3_b4107af1c8dd9379	W000012843	W3006089996	A2_AUTHOR_REVERSAL	In parenthesis	Jones, David	Long Narrative Poetry as a Lyric and Narrative Hybrid Form: A Stylistic Analysis of David Jones’ In Parenthesis	2020.0	article	1	1	1	1	In parenthesis	Jones, David	OAA000014094	in parenthesis	2	2	TITLE_AND_ABSTRACT	True	True	False	True	False	0	1	NOT_APPLICABLE_A2	VALID_TARGET_REFERENCE	DIRECT_TARGET_REFERENCE
OAPRV3_b5c1d9b8512fd7e0	W000012843	W3014020214	A2_AUTHOR_REVERSAL	In parenthesis	Jones, David	In Parenthesis by David Jones	2014.0	other	1	1	1	1	In parenthesis	Jones, David	OAA000014094	in parenthesis	2	2	TITLE_ONLY	True	False	False	True	False	0	1	NOT_APPLICABLE_A2	VALID_TARGET_REFERENCE	DIRECT_TARGET_REFERENCE
OAPRV3_b5d72eae7ea97cce	W000012843	W6945587885	A2_AUTHOR_REVERSAL	In parenthesis	Jones, David	68547: 'In Parenthesis' page 106	2024.0	article	1	1	1	1	In parenthesis	Jones, David	OAA000014094	in parenthesis	2	2	TITLE_AND_ABSTRACT	True	True	False	True	False	0	1	NOT_APPLICABLE_A2	VALID_TARGET_REFERENCE	DIRECT_TARGET_REFERENCE
OAPRV3_b69e18c1a7b59d19	W000012843	W7036417986	A2_AUTHOR_REVERSAL	In parenthesis	Jones, David	Beyond Englishness : culture and context in relation to David Jones's 'In Parenthesis'	2005.0	dissertation	1	1	1	1	In parenthesis	Jones, David	OAA000014094	in parenthesis	2	2	TITLE_ONLY	True	False	False	True	False	0	1	NOT_APPLICABLE_A2	VALID_TARGET_REFERENCE	DIRECT_TARGET_REFERENCE
OAPRV3_b7b20f3ceff9f8f6	W000012843	W4232975818	A2_AUTHOR_REVERSAL	In parenthesis	Jones, David	Beyond The Limits of Art and War Trauma David Jones’s ‘In Parenthesis’	2018.0	book-chapter	1	1	1	1	In parenthesis	Jones, David	OAA000014094	in parenthesis	2	2	TITLE_ONLY	True	False	False	True	False	0	1	NOT_APPLICABLE_A2	VALID_TARGET_REFERENCE	DIRECT_TARGET_REFERENCE
OAPRV3_b7b92e5ac5d35495	W000012843	W3163273706	A2_AUTHOR_REVERSAL	In parenthesis	Jones, David	Entering No-Man’s-Land: The Interior of Homines Sacri in David Jones’s In Parenthesis	2018.0	article	1	1	1	1	In parenthesis	Jones, David	OAA000014094	in parenthesis	2	2	TITLE_AND_ABSTRACT	True	True	False	True	False	0	1	NOT_APPLICABLE_A2	VALID_TARGET_REFERENCE	DIRECT_TARGET_REFERENCE
OAPRV3_b7da917cb6a94147	W000012843	W4234914977	A2_AUTHOR_REVERSAL	In parenthesis	Jones, David	"""Between two worlds become much like each other"": Liminal spaces in the poetry of David Jones and T.S. Eliot"	2014.0	dissertation	1	1	1	1	In parenthesis	Jones, David	OAA000014094	in parenthesis	2	2	ABSTRACT_ONLY	False	True	False	True	False	0	1	NOT_APPLICABLE_A2	VALID_TARGET_REFERENCE	DIRECT_TARGET_REFERENCE
OAPRV3_b892ac7d87a35913	W000012843	W2028903329	A2_AUTHOR_REVERSAL	In parenthesis	Jones, David	The Writing of the Seen World: David Jones's In Parenthesis	1979.0	article	1	1	1	1	In parenthesis	Jones, David	OAA000014094	in parenthesis	2	2	TITLE_ONLY	True	False	False	True	False	0	1	NOT_APPLICABLE_A2	VALID_TARGET_REFERENCE	DIRECT_TARGET_REFERENCE
OAPRV3_b92da1b7908eb4e9	W000012843	W3196581062	A2_AUTHOR_REVERSAL	In parenthesis	Jones, David	19 David Jones, In Parenthesis (1937)	2021.0	book-chapter	1	1	1	1	In parenthesis	Jones, David	OAA000014094	in parenthesis	2	2	TITLE_AND_ABSTRACT	True	True	False	True	False	0	1	NOT_APPLICABLE_A2	VALID_TARGET_REFERENCE	DIRECT_TARGET_REFERENCE
OAPRV3_b969c1eced88844d	W000012843	W1971894819	A2_AUTHOR_REVERSAL	In parenthesis	Jones, David	‘Unmistakable marks’: symbols and voices in David Jones's In Parenthesis	1983.0	article	1	1	1	1	In parenthesis	Jones, David	OAA000014094	in parenthesis	2	2	TITLE_ONLY	True	False	False	True	False	0	1	NOT_APPLICABLE_A2	VALID_TARGET_REFERENCE	DIRECT_TARGET_REFERENCE
OAPRV3_bb9cc95f440c5816	W000012843	W6889196012	A2_AUTHOR_REVERSAL	In parenthesis	Jones, David	65944: Note about books and page numbers	2024.0	other	1	1	1	1	In parenthesis	Jones, David	OAA000014094	in parenthesis	2	2	ABSTRACT_ONLY	False	True	False	True	False	0	1	NOT_APPLICABLE_A2	VALID_TARGET_REFERENCE	DIRECT_TARGET_REFERENCE
OAPRV3_bc011007f9fcbace	W000012843	W6908295162	A2_AUTHOR_REVERSAL	In parenthesis	Jones, David	58276: 'In Parenthesis' dedication page with inscription by David Jones	2024.0	other	1	1	1	1	In parenthesis	Jones, David	OAA000014094	in parenthesis	2	2	TITLE_AND_ABSTRACT	True	True	False	True	False	0	1	NOT_APPLICABLE_A2	VALID_TARGET_REFERENCE	DIRECT_TARGET_REFERENCE
OAPRV3_bc2a48c0d9024987	W000012843	W2094662913	A2_AUTHOR_REVERSAL	In parenthesis	Jones, David	Chesterton and Tolkien as Theologians: The Fantasy of the Real (review)	2009.0	article	1	1	1	1	In parenthesis	Jones, David	OAA000014094	in parenthesis	2	2	ABSTRACT_ONLY	False	True	False	True	False	0	1	NOT_APPLICABLE_A2	VALID_TARGET_REFERENCE	DIRECT_TARGET_REFERENCE
OAPRV3_bdce897e11fda0f3	W000012843	W4393953872	A2_AUTHOR_REVERSAL	In parenthesis	Jones, David	Feminism and Medievalism in Woolf’s Final Works	2024.0	other	1	1	1	1	In parenthesis	Jones, David	OAA000014094	in parenthesis	2	2	ABSTRACT_ONLY	False	True	False	True	False	0	1	NOT_APPLICABLE_A2	VALID_TARGET_REFERENCE	DIRECT_TARGET_REFERENCE
OAPRV3_bdef79077382b31c	W000012843	W2625087851	A2_AUTHOR_REVERSAL	In parenthesis	Jones, David	Entrenched Personalities: World War I, Modernism, and Perceptions of Sexual Identity	2013.0	article	1	1	1	1	In parenthesis	Jones, David	OAA000014094	in parenthesis	2	2	ABSTRACT_ONLY	False	True	False	True	False	0	1	NOT_APPLICABLE_A2	VALID_TARGET_REFERENCE	DIRECT_TARGET_REFERENCE
OAPRV3_bfc84c83fb429a4c	W000012843	W4396858177	A2_AUTHOR_REVERSAL	In parenthesis	Jones, David	Halsing David Jones	2024.0	book-chapter	1	1	1	1	In parenthesis	Jones, David	OAA000014094	in parenthesis	2	2	ABSTRACT_ONLY	False	True	False	True	False	0	1	NOT_APPLICABLE_A2	VALID_TARGET_REFERENCE	DIRECT_TARGET_REFERENCE
OAPRV3_c07f1acb3065fd5d	W000012843	W7164540410	A2_AUTHOR_REVERSAL	In parenthesis	Jones, David	Understanding Sublimation in Freudian Theory and Modernist Writing	2026.0	article	1	1	1	1	In parenthesis	Jones, David	OAA000014094	in parenthesis	2	2	ABSTRACT_ONLY	False	True	False	True	False	0	1	NOT_APPLICABLE_A2	VALID_TARGET_REFERENCE	DIRECT_TARGET_REFERENCE
OAPRV3_c1babff408d2d81e	W000012843	W83519514	A2_AUTHOR_REVERSAL	In parenthesis	Jones, David	Suffering and sacrifice in the major poetic works of David Jones	1997.0	dissertation	1	1	1	1	In parenthesis	Jones, David	OAA000014094	in parenthesis	2	2	ABSTRACT_ONLY	False	True	False	True	False	0	1	NOT_APPLICABLE_A2	VALID_TARGET_REFERENCE	DIRECT_TARGET_REFERENCE
OAPRV3_c24e894559ecf155	W000012843	W6941234214	A2_AUTHOR_REVERSAL	In parenthesis	Jones, David	A Bard in the Trenches	2023.0	article	1	1	1	1	In parenthesis	Jones, David	OAA000014094	in parenthesis	2	2	ABSTRACT_ONLY	False	True	False	True	False	0	1	NOT_APPLICABLE_A2	VALID_TARGET_REFERENCE	DIRECT_TARGET_REFERENCE
OAPRV3_c2e7351b66afd0f4	W000012843	W6964300943	A2_AUTHOR_REVERSAL	In parenthesis	Jones, David	58276: 'In Parenthesis' dedication page with inscription by David Jones	2024.0	article	1	1	1	1	In parenthesis	Jones, David	OAA000014094	in parenthesis	2	2	TITLE_AND_ABSTRACT	True	True	False	True	False	0	1	NOT_APPLICABLE_A2	VALID_TARGET_REFERENCE	DIRECT_TARGET_REFERENCE
OAPRV3_c3ea48af21f1ce10	W000012843	W4253847428	A2_AUTHOR_REVERSAL	In parenthesis	Jones, David	Keep the Islands Adjacent: David Jones and the “European Thing”	2016.0	book-chapter	1	1	1	1	In parenthesis	Jones, David	OAA000014094	in parenthesis	2	2	ABSTRACT_ONLY	False	True	False	True	False	0	1	NOT_APPLICABLE_A2	VALID_TARGET_REFERENCE	DIRECT_TARGET_REFERENCE
OAPRV3_c50d03a2242d65ad	W000012843	W2282716863	A2_AUTHOR_REVERSAL	In parenthesis	Jones, David	“Artificial Guts”: Labor and the Body in David Jones’s In Parenthesis	2015.0	article	1	1	1	1	In parenthesis	Jones, David	OAA000014094	in parenthesis	2	2	TITLE_AND_ABSTRACT	True	True	False	True	False	0	1	NOT_APPLICABLE_A2	VALID_TARGET_REFERENCE	DIRECT_TARGET_REFERENCE
OAPRV3_c68797254b436515	W000012843	W6907828753	A2_AUTHOR_REVERSAL	In parenthesis	Jones, David	68544: 'In Parenthesis' Part 7 pages 152-153	2024.0	other	1	1	1	1	In parenthesis	Jones, David	OAA000014094	in parenthesis	2	2	TITLE_AND_ABSTRACT	True	True	False	True	False	0	1	NOT_APPLICABLE_A2	VALID_TARGET_REFERENCE	DIRECT_TARGET_REFERENCE
OAPRV3_c7a4e0887df9c23d	W000012843	W563935931	A2_AUTHOR_REVERSAL	In parenthesis	Jones, David	David Jones, poète épique : In parenthesis and The anathemata, gestes polyphoniques	1993.0	dissertation	1	1	1	1	In parenthesis	Jones, David	OAA000014094	in parenthesis	2	2	TITLE_AND_ABSTRACT	True	True	False	True	False	0	1	NOT_APPLICABLE_A2	VALID_TARGET_REFERENCE	DIRECT_TARGET_REFERENCE
OAPRV3_cd4ffbf31604dcd8	W000012843	W6926898598	A2_AUTHOR_REVERSAL	In parenthesis	Jones, David	65970: Letter: To Colin Hughes (March 1971).	2024.0	other	1	1	1	1	In parenthesis	Jones, David	OAA000014094	in parenthesis	2	2	ABSTRACT_ONLY	False	True	False	True	False	0	1	NOT_APPLICABLE_A2	VALID_TARGET_REFERENCE	DIRECT_TARGET_REFERENCE
OAPRV3_cdaba934d319258c	W000012843	W2997984743	A2_AUTHOR_REVERSAL	In parenthesis	Jones, David	History, Geography, Poetry: David Jones’s Late Modernism	2019.0	article	1	1	1	1	In parenthesis	Jones, David	OAA000014094	in parenthesis	2	2	ABSTRACT_ONLY	False	True	False	True	False	0	1	NOT_APPLICABLE_A2	VALID_TARGET_REFERENCE	DIRECT_TARGET_REFERENCE
OAPRV3_d06b65433e6c112f	W000012843	W2566058682	A2_AUTHOR_REVERSAL	In parenthesis	Jones, David	A study of the endnotes to David Jones's In Parenthesis	2014.0	dissertation	1	1	1	1	In parenthesis	Jones, David	OAA000014094	in parenthesis	2	2	TITLE_ONLY	True	False	False	True	False	0	1	NOT_APPLICABLE_A2	VALID_TARGET_REFERENCE	DIRECT_TARGET_REFERENCE
OAPRV3_d3f82a1301f488d9	W000012843	W4210338409	A2_AUTHOR_REVERSAL	In parenthesis	Jones, David	Ethics and Nostalgia in the Contemporary Novel by John J. Su	2007.0	article	1	1	1	1	In parenthesis	Jones, David	OAA000014094	in parenthesis	2	2	ABSTRACT_ONLY	False	True	False	True	False	0	1	NOT_APPLICABLE_A2	VALID_TARGET_REFERENCE	DIRECT_TARGET_REFERENCE
OAPRV3_d5464a123a691115	W000012843	W1964127275	A2_AUTHOR_REVERSAL	In parenthesis	Jones, David	The Fate of Narrative in David Jones's Anathemata	1988.0	article	1	1	1	1	In parenthesis	Jones, David	OAA000014094	in parenthesis	2	2	ABSTRACT_ONLY	False	True	False	True	False	0	1	NOT_APPLICABLE_A2	VALID_TARGET_REFERENCE	DIRECT_TARGET_REFERENCE
OAPRV3_d6aee0aafe5e6ffe	W000012843	W6945592150	A2_AUTHOR_REVERSAL	In parenthesis	Jones, David	65935: In Parenthesis broadcast script, typescript introduction, 1946 (annotated 1964)	2024.0	article	1	1	1	1	In parenthesis	Jones, David	OAA000014094	in parenthesis	2	2	TITLE_AND_ABSTRACT	True	True	False	True	False	0	1	NOT_APPLICABLE_A2	VALID_TARGET_REFERENCE	VALID_CONTEXTUAL_REFERENCE
OAPRV3_d6febf0305ca0bd8	W000012843	W6945215118	A2_AUTHOR_REVERSAL	In parenthesis	Jones, David	65956: In Parenthesis (Fragments of Earliest Draft)	2024.0	article	1	1	1	1	In parenthesis	Jones, David	OAA000014094	in parenthesis	2	2	TITLE_AND_ABSTRACT	True	True	False	True	False	0	1	NOT_APPLICABLE_A2	VALID_TARGET_REFERENCE	DIRECT_TARGET_REFERENCE
OAPRV3_d88065fa0a766e8f	W000012843	W7212139660	A2_AUTHOR_REVERSAL	In parenthesis	Jones, David	War Trauma and Religious Cityscape in David Jones’s In Parenthesis	2007.0	article	1	1	1	1	In parenthesis	Jones, David	OAA000014094	in parenthesis	2	2	TITLE_ONLY	True	False	False	True	False	0	1	NOT_APPLICABLE_A2	VALID_TARGET_REFERENCE	DIRECT_TARGET_REFERENCE
OAPRV3_d8f161958761e5d5	W000012843	W4230937676	A2_AUTHOR_REVERSAL	In parenthesis	Jones, David	Broadcasts	1991.0	book-chapter	1	1	1	1	In parenthesis	Jones, David	OAA000014094	in parenthesis	2	2	ABSTRACT_ONLY	False	True	False	True	False	0	1	NOT_APPLICABLE_A2	VALID_TARGET_REFERENCE	DIRECT_TARGET_REFERENCE
OAPRV3_dbe748e426c83612	W000012843	W2772783614	A2_AUTHOR_REVERSAL	In parenthesis	Jones, David	The Greatest Poem of WWI: David Jones’s In Parenthesis	2016.0	article	1	1	1	1	In parenthesis	Jones, David	OAA000014094	in parenthesis	2	2	TITLE_ONLY	True	False	False	True	False	0	1	NOT_APPLICABLE_A2	VALID_TARGET_REFERENCE	DIRECT_TARGET_REFERENCE
OAPRV3_dce64030958c0b9b	W000012843	W1536207798	A2_AUTHOR_REVERSAL	In parenthesis	Jones, David	A comparison of some French and English literary responses to the 1914-1918 War	1978.0	dissertation	1	1	1	1	In parenthesis	Jones, David	OAA000014094	in parenthesis	2	2	ABSTRACT_ONLY	False	True	False	True	False	0	1	NOT_APPLICABLE_A2	VALID_TARGET_REFERENCE	DIRECT_TARGET_REFERENCE
OAPRV3_dd71c493596395ad	W000012843	W586185495	A2_AUTHOR_REVERSAL	In parenthesis	Jones, David	Selected Works of David Jones: From In Parenthesis, The Anathemata, The Sleeping Lord	1992.0	book	1	1	1	1	In parenthesis	Jones, David	OAA000014094	in parenthesis	2	2	TITLE_ONLY	True	False	False	True	False	0	1	NOT_APPLICABLE_A2	VALID_TARGET_REFERENCE	DIRECT_TARGET_REFERENCE
OAPRV3_de8fa51aee1561cd	W000012843	W2589650455	A2_AUTHOR_REVERSAL	In parenthesis	Jones, David	Trench traffic: David Jones's In Parenthesis	2016.0	article	1	1	1	1	In parenthesis	Jones, David	OAA000014094	in parenthesis	2	2	TITLE_AND_ABSTRACT	True	True	False	True	False	0	1	NOT_APPLICABLE_A2	VALID_TARGET_REFERENCE	DIRECT_TARGET_REFERENCE
OAPRV3_e577f47c06139523	W000012843	W6889104806	A2_AUTHOR_REVERSAL	In parenthesis	Jones, David	65934: In Parenthesis broadcast script, typescript introduction, 1946 (annotated 1964)	2024.0	other	1	1	1	1	In parenthesis	Jones, David	OAA000014094	in parenthesis	2	2	TITLE_AND_ABSTRACT	True	True	False	True	False	0	1	NOT_APPLICABLE_A2	VALID_TARGET_REFERENCE	VALID_CONTEXTUAL_REFERENCE
OAPRV3_e5a924f92b84108b	W000012843	W7019257842	A2_AUTHOR_REVERSAL	In parenthesis	Jones, David	The Failure of Chivalry, Courtesy, and Knighthood Post-WWI as Represented in David Jones’s In Parenthesis	2021.0	article	1	1	1	1	In parenthesis	Jones, David	OAA000014094	in parenthesis	2	2	TITLE_AND_ABSTRACT	True	True	False	True	False	0	1	NOT_APPLICABLE_A2	VALID_TARGET_REFERENCE	DIRECT_TARGET_REFERENCE
OAPRV3_e64a473f89229c7c	W000012843	W6889185096	A2_AUTHOR_REVERSAL	In parenthesis	Jones, David	65971: Letter: To Colin Hughes (July 1971).	2024.0	other	1	1	1	1	In parenthesis	Jones, David	OAA000014094	in parenthesis	2	2	ABSTRACT_ONLY	False	True	False	True	False	0	1	NOT_APPLICABLE_A2	VALID_TARGET_REFERENCE	VALID_CONTEXTUAL_REFERENCE
OAPRV3_e65fff405e31c611	W000012843	W6940272020	A2_AUTHOR_REVERSAL	In parenthesis	Jones, David	Children's Literature and Modern Thought: Bridging the Barrier of World War I	2022.0	dissertation	1	1	1	1	In parenthesis	Jones, David	OAA000014094	in parenthesis	2	2	ABSTRACT_ONLY	False	True	False	True	False	0	1	NOT_APPLICABLE_A2	VALID_TARGET_REFERENCE	DIRECT_TARGET_REFERENCE
OAPRV3_e746ca9d722345e1	W000012843	W2190917220	A2_AUTHOR_REVERSAL	In parenthesis	Jones, David	‘Throbbing on taut ear-drum’: The Acoustics of David Jones’ In Parenthesis	2015.0	article	1	1	1	1	In parenthesis	Jones, David	OAA000014094	in parenthesis	2	2	TITLE_AND_ABSTRACT	True	True	False	True	False	0	1	NOT_APPLICABLE_A2	VALID_TARGET_REFERENCE	DIRECT_TARGET_REFERENCE
OAPRV3_e747fdf838c186e5	W000012843	W6989557717	A2_AUTHOR_REVERSAL	In parenthesis	Jones, David	"""Between two worlds become much like each other"": Liminal spaces in the poetry of David Jones and T.S. Eliot"	2014.0	article	1	1	1	1	In parenthesis	Jones, David	OAA000014094	in parenthesis	2	2	ABSTRACT_ONLY	False	True	False	True	False	0	1	NOT_APPLICABLE_A2	VALID_TARGET_REFERENCE	DIRECT_TARGET_REFERENCE
OAPRV3_e8461bda7c13a49e	W000012843	W2313066152	A2_AUTHOR_REVERSAL	In parenthesis	Jones, David	Ancestral Memory, Ancient Unity: Footnotes as Poetic Device in David Jones's In Parenthesis	2010.0	article	1	1	1	1	In parenthesis	Jones, David	OAA000014094	in parenthesis	2	2	TITLE_ONLY	True	False	False	True	False	0	1	NOT_APPLICABLE_A2	VALID_TARGET_REFERENCE	DIRECT_TARGET_REFERENCE
OAPRV3_e9bd21512b793c4a	W000012843	W2999487902	A2_AUTHOR_REVERSAL	In parenthesis	Jones, David	David Jones’ In Parenthesis as an Intercultural Space	2017.0	article	1	1	1	1	In parenthesis	Jones, David	OAA000014094	in parenthesis	2	2	TITLE_AND_ABSTRACT	True	True	False	True	False	0	1	NOT_APPLICABLE_A2	VALID_TARGET_REFERENCE	DIRECT_TARGET_REFERENCE
OAPRV3_ead10dae8a19b0be	W000012843	W1966605349	A2_AUTHOR_REVERSAL	In parenthesis	Jones, David	The Parenthetical Liturgy of David Jones	1973.0	article	1	1	1	1	In parenthesis	Jones, David	OAA000014094	in parenthesis	2	2	ABSTRACT_ONLY	False	True	False	True	False	0	1	NOT_APPLICABLE_A2	VALID_TARGET_REFERENCE	DIRECT_TARGET_REFERENCE
OAPRV3_eb0311824d23481f	W000012843	W2173661803	A2_AUTHOR_REVERSAL	In parenthesis	Jones, David	An exploration of sight, and its relationship with reality, in literature from both world wars	2013.0	dissertation	1	1	1	1	In parenthesis	Jones, David	OAA000014094	in parenthesis	2	2	ABSTRACT_ONLY	False	True	False	True	False	0	1	NOT_APPLICABLE_A2	VALID_TARGET_REFERENCE	DIRECT_TARGET_REFERENCE
OAPRV3_ecbc9ec93ab11cbd	W000012843	W6964062061	A2_AUTHOR_REVERSAL	In parenthesis	Jones, David	68546: 'In Parenthesis' Part 7 page 155	2024.0	article	1	1	1	1	In parenthesis	Jones, David	OAA000014094	in parenthesis	2	2	TITLE_AND_ABSTRACT	True	True	False	True	False	0	1	NOT_APPLICABLE_A2	VALID_TARGET_REFERENCE	DIRECT_TARGET_REFERENCE
OAPRV3_ed665b14b187cb9f	W000012843	W2143380609	A2_AUTHOR_REVERSAL	In parenthesis	Jones, David	A Study of the use of Allusion in the War Literature of Frederic Manning, David Jones and Edmund Blunden	1980.0	dissertation	1	1	1	1	In parenthesis	Jones, David	OAA000014094	in parenthesis	2	2	ABSTRACT_ONLY	False	True	False	True	False	0	1	NOT_APPLICABLE_A2	VALID_TARGET_REFERENCE	DIRECT_TARGET_REFERENCE
OAPRV3_edbd2752c373a621	W000012843	W6945587181	A2_AUTHOR_REVERSAL	In parenthesis	Jones, David	65969: Letter: To Colin Hughes (January 1971).	2024.0	other	1	1	1	1	In parenthesis	Jones, David	OAA000014094	in parenthesis	2	2	ABSTRACT_ONLY	False	True	False	True	False	0	1	NOT_APPLICABLE_A2	VALID_TARGET_REFERENCE	DIRECT_TARGET_REFERENCE
OAPRV3_eded6607c97c7316	W000012843	W6964181424	A2_AUTHOR_REVERSAL	In parenthesis	Jones, David	65934: In Parenthesis broadcast script, typescript introduction, 1946 (annotated 1964)	2024.0	article	1	1	1	1	In parenthesis	Jones, David	OAA000014094	in parenthesis	2	2	TITLE_AND_ABSTRACT	True	True	False	True	False	0	1	NOT_APPLICABLE_A2	VALID_TARGET_REFERENCE	VALID_CONTEXTUAL_REFERENCE
OAPRV3_ee350a1b406263f4	W000012843	W6964260646	A2_AUTHOR_REVERSAL	In parenthesis	Jones, David	65958: In Parenthesis (Part VII) early manuscript draft	2024.0	other	1	1	1	1	In parenthesis	Jones, David	OAA000014094	in parenthesis	2	2	TITLE_AND_ABSTRACT	True	True	False	True	False	0	1	NOT_APPLICABLE_A2	VALID_TARGET_REFERENCE	DIRECT_TARGET_REFERENCE
OAPRV3_f111f83bc2b11347	W000012843	W7024566474	A2_AUTHOR_REVERSAL	In parenthesis	Jones, David	Scaling war: poetic calibration and mythic measures in David Jones’s In Parenthesis	2018.0	book-chapter	1	1	1	1	In parenthesis	Jones, David	OAA000014094	in parenthesis	2	2	TITLE_AND_ABSTRACT	True	True	False	True	False	0	1	NOT_APPLICABLE_A2	VALID_TARGET_REFERENCE	DIRECT_TARGET_REFERENCE
OAPRV3_f161d582efcd6eea	W000012843	W6964275712	A2_AUTHOR_REVERSAL	In parenthesis	Jones, David	65972: Letter: To Colin Hughes (February 1972).	2024.0	other	1	1	1	1	In parenthesis	Jones, David	OAA000014094	in parenthesis	2	2	ABSTRACT_ONLY	False	True	False	True	False	0	1	NOT_APPLICABLE_A2	VALID_TARGET_REFERENCE	VALID_CONTEXTUAL_REFERENCE
OAPRV3_f1660aebae5d5ff6	W000012843	W6964314826	A2_AUTHOR_REVERSAL	In parenthesis	Jones, David	65973: Letter: To Colin Hughes (February 1972).	2024.0	article	1	1	1	1	In parenthesis	Jones, David	OAA000014094	in parenthesis	2	2	ABSTRACT_ONLY	False	True	False	True	False	0	1	NOT_APPLICABLE_A2	VALID_TARGET_REFERENCE	VALID_CONTEXTUAL_REFERENCE
OAPRV3_f654345d55047314	W000012843	W4238895413	A2_AUTHOR_REVERSAL	In parenthesis	Jones, David	The sacrificial victim in David Jones’s In Parenthesis	2014.0	book-chapter	1	1	1	1	In parenthesis	Jones, David	OAA000014094	in parenthesis	2	2	TITLE_ONLY	True	False	False	True	False	0	1	NOT_APPLICABLE_A2	VALID_TARGET_REFERENCE	DIRECT_TARGET_REFERENCE
OAPRV3_f65867483176c1d0	W000012843	W4388370243	A2_AUTHOR_REVERSAL	In parenthesis	Jones, David	Exploratory Charts	1992.0	book-chapter	1	1	1	1	In parenthesis	Jones, David	OAA000014094	in parenthesis	2	2	ABSTRACT_ONLY	False	True	False	True	False	0	1	NOT_APPLICABLE_A2	VALID_TARGET_REFERENCE	DIRECT_TARGET_REFERENCE
OAPRV3_f712c77ef7e66725	W000012843	W6907896685	A2_AUTHOR_REVERSAL	In parenthesis	Jones, David	Truth Telling Versus Literary Allusion In David Jones’S In Parenthesis 1937 2	2024.0	other	1	1	1	1	In parenthesis	Jones, David	OAA000014094	in parenthesis	2	2	TITLE_ONLY	True	False	False	True	False	0	1	NOT_APPLICABLE_A2	VALID_TARGET_REFERENCE	DIRECT_TARGET_REFERENCE
OAPRV3_f7443dce5b9f975f	W000012843	W3009647717	A2_AUTHOR_REVERSAL	In parenthesis	Jones, David	Beyond the Limits of Art and War Trauma:: David Jones’ In Parenthesis	2018.0	article	1	1	1	1	In parenthesis	Jones, David	OAA000014094	in parenthesis	2	2	TITLE_ONLY	True	False	False	True	False	0	1	NOT_APPLICABLE_A2	VALID_TARGET_REFERENCE	DIRECT_TARGET_REFERENCE
OAPRV3_f7590bd719464e2d	W000012843	W4399826689	A2_AUTHOR_REVERSAL	In parenthesis	Jones, David	First World War Identities	2024.0	book-chapter	1	1	1	1	In parenthesis	Jones, David	OAA000014094	in parenthesis	2	2	ABSTRACT_ONLY	False	True	False	True	False	0	1	NOT_APPLICABLE_A2	VALID_TARGET_REFERENCE	DIRECT_TARGET_REFERENCE
OAPRV3_f7ffa7fe2f00b87c	W000012843	W612696670	A2_AUTHOR_REVERSAL	In parenthesis	Jones, David	The Return of King Arthur: British and American Arthurian Literature Since 1900 I.E. 1800	1984.0	book	1	1	1	1	In parenthesis	Jones, David	OAA000014094	in parenthesis	2	2	ABSTRACT_ONLY	False	True	False	True	False	0	1	NOT_APPLICABLE_A2	VALID_TARGET_REFERENCE	DIRECT_TARGET_REFERENCE
OAPRV3_f9393633b546f578	W000012843	W4245157565	A2_AUTHOR_REVERSAL	In parenthesis	Jones, David	David Jones	1998.0	book-chapter	1	1	1	1	In parenthesis	Jones, David	OAA000014094	in parenthesis	2	2	ABSTRACT_ONLY	False	True	False	True	False	0	1	NOT_APPLICABLE_A2	VALID_TARGET_REFERENCE	DIRECT_TARGET_REFERENCE
OAPRV3_fbcccb7f475fb066	W000012843	W6944983295	A2_AUTHOR_REVERSAL	In parenthesis	Jones, David	65968: Letter: To Colin Hughes (December 1970).	2024.0	article	1	1	1	1	In parenthesis	Jones, David	OAA000014094	in parenthesis	2	2	ABSTRACT_ONLY	False	True	False	True	False	0	1	NOT_APPLICABLE_A2	VALID_TARGET_REFERENCE	DIRECT_TARGET_REFERENCE
OAPRV3_4d131b588e74ca32	W000013001	W611977949	A2_AUTHOR_REVERSAL	Victorian novelists	Oliphant, James.	The Victorian Novel	1990.0	book	1	1	1	1	Victorian novelists	Oliphant, James.	OAA000014292	victorian novelists	2	2	ABSTRACT_ONLY	False	True	False	True	True	1	4	NOT_APPLICABLE_A2	INVALID_TARGET_REFERENCE	TITLE_COLLISION_DIFFERENT_WORK
OAPRV3_891f609f7848006f	W000013001	W2496877538	A2_AUTHOR_REVERSAL	Victorian novelists	Oliphant, James.	Early Criticism of the Victorian Novel from James Oliphant to David Cecil	2002.0	other	1	1	1	1	Victorian novelists	Oliphant, James.	OAA000014292	victorian novelists	2	2	ABSTRACT_ONLY	False	True	False	True	True	1	4	NOT_APPLICABLE_A2	INVALID_TARGET_REFERENCE	TITLE_COLLISION_DIFFERENT_WORK
OAPRV3_ebd11dc4c6c3e035	W000013001	W4396806059	A2_AUTHOR_REVERSAL	Victorian novelists	Oliphant, James.	Kipling and Zangwill	2024.0	book-chapter	1	1	1	1	Victorian novelists	Oliphant, James.	OAA000014292	victorian novelists	2	2	ABSTRACT_ONLY	False	True	False	True	True	1	4	NOT_APPLICABLE_A2	VALID_TARGET_REFERENCE	DIRECT_TARGET_REFERENCE
OAPRV3_afd67948359dc457	W000013782	W1995224492	A2_AUTHOR_REVERSAL	Ulrick the Ready	O'Grady, Standish	Standish James O'Grady: Between Imperial Romance and Irish Revival	2004.0	article	1	1	1	1	Ulrick the Ready	O'Grady, Standish	OAA000015173	ulrick the ready	3	3	ABSTRACT_ONLY	False	True	False	True	False	0	1	NOT_APPLICABLE_A2	VALID_TARGET_REFERENCE	DIRECT_TARGET_REFERENCE
OAPRV3_bbb04dff620015b2	W000013782	W3115457350	A2_AUTHOR_REVERSAL	Ulrick the Ready	O'Grady, Standish	Ulrick the Ready, or The chieftains' last rally	2021.0	other	1	1	1	1	Ulrick the Ready	O'Grady, Standish	OAA000015173	ulrick the ready	3	3	TITLE_AND_ABSTRACT	True	True	False	True	False	0	1	NOT_APPLICABLE_A2	VALID_TARGET_REFERENCE	DIRECT_TARGET_REFERENCE
OAPRV3_db136ddf2a0e93e4	W000022646	W4245986775	A2_AUTHOR_REVERSAL	The seven who fled	Prokosch, Frederic	An Emerging Sense of Critical Judgment	2017.0	book	1	1	1	1	The seven who fled	Prokosch, Frederic	OAA000025475	the seven who fled	4	4	ABSTRACT_ONLY	False	True	False	True	False	0	1	NOT_APPLICABLE_A2	VALID_TARGET_REFERENCE	DIRECT_TARGET_REFERENCE
OAPRV3_11072cf31bb06ddf	W000023580	W2803617861	A2_AUTHOR_REVERSAL	Companions of the left hand	Tabori, George	“Empathy for the Entire Spectrum of Selves and Others”: George Tabori's Humanism	2018.0	book-chapter	1	1	1	1	Companions of the left hand	Tabori, George	OAA000026467	companions of the left hand	5	5	ABSTRACT_ONLY	False	True	False	True	False	0	1	NOT_APPLICABLE_A2	VALID_TARGET_REFERENCE	DIRECT_TARGET_REFERENCE
OAPRV3_d2e6454c2130bf6b	W000024260	W4406868542	A2_AUTHOR_REVERSAL	The Paris of the novelists	Maurice, Arthur Bartlett	Arthur B. Maurice, Makers of Modern American Fiction (Women) (New York: The Mentor Association, 1919)	2024.0	book-chapter	1	1	1	1	The Paris of the novelists	Maurice, Arthur Bartlett	OAA000027192	the paris of the novelists	5	5	ABSTRACT_ONLY	False	True	False	True	False	0	1	NOT_APPLICABLE_A2	VALID_TARGET_REFERENCE	DIRECT_TARGET_REFERENCE
OAPRV3_1e4311100aab7715	W000025627	W4399085658	A2_AUTHOR_REVERSAL	Helen Brent, M. D	Meyer, Annie Nathan	Introduction	2022.0	book-chapter	1	1	1	1	Helen Brent, M. D	Meyer, Annie Nathan	OAA000028621	helen brent m d	4	4	ABSTRACT_ONLY	False	True	False	True	False	0	1	NOT_APPLICABLE_A2	VALID_TARGET_REFERENCE	DIRECT_TARGET_REFERENCE
OAPRV3_537c4a512b8ab4d0	W000025627	W4391185727	A2_AUTHOR_REVERSAL	Helen Brent, M. D	Meyer, Annie Nathan	Speculative Genealogies: Global Infertility and the Biopolitics of the Fertility Dystopia	2023.0	article	1	1	1	1	Helen Brent, M. D	Meyer, Annie Nathan	OAA000028621	helen brent m d	4	4	ABSTRACT_ONLY	False	True	False	True	False	0	1	NOT_APPLICABLE_A2	VALID_TARGET_REFERENCE	DIRECT_TARGET_REFERENCE
OAPRV3_7b0109a9ce72de90	W000025627	W4390141351	A2_AUTHOR_REVERSAL	Helen Brent, M. D	Meyer, Annie Nathan	(P)rescription Narratives: Feminist Medical Fiction and the Failure of American Censorship	2023.0	article	1	1	1	1	Helen Brent, M. D	Meyer, Annie Nathan	OAA000028621	helen brent m d	4	4	ABSTRACT_ONLY	False	True	False	True	False	0	1	NOT_APPLICABLE_A2	VALID_TARGET_REFERENCE	DIRECT_TARGET_REFERENCE
OAPRV3_9acdcb7a0aa86b05	W000025627	W7165479123	A2_AUTHOR_REVERSAL	Helen Brent, M. D	Meyer, Annie Nathan	“There’s Woman Clear Through That Girl’s Brains”: Interpretations of Embodied and Cultural Theories of Women’s Inferiority in Women Doctor Novels from 1880-1900	2026.0	dissertation	1	1	1	1	Helen Brent, M. D	Meyer, Annie Nathan	OAA000028621	helen brent m d	4	4	ABSTRACT_ONLY	False	True	False	True	False	0	1	NOT_APPLICABLE_A2	VALID_TARGET_REFERENCE	DIRECT_TARGET_REFERENCE
OAPRV3_9532b89ac4a0fd58	W000027859	W2529047345	A2_AUTHOR_REVERSAL	Emmy Lou	Martin, George Madden	Anni Mirabiles: Kentucky Literature at the Turn of the Century	1985.0	article	1	1	1	1	Emmy Lou	Martin, George Madden	OAA000030911	emmy lou	2	2	ABSTRACT_ONLY	False	True	False	True	False	0	1	NOT_APPLICABLE_A2	VALID_TARGET_REFERENCE	DIRECT_TARGET_REFERENCE
OAPRV3_096faf688bf65125	W000029053	W2764088370	A2_AUTHOR_REVERSAL	"""Me--Smith"""	Lockhart, Caroline	Gender and Genre: An Introduction to Women Writers of Formula Westerns, 1900–1950 by Norris Yates	1998.0	article	1	1	1	1	"""Me--Smith"""	Lockhart, Caroline	OAA000032113	me smith	2	2	ABSTRACT_ONLY	False	True	False	True	False	0	1	NOT_APPLICABLE_A2	VALID_TARGET_REFERENCE	DIRECT_TARGET_REFERENCE
OAPRV3_63cde1dd3a47c0dd	W000029053	W2761768916	A2_AUTHOR_REVERSAL	"""Me--Smith"""	Lockhart, Caroline	The Cowboy Girl: The Life of Caroline Lockhart by John Clayton	2008.0	article	1	1	1	1	"""Me--Smith"""	Lockhart, Caroline	OAA000032113	me smith	2	2	ABSTRACT_ONLY	False	True	False	True	False	0	1	NOT_APPLICABLE_A2	VALID_TARGET_REFERENCE	DIRECT_TARGET_REFERENCE
OAPRV3_8c8541f75c1e2f5a	W000029053	W98636580	A2_AUTHOR_REVERSAL	"""Me--Smith"""	Lockhart, Caroline	The Cowboy Girl: The Life of Caroline Lockhart	2008.0	article	1	1	1	1	"""Me--Smith"""	Lockhart, Caroline	OAA000032113	me smith	2	2	ABSTRACT_ONLY	False	True	False	True	False	0	1	NOT_APPLICABLE_A2	VALID_TARGET_REFERENCE	DIRECT_TARGET_REFERENCE
OAPRV3_f16bec8e2596f8f1	W000029053	W7023435768	A2_AUTHOR_REVERSAL	"""Me--Smith"""	Lockhart, Caroline	Caroline Lockhart	1994.0	article	1	1	1	1	"""Me--Smith"""	Lockhart, Caroline	OAA000032113	me smith	2	2	ABSTRACT_ONLY	False	True	False	True	False	0	1	NOT_APPLICABLE_A2	VALID_TARGET_REFERENCE	DIRECT_TARGET_REFERENCE
OAPRV3_6dc7bfb280ac4f35	W000030303	W4390754073	A2_AUTHOR_REVERSAL	Ionia	Craig, Alexander	Patriarchy's Ultimate Resilience	2024.0	book-chapter	1	1	1	1	Ionia	Craig, Alexander	OAA000033382	ionia	1	1	ABSTRACT_ONLY	False	True	False	True	False	0	1	NOT_APPLICABLE_A2	VALID_TARGET_REFERENCE	DIRECT_TARGET_REFERENCE
OAPRV3_a820e31b7c38832a	W000030687	W3210415795	A2_AUTHOR_REVERSAL	Revenge	White, John	Correspondence and notes for papers	1924.0	letter	1	1	1	1	Revenge	White, John	OAA000033822	revenge	1	1	ABSTRACT_ONLY	False	True	False	True	True	1	4	NOT_APPLICABLE_A2	INVALID_TARGET_REFERENCE	GENERIC_OR_LEXICAL_TITLE_USE
OAPRV3_139da912ad4f7c0b	W000031954	W4408665078	A2_AUTHOR_REVERSAL	Letters from a self-made merchant to his son	Lorimer, George Horace	จดหมายจางวางหรำ : คณคาและความสำคญตอพฒนาการวรรณกรรมไทย	2001.0	dissertation	2	2	1	2	Letters from a self-made merchant to his son	Lorimer, George Horace	OAA000015734 || OAA000034043	letters from a self made merchant to his son	9	9	ABSTRACT_ONLY	False	True	False	True	False	0	1	NOT_APPLICABLE_A2	VALID_TARGET_REFERENCE	DIRECT_TARGET_REFERENCE
OAPRV3_52a23b2516e41b7f	W000031954	W6886078409	A2_AUTHOR_REVERSAL	Letters from a self-made merchant to his son	Lorimer, George Horace	จดหมายจางวางหรำ : คณคาและความสำคญตอพฒนาการวรรณกรรมไทย		dataset	2	2	1	2	Letters from a self-made merchant to his son	Lorimer, George Horace	OAA000015734 || OAA000034043	letters from a self made merchant to his son	9	9	ABSTRACT_ONLY	False	True	False	True	False	0	1	NOT_APPLICABLE_A2	VALID_TARGET_REFERENCE	DIRECT_TARGET_REFERENCE
OAPRV3_5ab3cfea18a674b8	W000031954	W2997028128	A2_AUTHOR_REVERSAL	Letters from a self-made merchant to his son	Lorimer, George Horace	The Slope of the Years: Sister Carrie and Narratives of Aging in Late Nineteenth-Century American Literature	2019.0	article	2	2	1	2	Letters from a self-made merchant to his son	Lorimer, George Horace	OAA000015734 || OAA000034043	letters from a self made merchant to his son	9	9	ABSTRACT_ONLY	False	True	False	True	False	0	1	NOT_APPLICABLE_A2	VALID_TARGET_REFERENCE	DIRECT_TARGET_REFERENCE
OAPRV3_bb079e1259ad0302	W000031954	W7101049089	A2_AUTHOR_REVERSAL	Letters from a self-made merchant to his son	Lorimer, George Horace	Letter from Theodore Roosevelt to George Horace Lorimer 1904-01-11	1904.0	article	2	2	1	2	Letters from a self-made merchant to his son	Lorimer, George Horace	OAA000015734 || OAA000034043	letters from a self made merchant to his son	9	9	ABSTRACT_ONLY	False	True	False	True	False	0	1	NOT_APPLICABLE_A2	VALID_TARGET_REFERENCE	DIRECT_TARGET_REFERENCE
OAPRV3_cca4fa27d46f267c	W000031954	W4408692172	A2_AUTHOR_REVERSAL	Letters from a self-made merchant to his son	Lorimer, George Horace	นวนยายรปแบบจดหมายของไทย	2000.0	dissertation	2	2	1	2	Letters from a self-made merchant to his son	Lorimer, George Horace	OAA000015734 || OAA000034043	letters from a self made merchant to his son	9	9	ABSTRACT_ONLY	False	True	False	True	False	0	1	NOT_APPLICABLE_A2	VALID_TARGET_REFERENCE	DIRECT_TARGET_REFERENCE
OAPRV3_e4278a327f84d52e	W000031954	W6961126813	A2_AUTHOR_REVERSAL	Letters from a self-made merchant to his son	Lorimer, George Horace	นวนยายรปแบบจดหมายของไทย		dataset	2	2	1	2	Letters from a self-made merchant to his son	Lorimer, George Horace	OAA000015734 || OAA000034043	letters from a self made merchant to his son	9	9	ABSTRACT_ONLY	False	True	False	True	False	0	1	NOT_APPLICABLE_A2	VALID_TARGET_REFERENCE	DIRECT_TARGET_REFERENCE
OAPRV3_04577aa8894b1373	W000032087	W1608724589	A2_AUTHOR_REVERSAL	The English novel	Saintsbury, George	Origins: Horace Walpole and The Castle of Otranto	1999.0	book-chapter	3	3	1	3	The English novel	Saintsbury, George	OAA000000709 || OAA000009094 || OAA000021724	the english novel	3	3	ABSTRACT_ONLY	False	True	False	True	True	3	12	NOT_APPLICABLE_A2	VALID_TARGET_REFERENCE	DIRECT_TARGET_REFERENCE
OAPRV3_07769303c68d7f1d	W000032087	W2014645538	A2_AUTHOR_REVERSAL	The English novel	Saintsbury, George	The Rise of I	2001.0	article	3	3	1	3	The English novel	Saintsbury, George	OAA000000709 || OAA000009094 || OAA000021724	the english novel	3	3	ABSTRACT_ONLY	False	True	False	True	True	3	12	NOT_APPLICABLE_A2	INVALID_TARGET_REFERENCE	WRONG_WORK_SAME_AUTHOR
OAPRV3_83877e725422e6af	W000032087	W611977949	A2_AUTHOR_REVERSAL	The English novel	Saintsbury, George	The Victorian Novel	1990.0	book	3	3	1	3	The English novel	Saintsbury, George	OAA000000709 || OAA000009094 || OAA000021724	the english novel	3	3	ABSTRACT_ONLY	False	True	False	True	True	3	12	NOT_APPLICABLE_A2	VALID_TARGET_REFERENCE	DIRECT_TARGET_REFERENCE
OAPRV3_9689f31d673bd419	W000032087	W2496877538	A2_AUTHOR_REVERSAL	The English novel	Saintsbury, George	Early Criticism of the Victorian Novel from James Oliphant to David Cecil	2002.0	other	3	3	1	3	The English novel	Saintsbury, George	OAA000000709 || OAA000009094 || OAA000021724	the english novel	3	3	ABSTRACT_ONLY	False	True	False	True	True	3	12	NOT_APPLICABLE_A2	VALID_TARGET_REFERENCE	DIRECT_TARGET_REFERENCE
OAPRV3_99f9a1541fadf013	W000032087	W2087670458	A2_AUTHOR_REVERSAL	The English novel	Saintsbury, George	BRIAN CORMAN. Women Novelists Before Jane Austen: The Critics and Their Canons.	2010.0	article	3	3	1	3	The English novel	Saintsbury, George	OAA000000709 || OAA000009094 || OAA000021724	the english novel	3	3	ABSTRACT_ONLY	False	True	False	True	True	3	12	NOT_APPLICABLE_A2	VALID_TARGET_REFERENCE	DIRECT_TARGET_REFERENCE
OAPRV3_e013ee6b6bbf909f	W000032087	W4243700757	A2_AUTHOR_REVERSAL	The English novel	Saintsbury, George		2014.0	article	3	3	1	3	The English novel	Saintsbury, George	OAA000000709 || OAA000009094 || OAA000021724	the english novel	3	3	ABSTRACT_ONLY	False	True	False	True	True	3	12	NOT_APPLICABLE_A2	INVALID_TARGET_REFERENCE	TITLE_COLLISION_DIFFERENT_WORK
OAPRV3_fd5950bd4610100e	W000032087	W1973235922	A2_AUTHOR_REVERSAL	The English novel	Saintsbury, George	Women Novelists Before Jane Austen: The Critics and Their Canons (review)	2010.0	article	3	3	1	3	The English novel	Saintsbury, George	OAA000000709 || OAA000009094 || OAA000021724	the english novel	3	3	ABSTRACT_ONLY	False	True	False	True	True	3	12	NOT_APPLICABLE_A2	INVALID_TARGET_REFERENCE	GENERIC_OR_LEXICAL_TITLE_USE
OAPRV3_dbf6740bbf047dc3	W000032088	W7000804865	A2_AUTHOR_REVERSAL	The golden horseshoe	Bonsal, Stephen	The golden horseshoe; extracts from the letters of Captain H. L. Herndon of the 21st U.S. infantry, on duty in the Philippine Islands, adn Lieutenant Lawrence Gill, A.D.C. to the military governor of Puerto Rico. With a postscript by J. Sherman, private, Co.D, 21st infantry. Ed. by Stephen Bonsal.		article	2	2	1	2	The golden horseshoe	Bonsal, Stephen	OAA000007750 || OAA000010158	the golden horseshoe	3	3	TITLE_ONLY	True	False	False	True	True	2	3	NOT_APPLICABLE_A2	VALID_TARGET_REFERENCE	DIRECT_TARGET_REFERENCE
OAPRV3_a0e72f168b841806	W000032089	W2508685170	A2_AUTHOR_REVERSAL	The short-story	Albright, Evelyn May	The Short-Story, Its Principles and Structure. Evelyn May Albright	1908.0	article	2	2	1	2	The short-story	Albright, Evelyn May	OAA000027417 || OAA000033440	the short story	3	3	TITLE_ONLY	True	False	False	True	True	2	5	NOT_APPLICABLE_A2	VALID_TARGET_REFERENCE	DIRECT_TARGET_REFERENCE
OAPRV3_d260c8fe5de9d964	W000031685	W1505159525	ALIAS_EXPANSION	The spell, an extravaganza	Charlotte Brontë	Transrealism as a discourse of social change in Victorian fiction	2013.0	dissertation	1	1	1	1	The spell	Charlotte Brontë	OAA000000794	the spell	2	2	ABSTRACT_ONLY	False	True	True	False	False	0	1	TITLE_VARIANT_ONLY	VALID_TARGET_REFERENCE	VALID_TITLE_VARIANT
OAPRV3_638895a9eef0a83e	W000031703	W4293161184	ALIAS_EXPANSION	Civilisation 1914-1918	Georges Duhamel	On the narratives of French railways in the construction of the memory of the Great War, 1914-1918	2018.0	article	1	1	1	1	Civilization, 1914-1917	Georges Duhamel	OAA000001381	civilization 1914 1917	3	3	ABSTRACT_ONLY	False	True	True	False	False	0	1	TITLE_VARIANT_ONLY	VALID_TARGET_REFERENCE	VALID_TITLE_VARIANT
OAPRV3_06a8ad7bf8fba04a	W000031720	W1998771939	ALIAS_EXPANSION	Le docteur Pascal	Émile Zola	Zola, réceptions comiques: Le Naturalisme parodié par ses contemporains (prose, poésie, théâtre) (review)	2010.0	article	1	1	1	1	Docteur Pascal	Émile Zola	OAA000018683	docteur pascal	2	2	ABSTRACT_ONLY	False	True	True	False	False	0	1	TITLE_VARIANT_ONLY	VALID_TARGET_REFERENCE	DIRECT_TARGET_REFERENCE
OAPRV3_22786d4f643fa13e	W000031720	W7017419682	ALIAS_EXPANSION	Le docteur Pascal	Émile Zola	Apocalypse culturelle et temps cyclique dans La Débâcle d'Émile Zola	2024.0	dissertation	1	1	1	1	Docteur Pascal	Émile Zola	OAA000018683	docteur pascal	2	2	ABSTRACT_ONLY	False	True	True	False	False	0	1	TITLE_VARIANT_ONLY	VALID_TARGET_REFERENCE	DIRECT_TARGET_REFERENCE
OAPRV3_5d7daf276fd178b2	W000031720	W7104488721	ALIAS_EXPANSION	Le docteur Pascal	Émile Zola	Apocalypse culturelle et temps cyclique dans La Débâcle d'Émile Zola	2024.0	dissertation	1	1	1	1	Docteur Pascal	Émile Zola	OAA000018683	docteur pascal	2	2	ABSTRACT_ONLY	False	True	True	False	False	0	1	TITLE_VARIANT_ONLY	VALID_TARGET_REFERENCE	DIRECT_TARGET_REFERENCE
OAPRV3_974bfd5d37aa4943	W000031720	W2035448035	ALIAS_EXPANSION	Le docteur Pascal	Émile Zola	Blood Memory: Hereditary Metaphors in Émile Zola'sLe Docteur Pascal	1998.0	article	1	1	1	1	Docteur Pascal	Émile Zola	OAA000018683	docteur pascal	2	2	TITLE_ONLY	True	False	True	False	False	0	1	TITLE_VARIANT_ONLY	VALID_TARGET_REFERENCE	DIRECT_TARGET_REFERENCE
OAPRV3_aa9596b6606dba14	W000031720	W1480819338	ALIAS_EXPANSION	Le docteur Pascal	Émile Zola	Les odeurs dans l'œuvre romanesque d'Émile Zola jusqu'au Docteur Pascal	2003.0	book	1	1	1	1	Docteur Pascal	Émile Zola	OAA000018683	docteur pascal	2	2	TITLE_ONLY	True	False	True	False	False	0	1	TITLE_VARIANT_ONLY	VALID_TARGET_REFERENCE	DIRECT_TARGET_REFERENCE
OAPRV3_de763d436d56545f	W000031720	W7062413386	ALIAS_EXPANSION	Le docteur Pascal	Émile Zola	Temporalité et généricité : temps épique et temps romanesque. L’exemple du Docteur Pascal, d’Émile Zola	2006.0	article	1	1	1	1	Docteur Pascal	Émile Zola	OAA000018683	docteur pascal	2	2	TITLE_ONLY	True	False	True	False	False	0	1	TITLE_VARIANT_ONLY	VALID_TARGET_REFERENCE	DIRECT_TARGET_REFERENCE
OAPRV3_0f078f00bce796de	W000031727	W341409474	ALIAS_EXPANSION	The historical novel	Sir Herbert Butterfield	Nelson Estupinan Bass and the Historico-Political Novel: From Theory to Praxis	2002.0	article	1	1	1	1	The historical novel	Herbert Butterfield	OAA000020986	the historical novel	3	3	ABSTRACT_ONLY	False	True	True	False	True	1	2	AUTHOR_VARIANT_ONLY	INVALID_TARGET_REFERENCE	GENERIC_OR_LEXICAL_TITLE_USE
OAPRV3_3d9408cadcf5ea86	W000031727	W4233482762	ALIAS_EXPANSION	The historical novel	Sir Herbert Butterfield	Herbert Butterfield	2018.0	book-chapter	1	1	1	1	The historical novel	Herbert Butterfield	OAA000020986	the historical novel	3	3	ABSTRACT_ONLY	False	True	True	False	True	1	2	AUTHOR_VARIANT_ONLY	VALID_TARGET_REFERENCE	DIRECT_TARGET_REFERENCE
OAPRV3_4c636bd05bb5db32	W000031727	W4241542520	ALIAS_EXPANSION	The historical novel	Sir Herbert Butterfield	Introduction	2005.0	book-chapter	1	1	1	1	The historical novel	Herbert Butterfield	OAA000020986	the historical novel	3	3	ABSTRACT_ONLY	False	True	True	False	True	1	2	AUTHOR_VARIANT_ONLY	VALID_TARGET_REFERENCE	DIRECT_TARGET_REFERENCE
OAPRV3_0765a7aec065a2e5	W000031733	W3114644883	ALIAS_EXPANSION	Fontamara [by] Ignazio Silone	Ignazio Silone	"""Fontamara"" e ""Gli indifferenti "", due romanzi del ventennio fascista in Italia"	2020.0	dissertation	2	2	1	2	Fontamara	Ignazio Silone	OAA000002722 || OAA000017801	fontamara	1	1	TITLE_AND_ABSTRACT	True	True	True	False	False	0	1	TITLE_VARIANT_ONLY	VALID_TARGET_REFERENCE	DIRECT_TARGET_REFERENCE
OAPRV3_0837bfd582a97337	W000031733	W2049715317	ALIAS_EXPANSION	Fontamara [by] Ignazio Silone	Ignazio Silone	IGNAZIO SILONE ANDIL RISVEGLIO: THE I945 VERSION OF SILONE'SFONTAMARA	1996.0	article	2	2	1	2	Fontamara	Ignazio Silone	OAA000002722 || OAA000017801	fontamara	1	1	ABSTRACT_ONLY	False	True	True	False	False	0	1	TITLE_VARIANT_ONLY	VALID_TARGET_REFERENCE	DIRECT_TARGET_REFERENCE
OAPRV3_0c252932d29f94d7	W000031733	W2279006070	ALIAS_EXPANSION	Fontamara [by] Ignazio Silone	Ignazio Silone	Il romanzo sociale nella letteratura italiana e nella letteratura araba: studio comparativo tra Fontamara di Silone e Al-Ardh di Charkawi	2010.0	article	2	2	1	2	Fontamara	Ignazio Silone	OAA000002722 || OAA000017801	fontamara	1	1	TITLE_AND_ABSTRACT	True	True	True	False	False	0	1	TITLE_VARIANT_ONLY	VALID_TARGET_REFERENCE	DIRECT_TARGET_REFERENCE
OAPRV3_0c6fb7fe926ee0e6	W000031733	W7061038687	ALIAS_EXPANSION	Fontamara [by] Ignazio Silone	Ignazio Silone	O silêncio de Luca: do ergastolo à secreta afasia	2022.0	article	2	2	1	2	Fontamara	Ignazio Silone	OAA000002722 || OAA000017801	fontamara	1	1	ABSTRACT_ONLY	False	True	True	False	False	0	1	TITLE_VARIANT_ONLY	VALID_TARGET_REFERENCE	DIRECT_TARGET_REFERENCE
OAPRV3_0f9c9728c3d1d777	W000031733	W2992663898	ALIAS_EXPANSION	Fontamara [by] Ignazio Silone	Ignazio Silone	Ignazio silone e o sentimento da terra	2015.0	article	2	2	1	2	Fontamara	Ignazio Silone	OAA000002722 || OAA000017801	fontamara	1	1	ABSTRACT_ONLY	False	True	True	False	False	0	1	TITLE_VARIANT_ONLY	VALID_TARGET_REFERENCE	DIRECT_TARGET_REFERENCE
OAPRV3_1448eaece5348006	W000031733	W7119244204	ALIAS_EXPANSION	Fontamara [by] Ignazio Silone	Ignazio Silone	The journay to formation of Bernardo Viola and of Franz Biberkopf: a study of Bildungsroman in Fontamara, of Ignazio Silone, and in Berlin Alexanderplatz, of Alfred Döblin	2012.0	dissertation	2	2	1	2	Fontamara	Ignazio Silone	OAA000002722 || OAA000017801	fontamara	1	1	TITLE_AND_ABSTRACT	True	True	True	False	False	0	1	TITLE_VARIANT_ONLY	VALID_TARGET_REFERENCE	DIRECT_TARGET_REFERENCE
OAPRV3_145f6b867a381a43	W000031733	W4379622765	ALIAS_EXPANSION	Fontamara [by] Ignazio Silone	Ignazio Silone	The Reinvention of Ignazio Silone by Elizabeth Leake (review)	2005.0	article	2	2	1	2	Fontamara	Ignazio Silone	OAA000002722 || OAA000017801	fontamara	1	1	ABSTRACT_ONLY	False	True	True	False	False	0	1	TITLE_VARIANT_ONLY	VALID_TARGET_REFERENCE	DIRECT_TARGET_REFERENCE
OAPRV3_192458752cbcc974	W000031733	W7164639265	ALIAS_EXPANSION	Fontamara [by] Ignazio Silone	Ignazio Silone	Prologo	2026.0	book-chapter	2	2	1	2	Fontamara	Ignazio Silone	OAA000002722 || OAA000017801	fontamara	1	1	ABSTRACT_ONLY	False	True	True	False	False	0	1	TITLE_VARIANT_ONLY	VALID_TARGET_REFERENCE	DIRECT_TARGET_REFERENCE
OAPRV3_1937b2e350fed386	W000031733	W4287938707	ALIAS_EXPANSION	Fontamara [by] Ignazio Silone	Ignazio Silone	Per una lettura gramsciana di Fontamara d'Ignazio Silone	2020.0	book-chapter	2	2	1	2	Fontamara	Ignazio Silone	OAA000002722 || OAA000017801	fontamara	1	1	TITLE_ONLY	True	False	True	False	False	0	1	TITLE_VARIANT_ONLY	VALID_TARGET_REFERENCE	DIRECT_TARGET_REFERENCE
OAPRV3_229c5fb7a034ed61	W000031733	W2005024802	ALIAS_EXPANSION	Fontamara [by] Ignazio Silone	Ignazio Silone	The Reinvention of Ignazio Silone (review)	2007.0	article	2	2	1	2	Fontamara	Ignazio Silone	OAA000002722 || OAA000017801	fontamara	1	1	ABSTRACT_ONLY	False	True	True	False	False	0	1	TITLE_VARIANT_ONLY	VALID_TARGET_REFERENCE	DIRECT_TARGET_REFERENCE
OAPRV3_24ea84b516baefe9	W000031733	W4412803762	ALIAS_EXPANSION	Fontamara [by] Ignazio Silone	Ignazio Silone	Found in translation: the epistolary friendship of Rosika Schwimmer and Ignazio Silone	2025.0	article	2	2	1	2	Fontamara	Ignazio Silone	OAA000002722 || OAA000017801	fontamara	1	1	ABSTRACT_ONLY	False	True	True	False	False	0	1	TITLE_VARIANT_ONLY	VALID_TARGET_REFERENCE	DIRECT_TARGET_REFERENCE
OAPRV3_2d870ae78aea6e73	W000031733	W6930151728	ALIAS_EXPANSION	Fontamara [by] Ignazio Silone	Ignazio Silone	fontamara ignazio silone pdf	2024.0	other	2	2	1	2	Fontamara	Ignazio Silone	OAA000002722 || OAA000017801	fontamara	1	1	TITLE_AND_ABSTRACT	True	True	True	False	False	0	1	TITLE_VARIANT_ONLY	VALID_TARGET_REFERENCE	DIRECT_TARGET_REFERENCE
OAPRV3_3be82c8151cce9dc	W000031733	W2022891095	ALIAS_EXPANSION	Fontamara [by] Ignazio Silone	Ignazio Silone	The Power of the Story: Fiction and Political Change	1997.0	article	2	2	1	2	Fontamara	Ignazio Silone	OAA000002722 || OAA000017801	fontamara	1	1	ABSTRACT_ONLY	False	True	True	False	False	0	1	TITLE_VARIANT_ONLY	VALID_TARGET_REFERENCE	DIRECT_TARGET_REFERENCE
OAPRV3_3c2e630a6031b8ea	W000031733	W7029047840	ALIAS_EXPANSION	Fontamara [by] Ignazio Silone	Ignazio Silone	Ignazio Silone. L'alternativa umana nei tre romanzi dell'esilio	2015.0	dissertation	2	2	1	2	Fontamara	Ignazio Silone	OAA000002722 || OAA000017801	fontamara	1	1	ABSTRACT_ONLY	False	True	True	False	False	0	1	TITLE_VARIANT_ONLY	VALID_TARGET_REFERENCE	DIRECT_TARGET_REFERENCE
OAPRV3_4325d0ecee23e2e5	W000031733	W4404112242	ALIAS_EXPANSION	Fontamara [by] Ignazio Silone	Ignazio Silone	A palavra cafone na obra Fontamara, de Ignazio Silone	2024.0	article	2	2	1	2	Fontamara	Ignazio Silone	OAA000002722 || OAA000017801	fontamara	1	1	TITLE_AND_ABSTRACT	True	True	True	False	False	0	1	TITLE_VARIANT_ONLY	VALID_TARGET_REFERENCE	DIRECT_TARGET_REFERENCE
OAPRV3_469012ab76b70c05	W000031733	W821977072	ALIAS_EXPANSION	Fontamara [by] Ignazio Silone	Ignazio Silone	The Village and its Story: Indigenization of the 'Alien' Language in Raja Rao's Kanthapura and Ignazio Silone's Fontamara	2007.0	article	2	2	1	2	Fontamara	Ignazio Silone	OAA000002722 || OAA000017801	fontamara	1	1	TITLE_AND_ABSTRACT	True	True	True	False	False	0	1	TITLE_VARIANT_ONLY	VALID_TARGET_REFERENCE	DIRECT_TARGET_REFERENCE
OAPRV3_4a3fe6aeea931395	W000031733	W6973994877	ALIAS_EXPANSION	Fontamara [by] Ignazio Silone	Ignazio Silone	Il romanzo sociale nella letteratura italiana e nella letteratura araba: studio comparativo tra Fontamara di Silone e Al-Ardh di Charkawi (romanzo e film)	2010.0	dissertation	2	2	1	2	Fontamara	Ignazio Silone	OAA000002722 || OAA000017801	fontamara	1	1	TITLE_AND_ABSTRACT	True	True	True	False	False	0	1	TITLE_VARIANT_ONLY	VALID_TARGET_REFERENCE	DIRECT_TARGET_REFERENCE
OAPRV3_55a4ee972cad5e45	W000031733	W1529931713	ALIAS_EXPANSION	Fontamara [by] Ignazio Silone	Ignazio Silone	Ignazio Silone, Albert Camus, and Manes Sperber: Writing Between Stalinism and Fascism	2011.0	article	2	2	1	2	Fontamara	Ignazio Silone	OAA000002722 || OAA000017801	fontamara	1	1	ABSTRACT_ONLY	False	True	True	False	False	0	1	TITLE_VARIANT_ONLY	VALID_TARGET_REFERENCE	DIRECT_TARGET_REFERENCE
OAPRV3_5eac8d9bb188e975	W000031733	W2762288466	ALIAS_EXPANSION	Fontamara [by] Ignazio Silone	Ignazio Silone	Ignazio Silone, romancier militant : étude thématique et esthétique	2006.0	dissertation	2	2	1	2	Fontamara	Ignazio Silone	OAA000002722 || OAA000017801	fontamara	1	1	ABSTRACT_ONLY	False	True	True	False	False	0	1	TITLE_VARIANT_ONLY	VALID_TARGET_REFERENCE	DIRECT_TARGET_REFERENCE
OAPRV3_60ca5566b85b9699	W000031733	W4404928190	ALIAS_EXPANSION	Fontamara [by] Ignazio Silone	Ignazio Silone	Introduction	2024.0	book-chapter	2	2	1	2	Fontamara	Ignazio Silone	OAA000002722 || OAA000017801	fontamara	1	1	ABSTRACT_ONLY	False	True	True	False	False	0	1	TITLE_VARIANT_ONLY	VALID_TARGET_REFERENCE	DIRECT_TARGET_REFERENCE
OAPRV3_61600d1e0cafd226	W000031733	W4405004740	ALIAS_EXPANSION	Fontamara [by] Ignazio Silone	Ignazio Silone	Ambivalenter Realismus. Über Wirklichkeitsentwürfe in Fontamara (1933) von Ignazio Silone	2024.0	article	2	2	1	2	Fontamara	Ignazio Silone	OAA000002722 || OAA000017801	fontamara	1	1	TITLE_AND_ABSTRACT	True	True	True	False	False	0	1	TITLE_VARIANT_ONLY	VALID_TARGET_REFERENCE	DIRECT_TARGET_REFERENCE
OAPRV3_67c624922fe0edc6	W000031733	W1750229911	ALIAS_EXPANSION	Fontamara [by] Ignazio Silone	Ignazio Silone	Le problematiche della traduzione letteraria dall'italiano in arabo nel romanzo Fontamara di Ignazio Silone	2012.0	article	2	2	1	2	Fontamara	Ignazio Silone	OAA000002722 || OAA000017801	fontamara	1	1	TITLE_ONLY	True	False	True	False	False	0	1	TITLE_VARIANT_ONLY	VALID_TARGET_REFERENCE	DIRECT_TARGET_REFERENCE
OAPRV3_6ceb6438361c3f1f	W000031733	W1554174258	ALIAS_EXPANSION	Fontamara [by] Ignazio Silone	Ignazio Silone	Percorsi di integrazione nel romanzo italiano di Ignazio Silone e nell’opera coloniale indo-inglese di Raja Rao	2008.0	article	2	2	1	2	Fontamara	Ignazio Silone	OAA000002722 || OAA000017801	fontamara	1	1	ABSTRACT_ONLY	False	True	True	False	False	0	1	TITLE_VARIANT_ONLY	VALID_TARGET_REFERENCE	DIRECT_TARGET_REFERENCE
OAPRV3_6ec8794aff1ea8bd	W000031733	W4220935946	ALIAS_EXPANSION	Fontamara [by] Ignazio Silone	Ignazio Silone	As margens da subvivência em Fontamara	2022.0	article	2	2	1	2	Fontamara	Ignazio Silone	OAA000002722 || OAA000017801	fontamara	1	1	TITLE_AND_ABSTRACT	True	True	True	False	False	0	1	TITLE_VARIANT_ONLY	VALID_TARGET_REFERENCE	DIRECT_TARGET_REFERENCE
OAPRV3_7550bba634054ec9	W000031733	W6991546765	ALIAS_EXPANSION	Fontamara [by] Ignazio Silone	Ignazio Silone	Ignazio silone e o sentimento da terra	2005.0	article	2	2	1	2	Fontamara	Ignazio Silone	OAA000002722 || OAA000017801	fontamara	1	1	ABSTRACT_ONLY	False	True	True	False	False	0	1	TITLE_VARIANT_ONLY	VALID_TARGET_REFERENCE	DIRECT_TARGET_REFERENCE
OAPRV3_7a6ada849eb416b9	W000031733	W2788573024	ALIAS_EXPANSION	Fontamara [by] Ignazio Silone	Ignazio Silone	Influenze manzoniane nelle pagine di Ignazio Silone. Innaturalità della giustizia	2018.0	article	2	2	1	2	Fontamara	Ignazio Silone	OAA000002722 || OAA000017801	fontamara	1	1	ABSTRACT_ONLY	False	True	True	False	False	0	1	TITLE_VARIANT_ONLY	VALID_TARGET_REFERENCE	DIRECT_TARGET_REFERENCE
OAPRV3_834c7442c59ee84d	W000031733	W2510139027	ALIAS_EXPANSION	Fontamara [by] Ignazio Silone	Ignazio Silone	Las motivaciones de Ignazio Silone a través de su obra Fontamara	1971.0	article	2	2	1	2	Fontamara	Ignazio Silone	OAA000002722 || OAA000017801	fontamara	1	1	TITLE_ONLY	True	False	True	False	False	0	1	TITLE_VARIANT_ONLY	VALID_TARGET_REFERENCE	DIRECT_TARGET_REFERENCE
OAPRV3_848b91a112f089b6	W000031733	W4391279172	ALIAS_EXPANSION	Fontamara [by] Ignazio Silone	Ignazio Silone	Ignoranza e sottomissione. Il caso di Fontamara di Ignazio Silone	2024.0	article	2	2	1	2	Fontamara	Ignazio Silone	OAA000002722 || OAA000017801	fontamara	1	1	TITLE_AND_ABSTRACT	True	True	True	False	False	0	1	TITLE_VARIANT_ONLY	VALID_TARGET_REFERENCE	DIRECT_TARGET_REFERENCE
OAPRV3_90752b6e9f6dfdf8	W000031733	W152637071	ALIAS_EXPANSION	Fontamara [by] Ignazio Silone	Ignazio Silone	Fontamara / Ignazio Silone; penerjemah S. Maimaoen	1994.0	article	2	2	1	2	Fontamara	Ignazio Silone	OAA000002722 || OAA000017801	fontamara	1	1	TITLE_ONLY	True	False	True	False	False	0	1	TITLE_VARIANT_ONLY	VALID_TARGET_REFERENCE	DIRECT_TARGET_REFERENCE
OAPRV3_9145c06d986263e2	W000031733	W2593875006	ALIAS_EXPANSION	Fontamara [by] Ignazio Silone	Ignazio Silone	Colonial Narrative and Indigenous Consciousness in Raja Rao's Kanthapura and Ignazio Silone's Fontamara: A Partnership Study	2011.0	book-chapter	2	2	1	2	Fontamara	Ignazio Silone	OAA000002722 || OAA000017801	fontamara	1	1	TITLE_ONLY	True	False	True	False	False	0	1	TITLE_VARIANT_ONLY	VALID_TARGET_REFERENCE	DIRECT_TARGET_REFERENCE
OAPRV3_9dec8bf2f47f4066	W000031733	W2623988980	ALIAS_EXPANSION	Fontamara [by] Ignazio Silone	Ignazio Silone	Ignazio Silone: aspects et significatins d'une littérature de la crise	2009.0	article	2	2	1	2	Fontamara	Ignazio Silone	OAA000002722 || OAA000017801	fontamara	1	1	ABSTRACT_ONLY	False	True	True	False	False	0	1	TITLE_VARIANT_ONLY	VALID_TARGET_REFERENCE	DIRECT_TARGET_REFERENCE
OAPRV3_a77843f5d137d27a	W000031733	W6967896970	ALIAS_EXPANSION	Fontamara [by] Ignazio Silone	Ignazio Silone	Fontamara pdf	2024.0	other	2	2	1	2	Fontamara	Ignazio Silone	OAA000002722 || OAA000017801	fontamara	1	1	TITLE_AND_ABSTRACT	True	True	True	False	False	0	1	TITLE_VARIANT_ONLY	VALID_TARGET_REFERENCE	DIRECT_TARGET_REFERENCE
OAPRV3_acbd1649b26b26ff	W000031733	W2077313023	ALIAS_EXPANSION	Fontamara [by] Ignazio Silone	Ignazio Silone	Authors, Narrators, and the Poetics of Radical Fiction	1996.0	article	2	2	1	2	Fontamara	Ignazio Silone	OAA000002722 || OAA000017801	fontamara	1	1	ABSTRACT_ONLY	False	True	True	False	False	0	1	TITLE_VARIANT_ONLY	VALID_TARGET_REFERENCE	DIRECT_TARGET_REFERENCE
OAPRV3_ae339e3f30f13e0f	W000031733	W7114828327	ALIAS_EXPANSION	Fontamara [by] Ignazio Silone	Ignazio Silone	«Che libro meraviglioso!»: Silone, Trotzkij, Sabahattin Ali e la traduzione turca di Fontamara	2025.0	book-chapter	2	2	1	2	Fontamara	Ignazio Silone	OAA000002722 || OAA000017801	fontamara	1	1	TITLE_AND_ABSTRACT	True	True	True	False	False	0	1	TITLE_VARIANT_ONLY	VALID_TARGET_REFERENCE	DIRECT_TARGET_REFERENCE
OAPRV3_b06ef75b18316848	W000031733	W4210437404	ALIAS_EXPANSION	Fontamara [by] Ignazio Silone	Ignazio Silone	Italian Novels of Peasant Crisis, 1930-1950: Bonfires in the Night by Brian Moloney	2008.0	article	2	2	1	2	Fontamara	Ignazio Silone	OAA000002722 || OAA000017801	fontamara	1	1	ABSTRACT_ONLY	False	True	True	False	False	0	1	TITLE_VARIANT_ONLY	VALID_TARGET_REFERENCE	DIRECT_TARGET_REFERENCE
OAPRV3_b607538bdcc8f466	W000031733	W2282368843	ALIAS_EXPANSION	Fontamara [by] Ignazio Silone	Ignazio Silone	O périplo da formação de Berardo Viola e de Franz Biberkopf: um estudo do Bildungsroman em Fontamara, de Ignazio Silone, e em Berlin Alexanderplatz, de Alfred Döblin	2012.0	dissertation	2	2	1	2	Fontamara	Ignazio Silone	OAA000002722 || OAA000017801	fontamara	1	1	TITLE_AND_ABSTRACT	True	True	True	False	False	0	1	TITLE_VARIANT_ONLY	VALID_TARGET_REFERENCE	DIRECT_TARGET_REFERENCE
OAPRV3_b929f4ec19164f5d	W000031733	W7053103417	ALIAS_EXPANSION	Fontamara [by] Ignazio Silone	Ignazio Silone	Uma leitura coral das vozes narrativas em Fontamara, de Ignazio Silone	2021.0	article	2	2	1	2	Fontamara	Ignazio Silone	OAA000002722 || OAA000017801	fontamara	1	1	TITLE_AND_ABSTRACT	True	True	True	False	False	0	1	TITLE_VARIANT_ONLY	VALID_TARGET_REFERENCE	DIRECT_TARGET_REFERENCE
OAPRV3_b92c83ea4ae9b81c	W000031733	W4210728509	ALIAS_EXPANSION	Fontamara [by] Ignazio Silone	Ignazio Silone	Ignazio Silone in Exile: Writing and Antifascism in Switzerland, 1929-44 by Deborah Holmes	2007.0	article	2	2	1	2	Fontamara	Ignazio Silone	OAA000002722 || OAA000017801	fontamara	1	1	ABSTRACT_ONLY	False	True	True	False	False	0	1	TITLE_VARIANT_ONLY	VALID_TARGET_REFERENCE	DIRECT_TARGET_REFERENCE
OAPRV3_be027fb862966bc3	W000031733	W6948966142	ALIAS_EXPANSION	Fontamara [by] Ignazio Silone	Ignazio Silone	Fontamara pdf	2024.0	other	2	2	1	2	Fontamara	Ignazio Silone	OAA000002722 || OAA000017801	fontamara	1	1	TITLE_AND_ABSTRACT	True	True	True	False	False	0	1	TITLE_VARIANT_ONLY	VALID_TARGET_REFERENCE	DIRECT_TARGET_REFERENCE
OAPRV3_c8ccfbe81de0a0af	W000031733	W4394696145	ALIAS_EXPANSION	Fontamara [by] Ignazio Silone	Ignazio Silone	“Carne abituata a soffrire.” I cafoni abruzzesi, il mondo contadino e la crisi morale in Fontamara e Vino e pane di Ignazio Silone	2024.0	article	2	2	1	2	Fontamara	Ignazio Silone	OAA000002722 || OAA000017801	fontamara	1	1	TITLE_AND_ABSTRACT	True	True	True	False	False	0	1	TITLE_VARIANT_ONLY	VALID_TARGET_REFERENCE	DIRECT_TARGET_REFERENCE
OAPRV3_d2207336bc038210	W000031733	W2243090420	ALIAS_EXPANSION	Fontamara [by] Ignazio Silone	Ignazio Silone	실로네의 작품에 나타난 신부의 상(神父像)	2004.0	article	2	2	1	2	Fontamara	Ignazio Silone	OAA000002722 || OAA000017801	fontamara	1	1	ABSTRACT_ONLY	False	True	True	False	False	0	1	TITLE_VARIANT_ONLY	VALID_TARGET_REFERENCE	DIRECT_TARGET_REFERENCE
OAPRV3_df48bafa3320f6b2	W000031733	W2464796845	ALIAS_EXPANSION	Fontamara [by] Ignazio Silone	Ignazio Silone	"""O eterno fascismo italiano"" e a resistência dos romances de Ignazio Silone, Carlo Levi e Vasco Pratolini"	2016.0	article	2	2	1	2	Fontamara	Ignazio Silone	OAA000002722 || OAA000017801	fontamara	1	1	ABSTRACT_ONLY	False	True	True	False	False	0	1	TITLE_VARIANT_ONLY	VALID_TARGET_REFERENCE	VALID_CONTEXTUAL_REFERENCE
OAPRV3_e274f67f06fa164c	W000031733	W4210763565	ALIAS_EXPANSION	Fontamara [by] Ignazio Silone	Ignazio Silone	La speranza violenta: Alberto Moravia e il romanzo di formazione by Valentina Mascaretti	2008.0	article	2	2	1	2	Fontamara	Ignazio Silone	OAA000002722 || OAA000017801	fontamara	1	1	ABSTRACT_ONLY	False	True	True	False	False	0	1	TITLE_VARIANT_ONLY	VALID_TARGET_REFERENCE	DIRECT_TARGET_REFERENCE
OAPRV3_6701202ac53f07a9	W000031746	W25491298	ALIAS_EXPANSION	State fair	Phillip Duffield Stong	State fair / by Phil Stong	1950.0	article	1	1	1	1	State fair	Phil Stong	OAA000018312	state fair	2	2	TITLE_ONLY	True	False	True	False	False	0	1	AUTHOR_VARIANT_ONLY	VALID_TARGET_REFERENCE	DIRECT_TARGET_REFERENCE
OAPRV3_767682600249606c	W000031746	W2898175185	ALIAS_EXPANSION	State fair	Phillip Duffield Stong	Phil Strong's Buckskin Breeches	1987.0	article	1	1	1	1	State fair	Phil Stong	OAA000018312	state fair	2	2	ABSTRACT_ONLY	False	True	True	False	False	0	1	AUTHOR_VARIANT_ONLY	VALID_TARGET_REFERENCE	DIRECT_TARGET_REFERENCE
OAPRV3_a7cac507cdf4d1bb	W000031746	W43791326	ALIAS_EXPANSION	State fair	Phillip Duffield Stong	Phil Stong's State Fair	1989.0	article	1	1	1	1	State fair	Phil Stong	OAA000018312	state fair	2	2	TITLE_AND_ABSTRACT	True	True	True	False	False	0	1	AUTHOR_VARIANT_ONLY	VALID_TARGET_REFERENCE	DIRECT_TARGET_REFERENCE
OAPRV3_e5e80860cad4c802	W000031746	W2900391800	ALIAS_EXPANSION	State fair	Phillip Duffield Stong	Mr. Strong's Dreamy Iowa'	1998.0	article	1	1	1	1	State fair	Phil Stong	OAA000018312	state fair	2	2	ABSTRACT_ONLY	False	True	True	False	False	0	1	AUTHOR_VARIANT_ONLY	VALID_TARGET_REFERENCE	DIRECT_TARGET_REFERENCE
OAPRV3_87b38e6a9c0ca5cc	W000031752	W6892736900	ALIAS_EXPANSION	Tarzan the Untamed (Book #7)	Edgar Rice Burroughs	the untamed pdf	2024.0	other	1	1	1	1	Tarzan the untamed	Edgar Rice Burroughs	OAA000020149	tarzan the untamed	3	3	ABSTRACT_ONLY	False	True	True	False	False	0	1	TITLE_VARIANT_ONLY	VALID_TARGET_REFERENCE	DIRECT_TARGET_REFERENCE
OAPRV3_92a22b0b5cd583af	W000031752	W7062396897	ALIAS_EXPANSION	Tarzan the Untamed (Book #7)	Edgar Rice Burroughs	Tarzan the untamed / by Edgar Rice Burroughs.		article	1	1	1	1	Tarzan the untamed	Edgar Rice Burroughs	OAA000020149	tarzan the untamed	3	3	TITLE_ONLY	True	False	True	False	False	0	1	TITLE_VARIANT_ONLY	VALID_TARGET_REFERENCE	DIRECT_TARGET_REFERENCE
OAPRV3_f03382444dcc702a	W000031752	W7082412400	ALIAS_EXPANSION	Tarzan the Untamed (Book #7)	Edgar Rice Burroughs	Tarzan the untamed		article	1	1	1	1	Tarzan the untamed	Edgar Rice Burroughs	OAA000020149	tarzan the untamed	3	3	TITLE_AND_ABSTRACT	True	True	True	False	False	0	1	TITLE_VARIANT_ONLY	VALID_TARGET_REFERENCE	DIRECT_TARGET_REFERENCE
OAPRV3_6a0436472491be42	W000031766	W1540998036	ALIAS_EXPANSION	Notes on novelists, with some other notes	Henry James	"Framing ""The Liar"""	1991.0	article	2	2	1	2	Notes on novelists	Henry James	OAA000004332 || OAA000020935	notes on novelists	3	3	ABSTRACT_ONLY	False	True	True	False	False	0	1	TITLE_VARIANT_ONLY	VALID_TARGET_REFERENCE	VALID_TITLE_VARIANT
OAPRV3_9031e3511fc70a8f	W000031766	W1989022654	ALIAS_EXPANSION	Notes on novelists, with some other notes	Henry James	Henry James and George Sand: Lives and After-lives	2008.0	article	2	2	1	2	Notes on novelists	Henry James	OAA000004332 || OAA000020935	notes on novelists	3	3	ABSTRACT_ONLY	False	True	True	False	False	0	1	TITLE_VARIANT_ONLY	VALID_TARGET_REFERENCE	VALID_TITLE_VARIANT
OAPRV3_a42755b0bb58f51d	W000031766	W205819343	ALIAS_EXPANSION	Notes on novelists, with some other notes	Henry James	THREE CONRAD LETTERS IN THE EDITH WHARTON PAPERS	2016.0	article	2	2	1	2	Notes on novelists	Henry James	OAA000004332 || OAA000020935	notes on novelists	3	3	ABSTRACT_ONLY	False	True	True	False	False	0	1	TITLE_VARIANT_ONLY	VALID_TARGET_REFERENCE	VALID_TITLE_VARIANT
OAPRV3_a5650817ba759306	W000031766	W2018767549	ALIAS_EXPANSION	Notes on novelists, with some other notes	Henry James	The Literary Criticism of Henry James (review)	1983.0	article	2	2	1	2	Notes on novelists	Henry James	OAA000004332 || OAA000020935	notes on novelists	3	3	ABSTRACT_ONLY	False	True	True	False	False	0	1	TITLE_VARIANT_ONLY	VALID_TARGET_REFERENCE	VALID_TITLE_VARIANT
OAPRV3_b0ac28ff4aff8b05	W000031766	W4406869111	ALIAS_EXPANSION	Notes on novelists, with some other notes	Henry James	Henry James, Notes on Novelists (London: Dent, 1914)	2024.0	book-chapter	2	2	1	2	Notes on novelists	Henry James	OAA000004332 || OAA000020935	notes on novelists	3	3	TITLE_ONLY	True	False	True	False	False	0	1	TITLE_VARIANT_ONLY	VALID_TARGET_REFERENCE	VALID_TITLE_VARIANT
OAPRV3_dbdbf817e6ee80ec	W000031766	W4361826751	ALIAS_EXPANSION	Notes on novelists, with some other notes	Henry James	Loss of William, ‘So Shining a Presence’: Autobiographical Writing: The Great War and Death	2023.0	other	2	2	1	2	Notes on novelists	Henry James	OAA000004332 || OAA000020935	notes on novelists	3	3	ABSTRACT_ONLY	False	True	True	False	False	0	1	TITLE_VARIANT_ONLY	VALID_TARGET_REFERENCE	VALID_TITLE_VARIANT
OAPRV3_26190d211049b2bf	W000031771	W6930399928	ALIAS_EXPANSION	Joseph, der Erna hrer	Thomas Mann	Joseph und seine brüder pdf	2024.0	other	1	1	1	1	Joseph, der Ernährer	Thomas Mann	OAA000006956	joseph der ernährer	3	3	ABSTRACT_ONLY	False	True	True	False	False	0	1	TITLE_VARIANT_ONLY	VALID_TARGET_REFERENCE	DIRECT_TARGET_REFERENCE
OAPRV3_2bad108b83308e7a	W000031771	W6948769848	ALIAS_EXPANSION	Joseph, der Erna hrer	Thomas Mann	Joseph und seine brüder thomas mann pdf	2024.0	other	1	1	1	1	Joseph, der Ernährer	Thomas Mann	OAA000006956	joseph der ernährer	3	3	ABSTRACT_ONLY	False	True	True	False	False	0	1	TITLE_VARIANT_ONLY	VALID_TARGET_REFERENCE	DIRECT_TARGET_REFERENCE
OAPRV3_31e92a28e56f325c	W000031771	W2482630441	ALIAS_EXPANSION	Joseph, der Erna hrer	Thomas Mann	Exil als »beschädigtes Leben«: Thomas Mann und sein Roman Joseph, der Ernährer	2013.0	book-chapter	1	1	1	1	Joseph, der Ernährer	Thomas Mann	OAA000006956	joseph der ernährer	3	3	TITLE_ONLY	True	False	True	False	False	0	1	TITLE_VARIANT_ONLY	VALID_TARGET_REFERENCE	DIRECT_TARGET_REFERENCE
OAPRV3_45303543a0cc4543	W000031771	W6967547026	ALIAS_EXPANSION	Joseph, der Erna hrer	Thomas Mann	Joseph und seine brüder thomas mann pdf	2024.0	other	1	1	1	1	Joseph, der Ernährer	Thomas Mann	OAA000006956	joseph der ernährer	3	3	ABSTRACT_ONLY	False	True	True	False	False	0	1	TITLE_VARIANT_ONLY	VALID_TARGET_REFERENCE	DIRECT_TARGET_REFERENCE
OAPRV3_70a9b248c70ae133	W000031771	W2026027081	ALIAS_EXPANSION	Joseph, der Erna hrer	Thomas Mann	Ironische Brüderschaft Thomas Manns Joseph der Ernährer und Laurence Sternes Tristram Shandy	1958.0	article	1	1	1	1	Joseph, der Ernährer	Thomas Mann	OAA000006956	joseph der ernährer	3	3	TITLE_AND_ABSTRACT	True	True	True	False	False	0	1	TITLE_VARIANT_ONLY	VALID_TARGET_REFERENCE	DIRECT_TARGET_REFERENCE
OAPRV3_82ed2d9544ac2923	W000031771	W2182385784	ALIAS_EXPANSION	Joseph, der Erna hrer	Thomas Mann	Thomas Mann: Judeo-kršćanski roman o starozavjetnom Josipu	2008.0	article	1	1	1	1	Joseph, der Ernährer	Thomas Mann	OAA000006956	joseph der ernährer	3	3	ABSTRACT_ONLY	False	True	True	False	False	0	1	TITLE_VARIANT_ONLY	VALID_TARGET_REFERENCE	DIRECT_TARGET_REFERENCE
OAPRV3_b30d263fd5078770	W000031771	W6911664993	ALIAS_EXPANSION	Joseph, der Erna hrer	Thomas Mann	Joseph und seine brüder pdf	2024.0	other	1	1	1	1	Joseph, der Ernährer	Thomas Mann	OAA000006956	joseph der ernährer	3	3	ABSTRACT_ONLY	False	True	True	False	False	0	1	TITLE_VARIANT_ONLY	VALID_TARGET_REFERENCE	DIRECT_TARGET_REFERENCE
OAPRV3_b3946d4808c86f33	W000031771	W3098510527	ALIAS_EXPANSION	Joseph, der Erna hrer	Thomas Mann	Mann, Thomas: Joseph und seine Brüder	2020.0	book-chapter	1	1	1	1	Joseph, der Ernährer	Thomas Mann	OAA000006956	joseph der ernährer	3	3	ABSTRACT_ONLY	False	True	True	False	False	0	1	TITLE_VARIANT_ONLY	VALID_TARGET_REFERENCE	DIRECT_TARGET_REFERENCE
OAPRV3_c0dafc5d33fc89c4	W000031771	W4226467535	ALIAS_EXPANSION	Joseph, der Erna hrer	Thomas Mann	Contexts of Comprehension Using the Example of Gottfried Keller's The Smith of his Fortune	2021.0	book-chapter	1	1	1	1	Joseph, der Ernährer	Thomas Mann	OAA000006956	joseph der ernährer	3	3	ABSTRACT_ONLY	False	True	True	False	False	0	1	TITLE_VARIANT_ONLY	VALID_TARGET_REFERENCE	DIRECT_TARGET_REFERENCE
OAPRV3_ee91785c86115d7a	W000031771	W4253391373	ALIAS_EXPANSION	Joseph, der Erna hrer	Thomas Mann	Thomas Mann: Joseph und seine Brüder I. Die Geschichten Jaakobs/Der junge Joseph. Kommentar (Große kommentierte Frankfurter Ausgabe, 7.2), hrsg. von Jan Assmann, Dieter Borchmeyer und Stephan Stachorski, Frankfurt a. M.: Fischer Verlag 2018, 937 S.; ders.: Joseph und seine Brüder II. Joseph in Ägypten/Joseph, der Ernährer. Kommentar (Große kommentierte Frankfurter Ausgabe, 8.2), hrsg. von Jan Assmann, Dieter Borchmeyer und Stephan Stachorski, Frankfurt a. M.: Fischer Verlag 2018, 1142 S.	2019.0	article	1	1	1	1	Joseph, der Ernährer	Thomas Mann	OAA000006956	joseph der ernährer	3	3	TITLE_AND_ABSTRACT	True	True	True	False	False	0	1	TITLE_VARIANT_ONLY	VALID_TARGET_REFERENCE	DIRECT_TARGET_REFERENCE
OAPRV3_f9ac6eb57c2b3050	W000031771	W4210387049	ALIAS_EXPANSION	Joseph, der Erna hrer	Thomas Mann	Thomas Mann, Große kommentierte Frankfurter Ausgabe. Werke – Briefe – Tagebücher. Bd. 7.1: Joseph und seine Brüder I: Die Geschichten Jaakobs. Roman. Der junge Joseph. Roman. Bd. 7.2: Kommentar. Bd. 8.1: Joseph und seine Brüder II: Joseph in Ägypten. Roman. Joseph der Ernährer. Roman. Bd. 8.2: Kommentar. Hg. von Jan Assmann, Dieter Borchmeyer und Stephan Stachorski unter Mitwirkung von Peter Huber. Fischer, Frankfurt/M. 2018. [Bde. 7.1, 8.1 durchgezählt] 1929 S., [Bde. 7.2, 8.2 durchgezählt] 2094 S., [Bd. 7] € 85,–, [Bd. 8] € 96,–.	2020.0	article	1	1	1	1	Joseph, der Ernährer	Thomas Mann	OAA000006956	joseph der ernährer	3	3	TITLE_AND_ABSTRACT	True	True	True	False	False	0	1	TITLE_VARIANT_ONLY	VALID_TARGET_REFERENCE	DIRECT_TARGET_REFERENCE
OAPRV3_fe098e2e8a8688c2	W000031771	W7039293365	ALIAS_EXPANSION	Joseph, der Erna hrer	Thomas Mann	Mein Boss, der Zauberer Thomas Manns Sekretär erzählt	2011.0	article	1	1	1	1	Joseph, der Ernährer	Thomas Mann	OAA000006956	joseph der ernährer	3	3	ABSTRACT_ONLY	False	True	True	False	False	0	1	TITLE_VARIANT_ONLY	VALID_TARGET_REFERENCE	DIRECT_TARGET_REFERENCE
OAPRV3_24ed44b55fa1f753	W000031775	W2503394392	ALIAS_EXPANSION	Two little pilgrims' progress: a story of the City Beautiful	Frances Hodgson Burnett	A Book for Boys and Girls: Or, Country Rhimes for Children: Bunyan and literature for children	2010.0	book-chapter	1	1	1	1	Two little pilgrims' progress	Frances Hodgson Burnett	OAA000028216	two little pilgrims progress	4	4	ABSTRACT_ONLY	False	True	True	False	False	0	1	TITLE_VARIANT_ONLY	VALID_TARGET_REFERENCE	DIRECT_TARGET_REFERENCE
OAPRV3_526bbcbe270c5e03	W000031775	W2808821670	ALIAS_EXPANSION	Two little pilgrims' progress: a story of the City Beautiful	Frances Hodgson Burnett	The World in an Object Lesson: Visual Pedagogies in Children's Literature Produced for the 1893 Columbian Exposition	2018.0	dissertation	1	1	1	1	Two little pilgrims' progress	Frances Hodgson Burnett	OAA000028216	two little pilgrims progress	4	4	ABSTRACT_ONLY	False	True	True	False	False	0	1	TITLE_VARIANT_ONLY	VALID_TARGET_REFERENCE	DIRECT_TARGET_REFERENCE
OAPRV3_6400499d13327f34	W000031775	W3008702721	ALIAS_EXPANSION	Two little pilgrims' progress: a story of the City Beautiful	Frances Hodgson Burnett	Children's Literature and Imaginative Geography ed. by Aïda Hudson	2020.0	article	1	1	1	1	Two little pilgrims' progress	Frances Hodgson Burnett	OAA000028216	two little pilgrims progress	4	4	ABSTRACT_ONLY	False	True	True	False	False	0	1	TITLE_VARIANT_ONLY	VALID_TARGET_REFERENCE	DIRECT_TARGET_REFERENCE
OAPRV3_ebd830ddf02b1744	W000031775	W2791266118	ALIAS_EXPANSION	Two little pilgrims' progress: a story of the City Beautiful	Frances Hodgson Burnett	The Literary Reception of the Chicago World's Columbian Exposition, 1893	2002.0	dissertation	1	1	1	1	Two little pilgrims' progress	Frances Hodgson Burnett	OAA000028216	two little pilgrims progress	4	4	ABSTRACT_ONLY	False	True	True	False	False	0	1	TITLE_VARIANT_ONLY	VALID_TARGET_REFERENCE	DIRECT_TARGET_REFERENCE
OAPRV3_f7095e4fbb96e5fb	W000031775	W4391371035	ALIAS_EXPANSION	Two little pilgrims' progress: a story of the City Beautiful	Frances Hodgson Burnett	From Vanity to World’s Fair: The Landscape of John Bunyan’s Allegory in Frances Hodgson Burnett’s Two Little Pilgrims’ Progress	2019.0	book-chapter	1	1	1	1	Two little pilgrims' progress	Frances Hodgson Burnett	OAA000028216	two little pilgrims progress	4	4	TITLE_AND_ABSTRACT	True	True	True	False	False	0	1	TITLE_VARIANT_ONLY	VALID_TARGET_REFERENCE	DIRECT_TARGET_REFERENCE
OAPRV3_0645942fa4a958aa	W000031792	W250301918	ALIAS_EXPANSION	The Happy Prince & Other Stories	Oscar Wilde	Perceptions of Childhood in the Victorian Fin-de-Siècle, by Jennifer Sattaur History and the Construction of the Child in Early British Children's Literature, by Jackie C. Horne	2013.0	article	1	1	1	1	The Happy Prince and other tales	Oscar Wilde	OAA000033851	the happy prince and other tales	6	6	ABSTRACT_ONLY	False	True	True	False	False	0	1	TITLE_VARIANT_ONLY	VALID_TARGET_REFERENCE	VALID_TITLE_VARIANT
OAPRV3_0f7ca4dd61e52c10	W000031792	W1979954298	ALIAS_EXPANSION	The Happy Prince & Other Stories	Oscar Wilde	Morality's Ugly Implications in Oscar Wilde's Fairy Tales	2011.0	article	1	1	1	1	The Happy Prince and other tales	Oscar Wilde	OAA000033851	the happy prince and other tales	6	6	ABSTRACT_ONLY	False	True	True	False	False	0	1	TITLE_VARIANT_ONLY	VALID_TARGET_REFERENCE	VALID_TITLE_VARIANT
OAPRV3_1d72c482f49ce346	W000031792	W7128346822	ALIAS_EXPANSION	The Happy Prince & Other Stories	Oscar Wilde	O. Wilde: The happy prince and other tales	2013.0	dissertation	1	1	1	1	The Happy Prince and other tales	Oscar Wilde	OAA000033851	the happy prince and other tales	6	6	TITLE_ONLY	True	False	True	False	False	0	1	TITLE_VARIANT_ONLY	VALID_TARGET_REFERENCE	VALID_TITLE_VARIANT
OAPRV3_1ed51157c0705b78	W000031792	W7075625559	ALIAS_EXPANSION	The Happy Prince & Other Stories	Oscar Wilde	The Happy Prince and Other Tales	2020.0	article	1	1	1	1	The Happy Prince and other tales	Oscar Wilde	OAA000033851	the happy prince and other tales	6	6	TITLE_AND_ABSTRACT	True	True	True	False	False	0	1	TITLE_VARIANT_ONLY	VALID_TARGET_REFERENCE	VALID_TITLE_VARIANT
OAPRV3_2004aec8d0eb094c	W000031792	W7051760898	ALIAS_EXPANSION	The Happy Prince & Other Stories	Oscar Wilde	Oscar Wilde, The happy prince and other tales	2009.0	book-chapter	1	1	1	1	The Happy Prince and other tales	Oscar Wilde	OAA000033851	the happy prince and other tales	6	6	TITLE_ONLY	True	False	True	False	False	0	1	TITLE_VARIANT_ONLY	VALID_TARGET_REFERENCE	VALID_TITLE_VARIANT
OAPRV3_21d24e0a37f6ff66	W000031792	W4405279976	ALIAS_EXPANSION	The Happy Prince & Other Stories	Oscar Wilde	BEAUTY AND YOUTH IN COLLECTION OF FAIRY TALES “THE HAPPY PRINCE AND OTHER TALES” BY OSCAR WILDE	2024.0	conference-paper	1	1	1	1	The Happy Prince and other tales	Oscar Wilde	OAA000033851	the happy prince and other tales	6	6	TITLE_ONLY	True	False	True	False	False	0	1	TITLE_VARIANT_ONLY	VALID_TARGET_REFERENCE	VALID_TITLE_VARIANT
OAPRV3_232da54381d6834c	W000031792	W2186643191	ALIAS_EXPANSION	The Happy Prince & Other Stories	Oscar Wilde	Pederasty and Sexual Activity in Oscar Wilde’s The Happy Prince and Other Tales“	2013.0	article	1	1	1	1	The Happy Prince and other tales	Oscar Wilde	OAA000033851	the happy prince and other tales	6	6	TITLE_AND_ABSTRACT	True	True	True	False	False	0	1	TITLE_VARIANT_ONLY	VALID_TARGET_REFERENCE	VALID_TITLE_VARIANT
OAPRV3_27be9b30472e60b6	W000031792	W4404002818	ALIAS_EXPANSION	The Happy Prince & Other Stories	Oscar Wilde	Social Satire in Oscar Wilde's Fairy Tales	2024.0	article	1	1	1	1	The Happy Prince and other tales	Oscar Wilde	OAA000033851	the happy prince and other tales	6	6	ABSTRACT_ONLY	False	True	True	False	False	0	1	TITLE_VARIANT_ONLY	VALID_TARGET_REFERENCE	VALID_TITLE_VARIANT
OAPRV3_27c4c28c9294eefd	W000031792	W2759858042	ALIAS_EXPANSION	The Happy Prince & Other Stories	Oscar Wilde	Oscar Wilde'ın Mutlu Prens Adlı Masalının Türkçe'ye Çevirileri Üzerine Örnek Bir Çalışma	2017.0	article	1	1	1	1	The Happy Prince and other tales	Oscar Wilde	OAA000033851	the happy prince and other tales	6	6	ABSTRACT_ONLY	False	True	True	False	False	0	1	TITLE_VARIANT_ONLY	VALID_TARGET_REFERENCE	VALID_TITLE_VARIANT
OAPRV3_29076a51dc6b493e	W000031792	W4385352047	ALIAS_EXPANSION	The Happy Prince & Other Stories	Oscar Wilde	Linguistic and semiotic representation of pessimism in The Happy Prince and Other Tales by Oscar Wilde	2023.0	article	1	1	1	1	The Happy Prince and other tales	Oscar Wilde	OAA000033851	the happy prince and other tales	6	6	TITLE_AND_ABSTRACT	True	True	True	False	False	0	1	TITLE_VARIANT_ONLY	VALID_TARGET_REFERENCE	VALID_TITLE_VARIANT
OAPRV3_298be4a361299e08	W000031792	W180725583	ALIAS_EXPANSION	The Happy Prince & Other Stories	Oscar Wilde	Oscar Wilde’s “The Happy Prince” : The Hidden Messages and the Debate on the Target Audience	2007.0	dissertation	1	1	1	1	The Happy Prince and other tales	Oscar Wilde	OAA000033851	the happy prince and other tales	6	6	ABSTRACT_ONLY	False	True	True	False	False	0	1	TITLE_VARIANT_ONLY	VALID_TARGET_REFERENCE	VALID_TITLE_VARIANT
OAPRV3_2aa0a01fa8a0ab41	W000031792	W2098047882	ALIAS_EXPANSION	The Happy Prince & Other Stories	Oscar Wilde	'Pitchforking Irish Coercionists into Colonial Vacancies'	2013.0	article	1	1	1	1	The Happy Prince and other tales	Oscar Wilde	OAA000033851	the happy prince and other tales	6	6	ABSTRACT_ONLY	False	True	True	False	False	0	1	TITLE_VARIANT_ONLY	VALID_TARGET_REFERENCE	VALID_TITLE_VARIANT
OAPRV3_3628440a2ca53304	W000031792	W2070740596	ALIAS_EXPANSION	The Happy Prince & Other Stories	Oscar Wilde	Oscar Wilde's Fairy Tales: Origins and Contexts, by Anne Markey The Christian Goddess: Archetype and Theology in the Fantasies of George MacDonald, by Bonnie Gaarden	2013.0	article	1	1	1	1	The Happy Prince and other tales	Oscar Wilde	OAA000033851	the happy prince and other tales	6	6	ABSTRACT_ONLY	False	True	True	False	False	0	1	TITLE_VARIANT_ONLY	VALID_TARGET_REFERENCE	VALID_TITLE_VARIANT
OAPRV3_3cb70f9f6a66c155	W000031792	W4400321533	ALIAS_EXPANSION	The Happy Prince & Other Stories	Oscar Wilde	Wildean ecology : the representations of aesthetic culture and grotesque nature in Oscar Wilde's fairy tales	2023.0	article	1	1	1	1	The Happy Prince and other tales	Oscar Wilde	OAA000033851	the happy prince and other tales	6	6	ABSTRACT_ONLY	False	True	True	False	False	0	1	TITLE_VARIANT_ONLY	VALID_TARGET_REFERENCE	VALID_TITLE_VARIANT
OAPRV3_3f4741a435b4ff30	W000031792	W3217543579	ALIAS_EXPANSION	The Happy Prince & Other Stories	Oscar Wilde	What gender are the characters in the Croatian Translations of Oscar Wilde's The Happy Prince and Other Tales	2019.0	article	1	1	1	1	The Happy Prince and other tales	Oscar Wilde	OAA000033851	the happy prince and other tales	6	6	TITLE_ONLY	True	False	True	False	False	0	1	TITLE_VARIANT_ONLY	VALID_TARGET_REFERENCE	VALID_TITLE_VARIANT
OAPRV3_42c3f462773ae6de	W000031792	W4408140006	ALIAS_EXPANSION	The Happy Prince & Other Stories	Oscar Wilde	Oscar Wilde’s Submission of Poems and The Happy Prince and Other Tales to Chatto & Windus	2025.0	article	1	1	1	1	The Happy Prince and other tales	Oscar Wilde	OAA000033851	the happy prince and other tales	6	6	TITLE_AND_ABSTRACT	True	True	True	False	False	0	1	TITLE_VARIANT_ONLY	VALID_TARGET_REFERENCE	VALID_TITLE_VARIANT
OAPRV3_43aa9879fb2e36b6	W000031792	W6889057361	ALIAS_EXPANSION	The Happy Prince & Other Stories	Oscar Wilde	An Estranged Perception: Metatheatricality of Oscar Wilde’s The Happy Prince and Other Tales	2021.0	article	1	1	1	1	The Happy Prince and other tales	Oscar Wilde	OAA000033851	the happy prince and other tales	6	6	TITLE_AND_ABSTRACT	True	True	True	False	False	0	1	TITLE_VARIANT_ONLY	VALID_TARGET_REFERENCE	VALID_TITLE_VARIANT
OAPRV3_43ca7d0eee4cd189	W000031792	W6946261632	ALIAS_EXPANSION	The Happy Prince & Other Stories	Oscar Wilde	O Príncipe Feliz e outros contos de Oscar Wilde : uma tradução literária	2010.0	dissertation	1	1	1	1	The Happy Prince and other tales	Oscar Wilde	OAA000033851	the happy prince and other tales	6	6	ABSTRACT_ONLY	False	True	True	False	False	0	1	TITLE_VARIANT_ONLY	VALID_TARGET_REFERENCE	VALID_TITLE_VARIANT
OAPRV3_4516dafbe1550101	W000031792	W4415439929	ALIAS_EXPANSION	The Happy Prince & Other Stories	Oscar Wilde	The Importance of Being Different: Disability in Oscar Wilde’s Fairy Tales by Chris Foss	2025.0	article	1	1	1	1	The Happy Prince and other tales	Oscar Wilde	OAA000033851	the happy prince and other tales	6	6	ABSTRACT_ONLY	False	True	True	False	False	0	1	TITLE_VARIANT_ONLY	VALID_TARGET_REFERENCE	VALID_TITLE_VARIANT
OAPRV3_4971a17196a3aa72	W000031792	W2915720797	ALIAS_EXPANSION	The Happy Prince & Other Stories	Oscar Wilde	Aesthetic Morality and Intertextuality of Oscar Wilde's THE HAPPY PRINCE AND OTHER TALES	2018.0	article	1	1	1	1	The Happy Prince and other tales	Oscar Wilde	OAA000033851	the happy prince and other tales	6	6	TITLE_AND_ABSTRACT	True	True	True	False	False	0	1	TITLE_VARIANT_ONLY	VALID_TARGET_REFERENCE	VALID_TITLE_VARIANT
OAPRV3_49c6dfb6d2fcc9e3	W000031792	W6964797463	ALIAS_EXPANSION	The Happy Prince & Other Stories	Oscar Wilde	An Estranged Perception: Metatheatricality of Oscar Wilde’s The Happy Prince and Other Tales	2021.0	article	1	1	1	1	The Happy Prince and other tales	Oscar Wilde	OAA000033851	the happy prince and other tales	6	6	TITLE_AND_ABSTRACT	True	True	True	False	False	0	1	TITLE_VARIANT_ONLY	VALID_TARGET_REFERENCE	VALID_TITLE_VARIANT
OAPRV3_508b7e420b9aa376	W000031792	W7128502603	ALIAS_EXPANSION	The Happy Prince & Other Stories	Oscar Wilde	Unmasking sentiment disguise in cross-cultural literary translation: analyzing Oscar Wilde’s The Happy Prince and its heartbroken audience	2026.0	article	1	1	1	1	The Happy Prince and other tales	Oscar Wilde	OAA000033851	the happy prince and other tales	6	6	ABSTRACT_ONLY	False	True	True	False	False	0	1	TITLE_VARIANT_ONLY	VALID_TARGET_REFERENCE	VALID_TITLE_VARIANT
OAPRV3_5461c97d1ae0e4fc	W000031792	W2978002934	ALIAS_EXPANSION	The Happy Prince & Other Stories	Oscar Wilde	Oscar Wilde’s Socio-Aesthetics in The Happy Prince and Other Tales	2019.0	article	1	1	1	1	The Happy Prince and other tales	Oscar Wilde	OAA000033851	the happy prince and other tales	6	6	TITLE_AND_ABSTRACT	True	True	True	False	False	0	1	TITLE_VARIANT_ONLY	VALID_TARGET_REFERENCE	VALID_TITLE_VARIANT
OAPRV3_574e9c16820d9f7b	W000031792	W2050975188	ALIAS_EXPANSION	The Happy Prince & Other Stories	Oscar Wilde	The Aesthetic Experiment of Oscar Wilde in A House of Pomegranates	2014.0	article	1	1	1	1	The Happy Prince and other tales	Oscar Wilde	OAA000033851	the happy prince and other tales	6	6	ABSTRACT_ONLY	False	True	True	False	False	0	1	TITLE_VARIANT_ONLY	VALID_TARGET_REFERENCE	VALID_TITLE_VARIANT
OAPRV3_610ffc50f09a0d56	W000031792	W7054951839	ALIAS_EXPANSION	The Happy Prince & Other Stories	Oscar Wilde	"Analysis of the representation of intermasculine love of the swallow and the happy prince in the Spanish retranslations of ""The Happy Prince"" between 1945 and 2020"	2022.0	dissertation	1	1	1	1	The Happy Prince and other tales	Oscar Wilde	OAA000033851	the happy prince and other tales	6	6	ABSTRACT_ONLY	False	True	True	False	False	0	1	TITLE_VARIANT_ONLY	VALID_TARGET_REFERENCE	VALID_TITLE_VARIANT
OAPRV3_77896dad3b787cfe	W000031792	W3166399940	ALIAS_EXPANSION	The Happy Prince & Other Stories	Oscar Wilde	An Estranged Perception: Metatheatricality of Oscar Wilde’s The Happy Prince and Other Tales	2021.0	article	1	1	1	1	The Happy Prince and other tales	Oscar Wilde	OAA000033851	the happy prince and other tales	6	6	TITLE_ONLY	True	False	True	False	False	0	1	TITLE_VARIANT_ONLY	VALID_TARGET_REFERENCE	VALID_TITLE_VARIANT
OAPRV3_79916cda6e106988	W000031792	W7160216496	ALIAS_EXPANSION	The Happy Prince & Other Stories	Oscar Wilde	In the Heart of the Wildean Pomegranate: Beauty, Passion and Faith in Oscar Wilde’s Fairy Tales	2025.0	article	1	1	1	1	The Happy Prince and other tales	Oscar Wilde	OAA000033851	the happy prince and other tales	6	6	ABSTRACT_ONLY	False	True	True	False	False	0	1	TITLE_VARIANT_ONLY	VALID_TARGET_REFERENCE	VALID_CONTEXTUAL_REFERENCE
OAPRV3_7a4fdbfaf73d74ad	W000031792	W4401375389	ALIAS_EXPANSION	The Happy Prince & Other Stories	Oscar Wilde	Adverbial Adjunct Clause Found in The Novel “The Happy Prince and Other Tales”: A Syntax Analysis	2024.0	article	1	1	1	1	The Happy Prince and other tales	Oscar Wilde	OAA000033851	the happy prince and other tales	6	6	TITLE_AND_ABSTRACT	True	True	True	False	False	0	1	TITLE_VARIANT_ONLY	VALID_TARGET_REFERENCE	VALID_TITLE_VARIANT
OAPRV3_7b21e5876f0ff58a	W000031792	W2429435451	ALIAS_EXPANSION	The Happy Prince & Other Stories	Oscar Wilde	Decadence and Regeneration: Oscar Wilde’s Fairy Tales as a Tool for Social Change	2014.0	book-chapter	1	1	1	1	The Happy Prince and other tales	Oscar Wilde	OAA000033851	the happy prince and other tales	6	6	ABSTRACT_ONLY	False	True	True	False	False	0	1	TITLE_VARIANT_ONLY	VALID_TARGET_REFERENCE	VALID_TITLE_VARIANT
OAPRV3_80302862975dd71f	W000031792	W2996914749	ALIAS_EXPANSION	The Happy Prince & Other Stories	Oscar Wilde	Oscar Wilde’s Socio-Aesthetics: Teaching “The Happy Prince” and “The Fisherman and His Soul”	2019.0	article	1	1	1	1	The Happy Prince and other tales	Oscar Wilde	OAA000033851	the happy prince and other tales	6	6	ABSTRACT_ONLY	False	True	True	False	False	0	1	TITLE_VARIANT_ONLY	VALID_TARGET_REFERENCE	VALID_TITLE_VARIANT
OAPRV3_817e4930c4b46615	W000031792	W642621760	ALIAS_EXPANSION	The Happy Prince & Other Stories	Oscar Wilde	Oscar Wilde's criticism of ignorance in The happy prince and other tales	2010.0	article	1	1	1	1	The Happy Prince and other tales	Oscar Wilde	OAA000033851	the happy prince and other tales	6	6	TITLE_AND_ABSTRACT	True	True	True	False	False	0	1	TITLE_VARIANT_ONLY	VALID_TARGET_REFERENCE	VALID_TITLE_VARIANT
OAPRV3_83ee88ca56a25c70	W000031792	W7023628784	ALIAS_EXPANSION	The Happy Prince & Other Stories	Oscar Wilde	Oscar Wilde, the Short Story Writer	2024.0	dissertation	1	1	1	1	The Happy Prince and other tales	Oscar Wilde	OAA000033851	the happy prince and other tales	6	6	ABSTRACT_ONLY	False	True	True	False	False	0	1	TITLE_VARIANT_ONLY	VALID_TARGET_REFERENCE	VALID_TITLE_VARIANT
OAPRV3_86b594433c2369c0	W000031792	W7139937539	ALIAS_EXPANSION	The Happy Prince & Other Stories	Oscar Wilde	Character Identification in Short Stories	2026.0	conference-paper	1	1	1	1	The Happy Prince and other tales	Oscar Wilde	OAA000033851	the happy prince and other tales	6	6	ABSTRACT_ONLY	False	True	True	False	False	0	1	TITLE_VARIANT_ONLY	VALID_TARGET_REFERENCE	VALID_TITLE_VARIANT
OAPRV3_8993980f14f800ec	W000031792	W2014172176	ALIAS_EXPANSION	The Happy Prince & Other Stories	Oscar Wilde	GAY-RELATED THEMES IN THE FAIRY TALES OF OSCAR WILDE	2001.0	article	1	1	1	1	The Happy Prince and other tales	Oscar Wilde	OAA000033851	the happy prince and other tales	6	6	ABSTRACT_ONLY	False	True	True	False	False	0	1	TITLE_VARIANT_ONLY	VALID_TARGET_REFERENCE	VALID_TITLE_VARIANT
OAPRV3_98978c2d89b0f2b3	W000031792	W2028599461	ALIAS_EXPANSION	The Happy Prince & Other Stories	Oscar Wilde	"Constructing Artist and Critic Between J. M. Whistler and Oscar Wilde: ""In the best days of art there were no art-critics"""	2004.0	article	1	1	1	1	The Happy Prince and other tales	Oscar Wilde	OAA000033851	the happy prince and other tales	6	6	ABSTRACT_ONLY	False	True	True	False	False	0	1	TITLE_VARIANT_ONLY	VALID_TARGET_REFERENCE	VALID_TITLE_VARIANT
OAPRV3_9ae27c3985263370	W000031792	W2569113846	ALIAS_EXPANSION	The Happy Prince & Other Stories	Oscar Wilde	A representação do Amor Sacrificial em The Happy Prince and other Tales (1888) e A House of Pomegranates (1892)	2016.0	dissertation	1	1	1	1	The Happy Prince and other tales	Oscar Wilde	OAA000033851	the happy prince and other tales	6	6	TITLE_AND_ABSTRACT	True	True	True	False	False	0	1	TITLE_VARIANT_ONLY	VALID_TARGET_REFERENCE	VALID_TITLE_VARIANT
OAPRV3_9fa1d4c6bc0eda6b	W000031792	W2560437783	ALIAS_EXPANSION	The Happy Prince & Other Stories	Oscar Wilde	Los cuentos de Oscar Wilde desde una perspectiva folclórica: Búsqueda de la esencia irlandesa.	2015.0	article	1	1	1	1	The Happy Prince and other tales	Oscar Wilde	OAA000033851	the happy prince and other tales	6	6	ABSTRACT_ONLY	False	True	True	False	False	0	1	TITLE_VARIANT_ONLY	VALID_TARGET_REFERENCE	VALID_TITLE_VARIANT
OAPRV3_ad8ea78664a8dfb5	W000031792	W2944014103	ALIAS_EXPANSION	The Happy Prince & Other Stories	Oscar Wilde	Bajke Oscara Wildea u kontekstu dječje književnosti	2018.0	dissertation	1	1	1	1	The Happy Prince and other tales	Oscar Wilde	OAA000033851	the happy prince and other tales	6	6	ABSTRACT_ONLY	False	True	True	False	False	0	1	TITLE_VARIANT_ONLY	VALID_TARGET_REFERENCE	VALID_TITLE_VARIANT
OAPRV3_c332e6455c661248	W000031792	W2154571105	ALIAS_EXPANSION	The Happy Prince & Other Stories	Oscar Wilde	The Fairy Tales of Oscar Wilde (review)	2009.0	article	1	1	1	1	The Happy Prince and other tales	Oscar Wilde	OAA000033851	the happy prince and other tales	6	6	ABSTRACT_ONLY	False	True	True	False	False	0	1	TITLE_VARIANT_ONLY	VALID_TARGET_REFERENCE	VALID_TITLE_VARIANT
OAPRV3_c46bdfe5eff0b84d	W000031792	W7162902863	ALIAS_EXPANSION	The Happy Prince & Other Stories	Oscar Wilde	"オスカー・ワイルドの""The Selfish Giant""におけるキリスト教的要素"	2024.0	article	1	1	1	1	The Happy Prince and other tales	Oscar Wilde	OAA000033851	the happy prince and other tales	6	6	ABSTRACT_ONLY	False	True	True	False	False	0	1	TITLE_VARIANT_ONLY	VALID_TARGET_REFERENCE	VALID_TITLE_VARIANT
OAPRV3_c6978791a7ea5acd	W000031792	W3036014342	ALIAS_EXPANSION	The Happy Prince & Other Stories	Oscar Wilde	Slip of the Pen as A Psychopathology of Everyday Life on Wilde’s Happy Prince and OtherTales	2020.0	conference-paper	1	1	1	1	The Happy Prince and other tales	Oscar Wilde	OAA000033851	the happy prince and other tales	6	6	ABSTRACT_ONLY	False	True	True	False	False	0	1	TITLE_VARIANT_ONLY	VALID_TARGET_REFERENCE	VALID_TITLE_VARIANT
OAPRV3_c997adfe80e9e6d8	W000031792	W3204875191	ALIAS_EXPANSION	The Happy Prince & Other Stories	Oscar Wilde	The Happy Prince and Other Tales - Read Aloud Edition by AudibleBooks, Oscar Wilde & Charls Classics	2012.0	article	1	1	1	1	The Happy Prince and other tales	Oscar Wilde	OAA000033851	the happy prince and other tales	6	6	TITLE_ONLY	True	False	True	False	False	0	1	TITLE_VARIANT_ONLY	VALID_TARGET_REFERENCE	VALID_TITLE_VARIANT
OAPRV3_cfc048abb577afa8	W000031792	W2908556988	ALIAS_EXPANSION	The Happy Prince & Other Stories	Oscar Wilde	Literary Stylistic Analysis of Aestheticism in Oscar Wilde’s Fairy Tales	2018.0	article	1	1	1	1	The Happy Prince and other tales	Oscar Wilde	OAA000033851	the happy prince and other tales	6	6	ABSTRACT_ONLY	False	True	True	False	False	0	1	TITLE_VARIANT_ONLY	VALID_TARGET_REFERENCE	VALID_TITLE_VARIANT
OAPRV3_d6eca12371f1f5dc	W000031792	W4255186677	ALIAS_EXPANSION	The Happy Prince & Other Stories	Oscar Wilde	The Importance of Being Earnest	1997.0	book-chapter	1	1	1	1	The Happy Prince and other tales	Oscar Wilde	OAA000033851	the happy prince and other tales	6	6	ABSTRACT_ONLY	False	True	True	False	False	0	1	TITLE_VARIANT_ONLY	VALID_TARGET_REFERENCE	VALID_TITLE_VARIANT
OAPRV3_d78ebbd0aba8cdf2	W000031792	W6989283769	ALIAS_EXPANSION	The Happy Prince & Other Stories	Oscar Wilde	Análisis de la representación del amor intermasculino entre la golondrina y el príncipe feliz en las retraducciones al español de “The Happy Prince” entre 1945 y 2020	2022.0	dissertation	1	1	1	1	The Happy Prince and other tales	Oscar Wilde	OAA000033851	the happy prince and other tales	6	6	ABSTRACT_ONLY	False	True	True	False	False	0	1	TITLE_VARIANT_ONLY	VALID_TARGET_REFERENCE	VALID_TITLE_VARIANT
OAPRV3_e0c0e1e92b463ee1	W000031792	W3160219500	ALIAS_EXPANSION	The Happy Prince & Other Stories	Oscar Wilde	Entre pássaros e humanos: humanização e tragicidade em contos de Oscar Wilde.	2020.0	article	1	1	1	1	The Happy Prince and other tales	Oscar Wilde	OAA000033851	the happy prince and other tales	6	6	ABSTRACT_ONLY	False	True	True	False	False	0	1	TITLE_VARIANT_ONLY	VALID_TARGET_REFERENCE	VALID_TITLE_VARIANT
OAPRV3_e9ca7a3a8b7dd887	W000031792	W4392212312	ALIAS_EXPANSION	The Happy Prince & Other Stories	Oscar Wilde	THE PROBLEM OF DEATH AND IMMORTALITY IN THE MATERIAL OF O. WILDE’S TALE “THE SELFISH GIANT”	2023.0	article	1	1	1	1	The Happy Prince and other tales	Oscar Wilde	OAA000033851	the happy prince and other tales	6	6	ABSTRACT_ONLY	False	True	True	False	False	0	1	TITLE_VARIANT_ONLY	VALID_TARGET_REFERENCE	VALID_TITLE_VARIANT
OAPRV3_eb96be8eac73478f	W000031792	W4407227243	ALIAS_EXPANSION	The Happy Prince & Other Stories	Oscar Wilde	Hunting Dorian:	2025.0	article	1	1	1	1	The Happy Prince and other tales	Oscar Wilde	OAA000033851	the happy prince and other tales	6	6	ABSTRACT_ONLY	False	True	True	False	False	0	1	TITLE_VARIANT_ONLY	VALID_TARGET_REFERENCE	VALID_TITLE_VARIANT
OAPRV3_ee05bb77590193fd	W000031792	W71113625	ALIAS_EXPANSION	The Happy Prince & Other Stories	Oscar Wilde	オスカー・ワイルドの短編 : 「幸福な王子」と「わがままな巨人」の肉体と魂	2012.0	article	1	1	1	1	The Happy Prince and other tales	Oscar Wilde	OAA000033851	the happy prince and other tales	6	6	ABSTRACT_ONLY	False	True	True	False	False	0	1	TITLE_VARIANT_ONLY	VALID_TARGET_REFERENCE	VALID_TITLE_VARIANT
OAPRV3_f510b8555538a3e8	W000031792	W4412393670	ALIAS_EXPANSION	The Happy Prince & Other Stories	Oscar Wilde	ARTISTIC FUNCTIONS OF ANIMALISMS IN OSCAR WILDE’S «FAIRY TALES»	2025.0	article	1	1	1	1	The Happy Prince and other tales	Oscar Wilde	OAA000033851	the happy prince and other tales	6	6	ABSTRACT_ONLY	False	True	True	False	False	0	1	TITLE_VARIANT_ONLY	VALID_TARGET_REFERENCE	VALID_TITLE_VARIANT
OAPRV3_026fee82dc69d66e	W000031804	W4232255026	ALIAS_EXPANSION	The Clansman	Thomas Dixon Jr.	“The sword became a flashing vision”	2019.0	book-chapter	1	1	1	1	The clansman	Thomas Dixon	OAA000021199	the clansman	2	2	ABSTRACT_ONLY	False	True	True	False	False	0	1	AUTHOR_VARIANT_ONLY	VALID_TARGET_REFERENCE	DIRECT_TARGET_REFERENCE
OAPRV3_02ab3cab513f40da	W000031804	W2890692483	ALIAS_EXPANSION	The Clansman	Thomas Dixon Jr.	The Literature of Reconstruction: Not in Plain Black and White by Brook Thomas	2018.0	article	1	1	1	1	The clansman	Thomas Dixon	OAA000021199	the clansman	2	2	ABSTRACT_ONLY	False	True	True	False	False	0	1	AUTHOR_VARIANT_ONLY	VALID_TARGET_REFERENCE	DIRECT_TARGET_REFERENCE
OAPRV3_03c41d1e6ed023d0	W000031804	W2595171966	ALIAS_EXPANSION	The Clansman	Thomas Dixon Jr.	Scraps of Paper: The Paradoxes of Civic Print in Thomas Dixon’s “The Clansman”	2017.0	article	1	1	1	1	The clansman	Thomas Dixon	OAA000021199	the clansman	2	2	TITLE_ONLY	True	False	True	False	False	0	1	AUTHOR_VARIANT_ONLY	VALID_TARGET_REFERENCE	DIRECT_TARGET_REFERENCE
OAPRV3_05326352707e53a4	W000031804	W2494479641	ALIAS_EXPANSION	The Clansman	Thomas Dixon Jr.	From Honor Roll to Truancy, 1907–1914	2009.0	book-chapter	1	1	1	1	The clansman	Thomas Dixon	OAA000021199	the clansman	2	2	ABSTRACT_ONLY	False	True	True	False	False	0	1	AUTHOR_VARIANT_ONLY	VALID_TARGET_REFERENCE	DIRECT_TARGET_REFERENCE
OAPRV3_0869fa8fc829e0ac	W000031804	W2094843313	ALIAS_EXPANSION	The Clansman	Thomas Dixon Jr.	Rewriting History: The Publication of W. E. B. Du Bois’s Black Reconstruction in America (1935)	2009.0	article	1	1	1	1	The clansman	Thomas Dixon	OAA000021199	the clansman	2	2	ABSTRACT_ONLY	False	True	True	False	False	0	1	AUTHOR_VARIANT_ONLY	VALID_TARGET_REFERENCE	DIRECT_TARGET_REFERENCE
OAPRV3_095b5d5b536b5740	W000031804	W2071807341	ALIAS_EXPANSION	The Clansman	Thomas Dixon Jr.	Re-Stirring an Old Pot: Adaptation, Reception and the Search for an Audience in Thomas Dixon's Performance Text(s) of The Clansman	2007.0	article	1	1	1	1	The clansman	Thomas Dixon	OAA000021199	the clansman	2	2	TITLE_ONLY	True	False	True	False	False	0	1	AUTHOR_VARIANT_ONLY	UNCERTAIN	AMBIGUOUS_TARGET_REFERENCE
OAPRV3_0e63b2d754a3cdfd	W000031804	W2085062403	ALIAS_EXPANSION	The Clansman	Thomas Dixon Jr.	Imperfect Unions: Staging Miscegenation in U.S. Drama and Fiction by Diana Rebekkah Paulin (review)	2013.0	article	1	1	1	1	The clansman	Thomas Dixon	OAA000021199	the clansman	2	2	ABSTRACT_ONLY	False	True	True	False	False	0	1	AUTHOR_VARIANT_ONLY	VALID_TARGET_REFERENCE	DIRECT_TARGET_REFERENCE
OAPRV3_0ee0f77bd48a8216	W000031804	W2899704971	ALIAS_EXPANSION	The Clansman	Thomas Dixon Jr.	:D. W. Griffith'sThe Birth of a Nation: A History of “The Most Controversial Motion Picture of All Time.”	2009.0	article	1	1	1	1	The clansman	Thomas Dixon	OAA000021199	the clansman	2	2	ABSTRACT_ONLY	False	True	True	False	False	0	1	AUTHOR_VARIANT_ONLY	VALID_TARGET_REFERENCE	DIRECT_TARGET_REFERENCE
OAPRV3_1160c179b0a05afe	W000031804	W200720114	ALIAS_EXPANSION	The Clansman	Thomas Dixon Jr.	Slouching toward Beastliness: Richard Wright's Anatomy of Thomas Dixon	2001.0	article	1	1	1	1	The clansman	Thomas Dixon	OAA000021199	the clansman	2	2	ABSTRACT_ONLY	False	True	True	False	False	0	1	AUTHOR_VARIANT_ONLY	VALID_TARGET_REFERENCE	DIRECT_TARGET_REFERENCE
OAPRV3_12878aef8acd2c65	W000031804	W3207849778	ALIAS_EXPANSION	The Clansman	Thomas Dixon Jr.	Preaching The Blues: Black Feminist Performance in Lynching Plays by Maisha S. Akbar	2021.0	article	1	1	1	1	The clansman	Thomas Dixon	OAA000021199	the clansman	2	2	ABSTRACT_ONLY	False	True	True	False	False	0	1	AUTHOR_VARIANT_ONLY	VALID_TARGET_REFERENCE	DIRECT_TARGET_REFERENCE
OAPRV3_14865c77b1223970	W000031804	W6920825802	ALIAS_EXPANSION	The Clansman	Thomas Dixon Jr.	Children of Darkness, Children of the Mask: An Examination of the Moral Effects of Metaphors of Darkness on the Representational Lives of Black Americans	2018.0	article	1	1	1	1	The clansman	Thomas Dixon	OAA000021199	the clansman	2	2	ABSTRACT_ONLY	False	True	True	False	False	0	1	AUTHOR_VARIANT_ONLY	VALID_TARGET_REFERENCE	DIRECT_TARGET_REFERENCE
OAPRV3_14e1138516613bfe	W000031804	W2112229123	ALIAS_EXPANSION	The Clansman	Thomas Dixon Jr.	A War Within a War: Canadian Reactions to D. W. Griffith’s The Birth of a Nation	2014.0	article	1	1	1	1	The clansman	Thomas Dixon	OAA000021199	the clansman	2	2	ABSTRACT_ONLY	False	True	True	False	False	0	1	AUTHOR_VARIANT_ONLY	VALID_TARGET_REFERENCE	DIRECT_TARGET_REFERENCE
OAPRV3_20dd2e36ebb903c6	W000031804	W2161355023	ALIAS_EXPANSION	The Clansman	Thomas Dixon Jr.	Making No Distinctions Between Rich and Poor:	2013.0	article	1	1	1	1	The clansman	Thomas Dixon	OAA000021199	the clansman	2	2	ABSTRACT_ONLY	False	True	True	False	False	0	1	AUTHOR_VARIANT_ONLY	VALID_TARGET_REFERENCE	DIRECT_TARGET_REFERENCE
OAPRV3_26ce8b0c8a7eee2c	W000031804	W2472010258	ALIAS_EXPANSION	The Clansman	Thomas Dixon Jr.	Censoring Racial Ridicule: Irish, Jewish, and African American Struggles over Race and Representation, 1890–1930 by M. Alison Kibler	2016.0	article	1	1	1	1	The clansman	Thomas Dixon	OAA000021199	the clansman	2	2	ABSTRACT_ONLY	False	True	True	False	False	0	1	AUTHOR_VARIANT_ONLY	UNCERTAIN	AMBIGUOUS_TARGET_REFERENCE
OAPRV3_26f995ff4fda53de	W000031804	W2035659606	ALIAS_EXPANSION	The Clansman	Thomas Dixon Jr.	Undaunted Radical: The Selected Writings and Speeches of Albion W. Tourgée (review)	2012.0	article	1	1	1	1	The clansman	Thomas Dixon	OAA000021199	the clansman	2	2	ABSTRACT_ONLY	False	True	True	False	False	0	1	AUTHOR_VARIANT_ONLY	VALID_TARGET_REFERENCE	DIRECT_TARGET_REFERENCE
OAPRV3_2c4cd36855cb3dac	W000031804	W2890839111	ALIAS_EXPANSION	The Clansman	Thomas Dixon Jr.	Thomas Dixon and graphic illustration before The Birth of a Nation	2018.0	article	1	1	1	1	The clansman	Thomas Dixon	OAA000021199	the clansman	2	2	ABSTRACT_ONLY	False	True	True	False	False	0	1	AUTHOR_VARIANT_ONLY	VALID_TARGET_REFERENCE	DIRECT_TARGET_REFERENCE
OAPRV3_30784dc134ee9efc	W000031804	W2505637487	ALIAS_EXPANSION	The Clansman	Thomas Dixon Jr.	“The Pageant Is the Thing”: Black Nationalism and The Star of Ethiopia	2002.0	book-chapter	1	1	1	1	The clansman	Thomas Dixon	OAA000021199	the clansman	2	2	ABSTRACT_ONLY	False	True	True	False	False	0	1	AUTHOR_VARIANT_ONLY	VALID_TARGET_REFERENCE	DIRECT_TARGET_REFERENCE
OAPRV3_311e5c6dae512179	W000031804	W975381134	ALIAS_EXPANSION	The Clansman	Thomas Dixon Jr.	The Pekin: The Rise and Fall of Chicago’s First Black-Owned Theater by Thomas Bauman (review)	2015.0	article	1	1	1	1	The clansman	Thomas Dixon	OAA000021199	the clansman	2	2	ABSTRACT_ONLY	False	True	True	False	False	0	1	AUTHOR_VARIANT_ONLY	INVALID_TARGET_REFERENCE	WRONG_WORK_SAME_AUTHOR
OAPRV3_360ba54bde8a92f5	W000031804	W4247104905	ALIAS_EXPANSION	The Clansman	Thomas Dixon Jr.	Editorial	2007.0	editorial	1	1	1	1	The clansman	Thomas Dixon	OAA000021199	the clansman	2	2	ABSTRACT_ONLY	False	True	True	False	False	0	1	AUTHOR_VARIANT_ONLY	UNCERTAIN	AMBIGUOUS_TARGET_REFERENCE
OAPRV3_3baa315d477d568e	W000031804	W7139011653	ALIAS_EXPANSION	The Clansman	Thomas Dixon Jr.	October 22	2012.0	other	1	1	1	1	The clansman	Thomas Dixon	OAA000021199	the clansman	2	2	ABSTRACT_ONLY	False	True	True	False	False	0	1	AUTHOR_VARIANT_ONLY	VALID_TARGET_REFERENCE	DIRECT_TARGET_REFERENCE
OAPRV3_3baccbf69ad5f02f	W000031804	W7020813995	ALIAS_EXPANSION	The Clansman	Thomas Dixon Jr.	The Limits of the Lost Cause : Essays on Civil War Memory	2024.0	article	1	1	1	1	The clansman	Thomas Dixon	OAA000021199	the clansman	2	2	ABSTRACT_ONLY	False	True	True	False	False	0	1	AUTHOR_VARIANT_ONLY	VALID_TARGET_REFERENCE	DIRECT_TARGET_REFERENCE
OAPRV3_47ba550ced13e619	W000031804	W7060654313	ALIAS_EXPANSION	The Clansman	Thomas Dixon Jr.	"""One Important Witness"": Remembering Lydia Brown in Thomas Dixon's The Clansman"	2010.0	article	1	1	1	1	The clansman	Thomas Dixon	OAA000021199	the clansman	2	2	TITLE_ONLY	True	False	True	False	False	0	1	AUTHOR_VARIANT_ONLY	UNCERTAIN	AMBIGUOUS_TARGET_REFERENCE
OAPRV3_4b0554e0a1f5a526	W000031804	W4391321312	ALIAS_EXPANSION	The Clansman	Thomas Dixon Jr.	The Clansman, the Lynchings, and Enduring Racial Violence in Performance	2024.0	article	1	1	1	1	The clansman	Thomas Dixon	OAA000021199	the clansman	2	2	TITLE_AND_ABSTRACT	True	True	True	False	False	0	1	AUTHOR_VARIANT_ONLY	UNCERTAIN	AMBIGUOUS_TARGET_REFERENCE
OAPRV3_4c5939b022fab341	W000031804	W6921436335	ALIAS_EXPANSION	The Clansman	Thomas Dixon Jr.	In Praise of the Ku Klux Klan, The Clansman 1903 by Thomas Dixon	2023.0	other	1	1	1	1	The clansman	Thomas Dixon	OAA000021199	the clansman	2	2	TITLE_AND_ABSTRACT	True	True	True	False	False	0	1	AUTHOR_VARIANT_ONLY	VALID_TARGET_REFERENCE	DIRECT_TARGET_REFERENCE
OAPRV3_4d0705b9d6460743	W000031804	W1502803824	ALIAS_EXPANSION	The Clansman	Thomas Dixon Jr.	Stagestruck Filmmaker: D. W. Griffith and the American Theatre (review)	2010.0	article	1	1	1	1	The clansman	Thomas Dixon	OAA000021199	the clansman	2	2	ABSTRACT_ONLY	False	True	True	False	False	0	1	AUTHOR_VARIANT_ONLY	VALID_TARGET_REFERENCE	DIRECT_TARGET_REFERENCE
OAPRV3_512480a0bae3cdbe	W000031804	W4210962389	ALIAS_EXPANSION	The Clansman	Thomas Dixon Jr.	Harem, Auction Block, and Stage: Sympathy and the Gaze as Object in A Romance of the Republic	2020.0	article	1	1	1	1	The clansman	Thomas Dixon	OAA000021199	the clansman	2	2	ABSTRACT_ONLY	False	True	True	False	False	0	1	AUTHOR_VARIANT_ONLY	VALID_TARGET_REFERENCE	DIRECT_TARGET_REFERENCE
OAPRV3_5e0dec48cbf1d402	W000031804	W2092417039	ALIAS_EXPANSION	The Clansman	Thomas Dixon Jr.	The 1906 Uncle Tom’s Cabin Law and the Politics of Race and Memory in Early-Twentieth-Century Kentucky	2011.0	article	1	1	1	1	The clansman	Thomas Dixon	OAA000021199	the clansman	2	2	ABSTRACT_ONLY	False	True	True	False	False	0	1	AUTHOR_VARIANT_ONLY	UNCERTAIN	AMBIGUOUS_TARGET_REFERENCE
OAPRV3_672f2f6ba8b67f02	W000031804	W4256111167	ALIAS_EXPANSION	The Clansman	Thomas Dixon Jr.	William Faulkner	2012.0	book-chapter	1	1	1	1	The clansman	Thomas Dixon	OAA000021199	the clansman	2	2	ABSTRACT_ONLY	False	True	True	False	False	0	1	AUTHOR_VARIANT_ONLY	VALID_TARGET_REFERENCE	DIRECT_TARGET_REFERENCE
OAPRV3_75a8b4c92fe81f27	W000031804	W7062522749	ALIAS_EXPANSION	The Clansman	Thomas Dixon Jr.	Training Gendered Whiteness: Teaching Thomas Dixon's The Clansman after Charlottesville	2019.0	article	1	1	1	1	The clansman	Thomas Dixon	OAA000021199	the clansman	2	2	TITLE_ONLY	True	False	True	False	False	0	1	AUTHOR_VARIANT_ONLY	UNCERTAIN	AMBIGUOUS_TARGET_REFERENCE
OAPRV3_7aa2c7375c184aef	W000031804	W95882789	ALIAS_EXPANSION	The Clansman	Thomas Dixon Jr.	"""Suddenly and Shockingly Black"": The Atavistic Child in Turn-into-the-Twentieth-Century American"	2016.0	article	1	1	1	1	The clansman	Thomas Dixon	OAA000021199	the clansman	2	2	ABSTRACT_ONLY	False	True	True	False	False	0	1	AUTHOR_VARIANT_ONLY	VALID_TARGET_REFERENCE	DIRECT_TARGET_REFERENCE
OAPRV3_7e1b8d364a2571f4	W000031804	W1582051211	ALIAS_EXPANSION	The Clansman	Thomas Dixon Jr.	"D.W. Griffith Presents ""The Birth of a Nation"""	1924.0	book	1	1	1	1	The clansman	Thomas Dixon	OAA000021199	the clansman	2	2	ABSTRACT_ONLY	False	True	True	False	False	0	1	AUTHOR_VARIANT_ONLY	VALID_TARGET_REFERENCE	DIRECT_TARGET_REFERENCE
OAPRV3_84972f16b760d75c	W000031804	W4367470929	ALIAS_EXPANSION	The Clansman	Thomas Dixon Jr.	Going Out: The Rise and Fall of Public Amusements by David Nasaw	1995.0	article	1	1	1	1	The clansman	Thomas Dixon	OAA000021199	the clansman	2	2	ABSTRACT_ONLY	False	True	True	False	False	0	1	AUTHOR_VARIANT_ONLY	VALID_TARGET_REFERENCE	DIRECT_TARGET_REFERENCE
OAPRV3_882d02a7e8ae86d8	W000031804	W4392995704	ALIAS_EXPANSION	The Clansman	Thomas Dixon Jr.	Reference	2008.0	other	1	1	1	1	The clansman	Thomas Dixon	OAA000021199	the clansman	2	2	ABSTRACT_ONLY	False	True	True	False	False	0	1	AUTHOR_VARIANT_ONLY	VALID_TARGET_REFERENCE	DIRECT_TARGET_REFERENCE
OAPRV3_923032c9bbba113a	W000031804	W4255828920	ALIAS_EXPANSION	The Clansman	Thomas Dixon Jr.	Conclusion	2018.0	book-chapter	1	1	1	1	The clansman	Thomas Dixon	OAA000021199	the clansman	2	2	ABSTRACT_ONLY	False	True	True	False	False	0	1	AUTHOR_VARIANT_ONLY	VALID_TARGET_REFERENCE	DIRECT_TARGET_REFERENCE
OAPRV3_984fc2cfd391ce72	W000031804	W2483000625	ALIAS_EXPANSION	The Clansman	Thomas Dixon Jr.	3. Staging The Unspoken Terror	2010.0	book-chapter	1	1	1	1	The clansman	Thomas Dixon	OAA000021199	the clansman	2	2	ABSTRACT_ONLY	False	True	True	False	False	0	1	AUTHOR_VARIANT_ONLY	UNCERTAIN	AMBIGUOUS_TARGET_REFERENCE
OAPRV3_9b38ad37aa24ced4	W000031804	W4231885864	ALIAS_EXPANSION	The Clansman	Thomas Dixon Jr.	“Resistless Uprising”?	2010.0	book-chapter	1	1	1	1	The clansman	Thomas Dixon	OAA000021199	the clansman	2	2	ABSTRACT_ONLY	False	True	True	False	False	0	1	AUTHOR_VARIANT_ONLY	VALID_TARGET_REFERENCE	DIRECT_TARGET_REFERENCE
OAPRV3_a94a32046751f592	W000031804	W2277567958	ALIAS_EXPANSION	The Clansman	Thomas Dixon Jr.	Censoring Racial Ridicule: Irish, Jewish, and African American Struggles over Race and Representation, 1890–1930. By M. Alison Kibler (Chapel Hill, University of North Carolina Press, 2015) 314 pp. $29.95 paper $28.99 e-book	2016.0	book-review	1	1	1	1	The clansman	Thomas Dixon	OAA000021199	the clansman	2	2	ABSTRACT_ONLY	False	True	True	False	False	0	1	AUTHOR_VARIANT_ONLY	UNCERTAIN	AMBIGUOUS_TARGET_REFERENCE
OAPRV3_aa8b3ab084b6c370	W000031804	W4252438337	ALIAS_EXPANSION	The Clansman	Thomas Dixon Jr.	Announcement	2020.0	article	1	1	1	1	The clansman	Thomas Dixon	OAA000021199	the clansman	2	2	ABSTRACT_ONLY	False	True	True	False	False	0	1	AUTHOR_VARIANT_ONLY	VALID_TARGET_REFERENCE	DIRECT_TARGET_REFERENCE
OAPRV3_b1b8ca95d08d0032	W000031804	W7163045828	ALIAS_EXPANSION	The Clansman	Thomas Dixon Jr.	Children of Darkness, Children of the Mask: An Examination of the Moral Effects of Metaphors of Darkness on the Representational Lives of Black Americans	2018.0	dissertation	1	1	1	1	The clansman	Thomas Dixon	OAA000021199	the clansman	2	2	ABSTRACT_ONLY	False	True	True	False	False	0	1	AUTHOR_VARIANT_ONLY	VALID_TARGET_REFERENCE	DIRECT_TARGET_REFERENCE
OAPRV3_b2419a1089773f79	W000031804	W2108201985	ALIAS_EXPANSION	The Clansman	Thomas Dixon Jr.	The Clansman: An Historical Romance of the Ku Klux Klan	2015.0	book	1	1	1	1	The clansman	Thomas Dixon	OAA000021199	the clansman	2	2	TITLE_ONLY	True	False	True	False	False	0	1	AUTHOR_VARIANT_ONLY	VALID_TARGET_REFERENCE	DIRECT_TARGET_REFERENCE
OAPRV3_b750936f03084e51	W000031804	W246450925	ALIAS_EXPANSION	The Clansman	Thomas Dixon Jr.	Confederate Memory and Monuments: Of Judicial Opinions, Statutes and Buildings	2006.0	article	1	1	1	1	The clansman	Thomas Dixon	OAA000021199	the clansman	2	2	ABSTRACT_ONLY	False	True	True	False	False	0	1	AUTHOR_VARIANT_ONLY	VALID_TARGET_REFERENCE	DIRECT_TARGET_REFERENCE
OAPRV3_ba6c4a555e2a047b	W000031804	W261450549	ALIAS_EXPANSION	The Clansman	Thomas Dixon Jr.	Thomas Dixon's War Prayers	2009.0	article	1	1	1	1	The clansman	Thomas Dixon	OAA000021199	the clansman	2	2	ABSTRACT_ONLY	False	True	True	False	False	0	1	AUTHOR_VARIANT_ONLY	VALID_TARGET_REFERENCE	DIRECT_TARGET_REFERENCE
OAPRV3_c117d931c78589d8	W000031804	W1597949804	ALIAS_EXPANSION	The Clansman	Thomas Dixon Jr.	"""One Important Witness"": Remembering Lydia Brown in Thomas Dixon's The Clansman"	2010.0	article	1	1	1	1	The clansman	Thomas Dixon	OAA000021199	the clansman	2	2	TITLE_AND_ABSTRACT	True	True	True	False	False	0	1	AUTHOR_VARIANT_ONLY	VALID_TARGET_REFERENCE	DIRECT_TARGET_REFERENCE
OAPRV3_d0285dfe014d4454	W000031804	W4312507609	ALIAS_EXPANSION	The Clansman	Thomas Dixon Jr.	5/ Good Fiction Qualities	2017.0	book-chapter	1	1	1	1	The clansman	Thomas Dixon	OAA000021199	the clansman	2	2	ABSTRACT_ONLY	False	True	True	False	False	0	1	AUTHOR_VARIANT_ONLY	VALID_TARGET_REFERENCE	DIRECT_TARGET_REFERENCE
OAPRV3_d04e421790b40cf7	W000031804	W2333185205	ALIAS_EXPANSION	The Clansman	Thomas Dixon Jr.	Trent Watts . One Homogeneous People: Narratives of White Southern Identity, 1890–1920 . Knoxville: University of Tennessee Press. 2010. Pp. xxxii, 231. $42.00.	2011.0	book-review	1	1	1	1	The clansman	Thomas Dixon	OAA000021199	the clansman	2	2	ABSTRACT_ONLY	False	True	True	False	False	0	1	AUTHOR_VARIANT_ONLY	VALID_TARGET_REFERENCE	DIRECT_TARGET_REFERENCE
OAPRV3_d228db3e6d1a8b05	W000031804	W410253115	ALIAS_EXPANSION	The Clansman	Thomas Dixon Jr.	"The Ku Klux Klan in American literature and films: From Thomas Dixon’s ""The Clansman"" to contemporary KKK novels and movies"	2006.0	book	1	1	1	1	The clansman	Thomas Dixon	OAA000021199	the clansman	2	2	TITLE_ONLY	True	False	True	False	False	0	1	AUTHOR_VARIANT_ONLY	VALID_TARGET_REFERENCE	DIRECT_TARGET_REFERENCE
OAPRV3_d7d00a46d8e6d84e	W000031804	W2341616914	ALIAS_EXPANSION	The Clansman	Thomas Dixon Jr.	Birth of a Nation: Viewed Today	2004.0	article	1	1	1	1	The clansman	Thomas Dixon	OAA000021199	the clansman	2	2	ABSTRACT_ONLY	False	True	True	False	False	0	1	AUTHOR_VARIANT_ONLY	VALID_TARGET_REFERENCE	DIRECT_TARGET_REFERENCE
OAPRV3_d91337c4b0e28084	W000031804	W4210302036	ALIAS_EXPANSION	The Clansman	Thomas Dixon Jr.	Front Porch	1999.0	article	1	1	1	1	The clansman	Thomas Dixon	OAA000021199	the clansman	2	2	ABSTRACT_ONLY	False	True	True	False	False	0	1	AUTHOR_VARIANT_ONLY	VALID_TARGET_REFERENCE	DIRECT_TARGET_REFERENCE
OAPRV3_df2c37c5431195e5	W000031804	W2048249343	ALIAS_EXPANSION	The Clansman	Thomas Dixon Jr.	Pride Lands: The Lion King , Proposition 187, and White Resentment	2001.0	article	1	1	1	1	The clansman	Thomas Dixon	OAA000021199	the clansman	2	2	ABSTRACT_ONLY	False	True	True	False	False	0	1	AUTHOR_VARIANT_ONLY	VALID_TARGET_REFERENCE	DIRECT_TARGET_REFERENCE
OAPRV3_e0ca87f7c4a129be	W000031804	W2949031493	ALIAS_EXPANSION	The Clansman	Thomas Dixon Jr.	Training Gendered Whiteness: Teaching Thomas Dixon's The Clansman after Charlottesville	2018.0	article	1	1	1	1	The clansman	Thomas Dixon	OAA000021199	the clansman	2	2	TITLE_ONLY	True	False	True	False	False	0	1	AUTHOR_VARIANT_ONLY	UNCERTAIN	AMBIGUOUS_TARGET_REFERENCE
OAPRV3_e6a2da8a6df37374	W000031804	W3205221099	ALIAS_EXPANSION	The Clansman	Thomas Dixon Jr.	The Birth of a Sequel	2021.0	dissertation	1	1	1	1	The clansman	Thomas Dixon	OAA000021199	the clansman	2	2	ABSTRACT_ONLY	False	True	True	False	False	0	1	AUTHOR_VARIANT_ONLY	VALID_TARGET_REFERENCE	DIRECT_TARGET_REFERENCE
OAPRV3_ed720d1c974e01ce	W000031804	W7015414872	ALIAS_EXPANSION	The Clansman	Thomas Dixon Jr.	Thaddeus Stevens, a letter written to the Daily New era, Lancaster, Pa.		article	1	1	1	1	The clansman	Thomas Dixon	OAA000021199	the clansman	2	2	ABSTRACT_ONLY	False	True	True	False	False	0	1	AUTHOR_VARIANT_ONLY	VALID_TARGET_REFERENCE	DIRECT_TARGET_REFERENCE
OAPRV3_f09f3a74661ada00	W000031804	W2503744562	ALIAS_EXPANSION	The Clansman	Thomas Dixon Jr.	BLACK LIVES MATTER: HOW THE PORTRAYAL OF RACE IN THE U.S. MEDIA FRAMES RACIAL OPINION, DISCOURSE, AND VIOLENCE	2016.0	conference-paper	1	1	1	1	The clansman	Thomas Dixon	OAA000021199	the clansman	2	2	ABSTRACT_ONLY	False	True	True	False	False	0	1	AUTHOR_VARIANT_ONLY	VALID_TARGET_REFERENCE	DIRECT_TARGET_REFERENCE
OAPRV3_ff3ac13f6f25553c	W000031804	W1970083595	ALIAS_EXPANSION	The Clansman	Thomas Dixon Jr.	The Civil War in Popular Culture: A Reusable Past (review)	1996.0	article	1	1	1	1	The clansman	Thomas Dixon	OAA000021199	the clansman	2	2	ABSTRACT_ONLY	False	True	True	False	False	0	1	AUTHOR_VARIANT_ONLY	VALID_TARGET_REFERENCE	DIRECT_TARGET_REFERENCE
OAPRV3_23738e2a726c499e	W000031822	W4244290122	ALIAS_EXPANSION	Vice versa, or, A lesson to fathers	F. Anstey	Shorter Notices	1955.0	article	1	1	1	1	Vice versa	F. Anstey	OAA000024804	vice versa	2	2	ABSTRACT_ONLY	False	True	True	False	False	0	1	TITLE_VARIANT_ONLY	VALID_TARGET_REFERENCE	VALID_TITLE_VARIANT
OAPRV3_2f6fd83d48a71fd7	W000031822	W639239015	ALIAS_EXPANSION	Vice versa, or, A lesson to fathers	F. Anstey	‘The Great Keinplatz Experiment’	2023.0	book-chapter	1	1	1	1	Vice versa	F. Anstey	OAA000024804	vice versa	2	2	ABSTRACT_ONLY	False	True	True	False	False	0	1	TITLE_VARIANT_ONLY	VALID_TARGET_REFERENCE	VALID_TITLE_VARIANT
OAPRV3_1c9a496a9d2483c1	W000031833	W1499907859	ALIAS_EXPANSION	The indifferent children, by Andrew Lee [pseud.]	Andrew Lee	The indifferent children / Louis Auchincloss	1947.0	article	1	1	1	1	Indifferent Children	Louis Auchincloss	OAA000017569	indifferent children	2	2	TITLE_ONLY	True	False	True	False	False	0	1	TITLE_AND_AUTHOR_VARIANT	VALID_TARGET_REFERENCE	DIRECT_TARGET_REFERENCE
OAPRV3_2614125a0c6de226	W000031833	W4248855513	ALIAS_EXPANSION	The indifferent children, by Andrew Lee [pseud.]	Andrew Lee	Introduction	1991.0	book-chapter	1	1	1	1	Indifferent Children	Louis Auchincloss	OAA000017569	indifferent children	2	2	ABSTRACT_ONLY	False	True	True	False	False	0	1	TITLE_AND_AUTHOR_VARIANT	VALID_TARGET_REFERENCE	DIRECT_TARGET_REFERENCE
OAPRV3_b9bbcb65653e04e0	W000031833	W2493273320	ALIAS_EXPANSION	The indifferent children, by Andrew Lee [pseud.]	Andrew Lee	Social Tremors, 1947–54	1991.0	book-chapter	1	1	1	1	Indifferent Children	Louis Auchincloss	OAA000017569	indifferent children	2	2	ABSTRACT_ONLY	False	True	True	False	False	0	1	TITLE_AND_AUTHOR_VARIANT	VALID_TARGET_REFERENCE	DIRECT_TARGET_REFERENCE
OAPRV3_de849f8a85963ed6	W000031889	W1019830402	ALIAS_EXPANSION	Commodore Hornblower	C. S. Forester	The Commodore / C.S. Forester	1955.0	article	1	1	1	1	The commodore	C. S. Forester	OAA000010559	the commodore	2	2	TITLE_ONLY	True	False	True	False	False	0	1	TITLE_VARIANT_ONLY	VALID_TARGET_REFERENCE	VALID_TITLE_VARIANT
OAPRV3_8d334f0698925cdf	W000031890	W2463212187	ALIAS_EXPANSION	Beat to Quarters	C. S. Forester	The Isolation of the Spirit: Captain Horatio Hornblower, RN	2013.0	book-chapter	1	1	1	1	The happy return	C. S. Forester	OAA000010562	the happy return	3	3	ABSTRACT_ONLY	False	True	True	False	False	0	1	TITLE_VARIANT_ONLY	VALID_TARGET_REFERENCE	VALID_TITLE_VARIANT
OAPRV3_eb352a26a680d49a	W000031899	W162682411	ALIAS_EXPANSION	Slave today	George Samuel Schuyler	From Black Liberal to Black Conservative: George S. Schuyler, 1923-1935	1997.0	article	1	1	1	1	Slaves today	George Samuel Schuyler	OAA000011107	slaves today	2	2	ABSTRACT_ONLY	False	True	True	False	False	0	1	TITLE_VARIANT_ONLY	VALID_TARGET_REFERENCE	VALID_TITLE_VARIANT
OAPRV3_d0d4b0ae1f62f8f8	W000031927	W572945767	ALIAS_EXPANSION	The gray man	Samuel Rutherford Crockett	The gray man : a novel/ by S.R. Crockett	1896.0	book	1	1	1	1	The gray man	S. R. Crockett	OAA000022511	the gray man	3	3	TITLE_ONLY	True	False	True	False	False	0	1	AUTHOR_VARIANT_ONLY	VALID_TARGET_REFERENCE	DIRECT_TARGET_REFERENCE
OAPRV3_53e8cdf7dcb5b0ae	W000031931	W3101243279	ALIAS_EXPANSION	Jews without money	Michael Gold	Gold, Michael: Jews without Money	2020.0	book-chapter	1	1	1	1	Jews without money	Gold, Michael	OAA000017615	jews without money	3	3	TITLE_ONLY	True	False	True	False	False	0	1	AUTHOR_VARIANT_ONLY	VALID_TARGET_REFERENCE	DIRECT_TARGET_REFERENCE
OAPRV3_0a4811ad29a86ed9	W000031934	W2979450587	ALIAS_EXPANSION	Goodbye Mister Chips	James Hilton	Teaching language through literature: an ELT based study	2019.0	article	1	1	1	1	Good-bye, Mr. Chips	James Hilton	OAA000019629	good bye mr chips	4	4	ABSTRACT_ONLY	False	True	True	False	False	0	1	TITLE_VARIANT_ONLY	VALID_TARGET_REFERENCE	VALID_TITLE_VARIANT
OAPRV3_29750eed5aea9710	W000031934	W2323447795	ALIAS_EXPANSION	Goodbye Mister Chips	James Hilton	From the Classics James Hilton .Good-bye Mr. Chips. Boston, Little, Brown, and Company, 1934.	2002.0	article	1	1	1	1	Good-bye, Mr. Chips	James Hilton	OAA000019629	good bye mr chips	4	4	TITLE_ONLY	True	False	True	False	False	0	1	TITLE_VARIANT_ONLY	VALID_TARGET_REFERENCE	VALID_TITLE_VARIANT
OAPRV3_be29d1a6d65ffa49	W000031934	W6997010512	ALIAS_EXPANSION	Goodbye Mister Chips	James Hilton	Teaching language through literature: an ELT based study	2019.0	article	1	1	1	1	Good-bye, Mr. Chips	James Hilton	OAA000019629	good bye mr chips	4	4	ABSTRACT_ONLY	False	True	True	False	False	0	1	TITLE_VARIANT_ONLY	VALID_TARGET_REFERENCE	VALID_TITLE_VARIANT
OAPRV3_5f63f7dbb896350b	W000031939	W397120493	ALIAS_EXPANSION	Doctor Grimshawe's Secret a Romance	Nathaniel Hawthorne	The image of the house in the works of Nathaniel Hawthorne	1974.0	dissertation	1	1	1	1	Doctor Grimshawe's Secret	Nathaniel Hawthorne	OAA000023224	doctor grimshawe s secret	4	4	ABSTRACT_ONLY	False	True	True	False	False	0	1	TITLE_VARIANT_ONLY	VALID_TARGET_REFERENCE	DIRECT_TARGET_REFERENCE
OAPRV3_b76784c5544f6d3f	W000031939	W351292959	ALIAS_EXPANSION	Doctor Grimshawe's Secret a Romance	Nathaniel Hawthorne	THE HOUSE OF THE IMAGINED PAST: HAWTHORNE, DICKENS, AND JAMES	1980.0	dissertation	1	1	1	1	Doctor Grimshawe's Secret	Nathaniel Hawthorne	OAA000023224	doctor grimshawe s secret	4	4	ABSTRACT_ONLY	False	True	True	False	False	0	1	TITLE_VARIANT_ONLY	VALID_TARGET_REFERENCE	DIRECT_TARGET_REFERENCE
OAPRV3_d6da7ca2a0c5e577	W000031939	W2991866313	ALIAS_EXPANSION	Doctor Grimshawe's Secret a Romance	Nathaniel Hawthorne	"""We Remember No Biography Having So Many Poorly Concealed Antagonisms"": Character Assassination in Julian Hawthorne's Nathaniel Hawthorne and His Wife"	2010.0	article	1	1	1	1	Doctor Grimshawe's Secret	Nathaniel Hawthorne	OAA000023224	doctor grimshawe s secret	4	4	ABSTRACT_ONLY	False	True	True	False	False	0	1	TITLE_VARIANT_ONLY	VALID_TARGET_REFERENCE	VALID_CONTEXTUAL_REFERENCE
OAPRV3_13716a11953d2ba8	W000031941	W6892679998	ALIAS_EXPANSION	His Last Bow [8 stories]	Arthur Conan Doyle	sherlock holmes the dying detective pdf	2024.0	other	1	1	1	1	His last bow	Arthur Conan Doyle	OAA000021675	his last bow	3	3	ABSTRACT_ONLY	False	True	True	False	False	0	1	TITLE_VARIANT_ONLY	INVALID_TARGET_REFERENCE	METADATA_TEXT_ARTIFACT
OAPRV3_18181f6bbf065879	W000031941	W7021382464	ALIAS_EXPANSION	His Last Bow [8 stories]	Arthur Conan Doyle	His last bow		article	1	1	1	1	His last bow	Arthur Conan Doyle	OAA000021675	his last bow	3	3	TITLE_AND_ABSTRACT	True	True	True	False	False	0	1	TITLE_VARIANT_ONLY	VALID_TARGET_REFERENCE	DIRECT_TARGET_REFERENCE
OAPRV3_296267afaa9f59de	W000031941	W7114770136	ALIAS_EXPANSION	His Last Bow [8 stories]	Arthur Conan Doyle	His Last Bow	2025.0	book	1	1	1	1	His last bow	Arthur Conan Doyle	OAA000021675	his last bow	3	3	TITLE_AND_ABSTRACT	True	True	True	False	False	0	1	TITLE_VARIANT_ONLY	VALID_TARGET_REFERENCE	DIRECT_TARGET_REFERENCE
OAPRV3_49fb40b4be3a05a2	W000031941	W2805228990	ALIAS_EXPANSION	His Last Bow [8 stories]	Arthur Conan Doyle	English clitics analysis in Sherlock Holmes Novel by Sir Arthur Conan Doyle	2016.0	dissertation	1	1	1	1	His last bow	Arthur Conan Doyle	OAA000021675	his last bow	3	3	ABSTRACT_ONLY	False	True	True	False	False	0	1	TITLE_VARIANT_ONLY	UNCERTAIN	AMBIGUOUS_TARGET_REFERENCE
OAPRV3_50107d0d27e6c171	W000031941	W587299858	ALIAS_EXPANSION	His Last Bow [8 stories]	Arthur Conan Doyle	The Return of Sherlock Holmes / His Last Bow / The Case-Book of Sherlock Holmes	2007.0	book	1	1	1	1	His last bow	Arthur Conan Doyle	OAA000021675	his last bow	3	3	TITLE_ONLY	True	False	True	False	False	0	1	TITLE_VARIANT_ONLY	VALID_TARGET_REFERENCE	DIRECT_TARGET_REFERENCE
OAPRV3_5bc97ad622641a27	W000031941	W6967858730	ALIAS_EXPANSION	His Last Bow [8 stories]	Arthur Conan Doyle	Sein letzter fall pdf chomikuj	2024.0	other	1	1	1	1	His last bow	Arthur Conan Doyle	OAA000021675	his last bow	3	3	ABSTRACT_ONLY	False	True	True	False	False	0	1	TITLE_VARIANT_ONLY	UNCERTAIN	AMBIGUOUS_TARGET_REFERENCE
OAPRV3_6909110d24f08b5a	W000031941	W6911760635	ALIAS_EXPANSION	His Last Bow [8 stories]	Arthur Conan Doyle	sherlock holmes pdf français	2024.0	other	1	1	1	1	His last bow	Arthur Conan Doyle	OAA000021675	his last bow	3	3	ABSTRACT_ONLY	False	True	True	False	False	0	1	TITLE_VARIANT_ONLY	VALID_TARGET_REFERENCE	DIRECT_TARGET_REFERENCE
OAPRV3_7f5bb90ca283f83a	W000031941	W4226106746	ALIAS_EXPANSION	His Last Bow [8 stories]	Arthur Conan Doyle	How Sherlock Pulled the Trick: Spiritualism and the Pseudoscientific Method	2022.0	article	1	1	1	1	His last bow	Arthur Conan Doyle	OAA000021675	his last bow	3	3	ABSTRACT_ONLY	False	True	True	False	False	0	1	TITLE_VARIANT_ONLY	INVALID_TARGET_REFERENCE	WRONG_WORK_SAME_AUTHOR
OAPRV3_87549099735e5c88	W000031941	W749766343	ALIAS_EXPANSION	His Last Bow [8 stories]	Arthur Conan Doyle	The relationship between Ford, Kipling, Conan Doyle, Wells and British propaganda of the First World War	2009.0	dissertation	1	1	1	1	His last bow	Arthur Conan Doyle	OAA000021675	his last bow	3	3	ABSTRACT_ONLY	False	True	True	False	False	0	1	TITLE_VARIANT_ONLY	INVALID_TARGET_REFERENCE	WRONG_WORK_SAME_AUTHOR
OAPRV3_958c9ee088135547	W000031941	W6892768176	ALIAS_EXPANSION	His Last Bow [8 stories]	Arthur Conan Doyle	the adventure of wisteria lodge pdf	2024.0	other	1	1	1	1	His last bow	Arthur Conan Doyle	OAA000021675	his last bow	3	3	ABSTRACT_ONLY	False	True	True	False	False	0	1	TITLE_VARIANT_ONLY	VALID_TARGET_REFERENCE	DIRECT_TARGET_REFERENCE
OAPRV3_95f60dcafdcd906c	W000031941	W599531599	ALIAS_EXPANSION	His Last Bow [8 stories]	Arthur Conan Doyle	Sherlock Holmes - His Last Bow	2013.0	book	1	1	1	1	His last bow	Arthur Conan Doyle	OAA000021675	his last bow	3	3	TITLE_AND_ABSTRACT	True	True	True	False	False	0	1	TITLE_VARIANT_ONLY	VALID_TARGET_REFERENCE	DIRECT_TARGET_REFERENCE
OAPRV3_9eda15fa14ec6ee1	W000031941	W1537655779	ALIAS_EXPANSION	His Last Bow [8 stories]	Arthur Conan Doyle	The Penguin Complete Sherlock Holmes	1927.0	book	1	1	1	1	His last bow	Arthur Conan Doyle	OAA000021675	his last bow	3	3	ABSTRACT_ONLY	False	True	True	False	False	0	1	TITLE_VARIANT_ONLY	VALID_TARGET_REFERENCE	DIRECT_TARGET_REFERENCE
OAPRV3_a026264b75c545cb	W000031941	W6911266404	ALIAS_EXPANSION	His Last Bow [8 stories]	Arthur Conan Doyle	three adventures of sherlock holmes penguin readers pdf	2024.0	other	1	1	1	1	His last bow	Arthur Conan Doyle	OAA000021675	his last bow	3	3	ABSTRACT_ONLY	False	True	True	False	False	0	1	TITLE_VARIANT_ONLY	VALID_TARGET_REFERENCE	DIRECT_TARGET_REFERENCE
OAPRV3_bbe3d5ad7e5d6374	W000031941	W1562395565	ALIAS_EXPANSION	His Last Bow [8 stories]	Arthur Conan Doyle	Visiones de la metrópolis imperial: Londres como espejo literario de la dualidad victoriana de fin de siglo (1877-1901)	2013.0	dissertation	1	1	1	1	His last bow	Arthur Conan Doyle	OAA000021675	his last bow	3	3	ABSTRACT_ONLY	False	True	True	False	False	0	1	TITLE_VARIANT_ONLY	VALID_TARGET_REFERENCE	DIRECT_TARGET_REFERENCE
OAPRV3_c254c0f871fe370e	W000031941	W2097603061	ALIAS_EXPANSION	His Last Bow [8 stories]	Arthur Conan Doyle	"Conan Doyle's Incorporation of Revenge Drama: ""The Adventure of Wisteria Lodge"" and ""The Adventure of the Red Circle"""	2006.0	article	1	1	1	1	His last bow	Arthur Conan Doyle	OAA000021675	his last bow	3	3	ABSTRACT_ONLY	False	True	True	False	False	0	1	TITLE_VARIANT_ONLY	VALID_TARGET_REFERENCE	DIRECT_TARGET_REFERENCE
OAPRV3_c6ccef2e35f33d13	W000031941	W3199071455	ALIAS_EXPANSION	His Last Bow [8 stories]	Arthur Conan Doyle	My Dear Watson: The Infested Sherlock Holmes	2021.0	article	1	1	1	1	His last bow	Arthur Conan Doyle	OAA000021675	his last bow	3	3	ABSTRACT_ONLY	False	True	True	False	False	0	1	TITLE_VARIANT_ONLY	INVALID_TARGET_REFERENCE	WRONG_WORK_SAME_AUTHOR
OAPRV3_db084e9009d191e9	W000031941	W4394862469	ALIAS_EXPANSION	His Last Bow [8 stories]	Arthur Conan Doyle	Writing the First World War at Home : Exploring Gender Representations in Selected Short Stories of Sherlock Holmes and Max Carrados	2024.0	book-chapter	1	1	1	1	His last bow	Arthur Conan Doyle	OAA000021675	his last bow	3	3	ABSTRACT_ONLY	False	True	True	False	False	0	1	TITLE_VARIANT_ONLY	INVALID_TARGET_REFERENCE	WRONG_WORK_SAME_AUTHOR
OAPRV3_f2149d6cb2da17cd	W000031941	W4206024114	ALIAS_EXPANSION	His Last Bow [8 stories]	Arthur Conan Doyle	Playing by the Rules	2015.0	article	1	1	1	1	His last bow	Arthur Conan Doyle	OAA000021675	his last bow	3	3	ABSTRACT_ONLY	False	True	True	False	False	0	1	TITLE_VARIANT_ONLY	INVALID_TARGET_REFERENCE	WRONG_WORK_SAME_AUTHOR
OAPRV3_f5bfd8ce5437b2ac	W000031941	W7025437774	ALIAS_EXPANSION	His Last Bow [8 stories]	Arthur Conan Doyle	Visiones de la metrópolis imperial: Londres como espejo literario de la dualidad victoriana de fin de siglo (1877-1901)	2013.0	dissertation	1	1	1	1	His last bow	Arthur Conan Doyle	OAA000021675	his last bow	3	3	ABSTRACT_ONLY	False	True	True	False	False	0	1	TITLE_VARIANT_ONLY	VALID_TARGET_REFERENCE	DIRECT_TARGET_REFERENCE
OAPRV3_fb2e88982c0cbd33	W000031941	W7112551189	ALIAS_EXPANSION	His Last Bow [8 stories]	Arthur Conan Doyle	Crowded Hours in Post-Victorian Britain	2025.0	book-chapter	1	1	1	1	His last bow	Arthur Conan Doyle	OAA000021675	his last bow	3	3	ABSTRACT_ONLY	False	True	True	False	False	0	1	TITLE_VARIANT_ONLY	VALID_TARGET_REFERENCE	DIRECT_TARGET_REFERENCE
OAPRV3_fe6c4a8027f8c869	W000031941	W2803484054	ALIAS_EXPANSION	His Last Bow [8 stories]	Arthur Conan Doyle	"""I believe in Sherlock Holmes"": Fans, Readers, and the Problem of Serial Character"	2018.0	dissertation	1	1	1	1	His last bow	Arthur Conan Doyle	OAA000021675	his last bow	3	3	ABSTRACT_ONLY	False	True	True	False	False	0	1	TITLE_VARIANT_ONLY	INVALID_TARGET_REFERENCE	WRONG_WORK_SAME_AUTHOR
OAPRV3_01c67040ca20f9bb	W000031942	W3204163060	ALIAS_EXPANSION	Memoirs of Sherlock Holmes [11 stories]	Arthur Conan Doyle	The New Annotated Sherlock Holmes: The Complete Short Stories: The Adventures of Sherlock Holmes and The Memoirs of Sherlock Holmes (Non-slipcased edition) (Vo by Arthur Conan Doyle & Leslie S. Klin British Detectives	2007.0	article	1	1	1	1	The memoirs of Sherlock Holmes	Arthur Conan Doyle	OAA000021620	the memoirs of sherlock holmes	5	5	TITLE_ONLY	True	False	True	False	False	0	1	TITLE_VARIANT_ONLY	VALID_TARGET_REFERENCE	DIRECT_TARGET_REFERENCE
OAPRV3_08df0f7d1ed65f81	W000031942	W2779801456	ALIAS_EXPANSION	Memoirs of Sherlock Holmes [11 stories]	Arthur Conan Doyle	The African American Experience in Crime Fiction: A Critical StudyThe Arresting Eye: Race and the Anxiety of DetectionDreams for Dead Bodies: Blackness, Labor, and the Corpus of American Detective Fiction	2017.0	article	1	1	1	1	The memoirs of Sherlock Holmes	Arthur Conan Doyle	OAA000021620	the memoirs of sherlock holmes	5	5	ABSTRACT_ONLY	False	True	True	False	False	0	1	TITLE_VARIANT_ONLY	VALID_TARGET_REFERENCE	DIRECT_TARGET_REFERENCE
OAPRV3_1732ebe1ae887149	W000031942	W7112182165	ALIAS_EXPANSION	Memoirs of Sherlock Holmes [11 stories]	Arthur Conan Doyle	Holmes and Watson, a queer-reading adventure : an investigation of masculinity and sexuality in Sir Arthur Conan Doyle’s The Memoirs of Sherlock Holmes	2014.0	dissertation	1	1	1	1	The memoirs of Sherlock Holmes	Arthur Conan Doyle	OAA000021620	the memoirs of sherlock holmes	5	5	TITLE_AND_ABSTRACT	True	True	True	False	False	0	1	TITLE_VARIANT_ONLY	VALID_TARGET_REFERENCE	DIRECT_TARGET_REFERENCE
OAPRV3_203b5ad528c5dfdd	W000031942	W2605183233	ALIAS_EXPANSION	Memoirs of Sherlock Holmes [11 stories]	Arthur Conan Doyle	Actant structural analysis in Sir Arthur Conan Doyle’s: The memoirs of Sherlock Holmes	2016.0	dissertation	1	1	1	1	The memoirs of Sherlock Holmes	Arthur Conan Doyle	OAA000021620	the memoirs of sherlock holmes	5	5	TITLE_AND_ABSTRACT	True	True	True	False	False	0	1	TITLE_VARIANT_ONLY	VALID_TARGET_REFERENCE	DIRECT_TARGET_REFERENCE
OAPRV3_29da5169c5246fe6	W000031942	W2283964697	ALIAS_EXPANSION	Memoirs of Sherlock Holmes [11 stories]	Arthur Conan Doyle	In league with extraordinary gentlemen	2009.0	other	1	1	1	1	The memoirs of Sherlock Holmes	Arthur Conan Doyle	OAA000021620	the memoirs of sherlock holmes	5	5	ABSTRACT_ONLY	False	True	True	False	False	0	1	TITLE_VARIANT_ONLY	VALID_TARGET_REFERENCE	DIRECT_TARGET_REFERENCE
OAPRV3_34b96e2da644a42c	W000031942	W1912208073	ALIAS_EXPANSION	Memoirs of Sherlock Holmes [11 stories]	Arthur Conan Doyle	Grounded Theory and Pragmatism: The Curious Case of Anselm Strauss	2009.0	article	1	1	1	1	The memoirs of Sherlock Holmes	Arthur Conan Doyle	OAA000021620	the memoirs of sherlock holmes	5	5	ABSTRACT_ONLY	False	True	True	False	False	0	1	TITLE_VARIANT_ONLY	VALID_TARGET_REFERENCE	DIRECT_TARGET_REFERENCE
OAPRV3_38538566339e83a2	W000031942	W6949394083	ALIAS_EXPANSION	Memoirs of Sherlock Holmes [11 stories]	Arthur Conan Doyle	best mystery books pdf	2024.0	other	1	1	1	1	The memoirs of Sherlock Holmes	Arthur Conan Doyle	OAA000021620	the memoirs of sherlock holmes	5	5	ABSTRACT_ONLY	False	True	True	False	False	0	1	TITLE_VARIANT_ONLY	VALID_TARGET_REFERENCE	DIRECT_TARGET_REFERENCE
OAPRV3_388d7319fbddcf41	W000031942	W6892811080	ALIAS_EXPANSION	Memoirs of Sherlock Holmes [11 stories]	Arthur Conan Doyle	mystery pdf	2024.0	other	1	1	1	1	The memoirs of Sherlock Holmes	Arthur Conan Doyle	OAA000021620	the memoirs of sherlock holmes	5	5	ABSTRACT_ONLY	False	True	True	False	False	0	1	TITLE_VARIANT_ONLY	VALID_TARGET_REFERENCE	DIRECT_TARGET_REFERENCE
OAPRV3_3bcd134ed85f3928	W000031942	W3202600179	ALIAS_EXPANSION	Memoirs of Sherlock Holmes [11 stories]	Arthur Conan Doyle	The Memoirs of Sherlock Holmes by Arthur Conan Doyle Mysteries & Thrillers	1893.0	article	1	1	1	1	The memoirs of Sherlock Holmes	Arthur Conan Doyle	OAA000021620	the memoirs of sherlock holmes	5	5	TITLE_ONLY	True	False	True	False	False	0	1	TITLE_VARIANT_ONLY	VALID_TARGET_REFERENCE	DIRECT_TARGET_REFERENCE
OAPRV3_45027c9064cbf6ff	W000031942	W6967431686	ALIAS_EXPANSION	Memoirs of Sherlock Holmes [11 stories]	Arthur Conan Doyle	silver blaze sherlock holmes pdf	2024.0	other	1	1	1	1	The memoirs of Sherlock Holmes	Arthur Conan Doyle	OAA000021620	the memoirs of sherlock holmes	5	5	ABSTRACT_ONLY	False	True	True	False	False	0	1	TITLE_VARIANT_ONLY	VALID_TARGET_REFERENCE	DIRECT_TARGET_REFERENCE
OAPRV3_4e865db0ae20bb2a	W000031942	W3202676550	ALIAS_EXPANSION	Memoirs of Sherlock Holmes [11 stories]	Arthur Conan Doyle	The Memoirs of Sherlock Holmes by Arthur Conan Doyle & Sydney Paget British Detectives	2016.0	article	1	1	1	1	The memoirs of Sherlock Holmes	Arthur Conan Doyle	OAA000021620	the memoirs of sherlock holmes	5	5	TITLE_ONLY	True	False	True	False	False	0	1	TITLE_VARIANT_ONLY	VALID_TARGET_REFERENCE	DIRECT_TARGET_REFERENCE
OAPRV3_59de627ed42ab90a	W000031942	W2000960186	ALIAS_EXPANSION	Memoirs of Sherlock Holmes [11 stories]	Arthur Conan Doyle	The Fingerprint of the Foreigner: Colonizing the Criminal Body in 1890s Detective Fiction and Criminal Anthropology	1994.0	article	1	1	1	1	The memoirs of Sherlock Holmes	Arthur Conan Doyle	OAA000021620	the memoirs of sherlock holmes	5	5	ABSTRACT_ONLY	False	True	True	False	False	0	1	TITLE_VARIANT_ONLY	VALID_TARGET_REFERENCE	DIRECT_TARGET_REFERENCE
OAPRV3_5c9e4f1d72f95aaa	W000031942	W1490594063	ALIAS_EXPANSION	Memoirs of Sherlock Holmes [11 stories]	Arthur Conan Doyle	The Memoirs of Sherlock Holmes	2023.0	book	1	1	1	1	The memoirs of Sherlock Holmes	Arthur Conan Doyle	OAA000021620	the memoirs of sherlock holmes	5	5	TITLE_AND_ABSTRACT	True	True	True	False	False	0	1	TITLE_VARIANT_ONLY	VALID_TARGET_REFERENCE	DIRECT_TARGET_REFERENCE
OAPRV3_6335383b1d32b23e	W000031942	W6930423302	ALIAS_EXPANSION	Memoirs of Sherlock Holmes [11 stories]	Arthur Conan Doyle	Sherlock manga pdf	2024.0	other	1	1	1	1	The memoirs of Sherlock Holmes	Arthur Conan Doyle	OAA000021620	the memoirs of sherlock holmes	5	5	ABSTRACT_ONLY	False	True	True	False	False	0	1	TITLE_VARIANT_ONLY	VALID_TARGET_REFERENCE	DIRECT_TARGET_REFERENCE
OAPRV3_63b263cab0474295	W000031942	W788948383	ALIAS_EXPANSION	Memoirs of Sherlock Holmes [11 stories]	Arthur Conan Doyle	Holmes och Watson – Ett Queerläsningsäventyr : En undersökning av maskulinitet och sexualitet i Sir Arthur Conan Doyles The Memoirs of Sherlock Holmes	2014.0	article	1	1	1	1	The memoirs of Sherlock Holmes	Arthur Conan Doyle	OAA000021620	the memoirs of sherlock holmes	5	5	TITLE_AND_ABSTRACT	True	True	True	False	False	0	1	TITLE_VARIANT_ONLY	VALID_TARGET_REFERENCE	DIRECT_TARGET_REFERENCE
OAPRV3_6fe67fae5a7d8f1d	W000031942	W7025437774	ALIAS_EXPANSION	Memoirs of Sherlock Holmes [11 stories]	Arthur Conan Doyle	Visiones de la metrópolis imperial: Londres como espejo literario de la dualidad victoriana de fin de siglo (1877-1901)	2013.0	dissertation	1	1	1	1	The memoirs of Sherlock Holmes	Arthur Conan Doyle	OAA000021620	the memoirs of sherlock holmes	5	5	ABSTRACT_ONLY	False	True	True	False	False	0	1	TITLE_VARIANT_ONLY	VALID_TARGET_REFERENCE	DIRECT_TARGET_REFERENCE
OAPRV3_8e04af1d0a65e34c	W000031942	W4240782765	ALIAS_EXPANSION	Memoirs of Sherlock Holmes [11 stories]	Arthur Conan Doyle	E	2003.0	reference-entry	1	1	1	1	The memoirs of Sherlock Holmes	Arthur Conan Doyle	OAA000021620	the memoirs of sherlock holmes	5	5	ABSTRACT_ONLY	False	True	True	False	False	0	1	TITLE_VARIANT_ONLY	VALID_TARGET_REFERENCE	DIRECT_TARGET_REFERENCE
OAPRV3_9407b08776b80f09	W000031942	W3001549604	ALIAS_EXPANSION	Memoirs of Sherlock Holmes [11 stories]	Arthur Conan Doyle	The Evolution of the Character Sherlock Holmes Within the Fan Fiction Narratives and Discourse	2019.0	dissertation	1	1	1	1	The memoirs of Sherlock Holmes	Arthur Conan Doyle	OAA000021620	the memoirs of sherlock holmes	5	5	ABSTRACT_ONLY	False	True	True	False	False	0	1	TITLE_VARIANT_ONLY	VALID_TARGET_REFERENCE	DIRECT_TARGET_REFERENCE
OAPRV3_9cecac7c1b4ded24	W000031942	W6948902755	ALIAS_EXPANSION	Memoirs of Sherlock Holmes [11 stories]	Arthur Conan Doyle	sherlock holmes the definitive collection pdf	2024.0	other	1	1	1	1	The memoirs of Sherlock Holmes	Arthur Conan Doyle	OAA000021620	the memoirs of sherlock holmes	5	5	ABSTRACT_ONLY	False	True	True	False	False	0	1	TITLE_VARIANT_ONLY	VALID_TARGET_REFERENCE	DIRECT_TARGET_REFERENCE
OAPRV3_ac1b4f45683ae7ee	W000031942	W6892682262	ALIAS_EXPANSION	Memoirs of Sherlock Holmes [11 stories]	Arthur Conan Doyle	Sherlock manga pdf	2024.0	other	1	1	1	1	The memoirs of Sherlock Holmes	Arthur Conan Doyle	OAA000021620	the memoirs of sherlock holmes	5	5	ABSTRACT_ONLY	False	True	True	False	False	0	1	TITLE_VARIANT_ONLY	VALID_TARGET_REFERENCE	DIRECT_TARGET_REFERENCE
OAPRV3_b1c51168babe3053	W000031942	W7057926930	ALIAS_EXPANSION	Memoirs of Sherlock Holmes [11 stories]	Arthur Conan Doyle	The Memoirs of Sherlock Holmes	2021.0	article	1	1	1	1	The memoirs of Sherlock Holmes	Arthur Conan Doyle	OAA000021620	the memoirs of sherlock holmes	5	5	TITLE_AND_ABSTRACT	True	True	True	False	False	0	1	TITLE_VARIANT_ONLY	VALID_TARGET_REFERENCE	DIRECT_TARGET_REFERENCE
OAPRV3_bdb66c000dc92327	W000031942	W1546271476	ALIAS_EXPANSION	Memoirs of Sherlock Holmes [11 stories]	Arthur Conan Doyle	The Adventures of Sherlock Holmes, The Memoirs of Sherlock Holmes	2004.0	book	1	1	1	1	The memoirs of Sherlock Holmes	Arthur Conan Doyle	OAA000021620	the memoirs of sherlock holmes	5	5	TITLE_ONLY	True	False	True	False	False	0	1	TITLE_VARIANT_ONLY	VALID_TARGET_REFERENCE	DIRECT_TARGET_REFERENCE
OAPRV3_c41038d3bd4ab568	W000031942	W3121694776	ALIAS_EXPANSION	Memoirs of Sherlock Holmes [11 stories]	Arthur Conan Doyle	Klassiekers door de vertaalmachine gehaald : Frankensteinmonsters of Treasure Islands?	2021.0	article	1	1	1	1	The memoirs of Sherlock Holmes	Arthur Conan Doyle	OAA000021620	the memoirs of sherlock holmes	5	5	ABSTRACT_ONLY	False	True	True	False	False	0	1	TITLE_VARIANT_ONLY	VALID_TARGET_REFERENCE	DIRECT_TARGET_REFERENCE
OAPRV3_c9d5afe91d81973d	W000031942	W7007458724	ALIAS_EXPANSION	Memoirs of Sherlock Holmes [11 stories]	Arthur Conan Doyle	思考の図と地 / フレーミングによる肯定・否定の非対称性	2014.0	article	1	1	1	1	The memoirs of Sherlock Holmes	Arthur Conan Doyle	OAA000021620	the memoirs of sherlock holmes	5	5	ABSTRACT_ONLY	False	True	True	False	False	0	1	TITLE_VARIANT_ONLY	VALID_TARGET_REFERENCE	DIRECT_TARGET_REFERENCE
OAPRV3_d29993e42a90cf3f	W000031942	W1489427284	ALIAS_EXPANSION	Memoirs of Sherlock Holmes [11 stories]	Arthur Conan Doyle	The Hound of the Baskervilles: Another Adventure of Sherlock Holmes	1974.0	book	1	1	1	1	The memoirs of Sherlock Holmes	Arthur Conan Doyle	OAA000021620	the memoirs of sherlock holmes	5	5	ABSTRACT_ONLY	False	True	True	False	False	0	1	TITLE_VARIANT_ONLY	VALID_TARGET_REFERENCE	DIRECT_TARGET_REFERENCE
OAPRV3_dc61446dd4df1716	W000031942	W1822176774	ALIAS_EXPANSION	Memoirs of Sherlock Holmes [11 stories]	Arthur Conan Doyle	LOAN TRANSLATION OF SIR ARTHUR CONAN DOYLE’S THE MEMOIRS OF SHERLOCK HOLMES INTO DAISY DIANA’S MEMOAR SHERLOCK HOLMES	2014.0	dissertation	1	1	1	1	The memoirs of Sherlock Holmes	Arthur Conan Doyle	OAA000021620	the memoirs of sherlock holmes	5	5	TITLE_ONLY	True	False	True	False	False	0	1	TITLE_VARIANT_ONLY	VALID_TARGET_REFERENCE	DIRECT_TARGET_REFERENCE
OAPRV3_e4badec6c7ab0934	W000031942	W1639707155	ALIAS_EXPANSION	Memoirs of Sherlock Holmes [11 stories]	Arthur Conan Doyle	BOOK REVIEW OF THE FINAL PROBLEM WRITTEN BY SIR ARTHUR CONAN DOYLE	2014.0	book-review	1	1	1	1	The memoirs of Sherlock Holmes	Arthur Conan Doyle	OAA000021620	the memoirs of sherlock holmes	5	5	ABSTRACT_ONLY	False	True	True	False	False	0	1	TITLE_VARIANT_ONLY	VALID_TARGET_REFERENCE	DIRECT_TARGET_REFERENCE
OAPRV3_e71239696180b838	W000031942	W4253647942	ALIAS_EXPANSION	Memoirs of Sherlock Holmes [11 stories]	Arthur Conan Doyle	Excess Returns: Empirical Results	2018.0	book-chapter	1	1	1	1	The memoirs of Sherlock Holmes	Arthur Conan Doyle	OAA000021620	the memoirs of sherlock holmes	5	5	ABSTRACT_ONLY	False	True	True	False	False	0	1	TITLE_VARIANT_ONLY	VALID_TARGET_REFERENCE	DIRECT_TARGET_REFERENCE
OAPRV3_e85a4f25523f8125	W000031942	W7073934190	ALIAS_EXPANSION	Memoirs of Sherlock Holmes [11 stories]	Arthur Conan Doyle	Grounded Theory and Pragmatism: The Curious Case of Anselm Strauss	2009.0	article	1	1	1	1	The memoirs of Sherlock Holmes	Arthur Conan Doyle	OAA000021620	the memoirs of sherlock holmes	5	5	ABSTRACT_ONLY	False	True	True	False	False	0	1	TITLE_VARIANT_ONLY	VALID_TARGET_REFERENCE	DIRECT_TARGET_REFERENCE
OAPRV3_f4a2c8b113eed832	W000031942	W6911266404	ALIAS_EXPANSION	Memoirs of Sherlock Holmes [11 stories]	Arthur Conan Doyle	three adventures of sherlock holmes penguin readers pdf	2024.0	other	1	1	1	1	The memoirs of Sherlock Holmes	Arthur Conan Doyle	OAA000021620	the memoirs of sherlock holmes	5	5	ABSTRACT_ONLY	False	True	True	False	False	0	1	TITLE_VARIANT_ONLY	VALID_TARGET_REFERENCE	DIRECT_TARGET_REFERENCE
OAPRV3_fd3632433b804ffe	W000031942	W1562395565	ALIAS_EXPANSION	Memoirs of Sherlock Holmes [11 stories]	Arthur Conan Doyle	Visiones de la metrópolis imperial: Londres como espejo literario de la dualidad victoriana de fin de siglo (1877-1901)	2013.0	dissertation	1	1	1	1	The memoirs of Sherlock Holmes	Arthur Conan Doyle	OAA000021620	the memoirs of sherlock holmes	5	5	ABSTRACT_ONLY	False	True	True	False	False	0	1	TITLE_VARIANT_ONLY	VALID_TARGET_REFERENCE	DIRECT_TARGET_REFERENCE
OAPRV3_4457a731dd8a6c34	W000031946	W2887062449	ALIAS_EXPANSION	Black April	Julia Mood Peterkin	“Something to Feel About”: Zora Neale Hurston and Julia Peterkin in African Town	2010.0	article	1	1	1	1	Black April	Julia Peterkin	OAA000034151	black april	2	2	ABSTRACT_ONLY	False	True	True	False	False	0	1	AUTHOR_VARIANT_ONLY	VALID_TARGET_REFERENCE	DIRECT_TARGET_REFERENCE
OAPRV3_050a1a7910ff65a0	W000031949	W2605473472	ALIAS_EXPANSION	The Turn of the Screw	Henry James	Populism and ideology: nineteenth-century fiction and the cinema	2017.0	book-chapter	2	2	1	2	Turn of the Screw	Henry James	OAA000020405 || OAA000020845	turn of the screw	4	4	ABSTRACT_ONLY	False	True	True	False	False	0	1	TITLE_VARIANT_ONLY	VALID_TARGET_REFERENCE	DIRECT_TARGET_REFERENCE
OAPRV3_08b82ada0f2406e6	W000031949	W2969636470	ALIAS_EXPANSION	The Turn of the Screw	Henry James	"""The Little Actor"": Performing Childhood in Nineteenth-Century British Literature"	2019.0	article	2	2	1	2	Turn of the Screw	Henry James	OAA000020405 || OAA000020845	turn of the screw	4	4	ABSTRACT_ONLY	False	True	True	False	False	0	1	TITLE_VARIANT_ONLY	VALID_TARGET_REFERENCE	DIRECT_TARGET_REFERENCE
OAPRV3_0a580f180b2162ce	W000031949	W166772029	ALIAS_EXPANSION	The Turn of the Screw	Henry James	Postgothic Fiction: Joyce Carol Oates Turns the Screw on Henry James	1998.0	article	2	2	1	2	Turn of the Screw	Henry James	OAA000020405 || OAA000020845	turn of the screw	4	4	ABSTRACT_ONLY	False	True	True	False	False	0	1	TITLE_VARIANT_ONLY	VALID_TARGET_REFERENCE	DIRECT_TARGET_REFERENCE
OAPRV3_0f762fd73fc5856e	W000031949	W2074201624	ALIAS_EXPANSION	The Turn of the Screw	Henry James	"""With holes of different sizes made in them, to admit of sticks"": Phallic Playthings in Henry James'sThe Turn of the Screw"	2004.0	article	2	2	1	2	Turn of the Screw	Henry James	OAA000020405 || OAA000020845	turn of the screw	4	4	TITLE_ONLY	True	False	True	False	False	0	1	TITLE_VARIANT_ONLY	VALID_TARGET_REFERENCE	DIRECT_TARGET_REFERENCE
OAPRV3_1d633281e414153a	W000031949	W2616552423	ALIAS_EXPANSION	The Turn of the Screw	Henry James	Beasts in the Jungle: Henry James, William James, and the Animal Turn	2017.0	article	2	2	1	2	Turn of the Screw	Henry James	OAA000020405 || OAA000020845	turn of the screw	4	4	ABSTRACT_ONLY	False	True	True	False	False	0	1	TITLE_VARIANT_ONLY	VALID_TARGET_REFERENCE	VALID_CONTEXTUAL_REFERENCE
OAPRV3_280fa7984fc0ae2a	W000031949	W1964548951	ALIAS_EXPANSION	The Turn of the Screw	Henry James	Unambiguous Ambiguity: The International Theme of Daisy Miller	1988.0	article	2	2	1	2	Turn of the Screw	Henry James	OAA000020405 || OAA000020845	turn of the screw	4	4	ABSTRACT_ONLY	False	True	True	False	False	0	1	TITLE_VARIANT_ONLY	VALID_TARGET_REFERENCE	DIRECT_TARGET_REFERENCE
OAPRV3_3051f9c5db6646a3	W000031949	W9085480	ALIAS_EXPANSION	The Turn of the Screw	Henry James	Book Reviews -- Using Lacan, Reading Fiction by James M. Mellard	1994.0	book-review	2	2	1	2	Turn of the Screw	Henry James	OAA000020405 || OAA000020845	turn of the screw	4	4	ABSTRACT_ONLY	False	True	True	False	False	0	1	TITLE_VARIANT_ONLY	VALID_TARGET_REFERENCE	DIRECT_TARGET_REFERENCE
OAPRV3_36123ab557cf9042	W000031949	W313150767	ALIAS_EXPANSION	The Turn of the Screw	Henry James	Monkey Shines: (Films of George A. Romero)	2000.0	article	2	2	1	2	Turn of the Screw	Henry James	OAA000020405 || OAA000020845	turn of the screw	4	4	ABSTRACT_ONLY	False	True	True	False	False	0	1	TITLE_VARIANT_ONLY	VALID_TARGET_REFERENCE	DIRECT_TARGET_REFERENCE
OAPRV3_3675e747e6231a53	W000031949	W7025304435	ALIAS_EXPANSION	The Turn of the Screw	Henry James	The two magics : turn of the screw, Covering end. / By Henry James.		article	2	2	1	2	Turn of the Screw	Henry James	OAA000020405 || OAA000020845	turn of the screw	4	4	TITLE_ONLY	True	False	True	False	False	0	1	TITLE_VARIANT_ONLY	VALID_TARGET_REFERENCE	DIRECT_TARGET_REFERENCE
OAPRV3_406d67df7da96bcc	W000031949	W7006653206	ALIAS_EXPANSION	The Turn of the Screw	Henry James	Waiting for the new writer: an interview with Malcolm Bradbury	1998.0	article	2	2	1	2	Turn of the Screw	Henry James	OAA000020405 || OAA000020845	turn of the screw	4	4	ABSTRACT_ONLY	False	True	True	False	False	0	1	TITLE_VARIANT_ONLY	VALID_TARGET_REFERENCE	VALID_CONTEXTUAL_REFERENCE
OAPRV3_45fd084a4fa5d9a2	W000031949	W188634900	ALIAS_EXPANSION	The Turn of the Screw	Henry James	"WITCHCRAFT IMAGERY AND ALLUSION IN JAMES'S ""BOSTONIANS"""	2016.0	article	2	2	1	2	Turn of the Screw	Henry James	OAA000020405 || OAA000020845	turn of the screw	4	4	ABSTRACT_ONLY	False	True	True	False	False	0	1	TITLE_VARIANT_ONLY	VALID_TARGET_REFERENCE	DIRECT_TARGET_REFERENCE
OAPRV3_4760400dd106c011	W000031949	W7031975452	ALIAS_EXPANSION	The Turn of the Screw	Henry James	Turn of the screw	1969.0	article	2	2	1	2	Turn of the Screw	Henry James	OAA000020405 || OAA000020845	turn of the screw	4	4	TITLE_ONLY	True	False	True	False	False	0	1	TITLE_VARIANT_ONLY	VALID_TARGET_REFERENCE	VALID_CONTEXTUAL_REFERENCE
OAPRV3_479ff8fa15db63c9	W000031949	W2477517012	ALIAS_EXPANSION	The Turn of the Screw	Henry James	The Anatomy of Desire: Madness, Mesmerism, and the Specters of Female Sexuality	2016.0	book-chapter	2	2	1	2	Turn of the Screw	Henry James	OAA000020405 || OAA000020845	turn of the screw	4	4	ABSTRACT_ONLY	False	True	True	False	False	0	1	TITLE_VARIANT_ONLY	VALID_TARGET_REFERENCE	VALID_CONTEXTUAL_REFERENCE
OAPRV3_4808e306fa3686df	W000031949	W1505140421	ALIAS_EXPANSION	The Turn of the Screw	Henry James	The Unenchanted Garden: Children, Childhood, and Conrad	2006.0	article	2	2	1	2	Turn of the Screw	Henry James	OAA000020405 || OAA000020845	turn of the screw	4	4	ABSTRACT_ONLY	False	True	True	False	False	0	1	TITLE_VARIANT_ONLY	VALID_TARGET_REFERENCE	DIRECT_TARGET_REFERENCE
OAPRV3_4e39e0b26ff90919	W000031949	W7069207807	ALIAS_EXPANSION	The Turn of the Screw	Henry James	Self contained	2013.0	other	2	2	1	2	Turn of the Screw	Henry James	OAA000020405 || OAA000020845	turn of the screw	4	4	ABSTRACT_ONLY	False	True	True	False	False	0	1	TITLE_VARIANT_ONLY	VALID_TARGET_REFERENCE	DIRECT_TARGET_REFERENCE
OAPRV3_509d919e4283ace9	W000031949	W2053127530	ALIAS_EXPANSION	The Turn of the Screw	Henry James	Henry James: History, Narrative, Fiction.	1995.0	article	2	2	1	2	Turn of the Screw	Henry James	OAA000020405 || OAA000020845	turn of the screw	4	4	ABSTRACT_ONLY	False	True	True	False	False	0	1	TITLE_VARIANT_ONLY	VALID_TARGET_REFERENCE	VALID_TITLE_VARIANT
OAPRV3_5a2148f852c4ebcd	W000031949	W1180549582	ALIAS_EXPANSION	The Turn of the Screw	Henry James	The Gothic Tradition in Fiction by Elizabeth MacAndrew (review)	1981.0	article	2	2	1	2	Turn of the Screw	Henry James	OAA000020405 || OAA000020845	turn of the screw	4	4	ABSTRACT_ONLY	False	True	True	False	False	0	1	TITLE_VARIANT_ONLY	VALID_TARGET_REFERENCE	DIRECT_TARGET_REFERENCE
OAPRV3_5af2c65811ee82f6	W000031949	W7015154896	ALIAS_EXPANSION	The Turn of the Screw	Henry James	The Shape of Fear: Horror and the Fin de Siècle Culture of Decadence	1998.0	article	2	2	1	2	Turn of the Screw	Henry James	OAA000020405 || OAA000020845	turn of the screw	4	4	ABSTRACT_ONLY	False	True	True	False	False	0	1	TITLE_VARIANT_ONLY	VALID_TARGET_REFERENCE	DIRECT_TARGET_REFERENCE
OAPRV3_61ddd9d58b92fc58	W000031949	W28541830	ALIAS_EXPANSION	The Turn of the Screw	Henry James	Le nouveau monde et les espaces d'altérité : le fantastique dans les nouvelles de Henry James et Julio Cortázar	1993.0	dissertation	2	2	1	2	Turn of the Screw	Henry James	OAA000020405 || OAA000020845	turn of the screw	4	4	ABSTRACT_ONLY	False	True	True	False	False	0	1	TITLE_VARIANT_ONLY	VALID_TARGET_REFERENCE	VALID_CONTEXTUAL_REFERENCE
OAPRV3_6440baab41b172d8	W000031949	W3009118220	ALIAS_EXPANSION	The Turn of the Screw	Henry James	Turn of the Screw by Henry James (1843-1916)	2019.0	article	2	2	1	2	Turn of the Screw	Henry James	OAA000020405 || OAA000020845	turn of the screw	4	4	TITLE_ONLY	True	False	True	False	False	0	1	TITLE_VARIANT_ONLY	VALID_TARGET_REFERENCE	DIRECT_TARGET_REFERENCE
OAPRV3_6501b75a1faa6658	W000031949	W3143627866	ALIAS_EXPANSION	The Turn of the Screw	Henry James	Daisy Miller & Turn of the screw : notes	1965.0	book	2	2	1	2	Turn of the Screw	Henry James	OAA000020405 || OAA000020845	turn of the screw	4	4	TITLE_AND_ABSTRACT	True	True	True	False	False	0	1	TITLE_VARIANT_ONLY	VALID_TARGET_REFERENCE	DIRECT_TARGET_REFERENCE
OAPRV3_6d3d6d48662ab446	W000031949	W2082732134	ALIAS_EXPANSION	The Turn of the Screw	Henry James	Introduction: American Periodicals and Visual Culture	2010.0	article	2	2	1	2	Turn of the Screw	Henry James	OAA000020405 || OAA000020845	turn of the screw	4	4	ABSTRACT_ONLY	False	True	True	False	False	0	1	TITLE_VARIANT_ONLY	VALID_TARGET_REFERENCE	VALID_TITLE_VARIANT
OAPRV3_6dbc7813172f07ec	W000031949	W2075968553	ALIAS_EXPANSION	The Turn of the Screw	Henry James	Catholic Substance in The Golden Bowl	2013.0	article	2	2	1	2	Turn of the Screw	Henry James	OAA000020405 || OAA000020845	turn of the screw	4	4	ABSTRACT_ONLY	False	True	True	False	False	0	1	TITLE_VARIANT_ONLY	INVALID_TARGET_REFERENCE	GENERIC_OR_LEXICAL_TITLE_USE
OAPRV3_6ecb19bdb3e32514	W000031949	W1974689529	ALIAS_EXPANSION	The Turn of the Screw	Henry James	The Correspondence of Henry James and Henry Adams, 1877-1914 (review)	1993.0	article	2	2	1	2	Turn of the Screw	Henry James	OAA000020405 || OAA000020845	turn of the screw	4	4	ABSTRACT_ONLY	False	True	True	False	False	0	1	TITLE_VARIANT_ONLY	INVALID_TARGET_REFERENCE	GENERIC_OR_LEXICAL_TITLE_USE
OAPRV3_990cdf26a3ed913f	W000031949	W2475408017	ALIAS_EXPANSION	The Turn of the Screw	Henry James	A Visit to Miss Pater	1984.0	book-chapter	2	2	1	2	Turn of the Screw	Henry James	OAA000020405 || OAA000020845	turn of the screw	4	4	ABSTRACT_ONLY	False	True	True	False	False	0	1	TITLE_VARIANT_ONLY	VALID_TARGET_REFERENCE	VALID_CONTEXTUAL_REFERENCE
OAPRV3_9bfd12e9bcf5ec92	W000031949	W4242570209	ALIAS_EXPANSION	The Turn of the Screw	Henry James	‘TheDearOldSacredTerror’:SpiritualismandtheSupernaturalfrom The BostonianstoThe Turn of the Screw	2016.0	book-chapter	2	2	1	2	Turn of the Screw	Henry James	OAA000020405 || OAA000020845	turn of the screw	4	4	TITLE_ONLY	True	False	True	False	False	0	1	TITLE_VARIANT_ONLY	VALID_TARGET_REFERENCE	DIRECT_TARGET_REFERENCE
OAPRV3_9ddb974a6ce38622	W000031949	W4245172899	ALIAS_EXPANSION	The Turn of the Screw	Henry James	Face	2016.0	book-chapter	2	2	1	2	Turn of the Screw	Henry James	OAA000020405 || OAA000020845	turn of the screw	4	4	ABSTRACT_ONLY	False	True	True	False	False	0	1	TITLE_VARIANT_ONLY	VALID_TARGET_REFERENCE	DIRECT_TARGET_REFERENCE
OAPRV3_a56a84d43af2a2b5	W000031949	W2946368432	ALIAS_EXPANSION	The Turn of the Screw	Henry James	A CRITICAL ANALYSIS OF THE NARRATIVE PATTERN OF EMILY BRONTE’S WUTHERING HEIGHTS	2019.0	article	2	2	1	2	Turn of the Screw	Henry James	OAA000020405 || OAA000020845	turn of the screw	4	4	ABSTRACT_ONLY	False	True	True	False	False	0	1	TITLE_VARIANT_ONLY	VALID_TARGET_REFERENCE	DIRECT_TARGET_REFERENCE
OAPRV3_a6ae02e1e167c8fa	W000031949	W4246434765	ALIAS_EXPANSION	The Turn of the Screw	Henry James	Merciless	2006.0	article	2	2	1	2	Turn of the Screw	Henry James	OAA000020405 || OAA000020845	turn of the screw	4	4	ABSTRACT_ONLY	False	True	True	False	False	0	1	TITLE_VARIANT_ONLY	VALID_TARGET_REFERENCE	VALID_CONTEXTUAL_REFERENCE
OAPRV3_a884eace96bd62b3	W000031949	W586588054	ALIAS_EXPANSION	The Turn of the Screw	Henry James	The rhetoric of first-person point of view in the novel and film forms : a study of Anthony Burgess' A clockwork orange and Henry James' A turn of the screw and their film adaptations	1978.0	article	2	2	1	2	Turn of the Screw	Henry James	OAA000020405 || OAA000020845	turn of the screw	4	4	TITLE_ONLY	True	False	True	False	False	0	1	TITLE_VARIANT_ONLY	VALID_TARGET_REFERENCE	VALID_TITLE_VARIANT
OAPRV3_aec59d042680bacc	W000031949	W7205240952	ALIAS_EXPANSION	The Turn of the Screw	Henry James	Ball State University, Division of Music and Muncie Matinee Musicale [with] affiliates of the International Federation of Music Clubs presents Benjamin Britten's Turn of the screw	1969.0	article	2	2	1	2	Turn of the Screw	Henry James	OAA000020405 || OAA000020845	turn of the screw	4	4	TITLE_ONLY	True	False	True	False	False	0	1	TITLE_VARIANT_ONLY	VALID_TARGET_REFERENCE	VALID_CONTEXTUAL_REFERENCE
OAPRV3_aef470d79a7f61a5	W000031949	W2085975426	ALIAS_EXPANSION	The Turn of the Screw	Henry James	A Natural History of Pragmatism: The Fact of Feeling from Jonathan Edwards to Gertrude Stein (review)	2009.0	article	2	2	1	2	Turn of the Screw	Henry James	OAA000020405 || OAA000020845	turn of the screw	4	4	ABSTRACT_ONLY	False	True	True	False	False	0	1	TITLE_VARIANT_ONLY	INVALID_TARGET_REFERENCE	GENERIC_OR_LEXICAL_TITLE_USE
OAPRV3_bf54ee623ee0d97b	W000031949	W297085686	ALIAS_EXPANSION	The Turn of the Screw	Henry James	The Fine Central Consciousness in Henry James's Turn of the Screw	1957.0	dissertation	2	2	1	2	Turn of the Screw	Henry James	OAA000020405 || OAA000020845	turn of the screw	4	4	TITLE_ONLY	True	False	True	False	False	0	1	TITLE_VARIANT_ONLY	VALID_TARGET_REFERENCE	DIRECT_TARGET_REFERENCE
OAPRV3_d319dbc0c9f2dd98	W000031949	W3196559015	ALIAS_EXPANSION	The Turn of the Screw	Henry James	GothicK: Origins and Innovations	1994.0	book	2	2	1	2	Turn of the Screw	Henry James	OAA000020405 || OAA000020845	turn of the screw	4	4	ABSTRACT_ONLY	False	True	True	False	False	0	1	TITLE_VARIANT_ONLY	VALID_TARGET_REFERENCE	DIRECT_TARGET_REFERENCE
OAPRV3_dfa05de368da2d19	W000031949	W3129886273	ALIAS_EXPANSION	The Turn of the Screw	Henry James	Portraits from Life: Modernist Novelists and Autobiography by Jerome Boyd Maunsell	2021.0	article	2	2	1	2	Turn of the Screw	Henry James	OAA000020405 || OAA000020845	turn of the screw	4	4	ABSTRACT_ONLY	False	True	True	False	False	0	1	TITLE_VARIANT_ONLY	INVALID_TARGET_REFERENCE	GENERIC_OR_LEXICAL_TITLE_USE
OAPRV3_e93adcf37f4c13c0	W000031949	W4226510446	ALIAS_EXPANSION	The Turn of the Screw	Henry James	Another Turn of the Screw	2022.0	book-chapter	2	2	1	2	Turn of the Screw	Henry James	OAA000020405 || OAA000020845	turn of the screw	4	4	TITLE_AND_ABSTRACT	True	True	True	False	False	0	1	TITLE_VARIANT_ONLY	VALID_TARGET_REFERENCE	VALID_CONTEXTUAL_REFERENCE
OAPRV3_ee090d8c5ca9b7f9	W000031949	W2049651895	ALIAS_EXPANSION	The Turn of the Screw	Henry James	RECOVERING “COVERING END”: WHAT QUEER THEORY CAN DO FORTHE TURN OF THE SCREW	2008.0	article	2	2	1	2	Turn of the Screw	Henry James	OAA000020405 || OAA000020845	turn of the screw	4	4	TITLE_ONLY	True	False	True	False	False	0	1	TITLE_VARIANT_ONLY	VALID_TARGET_REFERENCE	DIRECT_TARGET_REFERENCE
OAPRV3_f03ac6c57e0de6e0	W000031949	W4250853675	ALIAS_EXPANSION	The Turn of the Screw	Henry James	Literary Britten: Words and Music in Benjamin Britten's Vocal Works ed. by Kate Kennedy	2020.0	article	2	2	1	2	Turn of the Screw	Henry James	OAA000020405 || OAA000020845	turn of the screw	4	4	ABSTRACT_ONLY	False	True	True	False	False	0	1	TITLE_VARIANT_ONLY	INVALID_TARGET_REFERENCE	TITLE_AUTHOR_UNLINKED_COOCCURRENCE
OAPRV3_f7302d426136600c	W000031949	W3030116719	ALIAS_EXPANSION	The Turn of the Screw	Henry James	Categories of Literature	2020.0	article	2	2	1	2	Turn of the Screw	Henry James	OAA000020405 || OAA000020845	turn of the screw	4	4	ABSTRACT_ONLY	False	True	True	False	False	0	1	TITLE_VARIANT_ONLY	VALID_TARGET_REFERENCE	DIRECT_TARGET_REFERENCE
OAPRV3_f7692f9f0091b36a	W000031949	W3024899649	ALIAS_EXPANSION	The Turn of the Screw	Henry James	Henry James’ Turn of the Screw and the Dangerous Ambiguity of Transcendental Belief	2020.0	article	2	2	1	2	Turn of the Screw	Henry James	OAA000020405 || OAA000020845	turn of the screw	4	4	TITLE_ONLY	True	False	True	False	False	0	1	TITLE_VARIANT_ONLY	VALID_TARGET_REFERENCE	DIRECT_TARGET_REFERENCE
OAPRV3_fd547868be338f72	W000031949	W1590961236	ALIAS_EXPANSION	The Turn of the Screw	Henry James	"Transforming beauty : re-telling ""Beauty and the beast"" in the nineteenth-century novel"	2002.0	dissertation	2	2	1	2	Turn of the Screw	Henry James	OAA000020405 || OAA000020845	turn of the screw	4	4	ABSTRACT_ONLY	False	True	True	False	False	0	1	TITLE_VARIANT_ONLY	VALID_TARGET_REFERENCE	DIRECT_TARGET_REFERENCE
OAPRV3_5b6812a0a4a89588	W000031951	W7016301621	ALIAS_EXPANSION	The Marquis de Bolibar	Leo Perutz	"Zwischen Apokalypse und Wahn : Leo Perutz, ""Der Marques de Bolibar"" (1920)"	2013.0	book-chapter	1	1	1	1	Marques de Bolibar	Leo Perutz	OAA000015615	marques de bolibar	3	3	TITLE_AND_ABSTRACT	True	True	True	False	False	0	1	TITLE_VARIANT_ONLY	VALID_TARGET_REFERENCE	VALID_TITLE_VARIANT
OAPRV3_82d82a2c7cfd665a	W000031951	W4210586593	ALIAS_EXPANSION	The Marquis de Bolibar	Leo Perutz	Literarischer Nachlass von Leo Perutz jetzt weltweit digital zugänglich	2022.0	article	1	1	1	1	Marques de Bolibar	Leo Perutz	OAA000015615	marques de bolibar	3	3	ABSTRACT_ONLY	False	True	True	False	False	0	1	TITLE_VARIANT_ONLY	VALID_TARGET_REFERENCE	VALID_TITLE_VARIANT
OAPRV3_882d101ac8f55bd7	W000031951	W7047817403	ALIAS_EXPANSION	The Marquis de Bolibar	Leo Perutz	Im Kampf um die Stimme. Geschichte als Phantasma in Leo Perutz’ Roman Der Marques de Bolibar	2016.0	book-chapter	1	1	1	1	Marques de Bolibar	Leo Perutz	OAA000015615	marques de bolibar	3	3	TITLE_AND_ABSTRACT	True	True	True	False	False	0	1	TITLE_VARIANT_ONLY	VALID_TARGET_REFERENCE	VALID_TITLE_VARIANT
OAPRV3_89ab02db778c3c42	W000031951	W411470306	ALIAS_EXPANSION	The Marquis de Bolibar	Leo Perutz	La crise de la volonté et les apories de la narration : un parcours dans la littérature européenne des années vingt	1993.0	dissertation	1	1	1	1	Marques de Bolibar	Leo Perutz	OAA000015615	marques de bolibar	3	3	ABSTRACT_ONLY	False	True	True	False	False	0	1	TITLE_VARIANT_ONLY	VALID_TARGET_REFERENCE	VALID_TITLE_VARIANT
OAPRV3_92830002afa83060	W000031951	W6889064459	ALIAS_EXPANSION	The Marquis de Bolibar	Leo Perutz	Was geschehen soll, geschieht	2025.0	dissertation	1	1	1	1	Marques de Bolibar	Leo Perutz	OAA000015615	marques de bolibar	3	3	ABSTRACT_ONLY	False	True	True	False	False	0	1	TITLE_VARIANT_ONLY	VALID_TARGET_REFERENCE	VALID_TITLE_VARIANT
OAPRV3_a46535da73d4b261	W000031951	W6926417433	ALIAS_EXPANSION	The Marquis de Bolibar	Leo Perutz	Illusionsgefährdung in den Romanen von Leo Perutz	2018.0	dissertation	1	1	1	1	Marques de Bolibar	Leo Perutz	OAA000015615	marques de bolibar	3	3	ABSTRACT_ONLY	False	True	True	False	False	0	1	TITLE_VARIANT_ONLY	VALID_TARGET_REFERENCE	VALID_TITLE_VARIANT
OAPRV3_c239439a2430b1b4	W000031951	W7206137039	ALIAS_EXPANSION	The Marquis de Bolibar	Leo Perutz	Leo Perutz	2025.0	other	1	1	1	1	Marques de Bolibar	Leo Perutz	OAA000015615	marques de bolibar	3	3	ABSTRACT_ONLY	False	True	True	False	False	0	1	TITLE_VARIANT_ONLY	VALID_TARGET_REFERENCE	VALID_TITLE_VARIANT
OAPRV3_ca9350412d50617c	W000031951	W1014016438	ALIAS_EXPANSION	The Marquis de Bolibar	Leo Perutz	Viena de entreguerras: un mundo nada atrayente	2007.0	article	1	1	1	1	Marques de Bolibar	Leo Perutz	OAA000015615	marques de bolibar	3	3	ABSTRACT_ONLY	False	True	True	False	False	0	1	TITLE_VARIANT_ONLY	VALID_TARGET_REFERENCE	VALID_TITLE_VARIANT
OAPRV3_1c4c2f23d9208fd1	W000031962	W7094491169	ALIAS_EXPANSION	The street	Ann Petry	Ann Lane Petry	2001.0	article	1	1	1	1	The street	Ann Lane Petry	OAA000023873	the street	2	2	ABSTRACT_ONLY	False	True	True	False	False	0	1	AUTHOR_VARIANT_ONLY	VALID_TARGET_REFERENCE	DIRECT_TARGET_REFERENCE
OAPRV3_165b0b358b27787b	W000031967	W1032638845	ALIAS_EXPANSION	Rasselas, prince of Abyssinia	Samuel Johnson	Conclusion	1998.0	book-chapter	1	1	1	1	History of Rasselas	Samuel Johnson	OAA000021085	history of rasselas	3	3	ABSTRACT_ONLY	False	True	True	False	False	0	1	TITLE_VARIANT_ONLY	VALID_TARGET_REFERENCE	VALID_TITLE_VARIANT
OAPRV3_392bff0735605d21	W000031967	W6991524340	ALIAS_EXPANSION	Rasselas, prince of Abyssinia	Samuel Johnson	The history of Rasselas prince of Abbissinia. By Samuel Johnson		other	1	1	1	1	History of Rasselas	Samuel Johnson	OAA000021085	history of rasselas	3	3	TITLE_ONLY	True	False	True	False	False	0	1	TITLE_VARIANT_ONLY	VALID_TARGET_REFERENCE	DIRECT_TARGET_REFERENCE
OAPRV3_48ed97ecb12de9b8	W000031967	W1592689884	ALIAS_EXPANSION	Rasselas, prince of Abyssinia	Samuel Johnson	Samuel Johnson's Rasselas: The Duplicity of Choice and the Sense of an Ending	1989.0	preprint	1	1	1	1	History of Rasselas	Samuel Johnson	OAA000021085	history of rasselas	3	3	ABSTRACT_ONLY	False	True	True	False	False	0	1	TITLE_VARIANT_ONLY	VALID_TARGET_REFERENCE	VALID_TITLE_VARIANT
OAPRV3_5b290a8c8026259a	W000031967	W4286634743	ALIAS_EXPANSION	Rasselas, prince of Abyssinia	Samuel Johnson	15 Samuel Johnson, The History of Rasselas, Prince of Abissinia (1759)	2022.0	book-chapter	1	1	1	1	History of Rasselas	Samuel Johnson	OAA000021085	history of rasselas	3	3	TITLE_ONLY	True	False	True	False	False	0	1	TITLE_VARIANT_ONLY	VALID_TARGET_REFERENCE	DIRECT_TARGET_REFERENCE
OAPRV3_63729057d00b07de	W000031967	W4250310535	ALIAS_EXPANSION	Rasselas, prince of Abyssinia	Samuel Johnson	REVIEWS AND NOTICES The History of Rasselas Prince of Abissinia. A tale. By JOHNSONSAMUEL. Edited by CHAPMANR. W.Oxford at the Claredon Press, 1927. pp. xxi, 2212. 7 s . 6 d . net. (Also limted edition on handmade paper. 21 s . net.)	1927.0	book-review	1	1	1	1	History of Rasselas	Samuel Johnson	OAA000021085	history of rasselas	3	3	TITLE_AND_ABSTRACT	True	True	True	False	False	0	1	TITLE_VARIANT_ONLY	VALID_TARGET_REFERENCE	DIRECT_TARGET_REFERENCE
OAPRV3_73b8ee86e8585295	W000031967	W98223674	ALIAS_EXPANSION	Rasselas, prince of Abyssinia	Samuel Johnson	Samuel Johnson : The History of Rasselas, Prince of Abissinia : 人間論的寓話について	1990.0	article	1	1	1	1	History of Rasselas	Samuel Johnson	OAA000021085	history of rasselas	3	3	TITLE_ONLY	True	False	True	False	False	0	1	TITLE_VARIANT_ONLY	VALID_TARGET_REFERENCE	DIRECT_TARGET_REFERENCE
OAPRV3_75725324c8790c01	W000031967	W1996691823	ALIAS_EXPANSION	Rasselas, prince of Abyssinia	Samuel Johnson	Cutting for Stone	2009.0	article	1	1	1	1	History of Rasselas	Samuel Johnson	OAA000021085	history of rasselas	3	3	ABSTRACT_ONLY	False	True	True	False	False	0	1	TITLE_VARIANT_ONLY	VALID_TARGET_REFERENCE	VALID_TITLE_VARIANT
OAPRV3_80a2a7098120a419	W000031967	W2581085103	ALIAS_EXPANSION	Rasselas, prince of Abyssinia	Samuel Johnson	Imposed Identity through Foucauldian Panopticism and Released Identity through Deleuzian Ressentiment in Samuel Johnson’s The History of Rasselas, Prince of Abissinia	2017.0	article	1	1	1	1	History of Rasselas	Samuel Johnson	OAA000021085	history of rasselas	3	3	TITLE_AND_ABSTRACT	True	True	True	False	False	0	1	TITLE_VARIANT_ONLY	VALID_TARGET_REFERENCE	DIRECT_TARGET_REFERENCE
OAPRV3_8dae0cc80aa48f78	W000031967	W4382706441	ALIAS_EXPANSION	Rasselas, prince of Abyssinia	Samuel Johnson	"Altruism Plus High Explosives: On William S. Smith's ""Democracy and Imperialism"""	2021.0	article	1	1	1	1	History of Rasselas	Samuel Johnson	OAA000021085	history of rasselas	3	3	ABSTRACT_ONLY	False	True	True	False	False	0	1	TITLE_VARIANT_ONLY	VALID_TARGET_REFERENCE	DIRECT_TARGET_REFERENCE
OAPRV3_998451e3174dc034	W000031967	W7205934048	ALIAS_EXPANSION	Rasselas, prince of Abyssinia	Samuel Johnson	Colonial Binaries of Ethical Coding: A Study of Some Early Novels Translated in Urdu (c. 1850s)	2025.0	other	1	1	1	1	History of Rasselas	Samuel Johnson	OAA000021085	history of rasselas	3	3	ABSTRACT_ONLY	False	True	True	False	False	0	1	TITLE_VARIANT_ONLY	VALID_TARGET_REFERENCE	DIRECT_TARGET_REFERENCE
OAPRV3_a840e4b2d3d21b5a	W000031967	W2315508358	ALIAS_EXPANSION	Rasselas, prince of Abyssinia	Samuel Johnson	"""Rasselas"" and Some Meanings of ""Structure"" in Literary Criticism"	1981.0	article	1	1	1	1	History of Rasselas	Samuel Johnson	OAA000021085	history of rasselas	3	3	ABSTRACT_ONLY	False	True	True	False	False	0	1	TITLE_VARIANT_ONLY	VALID_TARGET_REFERENCE	VALID_TITLE_VARIANT
OAPRV3_b6568cb9a650330a	W000031967	W2028357939	ALIAS_EXPANSION	Rasselas, prince of Abyssinia	Samuel Johnson	The History of Rasselas, Prince of Abissinia (review)	2009.0	article	1	1	1	1	History of Rasselas	Samuel Johnson	OAA000021085	history of rasselas	3	3	TITLE_AND_ABSTRACT	True	True	True	False	False	0	1	TITLE_VARIANT_ONLY	VALID_TARGET_REFERENCE	VALID_TITLE_VARIANT
OAPRV3_be3392b1b48d468a	W000031967	W4237552214	ALIAS_EXPANSION	Rasselas, prince of Abyssinia	Samuel Johnson	REVIEWS	1929.0	article	1	1	1	1	History of Rasselas	Samuel Johnson	OAA000021085	history of rasselas	3	3	ABSTRACT_ONLY	False	True	True	False	False	0	1	TITLE_VARIANT_ONLY	VALID_TARGET_REFERENCE	DIRECT_TARGET_REFERENCE
OAPRV3_bf297575aeb94ab5	W000031967	W7000922669	ALIAS_EXPANSION	Rasselas, prince of Abyssinia	Samuel Johnson	The history of Rasselas prince of Abbissinia. By Samuel Johnson, L.L.D		other	1	1	1	1	History of Rasselas	Samuel Johnson	OAA000021085	history of rasselas	3	3	TITLE_ONLY	True	False	True	False	False	0	1	TITLE_VARIANT_ONLY	VALID_TARGET_REFERENCE	DIRECT_TARGET_REFERENCE
OAPRV3_c9b67042adda95f6	W000031967	W4250976699	ALIAS_EXPANSION	Rasselas, prince of Abyssinia	Samuel Johnson		2015.0	article	1	1	1	1	History of Rasselas	Samuel Johnson	OAA000021085	history of rasselas	3	3	ABSTRACT_ONLY	False	True	True	False	False	0	1	TITLE_VARIANT_ONLY	VALID_TARGET_REFERENCE	DIRECT_TARGET_REFERENCE
OAPRV3_ccdb84b3752a1167	W000031967	W1710130807	ALIAS_EXPANSION	Rasselas, prince of Abyssinia	Samuel Johnson	From Tragedy to Hope: A Study of the Parallels in the Thought of Samuel Johnson and T.S. Eliot	1994.0	dissertation	1	1	1	1	History of Rasselas	Samuel Johnson	OAA000021085	history of rasselas	3	3	ABSTRACT_ONLY	False	True	True	False	False	0	1	TITLE_VARIANT_ONLY	VALID_TARGET_REFERENCE	VALID_TITLE_VARIANT
OAPRV3_d6a926442edc5173	W000031967	W2064074439	ALIAS_EXPANSION	Rasselas, prince of Abyssinia	Samuel Johnson	Outliving Three Centuries? A View of Johnson Studies at the Tercentenary of His Birth	2012.0	article	1	1	1	1	History of Rasselas	Samuel Johnson	OAA000021085	history of rasselas	3	3	ABSTRACT_ONLY	False	True	True	False	False	0	1	TITLE_VARIANT_ONLY	VALID_TARGET_REFERENCE	VALID_TITLE_VARIANT
OAPRV3_d94976a584f4550d	W000031967	W7004869833	ALIAS_EXPANSION	Rasselas, prince of Abyssinia	Samuel Johnson	Pascua Febles, Isabel (2011). La literatura traducida y censurada para niños y jóvenes en la época franquista: Guillermo Brown. Las Palmas de Gran Canaria: Universidad de Las Palmas de Gran Canaria, 124 pp.	2011.0	book-review	1	1	1	1	History of Rasselas	Samuel Johnson	OAA000021085	history of rasselas	3	3	ABSTRACT_ONLY	False	True	True	False	False	0	1	TITLE_VARIANT_ONLY	VALID_TARGET_REFERENCE	DIRECT_TARGET_REFERENCE
OAPRV3_e6b1cf602080be8a	W000031967	W6997544690	ALIAS_EXPANSION	Rasselas, prince of Abyssinia	Samuel Johnson	The works of Samuel Johnson, LL. D. With Murphy's essay.		article	1	1	1	1	History of Rasselas	Samuel Johnson	OAA000021085	history of rasselas	3	3	ABSTRACT_ONLY	False	True	True	False	False	0	1	TITLE_VARIANT_ONLY	VALID_TARGET_REFERENCE	DIRECT_TARGET_REFERENCE
OAPRV3_ee158208ac9cc4ad	W000031967	W1969362936	ALIAS_EXPANSION	Rasselas, prince of Abyssinia	Samuel Johnson	The History of Rasselas, Prince of Abissinia (review)	2010.0	article	1	1	1	1	History of Rasselas	Samuel Johnson	OAA000021085	history of rasselas	3	3	TITLE_AND_ABSTRACT	True	True	True	False	False	0	1	TITLE_VARIANT_ONLY	VALID_TARGET_REFERENCE	VALID_TITLE_VARIANT
OAPRV3_f03f986fe72bf65d	W000031967	W4390370408	ALIAS_EXPANSION	Rasselas, prince of Abyssinia	Samuel Johnson	Samuel Johnson , The History of Rasselas Prince of Abissinia , édition, introduction et notes par Thomas Keymer , Oxford, New York, Oxford University Press, Oxford World’s Classics, 2009, 157 p.	2011.0	article	1	1	1	1	History of Rasselas	Samuel Johnson	OAA000021085	history of rasselas	3	3	TITLE_ONLY	True	False	True	False	False	0	1	TITLE_VARIANT_ONLY	VALID_TARGET_REFERENCE	DIRECT_TARGET_REFERENCE
OAPRV3_f7e866fda7bd5a1f	W000031967	W7128557963	ALIAS_EXPANSION	Rasselas, prince of Abyssinia	Samuel Johnson	Rewriting “Rasselas”: Mary Wollstonecraft, Ellis Cornelia Knight, Elizabeth Pope Whately, And Charlotte Brontë Intertextualize The Choice Of Life	2007.0	dissertation	1	1	1	1	History of Rasselas	Samuel Johnson	OAA000021085	history of rasselas	3	3	ABSTRACT_ONLY	False	True	True	False	False	0	1	TITLE_VARIANT_ONLY	VALID_TARGET_REFERENCE	DIRECT_TARGET_REFERENCE
OAPRV3_fea75e16ec7e0f0b	W000031967	W2588039811	ALIAS_EXPANSION	Rasselas, prince of Abyssinia	Samuel Johnson	Samuel Johnson – The History of Rasselas, Prince of Abissinia, London 1759. T Thomas Keymer (ed). Oxford, Oxford University Press, 2009. ISBN: 987-0-19-922997-0.	2010.0	book-review	1	1	1	1	History of Rasselas	Samuel Johnson	OAA000021085	history of rasselas	3	3	TITLE_ONLY	True	False	True	False	False	0	1	TITLE_VARIANT_ONLY	VALID_TARGET_REFERENCE	DIRECT_TARGET_REFERENCE
OAPRV3_2496c4af3cba4675	W000031981	W2947812429	ALIAS_EXPANSION	The virgin and the gipsy	D. H. Lawrence	The Virgin and the Gypsy	1930.0	book	1	1	1	1	The Virgin and the Gypsy	D. H. Lawrence	OAA000033743	the virgin and the gypsy	5	5	TITLE_AND_ABSTRACT	True	True	True	False	False	0	1	TITLE_VARIANT_ONLY	VALID_TARGET_REFERENCE	VALID_TITLE_VARIANT
OAPRV3_286b45dcf1224fee	W000031981	W7051563010	ALIAS_EXPANSION	The virgin and the gipsy	D. H. Lawrence	Philippa gregory: lawrence e o gênero “perfeitamente correto” Philippa gregory: lawrence e o gênero “perfeitamente correto”	2008.0	article	1	1	1	1	The Virgin and the Gypsy	D. H. Lawrence	OAA000033743	the virgin and the gypsy	5	5	ABSTRACT_ONLY	False	True	True	False	False	0	1	TITLE_VARIANT_ONLY	VALID_TARGET_REFERENCE	VALID_TITLE_VARIANT
OAPRV3_3210d73700ae036e	W000031981	W3122067059	ALIAS_EXPANSION	The virgin and the gipsy	D. H. Lawrence	Regenesis: Lawrence and a Re-Evaluation of the Genesis story	2017.0	article	1	1	1	1	The Virgin and the Gypsy	D. H. Lawrence	OAA000033743	the virgin and the gypsy	5	5	ABSTRACT_ONLY	False	True	True	False	False	0	1	TITLE_VARIANT_ONLY	VALID_TARGET_REFERENCE	VALID_TITLE_VARIANT
OAPRV3_3939415ad148dbd2	W000031981	W1682089878	ALIAS_EXPANSION	The virgin and the gipsy	D. H. Lawrence	Circling and shaping the maelstrom : a thesis presented in partial fulfilment of the requirements for the degree of Master of Arts in Creative Writing, English and Media Studies, Massey University, Palmerston North, New Zealand	2015.0	dissertation	1	1	1	1	The Virgin and the Gypsy	D. H. Lawrence	OAA000033743	the virgin and the gypsy	5	5	ABSTRACT_ONLY	False	True	True	False	False	0	1	TITLE_VARIANT_ONLY	VALID_TARGET_REFERENCE	VALID_TITLE_VARIANT
OAPRV3_484917715e19a45c	W000031981	W7132789217	ALIAS_EXPANSION	The virgin and the gipsy	D. H. Lawrence	A STUDY ON RETRANSLATION OF IDIOMS WITHIN THE SCOPE OF MONA BAKER'S STRATEGIES: TURKISH TRANSLATIONS OF D. H. LAWRENCE’S NOVELLA THE VIRGIN AND THE GYPSY	2023.0	conference-paper	1	1	1	1	The Virgin and the Gypsy	D. H. Lawrence	OAA000033743	the virgin and the gypsy	5	5	TITLE_AND_ABSTRACT	True	True	True	False	False	0	1	TITLE_VARIANT_ONLY	VALID_TARGET_REFERENCE	VALID_TITLE_VARIANT
OAPRV3_53a4696d1da36819	W000031981	W4380203296	ALIAS_EXPANSION	The virgin and the gipsy	D. H. Lawrence	A Feminist Dialogic Reading of the New Woman: Love, Female Desire, and Family in The Virgin and the Gypsy by D. H. Lawrence and in The Tragedy of Demetrio by Hanna Mina	2022.0	article	1	1	1	1	The Virgin and the Gypsy	D. H. Lawrence	OAA000033743	the virgin and the gypsy	5	5	TITLE_AND_ABSTRACT	True	True	True	False	False	0	1	TITLE_VARIANT_ONLY	VALID_TARGET_REFERENCE	VALID_TITLE_VARIANT
OAPRV3_98f54efe7e2921f4	W000031981	W7018597688	ALIAS_EXPANSION	The virgin and the gipsy	D. H. Lawrence	D.H.Lawrence, The Virgin and the Gypsy	2010.0	article	1	1	1	1	The Virgin and the Gypsy	D. H. Lawrence	OAA000033743	the virgin and the gypsy	5	5	TITLE_ONLY	True	False	True	False	False	0	1	TITLE_VARIANT_ONLY	VALID_TARGET_REFERENCE	VALID_TITLE_VARIANT
OAPRV3_b001e6de7b6113ca	W000031981	W6963119321	ALIAS_EXPANSION	The virgin and the gipsy	D. H. Lawrence	Regenesis: Lawrence and a Re-Evaluation of the Genesis story	2017.0	article	1	1	1	1	The Virgin and the Gypsy	D. H. Lawrence	OAA000033743	the virgin and the gypsy	5	5	ABSTRACT_ONLY	False	True	True	False	False	0	1	TITLE_VARIANT_ONLY	VALID_TARGET_REFERENCE	VALID_TITLE_VARIANT
OAPRV3_bd1c24d9545f4beb	W000031981	W2346957211	ALIAS_EXPANSION	The virgin and the gipsy	D. H. Lawrence	Philippa gregory: lawrence e o gênero “perfeitamente correto”	2002.0	article	1	1	1	1	The Virgin and the Gypsy	D. H. Lawrence	OAA000033743	the virgin and the gypsy	5	5	ABSTRACT_ONLY	False	True	True	False	False	0	1	TITLE_VARIANT_ONLY	VALID_TARGET_REFERENCE	VALID_TITLE_VARIANT
OAPRV3_ccfd88fea4626e7f	W000031981	W86459338	ALIAS_EXPANSION	The virgin and the gipsy	D. H. Lawrence	Architecture and nostalgia in the British modern novel	2020.0	article	1	1	1	1	The Virgin and the Gypsy	D. H. Lawrence	OAA000033743	the virgin and the gypsy	5	5	ABSTRACT_ONLY	False	True	True	False	False	0	1	TITLE_VARIANT_ONLY	VALID_TARGET_REFERENCE	VALID_TITLE_VARIANT
OAPRV3_d8d19ad64f57a24f	W000031981	W2789473594	ALIAS_EXPANSION	The virgin and the gipsy	D. H. Lawrence	Symbolic Texture in a Selection of the Short Fictions of D.H. Lawrence	1961.0	article	1	1	1	1	The Virgin and the Gypsy	D. H. Lawrence	OAA000033743	the virgin and the gypsy	5	5	ABSTRACT_ONLY	False	True	True	False	False	0	1	TITLE_VARIANT_ONLY	VALID_TARGET_REFERENCE	VALID_TITLE_VARIANT
OAPRV3_e675dacd25c661a0	W000031981	W2023111728	ALIAS_EXPANSION	The virgin and the gipsy	D. H. Lawrence	Gypsies and the British Imagination, 1807-1930 (review)	2007.0	article	1	1	1	1	The Virgin and the Gypsy	D. H. Lawrence	OAA000033743	the virgin and the gypsy	5	5	ABSTRACT_ONLY	False	True	True	False	False	0	1	TITLE_VARIANT_ONLY	VALID_TARGET_REFERENCE	VALID_TITLE_VARIANT
OAPRV3_ee1733289e72d00e	W000031981	W4235351609	ALIAS_EXPANSION	The virgin and the gipsy	D. H. Lawrence	Regenesis: Lawrence and a Re-Evaluation of the Genesis story	2017.0	preprint	1	1	1	1	The Virgin and the Gypsy	D. H. Lawrence	OAA000033743	the virgin and the gypsy	5	5	ABSTRACT_ONLY	False	True	True	False	False	0	1	TITLE_VARIANT_ONLY	VALID_TARGET_REFERENCE	VALID_TITLE_VARIANT
OAPRV3_539fecf4eea5832c	W000031997	W7036810283	ALIAS_EXPANSION	Crazy Weather	Charles Longstreth McNichols	Charles L. McNichols and Crazy Weather: A Reconsideration	2017.0	article	1	1	1	1	Crazy Weather	Charles L. McNichols	OAA000033811	crazy weather	2	2	TITLE_ONLY	True	False	True	False	False	0	1	AUTHOR_VARIANT_ONLY	VALID_TARGET_REFERENCE	DIRECT_TARGET_REFERENCE
OAPRV3_ea53a77ce12632e9	W000031997	W2324155496	ALIAS_EXPANSION	Crazy Weather	Charles Longstreth McNichols	Review: Crazy Weather, by Charles L. McNichols	1945.0	article	1	1	1	1	Crazy Weather	Charles L. McNichols	OAA000033811	crazy weather	2	2	TITLE_ONLY	True	False	True	False	False	0	1	AUTHOR_VARIANT_ONLY	VALID_TARGET_REFERENCE	DIRECT_TARGET_REFERENCE
OAPRV3_fb2fbdfd63737003	W000031997	W2762860773	ALIAS_EXPANSION	Crazy Weather	Charles Longstreth McNichols	Charles L. McNichols and Crazy Weather: A Reconsideration	1971.0	article	1	1	1	1	Crazy Weather	Charles L. McNichols	OAA000033811	crazy weather	2	2	TITLE_AND_ABSTRACT	True	True	True	False	False	0	1	AUTHOR_VARIANT_ONLY	VALID_TARGET_REFERENCE	DIRECT_TARGET_REFERENCE
OAPRV3_2a370f7404a91de1	W000032001	W6908262313	ALIAS_EXPANSION	Kazan the wolf dog	James Oliver Curwood	Chotiner's Ravenna Theater, Los Angeles, photograph, circa 1925	2021.0	dataset	1	1	1	1	Kazan	James Oliver Curwood	OAA000019155	kazan	1	1	ABSTRACT_ONLY	False	True	True	False	False	0	1	TITLE_VARIANT_ONLY	INVALID_TARGET_REFERENCE	WRONG_WORK_SAME_AUTHOR
OAPRV3_886c8b065f7ebaac	W000032001	W6926533567	ALIAS_EXPANSION	Kazan the wolf dog	James Oliver Curwood	Chotiner's Ravenna Theater, Los Angeles, photograph, circa 1925	2019.0	dataset	1	1	1	1	Kazan	James Oliver Curwood	OAA000019155	kazan	1	1	ABSTRACT_ONLY	False	True	True	False	False	0	1	TITLE_VARIANT_ONLY	INVALID_TARGET_REFERENCE	WRONG_WORK_SAME_AUTHOR
OAPRV3_8e31cbf0645e7c27	W000032001	W2964145612	ALIAS_EXPANSION	Kazan the wolf dog	James Oliver Curwood	“SLUZHBOVTSI” (OFFICIALS) IN THE 1920-30’s UKRAINIAN LITERARY TRANSLATIONS (based on the abridged and free translations by E. Zbars’ka)	2018.0	article	1	1	1	1	Kazan	James Oliver Curwood	OAA000019155	kazan	1	1	ABSTRACT_ONLY	False	True	True	False	False	0	1	TITLE_VARIANT_ONLY	VALID_TARGET_REFERENCE	DIRECT_TARGET_REFERENCE
OAPRV3_c1c54fea14121061	W000032001	W7205684526	ALIAS_EXPANSION	Kazan the wolf dog	James Oliver Curwood	1926-05-06		article	1	1	1	1	Kazan	James Oliver Curwood	OAA000019155	kazan	1	1	ABSTRACT_ONLY	False	True	True	False	False	0	1	TITLE_VARIANT_ONLY	INVALID_TARGET_REFERENCE	WRONG_WORK_SAME_AUTHOR
OAPRV3_f01f22f9295a85d6	W000032001	W6964467998	ALIAS_EXPANSION	Kazan the wolf dog	James Oliver Curwood	Chotiner's Ravenna Theater, Los Angeles, photograph, circa 1925	2021.0	dataset	1	1	1	1	Kazan	James Oliver Curwood	OAA000019155	kazan	1	1	ABSTRACT_ONLY	False	True	True	False	False	0	1	TITLE_VARIANT_ONLY	INVALID_TARGET_REFERENCE	WRONG_WORK_SAME_AUTHOR
OAPRV3_ca1402ff4c63501e	W000032009	W4391981700	ALIAS_EXPANSION	The traitor	Dixon, Thomas Jr	Brother Dixon: College Fraternities and the Ku Klux Klan	2024.0	article	1	1	1	1	The Traitor	Thomas Dixon Jr.	OAA000024926	the traitor	2	2	ABSTRACT_ONLY	False	True	True	False	False	0	1	AUTHOR_VARIANT_ONLY	VALID_TARGET_REFERENCE	DIRECT_TARGET_REFERENCE
OAPRV3_d47dab6b34cea322	W000032009	W4292379754	ALIAS_EXPANSION	The traitor	Dixon, Thomas Jr	The Whiteness of the White	2022.0	article	1	1	1	1	The Traitor	Thomas Dixon Jr.	OAA000024926	the traitor	2	2	ABSTRACT_ONLY	False	True	True	False	False	0	1	AUTHOR_VARIANT_ONLY	VALID_TARGET_REFERENCE	DIRECT_TARGET_REFERENCE
OAPRV3_53ec7265ee7e325c	W000032024	W7046927830	ALIAS_EXPANSION	Miracle on Thirty-Fourth Street	Valentine Davies	Episode 24 - Miracle on 34th Street and Top Law Movies List (Guest: Ashley Merryman)	2024.0	article	1	1	1	1	Miracle on 34th Street	Valentine Davies	OAA000020818	miracle on 34th street	4	4	TITLE_AND_ABSTRACT	True	True	True	False	False	0	1	TITLE_VARIANT_ONLY	VALID_TARGET_REFERENCE	VALID_CONTEXTUAL_REFERENCE
OAPRV3_5d31b651bfef9675	W000032024	W2466030547	ALIAS_EXPANSION	Miracle on Thirty-Fourth Street	Valentine Davies	Peter Maxwell Davies: a bio-bibliography	1996.0	book-review	1	1	1	1	Miracle on 34th Street	Valentine Davies	OAA000020818	miracle on 34th street	4	4	ABSTRACT_ONLY	False	True	True	False	False	0	1	TITLE_VARIANT_ONLY	INVALID_TARGET_REFERENCE	METADATA_TEXT_ARTIFACT
OAPRV3_147747e25eb7625d	W000032026	W2619989306	ALIAS_EXPANSION	The young Cosima	Richardson, Henry Handel pseud	Ulysses bound; Henry Handel Richardson and her fiction	1973.0	book	1	1	1	1	Young Cosima	Ethel Florence Lindesay Richardson	OAA000033598	young cosima	2	2	ABSTRACT_ONLY	False	True	True	False	False	0	1	TITLE_AND_AUTHOR_VARIANT	VALID_TARGET_REFERENCE	DIRECT_TARGET_REFERENCE
OAPRV3_80618c235ce414f0	W000032060	W3001379105	ALIAS_EXPANSION	Crewe train	Macaulay, Rose Dame	Coming Up for Air	2020.0	book-chapter	1	1	1	1	Crewe train	Rose Macaulay	OAA000022792	crewe train	2	2	ABSTRACT_ONLY	False	True	True	False	False	0	1	AUTHOR_VARIANT_ONLY	VALID_TARGET_REFERENCE	DIRECT_TARGET_REFERENCE
OAPRV3_a9fc81b412148dcd	W000032060	W1983491064	ALIAS_EXPANSION	Crewe train	Macaulay, Rose Dame	Domestic Disappointments: Feminine Middlebrow Fiction of the Interwar Years	2009.0	article	1	1	1	1	Crewe train	Rose Macaulay	OAA000022792	crewe train	2	2	ABSTRACT_ONLY	False	True	True	False	False	0	1	AUTHOR_VARIANT_ONLY	VALID_TARGET_REFERENCE	DIRECT_TARGET_REFERENCE
OAPRV3_f885e6d115fa0c06	W000032060	W2321926695	ALIAS_EXPANSION	Crewe train	Macaulay, Rose Dame	The Pleasures of Rose Macaulay	1987.0	article	1	1	1	1	Crewe train	Rose Macaulay	OAA000022792	crewe train	2	2	ABSTRACT_ONLY	False	True	True	False	False	0	1	AUTHOR_VARIANT_ONLY	VALID_TARGET_REFERENCE	DIRECT_TARGET_REFERENCE
OAPRV3_fd3385f21d20fa61	W000032060	W2904653604	ALIAS_EXPANSION	Crewe train	Macaulay, Rose Dame	The domestic modern, the primitive and the middlebrow in Crewe Train	2017.0	book-chapter	1	1	1	1	Crewe train	Rose Macaulay	OAA000022792	crewe train	2	2	TITLE_AND_ABSTRACT	True	True	True	False	False	0	1	AUTHOR_VARIANT_ONLY	VALID_TARGET_REFERENCE	DIRECT_TARGET_REFERENCE
OAPRV3_0277cedc316a1969	W000032069	W4411259079	ALIAS_EXPANSION	Cavallerìa rusticana	Giovanni Verga	Tradução anotada dos contos de Giovanni Verga: Nedda, Libertà, Cavalleria Rusticana	2025.0	book	1	1	1	1	Cavalleria rusticana	Giovanni Verga	OAA000023807	cavalleria rusticana	2	2	TITLE_ONLY	True	False	True	False	False	0	1	TITLE_VARIANT_ONLY	VALID_TARGET_REFERENCE	VALID_TITLE_VARIANT
OAPRV3_07ae7c7674234f4c	W000032069	W7009084150	ALIAS_EXPANSION	Cavallerìa rusticana	Giovanni Verga	D.H. Lawrence and Sicily	2012.0	article	1	1	1	1	Cavalleria rusticana	Giovanni Verga	OAA000023807	cavalleria rusticana	2	2	ABSTRACT_ONLY	False	True	True	False	False	0	1	TITLE_VARIANT_ONLY	VALID_TARGET_REFERENCE	VALID_CONTEXTUAL_REFERENCE
OAPRV3_0b7152e1742d8044	W000032069	W7029451863	ALIAS_EXPANSION	Cavallerìa rusticana	Giovanni Verga	The italian verism in France and the germanspeeking countries (A comparative reception study)	2005.0	dissertation	1	1	1	1	Cavalleria rusticana	Giovanni Verga	OAA000023807	cavalleria rusticana	2	2	ABSTRACT_ONLY	False	True	True	False	False	0	1	TITLE_VARIANT_ONLY	VALID_TARGET_REFERENCE	VALID_CONTEXTUAL_REFERENCE
OAPRV3_0ed0a504d2a46568	W000032069	W655930497	ALIAS_EXPANSION	Cavallerìa rusticana	Giovanni Verga	Cavalleria rusticana : melodramma in un atto di G. Targioni-Tozzetti e G. Menasci (tratto dalle scene popolari di Giovanni Verga)	1890.0	book	1	1	1	1	Cavalleria rusticana	Giovanni Verga	OAA000023807	cavalleria rusticana	2	2	TITLE_ONLY	True	False	True	False	False	0	1	TITLE_VARIANT_ONLY	INVALID_TARGET_REFERENCE	TITLE_COLLISION_DIFFERENT_WORK
OAPRV3_1ac319211a838118	W000032069	W7034605558	ALIAS_EXPANSION	Cavallerìa rusticana	Giovanni Verga	Verga e la Finlandia	2018.0	article	1	1	1	1	Cavalleria rusticana	Giovanni Verga	OAA000023807	cavalleria rusticana	2	2	ABSTRACT_ONLY	False	True	True	False	False	0	1	TITLE_VARIANT_ONLY	UNCERTAIN	AMBIGUOUS_TARGET_REFERENCE
OAPRV3_1b35ddda152c55fc	W000032069	W1537032989	ALIAS_EXPANSION	Cavallerìa rusticana	Giovanni Verga	Cavalleria Rusticana and Other Stories	1880.0	book	1	1	1	1	Cavalleria rusticana	Giovanni Verga	OAA000023807	cavalleria rusticana	2	2	TITLE_AND_ABSTRACT	True	True	True	False	False	0	1	TITLE_VARIANT_ONLY	VALID_TARGET_REFERENCE	DIRECT_TARGET_REFERENCE
OAPRV3_203c2e29039b7c56	W000032069	W7006729364	ALIAS_EXPANSION	Cavallerìa rusticana	Giovanni Verga	The Voice of Giovanni Verga in English Translation	2013.0	article	1	1	1	1	Cavalleria rusticana	Giovanni Verga	OAA000023807	cavalleria rusticana	2	2	ABSTRACT_ONLY	False	True	True	False	False	0	1	TITLE_VARIANT_ONLY	VALID_TARGET_REFERENCE	DIRECT_TARGET_REFERENCE
OAPRV3_2d14d4aa79c2e6e3	W000032069	W1606449104	ALIAS_EXPANSION	Cavallerìa rusticana	Giovanni Verga	Verismo : From literature to opera.	1987.0	dissertation	1	1	1	1	Cavalleria rusticana	Giovanni Verga	OAA000023807	cavalleria rusticana	2	2	ABSTRACT_ONLY	False	True	True	False	False	0	1	TITLE_VARIANT_ONLY	INVALID_TARGET_REFERENCE	TITLE_AUTHOR_UNLINKED_COOCCURRENCE
OAPRV3_2d4ac2e8a2500a6f	W000032069	W1915219333	ALIAS_EXPANSION	Cavallerìa rusticana	Giovanni Verga	Sicily in D.H. Lawrence’s Imagery	2008.0	article	1	1	1	1	Cavalleria rusticana	Giovanni Verga	OAA000023807	cavalleria rusticana	2	2	ABSTRACT_ONLY	False	True	True	False	False	0	1	TITLE_VARIANT_ONLY	UNCERTAIN	AMBIGUOUS_TARGET_REFERENCE
OAPRV3_2e3ee80fd3a5f061	W000032069	W7006672969	ALIAS_EXPANSION	Cavallerìa rusticana	Giovanni Verga	Verga e la Finlandia	2022.0	article	1	1	1	1	Cavalleria rusticana	Giovanni Verga	OAA000023807	cavalleria rusticana	2	2	ABSTRACT_ONLY	False	True	True	False	False	0	1	TITLE_VARIANT_ONLY	UNCERTAIN	AMBIGUOUS_TARGET_REFERENCE
OAPRV3_2ec0efe32b471fda	W000032069	W7133432381	ALIAS_EXPANSION	Cavallerìa rusticana	Giovanni Verga	Three Plays - Giovanni Verga	2002.0	book	1	1	1	1	Cavalleria rusticana	Giovanni Verga	OAA000023807	cavalleria rusticana	2	2	ABSTRACT_ONLY	False	True	True	False	False	0	1	TITLE_VARIANT_ONLY	VALID_TARGET_REFERENCE	VALID_TITLE_VARIANT
OAPRV3_44fcb176a5a750da	W000032069	W1896386153	ALIAS_EXPANSION	Cavallerìa rusticana	Giovanni Verga	"Verismo Through the Genres, or """"- The Delicate Question of Innovation in the Operatic Adaptations of Giovanni Verga's Story and Drama by Pietro Mascagni (1890) and Domenico Monleone (1907)"	2009.0	article	1	1	1	1	Cavalleria rusticana	Giovanni Verga	OAA000023807	cavalleria rusticana	2	2	ABSTRACT_ONLY	False	True	True	False	False	0	1	TITLE_VARIANT_ONLY	VALID_TARGET_REFERENCE	DIRECT_TARGET_REFERENCE
OAPRV3_46e3cf65efe75ad1	W000032069	W4320508240	ALIAS_EXPANSION	Cavallerìa rusticana	Giovanni Verga	From the Editor's Desk	2022.0	editorial	1	1	1	1	Cavalleria rusticana	Giovanni Verga	OAA000023807	cavalleria rusticana	2	2	ABSTRACT_ONLY	False	True	True	False	False	0	1	TITLE_VARIANT_ONLY	UNCERTAIN	AMBIGUOUS_TARGET_REFERENCE
OAPRV3_49444c7dce9cec7a	W000032069	W4255410915	ALIAS_EXPANSION	Cavallerìa rusticana	Giovanni Verga	INTRODUCTION	1973.0	book-chapter	1	1	1	1	Cavalleria rusticana	Giovanni Verga	OAA000023807	cavalleria rusticana	2	2	ABSTRACT_ONLY	False	True	True	False	False	0	1	TITLE_VARIANT_ONLY	VALID_TARGET_REFERENCE	VALID_TITLE_VARIANT
OAPRV3_556d589b2973955a	W000032069	W6967985990	ALIAS_EXPANSION	Cavallerìa rusticana	Giovanni Verga	novella fantasticheria pdf	2024.0	other	1	1	1	1	Cavalleria rusticana	Giovanni Verga	OAA000023807	cavalleria rusticana	2	2	ABSTRACT_ONLY	False	True	True	False	False	0	1	TITLE_VARIANT_ONLY	VALID_TARGET_REFERENCE	DIRECT_TARGET_REFERENCE
OAPRV3_6e1dcc59dc4f0946	W000032069	W6891984467	ALIAS_EXPANSION	Cavallerìa rusticana	Giovanni Verga	Il desiderio dei “primitivi” nelle novelle di Giovanni Verga	2023.0	book-chapter	1	1	1	1	Cavalleria rusticana	Giovanni Verga	OAA000023807	cavalleria rusticana	2	2	ABSTRACT_ONLY	False	True	True	False	False	0	1	TITLE_VARIANT_ONLY	VALID_TARGET_REFERENCE	VALID_CONTEXTUAL_REFERENCE
OAPRV3_6ef0756721b4d88f	W000032069	W6922654381	ALIAS_EXPANSION	Cavallerìa rusticana	Giovanni Verga	Un percorso didattico per l'ultimo anno della scuola secondaria di secondo grado sui temi etici rilevabili nella novella Cavalleria rusticana di Giovanni Verga	2023.0	conference-paper	1	1	1	1	Cavalleria rusticana	Giovanni Verga	OAA000023807	cavalleria rusticana	2	2	TITLE_ONLY	True	False	True	False	False	0	1	TITLE_VARIANT_ONLY	VALID_TARGET_REFERENCE	DIRECT_TARGET_REFERENCE
OAPRV3_72c4bfdc236cfd32	W000032069	W2261462608	ALIAS_EXPANSION	Cavallerìa rusticana	Giovanni Verga	Cavalleria Rusticana, de Giovanni Verga	2015.0	article	1	1	1	1	Cavalleria rusticana	Giovanni Verga	OAA000023807	cavalleria rusticana	2	2	TITLE_ONLY	True	False	True	False	False	0	1	TITLE_VARIANT_ONLY	VALID_TARGET_REFERENCE	DIRECT_TARGET_REFERENCE
OAPRV3_77614db0fa7137ec	W000032069	W7029686359	ALIAS_EXPANSION	Cavallerìa rusticana	Giovanni Verga	“La novela de la tierra” de Giovanni Verga y Paz en la guerra de Miguel de Unamuno	2008.0	article	1	1	1	1	Cavalleria rusticana	Giovanni Verga	OAA000023807	cavalleria rusticana	2	2	ABSTRACT_ONLY	False	True	True	False	False	0	1	TITLE_VARIANT_ONLY	VALID_TARGET_REFERENCE	DIRECT_TARGET_REFERENCE
OAPRV3_7db93c4fdc8c99c2	W000032069	W7027746752	ALIAS_EXPANSION	Cavallerìa rusticana	Giovanni Verga	Dalla novella verghiana al melodramma Verista	2021.0	article	1	1	1	1	Cavalleria rusticana	Giovanni Verga	OAA000023807	cavalleria rusticana	2	2	ABSTRACT_ONLY	False	True	True	False	False	0	1	TITLE_VARIANT_ONLY	VALID_TARGET_REFERENCE	DIRECT_TARGET_REFERENCE
OAPRV3_820bd8bac1703983	W000032069	W4281974196	ALIAS_EXPANSION	Cavallerìa rusticana	Giovanni Verga	"Musical Introductions to Cavalleria Rusticana: Giuseppe Perrotta's ""Bozzetto Sinfonico"" and Pietro Mascagni's ""Preludio"""	2018.0	dissertation	1	1	1	1	Cavalleria rusticana	Giovanni Verga	OAA000023807	cavalleria rusticana	2	2	TITLE_AND_ABSTRACT	True	True	True	False	False	0	1	TITLE_VARIANT_ONLY	UNCERTAIN	AMBIGUOUS_TARGET_REFERENCE
OAPRV3_86ea328e739a78a5	W000032069	W2144852744	ALIAS_EXPANSION	Cavallerìa rusticana	Giovanni Verga	Mariangela in Verga’s La caccia al lupo: From Page to Stage	2012.0	article	1	1	1	1	Cavalleria rusticana	Giovanni Verga	OAA000023807	cavalleria rusticana	2	2	ABSTRACT_ONLY	False	True	True	False	False	0	1	TITLE_VARIANT_ONLY	VALID_TARGET_REFERENCE	VALID_CONTEXTUAL_REFERENCE
OAPRV3_902bf6a399912e31	W000032069	W2768834442	ALIAS_EXPANSION	Cavallerìa rusticana	Giovanni Verga	Giovanni Verga’s polemical discovery of a new medium: the case ofStorie e leggende(1875–1913/17)	2017.0	article	1	1	1	1	Cavalleria rusticana	Giovanni Verga	OAA000023807	cavalleria rusticana	2	2	ABSTRACT_ONLY	False	True	True	False	False	0	1	TITLE_VARIANT_ONLY	VALID_TARGET_REFERENCE	VALID_TITLE_VARIANT
OAPRV3_90f324a41ce36962	W000032069	W2501153671	ALIAS_EXPANSION	Cavallerìa rusticana	Giovanni Verga	Giovanni Verga’s Roman „Die Malavoglia“	2005.0	book-chapter	1	1	1	1	Cavalleria rusticana	Giovanni Verga	OAA000023807	cavalleria rusticana	2	2	ABSTRACT_ONLY	False	True	True	False	False	0	1	TITLE_VARIANT_ONLY	VALID_TARGET_REFERENCE	VALID_CONTEXTUAL_REFERENCE
OAPRV3_978db61a6f6db33f	W000032069	W2025878531	ALIAS_EXPANSION	Cavallerìa rusticana	Giovanni Verga	Puccini and Verga’s she-wolf	1990.0	article	1	1	1	1	Cavalleria rusticana	Giovanni Verga	OAA000023807	cavalleria rusticana	2	2	ABSTRACT_ONLY	False	True	True	False	False	0	1	TITLE_VARIANT_ONLY	VALID_TARGET_REFERENCE	VALID_CONTEXTUAL_REFERENCE
OAPRV3_9880bad2c4a3c461	W000032069	W6980492553	ALIAS_EXPANSION	Cavallerìa rusticana	Giovanni Verga	Cavallería rusticana	2016.0	article	1	1	1	1	Cavalleria rusticana	Giovanni Verga	OAA000023807	cavalleria rusticana	2	2	ABSTRACT_ONLY	False	True	True	False	False	0	1	TITLE_VARIANT_ONLY	VALID_TARGET_REFERENCE	DIRECT_TARGET_REFERENCE
OAPRV3_9b96dd7b483b7ce2	W000032069	W2774426913	ALIAS_EXPANSION	Cavallerìa rusticana	Giovanni Verga	"Giovanni Verga e il cinema muto, un’inquadratura nuova per la sua ""Cavalleria rusticana"""	2017.0	conference-paper	1	1	1	1	Cavalleria rusticana	Giovanni Verga	OAA000023807	cavalleria rusticana	2	2	TITLE_ONLY	True	False	True	False	False	0	1	TITLE_VARIANT_ONLY	VALID_TARGET_REFERENCE	VALID_TITLE_VARIANT
OAPRV3_a359a06fceb892ea	W000032069	W7011467037	ALIAS_EXPANSION	Cavallerìa rusticana	Giovanni Verga	Mariangela in Verga’s La caccia al lupo: from page to stage	2012.0	article	1	1	1	1	Cavalleria rusticana	Giovanni Verga	OAA000023807	cavalleria rusticana	2	2	ABSTRACT_ONLY	False	True	True	False	False	0	1	TITLE_VARIANT_ONLY	VALID_TARGET_REFERENCE	VALID_CONTEXTUAL_REFERENCE
OAPRV3_a5d1c038e6badced	W000032069	W4385691538	ALIAS_EXPANSION	Cavallerìa rusticana	Giovanni Verga	From Novella to Theatre and Opera	2023.0	book-chapter	1	1	1	1	Cavalleria rusticana	Giovanni Verga	OAA000023807	cavalleria rusticana	2	2	ABSTRACT_ONLY	False	True	True	False	False	0	1	TITLE_VARIANT_ONLY	VALID_TARGET_REFERENCE	VALID_TITLE_VARIANT
OAPRV3_a64e3cd2c891e4cc	W000032069	W2029383128	ALIAS_EXPANSION	Cavallerìa rusticana	Giovanni Verga	„Cavalleria rusticana” Giovanniego Verga w teatrze, operze i kinie	2014.0	article	1	1	1	1	Cavalleria rusticana	Giovanni Verga	OAA000023807	cavalleria rusticana	2	2	TITLE_AND_ABSTRACT	True	True	True	False	False	0	1	TITLE_VARIANT_ONLY	VALID_TARGET_REFERENCE	DIRECT_TARGET_REFERENCE
OAPRV3_ab0dd17f80915770	W000032069	W7006494992	ALIAS_EXPANSION	Cavallerìa rusticana	Giovanni Verga	Under the shadow of Etna; Sicilian stories from the Italian of Giovanni Verga,		article	1	1	1	1	Cavalleria rusticana	Giovanni Verga	OAA000023807	cavalleria rusticana	2	2	ABSTRACT_ONLY	False	True	True	False	False	0	1	TITLE_VARIANT_ONLY	VALID_TARGET_REFERENCE	VALID_TITLE_VARIANT
OAPRV3_b1aaef2107aa6178	W000032069	W4390681732	ALIAS_EXPANSION	Cavallerìa rusticana	Giovanni Verga	Il Verga tradito e le sue ’trascrizioni commerciali’: Giorgio Bassani contro i malintesi dell’ampia divulgazione dello scrittore siciliano	2023.0	article	1	1	1	1	Cavalleria rusticana	Giovanni Verga	OAA000023807	cavalleria rusticana	2	2	ABSTRACT_ONLY	False	True	True	False	False	0	1	TITLE_VARIANT_ONLY	VALID_TARGET_REFERENCE	VALID_TITLE_VARIANT
OAPRV3_b3ff031411b74038	W000032069	W4385174069	ALIAS_EXPANSION	Cavallerìa rusticana	Giovanni Verga	THE LIBRETTO OF CAVALLERIA RUSTICANA, POETIC RENDITION OF GIOVANNI VEGA�S STORY	2023.0	conference-paper	1	1	1	1	Cavalleria rusticana	Giovanni Verga	OAA000023807	cavalleria rusticana	2	2	TITLE_AND_ABSTRACT	True	True	True	False	False	0	1	TITLE_VARIANT_ONLY	VALID_TARGET_REFERENCE	VALID_CONTEXTUAL_REFERENCE
OAPRV3_b6ee0908d307e905	W000032069	W7056784945	ALIAS_EXPANSION	Cavallerìa rusticana	Giovanni Verga	Giovanni Verga, «Cavalleria rusticana»	2010.0	book-chapter	1	1	1	1	Cavalleria rusticana	Giovanni Verga	OAA000023807	cavalleria rusticana	2	2	TITLE_AND_ABSTRACT	True	True	True	False	False	0	1	TITLE_VARIANT_ONLY	UNCERTAIN	AMBIGUOUS_TARGET_REFERENCE
OAPRV3_b778e1dd7835208b	W000032069	W3021201629	ALIAS_EXPANSION	Cavallerìa rusticana	Giovanni Verga	"Una ""Lupa"" tra lupe. Riflessioni filologiche e traduttive nella combinazione linguistica italiano-spagnolo-francese"	2019.0	article	1	1	1	1	Cavalleria rusticana	Giovanni Verga	OAA000023807	cavalleria rusticana	2	2	ABSTRACT_ONLY	False	True	True	False	False	0	1	TITLE_VARIANT_ONLY	INVALID_TARGET_REFERENCE	TITLE_COLLISION_DIFFERENT_WORK
OAPRV3_b8a9e1d5632f9ec5	W000032069	W4403222338	ALIAS_EXPANSION	Cavallerìa rusticana	Giovanni Verga	Cavalleria rusticana: parodie e travestimenti attraverso il melodramma di Mascagni	2024.0	article	1	1	1	1	Cavalleria rusticana	Giovanni Verga	OAA000023807	cavalleria rusticana	2	2	TITLE_AND_ABSTRACT	True	True	True	False	False	0	1	TITLE_VARIANT_ONLY	UNCERTAIN	AMBIGUOUS_TARGET_REFERENCE
OAPRV3_b8c5b3bcf636e949	W000032069	W2021306699	ALIAS_EXPANSION	Cavallerìa rusticana	Giovanni Verga	“La novela de la tierra” de Giovanni Verga y Paz en la guerra de Miguel de Unamuno	2008.0	article	1	1	1	1	Cavalleria rusticana	Giovanni Verga	OAA000023807	cavalleria rusticana	2	2	ABSTRACT_ONLY	False	True	True	False	False	0	1	TITLE_VARIANT_ONLY	VALID_TARGET_REFERENCE	VALID_CONTEXTUAL_REFERENCE
OAPRV3_c47d0e373e42d73e	W000032069	W7066734287	ALIAS_EXPANSION	Cavallerìa rusticana	Giovanni Verga	La figura femminile in alcune novelle siciliane di Giovanni Verga		dissertation	1	1	1	1	Cavalleria rusticana	Giovanni Verga	OAA000023807	cavalleria rusticana	2	2	ABSTRACT_ONLY	False	True	True	False	False	0	1	TITLE_VARIANT_ONLY	VALID_TARGET_REFERENCE	VALID_CONTEXTUAL_REFERENCE
OAPRV3_cbf8dc80b9ef56b9	W000032069	W2745262682	ALIAS_EXPANSION	Cavallerìa rusticana	Giovanni Verga	Cavalleria Rusticana: The Operatic Adaptation from Giovanni Verga to Pietro Mascagni	2017.0	article	1	1	1	1	Cavalleria rusticana	Giovanni Verga	OAA000023807	cavalleria rusticana	2	2	TITLE_ONLY	True	False	True	False	False	0	1	TITLE_VARIANT_ONLY	VALID_TARGET_REFERENCE	VALID_CONTEXTUAL_REFERENCE
OAPRV3_d55193ab33a9c09d	W000032069	W6997128179	ALIAS_EXPANSION	Cavallerìa rusticana	Giovanni Verga	Variazioni sulla “Cavalleria rusticana”: il verismo nelle opere di Giovanni Verga e Pietro Mascagni		article	1	1	1	1	Cavalleria rusticana	Giovanni Verga	OAA000023807	cavalleria rusticana	2	2	TITLE_ONLY	True	False	True	False	False	0	1	TITLE_VARIANT_ONLY	VALID_TARGET_REFERENCE	DIRECT_TARGET_REFERENCE
OAPRV3_e69032734db1e197	W000032069	W586696384	ALIAS_EXPANSION	Cavallerìa rusticana	Giovanni Verga	Le vérisme italien en France et dans les pays germanophones : une étude de réception comparée	2005.0	dissertation	1	1	1	1	Cavalleria rusticana	Giovanni Verga	OAA000023807	cavalleria rusticana	2	2	ABSTRACT_ONLY	False	True	True	False	False	0	1	TITLE_VARIANT_ONLY	UNCERTAIN	AMBIGUOUS_TARGET_REFERENCE
OAPRV3_ea9dcbde4fa614f5	W000032069	W7083184016	ALIAS_EXPANSION	Cavallerìa rusticana	Giovanni Verga	“CONTOS SICILIANOS”, DE GIOVANNI VERGA	2006.0	article	1	1	1	1	Cavalleria rusticana	Giovanni Verga	OAA000023807	cavalleria rusticana	2	2	ABSTRACT_ONLY	False	True	True	False	False	0	1	TITLE_VARIANT_ONLY	VALID_TARGET_REFERENCE	DIRECT_TARGET_REFERENCE
OAPRV3_eedb5f8908efb87e	W000032069	W7019443950	ALIAS_EXPANSION	Cavallerìa rusticana	Giovanni Verga	Fotografie dell'Italia: Verga e Mascagni	2018.0	book-chapter	1	1	1	1	Cavalleria rusticana	Giovanni Verga	OAA000023807	cavalleria rusticana	2	2	ABSTRACT_ONLY	False	True	True	False	False	0	1	TITLE_VARIANT_ONLY	INVALID_TARGET_REFERENCE	TITLE_COLLISION_DIFFERENT_WORK
OAPRV3_f005c97b85fb1ccb	W000032069	W6991988954	ALIAS_EXPANSION	Cavallerìa rusticana	Giovanni Verga	I viaggi in Italia di D.H.Lawrence	2015.0	book-chapter	1	1	1	1	Cavalleria rusticana	Giovanni Verga	OAA000023807	cavalleria rusticana	2	2	ABSTRACT_ONLY	False	True	True	False	False	0	1	TITLE_VARIANT_ONLY	UNCERTAIN	AMBIGUOUS_TARGET_REFERENCE
OAPRV3_f81aede3953c5088	W000032069	W7025063302	ALIAS_EXPANSION	Cavallerìa rusticana	Giovanni Verga	Three Plays - Giovanni Verga	2002.0	book	1	1	1	1	Cavalleria rusticana	Giovanni Verga	OAA000023807	cavalleria rusticana	2	2	ABSTRACT_ONLY	False	True	True	False	False	0	1	TITLE_VARIANT_ONLY	VALID_TARGET_REFERENCE	DIRECT_TARGET_REFERENCE
OAPRV3_f9c23b08ed631747	W000032069	W2280490227	ALIAS_EXPANSION	Cavallerìa rusticana	Giovanni Verga	Cavalleria rusticana : Ouverture	1884.0	article	1	1	1	1	Cavalleria rusticana	Giovanni Verga	OAA000023807	cavalleria rusticana	2	2	TITLE_ONLY	True	False	True	False	False	0	1	TITLE_VARIANT_ONLY	INVALID_TARGET_REFERENCE	TITLE_COLLISION_DIFFERENT_WORK
OAPRV3_25307eee275f77e7	W000032070	W2298125011	ALIAS_EXPANSION	Captain from Castile /cby Samuel Shellabarger	Samuel Shellabarger	Southwest Talks: The New Mexico Historical Review Interview Series	2015.0	article	2	2	1	2	Captain from Castile	Samuel Shellabarger	OAA000023968 || OAA000034422	captain from castile	3	3	ABSTRACT_ONLY	False	True	True	False	False	0	1	TITLE_VARIANT_ONLY	VALID_TARGET_REFERENCE	DIRECT_TARGET_REFERENCE
OAPRV3_a502bd7b44591215	W000032070	W2247172390	ALIAS_EXPANSION	Captain from Castile /cby Samuel Shellabarger	Samuel Shellabarger	Captain from Castile (1944) de Samuel Shellabarger: La traducción al español de los fragmentos de texto en lengua española	1999.0	article	2	2	1	2	Captain from Castile	Samuel Shellabarger	OAA000023968 || OAA000034422	captain from castile	3	3	TITLE_ONLY	True	False	True	False	False	0	1	TITLE_VARIANT_ONLY	VALID_TARGET_REFERENCE	DIRECT_TARGET_REFERENCE
OAPRV3_03926a68cc2100fc	W000032072	W4382798511	ALIAS_EXPANSION	Father Malachy's miracle, a heavenly story with an earthly meaning	Bruce Marshall	'Celestial Fireworks' – Father Malachy's Miracle (1931)	2023.0	article	1	1	1	1	Father Malachy's miracle	Bruce Marshall	OAA000024275	father malachy s miracle	4	4	TITLE_AND_ABSTRACT	True	True	True	False	False	0	1	TITLE_VARIANT_ONLY	VALID_TARGET_REFERENCE	DIRECT_TARGET_REFERENCE
