2026-03-16 14:54:15,100 INFO ワーカー数: 16 / CPU: 22
2026-03-16 14:54:15,334 INFO 母集団: 33978 works (30343 unique title_norm)
2026-03-16 14:54:17,444 INFO スキャン対象: 2228 ファイル
2026-03-16 14:54:17,453 INFO [1/343] updated_date=2016-06-24 — 1 files
2026-03-16 14:54:27,014 INFO   1/2228 files | 経過 0.2分 | 残り推定 354.9分
2026-03-16 14:54:27,083 INFO [2/343] updated_date=2016-07-22 — 1 files
2026-03-16 14:54:30,470 INFO   2/2228 files | 経過 0.2分 | 残り推定 241.5分
2026-03-16 14:54:30,546 INFO [3/343] updated_date=2016-08-23 — 1 files
2026-03-16 14:54:34,089 INFO   3/2228 files | 経過 0.3分 | 残り推定 205.6分
2026-03-16 14:54:34,166 INFO [4/343] updated_date=2016-09-16 — 1 files
2026-03-16 14:54:35,836 INFO   4/2228 files | 経過 0.3分 | 残り推定 170.4分
2026-03-16 14:54:35,902 INFO [5/343] updated_date=2016-09-23 — 1 files
2026-03-16 14:54:36,809 INFO   5/2228 files | 経過 0.3分 | 残り推定 143.4分
2026-03-16 14:54:36,877 INFO [6/343] updated_date=2016-09-30 — 1 files
2026-03-16 14:54:38,130 INFO   6/2228 files | 経過 0.3分 | 残り推定 127.6分
2026-03-16 14:54:38,200 INFO [7/343] updated_date=2016-10-07 — 1 files
2026-03-16 14:54:39,573 INFO   7/2228 files | 経過 0.4分 | 残り推定 117.0分
2026-03-16 14:54:39,644 INFO [8/343] updated_date=2016-10-14 — 1 files
2026-03-16 14:54:40,044 INFO   8/2228 files | 経過 0.4分 | 残り推定 104.5分
2026-03-16 14:54:40,115 INFO [9/343] updated_date=2016-10-21 — 1 files
2026-03-16 14:54:40,557 INFO   9/2228 files | 経過 0.4分 | 残り推定 94.9分
2026-03-16 14:54:41,199 INFO [10/343] updated_date=2016-10-28 — 1 files
2026-03-16 14:54:41,734 INFO   10/2228 files | 経過 0.4分 | 残り推定 89.8分
2026-03-16 14:54:41,801 INFO [11/343] updated_date=2016-11-04 — 1 files
2026-03-16 14:54:42,245 INFO   11/2228 files | 経過 0.4分 | 残り推定 83.3分
2026-03-16 14:54:42,331 INFO [12/343] updated_date=2016-11-11 — 1 files
2026-03-16 14:54:42,796 INFO   12/2228 files | 経過 0.4分 | 残り推定 78.0分
2026-03-16 14:54:42,879 INFO [13/343] updated_date=2016-11-30 — 1 files
2026-03-16 14:54:43,559 INFO   13/2228 files | 経過 0.4分 | 残り推定 74.1分
2026-03-16 14:54:43,635 INFO [14/343] updated_date=2016-12-08 — 1 files
2026-03-16 14:54:44,145 INFO   14/2228 files | 経過 0.4分 | 残り推定 70.3分
2026-03-16 14:54:44,223 INFO [15/343] updated_date=2016-12-16 — 1 files
2026-03-16 14:54:44,735 INFO   15/2228 files | 経過 0.5分 | 残り推定 67.1分
2026-03-16 14:54:44,813 INFO [16/343] updated_date=2017-01-06 — 1 files
2026-03-16 14:54:45,565 INFO   16/2228 files | 経過 0.5分 | 残り推定 64.8分
2026-03-16 14:54:45,648 INFO [17/343] updated_date=2017-01-13 — 1 files
2026-03-16 14:54:46,124 INFO   17/2228 files | 経過 0.5分 | 残り推定 62.1分
2026-03-16 14:54:46,202 INFO [18/343] updated_date=2017-01-26 — 1 files
2026-03-16 14:54:47,436 INFO   18/2228 files | 経過 0.5分 | 残り推定 61.4分
2026-03-16 14:54:47,514 INFO [19/343] updated_date=2017-02-03 — 1 files
2026-03-16 14:54:48,181 INFO   19/2228 files | 経過 0.5分 | 残り推定 59.5分
2026-03-16 14:54:48,264 INFO [20/343] updated_date=2017-02-10 — 1 files
2026-03-16 14:54:48,862 INFO   20/2228 files | 経過 0.5分 | 残り推定 57.8分
2026-03-16 14:54:48,955 INFO [21/343] updated_date=2017-02-17 — 1 files
2026-03-16 14:54:49,691 INFO   21/2228 files | 経過 0.5分 | 残り推定 56.5分
2026-03-16 14:54:49,785 INFO [22/343] updated_date=2017-03-03 — 1 files
2026-03-16 14:54:50,424 INFO   22/2228 files | 経過 0.5分 | 残り推定 55.1分
2026-03-16 14:54:50,520 INFO [23/343] updated_date=2017-03-16 — 1 files
2026-03-16 14:54:51,238 INFO   23/2228 files | 経過 0.6分 | 残り推定 54.0分
2026-03-16 14:54:51,347 INFO [24/343] updated_date=2017-03-23 — 1 files
2026-03-16 14:54:52,029 INFO   24/2228 files | 経過 0.6分 | 残り推定 52.9分
2026-03-16 14:54:52,128 INFO [25/343] updated_date=2017-04-07 — 1 files
2026-03-16 14:54:53,098 INFO   25/2228 files | 経過 0.6分 | 残り推定 52.4分
2026-03-16 14:54:53,205 INFO [26/343] updated_date=2017-04-14 — 1 files
2026-03-16 14:54:53,851 INFO   26/2228 files | 経過 0.6分 | 残り推定 51.4分
2026-03-16 14:54:53,959 INFO [27/343] updated_date=2017-04-28 — 1 files
2026-03-16 14:54:54,632 INFO   27/2228 files | 経過 0.6分 | 残り推定 50.5分
2026-03-16 14:54:54,742 INFO [28/343] updated_date=2017-05-05 — 1 files
2026-03-16 14:54:55,835 INFO   28/2228 files | 経過 0.6分 | 残り推定 50.3分
2026-03-16 14:54:55,934 INFO [29/343] updated_date=2017-05-12 — 1 files
2026-03-16 14:54:56,817 INFO   29/2228 files | 経過 0.7分 | 残り推定 49.7分
2026-03-16 14:54:56,916 INFO [30/343] updated_date=2017-05-19 — 1 files
2026-03-16 14:54:57,713 INFO   30/2228 files | 経過 0.7分 | 残り推定 49.2分
2026-03-16 14:54:57,813 INFO [31/343] updated_date=2017-05-26 — 1 files
2026-03-16 14:54:58,739 INFO   31/2228 files | 経過 0.7分 | 残り推定 48.8分
2026-03-16 14:54:58,845 INFO [32/343] updated_date=2017-06-05 — 1 files
2026-03-16 14:54:59,686 INFO   32/2228 files | 経過 0.7分 | 残り推定 48.3分
2026-03-16 14:54:59,812 INFO [33/343] updated_date=2017-06-15 — 1 files
2026-03-16 14:55:00,843 INFO   33/2228 files | 経過 0.7分 | 残り推定 48.1分
2026-03-16 14:55:00,969 INFO [34/343] updated_date=2017-06-23 — 1 files
2026-03-16 14:55:02,112 INFO   34/2228 files | 経過 0.7分 | 残り推定 48.0分
2026-03-16 14:55:02,220 INFO [35/343] updated_date=2017-06-30 — 1 files
2026-03-16 14:55:03,100 INFO   35/2228 files | 経過 0.8分 | 残り推定 47.7分
2026-03-16 14:55:03,194 INFO [36/343] updated_date=2017-07-14 — 1 files
2026-03-16 14:55:04,051 INFO   36/2228 files | 経過 0.8分 | 残り推定 47.3分
2026-03-16 14:55:04,162 INFO [37/343] updated_date=2017-07-21 — 1 files
2026-03-16 14:55:04,752 INFO   37/2228 files | 経過 0.8分 | 残り推定 46.7分
2026-03-16 14:55:04,859 INFO [38/343] updated_date=2017-07-31 — 1 files
2026-03-16 14:55:05,829 INFO   38/2228 files | 経過 0.8分 | 残り推定 46.5分
2026-03-16 14:55:05,951 INFO [39/343] updated_date=2017-08-08 — 1 files
2026-03-16 14:55:06,765 INFO   39/2228 files | 経過 0.8分 | 残り推定 46.1分
2026-03-16 14:55:06,882 INFO [40/343] updated_date=2017-08-17 — 1 files
2026-03-16 14:55:07,665 INFO   40/2228 files | 経過 0.8分 | 残り推定 45.8分
2026-03-16 14:55:07,782 INFO [41/343] updated_date=2017-08-31 — 1 files
2026-03-16 14:55:08,501 INFO   41/2228 files | 経過 0.9分 | 残り推定 45.4分
2026-03-16 14:55:08,577 INFO [42/343] updated_date=2017-09-15 — 1 files
2026-03-16 14:55:09,018 INFO   42/2228 files | 経過 0.9分 | 残り推定 44.7分
2026-03-16 14:55:09,083 INFO [43/343] updated_date=2017-10-06 — 1 files
2026-03-16 14:55:09,538 INFO   43/2228 files | 経過 0.9分 | 残り推定 44.1分
2026-03-16 14:55:09,618 INFO [44/343] updated_date=2017-10-20 — 1 files
2026-03-16 14:55:10,033 INFO   44/2228 files | 経過 0.9分 | 残り推定 43.5分
2026-03-16 14:55:10,104 INFO [45/343] updated_date=2017-11-17 — 1 files
2026-03-16 14:55:10,539 INFO   45/2228 files | 経過 0.9分 | 残り推定 42.9分
2026-03-16 14:55:10,604 INFO [46/343] updated_date=2017-12-04 — 1 files
2026-03-16 14:55:11,271 INFO   46/2228 files | 経過 0.9分 | 残り推定 42.5分
2026-03-16 14:55:11,347 INFO [47/343] updated_date=2017-12-22 — 1 files
2026-03-16 14:55:12,010 INFO   47/2228 files | 経過 0.9分 | 残り推定 42.2分
2026-03-16 14:55:12,088 INFO [48/343] updated_date=2018-01-05 — 1 files
2026-03-16 14:55:12,562 INFO   48/2228 files | 経過 0.9分 | 残り推定 41.7分
2026-03-16 14:55:12,632 INFO [49/343] updated_date=2018-01-12 — 1 files
2026-03-16 14:55:13,018 INFO   49/2228 files | 経過 0.9分 | 残り推定 41.2分
2026-03-16 14:55:13,079 INFO [50/343] updated_date=2018-01-26 — 1 files
2026-03-16 14:55:14,042 INFO   50/2228 files | 経過 0.9分 | 残り推定 41.1分
2026-03-16 14:55:14,107 INFO [51/343] updated_date=2018-02-02 — 1 files
2026-03-16 14:55:14,539 INFO   51/2228 files | 経過 1.0分 | 残り推定 40.6分
2026-03-16 14:55:14,615 INFO [52/343] updated_date=2018-02-23 — 1 files
2026-03-16 14:55:14,995 INFO   52/2228 files | 経過 1.0分 | 残り推定 40.1分
2026-03-16 14:55:15,065 INFO [53/343] updated_date=2018-03-06 — 1 files
2026-03-16 14:55:15,489 INFO   53/2228 files | 経過 1.0分 | 残り推定 39.7分
2026-03-16 14:55:15,558 INFO [54/343] updated_date=2018-03-29 — 1 files
2026-03-16 14:55:16,023 INFO   54/2228 files | 経過 1.0分 | 残り推定 39.3分
2026-03-16 14:55:16,086 INFO [55/343] updated_date=2018-04-06 — 1 files
2026-03-16 14:55:16,558 INFO   55/2228 files | 経過 1.0分 | 残り推定 38.9分
2026-03-16 14:55:16,620 INFO [56/343] updated_date=2018-04-13 — 1 files
2026-03-16 14:55:17,010 INFO   56/2228 files | 経過 1.0分 | 残り推定 38.5分
2026-03-16 14:55:17,073 INFO [57/343] updated_date=2018-04-24 — 1 files
2026-03-16 14:55:17,526 INFO   57/2228 files | 経過 1.0分 | 残り推定 38.1分
2026-03-16 14:55:17,599 INFO [58/343] updated_date=2018-05-17 — 1 files
2026-03-16 14:55:18,365 INFO   58/2228 files | 経過 1.0分 | 残り推定 38.0分
2026-03-16 14:55:18,439 INFO [59/343] updated_date=2018-06-01 — 1 files
2026-03-16 14:55:18,857 INFO   59/2228 files | 経過 1.0分 | 残り推定 37.6分
2026-03-16 14:55:18,926 INFO [60/343] updated_date=2018-06-13 — 1 files
2026-03-16 14:55:19,451 INFO   60/2228 files | 経過 1.0分 | 残り推定 37.3分
2026-03-16 14:55:19,520 INFO [61/343] updated_date=2018-06-21 — 1 files
2026-03-16 14:55:19,967 INFO   61/2228 files | 経過 1.0分 | 残り推定 37.0分
2026-03-16 14:55:20,033 INFO [62/343] updated_date=2018-06-29 — 1 files
2026-03-16 14:55:20,572 INFO   62/2228 files | 経過 1.1分 | 残り推定 36.8分
2026-03-16 14:55:20,648 INFO [63/343] updated_date=2018-07-10 — 1 files
2026-03-16 14:55:21,066 INFO   63/2228 files | 経過 1.1分 | 残り推定 36.4分
2026-03-16 14:55:21,137 INFO [64/343] updated_date=2018-07-19 — 1 files
2026-03-16 14:55:21,562 INFO   64/2228 files | 経過 1.1分 | 残り推定 36.1分
2026-03-16 14:55:21,632 INFO [65/343] updated_date=2018-08-03 — 1 files
2026-03-16 14:55:22,033 INFO   65/2228 files | 経過 1.1分 | 残り推定 35.8分
2026-03-16 14:55:22,098 INFO [66/343] updated_date=2018-08-22 — 1 files
2026-03-16 14:55:22,952 INFO   66/2228 files | 経過 1.1分 | 残り推定 35.8分
2026-03-16 14:55:23,011 INFO [67/343] updated_date=2018-08-31 — 1 files
2026-03-16 14:55:23,428 INFO   67/2228 files | 経過 1.1分 | 残り推定 35.5分
2026-03-16 14:55:23,493 INFO [68/343] updated_date=2018-09-07 — 1 files
2026-03-16 14:55:23,934 INFO   68/2228 files | 経過 1.1分 | 残り推定 35.2分
2026-03-16 14:55:24,010 INFO [69/343] updated_date=2018-09-27 — 1 files
2026-03-16 14:55:24,959 INFO   69/2228 files | 経過 1.1分 | 残り推定 35.2分
2026-03-16 14:55:25,025 INFO [70/343] updated_date=2018-10-05 — 1 files
2026-03-16 14:55:25,447 INFO   70/2228 files | 経過 1.1分 | 残り推定 34.9分
2026-03-16 14:55:25,518 INFO [71/343] updated_date=2018-10-12 — 1 files
2026-03-16 14:55:26,116 INFO   71/2228 files | 経過 1.1分 | 残り推定 34.8分
2026-03-16 14:55:26,192 INFO [72/343] updated_date=2018-10-26 — 1 files
2026-03-16 14:55:26,579 INFO   72/2228 files | 経過 1.2分 | 残り推定 34.5分
2026-03-16 14:55:26,650 INFO [73/343] updated_date=2018-11-02 — 1 files
2026-03-16 14:55:27,120 INFO   73/2228 files | 経過 1.2分 | 残り推定 34.3分
2026-03-16 14:55:27,190 INFO [74/343] updated_date=2018-11-09 — 1 files
2026-03-16 14:55:27,695 INFO   74/2228 files | 経過 1.2分 | 残り推定 34.1分
2026-03-16 14:55:27,775 INFO [75/343] updated_date=2018-11-16 — 1 files
2026-03-16 14:55:28,317 INFO   75/2228 files | 経過 1.2分 | 残り推定 33.9分
2026-03-16 14:55:28,380 INFO [76/343] updated_date=2018-12-11 — 1 files
2026-03-16 14:55:28,971 INFO   76/2228 files | 経過 1.2分 | 残り推定 33.8分
2026-03-16 14:55:29,042 INFO [77/343] updated_date=2018-12-22 — 1 files
2026-03-16 14:55:29,466 INFO   77/2228 files | 経過 1.2分 | 残り推定 33.5分
2026-03-16 14:55:29,533 INFO [78/343] updated_date=2019-01-01 — 1 files
2026-03-16 14:55:29,925 INFO   78/2228 files | 経過 1.2分 | 残り推定 33.3分
2026-03-16 14:55:29,991 INFO [79/343] updated_date=2019-01-11 — 1 files
2026-03-16 14:55:30,413 INFO   79/2228 files | 経過 1.2分 | 残り推定 33.1分
2026-03-16 14:55:30,490 INFO [80/343] updated_date=2019-01-25 — 1 files
2026-03-16 14:55:30,992 INFO   80/2228 files | 経過 1.2分 | 残り推定 32.9分
2026-03-16 14:55:31,080 INFO [81/343] updated_date=2019-02-21 — 1 files
2026-03-16 14:55:31,642 INFO   81/2228 files | 経過 1.2分 | 残り推定 32.8分
2026-03-16 14:55:31,705 INFO [82/343] updated_date=2019-03-02 — 1 files
2026-03-16 14:55:32,282 INFO   82/2228 files | 経過 1.2分 | 残り推定 32.6分
2026-03-16 14:55:32,354 INFO [83/343] updated_date=2019-03-11 — 1 files
2026-03-16 14:55:32,751 INFO   83/2228 files | 経過 1.3分 | 残り推定 32.4分
2026-03-16 14:55:32,818 INFO [84/343] updated_date=2019-03-22 — 1 files
2026-03-16 14:55:33,257 INFO   84/2228 files | 経過 1.3分 | 残り推定 32.2分
2026-03-16 14:55:33,320 INFO [85/343] updated_date=2019-04-01 — 1 files
2026-03-16 14:55:33,763 INFO   85/2228 files | 経過 1.3分 | 残り推定 32.1分
2026-03-16 14:55:33,837 INFO [86/343] updated_date=2019-04-11 — 1 files
2026-03-16 14:55:34,286 INFO   86/2228 files | 経過 1.3分 | 残り推定 31.9分
2026-03-16 14:55:34,366 INFO [87/343] updated_date=2019-04-25 — 1 files
2026-03-16 14:55:34,917 INFO   87/2228 files | 経過 1.3分 | 残り推定 31.8分
2026-03-16 14:55:34,996 INFO [88/343] updated_date=2019-05-03 — 1 files
2026-03-16 14:55:35,440 INFO   88/2228 files | 経過 1.3分 | 残り推定 31.6分
2026-03-16 14:55:35,528 INFO [89/343] updated_date=2019-05-09 — 1 files
2026-03-16 14:55:36,324 INFO   89/2228 files | 経過 1.3分 | 残り推定 31.6分
2026-03-16 14:55:36,442 INFO [90/343] updated_date=2019-05-29 — 1 files
2026-03-16 14:55:37,139 INFO   90/2228 files | 経過 1.3分 | 残り推定 31.5分
2026-03-16 14:55:37,243 INFO [91/343] updated_date=2019-06-07 — 1 files
2026-03-16 14:55:38,021 INFO   91/2228 files | 経過 1.3分 | 残り推定 31.5分
2026-03-16 14:55:38,108 INFO [92/343] updated_date=2019-06-14 — 1 files
2026-03-16 14:55:38,618 INFO   92/2228 files | 経過 1.4分 | 残り推定 31.4分
2026-03-16 14:55:38,686 INFO [93/343] updated_date=2019-06-27 — 1 files
2026-03-16 14:55:39,214 INFO   93/2228 files | 経過 1.4分 | 残り推定 31.3分
2026-03-16 14:55:39,278 INFO [94/343] updated_date=2019-07-12 — 1 files
2026-03-16 14:55:39,707 INFO   94/2228 files | 経過 1.4分 | 残り推定 31.1分
2026-03-16 14:55:39,767 INFO [95/343] updated_date=2019-07-23 — 1 files
2026-03-16 14:55:40,160 INFO   95/2228 files | 経過 1.4分 | 残り推定 30.9分
2026-03-16 14:55:40,227 INFO [96/343] updated_date=2019-08-13 — 1 files
2026-03-16 14:55:40,615 INFO   96/2228 files | 経過 1.4分 | 残り推定 30.8分
2026-03-16 14:55:40,685 INFO [97/343] updated_date=2019-08-22 — 1 files
2026-03-16 14:55:41,147 INFO   97/2228 files | 経過 1.4分 | 残り推定 30.6分
2026-03-16 14:55:41,233 INFO [98/343] updated_date=2019-09-12 — 1 files
2026-03-16 14:55:41,625 INFO   98/2228 files | 経過 1.4分 | 残り推定 30.5分
2026-03-16 14:55:41,694 INFO [99/343] updated_date=2019-09-26 — 1 files
2026-03-16 14:55:42,097 INFO   99/2228 files | 経過 1.4分 | 残り推定 30.3分
2026-03-16 14:55:42,166 INFO [100/343] updated_date=2019-10-10 — 1 files
2026-03-16 14:55:42,599 INFO   100/2228 files | 経過 1.4分 | 残り推定 30.2分
2026-03-16 14:55:42,673 INFO [101/343] updated_date=2019-10-18 — 1 files
2026-03-16 14:55:43,290 INFO   101/2228 files | 経過 1.4分 | 残り推定 30.1分
2026-03-16 14:55:43,376 INFO [102/343] updated_date=2019-10-25 — 1 files
2026-03-16 14:55:43,807 INFO   102/2228 files | 経過 1.4分 | 残り推定 30.0分
2026-03-16 14:55:43,883 INFO [103/343] updated_date=2019-11-08 — 1 files
2026-03-16 14:55:44,328 INFO   103/2228 files | 経過 1.4分 | 残り推定 29.9分
2026-03-16 14:55:44,398 INFO [104/343] updated_date=2019-11-22 — 1 files
2026-03-16 14:55:45,085 INFO   104/2228 files | 経過 1.5分 | 残り推定 29.8分
2026-03-16 14:55:45,179 INFO [105/343] updated_date=2019-12-05 — 1 files
2026-03-16 14:55:45,870 INFO   105/2228 files | 経過 1.5分 | 残り推定 29.8分
2026-03-16 14:55:45,950 INFO [106/343] updated_date=2019-12-13 — 1 files
2026-03-16 14:55:47,167 INFO   106/2228 files | 経過 1.5分 | 残り推定 29.9分
2026-03-16 14:55:47,237 INFO [107/343] updated_date=2020-01-10 — 1 files
2026-03-16 14:55:47,687 INFO   107/2228 files | 経過 1.5分 | 残り推定 29.8分
2026-03-16 14:55:47,773 INFO [108/343] updated_date=2020-01-23 — 1 files
2026-03-16 14:55:48,193 INFO   108/2228 files | 経過 1.5分 | 残り推定 29.7分
2026-03-16 14:55:48,260 INFO [109/343] updated_date=2020-01-30 — 1 files
2026-03-16 14:55:48,698 INFO   109/2228 files | 経過 1.5分 | 残り推定 29.6分
2026-03-16 14:55:48,772 INFO [110/343] updated_date=2020-02-14 — 1 files
2026-03-16 14:55:49,193 INFO   110/2228 files | 経過 1.5分 | 残り推定 29.4分
2026-03-16 14:55:49,268 INFO [111/343] updated_date=2020-02-24 — 1 files
2026-03-16 14:55:49,963 INFO   111/2228 files | 経過 1.5分 | 残り推定 29.4分
2026-03-16 14:55:50,057 INFO [112/343] updated_date=2020-03-06 — 1 files
2026-03-16 14:55:50,596 INFO   112/2228 files | 経過 1.6分 | 残り推定 29.3分
2026-03-16 14:55:50,687 INFO [113/343] updated_date=2020-03-23 — 1 files
2026-03-16 14:55:51,255 INFO   113/2228 files | 経過 1.6分 | 残り推定 29.3分
2026-03-16 14:55:51,329 INFO [114/343] updated_date=2020-03-27 — 1 files
2026-03-16 14:55:52,018 INFO   114/2228 files | 経過 1.6分 | 残り推定 29.2分
2026-03-16 14:55:52,099 INFO [115/343] updated_date=2020-04-03 — 1 files
2026-03-16 14:55:52,635 INFO   115/2228 files | 経過 1.6分 | 残り推定 29.1分
2026-03-16 14:55:52,704 INFO [116/343] updated_date=2020-05-13 — 1 files
2026-03-16 14:55:53,124 INFO   116/2228 files | 経過 1.6分 | 残り推定 29.0分
2026-03-16 14:55:53,191 INFO [117/343] updated_date=2020-05-21 — 1 files
2026-03-16 14:55:53,583 INFO   117/2228 files | 経過 1.6分 | 残り推定 28.9分
2026-03-16 14:55:53,652 INFO [118/343] updated_date=2020-05-29 — 1 files
2026-03-16 14:55:54,177 INFO   118/2228 files | 経過 1.6分 | 残り推定 28.8分
2026-03-16 14:55:54,246 INFO [119/343] updated_date=2020-06-05 — 1 files
2026-03-16 14:55:54,895 INFO   119/2228 files | 経過 1.6分 | 残り推定 28.8分
2026-03-16 14:55:54,961 INFO [120/343] updated_date=2020-06-12 — 1 files
2026-03-16 14:55:55,350 INFO   120/2228 files | 経過 1.6分 | 残り推定 28.7分
2026-03-16 14:55:55,419 INFO [121/343] updated_date=2020-06-19 — 1 files
2026-03-16 14:55:55,828 INFO   121/2228 files | 経過 1.6分 | 残り推定 28.6分
2026-03-16 14:55:55,897 INFO [122/343] updated_date=2020-07-16 — 1 files
2026-03-16 14:55:56,357 INFO   122/2228 files | 経過 1.6分 | 残り推定 28.5分
2026-03-16 14:55:56,436 INFO [123/343] updated_date=2020-07-23 — 1 files
2026-03-16 14:55:56,928 INFO   123/2228 files | 経過 1.7分 | 残り推定 28.4分
2026-03-16 14:55:57,006 INFO [124/343] updated_date=2020-07-29 — 1 files
2026-03-16 14:55:57,465 INFO   124/2228 files | 経過 1.7分 | 残り推定 28.3分
2026-03-16 14:55:57,533 INFO [125/343] updated_date=2020-08-10 — 1 files
2026-03-16 14:55:58,013 INFO   125/2228 files | 経過 1.7分 | 残り推定 28.2分
2026-03-16 14:55:58,111 INFO [126/343] updated_date=2020-08-21 — 1 files
2026-03-16 14:55:58,668 INFO   126/2228 files | 経過 1.7分 | 残り推定 28.1分
2026-03-16 14:55:58,769 INFO [127/343] updated_date=2020-08-24 — 1 files
2026-03-16 14:55:59,530 INFO   127/2228 files | 経過 1.7分 | 残り推定 28.1分
2026-03-16 14:55:59,602 INFO [128/343] updated_date=2020-09-01 — 1 files
2026-03-16 14:56:00,032 INFO   128/2228 files | 経過 1.7分 | 残り推定 28.0分
2026-03-16 14:56:00,094 INFO [129/343] updated_date=2020-09-08 — 1 files
2026-03-16 14:56:00,649 INFO   129/2228 files | 経過 1.7分 | 残り推定 28.0分
2026-03-16 14:56:00,715 INFO [130/343] updated_date=2020-09-14 — 1 files
2026-03-16 14:56:01,278 INFO   130/2228 files | 経過 1.7分 | 残り推定 27.9分
2026-03-16 14:56:01,395 INFO [131/343] updated_date=2020-09-21 — 1 files
2026-03-16 14:56:02,074 INFO   131/2228 files | 経過 1.7分 | 残り推定 27.9分
2026-03-16 14:56:02,190 INFO [132/343] updated_date=2020-09-25 — 1 files
2026-03-16 14:56:02,793 INFO   132/2228 files | 経過 1.8分 | 残り推定 27.9分
2026-03-16 14:56:02,899 INFO [133/343] updated_date=2020-10-01 — 1 files
2026-03-16 14:56:03,538 INFO   133/2228 files | 経過 1.8分 | 残り推定 27.9分
2026-03-16 14:56:03,714 INFO [134/343] updated_date=2020-10-15 — 1 files
2026-03-16 14:56:04,519 INFO   134/2228 files | 経過 1.8分 | 残り推定 27.9分
2026-03-16 14:56:04,698 INFO [135/343] updated_date=2020-10-22 — 1 files
2026-03-16 14:56:05,441 INFO   135/2228 files | 経過 1.8分 | 残り推定 27.9分
2026-03-16 14:56:05,530 INFO [136/343] updated_date=2020-10-29 — 1 files
2026-03-16 14:56:06,037 INFO   136/2228 files | 経過 1.8分 | 残り推定 27.8分
2026-03-16 14:56:06,137 INFO [137/343] updated_date=2020-11-09 — 1 files
2026-03-16 14:56:06,617 INFO   137/2228 files | 経過 1.8分 | 残り推定 27.8分
2026-03-16 14:56:06,692 INFO [138/343] updated_date=2020-11-23 — 1 files
2026-03-16 14:56:07,421 INFO   138/2228 files | 経過 1.8分 | 残り推定 27.8分
2026-03-16 14:56:07,525 INFO [139/343] updated_date=2020-12-07 — 1 files
2026-03-16 14:56:08,020 INFO   139/2228 files | 経過 1.8分 | 残り推定 27.7分
2026-03-16 14:56:08,100 INFO [140/343] updated_date=2020-12-21 — 1 files
2026-03-16 14:56:08,863 INFO   140/2228 files | 経過 1.9分 | 残り推定 27.7分
2026-03-16 14:56:08,942 INFO [141/343] updated_date=2021-01-05 — 1 files
2026-03-16 14:56:09,496 INFO   141/2228 files | 経過 1.9分 | 残り推定 27.6分
2026-03-16 14:56:09,585 INFO [142/343] updated_date=2021-01-18 — 1 files
2026-03-16 14:56:10,291 INFO   142/2228 files | 経過 1.9分 | 残り推定 27.6分
2026-03-16 14:56:10,410 INFO [143/343] updated_date=2021-02-01 — 1 files
2026-03-16 14:56:11,151 INFO   143/2228 files | 経過 1.9分 | 残り推定 27.6分
2026-03-16 14:56:11,263 INFO [144/343] updated_date=2021-02-15 — 1 files
2026-03-16 14:56:11,917 INFO   144/2228 files | 経過 1.9分 | 残り推定 27.6分
2026-03-16 14:56:12,028 INFO [145/343] updated_date=2021-03-01 — 1 files
2026-03-16 14:56:12,868 INFO   145/2228 files | 経過 1.9分 | 残り推定 27.6分
2026-03-16 14:56:12,965 INFO [146/343] updated_date=2021-03-15 — 1 files
2026-03-16 14:56:13,611 INFO   146/2228 files | 経過 1.9分 | 残り推定 27.6分
2026-03-16 14:56:13,722 INFO [147/343] updated_date=2021-04-13 — 1 files
2026-03-16 14:56:14,459 INFO   147/2228 files | 経過 2.0分 | 残り推定 27.6分
2026-03-16 14:56:14,538 INFO [148/343] updated_date=2021-05-10 — 1 files
2026-03-16 14:56:14,958 INFO   148/2228 files | 経過 2.0分 | 残り推定 27.5分
2026-03-16 14:56:15,032 INFO [149/343] updated_date=2021-05-24 — 1 files
2026-03-16 14:56:15,475 INFO   149/2228 files | 経過 2.0分 | 残り推定 27.4分
2026-03-16 14:56:15,545 INFO [150/343] updated_date=2021-06-07 — 1 files
2026-03-16 14:56:16,279 INFO   150/2228 files | 経過 2.0分 | 残り推定 27.4分
2026-03-16 14:56:16,399 INFO [151/343] updated_date=2021-06-22 — 1 files
2026-03-16 14:56:17,184 INFO   151/2228 files | 経過 2.0分 | 残り推定 27.4分
2026-03-16 14:56:17,276 INFO [152/343] updated_date=2021-07-05 — 1 files
2026-03-16 14:56:17,928 INFO   152/2228 files | 経過 2.0分 | 残り推定 27.4分
2026-03-16 14:56:18,034 INFO [153/343] updated_date=2021-07-19 — 1 files
2026-03-16 14:56:18,475 INFO   153/2228 files | 経過 2.0分 | 残り推定 27.4分
2026-03-16 14:56:18,539 INFO [154/343] updated_date=2021-08-02 — 1 files
2026-03-16 14:56:19,496 INFO   154/2228 files | 経過 2.0分 | 残り推定 27.4分
2026-03-16 14:56:19,565 INFO [155/343] updated_date=2021-08-16 — 1 files
2026-03-16 14:56:20,055 INFO   155/2228 files | 経過 2.0分 | 残り推定 27.3分
2026-03-16 14:56:20,130 INFO [156/343] updated_date=2021-08-30 — 1 files
2026-03-16 14:56:20,562 INFO   156/2228 files | 経過 2.1分 | 残り推定 27.3分
2026-03-16 14:56:20,628 INFO [157/343] updated_date=2021-09-27 — 1 files
2026-03-16 14:56:21,074 INFO   157/2228 files | 経過 2.1分 | 残り推定 27.2分
2026-03-16 14:56:21,140 INFO [158/343] updated_date=2021-10-11 — 1 files
2026-03-16 14:56:21,545 INFO   158/2228 files | 経過 2.1分 | 残り推定 27.1分
2026-03-16 14:56:21,614 INFO [159/343] updated_date=2021-11-04 — 1 files
2026-03-16 14:56:24,267 INFO   159/2228 files | 経過 2.1分 | 残り推定 27.5分
2026-03-16 14:56:24,336 INFO [160/343] updated_date=2021-12-23 — 1 files
2026-03-16 14:56:25,136 INFO   160/2228 files | 経過 2.1分 | 残り推定 27.5分
2026-03-16 14:56:25,204 INFO [161/343] updated_date=2022-02-01 — 1 files
2026-03-16 14:56:25,610 INFO   161/2228 files | 経過 2.1分 | 残り推定 27.4分
2026-03-16 14:56:25,674 INFO [162/343] updated_date=2022-02-02 — 1 files
2026-03-16 14:56:26,599 INFO   162/2228 files | 経過 2.2分 | 残り推定 27.5分
2026-03-16 14:56:26,673 INFO [163/343] updated_date=2022-03-09 — 1 files
2026-03-16 14:56:27,183 INFO   163/2228 files | 経過 2.2分 | 残り推定 27.4分
2026-03-16 14:56:27,278 INFO [164/343] updated_date=2022-04-05 — 1 files
2026-03-16 14:56:27,853 INFO   164/2228 files | 経過 2.2分 | 残り推定 27.4分
2026-03-16 14:56:27,932 INFO [165/343] updated_date=2022-04-06 — 1 files
2026-03-16 14:56:28,387 INFO   165/2228 files | 経過 2.2分 | 残り推定 27.3分
2026-03-16 14:56:28,449 INFO [166/343] updated_date=2022-05-05 — 1 files
2026-03-16 14:56:28,871 INFO   166/2228 files | 経過 2.2分 | 残り推定 27.2分
2026-03-16 14:56:28,932 INFO [167/343] updated_date=2022-05-16 — 1 files
2026-03-16 14:56:29,395 INFO   167/2228 files | 経過 2.2分 | 残り推定 27.1分
2026-03-16 14:56:29,461 INFO [168/343] updated_date=2022-07-29 — 1 files
2026-03-16 14:56:29,842 INFO   168/2228 files | 経過 2.2分 | 残り推定 27.1分
2026-03-16 14:56:29,907 INFO [169/343] updated_date=2022-08-02 — 1 files
2026-03-16 14:56:30,351 INFO   169/2228 files | 経過 2.2分 | 残り推定 27.0分
2026-03-16 14:56:30,434 INFO [170/343] updated_date=2022-08-06 — 1 files
2026-03-16 14:56:30,909 INFO   170/2228 files | 経過 2.2分 | 残り推定 26.9分
2026-03-16 14:56:31,000 INFO [171/343] updated_date=2022-08-07 — 1 files
2026-03-16 14:56:31,548 INFO   171/2228 files | 経過 2.2分 | 残り推定 26.9分
2026-03-16 14:56:31,614 INFO [172/343] updated_date=2022-10-02 — 1 files
2026-03-16 14:56:32,043 INFO   172/2228 files | 経過 2.2分 | 残り推定 26.8分
2026-03-16 14:56:32,114 INFO [173/343] updated_date=2022-11-02 — 1 files
2026-03-16 14:56:32,546 INFO   173/2228 files | 経過 2.3分 | 残り推定 26.7分
2026-03-16 14:56:32,619 INFO [174/343] updated_date=2023-12-11 — 1 files
2026-03-16 14:56:33,499 INFO   174/2228 files | 経過 2.3分 | 残り推定 26.8分
2026-03-16 14:56:33,567 INFO [175/343] updated_date=2024-07-19 — 1 files
2026-03-16 14:56:34,021 INFO   175/2228 files | 経過 2.3分 | 残り推定 26.7分
2026-03-16 14:56:34,086 INFO [176/343] updated_date=2024-11-08 — 1 files
2026-03-16 14:56:34,504 INFO   176/2228 files | 経過 2.3分 | 残り推定 26.6分
2026-03-16 14:56:34,582 INFO [177/343] updated_date=2025-07-15 — 1 files
2026-03-16 14:56:35,093 INFO   177/2228 files | 経過 2.3分 | 残り推定 26.6分
2026-03-16 14:56:35,198 INFO [178/343] updated_date=2025-07-16 — 1 files
2026-03-16 14:56:35,808 INFO   178/2228 files | 経過 2.3分 | 残り推定 26.6分
2026-03-16 14:56:35,892 INFO [179/343] updated_date=2025-07-22 — 1 files
2026-03-16 15:01:23,880 INFO   179/2228 files | 経過 7.1分 | 残り推定 81.4分
2026-03-16 15:01:23,977 INFO [180/343] updated_date=2025-07-23 — 2 files
2026-03-16 17:23:00,490 INFO   181/2228 files | 経過 148.7分 | 残り推定 1681.9分
2026-03-16 17:23:00,714 INFO [181/343] updated_date=2025-07-24 — 1 files
2026-03-16 17:54:26,662 INFO   182/2228 files | 経過 180.2分 | 残り推定 2025.2分
2026-03-16 17:54:27,028 INFO [182/343] updated_date=2025-07-25 — 1 files
2026-03-16 17:58:24,131 INFO   183/2228 files | 経過 184.1分 | 残り推定 2057.4分
2026-03-16 17:58:24,224 INFO [183/343] updated_date=2025-07-26 — 1 files
2026-03-16 18:03:28,886 INFO   184/2228 files | 経過 189.2分 | 残り推定 2101.7分
2026-03-16 18:03:28,975 INFO [184/343] updated_date=2025-07-27 — 1 files
2026-03-16 18:05:43,599 INFO   185/2228 files | 経過 191.4分 | 残り推定 2114.1分
2026-03-16 18:05:43,675 INFO [185/343] updated_date=2025-07-28 — 1 files
2026-03-16 18:09:08,035 INFO   186/2228 files | 経過 194.8分 | 残り推定 2139.1分
2026-03-16 18:09:08,222 INFO [186/343] updated_date=2025-07-29 — 1 files
2026-03-16 18:11:47,113 INFO   187/2228 files | 経過 197.5分 | 残り推定 2155.5分
2026-03-16 18:11:47,224 INFO [187/343] updated_date=2025-07-30 — 1 files
2026-03-16 18:13:21,336 INFO   188/2228 files | 経過 199.1分 | 残り推定 2160.1分
2026-03-16 18:13:21,405 INFO [188/343] updated_date=2025-07-31 — 1 files
2026-03-16 18:14:10,274 INFO   189/2228 files | 経過 199.9分 | 残り推定 2156.4分
2026-03-16 18:14:10,366 INFO [189/343] updated_date=2025-08-04 — 1 files
2026-03-16 18:14:10,869 INFO   190/2228 files | 経過 199.9分 | 残り推定 2144.1分
2026-03-16 18:14:10,934 INFO [190/343] updated_date=2025-08-18 — 1 files
2026-03-16 18:14:15,014 INFO   191/2228 files | 経過 200.0分 | 残り推定 2132.6分
2026-03-16 18:14:15,133 INFO [191/343] updated_date=2025-08-27 — 1 files
2026-03-16 18:14:15,641 INFO   192/2228 files | 経過 200.0分 | 残り推定 2120.5分
2026-03-16 18:14:15,713 INFO [192/343] updated_date=2025-08-28 — 1 files
2026-03-16 18:14:16,251 INFO   193/2228 files | 経過 200.0分 | 残り推定 2108.6分
2026-03-16 18:14:16,334 INFO [193/343] updated_date=2025-08-29 — 1 files
2026-03-16 18:14:16,838 INFO   194/2228 files | 経過 200.0分 | 残り推定 2096.8分
2026-03-16 18:14:16,932 INFO [194/343] updated_date=2025-09-03 — 1 files
2026-03-16 18:14:17,483 INFO   195/2228 files | 経過 200.0分 | 残り推定 2085.1分
2026-03-16 18:14:17,581 INFO [195/343] updated_date=2025-09-08 — 1 files
2026-03-16 18:14:18,103 INFO   196/2228 files | 経過 200.0分 | 残り推定 2073.6分
2026-03-16 18:14:18,174 INFO [196/343] updated_date=2025-09-09 — 1 files
2026-03-16 18:14:18,643 INFO   197/2228 files | 経過 200.0分 | 残り推定 2062.1分
2026-03-16 18:14:18,718 INFO [197/343] updated_date=2025-09-22 — 1 files
2026-03-16 18:14:19,285 INFO   198/2228 files | 経過 200.0分 | 残り推定 2050.8分
2026-03-16 18:14:19,373 INFO [198/343] updated_date=2025-09-23 — 1 files
2026-03-16 18:14:19,867 INFO   199/2228 files | 経過 200.0分 | 残り推定 2039.6分
2026-03-16 18:14:19,947 INFO [199/343] updated_date=2025-09-24 — 1 files
2026-03-16 18:14:20,512 INFO   200/2228 files | 経過 200.1分 | 残り推定 2028.5分
2026-03-16 18:14:20,584 INFO [200/343] updated_date=2025-09-25 — 1 files
2026-03-16 18:14:21,080 INFO   201/2228 files | 経過 200.1分 | 残り推定 2017.5分
2026-03-16 18:14:21,194 INFO [201/343] updated_date=2025-09-26 — 1 files
2026-03-16 18:14:21,897 INFO   202/2228 files | 経過 200.1分 | 残り推定 2006.7分
2026-03-16 18:14:21,987 INFO [202/343] updated_date=2025-09-27 — 1 files
2026-03-16 18:14:22,613 INFO   203/2228 files | 経過 200.1分 | 残り推定 1995.9分
2026-03-16 18:14:22,696 INFO [203/343] updated_date=2025-09-28 — 1 files
2026-03-16 18:14:23,334 INFO   204/2228 files | 経過 200.1分 | 残り推定 1985.3分
2026-03-16 18:14:23,407 INFO [204/343] updated_date=2025-09-29 — 1 files
2026-03-16 18:14:23,881 INFO   205/2228 files | 経過 200.1分 | 残り推定 1974.7分
2026-03-16 18:14:23,956 INFO [205/343] updated_date=2025-09-30 — 1 files
2026-03-16 18:14:24,429 INFO   206/2228 files | 経過 200.1分 | 残り推定 1964.2分
2026-03-16 18:14:24,497 INFO [206/343] updated_date=2025-10-01 — 1 files
2026-03-16 18:14:25,168 INFO   207/2228 files | 経過 200.1分 | 残り推定 1953.9分
2026-03-16 18:14:25,238 INFO [207/343] updated_date=2025-10-02 — 1 files
2026-03-16 18:14:25,894 INFO   208/2228 files | 経過 200.1分 | 残り推定 1943.7分
2026-03-16 18:14:25,981 INFO [208/343] updated_date=2025-10-03 — 1 files
2026-03-16 18:14:26,450 INFO   209/2228 files | 経過 200.1分 | 残り推定 1933.5分
2026-03-16 18:14:26,528 INFO [209/343] updated_date=2025-10-04 — 1 files
2026-03-16 18:14:27,320 INFO   210/2228 files | 経過 200.2分 | 残り推定 1923.5分
2026-03-16 18:14:27,422 INFO [210/343] updated_date=2025-10-05 — 1 files
2026-03-16 18:14:28,150 INFO   211/2228 files | 経過 200.2分 | 残り推定 1913.6分
2026-03-16 18:14:28,266 INFO [211/343] updated_date=2025-10-06 — 1 files
2026-03-16 18:14:29,005 INFO   212/2228 files | 経過 200.2分 | 残り推定 1903.7分
2026-03-16 18:14:29,088 INFO [212/343] updated_date=2025-10-07 — 1 files
2026-03-16 18:14:29,742 INFO   213/2228 files | 経過 200.2分 | 残り推定 1894.0分
2026-03-16 18:14:29,821 INFO [213/343] updated_date=2025-10-08 — 1 files
2026-03-16 18:14:30,443 INFO   214/2228 files | 経過 200.2分 | 残り推定 1884.3分
2026-03-16 18:14:30,521 INFO [214/343] updated_date=2025-10-09 — 1 files
2026-03-16 18:14:32,261 INFO   215/2228 files | 経過 200.2分 | 残り推定 1874.9分
2026-03-16 18:14:32,331 INFO [215/343] updated_date=2025-10-10 — 160 files
2026-03-25 17:49:10,051 INFO ワーカー数: 16 / CPU: 22
2026-03-25 17:49:10,052 INFO Aho-Corasick: 有効 ✓
2026-03-25 17:49:10,650 INFO 母集団: 33978 works
2026-03-25 17:49:10,762 INFO スキャン対象: 901 ファイル
2026-03-25 17:49:10,772 INFO [1/242] updated_date=2016-06-24 — 1 files
2026-03-25 17:49:18,885 INFO   1/901 files | 経過 0.1分 | 残り推定 121.7分
2026-03-25 17:49:18,977 INFO [2/242] updated_date=2016-07-22 — 1 files
2026-03-25 17:49:22,070 INFO   2/901 files | 経過 0.2分 | 残り推定 84.6分
2026-03-25 17:49:22,137 INFO [3/242] updated_date=2016-08-23 — 1 files
2026-03-25 17:49:25,205 INFO   3/901 files | 経過 0.2分 | 残り推定 72.0分
2026-03-25 17:49:25,277 INFO [4/242] updated_date=2016-09-16 — 1 files
2026-03-25 17:49:27,013 INFO   4/901 files | 経過 0.3分 | 残り推定 60.7分
2026-03-25 17:49:27,082 INFO [5/242] updated_date=2016-09-23 — 1 files
2026-03-25 17:49:28,195 INFO   5/901 files | 経過 0.3分 | 残り推定 52.0分
2026-03-25 17:49:28,269 INFO [6/242] updated_date=2016-09-30 — 1 files
2026-03-25 17:49:29,540 INFO   6/901 files | 経過 0.3分 | 残り推定 46.7分
2026-03-25 17:49:29,622 INFO [7/242] updated_date=2016-10-07 — 1 files
2026-03-25 17:49:31,030 INFO   7/901 files | 経過 0.3分 | 残り推定 43.1分
2026-03-25 17:49:31,105 INFO [8/242] updated_date=2016-10-14 — 1 files
2026-03-25 17:49:31,758 INFO   8/901 files | 経過 0.3分 | 残り推定 39.0分
2026-03-25 17:49:31,829 INFO [9/242] updated_date=2016-10-21 — 1 files
2026-03-25 17:49:32,536 INFO   9/901 files | 経過 0.4分 | 残り推定 36.0分
2026-03-25 17:49:32,606 INFO [10/242] updated_date=2016-10-28 — 1 files
2026-03-25 17:49:33,466 INFO   10/901 files | 経過 0.4分 | 残り推定 33.7分
2026-03-25 17:49:33,576 INFO [11/242] updated_date=2016-11-04 — 1 files
2026-03-25 17:49:34,457 INFO   11/901 files | 経過 0.4分 | 残り推定 31.9分
2026-03-25 17:49:34,547 INFO [12/242] updated_date=2016-11-11 — 1 files
2026-03-25 17:49:35,143 INFO   12/901 files | 経過 0.4分 | 残り推定 30.1分
2026-03-25 17:49:35,206 INFO [13/242] updated_date=2016-11-30 — 1 files
2026-03-25 17:49:35,950 INFO   13/901 files | 経過 0.4分 | 残り推定 28.7分
2026-03-25 17:49:36,021 INFO [14/242] updated_date=2016-12-08 — 1 files
2026-03-25 17:49:36,769 INFO   14/901 files | 経過 0.4分 | 残り推定 27.5分
2026-03-25 17:49:36,834 INFO [15/242] updated_date=2016-12-16 — 1 files
2026-03-25 17:49:37,388 INFO   15/901 files | 経過 0.4分 | 残り推定 26.2分
2026-03-25 17:49:37,457 INFO [16/242] updated_date=2017-01-06 — 1 files
2026-03-25 17:49:38,093 INFO   16/901 files | 経過 0.5分 | 残り推定 25.2分
2026-03-25 17:49:38,161 INFO [17/242] updated_date=2017-01-13 — 1 files
2026-03-25 17:49:38,761 INFO   17/901 files | 経過 0.5分 | 残り推定 24.3分
2026-03-25 17:49:38,826 INFO [18/242] updated_date=2017-01-26 — 1 files
2026-03-25 17:49:39,419 INFO   18/901 files | 経過 0.5分 | 残り推定 23.4分
2026-03-25 17:49:39,480 INFO [19/242] updated_date=2017-02-03 — 1 files
2026-03-25 17:49:40,124 INFO   19/901 files | 経過 0.5分 | 残り推定 22.7分
2026-03-25 17:49:40,189 INFO [20/242] updated_date=2017-02-10 — 1 files
2026-03-25 17:49:40,809 INFO   20/901 files | 経過 0.5分 | 残り推定 22.1分
2026-03-25 17:49:40,870 INFO [21/242] updated_date=2017-02-17 — 1 files
2026-03-25 17:49:41,461 INFO   21/901 files | 経過 0.5分 | 残り推定 21.4分
2026-03-25 17:49:41,530 INFO [22/242] updated_date=2017-03-03 — 1 files
2026-03-25 17:49:42,159 INFO   22/901 files | 経過 0.5分 | 残り推定 20.9分
2026-03-25 17:49:42,219 INFO [23/242] updated_date=2017-03-16 — 1 files
2026-03-25 17:49:42,894 INFO   23/901 files | 経過 0.5分 | 残り推定 20.4分
2026-03-25 17:49:42,960 INFO [24/242] updated_date=2017-03-23 — 1 files
2026-03-25 17:49:43,589 INFO   24/901 files | 経過 0.5分 | 残り推定 20.0分
2026-03-25 17:49:43,669 INFO [25/242] updated_date=2017-04-07 — 1 files
2026-03-25 17:49:44,406 INFO   25/901 files | 経過 0.6分 | 残り推定 19.6分
2026-03-25 17:49:44,475 INFO [26/242] updated_date=2017-04-14 — 1 files
2026-03-25 17:49:45,102 INFO   26/901 files | 経過 0.6分 | 残り推定 19.3分
2026-03-25 17:49:45,172 INFO [27/242] updated_date=2017-04-28 — 1 files
2026-03-25 17:49:45,812 INFO   27/901 files | 経過 0.6分 | 残り推定 18.9分
2026-03-25 17:49:45,874 INFO [28/242] updated_date=2017-05-05 — 1 files
2026-03-25 17:49:46,558 INFO   28/901 files | 経過 0.6分 | 残り推定 18.6分
2026-03-25 17:49:46,636 INFO [29/242] updated_date=2017-05-12 — 1 files
2026-03-25 17:49:47,346 INFO   29/901 files | 経過 0.6分 | 残り推定 18.3分
2026-03-25 17:49:47,416 INFO [30/242] updated_date=2017-05-19 — 1 files
2026-03-25 17:49:48,091 INFO   30/901 files | 経過 0.6分 | 残り推定 18.1分
2026-03-25 17:49:48,151 INFO [31/242] updated_date=2017-05-26 — 1 files
2026-03-25 17:49:49,064 INFO   31/901 files | 経過 0.6分 | 残り推定 17.9分
2026-03-25 17:49:49,151 INFO [32/242] updated_date=2017-06-05 — 1 files
2026-03-25 17:49:49,916 INFO   32/901 files | 経過 0.7分 | 残り推定 17.7分
2026-03-25 17:49:49,975 INFO [33/242] updated_date=2017-06-15 — 1 files
2026-03-25 17:49:50,834 INFO   33/901 files | 経過 0.7分 | 残り推定 17.6分
2026-03-25 17:49:50,941 INFO [34/242] updated_date=2017-06-23 — 1 files
2026-03-25 17:49:51,792 INFO   34/901 files | 経過 0.7分 | 残り推定 17.4分
2026-03-25 17:49:51,866 INFO [35/242] updated_date=2017-06-30 — 1 files
2026-03-25 17:49:52,573 INFO   35/901 files | 経過 0.7分 | 残り推定 17.2分
2026-03-25 17:49:52,642 INFO [36/242] updated_date=2017-07-14 — 1 files
2026-03-25 17:49:53,422 INFO   36/901 files | 経過 0.7分 | 残り推定 17.1分
2026-03-25 17:49:53,495 INFO [37/242] updated_date=2017-07-21 — 1 files
2026-03-25 17:49:54,103 INFO   37/901 files | 経過 0.7分 | 残り推定 16.9分
2026-03-25 17:49:54,166 INFO [38/242] updated_date=2017-07-31 — 1 files
2026-03-25 17:49:54,916 INFO   38/901 files | 経過 0.7分 | 残り推定 16.7分
2026-03-25 17:49:54,984 INFO [39/242] updated_date=2017-08-08 — 1 files
2026-03-25 17:49:55,762 INFO   39/901 files | 経過 0.7分 | 残り推定 16.6分
2026-03-25 17:49:55,847 INFO [40/242] updated_date=2017-08-17 — 1 files
2026-03-25 17:49:56,573 INFO   40/901 files | 経過 0.8分 | 残り推定 16.4分
2026-03-25 17:49:56,643 INFO [41/242] updated_date=2017-08-31 — 1 files
2026-03-25 17:49:57,288 INFO   41/901 files | 経過 0.8分 | 残り推定 16.3分
2026-03-25 17:49:57,365 INFO [42/242] updated_date=2017-09-15 — 1 files
2026-03-25 17:49:57,995 INFO   42/901 files | 経過 0.8分 | 残り推定 16.1分
2026-03-25 17:49:58,067 INFO [43/242] updated_date=2017-10-06 — 1 files
2026-03-25 17:49:58,819 INFO   43/901 files | 経過 0.8分 | 残り推定 16.0分
2026-03-25 17:49:58,892 INFO [44/242] updated_date=2017-10-20 — 1 files
2026-03-25 17:49:59,555 INFO   44/901 files | 経過 0.8分 | 残り推定 15.8分
2026-03-25 17:49:59,644 INFO [45/242] updated_date=2017-11-17 — 1 files
2026-03-25 17:50:00,335 INFO   45/901 files | 経過 0.8分 | 残り推定 15.7分
2026-03-25 17:50:00,402 INFO [46/242] updated_date=2017-12-04 — 1 files
2026-03-25 17:50:01,038 INFO   46/901 files | 経過 0.8分 | 残り推定 15.6分
2026-03-25 17:50:01,110 INFO [47/242] updated_date=2017-12-22 — 1 files
2026-03-25 17:50:01,891 INFO   47/901 files | 経過 0.9分 | 残り推定 15.5分
2026-03-25 17:50:01,968 INFO [48/242] updated_date=2018-01-05 — 1 files
2026-03-25 17:50:02,733 INFO   48/901 files | 経過 0.9分 | 残り推定 15.4分
2026-03-25 17:50:02,822 INFO [49/242] updated_date=2018-01-12 — 1 files
2026-03-25 17:50:03,484 INFO   49/901 files | 経過 0.9分 | 残り推定 15.3分
2026-03-25 17:50:03,561 INFO [50/242] updated_date=2018-01-26 — 1 files
2026-03-25 17:50:04,378 INFO   50/901 files | 経過 0.9分 | 残り推定 15.2分
2026-03-25 17:50:04,469 INFO [51/242] updated_date=2018-02-02 — 1 files
2026-03-25 17:50:05,252 INFO   51/901 files | 経過 0.9分 | 残り推定 15.1分
2026-03-25 17:50:05,333 INFO [52/242] updated_date=2018-02-23 — 1 files
2026-03-25 17:50:05,974 INFO   52/901 files | 経過 0.9分 | 残り推定 15.0分
2026-03-25 17:50:06,047 INFO [53/242] updated_date=2018-03-06 — 1 files
2026-03-25 17:50:06,766 INFO   53/901 files | 経過 0.9分 | 残り推定 14.9分
2026-03-25 17:50:06,844 INFO [54/242] updated_date=2018-03-29 — 1 files
2026-03-25 17:50:07,559 INFO   54/901 files | 経過 0.9分 | 残り推定 14.8分
2026-03-25 17:50:07,627 INFO [55/242] updated_date=2018-04-06 — 1 files
2026-03-25 17:50:08,377 INFO   55/901 files | 経過 1.0分 | 残り推定 14.8分
2026-03-25 17:50:08,447 INFO [56/242] updated_date=2018-04-13 — 1 files
2026-03-25 17:50:09,032 INFO   56/901 files | 経過 1.0分 | 残り推定 14.7分
2026-03-25 17:50:09,098 INFO [57/242] updated_date=2018-04-24 — 1 files
2026-03-25 17:50:09,697 INFO   57/901 files | 経過 1.0分 | 残り推定 14.5分
2026-03-25 17:50:09,756 INFO [58/242] updated_date=2018-05-17 — 1 files
2026-03-25 17:50:10,551 INFO   58/901 files | 経過 1.0分 | 残り推定 14.5分
2026-03-25 17:50:10,612 INFO [59/242] updated_date=2018-06-01 — 1 files
2026-03-25 17:50:11,205 INFO   59/901 files | 経過 1.0分 | 残り推定 14.4分
2026-03-25 17:50:11,265 INFO [60/242] updated_date=2018-06-13 — 1 files
2026-03-25 17:50:11,834 INFO   60/901 files | 経過 1.0分 | 残り推定 14.3分
2026-03-25 17:50:11,899 INFO [61/242] updated_date=2018-06-21 — 1 files
2026-03-25 17:50:12,469 INFO   61/901 files | 経過 1.0分 | 残り推定 14.2分
2026-03-25 17:50:12,533 INFO [62/242] updated_date=2018-06-29 — 1 files
2026-03-25 17:50:13,127 INFO   62/901 files | 経過 1.0分 | 残り推定 14.1分
2026-03-25 17:50:13,191 INFO [63/242] updated_date=2018-07-10 — 1 files
2026-03-25 17:50:13,770 INFO   63/901 files | 経過 1.0分 | 残り推定 14.0分
2026-03-25 17:50:13,836 INFO [64/242] updated_date=2018-07-19 — 1 files
2026-03-25 17:50:14,480 INFO   64/901 files | 経過 1.1分 | 残り推定 13.9分
2026-03-25 17:50:14,545 INFO [65/242] updated_date=2018-08-03 — 1 files
2026-03-25 17:50:15,154 INFO   65/901 files | 経過 1.1分 | 残り推定 13.8分
2026-03-25 17:50:15,213 INFO [66/242] updated_date=2018-08-22 — 1 files
2026-03-25 17:50:16,237 INFO   66/901 files | 経過 1.1分 | 残り推定 13.8分
2026-03-25 17:50:16,302 INFO [67/242] updated_date=2018-08-31 — 1 files
2026-03-25 17:50:17,002 INFO   67/901 files | 経過 1.1分 | 残り推定 13.7分
2026-03-25 17:50:17,071 INFO [68/242] updated_date=2018-09-07 — 1 files
2026-03-25 17:50:17,718 INFO   68/901 files | 経過 1.1分 | 残り推定 13.7分
2026-03-25 17:50:17,775 INFO [69/242] updated_date=2018-09-27 — 1 files
2026-03-25 17:50:18,812 INFO   69/901 files | 経過 1.1分 | 残り推定 13.7分
2026-03-25 17:50:18,883 INFO [70/242] updated_date=2018-10-05 — 1 files
2026-03-25 17:50:19,470 INFO   70/901 files | 経過 1.1分 | 残り推定 13.6分
2026-03-25 17:50:19,529 INFO [71/242] updated_date=2018-10-12 — 1 files
2026-03-25 17:50:20,208 INFO   71/901 files | 経過 1.2分 | 残り推定 13.5分
2026-03-25 17:50:20,266 INFO [72/242] updated_date=2018-10-26 — 1 files
2026-03-25 17:50:20,835 INFO   72/901 files | 経過 1.2分 | 残り推定 13.4分
2026-03-25 17:50:20,900 INFO [73/242] updated_date=2018-11-02 — 1 files
2026-03-25 17:50:21,523 INFO   73/901 files | 経過 1.2分 | 残り推定 13.4分
2026-03-25 17:50:21,585 INFO [74/242] updated_date=2018-11-09 — 1 files
2026-03-25 17:50:22,192 INFO   74/901 files | 経過 1.2分 | 残り推定 13.3分
2026-03-25 17:50:22,249 INFO [75/242] updated_date=2018-11-16 — 1 files
2026-03-25 17:50:22,873 INFO   75/901 files | 経過 1.2分 | 残り推定 13.2分
2026-03-25 17:50:22,932 INFO [76/242] updated_date=2018-12-11 — 1 files
2026-03-25 17:50:23,681 INFO   76/901 files | 経過 1.2分 | 残り推定 13.2分
2026-03-25 17:50:23,764 INFO [77/242] updated_date=2018-12-22 — 1 files
2026-03-25 17:50:24,402 INFO   77/901 files | 経過 1.2分 | 残り推定 13.1分
2026-03-25 17:50:24,459 INFO [78/242] updated_date=2019-01-01 — 1 files
2026-03-25 17:50:25,063 INFO   78/901 files | 経過 1.2分 | 残り推定 13.1分
2026-03-25 17:50:25,124 INFO [79/242] updated_date=2019-01-11 — 1 files
2026-03-25 17:50:25,749 INFO   79/901 files | 経過 1.2分 | 残り推定 13.0分
2026-03-25 17:50:25,806 INFO [80/242] updated_date=2019-01-25 — 1 files
2026-03-25 17:50:26,394 INFO   80/901 files | 経過 1.3分 | 残り推定 12.9分
2026-03-25 17:50:26,447 INFO [81/242] updated_date=2019-02-21 — 1 files
2026-03-25 17:50:27,145 INFO   81/901 files | 経過 1.3分 | 残り推定 12.9分
2026-03-25 17:50:27,210 INFO [82/242] updated_date=2019-03-02 — 1 files
2026-03-25 17:50:27,811 INFO   82/901 files | 経過 1.3分 | 残り推定 12.8分
2026-03-25 17:50:27,873 INFO [83/242] updated_date=2019-03-11 — 1 files
2026-03-25 17:50:28,418 INFO   83/901 files | 経過 1.3分 | 残り推定 12.8分
2026-03-25 17:50:28,485 INFO [84/242] updated_date=2019-03-22 — 1 files
2026-03-25 17:50:29,127 INFO   84/901 files | 経過 1.3分 | 残り推定 12.7分
2026-03-25 17:50:29,188 INFO [85/242] updated_date=2019-04-01 — 1 files
2026-03-25 17:50:29,775 INFO   85/901 files | 経過 1.3分 | 残り推定 12.6分
2026-03-25 17:50:29,837 INFO [86/242] updated_date=2019-04-11 — 1 files
2026-03-25 17:50:30,428 INFO   86/901 files | 経過 1.3分 | 残り推定 12.6分
2026-03-25 17:50:30,482 INFO [87/242] updated_date=2019-04-25 — 1 files
2026-03-25 17:50:31,153 INFO   87/901 files | 経過 1.3分 | 残り推定 12.5分
2026-03-25 17:50:31,216 INFO [88/242] updated_date=2019-05-03 — 1 files
2026-03-25 17:50:31,803 INFO   88/901 files | 経過 1.4分 | 残り推定 12.5分
2026-03-25 17:50:31,863 INFO [89/242] updated_date=2019-05-09 — 1 files
2026-03-25 17:50:32,520 INFO   89/901 files | 経過 1.4分 | 残り推定 12.4分
2026-03-25 17:50:32,575 INFO [90/242] updated_date=2019-05-29 — 1 files
2026-03-25 17:50:33,270 INFO   90/901 files | 経過 1.4分 | 残り推定 12.4分
2026-03-25 17:50:33,343 INFO [91/242] updated_date=2019-06-07 — 1 files
2026-03-25 17:50:34,126 INFO   91/901 files | 経過 1.4分 | 残り推定 12.4分
2026-03-25 17:50:34,201 INFO [92/242] updated_date=2019-06-14 — 1 files
2026-03-25 17:50:34,784 INFO   92/901 files | 経過 1.4分 | 残り推定 12.3分
2026-03-25 17:50:34,853 INFO [93/242] updated_date=2019-06-27 — 1 files
2026-03-25 17:50:35,524 INFO   93/901 files | 経過 1.4分 | 残り推定 12.3分
2026-03-25 17:50:35,594 INFO [94/242] updated_date=2019-07-12 — 1 files
2026-03-25 17:50:36,219 INFO   94/901 files | 経過 1.4分 | 残り推定 12.2分
2026-03-25 17:50:36,288 INFO [95/242] updated_date=2019-07-23 — 1 files
2026-03-25 17:50:36,927 INFO   95/901 files | 経過 1.4分 | 残り推定 12.2分
2026-03-25 17:50:36,994 INFO [96/242] updated_date=2019-08-13 — 1 files
2026-03-25 17:50:37,572 INFO   96/901 files | 経過 1.4分 | 残り推定 12.1分
2026-03-25 17:50:37,637 INFO [97/242] updated_date=2019-08-22 — 1 files
2026-03-25 17:50:38,304 INFO   97/901 files | 経過 1.5分 | 残り推定 12.1分
2026-03-25 17:50:38,363 INFO [98/242] updated_date=2019-09-12 — 1 files
2026-03-25 17:50:38,921 INFO   98/901 files | 経過 1.5分 | 残り推定 12.0分
2026-03-25 17:50:38,975 INFO [99/242] updated_date=2019-09-26 — 1 files
2026-03-25 17:50:39,537 INFO   99/901 files | 経過 1.5分 | 残り推定 12.0分
2026-03-25 17:50:39,598 INFO [100/242] updated_date=2019-10-10 — 1 files
2026-03-25 17:50:40,210 INFO   100/901 files | 経過 1.5分 | 残り推定 11.9分
2026-03-25 17:50:40,275 INFO [101/242] updated_date=2019-10-18 — 1 files
2026-03-25 17:50:40,852 INFO   101/901 files | 経過 1.5分 | 残り推定 11.9分
2026-03-25 17:50:40,920 INFO [102/242] updated_date=2019-10-25 — 1 files
2026-03-25 17:50:41,638 INFO   102/901 files | 経過 1.5分 | 残り推定 11.9分
2026-03-25 17:50:41,711 INFO [103/242] updated_date=2019-11-08 — 1 files
2026-03-25 17:50:42,326 INFO   103/901 files | 経過 1.5分 | 残り推定 11.8分
2026-03-25 17:50:42,395 INFO [104/242] updated_date=2019-11-22 — 1 files
2026-03-25 17:50:43,072 INFO   104/901 files | 経過 1.5分 | 残り推定 11.8分
2026-03-25 17:50:43,135 INFO [105/242] updated_date=2019-12-05 — 1 files
2026-03-25 17:50:43,670 INFO   105/901 files | 経過 1.5分 | 残り推定 11.7分
2026-03-25 17:50:43,723 INFO [106/242] updated_date=2019-12-13 — 1 files
2026-03-25 17:50:44,414 INFO   106/901 files | 経過 1.6分 | 残り推定 11.7分
2026-03-25 17:50:44,478 INFO [107/242] updated_date=2020-01-10 — 1 files
2026-03-25 17:50:45,084 INFO   107/901 files | 経過 1.6分 | 残り推定 11.7分
2026-03-25 17:50:45,157 INFO [108/242] updated_date=2020-01-23 — 1 files
2026-03-25 17:50:45,807 INFO   108/901 files | 経過 1.6分 | 残り推定 11.6分
2026-03-25 17:50:45,887 INFO [109/242] updated_date=2020-01-30 — 1 files
2026-03-25 17:50:46,531 INFO   109/901 files | 経過 1.6分 | 残り推定 11.6分
2026-03-25 17:50:46,608 INFO [110/242] updated_date=2020-02-14 — 1 files
2026-03-25 17:50:47,180 INFO   110/901 files | 経過 1.6分 | 残り推定 11.6分
2026-03-25 17:50:47,242 INFO [111/242] updated_date=2020-02-24 — 1 files
2026-03-25 17:50:47,824 INFO   111/901 files | 経過 1.6分 | 残り推定 11.5分
2026-03-25 17:50:47,897 INFO [112/242] updated_date=2020-03-06 — 1 files
2026-03-25 17:50:48,450 INFO   112/901 files | 経過 1.6分 | 残り推定 11.5分
2026-03-25 17:50:48,511 INFO [113/242] updated_date=2020-03-23 — 1 files
2026-03-25 17:50:49,143 INFO   113/901 files | 経過 1.6分 | 残り推定 11.4分
2026-03-25 17:50:49,210 INFO [114/242] updated_date=2020-03-27 — 1 files
2026-03-25 17:50:49,760 INFO   114/901 files | 経過 1.6分 | 残り推定 11.4分
2026-03-25 17:50:49,814 INFO [115/242] updated_date=2020-04-03 — 1 files
2026-03-25 17:50:50,487 INFO   115/901 files | 経過 1.7分 | 残り推定 11.4分
2026-03-25 17:50:50,560 INFO [116/242] updated_date=2020-05-13 — 1 files
2026-03-25 17:50:51,499 INFO   116/901 files | 経過 1.7分 | 残り推定 11.4分
2026-03-25 17:50:51,599 INFO [117/242] updated_date=2020-05-21 — 1 files
2026-03-25 17:50:52,281 INFO   117/901 files | 経過 1.7分 | 残り推定 11.3分
2026-03-25 17:50:52,353 INFO [118/242] updated_date=2020-05-29 — 1 files
2026-03-25 17:50:53,023 INFO   118/901 files | 経過 1.7分 | 残り推定 11.3分
2026-03-25 17:50:53,093 INFO [119/242] updated_date=2020-06-05 — 1 files
2026-03-25 17:50:53,798 INFO   119/901 files | 経過 1.7分 | 残り推定 11.3分
2026-03-25 17:50:53,869 INFO [120/242] updated_date=2020-06-12 — 1 files
2026-03-25 17:50:54,446 INFO   120/901 files | 経過 1.7分 | 残り推定 11.2分
2026-03-25 17:50:54,514 INFO [121/242] updated_date=2020-06-19 — 1 files
2026-03-25 17:50:55,138 INFO   121/901 files | 経過 1.7分 | 残り推定 11.2分
2026-03-25 17:50:55,208 INFO [122/242] updated_date=2020-07-16 — 1 files
2026-03-25 17:50:55,932 INFO   122/901 files | 経過 1.8分 | 残り推定 11.2分
2026-03-25 17:50:56,005 INFO [123/242] updated_date=2020-07-23 — 1 files
2026-03-25 17:50:56,604 INFO   123/901 files | 経過 1.8分 | 残り推定 11.2分
2026-03-25 17:50:56,677 INFO [124/242] updated_date=2020-07-29 — 1 files
2026-03-25 17:50:57,420 INFO   124/901 files | 経過 1.8分 | 残り推定 11.1分
2026-03-25 17:50:57,493 INFO [125/242] updated_date=2020-08-10 — 1 files
2026-03-25 17:50:58,101 INFO   125/901 files | 経過 1.8分 | 残り推定 11.1分
2026-03-25 17:50:58,195 INFO [126/242] updated_date=2020-08-21 — 1 files
2026-03-25 17:50:58,870 INFO   126/901 files | 経過 1.8分 | 残り推定 11.1分
2026-03-25 17:50:58,948 INFO [127/242] updated_date=2020-08-24 — 1 files
2026-03-25 17:50:59,579 INFO   127/901 files | 経過 1.8分 | 残り推定 11.1分
2026-03-25 17:50:59,656 INFO [128/242] updated_date=2020-09-01 — 1 files
2026-03-25 17:51:00,291 INFO   128/901 files | 経過 1.8分 | 残り推定 11.0分
2026-03-25 17:51:00,362 INFO [129/242] updated_date=2020-09-08 — 1 files
2026-03-25 17:51:01,034 INFO   129/901 files | 経過 1.8分 | 残り推定 11.0分
2026-03-25 17:51:01,115 INFO [130/242] updated_date=2020-09-14 — 1 files
2026-03-25 17:51:01,793 INFO   130/901 files | 経過 1.9分 | 残り推定 11.0分
2026-03-25 17:51:01,860 INFO [131/242] updated_date=2020-09-21 — 1 files
2026-03-25 17:51:02,552 INFO   131/901 files | 経過 1.9分 | 残り推定 11.0分
2026-03-25 17:51:02,627 INFO [132/242] updated_date=2020-09-25 — 1 files
2026-03-25 17:51:03,214 INFO   132/901 files | 経過 1.9分 | 残り推定 10.9分
2026-03-25 17:51:03,290 INFO [133/242] updated_date=2020-10-01 — 1 files
2026-03-25 17:51:03,883 INFO   133/901 files | 経過 1.9分 | 残り推定 10.9分
2026-03-25 17:51:03,952 INFO [134/242] updated_date=2020-10-15 — 1 files
2026-03-25 17:51:04,597 INFO   134/901 files | 経過 1.9分 | 残り推定 10.9分
2026-03-25 17:51:04,666 INFO [135/242] updated_date=2020-10-22 — 1 files
2026-03-25 17:51:05,306 INFO   135/901 files | 経過 1.9分 | 残り推定 10.8分
2026-03-25 17:51:05,386 INFO [136/242] updated_date=2020-10-29 — 1 files
2026-03-25 17:51:06,004 INFO   136/901 files | 経過 1.9分 | 残り推定 10.8分
2026-03-25 17:51:06,072 INFO [137/242] updated_date=2020-11-09 — 1 files
2026-03-25 17:51:06,713 INFO   137/901 files | 経過 1.9分 | 残り推定 10.8分
2026-03-25 17:51:06,785 INFO [138/242] updated_date=2020-11-23 — 1 files
2026-03-25 17:51:07,453 INFO   138/901 files | 経過 1.9分 | 残り推定 10.8分
2026-03-25 17:51:07,523 INFO [139/242] updated_date=2020-12-07 — 1 files
2026-03-25 17:51:08,102 INFO   139/901 files | 経過 2.0分 | 残り推定 10.7分
2026-03-25 17:51:08,167 INFO [140/242] updated_date=2020-12-21 — 1 files
2026-03-25 17:51:09,056 INFO   140/901 files | 経過 2.0分 | 残り推定 10.7分
2026-03-25 17:51:09,127 INFO [141/242] updated_date=2021-01-05 — 1 files
2026-03-25 17:51:09,816 INFO   141/901 files | 経過 2.0分 | 残り推定 10.7分
2026-03-25 17:51:09,890 INFO [142/242] updated_date=2021-01-18 — 1 files
2026-03-25 17:51:10,594 INFO   142/901 files | 経過 2.0分 | 残り推定 10.7分
2026-03-25 17:51:10,667 INFO [143/242] updated_date=2021-02-01 — 1 files
2026-03-25 17:51:11,347 INFO   143/901 files | 経過 2.0分 | 残り推定 10.7分
2026-03-25 17:51:11,419 INFO [144/242] updated_date=2021-02-15 — 1 files
2026-03-25 17:51:12,108 INFO   144/901 files | 経過 2.0分 | 残り推定 10.6分
2026-03-25 17:51:12,193 INFO [145/242] updated_date=2021-03-01 — 1 files
2026-03-25 17:51:13,074 INFO   145/901 files | 経過 2.0分 | 残り推定 10.6分
2026-03-25 17:51:13,161 INFO [146/242] updated_date=2021-03-15 — 1 files
2026-03-25 17:51:13,857 INFO   146/901 files | 経過 2.1分 | 残り推定 10.6分
2026-03-25 17:51:13,925 INFO [147/242] updated_date=2021-04-13 — 1 files
2026-03-25 17:51:14,701 INFO   147/901 files | 経過 2.1分 | 残り推定 10.6分
2026-03-25 17:51:14,768 INFO [148/242] updated_date=2021-05-10 — 1 files
2026-03-25 17:51:15,437 INFO   148/901 files | 経過 2.1分 | 残り推定 10.6分
2026-03-25 17:51:15,520 INFO [149/242] updated_date=2021-05-24 — 1 files
2026-03-25 17:51:16,207 INFO   149/901 files | 経過 2.1分 | 残り推定 10.6分
2026-03-25 17:51:16,290 INFO [150/242] updated_date=2021-06-07 — 1 files
2026-03-25 17:51:17,074 INFO   150/901 files | 経過 2.1分 | 残り推定 10.5分
2026-03-25 17:51:17,148 INFO [151/242] updated_date=2021-06-22 — 1 files
2026-03-25 17:51:18,047 INFO   151/901 files | 経過 2.1分 | 残り推定 10.5分
2026-03-25 17:51:18,138 INFO [152/242] updated_date=2021-07-05 — 1 files
2026-03-25 17:51:18,860 INFO   152/901 files | 経過 2.1分 | 残り推定 10.5分
2026-03-25 17:51:18,949 INFO [153/242] updated_date=2021-07-19 — 1 files
2026-03-25 17:51:19,634 INFO   153/901 files | 経過 2.1分 | 残り推定 10.5分
2026-03-25 17:51:19,723 INFO [154/242] updated_date=2021-08-02 — 1 files
2026-03-25 17:51:20,348 INFO   154/901 files | 経過 2.2分 | 残り推定 10.5分
2026-03-25 17:51:20,425 INFO [155/242] updated_date=2021-08-16 — 1 files
2026-03-25 17:51:21,086 INFO   155/901 files | 経過 2.2分 | 残り推定 10.5分
2026-03-25 17:51:21,151 INFO [156/242] updated_date=2021-08-30 — 1 files
2026-03-25 17:51:21,742 INFO   156/901 files | 経過 2.2分 | 残り推定 10.4分
2026-03-25 17:51:21,809 INFO [157/242] updated_date=2021-09-27 — 1 files
2026-03-25 17:51:22,477 INFO   157/901 files | 経過 2.2分 | 残り推定 10.4分
2026-03-25 17:51:22,551 INFO [158/242] updated_date=2021-10-11 — 1 files
2026-03-25 17:51:23,169 INFO   158/901 files | 経過 2.2分 | 残り推定 10.4分
2026-03-25 17:51:23,242 INFO [159/242] updated_date=2021-11-04 — 1 files
2026-03-25 17:51:25,750 INFO   159/901 files | 経過 2.2分 | 残り推定 10.5分
2026-03-25 17:51:25,826 INFO [160/242] updated_date=2021-12-23 — 1 files
2026-03-25 17:51:26,717 INFO   160/901 files | 経過 2.3分 | 残り推定 10.5分
2026-03-25 17:51:26,803 INFO [161/242] updated_date=2022-02-01 — 1 files
2026-03-25 17:51:27,566 INFO   161/901 files | 経過 2.3分 | 残り推定 10.5分
2026-03-25 17:51:27,650 INFO [162/242] updated_date=2022-02-02 — 1 files
2026-03-25 17:51:28,758 INFO   162/901 files | 経過 2.3分 | 残り推定 10.5分
2026-03-25 17:51:28,838 INFO [163/242] updated_date=2022-03-09 — 1 files
2026-03-25 17:51:29,431 INFO   163/901 files | 経過 2.3分 | 残り推定 10.5分
2026-03-25 17:51:29,502 INFO [164/242] updated_date=2022-04-05 — 1 files
2026-03-25 17:51:30,130 INFO   164/901 files | 経過 2.3分 | 残り推定 10.4分
2026-03-25 17:51:30,207 INFO [165/242] updated_date=2022-04-06 — 1 files
2026-03-25 17:51:30,900 INFO   165/901 files | 経過 2.3分 | 残り推定 10.4分
2026-03-25 17:51:30,968 INFO [166/242] updated_date=2022-05-05 — 1 files
2026-03-25 17:51:31,677 INFO   166/901 files | 経過 2.3分 | 残り推定 10.4分
2026-03-25 17:51:31,744 INFO [167/242] updated_date=2022-05-16 — 1 files
2026-03-25 17:51:32,439 INFO   167/901 files | 経過 2.4分 | 残り推定 10.4分
2026-03-25 17:51:32,512 INFO [168/242] updated_date=2022-07-29 — 1 files
2026-03-25 17:51:33,168 INFO   168/901 files | 経過 2.4分 | 残り推定 10.4分
2026-03-25 17:51:33,240 INFO [169/242] updated_date=2022-08-02 — 1 files
2026-03-25 17:51:33,895 INFO   169/901 files | 経過 2.4分 | 残り推定 10.3分
2026-03-25 17:51:33,966 INFO [170/242] updated_date=2022-08-06 — 1 files
2026-03-25 17:51:34,562 INFO   170/901 files | 経過 2.4分 | 残り推定 10.3分
2026-03-25 17:51:34,632 INFO [171/242] updated_date=2022-08-07 — 1 files
2026-03-25 17:51:35,287 INFO   171/901 files | 経過 2.4分 | 残り推定 10.3分
2026-03-25 17:51:35,346 INFO [172/242] updated_date=2022-10-02 — 1 files
2026-03-25 17:51:35,908 INFO   172/901 files | 経過 2.4分 | 残り推定 10.3分
2026-03-25 17:51:35,976 INFO [173/242] updated_date=2022-11-02 — 1 files
2026-03-25 17:51:36,644 INFO   173/901 files | 経過 2.4分 | 残り推定 10.2分
2026-03-25 17:51:36,715 INFO [174/242] updated_date=2023-12-11 — 1 files
2026-03-25 17:51:37,720 INFO   174/901 files | 経過 2.4分 | 残り推定 10.2分
2026-03-25 17:51:37,792 INFO [175/242] updated_date=2024-07-19 — 1 files
2026-03-25 17:51:38,475 INFO   175/901 files | 経過 2.5分 | 残り推定 10.2分
2026-03-25 17:51:38,561 INFO [176/242] updated_date=2024-11-08 — 1 files
2026-03-25 17:51:39,313 INFO   176/901 files | 経過 2.5分 | 残り推定 10.2分
2026-03-25 17:51:39,398 INFO [177/242] updated_date=2025-07-15 — 1 files
2026-03-25 17:51:40,079 INFO   177/901 files | 経過 2.5分 | 残り推定 10.2分
2026-03-25 17:51:40,164 INFO [178/242] updated_date=2025-07-16 — 1 files
2026-03-25 17:51:40,816 INFO   178/901 files | 経過 2.5分 | 残り推定 10.2分
2026-03-25 17:51:40,915 INFO [179/242] updated_date=2025-07-22 — 1 files
2026-03-25 17:54:14,894 INFO   179/901 files | 経過 5.1分 | 残り推定 20.4分
2026-03-25 17:54:14,970 INFO [180/242] updated_date=2025-07-23 — 2 files
2026-03-25 19:37:01,311 INFO   181/901 files | 経過 107.8分 | 残り推定 429.0分
2026-03-25 19:37:01,642 INFO [181/242] updated_date=2025-07-24 — 1 files
2026-03-25 20:04:05,261 INFO   182/901 files | 経過 134.9分 | 残り推定 533.0分
2026-03-25 20:04:05,416 INFO [182/242] updated_date=2025-07-25 — 1 files
2026-03-25 20:07:09,610 INFO   183/901 files | 経過 138.0分 | 残り推定 541.4分
2026-03-25 20:07:09,818 INFO [183/242] updated_date=2025-07-26 — 1 files
2026-03-25 20:11:00,329 INFO   184/901 files | 経過 141.8分 | 残り推定 552.7分
2026-03-25 20:11:00,430 INFO [184/242] updated_date=2025-07-27 — 1 files
2026-03-25 20:12:39,426 INFO   185/901 files | 経過 143.5分 | 残り推定 555.3分
2026-03-25 20:12:39,515 INFO [185/242] updated_date=2025-07-28 — 1 files
2026-03-25 20:14:47,860 INFO   186/901 files | 経過 145.6分 | 残り推定 559.8分
2026-03-25 20:14:48,005 INFO [186/242] updated_date=2025-07-29 — 1 files
2026-03-25 20:16:23,803 INFO   187/901 files | 経過 147.2分 | 残り推定 562.1分
2026-03-25 20:16:23,910 INFO [187/242] updated_date=2025-07-30 — 1 files
2026-03-25 20:17:20,235 INFO   188/901 files | 経過 148.2分 | 残り推定 561.9分
2026-03-25 20:17:20,345 INFO [188/242] updated_date=2025-07-31 — 1 files
2026-03-25 20:18:03,838 INFO   189/901 files | 経過 148.9分 | 残り推定 560.9分
2026-03-25 20:18:03,954 INFO [189/242] updated_date=2025-08-04 — 1 files
2026-03-25 20:18:04,967 INFO   190/901 files | 経過 148.9分 | 残り推定 557.2分
2026-03-25 20:18:05,138 INFO [190/242] updated_date=2025-08-18 — 1 files
2026-03-25 20:18:09,492 INFO   191/901 files | 経過 149.0分 | 残り推定 553.8分
2026-03-25 20:18:09,561 INFO [191/242] updated_date=2025-08-27 — 1 files
2026-03-25 20:18:10,306 INFO   192/901 files | 経過 149.0分 | 残り推定 550.2分
2026-03-25 20:18:10,388 INFO [192/242] updated_date=2025-08-28 — 1 files
2026-03-25 20:18:11,108 INFO   193/901 files | 経過 149.0分 | 残り推定 546.6分
2026-03-25 20:18:11,193 INFO [193/242] updated_date=2025-08-29 — 1 files
2026-03-25 20:18:11,947 INFO   194/901 files | 経過 149.0分 | 残り推定 543.1分
2026-03-25 20:18:12,052 INFO [194/242] updated_date=2025-09-03 — 1 files
2026-03-25 20:18:12,997 INFO   195/901 files | 経過 149.0分 | 残り推定 539.6分
2026-03-25 20:18:13,097 INFO [195/242] updated_date=2025-09-08 — 1 files
2026-03-25 20:18:14,032 INFO   196/901 files | 経過 149.1分 | 残り推定 536.1分
2026-03-25 20:18:14,123 INFO [196/242] updated_date=2025-09-09 — 1 files
2026-03-25 20:18:14,882 INFO   197/901 files | 経過 149.1分 | 残り推定 532.7分
2026-03-25 20:18:14,971 INFO [197/242] updated_date=2025-09-22 — 1 files
2026-03-25 20:18:15,772 INFO   198/901 files | 経過 149.1分 | 残り推定 529.3分
2026-03-25 20:18:15,849 INFO [198/242] updated_date=2025-09-23 — 1 files
2026-03-25 20:18:16,653 INFO   199/901 files | 経過 149.1分 | 残り推定 526.0分
2026-03-25 20:18:16,724 INFO [199/242] updated_date=2025-09-24 — 1 files
2026-03-25 20:18:17,549 INFO   200/901 files | 経過 149.1分 | 残り推定 522.6分
2026-03-25 20:18:17,644 INFO [200/242] updated_date=2025-09-25 — 1 files
2026-03-25 20:18:18,353 INFO   201/901 files | 経過 149.1分 | 残り推定 519.3分
2026-03-25 20:18:18,440 INFO [201/242] updated_date=2025-09-26 — 1 files
2026-03-25 20:18:19,299 INFO   202/901 files | 経過 149.1分 | 残り推定 516.1分
2026-03-25 20:18:19,370 INFO [202/242] updated_date=2025-09-27 — 1 files
2026-03-25 20:18:20,238 INFO   203/901 files | 経過 149.2分 | 残り推定 512.9分
2026-03-25 20:18:20,317 INFO [203/242] updated_date=2025-09-28 — 1 files
2026-03-25 20:18:21,164 INFO   204/901 files | 経過 149.2分 | 残り推定 509.7分
2026-03-25 20:18:21,260 INFO [204/242] updated_date=2025-09-29 — 1 files
2026-03-25 20:18:22,192 INFO   205/901 files | 経過 149.2分 | 残り推定 506.5分
2026-03-25 20:18:22,281 INFO [205/242] updated_date=2025-09-30 — 1 files
2026-03-25 20:18:23,215 INFO   206/901 files | 経過 149.2分 | 残り推定 503.4分
2026-03-25 20:18:23,321 INFO [206/242] updated_date=2025-10-01 — 1 files
2026-03-25 20:18:24,234 INFO   207/901 files | 経過 149.2分 | 残り推定 500.3分
2026-03-25 20:18:24,333 INFO [207/242] updated_date=2025-10-02 — 1 files
2026-03-25 20:18:25,342 INFO   208/901 files | 経過 149.2分 | 残り推定 497.2分
2026-03-25 20:18:25,418 INFO [208/242] updated_date=2025-10-03 — 1 files
2026-03-25 20:18:26,199 INFO   209/901 files | 経過 149.3分 | 残り推定 494.2分
2026-03-25 20:18:26,287 INFO [209/242] updated_date=2025-10-04 — 1 files
2026-03-25 20:18:27,154 INFO   210/901 files | 経過 149.3分 | 残り推定 491.2分
2026-03-25 20:18:27,253 INFO [210/242] updated_date=2025-10-05 — 1 files
2026-03-25 20:18:28,071 INFO   211/901 files | 経過 149.3分 | 残り推定 488.2分
2026-03-25 20:18:28,189 INFO [211/242] updated_date=2025-10-06 — 1 files
2026-03-25 20:18:29,269 INFO   212/901 files | 経過 149.3分 | 残り推定 485.3分
2026-03-25 20:18:29,360 INFO [212/242] updated_date=2025-10-07 — 1 files
2026-03-25 20:18:30,317 INFO   213/901 files | 経過 149.3分 | 残り推定 482.3分
2026-03-25 20:18:30,410 INFO [213/242] updated_date=2025-10-08 — 1 files
2026-03-25 20:18:31,486 INFO   214/901 files | 経過 149.3分 | 残り推定 479.4分
2026-03-25 20:18:31,597 INFO [214/242] updated_date=2025-10-09 — 1 files
2026-03-25 20:18:33,631 INFO   215/901 files | 経過 149.4分 | 残り推定 476.6分
2026-03-25 20:18:33,750 INFO [215/242] updated_date=2025-10-10 — 160 files
2026-03-25 22:04:09,210 INFO ワーカー数: 16 / CPU: 22
2026-03-25 22:04:09,212 INFO Aho-Corasick: 有効 ✓
2026-03-25 22:04:09,927 INFO 母集団: 33978 works
2026-03-25 22:04:09,952 INFO スキャン対象: 901 ファイル
2026-03-25 22:04:09,959 INFO [1/242] updated_date=2016-06-24 — 1 files
2026-03-25 22:04:19,753 INFO   1/901 files | 経過 0.2分 | 残り推定 146.9分
2026-03-25 22:04:19,834 INFO [2/242] updated_date=2016-07-22 — 1 files
2026-03-25 22:04:23,092 INFO   2/901 files | 経過 0.2分 | 残り推定 98.4分
2026-03-25 22:04:23,253 INFO [3/242] updated_date=2016-08-23 — 1 files
2026-03-25 22:04:27,177 INFO   3/901 files | 経過 0.3分 | 残り推定 85.9分
2026-03-25 22:04:27,260 INFO [4/242] updated_date=2016-09-16 — 1 files
2026-03-25 22:04:28,959 INFO   4/901 files | 経過 0.3分 | 残り推定 71.0分
2026-03-25 22:04:29,043 INFO [5/242] updated_date=2016-09-23 — 1 files
2026-03-25 22:04:30,327 INFO   5/901 files | 経過 0.3分 | 残り推定 60.8分
2026-03-25 22:04:30,396 INFO [6/242] updated_date=2016-09-30 — 1 files
2026-03-25 22:04:31,751 INFO   6/901 files | 経過 0.4分 | 残り推定 54.2分
2026-03-25 22:04:31,825 INFO [7/242] updated_date=2016-10-07 — 1 files
2026-03-25 22:04:33,300 INFO   7/901 files | 経過 0.4分 | 残り推定 49.7分
2026-03-25 22:04:33,379 INFO [8/242] updated_date=2016-10-14 — 1 files
2026-03-25 22:04:34,036 INFO   8/901 files | 経過 0.4分 | 残り推定 44.8分
2026-03-25 22:04:34,110 INFO [9/242] updated_date=2016-10-21 — 1 files
2026-03-25 22:04:34,786 INFO   9/901 files | 経過 0.4分 | 残り推定 41.0分
2026-03-25 22:04:34,862 INFO [10/242] updated_date=2016-10-28 — 1 files
2026-03-25 22:04:35,688 INFO   10/901 files | 経過 0.4分 | 残り推定 38.2分
2026-03-25 22:04:35,759 INFO [11/242] updated_date=2016-11-04 — 1 files
2026-03-25 22:04:36,445 INFO   11/901 files | 経過 0.4分 | 残り推定 35.7分
2026-03-25 22:04:36,577 INFO [12/242] updated_date=2016-11-11 — 1 files
2026-03-25 22:04:37,270 INFO   12/901 files | 経過 0.5分 | 残り推定 33.7分
2026-03-25 22:04:37,343 INFO [13/242] updated_date=2016-11-30 — 1 files
2026-03-25 22:04:38,163 INFO   13/901 files | 経過 0.5分 | 残り推定 32.1分
2026-03-25 22:04:38,242 INFO [14/242] updated_date=2016-12-08 — 1 files
2026-03-25 22:04:39,036 INFO   14/901 files | 経過 0.5分 | 残り推定 30.7分
2026-03-25 22:04:39,106 INFO [15/242] updated_date=2016-12-16 — 1 files
2026-03-25 22:04:39,793 INFO   15/901 files | 経過 0.5分 | 残り推定 29.4分
2026-03-25 22:04:39,873 INFO [16/242] updated_date=2017-01-06 — 1 files
2026-03-25 22:04:40,803 INFO   16/901 files | 経過 0.5分 | 残り推定 28.4分
2026-03-25 22:04:40,913 INFO [17/242] updated_date=2017-01-13 — 1 files
2026-03-25 22:04:41,809 INFO   17/901 files | 経過 0.5分 | 残り推定 27.6分
2026-03-25 22:04:41,904 INFO [18/242] updated_date=2017-01-26 — 1 files
2026-03-25 22:04:42,647 INFO   18/901 files | 経過 0.5分 | 残り推定 26.7分
2026-03-25 22:04:42,730 INFO [19/242] updated_date=2017-02-03 — 1 files
2026-03-25 22:04:43,498 INFO   19/901 files | 経過 0.6分 | 残り推定 25.9分
2026-03-25 22:04:43,576 INFO [20/242] updated_date=2017-02-10 — 1 files
2026-03-25 22:04:44,327 INFO   20/901 files | 経過 0.6分 | 残り推定 25.2分
2026-03-25 22:04:44,405 INFO [21/242] updated_date=2017-02-17 — 1 files
2026-03-25 22:04:45,152 INFO   21/901 files | 経過 0.6分 | 残り推定 24.6分
2026-03-25 22:04:45,239 INFO [22/242] updated_date=2017-03-03 — 1 files
2026-03-25 22:04:45,940 INFO   22/901 files | 経過 0.6分 | 残り推定 24.0分
2026-03-25 22:04:46,024 INFO [23/242] updated_date=2017-03-16 — 1 files
2026-03-25 22:04:46,951 INFO   23/901 files | 経過 0.6分 | 残り推定 23.5分
2026-03-25 22:04:47,045 INFO [24/242] updated_date=2017-03-23 — 1 files
2026-03-25 22:04:47,883 INFO   24/901 files | 経過 0.6分 | 残り推定 23.1分
2026-03-25 22:04:47,972 INFO [25/242] updated_date=2017-04-07 — 1 files
2026-03-25 22:04:48,925 INFO   25/901 files | 経過 0.6分 | 残り推定 22.8分
2026-03-25 22:04:49,003 INFO [26/242] updated_date=2017-04-14 — 1 files
2026-03-25 22:04:49,777 INFO   26/901 files | 経過 0.7分 | 残り推定 22.3分
2026-03-25 22:04:49,863 INFO [27/242] updated_date=2017-04-28 — 1 files
2026-03-25 22:04:50,697 INFO   27/901 files | 経過 0.7分 | 残り推定 22.0分
2026-03-25 22:04:50,792 INFO [28/242] updated_date=2017-05-05 — 1 files
2026-03-25 22:04:51,725 INFO   28/901 files | 経過 0.7分 | 残り推定 21.7分
2026-03-25 22:04:51,812 INFO [29/242] updated_date=2017-05-12 — 1 files
2026-03-25 22:04:52,501 INFO   29/901 files | 経過 0.7分 | 残り推定 21.3分
2026-03-25 22:04:52,577 INFO [30/242] updated_date=2017-05-19 — 1 files
2026-03-25 22:04:53,343 INFO   30/901 files | 経過 0.7分 | 残り推定 21.0分
2026-03-25 22:04:53,440 INFO [31/242] updated_date=2017-05-26 — 1 files
2026-03-25 22:04:54,481 INFO   31/901 files | 経過 0.7分 | 残り推定 20.8分
2026-03-25 22:04:54,566 INFO [32/242] updated_date=2017-06-05 — 1 files
2026-03-25 22:04:55,384 INFO   32/901 files | 経過 0.8分 | 残り推定 20.6分
2026-03-25 22:04:55,480 INFO [33/242] updated_date=2017-06-15 — 1 files
2026-03-25 22:04:56,428 INFO   33/901 files | 経過 0.8分 | 残り推定 20.4分
2026-03-25 22:04:56,501 INFO [34/242] updated_date=2017-06-23 — 1 files
2026-03-25 22:04:57,567 INFO   34/901 files | 経過 0.8分 | 残り推定 20.2分
2026-03-25 22:04:57,693 INFO [35/242] updated_date=2017-06-30 — 1 files
2026-03-25 22:04:58,554 INFO   35/901 files | 経過 0.8分 | 残り推定 20.0分
2026-03-25 22:04:58,626 INFO [36/242] updated_date=2017-07-14 — 1 files
2026-03-25 22:04:59,491 INFO   36/901 files | 経過 0.8分 | 残り推定 19.8分
2026-03-25 22:04:59,599 INFO [37/242] updated_date=2017-07-21 — 1 files
2026-03-25 22:05:00,363 INFO   37/901 files | 経過 0.8分 | 残り推定 19.6分
2026-03-25 22:05:00,436 INFO [38/242] updated_date=2017-07-31 — 1 files
2026-03-25 22:05:01,437 INFO   38/901 files | 経過 0.9分 | 残り推定 19.5分
2026-03-25 22:05:01,516 INFO [39/242] updated_date=2017-08-08 — 1 files
2026-03-25 22:05:02,511 INFO   39/901 files | 経過 0.9分 | 残り推定 19.4分
2026-03-25 22:05:02,636 INFO [40/242] updated_date=2017-08-17 — 1 files
2026-03-25 22:05:03,522 INFO   40/901 files | 経過 0.9分 | 残り推定 19.2分
2026-03-25 22:05:03,589 INFO [41/242] updated_date=2017-08-31 — 1 files
2026-03-25 22:05:04,299 INFO   41/901 files | 経過 0.9分 | 残り推定 19.0分
2026-03-25 22:05:04,376 INFO [42/242] updated_date=2017-09-15 — 1 files
2026-03-25 22:05:05,008 INFO   42/901 files | 経過 0.9分 | 残り推定 18.8分
2026-03-25 22:05:05,073 INFO [43/242] updated_date=2017-10-06 — 1 files
2026-03-25 22:05:05,756 INFO   43/901 files | 経過 0.9分 | 残り推定 18.6分
2026-03-25 22:05:05,824 INFO [44/242] updated_date=2017-10-20 — 1 files
2026-03-25 22:05:06,490 INFO   44/901 files | 経過 0.9分 | 残り推定 18.4分
2026-03-25 22:05:06,565 INFO [45/242] updated_date=2017-11-17 — 1 files
2026-03-25 22:05:07,215 INFO   45/901 files | 経過 1.0分 | 残り推定 18.2分
2026-03-25 22:05:07,285 INFO [46/242] updated_date=2017-12-04 — 1 files
2026-03-25 22:05:07,981 INFO   46/901 files | 経過 1.0分 | 残り推定 18.0分
2026-03-25 22:05:08,052 INFO [47/242] updated_date=2017-12-22 — 1 files
2026-03-25 22:05:09,074 INFO   47/901 files | 経過 1.0分 | 残り推定 17.9分
2026-03-25 22:05:09,165 INFO [48/242] updated_date=2018-01-05 — 1 files
2026-03-25 22:05:09,963 INFO   48/901 files | 経過 1.0分 | 残り推定 17.8分
2026-03-25 22:05:10,053 INFO [49/242] updated_date=2018-01-12 — 1 files
2026-03-25 22:05:10,681 INFO   49/901 files | 経過 1.0分 | 残り推定 17.6分
2026-03-25 22:05:10,753 INFO [50/242] updated_date=2018-01-26 — 1 files
2026-03-25 22:05:11,468 INFO   50/901 files | 経過 1.0分 | 残り推定 17.4分
2026-03-25 22:05:11,535 INFO [51/242] updated_date=2018-02-02 — 1 files
2026-03-25 22:05:12,197 INFO   51/901 files | 経過 1.0分 | 残り推定 17.3分
2026-03-25 22:05:12,258 INFO [52/242] updated_date=2018-02-23 — 1 files
2026-03-25 22:05:12,947 INFO   52/901 files | 経過 1.0分 | 残り推定 17.1分
2026-03-25 22:05:13,024 INFO [53/242] updated_date=2018-03-06 — 1 files
2026-03-25 22:05:13,665 INFO   53/901 files | 経過 1.1分 | 残り推定 17.0分
2026-03-25 22:05:13,736 INFO [54/242] updated_date=2018-03-29 — 1 files
2026-03-25 22:05:14,388 INFO   54/901 files | 経過 1.1分 | 残り推定 16.8分
2026-03-25 22:05:14,451 INFO [55/242] updated_date=2018-04-06 — 1 files
2026-03-25 22:05:15,158 INFO   55/901 files | 経過 1.1分 | 残り推定 16.7分
2026-03-25 22:05:15,223 INFO [56/242] updated_date=2018-04-13 — 1 files
2026-03-25 22:05:15,865 INFO   56/901 files | 経過 1.1分 | 残り推定 16.6分
2026-03-25 22:05:15,937 INFO [57/242] updated_date=2018-04-24 — 1 files
2026-03-25 22:05:16,579 INFO   57/901 files | 経過 1.1分 | 残り推定 16.4分
2026-03-25 22:05:16,645 INFO [58/242] updated_date=2018-05-17 — 1 files
2026-03-25 22:05:17,492 INFO   58/901 files | 経過 1.1分 | 残り推定 16.4分
2026-03-25 22:05:17,563 INFO [59/242] updated_date=2018-06-01 — 1 files
2026-03-25 22:05:18,185 INFO   59/901 files | 経過 1.1分 | 残り推定 16.2分
2026-03-25 22:05:18,252 INFO [60/242] updated_date=2018-06-13 — 1 files
2026-03-25 22:05:18,841 INFO   60/901 files | 経過 1.1分 | 残り推定 16.1分
2026-03-25 22:05:18,912 INFO [61/242] updated_date=2018-06-21 — 1 files
2026-03-25 22:05:19,571 INFO   61/901 files | 経過 1.2分 | 残り推定 16.0分
2026-03-25 22:05:19,644 INFO [62/242] updated_date=2018-06-29 — 1 files
2026-03-25 22:05:20,420 INFO   62/901 files | 経過 1.2分 | 残り推定 15.9分
2026-03-25 22:05:20,487 INFO [63/242] updated_date=2018-07-10 — 1 files
2026-03-25 22:05:21,056 INFO   63/901 files | 経過 1.2分 | 残り推定 15.8分
2026-03-25 22:05:21,128 INFO [64/242] updated_date=2018-07-19 — 1 files
2026-03-25 22:05:21,749 INFO   64/901 files | 経過 1.2分 | 残り推定 15.6分
2026-03-25 22:05:21,811 INFO [65/242] updated_date=2018-08-03 — 1 files
2026-03-25 22:05:22,382 INFO   65/901 files | 経過 1.2分 | 残り推定 15.5分
2026-03-25 22:05:22,446 INFO [66/242] updated_date=2018-08-22 — 1 files
2026-03-25 22:05:23,490 INFO   66/901 files | 経過 1.2分 | 残り推定 15.5分
2026-03-25 22:05:23,557 INFO [67/242] updated_date=2018-08-31 — 1 files
2026-03-25 22:05:24,254 INFO   67/901 files | 経過 1.2分 | 残り推定 15.4分
2026-03-25 22:05:24,313 INFO [68/242] updated_date=2018-09-07 — 1 files
2026-03-25 22:05:24,894 INFO   68/901 files | 経過 1.2分 | 残り推定 15.3分
2026-03-25 22:05:24,959 INFO [69/242] updated_date=2018-09-27 — 1 files
2026-03-25 22:05:26,187 INFO   69/901 files | 経過 1.3分 | 残り推定 15.3分
2026-03-25 22:05:26,257 INFO [70/242] updated_date=2018-10-05 — 1 files
2026-03-25 22:05:26,926 INFO   70/901 files | 経過 1.3分 | 残り推定 15.2分
2026-03-25 22:05:26,993 INFO [71/242] updated_date=2018-10-12 — 1 files
2026-03-25 22:05:27,705 INFO   71/901 files | 経過 1.3分 | 残り推定 15.1分
2026-03-25 22:05:27,772 INFO [72/242] updated_date=2018-10-26 — 1 files
2026-03-25 22:05:28,402 INFO   72/901 files | 経過 1.3分 | 残り推定 15.1分
2026-03-25 22:05:28,464 INFO [73/242] updated_date=2018-11-02 — 1 files
2026-03-25 22:05:29,090 INFO   73/901 files | 経過 1.3分 | 残り推定 15.0分
2026-03-25 22:05:29,156 INFO [74/242] updated_date=2018-11-09 — 1 files
2026-03-25 22:05:29,805 INFO   74/901 files | 経過 1.3分 | 残り推定 14.9分
2026-03-25 22:05:29,876 INFO [75/242] updated_date=2018-11-16 — 1 files
2026-03-25 22:05:30,600 INFO   75/901 files | 経過 1.3分 | 残り推定 14.8分
2026-03-25 22:05:30,666 INFO [76/242] updated_date=2018-12-11 — 1 files
2026-03-25 22:05:31,404 INFO   76/901 files | 経過 1.4分 | 残り推定 14.7分
2026-03-25 22:05:31,484 INFO [77/242] updated_date=2018-12-22 — 1 files
2026-03-25 22:05:32,122 INFO   77/901 files | 経過 1.4分 | 残り推定 14.7分
2026-03-25 22:05:32,197 INFO [78/242] updated_date=2019-01-01 — 1 files
2026-03-25 22:05:32,829 INFO   78/901 files | 経過 1.4分 | 残り推定 14.6分
2026-03-25 22:05:32,890 INFO [79/242] updated_date=2019-01-11 — 1 files
2026-03-25 22:05:33,501 INFO   79/901 files | 経過 1.4分 | 残り推定 14.5分
2026-03-25 22:05:33,568 INFO [80/242] updated_date=2019-01-25 — 1 files
2026-03-25 22:05:34,194 INFO   80/901 files | 経過 1.4分 | 残り推定 14.4分
2026-03-25 22:05:34,266 INFO [81/242] updated_date=2019-02-21 — 1 files
2026-03-25 22:05:35,032 INFO   81/901 files | 経過 1.4分 | 残り推定 14.4分
2026-03-25 22:05:35,094 INFO [82/242] updated_date=2019-03-02 — 1 files
2026-03-25 22:05:35,707 INFO   82/901 files | 経過 1.4分 | 残り推定 14.3分
2026-03-25 22:05:35,770 INFO [83/242] updated_date=2019-03-11 — 1 files
2026-03-25 22:05:36,399 INFO   83/901 files | 経過 1.4分 | 残り推定 14.2分
2026-03-25 22:05:36,466 INFO [84/242] updated_date=2019-03-22 — 1 files
2026-03-25 22:05:37,157 INFO   84/901 files | 経過 1.5分 | 残り推定 14.1分
2026-03-25 22:05:37,224 INFO [85/242] updated_date=2019-04-01 — 1 files
2026-03-25 22:05:37,951 INFO   85/901 files | 経過 1.5分 | 残り推定 14.1分
2026-03-25 22:05:38,021 INFO [86/242] updated_date=2019-04-11 — 1 files
2026-03-25 22:05:38,612 INFO   86/901 files | 経過 1.5分 | 残り推定 14.0分
2026-03-25 22:05:38,692 INFO [87/242] updated_date=2019-04-25 — 1 files
2026-03-25 22:05:39,425 INFO   87/901 files | 経過 1.5分 | 残り推定 14.0分
2026-03-25 22:05:39,514 INFO [88/242] updated_date=2019-05-03 — 1 files
2026-03-25 22:05:40,397 INFO   88/901 files | 経過 1.5分 | 残り推定 13.9分
2026-03-25 22:05:40,485 INFO [89/242] updated_date=2019-05-09 — 1 files
2026-03-25 22:05:41,257 INFO   89/901 files | 経過 1.5分 | 残り推定 13.9分
2026-03-25 22:05:41,332 INFO [90/242] updated_date=2019-05-29 — 1 files
2026-03-25 22:05:42,096 INFO   90/901 files | 経過 1.5分 | 残り推定 13.8分
2026-03-25 22:05:42,171 INFO [91/242] updated_date=2019-06-07 — 1 files
2026-03-25 22:05:42,903 INFO   91/901 files | 経過 1.5分 | 残り推定 13.8分
2026-03-25 22:05:42,980 INFO [92/242] updated_date=2019-06-14 — 1 files
2026-03-25 22:05:43,691 INFO   92/901 files | 経過 1.6分 | 残り推定 13.7分
2026-03-25 22:05:43,765 INFO [93/242] updated_date=2019-06-27 — 1 files
2026-03-25 22:05:44,487 INFO   93/901 files | 経過 1.6分 | 残り推定 13.7分
2026-03-25 22:05:44,568 INFO [94/242] updated_date=2019-07-12 — 1 files
2026-03-25 22:05:45,229 INFO   94/901 files | 経過 1.6分 | 残り推定 13.6分
2026-03-25 22:05:45,303 INFO [95/242] updated_date=2019-07-23 — 1 files
2026-03-25 22:05:45,964 INFO   95/901 files | 経過 1.6分 | 残り推定 13.6分
2026-03-25 22:05:46,042 INFO [96/242] updated_date=2019-08-13 — 1 files
2026-03-25 22:05:46,666 INFO   96/901 files | 経過 1.6分 | 残り推定 13.5分
2026-03-25 22:05:46,740 INFO [97/242] updated_date=2019-08-22 — 1 files
2026-03-25 22:05:47,390 INFO   97/901 files | 経過 1.6分 | 残り推定 13.5分
2026-03-25 22:05:47,465 INFO [98/242] updated_date=2019-09-12 — 1 files
2026-03-25 22:05:48,075 INFO   98/901 files | 経過 1.6分 | 残り推定 13.4分
2026-03-25 22:05:48,149 INFO [99/242] updated_date=2019-09-26 — 1 files
2026-03-25 22:05:48,816 INFO   99/901 files | 経過 1.6分 | 残り推定 13.3分
2026-03-25 22:05:48,888 INFO [100/242] updated_date=2019-10-10 — 1 files
2026-03-25 22:05:49,596 INFO   100/901 files | 経過 1.7分 | 残り推定 13.3分
2026-03-25 22:05:49,674 INFO [101/242] updated_date=2019-10-18 — 1 files
2026-03-25 22:05:50,386 INFO   101/901 files | 経過 1.7分 | 残り推定 13.3分
2026-03-25 22:05:50,466 INFO [102/242] updated_date=2019-10-25 — 1 files
2026-03-25 22:05:51,185 INFO   102/901 files | 経過 1.7分 | 残り推定 13.2分
2026-03-25 22:05:51,269 INFO [103/242] updated_date=2019-11-08 — 1 files
2026-03-25 22:05:52,178 INFO   103/901 files | 経過 1.7分 | 残り推定 13.2分
2026-03-25 22:05:52,287 INFO [104/242] updated_date=2019-11-22 — 1 files
2026-03-25 22:05:53,254 INFO   104/901 files | 経過 1.7分 | 残り推定 13.2分
2026-03-25 22:05:53,346 INFO [105/242] updated_date=2019-12-05 — 1 files
2026-03-25 22:05:54,218 INFO   105/901 files | 経過 1.7分 | 残り推定 13.2分
2026-03-25 22:05:54,327 INFO [106/242] updated_date=2019-12-13 — 1 files
2026-03-25 22:05:55,472 INFO   106/901 files | 経過 1.8分 | 残り推定 13.2分
2026-03-25 22:05:55,590 INFO [107/242] updated_date=2020-01-10 — 1 files
2026-03-25 22:05:56,537 INFO   107/901 files | 経過 1.8分 | 残り推定 13.2分
2026-03-25 22:05:56,652 INFO [108/242] updated_date=2020-01-23 — 1 files
2026-03-25 22:05:57,709 INFO   108/901 files | 経過 1.8分 | 残り推定 13.2分
2026-03-25 22:05:57,814 INFO [109/242] updated_date=2020-01-30 — 1 files
2026-03-25 22:05:58,704 INFO   109/901 files | 経過 1.8分 | 残り推定 13.2分
2026-03-25 22:05:58,788 INFO [110/242] updated_date=2020-02-14 — 1 files
2026-03-25 22:05:59,570 INFO   110/901 files | 経過 1.8分 | 残り推定 13.1分
2026-03-25 22:05:59,662 INFO [111/242] updated_date=2020-02-24 — 1 files
2026-03-25 22:06:00,519 INFO   111/901 files | 経過 1.8分 | 残り推定 13.1分
2026-03-25 22:06:00,609 INFO [112/242] updated_date=2020-03-06 — 1 files
2026-03-25 22:06:01,429 INFO   112/901 files | 経過 1.9分 | 残り推定 13.1分
2026-03-25 22:06:01,534 INFO [113/242] updated_date=2020-03-23 — 1 files
2026-03-25 22:06:02,412 INFO   113/901 files | 経過 1.9分 | 残り推定 13.1分
2026-03-25 22:06:02,497 INFO [114/242] updated_date=2020-03-27 — 1 files
2026-03-25 22:06:03,259 INFO   114/901 files | 経過 1.9分 | 残り推定 13.0分
2026-03-25 22:06:03,347 INFO [115/242] updated_date=2020-04-03 — 1 files
2026-03-25 22:06:04,153 INFO   115/901 files | 経過 1.9分 | 残り推定 13.0分
2026-03-25 22:06:04,233 INFO [116/242] updated_date=2020-05-13 — 1 files
2026-03-25 22:06:05,060 INFO   116/901 files | 経過 1.9分 | 残り推定 13.0分
2026-03-25 22:06:05,146 INFO [117/242] updated_date=2020-05-21 — 1 files
2026-03-25 22:06:05,850 INFO   117/901 files | 経過 1.9分 | 残り推定 12.9分
2026-03-25 22:06:05,929 INFO [118/242] updated_date=2020-05-29 — 1 files
2026-03-25 22:06:06,683 INFO   118/901 files | 経過 1.9分 | 残り推定 12.9分
2026-03-25 22:06:06,761 INFO [119/242] updated_date=2020-06-05 — 1 files
2026-03-25 22:06:07,561 INFO   119/901 files | 経過 2.0分 | 残り推定 12.9分
2026-03-25 22:06:07,631 INFO [120/242] updated_date=2020-06-12 — 1 files
2026-03-25 22:06:08,296 INFO   120/901 files | 経過 2.0分 | 残り推定 12.8分
2026-03-25 22:06:08,383 INFO [121/242] updated_date=2020-06-19 — 1 files
2026-03-25 22:06:09,089 INFO   121/901 files | 経過 2.0分 | 残り推定 12.8分
2026-03-25 22:06:09,166 INFO [122/242] updated_date=2020-07-16 — 1 files
2026-03-25 22:06:09,790 INFO   122/901 files | 経過 2.0分 | 残り推定 12.8分
2026-03-25 22:06:09,865 INFO [123/242] updated_date=2020-07-23 — 1 files
2026-03-25 22:06:10,554 INFO   123/901 files | 経過 2.0分 | 残り推定 12.7分
2026-03-25 22:06:10,638 INFO [124/242] updated_date=2020-07-29 — 1 files
2026-03-25 22:06:11,259 INFO   124/901 files | 経過 2.0分 | 残り推定 12.7分
2026-03-25 22:06:11,337 INFO [125/242] updated_date=2020-08-10 — 1 files
2026-03-25 22:06:12,034 INFO   125/901 files | 経過 2.0分 | 残り推定 12.6分
2026-03-25 22:06:12,113 INFO [126/242] updated_date=2020-08-21 — 1 files
2026-03-25 22:06:12,710 INFO   126/901 files | 経過 2.0分 | 残り推定 12.6分
2026-03-25 22:06:12,782 INFO [127/242] updated_date=2020-08-24 — 1 files
2026-03-25 22:06:13,438 INFO   127/901 files | 経過 2.1分 | 残り推定 12.5分
2026-03-25 22:06:13,519 INFO [128/242] updated_date=2020-09-01 — 1 files
2026-03-25 22:06:14,201 INFO   128/901 files | 経過 2.1分 | 残り推定 12.5分
2026-03-25 22:06:14,279 INFO [129/242] updated_date=2020-09-08 — 1 files
2026-03-25 22:06:14,934 INFO   129/901 files | 経過 2.1分 | 残り推定 12.5分
2026-03-25 22:06:15,009 INFO [130/242] updated_date=2020-09-14 — 1 files
2026-03-25 22:06:15,606 INFO   130/901 files | 経過 2.1分 | 残り推定 12.4分
2026-03-25 22:06:15,673 INFO [131/242] updated_date=2020-09-21 — 1 files
2026-03-25 22:06:16,302 INFO   131/901 files | 経過 2.1分 | 残り推定 12.4分
2026-03-25 22:06:16,382 INFO [132/242] updated_date=2020-09-25 — 1 files
2026-03-25 22:06:17,053 INFO   132/901 files | 経過 2.1分 | 残り推定 12.3分
2026-03-25 22:06:17,128 INFO [133/242] updated_date=2020-10-01 — 1 files
2026-03-25 22:06:17,752 INFO   133/901 files | 経過 2.1分 | 残り推定 12.3分
2026-03-25 22:06:17,828 INFO [134/242] updated_date=2020-10-15 — 1 files
2026-03-25 22:06:18,483 INFO   134/901 files | 経過 2.1分 | 残り推定 12.3分
2026-03-25 22:06:18,551 INFO [135/242] updated_date=2020-10-22 — 1 files
2026-03-25 22:06:19,236 INFO   135/901 files | 経過 2.2分 | 残り推定 12.2分
2026-03-25 22:06:19,306 INFO [136/242] updated_date=2020-10-29 — 1 files
2026-03-25 22:06:19,992 INFO   136/901 files | 経過 2.2分 | 残り推定 12.2分
2026-03-25 22:06:20,074 INFO [137/242] updated_date=2020-11-09 — 1 files
2026-03-25 22:06:20,747 INFO   137/901 files | 経過 2.2分 | 残り推定 12.2分
2026-03-25 22:06:20,826 INFO [138/242] updated_date=2020-11-23 — 1 files
2026-03-25 22:06:21,537 INFO   138/901 files | 経過 2.2分 | 残り推定 12.1分
2026-03-25 22:06:21,610 INFO [139/242] updated_date=2020-12-07 — 1 files
2026-03-25 22:06:22,234 INFO   139/901 files | 経過 2.2分 | 残り推定 12.1分
2026-03-25 22:06:22,314 INFO [140/242] updated_date=2020-12-21 — 1 files
2026-03-25 22:06:23,288 INFO   140/901 files | 経過 2.2分 | 残り推定 12.1分
2026-03-25 22:06:23,352 INFO [141/242] updated_date=2021-01-05 — 1 files
2026-03-25 22:06:24,122 INFO   141/901 files | 経過 2.2分 | 残り推定 12.1分
2026-03-25 22:06:24,207 INFO [142/242] updated_date=2021-01-18 — 1 files
2026-03-25 22:06:24,953 INFO   142/901 files | 経過 2.2分 | 残り推定 12.0分
2026-03-25 22:06:25,045 INFO [143/242] updated_date=2021-02-01 — 1 files
2026-03-25 22:06:25,857 INFO   143/901 files | 経過 2.3分 | 残り推定 12.0分
2026-03-25 22:06:25,932 INFO [144/242] updated_date=2021-02-15 — 1 files
2026-03-25 22:06:26,677 INFO   144/901 files | 経過 2.3分 | 残り推定 12.0分
2026-03-25 22:06:26,744 INFO [145/242] updated_date=2021-03-01 — 1 files
2026-03-25 22:06:27,456 INFO   145/901 files | 経過 2.3分 | 残り推定 11.9分
2026-03-25 22:06:27,539 INFO [146/242] updated_date=2021-03-15 — 1 files
2026-03-25 22:06:28,236 INFO   146/901 files | 経過 2.3分 | 残り推定 11.9分
2026-03-25 22:06:28,303 INFO [147/242] updated_date=2021-04-13 — 1 files
2026-03-25 22:06:29,044 INFO   147/901 files | 経過 2.3分 | 残り推定 11.9分
2026-03-25 22:06:29,119 INFO [148/242] updated_date=2021-05-10 — 1 files
2026-03-25 22:06:29,740 INFO   148/901 files | 経過 2.3分 | 残り推定 11.9分
2026-03-25 22:06:29,809 INFO [149/242] updated_date=2021-05-24 — 1 files
2026-03-25 22:06:30,524 INFO   149/901 files | 経過 2.3分 | 残り推定 11.8分
2026-03-25 22:06:30,598 INFO [150/242] updated_date=2021-06-07 — 1 files
2026-03-25 22:06:31,361 INFO   150/901 files | 経過 2.4分 | 残り推定 11.8分
2026-03-25 22:06:31,438 INFO [151/242] updated_date=2021-06-22 — 1 files
2026-03-25 22:06:32,219 INFO   151/901 files | 経過 2.4分 | 残り推定 11.8分
2026-03-25 22:06:32,295 INFO [152/242] updated_date=2021-07-05 — 1 files
2026-03-25 22:06:32,936 INFO   152/901 files | 経過 2.4分 | 残り推定 11.7分
2026-03-25 22:06:33,016 INFO [153/242] updated_date=2021-07-19 — 1 files
2026-03-25 22:06:33,658 INFO   153/901 files | 経過 2.4分 | 残り推定 11.7分
2026-03-25 22:06:33,731 INFO [154/242] updated_date=2021-08-02 — 1 files
2026-03-25 22:06:34,384 INFO   154/901 files | 経過 2.4分 | 残り推定 11.7分
2026-03-25 22:06:34,455 INFO [155/242] updated_date=2021-08-16 — 1 files
2026-03-25 22:06:35,175 INFO   155/901 files | 経過 2.4分 | 残り推定 11.6分
2026-03-25 22:06:35,251 INFO [156/242] updated_date=2021-08-30 — 1 files
2026-03-25 22:06:35,903 INFO   156/901 files | 経過 2.4分 | 残り推定 11.6分
2026-03-25 22:06:35,977 INFO [157/242] updated_date=2021-09-27 — 1 files
2026-03-25 22:06:36,627 INFO   157/901 files | 経過 2.4分 | 残り推定 11.6分
2026-03-25 22:06:36,698 INFO [158/242] updated_date=2021-10-11 — 1 files
2026-03-25 22:06:37,362 INFO   158/901 files | 経過 2.5分 | 残り推定 11.6分
2026-03-25 22:06:37,442 INFO [159/242] updated_date=2021-11-04 — 1 files
2026-03-25 22:06:40,230 INFO   159/901 files | 経過 2.5分 | 残り推定 11.7分
2026-03-25 22:06:40,320 INFO [160/242] updated_date=2021-12-23 — 1 files
2026-03-25 22:06:41,285 INFO   160/901 files | 経過 2.5分 | 残り推定 11.7分
2026-03-25 22:06:41,408 INFO [161/242] updated_date=2022-02-01 — 1 files
2026-03-25 22:06:42,091 INFO   161/901 files | 経過 2.5分 | 残り推定 11.7分
2026-03-25 22:06:42,184 INFO [162/242] updated_date=2022-02-02 — 1 files
2026-03-25 22:06:43,572 INFO   162/901 files | 経過 2.6分 | 残り推定 11.7分
2026-03-25 22:06:43,660 INFO [163/242] updated_date=2022-03-09 — 1 files
2026-03-25 22:06:44,339 INFO   163/901 files | 経過 2.6分 | 残り推定 11.6分
2026-03-25 22:06:44,422 INFO [164/242] updated_date=2022-04-05 — 1 files
2026-03-25 22:06:45,097 INFO   164/901 files | 経過 2.6分 | 残り推定 11.6分
2026-03-25 22:06:45,165 INFO [165/242] updated_date=2022-04-06 — 1 files
2026-03-25 22:06:45,940 INFO   165/901 files | 経過 2.6分 | 残り推定 11.6分
2026-03-25 22:06:46,013 INFO [166/242] updated_date=2022-05-05 — 1 files
2026-03-25 22:06:46,740 INFO   166/901 files | 経過 2.6分 | 残り推定 11.6分
2026-03-25 22:06:46,825 INFO [167/242] updated_date=2022-05-16 — 1 files
2026-03-25 22:06:47,602 INFO   167/901 files | 経過 2.6分 | 残り推定 11.5分
2026-03-25 22:06:47,682 INFO [168/242] updated_date=2022-07-29 — 1 files
2026-03-25 22:06:48,370 INFO   168/901 files | 経過 2.6分 | 残り推定 11.5分
2026-03-25 22:06:48,455 INFO [169/242] updated_date=2022-08-02 — 1 files
2026-03-25 22:06:49,111 INFO   169/901 files | 経過 2.7分 | 残り推定 11.5分
2026-03-25 22:06:49,175 INFO [170/242] updated_date=2022-08-06 — 1 files
2026-03-25 22:06:49,842 INFO   170/901 files | 経過 2.7分 | 残り推定 11.5分
2026-03-25 22:06:49,917 INFO [171/242] updated_date=2022-08-07 — 1 files
2026-03-25 22:06:50,522 INFO   171/901 files | 経過 2.7分 | 残り推定 11.4分
2026-03-25 22:06:50,595 INFO [172/242] updated_date=2022-10-02 — 1 files
2026-03-25 22:06:51,288 INFO   172/901 files | 経過 2.7分 | 残り推定 11.4分
2026-03-25 22:06:51,359 INFO [173/242] updated_date=2022-11-02 — 1 files
2026-03-25 22:06:52,138 INFO   173/901 files | 経過 2.7分 | 残り推定 11.4分
2026-03-25 22:06:52,248 INFO [174/242] updated_date=2023-12-11 — 1 files
2026-03-25 22:06:53,497 INFO   174/901 files | 経過 2.7分 | 残り推定 11.4分
2026-03-25 22:06:53,581 INFO [175/242] updated_date=2024-07-19 — 1 files
2026-03-25 22:06:54,256 INFO   175/901 files | 経過 2.7分 | 残り推定 11.4分
2026-03-25 22:06:54,344 INFO [176/242] updated_date=2024-11-08 — 1 files
2026-03-25 22:06:55,028 INFO   176/901 files | 経過 2.8分 | 残り推定 11.3分
2026-03-25 22:06:55,106 INFO [177/242] updated_date=2025-07-15 — 1 files
2026-03-25 22:06:56,017 INFO   177/901 files | 経過 2.8分 | 残り推定 11.3分
2026-03-25 22:06:56,131 INFO [178/242] updated_date=2025-07-16 — 1 files
2026-03-25 22:06:57,053 INFO   178/901 files | 経過 2.8分 | 残り推定 11.3分
2026-03-25 22:06:57,168 INFO [179/242] updated_date=2025-07-22 — 1 files
2026-03-25 22:09:47,884 INFO   179/901 files | 経過 5.6分 | 残り推定 22.7分
2026-03-25 22:09:47,948 INFO [180/242] updated_date=2025-07-23 — 2 files
2026-03-25 23:54:06,438 INFO   181/901 files | 経過 109.9分 | 残り推定 437.3分
2026-03-25 23:54:06,765 INFO [181/242] updated_date=2025-07-24 — 1 files
2026-03-26 00:20:14,575 INFO   182/901 files | 経過 136.1分 | 残り推定 537.6分
2026-03-26 00:20:14,691 INFO [182/242] updated_date=2025-07-25 — 1 files
2026-03-26 00:23:18,155 INFO   183/901 files | 経過 139.1分 | 残り推定 545.9分
2026-03-26 00:23:18,237 INFO [183/242] updated_date=2025-07-26 — 1 files
2026-03-26 00:26:34,774 INFO   184/901 files | 経過 142.4分 | 残り推定 554.9分
2026-03-26 00:26:34,855 INFO [184/242] updated_date=2025-07-27 — 1 files
2026-03-26 00:28:06,328 INFO   185/901 files | 経過 143.9分 | 残り推定 557.1分
2026-03-26 00:28:06,440 INFO [185/242] updated_date=2025-07-28 — 1 files
2026-03-26 00:30:24,196 INFO   186/901 files | 経過 146.2分 | 残り推定 562.1分
2026-03-26 00:30:24,298 INFO [186/242] updated_date=2025-07-29 — 1 files
2026-03-26 00:31:54,599 INFO   187/901 files | 経過 147.7分 | 残り推定 564.1分
2026-03-26 00:31:54,693 INFO [187/242] updated_date=2025-07-30 — 1 files
2026-03-26 00:32:49,489 INFO   188/901 files | 経過 148.7分 | 残り推定 563.8分
2026-03-26 00:32:49,586 INFO [188/242] updated_date=2025-07-31 — 1 files
2026-03-26 00:33:28,195 INFO   189/901 files | 経過 149.3分 | 残り推定 562.5分
2026-03-26 00:33:28,265 INFO [189/242] updated_date=2025-08-04 — 1 files
2026-03-26 00:33:29,032 INFO   190/901 files | 経過 149.3分 | 残り推定 558.8分
2026-03-26 00:33:29,116 INFO [190/242] updated_date=2025-08-18 — 1 files
2026-03-26 00:33:33,396 INFO   191/901 files | 経過 149.4分 | 残り推定 555.3分
2026-03-26 00:33:33,488 INFO [191/242] updated_date=2025-08-27 — 1 files
2026-03-26 00:33:34,378 INFO   192/901 files | 経過 149.4分 | 残り推定 551.7分
2026-03-26 00:33:34,460 INFO [192/242] updated_date=2025-08-28 — 1 files
2026-03-26 00:33:35,207 INFO   193/901 files | 経過 149.4分 | 残り推定 548.1分
2026-03-26 00:33:35,287 INFO [193/242] updated_date=2025-08-29 — 1 files
2026-03-26 00:33:36,048 INFO   194/901 files | 経過 149.4分 | 残り推定 544.6分
2026-03-26 00:33:36,135 INFO [194/242] updated_date=2025-09-03 — 1 files
2026-03-26 00:33:36,941 INFO   195/901 files | 経過 149.4分 | 残り推定 541.1分
2026-03-26 00:33:37,031 INFO [195/242] updated_date=2025-09-08 — 1 files
2026-03-26 00:33:37,855 INFO   196/901 files | 経過 149.5分 | 残り推定 537.6分
2026-03-26 00:33:37,937 INFO [196/242] updated_date=2025-09-09 — 1 files
2026-03-26 00:33:38,717 INFO   197/901 files | 経過 149.5分 | 残り推定 534.2分
2026-03-26 00:33:38,807 INFO [197/242] updated_date=2025-09-22 — 1 files
2026-03-26 00:33:39,698 INFO   198/901 files | 経過 149.5分 | 残り推定 530.8分
2026-03-26 00:33:39,797 INFO [198/242] updated_date=2025-09-23 — 1 files
2026-03-26 00:33:40,605 INFO   199/901 files | 経過 149.5分 | 残り推定 527.4分
2026-03-26 00:33:40,687 INFO [199/242] updated_date=2025-09-24 — 1 files
2026-03-26 00:33:41,577 INFO   200/901 files | 経過 149.5分 | 残り推定 524.1分
2026-03-26 00:33:41,669 INFO [200/242] updated_date=2025-09-25 — 1 files
2026-03-26 00:33:42,408 INFO   201/901 files | 経過 149.5分 | 残り推定 520.8分
2026-03-26 00:33:42,500 INFO [201/242] updated_date=2025-09-26 — 1 files
2026-03-26 00:33:43,297 INFO   202/901 files | 経過 149.6分 | 残り推定 517.5分
2026-03-26 00:33:43,382 INFO [202/242] updated_date=2025-09-27 — 1 files
2026-03-26 00:33:44,256 INFO   203/901 files | 経過 149.6分 | 残り推定 514.3分
2026-03-26 00:33:44,338 INFO [203/242] updated_date=2025-09-28 — 1 files
2026-03-26 00:33:45,141 INFO   204/901 files | 経過 149.6分 | 残り推定 511.1分
2026-03-26 00:33:45,218 INFO [204/242] updated_date=2025-09-29 — 1 files
2026-03-26 00:33:45,992 INFO   205/901 files | 経過 149.6分 | 残り推定 507.9分
2026-03-26 00:33:46,069 INFO [205/242] updated_date=2025-09-30 — 1 files
2026-03-26 00:33:46,864 INFO   206/901 files | 経過 149.6分 | 残り推定 504.8分
2026-03-26 00:33:46,959 INFO [206/242] updated_date=2025-10-01 — 1 files
2026-03-26 00:33:47,927 INFO   207/901 files | 経過 149.6分 | 残り推定 501.7分
2026-03-26 00:33:48,020 INFO [207/242] updated_date=2025-10-02 — 1 files
2026-03-26 00:33:49,116 INFO   208/901 files | 経過 149.7分 | 残り推定 498.6分
2026-03-26 00:33:49,211 INFO [208/242] updated_date=2025-10-03 — 1 files
2026-03-26 00:33:50,067 INFO   209/901 files | 経過 149.7分 | 残り推定 495.6分
2026-03-26 00:33:50,167 INFO [209/242] updated_date=2025-10-04 — 1 files
2026-03-26 00:33:51,007 INFO   210/901 files | 経過 149.7分 | 残り推定 492.5分
2026-03-26 00:33:51,088 INFO [210/242] updated_date=2025-10-05 — 1 files
2026-03-26 00:33:51,926 INFO   211/901 files | 経過 149.7分 | 残り推定 489.5分
2026-03-26 00:33:52,018 INFO [211/242] updated_date=2025-10-06 — 1 files
2026-03-26 00:33:52,898 INFO   212/901 files | 経過 149.7分 | 残り推定 486.6分
2026-03-26 00:33:52,996 INFO [212/242] updated_date=2025-10-07 — 1 files
2026-03-26 00:33:54,104 INFO   213/901 files | 経過 149.7分 | 残り推定 483.7分
2026-03-26 00:33:54,200 INFO [213/242] updated_date=2025-10-08 — 1 files
2026-03-26 00:33:55,232 INFO   214/901 files | 経過 149.8分 | 残り推定 480.8分
2026-03-26 00:33:55,320 INFO [214/242] updated_date=2025-10-09 — 1 files
2026-03-26 00:33:56,969 INFO   215/901 files | 経過 149.8分 | 残り推定 477.9分
2026-03-26 00:33:57,048 INFO [215/242] updated_date=2025-10-10 — 160 files
2026-03-26 11:13:11,349 INFO ワーカー数: 16 / CPU: 22
2026-03-26 11:13:11,351 INFO Aho-Corasick: 有効 ✓
2026-03-26 11:13:11,600 INFO 母集団: 33978 works
2026-03-26 11:13:11,699 INFO スキャン対象: 901 ファイル
2026-03-26 11:13:11,705 INFO [1/242] updated_date=2016-06-24 — 1 files
2026-03-26 11:13:12,493 INFO   1/901 files | 経過 0.0分 | 残り推定 11.8分
2026-03-26 11:13:12,559 INFO [2/242] updated_date=2016-07-22 — 1 files
2026-03-26 11:13:13,293 INFO   2/901 files | 経過 0.0分 | 残り推定 11.9分
2026-03-26 11:13:13,395 INFO [3/242] updated_date=2016-08-23 — 1 files
2026-03-26 11:13:14,207 INFO   3/901 files | 経過 0.0分 | 残り推定 12.5分
2026-03-26 11:13:14,275 INFO [4/242] updated_date=2016-09-16 — 1 files
2026-03-26 11:13:14,918 INFO   4/901 files | 経過 0.1分 | 残り推定 12.0分
2026-03-26 11:13:15,009 INFO [5/242] updated_date=2016-09-23 — 1 files
2026-03-26 11:13:15,780 INFO   5/901 files | 経過 0.1分 | 残り推定 12.2分
2026-03-26 11:13:15,843 INFO [6/242] updated_date=2016-09-30 — 1 files
2026-03-26 11:13:16,473 INFO   6/901 files | 経過 0.1分 | 残り推定 11.9分
2026-03-26 11:13:16,535 INFO [7/242] updated_date=2016-10-07 — 1 files
2026-03-26 11:13:17,162 INFO   7/901 files | 経過 0.1分 | 残り推定 11.6分
2026-03-26 11:13:17,226 INFO [8/242] updated_date=2016-10-14 — 1 files
2026-03-26 11:13:17,911 INFO   8/901 files | 経過 0.1分 | 残り推定 11.5分
2026-03-26 11:13:17,987 INFO [9/242] updated_date=2016-10-21 — 1 files
2026-03-26 11:13:18,637 INFO   9/901 files | 経過 0.1分 | 残り推定 11.5分
2026-03-26 11:13:18,709 INFO [10/242] updated_date=2016-10-28 — 1 files
2026-03-26 11:13:19,352 INFO   10/901 files | 経過 0.1分 | 残り推定 11.4分
2026-03-26 11:13:19,432 INFO [11/242] updated_date=2016-11-04 — 1 files
2026-03-26 11:13:20,133 INFO   11/901 files | 経過 0.1分 | 残り推定 11.4分
2026-03-26 11:13:20,200 INFO [12/242] updated_date=2016-11-11 — 1 files
2026-03-26 11:13:20,877 INFO   12/901 files | 経過 0.2分 | 残り推定 11.3分
2026-03-26 11:13:20,940 INFO [13/242] updated_date=2016-11-30 — 1 files
2026-03-26 11:13:21,657 INFO   13/901 files | 経過 0.2分 | 残り推定 11.3分
2026-03-26 11:13:21,725 INFO [14/242] updated_date=2016-12-08 — 1 files
2026-03-26 11:13:22,365 INFO   14/901 files | 経過 0.2分 | 残り推定 11.3分
2026-03-26 11:13:22,445 INFO [15/242] updated_date=2016-12-16 — 1 files
2026-03-26 11:13:23,172 INFO   15/901 files | 経過 0.2分 | 残り推定 11.3分
2026-03-26 11:13:23,259 INFO [16/242] updated_date=2017-01-06 — 1 files
2026-03-26 11:13:24,004 INFO   16/901 files | 経過 0.2分 | 残り推定 11.3分
2026-03-26 11:13:24,098 INFO [17/242] updated_date=2017-01-13 — 1 files
2026-03-26 11:13:24,919 INFO   17/901 files | 経過 0.2分 | 残り推定 11.5分
2026-03-26 11:13:25,002 INFO [18/242] updated_date=2017-01-26 — 1 files
2026-03-26 11:13:25,742 INFO   18/901 files | 経過 0.2分 | 残り推定 11.5分
2026-03-26 11:13:25,815 INFO [19/242] updated_date=2017-02-03 — 1 files
2026-03-26 11:13:26,481 INFO   19/901 files | 経過 0.2分 | 残り推定 11.4分
2026-03-26 11:13:26,570 INFO [20/242] updated_date=2017-02-10 — 1 files
2026-03-26 11:13:27,298 INFO   20/901 files | 経過 0.3分 | 残り推定 11.4分
2026-03-26 11:13:27,375 INFO [21/242] updated_date=2017-02-17 — 1 files
2026-03-26 11:13:28,084 INFO   21/901 files | 経過 0.3分 | 残り推定 11.4分
2026-03-26 11:13:28,161 INFO [22/242] updated_date=2017-03-03 — 1 files
2026-03-26 11:13:28,922 INFO   22/901 files | 経過 0.3分 | 残り推定 11.5分
2026-03-26 11:13:29,004 INFO [23/242] updated_date=2017-03-16 — 1 files
2026-03-26 11:13:29,753 INFO   23/901 files | 経過 0.3分 | 残り推定 11.5分
2026-03-26 11:13:29,838 INFO [24/242] updated_date=2017-03-23 — 1 files
2026-03-26 11:13:30,539 INFO   24/901 files | 経過 0.3分 | 残り推定 11.5分
2026-03-26 11:13:30,615 INFO [25/242] updated_date=2017-04-07 — 1 files
2026-03-26 11:13:31,337 INFO   25/901 files | 経過 0.3分 | 残り推定 11.5分
2026-03-26 11:13:31,415 INFO [26/242] updated_date=2017-04-14 — 1 files
2026-03-26 11:13:32,105 INFO   26/901 files | 経過 0.3分 | 残り推定 11.4分
2026-03-26 11:13:32,191 INFO [27/242] updated_date=2017-04-28 — 1 files
2026-03-26 11:13:32,921 INFO   27/901 files | 経過 0.4分 | 残り推定 11.4分
2026-03-26 11:13:32,988 INFO [28/242] updated_date=2017-05-05 — 1 files
2026-03-26 11:13:33,577 INFO   28/901 files | 経過 0.4分 | 残り推定 11.4分
2026-03-26 11:13:33,639 INFO [29/242] updated_date=2017-05-12 — 1 files
2026-03-26 11:13:34,430 INFO   29/901 files | 経過 0.4分 | 残り推定 11.4分
2026-03-26 11:13:34,491 INFO [30/242] updated_date=2017-05-19 — 1 files
2026-03-26 11:13:35,080 INFO   30/901 files | 経過 0.4分 | 残り推定 11.3分
2026-03-26 11:13:35,147 INFO [31/242] updated_date=2017-05-26 — 1 files
2026-03-26 11:13:35,753 INFO   31/901 files | 経過 0.4分 | 残り推定 11.2分
2026-03-26 11:13:35,813 INFO [32/242] updated_date=2017-06-05 — 1 files
2026-03-26 11:13:36,378 INFO   32/901 files | 経過 0.4分 | 残り推定 11.2分
2026-03-26 11:13:36,457 INFO [33/242] updated_date=2017-06-15 — 1 files
2026-03-26 11:13:37,031 INFO   33/901 files | 経過 0.4分 | 残り推定 11.1分
2026-03-26 11:13:37,094 INFO [34/242] updated_date=2017-06-23 — 1 files
2026-03-26 11:13:37,646 INFO   34/901 files | 経過 0.4分 | 残り推定 11.0分
2026-03-26 11:13:37,713 INFO [35/242] updated_date=2017-06-30 — 1 files
2026-03-26 11:13:38,280 INFO   35/901 files | 経過 0.4分 | 残り推定 11.0分
2026-03-26 11:13:38,345 INFO [36/242] updated_date=2017-07-14 — 1 files
2026-03-26 11:13:38,923 INFO   36/901 files | 経過 0.5分 | 残り推定 10.9分
2026-03-26 11:13:38,986 INFO [37/242] updated_date=2017-07-21 — 1 files
2026-03-26 11:13:39,759 INFO   37/901 files | 経過 0.5分 | 残り推定 10.9分
2026-03-26 11:13:39,828 INFO [38/242] updated_date=2017-07-31 — 1 files
2026-03-26 11:13:40,458 INFO   38/901 files | 経過 0.5分 | 残り推定 10.9分
2026-03-26 11:13:40,524 INFO [39/242] updated_date=2017-08-08 — 1 files
2026-03-26 11:13:41,080 INFO   39/901 files | 経過 0.5分 | 残り推定 10.8分
2026-03-26 11:13:41,143 INFO [40/242] updated_date=2017-08-17 — 1 files
2026-03-26 11:13:41,705 INFO   40/901 files | 経過 0.5分 | 残り推定 10.8分
2026-03-26 11:13:41,778 INFO [41/242] updated_date=2017-08-31 — 1 files
2026-03-26 11:13:42,344 INFO   41/901 files | 経過 0.5分 | 残り推定 10.7分
2026-03-26 11:13:42,414 INFO [42/242] updated_date=2017-09-15 — 1 files
2026-03-26 11:13:42,969 INFO   42/901 files | 経過 0.5分 | 残り推定 10.7分
2026-03-26 11:13:43,034 INFO [43/242] updated_date=2017-10-06 — 1 files
2026-03-26 11:13:43,619 INFO   43/901 files | 経過 0.5分 | 残り推定 10.6分
2026-03-26 11:13:43,689 INFO [44/242] updated_date=2017-10-20 — 1 files
2026-03-26 11:13:44,251 INFO   44/901 files | 経過 0.5分 | 残り推定 10.6分
2026-03-26 11:13:44,325 INFO [45/242] updated_date=2017-11-17 — 1 files
2026-03-26 11:13:44,899 INFO   45/901 files | 経過 0.6分 | 残り推定 10.5分
2026-03-26 11:13:44,967 INFO [46/242] updated_date=2017-12-04 — 1 files
2026-03-26 11:13:45,586 INFO   46/901 files | 経過 0.6分 | 残り推定 10.5分
2026-03-26 11:13:45,652 INFO [47/242] updated_date=2017-12-22 — 1 files
2026-03-26 11:13:46,348 INFO   47/901 files | 経過 0.6分 | 残り推定 10.5分
2026-03-26 11:13:46,419 INFO [48/242] updated_date=2018-01-05 — 1 files
2026-03-26 11:13:46,991 INFO   48/901 files | 経過 0.6分 | 残り推定 10.5分
2026-03-26 11:13:47,059 INFO [49/242] updated_date=2018-01-12 — 1 files
2026-03-26 11:13:47,672 INFO   49/901 files | 経過 0.6分 | 残り推定 10.4分
2026-03-26 11:13:47,733 INFO [50/242] updated_date=2018-01-26 — 1 files
2026-03-26 11:13:48,275 INFO   50/901 files | 経過 0.6分 | 残り推定 10.4分
2026-03-26 11:13:48,343 INFO [51/242] updated_date=2018-02-02 — 1 files
2026-03-26 11:13:48,947 INFO   51/901 files | 経過 0.6分 | 残り推定 10.3分
2026-03-26 11:13:49,012 INFO [52/242] updated_date=2018-02-23 — 1 files
2026-03-26 11:13:49,581 INFO   52/901 files | 経過 0.6分 | 残り推定 10.3分
2026-03-26 11:13:49,642 INFO [53/242] updated_date=2018-03-06 — 1 files
2026-03-26 11:13:50,194 INFO   53/901 files | 経過 0.6分 | 残り推定 10.3分
2026-03-26 11:13:50,254 INFO [54/242] updated_date=2018-03-29 — 1 files
2026-03-26 11:13:50,844 INFO   54/901 files | 経過 0.7分 | 残り推定 10.2分
2026-03-26 11:13:50,901 INFO [55/242] updated_date=2018-04-06 — 1 files
2026-03-26 11:13:51,478 INFO   55/901 files | 経過 0.7分 | 残り推定 10.2分
2026-03-26 11:13:51,537 INFO [56/242] updated_date=2018-04-13 — 1 files
2026-03-26 11:13:52,109 INFO   56/901 files | 経過 0.7分 | 残り推定 10.2分
2026-03-26 11:13:52,177 INFO [57/242] updated_date=2018-04-24 — 1 files
2026-03-26 11:13:52,749 INFO   57/901 files | 経過 0.7分 | 残り推定 10.1分
2026-03-26 11:13:52,816 INFO [58/242] updated_date=2018-05-17 — 1 files
2026-03-26 11:13:53,370 INFO   58/901 files | 経過 0.7分 | 残り推定 10.1分
2026-03-26 11:13:53,432 INFO [59/242] updated_date=2018-06-01 — 1 files
2026-03-26 11:13:54,015 INFO   59/901 files | 経過 0.7分 | 残り推定 10.1分
2026-03-26 11:13:54,078 INFO [60/242] updated_date=2018-06-13 — 1 files
2026-03-26 11:13:54,652 INFO   60/901 files | 経過 0.7分 | 残り推定 10.0分
2026-03-26 11:13:54,720 INFO [61/242] updated_date=2018-06-21 — 1 files
2026-03-26 11:13:55,274 INFO   61/901 files | 経過 0.7分 | 残り推定 10.0分
2026-03-26 11:13:55,345 INFO [62/242] updated_date=2018-06-29 — 1 files
2026-03-26 11:13:55,995 INFO   62/901 files | 経過 0.7分 | 残り推定 10.0分
2026-03-26 11:13:56,066 INFO [63/242] updated_date=2018-07-10 — 1 files
2026-03-26 11:13:56,698 INFO   63/901 files | 経過 0.7分 | 残り推定 10.0分
2026-03-26 11:13:56,772 INFO [64/242] updated_date=2018-07-19 — 1 files
2026-03-26 11:13:57,380 INFO   64/901 files | 経過 0.8分 | 残り推定 10.0分
2026-03-26 11:13:57,451 INFO [65/242] updated_date=2018-08-03 — 1 files
2026-03-26 11:13:58,074 INFO   65/901 files | 経過 0.8分 | 残り推定 9.9分
2026-03-26 11:13:58,142 INFO [66/242] updated_date=2018-08-22 — 1 files
2026-03-26 11:13:58,730 INFO   66/901 files | 経過 0.8分 | 残り推定 9.9分
2026-03-26 11:13:58,792 INFO [67/242] updated_date=2018-08-31 — 1 files
2026-03-26 11:13:59,368 INFO   67/901 files | 経過 0.8分 | 残り推定 9.9分
2026-03-26 11:13:59,429 INFO [68/242] updated_date=2018-09-07 — 1 files
2026-03-26 11:14:00,007 INFO   68/901 files | 経過 0.8分 | 残り推定 9.9分
2026-03-26 11:14:00,065 INFO [69/242] updated_date=2018-09-27 — 1 files
2026-03-26 11:14:00,629 INFO   69/901 files | 経過 0.8分 | 残り推定 9.8分
2026-03-26 11:14:00,694 INFO [70/242] updated_date=2018-10-05 — 1 files
2026-03-26 11:14:01,306 INFO   70/901 files | 経過 0.8分 | 残り推定 9.8分
2026-03-26 11:14:01,367 INFO [71/242] updated_date=2018-10-12 — 1 files
2026-03-26 11:14:01,941 INFO   71/901 files | 経過 0.8分 | 残り推定 9.8分
2026-03-26 11:14:02,006 INFO [72/242] updated_date=2018-10-26 — 1 files
2026-03-26 11:14:02,624 INFO   72/901 files | 経過 0.8分 | 残り推定 9.8分
2026-03-26 11:14:02,690 INFO [73/242] updated_date=2018-11-02 — 1 files
2026-03-26 11:14:03,245 INFO   73/901 files | 経過 0.9分 | 残り推定 9.7分
2026-03-26 11:14:03,308 INFO [74/242] updated_date=2018-11-09 — 1 files
2026-03-26 11:14:03,873 INFO   74/901 files | 経過 0.9分 | 残り推定 9.7分
2026-03-26 11:14:03,931 INFO [75/242] updated_date=2018-11-16 — 1 files
2026-03-26 11:14:04,493 INFO   75/901 files | 経過 0.9分 | 残り推定 9.7分
2026-03-26 11:14:04,562 INFO [76/242] updated_date=2018-12-11 — 1 files
2026-03-26 11:14:05,102 INFO   76/901 files | 経過 0.9分 | 残り推定 9.7分
2026-03-26 11:14:05,167 INFO [77/242] updated_date=2018-12-22 — 1 files
2026-03-26 11:14:05,829 INFO   77/901 files | 経過 0.9分 | 残り推定 9.7分
2026-03-26 11:14:05,904 INFO [78/242] updated_date=2019-01-01 — 1 files
2026-03-26 11:14:06,537 INFO   78/901 files | 経過 0.9分 | 残り推定 9.6分
2026-03-26 11:14:06,621 INFO [79/242] updated_date=2019-01-11 — 1 files
2026-03-26 11:14:07,354 INFO   79/901 files | 経過 0.9分 | 残り推定 9.7分
2026-03-26 11:14:07,443 INFO [80/242] updated_date=2019-01-25 — 1 files
2026-03-26 11:14:08,056 INFO   80/901 files | 経過 0.9分 | 残り推定 9.6分
2026-03-26 11:14:08,126 INFO [81/242] updated_date=2019-02-21 — 1 files
2026-03-26 11:14:08,691 INFO   81/901 files | 経過 0.9分 | 残り推定 9.6分
2026-03-26 11:14:08,756 INFO [82/242] updated_date=2019-03-02 — 1 files
2026-03-26 11:14:09,362 INFO   82/901 files | 経過 1.0分 | 残り推定 9.6分
2026-03-26 11:14:09,613 INFO [83/242] updated_date=2019-03-11 — 1 files
2026-03-26 11:14:10,223 INFO   83/901 files | 経過 1.0分 | 残り推定 9.6分
2026-03-26 11:14:10,282 INFO [84/242] updated_date=2019-03-22 — 1 files
2026-03-26 11:14:10,872 INFO   84/901 files | 経過 1.0分 | 残り推定 9.6分
2026-03-26 11:14:10,932 INFO [85/242] updated_date=2019-04-01 — 1 files
2026-03-26 11:14:11,506 INFO   85/901 files | 経過 1.0分 | 残り推定 9.6分
2026-03-26 11:14:11,573 INFO [86/242] updated_date=2019-04-11 — 1 files
2026-03-26 11:14:12,183 INFO   86/901 files | 経過 1.0分 | 残り推定 9.6分
2026-03-26 11:14:12,248 INFO [87/242] updated_date=2019-04-25 — 1 files
2026-03-26 11:14:12,927 INFO   87/901 files | 経過 1.0分 | 残り推定 9.5分
2026-03-26 11:14:12,986 INFO [88/242] updated_date=2019-05-03 — 1 files
2026-03-26 11:14:13,603 INFO   88/901 files | 経過 1.0分 | 残り推定 9.5分
2026-03-26 11:14:13,670 INFO [89/242] updated_date=2019-05-09 — 1 files
2026-03-26 11:14:14,236 INFO   89/901 files | 経過 1.0分 | 残り推定 9.5分
2026-03-26 11:14:14,297 INFO [90/242] updated_date=2019-05-29 — 1 files
2026-03-26 11:14:14,851 INFO   90/901 files | 経過 1.1分 | 残り推定 9.5分
2026-03-26 11:14:14,915 INFO [91/242] updated_date=2019-06-07 — 1 files
2026-03-26 11:14:15,470 INFO   91/901 files | 経過 1.1分 | 残り推定 9.5分
2026-03-26 11:14:15,538 INFO [92/242] updated_date=2019-06-14 — 1 files
2026-03-26 11:14:16,106 INFO   92/901 files | 経過 1.1分 | 残り推定 9.4分
2026-03-26 11:14:16,166 INFO [93/242] updated_date=2019-06-27 — 1 files
2026-03-26 11:14:16,774 INFO   93/901 files | 経過 1.1分 | 残り推定 9.4分
2026-03-26 11:14:16,843 INFO [94/242] updated_date=2019-07-12 — 1 files
2026-03-26 11:14:17,414 INFO   94/901 files | 経過 1.1分 | 残り推定 9.4分
2026-03-26 11:14:17,486 INFO [95/242] updated_date=2019-07-23 — 1 files
2026-03-26 11:14:18,074 INFO   95/901 files | 経過 1.1分 | 残り推定 9.4分
2026-03-26 11:14:18,144 INFO [96/242] updated_date=2019-08-13 — 1 files
2026-03-26 11:14:18,772 INFO   96/901 files | 経過 1.1分 | 残り推定 9.4分
2026-03-26 11:14:18,843 INFO [97/242] updated_date=2019-08-22 — 1 files
2026-03-26 11:14:19,458 INFO   97/901 files | 経過 1.1分 | 残り推定 9.4分
2026-03-26 11:14:19,528 INFO [98/242] updated_date=2019-09-12 — 1 files
2026-03-26 11:14:20,118 INFO   98/901 files | 経過 1.1分 | 残り推定 9.3分
2026-03-26 11:14:20,184 INFO [99/242] updated_date=2019-09-26 — 1 files
2026-03-26 11:14:20,780 INFO   99/901 files | 経過 1.2分 | 残り推定 9.3分
2026-03-26 11:14:20,841 INFO [100/242] updated_date=2019-10-10 — 1 files
2026-03-26 11:14:21,385 INFO   100/901 files | 経過 1.2分 | 残り推定 9.3分
2026-03-26 11:14:21,448 INFO [101/242] updated_date=2019-10-18 — 1 files
2026-03-26 11:14:22,060 INFO   101/901 files | 経過 1.2分 | 残り推定 9.3分
2026-03-26 11:14:22,120 INFO [102/242] updated_date=2019-10-25 — 1 files
2026-03-26 11:14:22,680 INFO   102/901 files | 経過 1.2分 | 残り推定 9.3分
2026-03-26 11:14:22,751 INFO [103/242] updated_date=2019-11-08 — 1 files
2026-03-26 11:14:23,336 INFO   103/901 files | 経過 1.2分 | 残り推定 9.2分
2026-03-26 11:14:23,410 INFO [104/242] updated_date=2019-11-22 — 1 files
2026-03-26 11:14:24,087 INFO   104/901 files | 経過 1.2分 | 残り推定 9.2分
2026-03-26 11:14:24,168 INFO [105/242] updated_date=2019-12-05 — 1 files
2026-03-26 11:14:24,841 INFO   105/901 files | 経過 1.2分 | 残り推定 9.2分
2026-03-26 11:14:24,910 INFO [106/242] updated_date=2019-12-13 — 1 files
2026-03-26 11:14:25,503 INFO   106/901 files | 経過 1.2分 | 残り推定 9.2分
2026-03-26 11:14:25,569 INFO [107/242] updated_date=2020-01-10 — 1 files
2026-03-26 11:14:26,221 INFO   107/901 files | 経過 1.2分 | 残り推定 9.2分
2026-03-26 11:14:26,334 INFO [108/242] updated_date=2020-01-23 — 1 files
2026-03-26 11:14:26,955 INFO   108/901 files | 経過 1.3分 | 残り推定 9.2分
2026-03-26 11:14:27,022 INFO [109/242] updated_date=2020-01-30 — 1 files
2026-03-26 11:14:27,635 INFO   109/901 files | 経過 1.3分 | 残り推定 9.2分
2026-03-26 11:14:27,692 INFO [110/242] updated_date=2020-02-14 — 1 files
2026-03-26 11:14:28,228 INFO   110/901 files | 経過 1.3分 | 残り推定 9.2分
2026-03-26 11:14:28,289 INFO [111/242] updated_date=2020-02-24 — 1 files
2026-03-26 11:14:28,863 INFO   111/901 files | 経過 1.3分 | 残り推定 9.2分
2026-03-26 11:14:28,931 INFO [112/242] updated_date=2020-03-06 — 1 files
2026-03-26 11:14:29,490 INFO   112/901 files | 経過 1.3分 | 残り推定 9.1分
2026-03-26 11:14:29,551 INFO [113/242] updated_date=2020-03-23 — 1 files
2026-03-26 11:14:30,127 INFO   113/901 files | 経過 1.3分 | 残り推定 9.1分
2026-03-26 11:14:30,194 INFO [114/242] updated_date=2020-03-27 — 1 files
2026-03-26 11:14:30,777 INFO   114/901 files | 経過 1.3分 | 残り推定 9.1分
2026-03-26 11:14:30,835 INFO [115/242] updated_date=2020-04-03 — 1 files
2026-03-26 11:14:31,410 INFO   115/901 files | 経過 1.3分 | 残り推定 9.1分
2026-03-26 11:14:31,483 INFO [116/242] updated_date=2020-05-13 — 1 files
2026-03-26 11:14:32,069 INFO   116/901 files | 経過 1.3分 | 残り推定 9.1分
2026-03-26 11:14:32,152 INFO [117/242] updated_date=2020-05-21 — 1 files
2026-03-26 11:14:32,832 INFO   117/901 files | 経過 1.4分 | 残り推定 9.1分
2026-03-26 11:14:32,910 INFO [118/242] updated_date=2020-05-29 — 1 files
2026-03-26 11:14:33,525 INFO   118/901 files | 経過 1.4分 | 残り推定 9.0分
2026-03-26 11:14:33,586 INFO [119/242] updated_date=2020-06-05 — 1 files
2026-03-26 11:14:34,261 INFO   119/901 files | 経過 1.4分 | 残り推定 9.0分
2026-03-26 11:14:34,329 INFO [120/242] updated_date=2020-06-12 — 1 files
2026-03-26 11:14:34,973 INFO   120/901 files | 経過 1.4分 | 残り推定 9.0分
2026-03-26 11:14:35,043 INFO [121/242] updated_date=2020-06-19 — 1 files
2026-03-26 11:14:35,703 INFO   121/901 files | 経過 1.4分 | 残り推定 9.0分
2026-03-26 11:14:35,767 INFO [122/242] updated_date=2020-07-16 — 1 files
2026-03-26 11:14:36,411 INFO   122/901 files | 経過 1.4分 | 残り推定 9.0分
2026-03-26 11:14:36,479 INFO [123/242] updated_date=2020-07-23 — 1 files
2026-03-26 11:14:37,127 INFO   123/901 files | 経過 1.4分 | 残り推定 9.0分
2026-03-26 11:14:37,202 INFO [124/242] updated_date=2020-07-29 — 1 files
2026-03-26 11:14:37,888 INFO   124/901 files | 経過 1.4分 | 残り推定 9.0分
2026-03-26 11:14:37,948 INFO [125/242] updated_date=2020-08-10 — 1 files
2026-03-26 11:14:38,604 INFO   125/901 files | 経過 1.4分 | 残り推定 9.0分
2026-03-26 11:14:38,670 INFO [126/242] updated_date=2020-08-21 — 1 files
2026-03-26 11:14:39,316 INFO   126/901 files | 経過 1.5分 | 残り推定 9.0分
2026-03-26 11:14:39,396 INFO [127/242] updated_date=2020-08-24 — 1 files
2026-03-26 11:14:40,292 INFO   127/901 files | 経過 1.5分 | 残り推定 9.0分
2026-03-26 11:14:40,357 INFO [128/242] updated_date=2020-09-01 — 1 files
2026-03-26 11:14:41,011 INFO   128/901 files | 経過 1.5分 | 残り推定 9.0分
2026-03-26 11:14:41,077 INFO [129/242] updated_date=2020-09-08 — 1 files
2026-03-26 11:14:41,797 INFO   129/901 files | 経過 1.5分 | 残り推定 9.0分
2026-03-26 11:14:41,873 INFO [130/242] updated_date=2020-09-14 — 1 files
2026-03-26 11:14:42,566 INFO   130/901 files | 経過 1.5分 | 残り推定 9.0分
2026-03-26 11:14:42,633 INFO [131/242] updated_date=2020-09-21 — 1 files
2026-03-26 11:14:43,352 INFO   131/901 files | 経過 1.5分 | 残り推定 9.0分
2026-03-26 11:14:43,427 INFO [132/242] updated_date=2020-09-25 — 1 files
2026-03-26 11:14:44,128 INFO   132/901 files | 経過 1.5分 | 残り推定 9.0分
2026-03-26 11:14:44,196 INFO [133/242] updated_date=2020-10-01 — 1 files
2026-03-26 11:14:44,876 INFO   133/901 files | 経過 1.6分 | 残り推定 9.0分
2026-03-26 11:14:44,948 INFO [134/242] updated_date=2020-10-15 — 1 files
2026-03-26 11:14:45,604 INFO   134/901 files | 経過 1.6分 | 残り推定 9.0分
2026-03-26 11:14:45,671 INFO [135/242] updated_date=2020-10-22 — 1 files
2026-03-26 11:14:46,260 INFO   135/901 files | 経過 1.6分 | 残り推定 8.9分
2026-03-26 11:14:46,317 INFO [136/242] updated_date=2020-10-29 — 1 files
2026-03-26 11:14:46,886 INFO   136/901 files | 経過 1.6分 | 残り推定 8.9分
2026-03-26 11:14:46,941 INFO [137/242] updated_date=2020-11-09 — 1 files
2026-03-26 11:14:47,517 INFO   137/901 files | 経過 1.6分 | 残り推定 8.9分
2026-03-26 11:14:47,579 INFO [138/242] updated_date=2020-11-23 — 1 files
2026-03-26 11:14:48,149 INFO   138/901 files | 経過 1.6分 | 残り推定 8.9分
2026-03-26 11:14:48,212 INFO [139/242] updated_date=2020-12-07 — 1 files
2026-03-26 11:14:48,803 INFO   139/901 files | 経過 1.6分 | 残り推定 8.9分
2026-03-26 11:14:48,872 INFO [140/242] updated_date=2020-12-21 — 1 files
2026-03-26 11:14:49,444 INFO   140/901 files | 経過 1.6分 | 残り推定 8.9分
2026-03-26 11:14:49,506 INFO [141/242] updated_date=2021-01-05 — 1 files
2026-03-26 11:14:50,106 INFO   141/901 files | 経過 1.6分 | 残り推定 8.8分
2026-03-26 11:14:50,187 INFO [142/242] updated_date=2021-01-18 — 1 files
2026-03-26 11:14:50,804 INFO   142/901 files | 経過 1.7分 | 残り推定 8.8分
2026-03-26 11:14:50,878 INFO [143/242] updated_date=2021-02-01 — 1 files
2026-03-26 11:14:51,449 INFO   143/901 files | 経過 1.7分 | 残り推定 8.8分
2026-03-26 11:14:51,517 INFO [144/242] updated_date=2021-02-15 — 1 files
2026-03-26 11:14:52,093 INFO   144/901 files | 経過 1.7分 | 残り推定 8.8分
2026-03-26 11:14:52,157 INFO [145/242] updated_date=2021-03-01 — 1 files
2026-03-26 11:14:52,730 INFO   145/901 files | 経過 1.7分 | 残り推定 8.8分
2026-03-26 11:14:52,792 INFO [146/242] updated_date=2021-03-15 — 1 files
2026-03-26 11:14:53,362 INFO   146/901 files | 経過 1.7分 | 残り推定 8.8分
2026-03-26 11:14:53,443 INFO [147/242] updated_date=2021-04-13 — 1 files
2026-03-26 11:14:54,083 INFO   147/901 files | 経過 1.7分 | 残り推定 8.8分
2026-03-26 11:14:54,153 INFO [148/242] updated_date=2021-05-10 — 1 files
2026-03-26 11:14:54,715 INFO   148/901 files | 経過 1.7分 | 残り推定 8.7分
2026-03-26 11:14:54,780 INFO [149/242] updated_date=2021-05-24 — 1 files
2026-03-26 11:14:55,385 INFO   149/901 files | 経過 1.7分 | 残り推定 8.7分
2026-03-26 11:14:55,451 INFO [150/242] updated_date=2021-06-07 — 1 files
2026-03-26 11:14:56,034 INFO   150/901 files | 経過 1.7分 | 残り推定 8.7分
2026-03-26 11:14:56,107 INFO [151/242] updated_date=2021-06-22 — 1 files
2026-03-26 11:14:56,719 INFO   151/901 files | 経過 1.8分 | 残り推定 8.7分
2026-03-26 11:14:56,779 INFO [152/242] updated_date=2021-07-05 — 1 files
2026-03-26 11:14:57,334 INFO   152/901 files | 経過 1.8分 | 残り推定 8.7分
2026-03-26 11:14:57,397 INFO [153/242] updated_date=2021-07-19 — 1 files
2026-03-26 11:14:57,983 INFO   153/901 files | 経過 1.8分 | 残り推定 8.7分
2026-03-26 11:14:58,054 INFO [154/242] updated_date=2021-08-02 — 1 files
2026-03-26 11:14:58,606 INFO   154/901 files | 経過 1.8分 | 残り推定 8.6分
2026-03-26 11:14:58,671 INFO [155/242] updated_date=2021-08-16 — 1 files
2026-03-26 11:14:59,280 INFO   155/901 files | 経過 1.8分 | 残り推定 8.6分
2026-03-26 11:14:59,345 INFO [156/242] updated_date=2021-08-30 — 1 files
2026-03-26 11:14:59,875 INFO   156/901 files | 経過 1.8分 | 残り推定 8.6分
2026-03-26 11:14:59,944 INFO [157/242] updated_date=2021-09-27 — 1 files
2026-03-26 11:15:00,537 INFO   157/901 files | 経過 1.8分 | 残り推定 8.6分
2026-03-26 11:15:00,606 INFO [158/242] updated_date=2021-10-11 — 1 files
2026-03-26 11:15:01,182 INFO   158/901 files | 経過 1.8分 | 残り推定 8.6分
2026-03-26 11:15:01,251 INFO [159/242] updated_date=2021-11-04 — 1 files
2026-03-26 11:15:01,917 INFO   159/901 files | 経過 1.8分 | 残り推定 8.6分
2026-03-26 11:15:01,976 INFO [160/242] updated_date=2021-12-23 — 1 files
2026-03-26 11:15:02,580 INFO   160/901 files | 経過 1.8分 | 残り推定 8.6分
2026-03-26 11:15:02,653 INFO [161/242] updated_date=2022-02-01 — 1 files
2026-03-26 11:15:03,286 INFO   161/901 files | 経過 1.9分 | 残り推定 8.5分
2026-03-26 11:15:03,358 INFO [162/242] updated_date=2022-02-02 — 1 files
2026-03-26 11:15:03,981 INFO   162/901 files | 経過 1.9分 | 残り推定 8.5分
2026-03-26 11:15:04,054 INFO [163/242] updated_date=2022-03-09 — 1 files
2026-03-26 11:15:04,632 INFO   163/901 files | 経過 1.9分 | 残り推定 8.5分
2026-03-26 11:15:04,740 INFO [164/242] updated_date=2022-04-05 — 1 files
2026-03-26 11:15:05,312 INFO   164/901 files | 経過 1.9分 | 残り推定 8.5分
2026-03-26 11:15:05,376 INFO [165/242] updated_date=2022-04-06 — 1 files
2026-03-26 11:15:05,983 INFO   165/901 files | 経過 1.9分 | 残り推定 8.5分
2026-03-26 11:15:06,055 INFO [166/242] updated_date=2022-05-05 — 1 files
2026-03-26 11:15:06,700 INFO   166/901 files | 経過 1.9分 | 残り推定 8.5分
2026-03-26 11:15:06,769 INFO [167/242] updated_date=2022-05-16 — 1 files
2026-03-26 11:15:07,379 INFO   167/901 files | 経過 1.9分 | 残り推定 8.5分
2026-03-26 11:15:07,455 INFO [168/242] updated_date=2022-07-29 — 1 files
2026-03-26 11:15:08,142 INFO   168/901 files | 経過 1.9分 | 残り推定 8.5分
2026-03-26 11:15:08,224 INFO [169/242] updated_date=2022-08-02 — 1 files
2026-03-26 11:15:08,871 INFO   169/901 files | 経過 2.0分 | 残り推定 8.5分
2026-03-26 11:15:08,934 INFO [170/242] updated_date=2022-08-06 — 1 files
2026-03-26 11:15:09,549 INFO   170/901 files | 経過 2.0分 | 残り推定 8.4分
2026-03-26 11:15:09,617 INFO [171/242] updated_date=2022-08-07 — 1 files
2026-03-26 11:15:10,353 INFO   171/901 files | 経過 2.0分 | 残り推定 8.4分
2026-03-26 11:15:10,419 INFO [172/242] updated_date=2022-10-02 — 1 files
2026-03-26 11:15:11,036 INFO   172/901 files | 経過 2.0分 | 残り推定 8.4分
2026-03-26 11:15:11,100 INFO [173/242] updated_date=2022-11-02 — 1 files
2026-03-26 11:15:11,699 INFO   173/901 files | 経過 2.0分 | 残り推定 8.4分
2026-03-26 11:15:11,764 INFO [174/242] updated_date=2023-12-11 — 1 files
2026-03-26 11:15:12,316 INFO   174/901 files | 経過 2.0分 | 残り推定 8.4分
2026-03-26 11:15:12,378 INFO [175/242] updated_date=2024-07-19 — 1 files
2026-03-26 11:15:12,988 INFO   175/901 files | 経過 2.0分 | 残り推定 8.4分
2026-03-26 11:15:13,049 INFO [176/242] updated_date=2024-11-08 — 1 files
2026-03-26 11:15:13,621 INFO   176/901 files | 経過 2.0分 | 残り推定 8.4分
2026-03-26 11:15:13,686 INFO [177/242] updated_date=2025-07-15 — 1 files
2026-03-26 11:15:14,343 INFO   177/901 files | 経過 2.0分 | 残り推定 8.4分
2026-03-26 11:15:14,401 INFO [178/242] updated_date=2025-07-16 — 1 files
2026-03-26 11:15:15,009 INFO   178/901 files | 経過 2.1分 | 残り推定 8.3分
2026-03-26 11:15:15,077 INFO [179/242] updated_date=2025-07-22 — 1 files
2026-03-26 11:15:17,610 INFO   179/901 files | 経過 2.1分 | 残り推定 8.5分
2026-03-26 11:15:17,755 INFO [180/242] updated_date=2025-07-23 — 2 files
2026-03-26 11:16:10,799 INFO   181/901 files | 経過 3.0分 | 残り推定 11.9分
2026-03-26 11:16:10,864 INFO [181/242] updated_date=2025-07-24 — 1 files
2026-03-26 11:16:24,242 INFO   182/901 files | 経過 3.2分 | 残り推定 12.7分
2026-03-26 11:16:24,324 INFO [182/242] updated_date=2025-07-25 — 1 files
2026-03-26 11:16:26,666 INFO   183/901 files | 経過 3.2分 | 残り推定 12.7分
2026-03-26 11:16:26,736 INFO [183/242] updated_date=2025-07-26 — 1 files
2026-03-26 11:16:29,409 INFO   184/901 files | 経過 3.3分 | 残り推定 12.8分
2026-03-26 11:16:29,479 INFO [184/242] updated_date=2025-07-27 — 1 files
2026-03-26 11:16:31,210 INFO   185/901 files | 経過 3.3分 | 残り推定 12.9分
2026-03-26 11:16:31,299 INFO [185/242] updated_date=2025-07-28 — 1 files
2026-03-26 11:16:33,018 INFO   186/901 files | 経過 3.4分 | 残り推定 12.9分
2026-03-26 11:16:33,093 INFO [186/242] updated_date=2025-07-29 — 1 files
2026-03-26 11:16:34,542 INFO   187/901 files | 経過 3.4分 | 残り推定 12.9分
2026-03-26 11:16:34,609 INFO [187/242] updated_date=2025-07-30 — 1 files
2026-03-26 11:16:35,749 INFO   188/901 files | 経過 3.4分 | 残り推定 12.9分
2026-03-26 11:16:35,821 INFO [188/242] updated_date=2025-07-31 — 1 files
2026-03-26 11:16:36,946 INFO   189/901 files | 経過 3.4分 | 残り推定 12.9分
2026-03-26 11:16:37,021 INFO [189/242] updated_date=2025-08-04 — 1 files
2026-03-26 11:16:37,653 INFO   190/901 files | 経過 3.4分 | 残り推定 12.8分
2026-03-26 11:16:37,716 INFO [190/242] updated_date=2025-08-18 — 1 files
2026-03-26 11:16:38,345 INFO   191/901 files | 経過 3.4分 | 残り推定 12.8分
2026-03-26 11:16:38,413 INFO [191/242] updated_date=2025-08-27 — 1 files
2026-03-26 11:16:39,037 INFO   192/901 files | 経過 3.5分 | 残り推定 12.8分
2026-03-26 11:16:39,102 INFO [192/242] updated_date=2025-08-28 — 1 files
2026-03-26 11:16:39,738 INFO   193/901 files | 経過 3.5分 | 残り推定 12.7分
2026-03-26 11:16:39,805 INFO [193/242] updated_date=2025-08-29 — 1 files
2026-03-26 11:16:40,575 INFO   194/901 files | 経過 3.5分 | 残り推定 12.7分
2026-03-26 11:16:40,642 INFO [194/242] updated_date=2025-09-03 — 1 files
2026-03-26 11:16:41,287 INFO   195/901 files | 経過 3.5分 | 残り推定 12.6分
2026-03-26 11:16:41,362 INFO [195/242] updated_date=2025-09-08 — 1 files
2026-03-26 11:16:41,992 INFO   196/901 files | 経過 3.5分 | 残り推定 12.6分
2026-03-26 11:16:42,056 INFO [196/242] updated_date=2025-09-09 — 1 files
2026-03-26 11:16:42,629 INFO   197/901 files | 経過 3.5分 | 残り推定 12.6分
2026-03-26 11:16:42,703 INFO [197/242] updated_date=2025-09-22 — 1 files
2026-03-26 11:16:43,299 INFO   198/901 files | 経過 3.5分 | 残り推定 12.5分
2026-03-26 11:16:43,369 INFO [198/242] updated_date=2025-09-23 — 1 files
2026-03-26 11:16:43,974 INFO   199/901 files | 経過 3.5分 | 残り推定 12.5分
2026-03-26 11:16:44,043 INFO [199/242] updated_date=2025-09-24 — 1 files
2026-03-26 11:16:44,633 INFO   200/901 files | 経過 3.5分 | 残り推定 12.4分
2026-03-26 11:16:44,703 INFO [200/242] updated_date=2025-09-25 — 1 files
2026-03-26 11:16:45,264 INFO   201/901 files | 経過 3.6分 | 残り推定 12.4分
2026-03-26 11:16:45,332 INFO [201/242] updated_date=2025-09-26 — 1 files
2026-03-26 11:16:45,942 INFO   202/901 files | 経過 3.6分 | 残り推定 12.4分
2026-03-26 11:16:46,010 INFO [202/242] updated_date=2025-09-27 — 1 files
2026-03-26 11:16:46,655 INFO   203/901 files | 経過 3.6分 | 残り推定 12.3分
2026-03-26 11:16:46,716 INFO [203/242] updated_date=2025-09-28 — 1 files
2026-03-26 11:16:47,321 INFO   204/901 files | 経過 3.6分 | 残り推定 12.3分
2026-03-26 11:16:47,377 INFO [204/242] updated_date=2025-09-29 — 1 files
2026-03-26 11:16:47,952 INFO   205/901 files | 経過 3.6分 | 残り推定 12.2分
2026-03-26 11:16:48,021 INFO [205/242] updated_date=2025-09-30 — 1 files
2026-03-26 11:16:48,647 INFO   206/901 files | 経過 3.6分 | 残り推定 12.2分
2026-03-26 11:16:48,706 INFO [206/242] updated_date=2025-10-01 — 1 files
2026-03-26 11:16:49,370 INFO   207/901 files | 経過 3.6分 | 残り推定 12.2分
2026-03-26 11:16:49,439 INFO [207/242] updated_date=2025-10-02 — 1 files
2026-03-26 11:16:49,995 INFO   208/901 files | 経過 3.6分 | 残り推定 12.1分
2026-03-26 11:16:50,061 INFO [208/242] updated_date=2025-10-03 — 1 files
2026-03-26 11:16:50,619 INFO   209/901 files | 経過 3.6分 | 残り推定 12.1分
2026-03-26 11:16:50,687 INFO [209/242] updated_date=2025-10-04 — 1 files
2026-03-26 11:16:51,274 INFO   210/901 files | 経過 3.7分 | 残り推定 12.0分
2026-03-26 11:16:51,339 INFO [210/242] updated_date=2025-10-05 — 1 files
2026-03-26 11:16:51,932 INFO   211/901 files | 経過 3.7分 | 残り推定 12.0分
2026-03-26 11:16:51,991 INFO [211/242] updated_date=2025-10-06 — 1 files
2026-03-26 11:16:52,569 INFO   212/901 files | 経過 3.7分 | 残り推定 12.0分
2026-03-26 11:16:52,647 INFO [212/242] updated_date=2025-10-07 — 1 files
2026-03-26 11:16:53,268 INFO   213/901 files | 経過 3.7分 | 残り推定 11.9分
2026-03-26 11:16:53,332 INFO [213/242] updated_date=2025-10-08 — 1 files
2026-03-26 11:16:53,925 INFO   214/901 files | 経過 3.7分 | 残り推定 11.9分
2026-03-26 11:16:53,981 INFO [214/242] updated_date=2025-10-09 — 1 files
2026-03-26 11:16:54,590 INFO   215/901 files | 経過 3.7分 | 残り推定 11.9分
2026-03-26 11:16:54,663 INFO [215/242] updated_date=2025-10-10 — 160 files
2026-03-26 11:43:34,920 INFO   375/901 files | 経過 30.4分 | 残り推定 42.6分
2026-03-26 11:43:35,019 INFO [216/242] updated_date=2025-10-11 — 1 files
2026-03-26 11:43:37,964 INFO   376/901 files | 経過 30.4分 | 残り推定 42.5分
2026-03-26 11:43:38,041 INFO [217/242] updated_date=2025-10-12 — 1 files
2026-03-26 11:43:38,763 INFO   377/901 files | 経過 30.5分 | 残り推定 42.3分
2026-03-26 11:43:38,836 INFO [218/242] updated_date=2025-10-13 — 1 files
2026-03-26 11:43:39,582 INFO   378/901 files | 経過 30.5分 | 残り推定 42.2分
2026-03-26 11:43:39,660 INFO [219/242] updated_date=2025-10-14 — 1 files
2026-03-26 11:43:40,335 INFO   379/901 files | 経過 30.5分 | 残り推定 42.0分
2026-03-26 11:43:40,397 INFO [220/242] updated_date=2025-10-15 — 1 files
2026-03-26 11:43:41,074 INFO   380/901 files | 経過 30.5分 | 残り推定 41.8分
2026-03-26 11:43:41,165 INFO [221/242] updated_date=2025-10-16 — 1 files
2026-03-26 11:43:41,956 INFO   381/901 files | 経過 30.5分 | 残り推定 41.6分
2026-03-26 11:43:42,034 INFO [222/242] updated_date=2025-10-17 — 1 files
2026-03-26 11:43:42,905 INFO   382/901 files | 経過 30.5分 | 残り推定 41.5分
2026-03-26 11:43:42,976 INFO [223/242] updated_date=2025-10-18 — 1 files
2026-03-26 11:43:43,614 INFO   383/901 files | 経過 30.5分 | 残り推定 41.3分
2026-03-26 11:43:43,675 INFO [224/242] updated_date=2025-10-19 — 1 files
2026-03-26 11:43:44,300 INFO   384/901 files | 経過 30.5分 | 残り推定 41.1分
2026-03-26 11:43:44,368 INFO [225/242] updated_date=2025-10-20 — 1 files
2026-03-26 11:43:45,013 INFO   385/901 files | 経過 30.6分 | 残り推定 41.0分
2026-03-26 11:43:45,082 INFO [226/242] updated_date=2025-10-21 — 1 files
2026-03-26 11:43:45,657 INFO   386/901 files | 経過 30.6分 | 残り推定 40.8分
2026-03-26 11:43:45,728 INFO [227/242] updated_date=2025-10-22 — 1 files
2026-03-26 11:43:46,317 INFO   387/901 files | 経過 30.6分 | 残り推定 40.6分
2026-03-26 11:43:46,377 INFO [228/242] updated_date=2025-10-23 — 1 files
2026-03-26 11:43:46,976 INFO   388/901 files | 経過 30.6分 | 残り推定 40.4分
2026-03-26 11:43:47,082 INFO [229/242] updated_date=2025-10-24 — 1 files
2026-03-26 11:44:20,931 INFO   389/901 files | 経過 31.2分 | 残り推定 41.0分
2026-03-26 11:44:21,042 INFO [230/242] updated_date=2025-10-25 — 1 files
2026-03-26 11:44:21,686 INFO   390/901 files | 経過 31.2分 | 残り推定 40.8分
2026-03-26 11:44:21,751 INFO [231/242] updated_date=2025-10-26 — 1 files
2026-03-26 11:44:22,387 INFO   391/901 files | 経過 31.2分 | 残り推定 40.7分
2026-03-26 11:44:22,451 INFO [232/242] updated_date=2025-10-27 — 1 files
2026-03-26 11:44:47,385 INFO   392/901 files | 経過 31.6分 | 残り推定 41.0分
2026-03-26 11:44:47,451 INFO [233/242] updated_date=2025-10-28 — 1 files
2026-03-26 11:44:48,042 INFO   393/901 files | 経過 31.6分 | 残り推定 40.9分
2026-03-26 11:44:48,096 INFO [234/242] updated_date=2025-10-29 — 1 files
2026-03-26 11:44:48,737 INFO   394/901 files | 経過 31.6分 | 残り推定 40.7分
2026-03-26 11:44:48,805 INFO [235/242] updated_date=2025-10-30 — 1 files
2026-03-26 11:44:54,866 INFO   395/901 files | 経過 31.7分 | 残り推定 40.6分
2026-03-26 11:44:54,969 INFO [236/242] updated_date=2025-10-31 — 1 files
2026-03-26 11:44:55,702 INFO   396/901 files | 経過 31.7分 | 残り推定 40.5分
2026-03-26 11:44:55,776 INFO [237/242] updated_date=2025-11-01 — 1 files
2026-03-26 11:44:56,627 INFO   397/901 files | 経過 31.7分 | 残り推定 40.3分
2026-03-26 11:44:56,700 INFO [238/242] updated_date=2025-11-02 — 1 files
2026-03-26 11:44:57,334 INFO   398/901 files | 経過 31.8分 | 残り推定 40.1分
2026-03-26 11:44:57,395 INFO [239/242] updated_date=2025-11-03 — 1 files
2026-03-26 11:44:58,012 INFO   399/901 files | 経過 31.8分 | 残り推定 40.0分
2026-03-26 11:44:58,086 INFO [240/242] updated_date=2025-11-04 — 1 files
2026-03-26 11:44:58,701 INFO   400/901 files | 経過 31.8分 | 残り推定 39.8分
2026-03-26 11:44:58,771 INFO [241/242] updated_date=2025-11-05 — 1 files
2026-03-26 11:44:59,419 INFO   401/901 files | 経過 31.8分 | 残り推定 39.6分
2026-03-26 11:44:59,490 INFO [242/242] updated_date=2025-11-06 — 500 files
2026-03-26 12:42:49,599 INFO   901/901 files | 経過 89.6分 | 残り推定 0.0分
2026-03-26 12:42:49,835 INFO 完了 → derived/openalex_snapshot_mentions.tsv
2026-03-26 12:42:49,853 INFO canonical 中央値: 3  non-canon 中央値: 0
