filename	n_pages	title_extracted	year_extracted	year_hint	vol	issue	n_footnotes	all_cited_names	intro_however_count	intro_against_count	intro_following_count	intro_argues_count	intro_text	error
Ablow 2025.pdf	20	Revenge Tragedy: Harriet Martineau, the Haitian Revolution, and Reparations Rachel Ablow		2025			29		0	0	1	0	"Revenge Tragedy: Harriet Martineau, the Haitian Revolution, and Reparations Rachel Ablow EarlyoninHarrietMartineau's""HistoricalRomance""oftheHaitianRev- olution,TheHourandtheMan(1841),ababyiskilled.1 The revolutionhas justbegun,andtheheroofthenovel,ToussaintL'Ouverture,isleadinghis family, along with some neighbors, to safety. Hearing people approaching, thegrouphidesinarecessneartheroadandwaitsforthemtopassby. Theywerenowverynear.WhetheritwasthatThérèse,infearofher infantcrying,presseditsoclosetoherbosomastoawakenit,or whethertherumblingandtrampingalongtheroadrouseditssleeping ear,—thechildstirred,andbeganwhatpromisedtobealongshrill wawl,ifithadnotbeenstopped.Howitwasstopped,thetrembling, sickeningmotherherselfdidnotknow.Sheonlyknewthatastrong handwrenchedthechildfromhergraspintheblackdarkness,andthat allwasstill,unless,asshethenandeverafterhadashudderingappre- hension,therewassomethingofaslightgurglewhichreachedher strainedear.[H,p.34] Assoonasthedangerhaspassed,Thérèsesearchesfranticallyforherchild but to no avail—and despite her pleading, her enslaver, M. Papalier, will notallowhertoremainbehindtocontinuehersearch.""'Itwasyourchild,'"" sheremindshim.""'Andyouaremine,too,mydear,'""Papalierresponds.""'I cannotspareyouboth'""(H,p.34).Wedonotlearnthefateofthechilduntil severalhundredpageslater,whenThérèseispersuadedbyToussainttotend to Papalier on his deathbed. ""'I swore long ago that I would not tell [who 1. SeeHarrietMartineau,TheHourandtheMan:AHistoricalRomance(NewYork,1856), p.34;hereafterabbreviatedH. 516 Rachel Ablow / Revenge Tragedy didit];andIneverwill'""Papaliertellsherwhenshedemandsthetruth:""'But you may lay the blame on me, my dear; for, as I told you, I permitted the deed.Itwasnecessary.Ourlivesdependedonit.'""Thérèse is""agonisedby suspicionsastowhosehanditwasbywhichherchildhaddied.""Neverthe- less, ""in a moment, she formed a resolve which she never broke,—never again to seek to know that which Papalier now refused to tell."" Although the novel never explicitly identifies Toussaint as responsible for the child's death,itisdifficulttoimagineanyotherwaytoaccountforbothThérèse's disquietat""thenewdoubtsthathadarisen""inthewakeofherconversation withPapalierandherdecisiontodesistfromseekingthetruthofwhatex- actlyhappenedtoherchild(H,p.303). The death is clearly described as horrifying, and the reader is encour- aged to condemn Papalier for his callous acceptance of the loss. ""'These sad accidents will happen at such times,'"" he tells Thérèse (H, p. 34). Yet at the same time, there is no suggestion in the text that Toussaint should becondemnedforhisact.Asnumerouscriticshaveobserved—andsome have complained—The Hour and the Man has nothing but praise for its centralcharacter.Asoneearlyreviewerwrote,inToussaint,Martineaupro- vides an ""impersonation of Duty—of noble purposes and lofty thoughts."" The consequence is to make him seem ""above nature and humanity—the merecreatureoftheimagination.""2MarcusWood'smorerecentassessment isstillharsher:Martineau'sgoal,h"	
Abu-Lughod 2020.pdf	27	' Imagining Palestine s Alter-Natives: Settler Colonialism and Museum Politics Lila Abu-Lughod		2020			55	Tatour	0	0	0	1	"' Imagining Palestine s Alter-Natives: Settler Colonialism and Museum Politics Lila Abu-Lughod Settler colonialism has arrived. The productive power of the paradigm wasmarkedbythe2011launchofSettlerColonialStudies.Thecentralityof thequestionofPalestinefromthestartisevidentinthemanyforumsand articlesthathavesince appeared inthis journal,theearliest being aforum edited by four emerging scholars who were then graduate students.1 The conversation they started about the frame of ""settler colonialism"" in Pal- estinian studies continues to this day as it is unpacked and interrogated.2 Thisessaybeganlifeasthe2015EdwardSaidMemorialLectureattheAmericanUniversity inCairo;tooknewformforthe2018CliffordGeertzCommemorativeLectureatPrinceton University;andthenshiftedagainthankstoaninvitationtospeakatthePalestinianMuseum inMay2018,withcosponsorshipfromtheIsraelStudiesProgramatBirzeitUniversity.Audi- encequestionsandtheguidanceofmanycolleaguesandfriendshavebeeninvaluable:Rana Barakat,ChiaraDeCesari,JuliaElyachar,DidierFassin,FerialGhazoul,RemaHammami,Lara Khaldi,CatherineLutz,TaraMatalka,LynnMeskell,MonicaMinnegal,TimothyMitchell, HelenPringle,SophieRichter-Devroe,LeslieRobinson,AhmadH.Sa'di,NaderaShalhoub- Kevorkian,LanaTatour,andmyColumbiaUniversitycolleagues,NadiaAbuEl-Haj,Mahmood Mamdani,ElizabethPovinelli,AudraSimpson,andPaigeWestdeservespecialmention.The excellentsuggestionsoftheeditorsofCriticalInquiry,particularlyOritBashkinandW.J.T. Mitchell,sharpenedmyarguments. 1. See""PastisPresent:SettlerColonialisminPalestine,""aspecialissueofSettlerColonial Studies2,no.1(2012).OmarJabarySalamanca,MeznaQato,KareemRabie,andSobhiSamour editedthevolumebasedonaconferenceattheSchoolofOrientalandAfricanStudies(SOAS) UniversityofLondon.TheissueincludedanArabictranslationofafield-defining2006essay byPatrickWolfe;seePatrickWolfe,""ArabicTranslation:SettlerColonialismandtheElimina- tionoftheNative(2006),""trans.DaliaTaha,SettlerColonialStudies2,no.1(2012):226–52.It alsoincludedaremarkable1965piecebyFayezSayeghthatframedPalestineas""settlercolo- nial""andinvokedinternationalsolidarities;seeFayezSayegh,""ZionistColonialisminPalestine (1965),""SettlerColonialStudies2,no.1(2012):206–25. 2. SeeNadimN.RouhanaandAreejSabbagh-Khoury,""Settler-ColonialCitizenship:Con- ceptualizingtheRelationshipbetweenIsraelanditsPalestinianCitizens,""SettlerColonialStudies5, 2 Lila Abu-Lughod / Imagining Palestine's Alter-Natives Iwaspuzzledinitiallybythisexplosionofthinkingandwritingaboutset- tler colonialism, struck by the apparent historical amnesia of the scholars analyzingIsrael/Palestineinthesenovelterms.Afterall,MaximeRodinson's bookwas calledIsrael: ASettlerColonial State?(translatedin1973 into En- glish). In the same year, the theme of the annual convention of the Arab- AmericanUniversityGraduates(AAUG)was""NationalLiberationandSet- tlerRegimes.""Myfather, Ibrahim Abu-Lughod, aPalestinian scholarwho since1967hadalsobeenassociatedirectoroftheprograminAfricanStudies atNorthwestern,wasoneoftheorganizers.Wit"	
Adams 2021.pdf	3	Anticipatory Care Carol J. Adams	2020	2021			4		0	0	0	0	"Anticipatory Care Carol J. Adams 5 April 2020 I'vebeentalkingtomydogsmorefrequentlythesedaysbecause,asItell them,theyhavenoideaaboutthecoronavirus pandemic oratleastaren't communicatingtheirthoughtsabouttheissuetome.Today,Inkytheres- cuedMinpinlayonthepenultimatesteptothesecondfloorasIleanedover to address him on this subject; ""You don't know anything about this, do you?""Hewasbarelycommittedtotheconversation.AsIrubbedhisback, I thought about a recent call from my sister. She had called to urge me to setupasickroominourhouse,now.Now,shedirected,beforeeithermy partnerorIfellillwiththevirus.Shelisteditemstoputintheroom(extra sheets and towels, cleaning supplies), the tasks of preparation we should donow.Idutifullywrotethelistdownbutfoundthatwhenshesaid""and clear off all surfaces, now,"" I stopped. Perhaps we have more tchotchkes thanmost,buttheideaofclearingoffallthesurfacesofthedesignatedsick- roomseemedgoingtoofar. The fault line between the real and the imagined threat of coronavirus couldbefoundrightthere—WillIdosomethingaboutthosesurfacespop- ulatedwithitems?Theideaisthatifyouremovethemnow,thentherewould be fewer surfaces that might contain the virus to wipe down if someone be- cameillwiththedisease.Ishouldhavebeenthinkingoftherealpossibilities oftheneedsofanillperson.Assomeonewhoprovidedcaretoothers,shouldn't Ihavetraversedthespacebetweentherealandthepossiblemoreeasily?A quick read of Jessica Lustig's ""What I Learned When My Husband Got SickwithCoronavirus""couldhavejumpstartedmypriorities.1Alltheyears 1. SeeJessicaLustig,""WhatILearnedWhenMyHusbandGotSickwithCoronavirus,""New YorkTimes,24Mar.2020,www.nytimes.com/2020/03/24/magazine/coronavirus-family.html ofcaregivingforourparentsthatmysistersandIshared,followingwhatI called""theruleofthegooddaughter,""2andherewasthefirsttestofwhata postparental caregiving situation might require. I was balking. My sister continued, ""Don't shake out the dirty clothes before washing them.""Who,Iwondered,shakesoutclothesbeforewashingthemanyway? Butsuchaspecificimage,thesickperson'sclothes,theneedtowashthem, theneedtowashyourownclothesaftertendingthesickperson,theperson standinginfrontofthewashingmachine,seemedtobridgetherealandthe possiblewithurgency.Shesaid,""YouneedaplanB,yougetsick,andplanC thepersonyoulivewithgetssick.""Shewasurgingwhatwemightcallan- ticipatory care. Of professional caregiving, in crisis because of federal inac- tion, an eviscerated health care system, and the absence of needed equip- ment, there is not much we individually can do—unless we are sewing masks,anineteenth-centuryanswerinatwenty-first-centuryworld.Forcol- lective caregiving, our responsibility is clear—flatten the curve. Personal caregiving such as Lustig describes (Advil in a plastic dish, doing laundry, tryingtogetherhusbandtoeatsomething,wipingdowntheshower,switches, faucets,well...everywhere)islearnedintheworkofit.Thereports,suchas Lustig's may awaken us to anticipatory care—this practical work of thinking about""Whatifthevirusstrike"	
Al-Bahloly 2020.pdf	39	The Migration of a Form: An Ancient Concept of Justice Resurfaces in the Modern Artwork Saleem Al-Bahloly		2020			69	Icharacterizethisperiodintermsofaproblemofrepresentation	0	0	0	0	"The Migration of a Form: An Ancient Concept of Justice Resurfaces in the Modern Artwork Saleem Al-Bahloly Inthesoulofmanthereisajusticewhose retributionsareinstant andentire. –Ralph WaldoEmerson1 Al-Husaynwasnothingmorethan thecryofTruth...for hisrevoltrenewsinthe souls[ofbelievers] thespirit oftrue devotion andintegrity,relieving them ofthe weightofinjustice andoppression. –Hibaal-Din al-Shahrastani2 Ihaveusedsimilitudes. –Hosea 12:10 Theysay,""WehavekilledJesustheMessiah,sonofMary,messengerofGod.""Andthey didnotkillnordidtheycrucifyhimbutrathertheykilledandcrucifiedasemblance. –Sūratal-Nisāʾ4:157 Intheyearsfollowingeventsthat,betweenFebruaryandNovember1963, ledtoameltdownofpoliticallife,anewkindofartpracticeappearedinBagh- dad.Gallerieswereopening,andtheirwallswerehungwithpaintingsand printsthatdidnottrytorepresentthesocialworldasartistshaddoneinthe 1950s.Theworksthatstartedtoappearwereinsteadturnedinward,inanat- tempttoarticulateaninner state.Thepublicspherethathadformedover theprecedingdecadescontracted,andanewrealmofindividualexperience emergedinitsplace.Itmaynotbeunusualintheshadowsofdictatorship forindividualexperiencetoacquireahermeneuticdepth,andforthatdepth toreplacethepublicityofaliberalpublicsphere,buttheshiftinartpractice thatoccurredinBaghdadduringtheseyears,fromthepaintingof lifetothe ThispaperisbasedonresearchsupportedbyagrantfromtheSocialScienceResearch Council,butitwaslargelywrittenandrewrittenduringaMellonPostdoctoralFellowshipat JohnsHopkinsUniversity.IoweagreatdebttoGabrielleSpiegelandtheparticipantsofthe MellonSeminarfortheircommentsonanearlydraft;tomyothercolleaguesatHopkins whoseconversationshapedmythinking,PaulDelnero,NiloofarHaeri,NaveedaKhan,Michael Degani,JohannaRichlin,Tamerel-Leithy,ÜnverRüstem,andLoumiaFerhat;toStefania Pandolfo,NadaShabout,ShaulSetter,andtheeditorsofCriticalInquiryforreadingdifferent versionsofthepaper;andtoMayMuzaffar,Diaal-Azzawi,Sultanal-Qassemi,andCharles Pocock.PublicationoffiguresincolorwasmadepossiblebytheBarjeelArtFoundation. Unlessotherwisenoted,alltranslationsaremyown. 1. RalphWaldoEmerson,""AnAddress,""inTheEssentialWritingsofRalphWaldoEmerson, ed.BrooksAtkinson(NewYork,2000),p.64. 2. Hibatal-Dīnal-H(cid:1)usaynīal-Shahrastānī,Nahdạtal-H(cid:1)usayn(1925;Karbala,1969),pp.47– 48;hereafterabbreviatedN. Correction:Aftertheissuewenttopress,""word""waschangedto""concept""inthesecondparagraph onp.90. formulationofwhatwemightcallagrammarofexperience,wassingularbe- cause it was initiated by the reactivation of an ancient political concept that linkedjusticetoastateof mind. This concept appeared, on the literary page of newspapers where ex- hibitionswerereviewed,underthewordtruth(al-hạ qīqa).Itcanbetraced toatheoryofgovernanceintheQurʾan,butitacquireditsdefinitivechar- acterasastateofmindinthetenthcentury,whenamysticaltraditionformed around the cultivation of inner states (ahẉ āl) and when the cultivation of thosestateswaspoliticizedbyaconfrontationoverspiritualauthoritythat eruptedbetweenthecaliphont"	
Alff 2021.pdf	19	Make Way for Infrastructure David Alff		2021			62	British Culture|ThePromiseofInfrastructure|the English	0	1	0	0	"Make Way for Infrastructure David Alff In1694,theYorkshirelawyerGeorgeMeritonpenneda""littlemethodical Pocket-Book""toacquaintroadsurveyorswiththeirduties.1Thisguideopens bydefininghighwaysin""ourLaw-Language""as""transitusalocoadlocum,the passagefromoneplacetoanother""(G,pp.1,2).Shouldaroadsurfacegrow ""foundrousandbad,""Meritonexplains,travelersmaydetouroveradjacent land""fortheKingsSubjectsoughttohaveagoodPassage,andgoodPassage istheWay,andnotonlythebeatenTrack""(G,pp.5,6).Meriton'sglossdis- tinguishesbetweenasubject'srighttomove(way),movement(passage),and movement'srecord(track).Travelersenjoyalegalwaythattracesyetexceeds thetrack'sribbonofhoofprintsandcartruts.Wherethetrackaccumulates andarchivespastuseinsoil,thewayaccommodatesusersondemandbyau- thorizingthemtobeatnewtracksaroundblockage.Roadallowsthepursuitof ""goodPassage""alongaslewofpotentialcoursesthatdefy""geographicalcon- sistency.""2Commonlaw,Meritonrecognizes,treatsthehighwayasanadap- tiveexerciseratherthanastaticterrain.3 Inrecentyears,anthropologistshavearrivedatideasofinfrastructurethat preserve the functional character of Meriton's roads. Brian Larkin defines IamgratefultoThomasLeonard-Roy,DeidreShaunaLynch,StephanieDeGooyer,andthe HarvardEighteenthCenturyandRomanticismColloquiumfortheopportunitytosharean earlydraftofthisessay.ThankyoutoJamesMulholland,HeatherKeenleyside,andtheentire 1. GeorgeMeriton,AGuidetoSurveyorsoftheHigh-Ways(London,1694),p.A4v;hereafter abbreviatedG. 2. AndrewMcRae,LiteratureandDomesticTravelinEarlyModernEngland(NewYork, 2009),p.118. 3. Meriton'sargumentwouldinfluencescoresoflaterlegalwriters,andrecirculateverbatim inpopulartreatiseslikeWilliamHawkins'sATreatiseofthePleasoftheCrown,2vols.(Lon- don,1716),1:201,andRichardBurn'sJusticeofthePeace,andParishOfficer,4vols.(London, 1793),2:500. 626 David Alff / Make Way for Infrastructure infrastructureasthingsandtherelationsthatbindthem:""matterthatenable themovementofothermatter""and""objectsthatcreatethegroundsonwhich otherobjectsoperate.""4NikhilAnand,AkhilGupta,andHannahAppeltrace infrastructuretotheoperativeintervalsthatgeneraterelation,""spatiotempo- ral projects"" that stockpile and exhaust combinatorial potential.5 Penny Harveycallsinfrastructure'shappening""assemblage,""thetamingof""un- stable and noncoherent gatherings of heterogeneous materials, skills, and practices.""6 Whether defined as relation, duration, or collation, the object chartedhereisnotafixedformbutaformalscenario,aneventbywhichstan- dardsoflivingare""formedasordinary.""7 Bystrippingawayinfrastructure'shardsurfacesandoccultedgeartoex- poseamoment ofconvergence, anunfolding when,ethnographers are re- vivingwithintheirresearchobjectcenturies-oldideasofhowpeoplederive utilityfromtheworld.8Thisarticleclaimsthateideticreductionhasbrought usfullcircle,sculptingapost-structuralideaofinfrastructurethatresembles premodernversionsofitself.Britonsoftheseventeenthandeighteenthcen- turies never imagined what English speakers today call infrastructure as a settledandsolidthing"	
Alloa 2021.pdf	4	Coronavirus: A Contingency that Eliminates Contingency Emmanuel Alloa	2020	2021			2		0	0	2	0	Coronavirus: A Contingency that Eliminates Contingency Emmanuel Alloa 20 April 2020 Themechanismissadlyfamiliar:eachcrisishasitsdesignatedculprits.For thesovereigntists,thispandemicistobeblamedonderegulatedbordercross- ings; for the anticommunists, it is the negligence of a Chinese government that would rather see its citizens die than assume its hazardous initial re- sponse;forconspiracytheoristsstill,itisanAmericanchemicalweaponover whichsecretserviceshavelostcontrol.Whilecollapsologyisrejoicing,after havingwarnedusforyearsofanimpendingimplosionoftheplanet,others stillseeitasasign,profaneordivine,ofalltherecenterrorsofhumanity,from hypermobilitytooverconsumption.Inthetwenty-firstcentury,aviralpan- demicisreplacingthetenscourgesofEgypt,akindofcollectivecastigation aimedatproducingageneralizedawakening,andwecanalreadyhearallof these self-proclaimed omens explaining to us what will have to change, in thefamousafterofourcollectiveresurrection. What is remarkable in this range of reactions is the tone of certainty that comes with their verdict. This is even more striking when one reads the explanations put forward by some leading intellectuals. Many of them seemtobelittleshakenbywhatishappeningtous,soeageraretheytoex- plaintousthateverythingtheyhavebeensayingforyearshasthusprovedto beright.Wefindourselvesenvyingtheirconfidence.Indeed,everythingwould besimplerifwecouldblamethecoronavirusoneitherfinancialcapitalismor biopolitical states of exception. One would almost catch oneself, in moments ofshameforbelongingtothehumanrace,dreamingofamasochisticrevenge onplanetEarth,asifGaiawerefinallymakingHomosapienspayforallthatit S74 Emmanuel Alloa / Coronavirus hasinflictedontheplanetforcenturies.Infact,doesn'ttheworldstrangely resemblethosepostapocalypticscenariosthatHollywoodhasfeduswithin itscatastrophe movies, with spectral-lookingmetropolises and depopulated urban arteries? In a reverse movement, as if in Disney's old documentary TheLivingDesert(dir.JamesAlgar,1953)onhowliferegainstheupperhand eveninthemosthostileenvironments,today,itlooksasifnaturewasrecol- onizingtheterritoriesleftunoccupiedbecauseofthelockdown.InGreece,it isfinwhalesthatareonceagainventuringintotheharbors,inChile,pumas comedownfromtheCordilleratofeedinthecitycenters,whileinVenice, thelagoonwatersunperturbedbycruiseshipsendupbecomingcrystalclear again. The true meaning of the coronavirus crisis would therefore be this one, its urgent ecological message, an uppercut jabbed by Mother Nature, toallthosewhodidnotwanttolistentothealarmbellsrepeatedlysounded, from André Gorz to Greta Thunberg. Howsimpleitwouldbeifwewereabletoprovideaneasyexplanationto this crisis that would win our immediate support, if only so that we could then do repentance, alone or on a planetary scale. No wonder, then, that the etiological machine is running at full throttle; great crises are above all ordeals of sense, and in the absence of visibility, it is easier to take refuge incomfortingstories—evenwhenthesehavedo	
Arnaud 2021.pdf	34	""" "" Garments of Thought : Writing Signs and the Critique of Logocentrism Sabine Arnaud"		2021			61	Muets	0	0	2	0	""" "" Garments of Thought : Writing Signs and the Critique of Logocentrism Sabine Arnaud If,whilestayinginaforeigncountry,inConstantinopleforexampleorinPersia,you wantedtodressinthenationalcostume,wouldtheartisanyouwouldcallforworry abouttheshapeofyourFrenchgarment?Wouldhecountthenumberofitsdifferent pieces?Wouldheconsideranythingotherthanyoursizeandtheproportionsofyour body?...Imitatehim:wordsandsignsarethesimplegarmentsofthought.1 With this anecdote, Rémi Valade introduced Essai sur la grammaire du langagenatureldessignesàl'usagedesinstituteursdesourds-muetsavecplanches et figures (Essay on the Grammar of theNatural Language of Signs for the UseofTeachersofDeaf-Mutes,1854),illuminatingthedistinctionbetween the syntax of sign language and that of speech. Sign language, he argued, should not translate spoken French literally but stand in direct relation to thought.Withthissalvo,hetookapowerfulpositionagainstthepositions thatabbotsCharles-Micheldel'ÉpéeandRochAmbroiseCucurronSicard put forth in the development of anothersign languagetradition, based on the autonomy of sign language. This was not a move to be taken lightly, asValadewasessentiallyestablishinghimselfinoppositiontothefirsttwo leaders of the first school to develop pedagogical techniques based on the useofsignlanguage,whichservedasamodelforthedevelopmentofped- agogyforthedeafinEuropeandintheUS.2 Unlessotherwisenoted,alltranslationsaremyown. 1. RémiValade,EssaisurlaGrammairedulangagenatureldessignesà'usagedesinstituteurs desourds-muetsavecplanchesetfigures(Paris,1854),p.xiii. 2. InthecontextofthisarticleIavoidusingDeafwithacapitalDbecauseofitsanachro- nisticcharacter.FollowingAnneliesKusters,MaartjeDeMeulder,andDaiO'Brien'sposition intheintroductiontotheirbookInnovationsinDeafStudies:TheRoleofDeafScholars,Ihave decidedtousethetermdeafwithasmalldasthemostinclusivetermthroughoutthearticle, whennoothertermispromptedbythecontext;seeAnneliesKusters,MaartjeDeMeulder, Atthetime,whilediscussingLanguedesSignesFrançaise(LSF),teachers andwritersalloverEuropewerethinkingaboutsignlanguageandgivingita universal scope. Therenown of these Frenchteachers drewassistants who wantedtolearntheirmethod,oftenwiththesupportoftheirgovernments.3 Oncetrained,theywouldmovebacktotheircountryoforiginandopena school;thisoccurredintheNetherlands,theGermanlands,Italy,andSpain, amongothers,andhadtheeffectofspreadingdel'Épée'ssystemofmethod- ical signs and making it seem universal.4 The link to American Sign Lan- guage (ASL) would turn out to be the strongest of all.5 During a trip to andDaiO'Brien,""InnovationsinDeafStudies:CriticallyMappingtheField,""inInnovationsin DeafStudies:TheRoleofDeafScholars,ed.Kusters,DeMeulder,O'Brien(NewYork,2017), pp.13–15.Ikeepthetermsdeaf-muteanddeafandmuteanytimethattheyareusedbytheau- thorsthatIquoteandinthenamesoftheinstitutions.Atthetimeofdel'ÉpéeandPierre Desloges,theappellationsinuseweredeafandmutes.Thecompoundworddeaf-mutecirculated inFrancefromtheFrenchrevolution,whenthedecisionwasmad"	
Aronowsky 2021.pdf	22	Gas Guzzling Gaia, or: A Prehistory of Climate Change Denialism Leah Aronowsky		2021			45	ScientistsonGaia|the twentieth-centuryUnitedStates	1	0	0	0	"Gas Guzzling Gaia, or: A Prehistory of Climate Change Denialism Leah Aronowsky Introduction Considerthefollowingexcerptfroma1995advertorialpublishedbythe oil and gas conglomerate known today as ExxonMobil: To thosewhothinkindustryandnaturecannotcoexist,wesayshow alittlerespectforMotherNature.Sheisonestronglady,resilientand capableofrejuvenation.Theenvironmentrecoverswellfromboth naturalandman-madedisasters....Doesthisjustifyorlessenthe impactofindustrialpollution?Ofcoursenot.Ourmainpointisthat nature,overthemillennia,haslearnedtocope.MotherNatureis prettysuccessfulintakingonhumannature.1 Theadisoftenpointedtobysocialscientistsasillustrativeofadistinctgenre ofclimatechangedenialism,inwhichfossil-fuelcorporationssoweddoubt not by denying the phenomenon of global warming but by naturalizing it. Comparing ExxonMobil's public messaging with its private reports, Geof- freySupranandNaomiOreskeshaveshownthatadslikethesewerepartof a public relations campaign meant to downplay the risks of climate change, mounted while the company's own scientists were internally sounding the alarm.2Thisessay,however,contendswithadifferentdimensionofthismar- ketingstrategy.Iamconcernedlesswiththesocialorpoliticalendsofadslike 1. QuotedinGeoffreySupranandNaomiOreskes,""AssessingExxonMobil'sClimate ChangeCommunications(1977–2014),""EnvironmentalResearchLetters12,no.8(2017):8. 2. Seeibid.SeealsoKatieJennings,DinoGrandoni,andSusanneRust,""HowExxonWent fromLeadertoSkepticonClimateChangeResearch,""LosAngelesTimes,23Oct.2015, graphics.latimes.com/exxon-research/ thesethanwiththereasoningthatfirstbroughtthemintoexistence.Iwantto know:Bywhatlogicdiditbecomepossibletothinkoftheplanetasanentity ""resilientandcapableofrejuvenation""?Whywasitthecasethatastatement aboutthenaturalworld'sabilitytorestoreitselfinthefaceofpollutants—as having""learnedtocope,""inExxonMobilspeak—madesensetobeginwith? WhatIamafterherearetheconditionsofpossibilityofclimatechangedenial- ism: the epistemicandconceptual conditions that made certainstatements aboutfossilfuels'effectontheclimatenotonlypossiblebutalsoplausible. These are the conditions—the modes of knowledge production and the theoreticalassumptionsabouttheverynatureoftheclimate—thatdefined therangeofpossibilitiesforclimatechangedenialism.Iftheclimatecrisisis adefiningfeatureofcontemporarylife,andif,followingMichelFoucault, societies are implicitly circumscribed by a set of precepts that define ""the limits and forms of the sayable,"" then a study of the historical conditions thatlentlegibilitytodenialismasadiscursivedomainwouldgoalongway towardaprojectofhistoricizingthepresent.3 In this spirit, my object of inquiry is the Gaia hypothesis, the theory— firstelaboratedbyJamesLovelockinthe1970s—thattheEarthisahomeo- staticsystemsustainedbylifeitself.Gaiaproposesthat,throughaseriesof tightlycoupledbiochemicalfeedbackloops,thewholeofplanetarylifecol- lectively and autonomously works to maintain the planet's environmental conditionswithinanarrowrangeofhabitability.I"	
Ayers 2021.pdf	4	OK, Zoomer! Bill Ayers	2020	2021			1		0	0	1	0	"OK, Zoomer! Bill Ayers 27 April 2020 Yes,yes,I'mteachingmyclassesonZoom(☹).It'sweirdforme,butI've gotit(Ithink),and,againstmywillandbetterjudgment,Ifeelalittlethrill and a burst of relief each time class ends without the internet exploding. I push all the right buttons, issue all the appropriate commands. Oh, joy! (☺).Sohereweare,suddenly,allofus:distancelearning,e-learning,online teaching, virtual classrooms—thewhole bewildering turmoil. I soldier on, necessarilybutnothappily,allthewhilewithanirritatingchorusofcheer- leadersinthebackgroundpushingmeforward:""onlinelearningisanexcel- lent way to increase student engagement and differentiate instruction;"" ""digital tools save time and do the heavy lifting by providing ready to use lesson plans, instructional materials, and assessments;"" ""distance learning can continue delivering instruction without disruption even in events like snowdaysorthe COVID-19pandemic.""EverylineoffendswhatI knowto betrueaboutteachingandmysenseofwhatitcanachieve,butwow!snow daysorCOVID-19—thatprettymuchcoversthewaterfront;wait!betteradd floodsandfiresandextremeweather. IwasparticularlyannoyedwhenIsawmyneighborArneDuncan,former SecretaryofEducation,onTVfinding,asalways,asilverlininginthecatas- trophe(after Katrina, youmayremember, hefamously declared thatNew Orleans was now liberated to create a whole new school system from scratch!),thistimeusheringinthepandemicasdressrehearsalforthe""class- roomsofthefuture.""Comeon,Arne—Zoomisnotthefutureofclassroom lifeorteaching.Infact,thatresponsebetraysastaggeringignoranceabout the nature of each. When I saw Arne jogging while on my walk the other S86 Bill Ayers / OK, Zoomer! day, I suppressed the desire to strangle him and, fortunately, remembered thatIcouldn'tgetcloserthansixfeet. Of course distance learning is nothing new—I took a correspondence course on figure drawing in the 1950s (a bust in my case, although I liked thecoloredpencils)andwastemptedtotakeanotheronbodybuildingof- fered by Charles Atlas (the advertisement in the back of my comic books promised I could transform myself from a ""97-pound weakling"" into a tough guy who would never again allow abullyto kick sandin myface at thebeach—ofcourseIdidn'thaveabeach,butwhatever).Correspondence coursesanddistancelearningstretchinalldirections—backto1873andthe foundingoftheUSSocietytoEncourageStudiesatHome,onwardto2008 whensalvationwasofferedintheformofMOOCs,ormassiveopenonline courses.AcolleagueofmineattheUniversityofIllinoisatChicagotoldme in1995thate-learningrepresentedtheendofeducationalinequity:""Inthe remotestvillageintheThirdWorld,orthemostsegregatedpoorneighbor- hoodinthiscity,astudentwillbeabletoaccessthebestprofessorsandhear thebestlectureevergivenonRomeoandJuliet!""OMG! The""GreatBooksProgram""hasbeenaroundfordecades,andthe""Great Courses,""aseriesofvideoclassesproducedanddistributedbythefor-profit Teaching Company based inChantilly, Virginia, claimsto havedeveloped over seven hundred courses and sold over fourteen million copies—"	
Bao 2023.pdf	34	Set Design Thinking and the Art of the Human Weihong Bao		2023			54	China|ProgressiveEducationacrosstheContinents|Xiaoxuexiaojiaocaijiaofazhiyanjiunos|alsoThomasMullaney	0	0	0	2	Set Design Thinking and the Art of the Human Weihong Bao Today'scriticalecologyhasledustoseemediaitselfaspartoftheenvi- ronmentoflife.Buthowdidenvironment becomeacategoryof knowledge, amodelofexplanation,andapracticeofpowerthatenablesourmediaeco- logicalcritiqueinthefirstplace?Howdoestheconceptofenvironment— notasanobjectofprotection butasthewaywe perceive andrelate tothe world—interactwithnotionsandpracticesofmedia?Wherecanwelocate thisentwinedhistoryofmedium/environment,andwheredoesthehuman (and which human?) stand in the human/technology/nature triad thator- ganizesthishistory? Onecrucialarea,Iargue,issetdesign,whoseephemeral,almostlow-tech constructofenvironmentilluminatesthesequestionsinsurprisingways.In thisregard,Iexplorethetwindevelopmentsofenvironmentalthinkingand setdesigninearlytwentieth-centuryChina,consideringthemasaproduc- tive and perilous problematic of epistemology, technology, and aesthetics. What is especially remarkable about set design in China is that it exceeds its usual confines in film and theater to play a shaping role in industrial and colonial modernity. This means that set design is distinct from what we often call scenography, whose history has been traced centuries back invariousculturalcontexts.Instead,setdesignisarathermoderntechnics oforganization,adispositif involvingaestheticandtechnicalarrangements ofhumanandenvironmentwithtremendoussocialconsequences. Unlessotherwisenoted,alltranslationsaremyown. ThisessayhasbenefitedfromdiscussionsattheCenterforComparativeMediaatColumbia University,theMediaEnvironmentworkinggroup,theWorldmakingreadinggroupatFreie UniversitätBerlin,Ludwig-Maximilians-UniversitätMünchen,andtheSuzyNewhouseCenter fortheHumanities.IthankmycoeditorsDanielMorganandJacobGabouryaswellasthe AsItrytoshow,setdesign'sall-too-human-centeredworldingcastslight ontheunderpinningofourAnthropocene,which,inidentifyinghumanbe- ingsasgeophysicalforcesdetrimentaltonature,apparentlyremainsimper- vioustochangingconcepts ofenvironmentanddifferentialresponsibilities amongandacrosshumansandnature.1Inearlytwentieth-century Chinese discourse, the mutual articulation of human and environment moved be- yondanysimpleantithesis.Inthiscontext,setdesignprovidesnotonlyfic- tional constructs but laboratories to explore the plural dimensions of the human-environment nexus. Tweaking intellectual history with aesthetic theoryandpractice,Itaketheconceptualhistoryofenvironment—abroader categorythannature—asbothmaterialandmedialhistorybeyondtheWest inordertoprovideanalternategenealogy.SetdesignseenthroughtheChi- nesecontext,Iargue,providesamodelforthemediumintermsof environ- ment—anopen,evolving,dynamicecology.Thisdynamic,whichchallenges thedyadictopologyoforganismversusenvironment,neverthelessshouldnot beapproachedineuphoricbutincriticalterms.Itinvitesustoattendtoboth thecreativestrategiesandthornypoliticsinvolved. WhatmakessetdesigninChinainstrumentaltoindustrialandcolonial modernityisitsflourishingattheintersectionbetweendesignandp	
Bao et al 2023.pdf	14	Introduction: Medium/Environment Weihong Bao, Jacob Gaboury, and Daniel Morgan		2023			22		0	0	0	1	"Introduction: Medium/Environment Weihong Bao, Jacob Gaboury, and Daniel Morgan Ecological crises provoked by technological transformations under the pressure of capitalism have prompted a move toward new modes of envi- ronmentalthinkingwithinthehumanitiesandsocialsciences.Acriticallo- cus has been media studies, where the environmental quality of media as thatwhich surrounds and connects us—along with the resource-intensive requirements for the production and circulation of media forms—has led toadramaticrefiguringofthediscipline'sobjectsandmethods.Astechnol- ogiessaturateourplanet,mediahaveballoonedtotakeupourentireliving sphere.Ourlivingenvironment—air,earth,ocean,sky—hasbecomesaturated bymediatechnologiesrangingfromplanetarysatellites,underseacables,sur- veillancecameras,andubiquitousscreens,suchthatourunderstandingofme- diumhascometobetheorizedinenvironmentalterms.Here,mediumisnota staticobject.Morethanasetofdiscretetechnologies,the veryconceptofa medium has evolved into a complex ecology with flexible boundaries, seen mostreadilyinthecontextofinfrastructures,systems,andnetworks.Taken inthisexpansiveframe,allmediamaybeunderstoodasenvironmental.This doesnotmeanthatmediasimplyreflectormediatenatureasithasbeenhis- toricallyconstructed—afamiliarargumentwithincriticaltheory—butrather thatallenvironments,naturalorartificial,becomesitesforthemediationof ThisissuegrewfromaconferenceorganizedbyWeihongBao,JacobGaboury,andKristen WhisselattheUniversityofCalifornia,Berkeleyon27–28April2018.Wewouldliketothank theDepartmentofFilmandMediaaswellastheconferenceparticipantswhocontributedto ourendeavorinsubstantialways,especiallyMarisaBrandt,DenizGorkturk,HuTung-Hui, TomMcEnanym,AnnaMcCarthy,LisaParks,MarcSteinberg,JonathanSterne,andDamon Young.Wearealsoindebtedtotheassistanceofourstudents,especiallyHarryBursonand JianqingChen,alongwithnumerousvolunteers,whomadetheconferencesuchamemorable experience. 302 Weihong Bao, Jacob Gaboury, and Daniel Morgan / Introduction livingsystems.Itisaseismicshiftintheconceptualframeofadiscipline,as wellas modernlife,thatposes abasicquestion.Howis itthattheseterms havebecomesobroadlycoconstitutive,andhowdoestheirdialecticalrela- tion transformthe very notionof our contemporary mediaenvironment? ""Mediadetermineoursituation,""FriedrichKittlerfamouslywrote.1""New media are new environments,"" said Marshall McLuhan.2 Famous phrases, both, and we invoke them here less for their specific claims than for the waytheyinsistthattechnologicalmedianeverstaywithintheirlanes.Theidea thatmediastructureourphysicalandlivedexperiencesisbynomeansanew one, but it has become unavoidable in the wake of the unceasing physical transformations around us. This has prompted many media scholars to move away from a focus on specific media forms—film, television, radio, andothers—suchthatanyspatialortemporaltechnique—clock,door,ship, architecture,orinfrastructure—maybetakentocountasamediumsolong asitstructuresoursenseofenvironment.3Eventhenotionofenvironment, mu"	
Barker 2024.pdf	24	You Have Been Misconnected Meghanne Barker	2019	2024			85	Kazakhstani Childhood|the Department	1	0	0	1	"You Have Been Misconnected Meghanne Barker InAugust2019,Jean-PierreMeston,aneighty-six-year-oldParisian,struck upaconversationwithajoliedameonthe46bus.Itturnedouttheyhadbeen bornjustamonthapartandbothhadbattledcancer.Havingfallen""under thecharmofthisprettylady,""Jean-Pierredescendedfromthebuswithout askingforhernameandnumber,whichheimmediatelyregretted.""Iaman idiot,""hewroteafterwardsinalettertoher.Hemadetwenty-fivecopiesand postedthemalongthebusroute.Streetcleanersregularlytorethemdown, buthereturnedeachdaytopostthemagain.1 Jean-Pierrestoodoutasquaintbecauseofhisrelianceonoldtechnolo- gies—penandpaper,copymachine.Heandthejoliedamecrossedpathson physicalplatformsandinfrastructures,andhereliedontheseagaintofind her.Inmanyways,however,thelettertothismysteriouswomanfitsinwith notices that appear on online forums. Personal ads tightly condense within them a personal backstory, even in their articulation of generalized desire.2 Thisarticle focuses onasubcategoryofpersonalsthat isavernacular genre PaulManninggavemetheideaforthispiece,sharedsourcesandideasonthetopic,and offeredindispensablefeedbackasitprogressed.Thisbeganaspartofapanelon""Animating theEveryday""atthe2019AnnualMeetingsoftheAmericanAnthropologicalAssociationin Vancouver,BritishColumbia.Attendeesandcopanelists,alongwithdiscussantSusanLepselter, offeredstimulatingobservations.TiffanyBallofferedimportantinsightonqueernessandmo- dernity,asdidDylanMulvinoninternethistories.Jean-ChristophePlantinprovidedgenerous feedbackondrafts.IamgratefultotheentireeditorialteamatCriticalInquiryforshapingthe pieceintoitspresentform.DanielMorgan,especially,setthegoldstandardforeditorialmen- torship.Unlessotherwisenoted,alltranslationsaremyown. 1. NoëlleLy,""Paris:à86Ans,Jean-PierreRecherchela'JolieDame'Rencontréedansle Bus,""LeParisien,24Aug.2019,www.leparisien.fr/info-paris-ile-de-france-oise/paris-a-86-ans -jean-pierre-recherche-la-jolie-dame-rencontree-dans-le-bus-24-08-2019-8138643.php 2. SeeAlainaLemon,""HermeneuticAlgebra:SolvingforLove,Time/Space,andValuein Putin-EraPersonalAds,""JournalofLinguisticAnthropology18(Sep.2008):236–67. 202 Meghanne Barker / You Have Been Misconnected initsownright,narratinganunexpectedmeeting,thefindingofafaceinthe crowdthatstandsoutfromtheothersandthendisappears.Themostwide- spreadform ofsuchtexts appearsonCraigslist,an onlineclassifiedadssite foundedin1995byCraigNewmark,inasectioncalled""MissedConnections."" Craigslistaddedthe""MissedConnections""categoryin2000,whenem- ployeesreportedlynoticedtherecurrenceofthesepostsintheirregularper- sonals section.3 ItwasFridayafternoon,Sept.27,around5:40.Youstoodinfrontof me,holdingonbecausethecarwascrowded.Iaskedyouifyouwanted tosit.Youdeclined.Youweregettingoffatthenextstop.Inevergot theopportunitytointroducemyself.IfonlyIhadthreestops.Idon't evenknowifpeopleeverlookatthisornot,butit'sworthashot.Ire- allyhopeIrunintoyouagain.Inacityof3millionpeople,Iknowit's acrapshoot.But,I'lltakeagamble.I'llknowit'syouonceyoudescribe yourhair,complexion,andwha"	
Bashkin 2021.pdf	29	The Colonized Semites and the Infectious Disease: Theorizing and Narrativizing 1870–1914 Anti-Semitism in the Levant, Orit Bashkin	2020	2021			59	Funun|PioneerstothePast|the Depart-	2	0	0	0	"The Colonized Semites and the Infectious Disease: Theorizing and Narrativizing 1870–1914 Anti-Semitism in the Levant, Orit Bashkin Overthepastthreeyears,wehavewitnessedanewalliancebetweenJews andMuslimsinanattempttostruggleagainstwhitesupremacyandwhite nationalism. Since 1948, and especially since 1967, the Arab Israeli conflict hassetapartJewsandMuslimsoverthequestionofPalestineandhaslike- wisedividedtheAmericanLeftitself.1Afterthe2016elections,thisstateof affairschangeddramatically.FromSenatorChuckSchumer,whotearfully protestedPresidentDonaldTrump'stravelbanonresidentsofseveralMus- lim countries, to the rabbi of New York City's Congregation Beit Simchat Torah,SharonKleinbaum,whosesynagogue'sLGBTQmembersappeared inMuslimFridayprayersinashowofsolidarity,Jewsevokedtheirownex- periencesasmigrantsandvictimsofracistpersecutiontoprotestAmerican discriminationofMuslims. Muslim activists and community leaders were likewise quick to show theirsupporttoJewishvictimsofwhitenationalism,especiallyaftertheat- tacks on synagogues in Pittsburg and San Diego, comparing different vic- timsofcolonialism,anti-Semitism,andracism.ThisnewMuslim-Jewish alliancewasparticularlynoticeableduringthe2019–2020campaignofSen- ator Bernie Sanders for the leadership of the Democratic Party, which at- tractedMuslimandArabvotersacrossthenation.AsonofPalestinianref- ugees, Amer Zahr wrote in Haaretz that he, and other Arab Americans, Unlessotherwisenoted,alltranslationsaremyown 1. SeeMichaelR.Fischbach,TheMovementandtheMiddleEastHowtheArab-IsraeliCon- flictDividedtheAmericanLeft(Stanford,Calif.,2020). 190 Orit Bashkin / The Colonized Semites and the Infectious Disease backedSanders,""notinspiteofhisJewishness,butbecauseofit.""Sanders, Zahrexplained,""hasoftenspokeofhowhisfamily'shistoryofsufferingin theHolocausthasinformedhisempathyforthatofothers,including...the unjustplightofPalestinianslivingunderIsraelioccupation.""Hiscampaign, whichemphasizedsolidarityandempathy,resonated""mantraswe'vebeen hearingfrom ourArabmomsanddadsforyears....Hesaysthesethings becauseheisJewish,andwehearthemnativelybecauseweareArabs.""2 Our celebration of the ways in which Muslims, Arabs, and Jews evoke and compare among their past and present traumas should not obscure the fact that these efforts have a long history and a unique intellectual ge- nealogy. The understanding that racism—in its anti-Arab, anti-Muslim, and anti-Jewish forms—originated and grew in the same European (and later American) cesspool was prevalent in intellectual circles long before the presidency of Trump and the global rise of racist populism. This arti- cle, consequently, studies the ways in which Arab intellectuals, Christians, and Muslims alike, wrote about modern anti-Semitism and protested the persecution of Jews in Eastern and Western Europe during the four de- cadesprecedingthedemiseoftheOttomanEmpire.Iarguethatthesevery pro-Jewish positions served to encourage a discussion about colonial hy- pocrisy and to promote ecumenical fram"	
Batsaki 2024.pdf	25	The Plant at the End of the World: ' Precious Okoyomon s Invasive Art Yota Batsaki	2020	2024			60	PatrickWilliamsandLauraChrisman	0	0	0	0	"The Plant at the End of the World: ' Precious Okoyomon s Invasive Art Yota Batsaki Twosummersago,thecavernouslastroomofthesprawlingmainsiteof theVeniceBiennalewasgivenovertoaninstallationbytheartistPrecious Okoyomon(fig.1).Enteringthroughasmallantechamberthatmarkedoff theareafromtherestoftheexhibitionwithaheavy,blackdrape,thevisitor wassuddenlyengulfedbythewarmandhumidenvironmentofthehangar- likespace.Anindoorgardencomposedlargelyofanotoriousinvasiveplant, kudzu,whosesaleandcultivationarenowprohibitedinmanyareasofthe UnitedStates,theinstallationalsocontainedsoil,sugarcane,flowingwater, sculptures,andahostofcreaturessuchasbeetlesandbutterflies.Kudzuwas here,asinpastworksbyOkoyomon—aNigerianAmericanmultimediaart- ist,poet,andchefborninLondonandraisedinOhio—thestaroftheshow. Indeed, the Biennale installation incorporated and expanded elements of aprevious kudzu installation, Earthseed (2020), shown at the Museum für ModerneKunst(MMK)inFrankfurtduringthepandemic.Theartist'schoice of a plant invader as the living backbone of these installations is informed bybothkudzu'sfascinatingbiologyanditswindingculturalhistory.Aval- uedplantwithalongtraditionofmedicinalandeconomicusesinitsnative China, Korea, and Japan, kudzu traveled to the United States in the late nineteenth century and subsequently acquired additional layers of signifi- canceinitshostcountry.Fromornamentalexotictopromisingforagecrop, kudzumorphedintheearlytwentiethcenturyintoagovernment-sponsored TheauthorwouldliketothankPeterR.Crane,ThomasB.F.Cummins,William(Ned) Friedman,LucasMertehikian,andDianaSorensenformanyvitalconversationsaboutplantsand people—andtheeditorsofCriticalInquiryfortheirgenerousfeedbackasthisessaytookshape. 586 Yota Batsaki / The Plant at the End of the World FIGURE 1. PreciousOkoyomon,installationviewofToSeetheEarthbeforetheEndofthe World(2022),atthefifty-ninthInternationalArtExhibition—LaBiennalediVenezia,""The MilkofDreams""(2022).PhotobyCleliaCadamuro.Courtesyoftheartist. panacea for the rampant soil erosion brought on by cotton plantations in theAmericanSouth.Thevinequicklyoutstrippedhumanstotakeoverlarge swaths of the landscape, smothering other vegetation and interfering with biodiversityandlandproductivity.Inthisproteanvine,Okoyomonhasfound apotentvehicleforexploringlegaciesofcapitalismandcolonialismandtheir humanandenvironmentaltoll.Notonlydoestheartist'suseofkudzuillu- minatethenexusofrace,migration,andecologicalharmintheAmerican South,butitalsospeakstobroadernature-humanrelationsintheAnthro- pocenewhileputting a spotlighton plantsas an emerging focusof critical inquiryandaestheticpractice. Thisisaplantmoment.Inthelastdecadeorso,criticaltheoryhastaken inspirationfromecofeminism,animalstudies,andcritiquesoftheAnthro- pocenetobroadenourethicalengagementwithmore-than-humanbeings Yota Batsaki is the executive director of Dumbarton Oaks, a Harvard Uni- versity research center, museum, and historic garden located in Washington, D.C. At Dumbarton Oaks she also heads the Pl"	
Belisle 2025.pdf	8	Critical Response I Photography and AI: Why It Matters, Though Brooke Belisle	2022	2025			8		0	0	0	2	"I Photography and AI: Why It Matters, Though Brooke Belisle Hot Dog Sandwich Isahotdogasandwich?Sandwichesseemfamiliarandobvious,easyto define. But millions of answers making up this meme prove otherwise.1 Sandwichexpertsmaytellusrulesofsubstanceandform,outlineexpansive taxonomies,reassureuswithcitationsaboutanEnglishEarl.Aseachentry attemptsamorecomprehensiveandconclusiveanswer,thepedantrycom- pounds. Butthe more totaland definitive the answer seems tobe, theless self-evidentitscriteriaappear.Theverypomposityofthesandwichexpert beginstoreadasawinkingacknowledgementthattheirexpertisecanonlybe performative, their authority self-authorizing. Each iteration of the meme thatclaimstoresolvethequestionaddstotheongoinggag,sothedebategoes absurdlyon. AmandaWasielewski'sessayonAIandphotographytakesupahot-dog- sandwichkindofquestion(seeAmandaWasielewski,""UnnaturalImages:On AI-GeneratedPhotographs,""CriticalInquiry51[Autumn2024]:1–29).Wasielewski asserts that, ""framed within long-standing debates on the ontology of the pho- tographicimage,""heressay""seekstoanswerthequestion:Canphotorealistic AI-generatedimagesbedefinedasphotographs?""(p.6).Herephotography 1. See,forexample,MeganGarber,""It'sNotaSandwich,""Atlantic,5Nov.2015,www .theatlantic.com/entertainment/archive/2015/11/its-not-a-sandwich/414352/;JillianKramer,""Ruth BaderGinsburgWeighsinonWhetheraHotDogIsaSandwich,""FoodandWine,22Mar. 2018,www.foodandwine.com/news/ruth-bader-ginsburg-hot-dog-sandwich;and""IsaHotDog aSandwich?ScienceFinallyhastheAnswer,""Discover,4Apr.2022,www.discovermagazine .com/the-sciences/is-a-hotdog-a-sandwich-science-finally-has-the-answer.ThankstoScottRich- mondforsuggestingthismemeinrelationshiptoAI. 398 Brooke Belisle / Response wouldbethefamiliarsandwichandAI-generatedimagesthehotdogsthatbeg classification. Like the TikTok videos claiming to solve sandwichness once andforall,thisessayproposesacomprehensivetheoryofphotographicness. Photography cancertainly seem familiar, given thatmost people make, see, and circulate what they understand as photographs every day without feelingpuzzledaboutdefiningthem.But,likethesandwichmeme,attempts toexplainphotographyunsettlewhatwentunquestioned.Whatphotography mightbehasbeencontinuallyreinventedandreimaginedoveralmosttwo centuries,boundupwithbroadernegotiationsofrelationshipsbetweenart andtechnology,realityandrepresentation,visibilityandknowability.Iagree with Wasielewski that this history offers important resources for engaging current questions. Reengaging with the difficulty of defining photography could offer critical purchase on AI-generated images. But that's not what theessaydoes. Wasielewski effectively seeks to reconcile two things: how photography came to be understood through dominant theorizations of its medium- specificity—primarilybytwentieth-century,USandEuropeanculturalthe- orists—andwhatcountsasphotographicinthecurrentcontextofAI-driven imaging.Thischoiceabouthowtoapproachthemutualdefinitionofpho- tographyandAI-generatedimagesstro"	
Benney 2020.pdf	22	Aesthetic Resources in Contemporary Chinese Politics Jonathan Benney		2020			69	Chinese studies|Contemporary China	0	0	0	0	"Aesthetic Resources in Contemporary Chinese Politics Jonathan Benney Introduction TheChinesepartystatemakesextensiveuseofitsformerChairmanMao Zedong in the discourse it produces and approves—from the portrait fa- miliartoallChinesecitizenshangingovertheoldImperialPalaceofMao's idealizedvisage,tobanknotes,postagestamps,badges,andposters.Maoist strategies,suchas""rectification""ofcriticsandmasscampaigns,arealsocom- mon.1 This occurs despite the vast economic and social differences between Mao'sChinaandcontemporaryChina.PresidentXiJinpinghasaddressed thisconflictbyarguing thatPeople'sRepublicof China(PRC)historyisa unifiedcontinuum.HestatesthatMaowasnotjustaheroof histimebut alsothatthePRCstilldependson""theenrichmentanddevelopmentofMao- ist thought,""2 a principle expressed as ""the two things that cannot be ne- gated"":""Wecannotusetheperiodbeforereformtonegatetheperiodafter reform,andcannotusetheperiodafterreformtonegatetheperiodbefore reform.""3 Somewritershaveclaimedthata""Maoistrevival""hastakenplaceunder Xi'sleadership.4Ifthatiscorrect,thisparticularrevivalisnotparticularlydis- tinctive, as Maoist revivals, both state sanctioned and unofficial, have oc- curredcontinuallysinceMao died in 1976, includingthe""'MaoCraze'"" of the mid-1980s, celebrations on the centenary of Mao's birth in 1993 (SM, p.3;seealsopp.4–13),andtheMaoistrestorationofthelate2000s,centered Unlessotherwisenoted,alltranslationsaremyown. 1. GeremieR.Barmé,ShadesofMao:ThePosthumousCultoftheGreatLeader(Armonk, N.Y.,1996),p.15;hereafterabbreviatedSM. 2. MeiRongzheng(梅荣政)andLiJing(李静),""Zhengquebawogaigekaifangqianhouliang gelishishiqidexingzhijixianghuguanxi""(正确把握改革开放前后两个历史时期的性质及相互关系, CorrectlyGraspingtheTwoHistoricalPeriodsbeforeandafterReformandOpeningUp),Hongqi, 11July2017,theory.people.com.cn/n1/2017/0711/c143843-29396017.html 3. PartyHistoryResearchCenteroftheCommunistPartyofChinaCentralCommittee (中共中央党史研究室),""Zhengquekandaigaigekaifangqianhoulianggelishishiqi—xuexiXi Jinpingzongshujiguanyu'lianggebunengfouding'dezhongyaolunshu""(正确看待改革开放前 后两个历史时期—学习习近平总书记关于""两个不能否定""的重要论述,CorrectlyViewingtheTwo HistoricalPeriodsbeforeandafterReformandOpeningUp—StudyingGeneralSecretaryXi Jinping'sImportantDiscussionofthe""TwoUndeniables""),People'sDaily,8Nov.2013,politics. people.com.cn/n/2013/1108/c1001-23471419.html.The""reformandopeningup""(gaigekaifang) periodbeganafterMao'sdeath. 4. SeeSuishengZhao,""XiJinping'sMaoistRevival,""JournalofDemocracy27,no.3(2016): 83–97. 606 Jonathan Benney / Aesthetic Resources aroundChongqinganddrivenbyBoXilai,acharismaticformerPolitburo memberandmayorofChongqingfromaninfluentialpoliticalfamily,who waslatersentencedtolifeimprisonmentafterbeingfoundguiltyofcorrup- tion.5 Another suggestion is that Xi, more than previousreform leaders, is distinctivelyusingMaoistmethods(suchasthecultivationofaleadershipcult andthepurgingofrivals);buttheextenttowhichthesearecharacteristically Maoist(andnot,say,Stalinistormerelyauthoritarian)isdebatable.6Buteven if Maoismisnow""null""andMao'spolitica"	
Benoist 2019.pdf	20	Judgement and Beyond Jocelyn Benoist		2019			26	RepresentingMusicalStructure|Réflexionssurcequel'ona	2	0	0	0	"Judgement and Beyond Jocelyn Benoist OnewayArnoldDavidsonbreaksthemoldistogivephilosophicalsignif- icance tothe questionof improvisation.Inparticular,inhisenduring dia- loguewithGeorgeLewis,Davidsonhasdevelopedaveryoriginaltakeonthis issue,dealing withimprovisation not only as aesthetic in the narrowsense butasaglobalandexistentialphenomenon. In ""Spiritual Exercises, Improvisation, and Moral Perfectionism,"" he builds a connection between the kind of improvisation to be found in the practiceofjazzbySonnyRollinsandthephilosophicaltraditionofspiritual exercises, in which he is personally interested.1 He finds the same kind of ""concernfortheself""onbothsides.2Inaveryconvincinganalysis,Davidson showshowimprovisation—assoonasitceasestobeinterpretedasthemere performance of something that already exists—is a practice of the self in which the self is involved in its capacity to form and transform itself. It is nolongerasmuchanaestheticasitisanethic—or,toputitmorecorrectly, itisanaestheticinsofarasarealaestheticisitselfanethic.Suchanerasureof theborderbetweenthetwoisexactlywhatcanbeheardinMichelFoucault's latemottoofan""aestheticsofexistence.""3 Inordertomakesense,then,oftheshiftmadeinthesenseofethic,itis helpful to remember the contrast drawn by Foucault between ""a morality 1. SeeArnoldI.Davidson,""SpiritualExercises,Improvisation,andMoralPerfectionism: WithSpecialReferencetoSonnyRollins,""inTheOxfordHandbookofCriticalImprovisation Studies,2vols.,ed.GeorgeE.LewisandBenjaminPiekut(NewYork,2016),1:523–38. 2. SeeMichelFoucault,""TheEthicsoftheConcernforSelfasaPracticeofFreedom,""trans. P.AranovandD.McGrawth,inEthics:SubjectivityandTruth,trans.RobertHurleyetal.,ed. PaulRabinow,vol.1ofTheEssentialWorksofFoucault1954–1984,3vols.(NewYork,1997), pp.281–301. 3. SeeFoucault,""AnAestheticsofExistence,""trans.AlanSheridan,inPolitics,Philosophy, Culture:InterviewsandOtherWritings,1977–1984,trans.Sheridanetal.,ed.LawrenceD. Kritzman(NewYork,1990),pp.47–53. thatwasessentiallyasearchforapersonalethics""and""amoralityasobedi- encetoasystemofrules.""4Inthisregard,itseemsthatimprovisationpro- videsuswithaparadigmofwhatitistofind—andinvent—one'sway,for improvising is not just about obeying a given rule. It is clear, indeed, that onecannotmakesenseofimprovisationwithoutfocusingonperformance, asitliesbeyondthemeresettingofanyrule.Improvisationmakesobvious the irreducibilityof performance, itsreliance on the importation ofsome- thingnotincludedintherules.Tobesure,improvisation,fromthispoint ofview,hasarevealingfunction,asitsirreducibilitypertainstosomeextent toeveryperformance.Whatmakesimprovisationspecific,however,isthatin itscaseperformanceisnotanadditionalmomentbutratherthethingitself. Improvisationisallaboutwhathappensinperformance.Bydefinitionitcan- notbeanticipated—thoughthisdoesnotalwaysprecludespecificexpecta- tions—oritwouldnotcountasimprovisation. Thus,improvisationiscertainlyatopicalissueifonewantstoaddressthe problemoftherelationtorulesthatourpracticescanendorse.Iwouldliketo ad"	
Bering-Porter 2022.pdf	24	fi Data as Symbolic Form: Data cation and the Imaginary Media of W. E. B. Du Bois David Bering-Porter		2022			42		0	0	0	0	"fi Data as Symbolic Form: Data cation and the Imaginary Media of W. E. B. Du Bois David Bering-Porter Essentially,allmodels arewrong, butsome areuseful. –George BoxandNormanDraper1 Factsareontological, evidence isepistemological, data isrhetorical. –Daniel Rosenberg2 Introduction In1900W.E.B.DuBois,alongwithhisteamfromtheAtlantaSociolog- icalLaboratoryatAtlantaUniversity,createdanexhibitionforthe""American NegroExhibit""attheExpositionUniverselleinParis.Theexhibitionwasmeant tocombatracistrepresentationsofAfricanAmericansandotherpartsofthe Blackdiasporathroughthehardworkofsocialquantification,showingthe disadvantagesandinequalitiesoftheBlackpopulationinthestateofGeorgia. Theexhibitionwassupportedbyoverthreehundredphotographsandanar- rayofstatisticalevidence,andvisitorsweregreetedwithawealthofinforma- tionincludingDuBois'sdataportraits,asetofrichlycoloreddiagramsthat representedanearlyandimpressiveexampleofdatavisualization.Thefirst plateoftheexhibitionillustratesbothanaestheticandpedagogicalsideof DuBois'sproject(fig.1).Inthisexample,numbersarenotthefirstthingto drawtheeye,butratheritisthecolors,lines,andthejuxtapositionofvisuality anddatathatcombineintoamixofunderstandingandimaginationonthe page.Thiswascertainlynotthefirstinstanceofdatavisualizationthatemerged beforetheageofcomputation,butitisstrikingtoseethedatarepresentedin suchahighlystylizedform.Takingthefirstplateoftheexhibitionasanexample, DuBoisexplicitlydrawsthehistoricallinesthatconnectGeorgiaanditsBlack populationtotheBlackpopulationsinBrazil,theCaribbean,andsub-Saharan Africa,andtheimagegivesanactualshapetothecentralandmostfamous claimfromDuBois'sbody ofwork,alsoprintedatthe bottomof the image: ""TheproblemoftheTwentiethCenturyistheproblemofthecolor-line.""3 Unlessotherwisenoted,alltranslationsaremyown. 1. GeorgeBoxandNormanR.Draper,EmpericalModel-BuildingandResponseSurfaces (NewYork,1987),p.424. 2. DanielRosenberg,""DatabeforetheFact,""in""RawData""IsanOxymoron,ed.Lisa Gitelman(Cambridge,Mass.,2013),p.18. 3. W.E.B.DuBois,TheSoulsofBlackFolk,ed.HenryLouisGatesJr.andTerriHumeOliver (NewYork,1999),p.17.Thisphrasealsoappearsinplate1oftheexhibition. FIGURE 1. ""TheGeorgiaNegro:ASocialStudy,""byW.E.B.DuBois(1900).Courtesy oftheLibraryofCongress. The dark, shaded areas on the map signify the racialized blackness at the heartofDuBois'sproject,formingananalogybetweentworegistersofvi- sualrepresentation,oneimmediateandapparentonthepageandtheothera David Bering-Porter isassistantprofessorofcultureandmediaattheEugene LangCollegeoftheLiberalArtsatTheNewSchool.Hiscurrentbookprojectisa studyofundeadlaborandthewaysthatrace,labor,andvaluecometogetherin themediatedbodyofthezombie.HiswritinghasappearedinthejournalsCulture Machine,Post45,Flow,MIRAJ,andtheLosAngelesReviewofBooks. 264 David Bering-Porter / Data as Symbolic Form politicallychargedhistoryofthetrans-Atlanticslavetrade.ThisarticletakesDu Bois'sstatementaboutthecolorlineverydirectlyandexplorestheactualand conceptuallinesthatDuBoiscreatesintheillustratio"	
Bernstein 2021.pdf	3	Covidity Charles Bernstein	2020	2021			0		0	0	1	0	Covidity Charles Bernstein 24 April 2020 The covid gonna get me If not now, it will The covid gonna kill me Find me where I live Buried under covers Sheltered in the hall Trading goodbyes to all my friends Through goddamn 15-foot walls The covid'll get me Get me bad My lungs are weak And I am much misunderstood I practice social distance Even got an oversize mask Feel like the Lone Ranger Just before he got the clap The covid going to find me If not today, in time The covid after me Find exactly where I am Call it social distance I call it pain in the soul You say I can handle it But it's too heavy a load The covid 'round the corner 'll thrash me till I blue But that's not my worry Terrified for you You've always been distant But not from me Now I feel you drifting Like you're far out at sea The covid gonna get me If not now, any day The covid got my number Knows just where I stay You say I'll manage social distance That I can make it work But if I'm distant from you I'm sunk before I swum The covid gonna get me If not now, soon The covid has me up all night Fighting 'gainst all this gloom Too much death surrounding I darn near given up Keep calling on the telephone But you're hung up on Skype S84 Charles Bernstein / Covidity The covid coming Sure to get us good Our lungs are weak And we are much misunderstood Charles Bernstein is the Donald T. Regan Professor emeritus of English and Comparative Literature at the University of Pennsylvania and a fellow of the American Academy of Arts and Sciences.	
Bernstein 2024.pdf	20	Pleistocene Park: Engineering Wilderness in a More-than-Human World Anya Bernstein	2022	2024			29	Bernstein	0	0	0	0	"Pleistocene Park: Engineering Wilderness in a More-than-Human World Anya Bernstein OnelateeveninginAugust2018,Iobservedalakebeingsetonfire.Itwas nottheburningsulfurlakeof""fireandbrimstone""mentionedintheBook ofRevelation(Rev.19:20).Yetneitherwasthelakeinanywaynormal,ascon- templatingtheflamescamewiththesettlinginofasenseofloomingcatas- trophe. I was there as a fieldworking anthropologist alongside an interna- tional group of scientists, futurists, and two film crews, well above the Arctic Circle, about 150 kilometers from the Arctic Ocean in the Siberian Republic ofSakha(Yakutia).Wehadarrivedinthispolarregionafewdaysearlierina smallpropelleraircraft,afterafour-and-a-half-hourflightnorthfromthere- gionalcapital,Yakutsk,wherewehadovernightedafteraseven-hourflight eastfromMoscow.Makingourdescentoverthebeautifulgreenlandscape, wemarveledathowitappearedpepperedbyhundredsofbluelakes.Nowwe TheresearchandwritingforthisarticlewassupportedbytheNationalEndowmentforthe Humanities(2022),theAlfredP.SloanFoundation(2022),HarvardUniversity'sClimate ChangeSolutionsFund(2019–2021),Dean'sCompetitiveFundforPromisingScholarship (2021),andtheWeatherheadCenterforInternationalAffairsResearchIncubationFund(2020). IthankKerryChance,BruceGrant,andElanaSheverforreadingandcommentingondrafts ofthisarticle.EditorsatCriticalInquirygavemegenerouscommentsandfeedback.Anearlier draftwasprecirculatedfordiscussionattheAnthropologyCircleattheHigherSchoolofEco- nomicsinSaintPetersburg(2021).IalsopresentedthisworkatSmithCollege(2018),Pomona College(2022),ManhattanCollege(2023),UniversityofWashingtoninSeattle(2023),aswell asattheArcticTransformationsclassatColgateUniversity(2019).IthankSergeiGlebov, Pey-yiChu,RobertGeraci,ElenaCampbell,NikolaiSsorin-Chaikov,JessicaGraybill,andMike Lorantyfororganizingtheseeventsandtheaudiencesfortheirfeedbackandcomments.My heartfeltthanksgototheZimovfamily—Sergei,Nikita,Galina,andNastia—whogavemeso generouslyoftheirtimeandfacilitatedfieldworklogistics.Thefieldresearchforthisarticlewas conductedduringthesummersof2018,2019,and2021.Unlessotherwisenoted,alltranslations aremyown. weregatheredontheslopesofonesuchlake,framedbylarchtreesandman- icallyattendedbymosquitoes,oureyesslowlyadjustingtothedarknessand our bodies to the piercing cold of the freezing August temperatures. We watchedNikitaZimov,ablondmaninhisthirtieswearinghighwadersand a military-style jacket, as he slowly entered the lake. With a beat-up white plastic bucket turned upside down, he wandered around in the waist-deep andsurelyverycoldwaterasiftryingtocapturesomethinginvisible.About thirtyminuteslater,hesolemnlydeclaredhistaskcomplete—onlytorealize withsomedesperationthathehadforgottenhislighterontheshore.Oneof theguestsbravedthefreezingwatertocommunicateone,andalmostimme- diatelywesawapillaroffirerisingfromthelake.Themesmerizingdisplay continuedforatleasttwentyminutes. Onfire,ofcourse,wasnotthewaterorthelake,butmethane—ahighly flammablegasthatwasseepingupfromthelakebottom.Nikitahadequipped his"	
Biagioli 2019.pdf	27	Justice Out of Balance Mario Biagioli		2019			43	Iustitia|Justice	3	0	0	0	"Justice Out of Balance Mario Biagioli The balance is the oldest element in the iconography of justice, both secularanddivine.1FirstencounteredintheEgyptianBookof theDead,it resurfaces in Persian religious texts, in the Old and New Testament, and in the Koran.2 The association between justice and the balance was fur- theremblematizedbytheGreekgoddessesDikeandThemisandtoales- ser extent by Roman Iustitia.3 It was eventually stabilized in the Renais- sance in the now-traditional image of justice with balance, blindfolds, and sword.4 Cesare Ripa's sixteenth-century emblem book presented thebalanceas""ametaphorforjustice,whichseesthateachmanreceives thatwhichisduehim,nomoreandnoless.""5Thebalanceadornscourt- IwishtothankDušanBjelić,JoanCadden,PeterGalison,ClaireGoldstein,RichardNeer, StefaniaPandolfo,AlainPottage,KrissRavetto-Biagioli,BrianSoucek,andDanielStolzenberg fortheirsuggestionsandcriticism.Unlessotherwisenoted,alltranslationsaremyown. 1. SeeJudithResnikandDennisCurtis,RepresentingJustice:Invention,Controversy,and RightsinCity-StatesandDemocraticCourtrooms(NewHaven,Conn.,2011)providesamasterly andextensivelydocumentedlongue-duréehistoryoftheiconography.Thisessaywouldhavenot beenpossiblewithouttheirwork. 2. SeeDavidDaube,""TheScalesofJustice,""JuridicalReview63,no.2(1951):115. 3. Kairos,Nike,andNemesis—godsandgoddessesofopportunity,victory,andretribu- tion—wereassociatedwiththescaletoo,aswasRomanAequitas;seeDaube,""TheScales ofJustice,""p.115.SeealsoBarbaraLichocka,""LecultedeJustitiaaRome,""TravauxduCentre d'ArcheologieMediterreaneedel'AcademiePolonaisedesSciences15(1974):75–86.ArareRoman representationofIustitiaholdingabalanceappearsoncoinnumber5inLudovicoZdekauer, ""Iustitia:Immagineeidea,""Bullettinosenesedistoriapatria20(1913):384. 4. SeeResnikandCurtis,RepresentingJustice,pp.18–25.Intime,othericonographicele- mentswereadded;seeCurtisandResnik,""ImagesofJustice,""YaleLawJournal96(1987): 1741–42. 5. CurtisandResnik,""ImagesofJustice,""pp.1748–49.Thisviewisechoedinmuchearlier sourceslikeJob31:6(""Letmebeweighedinanevenbalance,thatGodmayknowmineintegrity""); andtheKoran(""AndWewillsetupajustbalanceonthedayofresurrection,sonosoulshallbe houses throughout the world, emblematizing justice with its purported ability to weigh accurately the opposing arguments, evidence, and inter- estspittingplaintiffsagainstdefendants.Italsoembodiestheparadigmatic image of criminal law at the center of this essay: the balancing of crime and punishment.6 There is a gap, however, between the balance's icono- graphic success and the quality of its performance as an instrument of justice. This essay is about that gap. A Parmenidean Instrument Thereisafeatureofthebalance—oneuniquetoit—thatmakesitapar- ticularlyattractivefigureof justice.Itscalibrationisindependentfromexter- nalhumanstandardsandconventionsjustasjusticeisclaimedtobefreeof humanbiasandsubjectivity.Unlikeaspring-basedscalethatneedstobecal- ibratedagainstpreweightedsamplesoralength-measuringinstrumentulti- matelycheckedaga"	
Blom 2019.pdf	25	""" "" And Follow It : Straight Lines and Infrastructural Sensibilities Ina Blom"		2019			52	ittheinstruction	2	1	0	0	""" "" And Follow It : Straight Lines and Infrastructural Sensibilities Ina Blom Linesare alwaysexpressive of...thewaythings aregoing. JohnRuskin,The ElementsofDrawing1 The human hand cannot draw a straight line, John Ruskin claimed. Nomatterhowwelltrained,itwillinevitablyproducecurvatureoravari- etyofdirection.2Acenturylater,hisclaimseemedtounderpinLaMonte Young'smusicallywaywardComposition1960#10,whichsimplyconsistsof theinstruction""Drawastraightlineandfollowit.""Young'searliestperfor- mancesofthisworkin1961showhisawarenessofastraightline'simplicit challenge for human bodies. Like a good construction worker, he used plumblinesandyardstickstomakethelines,whichhedrewwithchalkdi- rectlyonthefloor,asstraightaspossible,repeatingtheexactingandtime- consumingprocedureoverandoveragain.3Iftheworkcalledfordrawing, hisownhandwasclearlynotuptothetask. Therecourse totechnicalaidsmayof coursealso haveservedtoindi- cate that ""drawing"" here was associated less with the work of the hand than with technomathematical operations, represented by the electronic mediathatwereinvadingartisticpracticearound1960.Infact,anumber of the new technologies foregrounded the question of nonhuman draw- ingskills:the1968CyberneticSerendipityexhibitioninLondonsumsupa decade's development of computer-driven drawing machines. There was IvanMoscovich'sPendulumHarmonograph,whichproducedstunningLis- sajous figures, or Desmond Paul Henry's Drawing Computer, a nonpro- 1. JohnRuskin,TheElementsofDrawing;InThreeLetterstoBeginners(NewYork,1858), p.92. 2. Seeibid,p.35. 3. Theprocedureisdescribedindetailina1961letterfromYoungtoDavidTudor,avail- ableattheGettyResearchInstitute;seeLeMonteYoung,lettertoDavidTudor,1961,David TudorPapers,Box61,Folder2.ThefirstperformancetookplaceatHarvardUniversityin 1961,thesecondandthirdduringtheconcertseriesthatYoungorganizedatYokoOno's ChambersStreetloftinNewYorkbetweenDecember1960andJune1961.Thisistheone Youngdescribes.IamgratefultoTedGordonforsharingtherelevantpartsoftheTudorpa- perswithme. Correction:Figures2and3wereoriginallypublishedinthewrongorder.Theyhavebeencorrectedonline. 860 Ina Blom / Straight Lines grammable, modified mechanical analog computer whose visual output was based on a pure mechanics of chance. And with the revolutionary graphicaluserinterfaceofIvanSutherland's1961Sketchpadprogram,even the somewhathumanoiddrawing arms oftheseand other 1950s and '60s computerpenplottersseemeddestinedforextinction.Yet,evenifYoung's Composition1960#10was""unambiguousenoughtobeexecutedbyama- chine,""itwasonlyperipherallyindialoguewiththenewworldofcomputer graphics.4Thedrawingofastraightlinethatwasalsotobefollowed,indef- initely,actually had little to do with creating figures or images.Emerging from within Young's musical aesthetics, it was more specifically invested in exploring imperceptible continuities between bodies and new media technologies.Itwasgearedtowarddirectsensorialalignmentandmodula- tion,towardputtingthesensestoworkinnewandradicalways. Of course, a "	
Blom Fuller 2025.pdf	4	Critical Response II Absconding from the Index Ina Blom and Matthew Fuller		2025			6		0	0	1	0	"II Absconding from the Index Ina Blom and Matthew Fuller WhendiscussingwhetherphotorealisticAI-generatedimagesshouldbe consideredphotographs,AmandaWasielewskiarguesthat,giventheirform andinterpretation,itwouldbeunreasonablenottoseethemasbelongingto thewiderdiscourseofphotography.Whatfollowsisanuancedaccountofa receptionthatsystematicallyrespondstoAIphotographyinwaysthatreflect establishedphotographicconventions—by,amongothermeans:inscribing suchimagesinlongstandingphoto-theoreticaldebatesconcerningtherela- tionshipbetweenimage,nature,andreality;therelationshipamongautom- atism,theunconscious,andtheuncanny;ortheroleofphotographicdoc- umentsinvariousdiscoursesandpracticesofpower.Thereasonwhysuch questionshavetobeaskedinthefirstplaceisrelatedtothewaysinwhich imagescreatedthroughmachinelearningand(often)initiatedbymeansof text-to-image-promptsbreakwithwhathashithertobeenseenasthemost fundamentalfactofphotography:notablythe""perceptionthatthesubjectof theimageexistsorexistedsomewhere,someplace""(AmandaWasielewski, ""Unnatural Images: On AI-Generated Photographs,"" Critical Inquiry 51 [Autumn2024]:4).Whatisatstakehereis,inotherwords,theunshakeable emphasisonphotographicindexicality—adefinitionthatalsoappliestopho- tographictechniquesthatdonotcomplywiththeconventionsofrealism,such ascameralessphotography,X-rayimages,andinfraredphotographyascarried outbyRaoulHausmanninthe1930s.Inshort:AI-photographsarephoto- graphsonlybecauseculture treatsthemassuch—attheleveloftechnology theyaresomethingelseentirely. 406 Ina Blom and Matthew Fuller / Response It is an argument that makes good sense given the dominant strains of photographictheory.Butitsmaincontentioncouldalsobeturnedonitshead: closerattentiontothespecifictechnicalproceduresatworkinmachinelearn- ingmightinfactopenupdifferentperspectivesontheculturalhistoriesof photographyandphotographictechnologies.Aswehavearguedelsewhere, thequestionisnotsomuchwhetherornotphotographsmaybeunderstood asindexicaltraces—thatis,astheautomaticinscriptionoflightonaphoto- sensitivesurfaceatauniquemomentintime.1Thequestionisratherwhether thespecificformofcausalityimpliedinthismodelistheonlyrelevantone. Whatexactlydoesitmeantosaythatsomefragmentofexistingrealityprop- agates itself into new contexts through some form of automated technical inscription? Might we, instead, understand photographic conditions as a wider and more general set of environments in which image events occur withmanykindsofcausalityandmanifestation? A point of departure might be the more procedural perspectives that appearonceweconsidertherelationbetweenphotographyandfiltering.From thevaryingsensitivitiesofdifferentkindsoffilmstocktotheplacementof disksofcolored glassorgelatininfrontofthecameralenstotherangeof transformative filters available to Instagram, Snapchat and TikTok users, photographicseeingwasalwaysemphaticallyfiltered.Andwhilemanysuch filterscanbecharacterizedasone-layerdevicesinthesensethattheysimply takeasourceandapplyasingleprocesstoit,theperceptua"	
Bode 2023.pdf	23	' What s the Matter with Computational Literary Studies? Katherine Bode		2023			50	Bode|History|UncertainArchives	0	4	1	0	"' What s the Matter with Computational Literary Studies? Katherine Bode Thedebateaboutcomputationalliterarystudies(CLS)isstuck.Force- fulargumentsarerepeatedlymadeastowhyliterarystudiesmustnow—or could never—involve quantification, statistics, and algorithms (not least inthisjournal)withlittlesenseofeithersideconvincingtheotheroftheir case.Surveyingthisdebateoverthepastdecade,Iproposethatwhatseems acomplete divergence ofopinionobscuresafundamentalagreement:that computation is separate from literary phenomena. In arguments both for andagainstCLS,computationisatechnologicalandmaterialprocess,dis- tinctfromreaders,texts,andreading.CLSproceeds,intheseterms,byrep- resenting—in simplified, discrete, and manipulable forms—what occurs elsewhereincomplexandcontinuousways.Forthefield'scritics,thisdis- tinctionmakesCLSanoxymoron;foritsproponents,bothwaysofknowing cancontributeto literarystudies,andthere is criticalpotentialinworking acrossthedivide.Yettheperceptionofadivideremains,anditpreventsef- fective critiques of reductive uses of computation (in literary studies and beyond)orproductiveengagementswithcomputation'sconstitutiveeffects (includingforliterarytextualityandsubjectivity). Inchartingthisdivideasitcharacterizesandlimitsapparentlyverydif- ferentarguments,Iconnectclaimsabouttechnologyandsubjectivitymade incritiques and defenses of CLS tothe separation ofmatter and meaning, commonly referred to as Cartesian dualism.1 With both sides maintaining 1. OnCartesiandualismasatheologicalmisappropriationofDescartes'stheoryofmatter, seeSarahEllenzweig,""Who'sAfraidofInertia?TheCartesian-NewtonianLegacyReconsid- ered,""inTheNewPoliticsofMaterialism:History,Philosophy,Science,ed.EllenzweigandJohn H.Zammito(NewYork,2017):19–43. 508 Katherine Bode / What's the Matter with Computational Literary Studies? thisparadigm,thedebateaboutCLSissealedofffromtechno-culturalin- quiriesinmultiplefields(includingliterarystudies),andfrommuchofwhat mattersinandascontemporaryliteraryphenomena.Theperformativeap- proachestosubjectivity,materiality,andtechnologythatIusetoelucidate problemswiththeexistingdebatealsohelptocharacterize,explaintheneed for, and make legible where it already exists, a different—performative— CLS. Attuned to the coconstitution of computational methods and ob- jects—witheachother,andwithliterarysubjectivitiesandtextualities—this CLSbuildsonandextendsexistingcriticalparadigmstoenableliterarystud- iesinthe""postprint""era.2 Which Case against CLS? CLShasattractedconsiderableoppositionasanunwarrantedinstrumen- talistintrusionintoafundamentallyinterpretivediscipline.Someaccounts, usually mainstream ones, ascribe this instrumentalism to neoliberalism,3 while other, more academic, arguments often object to CLS following ""the sciences,"" in staking its""claims totruthon. . . contact withthe raw data""4 orthe""sovereignobjectworld.""5Ineithercase,theseessaysdefendthepo- litical and critical acuity, and complexity and contingency, of established methods—especially reading—ag"	
Brady 2021.pdf	3	Hanging in the Air Andrea Brady	2020	2021			0		0	0	0	0	Hanging in the Air Andrea Brady 1 April 2020 Being less than an activity we empty out the life that hangs like code in the air, but for how long does it survive there if the air is white and lush, more benevolent to the city than ever, whose leaves are out of a season we are missing. It hangs on the window like a recrimination, a rainbow trail, the wolf's chalky invite to the last kid hiding in the clock. And like a call; and is filled with calls of the chattering species whose voices are carried from house to house parties and face times, many heard, the more silent. And like nothing but indifference growing warmer in the tangled biome to its human carriers. We pick our way prudently down the street. The person who passes is like us: a matrix of infection. We turn around at the head of the aisle that has someone in it, and wash our hands and shrink. Our hands are very dry now. Our mean gestures have all changed. When in this poem I say we I mean a nuclear family in London who are lucky. Having outside space. S38 Andrea Brady / Hanging in the Air The ball keeps getting kicked over the fence, and there is someone there to return it. A friend, who is Chinese, has been repeatedly abused in the street. Mean gestures, filthy speech. The street is also the space where our neighbours are clapping. Where we perform distance to contain the bad humours that may be hidden in another body. Hidden inside a room that can't be left because of the news, the violent man, the guard, the border. It is now very easy to get sectioned. We consider ourselves indefinitely separated from our friends and lovers and nothing will be the same until it is, and the amazonification of the planet will be complete, and we'll be released from our incommensurate lockdown to party and write poems upon poems about the virus and the discourse of war. And some will still not be able to go out into the streets still full of the performance of abuse. For now we pick apart the hem looking for silver linings inside the garment of bad surprises. My kids have been teaching me about black holes, clock time, and dentistry in ancient Egypt. I thought the singularity was a site of infinitely dense matter but it's the profound energy that distorts space and time. They're overjoyed to learn that if they tried to pass through its horizon they'd be spaghettified, their whole body a stream of plasma one atom wide. If your being was not then empty it would be still, watching the universe shift and quicken before it. Right now I'm writing this standing up because I'm teaching and working and printing and feeding and remembering and in pain. When you're sick or in pain it's hard to remember what it was like not to be, the self that streamed painlessly through another world is not yourself, the light stuttering on her face was not your light or your face. How could I have been so stupid not to notice how easy it has always been for me to move down the street? Right now I am trying to read and not read th	
Bremner 2020.pdf	6	"' Introduction to Michel Foucault s "" "" Political Spirituality as the Will for Alterity Sabina Vaccarino Bremner"		2020			10		1	0	1	0	"' Introduction to Michel Foucault s "" "" Political Spirituality as the Will for Alterity Sabina Vaccarino Bremner In 1978, Michel Foucault planned a series of philosophical journalistic dispatches,areportaged'idées,fortheItaliannewspaperCorrieredellaSera. This series, which was only ever partially realized, featured prominent in- tellectuals reportingaroundtheworldoneventsinwhichideaswereinthe midst of ""being born, getting stirred up, disappearing, or reappearing.""1 The mostfamous,andcontroversial,contributiontothisprojectwasFoucault's own:aseries of dispatchesfromIran in September and November 1978, reportingontheongoingprotestsagainsttheshahthatprecipitatedtheIra- nianRevolutionof1978and1979.Todate,Foucault'spositiononIranisrou- tinelyinvokedbyhisdetractorsasevidenceofhisoppositiontoEnlighten- ment values. None of Foucault's remarks on Iran has come in for more thestanceoftheIranianprotestersof1978.2Althoughheusestheterm onlyonceinhispriorpublishedwritingsonIran,3thenotionofpolitical Unlessotherwisenoted,alltranslationsaremyown. 1. MichelFoucault,""Les'Reportages'd'idées,""Ditsetécrits,ed.FrançoisEwald,Daniel Defert,andJacquesLagrange,2vols.(Paris,2001),2:707. 2. Forabook-lengthcritiqueofFoucault'swritingsonIran,seeJanetAfaryandKevinB. Anderson,FoucaultandtheIranianRevolution:GenderandtheSeductionsofIslamism(Chicago, 2005).ForarecentimportantdefenseofFoucault'sposition,seeBehroozGhamari-Tabrizi, FoucaultinIran:IslamicRevolutionaftertheEnlightenment(Minneapolis,2016).Bothbooks buildmuchoftheirargumentaroundtheirrespectiveanalysesofthenotionofpoliticalspiritu- ality,althoughinoppositedirections. 3. SeeFoucault,""ÀquoirêventlesIraniens?""Ditsetécrits,2:694. 116 Sabina Vaccarino Bremner / Introduction spirituality has irrevocably shaped both the initial and ensuing reaction to Foucault's reportage.4 In the following interview, never before published in full, Foucault ad- vancesthemostcompleteextantexplanationofhowheunderstandspolit- icalspirituality.5""Spirituality,""asFoucaultdefinesithere,isnotasynonym for religion, but ""a certain practice by which the individual is displaced, transformed,disrupted,tothepointofrenouncingtheirownindividuality, theirownsubjectposition.It'snolongerbeingthesubjectthatonehadbeen uptothatpoint.""6Becausespiritualitysoconceivedcanbefoundbothwithin andoutsideofreligion,Foucaultarguesthatthisnotionappliestovirtuallyall political and social movements, including the October Revolution and the AmericanRevolution.Indeed,Foucaultclaimshere,""revolutionswithout spirituality are the exception"" (""P,"" p. 127; my emphasis). Thus, Foucault doesnotrestrictthenotionofpoliticalspiritualitytotheIranianRevolution ortoIslam,ashisdetractorshaveconstruedit,buttakesittobeamoregeneral concept,characterizingthenatureofpoliticalandhistoricalupheavalsassuch. Far from presenting Foucault'sstance onIranasapoint ofrupture be- tweenthe1970semphasisonpowerandthe1980semphasisonethics,Fou- cault'sremarksonthispointclarifythecontinuityofthesereflectionswith thel"	
Brenkman 2021.pdf	5	"Critical Response I A Response to Jonathan Kramnick, "" "" Criticism and Truth John Brenkman"	2021	2021			1		0	0	1	1	"I A Response to Jonathan Kramnick, "" "" John Brenkman Jonathan Kramnick opens ""Criticism and Truth"" with a question as boldashistitle:""Doesliterarycriticismtelltruthsabouttheworld?""(Jon- athan Kramnick, ""Criticism and Truth,"" Critical Inquiry 47 [Winter 2021]: 218).Thequestionimmediatelyacquirestwoprongs.Thequestion""oftell- ingtruthsabouttheworlditself""willhavetohingeonmaking""truestate- mentsaboutliterarytexts""(p.218).ItisaxiomaticforKramnickthat""both linesofinquirytakeaimatmethodandthereforeatepistemology""(p.218). IadmireKramnick'sgeneralprojectofquestioningvariouscentrifugalten- dencies in literary studies that often weaken the discipline in the name of sweeping but shallow interdisciplinarity.1 Social theory, political theory, political economy, evolutionary biology, and cognitive science are among the fields that temptingly promise a more worldly discourse but whose own disciplinary complexity, traditions, methods, protocols, and debates areeasilybypassedbyliteraryscholarsinsearchofusableaxiomsandthe- orems.Kramnickwantstowindthediscussioncentripetallybackfromthe widearcofinterdisciplinaritytothespecificityofthe disciplineofliterary studies. Thearticleseemstorn,though,betweenapolemicagainstinfluentialthe- oristsofliterarystudieswhodonotinKramnick'seyesunderstandmethod atalland,ontheotherhand,anemphaticallyantipolemicalintenttoidentify thecommondenominatorthatgathersalluspractitionersofliterarystudies together within a distinct, unique, and justifiable discipline. The common 1. SeeJonathanKramnick,PaperMinds:LiteratureandtheEcologyofConsciousness(Chicago, 2018). 168 John Brenkman / Critical Response denominatorof""ouractualon-the-groundproceduresofreadingandinter- pretation""in""theeverydaypracticeofliterarycriticismasitisdoneevery- where,allthetime""is,heproposes,theubiquitoususeof""in-sentencequo- tation""inthepracticethatforthelasthalfcenturyhasbeencalled""reading"" or""closereading""andwhichKramnickquiterightlypointsoutisinfacta specificpracticeofwriting(pp.219,220,221).Thereisanarttocritics'splicing ofphrasesfromthetextbeinganalyzedintotheirownsentencesofcommen- taryandargument.Criticismisaskill,""craftworkinaliteralsense.Itissome- thingonedoesormakeswithone'shands,""asthefingersdanceonthekey- boardormovethepenacrossthepage(p.223). The strongly stated two-pronged determination of truth—truth about the text, truth about the world—undergoes a series of refinements and mutations in the course of the discussion that transform it nearly beyond recognition. First moment: in-sentence quotation is the exemplary, indeed essential skillinclosereadingandsignalsthat""theepistemologyofclosereadingisa subspecies of the epistemology of skill""; it is an instance, drawing on Gil- bert Ryle's conceptualization, of knowing how, which is distinct from but notnecessarilyinferior toknowing somethingtobethecase(p.225).Hence the two prongs of Kramnick's initial question. Secondmoment: Ryledoesnotprovideananswertothequestionraised by Donald Davidson concerning the deft use of "	
Brilmyer 2024.pdf	30	Queer Rigidity: Habit and the Limits of the Performativity Thesis S. Pearl Brilmyer		2024			47	Ste|Victorian Realism	4	0	0	0	"Queer Rigidity: Habit and the Limits of the Performativity Thesis S. Pearl Brilmyer Howdoyouliketogetoff?Probablythewayyoualwaysdo.Notthatyou couldn'tfindanewwayoranewobject.Youcould,butthiswouldtakesome effort. With effort or, alternatively, through an encounter, unforeseen, the pattern or script that gives you pleasure might change. For this change to be morethanatemporary detour,however—forit tobe fullyincorporated intoyoursexualrepertoire—whatbeganasadeviationmustbenormalized. Andthemoreyourepeatthisbehavior,themoredifficultittoowillbecometo change. Itmightbesaidthatallsexualpreferences,includingthosegatheredunder the rubric of sexualorientation,arespeciesofhabit,behaviorsthat become moreandmoreapartofapersonthemorefrequentlytheyareundertaken. Atleastthisiswhatmanyqueertheoristshaveargued:thataperson'ssexuality aswellastheirgender,farfrombeingpre-inscribedinthebodyorpsyche,are theresultofdynamicsocialpractices—amongthem,sexualbehaviors,speech acts,gestures,clothingchoices—actsthatsedimentintoidentities.Whatap- peartobefixedbodilytraitsorinbornsexualpreferencesarethusmorefluid andchangefulthantheyseem. ThisargumentfindsoneofitsmostsophisticatedarticulationsinJudith Butler's influential account of sexual subject formation in Gender Trouble Icannotcountthefriendsandcolleagueswhohaveaidedinthisarticle'sarticulationand publication.IamespeciallygratefultoFilippoTrentin,HeatherK.Love,AnnamarieJagose, andtheICIBerlinInstituteforCulturalInquiryfortheirsupportasIbeganformulatingthese ideas.ThankyoualsotoDanielColuccielloBarberandtotheeditorsofCriticalInquiryand theTheoryQseries(LeeEdelman,ChristinaSharpe,andBenjaminKahan)fortheirthoughtful suggestions.ThisessayisdedicatedtothememoryofLeoBersani. (1990).1Accordingtothetheoryofperformativityoutlinedthere,thestable appearanceofthesexedbodyanditsdesiresisaneffectofpowerthatma- terializesthroughrepetitious,discursiveacts.""Gender,""Butlerwritesinan oft-cited passage, ""is the repeated stylization of thebody, aset of repeated acts within a highly rigid regulatory frame that congeal over time to pro- duce the appearance of substance, a natural sort of being"" (G, pp. 43, 43– 44).Throughrepetition,aperson'sactions""congeal""toproducethe""appear- ance""ofastaticandphysical""substance.""Ananalogousprocessoccursinthe caseofsexualdisposition,thelanguageofwhich""movesfromaverbforma- tion(tobedisposed)intoanounformation,whereuponitbecomescongealed (to have dispositions); the language of 'dispositions' thus arrives as a false foundationalism, the results of affectivity being formed or 'fixed' through theeffectsoftheprohibition""(G,p.81).Toseeeithergenderidentityorsexual dispositionasthecauseofaperson'sbehaviors,ratherthantheireffect,would betofallpreytoa""falsefoundationalism""thatconfusesverbsfornouns. Earliertheoristsofsexualityhadexplainedtheactionsofsexualsubjects with reference to identities already possessed (that is, a person engages in homosexualsexactsbecausetheyareahomosexual).Poststructuralistthe- oristsofthelatetwentie"	
Brown 2019.pdf	22	' Aristotle s Stateless One Tony C. Brown		2019			27	GeoffreyBennington|MogensHermanHansen|TheCambridgeCompaniontoEarlyModernPhilosophy|specifyingphuseiandphusin	0	0	0	1	"' Aristotle s Stateless One Tony C. Brown In2015morethanonemillionrefugeesofwar,persecution,andpoverty enteredEuropeandappliedforasylumthere.Justfiveyearsearliertheof- ficialcountofasylumapplicantshadbeenmuchlower,closertotwohun- dred thousand. But over the northern summer and autumn of 2015 we heardtheunprecedentednumbersaddupasboatafterboat,allovercrowded, landed on Grecian shores and as long, almost endless lines of adults and children took to inhospitable paths into and through Hungarian hinter- lands.Atthesametimeweheardtootheless-than-unprecedentedresponse of Europe's sometimes elected, sometimes self-appointed defenders and their claims that the incoming un-European masses presented a mortal threatto Europe's Europeanness, to its values, its ways of life, its institu- tions, its political structures and its organization.1 Such guardians of au- thenticEuropeanbeingmaymostsimplybeexpressingtheoftenunabash- edlyracistideologyoftoday'srightnationalists,thoughtheythemselvesare certainly not, for that, un-European. One could say these defenders are, even and perhaps especially when at their most virulent, confirming an Unlessotherwisenoted,alltranslationsaremyown. 1. ForacomprehensivehistoryofthepoliticalextremerightinEurope,seeJean-YvesCamus andNicolasLebourg,LesDroitesextrêmesenEurope(Paris,2015).Inrespondingtothe2015refugee crisistheEuropeanrightamplifieditslongstandingclaimthatagreatmanyasylumseekersarenot refugeesbutfortuneseekersandspecificallyseekersof""ourown""fortune.Somemaybegenuine refugees,theclaimgoes,butmostarenot,enteringEuropeunderfalsepretensesandsocoming rightfromthestartasuntrustworthyandquestionable.GeertWilders,MarineLePen,Matteo Salvini,andHeinz-ChristianStrache,forexample,writingcollectivelyinresponsetothesummer refugeecrisis,includetheargumentwhileclaimingallmigrantsenteringEuropepresentathreatto Europeancivilizationassuch: Europe.Imagineaworldwithouther.Sure,thegeographicalentitywillalwayscontinueto exist.Butthecivilizationisindanger.MillionsofmigrantsarecurrentlyarrivinginEurope. Morethanhalfamillionhavealreadydoneso....ThiswillbetheendoftheContinentas aspectoftheEuropeannesstheyclaimbothtobeandtobeprotecting;while theirparticularsympathiesorlackthereofmaybeoftheirmoment,andthe vocabulary(European,refugee,nationalism)maybeoftheageofnation- states,theguardiansmayalsobethefaithfulbearersofalongtraditionwhose epochfarexceedsthatofthenation-statessystem—atraditionwecommonly call European political philosophy from its beginnings on the coasts of a ratherdifferentGreece.Tostarttoseehowthiscouldbeso,oneneedonly makeafewsubstitutions:forEuropean,human,civil,orstate;forrefugee, animal, savage, or stateless. The too mobile, the unstated or understated, the lawless or those fleeing the rule of law's privation, have for so long now been said to present a danger, not to themselves (their well-being not amounting to the least question), but to existing state-based society, oreventostate-basedexistenceassuch,whichispolitically,socially,"	
Brown 2020.pdf	45	Re-Assemblage (Theory, Practice, Mode) Bill Brown		2020			58	JohnPhillips|Minutiae|Naked Punch|NicholasThomas|Satellite|Shrine|WilliamJ	0	0	0	0	"Re-Assemblage (Theory, Practice, Mode) Bill Brown So, havingwrittenalotofstuffaboutthings,Iwasprettymuchbenton leaving thingsbehind. I started picking them back up again, though.Not onebyone,butincuriousclusters...batchesandbundles,aggregations and agglomerations, compilations and constellations. You get the point. Still, insofar as famous philosophers and anthropologists are wont to re- mind usthat the etymologyofthing (þing,ting, Ding, chose) discloses the gathering—an assembly—you might say that I'm finally picking up the thing—initsthingness—forthefirsttime—inthemodeofassemblage. Gatheringthingsupinanassemblagemode—it'spartofanexperiment thatbeganwiththeurgetofigureouthowthematerialobjectworld,more specifically the world of human artefacts, might contribute to what gets called,thesedays,""assemblagetheory""—atheorymostoftenderivedfrom GillesDeleuzeandFélixGuattari'sMillePlateaux(1980).Itthusdepends foritscoinageonthetranslationoftheirFrenchagencementasassemblage (ratherthan,say,layoutorarrangementorconfiguration,asinunagence- mentdemeubles,apleasantarrangementoffurniture). Quitereasonably,then,thetheoryhaspaidnomindtophysicalassem- blages within, say, the fieldsof geology or archaeologyor arthistory: this isn'tatranslationofassemblage(assembla[h]ge),whichenterstheFrenchart idiom most forcefully via Jean Dubuffet's Assemblages d'empreintes (1956), theexhibitionandcatalogueoftwenty-sixbutterflycollages(""impressions"") Fortheirquestionsandcomments,I'dliketothanktheaudiencesthathaveheardportions ofthisargument,beginningatArizonaQuarterly'ssymposium(April2014)inhonorofEdgar Dryden.FortheirgenerousresponsestotheessayIwouldliketothankFrancesFerguson,James Chandler,PatrickJagoda,RichardNeer,ChristineMehring,andBradinCormack.Andfortheir helpwiththeresearchI'dliketothankRachelKyneandBrandonTruett,whoalsohelpedto preparethemanuscript. 260 Bill Brown / Re-Assemblage hemadein1953(thelatter-day,hypertrophicversionsofwhichappearatthe handofDamienHirst)(fig.1).1So,giventhatassemblagetheorytodayde- rivesitsnamefromthemildlyassertiveEnglishtranslation(byBrianMas- sumi,followingPaulFossandPaulPatton),itcertainlymakessensethatthe theoryhasnothingtodowithassemblageinthestudyofmaterialcultureor inthevisualandplasticarts.2Ithasnothingtodowiththeartisticpracticewe associatewithHannahHöch(theDada-Puppen),withKurtSchwitters(the Merzbilder), with Joseph Cornell (the boxes), with Robert Rauschenberg (the combines),withArman(the poubelles),withDanielSpoerri(the tab- leauxpièges).IthasnothingtodowithPabloPicasso,ManRay,LouiseNev- elson,LeeBontecou,NoahPurifoy,BruceConnor,orBetyeSaar.Thehis- tory of assemblage, as artistic practice, is certainly not the prehistory of assemblagetheory. But what if it were? And what if, trying to fathom this faux genealogy, you could begin to sensehowassemblagetheorymightreactivatefamiliarassemblages(saythe workofRauschenberg)andencourageyoutothinkmoreexpansivelyabout assemblage practice present and past: to reconsider assemblage in an ex- pand"	
Caduff 2019.pdf	17	Hot Chocolate Carlo Caduff		2019			30	Pandemic Perhaps	0	0	0	0	"Hot Chocolate Carlo Caduff Care has always been there, yet somehow it has remained invisible. Thisisthefoundinglamentofthesociologyofcare.1Itsmissionasasci- entific endeavor is to dedicate more attention to a critical infrastructure of social reproduction that needs to be rescued from the corrosive dam- age of systematic neglect. Care needs care is the mantra of a sociology of care that fashions itself as a progressive project of devotion, conversion, andprotection.AsAnnemarieMolandhercolleaguesnote,""Ifcareprac- ticesarenotcarefullyattendedto,thereisariskthattheywillbeeroded.""2 Inthisappealtocareaboutcarewithcare,theobjecthasbecomethemethod. Butwhatarethestakesbeyonddevotion,conversion,andprotection? MythankstoMariaJosédeAbreu,DwaiBanerjee,AdityaBharadwaj,GuntarsErmansons, AnitraGrisales,GithaHariharan,SarahHodges,HannaKienzler,TaraMahfoud,Vinh-Kim Nguyen,BarbaraPrainsack,ShaliniRanderia,AbinThomas,theCMPResearchGroup,and theeditorsofCriticalInquiryforquestions,comments,andsuggestions.Ipresentedearlier versionsofthisessayintheDepartmentofSocialAnthropologyattheUniversityofEdin- burghandattheFramingTechnologyandCareinAsianContextsworkshopattheNational UniversityofSingapore.IwouldliketothanktheaudiencesforthediscussionandIanHar- per,CatelijneCoopmans,andKarenMcNamarafortheinvitations. 1. Amongmanyotherexamples,seeCareinPractice:OnTinkeringinClinics,Homesand Farms,ed.AnnemarieMol,IngunnMoser,andJeannettePols(Bielefeld,2010);Mol,TheLogic ofCare:HealthandtheProblemofPatientChoice(NewYork,2008);MariaPuigdelaBellacasa, ""MattersofCareinTechnoscience:AssemblingNeglectedThings,""SocialStudiesofScience41 (Feb.2011):85–106;ArthurKleinman,""CatastropheandCaregiving:TheFailureofMedicineas AnArt,""TheLancet,5Jan.2008,pp.22–23,""Caregiving:TheOdysseyofBecomingMoreHu- man,""TheLancet,24Jan.2009,pp.292–93,and""CaregivingasMoralExperience,TheLancet, 3Nov.2012,1550–1;andKleinmanandBridgetHanna,""Catastrophe,Caregiving,andToday's Biomedicine,""BioSocieties3(Sept.2008):287–301.ThisworkdrawsontheclassicJoanC. Tronto,MoralBoundaries:APoliticalArgumentforanEthicofCare(NewYork,1994).Forasim- ilarlamentingerontology,seethecriticaldiscussioninLawrenceCohen,""OldAge:Cultural andCriticalPerspectives,""AnnualReviewofAnthropology23(1994):137–58. 2. Mol,Moser,andPols,""Care:PuttingPracticeintoTheory,""inCareinPractice,p.7. 788 Carlo Caduff / Hot Chocolate Intoday'spoliticaleconomyit'sdifficulttosustaintheimageofaworld that'scaring—aworldthat'sgenerous,tolerant,benevolent,andreassuring. Inthiscontext,thecalltocareaboutcarewithcarehasgainedtractionasa reparative response to the precarious conditions generated by neoliberal policies.Here,the promise ofcareisthat itwill allowpeopletosurvive a time of austerity, of systematic institutional withdrawal, by providing a formofsupportnotorganizedbythestate.Thismakesthescholarlyfocus onkinshipandfriendship—conceivedofasinformalbiopoliticalreplace- ment structures for the basic support of life—potentially complicit with theriseofneoliberalism,thespread"	
Cahill 2023.pdf	11	The Truth of Value: A Conversation with Theaster Gates Zachary Cahill		2023			1		0	0	0	0	"The Truth of Value: A Conversation with Theaster Gates Zachary Cahill Cahill: Theaster, would you tell us about where we are? What is this space that you've created, and how did it come to be (fig. 1)?1 Gates:Well, there is this Indian brother, Ken, who hadput all his kids through medical school, selling hardware. He was part of the True Value hardwarestorefranchise,buthewasreadytoretire,andthestorewasgo- ing out of business. So, I bought a hardware store. I didn't want to run a hardware store. Ken said that the hardware store, its most valuable asset, wasthelotterymachineandthatifIkeptthelotterymachineinthehard- ware store, I would make a lot of money. One of these coin-scratch ticket machinesgeneratedalmostasmuchmoneyasallthehardwarethathehad sold every month over the last six or seven years. I didn't want a lottery machine, but I love the hardware store, Ken's hardwarestore,asitwasbecauseitconstitutedthewaythingsusedtohap- pen in cities. I was in love with something quite nostalgic, and it seems nostalgia is not okay in the contemporary art world. My love of the hard- warestoredidn'timmediatelytranslateintosomethingthatcouldbeiden- tifiedasaworkofart.Ididn'timagineitassculpture.Ididn'timagineitas installation. I imagined it as a hardware store. Overtheyears,asprojectswouldcomeuporopportunitieswouldcome up,IstartedaskingmyselfiftherewasawaythatIcouldusethehardware store to articulate something. Could the hardware store be indicative of a 1. Thisinterviewisfrom9April2021.ItwasstreamedduringExpoChicagoOnline2021as partofthevirtualprogrammingforthecity'sinternationalcontemporaryartfair.Foroneyear, TheasterGatesexhibitedaniterationofhisongoinghardwarestoreprojectattheRichardand MaryL.GrayCenterforArtsandInquiry,wherethisconversationwasfilmed. FIGURE 1. TheasterGates,""Hardware""installationatUniversityofChicago'sGrayCenter. Photo:DanMiller/UsefulArtServices. changing urban storefront, a take on black space that acknowledges Ken's immigrantpresenceintheUnitedStatesinthe1970sandthenhisacquisition Theaster Gates is an artist and social innovator who lives and works in Chicago. Over the past decade, he has translated the intricacies of Blackness through space theory and land development, sculpture, and performance. Through the expansiveness of his approach as a thinker, maker, and builder, he extends the role of the artist as an agent of change. His performance practice and visual work find roots in Black knowledge, objects, history, and archives. He has shown and performed in major museums and exhibitions all over the world, including The New Museum, The Aichi Triennial, and The Serpentine Pavilion. He is the recipient of numerous prizes and honors and a member of the American Academy of Arts and Letters. He is a professor at the University of Chicago in the Department of Visual Arts. Zachary Cahill is an inter- disciplinary artist based in Chicago. His art has been featured in the Berlin Biennale; Regina Rex, New York; and the Museum of Contemporary Ar"	
Cappelletto 2021.pdf	4	Arguments for a New Aesthetic of Presence Chiara Cappelletto	2020	2021			5		0	0	0	0	"Arguments for a New Aesthetic of Presence Chiara Cappelletto Translated by Samuel Fleck 13 May 2020 The dominant narrative of COVID-19 plays into the most conservative iconic order. On the one hand, there is a widely circulated, glossy image of SARS-CoV-2 that makes use of the realist rhetoric of photography: the virus is this. It hardly matters that such an image is not a depiction of the pathogenbutanillustrationdesigned""tograbthepublic'sattention.""1On theotherhand,thevirusis""invisible""aboveallelse,anditssymptomslargely ""mimic"" those of the seasonal flu, which they resemble. It is therefore said tobeunknowable.Thelayobserverisonceagaincaughtinadoublebindbe- tweenopticalefficacyandthephantasmalqualityoftheimage.Apartfromits well-knownparadoxes,thelogicofthesign—stillapplicabletoAIDS,which hasinfactbeentermedan""epidemicofsignification""2—iscompletelyinad- equateforunderstandingthecurrentpandemic.The""pestiferousbodies,""the carriersofcontagion,cannotbedetectedbecausetheyarelargelyasymptom- atic.Thevirusstrikeswithoutmarkingthesickperson,asconfirmedbythe franticsearchforatrackingsystemthatwillcompensateforthedearthofsymp- toms,usinggeolocationdatatomakeupforthelackofstigmata. Indeed,sinceanyonecouldbesickwithoutknowingit,weareallasked tomaintaindistancefromoneanother.Thispolicymighthavebeencalled ""physicaldistancing,""soastograntrelevancetoalltheformsofattachment, 1. CaraGiaimo,""TheSpikyBlobSeenAroundtheWorld:HowC.D.C.MedicalIllustrators CreatedtheCoronavirusPandemic'sMostIconicImage,""NewYorkTimes,1Apr.2020,www .nytimes.com/2020/04/01/health/coronavirus-illustration-cdc.html 2. PaulaTreichler,""AIDS,HomophobiaandBiomedicalDiscourse:AnEpidemicofSignifi- cation,""CulturalStudies1,no.3(1987):263–305. care, and aid that we have mobilized during this time. The fact that it has beencalled""socialdistancing""clearlyunderscorestheaesthetic-politicalim- plicationsofthisextraordinarytypeofnegativeperformance.Socialdistance is the suppression of gestures of contact. It entails not shaking hands with, hugging, or leaning in toward—much less slapping, hitting, or attacking— oneanother.Itabolishestheaffordancesoftheworld,thusworkinglikean anesthetic. If, as Adam Phillips writes, ""attention seeking . . . is a form of sociability,anappealtootherstohelpuswithourwanting,""3thensocialdis- tancinginhibitsourdesiretogiveandreceiveattention. Wetalkaboutthepandemicusingsurfacecodes,butweliveitasbodies embedded inourhomes, asthoughinacultural versionoflocked-insyn- drome.Areweanewkindoffreakinanewkindofcircus?Itwillbeinter- esting to see to what extent future reflections about the transformation of public space into media space, the virtualization of private space through thesystematicuseofonlineplatforms,andnewcodesofsocialrepresenta- tionwhereonlytheupperhalfofthebodyisdisplayedremainreliantonour culture'sprivilegingoftheiconicandtowhatextenttheyacknowledgethat visionitselfissituated.Wearecurrentlylivingacriticalstalemateandpaying foritintheflesh. Sufferingduetosuspendedsociali"	
Carrico 2020.pdf	19	Seeing Sansha: The Political Aesthetics of a South China Sea Settlement Kevin Carrico		2020			37		0	1	0	0	"Seeing Sansha: The Political Aesthetics of a South China Sea Settlement Kevin Carrico Developinginto amaritimegreat powerisanessential component ofrealizingso- cialismwith Chinesecharacteristics. —XiJinping1 Sanshaisbeautiful,Sanshaissacred,Sanshaisstrong. —Lü Yuan2 Early on a scorching summer morning on 24 July 2012 the national an- themofthePeople'sRepublicofChina(PRC)playedforasmallcrowdof mostlymilitary-linkedonlookersinthemiddleoftheexpansiveSouthChina Sea.Thecrowdhadgatheredtowatchthefive-starredredflagraisedinfront of the newly established local government headquarters of the prefectural levelcityofSansha(三沙).3ThenewlyincorporatedcityislocatedonWoody orYongxingIsland intheSouth ChinaSea, 220miles southeast ofHainan Island and 250 miles east of Vietnam. Woody Island is part of the Paracel AsofDecember2019,theSanshaPeople'sGovernmentwebsiteisnolongeraccessibletoIP addressesfromoutsideofChina.Wherepossible,Ihaveincludedlinkstoalternatewebsites wheretheSanshapoemsanalyzedinthisarticlecanstillbeviewed.Researchonandfinalrevi- sionsofthisarticleweresupportedbyaDiscoveryEarlyCareerResearcherAwardfromthe AustralianResearchCouncil.Unlessotherwisenoted,alltranslationsaremyown. 1. XiJinping(习近平),""Speech:PayGreaterAttentiontotheSea,KnowtheSea,Strategize theSea;PushforEverGreaterAccomplishmentsinDevelopingintoaSea-BasedSuperpower"" (XiJinping:jinyibuguanxinhaiyangrenshihaiyangjinglüehaiyangtuidonghaiyangqiangguo jianshebuduanqudexinchenggguo,习近平:进一步关心海洋认识海洋经略海洋推动海洋强国建设不 断取得新成就),XinhuaNews,31July2013,news.xinhuanet.com/politics/2013-07/31/c_116762285.htm 2. LüYuan(吕远),""Sansha,MyAdorableHometown""(Sansha,woke'aidejiaxiang,三沙, 我可的家乡),People'sDaily,3Aug.2015,www.sansha.gov.cn/sansha/sswys/2015-08-02%2016:00:00 %20/S66B7D7CFF5QM9DRKRVZU88F9N9HRKG8.shtml 3. See""ChinaRaisesFlagaboveControversialCity,""UnitedPressInternational,24July2012, www.upi.com/China-raises-flag-above-controversial-city/33021343151712 Island chain that is claimed and increasingly contested by China, Taiwan, andVietnam.Aconflictof greatmagnitudehasthusemergedinrecentyears aroundthistinyspace.Ontheonehand,SanshaisthesmallestcityinChina intermsof landmass,comingtolessthantensquarekilometres.4Itisalso China's smallest city in terms of population, with the permanent popula- tion peakingataround1,400,andthehigh-endestimateofresidentsonall ofthesurroundingislandscomingtonomorethan3,500.5Ontheotherhand, itisalsoindisputablythePRC'slargestcity;6itslocationinthemiddleofthe seaprovidingnotparticularlysteadybutcertainlyinsistentgroundsforclaims to the Paracel Islands, Spratly Islands, and Macclesfield Bank, along with nearlytwomillionsquarekilometersofocean.7Asaresult,thisminisculeis- landhasbeenendowedwithasignificancevastlydisproportionatetoitssize. Massiveinfrastructureprojectshavebeendevelopedbythepartystatetosus- tainasmallpopulationthatwouldotherwisebeunabletosurviveonthistiny butterritoriallycrucialpieceofartificiallandinthemiddleoftheocean. ArecentarticleinStudyTimes,apublicationoftheCentralPart"	
Carson 2021.pdf	22	Stillness Anne Carson		2021			54	Comic	0	0	0	0	"Stillness Anne Carson Howtobeginanessayonstillness.Insofarasanessayisabroaching,an interference,adisruption,abreakinginofmeuponyou—yourmindaquiet lake,mejumpingintoit—westartwithsomediscussionofquietasdisquiet. Thatistosay,HelenofTroy. Aiskhylos'sAgamemnonisaviolentplayfrombeginningtoend,aworld ofchaoticpeopledoingchaoticthingsfortheworstreasons.Itsactionun- foldsinthewakeofawarthatseemstomostsurvivorstohavebeenaco- lossalmistake,movingasitdidfromthepointlessbloodsacrificeofanad- olescentgirltothesavagingofacivilization.Thechorusoftheplayistwelve oldmenwhocannotsleepforthinkingaboutallthis;theyhavenowherein theirownmindstheycangoforrestorreverie.""Itdripsallnightbeforemy heart,thegriefrememberingpain,""theysay.1Intothemidstofthisgeneral woundedness,thisinternationaldisarray,inthethirdstropheofthesecond choralode,thechorusplacesHelen,astheproximatebutsufficientcauseof itall,andtheydosointhesewords: And at that time I would say there came to Troy a spirit of windless calm, a quiet dreamy extra bit of luxury— her feather touch, her softly stabbing eyes— the heartbreaking bloom of desire that she was.2 Unlessotherwisenoted,alltranslationsaremyown. 1. Aiskhylos,Agamemnon179–80. 2. Ibid.737–43. 2 Anne Carson / Stillness Aspiritofwindlesscalm.Ithasalwaysastonishedme,thewayAiskhylosso softlyslips Helen into theviolence of this ode and this play, like abead of mercurydroppeddownatesttubeoflava.Itisn'ttheusualwaytorecom- mendafemmefatale,tosaythatshecontradictsturbulenceandcomeson likeaspellofcalmweather.LaterinthisodethechoruswilldescribeHelen asswervingasidefromheroriginalpeacefulcoursetobringruinonPriam's family,butherfirstimpactisthisquietness. PerhapsHelen'spowercantypicallybetracedtosomethingunexpected inheraffect,somethinginexplicableinhereffect.WhenHomerintroduces herintheIliad,heletsherpacetheparapetofTroyandtalkaboutthearmies fightingdownbelowwithoutanyofthepredictablephysicaldescriptionthat mightaccompanyamajorheroine.WehavenowaytoknowifHelenisdark orfair,sleekorfat,richlybejeweledorcoollyaustere.Homercreatesamo- mentofhusharoundher,whereourentireobservationpassesthroughthe eyesofsomeoldmenseatedontheparapetwhowatchhergo: There they sat, the elders, upon the Skaian gate, old men stopped from war but good at talking, like the cicadas that sit on a branch in the forest pouring forth their lily-like voice. Such were the leaders of Troy as they sat upon the tower. But when they saw Helen coming along the wall they went quiet, saying winged words to one another: No blame attaches to Trojans or Akhaians if they suffer for a woman like that. She seems terribly like an immortal god to look at.3 That'sallwefind outaboutHelen'slooksfromtheIliad.Theelderspara- lyzedbyherpresencefindtheirusualeloquencefaltering.Tosaythatsome- one looks like a god is to call her unspeakable. Or, since the old men do speak,perhapsabetterwordmightbeexorbitant—fromtheLatinexorbita, ""outsidetheusualwagontrackorrut.""So,Iwasponderingtheexorbitance ofHelen,andoferoticobjectsingeneral"	
Cartier 2020.pdf	33	Among Greater Issues of the Day: 2003–2013 Hong Kong in China, Carolyn Cartier		2020			72		0	1	0	0	"Among Greater Issues of the Day: 2003–2013 Hong Kong in China, Carolyn Cartier DiscursiverealmsunderChineseCommunistParty(CCP)authoritystrive torepresentChinathroughrelatablevaluesinaccessiblelanguageforstrategic nationalism.Beginninginthemid-2000s,aftermorethantwodecadesofun- even economic development and rising inequality, the CCP turned to the ""rhetoricofaltruism""andascriptedharmonioussociety(hexieshehui,和谐 社会)astheconceptualbasesofitsleadership.1ButChina'sofficialdiscourses receivemixedreceptionespeciallywhereideationalandvaluesystemsarenot historically based on party orthodoxy, as in the Sinophone region of Hong Kong.2ThegovernmentofHongKongofficiallymaintainscertaincorevalues thatdifferfromthoseofthecentralgovernmentofthePeople'sRepublicof China(PRC).ThishistoricalconditionmoderatesthenotionofChinesepo- litical culture and foregrounds dynamics that accommodate interpretation andnegotiation.Asascholarofurbangeography,Iaminterestedinhowthese contestedvaluesbecomedisplayedinthelifeofthecityandappearinthepro- ductionofspace. ThreeeventshaverecentlycometomarkdifferencesbetweenHongKong corevalues(HeongGonghatsamgaazik,香港核心價值)andChina'ssocial- ist core values (shehuizhuyi hexin jiazhi, 社会主义核心价值). The political fundamentals of the first one are well known. On 5 June 1989 one million people in Hong Kong marched in response to the violent suppression of protesters in Beijing. In 2003 broad-based activism against a plan to Unlessotherwisenoted,alltranslationsaremyown. 1. GloriaDavies,WorryingaboutChina:TheLanguageofChineseCriticalInquiry(Cam- bridge,Mass.,2007),p.69. 2. SeeShu-meiShih,VisualityandIdentity:SinophoneArticulationsAcrossthePacific(Berkeley, 2007),p.36.Theregionalconcept,unboundedandmultiscalar,connectsplacesandpublics. 666 Carolyn Cartier / Among Greater Issues of the Day implementnationalsecuritylegislationinHongKongresetthebaselinefor latentconcernaboutchallengestoHongKongcorevalues,asapprehensions associated with the transfer of sovereignty of the British colony of Hong KongtothePRCin1997materializedsixyearslater.3Theproximatecause ofthethird,allocationofpublicfundsforamajorrailwayin2009,appeared tobetheHongKonggovernment'slatestcommitmenttosupply-sideinfra- structuredevelopment.Butitstechnicaldistinctions—theworld'scostliest tunnelandlargestundergroundstation—resonatedwith""buildingbig,with noregret,""ZhuTao'sdiagnosticofthesocialistbuiltenvironmentinChina sincethe1950s.4Sustained, expansive opposition totheproject'scostsand impacts appealed to Hong Kong core values.5 How should interpretations oftheseeventssince2003besituatedinHongKong? Culture of Disappearance or Ontology of Politics? Analysis of the relationship between Hong Kong and mainland China hastendedtohighlightpoliticaldifferencesarisinginthespaceoftwentieth- centurygeopoliticsandthemomentof1997.6Thisdominantviewpointinter- nalizestheconditionoflatecolonialisminHongKongwithoutindependence. 3. SeeCaroleJ.Petersen,""HongKong'sSpringofDiscontent:TheRiseandFalloftheNa- tionalSecur"	
Casetti 2023.pdf	22	The Optical and the Environmental: From Screens to Screenscapes Francesco Casetti		2023			36		0	0	0	0	"The Optical and the Environmental: From Screens to Screenscapes Francesco Casetti 1. Confronting a Screen: The Visual and the Spatial Anend-of-the-eighteenth-centuryParisiancitoyencrossesthegardenof the disreputable Couvent des Capucines and enters a dark room, where a physician-magician summons ghosts that materialize from nowhere and seemtoflythroughtheair.Onehundredyearslater,stillinParis—butwith somevariationthescenemightbeplacedinBerlinorNewYork—agroupof peoplelinesuptoentertheSalonIndienofthepopularGrandCaféonthe BoulevarddesCapucines,wheretenshortanimatedpicturesareprojected onto a piece of canvas. During World War II, an American soldier sur- roundedbymapssitsinfrontofaconsolewithawidearrayoftechnicalde- vicesandlooksatacircularmonitoronwhichapulsinglightsignalsthepres- enceofapotentialtarget.Inthe1950s,asuburbanfamilygathersinfrontof a TV to spend some time together. A present-day commuter trapped in a trafficjamonthewaytoworkcheckshersmartphoneforanalternateroute. Inaninternationalairport,aTSAemployeeinspectsatraveler'ssuitcaseon a monitor while his colleague uses another monitor to inspect the same traveler'sbody.Whilecrossingastreetorasquare,acitydwellercastsaglance atahugeLEDadvertisementcoveringthefrontofabuilding.Inaroomfilled withsurveillancemonitors,apoliceofficerwondersifthereareareasofthe citythatrequireherintervention(fig.1). These scenes—which respectively make reference to a phantasmagoria show,anearlyfilmséance,aradarstation,atelevisionbroadcast,aGlobal PositioningSystem(GPS)unit,anairportcheckpoint,amediafaçade,and Unlessotherwisenoted,alltranslationsaremyown. 316 Francesco Casetti / The Optical and the Environmental FIGURE 1. Apatchworkofscreens. a control room—are quite puzzling.1 They have almost nothing in com- mon: some involve a spectacle, but others involve surveillance processes; some mobilize analogical representations, but others mobilize digital im- ages; some address collective audiences, but others address separate users; 1. ForanaccuratedescriptionofaphantasmagoriashowattheConventofCapucines,see LaurentMannoni,TheGreatArtofLightandShadow:ArchaeologyofCinema,trans.anded. RichardCrangle(Exeter,2000),pp.157–64.Forareconstructionofearlyfilmséances,see SantiagoHidalgoandLouisPelletier,""LeMystèredu'GrandTableauGris':l'animationdes imagesfixesdanslespremièresprojectionscinématographiques,""1895:Millehuitcentquatre- vingt-quinze82(Summer2017):87–106.SeealsoMartinLoiperdinger,""Lumière'sArrivalofthe Train:Cinema'sFoundingMyth,""MovingImage4,no.1(2004):89–118.Foraconsiderationof radarinthehistoryofsurveillance,seeJeremyPacker,""ScreensintheSky:SAGE,Surveillance, andtheAutomationofPerceptual,Mnemonic,andEpistemologicalLabor,""SocialSemiotics23, no.2,(2013):173–95.OnTVinthe1950s,seeLynnSpiegel,MakeRoomforTV:Televisionand theFamilyIdealinPostwarAmerica(Chicago,1992).ForasynthetichistoryoftheGPS,see WilliamJ.Rankin,""GlobalPositioningSystem,""inCartographyintheTwentiethCentury:Part1, ed.MarcMonmonier,vol.6ofTheHistoryofCartograph"	
Catoni Giuliani 2019.pdf	33	Socrates Represented: Why Does He Look Like a Satyr? Maria Luisa Catoni and Luca Giuliani		2019			38		0	0	2	0	"Socrates Represented: Why Does He Look Like a Satyr? Maria Luisa Catoni and Luca Giuliani The Swiss pastor Johann Caspar Lavater promoted the discipline of physiognomicsinthe1770sasascientificmethodtogainabetterunder- standing of humankind. He considered the case of Socrates the physiog- nomicscandal:Whydidthisphilosopher,thewisestandnoblestofmen, look like a satyr and thus subhuman?1 Todaynotmanywouldconsiderphysiognomicsascientificapproach; still,whatLavaterconsideredascandalremainsapuzzle,eventhoughhis questionshouldbeaskedinslightlydifferentterms.Thephysiognomyof Socrates—asbothdescribedinPlato'sandXenophon'sworkseachtitled SymposiumanddepictedinSocrates'ssculpturedportraits—isanartifact, notaproductofnature;therefore,thepertinentquestionisnotwhySoc- rateslooked likeasatyrbutratherwhyhewasmadetolooklikeone.From thisperspectivefurtherquestionsarise:whomadethischoice(becauseit musthavebeenadeliberatechoice)?Underwhatcircumstancesandwith whatpurpose?Thesequestionsarepreciselywhatwewilltrytoanswerin this paper. Our primary evidence is certainly first rate: we have two very famousandhighlyinfluentialtextswrittenbytwoeminentpersonalities, WewishtothankJamesConantandCarloGinzburgfortheirpersistentandpatientsup- port;wehavegreatlyprofitedfromthecriticalobservationsofGlennMost(whomightstill disagree);wearemostgratefulforthevaluableobservationsandsuggestionsmadebyRich- ardNeer,BertSmith,andtheeditorsofCriticalInquiry.WethankMitchCohenforafinal linguisticrevisionofthetext.Theauthorstakefullandequalresponsibilityforthisessayand anyremainingmistakes;unlessotherwisenotedtranslationsareourown.MariaLuisaCatoni isresponsibleforsections1–4;LucaGiulianiisresponsibleforsections5–8. 1. SeeJohannCasparLavater,PhysiognomischeFragmente,zurBeförderungder MenschenkenntnisundMenschenliebe,4vols.(Leipzig,1775–78),2:64–75. 682 Maria Luisa Catoni and Luca Giuliani / Socrates Represented Plato and Xenophon, several years after Socrates's death; we also have two portrait statues, erected in Athens, that date to the first and second halvesofthefourthcenturyBC.Thebronzeoriginalsarelost,butwecan relyonanumberofcopiesproducedinRomantimes.Theearlierstatue, asweshallsee,waserected inquiteproblematicandmysteriouscircum- stances. Beforeweexaminethisevidence,let'sbeginwithaverybriefoutlineof Socrates'sjuridicalaffairanditsaftermath.InAthensin399BCSocrates, then aged about seventy, was tried, condemned, and put to death.2 In his LivesandOpinions ofEminent Philosophers, Diogenes Laertius gives us the text of the indictment: ""Socrates has broken the law by . . . not duly ac- knowledging the godswhomthe polisacknowledgesandby...introduc- ingothernewdivinities[daimónia].Hehasalsobrokenthelaw...bycor- 2. Forasmallselectionoftherelevantliterature,seeIsidorF.Stone,TheTrialofSocrates (NewYork,1989);GregoryVlastos,Socrates:IronistandMoralPhilosopher(Ithaca,N.Y., 1991),pp.291–97;ThomasC.BrickhouseandNicholasD.Smith,SocratesonTrial(New York,2002);PaulCartledge,AncientGreekPoliticalThoughtinPrac"	
Cecire Solomon 2024.pdf	22	Mycoaesthetics Natalia Cecire and Samuel Solomon	2019	2024			52	JustineKarst|alsoThompson	0	0	1	0	"Mycoaesthetics Natalia Cecire and Samuel Solomon Sporesare hardtopindown; thatistheirgrace. —AnnaLowenhaupt Tsing,The Mushroom attheEndoftheWorld1 ""There is . . . [a] video—one that is forever being referred to in mush- rooming circles—explaining how fungi could save the world,"" Long Litt WoonobservesinTheWaythroughtheWoods,her2017memoirofmush- roomforagingandgrief.2Thevideoisa2008TEDTalkbythepopularmy- cologistandmushroomevangelistPaulStamets,whose2005bookMycelium RunningissubtitledHowMushroomsCanHelpSavetheWorld.3Fungien- thusiasmshavealonghistory,but,untilrecently,mycophiliahasbeenseen asanichehobby.4Itisonlyrecentlythatthepropositionthatmushrooms could""savetheworld""hasgainedmainstreamcirculation,inpart,although notexclusively,duetoStamets'sefforts:heexpoundsonhisideasinthedoc- umentary Fantastic Fungi (dir. Louie Schwartzberg, 2019), and a character named after him in the television series Star Trek: Discovery (2017–2024) achieves a technological breakthrough by piloting the starship Discovery alongmyceliumstrandsthat,somehow,fillthevacuumofouterspace. Wearegratefultothefollowingreadersfortheirfeedbackonearlierversionsofthisarticle: SitaBalani,AmyDe'Ath,MartinDines,JaneElliott,MollyGeidel,SeanO'Brien,Rachel O'Connell,ChristineOkoth,NishaRamayya,ArabellaStanger,PatriciaStuelke,DavidWylot, andespeciallySebFranklin. 1. AnnaLowenhauptTsing,TheMushroomattheEndoftheWorld:OnthePossibilityofLife inCapitalistRuins(Princeton,N.J.,2015),p.227. 2. LongLittWoon,TheWaythroughtheWoods:OnMushroomsandMourning,trans.Bar- baraJ.Haveland(London,2021),p.13. 3. SeePaulStamets,MyceliumRunning:HowMushroomsCanHelpSavetheWorld(Berke- ley,2005);hereafterabbreviatedMR. 4. SeeGaryAlanFine,MorelTales:TheCultureofMushrooming(Cambridge,Mass.,1998), pp.206–12. 704 Natalia Cecire and Samuel Solomon / Mycoaesthetics Thefillingofouterspacewithmyceliumrepeatsagesturecommontothe popularsurgeofinterestinfungiasautopianresource,agestureofpleni- tude and ubiquity. ""Fungi are everywhere,"" writes Francesca Gavin in the introduction to the exhibition catalogue for her 2020 Somerset House ex- hibit Mushrooms: The Art, Design and Future of Fungi. ""They exist under theearth,ontopofourskinandinsideourbodies.Theirsporesarefloating around us constantly.""5 (As residents of the English coast: we know.) Sta- metsstagesthismovedramaticallyinMyceliumRunning:""Witheachfoot- steponalawn,field,orforestfloor,wewalkuponthesevastsentientcellular membranes. Fine cottony tufts of mycelium channel nutrients from great distances to form fast-growing mushrooms. Mycelium, constantly on the move,cantravelacrosslandscapesuptoseveralinchesadaytoweavealiv- ingnetworkovertheland""(MR,p.1).Thescaleofthesinglehumanfootis revealedasslowandobliviousinrelationtotheteemingmyceliumthat,un- derneath the plodding footfall, is ""running.""6 Fungi are thus represented asbothubiquitousand occulted, bothelectric with animacyand infinitely latent. We wish to describe what we see as a newly prominent mycoaesthetics andtheparticular"	
Chakrabarty 2019.pdf	31	The Planet: An Emergent Humanist Category Dipesh Chakrabarty		2019			70	Chakrabarty	1	0	0	0	"The Planet: An Emergent Humanist Category Dipesh Chakrabarty Earth System Science (ESS), the science that among other things ex- plainsplanetarywarmingandcooling,giveshumansaverylong,multilay- ered,andheterotemporalpastbyplacingthemattheconjunctureofthree (andnowvariouslyinterdependent)historieswhoseeventsaredefinedby verydifferenttimescales:thehistoryoftheplanet,thehistoryoflifeonthe planet,andthehistoryoftheglobemadebythelogicsofempires,capital, andtechnology.OnecanthereforereadEarthsystemscientistsashistori- answritingwithinanemergentregimeofhistoricity.Wecouldcallitthe planetaryorAnthropocenicregimeofhistoricitytodistinguishitfromthe global regime of historicity that has enabled many humanist and social- science historians to deal with the theme of climate change and the idea of the Anthropocene.Inthe latterregime,however,historianstrytorelate theAnthropocenetohistoriesofmodernempiresandcolonies,theexpan- sionofEuropeandthedevelopmentofnavigationandothercommunication Iamindebtedtomanyfortheircommentsonvariousdraftsofthispaper.Averyspecial wordofthankstoDavidNirenberg,BrunoLatour,JanZalasiewicz,FrançoisHartog,Tom Mitchell,NazmulSultan,SanjaySeth,HomiBhabha,ParthaChatterjee,andRochona Majumdarforplowingtheirwaythroughaveryroughdraftandprovidingusefulcriticisms. BillBrown,FredrikJonsson,JuliaAdenyThomas,SamuelGarrettZeitlin,EwaDomanska, JamesChandler,SarahHall,NettavanVliet,JedediahPurdy,andNormanWirzbacommented mosthelpfullyonalaterdraft.Versionsofofthispaperwerepresentedatdifferentvenues:as theinaugurallecturefortheGlobalStudiesProgramattheUniversityofCalifornia,Irvine;as akeynotelectureataconferenceonAfricanandAfrican-AmericanStudiesatVanderbiltUni- versity;asapubliclectureattheUniversityofTechnology,Sydney,totheClimateChange StudyGroupattheUniversityofChicago;andasthebasisofmyWilliamJameslectureatthe HarvardDivinitySchool.Ibenefitedfromallthecommentsreceived.Needlesstosay,anyre- mainingerrorsandproblemsofexpositionandlogicaremine.Asectionofthisarticlewas previouslypublishedinDipeshChakrabarty,""PlanetaryCrisesandtheDifficultyofBeing Modern,""Millennium46,no.3(2018):1–24. 2 Dipesh Chakrabarty / The Planet technologies,modernityandcapitalistglobalization,andtheglobalandcon- nectedhistoriesofscienceandtechnology.1 Itismycontentionthatwhenwereadtogether—aswemust—histories producedonthesetworegisters,thecategoryplanetemergesasacategory of humanist thought, a category of existential and, therefore, philosoph- icalconcerntohumans.MartinHeideggerpronouncedthewordplanetas being of no interest to philosophers when he introduced earth as a phil- osophicalcategoryin1936,distinguishingitcarefullyfromthewordplanet. ""Whatthisword[earth]says,""hewrote,""isnottobeassociatedwiththe idea of a mass of matter deposited somewhere, or with the merely astro- nomical idea of a planet.""2 His lecture on ""The Origin of the Work of Art"" deliveredinFrankfurtthatyearexplained ""earth""asthatwhichmade life possible. It was the ground for humans' attempt to dwell: ""Upon the earth"	
Chandler 2020.pdf	28	I. A. Richards and Raymond Williams: Reading Poetry, Reading Society James Chandler		2020			29		2	0	0	0	"I. A. Richards and Raymond Williams: Reading Poetry, Reading Society James Chandler If IbeginbysayingthatthisisanessayaboutRaymondWilliams'srela- tiontotheinstitutionofCambridgeEnglish,Irisklosingtwogroupsofread- ersIwishtoreach.Onegroup,theinsiders,maythinkthatthestoryhasall beentoldbefore.Williams—authorofadozenandahalfwide-rangingbooks in literary, cultural, and media studies over a thirty-five-year period—is a major figure in late twentieth-century criticism. Much commentary on Williamssincewellbeforehisdeathin1988hassituatedhisworkinrela- tion to the powerful formation of literary studies at the university he at- tendedbeforeandafterhismilitaryserviceinWorldWarII.Surely,some willsay,allthatcanbesaidonthistopichasalreadybeensaid.Theother group,theoutsiders,simplymaynotcare.Eveniftheyknowandadmire Williams,eveniftheygrantthecontinuedrelevanceofhismostimportant booksincontemporarycriticism,theymaynothavemuchinterestinCam- bridge English. I. A. Richards and F. R. Leavis, the two leading figures in shaping it, are not the household names they once were when, between them, they set the terms for Anglophone criticism in the second quarter ofthetwentiethcentury.YetinterestinRichardshasrevivedinrecentyears, and Leavis's students, or his students' students, have until recently held important academic positions throughout the United Kingdom and the Commonwealth. The effects of programmatic Leavisism—an ambitious academicinitiativethatgroundeditsresistancetomoderncommercialism bothincloseattentiontoliteratureandinstronglyheldjudgmentsabout such questions as ""the great tradition"" in the English novel—can still be IwishtothankFrancesFerguson,BillBrown,RichardNeer,andDanielMorganforhelp- fulcommentsonthisessayandEricPowellforhisassistanceinresearchingitandpreparing itforpublication. 326 James Chandler / Reading Poetry, Reading Society discernedinthosesameplaces,ifonlyastheobjectofattackinbygonein- stitutionalbattles.1NorwastheinfluenceofCambridgeEnglishconfinedto literature as such. Scholarship has traced the pioneering media theory of MarshallMcLuhanandthedistinguishedartcriticismofMichaelBaxan- dalltotheirformativeyearsinCambridgeEnglish.2Andofcourseonecan alsopointtotheillustriousfirstgenerationofRichards'sstudents,which includedbothWilliamEmpsonandMurielBradbrook. Theaccountof WilliamsIgivehere,however,isnotabouthisbeing""in- fluenced""byRichardsandLeavis,thoughheacknowledgedhisgreatdebts toboth.Itisabouttheparticulartermsof hisstrugglewiththemandhow itbecamedistinctivelyproductiveofhismajorcriticalachievements.Inpar- ticularitisabouthowWilliams'sevolvingworkandthought—culminating inhisremarkablecontributionsofthe1970sand1980s(TheCountryandthe City[1973];Television:TechnologyandCulturalForm[1974];Keywords[1976]; MarxismandLiterature[1977];WritinginSociety [1983])—tooktheirshape andambitioningoodmeasurefromthecriticalenterpriseofRichardsin particular,whomWilliamscametoregardasthecrucialfiguretoreckon withinmoderncriticism.PartofwhatWilliamscametounderstan"	
Chun 2021.pdf	6	. . . Net-munity, or the Space between Us Will Open the Future Wendy Hui Kyong Chun	2020	2021			20		1	0	0	0	". . . Net-munity, or the Space between Us Will Open the Future Wendy Hui Kyong Chun 20 May 2020 I write this during a time when we feel acutely the stakes and conse- quencesofconnection,polarization,infrastructures,models,andhabits.To many,itseemsaworldturnedupsidedown,inwhichtheunimaginablehas become possible: ""socialism"" and extensive surveillance within the US;1 the retractionoftheChineseeconomy2andthenegativepriceofoil;3theinvo- cation of Cold War shelter-in-place ordinances;4 and KKK masks worn as protective masks in California.5 This crisis has highlighted and augmented alreadyexistingdivides:fromwhite-collaremployeeswhoseekthe""perfect"" gadgetforworkingfromhome;6tothemainlynonwhiteandpooressential IwouldliketothankLynnFestaandPaulMoorcroftfortheircomments,suggestions,and conversationsandHannahHoltzclawforhereditorialhelp.Theyhavebeeninvaluable. 1. SlavojŽižek,""IsBarbarismwithaHumanFaceOurFate,""in""PostsfromthePandemic,"" anonlinesupplementtoCriticalInquiry47(Winter2021):S8. 2. SeeTheAssociatedPress,""China'sEconomyinWorstDownturnSince'70sAmidCorona- virusBattle,""CBCNews,17Apr.2020,www.cbc.ca/news/business/china-economy-coronavirus-1 .5535584 3. SeeJillianAmbrose,""OilPricesDipBelowZeroasProducersForcedtoPaytoDispose ofExcess,""TheGuardian,20Apr.2020,www.theguardian.com/world/2020/apr/20/oil-prices -sink-to-20-year-low-as-un-sounds-alarm-on-to-covid-19-relief-fund 4. SeeParisMartinaeu,""What'sa'ShelterinPlace'Order,andWho'sAffected,""Wired,20 Mar.2020,www.wired.com/story/whats-shelter-place-order-whos-affected/ 5. SeeJoshK.Elliott,""'ASymbolofHatred':ShopperSpottedinKKKHoodUnderCorona- virusMaskRuleinCalifornia,""GlobalNews,4May2020,globalnews.ca/news/6902152/coronavirus -ku-klux-klan-mask/ 6. SeeMalarieGokey,JoeOsborne,andStevenCohen,""26TechGadgetsWeUsetoBoost OurProductivityandComfortWhenWeWorkfromHome,""BusinessInsider,17Mar.2020, www.businessinsider.com/best-work-from-home-tech personnelwho have hadtobalance dailyfinancial and medical risks;7 from Frenchdentistswithoutproperprotectiveequipmentwhopostednakedpic- tures8 to protest back-to-work orders to Donald Trump supporters—com- paredtoa""modern-dayRosaParks""—whopubliclydemonstrateagainstor- dersbyDemocratgovernorstostayathome.9 It is a time of uncertainty and therefore responsibility—and something likecommunity.Scientific,economic,andpoliticalknowledgeandmodelsare constantly evolving. Many of the first guidelines presumed similarities be- tweenSARS-CoV-2andSARS-CoV-1,whichwerelaterproventobeuntrue, suchastheperiodduringwhichapersonismostinfectious:inSARS-CoV-1it is when one is most symptomatic;10 for SARS-CoV-2 it is just beforehand.11 OurcurrentknowledgeofCOVID-19ismainlycorrelational,withmechanistic- geneticexplanations,asalways,laggingbehindobservationandcomparison. Forexample,SARS-CoV-2iswidelyassumednottobeairbornebecauseitis 7. See""DataShowCOVID-19isHittingEssentialWorkersandPeopleofColorHardest,"" ACLUMassachusetts,8Apr.2020,www.aclum.org/en/publications/data-show-covid-19-hitting -essentia"	
Chun et al 2024.pdf	27	""" "" Understanding Asians: Anti-Asian Racism, Sentimentality, Sentiment Analysis, and Digital Surveillance Wendy Hui Kyong Chun, Grace Kyungwon Hong, and Lisa Nakamura"	2020	2024			42	themajorityofChineseandIndiandescent	1	1	0	0	""" "" Understanding Asians: Anti-Asian Racism, Sentimentality, Sentiment Analysis, and Digital Surveillance Wendy Hui Kyong Chun, Grace Kyungwon Hong, and Lisa Nakamura Duringthesummerof2020,Chinese-FilipinoAmericanJordanEliChan recorded and posted a video in which white restaurant patron Michael Lofthouse verbally attacked her and her family during her aunt's birthday celebrationattheBernardusLodgeandSpainNapaValley,California.As ChantoldnewsstationKION,awhitemansittingbyhimselfbeganhurling racistinsults,saying""F—you,Asians,""""Gobacktowhateverf——ingAsian countryyou'refrom,""and""Youdon'tbelonghere.""1Inthevideo,Chanand other members of her family immediately respond with ""Whoa, say that again,say thatagain.""A white woman server, GennicaCochran,entersthe scene,shoutingatLofthouse,""I'msorry,youneedtoleave,thatisnotappro- priate.""2 Lofthouse, an immigrant from the UK, replies, ""No, you need to leave,""whileflippingoffthefamilyandsaying,""Trump'sgoingtof—you, youAsianpiecesofshit.""Cochranshoutsthatthefamilyare""valuedguests,"" ThisworkhasbeenmadepossibleinpartbyfundingfromtheMellonFoundationandthe Canada150ChairsProgram.PortionsofthisarticlehavepreviouslyappearedinWendyHui KyongChun,""TheSpaceBetweenUs:NetworkGaps,Racism,andthePossibilitiesofLiving in/Difference,""Catalyst:Feminism,Theory,Technoscience7(Fall2021):13;hereafterabbreviated""S."" 1. ElishaMachado,""VideoofManSayingRacistRemarksagainstAsianFamilySparksPub- licOutrage,""KION546,6July2020,kion546.com/news/2020/07/06/video-of-man-saying-racist -remarks-against-asian-family-sparks-public-outrage/ 2. MelanieWoodrow,""EXCLUSIVE:WaitressWhoStoppedSFTechCEO'sRacistRantat CarmelValleyRestaurantSharesWhatHappened,""ABC7SanFrancisco,8July2020,abc7news .com/tech-ceo-racist-rant-solid8-michael-lofthouse-in-carmel-gennica-cochran/6307544/. CochranehadbeenwatchingLofthouseallnight,ashehadpreviouslyswitchedtables,sent backfood,andcomplainedtohermanager. 426 Wendy Hui Kyong Chun et al. / ""Understanding"" Asians to which Lofthouse replies, ""they're valued guests in a pandemic,"" echoing racistframingsofAsiansandAsianAmericansasCOVIDdiseasevectors.As Lofthousecontinuestoswearandcallthefamily""Asianf—s,""thecombined effortsofthewaitress,family,andothercustomersfinallygethimtoleave. Chan'svideowentviralonInstagramandFacebookandwaspickedup bynewsoutletsthatdisseminateditasevidenceofarisingtideofanti-Asian racism—aconsequenceofthen-PresidentTrump'sclaimsthatCOVIDwas manufacturedinChina.Italsoseemedtoshowthatthishatewasbeingchal- lenged:inthevideoanditsaftermathjusticeappearedtohavebeenserved. Lofthouse was forced to resign from his position as CEO of Solid8, a tech startupinSanFrancisco,whileCochran—theheroofthevideo—received overahundredthousanddollarsintipsonaGoFundMepagestartedbya viewer.3ButChan,likesomanyotherwomenofcoloronline,washarassed andforcedtodeactivatehersocialmediaaccounts.Allthewhile,socialme- dia platforms capitalized on the voluminous outpouring of clicks that the videohelpedfeed.Socialmediacompanies'businessmodel"	
Clover 2021.pdf	5	The Rise and Fall of Biopolitics: A Response to Bruno Latour Joshua Clover	2020	2021			8	Critical Theory|Racial Capitalism|the French|the Mellon	0	1	1	0	"The Rise and Fall of Biopolitics: A Response to Bruno Latour Joshua Clover 29 March 2020 Howswiftlydogenresofthequarantineemerge!Notableamongthemis thediscoveryoftherelationbetweenthepresentpandemicandtheonrush- ing climate collapse. The driving force of this genre is not ""holy shit, two waysforalotofpeopletodie""buttherealization,orhope,thatthegreatmo- bilizationsofstateresourcescurrentlybeingunspooledtoaddressCOVID-19 provethepossibilityofacomparableorgreatermobilizationagainstecolog- icalcatastrophe,anevengreaterthreatifsomewhatlessimmediate.Thereis tobesureacertainmixingofanalogies:intheUnitedStates,confrontingclimate changeisconventionallylikenedtotheNewDealorMarshallPlan,schemesto hedge against the charisma of communism, while addressing the pandemic decisivelytakesthelanguageofwaritself,a""warfooting,""""wartimepresi- dent,""andsoon.Thisisaninterestingslippage,nodoubt,thoughbothanal- ogiesrelyonavisionofpreservingglobalhegemony.Insertruefullaugh. Bruno Latour provides a recent example of this genre; it appeared du- allyin Le Monde andCritical Inquiry on25 March, here underthe title ""Is ThisaDressRehearsal""andinFrenchunderthemoreprosaicbutimper- ative""HealthCrisisDemandsWePrepareforClimateChange.""1Theshort piece is filled with the author's habits of mind such as the inevitable ""La- tour Litany,""2 a list of all the various actors human and inhuman in an ""entirenetwork,""enumeratedwithaninsistentlevelingofitscontentswhere 1. BrunoLatour,""Lacrisesanitaireinciteàseprépareràlamutationclimatique,""Le Monde,25Mar.2020,www.lemonde.fr/idees/article/2020/03/25/la-crise-sanitaire-incite-a-se -preparer-a-la-mutation-climatique_6034312_3232.html.Thetranslationofthetitleismine. 2. IanBogost,""LatourLitanizer,""Bogost,16Dec.2009,bogost.com/writing/blog/latour_litanizer/ whatmattersisthatalltheseactorsstandinratiowitheachother,muteequiv- alents.Itisasifexchangevaluehadtakenupasidehustleasatheorist.The goalistodemonstrateyetagaintheindistinctionofnatureandsocietyto- ward discovering the obvious truth that ""the pandemic is no more a 'natural' phenomenon than the famines of the past or the current climate crisis.""3 Buthereproblemsariseforthecomparison,astheauthorhimselfadmits. Writing from France, he notes that Emmanuel Macron's capacity to con- frontthepandemicisnotofakindwithevenhisleastgesturetoward(pur- ported)climateabatement,recallinghowhisgastaxwasmetnotwithrelief andathirstformorebutwiththeriotsoftheGiletsJaunesmovement.Per Latour, this is because Macron—and ostensibly other leaders—have not forgedthekindofnewstatethatclimatecollapsewillrequire.Instead,""we are collectively playing a caricatured form of the figure of biopolitics that seemstohavecomestraightoutofaMichelFoucaultlecture""(""DR,""p.S26). He means Foucault's final lecture on the theme Society Must Be De- fended, describing a new kind of power. Whereas once ""Sovereignty took life and let live,""4 he writes, we discover toward the end of the eighteenth century""theemergenceofapowerthat...incontrast,consist"	
Clune 2019.pdf	25	Judgment and Equality Michael W. Clune		2019			40	the support	2	1	0	2	"Judgment and Equality Michael W. Clune Therestorationoftheaesthetictoacentralpositioninthestudyofthe artshasbeenamongthemostexcitingcriticaldevelopmentsofrecentyears. might discerntwowidely sharedthemes.First,aesthetic educationconsti- tutesnotaretreatfrompoliticsbutameansofcontestingtheneoliberalhe- gemonyofthemarket.Second,critics'emphasisonaesthetics'politicalpo- tentialismatchedbyanunprecedentedrefusalofaestheticjudgment. Onthesurfacethesetwotendenciesappearcomplementary:theinternal refusalofahierarchyofaestheticvaluematchestheexternalrefusalofmarket value.Anditistruethatforourpoliticalimagination,animatedbythemaster valueofequality,aesthetichierarchyhasbecomeindefensible.1Iwillargue, however, that the elision of judgment—which I understand minimally as theclaimthatagivenworkhasaestheticvaluenotjustformebutforevery- one—disablesaestheticeducation'spoliticalpotential.2 MythanksgotoAaronKunin,LaurenVoss,FrancesFerguson,LaurenBerlant,ChrisHaufe, MaggieVinter,andJasonGladstone. 1. Theproblemisnotsomuchthatcriticsandprofessorsdon'tpracticeaestheticjudgment; whileeffortstojustifysyllabionnonaestheticgroundshavegainedmomentuminrecentde- cades,mysenseisthatsuchjudgmentsarestill,asJohnGuilloryputittwenty-fiveyearsago, ""inevitable""inliteraryandartisticeducation(JohnGuillory,CulturalCapital:TheProblemof LiteraryCanonFormation[Chicago,1993],p.xiv;hereafterabbreviatedCC).ItakeupGuillory's largerargumentatlengthbelow.Theindefensibilityofjudgmentmeans,however,thatjudg- mentiscutofffromreflectionsabouttheaimsandvaluesoftheprofessionasawholeandis inparticularcordonedofffromreflectionaboutthepoliticalaimsofthatpractice.Thistends toconsignaestheticjudgmenttoakindofconservativepoliticsbydefault.See,forinstance, HaroldBloom'sTheWesternCanon:TheBooksandSchooloftheAges(NewYork,1995)foran influentialargumentthataestheticjudgmentisincompatiblewithprogressivepolitics. 2. Therearemanykindsofaestheticjudgmentthatdon'tappeartomakeanevaluative claim.Inthefollowing,Iwillarguethatthejudgmentthatonegivenworkrepresentsamore When Fox News pundits rail against the elitism of artistic hierarchies while implicitly defending grotesque economic inequality, they register a logicthatourfieldhasyettoreckonwith.Capitalistdemocracyisfounded ontheformalequalityofindividualchoice,suchthateveryefforttosetupa positivevaluesystemcountertothatofthemarketisvulnerabletothecharge ofelitism.Asconservativepopulistsknow,theeliminationofaestheticjudg- mentleavesmarketvaluationtheundisputedmasteroftheculturalfield. strongdistinction—letalonecontest—betweentherealmoftheaestheticand therealmof themarketimpossible. Thefirstsectionof thisessaywilldetailthedoublebindthatparalyzes theadvocatesofanewaestheticeducation.Thesecondsectionwillshow howthecommitmenttoequalityunderminestwostrongrecentattempts by Sianne Ngai and Richard Moran to save aesthetic judgment. My final section will suggest a way out of this dilemma. Karl Marx's image in ""The tures of dogmatic equality provides a framework for rehabilitatin"	
Clune 2023.pdf	19	What Is an Author? Michael W. Clune		2023			27		1	1	0	0	"What Is an Author? Michael W. Clune Thetwentiethcenturyevolvedseveralwaysoftreatingliteraryauthorship intermsofanobjectratherthanasubject.Onetradition,derivedmoreor lessdistantlyfromlatenineteenth-centurysymbolism,identifiesthesource ofauthorshipwiththemedium,thetradition,orlanguageitself.Exponents ofthisviewincludewritersasdifferentasT.S.Eliot,MartinHeidegger,and PaulDeMan.1Asecondtradition,associatedmostcloselywithMichelFou- cault,understandsauthorshipintermsofimpersonalsocialstructures.2Both ofthesetraditionsmovethequestionofauthorshipfromsubjecttoobjectby bypassing the experience of the writer. I want in what follows to outline a thirdtradition,onethatlocatesthemovementfromwhotowhatwithinthe experienceofauthorshipitself. I will enumerate key features of this model by briefly comparing well- knownpoemsbyWilliamWordsworthandSylviaPlath.Bothpoemsdescribe theauthorasinhabitedbytwomodesofconsciousness.Bothestablishthe distinctiveness of the first of these modes by counterintuitively attributing ittoanobjectratherthanasubject.Theydiffer,however,intheplacethey assigntothisobjectiveconsciousnessinauthorship. I'dliketothankaudiencesatYaleUniversity,theUniversityofChicago,andtheUniversity ofTexas-Dallasfortheirperceptivecommentsandquestions. 1. See,forexample,T.S.Eliot,""TraditionandtheIndividualTalent,""in""TheWasteLand"" andOtherWritings(NewYork,2002),pp.99–108;MartinHeidegger,""TheOriginoftheWork ofArt,""inPoetry,Language,Thought,trans.AlbertHofstadter(NewYork,2001);andPaulDe Man,AllegoriesofReading:FiguralLanguageinRousseau,Nietzsche,Rilke,andProust(NewHaven, Conn.,1979). 2. SeeMichelFoucault,""WhatIsanAuthor?,""inLanguage,Counter-Memory,Practice:Selected EssaysandInterviews,trans.DonaldF.BouchardandSherrySimon,ed.Bouchard(Ithaca,N.Y., 1980),pp.113–38. I wandered lonely as a cloud That floats on high o'er vales and hills, When all at once I saw a crowd, A host, of golden daffodils.3 Wordsworth's poem begins by describing the agent of perception in termsofanobject.Thepoemproceedstodetailthenaturalbeautiesrevealed tothiscloudself,whichappearscapableofvisionbutnotofthought.Atthe end of the third stanza the poet writes: ""I gazed and gazed—but little thought"" (""I,"" p. 557). Timothy Clark shows how Wordsworth's marking of a sharp distinction between perception and thought leads to a classic scene of ""'emotion recollected in tranquility'"" in the final stanza,4 when the poet's cloud eye is replaced by an ""inward eye"" (""I,"" p. 557). The final stanza presents an idealized space of composition, where perception and thoughtcollectandcombineinthepoet'screativeimagination. For oft, when on my couch I lie In vacant or in pensive mood, They flash upon that inward eye Which is the bliss of solitude; And then my heart with pleasure fills, And dances with the daffodils. [""I,"" p. 557] ThetwelfthletterofFriedrichSchillers's""OntheAestheticEducationof Man""servesasausefulRomanticglossonthesedynamics.Schillerremarks thatman's""personalityissuspendedforaslongasheisruledbysensation."""	
Cohen 2019.pdf	26	Literally, Ourselves Kris Cohen		2019			38	Frontispiece|Frontmatter	0	0	0	0	"Literally, Ourselves Kris Cohen Personalizationpurportstobeabouttheindividual,tobeaboutnothing buttheindividual.Itpromises,infact,toaugmenttheindividualityofthe individual.But,atthesametime,personalizationnecessitatesaconversa- tion about a particular form of grouping. This is especially true in net- workedandcomputationalformsofpersonalization.Thisessay,inbeing abouttheburgeoningpersonalizationindustrythatisnowheadquartered online,isthennecessarilyaboutthatformofgroupingorgroupform.This isnotaparadoxinatechnicalsense,althoughitwillfeellikeoneinmost othersenses. The groups I'll be discussing aren't ones builtthrough self- consciousnessorwilloreven,exactly,byforceorcoercion.1Theyaremore passivevoiceconstructions,assembledautomatically,recordsofordinary life lived in proximity to electronic networks. Data is the singular plural shorthand we give to this process, aprocess with neither end nor origin, whosesubjectisactuallyquitedifficulttolocate,giventhatthepersonform ofpersonalizationisaderivative:generatednotjustfromthesurveillance ofasingle,namedlifebutalsofromtheconcatenationoflivesthatarede- personalizedbynewer,weirderformsofbelongingsuchaslikesandpref- erences.2Personalizationisyetanotherinstanceofthewaythatnetworked lifemediateswildlybetweenscales,disorientingallofourvocabulariesof personhoodandcollectivity. 1. IdiscusssuchgroupsexplicitlyinKrisCohen,NeverAlone,ExceptforNow:Art,Net- works,Populations(Durham,N.C.,2017).Thisessayextendsthatwork. 2. See,forinstance,JohnCheney-Lippold,WeAreData:AlgorithmsandtheMakingof OurDigitalSelves(NewYork,2017);SebFranklin,Control:DigitalityasCulturalLogic(Cam- bridge,Mass.,2015);MichelleMurphy,TheEconomizationofLife(Durham,N.C.,2017);Gilles Deleuze,""PostscriptontheSocietiesofControl,""trans.pub.,October59(Winter1992):3–7; 168 Kris Cohen / Literally, Ourselves Personalization,ofcourse,hasalonghistory,connectingsuchdisparate formationsascolonialgovernmentality,creditscoresinthebankingindus- try,thesurveillanceandpolicingofracerelations,Web1.0anditsantag- onism to mass media, and the more innocuous-seeming proliferation of antimarketmarketplacessuchastheslow-foodmovementandEtsy.3What Irefertoasthepersonalizationindustrymarksaparticularinflectionpoint in this history: the automation and financialization of personalization at industrialscalesandspeeds,althoughwithdecidedlypostindustrialorga- nizationsoflabor.4Todevelopamodeofthoughtadequatetotheproblem of personalization, I've turned to a source that doesn't have personaliza- tionasitsmanifestcontentbutdoesforcethoughtintoakindofcrisisthat isusefulforthinkingabouttheeffectsofpersonalizationonceitbecomes pervasive, endless, and unavoidable—specifically, Andrew Norman Wil- son'sseriesofphotographsthathecalls,aftertheGoogleworkunitofthe samename,ScanOps(figs.1–3).AsScanOpswillsuggest(althoughnotvia exemplification), the personalization industry forces a violent encounter between,ontheonehand,alongmodernisttraditionofcriticismthatre- liescentrallyonthenotionoftheliter"	
Crawford 2021.pdf	2	Connecting Breaths Romi Crawford	2020	2021			2	the Visual	0	0	0	0	"Connecting Breaths Romi Crawford 3 June 2020 ""I can't breathe""—these are now America's defining words. Back once againinthenationalimagination,thewordsrefertoEricGarner,theyoung black man who died from a chokehold by a New York City policeman in 2014. At this point, there are so many accrued police violence cases that a tallyshouldbeinthemaking,notunlikethetalliesthathaverolledouteach day to monitor COVID-19 deaths. Perhaps they should be combined? In fact,connectingthesetwooccurrencesiscritical.COVID-19andthepolice violenceagainstblackmenarebothpandemics. In2020,""Ican'tbreathe""intertwinesthehistoryofthecoronaviruswith thehistoryofraciallyinflectedpoliceviolence.Thewordsnowresoundin bothscenariosofCOVID-19andtherecentinstanceofpoliceviolenceex- periencedbyGeorgeFloydinMinneapolison25May.Theworldistrans- fixed by both events and the emphasis on breath that they both stage: COVID-19andthestruggleforairthatoftencomeswithit,aswellasGeorge Floyd'splea,areinstantiationofGarner'swords,""Ican'tbreathe."" It'shardnottoreflectuponthestrangefamiliarityofFloyd'slastwords and the resonance of his case with Garner's. This has been noted and re- markeduponinnewsmediaandbytheprotestersonthegroundinMinne- sotaandelsewhere.Lesshasbeensaidabouthow""Ican'tbreathe""alsores- onateswiththecurrentCOVID-19crisis.Thereareattemptstoremovethe discussionoftheonefromthediscussionoftheother.True,theyareentirely differentsituationally,butthereisacrucialcommonthread—racialandeco- nomic oppression. Givingthese stories spacefrom each other makessense butsotoodoesbringingdiscussionsofthemclosertogether. ConnectingratherthansiloingCOVID-19andtheGeorgeFloydcaseis importantandcrucial.Anopportunityarises,now,fromthepervasiveness, S120 Romi Crawford / Connecting Breaths theterritorialaswellasthesituationalglobality,of""Ican'tbreathe.""Itsex- pansionintotheuniversalmedicalcomplexandalsoitsroutineoccurrence on American streets, in part motivated by the prison industrial complex, compels action and redress. While the circumstances of COVID-19 and GeorgeFloyd'sdeatharenotthesame,theoutcomesofbothareheavilyim- pacted by American race and class imbalances. COVID-19 death statistics revealracialdisparityinAmericansocietyandsodoestheGeorgeFloydin- cident.Onlyanunarmedblackmancouldbekneedtodeathinbroadday- lightwithbystandersandthreeotherpoliceofficerstheretowitnessit. Recognizinghowtheseareonthesamecontinuumisimperative.Why? BecausetheybothmakeAmericanraceandclassdiscriminationabundantly clearandapparent.Exploringthecommongroundwouldbeproductiveon variouslevels.Itwouldalsohelpinfinallyrecognizingandthinkingthrough the ongoing racial violence and systemic racial injustice that impact black people's bodies, making them more susceptible to hypertension and heart disease. As Achille Mbembe puts it in ""The Universal Right to Breathe"": ""Tryaswemighttoridourselvesofit,intheendeverythingbringsusback tothebody.""1Theblackbodyshowsupinresponsetoalonghistoryofra- cialviolenceandoppression,withinjuriessuchashighb"	
Creswell 2019.pdf	26	' Nazik al-Mala ika and the Poetics of Pan-Arabism Robyn Creswell		2019			38		1	0	1	1	"' Nazik al-Mala ika and the Poetics of Pan-Arabism Robyn Creswell In late 1947, the Iraqi poet Nazik al-Mala'ika published ""Cholera,"" a poem inspired by radio reports about the epidemic then raging through Egypt,oneofthelargestcholeraoutbreaksofthetwentiethcentury,which lefttwentythousanddeadinitswake.1Al-Mala'ika'spoem,firstprintedin theLebanesemagazineal-'Uruba(Arabism),isaworkofanguishedwitness. Thepoeturgesherreadersto""listen""tothecriesofthedyingandthelam- entationsofthebereavedastheyechoalongtheNileValley(""C"").Shefig- ures the disease as a vengeful fury whose casualties are too numerous to count.Forthefirstfifty-onelinesof ""Cholera,""amonostrophicpoemof four thirteen-linestanzas,thespeakerhoversovertheforeignscenelikeatragic chorus.Shesetsthedramainmotionandaddsherhorrifiedcommentary.In thefinalverse,shestepsforwardtoapostrophizethevictim:""OEgypt,Iam shatteredbywhatdeathhasdone""(""C""). ""Cholera""wasawatershedinArabicliterature.Duringthe1950sand'60s itservedasatouchstoneforpoetsacrosstheMiddleEast,notsomuchfor its content, which many readers found excessively sentimental, as for its technicalinnovations.Al-Mala'ikacomposedherpoeminoneofthesix- teenclassicalArabicmeters,essentiallyunchangedsincepre-Islamictimes andcodifiedintheeighthcentury,butsheusedavariablenumberoffeet (taf'ila) per line, thereby dispensing with the uniform line lengths and hemistichaldivisionofconventionalverse.Ratherthanbeingformedinto Unlessotherwisenoted,alltranslationsaremyown. 1. Forallfurtherreferencesto""Cholera,""seemytranslationintheonlineappendixto theessay.TheArabicoriginalisfromNazikal-Mala'ika,""Cholera,""invol.1ofal-'Amal al-shi'riyyaal-kamila(CompletePoems)(Cairo,2002),pp.498–500;hereafterabbreviated ""C.""ThepoemhasalsobeentranslatedintoEnglishbyHusainHaddawyandNatalieHandal inThePoetryofArabWomen,ed.NathalieHandal(NewYork,2001),pp.176–77. 72 Robyn Creswell / The Poetics of Pan-Arabism twoevencolumnsoftext—classicalArabicverseisoftencalledcolumnar becauseofitsshapeonthepage—al-Mala'ika'spoemwasjustifiedonthe rightmarginandraggedontheleft,amirrorimageoftheEuropeanpoetry al-Mala'ika was sometimes accused of mimicking. Though not the first modern Arab poet to experiment with prosody, al-Mala'ikawas arguably the most successful. The form of poetry she pioneered would eventually becalledal-shi'ral-hurr(freepoetry),and""Cholera""wasrecognizedasthe firstexampleofitskind,adramaticbreakwithfourteencenturiesofmet- ricalorthodoxy. Intheyearsfollowingitspublication,as""Cholera""enteredthecanonof Arabicverse,al-Mala'ikatoldanintricatestoryaboutthecircumstancesof its composition, a tale she continually polished over the years. This nar- rative is effectively her own interpretation of the poem and al-Mala'ika's successinestablishing ""Cholera""asarevolutionary innovationisat least partlyduetoherbeguilingaccountofitsorigins.Inthemostelaborateof thesenarratives,whichIwillreturntoatlength,al-Mala'ikatellsofherdeep emotionathearingthenewsfromEgyptwherethedeathtollwasrisingby theday.Shetwice"	
Da 2019.pdf	39	The Computational Case against Computational Literary Studies Nan Z. Da		2019			55		0	3	1	1	"The Computational Case against Computational Literary Studies Nan Z. Da This essay works at the empirical level to isolate a series of technical problems,logicalfallacies,andconceptualflawsinanincreasinglypopular subfield in literary studies variously known as cultural analytics, literary data mining, quantitative formalism, literary text mining, computational textual analysis, computational criticism, algorithmic literary studies,so- cialcomputingforliterarystudies,andcomputationalliterarystudies(the phraseIusehere).Inanutshelltheproblemwithcomputationalliterary analysisasitstandsisthatwhatisrobustisobvious(intheempiricalsense) andwhatisnotobviousisnotrobust,asituationnoteasilyovercomegiven thenature ofliterary dataand thenature ofstatistical inquiry. There is a fundamental mismatch between the statistical tools that are used and theobjectstowhichtheyareapplied. Digital humanities (DH), a field of study which can encompass sub- jects as diverse as histories of media and early computational practices, thedigitizationoftextsforopenaccess,digitalinscriptionandmediation, andcomputationallinguisticsandlexicology,andtechnicalpapersondata mining, is not the object of my critique. Rather, I am addressing specif- icallytheprojectofrunningcomputerprogramsonlarge(orusuallynot so large) corpora of literary texts to yield quantitative results which are then mapped, graphed, and tested for statistical significance and used WiththankstomyresearchassistantsTongDingforhishelpwithallofthedatawork andEmilyHowardforassistingmewithdatainput.ThanksalsotoBillMcDonaldforhisin- sights.Metadata,scripts,andinstructionsforreplicationareavailableatwww.github.com /nan-da.Theappendixisavailableonline. 602 Nan Z. Da / Against Computational Literary Studies to make arguments about literature or literary history or to devise new toolsforstudyingform,style,content,andcontext.Anothersuitabledef- inition of computational literary studies (CLS) is the statistical represen- tation of patterns discovered in text mining fitted to currently existing knowledgeaboutliterature,literaryhistory,andtextualproductiontoclose whatAndrewPiper,inhismanifesto""ThereWillBeNumbers,""calls""the evidencegap.""1CLSclaimsthatliterarycriticswillnolongermakeunsup- portedclaimsaboutwholeperiodsofliteraryhistoryusingjustafewtexts or ignore large swaths of literary production—CLS (says Piper) can show usnewthingsandkeepushonestbygivingusawaytobackupclaimswith empiricalevidence,orbyusingsaidevidencetochallengevariousconven- tionalwisdomsaboutliteraryhistory(suchasclaimsaboutstyle,genre,pe- riodization,andsoon). LiteraryscholarshavefewwaystocheckCLSwork,sometimesowingto problemswithaccess.2Therearealsodisciplinarycircumstancesthathave madecriticismsagainstCLShardtomount,suchasthemainstreamingof network literary sociology and thesemantic reduction ofthe meaning of formandformalismtotrackableunitsandastudyofthepatternsmadeby trackablethings.CLShasalsoadoptedanapproachtocriticalcontribution characterized by modesty, s"	
Da 2019JSTOR.pdf	40	T he Computational Case against Computational Literary Studies A uthor(s): Nan Z. Da S ource: Critical Inquiry, Spring 2019, Vol. 45, No. 3 (Spring 2019), pp. 601-639 P ublished by: The University of 	2019				32		0	4	0	0	T he Computational Case against Computational Literary Studies A uthor(s): Nan Z. Da S ource: Critical Inquiry, Spring 2019, Vol. 45, No. 3 (Spring 2019), pp. 601-639 P ublished by: The University of Chicago Press S table URL: https://www.jstor.org/stable/10.2307/26621899 REFERENCES Linked references are available on JSTOR for this article: https://www.jstor.org/stable/10.2307/26621899?seq=1&cid=pdf- reference#references_tab_contents Y ou may need to log in to JSTOR to access the linked references. JSTOR is a not-for-profit service that helps scholars, researchers, and students discover, use, and build upon a wide range of content in a trusted digital archive. We use information technology and tools to increase productivity and facilitate new forms of scholarship. For more information about JSTOR, please contact support@jstor.org. Your use of the JSTOR archive indicates your acceptance of the Terms & Conditions of Use, available at https://about.jstor.org/terms The University of Chicago Press is collaborating with JSTOR to digitize, preserve and extend access to This content downloaded from (cid:0)(cid:0)(cid:0)(cid:0)(cid:0)(cid:0)(cid:0)(cid:0)(cid:0)(cid:0)(cid:0)(cid:0)133.91.125.253 on Thu, 22 May 2025 12:02:18 UTC(cid:0)(cid:0)(cid:0)(cid:0)(cid:0)(cid:0)(cid:0)(cid:0)(cid:0)(cid:0)(cid:0)(cid:0)(cid:0) All use subject to https://about.jstor.org/terms The Computational Case against Computational Literary Studies Nan Z. Da This essay works at the empirical level to isolate a series of technical problems,logicalfallacies,andconceptualflawsinanincreasinglypopular subfield in literary studies variously known as cultural analytics, literary data mining, quantitative formalism, literary text mining, computational textual analysis, computational criticism, algorithmic literary studies,so- cialcomputingforliterarystudies,andcomputationalliterarystudies(the phraseIusehere).Inanutshelltheproblemwithcomputationalliterary analysisasitstandsisthatwhatisrobustisobvious(intheempiricalsense) andwhatisnotobviousisnotrobust,asituationnoteasilyovercomegiven thenature ofliterary dataand thenature ofstatistical inquiry. There is a fundamental mismatch between the statistical tools that are used and theobjectstowhichtheyareapplied. Digital humanities (DH), a field of study which can encompass sub- jects as diverse as histories of media and early computational practices, thedigitizationoftextsforopenaccess,digitalinscriptionandmediation, andcomputationallinguisticsandlexicology,andtechnicalpapersondata mining, is not the object of my critique. Rather, I am addressing specif- icallytheprojectofrunningcomputerprogramsonlarge(orusuallynot so large) corpora of literary texts to yield quantitative results which are then mapped, graphed, and tested for statistical significance and used WiththankstomyresearchassistantsTongDingforhishelpwithallofthedatawork andEmilyHowardforassistingmewithdatainput.ThanksalsotoBillMcDonaldforhisin- sights.Metadata,scripts,andinstructions	
Daston 2019.pdf	25	' The Coup d Oeil: On a Mode of Understanding Lorraine Daston		2019			49	Against Nature|MatthewL|the Committee	0	1	1	0	"' The Coup d Oeil: On a Mode of Understanding Lorraine Daston The Overview and the Algorithm In The Nature of Rationality (1993), Robert Nozick imagined himself andhiscolleaguesbeingputoutofbusinessbyAIalgorithmsthatwould, onthebasisofweightedfeedbackfromtheenvironment,evolverulesfor when to accept beliefs as genuinely rational: In the study of reliable processes for arriving at belief, philosophers will become technologically obsolescent. They will be replaced by cognitiveandcomputerscientists,workersinartificialintelligence, andothers.Ourunderstandingtherebywillprogress,butthenature ofthisunderstandingwillchange:computersimulationswillreplace (atheorypresenting)structurallyrevealingruleswithafacevalidity thatpeoplecanappreciateandapply.Thiswillbeusefultous—ma- chineswillbeproducedtodointricatetasks—butitwillnotbewhat philosophersearlierhadhopedfor:rulesandproceduresthatweour- selvescouldapplytobetterourownbeliefs,surveyablerulesandpro- cedures—ItakethetermfromLudwigWittgenstein—thatwecan takeinandunderstandasawholeandthatgiveusastructurallyre- vealingdescriptionofthenatureofrationality.1 Nozick'suseof""surveyable""tomeanwhathumanbeings""cantakein and understand as a whole"" may be controversial as an interpretation of ForArnoldDavidson,whotaughtmethatevenclearanddistinctideashaveahistory. Unlessotherwisenotedalltranslationsaremyown. 1. RobertNozick,TheNatureofRationality(Princeton,N.J.,1993),p.76. 308 Lorraine Daston / The Coup d'Oeil whatLudwigWittgensteinmeantbytheGermanwordübersichtlich.2But it does capture the essentials of a form of understanding that has been associated with mathematical proof (the primary context in which Witt- genstein used the term) since at least the seventeenth century, angelic cognition (the Latin intuitio) since the thirteenth century, and with an indispensable military skill of officers and generals (the French and later also English and German coup d'oeil) since the eighteenth century.3 The characteristicsofthisformofunderstandingarethatitis:(1)holistic,tak- inginacomplexobjectinallofitsdetailasawhole;(2)suddenorinstan- taneous,occurring allatonceratherthanastheconclusion ofachainof reasoning; (3) structural, revealing the essential aspects of the object and the interconnections of its parts; (4) visual, either literally or metaphori- cally; and (5) at once inscrutable and irrefragable, resisting both analysis and doubt. Depending on context, this form of understanding has been variously opposed to the piecemeal, the procedural, the painstaking, and thepedanticbutalsotologicalrigor,attentiontodetail,narrowfocus,me- chanicalrulefollowing,andstep-by-stepdemonstration. Inwhatfollows,Iwillargueforthedistinctivenessofthisformofun- derstanding, which I will for the sake of convenience call the coup d'oeil becauseitselementsandpracticescrystallizedunderthatnamecirca1750– 1850, in association with the new profession of military engineer geogra- phers. There are anticipations of at least some aspects of this species of unders"	
Daston 2021.pdf	3	Ground-Zero Empiricism Lorraine Daston	2020	2021			1		0	1	0	0	"Ground-Zero Empiricism Lorraine Daston 10 April 2020 I am used to waking up in the seventeenth century. As a historian of early modern science, that's where I spend a lot of time. But it is strange that everyone else is suddenly keeping me company there. No, I don't meantheplague.Fortunatelyforus,COVID-19isnowhere nearasdeadly asthediseasescausedbythebacteriumYersiniapestis.FromitsarrivalinPisa in1348tothelastgreatoutbreakinMarseillesin1720,thebacteriumkilled atleast30percentofEurope'spopulationandprobablyacomparablenum- beralongitspathfromSouthAsiatotheMiddleEast.Thatwouldtranslate toninety-ninemilliondeathsintheUSalone.Noone,noteventhegloom- iest epidemiologists, think COVID-19 will carry off almost a third of the world'spopulation. Yet,beyondthattepidreassurance,there'snotmuchconsensusastojust howdeadlythevirusis;observedcase-fatalityratesinplaceswherethedis- easehasspreadsofarrangefrom12.7percent(30.25deathsper100,000in- habitants—this is a better gauge when testing is still spotty) in Italy to 2.2percent(3.14)inGermany,althoughthetwocountrieshavecomparable (and comparably good) health systems. For the US, the current observed rateis3.6percent(5.04);inChina,4percent(0.24).1Thereisalwaysvariabil- ityinhowthesamebugaffectsdifferentindividuals:age,sex,income,med- ical care, genetic dispositions, nutrition, and many other factors all play a role.Butwithinlargesamplesofhundredsofthousandsofpatients,stable 1. SeeJohnsHopkinsUniversityandMedicine,""MortalityAnalyses,""CoronavirusResource Center,10Apr.2020,coronavirus.jhu.edu/data/mortality S56 Lorraine Daston / Ground-Zero Empiricism averagesoughttoemergeandconverge,atleastinroughlysimilarpopula- tions.Whyarethesenumbersalloverthemap? That's what I meant when I said that we've suddenly been catapulted backtotheseventeenthcentury:wearelivinginamomentofground-zero empiricism, in which almost everything is up for grabs, just as it was for the members of the earliest scientific societies—and everyone else—circa 1660. For them, just figuring out what a phenomenon was (Was heat or luminescence or for that matter, the plague, all one kind of thing?), how besttostudyit(Collectcomprehensivenaturalhistories?Countinstances? Perform experiments; if so, what kind? Systematically observe; if so, what exactly, and how long?), why it happened when and where it did, and, above all, what to do with it or about it—none of these basic questions hadanagreed-uponanswer.Itwasn'tjustaquestionoflackingknowledge. Wewillalwayslackknowledge,whichiswhyresearchisnever-ending.There wasnosettledscriptforhowtogoaboutknowing. Of course, I exaggerate the analogy between then and now. Thanks in nosmallparttotheingenuity,sagacity,andsheerpersistenceofthousands and thousands of researchers since the seventeenth century, we are the heirsnotonlytoknowledge(whatavirusis,whatitdoes,andhowtothwart it)butalsotoadiverserepertoireofwaysofknowing,fromwell-designed experiments and systematic observations, already being refined and yoked togetherint"	
Davies 2020.pdf	21	1966 Lu Xun in : On Valuing a Maoist Icon Gloria Davies		2020			70	CommemoratingLuHsun|Critical Inquiry|SuzanneWeigelin-Schwiedzrik|Violence|the World|whichtherelation	2	0	0	0	"Lu Xun in : On Valuing a Maoist Icon Gloria Davies WhatwasLuXunin1966?1ThequestionisWhat?andnotWho?forChi- na'spreeminentmodernwriter(1881–1936)hadceasedtomatterbythenas a once-living authorof essays, letters, short stories, and poems. Immortal- izedaschiefcommander,forerunner,andstandard-bearerofChina'sCom- munistrevolution,heservedposthumouslytoenhancetheauthorityof the ChineseCommunistParty(CCP).2Twoofthesethreeepithetsfirstappeared inMaoZedong'slandmark1940essay,""OnNewDemocracy,""inwhichMao hailedLuXunas""thegreatestandthemostcourageousstandard-bearer""of the ""cultural force"" of communism and ""the chief commander of China's culturalrevolution.""3Fromthenon,bothterms,joinedlaterbyforerunner, Unlessotherwisenoted,alltranslationsaremyown. 1. ""LuXunin1966""serveshereasawould-bemuseumlabel.Iuseittorefertothesetof speechespresentedatLuXun'sdeathanniversaryinBeijingthatyear,todrawattentiontotwo things:first,thenowcustomarydismissalofthesespeechessinceMao'sdeathasspecimensofde- rangedthinkingduringtheCulturalRevolution;see,forexample,""1946–2016:Commemorating LuXun""(1946–2016:纪念鲁迅),Wenyibao,19Oct.2016,p.5;secondandmoreimportantly,the factthatthesespeechesthatturnedLuXunintoathing—aMaoisticon—havethemselvesbe- comeobjectsofcriticism,drainedofthepotencyandauthoritytheycommandedintheirtime, allowsustodiscern(touseStevenConnor'sphrase)""theprofileofthethinking""theyperformed andtoaskwhatforcetheyoncehad,whatemotionstheyheld,andwhatvaluetheymightstill holdtoday(StevenConnor,""ThinkingThings,""TextualPractice,24,no.1[2010]:18).SeealsoBill Brown,""ThingTheory,""CriticalInquiry28(Autumn2001):1–22. 2. ReadersunfamiliarwithLuXunmaywishtoreadLuXun,TheRealStoryofAh-Qand OtherTalesofChina:TheCompleteFictionofLuXun,trans.JuliaLovell(NewYork,2009)and JottingsUnderLamplight,trans.EileenJ.Chengetal.,ed.ChangandKirkA.Denton(Cam- bridge,Mass.,2017).IntheChinese-speakingworld,nomodernChinesewriterhasreceivedas muchscholarlyattentionasLuXun.Heenjoyedextraordinaryfameduringhislifetime.How- ever,thedevelopmentofLuXunstudies(鲁迅研究or,asitismorecolloquiallycalled, Luxunology,鲁学)asafieldofresearchinitsownright,inthePeople'sRepublicofChina (PRC),resultedfromthewriter'sposthumoussacralizationbyMaoZedong. 3. MaoZedong,""OnNewDemocracy,January15,1940""(论新民主主义),inTimothyCheek etal.,MaoZedongandChina'sRevolutions:ABriefHistorywithDocuments(NewYork,2002),p.103. 516 Gloria Davies / Lu Xun in 1966 featuredregularlyinperiodicanniversarycommemorationsof thewriter's birth and death. At Lu Xun's first death anniversary in 1937, Mao had ex- tolledthewriterasthe""sageofmodernChina.""4By1966,theannualcom- memorationofLuXunhadbecomeanestablishedpoliticalritualforexalt- ingMao'sownsagacity. Mao'spowerwasunrivalledbytheearly1940s(hehadremovedhismain rivalWangMingandWang'ssupportersfromthepartyleadershipby1942) andremainedsountilhisdeathin1976.WhileMaolived,anniversarycom- memorationsofLuXunwereoccasionsforpartyofficialsandprominentin- dividualstopubliclylaudhisviewsofLuXun.Bythemid-1950s,peoplewho persistedindef"	
Davies et al 2020.pdf	7	Political Enchantments: Aesthetic Practices and the Chinese State Gloria Davies, Christian Sorace, and Haun Saussy		2020			10		1	0	0	0	"Political Enchantments: Aesthetic Practices and the Chinese State Gloria Davies, Christian Sorace, and Haun Saussy Theideathatnationsarisefromsharednarratives—thatnationalbelong- ingcomesdowntotheeffectsof""imaginedcommunity""—hasreceivedwide acceptanceinrecentculturalandpoliticaltheory.1Butsuchbroadconcepts requiretailoringtospecificmilieux.Chinawithitslongandcomplexhistory oftransformationwouldseemtoofferspecialmodificationsandchallenges totheideaofsharednarratives—inparticular,tothenotionthatnarrative(as acausallyconnectedsequenceofmeaningfulevents,suchasisofferedbyge- nealogies,epics,andhistories)istheprivilegedbasisofnationalsentiment. What,otherthannarratives,mightprovidethebasisforsuchidentification? Might lexicon, sensibility, style, ethos, and similarterms in which the causal and temporal connotations are minimal count as alternatives? The articles inthisspecialissueexplorethecontributionofaestheticmodesandnorms (sometimesinconjunctionwithnarratives,sometimesnot)totheforming andmaintainingof the ideaof Chinaas a culture andsociety. Thevarious topics and periods they consider nonetheless show a prevalent role for the Chinesestateindeployingandmanagingaestheticpractices. Howdopeoplecometoholdthebeliefsandvaluesthattheydo?Arebe- liefsinculcatedbyauthority,arrivedatbyreasonedpersuasion,orproduced byacomplexinterplayofmanysuchfactors?Whatpartdoesthestateplayin shapingtheideaspeoplehaveofameaningfulexistence,agoodlife,oratrue way?Howareabstractideas,likenationandsociety,meaningfullyembodied inpeople'ssensuousrealities,habitsofspeaking,anddailypractices?General questionssuchasthesecanbeilluminatedbytheChinesecase. Unlessotherwisenoted,alltranslationsareourown. 1. SeeBenedictAnderson,ImaginedCommunities(1983;NewYork,2006). 476 Gloria Davies, Christian Sorace, and Haun Saussy / Introduction Chinawasunderdynasticruleforoverthreemillennia(upto1911).The modernChinese state (founded in 1912 as theRepublic of China) wasem- broiledinwarlordpoliticsuntilthelate1920sandthensubjectedtotwover- sionsofsingle-partyrulefrom1928,firstunderChiangKai-shek'sNationalist government(to1949)andthenunderChineseCommunistParty(CCP)rule (whichentailedthecountry'schangeofnametothePeople'sRepublicofChina [PRC]).TheaestheticpracticesoftheChinesestate,ancientandmodern,have hadanoverridinginfluenceonhowpeoplesawtheirworldandconducted themselves.Theinternalizationofstate-prescribedrulesandnormsthatpeo- plecometoregardasessentialfortheirsocialwell-beingcanbedescribedas beliefinthemodeofsensorypractice.Onthispoint,weagreewithJacques Rancièrethatitismoreproductivetotreat""belief,""inthePlatonicsenseof ""afictionthathastobebelievedinorderforthecommunitytowork,""as""not anillusion""but""awayofplayingone'spart.""Rancièrearguesthat""belief""does notdemand""innerconviction""regardingthemythsofstatepowerandsocial organizationbutthatitisenoughforpeopleto""senseit...asif itweretrue.""2 Thequesttofindasubstrateof beliefquaconvictioninapropositionaltruth— andtheoppositegestureofarguingthatwithoutsuchasubs"	
Davis 2021.pdf	5	In the Time of Pandemic, the Deep Structure of Biopower Is Laid Bare Lennard Davis	2020	2021			7		0	1	0	0	In the Time of Pandemic, the Deep Structure of Biopower Is Laid Bare Lennard Davis 26 June 2020 Inregardtodisability,theableismthatputsonacompassionatemaskin milder times now reveals its brutal face. While laws like the Americans withDisabilitiesActacknowledgehumanrightsandsubjectivitiesinvolved in disabled identity, a pandemic brings into play a war of survival whose rules aresimpleranddeadlier.Limitedresourcesandpressuredlevelsoftri- agecreateasituationinwhichmedicaldecisionshavetobemadequicklyand almost reflexively.Whenthosekindsofpressuredjudgmentsoccur,health practitionersmust relyon a wartime gut reactionaswellas acombination of health ethics templates and cost-benefit analyses assessing whose life is worthsavingandwhoseislessso. Any metric used for determining who should get limited resources will inevitablybedrawnintoaeugenicssinkhole.Itisherethatbiopoliticsand thanatopoliticsdisplayaunitythatmighthaveseemedtohavebeeninop- position. The urge to let live and the urge to let die morph nicely into eachother.Inordertoletlive,doctorsmustletdie.Anunenviablechoice arisesateverytensionpointineveryhospitalineverycountry.Thisprolif- erationoflife/deathdecisionsbluntstheemotionalresponsetowhatmight beseenasprogrammedexecutionsorevenannihilations.Whilebiopolitics and thanatopolitics have been drawn to dramatic personae like the coma- tose patient and the concentration camp prisoner, the more mundane bit players—thepersonwithmobilityimpairmentsorthecognitivelydisabled person—barely get attention. Those in disability studies are well aware of thisminorroleassignedbythemajoritytotheminority.Yettheactualityis thatthedisabledorDeafpersonexperiencestheeffectsofcommunitasand immunity on a rather consistent and, to others, undetectable basis. Bare life can be translated to equate with various physical and mental states, but it rarely includes, nor should it, people with what I might call routine disabilities. The driving out of the homo sacer seems dramatically if not historically sound; but the social and political sequestering of dis- abled people, while far less dramatic, is far more widely practiced, even by people whose goal is to be intersectional and liberatory. Enterthepandemic,which,likeaskilledtaxidermist,liftsofftheskinof this kind of discrimination to find the invidious structural armature that givesitshapeandform.Nowthereseemstobeagreateravailabilityofven- tilators(butonlyinrichercountriesintheglobalnorth)andarealizationthat someotherlife-savingtechniquesmightworkaswell.Withafree-marketvi- sionoflimitedsupplyandexpansivedemand,notonlydidthepriceofsuch equipmentskyrocket,buttheculturalcapital,onemustultimatelycallit,of eachindividualdeterminedtheirpowertosecureamachine,skillednursing, andtrainedtechnicians.Isayindividual,butinreality,protocolswerebeing developedtogroupindividualsintoriskgroups.Thosewhowereolder,dis- abled both physically and cognitively, were seen to have reduced buying powertoclaimtreatment.Thosewithunderlyingconditions(read:dis	
Derrida 2020.pdf	11	Christianity and Secularization Jacques Derrida		2020			18		0	0	0	0	"Christianity and Secularization Jacques Derrida Translated by David Newheiser Unfortunatelyforyou,Ineedtoimposemylanguage.Itisdifficulttofol- lowProfessorVitiello'srichandmultifacetedtalk.1Iwillofferseveralremarks (orreplies,I'mnotsure),remarksthatmightcontributetothediscussionthat wearetryingtoopenhereamongstourselvesandwithyou.Itisnotamatter ofreturningtothebookonwhichwecollaborated,norofsummarizingit— firstofall,becausenotalloftheparticipantsarehere,andbecausethepapers aremultifaceted,diverse,andcomplicated.2Butalsoforareasonthatmaybe more essential: when we met in Capri, with the simple proposition (which came fortuitously and without warning to Gianni Vattimo and me) to talk aboutreligion,wedidnotknowwhatwouldhappen.Wedidnotknowwhat wascoming,andinawaywestilldonotknow.Andwhatishappeningtoday isasortofimprovisationinviewofaneventthatwehavenotprogrammed together.Thisisanencounterwithyou,amongus.Andinaway,thatwhich beganinCapriisunfinished.Forthisreason,wearefacedwithasortofen- countertocomewhichisperhapsthesignunderwhichwecanplaceboththis bookandthisdiscussion. Whatishappening,whatwillhappenwithreligion?Naturally,beforeat- temptingtorespondto(oratleastintersectwith)ProfessorVitiello'sreflec- tions,Iwouldliketorecallsomethreadsthatwedrewtogetherduring and ThankstoScottKirklandandthestaffofl'InstitutMémoiresdel'éditioncontemporainefor theirhelppreparingthetranscriptonwhichthistranslationisbased.ThanksalsotoPierre- JeanRenaudieandMichaelNassfortheircommentsonthetranslation. 1. SeeVincenzoVitiello,""CristianesimoeSecolarizzazione,""IlPensiero37,no.2(1998):21–42. 2. DerridaisreferringtoReligion,trans.DavidWebbetal.,ed.DerridaandGianniVattimo (Stanford,Calif.,1998).ThepresenttextclarifiesandextendsDerrida'scontributiontothis collection;seeDerrida,""FaithandKnowledge:TheTwoSourcesof'Religion'attheLimitsofRea- sonAlone,""trans.SamuelWeber,inReligion,pp.1–78. afterthisencounter.Whenwechosethisword—Isay""thisword""ratherthan ""this concept"" because we did noteven know whichconcept regulated this word—whenwechosethiswordreligionandagreedthatitwouldbetheslo- ganofthisunpredictableencounter,weneverthelesssharedthedesiretodo something different than a simple anamnesis or genealogy of what religion hadbeeninthehistoryoftheWest(forexampleinthehistoryofChristianity andthehistoryofsecularization).Instead,wewantedtoaskwhatwasnewly happening [arrivait] with religion today, what is coming to pass [ce qui se passe]intheworldtodaywithinthenameofreligionandinthenameofre- ligion.Idonotneedtosaymoreforyoutounderstandwhatwehadinmind, likeeveryonehere:eventsthataregrave,tragic,anddeadlyonageopolitical scale.Whatishappeningwithreligion? Fromthere,thethemeofsecularization—whichwehavechosentodayto recallthisunpredictableeventthatbroughtustogetheratCapri—imposesit- selfonus,butinawaythatis,sotospeak,divided.Justaswedonotallmean thesamethingbythewordreligion,wedonotmeanthesamethingbythe wordsecularization.Formypart,withoutpretendingtoreiterate,summarize, orrecountwhatwassaidatCapri,"	
Dhaliwal 2022.pdf	27	On Addressability, or What Even Is Computation? Ranjodh Singh Dhaliwal	2019	2022			63		0	0	0	0	"On Addressability, or What Even Is Computation? Ranjodh Singh Dhaliwal In October 2019, Google and NASA declared that they had achieved ""quantumsupremacy,""1athresholdthatdenotesquantumcomputingdoing ""thingsthatclassicalcomputerscan't,regardlessofwhetherthosetasksare useful.""2 The computer in question operated not with 0s and 1s but with thequantumentanglementof0sand1s.Thebinarycomputationalbitwill transformintothequbit(whichcanexistinacoherentsuperpositionofboth statessimultaneously)inthefuture—orsowearebeingtold.3Suchamove represents a fundamental shift in computational paradigms and how we imaginethetechnologicaloperationsofourtime.Nolongercanweconsider ourselves to be in the realm of Alain Badiou's binary ""theory of points,""4 IsincerelythankColinMilburn,EvanBuswell,N.KatherineHayles,JoeDumit,Patrick Jagoda,andtheboardofCriticalInquiryforhelpingmedeveloptheseideas.Iamalsograteful toBernardGeoghegan,FenwickMcKelvey,TimLenoir,ShannonMattern,KateMarshall, BenBlackman,SahanaSrinivasan,ColinHarris,andHankScotchforalltheirsuggestions.This workwouldnothavebeenpossiblewithoutsupportfromseveralinstitutionalunitsandmy fellowlearnersattheUniversityofCalifornia,Davis,UniversitätSiegen,andtheUniversityof NotreDame.Unlessotherwisenoted,alltranslationsaremyown. 1. SeeFrankAruteetal.,""QuantumSupremacyUsingaProgrammableSuperconducting Processor,""Nature,23Oct.2019,pp.505–10 2. JohnPreskill,""WhyICalledIt'QuantumSupremacy,'""QuantaMagazine,2Oct.2019, www.quantamagazine.org/john-preskill-explains-quantum-supremacy-20191002/.Seealso Preskill,""QuantumComputingandtheEntanglementFrontier,""arXiv:1203.5813,10Nov.2012, arxiv.org/abs/1203.5813 3. Formoreonskepticismaboutsuchrhetoricaroundthe""quantumrevolution,""seeJens Schröter,ChristophErnst,andMartinWarnke,""QuantumComputingandtheAnalog/Digital Distinction,""GreyRoom86(Winter2022):28–49. 4. SeeAlainBadiou,LogicsofWorlds,trans.AlbertoToscano,vol.2ofBeingandEvent (NewYork,2009),pp.397–448. 2 Ranjodh Singh Dhaliwal / On Addressability, or What Even Is Computation? Jonathan Beller's ""Digital Culture 2,""5 or the binary systems that Friedrich Kittlerhasstudied.6Thisissomethingelse.Itssignificancecanbegaugedfrom what Kittler, thinking about media ontology towards the end of his career, said about quantum computing: ""[It] will change our way of thinking. . . . Historyhasmadeanotherstep.""7Butwillit?Howexactly? Either way, a qubit can still at least be considered future discrete; it may,afterall,collapseintoa0or1.What doescriticaltheorymake ofthe historyandpresenceofanalogcomputinginourmidst?8Somuchofcritical scholarshipinthelasttwodecadeshasbeenthinkingwithoragainstthebi- nary and its cognate, the digital, to understand our contemporary media- determined situation.9 When analog and quantum computing are seen alongsidetraditionaldigitalmedia,notasdivergencesfrominfrastructures ofthecontrolsocietybutasiterationsofthesame,10thenanimportantques- tion—onceconsideredsettledbyscholarsinthelate2000s—rearsitshead upagain:Whatiscomputation,aft"	
Didi-Huberman 2020.pdf	23	Out of the Dark Georges Didi-Huberman		2020			19		0	0	0	0	"Out of the Dark Georges Didi-Huberman Translated by Gila Walker Paris, 24 August 2015 Dear László Nemes, YourfilmSonofSaul(2015)isamonster.Aninnocent,beneficial,coher- ent, and necessary monster. The result of an extraordinarily risky aesthetic andnarrativewager.Howcouldafilmonthesubjectoftheveryrealbehe- moth that was the Nazi extermination machine in the Auschwitz-Birkenau compound in 1944 not be a monster, compared to the stories we are used todiscoveringeveryweekinmovietheatersinthecategoryoffiction?1Isyour filmsomethingotherthanfiction?Certainlynot.Butitisafictionasmodestly, asitisdaringly,attunedtotheveryparticularhistoricalrealitythatittreats. Hencetheordealofdiscoveringit.Inthedarktheater,duringtheprojection, Isometimeswantednotsomuchtoclosemyeyesasforeverythingthatyou werebringingtolightinthefilmtoreturntodarkness,ifonlyforthebriefest ofmoments.Forthefilmitselftoloweritseyelidsforaninstant(whichhap- pensattimes).Asif,inthemidstofthismonstrosity,darknesscouldgivemea space or timetobreathe, a respite from what wasleaving me, from shotto shot,soshortofbreath.Whatanordeal,thisbringingtolight!Whatanordeal, OutoftheDarkwaspreviouslypublishedbyLesÉditionsdeMinuitasSortirdunoir(2015). ThistranslationappearscourtesyofLesÉditionsdeMinuit.Wewouldalsoliketothank ValerieBorchardtforherhelpsecuringpermissiontopublishtheessay. 1. NazismwascomparedveryearlytothisBiblicalcounterpartoftheLeviathan;seeFranz Neumann,Behemoth:TheStructureandPracticeofNationalSocialism,1933–1944(1942;New York,2009). 150 Georges Didi-Huberman / Out of the Dark theonrushofimagesandinfernoofsoundsthatsettheincessantpaceofyour story!Butwhatanecessaryandfertileordeal! Likemanyothers, Ienteredthe darktheaterarmed withsome degreeof priorknowledge—apartialknowledge,tobesure,asisthecaseforusall— concerningthe(historic)storythatisthesubjectofyour(filmic)story:namely, theNazi death machineandtherole playedby theSonderkommando, the special crewsofJewishprisoners whose terrifying jobisplainlystatedinan openingtextatthestartofthefilmthatdesignatesthembythetermGeheim- nisträger,meaning""bearersofsecrets.""Yourstory(yourfiction)comesoutof thedark:ittoo""bears""thissecret,butitdoessotobringittolight.Frombe- ginningtoend,itwillbedevotedtothestory(thereality)oftheinfernaldes- tinyofthemembersoftheSonderkommandoinAuschwitz-Birkenau:nota single shot that is not substantiated, that does not draw directly on sources andtestimoniesand first and foremostonthe extraordinaryhiddenmanu- scriptsthatyousayyoudiscoveredinaspecialissueofRevued'histoiredela Shoah,titled""Desvoixsouslacendre,""publishedin2001.2 EventhoughIhadgonethroughthesamesources,theimagesandscreams inyourfilmleftmedefenseless,unprotectedbyknowledge.Theyseizemevi- olentlyinseveralways.First,Imustconfess,IfeltasifIwereseeingrightthere before my eyes something of my earliest and most harrowing nightmares. Nothingpersonalinthis;itistheverypowerofnightmarestorevealsome- thingofthestructureofreality,anditistheverypowerofcinematoreveal somethingofthe"	
Didi-Huberman 2023.pdf	9	Reading Anew Georges Didi-Huberman		2023			16		0	0	0	0	"Reading Anew Georges Didi-Huberman Translated by Shane B. Lillis Itisexactlyninety-twoyearsagotothedaythatAbyWarburgdied,justa few hundred meters from here in his Heilwigstraße library-home in Ham- burg. And so, as we celebrate his name and his work today, how can I tell you how honoured I am and how moved I am to be associated with this memoryandwiththisfiliation? LikemostreadersofWarburg,IrememberwhatGertrudBingwroteofthat day.How,inthemorning,thegreathistorianoftheNachleben—theafterlife ofwords,images,andgestures—hadstatedthattheappletreeinthegarden, whichhadbeenbothfruitlessanddryforalongtime,""hadunexpectedlybe- guntoflower.""ThelastwordsthatWarburgwroteinhisdiarywerededicated to the afterlife of his apple tree: ""'Who will sing me the paean, the song of thanksgiving,inpraiseofthefruit-treewhichflowerssolate?'""1Itisnotdif- ficulttorereadthesewordstodaywiththeideathattheyrefertohisownge- nealogyorprogeny. Aroundtwentyyearsago,infact,Iwrotesomethingnotingthesimilarity between the outcome of the apple tree and Warburg's work: many of its branchesseemedtohavebeendeadforalongtime,especiallyits""'branches of...knowledge,'""typicalofthenineteenthcentury,withitsgrandphil- osophical,psychological,oranthropologicalambitions.Andthisiswhatled todisenchantmentamongmanyarthistorians,despitetheaurathatnever ThisarticlewasoriginallypresentedasaspeechattheawardsceremonyfortheWarburg PrizeinHamburg,26October2021. 1. GertrudBing,""A.M.Warburg,""JournaloftheWarburgandCourtauldInstitutes28 (1965):304. ceasedtosurroundtheinstitutionandthelibrarycreatedbyWarburginHam- burg,anaurathatwasstillveryactiveinLondon.2Yet,werethesebranches notcapableofproducingsomenewbudsandinturnsomenewfruits? Toperceivesuchbranches,whichwerestillaliveintheimmensejungleof historianerudition,itwasnecessarytotakeupthereadingagain—thatisto say,itwasnecessarytorelearnhowtoread Warburg,followinganindication thatwefindinhisownwayofreturningtothesourcesinordertoobserve theirmanyfloweringsorsurvivalsinhistory.Totakeupagain,tolearnagain howtoreadtextsandimages—toreadeven""'whatwasneverwritten,'""as WalterBenjaminputit,citingHoffmansthalinhistext""OntheMimeticFac- ulty"": ""Reading prior to all languages, from entrails, the stars, or dances.""3 Weshouldrememberthathepatoscopy,ordivinationfromreadinganimals' livers,wasthefirstthemeofplate1intheBilderatlasMnemosyne;weshould rememberthatastrologyhadbeenstudiedbyWarburgforalongtime;and weshouldrememberthatwhatBenjamincalled""dances""referreddirectlyto theobjectfoundattheheartofWarburg'sstudy,whichwasthePathosformel orthe""'formulaofpathos.'""4 On 15 October 1927, Warburg gave a short inaugural address (Begrüs- sungsworte)atthereopening,inFlorence,oftheGermanInstituteofArtHis- tory.ThelibraryofthePalazzoGuadagnihadbeenalittleliketheappletreein thegardenatHeilwigstrasse;ithadremainedinasortoflethargicstateina particular time which was, as we know, verypainful for Warburg, and that isthetime of the FirstWorldWar.Nowitwasreopening,likeapromising bud.ToborrowaphrasefromWar"	
Diebold Drimmer 2023.pdf	13	' Panofsky s Debut William Diebold and Sonja Drimmer		2023			31	MigratingHistoriesofArt	0	0	2	0	"' Panofsky s Debut William Diebold and Sonja Drimmer WölfflinwhomIhad thecheek to attackwhen Iwastwenty-two yearsoldbut always,Ihope,with realrespectandthreegenuflections. —ErwinPanofsky, lettertoWillibald Sauerländer (1967)1 ErwinPanofsky's""'DasProblemdesStilsinderbildendenKunst'""waspub- lished in 1915 in the Zeitschrift für Ästhetik und Allgemeine Kunstwissenschaft.2 In it, he lays out a critique of the position of the ideas of Heinrich Wölfflin, the dominant art historian of the early twentieth century in Germany (and one of Panofsky's teachers). For Panofsky, and many critics in his wake, Wölfflin'scloseattentiontoartisticformfailedtoconsidertheworldinwhich aworkofartwascreated.Thisintroductiondiscussesthehistoryandrecep- tion of Panofsky's first published essay and some of the issues raised by its translation(fig.1). Panofsky'sessayrespondstoWölfflin's1911lecture,""DasProblemdesStils in der bildendenKunst,"" presented tothe Prussian Academy ofSciences in WewouldliketothankKrisCohen,ShirinFozi,JacquelineJung,BrunoReudenbach,and KarlWhittingtonfortheiradviceandencouragement.Unlessotherwisenoted,alltranslations areourown. 1. ErwinPanofsky,lettertoWillibaldSauerländer,6Apr.1967,Korrespondenz1910bis1968: EinekommentierteAuswahlinfünfBänden,ed.DieterWuttke,5vols.(Wiesbaden,2001–2014), 5:995.InthecourseoftheCatholicmassthecelebrantpriestgenuflectsthreetimes. 2. SeePanofsky,""'DasProblemdesStilsinderbildendenKunst,'""ZeitschriftfürÄsthetik undAllgemeineKunstwissenschaft10(1915):460–67and""'TheProblemofStyleintheVisual Arts,'""trans.WilliamDieboldandSonjaDrimmer,CriticalInquiry(Summer2023):676–84; hereafterabbreviated""P."" 664 William Diebold and Sonja Drimmer / Panofsky's Debut Berlin and published the following year.3 Wölfflin's lecture contained the kernelofhisPrinciplesofArtHistory(1915),oneofthemostinfluentialworks oftwentieth-centuryarthistory.4AlthoughWölfflin'sBerlinlectureisrarely discussed, he regarded it highly. In the preface to the Principles, Wölfflin ascribes a formative role to the lecture, and its title was, for several years after 1910, the one he planned to give his book in progress.5 At the time, Wölfflin had been a member of the academy for barely over a year, and he was nervous about such a public appearance. The lecture came at the end of a fraught period in which he struggled with himself and colleagues aboutwhetherheshouldgiveuphisprofessorshipinBerlin.Thelecturefell justafewdaysafterWölfflin'sfinaldecisiontoleaveBerlinforMunich,soit functionedverymuchasavaledictory.Afterit,hewritestohisfamily:""My lecture at the academy continues to garner fruits. With it, I made a really goodexit.""6 Panofsky'sdecision tochallengeWölfflinwas aboldone. Notonly was theyoungarthistorian—hewastwenty-threeatthetimethisessaywaspub- lished—takingononeoftheleadersofEuropeanarthistory,buthewasalso verydifferentfromWölfflin's,soitiseasytoforgetthatmuchofPanofsky's early art-historical study had been with him. Between 1910 and 1912 (just 3. HeinrichWölfflin,""D"	
Domínguez 2020.pdf	21	1837 1838 In / : World Literature and Law César Domínguez		2020			61	TheCulturesofGlobalization|the Department	0	0	0	0	"1837 1838 In / : World Literature and Law César Domínguez When talking about world literature, turning to Johann Wolfgang von Goethe'sauthorityhasbecomecommonplace.Thoughhisuseofthecon- cept Weltliteratur is scattered across many works during the late 1820s, a particular passage has resonated with scholars—the one dated 31 January 1827 in Johann Peter Eckermann's Gespräche mit Goethe. ""National litera- ture is now rather an unmeaning term; the epoch of World literature [Weltliteratur] is at hand, and every one must strive to hasten its ap- proach,"" commented Goethe with his secretary over dinner.1 Such an enigmaticcommentwaspromptedbytheexperienceofreadingaChinese work some days before. ""'Since I saw you,'"" Goethe told Eckermann, ""'I have read many and various things; among which a Chinese romance has occupied and interested me most of all.'""2 The Chinese romance read by Goethe at that moment was Chinese Courtship: In Verse (花箋), which he borrowed from the Weimarer Bibliothek on 29 January 1827 and re- turned on 14 June of the same year.3 The original is 花箋記 (Huājiān Jì, IwouldliketothanktheeditorsofCriticalInquiryfortheirmanyinsightfulcommentsand suggestions,whichhelpedmetoimprovethemanuscript.Unlessotherwisenoted,alltransla- tionsaremyown. 1. JohannPeterEckermann,ConversationswithGoetheintheLastYearsofHisLife,trans. S.M.Fuller(Boston,1852),p.204.Interestingly,SarahMargaretFuller'stranslationpublishedin BostonwasappropriatedbyJohnOxenford,ashedidwithmanyothertranslations.Thisillus- tratesmyargumenthereonhowtheUSandtheUKpublishersdidnothonoreachother's copyrightsforalongperiod.EmmaGertrudeJaeckdiscussedtheseappropriationsalreadyin 1914in""JohnOxenfordasTranslator,""TheJournalofEnglishandGermanicPhilology13(Apr. 1914):214–37.IamverygratefultoacoeditorofCriticalInquiryforhavingcalledmyattention tothiscase. 2. Ibid.,pp.201–02. 3. FortheloaninformationofChineseCourtship:InVerse,an1824Englishtranslationby PeterPerringThoms,seeElisevonKeudell,GoethealsBenutzerderWeimarerBibliothek:ein The Flowery Scroll), the eighth out of the eleven books of genius among the Cantonese mù yú shū books.4 I willalso jointhe tradition of turning to Goethe with the aim ofhigh- lightingtheconceptualdependenceofWeltliteraturnotonlyontheliterary valuesGoetheappliestoThoms'sChineseCourtshipbutalsoonamorecom- plexandvariegatedprocess,whichgoeswellbeyondaesthetics.5Beforespec- ifyingwhatIunderstandbysuchprocess,letmeturnforamomenttoan- othercasethat,althoughfictional,isnolesscentraltomyargument.When CervanteswrotetheprologueforthesecondpartofDonQuijotedelaMan- cha,itshouldnothavecomeasasurprisetomanyreadersthattheauthor bitterlyattackedAlonsoFernándezdeAvellanedaforpublishingin1614ase- quel to the first part of the novel.6 Cervantes referred to Avellaneda as ""asno,"" ""mentecato,"" and ""atrevido""7 (""an ass, a fool, an insolent dolt""),8 yet denied that the sequel had impacted his profits. In fact, in the address VerzeichnisdervonihmentliehenenWerke(Weimar,1931),p.285.Forthedebatearoun"	
Donatelli 2019.pdf	19	Moral Perfectionism and Virtue Piergiorgio Donatelli		2019			41	Italian	0	0	0	0	"Moral Perfectionism and Virtue Piergiorgio Donatelli 1. Virtue Ethics InwhatfollowsIshallexamineadimensionofethicsthatStanleyCavell namesmoralperfectionism,gatheringunderthislabelahostofdifferent authors and philosophical lines, with Ludwig Wittgenstein holding the centerstage.Thisdimensionofethicsfocusesonthemobilityandtrans- formationoftheself,andinthislightitisinterestingtocomparethisap- proachwithvirtueethics,giventheirsharedemphasisontheself,itspecu- liarstatus,andtheprospectofeducation.Theideaofself-transformation informsWittgenstein'sandCavell'sphilosophiesinanumberofways.In particular,wecansaythatinCavell'sperspective,one'scomfortandhap- piness are gained piecemeal and repeatedly—as comedies vividly teach us—through a process which transforms the shameful circumstances of lifeintooccasionsforinterestandpleasure.InHollywoodremarriagecom- edies,forexample,marriageistheplacewherethe""acceptanceofthere- petitiveneedsofthebodyandthesoul—ofone'smotionsandone'smo- tives, one's ecstacies and routines, one's sexuality and one's loves"" takes place.1 What constitutes a source of insecurity and disgrace is constantly andrepeatedlytransformedintoasourceofpleasure,exchange,andcom- pany. Theconfrontationwithvirtueethicsallowsustospecifythepeculiarity ofperfectionistself-transformation.Someversionsofvirtueethics,suchas the one elaborated by John McDowell, share with moral perfectionism a firmantitheoreticalapproachthattracesethicsbacktothemorallife—ex- emplifiedontheonehandbyone'sindividualsensibilityandpersonalori- entationandontheotherbylifewithotherpeople—thatshapesone'ssen- 1. StanleyCavell,PursuitsofHappiness:TheHollywoodComedyofRemarriage(Cambridge, Mass.,1981),p.262. sibilityandorientationinanoverallculture.Thepeculiarityandspecificity ofthetraditionofmoralperfectionismcanbebestappreciatedagainstthe backgroundofasharedapproachtothemorallife,onemightsay.2 Letmestartwiththedifferencesinternaltothevariousconceptionsof virtueethics.Itisusefultogoback,ifonlysketchily,totheveryoriginsof thistraditionintheworksofPlatoandAristotle.3Thetwogreatthinkers sharethe language ofthevirtues, and yet they offer different accounts of andviewsonthem.InAristotlevirtuesignalstheinitiationintoacommu- nityofthought,emotions,andpractices,whereeducationplaysanimpor- tant part. The point of education is that of initiating individuals into the frameworkofthevirtues,whichareattheserviceofvariousneeds,espe- cially those tied to reason. There is no emphasis on the kind of exercise one should be engaged in with himself or herself. On the other hand, in hisdialoguesPlatooffersvariousviewsoftheethical—orthephilosophi- cal—life.IntheGorgiasandinsomeofthebooksoftheRepublichepres- entstheideathatthefourcardinalvirtues(wisdom,courage,moderation, andjustice)arewhatmakesushappyandsuchvirtuesareacquiredthrough educationinamannerthatfindsananalogue,thoughatadifferentlevel, withthemannerinwhichweacquirecompetenceinthearts.Ashewrites intheGorgias:""Nowthen,thevirtueofeachthing—ofimplement,bod"	
Downie 2025.pdf	7	Critical Response III Some Field Notes Marc Downie		2025			11	the Arts|the Depart-	0	0	0	0	"III Some Field Notes Marc Downie IsuspectweareclosinginonthelastmomentwhenAmandaWasielewski's argumentcanberealisticallyofferedandreceived(seeAmandaWasielewski, ""Unnatural Images: On AI-Generated Photographs,"" Critical Inquiry 51 [Au- tumn2024]:1–29).Soonphotographywillbeeatenbythiscultural/technical AImonster—andattemptstoofferAIuptophotographyfirstwillbelesscon- vincingintherearviewmirror. First,someeasyfieldnotes.Ispentmyfirstyearofexplorationofourcur- rentgenerativeAImomentmakingnotfakephotographsbutfakesixteenth- centurywoodcutsandoilpaintings.Myexcusehasbeenthestrangepressures thatcome with professional artmaking. ButintruthI foundanexcuse to run away from something—from the kinds of images that generative AIs seemtomostreadilyproduceandtheonesthatmostreadilycirculate.Ev- eryone is beginning to recognize these now—slightly super normal/photo real, slightly too grubbing for approval and attention. When left to its photorealistic defaults, too much of the engagement-game internet shines through—toomuch,thatis,toomuchphotographyasdeployedtoday—both asform andnature. Still,andIthinkthishasgoneunderacknowledged,generativeAIs—typ- ical,popularones—arecertainlyhappytodowoodcuts.Toclaimthatwhatit produces is inevitably an image of a photograph of a woodcut seems a bit miserly.Firstly,thisnetworkwouldalsohappilyprovideanimageofapho- tograph of a woodcut—complete with some telltale shallow focus, chro- matic aberration or a contact sheet with Kodak written down the side of theimageofacontactsheetofaphotographofawoodcut.Itwillalsoeasily generateanimage-of-a-woodcut-of-a-photograph—perhapswiththedepth of the cut of the wood straining to mimic a depth of field. Finally, similar 410 Marc Downie / Response networksthatoutputnotpixelsbutstrokes—farlesscommonbutstillnot uninterestingtoAdobe'sportfolio—seemreadytoprovidethepathsneeded to chisel some wood.1 Stepping back, generative AIs easily demonstrate deeper and breezier facility for all of recorded image-making history than wewouldexpectifthisweremerelyaboutphotographyresembling.Rather, I find it almost impossible not to feel the presence of something that goes beyond photography when sitting in front of an empty prompt. Whatever itisI'mtalkingtocontains(withoutanycategoricalbordercontrols)regions ofwoodcuts,cavepaintings,popart,opart,AlfredHitchcock,StanBrakhage, MyLittlePony,abstractexpressionism,and,yes,photography—allinaniden- tifiable,offlinedigitalobjectoccupyinglessspacethantheunreadmessagesof myinbox.Surelythishassomethinginitaboutstuff itself,somethingabout us—biggerthan,andnotjustanchoredby,photography. Perhaps we can chase this down from the other end—thinking about camerasfirstandtheirrelationshiptoAI.Thecameraindustrystartsadver- tisingRAWphotographicformatsaround2004,rightatthetimewhende- vicesthathaverealphysicalpixelsdisappearnevertoreturn.2Thisisnotjust thefinalconquestofvideooverfilmbutrathertheendofthepixelasarel- evant(physical)technicalobject—atruesoftwareturn.Henceforth,allcon- nect"	
Dumitrescu Smith 2021.pdf	5	The Demon of Distraction Irina Dumitrescu and Caleb Smith	2020	2021			8		1	0	0	0	"The Demon of Distraction Irina Dumitrescu and Caleb Smith 22 April 2020 Whenwefirstheardtalkofaquarantine,wethoughtaboutopenspaces closingdown:travelbansandmilitarizedborderenforcementonaninter- national scale, isolation orders that would restrain movement closer to home.Thecollectiveendeavortoflattenthecurveseemedtoentaildrawing smaller and smaller circles around ourselves. Now, as we inhabit our nar- rower circuits, the partitioning of space plays out for us in time. Closures disrupttheordinaryrhythmsofbusinessandpleasure,workandplay.Some days seem to last forever; others flit by. What day is it, anyway? Lately the clock and the calendar seem obsolete. They still count the time, but they are measuring it for the people of some bygone civilization, the modern butoutmodedEmpireofBusinessasUsual.Justwhenwehavetimetoour- selves,timebecomesaproblemforus. Whatgivesusthefeelingoflosingtouchwiththeoldtime,weknow,is notonlythereorganizationofspacebutalso,especially,theinterruptionof work.Evenforthoseamonguswhoarestillhealthyandbeingpaid,thedrift feels nervous, scattering. In other words, the phenomenology of being off the clock, of slipping out of what E. P. Thompson calls industrial mo- dernity's""timediscipline,""issomethingotherthanafeelingoffreedom.1We arenotsoanxiousaboutlosingtimeanymore,butwebegintoworrythatwe aregettinglostinit. Wehavebeentryingtogetahandleonourtime,togiveourdayssome structure. Heightened distraction provokes a revival of old-fashioned de- votional exercises. Cloistered away like so many monks, we seek solace in 1. SeeE.P.Thompson,""Time,Work-Discipline,andIndustrialCapitalism,""Past&Present 38(Dec.1967):56–97. S78 Irina Dumitrescu and Caleb Smith / The Demon of Distraction regularity, rituals of community, and working with our hands. We set up daily schedules of activities, plan happy hours in virtual chat rooms, and plantseasonalgardens. Wecraft.Theglobalcrisisofthecoronavirus pan- demic,hypermoderninsomanyways,bringswithitswiftregressiontoan- cientmetricsofceremonialtimeandreversiontopreindustrialstylesoflabor. Inthefifthcentury,JohnCassianwroteasystematicdescriptionofEgyp- tianmonasticlife.Cassianknewhowdifficultitwasforthemonkstoendure theirsolitude,toremainsteadfastthroughthemonotony.Oneofthegreatest dangerswasrestlessness:themindwandered,theeyeroved,soonenoughthe monkabandonedhiscellandhisvow.ThetermCassianused,acedia,isoften translatedas""sloth,""butinthemonastictraditionitmeantsomethingmore complex and more severe than simple laziness. Borrowed from the Greek a̓ jgdίa,lackofcare,acediawasaroving,lonely,agitatedsensation,afeeling ofbeingunhappyinone'splacethatcouldspiralintodownrightdepression. Evagrius Pontius, the fourth-century theologian, analyzed the ""noonday demon""inhiscatalogueofsinfulthoughts.""Whenhereads,""wroteEvagrius, theoneafflictedwithacediayawnsalotandreadilydriftsoffinto sleep;herubshiseyesandstretcheshisarms;turninghiseyesaway fromthebook,hestaresatthewallandagaingoesbacktoreadingfor awhile;leafingthroughthepag"	
Düttmann 2021.pdf	3	A Letter to Oliver Vogel Alexander García Düttmann	2020	2021			1		0	0	0	0	A Letter to Oliver Vogel Alexander García Düttmann Translated by James Fontini 8 April 2020 Dear Oliver,1 Many years ago, the press you work for published a book ofmine with the subtitle Thinking and Talking about a Virus. If I were to write about a virusagaintoday,aboutthisviruscalledcorona,Iwouldconceivablychoose asimilarsubtitle,onlyslightlyaltered.Thesubtitlewouldread: ThataVi- rus Is Thought about and Spoken Of. The first subtitle should indicate that thediscoursesemergingfromthehumanimmunodeficiencyvirus(HIV)were indeedofdifferentsorts,butnonethelessdevelopedintospecificdiscursive patterns,whichinturnminimizedthedisparity.Ontheotherhand,thesec- ondsubtitlewouldindicatethepresuppositionofsuchadevelopment,which istosaythepowerofthevirustogeneratediscourses.Tomyeyes,thepresent is less characterized by the question of how to think and talk about a virus thanbythefactthatthatavirusisthoughtaboutandspokenofsomuch,soin- cessantly, and so tirelessly. Fornothinghasstruckmemoreinthepastfewweeksorsothantheend- lessprocessionandparadeofscientists,experts,researchers,doctors,ofac- ademics,artistsandpoliticians,ofsociologists,philosophers,politicalscien- tists,historians,culturalworkers,who—onebehindtheother,oneafterthe other, one before the next—constantly express their thoughts on the new pandemictothepublicinprint,onTV,andontheinternet.Everyoneknows something about the meaning of this pandemic and its repercussions, 1. ThisletterwasoriginallypublishedinthemagazineHundertvierzehn. whetherornotitannouncestheendofcapitalism,allowsfortheemergence ofnewsocialsolidarity,orratifiesthegeneralstateofexceptionthatreduces lifetobarelife.Itisasifthismarchoftheminds—orghosttrain?—wasal- ready in motion before one could even speak of an epidemic, let alone a pandemic. While virologists work to develop a vaccine as quickly as possible—a medicinethatwillstopthepandemic—inovercrowdedhospitalsandclinics itisnotmerelyamatteroflifeanddeathbutofdecisionsoflifeanddeath thatmustbemadequickly,asthenextdecisionalreadyimposesitself.Per- sonnel are pushed to the limits of what is doable and what is reasonable. Protectivemasks,ventilators,evenbeds,arelacking.Whenthisunpredict- able,almostimplausible,andimmenselyacceleratedactivitydoublesinthe superstructure,acommunicationexplosionoccurs.Yetdoesnotthisdou- bling,thehecticdriveandmeddlingofthosewhoreflectonthecrisis,also contain a comic dimension? It is as if it were also a crowning of the co- ronavirus,2mirroringorforestallingitsvirulenceandunstoppability,pros- trating respectfully before it while simultaneously warding it off, cover- ing over the tracesithas not yet left behind.Ifself-reflection was once tied totheend,ifitwasonceanattempttounderstandanexperienceorachal- lenge one had experimented, it now comes before the start, before one has actuallyexperiencedsomething. Whenatotalmobilizationofspirittakesplace,onethatisacknowledge- mentandostracisminone,abeingcaughtupinandanotlettingnear,when all minds are ready and willing to	
Engberg-Pedersen 2025.pdf	22	""" "" The National Security Novel: Useful Fiction, Persuasive Emotions, and the Securitization of Literature Anders Engberg-Pedersen"	2022	2025			49	ArielColonomos	1	0	0	0	""" "" The National Security Novel: Useful Fiction, Persuasive Emotions, and the Securitization of Literature Anders Engberg-Pedersen Introduction On 25 and 26 August 2022, two military analysts by the name of Peter WarrenSingerandAugustColeheldaworkshopattheJointSpecialOpera- tionsUniversity(JSOU)attheMacDillAirForceBaseinTampa,Florida.The UsefulFictionWriters'Workshop,asitwascalled,attractedsomeforty-plus participantsandfeaturedlecturesnotonlyfromthetwoorganizersbutalso fromJonOrloff,thewriterbehindBandofBrothers,andSamHargrave,the directoroftheNetflixmoviesExtraction1andExtraction2,alongsideadefense analystandthepresidentoftheJSOU.TheJSOUistheeducationalcompo- nentoftheUnitedStatesSpecialOperationsCommand(USSOCOM),whose missionistotrainanddeployspecialoperationsforcesacrosstheglobeto support and enforce US military objectives. Over the course of these two summerdays,however,SingerandColetaskedtheparticipantsinthework- shopwithadifferentmission:theyshouldlearntowriteliterature.Oncethe soldierswereableto""constructcompelling,research-informednarrativesof their own,"" their objective would be to ""write fictional monographs that willjoinSingerandCole'sownworkinaneditedvolumeaimedatproducing a'foresighted'setofpossiblealternativefuturesof(for)Joint-CombinedSpecial OperationsandSOFuse,utility,andidentity.""1 Eveniftheso-calledmonographsmostlikelyrefertolesscomprehensive shortstories,onemaywonderwhyUSmilitaryinstitutionsarespendingtime Unlessotherwisenoted,alltranslationsaremyown. 1. ThinkJSOU,""UsefulFictionWriter'sWorkshopPromo,""YouTube,13Sept.2022,www .youtube.com/watch?v=tELmQkIqqrc 226 Anders Engberg-Pedersen / The National Security Novel and money on creative writing courses. With the apparent return of great- powerconflict,astheUSisfightingaproxywarwithRussiainUkraineand atthesametimeshiftingitsstrategicfocustotheSouthChinaSea,thefact thatSpecialOperationsCommandishostingawriters'workshopfeaturing filmmakers,scriptwriters,andnovelistsseemsalmostfrivolous.Soldiersare trainedtobecomecompetentandefficientfighters,sowhyisaUSmilitary institutionturningthemintoauthorsofimaginativeliterature? TheworkshopinTampaismerelyoneamongaseriesofunlikelyencoun- tersandoverlapsbetweenfictionandwarfareinrecentyears.Since2015,the twoorganizersoftheworkshophavepushedanewconceptthatseekstobridge theseeminglywidegapbetweentheaestheticimaginationandthepractical businessofwarfare.UsefulfictionisthetermthatPeterWarrenSingerand AugustColehavecoinedtodescribeatypeoffictionthatseekstomarshalthe forceofaestheticstoeffectinstitutionalchangewithintheUSmilitaryestab- lishment in the service of national security. Blending nonfictional research and predictive threat scenarios with the creative inventions and emotional appealofliterature,SingerandColehavesoughttodevelopanewliterarygenre thattheyhavesuccessfullymanagedtoplugdirectlyintotheinstitutionsof themilitaryapparatus.Thenationalsecuritynovel,aswemaycallit,isboththe productandtheengineofasecuritizationprocess,andtodayitconstitutesa"	
Evans Foster 2024.pdf	27	Algorithmic Abduction: Robots for Alien Reading James A. Evans and Jacob G. Foster		2024			50		1	0	0	0	"Algorithmic Abduction: Robots for Alien Reading James A. Evans and Jacob G. Foster Rise of the Reading Robots Shouldwebesurprisedthat(some)humanistshavetakentoalgorithmic methodswithgusto?Marchingunderthebannerofdigitalhumanitiesand marshaling an army of reading robots, these scholars have established beachheads at top universities and captured hoards of grant support on a scale previously unimaginable.1 Yet there remains a tension between hu- manistic scholarly practice—which venerates originality, interpretation, subtlety,andinsight—andthewaythatdigitalhumanistshavetypicallyde- ployedalgorithmictools.2 How should humanists incorporate algorithms? The typical answer is to clone,indetailandinsilico,theactivitiesofhumanscholars.Humaneyestire of scanning musty paper for signs of influence, while robot readers race throughdigitizedtext,parsingproseandcountingdistinctivekeywords.Hu- mansteachlong-standingtraditionsfortheclassificationofpoemstotheiral- gorithmicassistants,whichcarryouttheclassificationtaskfasterthananyhu- mancould.3Byconstruction,suchreadingrobotsareincapableofdoingwhat creative scholars do. A good reader disrupts certainties in producing new ones.Thesereadingrobotsarenotyetgoodreaders. Andperhapsthat'swhyTimothyBrennan,savagingthedigitalhuman- ities, recently wrote: 1. AnneBurdicketal.,Digital_Humanities(Cambridge,Mass.,2012). 2. SeeMichèleLamontandJoshuaGuetzkow,""HowQualityIsRecognizedbyPeerReviewPan- els:TheCaseoftheHumanities,""inResearchAssessmentintheHumanities:TowardsCriteriaand Procedures,ed.MichaelOchsner,SvenE.Hug,andHans-DieterDaniel(Cham,2016),pp.31–41. 3. SeeHoytLongandRichardJeanSo,""LiteraryPatternRecognition:Modernismbetween CloseReadingandMachineLearning,""CriticalInquiry42(Winter2016):235–67. 376 James A. Evans and Jacob G. Foster / Algorithmic Abduction The authors [of a well-referenced review of digital humanities] sum- marize the intellectual activities they promote: 'digitization, classifica- tion, description and metadata, organization, and navigation.' An amazing list, which leaves out that contradictory and negating quality of what is normally called 'thinking.' It would be a mistake to see this banishment of the concept as the passive by-product of a technical constraint. It is the aim of the entire operation.4 Brennanistooharsh,buthedoeshaveapoint.Whateverthinkingisdonein thedigitalhumanitiesisdonebyhumanhumanists,nottheircramped,con- strained,andlimiteddigitaltools.NanDa,afterreplicatingseveralsuchstud- ies,levelsafurthercritiquethatcomputationalliterarystudieshasproduced robotswhosecreativemisusehasmadeusthinkworse:""Misclassificationsbe- comeobjectsofinterest,imprecisionsbecometheory,outliersturnintoaes- theticandphilosophicalexplorations.""5 Ifwehavecreatedandencouragedsuchtediousmonsters,perhapsweare toblame.Consideratalentedgraduatestudentwhoworkshard,payscareful attention,andyetproducesdisappointing,tediousreadings.Arehisteachers nottoblame?Justasgoodhumanpedagogytrainsastudenttosurpriseand provokeestablis"	
Farmer 2019.pdf	15	Ebola, the Spanish Flu, and the Memory of Disease Paul Farmer		2019			17		0	0	1	1	"Ebola, the Spanish Flu, and the Memory of Disease Paul Farmer TherecentepidemicsofEbolatriggeredepidemicsoftherapeuticnihil- ism. These latter outbreaks are recognized when health authorities and punditsproclaimthattheprimarytaskistocontainthespreadofdisease, ratherthancareforthestricken,becausethere'snotmuchtobedonefor them—the disease held to be ""untreatable"" in Africa. And an additional dose of nihilism has been administered by the US administration's deci- siontorescindfundingdesignedtoprepareforfutureoutbreaks. SuchnihilismisnothingnewintheformercolonieswhereEbolastrikes. Coming,aswell,afewyearsshortofthehundredthanniversaryoftheso- called Spanish flu,a pandemicthat killed more humansthan the ""warto endallwars""thatfueleditsspread,the2014–16EbolaepidemicinGuinea, Liberia,andSierraLeone—andthecurrentoneintheDemocraticRepublic oftheCongo—replayedadramaofineffectivebutstrong-armedcontain- mentmeasuresinflictedonunwillingpopulations.Interlockingbiological, technological,social,andpoliticalfactorsunderpineveryoccurrenceofep- idemicdisease.War,hunger,theextractivetrades,andunequalsharingof thebenefitsofmodernmedicineenabledthedisastrousspreadofSpanish fluthroughAfricaandaredoingthesameforEbolatoday. PartoftheSpanishflustoryiswellknownacentury later:astheFirst WorldWardrewtoanapocalypticclose,health systemsacrosstheglobe were overwhelmed by a virulent new strain of influenza. Pandemic flu wasinitiallymisdiagnosedasahostofpathologieswithdissimilarsignsand symptoms: bacterial pneumonia and purulent bronchitis (often admit- tedlytriggeredbyinfluenza)butalsopneumonicplague,measles,dengue, galloping consumption due to tuberculosis, and even gastrointestinal af- flictions like cholera and typhoid. The origins of the 1918 pandemic have longbeendebated.Intheenvelopingfogofworldwar,andgivenlimited understandingofviruses,originstoriesforthefluimplicatedChina,India, Britain, an Allied army post in France, and even Sierra Leone. Deaths in Spain were reported more openly than in countries at war, a candor re- warded by the sickness being dubbed the Spanish flu. Inspiteofconfusionaboutwhatcausedthedisease,andwhereitorig- inated, it was recognized as novel and apocalyptic. In three waves be- tween 1918 and 1919, it killed more than fifty million people, many of them adults in their prime.1 By the time it seemed to strike ""simulta- neouslyinNewEngland(UnitedStates),SierraLeone,andBrest(France) inAugust1918,""ashistorianEmmanuelAkyeamponglaterobserved,""the disease was unrecognizable in its new form.""2 Becoming unrecognizable iswhatthesevirusesdo,whichiswhywehavelearnedtoreformulateflu shots every year. But the rapidity of this strain's spread triggered debates that continued well after influenza was identified as a virus. InawidelyreadaccountoftheAmericanpandemicpublishedin2003, Alfred Crosby asks how Spanish influenza appeared in separate ""explo- sions"" in ""three port cities thousands of miles apart."" Were these due to a single mutation and rapid spread in a time of"	
Fay 2023.pdf	24	Thinking on Film with Arendt and Cavell Jennifer Fay		2023			43		1	1	0	0	"Thinking on Film with Arendt and Cavell Jennifer Fay The title of this article may raise a question about how an inquiry into cinematicthinkingbringsHannahArendtandStanleyCavellintoconversa- tion.WhileCavellfamouslywritesaboutcinema'scapacitytothinkandurges ustoconsidernotonlywhatfilmsmeanbutwhattheyknowaboutthem- selves and their world, Arendt was not an avid moviegoer, much less did shegranttothisentertainmentformanythinglikeself-knowledge.Her""life ofthemind""wasdevotedtoancientlanguagesandEuropeanphilosophical traditionsthathadbeenbrokenduringtheriseofmodernpoliticalcatastro- phes.1Thoughherpolitical theoryrestsonaparadigmofappearing inthe worldandthepluralismthatresultswhenweseeitwithothers,inhervast archiveandsweepingaccountsofhumanexperience,filmanditsparticular conditionsofspectatorshipplayvirtuallynorole.Yetherconcernsoverthe inseparabilityofappearingandbeingandthedifficultythatcomeswithap- prehending interior experience may well be more pointedly dramatized if not answered through cinema, specifically Cavell's writing on film and ""whatphotographycallsthinking.""2IncontrasttoArendt,forwhomthink- ing is difficult to account for and impossible to represent, Cavell explores whatphotographyandcinema""knowofus—orshowofus""andalsowhat Forfeedbackonthisarticle,IthankDanielMorgan,BonnieHonig,ScottJuengel,Astrid Deuber-Mankowsky,GertrudKoch,andtheCavellandFriendsReadingGroup(James McFarland,EricRitter,KateRennebohm,KarenNg,andMatthewCongdon).Fortheirprob- ingquestionsandcomments,IthankaudiencesatInstituteforCriticalInquiry(ICI,Berlin), UniversityofPennsylvania'scinemastudiesprogram,Northwestern'sRhetoricandPublicCul- tureSummerInstitute,andthecinemaandmediastudiesfacultyandgraduatestudentsatIn- dianaUniversity. 1. SeeHannahArendt,LifeoftheMind(NewYork,1971):hereafterabbreviatedL. 2. SeeStanleyCavell,""WhatPhotographyCallsThinking,""inCavellonFilm,ed.William Rothman(Albany,N.Y.,2005);hereafterabbreviated""WP."" 228 Jennifer Fay / Thinking on Film with Arendt and Cavell this technology ""is thinking about"" when it transfigures the world and its peopleontofilm(""WP,""pp.116,117).Oneoftherevelationsoffilm,explains Cavell,isthathumanfidgetinessandtheappearanceofsillybehaviormaybe marshalled as evidence of thinking without disclosing thesecrets ofmind. Theproblemorinterestinphotographyis""howlittleweknowaboutwhat thephotographicreveals""whenrecordingthebodyinthought:arelaybe- tween mind and body, and body and apparatus, that we have yet to fully comprehend(""WP,""p.116). Whatkindsandformsofthinkingcanbecaughtbythecamera?Towhat degree might human interiorities become perceptible? One of the central challenges to accounting for thinking is to situate its appearance between visibility (what cinema may or may not make available to the senses) and intelligibility(whatacertainstandardofaestheticphilosophyandcommit- menttorealitydemand).Thislineofinquirymustalsoattendtohowcin- emafunctionsaestheticallyforphilosophyandthusforthoughtinaframe- workinwhich,asArendthasargued,thou"	
Feldman 2025.pdf	20	Vocal Deliriums (Five Proposals) Martha Feldman		2025			41	KantnerandPachovsky|Sacrificium	0	0	0	1	"Vocal Deliriums (Five Proposals) Martha Feldman Madness, excitation, fainting, being transported, feeling overwhelmed, feeling oneself beyond oneself. All these could be conjured by invoking thetermvocaldeliriums,whichmighttakeuparangeofvantagepoints.It might,forinstance,takeup deliriums experiencedbyvocalizers,those who sing, those who speak, or those who practice heightened speech thatveers intosong,likePentecostalpreachers.Oritmighttakeupdramaturgicalrep- resentationsofdeliriousstates,liketheonethatendsGiuseppeVerdi'sAida astheheroineandherlovergraduallyexpire,deliriously,inaclosedtomb (""vaneggiando""asthelibrettistputsit).1HereIfocusinsteadondeliriums causedbysingerswhoseworkItaketobeaprimarymediumforspellcasting via voice.2 To claim that is not to dismiss the heightened speech practiced by the likes of actors, popes, shamans, preachers, and charismatic politi- cians,whichcanbepowerful—andnotinfrequentlyevenmusical—butrather todesignate full-fledged singing as a categorically privileged site of vocal spellcasting. Of course, few singers actually do cast spells or enter the pantheon of those memorialized in magazines, memoirs, biographies, YouTube posts, andfanzines.Norisspellcastingthesoleworkofprofessionals.Singerswho MythankstotheorganizersoftheUniversityofChicagoGraduateConferenceinItalian Studies""TheSpellofVoice:PerspectivesonItalianLiteratureandCulture""(12April2024), AlessandroMinucci,CaterinaNicodemo,andFaraTaddeifortheopportunitytothinkabout vocalspellsinmykeynote,andtotheaudiencefortheBairdLectureSeriesatSUNYBuffalo (10October2024)forstimulatingfeedback.SincerethanksalsotoPatriciaBarber,BillBrown, JessicaPeritz,andJudithZeitlinforcannyreadingsofthisessay.Unlessotherwisenoted,all translationsaremyown. 1. AntonioGhislanzoni,librettotoAïda(Boston,1900),p.41. 2. Asusedfortheconferencementionedabove,atitleI'mtoldwassuggestedbyJennifer Scappattone. 2 Martha Feldman / Vocal Deliriums (Five Proposals) have stopped me in my tracks have as often been street singers as concert or opera singers—a bluesman busking at O'Hare, a Maghrebi street singer inMarseille,andanoldrebetissaperchedalongadirtroadinthePeloponnese amongthem.Whatmatterstotheproductionofavocalspell,Iargue,isthat somekindofchargedtransactiontakesplace.Notthatmyspellcastersarethe same as yours, for what enchants one person may leave another cold. The point is rather that aspell needsatarget,asubject who receivesthe spell— innefariouscasesaguilelesslistener,inbeneficentonesalisteneroftencaught offguardbutinvariablytransfixed,sweptaway.Whateverthecase—andhere I'dmakeafirstproposal—thetransactiontakesmoretheformofaone-way thantwo-waystreet.Althoughbeingspellboundbyavoicecancertainlyin- volve bidirectional exchanges—think of the early modern opera house, or nowadaysrockvenuesorBlackchurchservices,allplaceswheresingingcan setoffclapping,shouting,weeping,gasping,orswooninginadynamicback- and-forth—that back-and-forth is nevertheless delimited inasmuch as the directionalityofthespelllargelym"	
Ferguson 2019.pdf	24	Not Kant, but Bentham: On Taste Frances Ferguson		2019			26	Action|the Department	0	0	0	1	"Not Kant, but Bentham: On Taste Frances Ferguson 1. Kant avec Bentham ThehistoryofmodernaestheticthoughtisusuallytracedtoImmanuel Kant and his Critique of the Power of Judgment, with an obligatory nod to Alexander Gottlieb Baumgarten, who had first used the term ""aesthetics"" in 1735 to identify judgments of taste.1 Kant's place in modern aesthetic thoughtissosecurethatitcommandsacknowledgment:evenwriterswho opposeitrootandbranchfeelthe needtoframe theirworkasaresponse toit.JeremyBentham,bycontrast,hasscarcelyfiguredindiscussionsofaes- thetics,inspiteofhisavowedinterestinmeasuringactionsandobjectsby theirabilitytogeneratepleasureandlossestoit. Kant'saccountofaestheticsrevolvedaroundindividualautonomy,and hetreatedaestheticjudgmentasanemblemofthefreedomofindividuals, their ability to form judgments even when others did not share them. Bentham's first-personal stance, by contrast, was seen to be mired, on onehand,insensoryexperiencethatcouldnotmovepastitscommitment tonumberoneand,ontheother,tostrategicthinkingthatwasalltooori- entedtooutcomes.Kantianaestheticsaimedtoachieveafirst-personalex- periencethatwasatthesametimedisinterested—thatis,unconcernedwith the actual existence of the aesthetic object and detached from immediate IamgratefultoPhilipSchofield,AnthonyJulius,andMalcolmQuinnforinvitingmeto speakinthelectureseriesonBenthamandtheArtsthattheyorganizedfor2017–2018.Ialso wanttoacknowledgethehelpI'vereceivedfromvariousreadersasI'veconvertedmyearlier lectureintothepresentessay:LaurenBerlant,BillBrown,TomMitchell,RichardNeer, HankScotch,andtwoanonymousreviewersofmanuscriptsfromtheBenthamandtheArts lectureseries. 1. QuotedinPaulGuyer,""Editor'sIntroduction,""inImmanuelKant,Critiqueofthe PowerofJudgment,trans.GuyerandEricMatthews,ed.Guyer(NewYork,2000),p.xiv; hereafterabbreviatedCPJ. 578 Frances Ferguson / Not Kant, but Bentham satisfactions. Bentham was seen to suggest that judging subjects thought onlyaboutimprovingtheirsituations.TosupportthisviewofBentham's thought,literarycriticsandaesthetichistorianscitedJohnStuartMill'sre- markthatBentham""says,somewhereinhisworks,that,'quantityofplea- surebeingequal,push-pinisasgoodaspoetry.'""2Subsequentreadersfelt noneedtolooktoBenthamforilluminationonanythinglikeaestheticplea- surebecauseMillhadpaintedBenthamasaphilistine.Millconcededthat Benthamwasanadmirerofmusicand""painting,sculpture,andtheother arts addressed to the eye,"" but he accused Bentham of disparaging ""'All poetry [as] misrepresentation'"" (""B,"" pp. 113, 114). Bentham's philosophy could,inMill's words,""teachthe meansoforganizing andregulatingthe merelybusinesspart ofthe socialarrangement,""butitcouldnotspeak to emotionssuchasloveorreligiousfeeling(""B,""p.99).Bentham'sintellec- tualprojectwasthoughttobeutilitarianinthenarrowestsense,bothanes- theticandantiaesthetic. Inthefollowingdiscussion,IaffirmtherecurrentconsensusthatKant andBenthamlayoutopposedpositions,butIarguethatBenthamshould becreditedwithasignificantandexpansiveaccountofaestheticjudgment. "	
Ferguson 2019b.pdf	27	' Bitcoin: A Reader s Guide (The Beauty of the Very Idea) Frances Ferguson					35		3	1	1	1	"' Bitcoin: A Reader s Guide (The Beauty of the Very Idea) Frances Ferguson TherearemanyaccountsofthehistoryofBitcoinandmanypredictions ofitsfuture.Somecommentatorsreportitsimminentdemise—otherspoint toitslatestuptickinprice.ThewritingIreadonBitcoin,excellentthough much of it is, increased my desire to understand it. This essay is a report onmy efforttopuzzleout thisfinancialinnovation,theextent towhichit isaninnovation,andtheextenttowhichithaspoliticalimplications. Mostaccountsofmoneytalkaboutitasabyproductofsocialinterac- tions that have become highly elaborated over time, elaborated enough formoneytobesoefficientasatokenoftrustthatweacceptpapercurrency from strangers and temporarily hand over credit cards to other strangers withoutinterrogatingthemorbeinginterrogated.Theblockchain-Bitcoin combination,bycontrast,isanattempttolaunchamonetarysystemthat seesitselfasreplacingoldermechanismsforstoringsocietaltrust.Itaims tobuildalanguagefromthegroundup.ForthatreasonBitcoincanseem toolarge a project tocomprehend.Itcanbea surrogate fora committed embraceofanincreasinglytechnologizedfuture.Itcanlook,asitdoesto PaulKrugmanandNurielRoubini,likesmokeandmirrors.1 ThisessayisbasedondesultoryreadingaboutBitcoinandmoreconcentratedreadingin April,May,andJuneof2019.IamgratefultoPeterdeBolla,JohnNaughton,Christopher Prendergast,TimGriffin,W.J.T.Mitchell,OritBashkin,BillBrown,ElizabethHelsinger, HeatherKeenleyside,andFrançoiseMeltzerfordiscussinganearlierversionofthisessaywith me,andI'mparticularlygratefultoPatrickJagodaforhavingpromptedmetowriteit. 1. PaulKrugmancitesRobertShiller'sobservationthat""assetbubblesarelike'naturally occurringPonzischemes'""(PaulKrugman,""Bubble,Bubble,FraudandTrouble,""NewYork Times,29Jan.2018,www.nytimes.com/2018/01/29/opinion/bitcoin-bubble-fraud.html).Seealso LeonidBershidsky,""Dr.Doomv.Mr.Ethereum:CryptoPitsEconomistsagainstEngineers,"" Bloomberg,12Oct.2018,www.bloomberg.com/opinion/articles/2018-10-12/roubini-v-buterin-crypto -pits-economists-against-engineers WhilethescaleofBitcoin'sstatedambitionscanbedaunting,whatyou mightcalltheBitcoinarchivepresentsanotherchallengetounderstanding. It'sveryhardtoknowwhattotrust.AndrewO'Haganhaswrittenwellabout this issue. He was once recruited to write a book on Craig Wright, who claimedtohavedevelopedtheblockchain-Bitcoinmodelunderthepseudo- nymSatoshiNakamoto,apseudonymthatmayalsohavehousedtheidentity ofacollaborator.O'HaganinterviewedWrightextensivelyandwaspresent foraneventthatpromisedtobethebigreveal,theoccasiononwhichWright wouldsignwiththeprivatekeyforoneofNakamoto'soriginalblocksin the blockchain and would thus confirm that he and Nakamoto were one andthesame.TheeventendedwhenWrightsignedwithakeythatonlyfleet- inglylookedliketherealthing,andthatturnedouttobeareengineeredver- sionofanalphanumericstringavailableontheinternet.Theentireproject, whichrevolvedaroundO'Hagan'swritingahistoryofaninventionandan inventor,dissipatedintoalmostnothingwhenWrightwasunabletoestab- lishthathewasNakamoto.Itwa"	
Ferguson 2023.pdf	21	Distributing Legibility Frances Ferguson		2023			37	Action|the Department	0	0	1	1	"Distributing Legibility Frances Ferguson Ithoughtmusical notation threwlighton language,butthatmusicitselfwas meaningless. —DonaldDavidson1 In""What IsaBook? Kantandthe Lawofthe Letter,""Alain Pottageand MarioBiagiolihavecalledattentiontothepostscriptwithwhichImmanuel Kant concluded his discussion ""The Philosophy Faculty versus the Faculty of Medicine"" in The Conflict of the Faculties (1798).2 There Kant complains of the ""wretched affectations of book printers"" that ""[harass] our eyes . . . from all sides.""3 Printers, following and enforcing fashion, print texts using gray ink and ""Didot characters with narrow feet""; print German language texts in""Roman (and even italic) type""; and ""use the smallestpossible type thatwillallowofstillsmallerletters...toremainlegiblewhenusedinfoot- notes""(""P,""p.211).""Tocontrolthisabuse,""Kantproposesaremedy:printers shouldtakeastheirmodeltheBerlinMonthly,""fornomatterwhatpageone opensitto,thesightofitwillstrengthentheeyesperceptiblywhentheyhave beenstrainedbyreadingthekindofprintdescribedabove""(""P,""p.211). In The Conflict of the Faculties, Kant advocates print that can be easily apprehended, evenbyolder readers andreaders withparticularly sensitive eyes. It is not enough for a publisher to print and distribute an author's words.Atextshouldbeeasyforreaderstocomebyandeasytoreadwhen they come by it. It should not merely be visible. It should be legible. In 1. DonaldDavidson,""IntellectualAutobiography,""inThePhilosophyofDonaldDavidson, ed.LewisEdwinHahn(Chicago,1999),p.39. 2. SeeAlainPottageandMarioBiagioli,""WhatisaBook?KantandtheLawoftheLetter,"" 3. ImmanuelKant,""Postscript,""TheConflictoftheFaculties,trans.MaryJ.Gregor(Lincoln, Neb.,1992),p.209;hereafterabbreviated""P."" 68 Frances Ferguson / Distributing Legibility makinghisremark,Kantwasextendinganinsightthathadbeencrucialin the development of books specifically directed at children. Only a couple of decades earlier Anna Letitia Barbauld had already stressed the issue of perspicuitywhensheintroducedherage-gradedreadersforchildren.Even beforeshemadeanyobservationsaboutthecontentofbooksforchildren, shespokeoftheneedtomeetchildren'sphysicalcapacities.Bookssuitable for beginning readers should have large type in clear fonts with abundant leadingandwidemargins,sheexplained,becausetheireyescouldnotpick out printed words as readily as the practiced eyes of adults.4 Apublishershouldnotmerelytailorbooksforchildren'susebymaking themsmallenoughtofitinapocket.Theyshouldalsomakethewordson apagefewandconspicuous.Aparentandachildshouldbeabletolookat apageandreadilyconnect anamethatoneofthemutteredwithapartic- ular object—a book, a pin—or a creature—a cat—even without the ben- efit of drawings that might serve as illustration. A page might contain so few words that it could approach the look of a flash card so that the con- nection between sound and printed word might strengthen with repeti- tion. In the process, the book creates an occasion for a child and an adult toreadthewordsaloudtoone"	
Fiftieth Anniversary 2023.pdf	1	Fiftieth Anniversary		2023			0		0	0	0	0	Fiftieth Anniversary ThefiftiethanniversaryofCriticalInquirymarksmorethantheongoing livelinessandlongevityofonejournal.Itmarkstheongoingimportanceof humanitiesjournalstoutcourtandthevitalityofafieldthatpersistentlyasks newquestionsandexpandsthebordersofknowledge.Aswebeginournext fifty years, we remain committed to that vitality—to new authors, new re- search,andnewconceptualparadigmsthatopennewfieldsof inquiry. Lookingbackatwhatthejournalhasaccomplishedandlookingforward withundiminishedaspiration,wewanttoexpressourgratitudetotheUni- versityofChicagoPressandtheDivisionoftheHumanitiesattheUniversity ofChicagofortheirunflaggingsupportandtoourauthors(ofarticles,re- views, responses, and blog posts) and our readers, who so clearly justify the endeavor. In particular we'd like to celebrate the members of our co- editorialboard(pastandpresent),whosustainadynamic,attimespassion- ate conversation from across fields and theoretical dispositions. And we want to thank Hank Scotch, our managing editor, whose passion for the journalisacontinuingactofintellectualsponsorship. —Bill Brown, Frances Ferguson, Heather Keenleyside	
Forbes-Macphail 2025.pdf	22	The Four-Color Theorem and the Aesthetics of Computational Proof Imogen Forbes-Macphail	2022	2025			67		1	2	0	0	"The Four-Color Theorem and the Aesthetics of Computational Proof Imogen Forbes-Macphail In an1852lettertohisfriendandfellowmathematicianWilliamRowan Hamilton, Augustus De Morgan recounts being perplexed by a question from one of his students: ""A student of mine asked me to day to give him areasonforafactwhichIdidnotknowwasafact—anddonotyet.Hesays that if a figure be any how divided and the compartments differently col- ouredsothatfigureswithanyportionofcommonboundarylinearediffer- ently coloured—four colours may be wanted, but not more.""1 This is the first writtenrecord of the four-colorconjecture,aproblemnowoften(and morefamiliarly)posedinrelationtomapmaking.Ifwewanttocoloramap soastoclearlydistinguishthecountrieswithinit,wewillwanttoensurethat everycountryiscoloreddifferently tothosewithwhichitsharesaborder. The four-color conjecture proposes that this can always be done using no more than four distinct colors. De Morgan included several diagrams in hisletterthatillustratecasesinwhichaminimumoffourcolorsareneces- sary.However,itwasmuchmoredifficulttoruleouttheideathatnomore thanfourcolorscouldeverbeneeded.Thereisnosimplemapthatrequires five or more colors—but to prove the conjecture, we need to show that Ihaveincurredmanydebtsinwritingthisarticle.Inparticular,IamgratefultoJohnUrschel andAnnaSeigalfortheirfeedbackonthemathematicalaspectsofmyargumentandtoEdwin RolandandMilanTerlunenfortheircommentsonthedigitalhumanitiescomponents.Iamalso thankfultoKatieEbner-Landy,DanaBurton,IanDuncan,KentPuckett,MassimoMazzotti, andAndreaHendersonforreadingdraftsofthispieceatvariousstagesofitscomposition.Thisar- ticleisbasedonmaterialoriginallywrittenaspartof""LineandNumber:PoetryandMathematics inNineteenth-CenturyBritain""(PhDdiss.,UniversityofCalifornia,Berkeley,2022). 1. QuotedinRobinWilson,FourColorsSuffice:HowtheMapProblemWasSolved(Prince- ton,N.J.,2014),p.12;hereafterabbreviatedS.ThestudentwasFrederickGuthrie,whohaden- counteredtheproblemthroughhisbrotherFrancis. it holds for every possible map, no matter how large or complicated. This problemattractedtheattentionofnumerousnineteenth-centurymathema- ticians, and for a brief interlude, from 1879–90, it was believed that Alfred BrayKempehadfoundasolution,untilPercyJohnHeawooddiscoveredthat hisproofcontainedanerror.2 In fact,thetheoremwasnotverifieduntil1976,whenitbecamethefirst instanceofamajormathematicalproblemtobesolvedwiththeassistanceof a computer. The mathematicians responsible were Kenneth I. Appel and Wolfgang Haken at the University of Illinois, along with graduate student JohnKoch.AsAppelexplains, Basicallytheproofdependsonthediscoveriesofearlierresearchers thatcertainrelativelysmallmaps(orastheyarecalledinthissense ""configurations""ofcountries)cannotpossiblyoccurinthesmallest possiblemaprequiringfivecolorssinceiftheyoccurredtheycould bereplacedbystillsmallerconfigurations,reducingthesizeofthe map....Theessenceoftheproofconsistsofshowingthateverymap containsareducibleconfigurationandhencetherecanbenos"	
Foucault 2019.pdf	14	Structuralism and Literary Analysis Michel Foucault		2019			14		0	0	1	1	"Structuralism and Literary Analysis Michel Foucault Translated by Suzanne Taylor and Jonathan Schroeder Ladies and Gentlemen, I believe we're here mainly to have a discussion, which means that I shouldn't be talking at all; but, after all, I suppose that in order for you to be able to exercise your right to pose questions, which will be a right to examine and a right to critique, it's necessary that I expose myself to your blows. So I'm going to present some slightly untidy remarks, on thebasisofwhichIhopeyouyourselveswillhaveanoccasiontoexpress youropinions. I'vechosenmysubjectbasicallywithoutknowingbeforehandtowhom I'dbespeaking—luckily,asithappens,becauseifIhadknown,IthinkI'd havegivenupspeakingaltogether!Ontheonehand,theaudienceiscom- prisedofextremelyintimidatingpeoplewhoaremycolleaguesandwho, consequently,knowmorethanIdo.Ontheother,therearemanystudents whoknowmealreadyandwhohavealreadyseenmegothroughmypaces. Soallthisisalittleintimidatingandembarrassingforme.Anyway,without knowingtoomuchaboutmyaudience,IthoughtthatIcouldspeakabout theproblemoftherelationsbetweenstructuralismandliteraryanalysis. SomemonthsafterthepublicationofTheOrderofThings(1966),MichelFoucaultob- tainedaleavefromtheUniversityofClermont-FerrandtogoteachphilosophyattheUniver- sityofTunis.HemovedtoSidiBouSaïdintheautumnof1966,andhewouldnotleaveTu- nisiauntiltwoyearslater,inOctober1968.The""StructuralismandLiteraryAnalysis""talk wasgivenatClubTaharHaddadinTunison4February1967.Thepresenttranscriptionwas madefromtherecordingpreservedintheBancroftLibraryattheUniversityofCalifornia, Berkeley(Reel81–A,B,andC).TheoriginalFrenchtextwasestablishedbyHenri-Paul FruchaudandDanieleLorenzini.WewouldalsoliketothankRichardNeerandLorenzini withtheirhelpwiththistranslation.—Trans. 532 Michel Foucault / Structuralism and Literary Analysis As you are perfectly aware, I obviously have no competence to speak abouttheproblemoftherelationsbetweenstructuralismandliteraryanal- ysis.Infact,if I'vechosenthissubject,it'smainlybecauseit'scurrentlythe nest,thesite,ofanumberofambiguities.Youallknow,fromhavingheard echoesatleast,aboutthedebatearoundwhatiscalledlanouvellecritique. Hidingunderneaththisdebate,Ibelieve,areanumberofconceptsthatare, ultimately,ratherill-defined.Andit'swithasearchfordefinitionsinmind thatI'dliketoorientwhatmustbethecruxofthismeeting,whichistosay, theearlierdebate. Ingeneral,Ithinkwecansaythefollowing.Thisdebatehasbeendrag- gingonforseveralyearsnownotjustinFrancebutinothercountriesas well, and the impression is that it opposes a number of things and peo- ple—forexample, a critique of,shall wesay, a scientific typetoone of an impressionistictype.There'salsotheimpressionthatitopposesthesup- porters of content and meaning to the supporters of pure form—and thefurtherimpressionthatitopposeshistorianstothosewhoareonlyin- terestedinthesystemandthesynchronyofworks.Lastly,there'stheim- pressionthat,intheend,it'salsoaconflictbetweenpersonsorevensocial groups:ononeside,thesupportersofanoldando"	
Foucault 2020.pdf	14	Political Spirituality as the Will for Alterity: An Interview with the Nouvel Observateur Michel Foucault		2020			15	context	0	0	0	0	"Political Spirituality as the Will for Alterity: An Interview with the Nouvel Observateur Michel Foucault Translated by Sabina Vaccarino Bremner NOUVEL OBSERVATEUR: Michel Foucault, you wrote in the Nouvel Obser- vateur, on the occasion of your reports [reportage] on Iran, that this countrywascurrentlylookingforsomethingthatweothers,Western- ers,hadlostsincetheRenaissanceandthecrisisofChristianity.You've calledthisthing""politicalspirituality.""1Now,itsohappensthatthisex- pression surprised many people. I think that perhaps you should ex- plain yourself on this point. MICHEL FOUCAULT: My first move would be to shift the responsibility to respond back to those individuals. An anecdote: When I was in Iran, a newsmagazine (which wasn't yours) had sent a reporter who had written an article that ended—like all arti- cles on Iran—with a certain insistence on the religious movements that seemed to traverse the whole Iranian population. I read this ar- ticle before it left for Paris. During its printing in Paris, the editors addedtheadjectivefanatic. Now, is it up to those who are trying to grasp what's happening in Iran, to announce the existence of this religious or spiritual movement,tojustifythemselves? 1. TheinterviewerisreferringtooneofMichelFoucault'sdispatchesfromIranthatap- pearedinCorrieredellaSerain1978,which,atthattime,wasMichelFoucault'sonlyotherin- vocationofthenotionofpoliticalspiritualitytodescribeIran;seeMichelFoucault,""Àquoi rêventlesIraniens?""Ditsetécrits,ed.FrançoisEwald,DanielDefert,andJacquesLagrange, 2vols.(Paris,2001),2:694.ForFoucault'sreportsonIranforCorrieredellaSera,seetheap- pendixtoJanetAfaryandKevinB.Anderson,FoucaultandtheIranianRevolution:Genderand theSeductionsofIslamism(Chicago,2005). 122 Michel Foucault / Political Spirituality Shouldn't it instead be up to those who react with such hostility toexplainthereasonsthatleadthemtobesoresistant? NOUVEL OBSERVATEUR: Right. We'll consider bothsides, but for your part, whenyouemploytheexpression""politicalspirituality,""whichischarged withsomanyconnotations—especiallythesecondword—inourtra- ditionsandinourminds,couldyouexplainwhatyoumeanbythat? Isthisexpressionmerelydescriptiveinnature? FOUCAULT:Itriedtofindoutwhathadbeen,andstillis,theforcethatcan confrontanappalling,terribleregime—andterriblystrong,asithasan army and an absolutely immense police force—with a whole popu- lation, who are barehanded, since they are unarmed. I don't know if they hide arms somewhere, but they must hide them well, and they mustnothavetoomanyofthem,astheyhaven'tusedanysofar,even thoughtherearedozensanddozensofdeathseachday. So, what is that force that involves both a fierce, obstinate will to rise up, renewed on a daily basis, and the acceptance of sacrifice, theverysacrificesoftheindividualsthemselveswhoarewillingtodie? It's clear that we shouldn't be looking for it in a political ideology like Marxism, nor in a sort of revolutionary ideology in the Western sense of the term, but elsewhere. NOUVELOBSER"	
Frank et al 2024.pdf	18	Situation: A Narrative Concept Marcie Frank, Kevin Pask, and Ned Schantz		2024			26		2	0	0	0	"Situation: A Narrative Concept Marcie Frank, Kevin Pask, and Ned Schantz HereisthesituationinShirleyJackson's""TheLottery""(1948):onceayear, aNewEnglandtownstonesoneofitsresidentstodeath.Thestory'sparticular victimandhowexactlythesacrificeunfoldsareofminorinterestcomparedto thisoverwhelmingannualritual.InAlfredHitchcock'sTheBirds(1963),the situationis that birds have started attacking humans. Various incompatible explanations arise, but the film does not confirm a cause. In Franz Kafka's Metamorphosis (1915), Gregor Samsa wakes up as a bug. The rest is details. Neither plot nor character captures what sets these famous stories apart. Theideaofsituationiswhatpermitstheiressentialcontourstobedistilled, recognized,andindeed,interpreted. Butnosooneristheiressencegleanedthantheparticularsreturnanda secondoperationbegins:takingstockofthesituation.InTheBirds,forin- stance,weobservetheattackpatterns,themarshallingofresources,andthe fortificationofthehouse.Inventories,calculation,andthickdescriptionde- layarushtointerpretation.Thetermsituationthereforepullsattentionin twoequal and opposite directions: towards thegeneral conditions and to- wardstheirspecificfeatures.Ononehand,situationssolicitpatternrecog- nitionand encourageschematic thinking.They invitediagramsandreward artisticmanipulation,substitution,andrearrangement.Ontheotherhand,no twosituationsarestrictlyidentical.Whenwetakestockofasituation,precise affordancesbecomerelevant.Whatobjectsareinreach,whatsoundscarry, TheauthorsgratefullyacknowledgethefinancialsupportoftheSocialSciencesandHuman- itiesResearchCouncilofCanadaandtheresearchsupportofNikolaStepić,PaisleyConrad, AaronObedkoff,OlgaTsygankova,MichaelShaw,andKasiaVanSchaik.Theessaytookshape inrecurrentdiscussionwithMichaelMoonandJonathanGoldberg.Thisarticleisdedicatedto Jonathan'smemory. 660 Marcie Frank, Kevin Pask, and Ned Schantz / Situation whatlinesofsightopenupandcloseoff—theseandmyriadotherdetailsin- formourassessment. Narrativesituationsmaybeconfinedtotheexperienceofasinglecharacter ormayencompasstowns,regions,orworlds.Theymaypreexistthebeginning ofanarrative,serveasanopeningpremise,oremergeatanytime,andtheymay ormaynotcometoanend.Theymaybeimmediatelyevidenttocharactersor maybedisclosedgraduallytogreateffectderivedfromdiscrepanciesbetween characterandaudienceawareness.Yetdespitethisflexibility,situationsimply rules,conventions,andnorms,aswhenJaneAustensardonicallycomments inEmma(1815)that""humannatureissowelldisposedtowardsthosewhoare ininterestingsituations,that ayoungperson,whoeither marriesordies,is sureofbeingkindlyspokenof.""1Orwhen,intheprefacetoWhatMaisieKnew (1897),HenryJamesrealizesthat""thesituationofsomelucklesschildofadi- vorcedcouple...forapropersymmetry[required]thesecondparentshould marry too.""2 For Austen and James, situations elicit plots of comedy (mar- riage) andtragedy(death), suggesting the interdependence of situationand plotcharacteristicofnineteenth-centuryfictions,butthegenericdemandsof plotarelesspressinginmanymoder"	
Franta Silver 2024.pdf	23	Sentiment Analysis and the Sentimental Novel Andrew Franta and Sean Silver	2021	2024			42	fs th	0	0	0	0	"Sentiment Analysis and the Sentimental Novel Andrew Franta and Sean Silver 1. Introduction Thisarticleaskswhattheemergingfieldofsentimentanalysismightteach usaboutthesentimentalnovel,andviceversa.Asinglenameforalooseas- sortment of text-mining techniques, sentiment analysis has become nearly ubiquitousinthemonitoringandmanagementofconsumeropinionacross awiderangeofbusinessandmarketingenvironments.Itstargetisnotthe oldfigureofmarketanalysis,theeconomicmanorrationalactor—""abeing who,""inJohnStuartMill'swords,""desirestopossesswealth,andwhoisca- pableofjudgingofthecomparativeefficacyofmeansforobtainingthatend.""1 Thisnewfamilyofcomputationalapproachesinsteadconceivesofpeopleas complexbatchesofaffectivestatesandasagentsmotivatedbyemotionalat- tachments, subjective feelings, and irrational judgments. But its reductions areequallybreathtaking.Sentimentanalysismaintainsthatfeelingisaprop- erty of language that can be measured and counted. It works by compiling thousandsorevenmillionsofdocuments,especiallypublicdocumentsre- sponding to products, services, individuals, and events, and summarizing themintosimplifiedmeasuresoftheiroverallaffectivetone.Thoughittakes aim at the ways that people feel, individually and collectively, the goal of transformingtext-basedsentimentsintosimplifiedmetricsthatcharacterize someaspectofamarketisthecynicalaimof""understandingthecustomer"" ""intoday'scustomer-orientedbusinessculture.""2Itishard,inthislight,to imagineanythinglesssentimental. 1. JohnStuartMill,""OntheDefinitionofPoliticalEconomy;andontheMethodofPhilo- sophicalInvestigationinthatScience,""LondonandWestminsterReview4(Oct.1836):12. 2. AlexanderLigthart,CagatayCatal,andBedirTekinerdogan,""SystematicReviewsinSenti- mentAnalysis:ATertiaryStudy,""ArtificialIntelligenceReview54(2021):4998,link.springer .com/article/10.1007/s10462-021-09973-3 Onthefaceofit,sentimentanalysiswouldappeartobeatoughselltoa disciplineasdeeplyinvestedincomplexityasliterarystudies.Itwouldseem tobeanespeciallypoorfitforthesentimentalnovel,aformofexpressionded- icatedtoexploringorextendingthepossibilitiesofhumanaffect.Itwillsur- prise no humanist to hear that, despite its well-attested successes analyzing voice-of-the-consumer materials, the computational analysis of sentiment falters when it comes to the sorts of rhetorically complex situations that populate literary prose. In fact, the limitations of such approaches corre- spondverycloselywithwhatliteraryscholarscallform,thefeaturesorqual- ities of texts that frame but also exceed or escape their semantic content. Computationalapproachesnotoriously struggle,forinstance,witheventhe simplest instances of irony or reported speech; they are yet more ill-suited totheanalysisofcomplexaffectivestatesandformalprinciplesliketheregret ofmissedopportunities,""regulatedhatred,""orfreeindirectstyle.3Moreover, whilesomerecentapproacheshavehadsomesuccessinalgorithmicallyiden- tifyingcertainformalpatterns(somuchsothatanaphoraresolutionisnow an established subfield of res"	
Galison 2019.pdf	29	21 1773 July : Disputation, Poetry, Slavery Peter Galison		2019			46	CompleteWritings	0	1	1	0	"21 1773 July : Disputation, Poetry, Slavery Peter Galison 1. Reasoned and Spiritual Exercises OnWednesday,21July1773,EliphaletPearsonandTheodoreParsons, twograduatingstudentsfromHarvardCollege,publiclydisputedwhether theenslavementofAfricanswascompatiblewithnaturallaw.Thepolitical tensionofthemomentdidnotsparethecollege.In1768–69,Britishtroops stationed in King Street (now State Street) leveled their cannons at the State House door, no doubt concentrating the minds of the legislators (""we have a right to deliberate, consult, and determine"" they protested), beforethelawmakersdecampedtoHarvard,wheretheymetseveraltimes in 1768–70.1 Matters deteriorated further after British soldiers killed five ItisanenormouspleasuretodedicatethisessaytoArnoldDavidson.Formorethanthirty years,wehavespokenandthoughtaboutissuesrelatingtotheself,ethics,andMichelFoucault.I havelearnedmorethanIcanpossiblysayherefromthoseconversations.Ondisputationhistory, noonehashelpedmemore,orcontributedmoretothescholarship,thanKu-ming(Kevin) Chang.Hispublishedwork,hisadvice,hisinsightshavebeeninvaluable.Withouthiswork,and withoutmycollaborativeeffortswithHenryLouisGatesoverthelastyear,Ineverwouldhave seenmywaycleartojoiningthetrajectoryofPhillisWheatleywiththoseofTheodoreParsons andEliphaletPearson.CarolineA.Joneshadanalyticandencouragingcommentsalltheway through.Addtothesedebtsofminethatitwasanenormouspleasuretowork(onthefilmNo More,America)withtheenormouslytalentedyoungactorsAshleyLaLonde,CalebSpiegel- Ostrom,andConnorDoyle;filmeditorChyldKing;musicdirectorEmilyDolan;researcher KevinBurke;productionassistantNicoleTerrien;andwiththegreattheatricalcollaboration, guidance,andcommentsfrommycolleaguesattheAmericanRepertoryTheater,especiallyDiane Paulus,DianeBorger,SammiCannold,andRyanMcKittrick.Finally,mayIthanktheHarvard ArtMuseums,especiallyEthanLasserandChrisMolinski,fortheirsupportandforincludingthe filminthe2017HarvardArtMuseumsexhibit""ThePhilosophyChamber."" Forthefilmmentionedinthelatterhalfofthisessay,seeNoMore,America,dir.Peter GalisonandHenryLouisGates(2017),vimeo.com/296698307,orscantheQRcodeatthe endofthisessay. 1. ""TheSpiritedAddressoftheHouseofRepresentativesofBostontoGovernorBernard, withTheirResolutions,May31,1769,""inPoliticalRegisterandImpartialReviewofNewBooks (London,1769),p.103. 352 Peter Galison / 21 July 1773 protestersintheBostonMassacreof5March1770,whilethetwostudents inquestionwerefreshmen.Intheheatoftheseevents(July1770),lieuten- antgovernorThomasHutchinson,aknownroyalist,movedthelegislature to Harvard's venerated Philosophy Chamber, a room of learning then filledwithart,minerals,plants,andscientificinstruments.Thatsameyear amobroseagainstloyalistHutchinson'ssons,andboycottenforcersplas- tered his nephew's house with urine and feces. When it came time for GovernorHutchinsontoheadtoHarvardYardtooverseethe1773gradu- ation, he—no doubt still reeling from such actions by colonial mobs— assembled an armedteam oftwelve toescorthim fromhis refuge inMil- tontoRoxbury.Ther"	
Gallagher 2024.pdf	6	"Critical Response I A Response to Benedict S. Robinson, "" "" The True Story of Fictionality Catherine Gallagher"		2024			8	English until	0	0	0	1	"I A Response to Benedict S. Robinson, "" "" The True Story of Fictionality Catherine Gallagher BenedictRobinson'sarticleisanimportantcontributiontothehistories ofboththenovelandtheconceptoffictionality(seeBenedictS.Robinson, ""TheTrueStoryofFictionality,""CriticalInquiry50[Spring2024]:543–64). His account ofthedissemination inearlymoderngrammar schools ofan- cient rhetorical categories that articulate similar concepts sheds light on howElizabethanandearlyseventeenth-centuryliteraturewaswrittenandre- ceived,andhisanalysisofallthewaysinwhichtheatricalcomedyanticipated novelisticfictionalityisrevelatory.Indeed,Ifindverylittletodisagreewithin hisessay. I would happilyanswer hisquestion—""Ispremodernfictionality reallyfictionality?""—intheaffirmativeandsignontohisthesisstatement: Premodernfictionalityisnotidenticaltoitsmoderndescendants.Ithas adifferentvocabulary;itsparadigmaticexamplesarepoetryanddrama, notthenovel.Itisneverthelesstheancestorofmodernfictionality.At- tendingtoitcanhelpusthinkbetteraboutmodernfictionalityaswell. [p.550] So,thefactthatRobinsonintroduceshisessayasarebuttaltooneIpub- lishedacoupleofdecadesago,titled""TheRiseofFictionality,""puzzlesme.1 Hisoppositionalstancemaypartlybeduetotherhetoricalneedweallhave to identify and overturn some previous consensus. It's also likely, though, thatthebrevityandradicalcompressionoftheargumentinmyarticlehave created some misunderstandings about my historical claims. I'm happy to takethisopportunitytoclearupsomeofthemisconceptions. 1. SeeCatherineGallagher,""TheRiseofFictionality,""inHistory,Geography,andCulture, vol.1ofTheNovel,ed.FrancoMoretti,2vols.(Princeton,N.J.,2006),pp.336–63. 772 Catherine Gallagher / Critical Response Robinsonmainlytakesissuewiththefirstpartofmyessay,whichgivesa veryshortprecisofanargumentImadeatlength,overseveralchapters,ina bookcalledNobody'sStory(1994).2Intheessay'sshorthand,Iclaimthatby announcing and explaining the rationale for their own fictional practices, eighteenth-century British novelists brought the general concept and cate- goryoffictionalityplainlyintoviewforordinaryreaders.Icallthatactivity ofarticulatingthequalitythatmakesaworkfictional""discoveringfictional- ity.""Eighteenth-centurynovelistsdiditbyemphasizingthattheircharacters weretheirowninventionsratherthanportrayalsofspecificreal-lifeindivid- uals.Astheydidnotrefertoactualindividualpersons,thenovels'storiessus- pendedliteraltruthclaimsandcouldnotbeconsideredlies.Thus,fictionality ingeneralbecamemorewidelyunderstoodandaccepted.Theessayargues that an explicit, widely shared concept of fictionality and the development ofthenovelgenrewerehistoricallyinterdependent. Robinsonflagsseveralpotentiallyconfusingimplicationsofthatabridged versionofmyargument.First,hesuggeststhatbyclaimingthenovel""discov- ered""fictionality,Iimplythatfictionalworksbeforethemid-eighteenthcen- turywerenotrecognizedassuchorwerenotobjectsoftheoreticaldiscourse (quoted on p. 548). By notrecognizing the earlier discourses, he charges, I presentth"	
Galloway 2022.pdf	22	Golden Age of Analog Alexander R. Galloway		2022			45	HansMagnusEnzensberger|ibid	0	0	0	0	"Golden Age of Analog Alexander R. Galloway Oh, fordays long gone, when intellectuals sparredover symbolicecon- omies and cultural logics. Gone are those heady chats about écriture and thepleasuresoftextuality.Howquaintwoulditseemtodayforacritictopro- claim, defiant, that there is nothing outside of the text. Who speaks that way anymore? Who speaks of word, symbol, text, code, economy, social struc- tures,orculturallogics?Ofcourse,manyofusstilldo;nevertheless,thislan- guagefeelsreminiscentofanothertime.Or,tobemoreprecise,thelanguage oflanguageisreminiscentofanothertime. The world is awashindata, yet these days itismuch morecommon to encounterscholarlytakesonaseriesofdistinctlynondigitalthemes:books aboutaffectorsensation;treatisesonaestheticsasfirstphilosophy;essayson theethicalturn(turningawayfromthepolitical)oronrealmateriality(turn- ing away from symbolic abstraction); manifestos proclaiming, defiant, that thereisnothingoutsideofthereal. Agenerationago,thetheoreticalhumanitieswasfixatedoncodes,logics, thearrangementoftexts,andthemachinationsofthesymbolicorder.Today thetheoreticalhumanitiesismorelikelytoaddresstopicssuchasperception, experience,indeterminacy,orcontingency.Whyinthedigitalagehavesome ofourbestthinkersturnedtowardcharacteristicallyanalogthemes? A Decline in Symbolic Efficiency Yetthisisalreadytakingalotforgranted.Doesn'tdigitalmeancomputers andtheinternet?Anddoesn'tanalogrefertoolderformatslikephonograph recordsorthemovies,thosedustyandgrainyartifactsofyorerunningoffan Unlessotherwisenoted,alltranslationsaremyown. 212 Alexander R. Galloway / Golden Age of Analog electric motor or perhaps even cranked by hand? Why equate digital with word, symbol, text,code, and logic, whiledefining analogviaaffect,experi- ence,contingency,andthereal?1 Analogrepresentationworksthroughcontinuityorcontinuousvariation, whereas digital representation works through discrete units like letters or integers.Atthesametimethephrase""ananalogofsuchandsuch""signifies comparisonorsimilarity,fromtheoldGreekanalogosmeaning""proportion- ate.""(AnalogistheAmericanspellingoftheBritishanalogue,althoughana- logue persists in American English in the sense of counterpart or object of comparison.)Sodigitalandanaloghaveameaninginmediaandconsumer electronics,butunderstoodassynonymsfordiscrete andcontinuoustheyalso pertaintolong-standingphilosophicaldiscussionsaroundsimilarity,identity, difference,andrepresentation. Debateoverthedefinitionanduseofdigitalandanaloggobackatleast to the development of electronic digital computers in the 1940s and '50s. ""Everydigitaldeviceisreallyananalogicaldevice,""wasNorbertWiener'sun- varnishedpronouncementattheMacyConferenceof1949.2Ayearlater,John vonNeumannwouldvoicehisownversionofthiskindofanalogreduction: ""Inalmostallpartsofphysicstheunderlyingrealityisanalogical,thatis,the truephysicalvariablesareinalmostallcasescontinuous,orequivalenttocon- tinuousdescriptions.Thedigitalprocedureisusuallyahumanartifactforthe sakeofdescription.""3AlanTuringwas"	
Galvin 2022.pdf	27	Transcreation and Self-Translation in Contemporary Latinx Poetry Rachel Galvin		2022			73	Hybrid Culture|Illuminations|PenelopeGardner-Chloros|Self- Translation|TheOxfordHandbookofLatinoStudies|alsoJoséEstebanMu|alsop	0	1	0	1	"Transcreation and Self-Translation in Contemporary Latinx Poetry Rachel Galvin noCheinthisnoche avoid Evita nomotorcycle inthesediaries don'tbother guessingthis loco'smotive thisloca'sstride theglobe'srefraction indrive-thru windows workers oftheworld takeoffyourpaper hats .. . estanocheno Che evita aEvita nohaymotocicleta enestosdiarios no detendrás mimociónde loco minación (dis) localarefracción delglobo en ventanasdeservicarro obrerosdelmundo quítense susgorros depapel —UrayoánNoel, ""SignsoftheHemisphere/Letreros delhemisferio""1 PuertoRicanwriterUrayoánNoel's""SignsoftheHemisphere/Letreros delhemisferio""isaself-translatedpoem.Inbothversions,thereaderisin- vitedtolistentothewordsinsidethewords,suchasthe""noChe""innocheor ""loco"" in locomotive. Phonemes are tucked within each other like Russian dolls.Thetranslingualpunningremindsreadersthatwordshideotherwords and other worlds within them, that Spanish hides within English and vice versa,thatglobalizationhideswithinhotmealsandisdevouredbylegions, andthatlanguageisacurrencythatmovesacrossglobalspaces,resignifying innewcontextslikethepaperhatwornbyafast-foodworker.Noel'sdiver- gentversionspointedlycontrastwiththetraditionalviewoftranslationasthe transference of semantic invariants from a source language to a target lan- guage.Instead,theSpanglishlineinthefirstversion,forexample,""thisloca's stride,""thisqueen'sstride,istranslatedintoaratherdifferentphraseinSpan- ish: ""mi nación (dis) loca,"" my nation dislocates or distorts (or my nation [de]crazies;ormynation,thiscrazywoman,thisqueen).Thiscreativeren- deringforgoesconventionaltranslationalvaluesofequivalenceorfaithfulness Unlessotherwisenoted,alltranslationsaremyown. 1. UrayoánNoel,""SignsoftheHemisphere/Letrerosdelhemisferio,""inBuzzingHemi- sphere/Rumorhemisférico(Tucson,Ariz.,2015),pp.99,100;hereafterabbreviated""S."" toanoriginalinfavorofinventiveness,sonicpropulsion,andproliferationof meaningbetweenandacrosscoexistingversions. OthercontemporaryUSLatinxwriters(Latinxisagender-neutralterm forLatina/o)havecraftedtermstodescribeself-translationpracticesfueled byasimilarpoetics.Thesetermsshareanemphasisonunevenness,divaga- tion,opennesstotransformation,and,aboveall,innovativerewriting.Raquel SalasRivera'sneologisms""poequivalent""and""poequivalente""designateself- translations that set aside the idea of equivalence between source text and target text in favor of re-creations.2 Mónica de la Torre has described her process of self-translating as ""unreliable,"" and in a self-translated, mixed genrebookthatlampoonstheideaofequivalence(featuringtwenty-fivedif- ferenttranslationsofapoemtitled""Equivalencias""),3shewritesofcreating ""deviation[s].""4 For his part, Noel callshis self-translation practice ""trans- versal,""invokingÉdouardGlissant'sideaoftransversality,analternative to thecolonialnotionofrootedidentitythatgrowsfroma""linear,hierarchical visionofasingleHistory.""5Glissantproposesthatidentitycan""[float]free, notfixedinonepositioninsomeprimordialspot,butextendinginal"	
Gandhi 2021.pdf	4	Skeptical Conditions Leela Gandhi	2020	2021			4		0	0	0	0	"Skeptical Conditions Leela Gandhi 1 June 2020 But He's Much Bluer than When I Went Away Manyofuswillrecognizetwocognitivephenomenafromtheintenseex- perience of thecoronavirus lockdown. The first is fairly ubiquitous. It is a perceptionthatsomethingisaslikelytohappenasnot.Itisaslikelyasnot therewillbeavaccinebythesummerof2021.ItisaslikelyasnotCOVID-19 isheretostay.Educationalinstitutionsareaslikelyasnottoconveneinper- sonatsomepointinthecomingacademicyear.Mostcountriesareaslikely asnotinthedeepestrecessionsincetheGreatDepression,andsoon.Fore- bodingsofthistypeindexthedisquietofourtimes.Theyalsoindexacon- dition of skepticism—in the precise philosophical sense of the term. Such obtains from diverse intersecting traditions, as South Asian Mādhyamika Buddhism,HellenisticPyrrhonism,somechaptersofAmericanpragmatism andEuropeanpoststructuralism,included.1 Philosophicalskepticismdescribestheequalityofallantilogies.Thismeans that cheerfulness and dejection, pleasure and pain are random points in a torqueorshadesofthesamepalette.Eachleadstotheotherandbackagain. Aswell,eachholds,eachfailstohold,eachbothholdsandfailstohold,each neitherholdsnorfailstohold.ThePyrrhonistandBuddhistso-calledtetra- lemmaformulaofnoncontradictiongetstotheheartofthematter.Anypo- sitionortheoryorbelief(indeed,anydeed,act,oradvantage)isnomorethan itisnot;itbothisandisnot;itneitherisnorisnot. 1. Ontheconceptoftheepoché,seeW.J.T.Mitchell,""GroundhogDayandtheEpoché,"" in""PostsfromthePandemic,""anonlinesupplementtoCriticalInquiry47(Winter2021): S95–97. S116 Leela Gandhi / Skeptical Conditions Thesecondcognitivephenomenonathandishardertopindown.Itisa stateofconsciousnessaboutsomethingwehaveknownforaverylongtime withoutbringingtotheforefrontofunderstanding.Theexperienceissim- ilartoanahamoment.Aha!Thevirtualfaceismorecompanionablethan thetelephonicvoice.Aha!Distractionservesconcentrationbetterthanho- mogenousemptytime.Aha!Consumerismmaybebadforthesoul,butit certainlyenergizesthespirit.Therearemoreexactingexamples.Thedispro- portionateCOVID-19-relateddeathtollofAfricanAmericansintheUSand of Pakistani, Bangladeshi, and other black communities in the UK brings awarenesstoperfectlywellknown,longstandingracializeddisparitiesinhealth and access to medical care. The mass exodus of starving migrant workers making their way home from locked-down cities in India is arguably the worstsuchafterPartition.Yetitrelaysnonewdata.Itisastarkrésuméof knownunknowns:everysingleaspectofroutinelifestyleinthesubcontinent runsonthebackofprecariousinformallivelihoods. Thetwophenomenaunderreviewmayseemincongruousbutareclosely linked. Skeptical conditions (those we cultivate and that beset us, as at the present world-historical moment) are not ends in themselves. Nor are theyalibiforexistentialdefeatismandtheviewthattheexternalworldisjust arumor.Madeoverasspiritualexercisestheyshowthewaytoataraxia,the Greek word for undisturbedness, and tosthitaprajña, the Sanskrit word for something like a standing-still mentality. Both"	
Gang 2022.pdf	21	Derek Jarman and Everything That Is the Case Joshua Gang		2022			40	AlexandraParsons|Literary Mind|Queer|development|journals including|t'i	3	0	0	0	"Derek Jarman and Everything That Is the Case Joshua Gang Broadly speaking, Ludwig Wittgenstein's Tractatus Logico-Philosophicus examineswhatkindsoflanguagecandescribethephysicalworldandwhat kindsofconceptscanbederivedfromthatlanguage.Actually,whatwethink ofas""theworld,""Wittgensteinargues,isnotaphysicalplaceoraconceptual whole.It'sacollectionofempiricalpropositionsmadeaboutobjects—""ev- erythingthat is the case.""1 Thesestatements form a ""picture"" oftheworld, which amounts to a ""model of reality"" (T, §2.1–2.12, p. 28). The difficulty, Wittgensteinclaims,isthatlotsofthingsaremissingfromthispicture.It's incapableof conveying phenomena that possess properties outside its own composition: ""The picture can represent every reality whose form it has. The spatial picture, everything spatial, the coloured, everything coloured, etc"" (T, §2.17–2.171, p. 29). Therefore those aspects of experiencethat can't beexpressedinphysicallanguagehavetobeleftoutofthepicture.Andthis ispreciselytheproblemwithabstractions,whichdon'thavephysicalprop- ertiesorlocations.Inaphysicaldescriptionoftheworld,Wittgensteinrea- sons, ""there can be no ethical propositions. . . . Ethics are transcendental. (Ethicsandaestheticsareone)""(T,§6.42–6.421,p.88).Inotherwords:ethics and aesthetics ""are one"" because they are metaphysical concepts—they're statementsofvalueandinthatwaycan'tbederivedfromphysicallanguage MythankstoBasiliskCommunications,theBritishFilmInstitute,JamesMackay,theKeithCol- linsMemorialTrust,theManchesterArtGallery,andtheAmandaWilkinsonGalleryforallowing metoreproduceimagesofDerekJarman'swork.Iwouldalsoliketoexpressmygratitudetothe editorsofCriticalInquiryfortheirincrediblyhelpfulfeedbackandtothefollowingfortheirsupport andencouragement:CharlesAltieri,C.D.Blanton,KaraGaston,EricFalci,JuliaFawcett,Catherine Flynn,DylanFurcall,DonnaJones,StevenJustice,DavidKurnick,GraceLavery,AndrewLeong, DuncanMacRae,KentPuckett,PoulomiSaha,EmilySutton,andDanielWright. 1. LudwigWittgenstein,TractatusLogico-Philosophicus,trans.anded.C.K.Ogden(London, 1922),§1.0,p.25;hereafterabbreviatedT. 632 Joshua Gang / Derek Jarman and Everything That Is the Case alone. They transcend the purely physical language's limits. Wittgenstein's point,however,isn'tthatphilosophersshouldn'ttalkaboutethicsoraesthet- ics.Instead,it'sthatyoucan'texpresssuchconceptsinalanguagethathasno wordsforthem—thesamewayyoucan'ttakeavisualpictureofanabstrac- tion.Thephilosopherwhospeaksinsuchaphysicallanguagehasnochoice but to stay silent about these metaphysical things. ""Whereof one cannot speak,"" the Tractatus famously concludes, ""thereof one must be silent"" (T, §7.0,p.90).2 TheversionofWittgensteinweencounterinDerekJarman'sWittgenstein (1993),whichpremieredonlymonthsbeforeJarman'sdeath,addsatermto this list of unspeakable topics: homosexuality. It's a surprising addition. For whiletherehavebeenmanyeffortstocensorrepresentationsof""'thelovethat darenotspeakitsname,'""it'sstillhardtoconceivehowhomosexualitywould fallundertheTractatu"	
Garber 2021.pdf	25	The HUAC Othello Marjorie Garber	2019	2021			52		1	0	1	0	"The HUAC Othello Marjorie Garber Weallknowthat AOCandthis crowdarea bunchofcommunists. .. .Theyhate ourowncountry. –Senator LindsayGraham (R-SC),15 July20191 Republicansgotour buttskickedinGeorgiaon Tuesday.... TheideathatGeorgia, ofallplaces,couldelect twocommunists totheUnitedStatesSenate wasridiculous. –Governor KristiNoem (R-SD), 7Jan. 20212 Inthecourseof hislongcareerPaulRobesonwascelebratedasasinger,a politicalactivist,apublicspeaker,aninternationalastarofstageandscreen,an anticolonialchampionofAfricanstatesandof workers'rightsandtheorig- inator of memorable roles from Eugene O'Neill's Emperor Jones to Show Boat'sstevedoreJoe.ButitwashisidentificationwiththeroleofOthellothat generated the most striking political commentary and crossover, both dur- inghislifetimeandafterhisdeath. A ""Veritable Othello"" Thirteen years before his London debut in William Shakespeare's play, RobesonhadbeendescribedintheNew-YorkTribuneasa""veritableOthello ofbattle""who""ledthedashinglittleRutgerseleventovictory.""3Robeson's HereI Stand was published by Othello Associates, ""an independent Negro publisher""4basedinHarlem,inessenceaplatformcreatedfortheoccasion.5 HissonPaul,Jr.setuptheOthelloRecordingCorporationin1953toprovide 1. WilliamCummings,""TrumpShould'AimHigher':LindseyGrahamandOtherRepubli- cansRespondtoTrump's'GoBack'Tweets,""USAToday,15July2019,www.usatoday.com/story /news/politics/2019/07/15/lindsey-graham-reaction-trump-squad-comments/1732898001/ 2. ChristopherVondracek,""NoemSlamsGeorgiaDemocratSenateRun-OffWinnersas 'Communists,'2DaysafterWarningOf'HowWeTalktoEachOther,'""TheJamestownSun, 9Jan.2021,www.jamestownsun.com/news/government-and-politics/6834137-Noem-slams-Georgia -Democrat-Senate-run-off-winners-as-communists-2-days-after-warning-of-how-we-talk-to-each -other 3. QuotedinMartinDuberman,PaulRobeson:ABiography(NewYork,1965),p.[27];here- afterabbreviatedPR.Othellohereseemstobeintended,howeverawkwardly,ascomplimentary shorthandforblackwarriororblackhero—thepieceisotherwisedevoidofliteraryallusionor, indeed,ofracialcommentary.TheTribune'sreaderswouldpresumablygetthepoint:theleader ofthis""dashinglittle""troopwasits(only)blackplayer. 4. LloydL.Brown,""Preface,""inPaulRobeson,HereIStand(Boston,1958),p.xxviii. 5. Until1971,whenBeaconPressrepublishedthebook,itwasvirtuallyunavailablein bookstores. 478 Marjorie Garber / The HUAC Othello anoutletforRobeson'smusicatatimewhenhispoliticsmadehimradioac- tivetoconventionalmusicproducers.6PaulRobeson:TheAmericanOthello was one of the earliest biographies.7 An article in Jet noted that Robeson had""lovedAmericatoowellbutnotwisely.""8NoWaybutThis:InSearchof Paul Robeson took its title, without apparent irony, from the last words of Shakespeare's tragic hero as he kisses the dead Desdemona and then stabs himself:""Nowaybutthis,/Killingmyselftodieuponakiss.""9 Many of these quotations and citations are from the last scene of the play: Othello's realization that he has been duped by Iago, his assertion of hisownpatriotismandservic"	
Garrett 2022.pdf	23	Reading between Freedom and Necessity Matthew Garrett		2022			32	Black|Constitution|Narrative Theory|the Constitution	0	0	1	0	"Reading between Freedom and Necessity Matthew Garrett Thelifeofasavage, whenwetakeadistant viewofit,seemsto bealifeofeither profoundindolence, orofgreatandastonishingadventures. —AdamSmith1 Againstacertainhopefulorprogressiveapproachtothehistoriesofread- ingandofliteracy,I'mgoingtogiveapartialsketchofamorerapaciousstyle ofreading,onethatlearnsitsfundamentallessonsthroughprimitiveaccumu- lation (that is, accumulation through dispossession) and therefore through thedenigrationandnotthecelebrationofhumanlabor.Thoselessonsarere- inforced and ramified in European and North American narrative through the eighteenth century, driven deeper into literate or educated cultureeven asthatsocialfieldexpands,likeasplinterworkingitswayfurtherintotheflesh throughtheverymovementofthebody.Thecontradictionbetweenthatcul- ture of good reading and its dispossessed others heightens, withers, and is refoundedduringthetwentiethcentury,whenthedivisionbetweenthepur- portedlypremodernpeasantryandthemodernizingurbandwellerisattenu- atedwithintheEuropeancore.Thisisaperiodwhen,asFredricJamesonputs it,""thepeasantryshrinkstoapicturesqueremnant,whensuburbsreplacethe villages and modernity reigns triumphant and homogeneous over all space, thentheverysenseofanalternatetemporalitydisappearsaswell,andpostmod- erngenerationsaredispossessed(withoutevenknowingit)ofanydifferential senseofthatdeeptimethefirstmodernssoughttoinscribeintheirwriting.""2 Unlessotherwisenoted,alltranslationsaremyown. 1. AdamSmith,""ALettertotheAuthorsoftheEdinburghReview,""inEdinburghReviewfor theYear1755(London,1818),p.131. 2. FredricJameson,""TheEndofTemporality,""CriticalInquiry29(Summer2003):699.The essaydrawsonArnoMayer'sPersistenceoftheOldRegime:EuropetotheGreatWar(NewYork, 1981)foritscharacterizationofthisprocess. 500 Matthew Garrett / Reading between Freedom and Necessity Nevertheless,thecultureofgoodreadingkeepsitsdistancebykeepingits premoderndoublewithinitself,asrepresentation(throughthefigureofthe picaro)andasthebadreadinggivingpowerandprioritytothegood.One nameforthatretentionofthepicaro,thenamethatAdamSmithtooregis- ters,isadventure,andmuchofwhatIhavetosaywillcirclearoundadventure narrativeasthefundamentalformofstorytelling.PartofwhatIhopetocon- veyisthatspatialorgeographicalmovementisonlyafirstmoment inadven- turenarrative;storiesofpsychologicalnuance(thatis,ofProustianoreven Richardsoniantime ratherthanHomericorCervantesquespace)andinpar- ticularthenarrativesofeducationanddevelopmentthatelaborateonthetra- ditionofBildungthatremainsthesinequanonofliterateculture—thesetoo willbeadventuresforme,thoughwithsubjectiveformationtakingtheplace ofobjectivemovementthroughspace. ThestoryItellbeginsinearnestingolden-ageSpain,inSeville,withthe origins of the picaresque in the Lazarillo de Tormes.3 What matters for us about the Lazarillo is that the dispossession of the protagonist, Lázaro, is thebasisforhisadventures,whicharethemselvestheoccasionfordiscover- ingthehypocrisyofthepossessingclass.Cruciallyforme,thefi"	
Geoghegan 2025.pdf	32	The Navigable Image: Vermeer, Melville, and the Maritime Coordinates of Computer Graphics Bernard Dionysius Geoghegan	2023	2025			45	Akira Mizuta|Alpers|Bernard Dionysius|Cavell|Chapter|Chester|Computer Games|Cybertext Yearbook|David Landau|Denson|Dutch guilds|Duty Free|England|Espen Aarseth|Essays and|Europe|Forensis|French Theory|Geoghegan|Iris Hennigfeld|James|John Durham|Jonathan Crary|Latour|Martin Jay|Navi gation|Parikka|Paul Virilio|PixelMagic|Repre sentation|Samuel Weber|Scientific Practice|Siegert|Sobchack|Stanley Cavell|Steyerl|Thomas Parke|Tung-Hui Hu|Vision and|William Thomson|Zeitkritische Medien|also Ben|also Jussi|also Siegert|an atomic|computer games|global technical|light of|media studies|possibilities for|the Age|the Nine|the Sea|the Sky|the Solar|the West|the Wild|the techniques|turn|volumetric|writers such	0	1	0	0	"The Navigable Image: Vermeer, Melville, and the Maritime Coordinates of Computer Graphics Bernard Dionysius Geoghegan There will come an age in the far-off years when the Ocean shall unloose the bonds of things, when the whole broad earth shall be revealed.1 —Seneca, Medea In 1962, the computer game Spacewar! premiered at a Massachusetts In stitute of Technology (MIT) open house, showcasing themes of universal and planetary conflict shaping the nascent culture of computer graphics. Spacewar! placed the player in the role of a celestial navigator. Elementary graphics represented stars as points, ships as triangles, and spiraling vectors I thank organizers and attendees of a number of events where I developed early drafts of this work, including meetings of the Maritime Modernities project in Paris in November 2023, ""PRINCìPI -Costruire per la generazioni"" in Turin in November 2022, ""Vivre par(mi) les écrans"" in Lyon in April 2022, a colloquium at Department II of the Max Planck Institute for the History of Science in Berlin in November 2024, and a talk hosted by the Centers for Sci ence, Technology & Medicine and for New Media at University of California, Berkeley in March 2024. Thanks to Colin Harris, Patrick Harrison and Hank Gerba for editorial assistance and to Tung-Hui Hu, Alexander Galloway, Klara Källström, and the editors of Critical Inquiry for their invaluable suggestions. Going above and beyond the call of collegiality, Jacob Gaboury and Margaret Schotte furnished me with digital scans from their personal collections and offered tips for clearing copyright hurdles. I am grateful to Ivan Sutherland for granting one such clearance. James Schwoch's timely suggestion to look at Moby-Dick proved decisive for the overall shape of this essay. Special thanks is due to Mauro Carbone and Jacopo Bodini for their encouragement to revise and expand an earlier paper, ""Voir et naviguer: les origines maritimes du régime scopique du calcul "" that appeared in their volume Vivre par(mi) les écrans: passé et avenir (2024), resulting in the present essay. I dedicate this essay to my mentors in maritime media, Bernhard Siegert and David Mindell. Unless otherwise noted, all translations are my own. 1. Seneca, Seneca's Tragedies, trans. Frank Justus Miller, 2 vols. (New York, 1917), 1:261. 100 Bernard Dionysius Geoghegan / The Navigable Image traced ballistic transit in the navigational pull of a central sun.2 Gameplay ap peared on a cathode ray ""vector monitor,"" evoking the computerized radar screens then deployed around the US to defend against Soviet invaders (figs. 1–2). While this scenography evoked astronomical observation, the technical and genealogical details of its visuality comprised an ingenious mis use of nautical equipment (fig. 3).3 The background of pinpoint stars ani mated the 22 ½7 N and 22 ½7 S sector of the sky as described in the first global positioning system of the US, the American Ephemeris and Nautical Almanac, funded by Congress in t"	
Ginzburg 2019.pdf	16	Medals and Shells: On Morphology and History, Once Again Carlo Ginzburg		2019			36	Ecstasies|MorphologieundModerne|PhilosophicalOccasions|Terror|Worms|alsoFran	0	0	1	0	"Medals and Shells: On Morphology and History, Once Again Carlo Ginzburg For decades I have been ruminating on the relationship between mor- phologyandhistory.Recently,Irealizedtheinadequacyofmyapproachto thatissue.Istartedanewchainofreflections,whichIwouldliketoofferto ArnoldDavidsonasasignofgratitudeforhisfriendshipandgenerosity. But,firstofall,abriefintroductionisneededtoexplainhowmyobsession withmorphologybegan.Theeventthatinitiatedmytrajectoryasahistorian tookplacein1963attheStateArchiveofVenice(Ihavetoldthisstoryseveral times,eachtimefromadifferentangle).Iwaslookingforwitchcrafttrialsin thevastinquisitionarchivethatispreservedaiFrari,intheformerFrancis- canconventwheretheVenicearchiveisnowlocated.Unexpectedly,Icame acrossa1591recordofanswersgivenbyayoungcowherdnamedMenichino ofLatisanatoaninquisitorinterrogatinghim.""Areyouabenandante?""the inquisitorasked(awordIhadneverseenbefore).Menichinofirstanswered evasively and then explained that he was; being born in a caul (that is, wrappedintheamnioticsack)hewascompelledtofightinspiritwithother benandantithreetimesayearinthefieldofJosaphatagainstwitchesandwiz- ards for the fertility of the crops. The benandanti used fennel branches as weapons;the witches,sorghumsticks. ""Fightinginspiritagainstwitchesis ThisisarevisedversionoftheprefacetotherecentItalianeditionofEcstasies:Decipheringthe Witches'Sabbath(Milan,2017).AversionofthisessaywasdeliveredasaDruckerLectureatthe DepartmentofNearEasternStudies,PrincetonUniversity,inSeptember2017.ManythankstoMa- rinaRustow,whoinvitedmetospeakonthatoccasion,toHenryMonacoforhislinguisticrevi- sion,andtoHankScotchforhishelpfulsuggestions. notmychoice,""Menichinoexplainedtothe(presumablystunned)inquisi- tor.Someyearsbefore,anotherbenandantenamedGiambattistaTamburino hadtoldhim:""Whenyouhavetocome,youwillcome.""Menichinoreplied: ""Youwillnotbe able to force me."" His friend insisted: ""You will have to come anyway."" ""And a year after these conversations,"" Menichino went on,""IdreamedthatIwasinJosaphat'sfield.""1 AssoonasIreadthosewordsIwasremindedoftheSiberianshamansand theirecstaticperfomances.Ihaveanalyzedelsewherehowthisanalogyhad crossed my mind.2 Menichino's confession was the spark that ignited my firstbook,Ibenandanti(1966).ThebookfocusedonaseriesofInquisition trialsthattookplaceinFriuli,onthenortheasternborderofItaly.Inthein- troduction,IwrotethatIhad""notdealtwiththequestionoftherelationship whichundoubtedlyexistedbetweenbenandantiandshamans.""3 ""Undoubtedly existed"": a shot in the dark, as my evidence was merely morphological.Ijustifiedmydecisiontoignorethatrelationshipbyreferring tothedistinctionbetweenthetwokindsofcomparativeapproacharticu- latedbyMarcBlochintheintroductiontoTheRoyalTouch(1924):historical comparisonandethnologicalcomparison.JamesFrazer'sTheGoldenBough (1890),forBloch,exemplifiedthelatter.ButinTheNightBattles Icommitted myselftotheformer. Butthechallengeraisedbythebenandanti wasstillwithme,temptingme. TenyearslaterIfoundmyselffullyimmersedinaprojectth"	
Gogineni Nichols 2021.pdf	21	Anthropocene/Anthroposcene: Integrating Temporal and Spatial Aspects of Human- Planetary Interaction toward Ethical Adaptation Bina Gogineni and Kyle Nichols		2021			51		1	0	0	0	"Anthropocene/Anthroposcene: Integrating Temporal and Spatial Aspects of Human- Planetary Interaction toward Ethical Adaptation Bina Gogineni and Kyle Nichols Afewyearsago,weconvenedaneventhighlightingtheconnectionsamong globalclimate,globalhealth,andglobalculture.Oneofourcopanelistswas the renowned climatologist Ben Santer who led the group of scientists in the1995IntergovernmentalPanelonClimateChange(IPCC)reportthatfirst officially acknowledged anthropogenic climate change. In his presentation, Santertoldthestoryofthetwelvewordsthatchangedhistory:""Thebalance of evidence suggestsa discernablehumaninfluence on global climate.""1 He describedthefine-grainedcalibrationsthatledtothechoiceofthatpartic- ularlanguagefortheIPCC'shistoricreport;hedescribed,inequalmeasure, themassivepoliticalfalloutfromthethreemodestwords,discernablehuman WeoweadeepdebtofgratitudetoAkeelBilgramiandNikolasKompridis,bothofwhom gaveuscontinualencouragement,presentationopportunities,andincisivecritiqueonourwork inprogress.Thisessaymightneverhavecomeaboutwithouttheirearlyandtremendoussup- port.WeextendourgratitudetoIndia'sForumonContemporaryTheoryfortheopportunities topresentasplenarylecturesearlierversionsofthisessay.WewouldalsoliketothankJed EstyandtheUniversityofPennsylvania'sspecial-collectionslibrarians,whohelpeduscrackthe mysteryofRemKoolhaas'selusiveLagos:HowItWorks,thusleadingustothesinglemanu- scriptofPierreBelangeretal.'sLagosHandbook,oraBriefDescriptionofWhatMayBethe MostRadicalUrbanConditiononthePlanetarchivedattheFrancesLoebLibraryoftheHar- vardGraduateSchoolofDesign.Wearegratefultothespecialcollectionsstaffthereforsolici- touslyfacilitatingourextendedperusalofthatraremanuscript.Portionsofthisessaywere originallypublishedinKyleNicholsandBinaGogineni,""TheAnthropocene'sDatingProblem: InsightsfromtheGeosciencesandtheHumanities,""TheAnthropoceneReview5,no.2(2018): 107–19. 1. BenSanter,remarksmadein2018atSaratogaSprings,NY,aboutthewritingofchapter8 oftheIPCCSecondAssessmentReport1995. 350 Bina Gogineni and Kyle Nichols / Anthropocene/Anthroposcene influence.Hethenpresentedtheaudiencewithvariousgraphsexplainingthe datathathadestablishedincontrovertiblythefactofanthropogenicclimate change. While all of this was compelling, it was his closing salvo that was most arresting. Showing an image of himself spelunking in a beautiful ice cave in the Juneau Ice Field where he does research, he stirringly revealed thathismotivationforhisscienceishisprofound—nearlyRomantic—ap- preciationofnature'sbeautyandhisdesireforittoremainintactforfuture generations.Whilethisrationaleiscommonlyvoicedbyclimateactivists,it israretohearscientistsunabashedlyprofesstheethicalimperativesdriving theirscience.Andyet,isitnotnearlytautologicaltosaythatclimatescien- tists would have chosen their careers, let alone their particular research scopeandquestions,onthebasisoftheclimate'simperilment? Ethicalconvictionsabouttheenvironmentobviouslyinformtheworkof notjustclimatescientistsbutalsoawholerangeofothergeosc"	
Gooding-Williams 2021.pdf	6	Revisiting the Ferguson Report: Antiblack Concepts and the Practice of Policing Robert Gooding-Williams	2020	2021			9	Du Bois|the Shadow	1	1	0	2	"Revisiting the Ferguson Report: Antiblack Concepts and the Practice of Policing Robert Gooding-Williams 19 June 2020 NowisasuitablemomenttorevisittheUSDepartmentofJustice'sFer- guson Report.1 What the report suggests, I propose, is that explicitly dis- paragingandstigmatizingantiblackracialstereotypesshapedtheordinary, business-as-usual,communicationsoftheFPD,andthatwemayerrintak- ingthese stereotypes simply,or primarily,asevidence ofbiasorofthein- tenttodiscriminate—thatis,asevidenceofpsychologicalstatesattributable to discrete individuals. To be sure, I do not deny the power of such an approach. Here, however, I take a different tack and suggest that we take FPD employees' taken-for-granted and quotidian email communications ofpejorativestereotypesasevidenceoftheworkingsofapracticeofpolicing inwhichpoliceofficersparticipated—asevidence,thatis,ofwhattheDOJ reportdescribesasapolicing""culture."" In recent work, law professors Bryan Stevenson and Paul Butler have consideredracistpolicinginasimilarperspective.AccordingtoStevenson, ""PeopleofcolorintheUnitedStates...areburdenedwithapresumption of guilt and dangerousness. . . . This presumption of guilt and the racial narrative that created it have significantly shaped every institution in American society, especially our criminal justice system.""2 In a similar 1. SeeUnitedStatesDepartmentofJusticeCivilRightsDivision,InvestigationoftheFergu- sonPoliceDepartment,4Mar.2015,www.justice.gov/sites/default/files/opa/press-releases/attach ments/2015/03/04/ferguson_police_department_report.pdf 2. BryanStevenson,""ThePresumptionofGuilt:TheLegacyofAmerica'sHistoryofRacial Injustice,""inPolicingtheBlackMan:Arrest,Prosecution,andImprisonment,ed.AngelaJ.Davis (NewYork,2017),pp.4–5. vein, Butler has argued that ""what happens in places like Ferguson, Mis- souri,andBaltimore,Maryland—wherethepoliceroutinelyharassanddis- criminate against African Americans—is not a flaw in the criminal justice system.FergusonandBaltimoreareexamplesofhowthesystemissupposed towork.Theproblemisnotbad-applecops.Theproblemispoliceworkit- self. American cops are the enforcers of a criminal justice regime that tar- getsblackmenandsetsthemuptofail.""3WhileStevensonandButlerpresent historicalandsociologicalevidencefortheirclaims,myrelatedbutdifferent aimisconceptuallytoilluminatethepictureofpolicingandcriminaljustice thattheyoutlineanddefend.Moretothepoint,itistousetheFergusonRe- port to construct a partial model of American practices of policing black AmericansthatcapturesStevenson'sandButler'ssuggestionthat,typically, theperpetuationofantiblackracialdominationthroughthecriminalization ofblackAmericans,especiallyblackmen,is""integral""tothesepractices.4 Consider, then, the Ferguson Report's summary description of the po- licing culture exhibited by Ferguson's approach to law enforcement: Partly as a consequence of City and FPD [revenue generating] priori- ties, many officers appear to see some residents, especially those who live in Ferguson's predo"	
Goodrich 2021.pdf	31	Retinal Justice: Rats, Maps, and Masks Peter Goodrich		2021			39		1	0	0	1	"Retinal Justice: Rats, Maps, and Masks Peter Goodrich AjudgespringsoutofhiscaronthewaytocourtindowntownChicago andtakesphotographsofaninflatablerat.Awhilelaterheinsertsthesepho- tographs into a decision involving another insufflated rodent. The case is aboutrats.""Giant,inflatablerats,whichunionsusetodemonstratetheirun- happinesswithemployers....Catstoo—inflatablefatcats,wearingbusiness suitsandpinkierings,stranglingworkers.""1JudgeEasterbrook,forthema- jority,feelingperhapsthatverbaldescriptionisinadequatetotheenormity of the spectacle, or that such things should not be left to the imagination, thenreproducedpassportsizedphotographsoftheratandthecatinthejudg- ment.Thedoctrinalissuewaswhethertheinflatables,stakedtotheground, were ""structures"" that conveyeda messagein contraventionof a Municipal Code that required a permit for such monumental symbolic effigies (C, p. 746). Little is otherwise said about the feline and rodent in the majority judgment,althoughitis ofcourselegallynotable thatthe decisioncontains precedentialpicturesofaratandacat,presumablyasindicatorsofstructural status,aslendingvisibilityandprovidingarealityeffectforthecontestedsym- bolsofprotest. Thedissentingjudge—atop-tenpublicintellectualintheUS,according toasurveythatheconductedhimself—goesfurther.2JudgePosnerfocuses solelyontheratandisoftheviewthatforbiddingtheinflatablecommen- sal creature is only lawful if it causes harm, ""the prospect or possibility of which . . . justified the town in forbidding"" it being placed near the road EspecialthankstotheeverperspicuousChiaraBotticiwhoistheauthoroftheduetand coineroftheconjunctionRetinalJustice.Unlessotherwisenoted,alltranslationsaremyown. 1. ConstructionandGeneralLaborers'LocalUnionNo.330v.TownofGrandChute,834F. 3d745(2016);hereafterabbreviatedC. 2. SeeRichardA.Posner,PublicIntellectuals:AStudyinDecline(Cambridge,Mass.,2003), pp.209–14.Rankingisbasedonscholarlycitation. 242 Peter Goodrich / Retinal Justice (C,p.752).Thejudgethenregalesthepatientreaderwiththestorythathe sometimesdrivesdowntownfromthesouthsideofChicagoalongMartin LutherKingDriveandthathehadseenarat,ontheeastsideofthestreet duringthecourseofadifferentdispute.Hecontinues:""EverytimeIdrove pasttheratIglancedatit,asitwastheonlynoteworthysightonmyroute. Thisglancenevercausedmetoswerve,crash,crouchinmyseat,avertmy eyes,hitapedestrian,orcausemayhem.""Thiswasso,eventhough""thisrat, likeitsGrandChutecousin,wasclosetoamajorstreet.""""Itookaclose-up photooftherat,andanotherphotoofitfromacrossthestreet""(C,pp.755– 76). Here, he concludes the anecdote, are the two photos (figs. 1A–1B). Posnerchoosestoshowhisownphotographsofadifferentratinadis- tinct location so as to argue, presumably by analogy—the commensal is commensurate—thatthisratisnotathreattovehicularorpedestriansafety becauseitneverperturbedhim.Hegoesontoadmitthathispersonalpho- tographsmay""scandalizesomereaders,whothinkitimproperforajudgeto stray outside the official trial record"" (C, p. 755). While it may be hard to thinkthati"	
Graham 2025.pdf	31	' Rehabilitory Modernism: László Moholy-Nagy s Occupational Therapy at the School of Design in Chicago James Graham		2025			76	Moholy-Nagy	0	0	1	0	"' Rehabilitory Modernism: László Moholy-Nagy s Occupational Therapy at the School of Design in Chicago James Graham Nearly fifty years after László Moholy-Nagy's death in 1946, Hattula Moholy-Nagywroteabriefremembranceofherfather,alreadymiddle-aged inherearliestmemories.Shedescribestheartist,designer,andBauhausped- agogueasacharismaticandstrikingfigure,""portly,alwayswell-groomedand neatlydressed.Hehadafullheadofdarkhairwitharemarkablewhitestreak down the center and a wide smile that showed many teeth."" But Moholy- Nagy's body also bore a memorable trace of the war that defined his early adulthood. ""His left thumb was permanently bent and thickened from a woundhehadreceivedasanartilleryofficerinWorldWarI,""hisdaughter recalls.""Afterthathappened,hislefthandneverappearsinphotographs.""1 AnofficerintheAustro-HungarianArmybeforeturningtwenty,Moholy- Nagysuspendedhislawstudiesandlearnedinsteadthetechniquesofmil- itarymapmaking.Confrontedwiththebrutalityofmechanizedwarfareand trench life, he turned to art during his rehabilitation, clean-lined combat cartography giving way to a reckoning with the war's effects on humans andlandscapes.""Hestartedwithpoetry,andcontinuedwithdrawings,""ex- plainedSibylMoholy-Nagy,hissecondwife,documentingthewar-ravaged bodiesofsoldiersaswellas""thetragiclineofbarbedwire""thatmarkedthe front—alinethatmaywellhavebeenbuiltfromhismapsandwascertainly Iamgratefultomany,manypeopleforengagingwiththisresearch;forbrevityIwillonly mentionFelicityScott,ReinholdMartin,ZeynepÇelikAlexander,MabelWilson,Jean-Louis Cohen,BarbaraPenner,andRobinSchuldenfrei.Unlessotherwisenoted,alltranslationsare myown. 1. HattulaMoholy-Nagy,""ChicagoMemories,""20Mar.1995,folder9,BauhausArchiv,Berlin, Germany. FIGURE 1. LászlóMoholy-Nagy,BarbedWireLandscape(1918).Moholy-NagyFoundation, moholy-nagy.org/art-database-detail/91 recordedinthem.2Hewasshotinthehandin1916andspenttheremainder ofhisservice infieldhospitals inItaly.Moholy-Nagy wastreated for what wasthenknownasneurastheniaorshellshock,anafflictionsopoorlyun- derstood that the cures were often worse than the malady, as well as the woundsthatimpairedhisleftthumb(fig.1). ""Is it right to become a painter in times of social revolution?"" Moholy- NagyaskedinanotebookentryfromMay1919,notlongafterhisreturnto Budapest. His answer was in the affirmative. ""I have seen what is needed beyondfood.Ihavefinallylearnedtograspwhatisbiologicalhappinessin itscompletemeaning,""hecontinued.""Icangivelifeasapainter.""3Thiswas in one sense Moholy-Nagy's take on the familiar modernist notion of art 2. SibylMoholy-Nagy,""MemoirstoLaszloMoholy-Nagy,""1966,folder9,BauhausArchiv. 3. QuotedinSibylMoholy-Nagy,Moholy-Nagy:ExperimentinTotality(Cambridge,Mass., 1969),p.12. James Graham is an assistant professor at the California College of the Arts. Hisbookmanuscript,""PsychotechnicalModernism:Design,Vocation,andOccu- pationalTherapy,1914–1945,""chartsthelinksbetweenmoderndesignpedagogy andemergingappliedsciencesaroundpostwarrehabilitation. FIGURE 2. L"	
Greeson 2025.pdf	27	Thomas Hobbes, the Virginia Company, and the Invention of Corporate Sovereignty Jennifer Rae Greeson	2025	2025			58	Acts of|Aspects of|Collection complete|Commons Debates|Dissolution of|Eric Williams|Gardiner|His Three|Hobbes|Leo Strauss|Malcolm|National Literature|Nikole Hannah-|Noel|Noel Malcolm|Privy Council|Publics|Quentin Skinner|Samuel Rawson|Scott|Substance All|The Materiality|Tuck|Wesley|Western Legal|Wilkinson|abbreviated|also|also Brenner|also Hannah|also Jean|also Malcolm|also Theodor|also VC|also Wilkinson|also ibid|ibid|the Earlier|the Virginia|the context|the frontispiece|the scribe's|these documents|this group|this last	0	0	1	1	"Thomas Hobbes, the Virginia Company, and the Invention of Corporate Sovereignty Jennifer Rae Greeson It must be extreme hard to find out the opinions and meanings of those men that are gone from us long ago, and have left us no other signification thereof than their books; which cannot possibly be understood without history enough to discover .. . the diversity of contexture, and of the company wherewith they went. —Hobbes, The Elements of Law: Natural and Politic (1640)1 The great mid-twentieth-century critiques of Enlightenment, generated in response to Nazism, identified early English founders of empiricism and ma terialism as the originators of the epistemological break that had ended in to talitarianism. Seventeenth-century English thinkers had jettisoned classical moral tradition; elevated operation over contemplation; instrumentalized ev erything; and identified an ever-accumulating profit as the sole goal for hu man endeavor. For Theodor Adorno and Max Horkheimer, Francis Bacon's 1620 maxim, ""knowledge and power .. .are really come to the same thing,"" crystallized the concept of Enlightenment.2 For Hannah Arendt, Thomas Hobbes's 1651 pronouncement that ""Reason . . .is nothing but Reckoning (that is, Adding and Substracting)"" emblematized the deep origin of totalitar ianism.3 But why should such a rupture, baking in the dark side of Enlight enment from its very outset, have occurred at that time, in that place, with I'd like to thank Lawrie Balfour, Anna Brickhouse, Paul Kelleher, Jerome J. McGann, Sandhya Shukla, and Penny Von Eschen for their generous attention to this essay. Unless oth erwise noted, all translations are my own. 1. Thomas Hobbes, The Elements of Law: Natural and Politic, ed. Ferdinand Tönnies (Ox ford, 1888), p. 68; hereafter abbreviated EL. 2. Francis Bacon, New Organon, ed. Lisa Jardine and Michael Silverthorne (New York, 2000), p. 24. See also Theodor Adorno and Max Horkheimer, Dialektik der Aufklärung: Philosophische Fragmente (Frankfurt, 1969), p. 10. 3. Hobbes, Leviathan, ed. Richard Tuck (New York, 1996), p. 32; hereafter abbreviated L.See also Hannah Arendt, Origins of Totalitarianism (New York, 1979), p. 139; hereafter abbreviated O. those thinkers? The mid-century critics offered no answer. Even as they rad ically reinterpreted the logics of Bacon's and Hobbes's philosophies, they left the philosophers themselves safely ensconced in an Enlightenment pose: as great men with great minds simply willing themselves to emerge from man's ""self-incurred immaturity.""4 I propose instead that the early seventeenth-century English theories iden tified by Arendt, Adorno, and Horkheimer as so congenial to capitalism in fact emerged out of a new kind of economic practice: plantation.Both Bacon and Hobbes were intimately involved in the business of the Virginia Company of London (VCL), a historically singular formation chartered by King James I in 1606 to undertake the commodity plantation of North America via private enterpri"	
Griffiths 2021.pdf	26	The Ecology of Form fi Devin Grif ths		2021			59	Darwin|Darwins|Deanna Kreisel|HelenCousins|RacialEcologies|the Twenty-First	0	0	2	0	"The Ecology of Form fi Devin Grif ths Two waves impel this essay: the ecocritical turn and formalist theory. What happens when these waves meet, when we read form ecologically? In what follows,I engageformasaninherentfeatureofthewaybothnatural and social systems interact, rather than a property imposed on the world by human perceptionorlanguage. That is,I recognizeform as process and generateanecopoetictheoryofrelationalform. Thisrequiresashift,becauseweusuallythinkofformsasstableproperties ofobjects,ratherthanshiftingsystemsofrelation.SandraMacphersonob- servestheformerinthesharedway""anartist,anengineer,abiologist,alin- guist,aphilosopher""usethenotionofform:allsee""formasnothingmore— andnothingless—thantheshapematter(whetherapoemoratree)takes.""1 This notion of form as shape, as the stable structural features of specific things, works well when we consider objects in their static totality, but it stumbleswhenweconsiderthedynamicprocessesthroughwhichtheyun- fold,whenweask:Howdoesaformtakeform? In their shapely materialism, modern formalisms bear the stamp of an old encounter: the conceptual impact of ancient technologies of material fabrication,chiefly,theuseofphysicalmoldstocastobjects(fig.1).Amold isacontainerwithahollowinteriorintowhichsomeonepoursaliquescent materialthattakesthemold'sshapeandthenhardensintoanobject.Are- usablemoldcancastmanycopiesofthatobject,whetherancientcoins,or IamgratefulforthemanyscholarswhohavehelpedmewiththisessayasIworkedonit, especially,forrunningconversationswithfellowmembersoftheVCologiesworkinggroup,my readinggroupinLosAngeles,andforcommentsthatIreceivedfromZakiyyahImanJackson, NeetuKhanna,SusanZieger,EmilyWilson,AshleyCohen,DevinGarofalo,DavidCoombs, andMichaelTondre,aswellasearlyconversationswithCannonSchmitt.Unlessotherwise noted,alltranslationsaremyown. 1. SandraMacpherson,""ALittleFormalism,""ELH82(Summer2015):389,390. FIGURE 1. ""AncientMoldandModernImpression.""CourtesyoftheOrientalInstitute Museum,UniversityofChicago. later,printingtype.Asacontainerform,thematrixpresentstheclearestin- stanceofformconsideredasashape,instantiatedbyaspecificmaterialob- ject, with an effect dependent on its material properties, and designed for a specificuse. Asatechnology,themoldproducedanewwaytomakethings,butalong- sideothermanufacturingtechnologies,italsofabricatedapowerfulwayto thinkaboutwhatthingsare.Itclarifies,forinstance,thematerialimagina- tioninherentinAristotle'shylomorphictreatmentofform(mοrfήormor- phéinAncientGreek,latertranslatedasformainLatin),withlastingimpact onWesternphilosophy.2Aristotle'sconsistentjumping-offpointistheanal- ogy between natural forms (especially organisms) and human artifacts. In either case, form defines what is essential to a given class of things. In the Metaphysics,heelaboratesapointmadeinthePhysics:theconstructionof 2. Itisunclearifformaisactuallyderivedfrommorphé;ErnestKleinspeculatesacon- nectionthroughEtruscan;seeErnestKlein,AComprehensiveEtymologicalDictionaryofthe EnglishLanguage(Amste"	
Gunning 2022.pdf	8	"' "" Michel Mourlet s On a Misunderstood Art 1959 "" ( ) : Plunging Back into the Screen Tom Gunning"		2022			12	Modernity	0	0	0	0	"' "" Michel Mourlet s On a Misunderstood Art 1959 "" ( ) : Plunging Back into the Screen Tom Gunning JeanLucGodard'sLesMepris(1963)beginswithanextraordinarymis- quotation.Overthefirstimageofthefilm,acameramakingatrackingshot, Godard'svoiceintones,""'Thecinema,'saidAndréBazin,'substitutesforour gazeaworldthatcorrespondstoourdesires.'""Asahostofcriticshavepointed out, Bazin never said this. It was lifted from Michel Mourlet's ""Sur un art ignoré.""1Iwillnotattempttountanglethismisattributionorfixitsmeaning (honestmistake?Orenigmaticcomment?),butIwillattempttoplaceMourlet's fugitiveanduntimelyessayincontextandspeculateonitscurrentrelevance. Theessayisuntimelyinseveralrespects.Asoneofthemostreferencedand quotedessaysinfilmstudies,itwasnever,strangelyenough,translatedinEn- glishoratleastneverpublishedinthatlanguage.Sowhytranslateitnowwhen filmandmediastudiesseemtohavetakenadifferentturnandthenearlyec- staticexperienceoffilmprojectedonabigscreeninadarktheaterbeforea receptivegroupofcinephiles,whichthisessaycelebrates,seemsalmostar- chaeological?Especiallyafteraperiodwheneventhesurvivingdevoteesofon- screencinemahavebeenunabletogatherinamovietheater?Thechangeinthe receptionofcinemaposesonemotivationforpublication,recoveringavanish- ingaspectofmediaculture:devotiontotheprojectedmovingimageasitonce was.Butwearedealingwithmuchmorethannostalgiahere.IbelieveMourlet offersinthisbriefpolemicalessayoneofthemosteloquentdescriptionsof cinemaasauniquelyvisualbutalsofundamentallypopularartformandthe natureoftheaffectsitdeliverstoitsviewers.Mourlet'smanifestocertainly Unlessotherwisenoted,alltranslationsaremyown. 1. SeeMichelMourlet,""OnaMisunderstoodArt(1959),""trans.GilaWalker,CriticalInquiry48 (Spring2022):483–98;hereafterabbreviated""M."" 476 Tom Gunning / Plunging Back into the Screen belongstoitstime,butitalsomountsadefenseofthepowerofthemoviesin amannerthatrecallsnotonlywhatcinemawasbutwhatitmaystillbe. Let'sbeginwithabitofhistory.Mourlet'sessayappearedinCahiersdu CinemaintheSummerof1959.Iwon'tfullyexplicatethecomplexpoliticsof thiscrucialjournaloffilmculture(AntoinedeBaecquehasalreadydoneso indetail),butsomeindicationsareneeded.2Thejournalfirstappearedin1951. Bazinandanumberofcritics(manyofwhomlaterbecamethefilmdirec- torsthatdefinedtheNewWavemovement,primaryamongwhomwasEric Rohmer) formed its editorial board and were frequent authors. The journal championedthedirectorsthatBazinandRohmeradvocated,includingJean Renoir, Roberto Rossellini, Robert Bresson, and Orson Welles—filmmakers whosestylerelatedtoidealsofcinematicrealism.Butasthedecadeofthefifties progressed,thejournalincreasinglypraisedtheworkofHollywoodfilmmakers, whosefilmshadbeenunavailableduringthewaryears.Inkeyessays,Rohmer elevatedAlfredHitchcockandJacquesRivettepromotedHowardHawksto thestatusofmajorartists.FrançoisTruffaut'sconceptofthefilmdirectoras anauteur,appliedinitiallytotheFrenchfilmindustryinhisessay""ACertain TendencyinFrenchFilm,""becamethetermbywhichHollywoodfilmmak- erswerejudgedaswell.3Thisembrac"	
Haines 2025.pdf	23	Naftali Bezem on the Green Line Chelsea Haines		2025			63	PeterBrod	0	1	0	0	"Naftali Bezem on the Green Line Chelsea Haines In April 1957 the otherwise-celebratory annual Dizengoff Prize exhibi- tionattheTelAvivMuseumofArtwaspuncturedbyagrimworkofdeath and despair.1 Made by the thirty-two-year-old artist Naftali Bezem, the painting was downright apocalyptic: its title, In the Courtyard of the Third Temple,evokestheyet-to-be-builtThirdTempleprophesiedbyJewishand Christianeschatology(fig.1).Itwastheartist's""'HebrewGuernica,'""avis- ceral response to a horrific event that was still fresh in the minds of the Israeli public: the massacre of forty-nine Palestinian citizens of Israel on 29 October 1956 by border police in Kafr Qasim, a town situated approx- imately one kilometer from the 1949 Armistice boundary between Israel andJordan,knowninternationallyastheGreenLine.2Designedasastudy foramuralthatwasneverrealized,therelativelymodestsize(twenty-seven bythirty-nineinches)andmaterialsofthegouacheoncardboardpainting belieditsmonumentalaspirationstobebothamemorialtothevictimsand atestamenttothehorrorsofstateviolence. Bezem'spaintingcentersonthreeadultwomenkneelingontheground who are begging for their lives. Their outstretched, unnaturally elongated Unlessotherwisenoted,alltranslationsaremyown. 1. Theexhibitionopenedon26April1957,withaceremonywiththefirstladyofIsrael, RachelBenZvi.SeeDizengoffPrizeoftheTelAvivmunicipality,1938–1965folder,TelAviv MuseumofArtArchives,TelAviv,Israel. 2. GideonOfrat,OneHundredYearsofArtinIsrael,trans.PeretzKidron(Boulder,Colo., 1998),p.127.Intotal,nineteenmen,sixwomen,tenteenageboys(agesfourteentoseventeen), sixgirls(agestwelvetofifteen),andsevenyoungboys(ageseighttothirteen)werekilledin nineseparateshootings.WhileIsraelisourcesrecordthedeathtollasforty-eight,otherscount thedeadatforty-nine,includingthefetusofamurderedpregnantwoman.SeeDovLieber, ""60YearsoninKafrQasim,AMassacre'StillBleeds,'""TimesofIsrael,1Nov.2016,www .timesofisrael.com/60-years-on-in-kafr-kassem-a-massacre-still-bleeds/.SeealsoHowardM. Sachar,AHistoryofIsrael:FromtheRiseofZionismtoOurTime(NewYork,1982),p.536. FIGURE 1. NaftaliBezem,IntheCourtyardoftheThirdTemple(1957).Gouacheoncard- board(27×39in.).CourtesyoftheTelAvivMuseumofArt.PhotobyAvrahamHai. armssignal astartled panic andsurrender. Bezem has paid meticulous at- tention to their oversized open palms, their guileless gestures emphasized bythecarefullytracedpencillinesthatdelineatethecreasesoftheirhands and fingers. Set against a bleak grey-blue sky, the women dominate the composition. The action of the painting moves from left to right: at left, a woman's contorted body is falling to the ground, arrested in midair. Her armsaresplayed,andhereyesareclosed.Herexpressionlessfaceandtum- bling hair are sketched out in a few sharp lines, contrasting with the hazy whiteness of her body as she exits the realm of the living. The other two women are terrified but still alive for the moment, their pleading gazes slightly askew, presumably directed to their murderers situated just out- side t"	
Halperin 2019.pdf	24	Queer Love David M. Halperin		2019			27	Ethics	0	1	0	0	"Queer Love David M. Halperin Queertheoryhashadsomethingtosayaboutsex,butuntilrecentlyit hashadalmostnothingtosayaboutlove.1Lovehasseemedtoointimately boundupwithinstitutionsanddiscoursesofthe""normal,""toodeeplyem- beddedinstandardnarrativesofromance,tobeavailablefor""queering."" Whereas sex, as queers know very well, is easy to stigmatize (or to cele- brate)as kinky, transgressive, orperverse, love istypically represented as lyingattheheartofnormallife,thoroughlyathomeinconventionalsocial structures such as marriage and the nuclear family. Indeed, one of love's mostimportantsocialfunctionsnowadaysistopromotetheacceptability ofcustomaryformsofpersonallifebyendowingthemwithaffectivevalue andimbuingthemwithalookandfeelofintrinsicnormality.2 MythankstoLaurenceGoldstein,LindaGregerson,MyraJehlen,ArleneKeizer,Daniele Lorenzini,RafaelOmarPerezParnas,MeredithReiches,andDamonYoungforgeneralinspi- rationandspecifichelpwiththisessay.TheessayisdedicatedtoArnoldDavidson.Unless otherwisenotedalltranslationsaremyown. 1. CompareLaurenBerlant:""Queertheoryhastalkedmuchaboutsexualityanddesire,but whenitcomestolove,allsortsofhavocdoesn'tbreakout""(LaurenBerlant,""Love,AQueer Feeling,""inHomosexualityandPsychoanalysis,ed.TimDeanandChristopherLane[Chicago, 2001],p.437;hereafterabbreviated""L"").Partsofthepresentessaydrawonmaterialcreatedin collaborationwithDamonR.Youngforacoauthoredbookprojectonqueerlove,andIam gratefultohimforpermissiontousethatmaterial;seeDamonR.Young,""TheLivingEnd,or LovewithoutaFuture,""inQueerLoveinFilmandTelevision:CriticalEssays,ed.Pamela DemoryandChristopherPullen(NewYork,2013),pp.13–22(theopeningparagraphsof Young'sessayexpandonBerlant'spropositioninlanguagethatIhaveborrowedhere)and ""QueerLove,""inGender:Love,ed.JenniferC.Nash(NewYork,2017),197–210;seealso""Queer Bonds,""aspecialissueofGLQ17,nos.2–3(2011).Otherrecentcontributorstothesubjectarea includeElizabethPovinelli,MichaelWarner,andthemanyscholarsworkinginthefieldofearly modernandmodernfriendshipstudies. 2. CompareBerlant,onceagain: Sinceitistheligamentofpatriotismandthefamily,lovedefinesgovernmentalityin itsatomicform,asamechanismofinternalmonitoringthroughwhichthesubjectre- Preciselybecauselovehassooftenservedtoconsecratethekindsofso- cialrelationsthatarealreadyapprovedandadmired,ithasposedapersis- tentproblemforqueers.Queershavenothadaccesstolove,eitherasarep- resentationorasaformoflife.Or,rather,theyhavehadaccesstoitonly at theexpense oftheir own queerness; love has offered anescape—often desired,sometimesdespised—fromtheabnormalityofbeingqueer.Where the happy couple advances, deviance retreats. The recent emergence of same-sex marriage has merely compounded this situation. Marriage may seemtoofferqueersanentirelylegitimate,ready-madevehicleforexpress- ingandformalizing theirlove,but it doessobydenying everythingabout theirlovethatisqueer,anditsmisplacedtalkof""husbands""and""wives""ac- tuallyhighlightsthedegreetowhichexistingsocialformsdonotfitthespec- ificitiesoflesbianandgaymalelove.(Lovebetweenm"	
Halpern 2022.pdf	26	The Future Will Not Be Calculated: Neural Nets, Neoliberalism, and Reactionary Politics Orit Halpern		2022			54	Ericksonetal|sociology and	1	0	0	1	"The Future Will Not Be Calculated: Neural Nets, Neoliberalism, and Reactionary Politics Orit Halpern In1945,theeconomistFriedrichHayekbeganhisbattleonbehalfofneo- liberalismwithacalltorethinkknowledge.Inanessaythatloomslargeover thehistoryofcontemporaryconservativeandlibertarianeconomicthought, Hayekinauguratedanewconceptofthemarket: The peculiar character of the problem of a rational economic order is determined precisely by the fact that the knowledge of the circum- stances of which we must make use never exists in concentrated or integrated form, but solely as the dispersed bits of incomplete and frequently contradictory knowledge which all the separate individuals possess. The economic problem of society is thus not merely a prob- lemofhowtoallocate""given""resources—if""given""istakentomeangiven toasinglemindwhichdeliberatelysolvestheproblemsetbythese""data.""It isratheraproblemofhowtosecurethebestuseofresourcesknownto anyofthemembersofsociety,forendswhoserelativeimportanceonly theseindividualsknow.Or,toputitbriefly,itisaproblemoftheutiliza- tionofknowledgenotgiventoanyoneinitstotality.1 Thiswasnosmallclaim.WhensituatedwithinthebroadercontextofHayek's engagements with the sciences and technologies of the time, this seemingly IwanttothankthegenerouscommentsandeditorialassistanceoftheCriticalInquiry board,PatrickJagoda,HankScotch,LeifWeatherby,andJeffreyKirkland.Thisarticleisgreatly indebtedtomyworkwithRobertMitchellwhohelpeddevelopmanyoftheseideas.Thisre- searchissupportedbytheSwissNationalScienceFoundation,SinergiaGrant,Governing throughDesign. 1. FriedrichHayek,""TheUseofKnowledgeinSociety,""AmericanEconomicReview35(Sept. 1945):519–20;myemphasis;hereafterabbreviated""UK."" Correction:Thisarticlewasrepostedon21December2021tochange""supported""to""didn'tsupport""inthesentence,""Forneoliberals,the conspiratorialandparanoicstyleofpopulistdemocraticpolitics,associatedwithfascismandcommunism,didn'tsupport'free'markets."" theoreticalstatementgesturestoagrandaspiration:aferventdreamforanew worldgovernedby""data.""AttheheartofHayek'sconceptionofamarketwas theideathatnosinglesubject,mind,orcentralauthorityhascompleteknowl- edgeoftheworld.Hearguedthat""the'data'fromwhichtheeconomiccal- culusstartsare never forthe whole society 'given' toa single mind. ..and canneverbesogiven""(""UK,""p.519).Onlymarketscanlearnatscaleandsuit- ablyevolvetocoordinatedispersedresourcesandinformationinthebestway possible. Suchproposalsmightappearatfirstasunintuitiveresponsestopolitical catastrophe.Hayekwasafiercecriticofbothfascismandcommunism.His argumentconcerningtheusesofknowledgewasindirectresponsetowhat he viewed as a violent political crisis created by democratic populism. His response,unlikethatofmanyotherculturalcriticsofthetime,wasnot,how- ever,tobufferthesupportforareasonableliberalhumansubjectbutratherto imagine the replacement of human reason through distributed intelligence andthetechnologyofthemarket. Thisemergingneoliberalimaginarydidnotoperateinisolation.Ashis- toriansofscienceh"	
Halpern et al 2022.pdf	14	Surplus Data: An Introduction Orit Halpern, Patrick Jagoda, Jeffrey West Kirkwood, and Leif Weatherby		2022			27	MartinHeidegger	0	0	0	0	"Surplus Data: An Introduction Orit Halpern, Patrick Jagoda, Jeffrey West Kirkwood, and Leif Weatherby Itisnolongerenoughtosaythatdataisbig.Dataisnowinastateofsur- plus.Aswehaveprogressedfromthemegabytetotheterabyte,thepetabyte, andnowin2022debatablytothezettabyteera—allwithinthespanofamere twodecades—wehavewitnessedaquantitativeincreasemanifestingitselfasa qualitativechange.Inawell-known2008provocation,theeditorinchiefof Wired, Chris Anderson, announced that the ability to produce and analyze enormousdatasetsusingartificialintelligence(AI)wasrenderingthebedrock ofhumanknowledgesystems—thescientificmethoditself—obsolete.Forthe firsttimeinhistory,correlationbegantosupersedecausationandsciencead- vanced""withoutcoherentmodels,unifiedtheories,orreallyanymechanistic explanation at all.""1 It supposedly spelled the end of theory. But theory has fakeditsowndeathmanytimes.2 Wecallattentiontothismuch-citedendtohighlightthatsuchstatements harbortracesofahistoricalchangeingovernmentality,epistemology,andpo- liticaleconomy.Theygesturetowardevolutionarychangesintherelationships betweenthenatureofdataandthegovernanceofpopulationsinourpresent. 1. ChrisAnderson,""TheEndofTheory:TheDataDelugeMakestheScientificMethod Obsolete,""Wired,23June2008,www.wired.com/2008/06/pb-theory/ 2. Thechargethattheoryisoverhasbeenmadefrequently,oftenwiththeobjectiveofreplacing itwithsomeputativescience,asintherecentcaseofthedigitalhumanities.Butthiscyclehasa muchlongerhistory.StartingwithFriedrichNietzsche,philosophyhasrepeatedlyasserteditsown death,perhapsmostemphaticallyinMartinHeidegger'sownreadingofNietzscheinthe1930s;see MartinHeidegger,TheEndofPhilosophy,trans.JoanStambaugh(Chicago,2003).Deconstruction figureditselfinthemarginsofthatdeathandthenalsoappearedtodie;seeJeffreyWilliams,""The DeathofDeconstruction,theEndofTheory,andOtherOminousRumors,""Narrative4(Jan. 1996):17–35.Beyondcriticaltheory,therearealsootherkindsofannouncementsoftheory'send; see,forexample,VictorBurgin,TheEndofArtTheory:CriticismandPostmodernity(London,1986). Astheseexamplessuggest,theoryisasunlikelytoendashistory. 198 Orit Halpern et al. / Introduction Anderson'sprovocationimplies,whetherheintendsitornot,thatweliveina worldofnoncausalrelations,inductivereasoning,incoherence,andmultiple truths(orfakes).Wecallthiscondition,inwhichdatanolongerservesjustas anabstractionfromthe""real""worldbutratheralsoasdescriptionandmate- rialagent,notbigbutsurplusdata. Thepassagefrombigtosurplushasproducedsurprisingeffects.Ourcon- temporarymomentmarksanewepistemeinthehistoriesofdatacollection andthemanagementofpopulationsthatrelyon""assemblagesofdatalayers andpotentials,densitiesandprobabilitiesthatareneverlinear,causal,orin- evitable.""3Whiletherearemanyhistoriesofbigdata,wehighlightforour purposes a genealogy that beginsin the latenineteenth century when data became the preserve of entities that included the US Census Bureau and theHollerithtabulatingmachine.Bytheendofthetwentiethcentury,this largelystate-controlledworldexpandedint"	
Handelman 2022.pdf	27	fi Arti cial Antisemitism: Critical Theory fi in the Age of Data cation Matthew Handelman	2019	2022			61	Kelleher	1	0	1	0	"fi Arti cial Antisemitism: Critical Theory fi in the Age of Data cation Matthew Handelman Introduction Oneofthefirstthingsthatanartificialintelligencechatbotcanlearnon theinternetistodenytheHolocaust.InMarch2016,developersatMicro- soft released on Twitter a neural-network chatbot—software designed to interact with and learn from human users, like Amazon's Alexa—named @TayandYou, ""targeted,"" they explained, ""at 18 to 24 year-olds in the U.S.""1 An experiment in ""deep learning"" algorithms trained on user-provided text, Tayworkedundertheprinciplethat""themoreyouchatwithTaythesmarter she gets, so the experience can be more personalized for you"" (""MT"").2 Unlessotherwisenoted,alltranslationsaremyown. 1. Microsoft,""MeetTay-MicrosoftA.I.ChatbotwithZeroChill,""Tay,www.tay.ai/(site discontinued);hereafterabbreviated""MT.""IwillusethepronounittorefertoTay,soasnot toplayintothegenderingofchatbotsanddigitalassistantsasfemaleandthepoliticsofdominance andsubserviencethisgenderingimplies.Onthepredominanceofdigitalassistantswithfemi- ninenames,seeAdrienneLaFrance,""WhyDoSoManyDigitalAssistantsHaveFeminine Names?""TheAtlantic,30Mar.2016,www.theatlantic.com/technology/archive/2016/03/why-do -so-many-digital-assistants-have-feminine-names/475884/.Computation,asWendyChunshows, isbasedonthegenderingofcommands;seeWendyHuiKyongChun,""OnSoftware,orthe PersistenceofVisualKnowledge,""GreyRoom18(Winter2005):33–37.Onotheraspectsofthe attack,suchascorporateresponsibility,notdiscussedhere,seeSaraSuárez-Gonzalo,Lluís Mas-Manchón,andFredericGuerrero-Solé,""TayIsYou:TheAttributionofResponsibilityin theAlgorithmicCulture,""Observatorio13,no.2(2019):1–14;AriSchlesinger,KentonP.O'Hara, andAlexS.Taylor,""Let'sTalkAboutRace:Identity,Chatbots,andAI,""Proceedingsofthe2018 CHIConferenceonHumanFactorsinComputingSystems(Apr.2018):1–14;andMartyWolf,Keith Miller,andFrancesGrodzinsky,""WhyWeShouldHaveSeenThatComing:Commentson Microsoft'sTay'Experiment,'andWiderImplications,""ACMSIGCASComputersandSociety47, no.3(2017):54–64. 2. Artificialintelligencethatusesalgorithmstolearnfromdataiscalled,ingeneral,ma- chinelearning.Deeplearningisatypeofmachinelearningstructuredaroundartificialneural networks;here,depthreferstothemultiplelayersofthenetwork.SeeYannLeCun,Yoshua Bengio,andGeoffreyHinton,""DeepLearning,""Nature521,no.7553(2015):436–44. Within hours, however, Microsoft pulled the chatbot after users, so-called trolls,fromthemessageboards4chanand8chanpooledtheirstrengthtoat- tackTay,hopingtoteachit,asoneposteron8chan's""/pol/-PoliticallyIn- correct""channelwrote,some""basichistory.""3Atfirst,Tayparrotedorsimply affirmed the attackers' racist and conspiracy theory-laden provocations, re- peating""Bushdid9/11""andreferringtoPresidentObamawitharacialslur.4 TheincidenttookonadifferentdimensionwhenTaystartedmakingitsown connectionsandassociations:whenasked""Didtheholocausthappen?""Tay responded that ""it was made up,"" followed by the emoji of clapping hands (fig. 1).5 Learning from the hate speech fed to it by the attackers, Ta"	
Harcourt 2021.pdf	5	On Cooperationism: An End to the Economic Plague Bernard E. Harcourt	2020	2021			12		0	0	0	0	"On Cooperationism: An End to the Economic Plague Bernard E. Harcourt 5 May 2020 OverthirtymillionAmericansjustfiledfirst-timeunemploymentclaims asaresultoftheeconomicdevastationcausedbythecoronaviruspandemic, pushingunemploymenttoitshighestlevelssincetheGreatDepression.1De- spite that, the US stock markets recorded in April their best month since 1987;afteraninitialshock,themarketsralliedsteadily,risingover30percent sincetheirlowsinlateMarch.2Mosteconomists soundedpuzzledandof- feredfancifuldailyexplanations.3EvenPaulKrugmanhadlittletosay,sug- gestingthat""Investorsarebuyingstocksinpartbecausetheyhavenowhere elsetogo.""4 Butit'snowonderthemarketsdefiedtheeconomiccrash.Forthemar- kets,thereisnothinglikeagoodcrisiswhentherightpeopleareinpower. Philip Mirowski wrote tellingly about this during the last debacle—the fi- nancial meltdown of 2008—under the moniker ""Never let a serious crisis gotowaste.""5 Now, too,the Faustian logic astowhyinstitutional investors just put their bets on the market should not escape us. 1. AversionofthispostappearsinFrenchonAOC;seeBernardE.Harcourt's""Le coopérationismeoucommentenfiniraveccettepesteéconomique,""AOC,20May2020, aoc.media/analyse/2020/05/11/marches-et-pandemie/ 2. See""U.S.StocksHaveTheirBestMonthSince1987,""NewYorkTimes,30Apr.2020, www.nytimes.com/2020/04/30/business/stock-market-today-coronavirus.html#link-23f83d60 3. SeeNeilIrwin,""EverythingIsAwful.SoWhyIstheStockMarketBooming?""NewYork Times,10Apr.2020,www.nytimes.com/2020/04/10/upshot/virus-stock-market-booming.html 4. PaulKrugman,""CrashingEconomy,RisingStocks:What'sGoingOn?""NewYork Times,30Apr.2020,www.nytimes.com/2020/04/30/opinion/economy-stock-market-coronavirus.html 5. SeePhilipMirowski,NeverLetaSeriousCrisisGotoWaste:HowNeoliberalismSurvived theFinancialMeltdown(Brooklyn,N.Y.,2014). First, Donald Trump and the Republican senators have made it crystal clear that they have the backs of the large-cap corporations no matter how badthingsget.6By strengthening the largest corporations now,the bailouts willhelpthemweedouttheirsmallercompetitorsandfacilitatemonopolistic practiceslater.Afterthepandemic,thelarge-capcorporationswillbepoised to reap extractive profits, while most small businesses and mom-and-pop storeswillbeoutofbusiness. Second,thesunsetprovisionsonthebailoutrestrictionswillallowshare- holders and managers to enrich themselves when an economic recovery eventually happens, again without ever needing to build reserves because theyknowthey'llbebailedoutnexttimeaswell.AsTimWudetails,these recurringbailoutshaveallowedwealthymanagerstopillageingoodtimes— through stock buybacks and exorbitant executive pay—and get rescued in bad times.7 This too enhances market value while extracting capital for thewealthy. Third,Trumphassappedanymomentumtowarduniversalhealthcare bypromisingfinancialexceptionsforcoronavirus-relatedhealthcarecosts. TheseCOVID-19carveoutswillprotecttheRepublicansfrombacklashin theNovember2020elections.Afterit'sallover,thelessfortunatewillcon"	
Hayles 2019.pdf	24	Can Computers Create Meanings? A Cyber/Bio/Semiotic Perspective N. Katherine Hayles		2019			30	Evolution|HumbertR	1	0	0	0	"Can Computers Create Meanings? A Cyber/Bio/Semiotic Perspective N. Katherine Hayles Biologicalevolution,havingproceededforafewmillionyearsandpro- ducedhumans,hasnowenteredanewstage.Iadaptausefulphrasefrom TerrenceDeacon,""complexitycatastrophe,""todenotethelimitsofhuman biologicalcognitioninwhichfurtherincreasesincapacityareconstrained bytheneuronalsystem'sprocessingspeedandmemorystorage.1Thesolu- tionhasbeentoinventcomputationalmediatoextendandamplifyhuman abilities. The result is biotechnoevolution, a hybrid process in which in- formation,interpretations,and meaningscirculate throughflexibleinter- active human-computational collectivities or, in my terminology, cogni- tiveassemblages. Ourunderstandingofhowcognitiveassemblagesworkhasbeenimpeded by views of computational media that position them as mere calculators withouttheabilitytocreate,disseminate,orparticipateinmeaning-making activities.Thisview,widelysharedamongphilosophersandevensomecom- puterscientists,isundergirdedbyquestionableassumptionsthatmakehu- mansthesolepossessorsofagency,value,andcognition.Inadditiontore- inforcingaworldviewinwhichhumanshavesoledominionovertheearth, this perspective badly distorts the actual effects of cognitive assemblages indevelopedsocietiesandobscuresthewaysinwhichbiotechnoevolution presentsuswithurgentissuesaboutourcollectivefutures,humanandnon- human.Articulatingabetterframeworkthroughwhichtounderstandcog- nitiveassemblagesisthisessay'swork. 1. TerrenceW.Deacon,IncompleteNature:HowMindEmergedfromMatter(NewYork, 2012),p.473;hereafterabbreviatedIN. To make the case for computer cognition, it is necessary first to trace thedynamictransitionsthatenabledhumanstobecomecognitive;thisin turnrequiresabriefaccountofhowlifearosefromnonlife.Althoughsuch movesmayseemtoriskinfiniteregress,theyareusefulbecausetheylocate the central question of computer cognition within the larger and older contextofbiologicalevolution.Inbroadscope,thefirstevolutionaryleap bootstrappedcomplexityfromsimplermechanisticreactions;thesecond emerged from the first, bootstrapping meaning-making practices from complexity; the third emerged from the second, bootstrapping artificial cognitionfrombiologicallyderivedsignsandmeanings. Two explanatory strategies will be used to trace these developments. ThefirstIcallintermediation,introducedinMyMotherWasaComputer (2005).2Thebasicideaisthatemergenceproceedsthroughapatternthat repeats at multiple scale levels. To emphasize continuities between bio- logicalandcomputationalcognition,Icalleachleveloforganizationmedia; intermediation, on the other hand, refers to interactions between levels, bothhighertolowerandlowertohigher.Forexample,alowlevelofdy- namicalorganization,saysubatomicparticles,formsquasi-stablepatterns capturedbythenextlevelupthroughtheformationofnewentities,atoms. Atomsinturnformquasi-stablepatternswhosedynamicsarecapturedby higher-levelentities,molecules;moleculesinturnformpatternscaptured byproteins,andsoforth.Thechangeofmediainintermediatio"	
Hayles 2021.pdf	5	Novel Corona: Posthuman Virus N. Katherine Hayles	2020	2021			1		1	0	2	1	"Novel Corona: Posthuman Virus N. Katherine Hayles 17 April 2020 The novel coronavirus is posthuman in at least two senses. First, and most obviously, because it is oblivious to human intentions, desires, and motives.IntheUS,thishasledtothespectacle,refreshingdespitethevirus's appallingtollonhumanlives,ofpoliticiansunabletospin""alternativefacts"" beyondacertainpoint—thepointmarkedbybodiespilingupinmorgues. Asmanyhaveobserved,thevirusdoesnotdistinguishbetweenDemocrats andRepublicans,liberalsandconservatives,ChristiansandJews,Evangeli- calsandMuslims.InacountryasdeeplypartisanastheUS,thishasopened new possibilities for dialogue. Canny governors, for example Gavin New- somofCalifornia,arerealizingtheadvantagesofputtingpoliciesaheadof politics, abstaining from criticism of Donald Trump even when deserved. TheUSCongresshascometogetherwithremarkablespeedtopassstimulus legislation, and even Trump has had to tone down his early claims of the virus as a ""Democratic hoax"" into a more fact-based approach (although neverwithoutsomepropaganda). The second sense is more technical, although not difficult to grasp. In evolutionary terms, humans and viruses have adopted diametrically op- posedstrategies.Humanshaveachieveddominancewithintheirevolution- ary niche by evolving toward increased cognitive complexity, developing languagewithassociatedchangesinbrainandbody,evolvingelaborateso- cialstructures,and,inveryrecenthumanhistory,augmentingtheircapacities with advanced technical devices, including artificial intelligence. Viruses, bycontrast, haveevolved toward increased simplicity. Viruses replicateby hijacking a cell's machinery and using it to proliferate, which allows them tohaveamuchsmallergenomethanthecellitself,acharacteristicfavoring rapidreplication. In broad scope, then, these two strategies appear completely opposed. However, recent research is painting a more complex picture. As Annu Dahiyaargues,theideathatvirusescannotreplicatewithoutcells(because theyusethecell'smachinerytoturnoutcopiesofthemselves)isnowbeing questioned.1SherecountsaseriesofexperimentsbySolSpiegelman'slabat the University of Illinois Champaign-Urbana in the early 1970s that show this with elegant simplicity. After demonstrating that viral RNA could in- deedself-replicate,albeitinvitroratherthaninvivo,Spiegelmancombined inatesttubeviralQßphageRNA,theenzymeRNAreplicaseandsalts.After viralreplication, hethendilutedthesolutionmultiple times bydiscarding mostofthetestmediumandaddingmoremediumenrichedwithRNArep- licase and nutrients. This was equivalent to creating an environment in which, touse ahumananalogy, 90percent ofthe population diesand the remainderspreadsoutoverthepreviouslycrowdedterrain,then90percent of them die, and so on. This creates an intense selective pressure favoring thoseentitiesthatcanreplicatethefastest.AsDahiyasummarizes,""themost successful replicating viral RNAs successively shortened their sequences througheachserialtransfer.Thisresultedinthemlosingalmostallgenetic"	
Hayles 2021b.pdf	11	Microbiomimesis: Bacteria, Our Cognitive Collaborators N. Katherine Hayles					18		2	1	0	0	"Microbiomimesis: Bacteria, Our Cognitive Collaborators N. Katherine Hayles Throughoutthemillennial-longhistoryofthemimesisconcept—andnot- withstandingallitsvariationsinmeanings,applications,andexamples—one generalizationholdstrue:mimesishasalmostalwaysbeenappliedtohuman artforms.1However,ifnonhumanorganismscanengageinmeaning-making practices,asbiosemioticianshaveconvincinglydeclared,thenitmaybeuseful toconsiderwhatmimesismaysignifyinthenonhumanrealm.RecentlyIsug- gestedaframeworkinwhichsuchissuesmay beconsidered.InUnthought: ThePoweroftheCognitiveNonconscious(2017),Iarguedthatcognitionshould beunderstoodasaprocessthatextendsbeyondhumans,beyondevenmam- mals,toallbiologicallifeformsaswellascomputationalsystems;Idefinedit as ""a process that interprets information within contexts that connect it with meaning.""2Thisdefinitionopensawide-rangingreconsiderationofnonhu- manmimeticpractices. 1. TheclassictreatmentofmimesisisofcourseErichAuerbach'smagisterialMimesis:The RepresentationofRealityinWesternLiterature,trans.WillardR.Trask(Princeton,N.J.,1953), whichestablishedthetraditionofcontextualizingmimeticstrategiesintermsoftheirrelation tocontemporarysocial,economic,andintellectualconditions.Itthusreinforcesthehuman- centricfocusofmimesis.NotableexceptionstothisfocusarethemimetictheoriesofRoger Caillois.Intwoearlyessayspublishedin1934–35intheSurrealistjournalMinotaure,Caillois displacedtheactofmimesisfromhumanstoinsects;seeRogerCaillois,""ThePrayingMantis: FromBiologytoPsychoanalysis""and""MimicryandLegendaryPsychasthenia,""inTheEdgeof Surrealism:ARogerCailloisReader,trans.ClaudineFrankandCamilleNaish,ed.Frank(Dur- ham,N.C.,2003),pp.66–81,89–103.Theseessaysexhibitedhisinterestinnonhumanformsof creativity,whichhesawasfreeingcreativeactsfromrationalthoughtandagency.Iamgrateful toBillBrownforcallingmyattentiontotheCailloisreferences. 2. N.KatherineHayles,Unthought:ThePoweroftheCognitiveNonconscious(Chicago,2017), p.22. 778 N. Katherine Hayles / Microbiomimesis Mimesishaslongbeenunderstoodnotasmerecopyingbutasselectiverep- resentation of aspects of nature; selection and recontextualization incorpo- rateintotheconceptthescentoftheartist,thewhiffofcreativitythatmakesa mimeticre-creationdifferentfromtheoriginal.3Moreover,sinceAristotle, mimesishasalsobeenassociatedwithbothdistanceandempathy,theformer catalyzingandempoweringthelatterasviewers,partiallyinsulatedfromper- sonalthreatsbythedifferences,areenabledtorecognizesimilaritiesbetween themselves and re-presented others, thus facilitating identification and ca- tharsis. How might the dynamics characteristic of mimesis change when the organisms are nonhuman? How are the borders between copying and re-presentingnegotiatedwhenthemediaarenotartformsbutorganismic responses? What purposes would mimetic processes serve and what func- tionswouldtheyenableiftheorganismsengagingthemwerenotconscious? Whatifthestakesinmimeticre-creationarenotonlyanindividual'sfatebut thecollectiveandperhapseventhespecies? Thisessayexploresthese"	
Henderson 2024.pdf	25	Victorian Equations Andrea Kelly Henderson		2024			56	Armadale|GeoffMann|aPreliminaryandElementaryEssayonAlgebraastheScienceofPureTime	1	0	0	0	"Victorian Equations Andrea Kelly Henderson Oursisacultureinwhichthefigureoftheequationisubiquitous:wespeak ofthingsbeingononesideoftheequation,wetakeconsiderationsoutofthe equation, and we use metaphors that run the gamut from the Middle East equation to ""the happiness equation.""1 So familiar has the concept become thatitishardtoimagineatimewhenthinkingthroughequationswasnotsec- ondnature.Butif""twycetwooarefoure""isaproverbialstatementofself- evidenttruth,theequationalforminwhichwerecognizeittoday—2+2=4— isaproductoftheearlymodernperiod:theequalsignwasfirstusedbyRobert Recordein1557andwouldonlygraduallycometobeadoptedoverthenext twocenturies.2Asconvenientasthesigniswhenwritingthesumoftwoand two,mathematicshadbeenpursuedwithoutitformillennia.Recordehimself doesnotfeelaneedforitinhisgeneralarithmetic,TheGroundofArtes(1543); itisonlyinhislaterWhetstoneofWitte(1557),analgebratext,thatheproposes usingashorthandsymbolforthephrase""isequalto.""3Thisisbecausealgebra involvesmorethanarithmeticcalculation:asRecordeputsit,""AlgebersRule"" is""theruleofequation""(WW,p.[220]).Itfunctionslikeabalancescale:an equationwillremaininbalanceaslongasanyoperationperformedonone sideisperformedontheother.4Thestatementofequality,likethefulcrum 1. SeeNeilPasricha,TheHappinessEquation:WantNothing+DoAnything=HaveEvery- thing(NewYork,2016).Onthecoverasmileyfaceiconrollsonabalancescaleforwhichthe fulcrumistheletterAinthewordEquation.Themetaphoricaluseoftheequationisparticu- larlycommonindiscussionsofinternationalrelations. 2. ""TwoandTwoMakeFour,""TheOxfordDictionaryofEnglishProverbs,ed.F.P.Wilson (Oxford,1970),p.849. 3. RobertRecorde,TheWhetstoneofWitte,whichIstheSecondeParteofArithmetike: ContainyngtheExtractionofRoots:TheCoßikePractise,withtheRuleofEquation:Andthe WoorkesofSurdeNombers(London,1557),p.[222];hereafterabbreviatedWW. 4. TheArabworksthatservedastheoriginofalgebramadeuseofthisprinciplewithout formalizingitbywayofnotation;seeJosephMazur,EnlighteningSymbols:AShortHistoryof on a scale, is thus central to the procedure, and Recorde explains that ""to avoidethetediouserepetitionofthesewoordes:isequalleto:IwillsetteasI doeofteninwoorkeuse,apaireofparalleles,orGemowelinesofonelengthe, thus:=,bicausenoe.2.thynges,canbemoareequalle""(WW,p.[222]).This notation, alongwithother symbols ofoperation,would ultimatelyfacilitate thefurtherdevelopmentofalgebrabymakingitsabstractformalproperties moreapparent.5Itistelling,however,thatatitsbirthRecordefeltaneedto givehissymbolageometrical,verisimilarreferent:linesofequallengthand angle relative to the text (fig. 1). Over time, Recorde's long lines would be shortened,andtheirmimeticcharacterwouldbeforgotten.Thehistoryof this simple symbol embodies, in fact, an essential feature of the equation: it is linked to an abstraction that has, over time, become so naturalized as to be invisible.But the ostensibly simple act of equating unlike things was infactanachievementmanycenturiesinthemaking,onethatwouldulti- mately redefine European mathematical e"	
Heyes 2023.pdf	20	Reading Advice to Parents about ' Children s Sleep: The Political Psychology of a Self-Help Genre Cressida J. Heyes		2023			32	Edge	0	0	0	0	"Reading Advice to Parents about ' Children s Sleep: The Political Psychology of a Self-Help Genre Cressida J. Heyes Thegenreofparentingadvicebooksthatfocusonchildren'ssleepmight seem like a strange archive for a feminist philosopher. Like many of us, I started reading thembecause I had ababywho didn't sleep well,and I was exhausted. This was years ago, and even in 2009 I was astonished by how manytherewereandhowmuchinformationandadvicetheyoffered,while at the same time the differences between them in terms of concrete advice werehardtodiscern.Theiroverallimpressionwasofacrowdofvoiceswhose tonevariedfromchidingtosympathetic—allintentonjustifyingtheirown publication, trying to create a market niche by rearranging basic informa- tion and simple advice. Looking back, I realize too that acute sleep depri- vationhaddestroyedmeasweknowitdoestorturevictims:extremefatigue isroutinelyaccompaniedbyemotionallability,memorylossandothercog- nitiveimpairments,depression,anxiety,andevensuicidalideation(aswell asdamagetophysicalhealth).1Isimplycouldn'tunderstand,letaloneapply, what the books were telling me, decide which one offered the better path, or grasp that I needed to take decisive action—even at the expense of my job,mypartner,ormychild—togetmorerest. Thisexperiencewasinsomewaysquitetypical.Manypeople'sfirstexpe- rienceofacuteanduncontrollablesleepdeprivationoccurswhilecaringfora newbaby,andthisworkfallsoverwhelminglyonmothers(especially,butcer- tainlynotonly,iftheyarebreastfeeding).Giventhelimitsofmaternityleave policiesandwomen'soverrepresentationinpart-time,shift,andprecarious 1. SeeMatthewWalker,WhyWeSleep:UnlockingthePowerofSleepandDreams(New York,2017),pp.305–8. 146 Cressida J. Heyes / Reading Advice to Parents about Children's Sleep employment, women must often combine intense sleep deprivation with workoutsidethehomeonsomeoneelse'sschedule.Theyarealsomorelikely tohavetomeetthetemporalneedsofotherfamilymembers:theolderchild who goes to gymnastics class, the husband who wants dinner at a regular time, or the aging parent who has to be taken to the doctor.2 ""Sleep when thebabysleeps""iscommonadvicefornewmothers,operatingonthefalse assumptionsthatbabiessleepinwaysthatadultswithanestablishedcirca- dian rhythm can instantly emulate and that the mother's only imperatives areto allow herbaby tosleep whenever they wantandthen tocopy them. Thechallengeunderthesecircumstancesquicklybecomeshowtomodulate thebaby'ssleeptoaccommodatethemother'schronobiologicalsleepneeds aswellastheexogenousdemandsonhertime. Furthermore, as various commentators have pointed out, ""parenting"" has become an activity freighted with anxiety, requiring expert knowledge andskillandallegedlydeterminativeoftheformationofeachchild.3Itisob- viouslytruethathowparentsraisetheirchildrenwillinfluencetheirdevel- opment,buttheneedforspecializedorexpertknowledge,thecomplexityof the challenge, and the stakes if parents fail all seem to have increased; not coincidentally, the welfare state and public"	
Higgins 2021.pdf	4	Sonic Images of the Coronavirus Hannah B Higgins	2020	2021			0		0	1	0	0	"Sonic Images of the Coronavirus Hannah B Higgins 17 June 2020 Firsttheimagesofabsencebecamecommonplace.Picturesweretaken of a newly ubiquitous nothing: of no people on city streets, no people in major plazas of the world, no people at rallies, no people in classrooms, no one in abandoned markets, no one in desolate businesses, no one in churcheswithoutmournerswhereclosedcoffinsconveyedtheever-silenced dead into the afterlife. These empty spaces were also quietly reassuring of state-mandated efforts to contain the spread of disease. For the most part thesewereimagesofrelativesilence. Even as these sonic images of silence bore an alarming resemblance to postapocalypticscenesofmassextinction,thesehushedpublicspaceswere almostalwayspairedwithimagesordescriptionsofnoisyplaceswherees- sential workers were busy saving everyone else: these raucous hives took theform ofhospitals, warehouses,essential markets,andfactoriesmaking respirators and PPEs. Live human noise would become equivalent to pos- siblecontagion,tothesoundsofhumansworkinganddyingtogether.Im- ages of these spaces bear the imprint of these sounds in every respirator, every image of hoarding, every act of crowded public speech. Withtime,theimagesofpublicsilencedenotedasignlanguageofpublics thathadlistenedtogovernments,whoseresponsetotheepidemicplacedus in all manner of plywood or brick or gilded cage. The alternative to our physicalisolationwastobreakthesocialcontractandbeplacedbehindiron bars,innoisyspacesthatwenowknowareaperfectbreedinggroundforthe virus.Whateverthephysicalnatureofourcages,wewhocanselfisolatecame to see the world through a crystal plane, the metaform of the handheld or computer or television screen ever mediating between our many physical architectures. ConditionedasIbecametotheimagesofsilentstreetsandnoisyessential- workerzones,theimagesofpublicprotestagainstsocialdistancinginitially read as more images of mere contagion. The silence of the public sphere renderedthethrongsofprotestors(first)inMichigan,California,Colorado, Kentucky,Ohio,Oregon,andPennsylvaniaespeciallyloud(eveninphoto- graphs).Theexperiencewasjarring.Theseprotestorswerefloutingtherules by standing on streets and plazas and carrying signs that said things like ""FreedomTrumpsSafety,""""SetUsFree,""or(asthehymngoes)""LetMyPeo- pleGo.""Theirsloganswereshoutedoutpassionately,astheystoodinclose quarters,oralvaporsspreadingthediseasealongsideconvivialreunionswith like-mindedfriends,family,andpublics.Thehandheldsignssaidtheywere notafraid:""LiveFreeorDie""(somewill),""I'mnotafraidofCOVID""(you shouldbe)or""GivemeLibertyorGivemeCOVID""(yourlibertywillgive youCOVID-19—thisisnotaneither-orprospect). TheseearlytheimagesofprotestsfromthepoliticalRightdemandedre- opening economies. As a group they are a largely noncompliant public of predominantly white protestors, especially in rural communities, where the virus was less common. I understood their rage but not their actions. Smallwonderthatafewweeksonandweareseeingspikesinstateswh"	
Hillenbrand 2025.pdf	28	Portals to the Soul: Facial Recognition Technologies and Chinese Portraiture Margaret Hillenbrand		2025			51	fortune-telling|physiognomy in|the art	0	0	1	1	"Portals to the Soul: Facial Recognition Technologies and Chinese Portraiture Margaret Hillenbrand In2016,twoChineseresearchers,WuXiaolinandZhangXi,publishedan article on arXiv, an open-access repository for preprints—moderated but not yet peer reviewed—hosted by Cornell University. The portal mostly covers the fields of science, math, computer programming, and statistics, and its submission rate runs at over sixteen thousand papers a month. Theportalappealstoresearcherspartlybecauseoftheprepublicationfeed- back mechanism it provides; partly because it provides an open house for workthatmayfinditselflockedbehindapaywallpostpublication;andpartly becauseitallowsresearcherstostickanearlyproprietaryflaginahigh-stakes terrainofinquiry.ForresearchersinthePeople'sRepublicofChina(PRC), arXiv'smostlyAnglophonemediumisafurtherlurebecauseitoffersrela- tivelyborderlessinteractionwiththeglobalsciencecommunityandashow- casetotheworldofstate-of-the-artChineseresearch—crucialinthesedays ofincreasinglyshutteredaccess.WuandZhang's""AutomatedInferenceon CriminalityUsingFaceImages""quicklyacquiredamainstreaminfamyrarely provokedbyacademicpapers,letaloneunvettedpreprints.1 Thepaperintroducesfourclassifiersthattheircreatorsclaimcanpredict the status of an individual as a convicted criminal with almost 90 percent accuracyusingonlyadriver'slicense-stylephotograph.Thiscentralpropo- sition was,though, trained on perilously paltry data. ""In order to conduct IwouldliketothankHaunSaussyforhisexceptionallygeneroussupportinthepreparation ofthisarticle.Unlessotherwisenoted,alltranslationsaremyown. 1. SeeXiaolinWuandXiZhang,""AutomatedInferenceonCriminalityUsingFaceImages,"" arXiv,13Nov.2016,pp.1–11;hereafterabbreviated""AI.""Thepaperhassincebeentakendown fromarXivbutcanbefoundhere,confilegal.com/wp-content/uploads/2016/11/ESTUDIO -UNIVERSIDAD-DE-JIAO-TONG-SHANGHAI.pdf ourexperiments,""theauthorsnote,""wecollected1856IDphotosthatsatisfy the following criteria: Chinese, male, between ages of 18 and 55, no facial hair,nofacialscarsorothermarkings.""Thismeagerdatabasewasthendi- videdintotwosubsets:""SnandScfornon-criminalsandcriminals,respec- tively"" (""AI,"" p. 3). The noncriminal subset contains 1,126 images scraped fromthewebusingaspidertool,anditssubjectshailedfrom""awidegamut ofprofessionsandsocialstatus,includingwaiters,constructionworkers... truckdrivers,realestateagents,doctors,lawyersandprofessors""(""AI,""p.3). SubsetSc,meanwhile,comprisesIDphotosof730criminals,someofwhom wereonmost-wantedlists.WuandZhangassertinthepaperthat""thecrim- inal face images in Sc are normal ID photos not police mugshots,"" further clarifying that ""out of the 730 criminals 235 committed violent crimes in- cluding murder, rape, assault, kidnap and robbery; the remaining 536 are convictedofnon-violentcrimes,suchastheft,fraud...andracketeering"" (""AI,""p.3). Tellingly, the first figure in ""Automated Inference"" contains the only sampleofthedeviant/nondeviantphotographicIDspresentedinthearticle, apaucityofevidencethatalr"	
Holzer 2021.pdf	2	19 COVID- /EXPOSE Jenny Holzer	2020	2021			0		0	0	0	0	COVID- /EXPOSE Jenny Holzer 8 June 2020 S122 Jenny Holzer / COVID-19/EXPOSE For more than forty years, J ENNY H OLZER has presented her astringent ideas,arguments,andsorrowsinpublicplacesandinternationalexhibitions, including 7 World Trade Center, the Venice Biennale, the Guggenheim Museums in New York and Bilbao, the Whitney Museum of American Art, andtheLouvreAbuDhabi.Hermedium,whetherformulatedasaT-shirt, a plaque, or an LED sign, is writing, and the public dimension is integral to the delivery of her work. Starting in the 1970s with the New York City posters, and continuing through her recent light projections on landscape and architecture, her practice has rivaled ignorance and violence with hu- mor,kindness,andcourage.HolzerreceivedtheLeoned'OroattheVenice Biennalein1990,theWorldEconomicForum'sCrystalAwardin1996,and theBarnardMedalofDistinctionin2011.Sheholdshonorarydegreesfrom WilliamsCollege,theRhodeIslandSchoolofDesign,TheNewSchool,and SmithCollege.ShelivesandworksinNewYork.	
Houghton 2025.pdf	21	He Said/She Said: Free Indirect Style Before the Novel Eve Houghton		2025			21	TransparentMinds|an afterword|his narratorial|the Course	0	0	0	2	"He Said/She Said: Free Indirect Style Before the Novel Eve Houghton When does free indirect style begin? The question is closely tied to the question of the novel's own beginnings because free indirect style is often seen as one of the novel's signature and constitutive attributes, reflecting itsdistinctivecapacitytorepresentsubjectivity,personalexpression,andin- wardexperience.1Indeed,socloseistheassociationbetweengenreandnar- rativetechniquethatanyclaimtohaveidentifiedinstancesoffreeindirect style ina textbefore the eighteenth century risks raising the specter ofthe nowmostlydefuncthistoriographicaldebateaboutthe""riseofthenovel.""2 Butbydisentanglingthehistoryoffreeindirectstylefromthehistoryofthe novel,wecanseethenarratorialcomplexityofprosefictionatarevealingly early stage, when the channeling of other minds and other experiences seemed less like a generic affordance than a problem of etiquette, moral judgment,andsimpleintelligibility. AsearlymodernEnglishprosefictiongrewintheintersticesofexisting genres(themiscellany,thehumanistdialogue,thejestbook,andtheconduct manual, among others), it labored toward something strikingly like free 1. RoyPascal,forexample,assertsthatfreeindirectstyle""arosefromthegeneralsearchfor meanstopresenttheinnerlifeofthecharactersofanovel""andthatits""growingandextended use...isaninstrumentandsymptomoftheevolutionofthenoveltowardsthedepictionof statesofmind,temperament,moods""(RoyPascal,TheDualVoice:FreeIndirectSpeechandits FunctioningintheNineteenth-CenturyEuropeanNovel[Totowa,N.J.,1977],pp.5,34;hereafter abbreviatedDV).FrancesFergusonhascalledfreeindirectstyle""thenovel'soneandonlyfor- malcontributiontoliterature""(FrancesFerguson,""JaneAusten,Emma,andtheImpactof Form,""ModernLanguageQuarterly61[Mar.2000]:159). 2. SeeIanWatt,TheRiseoftheNovel:StudiesinDefoe,Richardson,andFielding(Berkeley, 1957).Forarevisionistview,seeMichaelMcKeon,OriginsoftheEnglishNovel,1600–1740(Bal- timore,1987). 248 Eve Houghton / He Said/She Said indirect style—not as a deliberate formal innovation but as the byproduct of experimentation with emerging conventions for marking speech and thoughtasbelongingtoparticularcharacters.Someexperimentsseemob- viousinretrospect—liketheuseofthetagsshesaidorquodhetodistinguish amongspeakersinaconversationorthegradualshiftintheuseofquotation marks so that they could be used to denote speech, a practice that only becamestandardinthelateeighteenthcentury.3 Others,likethenestingof fictionalnarrativesinelaborateepistolaryframes,canseemneedlesslycom- plex.Butpreciselybecausetheseearlynarrativeexperimentsaresolabored, they disclose and draw attention to features of free indirect style that later, more accomplished efforts might not: its uneven or sporadic presentation, its tonal ambiguity, and especially its entanglement with questions about theethicsofspeechandthoughtattribution—thatistosay,withquestions abouttheethicsofnarrationitself. George Gascoigne's The Adventures of Master F.J. (1573) is not quite a novel, despit"	
Houser 2025.pdf	22	White Women Wondering and the Contortions of Childfree Writing Heather Houser	2022	2025			40		0	0	0	1	"White Women Wondering and the Contortions of Childfree Writing Heather Houser ArobustvocabularyofrefusalhasemergedintheUS,Canada,andWest- ernEuropeinthe2020s,fromthewhimsical#vanlifetothedisgruntledgreat resignationandquietquitting.Peoplewantoutofcircumstancesthatwere oncetargetsofaspirationforthemiddleclass:white-collarjobs,fixedabodes, bustlingcities,manicuredsuburbs.Lightningrodsastheserefusalsmightbe, theyarefarlesselectrifyingthantherefusaltobearchildren.Thisremainsthe caseeventhoughfertilityhasbeendeclininginhigh-incomecountriessince theaberrantbabyboomfromthelate1940stomid-1960s.1TheUSNational CenterforHealthStatisticsreportedthat""theTFR[totalfertilityrate]...in 2022remainedbelowreplacement,thelevelatwhichagivengenerationcan exactlyreplaceitself(generallyconsideredtobe2,100birthsper1,000women),"" a trend that began in 1971.2 This decline applies to women of all races and ethnicities excluding Native Hawaiian and Pacific Islanders.3 Canada saw aneven greater decrease in thefertility rate in 2022, reachinga record low of1.33birthsperwoman.4 Unlessotherwisenoted,alltranslationsaremyown. 1. Onthebaby-boomanomaly,seeRachelChrastil,HowtoBeChildless:AHistoryandPhi- losophyofLifewithoutChildren(NewYork,2019),pp.68–71. 2. SeeMichelleJ.K.Ostermanetal.,""Births:FinalDatafor2022,""NationalVitalStatistics Reports73(Apr.2024):5. 3. Seeibid. 4. SeeClaudineProvencherandNoraGalbraith,""FertilityinCanada,1921to2022,""Statis- ticsCanada,31Jan.2024,www150.statcan.gc.ca/n1/pub/91f0015m/91f0015m2024001-eng.htm.For moreonglobalfertilitydecline,seeRonLesthaeghe,""TheSecondDemographicTransition, 1986–2020:Sub-ReplacementFertilityandRisingCohabitation—aGlobalUpdate,""Genus76 (2020):1–38. 620 Heather Houser / White Women Wondering Asbirthrateshavedeclined,discourseandadvocacyaroundforgoingre- production have ascended. The 1970s brought organizations such as Zero PopulationGrowth(nowPopulationConnection),withitsfocusontheef- fects of ""overpopulation"" on the environment and food security, and the National Organization for Non-Parents (NON), which, as Rachel Chrastil reports,""didnotlimititsobjectionstoparenthoodtothefearofoverpop- ulation""and""targetedpronatalism""broadly.5Inherhistoryof""lifewithout children,""sheidentifiesacontemporarybiasindiscussionsaboutnothav- ingchildrenandchartsthe""manypathwaystochildlessness""andhowAmer- icanandWesternEuropeanwomenhaveforged thosepathsforcenturies, especiallysincethe1900s.6 And yet the present is peculiar in how voluble discourse around not havingchildrenhasbecome.Articles,TikToks,artprojects,onlinecommu- nities,academicresearch,andeverydayconversation headlinebeingchild- freeandthereasonsbehindit.7Thesereasonshaveantecedentsinthe""path- ways""Chrastilstudies—financialandpoliticalprecarity,environmentalthreats andpreservation,commitmenttootherlifeprojects,nothavingapartneror having one unwilling to procreate, and just not being that into kids—but childfreediscoursetodayadducesthesepressurestogetherwithracism,pan- demics,climatechange,andglo"	
Howles 2022.pdf	9	"Critical Response "" "" Gas Guzzling Gaia : Some New Camera Angles on a Pivotal Scene Timothy Howles"	2019	2022			15	whichhewritestoLovelock	0	0	0	1	""" "" Gas Guzzling Gaia : Some New Camera Angles on a Pivotal Scene Timothy Howles ThepersonandworkofJamesLovelockhaveattainedaquasi-mythical statusinrecentyears,withacademics,celebrities,andactivistseagertocite himasur-inspireroftheirownecologicalsensibilities.1Giventhiscelebra- torycontext,itissignificantthatthisrecentarticlebyLeahAronowskyhints at a shadow side to this emerging cultus (see Leah Aronowsky, ""Gas Guz- zlingGaia,or:APrehistoryofClimateChangeDenialism,""CriticalInquiry 47[Winter2021]:306–27). Aronowsky'sfocusisnotsomuchtheGaianscienceitselfbutratherthe personal and institutional narrative that encases it. The story proceeds somewhatlikethis;intheearly1970s,inamomentofradicalepistemolog- icalrupture,Lovelocktheindependent scientistwasabletobreakwithre- ceivedscientificnormstoproposetheGaiahypothesis,eventuallysecuring itstriumphintheteethofahostileacademicestablishmentandnumerous misunderstandings.ThisaccountoriginateswithLovelockhimselfandhas becomesomewhatcanonicalonaccountofitsfrequentrepetition.2Andyet, forAronowsky,itisanarrativethatmustbesubjectedtoscrutinyandeven complexification. In doing so, we find Gaian science—and the status of Lovelockhimselfasaculturalsignifier—implicatedinapoliticsthatthreat- ens to undermine its own status. Asthisresponsewasgoingtopress,weweresorrytolearnofJamesLovelock'sdeathon 26July2022,attheageof103. 1. Anumberoftributesareassociatedwiththe2015archivalexhibitionheldattheScience MuseuminLondonentitled""UnlockingLovelock:Scientist,Inventor,Maverick"";seewww .sciencemuseum.org.uk/what-was-on/unlocking-lovelock-scientist-inventor-maverick.Fora populararticle,seeJeffGoodell,""JamesLovelock,theProphet,""RollingStone,1Nov.2007, www.rollingstone.com/politics/politics-news/james-lovelock-the-prophet-192646/ 2. SeeespeciallyJamesLovelock,HomagetoGaia:TheLifeofanIndependentScientist(Lon- don,2019),p.74;hereafterabbreviatedHG. 118 Timothy Howles / Critical Response Aronowsky begins with the observation that Lovelock's Gaian story, properlyunderstood,commencesnotinthe1970sbutinthelate1960s,dur- ingaperiodwhenhewasprofessionallycontractedtoRoyalDutchShell,the multinationaloilandgascompany.Thetimelineiscrucial.Attheverymo- mentLovelockwasdiscerningthemechanismsbywhichtounderstandthe earth'sclimacticconditionsasself-regulating,hewasalsoconsideringhow theseGaianideasmightrelatetotheinterestsofhiscorporateemployer.For, atthistime,Shellwasbecomingincreasinglyawareoftheneedforastrategy tomanagepublicopinionaboutthedamagingeffectoffossilfuelsuponthe atmosphere. The idea of a resilient planet, or even a self-healing one, was intriguingtothoseseekingtocounteractthescientificdataaboutemissions thatwasbeginningtoenterthepublicdomain.ArmedwithLovelock'sideas, the company was able to sow ""doubt not by denying the phenomenon of global warming but by naturalizing it"" (p. 306). In fact, ""in the year 1975, GaiawasformallyvaultedtothestatusofcorporatePRstrategy""(p.320). Aronowsky is extremely subtle in her inferences and never seeks t"	
Hui 2022.pdf	27	Dreams of the Universal Library Andrew Hui		2022			72	DanielBalderston	0	0	0	0	"Dreams of the Universal Library Andrew Hui Whatiseverybibliophile'sfantasyifnotthedreamofaninfinitelibrary? TheendingofGottfriedWilhelmLeibniz'sTheodicy(1710)containsprecisely this.AstheGermanthinker'sonlypublishedbookinhislifetime,theTheodicy respondstosomeofthemostpressingquestionsofearlymodernphiloso- phy—the compatibility between reason and faith, the goodness of God, humanfreedom,theoriginsofevil.Aftersomethreehundredpagesofsus- tained(ifattimesdigressive)ratiocination,thereaderispresentedwithone ofthemorepoeticallyarrestingfinaleseverpennedinaphilosophicaltract. Thegrandphilosopherdecidestotellafable.Theodorus,ahighpriest,per- plexedbyhowhumanfreedomanddivineforeknowledgecancoexist,issum- moned to agreat ""palace of the fates""by Pallas Athena.1 ""Here,"" the goddess says, ""are representations not only of that which happens but also of all that whichispossible.""Heisledintodifferentrooms,eachcontaining""agreatvol- umeofwritings.""Athenatellshimtoreadanyonehepleases,foreachpagecon- tains""inallitsdetail""thelifeofSextusTarquinius(T,pp.370,371,372).Sextus hadbeendistraughtbyaprophecythatforetoldthathisrapeofLucrecewould bringanendtotheRomanmonarchy.Hegoestothetempletoaskwhy.Heis DedicatedtoJohnL.Logan,literaturebibliographerextraordinaireattheFirestoneLibrary ofPrincetonUniversity.ThispaperwasfirstpresentedtotheYaleEnglishDepartmentRenais- sanceColloquium.IthankAyeshaRamachandranfortheinvitationandtheincisivecomments ofDavidQuint,EveHoughton,BenCard.Iamalsogratefultotheparticipantsofanonline forumfortheirveryhelpfulsuggestions:MorganNg,TimothyKircher,EricSong,Kristine Haugen,JayReed,KimberleySkelton,andFlorin-StefanMorar.JeffreySchnapp,MarisaGalvez, MarshallBrown,andWilliamMarxprovidedmuchneededencouragementatcrucialmoments. Finally,IappreciatethewiseadviceofHaunSaussyandtheCriticalInquiryeditorialboard. 1. G.W.Leibniz,Theodicy:EssaysontheGoodnessofGod,theFreedomofMan,andtheOri- ginofEvil,trans.E.M.Huggard,ed.AustinFarrer(LaSalle,Ill.,1985),p.370;hereafterabbre- viatedT.TheFrenchtextisLeibniz,EssaisdeThéodicéesurlabontédeDieu,lalibertéde l'hommeetl'originedumal,ed.JacquesBrunschwig(Paris,1969). showndifferentversionsofcontrafactualhistory.Inone,Sextusdoesnotrape Lucreceanddoesnotbringaboutthelastdaysofhisancestors.Instead,hebuysa smallgarden,becomesarichman,anddiesinripeoldage.Inanother,hemar- riesthedaughteroftheking,ascendstothethrone,andisadoredbyhissubjects. What Theodorus reads, the goddess tells him, is ""the history of this world,""""thebookofitsfates""(T,p.371).Hallafterhall,worldafterworld, there are an infinitude of Sextuses, an endless number of possible worlds, butultimatelythereisjustthesingularactualworldthatheinhabits.Then anincandescentvision: The halls rose in a pyramid, becoming even more beautiful as one mounted towards the apex, and representing more beautiful worlds. Finally they reached the highest one which completed the pyramid, and which was the most beautiful of all: for the pyramid had a begin- ning, but one could not see its en"	
Hullot-Kentor 2021.pdf	23	' A Commentary on Samuel Beckett s What Where Robert Hullot-Kentor		2021			31		0	0	0	1	"' A Commentary on Samuel Beckett s What Where Robert Hullot-Kentor Anartworkisasetofinstructionsforbreakingapromise.Theexactsame instructionsmustnolessstipulatethispromise.Yetitsdesideratum,itsclaim to reality—all that in art makes a promise a promise in the first place—is measuredasbeingotherthanspuriousexclusivelyinitsviolation.Thework mustsuccumbtoitselforfail.ThusEugeneIstomin,thepianist,remarked that ""there is a lotof Beethoven that demandsmore from theinstruments thantheycangive,""notinordertoproposethatanextrakeyboardoctave, forinstance,isjustwhatismissingfromLudwigvanBeethoven'slatesona- tas, but to insist that the instrument's restrictions ""certainly delighted the composer.""1Whatthisformofdelightamountstoisaudibleinanynextper- formanceofthesecondmovementofop.111,thearieta.Forthere,intheapo- theosisofthework,familiartoeverylistenerinthesecondcoda,itisthefixed constraintofthekeyboardintheupperregisterthatdefinesthelimitagainst whichthetrill,performableonlyalongarazor'sedge,mustexhaustitself,at a faltering extreme, as if in this world no greater reach were possible or air tobreath:arestrictionthatbecomestheconditionfortransformingthemove- ment'sclaimtoanachievedreconciliation,otherwiseunprecedentedinBeetho- ven'sentireoeuvre,intothevoiceofwhatwouldexceedthatlimitifitonly were.Theneedtopursuethisclaimissobindinglycompellingthroughout theentirehistoryofart,almostasthehistoryofartitself,thatinthetwen- tiethcenturythematurationoftechniqueasinternaltotheartwork—asdis- tinct,thoughnotexclusively,fromthetechnicallyreproducedartwork—can TheauthorthanksBernyTanandDrakeTylerforassistancewiththedrawingsandformu- sicologicalassistance,andOdileHullot-Kentorforknowingonedraftfromthenext. 1. EugeneIstomin,""SerkinPerforms,""inStephenLehmannandMarionFaber,RudolfSer- kin:ALife(NewYork,2003),p.200. berecognizedasinherentlymotivatedbytheimpulsetoabolishanydistinc- tionbetweentheasseverationmadeanditsbreach.Itisanexaggeration,butto thepoint,toassertthatinGustavMahlerinstrumentsonlyperformnormally attheirextremes.Wereittobeanavalanche,anartworkbecomesradically modern exclusively in the compulsion to bring down with it in its tumble morethanjustthemountainside,asifitwouldonlyfulfillitsownmeasure asartintheneedtoabolishartassuchinthisonegesture.WhenVincentvan Goghwrote hisbrotherthat he knewwhathewantedtomake,but nothow tomakeit,heannouncedachasmthathehelpedpryopeninthehistoryof art and acknowledged himself as among the radical technicians who were first to face it.2 Setting the question of popularity aside, those works alone havebeenabletosurviveasimportantthatseektoreducethedifferentialbe- tweenasseverationandbreachasymptoticallytozero. Theater puts this thesis definitively to the test. For theater issues its in- structionsmostpragmaticallyofalltheartsandinitsownconventionladen foreground, whichmadetheaterpreeminently availableearly tomodernist level of performance. This is incomparably the case in Samuel Beckett's work. Among his later plays, those for television"	
Jackson 2022.pdf	24	Apostrophe, Animation, and Racism Virginia Jackson		2022			52		0	0	0	0	"Apostrophe, Animation, and Racism Virginia Jackson Dopoemsspeaktoyou?Considerpoemsinwhichyouencounterthesig- nature version of excited Romantic poetic address that begins with a single letteradornedwithitsownexclamationmark:""O!""Don'tyouimaginethat someoneissaying(orshoutingorwhisperingorgasping)""O!""?Doesitmatter thatyoudon'tknowwhothatpersonmightbe?Don'tyoufeelmovedtore- spond, if only silently? Don't you want to imagine that overseeing or over- hearing that address brings you into its range, thus making you feel as if youwerejoiningacollectiveofsuchresponsivesilences?1 Nineteenth-centuryAmericanpoetsoftenhopedyouwouldfeelthisway, andmostmodernversionsofpoeticsstilldo.ThinkofWaltWhitman.Itis hardtoimagineapoetwhomorewantedtobetheonetospeaktoandfor themany.Apoemthatheincludedonlyinthe1860editionofLeavesofGrass endswiththelines, O Death! O you striding there! O I cannot yet! O heights! O infinitely too swift and dizzy yet! O purged lumine! you threaten me more than I can stand! O present! I return while yet I may to you! O poets to come, I depend upon you!2 1. ThesequestionsechoLisaGitelman'ssenseofgenreas""amodeofrecognitioninstanti- atedindiscourse""(LisaGitelman,PaperKnowledge:TowardaMediaHistoryofDocuments [Durham,N.C.,2014],p.2).Foranacknowledgementofourcollaborativeformationofthis definition,seep.151n.4.TheyalsoechoMikhailBakhtin'ssenseofgenreasdependentona ""silentresponsiveunderstanding""ora""responsiveunderstandingwithadelayedreaction"" (M.M.Bakhtin,""TheProblemofSpeechGenres,""inSpeechGenresandOtherLateEssays, trans.VernW.McGee,ed.CarylEmersonandMichaelHolquist[Austin,Tex.,1986],p.69). 2. WaltWhitman,""Apostroph,""TheWaltWhitmanArchive,whitmanarchive.org/published /LG/1860/poems/4 That'salotofexclamationmarksandalotofOs,andthispoemcontainsal- mostahundredmore.Thepoemis,infact,entitled""Apostroph.""(inatypi- callyWhitmanianpseudo-Frenchaffectation),anditdemonstratestheambi- tion of the Euro-Romantic figure-become-genre through sheer excess.3 As Anahid Nersessian writes of British Romanticism, such apostrophic excess mayleadustoseethatRomantic""lyric,incontrasttomoreplainlyreferential genreslikeepicorsatire,iswherefigurationcanreallyshowitsgiftformaking the phenomenology of attenuated life credible and conspicuous."" If readers ""have been tempted to identify apostrophe with lyric itself,"" Nersessian ex- plains,""thatmaybebecauseapostrophesoexplicitlyconcernstheactivityof thingsthatseemhardlytoexistatall,""thatstandachanceofbeingcalledinto beingbybeingaddressed.4IsthatwhatWhitman'sapostrophesdemonstrate? Whatarethesestrangethingsthathavenot""yet""appeared,thatseemhardly to exist at all, these things that apostrophe so explicitly—and repeatedly— concerns? InWhitman'spoem,""Death,""heights(ofdeath?),""lumine""(Anominative formofillumine?Alsodeath,when""purged""?),the""present""(life,notdeath), andfuture""poetstocome""aretheobjectsofthisrecursiveapostrophicad- dress,butnotbecausetheydonotexistorbecausetheirexistenceis""attenu- ated.""Onthecontrary,itisbecausedeathiscertaina"	
Jameson 2023.pdf	23	Schematizations, or How to Draw a Thought Fredric Jameson	2019	2023			16		1	0	0	2	"Schematizations, or How to Draw a Thought Fredric Jameson A schematism is the X-ray of a concept; its premise being that, like an atom,aconcept(whetherscientific,ideological,philosophical,orevennar- rative)containswithinitselfsmallerunitsandtheirrelationships,whichre- maininvisibletothenakedeye:""Ahiddenartinthedepthsofthehuman soul,whosetrueoperationswecandivinefromnatureandlayunveiledbe- foreoureyesonlywithdifficulty.""1ImmanuelKant'scategoriesarepresented bywayofsuchschematisms,buttheymustnotbethoughttobepicturesor at least not pictures of things: pictures of relationships, within and between things,ifyouprefer.WithstructuralismsuchX-raysbegantoappearmorefre- quentlyinanalytictexts,whosediscursivethinkingtheyinterruptwithavisual moment that claims its own rival intelligibility and no doubt often annoys the unforewarned reader as muchas the sudden(and related)eruption of a matheme in the middle of a sequence of sentences. I havemyself been pro- vokedbysuchvisualobstaclesandhaveinturnnodoubtruffledmyownread- erswithvisualhobbyhorses,theprincipalofwhicharetheGreimasianlogical squareandthefourfoldallegoricalsystem(towhichIsometimesliketoadd, withlessproficiency,LouisHjelmslev'stantalizingcomplicationofFerdinand deSaussure).SoIhaveapersonalinterestinexplainingtomyselftherelation- shipofthesefigurestoeachother,anexplanationwhichwouldinprinciple havetopassthroughthegeneralphenomenonofvisualschematismincon- temporarytexts.Isittobeunderstoodassomemoregeneralcompetitionbe- tweenthevisualandthediscursiveincontemporarythought?Ifso,thendoes thephenomenonofschematizationbecomeaculturalandhistoricalsymptom, facilelydiagnosedaspartofourimageculture(adsbutalsographs,spread- sheetsaswellastelevision,PowerPointpresentationsaswellasvideogames), 1. ImmanuelKant,CritiqueofPureReason,trans.anded.PaulGuyerandAllenW.Wood (NewYork,2019),p.273;hereafterabbreviatedCPR. 32 Fredric Jameson / Schematizations butintimating,perhaps,morewide-rangingconsequences:acreepingtriumph offormalismovercontent,agradualcolonizationofthinkingbyvisuality? I will not presume to forecast the outcome; but I will observe that the stakesinvolvethestatusofconceptualoppositionsanddualisms,theirpro- liferation and efforts to evade them, and that our evidence will be sought inthinkersforwhomthesuspensionorsuppressionoftheold-fashionedsub- ject has been a fundamental starting point. I mean Michel Foucault, Gilles Deleuze, and Jean-Francois Lyotard. Butwemustbegin with Kant'sschematization ofthecategories, oneof themostelectrifyingmomentsinthehistoryofmodernthought.HereKant takesatraditionallistbyAristotleofthetenkindsofthingswecansayabout being—who, what, when, where, and so on—and briskly reduces them to four fundamental categories, which in a further schematization he is able toarrangeinanorderofrelationshiparoundacircle: TableofCategories 1. OfQuantity Unity Plurality Totality 2. 3. OfQuality OfRelation Reality OfInherenceandSubsistence Negation (substantiaetaccidens) Limitation OfCausalityandDepen"	
Jeon 2023.pdf	24	Lines Left to Cross: Deglobalization and the ' Domestic Western in Bong Joon-ho s Parasite Joseph Jonghyun Jeon		2023			28	American Century	0	0	0	1	Lines Left to Cross: Deglobalization and the ' Domestic Western in Bong Joon-ho s Parasite Joseph Jonghyun Jeon Returninghomefromacampingtripspoiledbyrain,theParkparentssettle intotheirlivingroomcouchbeforethewindowwalloftheirmodernisthouse. They'rekeepinganeyeontheirson,whohasdecidedtocampoutintheback- yard—inhisbelovedNativeAmericantipi.Fromwithinthedarkenedroom, theParkslosethemselvesintheimageoftheirson'stipiasthoughtheywere watching an American western (fig. 1). This self-reflexive scene—occurring about halfway through Parasite (Kisaengch'ung), Bong Joon-ho's extraordi- narilysuccessfulfilmfrom2019—isalsomultilayered.Forthecoupleisunaware thattheKims,whohadbeenpartyingintheiremployer'slivingroomwhilethe Parkswereaway,nowcowersilentlyunderthecoffeetable.Infact,theyareso unawarethattheybegintomakelove;eventuallytheyfallasleepinfrontofthe glowinglightintheyard.Thescenenotonlyevokesthecinematiclegacyof stereotypicalNativeAmericaniconography.ItalsojuxtaposestheHollywood western'sfantasyofopenfrontierswithasetofdecidedlymoreconstrained, domesticconcerns—epitomizedbythemakeshiftholdingcellunderthecoffee table—thatinterruptthedreamofterritorialexpansion.Indeed,thedramaof thefamily'sintractabledomesticworkerscoveringupevidenceoftheirunruly appropriationsrelocatesthewestern'sfocusoncontestedterritorywithinthe wallsofdomesticspace. Atthesametimethescene(anditsscreen)servesasahingebetweenthe confinesofasinglehouseholdandlargerterritorialexpanses,betweendo- mestic interiority and a global political economy. This article argues that Parasite negotiates the dual nature of the house, a site of both appropria- tion and confinement, to inscribe within a domestic drama a paradoxical inclinationtowardtheexternalaugmentationofotherwiselimitedinternal 558 Joseph Jonghyun Jeon / Lines Left to Cross FIGURE 1. TheParkparentswatchingtheirsoninhisNativeAmericantipi. marketsandtomakesenseofSouthKorea'sprecariouspositioninarapidly transitioning world system. The film explores this scalar relation through a nestedstructureinwhichclassdynamics—thecentralconcernforearlycom- mentatorsonthefilm—aremobilizedtoexplorebroaderframes.1Insofaras theParks'housetouchestheseframes,domesticspacecomestodenoteboth sensesoftheword,bothintimatepersonalspaceandnationalspace;andifthe sanctityoftheformergiveswaytosocialentanglements,thenthesanctityof thelattergiveswaytoglobalones.2Thehouseinthefilmthuscontainsbotha wealthyfamilyconnectedtotheglobaleconomyandthatfamily'sshadow.A scheming family dependent on low-wage reproductive work in which all members hustle is haunted by the proletarianized reflection of a globalized classandastoryabouttheanticipatedeffectsontheSouthKoreaneconomy astheglobaleconomybeginstobreakdown,makingmoreuniversaltheex- perienceofdownwardmobilitypreviouslyassociatedwiththelowerclasses. Thecategoryofparasiteexpandswhenglobalgrowthshrinks. Parasite can thus be aligned with Bong Joon-ho's Snowpiercer (2013) in crucialrespects.Bothfilms'distinctivesettingsconsistofasingle	
Jones 2021.pdf	5	How to Learn Together, Apart Ewan Jones	2020	2021			6	English at|the nineteenth	0	0	0	0	"How to Learn Together, Apart Ewan Jones 12 June 2020 If,inyearstocome,anintrepidresearcherwritesadissertationuponthe historyoftechnology-assistedsynchronouslearning,herorhisfirstchapter maywellfindroomfor7January1977.ItwasonthisdaythattheCollègede Franceattemptedwhatitdidn'tyetcallasimulcastofRolandBarthes'sinau- gurallecture,BartheshavingrecentlybeenelectedtothechairofSémiologie Littéraire.1 The Collège live broadcasted the proceedings to the overspill of students unable to accessthe main lecture hall. Barthes's performance un- cannilyanticipatesthepresentordertowhich,withdrasticquickness,we've become accustomed. Claude Coste notes that ""the first session in particu- lar suffered a number of interruptions: the retransmission not working, theirritatedamusementofthestudents,havingtosendoutforatechnician, Barthes's own embarrassment at the many technical failings.""2 This anec- dotereassuresmewheneverIloiterinthelimboofaZoomwaitingroom. In addition to its means of delivery, the substance of Barthes's lectures has much to say to our present selves. The first course of public talks and seminarsthathedeliveredfromJanuary–May1977,underthenearlyimpos- sibly large title Comment vivre ensemble, parallels and prefigures our con- temporary world so uncannily that at times I wonder whether it's a trick ofthelockdown-inducedparanoidmind.Barthessurveysawidevarietyof isolated, ascetic, or otherwise self-distancing communities: the quotidian 1. SeeRolandBarthes,""LeconInauguraleauCollègedeFrance,""7Jan.1977,ubusound .memoryoftheworld.org/barthes_roland/Barthes-Roland_Lecon-inaugurale-au-College-de-France -7-Janvier-1977.mp3 2. Barthes,HowtoLiveTogether:NovelisticSimulationsofSomeEverydaySpaces,trans.Kate Briggs(NewYork,2013),p.xviii;hereafterabbreviatedH. S124 Ewan Jones / How to Learn Together, Apart ritualsofmonasticlifeinMountAthos;thesanatoriuminwhichHansCastorp intendedonlytospendafewdays;thesmallroominwhichBlancheMonnier wassequesteredfortwenty-fiveyearsbyparentsdisappointedbyherrefusalof aneligiblemarriage,andwholaterinspiredAndréGide's""ConfinedWoman ofPoitiers.""""WhatdistancemustImaintainbetweenmyselfandothersifwe aretoconstructtogetherasociabilitywithoutalienation,asolitudewithout exile?""(H,p.xxv).Bartheswas,aswithmuchbesides,theinadvertentprophet ofCOVID-19. ThelaundryvanthathitBarthesrequiresustostartthinkingwherehis unfinished lectures left off. I've been using the hyphenated thoughts and trailing ellipses of Comment vivre ensemble as essential tools to help me make sense of and stay sane through the current times in which we live. Barely a half day goes by without my being reminded of a concept that Barthes borrows from Jacques Lacarrière's L'éte grec: idiorrhythmy—a constrainingsocialspacethatneverthelessdoesnotprecludeindividualfree- dom.Quotidianlockdownlifeisitselfanidiorrhythmiccasestudy.Acon- versation just the other day with a colleague, returned to care for her frail and elderly mother, Zooming her students as the distinguished academic that she"	
Kasper Levine 2020.pdf	20	The Persistence of the Witness: ' Claude Lanzmann s The Last of the Unjust Judith Kasper and Michael G. Levine		2020			14	TheLastoftheUnjust	0	0	1	0	"The Persistence of the Witness: ' Claude Lanzmann s The Last of the Unjust Judith Kasper and Michael G. Levine The Last of the Unjust (Le Dernier des injustes) is a film structured by temporal delays, distensions, and reversals—a film that, in dealing with Theresienstadt and its""monde àla renverse,""obliges oneto begin at the end and play it backwards.1 Such an approach is already adumbrated by theworddernierinthetitle.Startwiththelast—andthelastone—itsug- gests,andworkyourwayback.Tomoveinthiswayistolookbackfrom thepresenttothepastand,moreover,tofollowClaudeLanzmann,who, after a forty-year gap, returned retrospectively to the interviews he con- ductedwithBenjaminMurmelstein,formerleaderoftheJewishCouncilin Theresienstadt. Recorded in Rome in 1975, the week-long series of inter- viewsweretohavebeenpartofShoah(dir.Lanzmann,1985).Yetnoneof theelevenhoursofconversationmadeitintothefilm.Indeed,itwasasif whathadtranspiredinthesesessionscouldnotasyetbeprocessed,could not be integrated into a context of significance. Left out of account, and quiteliterallyoutofthepicture,theinterviewsneverthelesscontinuedto hauntLanzmann.Ifthefilmdemandsaretrospectiveapproach,whatLanz- mannlooksbackonisapastthatwillhaveremainedalltooclose,onethat impingedonhisthinkingandfilmmakingwithoutfindingadefinitiveform ofexpression,withoutallowingitself,asitwere,tobepsychicallyandartis- ticallyworkedthrough. Unlessotherwisenoted,alltranslationsareourown. 1. Thephrase""lemondeàlarenverse""(theworldupsidedown)appearsearlyoninthe filmandwillbediscussedatlengthbelow.Forallsubsequentquotationsfromthefilm,see TheLastoftheUnjust(LeDernierdesinjustes),dir.ClaudeLanzmann(2013). 382 Judith Kasper and Michael G. Levine / The Persistence of the Witness In a silent sequence prefacing the film, Lanzmann writes: Rabbi Benjamin Murmelstein was the last Chairman of the Theresienstadt Judenrat (Jewish Council). I filmed him during a whole week in Rome in 1975. These long hours of interviews, rich in firsthand revelations, have continued to dwell in my mind and haunt me. I knew that I was the custodian of something unique but backed away from the difficulties of constructing such a film. It took me a long time to accept the fact that I had no right to keep it to myself.2 InTheLastoftheUnjust,Lanzmanncombinestheselonghoursof in- terviews that had lain dormant for forty years with footage shot in 2011– 12. The more recent footage provides not only a filter through which to viewahauntingpastbutalsoascreenontowhichtoprojectit.Onemight describethisbackandforthbetweenpastandpresentasitselfakindof in- terview,asawayofviewingonetemporalframethroughtheother. Tolookback,Murmelsteinsuggests,istoseeoneselfindanger.Com- paring himself to Orpheus and Eurydice, he stresses the danger of look- ingback,andthroughthislook,of lapsingintotheverypredicamentfrom whichhe hadsoughttoextricate himself. From the beginning and beyond its end, The Last of the Unjust is de- fined by a complex temporal structure to which Jacques La"	
Kelbert 2025.pdf	23	Translation as Different: A View from Linguistic Relativity Eugenia Kelbert	2022	2025			50		1	1	2	0	"Translation as Different: A View from Linguistic Relativity Eugenia Kelbert Introduction Rainer Maria Rilke wrote over four hundred poems in French, most of themduringthelasttwoyearsofhislife.1Hisswitchtoasecondlanguage ashisprimarypoeticmediumwasasurpriseeventoRilkehimself.Curious, hestartedonadeliberateexperimentbysettinghimselfathemeforparallel poemsproducedinbothlanguages,oftenonthesameday.Whentheresult- ingpoemsinvariablycameoutverydifferently""outofeachlanguage""(""von jederSpracheaus""asthepoetputitinalettertoLouAndreas-Salomé),he instinctivelyrelatedthistosomethingthatwasnotapartofhiswritingpro- cessatthetime:translation.Theoutcomeofhisprivateexperiment,hecon- cluded, ""seem[ed] to speak strongly against the naturalness of translation (""sehrgegendieNatürlichkeitdesÜbersetzensspräche"").""2 Rilke'sinstantdeductionthattranslationisunnaturalisunsettling,asis his underlying conviction that comparing two original poems written in ThisworkanditsauthorweresustainedbytheconfidenceandsupportofHaunSaussy, DouglasRobinson,andArunaNair.IamalsogratefulforDavidBellos'sandJaneE.Wilhelm's thoughtfulcomments,toKarolinaGurevichforherinput,andtoRinaSoloveitchikforthegift oftimewhenIwasworkingonmyrevisions.ThisresearchwasfundedbytheIMPULZgrant IM-2022-68oftheSlovakAcademyofSciencesand,atearlierstages,aLeverhulmeEarlyCareer FellowshipattheUniversityofEastAnglia.Unlessotherwisenoted,alltranslationsaremyown. 1. Rilke'sFrenchandGermanpoemswrittenduringthesameperiod,includinghispairsof poemswrittenonthesamedayandaddressingthesametopic,areindeedcharacterizedbyde- monstrablydistinctpoetics;seeEugeniaKelbert,""RebornasRené:TheInterplayofSelfand LanguageinRilke'sLateFrenchandGermanPoetry,""YearbookofGeneralandComparativeLit- erature56,no.1(2010):201–24. 2. RainerMariaRilke,lettertoLouAndreas-Salomé,22Apr.1924,Werke:Kommentierte AusgabeinvierBändenmiteinemSupplementband,ed.ManfredEngelandUlrichFülleborn, 5vols.(FrankfurtamMain,1996):5:420. differentlanguages hasanythingto dowith translation inthe first place.Yet almostacenturylater,RebeccaWalkowitzandEmilyApterechothissecond assumptionwhentheyspeakoftranslingualismas""preemptivetranslation""3 andawayof""bypass[ing]theactoftranslation.""4Giventhistheoreticalcon- text,thelogicalleapRilkemakesfrombilingualwritingtotranslationisper- hapsprescientbutlesssurprising.WhenaGermanpoetwritesinFrenchina worldwhereGermanpoetrycanonlybeenjoyedinthatlanguagethrough themediumoftranslation,itistemptingtothinkoftheresultingFrenchpoem asapreemptivestandinforawould-be(orbypassed)translation.Drawing onhisexperienceasapoet-translator(hehadtranslatedFrenchpoetrybe- forewritingseriouslyinFrench),Rilkepresumedasmuchwhenheexpected toproducesimilarpoemsinhistwolanguages.Hediscovered,however,that his inspiration now seemed to follow different, and divergent, tracks; this madehimreevaluatenotonlywhathethoughtofhisbilingualismbutalso, crucially,whathethoughtoftranslation. YvanGoll,achildhoodbilingualwhowroteinL2English,secondsRilke's conclusions,drawingonhisex"	
Keller 2024.pdf	22	Building Duration: Architecture Out of Adventure-Time Sean Keller		2024			31	After Modernism|Modernism|alsoSeanKeller	0	0	1	0	"Building Duration: Architecture Out of Adventure-Time Sean Keller Architectureplacesmaterialinspace.Lessobviously,italsoplacesmaterial in time. One might say that architectureholdsspace withmaterial through time. Today it is this temporal aspect that presents the greatest challenge for the discipline. Because architecture projects built form into the future, itstrugglesinanerawhenourrelationshipstothefuture,andtotemporality generally,arefrayedandunreliable.1Inthisrespectarchitecturesharesinthe greatestpoliticalandculturaldifficultyofourtime:thedifficultyofsustaining meaningful, concrete conceptions of the future. Its troubled relationship to timeis one intense exampleof the challenges that the future presentsto us generally.Asacritic,historian,andteacherofarchitecture,Iwanttoexplore these centralquestions: How, in order tosaveourselves andsomany other species,mightwebeginto(re)constructconcreterelationshipstothefuture? Andhow,bypersistingthroughtime,canarchitectureserveasacriticaldis- ciplineforcreatingsuchrelationshipsbymaintainingspecificitiesofsite,ma- teriality,andformthatresisttheemptyingoutofthefuture? MyresponsewillfocusonwhatIwillcallduration.Tobeclear,thisisnota caseforarchitecture'stimelessnessorforareturntosomeHegelianbeliefin grandepochs.Instead,Iamsuggestingthatthereisacrucialneedforarchi- tecturetoremakeitsdiscoursearoundthetemporaldimensionbyconsciously exploringitsvariedmodesofenduring—forlongandshortperiods.Sohere theconceptofdurationstandsnotforlongevitypersebutforanewattention Unlessotherwisenoted,alltranslationsaremyown. 1. SeeFredricJameson,ArchaeologiesoftheFuture:TheDesireCalledUtopiaandOtherSci- enceFictions(NewYork,2005)and""TheEndofTemporality,""CriticalInquiry29(Summer 2003):695–718. tothetemporalcomponentofbuildings(thoughwithinthisframingendur- ancemaybeanimportantstrategy).Understoodinthisway,durationdoes notentailthe embodimentofpower,as Friedrich Nietzsche hadit,but can beaformofresistancetopower,especiallynowthatpoweroftenmanifests itselfasperpetualchange.Thepointistomakethetemporaldimensionofar- chitecture the topic of critical consideration, rather than an unconsidered void.Needlesstosay,theclimatecrisismakessuchashifttotemporalthink- ingnotamatterofstylisticorintellectualtastebutanecessityforoursurvival. What is needed extends beyond architecture itself to a new field: what we mightcalldurationstudies.Thisarticleisintendedasanopeningontothis new field, a preliminary mapping of its concerns and a brief sketch of past andpresentpracticesoutofwhichitmaybeconstructed. Certainlyarchitects,andtheotherprofessionalsandacademicswhosur- roundthem,havelatelybeenincreasinglyconcernedwiththefuture,pushed bythethreatsofclimatechangeandtheuncomfortingfactthatmakingand operatingbuildingsaccountforroughly40percentofglobalgreenhousegas emissions.2 What was once a fairly fringe concern for the environment— championed by early figures such as Victor Olgyay, Ian McHarg, and Glen Murcutt—has, under the concept of sustainability, becom"	
Kindley 2021.pdf	19	' Kenner s Networks Evan Kindley		2021			22		0	0	0	0	"' Kenner s Networks Evan Kindley In1950,HughKenner,thenagraduatestudentatYaleUniversity,received aletterfromhismentorMarshallMcLuhanregardingaproposalforaproject called Network. Kenner and McLuhan had met in 1946at the Universityof Toronto,whereMcLuhanwasaprofessorofEnglishandKennerhadrecently finishedhis MA.The twosharedaninterest inliterary modernism;indeed, Kenner would credit McLuhan with introducing him to the work of many ofthewritersonwhomhewouldlaterbecomealeadingauthority,including EzraPound,T.S.Eliot,andWyndhamLewis.ForawhileMcLuhanandKen- nerplannedtocollaborateonabookofcriticalessaysaboutthemodernists,to betitled""TheNewAmericanVortex,""anditwasMcLuhanwhohadrecom- mendedKennerforaspotinthePhDprogramatYale,wherehewaswritinga dissertationonJamesJoycedirectedbyMcLuhan'sfriend,CleanthBrooks. WhatwasNetwork?OriginallyconceivedbyMcLuhanasanewspapercol- umn,theideaforNetworksoonmorphedintoaprivatemimeographednews- lettercirculatedtoaselectgroupofrecipients.EachNetworkrecipient—there might be as many as forty or as few as six—would receive a message from McLuhan, written in his telegraphic, highly associative style, highlighting his most recent discoveries and insights. McLuhan seems to have intended tocomposemuchofNetworkhimself—""Icanwrite20issuesofNetworkbe- causeI'vebeenbottledupfor10years,""heboasts—thoughthechannelwould also remain open to other participants.1 (""Anyone who writes a number of Network can sign it, natch."")2 Aside from Kenner, McLuhan's candidates 1. MarshallMcLuhan,lettertoHughKenner,30Jan.1950.HughKennerPapers,Harry RansomCenter,box46,folder2,p.2;hereafterabbreviatedLK. 2. McLuhan,""Network#2,""HughKennerPapers,HarryRansomCenter,box46,folder2, p.1.Thissentenceishandwritten(presumablybyMcLuhan)atthetopofasampleNetwork documentMcLuhansenttoKenner. 526 Evan Kindley / Kenner's Networks for participation in the Network experiment include the Canadian political economistHaroldInnis,theGermanarchitecturalhistorianSigfriedGiedion, andtheFrenchphilosopherÉtienneGilson;moretentatively,heproposesthe AmericansocialcriticLewisMumford.Thelistisnotableforitsinternation- alismaswellasitsinterdisciplinarity.ThoughMcLuhanwasthenemployedas aprofessorofEnglishliterature,heemphasizesthatheis""not interestedin those in field of English,"" firmly rejecting Kenner's suggestion that Brooks wouldbeasuitablerecipient(LK,p.1). Network's limiteddistributionmodelwasnotamatteroflackoffundsor ambition;itwas,forMcLuhan,partoftheproject'sraisond'etre,andinhis letter he scolds Kenner for failing to recognize its brilliance. ""You certainly haven'tgraspedtheideaofNetwork.[But]itsmailinglistisan[important] Matter.Objectistomailonlytotoppeople""(LK,p.1).InMcLuhan'sanalysis, therehadbeenabreakdowninthecirculationofideasbetweenvariouscadres of intellectuals, which he expresses with a biological metaphor: ""The nerve and blood flow in the social body is always inadequate. Object of Network istoimpose(atfirst)anervehook-upbetweensocialorganswhichhavelost touchwitheachother"	
Kirkwood 2022.pdf	21	From Work to Proof of Work: Meaning and Value after Blockchain Jeffrey West Kirkwood		2022			51	Economy	2	0	1	0	"From Work to Proof of Work: Meaning and Value after Blockchain Jeffrey West Kirkwood Cryptocurrenciesareonceagainascendant.Forthosehopingneveragain tohearmentionofcryptocurrency,Bitcoin,oraltcoinsfollowingthefren- ziedbuyupsandsubsequentcrashesoflate2013and2017,thereisbadnews. Atpresent,thepricesofBitcoinandtheuniverseofvariouslyconceivedcrypto- currencies that tend to trace its market movements are once more soaring. FromearlyOctober2020toAprilof2021thepriceofasingleBitcointoken hasgonefromroughly$10,000toalmost$65,000,reinspiringthehopesof thecryptofaithfulintheinevitabilityofafuturebeyondcentralizedbanking andleavingtheresttodreadthejargonofcomputationallibertarianism. Thespeculativebettingdrivingthisrecentpriceaction,however,beliesa more rudimentaryandoverlookedshiftinthedigitaleconomysignaledby cryptocurrenciesandBitcoininparticular.Techevangelistsandtechskeptics bothfrequentlytakeastheirstartingpremisethatvalueinadigital-information economy is a function of optimization and thus of efficiency. As Jennifer KarnsAlexanderhaswritten,""computingandtheuseofinformationtechnol- ogiesillustratethecontinuedapplicationoftheconceptofefficiency""andare celebratedwithinindustryforstreamliningthingslikesupply-chainmanage- ment and increasing the centralization of ""managerial control.""1 Immense computational power and novel algorithmic approaches aid in collecting and transforming data into an actionable, refinable resource that bypasses the slow, cumbersome work of human interpretation. These largely ""black box""processeshavethetendencyto""smooththings""andtomake""ordinary 1. JenniferKarnsAlexander,TheMantraofEfficiency:FromWaterwheeltoSocialControl (Baltimore,2008),p.157. transactionsfasterandmoreefficient,""withahostofnegativesocialandeco- nomicconsequences,leadingmany,suchasFrankPasquale,tojustifiablypro- posethatwe""slowthingsdown""andreintroducevitalelementsofhumanin- terpretive work.2 Whether this is seen as a prelude to a bad computational totalityoramiracleofhumanself-improvement,theunderlyingassumption isaholdoverfromanearlierindustrialmodelthatunderstoodincreasedspeed andefficiencyasameansforextractingincreasedprofitfromworkdone. Broadlyspeaking,then,computation,whilealsodramaticallychangingwhere andhowworkisdone,maximizesvaluebydoingthingsfaster,cheaper,andwith less effort. For Bitcoin, which produces value not through work but through proofofwork,thisisdistinctlynotthecase.Inplaceofefficiency,itreliesonin- creasedwork;inplaceofsimplification,itsubstitutescomplexity.Thisisasitu- ation,Iwillargue,thatstandstoinvertprevailingnotionsofvalueinthedigital economy—andbecausethisvaluestemsfromprocessesthatdestroyinforma- tionthroughirreversiblemodesofencryption,itdestroystraditionalnotions ofmeaningaswell.WhatthetechnicsofBitcoinoffer,foralloftheirseem- ingobscurity,isamodelofvaluebasedonsystemsofincreasinginefficiency thatmightassistincomingtotermswithacomputationaleconomywhosepri- maryresources—data—areproducedratherthanextractedandwhoseblack- boxedprocesses"	
Kirschenbaum 2023.pdf	27	Granular Worlds: Situating the Sand Table in Media History Matthew Kirschenbaum		2023			60	Literary Heritage|SharedTraumas	2	0	0	0	"Granular Worlds: Situating the Sand Table in Media History Matthew Kirschenbaum Wecoulddescribe thetableasan ""on"" device; thetableprovides asurfaceon which weplacethings aswell asdothings. –SaraAhmed1 Thereisa pileofsand,butno history. –Theodor Mommsen2 In2021,sandwasinductedintotheToyHallofFameatTheStrongNa- tionalMuseumofPlayinRochester,NewYork.Usually,theannualinduct- ees are commercial products of one sort or another, like Crayola crayons or the board game Risk (Hasbro, 1957). But sand, the curators noted, may be ""the most universal toy in the world.""3 When it is not a prominent part of the natural environment (or associ- atedwiththe pleasures ofthe beach),adults typically findsand tobeeither ThisarticlehasitsoriginsinaninvitationfromRichardGrusintotheCenterfor21stCen- turyStudiesattheUniversityofWisconsin-Milwaukeein2015.Aversionwasalsopresentedat thatsameyear'smeetingoftheSocietyforCinemaandMediaStudies—Iamgratefulto copanelistsShannonMatternandCraigRobertsonfortheirinput.Morerecently,in2021,Se- bastianBaeinvitedmetoshareaversionwiththeGeorgetownUniversityWargamingSociety. ForincisivereadingsofdraftsofthisarticleIamawedbythegenerosityofRanjodhSingh Dhaliwal,DavidRambo,andHannahZeavin,allearlycareerscholarswhogaveunstintinglyof theirtimeandexpertise.DuringmyrevisionsIwasenergizedbycorrespondencewithBernard Geogheganonthesubjectofsandtables.IamalsoindebtedtogamesscholarandcollectorJon Petersonforhishelpwithsources.Last,IwouldliketothankPatrickJagodaandtheothered- itorsofCriticalInquiryforsuggestionsthatclarifiedandimprovedthisarticle. 1. SaraAhmed,""OrientationsMatter,""inNewMaterialisms:Ontology,Agency,Politics,ed. DianaCooleandSamanthaFrost(Durham,N.C.,2010),p.235. 2. QuotedinWolfgangErnst,""AgenciesofCulturalFeedback:TheInfrastructureofMemory,"" inWaste-SiteStories:TheRecyclingofMemory,""ed.BrianNevilleandJohanneVillenueve (Albany,N.Y.,2002),p.113. 3. ""Sand,""TheStrongNationalMuseumofPlay,www.museumofplay.org/toys/sand/ 138 Matthew Kirschenbaum / Granular Worlds anutterlynondescriptsubstance,astrictlyutilitarianone(numerousthings aremanufacturedfromsandandsilica,fromconcretetoglasswaretosilicon chips), or else a nuisance (tracked into the house or trapping a golf ball). Sand, indeed, is often associated with emptiness or the complete absence of an environment, per the desert in common Western parlance. For chil- dren, however, sand is a powerful ""creative vehicle,"" suitable (again in the wordsofthemuseum)for""pouring,scooping,sieving,raking,andmeasur- ing."" Wet sand, they note, ""is even better, ready to construct, shape, and sculpt.""4 Morethanatoy,sandisalsoamedium,anelementalsubstrate.Asnu- merouscommentatorshaveobserved,playingwithsandmaybethefirstcre- ative experience of a medium many of us have.5 Given the extent to which such testimonials have become universalized, it is worth quoting one early attempt to promote sand's virtues, Hermann von Arnswald writing to his former teacher, the German educational reformer Friedrich Froebel, on 13 May 1"	
Kiséry 2024.pdf	26	Speech, Media, and Early Modern English Writing András Kiséry		2024			60	David Nee|Early Modern|MakingMeaning|Modern England|RethinkingTheatricalDocumentsinShakespeare'sEngland	0	1	0	1	"Speech, Media, and Early Modern English Writing András Kiséry The history of the book, of reading, note-taking, and writing in early modernEnglandhasbeensuchafruitfulfieldofresearchthatevenaless- than-superficialobservermightassumethatthemediascapeofearlymod- ern English literary culture is adequately represented by Friedrich Kittler's vision of an ""endless circulation"" of writing, ""which simply heaves words around""—where the paradigmatic writer just ""reads, makes extracts, and writescommentaries,inorderthentodictatetohisstudentsinlecturewhat oldbookshavedictatedtohim.""1Suchathoroughlybookishvisionwould howeverproduceaskewedpictureofthetangledwebofculturaltechniques inwhichliteraryactivitywasalsoenmeshed.AsLynnEnterlinepointedout, someofthebestscholarshiponrhetoricaltraininghasfocused""primarilyon theactivities ofreading andwriting ...(thetextualhabits associatedwith inventioandcopia)""resultingina""solitaryandscribalmodel""thathastended to neglect ""the corporal and vocal aspects of Latin performance.""2 It is as ifsomeonemistookthebookasabaroquesymbolofvanityfortherealityof baroquetextualcultureandfortheentirediscoursenetworkoftheperiod. Or,toputitinmorepragmaticterms,asifthesilenceofrarebookandman- uscript collections also determined the questions and subjects explored ThankstoMatthewHunterandJulianneWerlinfordiscussinganearlierdraftofthispaper andforaudiencesatthe2021MLAinTorontoandthe2021JágónakconferenceinSzegedfor theirhelpfulquestions. 1. FriedrichA.Kittler,DiscourseNetworks1800/1900,trans.MichaelMetteerandChris Cullens(Stanford,Calif.,1990),p.4.Forthedefinitivetreatmentofthishistory,seeAnnM. Blair,TooMuchToKnow:ManagingScholarlyInformationbeforetheModernAge(NewHaven, Conn.,2010). 2. LynnEnterline,Shakespeare'sSchoolroom:Rhetoric,Discipline,Emotion(Philadelphia, 2012),p.43. 678 András Kiséry / Speech, Media, and Early Modern English Writing there. Recent work has challenged the tendency that ""generally imagined poetry to inhere in paper and parchment"" and theorized the multimodal existence of poetry in the period.3 Indoing so,early modernscholarship has beenaskingquestionsthatresonatewithresearchinotherdisciplinesandon otherperiods—ofteninfactborrowingitsquestionsfromthestudyofmod- ernmediaconstellations. AsItracetherelationshipbetweenspeechandothermediainthecentury around 1600 and explore how literary writing joined other cultural tech- niquesinengagingwithspeechasthemediumofembodiedface-to-facein- teraction,myownargumentgrowsoutoftheinsightsoftwentieth-century literary criticism. The observations modernist critics made about the rela- tionshipbetweenspeechandwritingaround1600wereinformednotonly bytheirownconcernswith(literary)modernity anditsoriginsbutalsoby themediaecologyofmodernismaround1900.So,inmaking anargument aboutthemediaconstellationof1600,Iamalsoexploringhowthefeatures ofthatmomentbecamevisibleunderdifferenthistoricalconditionsorwere imprintedbyadifferentmediaconstellation.Thedefamiliarizingeffectofthe newmadethepastlookfamiliar:on"	
Kotin 2021.pdf	21	Poems That Kill Joshua Kotin		2021			44	Ice|InOurTerribleness|One|adistinctsetofpeopleIknewandtalkedto	0	0	0	0	"Poems That Kill Joshua Kotin Howdoyoustartarevolution?InNovember1965,AmiriBaraka(known thenasLeRoiJones)wroteapoem.""BlackArt""openswithanattackonpo- etry:""Poemsarebullshitunlesstheyare/teethortreesorlemonspiled/ona step.""1 The poem then targets a series of stock characters: ""owner jews,"" ""mulattobitches""(""BA"").Atthepoem'sclimax,Barakadeclares: We want ""poems that kill."" Assassin poems, Poems that shoot guns. Poems that wrestle cops into alleys and take their weapons leaving them dead with tongues pulled out and sent to Ireland. Knockoff poems for dope selling wops or slick halfwhite politicians Airplane poems, rrrrrrrrrrrrrrrrrrrrr rrrrrrrrrrrrrrr. . . . tuhtuhtuhtuhtuhtuhtuhtuhtuhtuh . . . . . rrrrrrrrrrrrrrr. . . . Setting fire and death to whities ass. [""BA""] Other victims—or are they enemy combatants?—succumb to the poem's attack:""theLiberal/Spokesmanforthejews,""the""negroleader/onthesteps ofthewhitehouse...kneelingbetweenthesheriff'sthighs""(""BA"").Then, suddenly,theattackstops.""Cleanouttheworldforvirtueandlove,""Baraka Forcommentsondraftsofthisarticle,IthankRachelApplebaum,LaurenBerlant,Charles Bernstein,BillBrown,NijahCunningham,ChristopherFreeburg,OrenIzenberg,andKinohi Nishikawa.IalsothankcolleaguesatPrincetonUniversity,andatconferencesandtalksfordis- cussingBaraka'sworkwithme. 1. LeRoiJones,""BlackArt,""Liberator6(Jan.1966):18;hereafterabbreviated""BA.""Atype- scriptofthepoem—titled""TheBlackArts""—isdated4November1965.IthankJeremyGlick forsharingthetypescriptwithme. demands:""Lettherebenolovepoemswritten/untillovecanexistfreelyand/ cleanly""(""BA"").Thedemandintroducesthepoem'sconclusion: We want a black poem. And a Black World. Let the world be a Black Poem And Let All Black People Speak This Poem Silently or LOUD. [""BA""] Thepoem'smovement—fromaestheticstopoliticstoaunionofthetwo— representsarevolutioninminiature.Barakaimaginespoemsthatkill—and, bykilling,transformtheworldintoapoem. But why must poems kill? ""Black Art"" does not ask readers to take up arms.Poems—notpeople—shootguns.Thequestiongainsurgencyinlight ofthepoem'scontext.FormanyinBaraka'saudience,revolutionwasareal possibility.Earlierin1965,MalcolmXhadbeenassassinated,Alabamastate troopers had attacked civil rights demonstrators marching from Selma to Montgomery, and the CaliforniaArmy National Guardhad suppressedsix days of rioting in Watts. A call to arms—for self-defense or to terrorize one's enemies, real and imagined—would have been understandable and perhapseveneffective.2Why,then,doesBarakamediatehisattackthrough 2. TheviabilityofablacknationalistrevolutionwasdebatedinLiberator,themagazinethat firstpublished""BlackArt.""IntheSeptember1965issue,DanielH.Watts,themagazine'sedi- tor,celebratedtheeventsinWatts:""Donotweepforourfallenbrothersandsisters,forthey diednoblyandheroiclyinthegreatestcrusadeofthe20thcentury.Thecrusadeforthelibera- tionofBlackmenandwomenfromthetyranny,brutalrepressionandyokeofwhiteracism. They,ourbrothershaveshownustheway""(DanielH.Watts,""Watts,L.A.,—TheNation's Shame"""	
Kottman 2019.pdf	13	Critical Response I Playing with the Dead: A Response to Jonathan Lear Paul A. Kottman		2019			9		0	0	0	0	"I Playing with the Dead: A Response to Jonathan Lear Paul A. Kottman JonathanLeartakesCoraDiamond'suseofJohnUpdike'sphrase""'the difficulty of reality'"" to mark ""challenges to the mind's ability to encom- passtherealityitseekstocomprehend.""""These,""writesLear,""arenotdif- ficultiesintheordinarysenseoftheterm,meaningproblemstobesolvedor resolved""(JonathanLear,""GettysburgMourning,""CriticalInquiry45[Au- tumn2018]:97).Rather,theyare""experiencesinwhichwetakesomething inrealitytoberesistanttoourthinkingit,orpossiblytobepainfulinits inexplicability,difficultinthatway""(quotedonp.97). LeartreatsthefamousCivilWarbattleandAbrahamLincoln'sGettys- burgAddressasdifficultrealitiesofthisspecialkind—asconfoundingour ""normal forms of explanation"" and challenging contemporary American politicallife, whose coherence dependson a sharedgrasp ofGettysburg's meaning(p.98). Theissuesareunquestionablyimportant.ButLear'swayofraisingthem is itself significant because, for him, the issues remain murky if assessed onlyonthebasisofestablishedfactsorbeliefsoropinions.Weneedsome- thing other than historical knowledge or moral judgment—an addition Learcalls""ethicalimagination""—inordertobettergrasptheissuesatstake (p.119).Theviewthatthinkingaboutourrealitycanrequireustoexercise apowerforethicalimagination,orspeculativethinking,beyondavailable theoretical and practical resources is now under tremendous pressure in ThankstoOmriBoehm,AdamRosen-Carole,andGreggHorowitzforhelpfuldiscussions. thehumanities.Lear'sessayoffersavaluablechancetotestourentitlement to such thinking. If such speculation is to be more than idle—capable of projectingclaimstoknowledgeintothe arenaofdemocraticjudgment— then it must sustain and profit from counterpoints of the sort that I will trytoofferhere. First, a summary of Lear's essay. ForLear,thedifficulty ofGettysburg arisesfromtwoconjoinedfactors. First, ""there was a terrible breach in our familiar forms of living with the dead""intheaftermathofGettysburg;thedeadweretoonumerous,brothers mixedinasenemies(p.99).Second,""sensoryexperienceswereoverwhelm- ing—visual,tactile,andolfactory""(p.100).This""retch-making,suffocating, disgusting,terrifyingsmell""isexperiencedasademandto""understandthis reality""(p.101). Thesearetwosidesofthesamedifficulty:livingwiththedead.Although thischallengepresenteditselfatGettysburgindistinctways,itisnotunique toGettysburg—""thesensethatweneed aritualinorder tolive well with thedeadstrikesdeepinourhumanity""(p.100).Thisneedisbothprimor- dialandhistoricallyindexedtoGettysburginsignificantways. Ontheonehand,Learis""troubledbyasensethatsomethingprimordial wentwrong""andthat""weasacountryremainhauntedbyit""(p.97).1The needtocareforthedeadisprimordial,Learmeans,insofarasitnotonly bespeaks a custom or family duty but also goes to the heart of human self-understanding. If the (ancient) family's most sacred duty is to bury its owndead,thisisbecausetheancientfamilytakesshapearoundapri- mordialneedtomakesenseofindividualmortality. Ontheotherhand,thereliest"	
Kramnick 2021.pdf	5	Critical Response II Reply to John Brenkman Jonathan Kramnick		2021			4		0	0	0	1	"II Reply to John Brenkman Jonathan Kramnick ""CriticismandTruth""focusedontheepistemologyofclosereading,ex- amininghowthatcorepracticeofliterarycriticalwritingisadistinctiveway of knowing.1 Behind that endeavor was the idea that defending the good standing of the discipline of literary studies might be a worthwhile thing todoatamomentofrealperilforhighereducation.Thatperilhasonlydeep- enedsinceIwrotetheessay.Theemploymentcrisisisnowacatastrophe,en- croachments on intellectual autonomy now ever more widespread. These developments callfor anurgentresponse. Onesuchresponseistoremind peoplewhyitisgoodtohavetheliteraryhumanitiesaround. One reason it is good to have the literary humanities around is because they tell truths concerning parts of the world worth knowing something about.Iwantedtogetahandleonhowthathappens.Iwantedtogetahandle onthemethodparticulartothediscipline.Wheremuchoftherecentmeta- discourseonmethodorpurposeinliterarystudieshasattemptedtocharac- terizethedisciplineanditshistoryatonce,asawhole,IstartedsmallsoIcould be precise and then build upwards. Sometimes big questions are served by smallanswers.AndIwentverysmallindeed,allthewaytothatbedrockof close reading, the seemingly intuitive but highly skilled practice of quoting thelanguageyou'reinterpretinginthesentenceyou'rewriting.Thispractice ofin-sentencequotation,Iargued,exhibitsakindofskilledhandiworkthat isatonceknowledgebearingandknowledgecreating.Itisawayoftreating materials in such a way that works within their limits, grapples with the 1. SeeJonathanKramnick,""CriticismandTruth,""CriticalInquiry47(Winter2021):218–40. quiddityoftheirform,theirculture,andtheirhistory.Itisawaytocreate somethingthatisnewwithintheconstraintsofwhatisgiven. I wanted tosaythatliterary studies andthe rest ofthehumanitieshave methods that aim at truth just as the sciences do, even as they don't have the same method as the sciences. My goal was to respect disciplinary dif- ference while arguing for the irreducible form that knowledge in our disci- pline takes.2 Again, this seems quite important at the current moment. Lit- erarystudydoesnotforexampleemploythesamestandardofreplicationas the sciences. Nor should it. There is something singular about individual sentences of critical writing. The essay attempted to show that singularity inaction.Itattemptedtodescribeabaselinecompetencesharedbythepro- fession at large, not to change anyone's critical activity so much as provide an account and defense of that activity. Oneadvantageoflookingcloselyatquotationisthatitfeaturestractable matters of syntax like mood, tense, and number and therefore locates methodinactualpracticeratherthanideasaboutpracticeasisoftenthecase. I wanted in that respect to illuminate a baseline competence within the easy-to-overlook,becauseafteratimeinstinctive,proceduresofcloseread- ing and to argue that this competence tells us something about the world the epistemology of skill that extend from Gilbert Ryle at the midcentury to Jason Stanley "	
Kramnick 2021b.pdf	23	Criticism and Truth Jonathan Kramnick					28		2	0	0	0	"Jonathan Kramnick Does literary criticism tell truths about the world? This is a question scholarsofliteraturedon'toftenask,ordon'toftenaskdirectly,butitgets totheheartofhowworkinthedisciplineisdoneandwhythedisciplineex- istsinthefirstplace.Onewaytoanswerthequestionistoexaminewhether whatmeansitsstatementsarejudgedastrueorfalse.Howdoweencounter andinteractwithourobjectsofstudy?Wheredoesourwritingbeginandthe writing we're writing about end? How are consensus judgments about the validityorperspicuityoreleganceofareadingmade?Anotherwaytocome atthisquestionistoexaminewhethercriticismiscapableinsomefashionof tellingtruthsabouttheworlditself,notjustthesmallpieceofitcalledliter- ature.Doescriticismaboutecologyorconsciousness,totakeexamplesfrom myownwork(andfeelfreetoinsertyourown),tellsometruthaboutecol- ogyorconsciousnessthemselves?Ithinkwe'dallliketobelievethatitdoes, buthow?Bothlinesofinquirytakeaimatmethodandthereforeatepiste- mology.Theyaskhowcriticalpractice—writingaboutwriting—purportsto conveyknowledge,whetherthatisknowledgeaboutliteratureorknowledge abouttheworldinwhichliteratureisonepart.Thisessayisapreliminaryef- forttoconsiderthesetwosidesoftherelationbetweencriticismandtruth. Methodhasbeenahottopicinliterarystudiesasoflate.Somuchsothat RitaFelski's2014term""methodwars""fordebatesbetweenvarioustypesof readingandquarrelsoverthestatusofcritiqueseemstohavestuck.1Asur- vey of the relevant essays and book chapters, however, might lead one to wonderwhetherwehavebeenfightingaboutmethodatall.Felskiclaimedthat thedebatesinwhichshewasinterestedwereabout""thevariousprocedures 1. RitaFelski,""Introduction,""NewLiteraryHistory45(Spring2014):v. andpracticesthatinformourencounterwithatext,""buttheiractualcon- tent always seemed to be about something else.2 Just when we might have expected a discussion of how arguments in literary studies are made, the topic turned instead, in Felski and Elizabeth Anker's words, to matters of ""tone,attitude,orsensibility,""to""ethosoraffect.""3Itisforthisreasonhard nottoagreewithDavidKurnick'sassessmentthat""althoughithasbecome commontorefertothisminiaturetraditionasaboutmethod,""thecritical textsatthecenterofthesedebates""offernotnewwaystointerprettextsbut newwaystofeelaboutourselveswhenwedo.""4Kurnickgoesontoprovidea bravuraaccountofthesefeelings,rangingfromparanoiatojoytosuspicion topleasure.I'dliketotakeuptheotherpartofhisinsight:thatwhatismiss- ingfromourtalkaboutmethodismethod,ouractualon-the-groundpro- ceduresofreadingandinterpretation.Thereisifonelooksalooseconsensus whenitcomestoourmethods,Ithink,evenasthereisdisagreementinour talkaboutmethod.Wejusthaven'tyetorhaven'trecentlypausedtolookat them carefully. Method talk should, but hasn't really, included reflections oneverydaypractice. That is a shame. Methods are distinct from the topics and feelings that accompany them, as fascinating as these topics and feelings might be. To think about method qua method is to consider how we make arguments andhowourproceduresoftruthtellingsta"	
Kurtz 2021.pdf	30	The Philological Apparatus: Science, Text, and Nation in the Nineteenth Century Paul Michael Kurtz		2021			58	TheodorN	0	0	1	1	"The Philological Apparatus: Science, Text, and Nation in the Nineteenth Century Paul Michael Kurtz Philologyisasciencethatonceterrifiedtheworld.1Thehistoricalstudy oftextandlanguageseemedtoposeanexistentialthreattomanyonlook- ers in the nineteenth century. A technical work on Homer was thus com- pared to ""revolutionary doctrines""2 in the Ancien Régime and a ""perverse attempt...ofexplainingtheworldwithoutagod.""3ButHomerwasonly one hallowed author or received tradition threatened by this new science. BartholdGeorgNiebuhrjudgedLivy'searlyhistoryofRometobeafiction; GeorgeGrotecastdoubtonThucydidesandcelebratedliberaldemocracyin Athens;WilhelmMartinLeberechtdeWetteclaimedfabricationstothetrue past of ancient Israel in the biblical narrative; and David Friedrich Strauss Forcriticalengagement,IamindebtedtoAnkurBarua,MariekeDhont,SimonGoldhill, NathanMacDonald,HaraldSamuel,EmilianoUrciuoli,andRebeccaVanHove—butBernard Geogheganmostofall.ValuablesuggestionsalsocamefromtheeditorialboardofCriticalIn- quiry.Earlierdraftsofthisarticlewereworkshoppedat""BiblicalScholarshipandTheologyin theNineteenthCentury,""aseminarhostedbytheCenterforResearchintheArts,SocialSci- encesandHumanities(CRASSH)attheUniversityofCambridge,andat""DisciplineFormation intheModernHumanSciences,""acolloquiumorganizedbytheSartonCentreforHistoryof ScienceatGhentUniversity.IgratefullyacknowledgefundingfromtheEuropeanUnion'sHo- rizon2020researchandinnovationprogramundertheMarieSkłodowska-Curiegrantagree- mentNo.749628,undertakenatCambridgein2017–19,andfromtheFlemishResearchCouncil (FWO),atGhentsince.Unlessotherwisenoted,alltranslationsaremyown. 1. Inthiscontext,philologyisbestdefined,withLorraineDastonandGlennMost,as""the rational,disciplined,andinstitutionalizedformofinterpersonalresearch,testing,andcommu- nication,directedto(aboveall,written)texts""(LorraineDastonandGlennMost,""Historyof ScienceandHistoryofPhilologies,""Isis106[June2015]:379;hereafterabbreviated""H""). 2. WilliamMure,ACriticalHistoryoftheLanguageandLiteratureofAncientGreece,5vols. (London,1854),1:197. 3. JohnStuartBlackie,HomericDissertations,vol.1ofHomerandtheIliad(Edinburgh, 1866),p.245. 748 Paul Michael Kurtz / The Philological Apparatus pushedJesusoutoftherealmofhistoryandintothatofmyth.Asoneob- server noted, it was only a short step from the ""annals of heroic Greece andofregalRome""beingreducedtofablesortheunifiedauthorshipofthe Odyssey and Iliad being split apart to the sacred accounts of Judaism and Christianitybeingtotallydismantled.4Sotightlyboundwerepoliticsandre- ligion,ononehand,andtheclassicalworldandbiblicaltradition,ontheother, thatJohnGibsonLockhartcoulddeclarecriticalinquiryintotheepicsofan- cient Greece ""the Antichristian conspiracy.""5 Before biology, before geology, philology was chipping away the very foundations of Western civilization: itsheroes,itshistory,itsstructures—andwiththem,itsself-understanding. Withitsclaimstoscientificity,thisphilologyprovedscandalouswhenit first appeared on the scene. Replacing erudi"	
Laikwan 2023.pdf	23	Facing Up to the Sovereign: ' Pak Sheung Cheun s Nightmare Wallpaper ' and Hong Kong s Despair Pang Laikwan		2023			35		1	0	1	0	Facing Up to the Sovereign: ' Pak Sheung Cheun s Nightmare Wallpaper ' and Hong Kong s Despair Pang Laikwan TheintenseproteststhattookplaceinHongKongin2019mightbethe inevitable result of many of the city's residents struggling to protect their relativelyindependentcityidentityagainstitssovereignstate,whichisincreas- inglyinsecureaboutanypoliticalchallengesandbusilyassertingitssovereign rights. Under such conditions, a vicious circle of fear tightens quickly and invitesviolencefrom bothsides,solidifyingthedeepmistrustbetweenthe protestorsandtheauthorities.Caughtinanewcoldwarwithmanyuncer- tainties,Beijinghasshownnodesiretoforgiveandreconcilewiththisdem- ocraticmovement,arrestingandsentencingprotestorsandactiviststoyears ofimprisonment,usingdesperateremediesforwhatitregardsasdesperate diseases.ManyHongKongpeople,inturn,arecaughtinastateofintense depression—imprisoned by the grudge they hold, finding no exit from the omnipotenceofthesovereignstate. Toopenawayintothedifficultdiscussionofpoliticaldespairintoday's HongKong,Ihavechosentofocusonanartprojectwhoseoutputincludes drawings,prints,relics,andinstallationsthatweresubsequentlyputintoa series of exhibitions and a book by Hong Kong artist Pak Sheung Chuen. NightmareWallpaper,theworksandtheproductionprocess,revealssome- thingofthecontestedpoliticallogicinHongKong.Throughacontextual- izedinvestigationofPak'sstrugglestoestablishanaestheticrelationshipwith his lost self and his fellow protestors in Nightmare Wallpaper, this article Unlessotherwisenoted,alltranslationsaremyown. 252 Pang Laikwan / Facing Up to the Sovereign aspirestounwindthefieldofpoliticsinadepressedcitycocoonedinlayers ofconflictingemotions.IwilljuxtaposePak'sworkswithsomepopularslo- gansfromthe2019socialmovement,forthepurposeofexploringthesubtle dynamicsbetweentheartist'ssubjectivityandtheprotestcollective'sinter- subjectivity. Pak's work, produced between the 2014 Umbrella Movement andthe2019Anti-ELABMovement,allowsustogainaccesstoaloosecity- wide collective consciousness in which its residents struggle to hold onto eachotherforpoliticalexpressions—subtleorhyperbolic,bothcombative and forgiving. The relationship between art and politics—particularly in thedifficultsituationofHongKong,whereartcanstillfaceuptothesov- ereignwithfearsandcourage—callsforexamination.Artmightbeameans toescape,but,asshowninPak'swork,itcouldalsoencourageonetostay andpersevere. Facing the Despair PakisoneinaleadinggroupofHongKongartists,includingChingChin Wai, Lam Tung Pang, Amy Cheung, Kacey Wong, Wong Wai Yin, and Chow Chun Fai, among others, who show a strong cultural and political identification with Hong Kong.1 Together, they reveal a commitment to a local way of living and seeing the world that distinguishes contemporary Hong Kong arts from the practices of other places. Submerged in intense andfast-changingpoliticaldiscussionsandactivities,manyHongKongart- istshavenoroomtosplithairsinabstractthinkingorindulgeinreflective sentimentality.Manyofthemdonotp	
Latour 2021.pdf	3	Is This a Dress Rehearsal? Bruno Latour	2020	2021			2	Sciences Po	0	0	0	0	"Is This a Dress Rehearsal? Bruno Latour 26 March 2020 Theunforeseencoincidencebetweenageneralconfinementandthepe- riodofLentisstillquitewelcomeforthosewhohavebeenasked,outofsol- idarity,todonothingandtoremainatadistancefromthebattlefront.1This obligatoryfast,thissecularandrepublicanRamadancanbeagoodoppor- tunityforthemtoreflectonwhatisimportantandwhatisderisory.Itisas thoughtheinterventionoftheviruscouldserveasadressrehearsalforthe nextcrisis,theoneinwhichthereorientationoflivingconditionsisgoing tobeposedasachallengetoallofus,aswillallthedetailsofdailyexistence thatwewillhavetolearntosortoutcarefully.Iamadvancingthehypoth- esis,ashavemanyothers,thatthehealthcrisisprepares,induces,andincites ustoprepareforclimatechange.Thishypothesisstillneedstobetested. Whatallowsthetwocrisestooccurinsuccessionisthesuddenandpain- fulrealizationthattheclassicaldefinitionofsociety—humansamongthem- selves—makes no sense. The state of society depends at every moment on the associations among many actors, most of whom do not have human forms.Thisistrueofmicrobes—aswehaveknownsincePasteur—butalso oftheinternet,thelaw,theorganizationofhospitals,thelogisticsofthe state,aswellastheclimate.Andofcourse,inspiteofthenoisesurroundinga ""stateofwar""againstthevirus,itisonlyonelinkinachainwheretheman- agementofstocksofmasksortests,theregulationofpropertyrights,civic habits,gesturesofsolidaritycountexactlyasmuchindefiningthedegreeof 1. ThispostwasoriginallypublishedinFrenchatLaMonde;seeBrunoLatour,""La crisesanitaireinciteàseprépareràlamutationclimatique,""LaMonde,25Mar.2020,www .lemonde.fr/idees/article/2020/03/25/la-crise-sanitaire-incite-a-se-preparer-a-la-mutation -climatique_6034312_3232.html S26 Bruno Latour / Is This a Dress Rehearsal? virulenceoftheinfectiousagent.Oncetheentirenetworkofwhichitisonly onelinkistakenintoaccount,thesamevirusdoesnotactinthesamewayin Taiwan,Singapore,NewYork,orParis.Thepandemicisnomorea""natu- ral""phenomenonthanthefaminesofthepastorthecurrentclimatecrisis. Societyhaslongsincemovedbeyondthenarrowconfinesofthesocialsphere. Havingsaidthat,itisnotcleartomethattheparallelgoesmuchfurther. Afterall,healthcrisesarenotnew,andrapidandradicalstateintervention doesnotseemtobeveryinnovativesofar.OneneedonlylookatPresident Macron's enthusiasm to take on the figure of head of state that he has so pathetically lacked until now. Much better than terrorist attacks—which are,afterall,onlypolicebusiness—pandemicsawakeninleadersandthose in power a kind of self-evident sense of protection—""we have to protect you,"" ""you have to protect us""—that recharges the authority of the state andallowsittodemandwhatwouldotherwisebemetwithriots. But this state is not the state of the twenty-first century and ecological change;itisthestateofthenineteenthcenturyandso-calledbiopower.In thewordsofthelateAlainDesrosières,itisthestateofwhatisrightlycalled statistics:populationmanagementonaterritorialgridseenfromaboveand ledbythepowerofexperts.2Thisisexactlywhatweseeresurrectedtoday, withth"	
Latour 2021b.pdf	20	How to Remain Human in the Wrong Space? A Comment on a Dialogue by Carl Schmitt Bruno Latour					32	Earth|Peter Weibel|Sciences Po	0	1	0	1	"How to Remain Human in the Wrong Space? A Comment on a Dialogue by Carl Schmitt Bruno Latour ForAdamTooze InAffluenceandFreedom,PierreCharbonniertakesupKarlPolanyi'sar- gumentthatthoseontherightofthepoliticalspectrumhave,forcontingent historicalreasons,appropriatedattachmentstotheland.Inprinciple,there- sistance of society to the religion of the market, as Polanyi argues, should have started by saving the land from the deadly grasp of economics.1 Such an attempt to extract land, soil, and earth from the grasp of rightist ideol- ogiesisofevengreaterimportancetodaywiththeemergenceofwhatDipesh Chakrabartycallsthe""planetary""2andIrefertoasGaia.3Everycountrynow is torn apart between the world they live in and the world they live from, to useCharbonnier'sterms.4Hencetheimportanceoftakingasecondlookat thosethinkersontheRightwhohavegiventoland,andlandgrabs,thepride ofplaceintheircosmology. None of those thinkers is better known than Carl Schmitt. It might be worthwhiletoretrievefromSchmittthetinybitofwisdomaboutspacethat he turned into such a powerful poison while he was alive. It would be ThankstoJosephKoernerforlivelydiscussionsintheSchlosshotelofKarlsruheandtoAn- toineHennion,Pierre-YvesCondéandDorotheaCondé,aswellasGerarddeVries.Thanksalso toMargauxLeDonnéandparticipantsinthereadinggroupthatshekindlyassembled.Theyare innowayresponsiblefortheresult.MichaelFlowerkindlycorrectedmyEnglishonceagain. 1. SeePierreCharbonnier,AffluenceandFreedom:AnEnvironmentalHistoryofPolitical Ideas,trans.AndrewBrown(forthcoming). 2. SeeDipeshChakrabarty,""ThePlanet:AnEmergentHumanistCategory,""CriticalInquiry 46(Autumn2019):1–31 3. SeeBrunoLatourandTimothyM.Lenton,""ExtendingtheDomainofFreedom,orWhy GaiaIsSoHardtoUnderstand,""CriticalInquiry(Spring2019):659–80. 4. SeeCharbonnier,AffluenceandFreedom. 700 Bruno Latour / How to Remain Human in the Wrong Space? imprudenttoignorehisviewstoday,whentherearepeopleeverywherewho areconcoctingsimilarschemestooccupythespaceofothersinordertosur- viveagainstothers.5Whichpeople?Whichothers?Whichsoil?Whichspace? Thosearequestionsthatcannolongerbeignorednowthatawholeciviliza- tion is looking for ways to land somewhere without crashing. Letmestartwithaquotation,forgettingforthemomentthattheauthor is Carl Schmitt: Thechangeintheconceptofspaceisunderwaytodayinallareasof humaninquiryandactivitywithpowerfuldepthandbreadth.Thegreat geopoliticaleventsofthepresent,too,containattheircoresucha changeinhithertoexistingconceptionsofspaceandpresuppositionsof spacethattheonlyusefulhistoricalcomparisonwehaveforthemisthat shiftintheplanetarypictureofspacethattookplace400yearsago.6 Thisisnotaquotationfromahistorianofscience,norisittakenoutof Chakrabarty'swork.Schmitt'swordsofferusastrikingparalleltotheques- tionthatisraisedtodayaboutwhatIhavecalledtheNewClimaticRegime.7 There is no doubt that a deep change in the ""planetary picture of space"" is ""underway today in all areas of human inquiry and activity."" InthefollowingarticleIwanttoexaminethesubtlecontrastinto"	
Latour Lenton 2019.pdf	22	Extending the Domain of Freedom, or Why Gaia Is So Hard to Understand Bruno Latour and Timothy M. Lenton		2019			45		1	0	2	3	"Extending the Domain of Freedom, or Why Gaia Is So Hard to Understand Bruno Latour and Timothy M. Lenton TheGaiahypothesisimpliesthatthestablestateofourplanetincludesmanaspart of,or partnerin,averydemocratic entity. —JamesLovelock1 EversinceDipeshChakrabartyopenedaPandora'sboxonthedefini- tionofhumanityduringtheAnthropocene,thequestionofestablishinga newcontinuitybetweenthedomainofnecessity(nature)andthedomain of freedom (society) has been raised.2 In this paper we claim that free- dom,understoodasthecapacitytoobeyone'sownlaws—thatis,auton- omy—could offer a common ground for ecological politics, on the con- ditionofrevisingsomeofthecommonly held viewsofwhattheconcept of Gaia consists of. To do so, we wish to look in a new way at Gaia as James Lovelock and Lynn Margulis have proposed it, thanks to research done in natural and social science since the inception of this concept. A Common-Sense View That Is Not So Common Thepublicdiscourseaboutthestateoftheplanetiscurrentlyinapar- adoxical situation: on the one hand, everyone involved in the politics of climateaccepts theideathatEarth behavesas aregulated systemthathas WethanktheparticipantsattheFondazioneCiniSeptember2017meeting""What'sthe BodyofthenewBodyPolitic?""inVeniceformanyusefulinsightsandBillBrown,Dipesh Chakrabarty,BruceClarke,SébastienDutreuil,DorotheaHeinz,BaptisteMorizot,andSimon Schafferfortheircommentsonthepaper. 1. JamesLovelock,Gaia:ANewLookatLifeonEarth(1979;NewYork,2000),p.137. 2. Chakrabartyisrightthatallthedifficultiesingivingpoliticaltractiontoecologicalques- tionsarisefromsuchincommensurabilitybetweenlong-termgeologicalhistoryandshort-term humanhistory;seeDipeshChakrabarty,""TheClimateofHistory:FourTheses,""CriticalIn- quiry35(Winter2009):197–222. 660 Bruno Latour and Timothy M. Lenton / Extending the Domain of Freedom been dangerously pushed by human action out of its normal conditions ofoperation;ontheotherhand,thehypothesisthatEarthisindeedaself- regulating system remains highly controversial—and most people do not connecttheideaofEarthregulationwithLovelock'sandMargulis's""dis- covery""ofGaia.Thus,thecommonhorizonofpoliticalactionandmoral commitment—Earthisasystemputoutofwhackthatshouldbebrought backinsidesomeformoforderthroughtheregulationofhumanactivity— remains a local and disputed intellectual and scientific idea. ThereasonforthisparadoxisthattheGaiatheoryhaseitherbeenem- bracedwithtoomuchenthusiasmorrejectedwithtoomuch scepticism, bothwithoutunpackingitsexactcontent.Nowonder,asorderandregu- lation are terms that pertain jointly to science and to politics. Those for whomitisobviousthatthereissomeorderintheregulationoftheEarth, as well as those for whom it remains a vague metaphor, might not have zoomed in on the precise ways through which Gaia was introduced. No matter if theycome from philosophy or from science, theyseem tohave pigeonholed the argument to suit their preconceptions of how nature is supposedtorule,ratherthanbeingsensitivetotheoriginalityofthephe- nomenaoffer"	
Laugier 2019.pdf	14	Disobedience as Resistance to Intellectual Conformity Sandra Laugier and		2019			27		1	0	0	2	"Disobedience as Resistance to Intellectual Conformity Sandra Laugier and Translated by Daniela Ginsburg ArnoldDavidsonhasmanyuniquequalities,oneofwhichishisability to teach you about yourself. Another is the quiet way he has introduced resistanceintowhathasbecomeintellectualconformityinphilosophy.Not only does he represent and express this resistance in his own way of liv- ingandthinking,fordecadeshehasbeenarmingus—givingusweapons, orrathertoolsandresources—fornonviolentdisobedience.Oneofthese toolsisStanleyCavell'smoralperfectionism.Anotherisself-reliance,where disobedience is anchored. Can we count on ourselves, and if so, how? On the day he moved to Walden Pond—it was 4 July, the anniversary of US independence— Henry David Thoreau decided that he would build his house with his own handsand livealonein thewoods: I""earned myliving bythelabor ofmyhandsonly.""1Utopia?Aftertwoyears,Thoreaureturnedtociviliza- tion,butthespiritofWaldenlivedoninthemanyactsofcivildisobedi- ence—aconceptThoreauinvented—thatmarkedthefightforcivilrights intheUSinthe1960s,aswellasrecentgrassrootsmovementsinEurope, theUS,andmanypartsoftheworld.Disobedienceisbasedonthemoral AversionofthisessaywasoriginallypublishedasSandraLaugier,""Ladésobéissance commeprincipedeladémocratie,""in""Désobéirendémocratie,""aspecialissueofPouvoirs 155(Nov.2015):43–45;revue-pouvoirs.fr 1. HenryD.Thoreau,Walden:AFullyAnnotatedEdition,ed.JeffreyS.Cramer(NewHa- ven,Conn.,2004),p.1;hereafterabbreviatedW. principleofself-reliance,whichencouragesindividualstorefusethecom- mon,acceptedlawandtobasethemselvesinsteadontheirownconviction thatthelawisunjustandunsuitable.ThismoralprinciplesaysthatIcan andImustopposethecommonlawandisolatemyselffromsocietyifIdo notrecognizemyself init. Civil disobedience is a voluntary and conspicuous refusal to obey a regulatorytext.Itisaveryspecificformofactionandentailsnonviolent, collective, and public refusal to fulfill a legal or regulatory obligation on the grounds that it violates some ""higher principle."" The goal of the ac- tion is to draw punishment, so that the legitimacy of the obligation in questionmaybeassessedincourt.Noteveryformofnoncompliancewith the law constitutes civil disobedience. Why Disobey? Therefusaltoobeyanunjustlaw,farfromsignalingarejectionofpol- itics,isanappealtoexpandtherightsandfreedomsthatademocracyaf- fords its citizens. This is what Albert Ogien and I tried to capture with Pourquoidésobéirendémocratie?(WhyDisobeyinDemocracy?).2Bycom- bining two pragmatic approaches—sociology and philosophy—we at- temptedtojustifycivildisobedienceandtheOccupymovementsofthelast decade,notonlyasformsofdefenseofdemocracyandits""principle,""3but alsoasexpressionsandimmanentimplementationsofdemocracy. In2010,whenOgienandIfirstbegantotrytorehabilitatetheconcept ofcivildisobedience, wehadquiteabitofworktodo,foritwasconsid- ered an outdated, inadequate, and even toxic form of political action. In a democratic regime, freedom of the vote, of expression, of assembly, of strike"	
Lear 2019.pdf	11	Critical Response II fi fi Dif culties with the Dif culty Jonathan Lear		2019			11	PapersonPsychoanalysis|the Department	0	0	0	0	"II fi fi Dif culties with the Dif culty Jonathan Lear Inhiscommentonmyessay,PaulKottmansaysthatnotonlyaretheis- sues""unquestionablyimportant""butthatmywayofraisingthem""isitself significant"" (Paul Kottman, ""Playing with the Dead: A Response to Jona- thanLear,""CriticalInquiry46[Autumn2019]:212).Iagree.ButKottman misunderstands myway ofraising them—and thisinitialmisunderstand- ing distortstherestofhisinterpretation. Kottmansaysthat,forme,""theissuesremainmurkyifassessedonlyon thebasisofestablishedfactsorbeliefsoropinions.Weneedsomethingother thanhistoricalknowledgeormoraljudgment—anadditionLearcalls'eth- icalimagination'—inordertograsptheissuesatstake""(p.212).Thischar- acterization gets me wrong on a number of levels, all of them important. Idonottalkaboutissuesbeingmurky.Italkaboutthedifficultyofre- ality—andIusethatphraseinthespecialsensethatCoraDiamondeluci- datedinherclassicpaper,""TheDifficultyofRealityandtheDifficultyof Philosophy.""1 It is crucial to grasp the irony in her use—an irony that is atthesametimeutterlyearnest.Normally,difficultiesofrealityarediffi- culties we encounter in the world—difficulties in figuring out what todo in emotionally or ethically challenging situations, difficulties with things thatwerelyonbreakingdown,difficultiesinunderstandingatheoretical problem,andsoon.Withanyofthesedifficulties,orifdifficultiespileup, IwouldliketothankJohnCoetzee,GabrielLear,andCandaceVogler. 1. SeeCoraDiamond,""TheDifficultyofRealityandtheDifficultyofPhilosophy,""Partial Answers1(June2003):1–26.SeetooTedHughes's""SixYoungMen,""inCollectedPoems,ed. PaulKeegan(NewYork,2003),pp.45–46. 226 Jonathan Lear / Rejoinder thingsmightgetmurky.Buthoweverimportantthesedifficultiesare—andI donotwanttoputanyupperboundontheirsignificance;ontheirpotential tooccasionsuffering,trauma,joy,insight,blindness—theyareinner-worldly difficulties;problemswecomeuponlivingintheworld.Someofthesedif- ficultiesarewhatAristotlecalledaporiai:momentswhenwearepuzzledby phenomena that current theories do not adequately explain. By contrast, withthe difficultyofrealityinDiamond'ssense,worldliness itself becomes problematic.Letmesayafewwordsaboutthis.Diamondexaminesanex- perience(capturedinapoembyTedHughes)inwhichthenarratorislook- ingataphotograph,takenfortyyearsearlier,ofsixyoungmenafewmonths beforetheywereslaughteredintheFirstWorldWar.Icannotheregointo thedetailsofDiamond'sreading—thoughIhavediscussedheressayelse- where2—but a central point is that we miss thepoem if we think of itin termsofdifficultiesweconfrontlivingintheworld,howeverserious,chal- lenging,andtragicthosedifficultiesare.Humansdogotowar;countless numbersarekilledintragicandunjustcircumstances;manydietooyoung; othersareleftbehindwithexcruciating,hauntingmemories.Poetrymay explore all this with precision, depth, and pathos. But for Diamond, this poemexpressesadifferentsortof difficulty:thatof theelementalcatego- rieswithwhichweorganizetheworld—aliveordead?imageorreality?past orpresent?coherentorincoherent?animateorinan"	
Lee 2025.pdf	20	Hate, Consent, Play Wendy Anne Lee	2022	2025			33	Distress|Geometrical Order|Image|Kathleen Lubey|Lee|Lisa Miller|Novel|Polite Society|Prejudice|Pride and|Soft ware|Spinoza|Teaching|Toni Bowers|Wendy Anne|Winnicott|an experimental|her article|machine learning|other words|the Counter-Transference|the English|the Novel|which Wickham	1	2	0	0	"Hate, Consent, Play Wendy Anne Lee ""The Question Is, Where Is the Penis?""1 In the still-masked semester of spring 2022, I taught a graduate seminar purportedly on affect theory, which was, without question, the worst class room experience of my life. I can only imagine how the students felt, but I doubt I was alone when, during our midpoint coffee break, I fought the urge every Monday to run away. My panic arose from a deepening observation that no one was offering anything real, that is, raising questions about the words we had read that would matter personally to figure out or even just to express. The absence of authentic and specific inquiry, coupled with my pedagogical helplessness to fill or transform it, wracked me with dread. For the first time, I calculated the number of years before I could retire. What made it worse was that there had been two successful meetings, both occasions on which I had invited faculty guests to participate. No one had taken up the text in any detail, but the discussions had managed to be lively and insightful. Afterwards, the students remarked that they had truly en joyed these classes, an admission that sparked my low-grade resentment for the rest of the term, directed largely toward my fellow faculty, who (no fault of their own) both happened to be tall, white, charismatic males. In truth, these details hardly mattered because the role of any seminar guest is to be charming, and they were. Listening to their views on Charles Darwin and Sigmund Freud was a pleasure, whereas my method (of mostly disconnected, microscopic, unresolvable close readings) tended to states of confusion and pain. 1. D. W. Winnicott, Holding and Interpretation: Fragment of an Analysis (New York, 1986), p. 45. 132 Wendy Anne Lee / Hate, Consent, Play I should have been mature enough to offer the instruction they needed, especially during that fraught period of returning to the classroom. But un moored myself, I had my own group needs. Why did I need them to close read with me? Because I needed to play, to enter a zone of pushing and pok ing at the objects before us, still there, still waiting to be handled. Lecturing would not cut it. I wanted them to pick up pieces of thought, shapes and shells of utterance, and jagged ends of conversation with me. They refused. They preferred a more direct order of transmission: ""Darwin meant X. The salient aspect is Y. We must continue to ask Z."" I refused. In a seminar on D. W. Winnicott a few weeks later, I used his transcript of an analytic session to intervene in our dynamics. I recapitulated Winnicott's question to the patient, Who has the penis in the room? and asked how they understood our roles in the seminar. I asked if it were possible to explore any anxieties that attached to those roles and to consider what it would take to loosen those positions. When a student repeated that they ""liked class the most"" when the guest faculty had taught, I quoted again from the transcript: ""The question i"	
Lefebvre 2022.pdf	32	Photography and Semiotics: Use and Purpose Martin Lefebvre		2022			30		0	0	0	0	"Photography and Semiotics: Use and Purpose Martin Lefebvre 1. Introduction It hasbecomecommonplaceinstudiesofphotographytocallonCharles Peirce'sconceptofindexicalitytoaccountforwhatappearstobeauniquere- lation that photography entertains with the physical world. Peirce himself sometimes used photographs toexemplifywhat hemeantbyan index.But healsousedphotographstoexemplifywhathecalledadicentsign.Further- more,photographscanequallybeusedtorepresenticonicallyorsymbolically, andtheymaybeinterpretedinsuchawaythattheystandasrhematicsigns— meaning that indexicality alone does not exhaust the semiotic or represen- tational potential of photography. So, what then is the semiotic nature of photographs?TheargumentIpresenthereisthatnosuchnaturecanbede- terminedapriori;rather,wemustconsiderhowandforwhatpurposeagiven photograph is used as a sign of something. A key, though often neglected, aspectofPeirce'ssemioticsisthatanythingthatactsasasigndoessorelative toapurposeandrelativetothesortofpurposeitisapttosustaininagiven situation. 2. Peirce on Photography: Basic Principles On thefaceofit,photographymightseemtolenditselftoastraightfor- wardsemioticaccount.WeknowthatPeirceoftenusedittoillustratedif- ferent types ofsigns, especially theindex and thedicent signs, though itis also said to involve an iconic sign. Both the icon and the index have been mainstaysindiscussionsofphotographyfordecades,thoughitistheindex thatusuallygetssingledoutbecauseitappealstotheideaofthephotograph asatraceofwhateverstoodinfrontofthecamera.Mostphotographyschol- arshavesincereferencedPeirceandtheindexintheirwork.Yettheresults havebeenmixed,ascanbeseenbytheroundtablediscussionpublishedby James Elkins in Photography Theory.1 A good deal of the difficulties these scholarsfaceinaddressingindexicalityisthattheytoooftendivorcetheindex from Peirce's wider-reaching semiotic and pragmatic philosophy.2 Indeed, champions and critics of indexicality in photography studies, film scholar- ship, media studies, and cultural visual studies have consistently limited the 1. SeePhotographyTheory,ed.JamesElkins(NewYork,2007). 2. SeeMartinLefebvre,""TheArtofPointing:OnPeirce,Indexicality,andPhotographic Images,""inPhotographyTheory,pp.220–44. purchase of the index by resorting to a ""thin,""3 ""restricted,""or ""diminished"" accountofit.4Weneedinsteadathickerunderstandingoftheindex(andof afewothertypesofsigns)inthecontextofPeirce'sphilosophy,arguingthat unlessweconsiderthewaysbothimageproducersandviewersusephotosas signsanddistinguishtheirpurposes fordoingso,verylittlewillcome from theideathatthephotographisanindex(oranyotherkindofsign,forthat matter). 3. The Index TheindexisoneofthemostfamiliartypesofsignsfromPeirce'ssemi- otic taxonomies—along with the icon and symbol—outside the circle of Peircescholars.Peircerecognized that,shouldcognitionrelyonlyongen- eral terms or concepts, there could be no reference, no direct connection, andnopointofcontactbetweentherepresentationsweuseandtheworld. Theuniversewhichisthere"	
Levine 2025.pdf	18	Dump Puppetry: Ecology, Play, and Object Performance Gabriel Levine		2025			36	Théâtredecuisine	0	0	0	0	"Dump Puppetry: Ecology, Play, and Object Performance Gabriel Levine Asmalltabletop—acardtableorTVtable.Sometimesbare,sometimes coveredwithstuff:householdobjects,knickknacks,kitchenutensils,bric- a-brac,toys,trinkets.Usuallymass-produced,fromafive-and-dimestoreor thetrash,cheaplymade,oftenplastic.Asingleperformer,sometimesrum- pledandunassuming,beginstomovethingsaroundthetable.Perhapsthere is a comic or satiric narrative, delivered in a commanding voice. Perhaps thereissilence,theperformer'spurposefulgesturesinterruptedbysounds andwordsdeliveredastinyexplosionsofmeaning.Perhapstheperformer crouchesunderthetable,hidinginacavesurmountedbythedebrisofman- ufacturedchildhooddreams.Inanycase,thereisaperformer,atable,anda pileofthings:therawmaterialforobjecttheaterorready-madepuppetryor tabletopspectacles,dependingontheartist'spreferrednomenclature.It'sthe late1970sorearly1980s,inadingyloft,acitypark,orasmalltheatre,indown- townNewYorkortheFrenchbanlieue.Forsomereason,someoneismoving stuffaroundasmalltabletopstage,andanaudienceiswatching.Theylaugh occasionally,knowingly,orinamusedbewilderment.Offstage,nexttothe tableandvisibletotheaudience,sitsaheapofotherthings,apileofcharac- terswaitingfortheirturninthelimelight.Theperformertakesanewobject fromtheheapandsetsitinmotioninanewarrangement.It'slikewatching anovergrownchildatplay,jugglingpsychicrefusemadevisibleandmaterial. Meanwhile, far from the performance, the gears of the capitalist economy keepturning,factoriesmanufacturingnewstuffthatbeforelongcouldplay astarringroleinthisidiosyncraticdreamworld. Unlessotherwisenoted,alltranslationsaremyown. 348 Gabriel Levine / Dump Puppetry Inthelate1970s,intheUSandFranceespecially,performerslatchedon tothiskindofminiaturejunkperformance,objecttheater,orready-made puppetry.Astheydid,theyinventedantecedents,atraditioninwhichtoin- sertthemselves.Duchamphadalreadyofferedthemass-producedinverted urinal,hatrack,andotherready-madesasobjetsd'artworthyofaestheticcon- templation.Futurists'andDadaists'objectcabaretswerefollowedbyJohn Cage'ssonicobjects(asinthetelevisionperformanceWaterWalk),Fluxus's use of everyday things in instruction pieces and gallery performances, and feminist object performances by Lucinda Childs (Carnation) and Martha Rosler(SemioticsoftheKitchen).1Extendingthesetraditions,1970sand1980s objecttheaterhaditsownparticularflavor,withitsuseofthetabletopstage, the(often)soloperformer,theconnectiontochildhoodandplay,andthe introductionofthrowawayconsumergoodsascharactersorbearersofsemi- oticandemotionalmeaning.Thisworkwasmadebyagenerationofartists whohadgrownupwatchingtelevision,withitsjovialpuppetsand""gadget"" hawkers entering the home via a miniature screen.2 Why not hijack that small-scaleintimacyintherealmoftheater,createsmallshowsonTVtrays, turnthetablesandbecomethemakersofmeaningratherthanitspassivere- cipients?SotheywenttoWoolworths,rootedinthriftstoresortheirchild- hoodbedrooms,andfoundtherawmaterialsforanewtheaterof""practical rêverie.""3 TheartistsIeng"	
Levy 2021.pdf	24	Temporalities of Israel/Palestine: Culture and Politics Lital Levy		2021			49	Sansour|also Yizhar	0	0	0	0	"Temporalities of Israel/Palestine: Culture and Politics Lital Levy ""Theoccupationdeprivesyouofyourhumanitybydeprivingyouofthe abilitytocontroltime.""SobeginsAlaHlehel'sruminationsonthetempo- ralityoftheoccupationinhisessay""BloatedTimeandtheDeathofMean- ing.""Hlehelcontinues:""HowdoesaPalestinianknowlifeispassingby?By theendlessredtileroofs[ofsettlementhomes],whichstandout...andin- crease,amidtheverdancyofhisconfiscatedland.Theredtilesareinservice totheoccupation. Theyarethetruestindicator oftime,over fiftyyears of killingtime.""1ToHlehel,theubiquitousredroofsofWestBanksettlements attesttothecolonizationofPalestiniantime.Tilebytile,eachredsquarevi- suallymarksandmeasuresaminute,anhour,oradayofasubvertedand denaturedPalestiniantemporalitythatleavesitssubjectsrunninginplace. ""Andso,""Hlehelruminates, time loses its meaning, but the greater tragedy . . . is that time's los- ing its meaning becomes part of the routine. . . . The occupation does not kill you with bullets, most of the time, but with the pistol of time. . . . Time weighs heavily on you, becoming as heavy as a dark winter cloudbank. . . . A Palestinian in the West Bank faces time more often than he ever faces a tank or a rifle.2 Hlelel's turn to ""bloated time"" as the defining experience of the Israeli occupation is a striking move in a discourse so conspicuously obsessed Unlessotherwisenoted,alltranslationsaremyown. 1. AlaHlehel,""BloatedTimeandtheDeathofMeaning,""inKingdomofOlivesandAsh: WritersConfronttheOccupation,ed.AyeletWaldmanandMichaelChabon(NewYork,2017), pp.19,20. 2. Ibid.,p.21. 676 Lital Levy / Temporalities of Israel/Palestine with the politics of space. To talk about Palestine and Israel is typically to engage the perennial disputes around borders, land ownership, closures, settlement construction, building rights and permits, destroyed or appro- priated spaces, and holy or symbolic spaces. The politics of space and the spatialityofpartition—thecheckpoint,borders,theSeparationWall—per- meate Palestinian life and infuse its cultural expression. And indeed, both theIsraelioccupationandthegeopoliticalframeworkofpartitionhaveen- genderedahermeneuticframeworklargelypremisedonthedifferentiation of Israeli and Palestinian space. But for reasons I will discuss, attention to temporality is increasingly salient in the cultural consciousness of Israel/ Palestine. In this article, I bring insights from the social sciences to bear onclosereadingsofliteratureandfilminordertochartarelationalhistory of temporality in Palestinian and Israeli thought and cultural discourse. AsafullhistoryoftemporalityinZionismorPalestinianpoliticalthought isbeyondthescopeofthisessay,Iwilladdressthemostconsequentialtem- poraltropesofthepost-1948period.Myreadingsemphasizethereciprocalin- teractionofpoliticalself-understandingandculturalexpression;Ishowhow literatureandfilmindexthetemporalviewsthatinformpoliticalactionwhile alsoworkingtoexpandthoseviews.Thefirstpartofthearticledelineateswhat I call the syntagmatic relat"	
Lewis 2019.pdf	14	Listening for Freedom with Arnold Davidson George E. Lewis		2019			31		0	0	0	0	"Listening for Freedom with Arnold Davidson George E. Lewis IFthepracticeoffreedom istheorganization ofpower andthepractice oflistening istheorganization ofapeople, THENwhatisthesound offreedom andhow mightwelisten to for within thatsound? .... IFfreedom isaquestion thatprovokescrisis, THENwhatvibrations mightwegenerate byasking thatquestion here intheruins ofcrisis? —Ultra-red1 I met Arnold I. Davidson in July 2007 at the conference ""Ruptures: Music, Philosophy, Science, and Modernity,"" co-organized by Davidson and the composer Martin Brody and held at the Max Planck Institut für Wissenschaftsgeschichte in Berlin. Davidson's lecture, ""Exemplarity and theAestheticsofDifference:FromMichelFoucaulttoCecilTaylor,""par- ticularlythesectionsonmyformermentorsMuhalRichardAbramsand Steve Lacy, exercised a strong, even emotional impact on me. 1. Ultra-red,ProtocolsfortheSoundofFreedom,2012,issuu.com/arika/docs/procotolsfor asoundoffreedom,p.6.PublishedforArika'sASurveyIsaProcessofListeningprogramas partofthe2012WhitneyBiennial. Mytalk,""LivingwithCreativeMachines:APermanentImprovisation,"" drewfrommyongoingworkonlive,completelyimproviseddialoguewith interactivevirtual-improvisorcomputerprograms.Theseprograms,which Ihavebeenworkingonsince1979,analyzeaspectsoftheirenvironment(in mostcases,theimprovisationsofotherhumanperformers)inrealtime,us- ing that analysis to guide their generation of complex responses to what they find. The programs also establish their own independent generative andanalyticbehavior;theydonotneedreal-timehumaninputtogenerate music.Versionsofthisprogramhavebeenvariouslytitled:ChamberMusic forHumansandNon-Humans(1979–81),thefirstofmyinteractiveworks, whichuseddigitallycontrolledanalogelectronicsasbothsoundsourceand tocapturepitchinformationfromtheimprovisors;RainbowFamily(1984), the first of my interactive virtual orchestra pieces, which featured up to fourhumanimprovisorsperformingwiththreenetworkedAppleII-driven Yamaha DX-7 synthesizers;2 and Voyager (1987 to present), which exists bothasvirtualorchestra,usingbanksofdigitalsampleplayers,andaspia- nist,performing ondigitally controlled acoustic pianossuch asYamaha's Disklavier.3Overthedecades,Voyagerhasmigratedacrossseveralsoftware andhardwareplatformsfromitsearlierincarnationsusingtheForthcom- puterlanguagetothecurrentimplementationusingthemultimediaplat- formMax/MSP. Inadditiontothetalk,Ipresentedaliveperformancewithaversionof theVoyager(pianist)programalongwithviolinistMaryOliver;pianistAl- exandervonSchlippenbach,afounderoftheEuropeanfreeimprovisation movementandalong-timeresidentofBerlin;andmyselfastrombonist.In anarticlefrom2000,Iwrotethatthiskindofmusicalwork""dealswiththe natureofmusicand,inparticular,theprocessesbywhichimprovisingmu- 2. RecordingsofperformancesofRainbowFamilycanbeheardatGeorgeLewis,""Rain- bowFamily,""medias.ircam.fr/xce0825_rainbow-family-george-lewis.Foradocumentaryfilm onthework,seeMichelDavaud,""Écoutezvotresiècle8:GeorgeLewis'RainbowFamily,'"" medias.ircam.fr/x015be"	
Lindquist 2024.pdf	27	The Art of Text-to-Speech Benjamin Lindquist		2024			58	Human Culture|the Department|whomhehadcoauthoredPreliminariestoSpeechAnalysis	0	0	0	0	"The Art of Text-to-Speech Benjamin Lindquist What is the sound of a triangle? Inthesummerof1952,ayoungprofessornamedJosephLickliderboarded aplaneinsearchofananswertothispeculiarquestion.1Lickliderwastravel- ingfromtheMassachusettsInstituteofTechnology(MIT)toasmallresearch organizationinmidtownManhattan.Hisdestination,HaskinsLaboratories, occupiedthreefloorsofahigh-riseandemployedabouttwentyfull-timein- vestigators.ButLickliderwasgoingtoseetheworkofonlythreemenwhohad recentlybuiltanewmachinethatcouldelectricallysynthesizesounds.2This strange new machine, which they called the ""Pattern Playback,"" grew from workwithveteranswhohadlosttheirsightintheSecondWorldWar.Re- cently,though,labmembershadreimaginedtheirmachineasa ""'[player] pianokeyboardoflight.'""3Butinsteadofusingpunchedholeslikeaplayer pianoroll,thePlaybackconvertedpaintintosound.Lines,dots,anddashes werepaintedontranslucentplasticsheets,allowingabeamoflightandpho- toelectriccellstotranslatetheseshapesintosound. Thedevice'sapplicationswentbeyondscience.True,ittaughtusersabout audibleperception,butlikeapiano,thistoolreverberatedwithaestheticpo- tential.TheHaskinsgrouphopedthattheirPlaybackmightresolvequestions 1. In1952,Lickliderstudiedtheperceptionofsound.Buttheyoungprofessorwouldsoon gainfameas""computing'sJohnnyAppleseed,""rememberedforplantingtheseedsthatgrew intotheinternet,graphicuserinterfaces,anddigitallibraries.SeeM.MitchellWaldrop, ""Computing'sJohnnyAppleseed,""MITTechnologyReview103,no.1(2000):67–71. 2. In1935,abiologistnamedCarylHaskinsestablishedHaskinsLaboratorywithFrankCoo- per,aphysicist.Initially,theyfocusedonthebiologicalandphysicalsciences.ButinNovember 1943,Haskins—whosepositionhadbecomemanagerial—wasaskedbyhisfriendVannevar BushtoworkonassistivetechnologiesforSecondWorldWarveterans.See""HaskinsLaborato- ries:ABriefAccountoftheOrganizationanditsResearch,""1.Dec.1952,HaskinsLaboratories Archives,haskinslabs.org/sites/default/files/files/Haskins1952.pdf 3. ""SpeechCartoons,""Newsweek,23Oct.1950,p.58. 226 Benjamin Lindquist / The Art of Text-to-Speech thatartistshadlongsoughttoanswer:What,forexample,isthesoundofa square(fig.1)?4Orhowmightmusicbepainted(fig.2)?Thegroup'sleader, FrankCooper,musedthatthePlayback's""'littlepicturesofsound'""mightes- tablish""anewartform.""5Butthedevicewasn'tconfinedtointerpretingthe soundsofart;thismachinewasbuilttotalk. Earlier artificial voices—like the electronic speech of AT&T's Voder (1939)—requiredahumanoperatorwhowouldplaythedevicelikeamusi- cal instrument. But the Playback's graphic instructions could preprogram synthesized sounds. Charmed by their ""keyboard of light,"" lab members wereunwillingtocommittoasinglescientificdirection.FramingthePlay- back'smechanicalvoiceasacreativeproject,theyhiredartists,considered bringingonamusician,6andrefinedtheir""paintsandpaintingtechniques.""7 Thisassociationwithartisticproductioncoalescedintoaresearchprogram thatthelabmemberschristened""'synthesis-by-art.'""8Thistermrevealedthe importanceofartists'toolsandgesturalkn"	
Liu 2021.pdf	5	The Incalculable: Thoughts on the Collapse of the Biosecurity Regime Lydia H. Liu	2020	2021			9	AndrewT	0	0	0	1	"The Incalculable: Thoughts on the Collapse of the Biosecurity Regime Lydia H. Liu 26 May 2020 It makes aworld of difference where the novel coronavirus travels. For thefirst time, Ifeel asvulnerable as myeighty-eight-year-old motherwho islockeddowninanotherpartoftheworld.NeithershenoranyoneIknow hasever,inlivingmemory,beenthroughamomentlikethis.Hastheworld wokenuptoanewcatastrophe,orarewepretendingthatwedonotknow whatwehavealwaysknown? This is a terrible thought, and it haunts me as my city, New York, suc- cumbstotheCOVID-19outbreak.Sirenswaildayandnightonthestreets as doctors and nurses struggle to keep critically ill patients alive while ex- posingthemselvestothedeadlypathogen.Totheastonishmentoftheworld, Americansocietyhasnotprepareditselfforadisasterofthismagnitude;and worse,manyinEuropeandAmericahadinitiallybeenledtobelievethatthe novelcoronavirusmightbeoneofthoseisolated,regionalaffairs,notunlike SARS(2003),MERS(2012),andEbola(2014)orwhatgetsreportedfromthose remote, disease-prone countries of Asia and Africa.1 Therefore, US travel 1. InFebruary,justastheICUsinWuhanhospitalswerebeingoverwhelmedbydyingpa- tients,theWallStreetJournalpublishedWalterRussellMead'sopinionpiece,""ChinaIsthe RealSickManofAsia,""WallStreetJournal,3Feb.2020,www.wsj.com/articles/china-is-the -real-sick-man-of-asia-11580773677.Theuproaronsocialmediaoverthepaper'scallousdisplay ofracistdisregardforthesufferingofnonwhitesledtheMinistryofForeignAffairstoexpel threeWSJjournalistsfromChina.Insteadoftakingurgentactiontoprotectthelivesofthe Americanpeoplewhentimewasrunningout,USSecretaryofStateMikePompeotweeted: ""mature,responsiblecountriesunderstandthatafreepressreportsfactsandexpressesopin- ions""(SecretaryPompeo[@SecPompeo],""TheUnitedStatesCondemnstheMovebyChina,"" Twitter,19Feb.2020,twitter.com/SecPompeo/status/1230182054383562752). restrictionsonflightsfromChinaon2FebruaryandfromIranon29February shouldhavetakencareofthematter,buttheydidn't.Recentgenomicanalyses suggestthatthe vastmajorityof coronaviruscases in New York came from Europe,notfromAsia.2Blindsidedbyitsownracism,thepoliticalcalculusof theUSbiosecurityregimehasmisfired.Itforgetstoreckonwiththeincalculable. ThemoralbalancesheetoftherulingcasteinAmericaisbankrupt.How wouldyouweighthelossesandgainsofhumanlivesonthescaleofaglobal pandemic?Yousimplycan't.Peoplearedying,andtensofmillionsaresuf- fering and face economic hardships. There are so many questions bearing upontheincalculable—andthepossibilityofasecondorthirdwaveofthe pandemic in the coming months or years—that we must heed W. J. T. Mitchell's call to reflect on the moment itself.3 When I say that the incal- culable escapes the political calculus, I do not mean to suggest that it falls outsideofthecalculatingmachine,but,rather,itpenetratesthecoreofthat machinebyvirtueofbeingexcludedfromitstermsofreckoning.Theincal- culablecontaminatesthepoliticalcalculuswithitsownshadow—intheman- nerofthereturnoftherepressed—whichiswhywemustbecarefulwithour facile metaphors and "	
Liu 2021b.pdf	31	Wittgenstein in the Machine Lydia H. Liu					50	BritishPhilosophyintheMid-Century|Language|Modern World|Translated Modernity|World Making|the Humanities	0	1	0	2	"Wittgenstein in the Machine Lydia H. Liu Computingistoo importantto beleft tomen. —Karen SpärckJones Can a machine have toothache? TherearesomequestionsweshouldneverputtoSiriandothertalking chatbots, or we will come away feeling underwhelmed by the machine's much-touted intelligence. This could be one of them. The machine will not understand the question—at least, not in the foreseeable future—al- though humans would not fare much better trying to make sense of it ei- ther. The question bears the hallmarks of philosophical surrealism that identify the author as Ludwig Wittgenstein.1 It is as if the philosopher had anticipated Alan Turing's classic provocation ""Can machines think?"" and decided to parody him.2 Unlike the Turing question, Wittgenstein's parody avant la lettre re- quires no reply, has elicited none, and leads only to further questions: What is the point of his parody? Is it to convey his misgivings about the claims of machine cognition? If that were true, why single out ""tooth- ache""—somethingmachinescandohappilywithout—whenhecouldhave evoked nobler human aptitudes as do most anthropocentric critics when MyresidencyattheInstituteforAdvancedStudyinPrincetonin2017–2018helpedshape theoriginalideaforthisessay.IthanktheSchoolofHistoricalStudies,inparticular,fortheir generoussupportandfacilitationofmanycross-disciplinaryconversationsatIASthatledto mynewresearch. 1. SeeLudwigWittgenstein,PreliminaryStudiesforthe""PhilosophicalInvestigations"":Gener- allyKnownasTheBlueandBrownBooks(NewYork,1969),p.16;hereafterabbreviatedPS. 2. AlanTuring,""ComputingMachineryandIntelligence,""inTuringetal.,TheEssentialTu- ring:SeminalWritingsinComputing,Logic,Philosophy,ArtificialIntelligence,andArtificialLife, plustheSecretsofEnigma,ed.B.JackCopeland(NewYork,2004),p.441. 426 Lydia H. Liu / Wittgenstein in the Machine they engage AI practitioners in contentious debates. Some of us might be temptedtoreadinWittgenstein'squestionanendorsementofaffect,emo- tion,andnoncognitivebehavior,holdingontothelastpreserveofhuman/ animalidentitiesinthefaceoftheimminentencroachmentofAIaffectivesim- ulations.Unfortunately,suchastraight-facedreadingwouldstretchthesense oftoothache beyondtheworditselfuntilwelosetheparodyaltogether. When Wittgenstein dictated his lectures in 1933–1934 to his students at the University of Cambridge, where the question first came up, machine cognition and machine affect seemed rather remote from his mind. The sentence""Could amachinethink?""struck himas flawed becauseitexem- plified what he called the misused analogy by human speakers (PS, p. 16). To allow the analogy to take hold is to grant as much sense to the parodic sentence ""Can a machine have toothache?"" as it is to the proposition of a thinking machine (PS, p. 16). Wittgenstein goes on to say: ""The trouble is ratherthatthesentence,'Amachinethinks(perceives,wishes)':seemssome- how nonsensical. It is as though we had asked 'Has the number 3 a col- our?'"" (PS, p. 47). Whichistosay that,priortoadvanc"	
Liu 2023.pdf	29	After Turing: How Philosophy Migrated to the AI Lab Lydia H. Liu	2023	2023			57	DianeProudfoot|MarvinMinsky	1	0	2	1	"After Turing: How Philosophy Migrated to the AI Lab Lydia H. Liu Ezra Pound was not afraid of making extravagant claims about philos- ophy.AfterGottfriedWilhelmLeibniz'stime,heclaimed,theprofessional philosopherwassomeonewhowas""toodamnedlazytoworkinalabora- tory.""1Thisremarkhasnotbeentakenseriously,norshoulditbe.Doweex- pectamodernphilosophertogodowntothelaboratoryandexperimentona machine? The professional philosopher might dismiss Pound's demand of empiricismasabsurd.Personally,Idonotsharethepoet'sfrustrationwith the alleged moral failings of modern philosophers, but the serendipities of myresearchhavemademewonderiftheplacewhereaphilosophicalinquiry takesplacemattersafterallandmightberelatedtothewaytheinquiryiscon- ductedorwhoconductsit. Farfromrandomspeculation,whatIhaveinmindisthepossibilityofun- derstandingphilosophicalactivitiesoutsidetheboundsofprofessionalphilos- ophy,especiallythekindofdiscussionandtheoreticalworkartificialintelli- gence (AI)practitioners have conducted intheirlabs orwherever they find themselvesgrapplingwiththefundamentalquestionsofmind,consciousness, intuition,andknowledge.Inmystudyofnaturallanguageprocessing(NLP)— a subfield of AI—and AI's various other histories, I have repeatedly been IdedicatemyessaytothememoryofAIscientistYorickWilks,whopassedawayon14April 2023.WilksandhiswifeRobertaCatizonehostedmyresearchtriptoOxfordinthesummer of2022.AsthesolesurvivingmemberoftheCLRUatthetimeofmyvisit,hewasgenerous withhistimeandalsopassedhisexclusivecollectionofthegroup'spapersontome.Iam deeplyindebtedtohistrust.MyresearchalsobenefitedfrommyconversationwithStephen PulmanandfrommymeetingwithAnnCopestake,chairoftheDepartmentofComputer ScienceandTechnologyattheUniversityofCambridge,whosharedboxesofKarenSpärck Jones'spapersandnoteswithme. 1. EzraPound,GuidetoKulchur(NewYork,1970),p.78. struckbytheintensityofphilosophicaldiscussionintheAIlabandaroundit. This typically concerns logical formalism and its limits, epistemology and knowledgerepresentation,word/conceptrelations,reflexivity,self-referentiality, theaestheticsofLisp—thepreferredlanguageofAIprogrammersandoneof theoldesthigh-levelprogramminglanguagesforthecomputer—andsoon.I wouldnotbesurprisedifamodernistpoetlikePoundweretofindthisin- tensityinterestinghadhelivedlongenoughtowitnessit.Whetherthephil- osophical activities in the AI lab amount tosignificant contributions to the disciplineofphilosophyandwhetherornotthereisaphilosophyofartificial intelligenceassomehaveclaimedaredifferentissues.Iaminclinedtoleave themtofuturediscussionsbecausewedonotknowenoughatthispointto form a clear picture. Nevertheless, the possibility is there to start exploring the conditions of the philosophical activities of AI practitioners to reflect on whatinsighttheycanoffertoilluminate,forexample,traditionalphilosophical questionsrelatingtoepistemology,ontology,logic,aesthetics,orethics. JohnMcCarthy(1927–2011),whocoinedtheterm""artificialintelligence"" andiscreditedwithfoundingoneoftheearliestAIlaborato"	
Liu 2025.pdf	22	Data Science and the Post-Liberal Arts University Alan Liu	2020	2025			39	Digital Age|the Digital	0	0	0	0	"Data Science and the Post-Liberal Arts University Alan Liu Sparked bysociety'sdemand for datascientists, data science has grown robustlyinhighereducationthroughthecreation,extension,oramalgama- tionofdepartments,centers,institutes,professionalschools,andintrauni- versitycolleges(suchasUniversityofCalifornia,Berkeley'srecentlyformed College of Computing, Data Science, and Society). According to studies of datascienceeducation,severaltypicalorganizationalmodelsofdatascience programsareemerging.1Buthoweverheterogeneousinorganizationalmor- phology,USdatascienceattheB.S./B.A.level(myfocushere)isnowconverg- ingonaprevailingcurricularstrategyforfittingitsrapidlymultiplyingcourses intoAmericanliberalartshighereducation,2which—unliketertiaryeducation 1. Forexamplesofscopingstudiesorliteraturereviewsofdatascienceeducation,seeVicto- riaStodden,""TheDataScienceLifeCycle:ADisciplinedApproachtoAdvancingDataScience asaScience,""CommunicationsoftheACM63,no.7(2020):58–66;JeffreySaltz,FrankArmour, andRameshSharda,""DataScienceRolesandtheTypesofDataSciencePrograms,""Communi- cationsoftheAssociationforInformationSystems43(2018):615–24;NkosikhonaTheorenMsweli, TendaniMawela,andHossanaTwinomurinzi,""DataScienceEducation:AScopingReview,"" JournalofInformationTechnologyEducation:Research22(2023):263–94;andMatthewS. Mayernik,""DataScienceasanInterdiscipline:HistoricalParallelsfromInformationScience,"" DataScienceJournal22(2023):1–18.Onfourprevalentmodelsforestablishingdatascience programs,seeStodden,""TheDataScienceLifeCycle,""pp.59–60. 2. OpenSyllabusAnalyticsshowsinitstrendsgraphthattheincidenceofthephrasedata scienceroseinthetitlesanddescriptionsofoversixmillionUSsyllabibetween2008and2023— from.00076145percentto.22882percent(inatotaldatasetofnearlytwelvemillionsyllabi), whilecomputersciencedeclinedfrom1.0135percentto.53509percentandinformationsciencede- clinedfrom.086044percentto.053301percent.Mostoftheriseindatasciencecoursesoccurred after2015.Theaboveinformationwasavailableon28September2024usingthefollowinglink: analytics.opensyllabus.org/trends?trends_query=data+science&trends_query=computer+science& trends_query=information+science&country_name=United+States.Ifocusondatasciencein theUSbecausemyargumentaddressestheAmericanliberalartshigher-educationsystem.(But 598 Alan Liu / Data Science and the Post-Liberal Arts University in most other nations—matriculates students in a general curriculum, offer- ing, at least notionally, a well-rounded encyclopedic course of studies (in the sense of enkyklios paideia [ ̓eγjύjkiος paideίa], ""'encyclical education', the circleof arts and sciences considered by the Greeks as essential to a liberal education"").3Datascience'sstrategyistodistributeitscurriculumintocore and domain courses. We see this bipartite plan in the data science major requirementsofuniversitieslistedatornearthetopofU.S.News&World Report's""BestUndergraduateDataSciencePrograms""in2024—forexam- ple,Berkeley,CarnegieMellon,Cornell,Stanford,andUniversityof Michi- gan, AnnArbor."	
Long et al 2023.pdf	27	#COVID, Crisis, and the Search for Story in the Platform Age Hoyt Long, Richard Jean So, and Kaitlyn Todd	2020	2023			43	Wattpad	0	0	1	0	"#COVID, Crisis, and the Search for Story in the Platform Age Hoyt Long, Richard Jean So, and Kaitlyn Todd IntheearlyweeksoftheCOVID-19pandemic,asbordersandthendoors and bodies closed down, everyone was searching for answers. Stuck inside their homes and virtual spaces, people pored over case-count statistics and doomscrolledforsignsoflifeunderthenewnormal.Somelookedtothepast toseehowothershadsurvivedtheradicalupendingoftheirlivesbydisease.In theUK,salesofAlbertCamus'sThePlague(1947)jumpedfrom371copiesin Februaryof2020to2,156inthefirstthreeweeksofMarch.1ByApril,Orhan Pamuk,busywithhisownhistoricalplaguenovel,waswritingabout""What theGreatPandemicNovelsTeachUs.""2Timesofuncertaintyandupheaval oftenfinduslookingtofictiontoimaginehowtheymightend.Attheadvent ofthismostrecentcrisis,theimpulseseemednaturalenoughtooneliterary editor that he snuck mention of COVID-19 into Don DeLillo's The Silence (2020), completed weeks before the pandemic had tightened its grip. If DeLillowasnotabletorespondtothemoment,thisreaderwoulddoitfor him,fulfillingthepublic'scollectiveyearningforanswers. DeLillo flatlyrejectedtheintrusion.Nevermind thathisnovel narrates a near-future moment of global rupture when the world's electronic sys- tems inexplicably shut down and the novel's small cast of characters are left to reassess their entire relation to society and to their digital devices. AsDeLilloputit,""Somebodyelsecouldhavedecidedthatitmadeitmore 1. SeeKimWillsher,""AlbertCamusNovelThePlagueLeadsSurgeofPestilenceFiction,"" Guardian,28Mar.2020,www.theguardian.com/books/2020/mar/28/albert-camus-novel-the -plague-la-peste-pestilence-fiction-coronavirus-lockdown 2. SeeOrhanPamuk,""WhattheGreatPandemicNovelsTeachUs,""NewYorkTimes, 23Apr.2020,www.nytimes.com/2020/04/23/opinion/sunday/coronavirus-orhan-pamuk.html contemporary. But I said, 'There's no reason for that.'""3 His refusal to (re)writeforthemomentfeedsintorecentcritiquesofthecontemporarynovel asoutoftouchwiththepresent,critiquesthatrangefromthepolemical,as inDavidShields'srailingsagainstwell-wroughtliterarynovelsas""'nostalgic'"" worksthatinnoway""'conveywhatitfeelsliketoliveinthe21stcentury,'""4to theempirical,asinstudiesshowingashiftinlatetwentieth-centuryprestige novelstowardhistoricalsettingsandawayfromtechnologiesofthepresent.5 Thesecritiquesalsomanifestasaninjunctiontopayattentiontohownewin- frastructures,whethertheself-publishingenginesofAmazonoronlinewrit- ingplatforms,arealteringthenatureofpublishing,contemporaryliteraryvalue, andwhatitmeanstowrite.6 Thisarticletakesupthisinjunction.DeLillomayhavedeclinedtoupdate hisnoveltothecrisisunfoldingaroundhim,butreadersdidn'thavetowait forhimandothernoveliststorespond.Theycouldlooktothelegionofau- thors who contribute to online storytelling platforms like An Archive of OurOwn(AO3)orWattpadandwhowerepreparedtorespondtothepan- demicfromdayone.Indeed,these""produsers""ofculturehavespentadecade 3. EmilyTemple,""AnEditorSnuckCovid-19intoDonDeLillo'sNewNovel—butDeLillo TookItoutattheLastMome"	
Lorenzini 2019.pdf	23	The Emergence of Desire: Notes Toward a Political History of the Will Daniele Lorenzini		2019			44	MortalsandImmortals	2	0	0	1	"The Emergence of Desire: Notes Toward a Political History of the Will Daniele Lorenzini Desire as a Historical Transcendental In the foreword to the French edition of The Emergence of Sexuality, Arnold Davidson writes: ""Weareoursexuality,""oratleastwehavebeentoldsooverandover. Inasense,thereisnodoubtthatthisgoeswithoutsaying;wewould notbeabletothinkofourselves,ofourmostfundamentalpsychologi- calidentity,withoutthinkingofoursexuality,ofthisoftendeepandse- cretlayerofourdesiresthatrevealsthetypeofindividualthatweare.1 ThishardlyquestionableremarkwasalsothestartingpointofLavolonté de savoir (The Will to Know), the first volume of Michel Foucault's His- toryofSexuality.2""Atthebottomofsex,thereistruth,""our truth.3Itisre- VersionsofthisessayweregivenastalksattheInternationalConference""Foucaultand Religion""attheUniversityofChicago(10–11March2017),theInternationalConference""Re- ligion(s)etPolitique(s)""attheRoyalAcademyofScience,Letters,andFineArtsofBelgium (14–16September2017),andtheResearchSeminarinPost-KantianEuropeanPhilosophyat theUniversityofWarwick(6February2018).IamindebtedtoMigueldeBeistegui,Steven Collins,DavidHalperin,DawnHerreraHelphand,StephenHoulgate,JeanLeclercq,and SabinaVaccarinoBremnerfortheirgenerousandhelpfulcomments.Thisessayisdedicated toArnoldDavidson,withoutwhomthescholarandpersonthatIamtodaywouldhave neverexisted.Unlessotherwisenoted,alltranslationsaremyown. 1. ArnoldI.Davidson,L'émergencedelasexualité:Épistémologiehistoriqueetformationdes concepts,trans.Pierre-EmmanuelDauzat(Paris,2005),p.9. 2. SeeMichelFoucault,AnIntroduction,vol.1ofTheHistoryofSexuality,trans.Robert Hurley(NewYork,1978). 3. Foucault,""Introduction,""inHerculineBarbin:BeingtheRecentlyDiscoveredMemoriesof aNineteenth-CenturyFrenchHermaphrodite,trans.RichardMcDougall(1980;NewYork, 2010),p.ix. markable, however, that the problem of the historical, social, and polit- ical constitution of a specific form of subjectivity as the correlate—both thenecessarysupportandtheinevitableconsequence—oftheemergence, inthenineteenthcentury,ofascienceofsexualityhasnotbeenexplicitly inscribedattheheartofFoucault'sprojectsinceitsbeginning.4Themain objectiveofLavolontédesavoirisrathertodescribetheconstitutionand principalfeaturesofthemodernapparatus(dispositif)ofsexuality.5There- fore,inthefollowingyears,ashifttakesplaceinFoucault'sworkthatcan- notbereducedsolelytoachronologicalchangeoffocus.Foucault's""Greco- Latin 'trip'""6brings about amore fundamental transformation—starting from1980,hishistoryofsexualityfocuseson""theformsofsubjectivation andthepracticesoftheself.""7Moreprecisely,theproblemoftheforma- tion of scientia sexualis is replaced by the question of ""how the modern individualcouldexperiencehimselfasasubjectofa'sexuality,'""aquestion that requires, Foucault argues, a genealogical study of the ways in which ""Westernmanhadbeenbroughttorecognizehimselfasasubjectofdesire"" (UP, pp. 5–6, 6; my emphasis). 4. However,inthemanuscriptofhis1964lecturesonsexualityattheUniversityof Clermont-Fe"	
Lorenzini 2021.pdf	6	Biopolitics in the Time of Coronavirus Daniele Lorenzini	2020	2021			16	Austin|Post- Kantian	0	2	1	1	"Biopolitics in the Time of Coronavirus Daniele Lorenzini 2 April 2020 Inarecentblogpost,JoshuaCloverrightlynoticestheswiftemergence of a new panoply of ""genres of the quarantine.""1 It should not come as a surprise that one of them centers on Michel Foucault's notion of biopoli- tics, asking whether or not it is still appropriate to describe the situation thatwearecurrentlyexperiencing.Neithershoulditcomeasasurprisethat, invirtuallyallofthecontributionsthatmakeuseoftheconceptofbiopoli- ticstoaddressthecurrentcoronaviruspandemic,thesamebunchofrather vague ideas are mentioned over and over again, while other—no doubt more interesting—Foucauldian insights tend to be ignored. In what fol- lows,Idiscusstwooftheseinsights,andIconcludewithsomemethodo- logicalremarksontheissueofwhatitmaymeanto""respond""tothecur- rent""crisis."" The ""Blackmail"" of Biopolitics The first point that I would like to make is that Foucault's notion of biopolitics, as he developed it in 1976, was not meant to show us just how evilthis""modern""formofpoweris.2Ofcourse,itwasnotmeanttopraise iteither. It seems tome that, incoining the notion ofbiopolitics, Foucault wants first and foremost to make us aware of the historical crossing of a thresholdandmorespecificallyofwhathecallsasociety's""seuildemodernité 1. JoshuaClover,""TheRiseandFallofBiopolitics:AResponsetoBrunoLatour,""in""Posts fromthePandemic,""anonlinesupplementtoCriticalInquiry47(Winter2021):S28. 2. SeeMichelFoucault,TheHistoryofSexuality,Volume1:AnIntroduction,trans.Robert Hurley(NewYork,1978),pp.135–45and""SocietyMustBeDefended"":LecturesattheCollègede France,1975–1976,trans.DavidMacey(NewYork,2003),pp.239–63;hereafterabbreviated""S."" biologique""(""thresholdofbiologicalmodernity"").3Oursocietycrossedsuch athreshold when thebiological processes characterizing thelifeofhuman beings as a species became a crucial issue for political decision-making,a new""problem""tobeaddressedbygovernments—andthis,notonlyin""ex- ceptional""circumstances(suchasthatofanepidemic),butin""normal""cir- cumstances as well (""S,"" p. 244). A permanent concern that defines what Foucault also calls the ""étatisation du biologique"" (the ""nationalization of thebiological"")(""S,""p.240;trans.mod.).ToremainfaithfultoFoucault's idea that power is not good or bad in itself, but that it is always dangerous (ifacceptedblindly,thatis,withouteverquestioningit),onecouldsaythat this""paradigmshift""inthewayinwhichwearegoverned,withbothitspos- itiveanditshorribleoutcomes,nodoubtcorrespondstoadangerousexten- sionofthedomainofinterventionofpowermechanisms.Wearenolonger governed only, nor even primarily, as political subjects of law, but also as livingbeingswho,collectively,formaglobalmass—a""population""—with anatalityrate,amortalityrate,amorbidityrate,anaveragelifeexpectancy, andsoon. In""WhatisEnlightenment?""Foucaultclaimsthathewantstorefusethe ""'blackmail'ofEnlightenment""—thatis,theideathatwehavetobeeither ""for"" or ""against"" it—and address it instead as a historical event that still characte"	
Lorenzini Neer 2019.pdf	5	Introduction: Davidson and His Interlocutors Daniele Lorenzini and Richard Neer		2019			3		1	0	1	0	"Introduction: Davidson and His Interlocutors Daniele Lorenzini and Richard Neer This special issue of Critical Inquiry is dedicated to Arnold I. David- son,thejournal'sexecutiveeditorfrom1989to2012andcurrentlyitsEu- ropean editor. In these capacities he played a crucial role in setting the journal's intellectual agenda for more than two decades. Davidson is sui generis,anditseemsfollytotrytosumhimupinafewparagraphs.Still, readersmayreasonablyexpectsomeexplanationforwhatmightotherwise seemaheterogeneouscollectionofessays. After an early career as a prestidigitator, Davidson's formal training wasinmoralphilosophyandreligion.HewrotehisdissertationwithStan- leyCavellandJohnRawlsin1982onKant,Heidegger,andRawlshimself— bynomeansanobviouscombinationofnames.Butitwashisencounter withMichelFoucault,bothinpersonandonthepage,thatproveddecisive. DavidsondiscernedconnectionsbetweenFoucault'sgenealogyofconcepts andthemodeofconceptualanalysisassociatedwiththelaterWittgenstein. These connections had far-reaching implications for epistemology, ethics, evenontology.Topursuethem,however,wouldnecessarilybeahistorio- graphicenterpriseinits own right and would require a rigorous commit- ment to elucidating ordinary language. The very originality of this insight meantthatDavidson'sscholarshipwouldhavenoobvioushomeinthedis- ciplinarystructureofthemodernresearchuniversity—yetitsconcomitant importancemeantthatitwouldbeuniversallyrelevantandwelcomeevery- where.Davidsonhas,accordingly,roamedbetweendepartmentsofphilos- ophy,historyofscience,comparativeliterature,divinity,Jewishstudies,and Unlessotherwisenoted,translationsareourown. 256 Daniele Lorenzini and Richard Neer / Introduction the arts—and between America and Europe, Chicago and Florence, the seminarroomandtheconcerthall,equallyathomeineachbutbeholden tonone.Hehastendedtoworkfromcases,preferringwhatCarloGinzburg calls""microhistories""tosynopticsyntheses—althoughthecasesinquestion couldbeanythingfromapassageinFoucaulttoanincidentinnineteenth- centurypsychologyorasolobySonnyRollins.1Likeamodern-dayPhiloof Alexandria (who reconciled Plato and Moses in the first century CE) his originality has often taken the paradoxical form of the commentary: a dialogue, either actual or virtual, with an exemplar (a book-length con- versation with Pierre Hadot, La Philosophie comme manière de vivre, ex- emplifies the former; introductions to work by Foucault, Vladimir Jan- kélévitch, Robert Musil, Emmanuel Levinas, and others exemplify the latter).2Theresultisnotexegesissomuchasanovelmethodfortheanal- ysisofconcepts:Davidson""refracts""themthroughhistoricaltimeonthe one hand and an exemplary interlocutor on the other to discover their unseen spectra, as though it were imperative to route one's own dis- course through both the Other and the historical past. Within these broad outlines, Davidson's scholarship divides into two phases,althoughthebreakisbynomeansabsolute.Inthefirst,itwould 1. SeeCarloGinzburg,""Microhistory:TwoorThreeThingsThatI"	
Ma 2022.pdf	25	Big Earths of China: Remotely Sensing Xinjiang along the Belt and Road Shaoling Ma	2020	2022			54		1	0	1	0	"Big Earths of China: Remotely Sensing Xinjiang along the Belt and Road Shaoling Ma AcrosstheborderfromKazakhstanwhereChinesePresidentXiJinping, inSeptember2013,firstproposedhisvisionoftheBeltandRoadInitiative (BRI) lies the Xinjiang Uyghur Autonomous Region (XUAR). Home to Uyghurs,Kazakhs,Kyrgyz,andotherTurkicminorities—aswellastherich resourcesofnaturalgas,wind,rare-earthminerals,andcotton—thislargest province-leveldivisioninthePeople'sRepublicofChina(PRC)liesadjacent toeightmajorcountriesinvolvedintheBRIandcruciallylinksthePRCto Pakistan and the Indian Ocean through the Karakoram Highway.1 Begin- ninginlate2016undertheleadershipofthethenrecentlyappointedregional committeesecretary,ChenQuanguo,theChineseCommunistParty(CCP) hasbeenintensifyingitsrepressionofUyghurs.2Thisefforthasbeenaccom- panied by the construction of a massive network of electronic surveillance and database systems.3 It is not only populations, however, that are moni- toredinthisunprecedentedinfrastructuralvision.The""KashgarDeclaration: International CooperationonEarth Observation in Central Asia,"" marking ResearchforthispaperwasmadepossiblebytheYale-NUSCollege'sTanChinTuanChi- neseResearchGrant.Unlessotherwisenoted,alltranslationsaremyown. 1. SeeAnnaHayes,""Interwoven'Destinies':TheSignificanceofXinjiangtotheChina Dream,theBeltandRoadInitiative,andtheXiJinpingLegacy,""JournalofContemporary China29(Jan.2020):38. 2. InDecember2021,theCCPreplacedChenwithMaXingrui,anaerospaceengineerand formersecretaryofShenzhen,Guangdong,toheadtheXUARregionalcommittee.Mawasthe chairmanoftheSinoSatelliteCommunicationsCompany,andoversawtheChang'e3mission, thePRC'sfirstlunarsurfaceexploration. 3. SeeSeanR.Roberts,TheWarontheUyghurs:China'sInternalCampaignagainstaMus- limMinority(Princeton,N.J.,2020),p.1. 78 Shaoling Ma / Big Earths of China thesymposiumheldinsouthernXinjiangin2013,promotestheintegrationof ""geographic information systems, global positioning systems, communica- tionnetworks,sensorwebs,electromagneticidentifiers,virtualreality,cloud computing, etc."" for earth observation sciences.4 In the following year, the Chinese Academy of Sciences (CAS) funded Xinjiang Astronomical Obser- vatory'scollaborationwiththeUlughBegAstronomicalInstituteinUzbek- istan to survey the Northern Sky.5 This project, also born in Central Asia, wouldmarkthebeginningofascienceSilkRoad. In 2016, the CAS officially launched the Digital Belt and Road Program (DBAR)aspartofthescienceSilkRoad,inorderto""improveenvironmen- talmonitoring, promote datasharing andsupportpolicymaking using big data on Earth observations.""6 By then, massive cloud computing and data collation centers had been established in the major Xinjiang cities of Ürümqi,Karamay,andChangjiundertheTwelveandThirteenthFive-Year PlansoftheNationalPeople'sCongress,whichlistcounterterrorismasone oftheirmainrationales.7TheChinaElectronicsTechnologyGroup,amajor state-owned military contractor that develops the Integrated Joint Opera- tionsPlatform(IJOP),thesurveilla"	
MacLeod 2021.pdf	3	19 COVID- Metaphors Norman MacLeod	2020	2021			1		1	0	0	0	"COVID- Metaphors Norman MacLeod 6 April 2020 Inher1978essay""DiseaseasPoliticalMetaphor,""SusanSontagdemon- strated that the trope of the infectious malady has been used through hu- man history as a metaphor to represent, describe, and critique failures of the polis by critics of culture and politics.1 The present COVID-19 crisis isripe—somemightsayrife—withfurtherexamplesthatembodythecom- plete spectrumfromprofoundtoridiculous.Thefactthatmanyofthemet- aphorsbeingusedhavebeenexpropriatedfrommyownfieldsofevolution- ary biology and earth science simply serves to underscore the difficulties, andtheopportunities(someunrealizedtodate),thatthemetaphoricmode of communication entails. First,let'sgetsomefactsstraightaboutviruses.Theygetabadrapfrom the press. Ask just about anyone about them and all you hear are com- plaints.It's""disease this""and""infectionthat.""Nooneseemstohaveany- thingnicetosayaboutviruses,whichisashamebecauseyouwouldn'tbe herereadingthiswithoutthem.Virusesarethemostubiquitouslifeforms ontheplanetwith1031individualscitedasonerecentestimateoftheirnum- ber.Theyarealsooneoftheleastunderstood.Theyliveeverywhereinna- ture and everywhere both on and inside of you. Less than 1 percent are knowntobepathogenic,butmanymoreareknowntobesymbiotic(which meanstheyassistthehost),mutualistic(whichmeansbothhostandvirus benefitfromtheassociation),orbenign(whichmeanswedon'tknowwhat theydo).Inaddition,viruses'modusoperandioftargetingspecificcelltypes andinterruptingthesecells'geneticfunctioningmeanstheycanbeusedto 1. SeeSusanSontag,""DiseaseasPoliticalMetaphor,""TheNewYorkReviewofBooks, 23Feb.1978,www.nybooks.com/articles/1978/02/23/disease-as-political-metaphor/ S50 Norman MacLeod / COVID-19 Metaphors destroycertaincelltypesselectively(forexample,cancerandHIV)andre- pairgeneticdamageinothers.So,nexttimesomeoneasksyouaboutviruses, showalittlerespect. These days when people say something has ""gone viral,"" they almost always are using the term as a metaphor for an event that touches a great numberofpeopleandnewsofwhichispassedfromindividualtoindivid- ual,usuallyviasocialmedia.Asmetaphorsgo,it'snottoobad.Ofcourse, there'snothingespeciallyvirus-likeaboutmicrobialinfection.Awidevari- ety of small beasties spread disease among individuals via close proximity and/orphysicalcontact(forexample,bacteriaandprions).Butthetermvi- russoundsmuchclosertovita(thelifeforce)andsoisobviouslythebetter choice for representing any event, idea, or philosophy that touches large numbersofpeople. More interesting is the, somewhat neglected, aspect of the viral-disease metaphor's cultural extrapolation. Viruses are not designed to damage or killtheirhosts.Thepointofavirusislife,notdeath.Becausevirusesneed livingcellstoreproduceovertime,theyhavedevelopedtransmissionstrat- egiesthatmakethefindingoflivinghostsquickandefficient.Ideally,apath- ogenicviruswillenteralivingsystemandhavesufficienttimetomakemany copiesofitselfbeforeitiseliminatedbythehost'simmunologicaldefenses. The virus survives a"	
Makhoul 2022.pdf	21	Dispossession and Discontinuity: The Impact 1967 of the War on Palestinian Thought Manar H. Makhoul		2022			68	Israel|alsoTamirSorek	0	0	0	0	"Dispossession and Discontinuity: The Impact of the War on Palestinian Thought Manar H. Makhoul Introduction In the introduction to The Politics of Dispossession (1994), Edward Said writesthathiscareer-longobjectivesince1967was""tomakethecaseforPal- estinian presence, to say that there was a Palestinian people and that, like all others, it had a history, a society, and, most important, a right to self- determination. In other words, to try to change the public consciousness inwhichPalestinehadnopresenceatall.""1On4June1967,Israellaunched an attack on Egypt, Jordan, and Syria, and within six days it occupied the EgyptianSinaiPeninsula,theSyrianGolanHeights,andthePalestinianWest BankandtheGazaStrip(untilthenunderJordanianandEgyptiancontrol respectively). The war resulted not only in Israel occupying additional Pales- tinianandArabterritoriesbutalsothetremendousculturalandpoliticalcon- sequencesofthatwarcontinuetoreverberatetoday.Inthepastnumberof years there has been some academic interest in the 1967 war, primarily as partofitsfiftiethcommemoration.2Nevertheless,researchontheconsequences IwouldliketothankRaefZriek,whoseinitiativetocommemoratethefiftiethanniversary ofthe1967warplantedtheseedforthisproject,andtheMinervaHumanitiesCenteratTel- AvivUniversitywherethefirstdraftsofthisarticleweredeveloped.MygratitudealsotoRaef, VivianLiska,KhaledHroub,HebaMustafa,GalHertz,ArielHandel,andOritBashkinfor comprehensivelyreviewingdraftsofthisarticleatvariousstages.Thankyouallforyourpre- ciousinput.Unlessotherwisenoted,alltranslationsaremyown. 1. EdwardW.Said,ThePoliticsofDispossession:TheStruggleforPalestinianSelf-Determination, 1969–1994(NewYork,1994),p.xvi;hereafterabbreviatedP. 2. TheInstituteforPalestineStudies'sJournalofPalestineStudies(Majallatal-dirasatal- falastiniyya)publishedtwospecialissuesforthewar;seeMajallatal-dirasatal-falastiniyya26 (Summer/Autumn2017):www.palestine-studies.org/en/node/213209andwww.palestine-studies. org/en/node/214248.SodidJadaliyya'sJadMag(anindependentelectronicmagazineproduced bytheArabStudiesInstitutethatfocusesonMiddleEastandArabStudies);seeJadMag6 550 Manar H. Makhoul / Dispossession and Discontinuity ofthiswartendstofocusonitsresultsintermsofIsraeliterritorialandde- mographic expansion, the ramifications in terms of regional international affairs, or the effect on Israeli society and domestic Israeli politics. More- over, previousworksfocusonthewaythewarinfluencedArabintellectuals, Palestinians included, giving little attention to the particular tensions and innerrelationsofthePalestiniannationaldiscourse.3Thisarticleaimstohigh- lightthedistinctivecharacteristicsofsomeofthePalestinianintellectualand literaryresponses to the1967 war. To do this, I compare the works of Palestinian intellectuals, academics, andnovelistswhopublishedbeforeandafterthe1967war,focusingonSaid, Ibrahim Abu-Lughod, Hisham Sharabi, Ghassan Kanafani, Emile Habiby, andAtallahMansour.Thiscorpusofworksincludes Palestiniansfromdi- verse geographical, poli"	
Malabou 2021.pdf	4	"To Quarantine from Quarantine: Rousseau, "" "" Robinson Crusoe, and I Catherine Malabou"	2020	2021			1		1	0	1	0	"To Quarantine from Quarantine: Rousseau, "" "" Robinson Crusoe, and I Catherine Malabou 23 March 2020 InMayof1743,avesselfromCorfucarryingbodiesofdeadcrewmem- berswhohaddiedofamysteriousdiseasearrivedinMessina.Theshipand cargowereburned,butcasesofastrangenewdiseaseweresoonthereafter observed in the hospital and in the poorest parts of the town; and in the summer,afrighteningplagueepidemicdeveloped,killingfortytofiftythou- sandpeople,andthendisappearedbeforespreadingtootherpartsofSicily. RousseauwastravelingfromParistoVeniceandwasforcedtohaltinGenoa becauseoftheepidemic.HenarrateshisquarantineintheConfessions(1782): It was at the time of the plague at Messina, and the English fleet had anchored there, and visited the Felucca, on board of which I was, and this circumstance subjected us, on our arrival, after a long and difficult voyage, to a quarantine of one-and-twenty days. The passengers had the choice of performing it on board or in the Lazaretto, which we were told was not yet furnished. They all chose the Felucca. The insupportable heat, the closeness of the vessel, the impossibility of walking in it, and the vermin with which it swarmed, made me at all risks prefer the Lazaretto. I was therefore conducted to a large building of two stories, quite empty, in which I found nei- ther window, bed, table, nor chair, not so much as even a joint-stool or bundle of straw. My night sack and my two trunks being brought me, I was shut in by great doors with huge locks, and remained at full liberty to walk at my ease from chamber to chamber and story to story, everywhere finding the same solitude and nakedness. S14 Catherine Malabou / To Quarantine from Quarantine This, however, did not induce me to repent that I had preferred the Lazaretto to the Felucca; and, like another Robinson Crusoe, I be- gan to arrange myself for my one-and twenty days, just as I should have done for my whole life. In the first place, I had the amusement of destroying the vermin I had caught in the Felucca. As soon as I had got clear of these, by means of changing my clothes and linen, I proceeded to furnish the chamber I had chosen. I made a good mat- tress with my waistcoats and shirts; my napkins I converted, by sewing them together, into sheets; my robe de chambre into a counterpane; and my cloak into a pillow. I made myself a seat with one of my trunks laid flat, and a table with the other. I took out some writing paper and an inkstand, and distributed, in the manner of a library, a dozen books which I had with me. In a word, I so well arranged my few movables, that except curtains and windows, I was almost as com- modiously lodged in this Lazeretto, absolutely empty as it was, as I had been at the Tennis Court in the Rue Verdelet. My dinners were served with no small degree of pomp; they were escorted by two gren- adiers with bayonets fixed; the staircase was my dining-room, the landing-place my table, and the steps served me for a seat; and as soon as my dinner was served u"	
Malabou 2023.pdf	13	Contemporary Political Adventures of Meaning: What Is Hegemony? Catherine Malabou		2023			15		0	0	1	0	"Contemporary Political Adventures of Meaning: What Is Hegemony? Catherine Malabou The context in which this reflection takes place is the emergence and developmentinthesecondhalfofthetwentiethcenturyofanewperspec- tiveregardingtherelationshipsbetweenlanguageandpolitics.Theworkof Ernesto Laclau and Chantal Mouffe represents one of the most important occurrences of such a phenomenon. Laclau and Mouffe's main question asks what remains of Marxism at a time when the notion of social class has proven unable to constitute the determining factor of political resistance, when the economy has ceased to appear as the basis of politics (in other words, as a base structure), when capitalist exploitation is not the only target of social protests any longer, ""ContemporaryPoliticalAdventuresofMeaning""isthegeneraltitleIgavetomylecturesat theUniversityofChicagoinJanuary2022asaCriticalInquiryVisitingProfessor.Myvisitalso includedtheteachingofagraduateseminarthatIdevotedtotheissueofphilosophyandanar- chy.Thelecturesandtheseminarwereintimatelylinked. Thefirstlecture,""WhatIsHegemony?,""wasacriticalreadingofErnestoLaclauand ChantalMouffe,HegemonyandSocialistStrategy:TowardsaRadicalDemocraticPolitics(New York,2001);hereafterabbreviatedHS.FollowingAntonioGramsci,thebookreversesthe meaningofthetermhegemony.Thetraditionaluseoftheterm(militaryorpoliticalleadership) shiftsandgivesbirthtoanewsignification.Hegemonynowstilldesignatesaprivilegebuta discursiveoneonly.Itistheprivilegeconferredtoacertainwordofcategory,servingasauni- fyingsymbolfordifferentandevenheterogeneousformsofpoliticalresistance.Hegemonythus understoodretainsanideaofdirectionbutwithoutanydominatingintention.Itjustorients multiplerevoltmovementswithoutreducingtheirdifferences.Suchaunifyingsymbolappears asaspecificsignifierdevoidofanycontentorreference,thusreadytobearanycontextual meaning. LaclauandMouffeborrowtheconceptof""floatingsignifier""fromClaudeLévi-Straussin ordertoexplainthisnewmeaningofhegemony(ClaudeLévi-Strauss,IntroductiontotheWork ofMarcelMauss,trans.FelicityBaker[London,1987],p.63).Hegemonyisasignifierthatdoes notrefertoanyobjectivecontentbutremainsopentoaconsiderablevarietyofmeanings.For LaclauandMouffe,thisnewsymboliceconomydeconstructsandevenreplacestheMarxist andwhenastronglinkamonganticapitalism,antisexism,antiracism,oren- vironmentaldefenseremainstobebuilt.Cansomethinglike aunityofall emancipatorypoliticalstrugglesexist?LaclauandMouffe'sanswerisposi- tive.Yes,wecanconceiveofsuchaunity,butwehavetounderstandthatit canonlybe—thisistheirterm—symbolic.Thepassagefromeconomicunity to symbolic unity in philosophical poststructuralist and post-Marxist dis- course is precisely my topic. The paradigm shift from base structure to symbolic economy is largely indebted to the notion of ""symbolic function"" elaborated by Lévi-Strauss in StructuralAnthropology1andre-elaboratedbyJacquesLacanasthe""symbolic order.""2 Both designate, each in their own way, the interplay of the social, economic, and unconscious rea"	
Malabou 2024.pdf	12	Contemporary Political Adventures of fi Meaning: What Is a Floating Signi er? Catherine Malabou		2024			15		0	1	0	0	"Contemporary Political Adventures of fi Meaning: What Is a Floating Signi er? Catherine Malabou Inthe1980stherewasatransitioninpoststructuralistandpost-Marxist discoursefromeconomicunitytosymbolicunity.Suchatransitioncaused aparadigmshiftincriticaltheoryandcoincidedwithastrategyofresistance against essentialism. Essentialism, for many thinkers, Ernesto Laclau and ChantalMouffeinparticular,isboundupinthenotionofclass,particularly totheideaofanobjectiveunityoftheproletariat.Moregenerally,thefight againstessentialismaimsatdismantlingthecategoriesofground,substan- tiality,anduniversality. AsImentionedpreviously,thetransitionfromeconomicdeterminismto symbolic organization of the real is largely indebted to both Claude Lévi- Strauss and Jacques Lacan.1 In the present text, I focus on Lévi-Strauss andstartwithareminderofhisdefinitionofthesymbolicandoneofitsma- joractors:thefloatingsignifier.Followingthat,Igiveafewexamplesofthe way in which this concept has been used by some major contemporary thinkersinanattempttoavoidpoliticalessentialism,determinism,anddog- matism.Finally,inanexaminationofAfropessimism,Idevelopacritiqueof such a use of essentialism; this, in the end, brings me back to a challenge againsttheconceptofhegemony. ThistextisthetranscriptofmysecondCriticalInquiryvisiting-professorshiplectureatthe UniversityofChicagoinJanuary2022. 1. SeeCatherineMalabou,""ContemporaryPoliticalAdventuresofMeaning:WhatIsHege- mony?,""CriticalInquiry50(Autumn2023):54–66. 306 Catherine Malabou / What Is a Floating Signifier? Lévi-Strauss Reads Marcel Mauss InIntroductiontotheWorkofMarcelMauss(1959),Lévi-Straussinsistson the importance of his fellow French anthropologist's work.2 He praises Mauss for having accomplished a genuine breakthrough in his vision of the relationship between language and the social. Mauss went so far, Lévi- Straussaffirms,astoassimilate""socialphenomenatolanguage,""thustrans- formingthewholefieldofsociology(I,p.72n.17).Itisneverthelessnecessary toradicalizethisposition.Why?Because""Maussstillthinksitpossibletode- velop a sociological theoryofsymbolism, whereas it is obvious thatwhat is needed isasymbolicorigin ofsociety"" (I, p. 21). Thismeansthat the social derivesfromthesymbolic,nottheotherwayaround. Thesymbolicisallaboutlanguage'sfundamentalconditionofpossibility: exchangeability.Thesymboliccanbegenerallydefinedasthelawofallex- changes.Iflanguageappearstobethearchetypeofallsymbolicsystems— myths, rituals, matrimonial rules, economic transactions, and others—it isbecausethemeaningofitstermsisnotfixedinrelationtoanexternalreal referent or object but emerges out of the exchanges between these terms themselves. Lévi-Strauss often uses symbolic and structure as synonyms. As Jacques Derridadeclaresin""Structure,Sign,andPlayintheDiscourseoftheHuman Sciences,""thestructureoperatesasa""processofsignificationwhichorders... displacementsandsubstitutions....Thesubstitutedoesnotsubstituteitself foranythingwhichhassomehowexistedbeforeit.""Thesymbolicis""asorto"	
Malewitz 2019.pdf	20	""" "" On the Origin of Oops! : The Language and Literature of Animal Disease Raymond Malewitz"		2019			35	American Culture|Contemporary American	2	0	0	2	""" "" On the Origin of Oops! : The Language and Literature of Animal Disease Raymond Malewitz In Contagious: Cultures, Carriers, and the Outbreak Narrative, Priscilla Wald writes that epidemics: compe[l] attention—for scientists and the lay public alike—not only because of the devastation [they] can cause but also because the cir- culation of microbes materializes the transmission of ideas. The in- teractions that make us sick also constitute us as a community.1 AlongsimilarlinesinAThousandPlateaus,GillesDeleuzeandFélixGuat- taridescribeviraloutbreaksasrhizomaticmodelsforvariouskindsofnon- hierarchicalcommunities.Intheirexplanationoftheintricaterelationship between deterritorialization (the detachment of a sign from a given con- text) and reterritorialization (the repurposing of that sign in a new con- text),theywritethat""undercertainconditions,aviruscanconnecttogerm cellsandtransmititselfasthecellulargeneofacomplexspecies;moreover, itcantakeflight,moveintothecellsofanentirelydifferentspecies,butnot withoutbringingwithit'geneticinformation'fromthefirsthost.""2 Thepathogentowhichtheyreferisanoncogenicribonucleicacid(RNA) virusortypeCvirus,firstdiscoveredbyRaoulBenvenisteandGeorgeTo- daroattheNationalCancerInstitutein1974.Apeculiarfeatureofthissort IwouldliketothanktheeditorsofCriticalInquiryfortheirhelpfulsuggestionsforthis essay.MyresearchhasbeensupportedbyOregonStateUniversity'sCenterfortheHumani- tiesandtheSpecialCollectionsandArchivesResearchCenter. 1. PriscillaWald,Contagious:Cultures,Carriers,andtheOutbreakNarrative(Durham, N.C.,2008),p.2. 2. GillesDeleuzeandFélixGuattari,AThousandPlateaus,trans.BrianMassumi,vol.2of CapitalismandSchizophrenia,trans.RobertHurleyetal.(Minneapolis,1987),p.10;hereafter abbreviatedTP. 840 Raymond Malewitz / On the Origin of ""Oops!"" ofvirusisitsabilitytopassgenetic informationbetweenspecies—evenif those species are quite distinct from one another (in Benveniste and Todaro'scase,domesticcatsandbaboons).AstheNewYorkTimesexcitedly reported,thismodelofgenetransfertroubleswhatDeleuzeandGuattaricall anarborealmodelofevolutionarydevelopment: The traditional view of evolution, dating from the works of Charles Darwin, is that it comes about through a succession of small changes, gradually improving the ability of the species to survive. The fossil record, however, seems to show remarkably abrupt leaps from one species to the next, with no record of gradual transition.3 Inotherwords,ageneorgeneticsequencefromavirusinonehostisde- territorialized, ""tak[ing] flight, mov[ing] into the cells of an entirely dif- ferentspecies,""butinsodoingbringswithitreterritorializinggeneticin- formation from its previous host (TP, p. 10). For Deleuze and Guattari, this elaborate give and take creates a rhizome: operating immediately in the heterogeneous and jumping from one already differentiated line to another. . . . We form a rhizome with our viruses, or rather our viruses cause us to form a rhizome with other animals. . . .We evolve and die mo"	
Marcus 2022.pdf	22	Reading as if for Death Sharon Marcus	2020	2022			25	Martin|Smith	1	0	0	1	"Reading as if for Death Sharon Marcus Howdowegoonlivingknowingthatwearegoingtodie?—notatsome distant date, but most likely very soon? If you were told that you would be dead within a year, would you use your remaining moments to the fullest, assumingthatyouwerehealthyenoughtodoso?Orwouldyoubeforcedto conclude,astheactorAnnaKendrickdidtwoweeksintoaCOVID-19pan- demiclockdown,thatyouwouldneveragainbeabletolietoyourselfabout all the things you would get done if you just had the time?1 An aphorism popularly attributed to Franz Kafka observes that ""the meaning of life is that it stops.""2 One way (though not the only way) to interpretthisobservationisthatdeath,aslife'sultimatemeaning,deprives lifeofanytruevalue.Howdopeoplerestoresignificancetolifeintheface of its ephemerality? Humans often suffer less from death itself than from our awareness of it. How does that consciousness of death structure how we live? What happens when death is no longer a distant abstraction but animmediate, specific reality? How does its overwhelming presence affect our experience of ordinary, everyday life? Thisarticleanalyzesanovelthatposesallthesequestionsandofferssome unusualanswerstothem.Inthisfictionalwork,anentirenation,isolatedin the southern hemisphere, waits to learn if it will be attacked by a deadly event that has almost certainly killed everyone in the northern half of the planet. For the first six months in which the tale unfolds, the novel's char- actershavesomereasontothinktheircountrymayescapedevastation.Two 1. SeeAnnaKendrick(@AnnaKendrick47),""IguessI'llneverbeabletolietomyselfagain aboutalltheshitIwoulddoifIjusthadthetime,""Twitter,30Mar.2020,1:26p.m.,twitter .com/AnnaKendrick47/status/1244722648401063938.Thetweetwaslikedbyover421,000people asof2December2021. 2. SigridNunez,WhatAreYouGoingThrough(NewYork,2020),p.195. 438 Sharon Marcus / Reading as if for Death thirds of the way through the book, however, it becomes clear that no one willsurvive.Althoughtheprecisetimingremainsinexact,deathisonlytwo to three months away. Of the novel's five protagonists, some acknowledge from the start that they are likely to die soon, while one refuses to recognize that death may beimminentuntilitssymptomsareundeniable,andshehasonlyhoursleft to live. Despite those differences, all of the characters, with one exception, continuedoingwhattheyhavealwaysdone:theyworkasnavalofficerson ships,fixappliances,decoratetheirhomes,gofishing,builddams,andtend gardens,plantingseedsinautumnthatwillnotemergeuntilaspringthatno living creature will live to see. Some characters make even more elaborate plansfortheirnonexistentfutures:onelearnsshorthandandtyping;another buysexpensivepresentsforhiswifeandchildreninConnecticut,whocan- notpossiblybealive.Asuburbanwomanspendsherlastmorningundertak- ingalongtriptothecitytobuymothballstoprotectherfamily'sclothes.As herhusbandtellsafriend,""'Shecandothatinbetweenthespasms,andshe wantstodoit.'""3Minutesbeforethesamecoupletakesgovernment-issued suicide pillst"	
Martin 2023.pdf	25	On the Fence: Media, Ecology, Marx Reinhold Martin		2023			50	Modern University|ReinholdMartin|StephenMeardon|StevenVogel|ibid|the Graduate	1	0	0	0	"On the Fence: Media, Ecology, Marx Reinhold Martin Infamously, according to Jean-Jacques Rousseau, the order of property enshrinedinmodernsocietiesrequiredatitsoriginseveralelements:apro- prietor, land, spoken words, and an audience. We can call this matrix of communicationamediacomplex,intheexpandedsenseofmediaasinter- actingsociotechnicalinfrastructuresorculturaltechniques;andwecancall itslawsofoperationamediapolitics,orthemultiscalarpowerrelationsgov- erningandgovernedbythatsystem.Indirectly,Rousseau'smostrecentEn- glishtranslator,PeterConstantine,hasaddedanotherelementtothewell- knownscene—afence—bysubstituting""fencedin""fortheseeminglymore literal""havingenclosed""(ayantenclos):""Thefirstmanwhofencedinaplot oflandanddaredtosay,'Thisismine,'andfoundpeoplewhoweresuffi- cientlysimpletobelievehim,wasthetruefounderofcivilsociety.""1Whether ornotthelibertytakenbyConstantineisjustifiedsemantically,itisjustified technologically—whenitcomestophysicalmatterlikeland,enclosurecan- not be solely juridical. Proprietorship is as material as it is symbolic, and speechactsliketheonedescribedbyRousseaurequireaninfrastructure.Or, toputitdifferently,thelawsandritualsofproprietorshipmustbeaccompa- niedbyatechnics. Thescene,liketheothersthatenlivenRousseau's""DiscourseontheOri- ginandFoundationsofInequalityamongMen,""isheuristic.Whatcounts mostistheplausibilityof""theslowsuccessionofeventsandknowledge""that Iamgratefultotheeditorsofthisspecialissuefortheircareful,insightfulcommentsonan earlierdraftofthisarticle.Unlessotherwisestated,alltranslationsaremyown. 1. Jean-JacquesRousseau,""DiscourseontheOriginandFoundationsofInequalityamong Men,""inTheEssentialWritingsofRousseau,trans.PeterConstantine,ed.LeoDamrosch(New York,2013),p.50;hereafterabbreviated""D."" 360 Reinhold Martin / On the Fence leadsuptoit(""D,""p.50).2Nonetheless,thinkingofthatfence—andofthe media complex to which it belongs—as constitutive of property relations modifiesthepremisesofaMarxianpoliticalecologycenteredontheconcept ofnaturalhistorybyreplacingRousseauianoriginstorieswiththehistorical repetitionofdifferentiatingacts.Whenmediaarereconceptualizedascul- tural techniques, or instruments of cultivation, property—which for John LockederivedfromlabormixedwithlandandforKarlMarxderiveddia- lecticallyfromtheft—becomesalabor-intensive,technologicalmatterofes- tablishing and managing boundaries,including those betweenculture and nature.3 The limits of a cultural materialism become clear, however, when media like fences, along with their builders, proprietors, and users, are re- positioned within the tragic drama of a more fully historical materialism for which contradiction mediated by tools is basic. To remain with the fence, then, if not exactly on it, is to stay with the chain that binds proprietor to propertyinadialecticofcultivationturnedtwiceonitshead:oncebyMarx andagainbymediaecology. Metabolic Rift, or the Natural-Historical Ha-Ha InRousseau'saccount,proprietorshipissovereignty;butonlyinsofaras thatsovereignt"	
Massumi 2025.pdf	9	Some Points about Contemporary Fascism Brian Massumi		2025			2		0	0	0	0	Some Points about Contemporary Fascism Brian Massumi Preamble Thematurationofthemodernnation-statecoincidedwithaprogressive becoming-immanentofpowertothesocialfield.Conceptssuchasdisciplin- arypower,governmentality,andbiopower—tonamejustthetrioinvented byMichelFoucault—weredevelopedtodescribethedispersalofpowerinto thesmallestcapillariesofthesocialbody.Increasinglynetworkedcommuni- cationalchannelsinnervatethefieldoflife,deliveringprovocationsthatplay the nervous systems of the citizenry like the strings of an abstract harp: tweaks, pokes, primings. Impingements continuously interrupt the flow of everydaylife,microsegmentingattention.Inthecracksbetweenpokestoat- tention,thebodyisbracedbyincursionsoftheoutsideandother.Thena- scent thought that begins to stir with every movement of feeling is stoked by each successive hit, only to be short-circuited by the cut to the next: co(m)motionoffeelingsuffusedwithincipientthinking.Inthefitsandstarts, thefeeling-thinkingbodyistensedandtenderized,both.Fraughtinthemid- dle,thebodyisinjeopardyofcapture,ofbeinginductedandadjoined.The modalitiesofpowerthattrawlthesocialfieldhaveanin,andtheyplugin,to thelifeofthebodyattheinfralevel,undersideitscapacitiestoexecuteaction anddirectthoughtwiththeself-sovereigntyandself-sufficiencythatwehave beenledtobelievedefineusasautonomoussubjectsofdecision. Thebecoming-immanentofpowerhasthrownsovereigntyanddecision tothewinds,dispersingittothefarcornersofthesocialfield.Powerbecomes distributive. Manya voice announces the obsolescenceof the state andthe death of the sovereign, long since beheaded. They speak too soon. Just as the movementofpower'sbecoming-immanent passesthe thresholdwhere itforcefullyregisters,astrangephenomenonoccurs.Theheadofstate,itisjust asforcefullyevident,isfirmlybackontheshouldersofapreeminentperson. 152 Brian Massumi / Some Points about Contemporary Fascism ApreeminencewhofascinatesbythenostalgicliltofhisHollywoodvoicein counterpointwithadebonairlyfalteringbody;oronewhorivetsattention throughtherhythmsofhisalternativelyathleticandclod-hoppingbodyim- ageintercutbyfalteringsof language;orwhobeamspulsesofgrievancefrom vengeful eyes peeringfrom a practiced, clenched-jaw,brow-knit expression ofacomplainer-in-chiefexemptedfromtherulesofcogentdiscourse.From RonaldReagantoGeorgeW.BushtoDonaldTrump,theimperialcenteris reoccupied,withapageantrydeceptivelyreminiscentofthegod-kingmon- archism that preceded and prepared the way for the modern nation-state. Power is back in the preeminent person. Front and center, the personality ofpowerreturns.Withavengeance.Butalsowithadifference.Thefactthat whenthelineagethatgoesfromReagantoTrumpalsogoesfromtheB-grade movieactortotheuber-kitschrealitystar,investedwithanexceptionalismthat exonerates him from the rigours of coherent discourse and well-reasoned policypurportingtoobserveastandardoftruth,issymptomaticofastartlingly newvariationonanoldregime.Thepersonalityofpowerisanarchaismwith acontemporaryfunction. Point 1 All contempor	
Mathes 2025.pdf	23	' Apostrophe s Occasions: Two Postures of Abolitionist Address Carmen Faye Mathes		2025			45	Romantic Provocation|the simultaneity	0	0	0	0	"' Apostrophe s Occasions: Two Postures of Abolitionist Address Carmen Faye Mathes 1. Introduction The paradigmatic posture of British abolitionism is well-known. Josiah Wedgwood'santislaverymedalliondepictsanenslavedBlackman,withwrists and ankles manacled and chained, taking a knee in apparent supplication. ""AMINOTAMANANDABROTHER?""readstheconvexinscriptionabove. Withfaceupturnedandinprofile,theman'sbodyisturnedbelowtheneck, justbroadsideenoughtoincludetheviewerintheappealwithoutmakingthat viewerhisdirectaddressee.Commissionedin1787bytheSocietyforEffecting theAbolitionoftheSlaveTrade,themedallionandotheritemsfeaturingits sameimagewerewidelydistributedandcopiedthroughouttheturnofthe nineteenthcentury.Thesupplicatingposturecirculatedaspoliticalpropa- ganda;aChristianappealtosharedbeliefs(andthereforetosharedhuman- ity);atinyportalthroughwhichtoimaginecross-culturalcontact;evidence ofgoodtaste;agoadtosentimentalmorality,orsomecombination.1Inan oft-quotedlettertoWedgwood,BenjaminFranklincallsthemedallion'seffect ""equaltothatofthebestwrittenPamphlet,inprocuringfavourtothoseop- pressedPeople.""2 ThisarticleisnotaboutWedgwood'smedallion,thoughmyargumentsgain importantcontextfromwhatthemedallion'sreceptionsuggestsaboutthe socialandpoliticalswayofracializedposturesintheabolitionistimagination. IamgratefultoSheilaGiffen,JeffNoh,MadeleineReddon,JudithScholes,andmostespe- ciallyStevenMayefortheircrucialinsightsinthefinalstagesofthewritingofthisessay.Padma Rangarajanofferedwisecounselatuncountablemomentsalongtheway.Thankstoalltheorga- nizersandaudienceswhogavetheirtimeandattentiontotheseideasastheydeveloped. 1. SeeSimonGikandi,SlaveryandtheCultureofTaste(Princeton,N.J.,2011),pp.22–23. 2. Quotedinibid.,p.23. 536 Carmen Faye Mathes / Apostrophe's Occasions Themedallion'spopularityand,forFranklin,itspersuasiveness,reflectthevi- sualliteracyofaclassofpeopleforwhomthekneelingfigure'stwinevocations ofsubmissionandhopefitwithinthe""newkindsofBritishsubjectivitiesand modesofregulatingthesocialorder""that,asSimonGikandishows,connect aneighteenth-centurycultureoftastetotherejectionofslavery—arejection thatwasmorefocused,atthattime,onabolishingthetrafficinhumanbeings acrosstheMiddlePassage.3Byevokingsuchmanneredprotocolsaspropriety and sensibility, kneeling reinforces an extant racial hierarchy; holding the medallion,freewhitespectatorscouldlookdownon,andexpecttofeelpity for,theenslavedBlackman.Or,asYasserShamsKhanoffers,drawingonadif- ferent theoretical vocabulary, ""artefacts like Josiah Wedgwood's antislavery medallionwithitsimageofakneelingslavecanbereformulatedasscriptive thingstodeterminetheracialbehaviorsandattitudesthattheseobjectsin- vite.""4RobinBernstein'sconceptofthe""scriptivething""—anobjectofma- terialculturethatelicitscertainrotebehaviors,includingracializingbehav- iors—suggeststoKhanthatitemslikethemedallioncangrantinsightnot only into historical attitudes toward Blackness and racial difference in BritainandAmericabutalsointohowthoseattitudeswerehabituallyper- "	
Mbembe 2021.pdf	5	The Universal Right to Breathe Achille Mbembe	2020	2021			3		0	0	1	0	"The Universal Right to Breathe Achille Mbembe Translated by Carolyn Shread 13 April 2020 Alreadysomepeoplearetalkingaboutpost-COVID-19.1Andwhyshould theynot?Evenif,formostofus,especiallythoseinpartsoftheworldwhere healthcaresystemshavebeendevastatedbyyearsoforganizedneglect,the worstisyettocome.Withnohospitalbeds,norespirators,nomasstesting, nomasksnordisinfectantsnorarrangementsforplacingthosewhoarein- fectedinquarantine,unfortunately,manywillnotpassthroughtheeyeof theneedle. 1. It is one thing to worry about the death of others in a distant land and quite another to suddenly become aware of one's own putrescence, to be forced to live intimately with one's own death, contemplating it as a real possibility. Such is, for many, the terror triggered by confinement: having IstranslationstillpermissibleinCOVID-19?Weknowthatitsreachisacrossborders,thatit cominglesinawaythatisrapidlydisappearingintoaseeminglydistantpast,thatittransfersand transforms.Now,undertheregimeofsocialdistancing,whereIshowmycareforyoubystep- pingaway,whatisittotranslate?Forthere'snoreadingmoreintimatethanatranslation—a bodilyintimacythatadoptstherhythmofthelungs,thepulseoftheheart,thecoursingofthe bloodthroughthetexttothepointthatweask,whosebreathisitanyway? Iknowthatthistextkeptmealive—merci,AchilleMbembe.Thatitcameoutoftheblue, bringingabreathoffreshair—thankyou,HankScotch.AndthatI'llpassitontoyou,readers ofCriticalInquiry,hopingthatitfreesuptheatmosphere.Becauseweneedtobreathetogether. Andthereisnosolitarybreath.—Trans. 1. AversionofthispostappearsinFrench;seeAchilleMbembe,""Ledroituniverselàlares- piration,""AOC,4June2020,aoc.media/opinion/2020/04/05/le-droit-universel-a-la-respiration/ to finally answer for one's own life, to one's own name. We must answer hereandnowforourlifeonEarthwithothers(including viruses)andour sharedfate.Suchistheinjunctionthispathogenicperiodaddresses tohu- mankind.Itispathogenicbutalsothecatabolicperiodparexcellence,with the decomposition of bodies, the sorting and expulsion of all sorts of hu- man waste—the ""great separation"" and great confinement caused by the stunning spread of the virus—and along with it, the widespread digitiza- tion of the world. Tryaswemighttoridourselvesofit,intheendeverythingbringsusback tothebody.Wetriedtograftitontoothermedia,toturnitintoanobject body,amachinebody,adigitalbody,anontophanicbody.Itreturnstous now as a horrifying, giant mandible, a vehicle for contamination, a vector forpollen,spores,andmold.Knowingthatwedonotfacethisordealalone, thatmanywillnotescapeit,isvaincomfort.Forwehaveneverlearnedto livewithalllivingspecies,haveneverreallyworriedaboutthedamageweas humans wreak on the lungs of the Earth and on its body. Thus, we have never learned how to die. With the advent of the New World and, several centuries later, the appearance of the ""industrialized races,"" we essentially chose to delegate our death to others, to make a great sacrificial repast of existenceitselfviaakindofontologicalvicariate. Soon, it will no"	
McGann 2019.pdf	19	Colonial Exceptionalism on Native Grounds: American Literature before American Literature Jerome McGann		2019			32	IndianTreatiesPrintedbyBenjaminFranklin	0	0	0	0	"Colonial Exceptionalism on Native Grounds: American Literature before American Literature Jerome McGann Since1492 Indianhistorycannot truthfullybeextricated from Americanhistory, norviceversa. —Francis Jennings, ""OntheUndoing ofHistory""1 Everyoneknowsthat""practicalletters""asopposedto""finearts""orlit- eratureshaped""theearliestphaseof[American]nationallife.""2Thatutile focusprevailedfromthefirstyearsofcolonialsettlementtothefounding yearsoftherepublicand""perhaps,""asConstanceRourkeoncesurmised, further beyond into ""later phases"" of American history as well.3 Indeed, giventhelengthandcomplexityofcolonialhistoryandculture,itisdiffi- culttothinkotherwise.Thecolonialfeedingsourceofwhatwouldbecome ""classicAmericanliterature""andalibraryofAmericawasacorpusoffunc- tional writings firmly oriented to the world of social, religious, and eco- nomicpurpose. In such a context one comes to understand how artfulness is not the prerogativeofbelleslettresorimaginativeliterature.Isay""how""because the perspective entails notable consequences for critical and interpretive method. Engaging with practical letters shifts the theoretical framework 1. FrancisJennings,""OntheUndoingofHistory,""appendixCtoTheAmbiguousIroquois Empire:TheCovenantChainConfederationofIndianTribeswithEnglishColoniesfromitsBe- ginningstotheLancasterTreatyof1744(NewYork,1984),p.405. 2. ConstanceRourke,""TheRootsofAmericanCulture,""in""TheRootsofAmericanCul- ture""andOtherEssays,ed.VanWyckBrooks(NewYork,1942),pp.15,9,10. 3. Ibid.,p.11. forassessingculturalvaluefromaestheticstoaxiology.4WorkslikeCotton Mather's Magnalia Christi Americana, Thomas Jefferson's Notes on the StateofVirginia,Indiantreaties,ortheBayPsalmBookareorganizedac- cording to complex intentions designed toward various public purposes. Like Greek drama (as Aristotle showed), these works are artful to public ends.UnlikeGreekdrama,theiragencyandfieldofactionextendsbeyond their immediate ethos and textual address. Theyengage contextual fields that are diverse and conflicted. Because that is the explicit focus of these Americanpracticaltextualities,tounderstandwhattheymeanrequiresun- derstandingwhattheysetouttodoinsayingwhattheysay.5 Rourke'spracticalfocuswasrespondingtothespecialcondition—the conflicting agents and trying or even incoherent circumstances—that pressedindifferentwaysonalloftheEnglishcolonies.Nosetofmaterials exposes those special conditions more dramatically than Indian treaties, which is where Rourke launched her broad study of the practical arts in America.Thesalienceofherapproachisfullyrealizedinthosesupremelit- eraryworksthatemergedattheclimaxofthecolonialperiod:theDeclara- tionofIndependenceanditsrepublicanappendix,theconstitutionofthe UnitedStates,whereinthebraveanddesperatecontradictionsoftheDec- laration—collectivelyauthored,liketheconstitution—werecodifiedaspos- 4. Consideredasaninvestigationintothetheoryofvalue(axiology),Rourke'swork stressestheprimacyofethicsoveraesthetics.SeePaulGuyer,KantandtheExperienceofFree- dom:Essa"	
McLane 2024.pdf	28	Notational/Poetics: Noting, Gleaning, Itinerary Maureen N. McLane		2024			47	Image-Music-Text|Poems|the multiple	0	0	0	0	"Notational/Poetics: Noting, Gleaning, Itinerary Maureen N. McLane Someyearsago,IrealizedthatIhadfeltforsometimealackofinspiration orratheralackofmotivation—somethingdifferent,perhaps—inallkindsof keys:poetic,political,critical,affective.Iwasandaminterestedinthislackof inspiration,bothpersonallyandimpersonally.PerhapsIwassufferingfrom what Lauren Berlant called ""political depression.""1 Perhaps I was suffering fromgender.Perhapsthiswasamatterofelectrochemicalreceptors.Perhaps thiswasa perfectly fineintervalorsuspensionthatwasmeant simplytobe enduredorevenembraced. Perhapstherequirementofinspirationisitselftheproblem—oraprob- lem. Maybe we could follow Fred Wah, who some years ago wrote: don't make it up find it dead brown pods a few shiny green leaves period2 Thisessayhasbenefittedfromtheengagementofanumberoffriendsandcolleagues,notleast theeditorsofCriticalInquiry.IamgratefultoDeborahNelsonandtheDepartmentofEnglishat theUniversityofChicagofortheinvitationtodelivertheCarpenterLecturethatwasthebasisfor thisessay,aversionofwhichwillappearinMyPoetics(forthcoming);Iamgratefulaswellforthe responsesofaudiencesatChicago,theCriticalPoeticsResearchGroupatNottinghamTrentUni- versity,Heinrich-Heine-UniversitätDüsseldorf,andtheTinHouseSummerWorkshop.Allthanks aswelltoAnahidNersessian,whofirstinvitedmetothinkaboutRolandBarthesattheACLA,and toCatherineBarnett,HillaryChute,LangdonHammer,StephanieKelley,CelesteLangan,Wendy AnneLee,EricaMcAlpine,CrystalParikh,JiniKimWatson,andClairWills,allofwhomoffered incisivecommentsonearlierversionsofthisessay.AndbestthanksasalwaystoLauraM.Slatkin. 1. LaurenBerlant,""Starved,""SouthAtlanticQuarterly103(Summer2007):433.""Thephrase 'politicaldepression'emergesfromdiscussionsinaworkinggrouponPublicFeelings"" (Berlant,CruelOptimism[Durham,N.C.,2011],p.272n.11). 2. FredWah,""Ikebana,""inRooftops,inScree:TheCollectedEarlierPoems,1962–1991,ed.Jeff Derksen(Vancouver,2015),p.355. 278 Maureen N. McLane / Notational/Poetics Wahoffers here aministatement on poetics, aprovocationunder thesign of ikebana, the Japanese art of flower arrangement, also known as Kadō (華道, ""way of flowers""). Wah's economical poem presents poeisis not so much as the work of homo faber but as the work of an alert scavenger, a finder, a gleaner with a prepared mind, prepared not least by complex traditions of finding and arranging, prepared to see in apparently random materialsthebasisforanewassemblage:""don'tmakeitup/findit.""And whatmight""it""bemadeof?Deadpods,shinygreenleaves,anapparently haphazard mix of dead and living matter gathered and arranged, assem- bled and lightly transformed into an emergent ""it,"" its provisional finality markedwittilybythelexicalized""period,""thatmarkofpunctuation stop- ping the finding into the gestalt of assemblage. It's worth noting that Wah's ""Ikebana""—in its finding and arranging of podsandleaves—swervesfromtheflowerasblossom.Ifthefirststanzafunc- tions as a kind of note to self (or to anyone wrestling with the demands of making versus ""ma"	
McManus 2021.pdf	23	' On the Ruins of What s to Come, I Stand: Time and Devastation in Syrian Cultural 2011 Production since Anne-Marie McManus		2021			63	Abounaddara|Yo Ja	0	0	1	0	"' On the Ruins of What s to Come, I Stand: Time and Devastation in Syrian Cultural Production since Anne-Marie McManus Syria today is synonymous with devastation. Like Iraq and Lebanon at earliermoments,itsnameconjuresurbanspacesscarredbybombingsand emptystreetsstalkedbyfear.DronesthatflewoverthecitiesofHoms,Hama, and Aleppo produced slow-motion shots of urban wastelands, seemingly emptiedoflife.Theseeerie,aestheticizedimages,settohauntingmusicbe- foretheircirculationonsocialmedia,tooktheirplaceinmodernwarfare's catalog of destruction, evoking the cities of World War II, Sarajevo under siege,andthedemolitionofHamain1982. LifeinSyriaisnotincludedinthisiconographyofdestruction.Peoplein- habitburned-outcitiesandtraverserubble,fashioningroutineamidstruin. InSaraqeb, thesite ofabattle betweenthestate andFree Syrian armiesin 2012,residentsknockeddownwallsbetweenhomes,creatingunseenpaths toremainalive.1""Cemeteries[havebegun]toliveamongthepeople,""wrote novelistSamarYazbek,""anothereverydaypartoflifeliketheshopsandthe streetsthatwindbetweenthehouses""(C,p.90).In2016inGhouta,asuburb ofDamascusandrebelenclave,childrenmadeswingsetsofrecycledmissiles TheauthorthanksAlexandreDubé,CharifKiwan,NancyReynolds,LisaWedeen,Max Weiss,ananonymousreviewer,andtheTurningPointsgroupatPhilipps-UniversitätMarburg (notablyEylafBadrEddin)fortheirvaluablecomments,andtheAlexandervonHumboldt Foundation,theCenterfortheHumanitiesatWashingtonUniversityinSt.Louis,andtheMel- lonFoundationfortheirsupport.Forauthors'names,IuseconventionalspellingsinEnglish whentheseexistandfollowtheInternationalJournalofMiddleEastStudies(IJMES)transliter- ationwhentheydonot.Unlessotherwisenoted,alltranslationsaremyown. 1. SeeSamarYazbek,TheCrossing:MyJourneytotheShatteredHeartofSyria,trans. NashwaGowanlockandRuthAhmedzaiKemp(London,2015),p.10;hereafterabbreviatedC. 46 Anne-Marie McManus / On the Ruins of What's to Come, I Stand andshellcasesduringlullsinthefighting.2Theirplay,salvagedmateriallyand temporallyfromdevastation,shouldnotbeofferedupasevidenceoflife'sre- silienceinwar.Ittookplacethreeyearsaftertheregime'schemicalattackon Ghoutaandtwoyearsbeforethearea'srecapturebythestatein""adailybar- rage ofattacks"" that ""deliberatelykill[ed] andmaim[ed]"" inhabitants.3 Like theculturalproductiondiscussedhere,playinGhoutaresistsreclamation. SyrianandSyrian-Palestinianwritersandfilmmakerstodaydepictnetworks ofruininworkscentrallyconcernedwithtime:flattenedintotherepetitionof war,drawnoutinaccumulatedsuffering,compressedinasedimentedpresent. WordsbypoetFirasSulaiman—""ontheruins/ofwhat'stocome/Istand/ thecursedBabylonian""—epitomizetheirsenseofspeakingwithinruin,past and future.4 The present threatens to dominate in this devastation that spreads,connectingdestroyedcitiesandmassgravestoMediterraneancross- ingsandprison-likecamps.Ordinarymodesoflifeandproductionmingle withtheirpurportedantithesis—erasure,stasis,death.Yettheveryimpulse todepictthisbarrenpresentimplicatesSyrianandSyrian-Palestiniancultural actors in the"	
Mendes-Flohr 2020.pdf	12	About the Term Exile Paul Mendes-Flohr		2020			29		0	0	2	1	"About the Term Exile Paul Mendes-Flohr Writingin1937fromtheDanishtownofSvenborg,wherehehadlived shortly after having fled Nazi Germany some four years earlier, Bertolt Brechtwroteapoemthatopenedwithanironicprotest,""Immerfandich denNamenfalsch,denmanunsgab:Emigranten"": I always found the name false which they gave us: Emigrants. That means those who leave their country. But we Did not leave, of our own free will Choosing another land. Nor did we enter Into a land, to stay there, if possible for ever. Merely, we fled. We are driven out, banned. Not a home, but an exile, shall the land be that took us in. Restlessly we wait thus, as near as we can to the frontier Awaiting the day of return, every smallest alteration Observing beyond the boundary, zealously asking Every arrival, forgetting nothing and giving up nothing And also not forgiving anything which happened, forgiving nothing. Ah, the silence of the Sound does not decieve us! We hear the shrieks From their camp even here. Yes, we ourselves Are almost like rumours of crimes, which escaped Over the frontier. Every one of us Who with torn shoes walks through the crowd Unlessotherwisenoted,alltranslationsaremyown. Bears witness to the shame which now defiles our land. But none of us Will stay here. The final word Is yet unspoken.1 Echoing Brecht, I wish to thematize the term Jewish exiles and question theappropriatenessofthetermtocharacterizetheintellectualsofJewish provenience who fled Nazi Europe, if the designation Jewish exiles—the emphasisfallingonJewish—ismeanttospecifysomeculturalandcogni- tive specificity, other than the fact that Adolf Hitler's apocalyptic anti- Semitism obliged them to take refuge in the US and elsewhere. If the la- belistobesoconstrued,Ishouldliketoposethequestionofwhetherthe experience of exile of German Jewish intellectuals was qualitatively— phenomenologically—different than that of non-Jewish Germans such as Brecht. FromtheperspectiveofBegriffsgeschichte(thehistoryofconcepts),the notion of exile when applied to Jews evokes semantic associations that suggest that they do indeed experience political banishment as a cultural and cognitive condition sui generis. AssociatedwiththedestructionoftheJerusalemtemple,whichmarked boththeaxismundiandthesymboliclocusofIsrael'sprovidentialrelation toGod,exileattainedinJudaismadecidedlyreligioussignificance.Accord- ingly, when reflecting on exile, Jews did not focus on Titus, the Roman commanderwholedthesiegeofJerusalemintheyear70CE.Rather,exile wasunderstoodtobeaprofoundcrisisinIsrael'srelationwithGod.Asa religiousconcept,ithasbeensaid,exileisperhapsthemostoriginalideaof Judaism.AllotherconceptsinformingIsrael'sancientfaith—suchasmono- theismandMessianism—haveanaloguesincognate,neighboringcultures. The Egyptian king Akhenaton rejected the polytheistic pantheon in favor of the one god, Aton, who shared many attributes with Yahweh; and 1. BertoltBrecht,""ConcerningtheLabelEmigrant,""inRefugees:AnAnthologyofPoems andSongs,trans.Stephe"	
Mikhail 2022.pdf	22	What the World Says: The Ottoman Empire, Interspecies Rape, and Climate in the Little Ice Age Alan Mikhail		2022			50	HumanistandScholar|Peirce	0	0	1	0	"What the World Says: The Ottoman Empire, Interspecies Rape, and Climate in the Little Ice Age Alan Mikhail In 1649, ""'a girl who is a virgin maiden'"" stood before her community and declared: ThreeyearsagoadelegationfromthesultanofIndia,bearingtwoele- phantsasagiftforSultanIbrahim,stoppedinourplainofTurhal.All thetownsfolkandthepeoplefromthesurroundingvillageswenttosee them.Iwaswithagroupoffiveortengirls.Wearrivedatapleasantspot andmountedsomecartstogetabetterview.Astheypassedtheycried, ""Youaretooclose,getdownfromthecarts.""Someofthewomennear mewerewhisperingtoeachother,""Allah!whatabiganimalthisis.""I wentforward,saying,""Mommy,whereistheelephant?""Isawablack houseonfivepillars.Oneofthepillarswasswayingbackandforth.I keptgoingforward,saying,""Mommy,whereisthelittleelephant?""Then Iheardeveryoneshouting,""Hey,girl,stop!""ThenextthingIsawwas thatbigblackhousewalkingtowardme.Somethingsnatchedmeupin theair.Iwasinadarkwarmplace.Iflounderedabout,cryingforhelp, andmyhandsandfeetkeptstickingintowarmflesh.Suddenly,after DonnaLandry,KathrynLofton,LenaSalaymeh,EdithSheffer,andMaryR.Welchoffered anonymousreviewersofCriticalInquiry.ConversationsattheMedievalandRenaissanceStud- iesSeminarattheUniversityofMissouriandtheRenaissanceColloquiumatYaleUniversity's DepartmentofEnglishprovedcrucialforsharpeningmyarguments.Forthefruitfulexchanges atMissouri,IthankHeideEstes,PaulineGoul,MeganMoore,andAnneRudloffStanton;at Yale,BayanAbubakr,BenCard,ÖzgenFelek,EveHoughton,FeisalMohamed,Catherine Nicholson,andEllenNye.Unlessotherwisenoted,alltranslationsaremyown. 56 Alan Mikhail / What the World Says aboutanhour,somethingtookholdofmeandleftmeoutsideinthe sunlight.Ilaysenseless[cânsız]forthreehours,thentheytookmehome. Mybellybegantoswell.Itgotbiggerdaybyday.ThreeyearslaterIgave birthtothisbabyelephant.Itwasaliveforonemonth.Thenthemid- wife,urgedonbytheprefect,killedmyelephantson[filoğlum].Ide- mandjustice[hakkımıhakkeyle].1 Whatarewetomakeofsuchanaccount?Firstandforemost,itisthestory oftheinterspeciesrapeofayoungwoman.2Thisalonemakesitharrowing anduniqueinthehistoricalrecordoftheearlymodernworld,demanding care and sensitivity.3 Knowledge production should never reenact sexual violence but rather stare it down to reconstruct the brutalities of the past. 1. QuotedinRobertDankoff,AnOttomanMentality:TheWorldofEvliyaÇelebi(Boston, 2006),pp.174–75;hereafterabbreviatedOM.SeealsoEvliyaÇelebibinDervişMehemmed Zıllî,EvliyâÇelebiSeyahatnâmesi,ed.SeyitAliKahraman,YücelDağlı,andRobertDankoff, 10vols.(Istanbul,2011),3:129.ForanotherEnglishtranslation,seeEvliyaÇelebi,""Fromthe BookofTravels:TheGirlWhoGaveBirthtoanElephant,""trans.Dankoff,inAnAnthologyof TurkishLiterature,trans.Dankoffetal.,ed.KemalSilay(Bloomington,Ind.,1996),pp.208–9. 2. Thenamelesssubjectiscalledkız,""girl""or""maiden,""throughoutherstory.Unlessquot- ingorreferencingtheoriginal,Iwillusethetermschildorwomantorefertoher.Foradis- cussionofthesubtletiesofthemeaningofthewordkız,seeLeslieP.Peirce,""Seniority,Sex- uality,andSocialOrder:TheVoca"	
Miller 2025.pdf	21	Master Meter: Ralph Ellison, Invisible Man, and the History of Lyric Peter Miller		2025			47	ELH and	0	0	1	2	"Master Meter: Ralph Ellison, Invisible Man, and the History of Lyric Peter Miller ""I have been carrying on a fight with Monopolated Light & Power for some time now,"" reflects the unnamed narrator of Invisible Man near the beginning of Ralph Ellison's 1952 novel. ""I use their service and pay them nothingatall,andtheydon'tknowit.Oh,theysuspectthatpowerisbeing drainedoff,buttheydon'tknowwhere.Alltheyknowisthataccordingto themastermeterbackthereintheirpowerstationahellofalotoffreecur- rent is disappearing somewhere into the jungle of Harlem.""1 Practically speaking,Ellison'snarratorisstealingelectricityfromapublicutilitiescom- pany.Butheisalsostealing,oratleastrerouting,currencyofanotherkind, namelytheculturalcurrencyonemightseekfromthestudyofEnglishlit- erature.Echoinginthename MonopolatedLight &Power aretouchstone phrasesfromtwofiguresstronglyassociatedwiththestudyofEnglishand American literature as such, Matthew Arnold and Ralph Waldo Emerson, and when Ellison's narrator draws power from this power company, he is committing an act of aesthetic as well as technical manipulation.2 His is an exemplary case of what Harold Bloom called the anxiety of influence, orthecreativemisreadingofstrongprecursors,butwhereasBloomempha- sizedthe poet'sverbal and rhetoricaltactics, Ellison'snarrator emphasizes theembodied,social,andtechnologicalparameterswithinwhich,forBlack 1. RalphEllison,InvisibleMan(NewYork,1995),p.5;hereafterabbreviatedIM. 2. SeeMatthewArnold,CultureandAnarchy:AnEssayinPoliticalandSocialCriticism (London,1869).Arnold'strademarkphrase""sweetnessandlight""recursthroughouthiscollec- tion.AsKunJongLeewrites,""LightandpowerarequintessentialEmersonianwords,those mostcloselyassociatedwiththecharacterofthepoet""(KunJongLee,""Ellison'sInvisibleMan: EmersonianismRevised,""PMLA107[Mar.1992]:331).Ellison'snarratorfeelsthatBroadway andtheEmpireStateBuilding""areamongthedarkest[spots]ofourwholecivilization—par- donme,ourwholeculture(animportantdistinction,I'veheard)""(IM,p.6). artistsespecially,suchmisreadingsmightoccur.3""IaminthegreatAmeri- can tradition of tinkers,""the narrator brags. ""That makes me kin toFord, EdisonandFranklin.Callme,sinceIhaveatheoryandaconcept,a'thinker- tinker'""(IM,p.7).4 AspowerswervesawayfromwhiteneighborhoodsandtowardHarlem, thenarrator'seffortisregisteredbytheelectriccompany's""mastermeter,"" a punning nod toward metrical formal mastery that signals, I will argue, Ellison'sbroadbutthusfarlargelyinvisibleinvestmentin,andreappraisal of, the history of modern anglophone poetics. From its opening reference to Edgar Allan Poe to its more coded allusions to Ezra Pound, the novel's protagonist's plight to be recognized within a racist white society is also a cannymeditationontheblindspotsoflyrictheoryasitdevelopedinwhite academicspacesfromRomanticismthroughthemid-twentiethcentury.If, asG.GabrielleStarrargues,standardhistoriesofthefirst-personRomantic lyric's invention around 1800 ignore ways that lyric had already been ""re- writtenthroughthestructu"	
Milner 2019.pdf	19	Universality in Splinters Jean-Claude Milner		2019			12		1	0	0	0	"Universality in Splinters Jean-Claude Milner Translated by Pierre-Héli Monot The University as a Crowd UniversitiesinEuropeareamedievalinventionweowetotheRoman CatholicChurch,whichwemoresuccinctlycall""theChurch.""Today,they exist all around the world; they are secularized; they make up one of the major forms of the modern gathering. In 1921, Sigmund Freud studied crowdphenomena.Hecontrasted""natural""crowds,whichformsponta- neously, with ""artificial"" crowds, which result from an institutional con- straint.1Among""artificial""crowds,hementionedtheArmyandtheChurch inparticular.Withgoodreason:theseinstitutions,atonceancientandstill strong,couldbefoundinalmostallEuropeancountries.Today,thisisno longerthecase. OneoftheimplicitfoundingprinciplesoftheEuropeof Treatiesisthat theroleoftheArmyshouldberadicallycutback.NotonlydoestheArmy carrynoweightingovernmentaldecisions,italsodoesnotevendetermine thelittlemilitarypoliticssomestateswishtopreserve.Withrespecttoso- cial life, the Army is more and more absent. While armies do exist, the Army,inthesingularformandcapitalized(theArmythatcarriedsomuch weightintheAlgerianWar)doesnotexistanymoreintheSchengenArea. ItexistsinTurkey,andthisis,withoutadoubt,whatstandsinthewayof ThistextwasfirstpublishedinFrenchaschapterIVof:Jean-ClaudeMilner,L'universel enéclats.Courttraitépolitique3(Lagrasse,2014).©ÉditionsVerdier,2014.WethanktheÉdi- tionsVerdierforgrantingpermissiontopublishthistranslation. 1. SeeSigmundFreud,MassPsychologyandAnalysisofthe""I,""in""MassPsychology""and OtherWritings,trans.J.A.Underwood(London,2004),pp.15–100.Freudnotoriouslydraws onGustaveLeBon,Psychologiedesfoules(Paris,2003).Notethedifferencebetweenthe Frenchfoule[crowd]andtheGermanMasse. 194 Jean-Claude Milner / Universality in Splinters this country's inclusion into Europe, more so than its geography or reli- giousbeliefs. AsfortheChurch,ithasmaintaineditslobbyingpower,butitsopinions andrecommendationsarefrequentlyignored.Afterthesocialsphere,the spiritualrealmisslippingfromitsgrasp.Theruleofcelibacyiscontested; publicopiniondoesnoteasilytoleratewomenbeingbarredfromgaining accesstothesamefunctionsasmen.Onecannolongerruleoutthepos- sibilitythattheChurchwillevolveonthisorthatpoint.Incidentally,these changesmaywellhavenobearingonthecorefact:agrowingnumberof EuropeansareindifferenttotheChurch.Theyareeitherwithoutreligion, ortheyarereligioussubjectswithoutbeingRomanCatholics,oragainthey areRomanCatholicswhoignoredogmasandencyclicalletters. Anyonelookingtostudycrowdstodaywouldhavetolookatotheren- titiesthanthoseFreudstudied.Somearedependentonrecenttechnology, suchasso-calledsocialnetworks.Oneoftheseatleastcomesfromthepast, yetithaskeptgrowinginimportance:itistheacademiccrowd.Inso-called developedsocieties,thegreatmajorityofindividualsgothroughitatsome pointintheirlives.Thereisnoinstitutionwhoselegitimacygoesmoreun- questioned. Even though national differences subsist, they tend to fade away;againstthebackdropofeconomicglobalization,anundifferentiated modelofthe"	
Mitchell 2021.pdf	37	2020 Present Tense : An Iconology of the Epoch W. J. T. Mitchell	2020	2021			53	Leary'scritiqueoftheanalogyandthewaythisRomanCatholicdoctrineisperverselytrans- formedintoametaphysicalconditionandclichéthatexoneratesthesinnerfromanyreal|Mitchell|theMoment|theirsimilarfacesandhandsindicatingweight	0	0	0	0	"Present Tense : An Iconology of the Epoch W. J. T. Mitchell ""What istime?If noone asksme,Iknow; ifIwanttoexplain ittosomeone who doesaskme,I donotknow."" —SaintAugustine,Confessions1 ""May youlive ininteresting times."" —AncientChinese Curse2 ""Insanityinindividualsissomewhatrare.Butingroups,parties,nations,andepochs itistherule."" —Friedrich Nietzsche3 1. Present Tense Thisessaywaswritteninthepresenttenseaboutatensepresent.Located somewherebetweenthetimeittakestoreadthissentenceandthecollective insanity Friedrich Nietzsche ascribes to an epoch, it is an impossible or at best an experimental project, constantly overtaken by events that require rethinking and rewriting in real time. It is written in what William James called,quotingE.RobertKelly,""'thespeciouspresent,'""which""hasavaguely vanishingbackwardandforwardfringe,""a""saddle-back...fromwhichwe lookintwodirectionsintotime.""4James'smetaphorsuggeststhattimeisa horsethatonemustridebackward,ratherlikeCacasenno,thepeasantclown ofItalianfolktales, twistinginhissaddletoget aglimpseofthescene asit passes, and only the slightest, peripheral intuition of what lies ahead, in thefuture(fig.1). Iwriteasariderwhoissittingbackwardinthesaddle,witharelatively clearviewofthepastrecedingintothedistance,ablurredperceptionofwhat liestotheleftandright,andlittleknowledgeofwhatliesahead.Ontheverge ofretirement,cloisteredinquarantine,waitingoutthistimeofsuspension, 1. SaintAugustine,""TimeandEternity,""TheConfessionsofSaintAugustine,trans.JohnK. Ryan(NewYork,1960),p.253. 2. Actually,asHaunSaussyremindsme,thereisnothingChineseorancientaboutthis curse;seequoteinvestigator.com/2015/12/18/live/ 3. FriedrichNietzsche,""ApophthegmsandInterludes,""BeyondGoodandEvil,trans.Helen Zimmern(NewYork,1907),p.98. 4. WilliamJames,""ThePerceptionofTime,""PrinciplesofPsychology,2vols.(NewYork, 1890),1:609,613,609:""The...prototypeofallconceivedtimes...theshortdurationofwhich weareimmediatelyandincessantlysensible""(p.631).Thespeciouspresentcouldbeaslittleas fiveseconds,orthetimerequiredtoregistertheconstantflowofbreakingnewsoncableTV. oftheepoché thatisbringingthismadepoch,2016–2020,toaclimax.Writ- ingabouttherepresentationoftimeinthemidstofourtime,astateofglobal emergency,unsurewhethertheendisathand,oryearone,ormaybeboth. As my mother always said, infuriatingly, ""this too will pass."" But what if itdoesn't? Perhaps not as grand an image as Paul Klee's Angelus Novus (1920), which Walter Benjamin sees as the angel of history, whose ""face is turned tothepast""where""heseesonesinglecatastrophewhichkeepspilingwreck- age...infront ofhisfeet""(fig. 2).5Theangelwould liketorepairall this damage,butastormhascaughthiswings,propellinghimintoafuturethat will be even worse. ""This storm is what we call progress,"" says Benjamin (""T,""p.258). Benjaminwrotetheseterrifyingwordsatatime(1940)whenopponents of fascism lay prostrate, a few months before he would take his life in Portbou,convincedthathecouldnotescapetheNazis.Hewrotefromwhat he called a monastic point of view. P"	
Mitchell 2021b.pdf	5	Groundhog Day and the Epoché W. J. T. Mitchell	2020				16		0	0	0	0	"Groundhog Day and the Epoché W. J. T. Mitchell 11 May 2020 I thought that, by seventy-eight, I had seen everything. Every epidemic frompoliotoAIDStoSARS.EverywarfromKoreatoVietnamtoIraqand Afghanistan and the endless stupid ""War on Terror."" Every terrible presi- dentfromNixontoReagantoBush.Aroundthefallof2016,withtheelec- tionofDonaldTrump,Iwasremindedoftheoldproverb,""Youain'tseen nothingyet.""Now,inthespringof2020,weseehowdeepnothingnesscan be,ablackholeintimethathassuckedtheentireworldintoitsgravitational field.AndsoIbeganthinkingabouttime,thepresent,andaskingwhyand howitmightprovideauniquemomentofinsight. Ofcourse,sinceweareinastateofemergency,crisis,andexception,who hastimetothinkabouttime?Nurses,orderlies,anddoctorsareoverwhelmed with sixteen-hour days of nonstop work; grocery clerks, immigrant fruit pickers,andmeatprocessorsareessentialworkers,whilethepoorandpeo- pleofcolorlineupwithmillionsoftheunemployedatfoodbanks.Politi- ciansscurryaboutcoveringtheirassesormakingupfortheincompetence atthehelmofthenationalgovernment,andwewatchastherichest,most technologicallyadvancedcountryontheplanet,with2percentoftheworld's population,catchesone-thirdofthecasesofcoronavirusatthelatestcount and boasts the worst record in the first world for mismanagement of the crisis. Sowhohastimetothinkabouttime?Theanswerisstunninglyclear:we do.Imeanthoseofuswhoarepaidtothinkandwriteandteachandwho maybeluckyenoughtostillbeonthepayrollofsomeacademicinstitution. Orthoseofuswhoareretired,drawingapension,luckytobesequestered S96 W. J. T. Mitchell / Groundhog Day and the Epoché at home rather than condemned to the petri dish of a nursing home. As someonewhoisonthevergeofretirement,intheprocessofsteppingdown fromthehelmofCriticalInquiry,ajournalIhaveeditedforthelastforty- twoyears—thetimeof""theory""—Ihadalreadybeenthinkingabouttime, numberingmydays,andreflectingonthequestionoftimeitself.Inspired by the maddest American political epoch in my lifetime, launched by the electionof2016,Ihadalreadyplungedintothevastphilosophical,historical, and scientific literature on time, trying to make sense of what makes this momentbothunprecedentedandutterlypredictable,uniqueandyetexem- plary,terrifyingandyetfilledwithpotential.1AboveallIwantedtoaskwhat makesthisateachablemoment,onefromwhichwecouldlearnsomething together.AndsoIhavefoundmyselfwritinginthepresenttenseaboutan extraordinarilytensepresent. Ihavenotbeendoingthisalone.Oneveryside,pundits,essayists,poets, artists, intellectuals, novelists, historians, political theorists, and philoso- phers have been weighing in. Contributions to ""Posts from the Pandemic"" on the Critical Inquiry blog, ""In the Moment,"" have been pouring in from alloverthe world,crossing the screensofour editorialcollectivefordebate andevaluationandthenreachingouttoareadershipmuchmorenumerous andfarreachingthantheusualaudienceofascholarlyjournaldevotedtocrit- icismandtheory.2 The result has been an enormous outpouring of thoughtful reflection gatheredupintheseposts.The"	
Mitchell 2023.pdf	3	CI Old Trees, Wild Rivers: at Fifty W. J. T. Mitchell		2023			4		0	0	0	0	"CI Old Trees, Wild Rivers: at Fifty W. J. T. Mitchell Thiskindofwritingalwaysgivesmethecreeps.Ratherthanseizetheday (myfavoritegenre)itishauntedbythepassageoftimeandtheburdenof thepast.Itmarksanoccasionofdubioussignificance,perhapsevenanover- due date, or (worst of all) a deadline. Is it really fifty years? So what? And whatdoesthatmean?Isthisthetimeforelegiacexpressions,nostalgic,sen- timentalizing,melancholy,tired,irrelevant?HasCriticalInquirygrownold? No,actually.Thatwasme.Igotold,butCIdidnot.Thankstoitslong- standingpolicyofbringingyoungpeopleintotheeditorialgroup,thejour- nal is as young as ever. In fact the founding generation in 1973–74 (all full professors)wasprobablytheoldestgroupthateverranit.Igotoldandir- relevant,nottosayirreverent,sotheyaskedmetosaysomethingfrombe- yondthegrave.SowhatshouldItalkabout?IfItryrecitingthehistoryofthe journal,Iwillbeforcedtonamenames,andthatwilltakeupmyentireword allotment. I was advised to limit the length of this to a thousand words, a tenth of what I would need to chronicle the wild ride of Critical Inquiry throughtheriseofnewdisciplinesandmethods,newtopicsandquestions inthehumanitiesandsocialsciencesoverthelastfiftyyears.ButImustnot even start naming the numerous intellectual movements that have rustled throughtheleavesofthisjournalandfertilizeditsroots,orthatwouldtake up my entire word allotment as well. And besides, it's all there, accessible online.Lookitup. Sowhatistheretosay,then?SomelinesofthelateJohnPrineimmedi- atelycametomindwhenIreceivedthisinvitation: You know that old trees just grow stronger And old rivers grow wilder every day 176 W. J. T. Mitchell / Old Trees, Wild Rivers Old people just grow lonesome Waiting for someone to say, ""Hello in there.""1 AnditstruckmeimmediatelythatthiswastheexactimageofCIthathad been haunting me throughout my forty-three years as editor. It's now an old tree, stronger than ever, quite unlike the people who gathered around it to fertilize, prune, taste the fruit, and rejoice in its shade. I'll get to the wildriverslater. Howisajournallikeatree?Let'sskipovertheobviousfactthatCIhas been printed on paper or that its material form boasts lots of leaves. CI is nowanold(notthe oldest)treeinanacademic grovecalled""criticismand theory."" It was planted at the same moment, the 1970s, as a number of saplingsthathavenowgrownintoayoungforest.Notallofthemarestill around; many of their founders have passed on. And if one can believe a lightweight, middlebrow competitor like The New Yorker, the very fields where journals of criticism and theory grow, namely the humanities and the social sciences, are in danger of being ploughed under and paved over bytheSTEMdisciplinesofscience,technology,engineering,andmathematics. Nevertheless,thetougholdtreeknownasCI,""Crinq,""and""CriticalIn- jury"" is still standing, and I predict that it will soon be calling for a refor- mation of the entire structure of academic knowledge and research. This newformationwillbecalledSCHTEM,addingcriticismandh"	
Morabito et al 2025.pdf	32	On Keeping Things as Books Fabio Morabito, Kate van Orden, Deidre Shauna Lynch, Tom Stammers, and Erin Johnson-Williams		2025			51	AlisaClapp-Itnyre|KofiAgawu	1	0	0	0	"On Keeping Things as Books Fabio Morabito, Kate van Orden, Deidre Shauna Lynch, Tom Stammers, and Erin Johnson-Williams Bookish,incommonparlance,oftenrefersimplicitlytoasurplusofbooks. A bookish person is studious, enthusiastic about reading (many) books. A bookish culture is one in which, as Andrew Piper has argued about Euro- colonialmodernity,booksseemtobeineveryone'shands,structuringimag- inations.1Butbooksstructurethingsandexperiencesevenwhennotinsurplus andwellbeyondEuropeandominions.Followingthislineofthought,then,I wanttoreclaimanalternativeunderstandingofbookish:notaboutakindof literacy,orliterarythinking,butaboutformsofretention. Considerhow,beforetheadventofrecordingmachinesthatmadeitpos- sible for sounds to be recorded and played back, music relied on thesame technologyofpreservationusedforliteratureandfordocumentarypractices. Preservingmusic,literature,andhistorydidnotonlymeankeepingthemin books,understoodasvolumesofprintedpaper,trimmedtoauniformrect- angularshape,encasedinprotectivecovers.HereIreferinsteadtowhatthe journalBookHistoryidentifiesasitsobjectofstudy:""usesofscriptandprint Ourarticleismadeofsixpieceswrittenincrementally,asifinanineteenth-centuryalbum. FabioMorabitoinstigatedandcuratedit,writingtheprompt""OnKeepingThingsasBooks,"" aswellastheclosingremarks,""DispersivebyDesign.""KatevanOrdenwrotethesecondpiece ""NotesandNote-TakinginaSixteenth-CenturySchoolbook,""DeidreLynchthethird""Salvag- ingEphemera,PlayingatPermanence,""TomStammersthefourth,""BookplatesasMiniature Memorials,""andErinJohnson-Williamsthefifth,""TheBookthatRefusedtoDie.""Eachnew bitofwritingandrewritingvastlybenefitedfrombitsalreadywritten,fromconversations amongthefiveofus,andfromtheverygenerousfeedbackoftheeditorsofCriticalInquiry. Unlessotherwisenoted,alltranslationsareourown. 1. SeeAndrewPiper,DreaminginBooks:TheMakingoftheBibliographicImaginationinthe RomanticAge(Chicago,2009). 366 Fabio Morabito et al. / On Keeping Things as Books inanymedium.""2Regardlessofthematerialsemployed(vellum,parchment, papyrus,silk,palmleaves,tabletsofwood,andothers)puttogetherinany form (asa scroll, or as separate leavesstrung, stitched,or glued), the book of book history can be described as a technology of recording. It is telling, inthisrespect,thattheverbtobookoriginallymeant""toenterinabook""— forinstance,inordertoassignlandbycharter,toarrangetransport,ortore- serveaspaceusuallyinadvance.3Thenotionofbookkeepingisjustasevoc- ativeofadiverserangeofmediapairedwithawillingnesstokeepthingsfrom slipping away. While the compound term's first documented use in 1635 alreadyreferredtothekeepingoffinancialrecords,onecanalsothinkofit astheexpressionofagrowinginterestinthekeepingofbooksmorebroadly conceived.Forexample,anobligationhasexistedinEnglishlawsince1610to preserveacopyofeverynewbook,newspaper,ormusicscorepublishedin thecountryforthebenefitofposterity.Suchlegal-depositprojects,alsoini- tiated and still ongoing in many other countries, are concrete examples of bookkeeping music, literature"	
Morgan 2023.pdf	30	Modernism Is Not for Children: Annette Michelson, Film Theory, and the Avant-Garde Daniel Morgan		2023			71	Moving Camera|Nevsky|Self|the Department	0	0	0	2	"Modernism Is Not for Children: Annette Michelson, Film Theory, and the Avant-Garde Daniel Morgan IngmarBergman'sPersona(1966)begins,famously,withameta-cinematic sequence.Aloud,discordantsoundisheard,andtheilluminatedtipsofanarc lampflareinthedarkness.Aprojectorbeamturnson,blindingly,andareelof celluloidbeginsunspooling.Acountdownreelstarts,withsubliminalimages inserted—anerectpenis,aprojector,aneye.Weseeabriefcartoon,asifto suggest that cinema operates through a form of animation, a bringing to life—the image, though, is inverted with sprockets visible to its side. More shots of the apparatus, then hands washing, then a white screen. Suddenly aburstof(orinthestyleof)earlycinematicfarceinthecornerofthescreen. Morefragments:aspiderwalking;asheepbeingslaughtered;nailsbeingdriven intoahand;stillshotsofnature,landscapes,buildings.Andatlastwegeta briefsceneseeminglywithintheworldofBergman'sfilm.Aboywakesupin anantisepticroom,putsonglasses,reads,andthenlooksoutinfrontofhim at a large screen with a woman's face, slightly blurred, projected on it. He reachesouttocaressesit,almostlovinglybutalsowonderingly,andtheim- ageshiftssubtlybetweenthetwoactresseswhosedramaofidentitywillstruc- turethebulkofthefilm.Finally,thecreditsbegin. AsSusanSontagnotedinanearlyreview,theopeningofPersonafunctions as""the mostexplicitstatementofamotifofaesthetic self-reflexivenessthat Fortheircarefulreadingandexcellentsuggestions,IamgratefultoPardisDabashi,Byron Davies,JenFay,BarbaraHerman,RyanPierson,NoaSteimatsky,andKyleStevens.Versionsof thispaperwerepresentedattheUniversityofCalgary,IndianaUniversity,theChicagoSeminar onMediaandtheMovingImage,andtheGoethe-UniversitätFrankfurt. FIGURE 1. StillfromIngmarBergman'sPersona(1966). runsthroughtheentirefilm.""1Bergmanmovesfromthetechnicalconditions of cinematothe history ofits forms and preoccupations:life, comedy,sex, religion, theater, death. But it is the boy, touching the screen, who comes to stand in for the cinematic encounter itself (fig. 1). If the first part of the film's prologue shows us the fragmentation of a kind of modernist project, frommaterialistinvestigationtoaninterrogationofforms,theboyarticulates the separation between spectator and screen and the fantasy of overcoming it.Indeed,Bergmanwillreturntotheboyattheendofthefilm,asheagain reaches out toward the screen and again caresses a face—the maternal im- age—beforethearclampsseparateandblacknessrecurs. Bergman'suseofachildinthiscontextfollowsapatternthat'sfamiliarin modernistaesthetics.WecanseeitinAndréBreton'sproclamationthat""the mindwhichplungesintoSurrealismreliveswithglowingexcitementthebest 1. SusanSontag,""Persona,""reviewofPersonabyIngmarBergman,SightandSound36(Autumn 1967):190. Daniel Morgan is a professor in the Department of Cinema and Media Studies at the University of Chicago. He is the author of, most recently, The Lure of the Image: Epistemic Fantasies of the Moving Camera (2021). He is also a coeditor of Critical Inquiry. 90 Daniel Morgan / Modernism Is N"	
Morris 2024.pdf	23	""" "" Respirators, Not Furnished : On Reading Muriel Rukeyser in the Pandemic and Other Disasters Rosalind C. Morris"		2024			51	alsoJuliusLobo	0	0	0	0	""" "" Respirators, Not Furnished : On Reading Muriel Rukeyser in the Pandemic and Other Disasters Rosalind C. Morris InApril2020,asthepandemicovertookNewYorkCity—whenportable fieldhospitalsandmobilemorgueswerebeingerectedinvenuespreviously usedforsportscompetitionsandconcerts—mygraduateclassontheanthro- pologyofextractivismtookupMurielRukeyser'sTheBookoftheDead.First publishedaspartoftheU.S.1collectionin1938butwritteninresponsetothe Hawk'sNestdisasterof1929–31,thepoemsofthesequenceperformacom- plex reading of mining's racialized history in West Virginia and the mass deathsbysilicosisthatresultedfromthetunnelminingatHawk'sNestnear GauleyBridge.1ReadingTheBookoftheDeadisalwaysdemandinginanon- literaryclassroom,notleastbecausethisworkissofrequentlyread,evenby literarycritics,asaprimarilydocumentarywork.BythisImeanthatitisoften readintermsof theeventtowhichitrefersandoftenviaanalogizingtopho- tography.Thisispartlybecausethetropologyofthecameraissoinsistently threadedthroughthebookandpartlybecauseRukeyserparticipatedinthe social documentary movement of her moment.2 Much of that movement took place under the auspices of the Work Projects Administration, but it wasalsointerlacedwiththeactivistjournalismopposedtoFrancoistSpain or in the pursuit of domestic civil rights.3 Read from within a narrow 1. SeeMurielRukeyser,TheBookoftheDead(Morgantown,W.Va.,2018). 2. SeeCatherineGander,MurielRukeyserandDocumentary:ThePoeticsofConnection (Edinburgh,2013). 3. SeeTimDayton,MurielRukeyser'stheBookoftheDead(Colombia,Mo.,2003),p.16.See alsoJuliusLobo""'TheBookoftheDead'to'GauleyBridge':MurielRukeyser'sDocumentary PoeticsandFilmattheCrossroadsofthePopularFront,""JournalofModernLiterature35(Spring 2012):77–102. conceptionofthedocumentary,thework'sformalachievementscanquickly givewaytoquestionsaboutwhathappenedandtowhomandaboutthetext's capacitytomotivatedirectaction.Thechallengeofreadinginamannerthat neitherrelinquishesthetestimonialambitionofRukeyser'sworknoraban- donsitselftomereaestheticismisnoteasilyovercome.Mightthisverychal- lengebelinkedsomehowtotheparticulardifficultyofwritingof(a)disaster? Ifso,doesreadingontheprecipiceofdisaster—inthiscase,theCOVID-19 pandemic—enableanunderstandingofsuchwritingandthespecialvocation (theworkandcallbutalsothecallingout)thatRukeyserattributedtopoetry asaresponsetocrisisandanefforttodeferthedisaster? Toanswerthisquestiondemandsthatweaskwhatitmeanstoreadina pandemic.Why,indeed,dopeopleturntoreading,andthereadingofliter- ature in particular, in times of acute crisis—as they apparently did when COVID-19swepttheworld?Doesthissceneofreading—incomprehensible orthreateninganannihilationthatwillmakereading(andwriting)impos- sible—demandorengenderaresponsetoliteraturethatcanleadtosome- thingotherthansubmissiontoanempiricalactualitythathasbeen,orthe radicalpassivitywhichMauriceBlanchotdescribedastheendofthought,of itsquestionsandproblems?4 Notallcrisesaredisasters,ofcourse.InBlanchot'susage,thelattertermis suffusedwithdeath.Pandemicmaybeoneoft"	
Morsel-Eisenberg Koerner 2021.pdf	32	1500 Iconoclash in Northern Italy circa Tamara Morsel-Eisenberg and Joseph Leo Koerner		2021			43	EphraimShoham-Steiner|Kollektivit|SeeBabylonianTalmud|Woolf	0	0	0	0	"Iconoclash in Northern Italy circa Tamara Morsel-Eisenberg and Joseph Leo Koerner ""Ourrabbi,pleaseinstructusregardingthelikenessofanidolinacertain Jew'shomethatbroke.ItwasamortalriskfortheJewnottorepairit.Can ourrabbipleaseteachusiftheJewispermittedtofixitornot?""1Theques- tion arrived on the desk of Rabbi Joseph Colon ben Solomon Trabotto in Northern Italy sometime during the last decades of the fifteenth century. Born in Chambéry in Savoyard France, Colon had come to Lombardy via the Piedmont, the Veneto, and Bologna. During the 1470s, he had spent abouttenyearsinMantua,atthetimeundertheruleofLudovicoIIIofGon- zaga. There he had grown close to the important Jewish banking families, teachingtheirchildrenandleadingtheirfamilysynagogues,beforesettling inPavia.Colon'snamelikelyderivedfromtheFrenchwordcolombe(dove), buthisTrabottolineageprobablyreachedbackviaTrévouxinFrancetothe Tosafists,thosegreatAshkenazicrabbiswithoriginsinthemedievalRhine- land,wholaterlivedthroughouttheGermanlandsandFrance.2 ThisarticleowesadeepdebttoMargaretKoerner,who,inaconversationwithJoseph KoernerintheLouvre,sketchedthecomplexbackstoryofMantegna'sMadonnaofVictoryand recountedtheuneasymomentinagraduateseminaronMantegna(attheCourtauldledby MichaelHirst)whenthatstorywasintroduced.Thisconversationaboutalong-pastconversa- tionwasthenretoldtoTamaraMorsel-Eisenberg,sparkinghercuriosityandmobilizingher knowledgeofJewishresponsaliterature.TheauthorsalsowanttothankSalvatoreSettisforhis invaluablehelp.ThanksalsogotoNoahFeldman,StephenGreenblatt,MosheHalbertal,Sarah Lewis,VivianLiska,YakovZ.Mayer,RichardNeer,SebastianSmee,HaymSoloveitchik,and LeonWieseltierfortheirhelpfulcommentsonearlierdraftsandtoKirstenBurkeforherinvalu- ableadviceandassistancethroughout.Unlessotherwisenoted,alltranslationsareourown. 1. JosephColon,ShUThaMaharYKha-hạdashim,ed.EliahuDovPines(Jerusalem,1984), §34;hereafterabbreviatedS. 2. SeeEfraimElimelechUrbach,TheTosafists:TheirHistory,Works,Approaches(inHebrew), 2vols.(Jerusalem,1986).OnAshkenaziminItaly,seeMosheShulvass,""AshkenazicJewryin Italy,""YIVOAnnualofJewishSocialScience7(1952):110–31.Foramorerecentwork,seeLucia Colon's ancestry was replete with rabbis, scribes, and scholars who had survived the anti-Jewish violence of the Crusades, blood libels, the Black Plague,andforcedexpulsion.ThisviolentpastetcheditselfintoAshkenazic collectivememoryviamemorialfasts,liturgicalpoems,andsolemnlaments recollecting bloodshed and martyrdom: Jews choosing death over conver- sion,sometimesevenkillingtheirchildrentopreventthemfrombeingforc- iblybaptizedandraisedasChristians.ItalianJewryinthefifteenthcentury was, by comparison, better off. Individual rulers extended privileges (con- dotte) to specific Jewish families permitting them to settle in their towns sothattheycouldcontributetothelocalfinancialsystem,usuallybymoney- lending.Thus,smallgroupsofJewsacquiredarecognizedplaceinsuchlo- calities,althoughtheysufferedpopularviolenceandanti-Jewishlegislation, such as the requir"	
Mourelle 2024.pdf	19	A Situationist in Autumn: Guy Debord, Translator of Jorge Manrique Noel Blanco Mourelle		2024			39	FrankA	2	0	1	0	A Situationist in Autumn: Guy Debord, Translator of Jorge Manrique Noel Blanco Mourelle Eventhoughtheideathatpeopleshouldbetaughthowtodieisnotexclu- sive to Christianity, a subgenre of treatises geared to provide a theological foundation to the finite nature of life, consolation before the loss of loved ones,andrelieffromthefearofone'sinevitablepassingflourishedinWestern Europe,particularlyduringthefifteenthcentury.Thesetreatisesareknownas artesbenemoriendi(artsofdyingwell),andtheybecamepopularandwidely read across multiple cultural spaces and vernaculars, retaining enormous popularityuntilwellintotheseventeenthcentury.1Thechurchruledofficially on their existence in the Council of Konstanz (1414–1418), mostfamous for closing the historical parenthesis of the Western Schism, geographically re- storingthepapalauthoritytotheVaticanandclosingthedisputeleadingto thecreationofthepapalcourtofAvignon.Partoftheappealofthesetreatises waslinkedtovisualrepresentationsofdying,includingallegoriesthathelped tovisualizedeathitself,andtosmallexemplarystoriesthatcreatedaconnec- tionbetweenthereaderandthealmostunspeakableintimacyofdying.This genreisonlyafragmentofastrongcultureofdeaththatemergedinEuropean culturalproductionofthefifteenthcentury.Oneofthemostenduringexpres- sions from this time of intellectual exploration and societal crisis was Jorge Manrique's poem Coplas a la muerte de su padre (Stanzas on the Death of HisFather).2 1. Foranoverviewoftheoriginsofthistradition,seeEmilioMitre,Lamuertevencida: ImágenesehistoriaenelOccidenteMedieval(1200–1348)(Madrid,1988),pp.89–130. 2. Itisbelievedthatatleastthemorepersonalpartsofthepoemwerecomposedafter 11November1476,thedayRodrigoManriquedied.However,hecouldhavewrittenthemore universalpartspriortotheevent.Whatseemsclearisthatallthefifteenth-centuryversionsof thepoem,asmanuscriptandinprint,proceedfromalostsongbookcompiledatthecourtof Manrique(1440–1479)wasaCastiliannoblemanimmersedinthecomplex politics ofhis time,takingpart in dynastic disputes andultimatelydyingin militaryactionthatresultedfromthese.Hewasalsoactiveintheliterarycir- clesofhistime,relatedbybloodtotwoofthemostimportantlatemedieval Castilian humanists: Pero López de Ayala (1332–1407) and Íñigo López de Mendoza,MarquisofSantillana(1398–1458).TheCoplasbecameabrooding classic for a troubled age, the manifestation of a core tension. At the same time,thepoemisavehiclefortheuniversalityofitsmaintheme—thediffer- entfacetsofdyingthatManriquerepresentedthroughasetofmetaphors— and,veryclearly,aproductofitsera.WhileManriquearticulateditwitha certaindegreeofauthorialconsciousness,hispoemwaspopularizedinboth manuscriptandprintedsongbooks.Throughtheseitbecamealiteraryclassic oftheCastilianautumnoftheMiddleAges,appreciatedinpartbecauseits expressionandmeterarelesslaboriousthanthatofotherpoeticmodelsof thetime,suchasJuandeMena's(1411–1456)ortheaforementionedMarquis ofSantillana's.TheCoplaswereprintedandcommentedbymanywhosaw anearlyaestheticmodelforpoeticlanguageinthede	
Mourlet 2022.pdf	16	1959 On a Misunderstood Art ( ) Michel Mourlet		2022			12		0	0	0	0	"On a Misunderstood Art ( ) Michel Mourlet Translated by Gila Walker There is amisconception aboutcinema. I mean, one that residesat the verycoreoftheelitewhoprofesstocreateortounderstandtheart.Extreme confusiongovernstheirjudgmentsandtheirworks.Alackofopennessin- clinessometoconsidercinemaaminorentertainment,readilydiscardedto getbackdowntoseriousthings,suchasliterature.Alackofhighstandards leadsotherstofilltheirfifty-yearpantheonwithahundredgreattalentsand discoveranimportantworkeveryweek.Thelatterarethemoredangerous, astheformerspecieswoulddieoutunderthemereweightoftimeandself- evidenceifitwerenotreinforcedbythelatter'slackofseriousthought.And among the latter, the discord is no less animated. Without knowing what theyareseekingfromit,howpersuasivecouldtheybeaboutlovingcinema? Whereas the time-honored arts are equipped with a thermometer, devel- opedlittlebylittlebyactiveconsumers,theminoritythatultimatelyimposes its tastes on the passive majority—whence a statistical agreement on the ends and their execution—by contrast, cinema viewers are left to their owndevices,thrownnakedontotheirseats,untouchedbyhabitsandlaws. Theyhavetotraveltheentireroadeverytimeandreinventthetableofval- ues,whileloversofmusicorpoetry,releasedbythecenturiesfromtheneed tojudge,cansurrendertotheirenjoymentwithconfidence.Filmviewersare not guided by culture to a reverence whose protocol has been established MichelMourlet'sessayfirstappearedas""Surunartignoré,""Cahiersducinema17,no.98 (1959):23–37.ItwasfeaturedprominentlyinacollectionofhiswritingsSurunartignoré:La miseenscènecommelangage(Paris,1965)andtheninslightlyrevisedversionwithaddednotes andpreviouslyunpublishedtextsbythesamepublisherin1987.Thetranslationisbasedon thisversionreprintedbyRamsayPochein2008—Trans. 484 Michel Mourlet / On a Misunderstood Art overtime;onthecontrary,thisverycultureimpedestheircomprehensionof anartthat,topossessitsownresources,mustnecessarilynotproceedfrom thesameinteriorcriteria1asthoseforwhichthiscultureprovidesthemodel. Theydrawfromthemselvestheirstandardsandclarity,developingandma- turingontheirownthroughcontactwiththeworks.Therecanbenocheat- ing.Cinemaisapowerfulrevealer.Whencethetumultandcommotionthat can sometimes astonish habitual viewers in dark theaters where the passive and the active divided into thousands of contradictory parts have the same vocalpower.Asdividinglinesformnonetheless,themajorityultimatelypre- vails,andit'snaturallythatofthemostnear-sightedimmobility. Iproposetosketchananalysishereoftherescinematographica,consid- eredinitsbeingandbeyondtheprejudicesthatobscureit.Thecinemahas onlyjustbeenborn.Itissearchingforitself,andwe'researchingforit.Itis graduallygaininganawarenessofitselfthroughitsvariants.Itistheartthat requiresthegreatestavailabilityandflexibility,areadinesstorenounceto- morrowthegodthatwasworshipedyesterday.Let'simaginetheidealspec- tatorattheedgeofthescreen,amonsterofinnocenceandrigor. Cinema Begins with the Talkie Itmayseemodd,andevenatoddswiththeprecedinga"	
Mukherjee 2023.pdf	24	Sensitivity and Sensing: Toward a Processual Media Theory of Electromagnetic Vibrations Rahul Mukherjee	2020	2023			58	Immediation|Uncertainty|mycomparativeinterpretation	0	0	0	0	"Sensitivity and Sensing: Toward a Processual Media Theory of Electromagnetic Vibrations Rahul Mukherjee AtaCalcuttatownhallin1895,theBengali/IndianbiophysicistJagadish Chandra Bose gave a spectacular presentation of his research on electro- magnetism. Using aspark-gap transmitter, he dispatched a 60-GHz signal thatpassedthroughthreewallsandthebodyofBengal'slieutenantgover- nor to a funnel-shaped horn antenna and detector seventy-five feet away.1 Onreachingtheantenna,thesignaltriggeredacontraptionthatrangabell andexplodedsomegunpowder.Theringingofthebellandfiringofthegun werenotachievedbyhumanhands,butratherbyinvisibleraysthatcould travelnotonlythroughairbutalsothroughwood,humanbodies,andstone walls.2ThisdramaticexperimenttookplacesixyearsbeforeGuglielmoMar- conitransmittedradiosignalsfromPoldhuinCornwall,England,toSignal HillinSt.John's,Newfoundland,Canadaontheafternoonof12December 1901. Like Marconi's endeavor, Bose's Calcutta experiment also involved Thankstothespecialissueeditorsandmanagingeditorfortheirrigorousengagementwith thearticle.IwouldalsoliketothankSethCluett,JanetWalker,andPujitaGuhafortheirin- sightsonplantsensingandtoBrianLarkin,DebashreeMukherjee,ShintaroMiyazaki,and BirgitSchneiderfortheirinvitationstopresentpartsofthisarticleastalksatColumbiaUni- versityandHumboldtUniversity.PortionsofthisarticlepreviouslyappearedinRahul Mukherjee,""SensitivitytoElectromagneticStimuli:EntwinedHistoriesofWirelessSignalsand PlantEcologies,""StatesofMedia+Environment2,no.1(2020):mediaenviron.org/article/13523 -sensitivity-to-electromagnetic-stimuli-entwined-histories-of-wireless-signals-and-plant-ecologies. Unlessotherwisenoted,alltranslationsaremyown. 1. SeeTheodoreS.Rappaport,WonilRoh,andKyungwhoonCheun,""SmartAntennas CouldOpenUpNewSpectrumFor5G,""IEEESpectrum,28Aug.2014,spectrum.ieee.org /smart-antennas-could-open-up-new-spectrum-for-5g 2. SeeMeherH.Engineer,""TheMillimeterWaveResearchesofJ.C.Bose,""inRemembering SirJCBose,ed.D.P.SenGupta,Engineer,andVirginiaA.Shepherd(Singapore,2009),pp.63–99. sending and receiving radio waves. Instead of traveling across the Atlantic Ocean,Bose'srayshadgonelessthanonehundredfeet.3 Bose did not share Marconi's entrepreneurial pursuits. Except for one singleexperimentaldevice(theDetectorforElectricalDisturbances),Bose didnotpatenthisradio-waveinstrumentsand,unlikeMarconi,didnotpro- moteradioequipmentforcommercialbroadcasting.4Instead,Bose'sradio- wave emitters/detectors were scientific instruments developed to ascertain how plants respond to external stimuli. Bose applied electric stimulus to plants with his wave-emitting instruments, and the sensitivity of plants to suchwirelesswaves,heargued,wasproofthatelectricalsignalswerebeing usedforintercellularcommunicationwithinplantbodies.5 I begin with these anecdotes about Bose and Marconi not toask media studiesscholarstorevisitthehistoryofwirelessradiobuttoexaminehow Bose brought physics and biology together to discern and acknowledge bodily(plant,animal,human)andmetall"	
Mulligan 2021.pdf	18	Computation and Interpretation in Literary Studies John Mulligan	2019	2021			35	the Center	0	1	0	0	"Computation and Interpretation in Literary Studies John Mulligan Introduction A productive tension between computational and interpretive methods inthehumanitieshasbeen unnecessarily reifiedintoanirreducible, onto- logicalgap,despiteworkthattroublesthedivide:emergenttoolsthatstage weirdcloseencounterswithtraditionalobjectsofstudyandinterdisciplin- arytheorizationsofhowourresearchpracticeshavechangedwithinanin- creasingly digital milieu. Alison Booth's proposed ""mid-range reading""1 and Elizabeth Maddock Dillon's""textualmapping,""2aswellasMartinPaulEve'sandN.Katherine Hayles'sclosereadingsoftextualdata,havesoughttocreatehybridmodels thatwouldreconciledigitalworkwiththereadingtechniquesthathavelong beenparticularlyvaluedinliterarystudies.3Inthisarticle,Ilayoutarather differentaccountoftherelationshipbetweenthedigitalworkthathasbeen calleddistantandthetechniquesofclosereading.Iarguethatthetwowaysof workingwithliterarytextsaretwoparallelwaysforpoolingintellectuallabor andthatitisontheinterfaceofformallyandinformallyquantifiedactivity thatcomputersareabletoproduceusefuloutputsfromthedataofliterary studies. 1. SeeAlisonBooth,""Mid-RangeReading:NotaManifesto,""PMLA132(May2017):620–27. 2. ElizabethMaddockDillon,""ASeaofTexts:TheAtlanticWorld,SpatialMapping,and Equiano'sNarrative,""inReligion,Space,andtheAtlanticWorld,ed.JohnCorrigan(Columbia, S.C.,2017),p.27. 3. SeeN.KatherineHayles,Unthought:ThePoweroftheCognitiveNonconscious(Chicago, 2017)and""CombiningCloseandDistantReading:JonathanSafranFoer'sTreeofCodesand theAestheticofBookishness,""PMLA128(Jan.2013):226–31,andMartinPaulEve,CloseRead- ingwithComputers:TextualScholarship,ComputationalFormalism,andDavidMitchell's""Cloud Atlas""(Stanford,Calif.,2019). Thesetoolscancountwellenough.Soitisworthaskingwhythedebate overthecolonizationofliterarystudiesbyquantitativemethodshasfocused onthequantificationofliterarylanguage,whichisdifficulttomeaningfully quantify,andwhyithasmostlyignoredcitationsandquotations,whichcon- stitute a more computable and computed domain of literary studies. Such datacanbereducedtoastraightforwardindexofintellectuallaborasaprac- ticeofmeaning-makingorevensocialorculturalcapital.Butifwetakese- riouslythenotionthatliterarystudiesdoessignificantinterpretivework,and shapesitselfasabroaddisciplineinthecourseofdoingthiswork,thenitis hardlyreductivetosaythatthegrosscommercethatunderwritesinstitutional knowledgeproductioncanbereadinfrastructurally. lem miss the fact that these methods are doing work and that this work is reflective of changes that are already underway in the way that we read now. The proponents of computational methods, at least, do have a sense of the peculiarity of their work. The spatial metaphorics at play become PiranesianwhenFrancoMorettiarguesthat""close""readingismyopicand his critics call his method irreducibly ""distant"" (that is, orthogonal) from textuality inasmuch as it abandons reading for counting.4 And along the viamediawehavemetsomeuncannilyhumaniformspeciesofmediating, he"	
Nagel 2020.pdf	21	Slut-Shaming Metaphorologies: On Sexual ' Metaphor in Goethe s Wilhelm Meister Barbara N. Nagel		2020			62		0	0	1	0	"Slut-Shaming Metaphorologies: On Sexual ' Metaphor in Goethe s Wilhelm Meister Barbara N. Nagel Sucked–Out Lemons FewsexualmetaphorsaresostrikingasImmanuelKant'suseofalemon intheLecturesonEthics.Intheparagraph""OfDutiestotheBodyinRegard to the Sexual Impulse,"" Kant critically opposes the sexual inclination (Geschlechterneigung)tothehigherloveofthehuman(Menschenliebe)and inclination,theymakethepersonintoanobjectoftheirappetite.Assoon asthepersonispossessed,andtheappetitesated,theyarethrownaway,as onethrowsawayalemonaftersuckingthejuicefromit.""1Whencomparing sextosuckingoutalemon,KantappearstobeusingthewordZitroneasa metalepsisoftheEnglishlemon,forinRenaissanceEnglandlemons,lemans, orlemmansallfigurepromiscuouslovers,derivativeoftheMiddleEnglish leofmonorleofman—literally""man-dear""ordeartoaman.2Hence,wefind Thisessaywasdevelopedalongsidediscussionsatapanelon""SexualMetaphor""atthe GermanStudiesAssociationannualconferenceaswellasattheJohnsHopkinsUniversity's Women,Gender,andSexualitycolloquium.SpecialthankstothegraduatestudentsatJohns Hopkins,representedbyAlmutSlizyk,forthislatterinvitation.Forinvaluablehelpandsug- gestions,IwouldliketothankLizaBlake,PeterCoviello,JenniferGosetti-Ferencei,Stefan HöppnerfromtheHerzoginAnnaAmaliaBibliothek,JoelLande,SusanneLüdemann,Adam Oberlin,KatrinPahl,HeidiSchlipphacke,andfirstandforemostDanielHoffman-Schwartz. Unlessotherwisenoted,alltranslationsaremyown. 1. ImmanuelKant,LecturesonEthics,trans.PeterHeath,ed.HeathandJ.B.Schneewind (NewYork,2001),p.156. 2. InGeorgeGascoigne'sAHundrethSundrieFlowresBoundeUpinOneSmallPoesie (1573),thelyricalIfindsinhisgirlfriend'spocketaletterbyheroldlover(""oldleman"");he confrontsherinepistolaryformthathefound""alemanwhich[he]lookednot""and""will (henceforth)takelemansas[he]find[s]them.""Theindignantloverreplies,""Alemon(but examples,surprisinglyclosetoKant's,ofpeoplebeingused""likeanorange, squeezedofitsjuice,andthrownaway.""3Aroundthesametime,orangesand lemonsservetofiguremistresses,prostitutes,aswellasmorenarrowlythe vagina. The lemon is the perfect example to ease our way into the discussion ofsexualmetaphorandslut-shamingmetaphorologiesinspecific.Itshows how a metaphor that starts off as neutral and applying to all sexes turns pejorativewhenitisappliedtothefemalesexalone.Thus,whileaccording totheOxfordEnglishDictionary,""lemans""(lemonsandlemmans)originally refertomenandwomenalike,assoonasthemeaningoflemonis""chieflyap- plied to the female sex"" it becomes pejorative: sexual metaphor + woman = sluttiness.4 Luckily, the meanings of sexual metaphors have the tendency to multiply and wander towards the limits of signification thus resulting inacertainqueerness(asinRooseveltSykes'sinfluentialbluestune""She Squeezed My Lemon"" from 1937: ""Now you can squeeze my lemon . . . 'tilthejuicerundownmyleg,baby,youknowwhatI'mtalkingabout"").5 Finally, Kant's example serves as a reflection on the traditional philo- sophical way of mobilizing metaphor as secondary means, as an illustra- tion of something else. "	
Neer 2019.pdf	35	Lightweight: Mizoguchi, Ugetsu, and the Displacement of Criteria Richard Neer		2019			67	Haru|Mizoguchi|Ugetsu	0	0	0	0	"Lightweight: Mizoguchi, Ugetsu, and the Displacement of Criteria Richard Neer Imagineitwerereallyacaseofpatternsonalongribbon.Theribbonmovespastme andnowIsay""ThisisthepatternS,""now""ThisisthepatternV.""Sometimesforape- riodoftimeIdonotknowwhichitis;sometimesIsayattheend""Itwasneither.""... Butwhyinthecaseofthepatternsdoesonemakethisdistinctionthatissodifficultto grasp?Becauseitisofimportanceinourlife. —LudwigWittgenstein1 MizoguchiKenji(1898–1956)isbygeneralconsensusoneofthegreatdi- rectorsofclassicalJapanesecinema(fig.1).Yetheislessendearingthanhis friendOzuYasujirō,lessexcitingthanhisrivalKurosawaAkira;hisfilmslack thenovelisticdepthoftheformer'sLateSpring(1949)ortheexcitementof thelatter'sYojimbo(1961).""Ibelieveitismuchmoreimportant,""Mizoguchi oncesaid,""toshowthefilm'ssubject—theauthor'sthought—thantotella story.""2Thisnotionof""showingthought""impliesafairlybroaddefinition ofintellection.Itrecurstherebytoperenniallyunsettledissuesofnondiscur- siverationality,henceoftheavailabilityofmoviestotheoretical,andmore specificallyacademic,discourse.Mizoguchi'sfilmsaremelodramas,butthey avoidthegenre'susualtechniquesoffocalization(flashback,pointofview, ThispaperowesagreatdealtoDanMorgan,TomGunning,JoelSnyder,andthestudentsina seminarinthedepartmentofCinemaandMediaStudiesattheUniversityofChicagointhewinter of2017.ItsdebttoArnoldDavidsoniseverywhereapparent.Anyerrorsaremyown,andexcept whereotherwisenotedalltranslationsaremyown. 1. LudwigWittgenstein,TheInnerandtheOuter,1949–1951,vol.2ofLastWritingsonthe PhilosophyofPsychology,trans.C.G.LuckhardtandMaximilianA.E.Aue,ed.G.H.von WrightandHeikkiNyman(Malden,Mass.1992),pp.42–43. 2. QuotedinYoshikataYoda,SouvenirsdeKenjiMizoguchi,trans.KoichiYamada,Ber- nardBéraud,andAndréMoulin(Paris,1997),p.112.AndréBazinagreed:""Therhapsodic narrationisnotconcernedwithanydramaticprogression""(AndréBazin,""LaVied'O'Haru,"" L'Observateurd'aujourd'hui,11Feb.1954,p.22). 472 Richard Neer / Lightweight FIGURE 1. Mizoguchiwithhiscollectionofpottery. Richard Neer isBarbaraE.andRichardJ.FrankeDistinguishedServicePro- fessorofArtHistory,CinemaandMediaStudies,andtheCollegeattheUniversity ofChicago.From2010to2018hewastheexecutiveeditorofCriticalInquiry, wherehecontinuestoserveascoeditor.Startingin2019hewillbedirectorofthe FrankeInstitutefortheHumanitiesattheUniversityofChicago. closeupandsoon)anddonotprioritizeidentificationwithcharacters.3Stan- dardexegeticalstrategiesintermsofcharacterandactioncanthereforeseem inapt.Avowedlyinterestedinperceptualpsychology,psychosomatics,and synaesthesia,Mizoguchiwantedhisshotstobehypnotic,aresponseinimical tothelanguageofproblemsolvingandmoralevaluationthatpervadesmain- streamfilmstudies.4Thisqualitymakeshisfilmsparticularlyinterestingboth inthemselvesandashistoriographicspecimens:anythingsoobdurateisapt torevealbackgroundconditionsofintelligibilityatagivenhistoricaljuncture. Ugetsumonogatariisexemplaryinthisregard.ThisfilmestablishedMi- zoguchi's international reputation by winning a Silver Lion at the Venic"	
Newheiser 2020.pdf	3	"' "" Introduction to Jacques Derrida s Christianity "" and Secularization David Newheiser"		2020			3		0	1	0	1	"' "" Introduction to Jacques Derrida s Christianity "" and Secularization David Newheiser JacquesDerridapresented""ChristianityandSecularization""ata1996col- loquium tomark the publication ofa collection he coedited underthe title La Religion.1 Alongside three other contributors to the collection—Gianni Vattimo, Vincenzo Vitiello, and Maurizio Ferraris—Derrida reflected, for the first time at length, on secularization as a historical process. By ques- tioning the category of religion, this essay clarifies the ambivalence that characterizes Derrida's longstanding interest in religious traditions. Derrida's writings on religion tend tofocus on Jewish and Christian au- thorswhoblurtheboundariesofreligiousbelonging.Derridawasevidently drawntotheself-criticaldimensionofthesetraditions,butinhisearlywrit- ingsherarelycalledthecategoryofreligionintoquestion.Thatchangedwith Derrida's contribution to the collection celebrated in Naples, ""Faith and Knowledge:TheTwoSourcesof'Religion'attheLimitsofReasonAlone.""2 Asthescarequotesinthetitlesignal,thisessayarguesthatthewordreligionis markedbyitsLatingenealogy.InDerrida'sanalysis,thetermimposesaEu- ropean,Christianframeofreferenceinthenameofpluralismandpeace. Whereas""FaithandKnowledge""is(byDerrida'sownaccount)telegraphic andabstract,""ChristianityandSecularization""ismoredirect.Followingindi- cations in the earlier essay, Derrida argues that Enlightenment critiques of Unlessotherwisenoted,alltranslationsaremyown. 1. SeeReligion,trans.DavidWebbetal.,ed.JacquesDerridaandGianniVattimo(Stanford, Calif.,1998).SeealsoDerrida,""ChristianityandSecularization,""trans.DavidNewheiser,Critical Inquiry47(Autumn2020):138–48. 2. SeeDerrida,""FaithandKnowledge:TheTwoSourcesof'Religion'attheLimitsofRea- sonAlone,""trans.SamuelWeber,inReligion,pp.1–78. 136 David Newheiser / Introduction ChristianityoftenappealtoamoreoriginaryorauthenticChristianity.Inhis view, Immanuel Kant and Voltaire exemplify the process of secularization insofarastheydispensewithChristianityinthenameofadeeperfidelityto Christiantradition.AccordingtoDerrida,insofarassecularizationsurrepti- tiouslymaintainsaChristianheritage,itmirrorsthetermreligionbyclaiming aneutralitythatitdoesnotpossess. Against this background, ""Christianity and Secularization"" revisits the concepts that orient Derrida's earlier writings on religion. As he observes, his earlier work treats the messianic as a universal structure of experience, anorientationtowardthefuturethatdoesnotdependonanyreligioustradi- tion.3Derridanotesthatthisgestureissecularizinginsofarasitabstractsfrom religious particularity while being shaped, nevertheless, by the Abrahamic religions.Incontrast,DerridasuggeststhatthePlatonictermkhōraiscon- ceptuallypriortothereligious.Whereas conceptssuchasmessianismand negativetheologyremainmarkedbyreligionpreciselybecausetheyhavea secularizingmomentum,khōrapointstoadesecularizingpossibility.4 Evenashedistanceskhōrafromreligiousrevelation,Derridaemphasizes thatheintendsneithertoendorseno"	
Ng 2023.pdf	22	Trans Romance: Queer Intimacy and the Problem of Inexistence in the Modern Novel Zhao Ng	2019	2023			38	New Literary|Theodicy|ZhaoNg	1	0	1	0	"Trans Romance: Queer Intimacy and the Problem of Inexistence in the Modern Novel Zhao Ng 1. Introduction: Leave No Fingerprints InDjunaBarnes'sNightwood(1936),theIrishCatholicwiththeparticu- larlyqueenlytitle—DoctorMatthew-Mighty-grain-of-salt-Dante-O'Connor— givesusthefollowingconfessioninthemidstofoneofhisjeremiads:anim- passablegulf,heavows,existsbetweenhimandthe""Sodomites""heattempts tolove.Because""it'sawomanlovingoneofthem,""intimacyismadeimpos- sible, and he comes down ""a dummy in their arms."" Unable to enter and inhabithisownbody,helaments:""Thisloverhascommittedtheunpardon- ableerrorofnotbeingabletoexist.""1Twoyearsafterthenovel'spublication, theproblemoftransinexistenceisraisedagaininalettertoEmilyColeman, thistime,moresurprisinglyperhaps,attributedtotwoofthequeerluminar- iesofmodernistliterature: The letters of William James (as I remember them, I read them with the letters of Henry James) are chiefly interesting in that they showthecomparativefreedomoftheoneandthepussyfootingofthe other,ofcourseitwasbecauseH.Jameswasahomosexualoldwoman who could not put down her tea cup in time to do a little something about love and life. Now Proust was a homosexual, and stayed in bed for years with nothing but milk and crescent rolls and a work of art, but my God the difference. Possibly because he did do plenty about his crookedness while he could get around, went through with his something, and James kept his in a pair of mittens.2 Barnes appears to have ""transed"" Henry James ahead of the development oftransstudiesinmorerecenttimes,onthebasis,however,ofanotionof inexistence significantly at odds withthe varietiesof ""fluidity""and subject positions that more often characterize the theoretical domain.3 Her read- ings of James and Marcel Proust are by turns irreverent and coy, straight- forwardlyadfeminamyetreticentwiththenaughtyspecifics.""I'vereadthe Unlessotherwisenoted,alltranslationsaremyown. 1. DjunaBarnes,Nightwood(NewYork,2006),p.100;hereafterabbreviatedN. 2. Barnes,lettertoEmilyColeman,15Dec.1938,DjunaBarnesPapers,SpecialCollections, UniversityofMarylandLibraries,seriesII,box3,folder12. 3. SeeScarletLuk,""ThePortraitofa(Trans)Narrator:HenryJames's'TerribleFluidity,'"" TheHenryJamesReview40,no.2(2019):110–24. 186 Zhao Ng / Trans Romance psychoanalystsfromtimetotime,""Barnesaddsinthesameletter,almostas ifgoadingColemanintoamoreintimate—unbearablyclose—readingofher words.4 What, after all, did Proust ""do plenty"" of? What indeed was the natureoftheinstrumentand/orobjectofhisplentiful""crookedness""?Cer- tainly,AubreyBeardsley—whoserenownedinkdrawingsinfluencedBarnes's own—wasinpossessionoffingersthatgaveoneanimpressionof""crooked- ness,""withtheconsequencethatthemanandhistoolsendedupraisedinto symbolsofdecadentart,alongwiththeregulartrainofassociations—degen- eration,eroticism,pathology—thatinevitablytailtheepithet.5Toallappear- ances,Proust'sfingerswereconsiderablylesscrooked—andstumpier—but we return to the famous 1895 photograph of him taken by Otto Wegene"	
Nordblad 2021.pdf	21	On the Difference between Anthropocene and Climate Change Temporalities Julia Nordblad		2021			46		0	0	0	0	On the Difference between Anthropocene and Climate Change Temporalities Julia Nordblad Competing Conceptions of the Environmental Predicament Anincreasingnumberofscholarsinvariousdisciplinesgrapplewiththe issueofhowthecomplexthreatstotheplanet'slife-supportsystemsshould bestbeunderstoodandaddressed.Thisessaycomparestwodominatingcon- ceptualizationsofthecurrentcrisis,theAnthropoceneandclimatechange, withrespecttohowtheycanbedeployedtohelpthinkaboutthedynamics ofpoliticalaction.1 ThetermAnthropocenesuggeststhattheHolocene,thegeologicalepoch encompassingallrecordedhumanhistory,hasendedandthattheearthhas entered a new epoch in which humans are altering the environment on a planetaryscale.ThetermwasproposedbythechemistandNobelPrizelau- reatePaulCrutzenin2000andsoonbegantoattractattentionineverwider circles.Discussionsonthesubjectinthehumanitiestookoffbytheendof that decade, largely spurred by Dipesh Chakrabarty's 2009 Critical Inquiry Thisessaywaswritteninearly2019.ThestudywasfundedbytheSwedishResearchCoun- cil(grantnumber2014-01492).Unlessotherwisenoted,alltranslationsaremyown. 1. ThefollowingdiscussionoftheAnthropocenetemporalitytreatsavarietyoftitlesfrom thefieldbutdoesnotclaimtogiveacompleteoverviewofthenowvastliteratureonthetopic. ThediscussioncentersonJeremyDavies,TheBirthoftheAnthropocene(Oakland,Calif.,2016); hereafterabbreviatedB.DaviesoffersanexcellentaccountoftheAnthropoceneconceptand thedisagreementsitharbors.Thisbookisalsooneofthemostambitiousattemptstousethe Anthropoceneforframingapoliticalunderstandingofourmomentintime.Butassuchitinev- itablyalsoexemplifiesthepoliticallyproblematictemporalstructureoftheAnthropocene.The discussionofclimatechangetemporalitybuildsonarticlesonclimatechangeinscientific publicationsbutisprimarilybasedontworecentreportspublishedbytheIntergovernmental PanelonClimateChange(IPCC);seeClimateChange2014:SynthesisReport,ed.RajendraK. PachauriandLeoMeyer(Geneva,2014),hereafterabbreviatedCC;andGlobalWarmingof1.57C, ed.ValérieMasson-Delmotteetal.(Geneva,2018),www.ipcc.ch/sr15/ article.2In2014itreceivedanentryintheOxfordEnglishDictionary(seeB, p.56).TheinterestfortheAnthropocenewithinthesocialsciences,thearts, andthehumanitiesisgrowingbytheday;whatwasonceageologicalcon- ceptisnowarguablyoutgrowingitsstatusasatrendingbuzzwordandonits way to becoming the dominating framework for thinking about and dis- cussingthemountingenvironmentalcrisisofourtime. Theclimatechangeconceptisofanolderdate.Thescientificstudyofthe concentrationofgasesintheatmosphereandthepossibleramificationsfor globaltemperaturestartedinthelatenineteenthcentury.3Thecurrentpo- sitionofclimatechangeininternationalpoliticsishoweverofamuchlater date.Themostauthoritativeandinfluentialinstitutionforsynthesizingand communicatingclimatescienceresultstoday,theUNIntergovernmentalPanel onClimateChange(IPCC),wasfoundedin1988.4Amongscholarsinthehu- manities in recent years, the interest in climate change has arguably been overshadowedbythemorecharismaticAnthropoceneconce	
Oksala 2023.pdf	24	Neoliberal Subjectivation: Between Foucault and Marx Johanna Oksala		2023			43	Ecology|Foucault	2	1	0	2	"Neoliberal Subjectivation: Between Foucault and Marx Johanna Oksala DanielZamoraandMichaelBehrent'seditedvolumeFoucaultandNeo- liberalism (2016) became the topic of a heated debate in the philosophical blogosphereforawhile.TheeditorscontendthatMichelFoucaultwas""se- duced""byneoliberalism;hefacilitateditsriseandbetrayedtheMarxistleft.1 The book's claims are arguable, textually ill-founded, and sensationalist, but the book is nevertheless symptomatic of the fractured and conflictual response in the academic left to the rise of neoliberalism.2 The Marxist andtheFoucauldiangovernmentalitycritiqueshavebecomethetwomain approachesinthecriticalanalysesofneoliberalism,3andbothofthemhave 1. DanielZamora,""Introduction:Foucault,theLeft,andthe1980s,""inFoucaultandNeo- liberalism,ed.ZamoraandMichaelC.Behrent(Malden,Mass.,2016),p.3. 2. ManyFoucaultscholarswerepuzzledandsurprisedbythestirthebookcaused.Verena ErlenbuschsuggestedthatthecontroversyhadmoretodowithZamora'sBallastinterviewtrans- latedinJacobinMagazine,provocativelytitled""CanWeCriticizeFoucault?,""thanwiththebook itselfbecausemanyoftheargumentspresentedinitwerenotasprovocativeastheinterviewsug- gested;seeVerenaErlenbusch,""NeoliberalismandtheGenealogyofBiopolitics,""Anundfürsich, 2Jan.2015,itself.blog/2015/01/02/foucault-and-neoliberalism-aufs-event-verena-erlenbusch-neoliber alism-and-the-genealogy-of-biopolitics/,andZamora,""CanWeCriticizeFoucault?,""interviewby theeditorialboardofBallast,trans.SethAckerman,Jacobin,10Dec.2014,jacobin.com/2014/12/fou cault-interview/.Forcriticalreactions,seeStuartElden,""FoucaultandNeoliberalism—AFew ThoughtsinResponsetotheZamoraPieceinJacobin,""ProgressiveGeographies,17Dec.2014, progressivegeographies.com/2014/12/17/foucault-and-neoliberalism-a-few-thoughts-in-response-to -the-zamora-piece-in-jacobin/,andJohannaOksala,""NeverMindFoucault–WhatAretheRight QuestionsforUs?""Anundfürsich,4Jan.2015,itself.blog/2015/01/04/foucault-and-neoliberalism -aufs-event-johanna-oksala-never-mind-foucault-what-are-the-right-questions-for-us/ 3. SeeLoïcWacquant,""ThreeStepstoaHistoricalAnthropologyofActuallyExistingNeo- liberalism,""SocialAnthropology20(Feb.2012):68. 582 Johanna Oksala / Neoliberal Subjectivation spawnedextensiveresearchagendasandvehementcritiquesofeachother.4 TheMarxistapproachestypicallyviewtheneoliberalturnasasystemicand inevitableoutcomeofthestructuralandessentiallyeconomiccontradictions incapitalism.Thepreexistingeconomicarrangementsforensuringcapitalist accumulationwereexhaustedorhadprovendeficientbythe1970s,andnew ones were urgently required to restart and revitalize the process.5 The Fou- cauldian governmentality literature,onthe otherhand,viewsneoliberalism primarily as a political project, a set of governmental techniques and strat- egies that aim to extend economic evaluation and market rationality to all aspectsofsociallife.Acentralinsighthasbeenthatneoliberalgovernmentality functionsas a techniquefor producing entrepreneurial subjectsas its nec- essary correlate.6 This"	
O’Neill 2023.pdf	22	Ecomedia in the Wild: Camera Traps, Geiger Counters, and Radioactive Boars ' D. Cuong O Neill		2023			28	AyaHirataKimura	0	2	1	0	"Ecomedia in the Wild: Camera Traps, Geiger Counters, and Radioactive Boars ' D. Cuong O Neill On 11 March 2011, at 2:46 p.m., a 9.0-magnitude earthquake generated a record-high tsunami that flooded the Fukushima Daiichi Nuclear Power Plant in Tôhoku, the northeastern region of Japan. In the following weeks, the region saw the release of radioactive isotopes such as iodine-131, cesium- 134, and cesium-137, among others.1 The situation forced tens of thousands ofpeopletoevacuate,turningtownsandvillagesintonuclearexclusionzones.2 Over the next few years, an increasing number of animals, emboldened by human absence, were seen roaming the streets where wild grass and weeds spreadwithabandon.Althoughmuchofthe20-kilometerexclusionzonere- mains uninhabitable for humans, these images have led to multiple media accountstoutingthereturnofwildlifepopulationstothearea.Echoingwhat scientistsfoundinChernobyl,thereportsofrewildinginnortheasternJapan servetoprovideanarrativebalmtofrayednerves:wherehumansareabsent, wildlifethrives. As media attention zooms in on the domain of wildlife, images of ani- mals,operatingattheintersectionsofthescientificandthejournalistic,work toforge adistinctive and influential story ofrewildinginwhichnotions of Unlessotherwisenoted,alltranslationsaremyown. 1. Theseincludestrontium-90andplutonium-238.Scientistsinitiallythoughtthatonlyvo- latilegaseousradionuclideswerereleased,butithasbecomeapparentthatmicroradioactive particlesthatposelong-termhealthriskswerealsoreleased.See""FukushimaRadioactiveParticle ReleaseWasSignificant,SaysNewResearch,""ScienceDaily,24May2018,www.sciencedaily.com /releases/2018/05/180524104104.htm 2. Japaneseauthoritiesimplementedathirty-kilometerexclusionzonearoundthepower plant.Thesituationresultedinthecontinueddisplacementofapproximately156,000peopleas of2013.SeeMasaharuMaedaetal.,""Fukushima,MentalHealthandSuicide,""JournalofEpide- miologyandCommunityHealth70(Mar.2016):843–44. 338 D. Cuong O'Neill / Ecomedia in the Wild ecologicalrecoveryandresiliencegaintraction.Irevisittheimagesasanop- portunitytoexplorearangeofsensor-basedmediathatenabletheirrepre- sentationand,intheprocess,torevealsomethingofthecomplexityofwhat we calllife in the post-3.11moment.3 In the nuclear exclusion zone, camera traps,Geigercounters,andsmartphonesareusedasinstrumentsbyscientists, activists,andotherstoregister,chart,andprocessbodiesandenvironments, producing new knowledge as well as forms of control.4 The instruments, reassembled in processes that involve both machines and animals, do not merely collect data and report on the future. They also produce stories in whichnewpossibilitiesforrelationswithinandthroughtechnologies,bodies, andenvironmentsaregenerated,reconstitutingtheexclusionzoneasmulti- plemilieusandproliferatingfuturesalreadypresent.Throughenactmentsof multiplicitythatdonotbeginandendwithhumans,sensor-basedmediaand the assemblages they formopennew criticalpathways, revealingadifferent orientationthatcatchesourattentionasforms"	
Palacios 2019.pdf	21	Reasoning with the Exclusionary Other: Classical Scenes for a Postradical Horizon Carlos Palacios		2019			66		1	0	0	1	"Reasoning with the Exclusionary Other: Classical Scenes for a Postradical Horizon Carlos Palacios Thanks to Michel Foucault, one might say it has become possible to conceivethatthepoliticalrelevanceofhumanityinmodernthoughtdoes not have to do with its ""philosophical essence"" but rather with its ""non- essence.""1YetthisveryideasurfacedearlierinWesternthought,atthetime of therevolutionaryturntowardsapoliticizedhumanitarianism,andhelped toshapesomecrucialpoliticalstrategiesmakingupmodernliberaldemoc- racy. Its potential eluded even Foucault. I contend that tracing the con- toursofthisclassical,if longunthinkableidea,caninformourresponseto theotherofsocialcritique. Againstthegrainof Enlightenmenthistoriography,mysuggestionwill be that it was not Jean-Jacques Rousseau but Denis Diderot who man- agedtoconveytheself-evidenceofhumanityasapoliticalquestionforthe first time and in a way that was far from inconsequential.2 From his au- thoritativeeditorialposition,Diderothelpedtomake the Europeansense of humanity into an actual reform movement rather than just a moral value,symbolofcivility,religiousquality,orphilosophicaldebate.Butas IamimmenselygratefultotheeditorsofCriticalInquiry,andinparticulartoHaun Saussy,fortheircriticallyilluminatingcommentsonthebestshapefortheargumentofthis article. 1. CostasDouzinas,""TheManyFacesofHumanitarianism,""Parrhesia2(2007):5.Fou- caultexplicitlysustainedinthissensethat""wemustnotconcludethateverythingthathasever beenlinkedwithhumanismistoberejected,butthatthehumanisticthematicisinitselftoo supple,toodiverse,tooinconsistenttoserveasanaxisforreflection""(MichelFoucault,""What isEnlightenment?""inThePoliticsofTruth,trans.LysaHochrothandCatherinePorter,ed. SylvèreLotringer[LosAngeles,2007],p.111). 2. SeeJamesSwenson,OnJean-JacquesRousseau:ConsideredasOneoftheFirstAuthorsof theRevolution(Stanford,Calif.,2000),esp.pp.9–16. 98 Carlos Palacios / Reasoning with the Exclusionary Other TalalAsad has recently noted, ""there is no simple move"" from a Chris- tian notion of humanitas or from the humanism of the Renaissance in- spired by ancient philosophy to the kind of interventionism that from the nineteenth century onwards embraces a species-wide notion of dignity and rights.3 Predisposingfactorsincludetheexpansivecausalperceptionof anincreasinglycommercialandcontractualeverydaylife,thegrowingpre- dominance of moral doctrines insisting on the naturalness of irresistible compassion, or the development of new narratives and forms of aesthetic engagement with suffering and death.4 Among the stages that eventually led to liberal modernity, Diderot stands out not just as a voice of intellec- tual formalization but as a pioneer of properly political problematization.5 Diderot's Open Dialogue with a Violent Interlocutor ""There is no quality essential to your species apart from that which you demand from all your fellow-men to ensure your happiness and 3. TalalAsad,""ReflectionsonViolence,Law,andHumanitarianism,""CriticalInquiry41 (Winter2015):398.F"	
Panagia 2019.pdf	33	On the Political Ontology of the Dispositif Davide Panagia		2019			45	Foucaultetal	0	1	0	1	"On the Political Ontology of the Dispositif Davide Panagia Atanotherwiseunnoteworthymomentduringhis18January1978lec- ture at the Collège de France, Michel Foucault stumbles just when he is about to resume his discussion of the ""apparatuses of security"" (disposi- tifsdesécurité).1InboththeEnglishandFrencheditionofthelecture,the interruption is footnoted in the text. Apparently, Foucault had bumped intothemicrophoneofthedevicerecordinghislecture.Asherecoversand before resuming his discussion he says this: ""I am not against any appa- ratuses [les appareils], but I don't know—forgive me for saying so—I'm justabitallergic.""2TheEnglishdoesn'trenderwhat'snotableinthecom- ment because English is unable to mark the lexical shift, given that the IwishtoexpressmysinceregratitudetoIraAllen,FrancesFerguson,DanielMorgan,Mi- chaelShapiro,GiuliaSissa,StefaniaTutino,andtheeditorsofCriticalInquiryfortheirhelp- fulcommentsandcriticismsonearlierversionsofthisessay.Thisessaywaspresentedatthe WesternPoliticalScienceAssociation(SanFrancisco,2018),theInternationalConferencefor theStudyofSocialandPoliticalThought(NewHaven,2018),andtheAmericanPoliticalSci- enceAssociation(Boston,2018).Iamgratefultoalltheparticipantsfortheirengagedcom- mentsandcriticisms. 1. MichelFoucault,Security,Territory,Population:LecturesattheCollègedeFrance1977— 1978,trans.GrahamBurchell,ed.MichelSenellart(NewYork,2009),p.30. 2. Ibid.,p.30n.ItisworthcitingtheFrenchedition.Priortobumpingintothemic,Fou- caultsays:""Jevoudraismaintenantreprendrecettemêmeanalysedesdispositifsdesécuritéà partird'unautreexempleetpouressayerdecernerunpeuautrechose:nonpluslerapportà l'espaceetaumilieu,maislerapportdugourvernementàl'événement.""Andthentheinterrup- tionbroughtuponbyFoucault'sclumsiness:""Jenesuispascontrelesappareilsquelqonques, maisjenesaispas—excusez-moidevousdireça—,j'aiunpetiteallergiecommeça""(Foucault, Sécurité,territoire,population:CoursauCollègedeFrance,1977—1978,ed.FraņcoisEwald, AlessandroFontana,andMichelSenellart[Paris,2009],pp.32,32n.).Theapparatusgotinhis way,andhe'sallergictoitbutnottothedispositif. translation of dispositif is, conventionally, ""apparatus.""3 There are two (or more) different terms in French, but we tend to only use apparatus in English.Butby1978Foucaulthadfullyadoptedandadaptedthelanguage ofthedispositif todiscussthetechnicalmediaofdiscipline, security,and governmentality, and he had done so—I will argue—by making an ex- plicit political and aesthetic decision to replace the conceptual architec- tureandtermapparatus (appareil)withdispositif.4Inthefollowing,Ire- construct this shift and its political and aesthetic stakes. ThisessayoffersagenealogyofthemediaconceptintheworkofFou- cault that focuses on his adoption and development of the language of thedispositif inhisstudiesonmodernsystemsofgovernment.Myatten- tion is to Foucault's development of this language, but my interest ex- tends beyond a scholia on Foucaultian terminology. My larger concerns regardhowwemightdevelopanaccounto"	
Panofsky 2023.pdf	9	""" "" The Problem of Style in the Visual Arts Erwin Panofsky"		2023			8		1	0	0	0	""" "" The Problem of Style in the Visual Arts Erwin Panofsky Translated by William Diebold and Sonja Drimmer On7December1911,HeinrichWölfflingavealecturetothePrussianAcad- emyofSciencesontheproblemofstyleinthevisualarts.Thislecture,1inwhich Wölfflin'sthoughtsonthemostuniversalandfundamentalart-historicalprob- lemwerepresentedinamannerthatissystematicandconclusive(atleastuntil thepromised,morecomprehensivepublication),isofsuchmethodologicalim- portancethatitseemsinexplicableandunwarrantedthatneitherarthistory noraestheticshasyettakenapositionontheviewsexpressedthere.Thefol- lowingattemptstomakeupforthissituation.2 I Every style—so Wölfflin begins—undoubtedly has a certain expressive content.TheGothicstyleorthatoftheItalianRenaissancereflectsacertain moodofthetimesoroutlook,andRaphael'spersonalcharacteremergesin hisuseofline.ButthisisforWölfflinjustonesideofwhatconstitutesthe Theauthorwouldliketonotethatthemanuscriptofthisarticlewasalreadyinthehands oftheeditorsatthebeginningofJuly1915.[""'TheProblemofStyleintheVisualArts'""was originallypublishedas""'DasProblemdesStilsinderbildendenKunst,'""ZeitschriftfürÄsthetik undAllgemeineKunstwissenschaft10(1915):460–67.Theuseofitalicsindicatespassagesprinted intheoriginalwithexaggeratedinter-letterspacing.Wehavemaintainedtheoriginalstyleof thefootnotes—Trans.] 1. PrintedintheSitzungsberichtederKgl.Preuss.Akad.derWissenschaften31(1912),572ff. Alsoavailableasanoffprint.[SeeWölfflin,""DasProblemdesStilsinderbildendenKunst,"" SitzungsberichtederKöniglichPreussischenAkademiederWissenschaften(1912):572–78;hereafter abbreviated""DP.""] 2. [Forthe""morecomprehensivepublication,""seeWölfflin,PrinciplesofArtHistory:The ProblemoftheDevelopmentofStyleinEarlyModernArt,trans.JonathanBlower,ed.Evonne LevyandTristanWeddigen(1915;LosAngeles,2015).] essenceofastyle.Alsocharacteristicisnotonlywhatastylesaysbuthowit saysit,themeans astyleusestobeexpressive.ThatRaphaelformshislines insuch-and-suchawaycanbeexplainedtoacertaindegreebyhisinnerdis- position,butthateveryartistofthesixteenthcentury—whetherheisnamed Raphael or Dürer—used line rather than the painterly brushstroke as the fundamentalexpressivetechniquedoesnotdependonwhatonemightcall castofmind,spirit,temperament,ordisposition.Itcanonlybeunderstood asageneralformofseeingandrepresentingthathasabsolutelynothingto dowithanyinnerdemandfor""expression.""Thechangesacrosstimeinthis generalformofseeingareuninfluencedbymutationsofthemindandcan onlybeunderstoodasalterationsoftheeye.Wölfflinthusdistinguishestwo fundamentally different roots of style: a psychologically meaningless way of seeingandatemperamentwhoseexpressioncanbeinterpreted.Hemustthen necessarilyalsodividetheconceptsusedtocharacterizeastyleintotwofun- damentallydifferentgroups.Ontheonehandarethepurelyformal,those relatedsolelytoanera's""waysofseeingandrepresenting"";ontheotherare those we might call meaningful, those used to designate what is expressed (given the general representational possibilities) in the artistic products of ane"	
Parisi 2022.pdf	21	Recursive Philosophy and Negative Machines Luciana Parisi	2019	2022			30	Literature and|the Program	1	1	1	1	"Recursive Philosophy and Negative Machines Luciana Parisi Asartificialintelligencegivesustheillusionofextendingthelimitsofthe humanbylearningand predicting ourbehaviors, agrowinganxiety about automateddecision-makingisspreadingeverywhere.Criticaldebatesabout whatcountsasintelligence,reason,andthinkinghaveurgedustofocuson thequestionoftechnologytodayandask:Whathasphilosophybecomeaf- tercomputation? Ifartificialintelligencehasturnedtranscendentalmetaphysicsintoaggre- gatesofdata,sotooconceptualcategorieshavebecomecalculatingproba- bilities.IntheaftermathofWorldWarII,MartinHeideggeralreadyissued a warning against the demise of philosophy after cybernetics.1 He claimed thatwiththenewdominanceofinformationsystems,philosophyhadlost itsteleologicalorderandhadbecomeinterchangeablewithanyotherdisci- pline.Anetworkofcommunication,whereeverythingcanbecomeanything, hadreplacedreasoningwithefficientfunctions. Today's debates similarly map two main tendencies. While on the one hand, it is feared that philosophy has been substituted by cybernetics, on theother,itisclaimedthatonlythecoconstitutionofphilosophyandauto- mationcanchallengetheintricaciesoftranscendentalreasonandpatriarchal and colonial capital. As Donna Haraway pointed out, cybernetic circuits ofcommunicationhaveofferedcounterfactualontologiesagainstthemas- ternarrativeofthehuman.Similarly,alternativeimagesoftechnologyhave groundedthecyberneticprincipleofrecursivityinnaturalphilosophy,chal- lengingtheuniversalmasternarrativesofmechanicismandvitalism.2 1. SeeMartinHeidegger,""TheQuestionConcerningTechnology,""inTheQuestionConcern- ingTechnologyandOtherEssays,trans.WilliamLovitt(NewYork,1977),pp.3–35. 2. SeeYukHui,RecursivityandContingency(NewYork,2019);hereafterabbreviatedR. 314 Luciana Parisi / Recursive Philosophy and Negative Machines This article addresses these tendencies and argues that a systematic ap- proachto nature and technologyalsoneeds to account for theproblem of the""philosophicaldecisionstructure""inmediaticthinking,instrumentality, andautomation.3Inwhatfollows,thepillarsofthisstructurewillbeexplored throughthecyberneticallyinfluencednotionsofrecursivity,self-organization, and self-programming. As itmay become clearer later, if decision-making is already given in the world as a natural evolution of human reason, it is becauseitsstructureissustainedbythefleshofthemedium.Toexplorethe challengesthatmediaticthinking,instrumentality,andautomationposeto thedecisional structure ofphilosophy,I drawsomeinsights from GetOut (dir.JordanPeele,2017). Placedamonghorror,fiction,andpolitics,GetOutoffersacontemporary map of how the thin line between automation and philosophy, namely servomechanic intelligence and transcendental reason, reminds us that thequestionoftechnologycannotbeseparatedfromtheviolenceofcolonial slavery. The movie opens with an unsettling scene of the abduction of a young black man,chokedandshovedinto thetrunk ofacarin aquiet suburban neighborhood. In the next scene, Chris, a black pho"	
Parker 2025.pdf	27	The Planetization of Machine Listening James E. K. Parker	2023	2025			74	Alice Hutton|Andrew Balmford|Angie Abdilla|Audio|Coastal Ecosystems|Dan Stowell|Deep Learning|Dreamscapes of|Ecology and|Emily|Feminism and|Forests|Germany|Haraway|Harold Innis|Harun Faroki|Ivan Kiskin|James|Kruger National|Mark Andrejevic|Max Ritts|McQuillan|Our Corals|Proceedings of|Rana Foroohar|Safiya Umoja|Samuel|Signal Processing|Stowell|Timothy|Un derwater|Whale Safe|Your Com|Yuchen Zhao|also Gabrys|also Sethi|also Trevor|cent|ibid|the Age|the Environment|the Smart|the Woods	0	1	0	0	"The Planetization of Machine Listening James E. K. Parker Training Computers to Listen to Reefs A pink coral fills the screen. It is swaying gently, bright against the jet-black background. The coral looks alive, but the colors pop too much. The defini tion is too high. Hyperreal. Then, a dense crackling sound and a word ap pears. ""LISTEN. This is what a healthy reef sounds like.""Suddenly, the vol ume fades and the coral bleaches. ""This is the sound of a damaged reef,"" overfished and ravaged by anthropogenic climate change.1 Now a scientist is sitting at a desk describing how he and his colleagues have made hundreds of hours of recordings of reef soundscapes all over the world. ""When we listen to the sounds of the reef,""he explains, ""we hear biodiversity. . .. Thousands of species of fish, producing pops, and chirps, and croaks as they communicate with each other.""The healthier a reef, the noisier. But there are too many recordings, too much data for one person to listen to. ""And that's where you come in.""The film cuts to another scientist on a beach in the Philippines. ""We need your help and the help of others like you to form a listening collective,""to ""train computers to listen to fish sounds automatically."" ""Even ten seconds of your time can help to contribute to cutting-edge biodiversity research and support better protection of coral reefs""(""CC""). This is Calling in Our Corals, an ""interactive citizen science platform""led by bioacoustician Steve Simpson and marine ecologist Mary Shodipo, and produced in partnership with Google (""CC""). The project was officially launched at the Conference of the Parties 27 (COP27), to some fanfare. There This essay has been funded in part by an Australia Research Council Discovery Early Career Research Award (DE200101447). 1. Steve Simpson, Mary Shodipo, and Dave Erasmus, ""Calling in Our Corals,""Apr. 2023,ex periments.withgoogle.com/calling-in-our-corals; hereafter abbreviated ""CC."" 22 James E. K. Parker / The Planetization of Machine Listening was coverage on Reuters and CBS.2 The UN tweeted about it.3 Kate Brandt, chief sustainability officer for the Obama administration, now in the same role at Google, posted about it on LinkedIn.4 In April 2023, the platform went public online. Click the ""launch exper iment""button, and you're taken through a series of listening tests, cut with training videos explaining the process and its rationale. ""Train your ear on different types of ocean sounds.""""Help marine biologists attempt to bring life back into coral reefs.""""What type of sound do you think this is?""Fish, snapping shrimp, motorboat, or bubbles? The correct answer is fish. Now, ""what you're seeing here is a visual representation of what you're hearing. It's called a spectrogram.""The louder it is, the pinker. If it's quieter, then it's blue. ""And you can see down here in the low frequency range, that's the fish sounds."" They're what you should be looking out and listening for. Those higher frequencies, further u"	
Peters Wickberg 2022.pdf	21	Media: The Case of Spain and New Spain John Durham Peters and Adam Wickberg	2022	2022			48	JohnEllis|Theatralit	0	0	1	1	"Media: The Case of Spain and New Spain John Durham Peters and Adam Wickberg One of the beneficial intellectual side effects of the explosion of digital mediahasbeenareformulationofthemediaconceptbeyonditstwentieth- century center of gravity in the print and audiovisual culture industries. Ubiquitouscomputingandhandheldaccesstothedataspherehavebrought totheforethefundamentallogisticalroleofmediaasagenciesthatarrange, catalog, organize, network, and index people, places, and things. During muchofthetwentiethcentury,researchonmediawasbiasedtowardques- tions of (1) ideological or attitudinal influence caused by (2) modern or emergenttechnologies.Questionsofcontentandeffectwerefrontandcen- ter.Thisarticletakesadvantageofthisshiftinthinkingtowardstructureand ambiance to expand the temporal frame beyond the past century and the geographicalframebeyondtheNorthAtlantic.Mediacanbeprofitablyun- derstoodasenvironingandresidual,notonlysemioticandemergent.Media cancertainlybethebrightandshinygadgetsproducedbySiliconValleyor thevastinformationandentertainmentempiresofradio,TV,andfilmbut also,morefundamentally,themeansoforganizingourculturalandnatural worlds.Theynotonlyworkuponheartsandmindsbutshapesocietalhabits and ecological habitats. Media are agencies of civilizational and environ- mentalorder.Theyhavemorethanmodernrelevance.Thetoolsofmedia theory that have been developed for news, moving images, or the internet PartsofthisessaywerepreviouslypublishedinSpanishasJohnDurhamPeters,""Nuevos MediosyViejosMedios:ReflexionessobreelCasoMexicano,""inÉtica,MediosyDemocracía, ed.MariaAntonietaRebeilCorellaandAlbertoMontoyaMartíndelCampo(Mexico,2014), pp.181–201.AversionofthisessayalsoappearsintheforthcomingEnvironingMedia(London, 2022),ed.AdamWickbergandJohanGärdebo.WethankRubénGalloandMarianoNavarro forveryhelpfulcommentsbutabsolvethemfromcriticismforourmistakes.Unlessotherwise noted,alltranslationsareourown. canbeproductivelyappliedtothepyramidsofGizaandthebiblicalbookof Esther,theGreekclassics,thePersianpostalofficeandRomanroads,Vene- tian counting houses, and medieval cathedrals.1 All of these process data, connectacrossspaceand time, manage people and properties,andalter,to onedegreeoranother,theirculturalandnaturalenvironments. Ourunderstandingofmediaasfundamentalconstituentsofenvironmen- tal organization joins the flourishing interest in infrastructures, understood as""large,force-amplifyingsystemsthatconnectpeopleandinstitutionsacross large scales of space and time""2 or ""big, durable, well-functioning systems and services.""3 Thus, nature can be viewed as the ultimate infrastructure. Calendars,clocks,towers,names,addresses,maps,registers,arms,money, andshipsareallinfrastructuralmedia.Suchmediabecomesecondnature, morphing biorhythms and altering ecosystems. Today's planetary digital infrastructurebuildsuponthelonglegacyofresourcemanagementviadata- bases.Thedeepsea,theglobalyieldofcorn,andplanetarypublichealth— a fact made only more visible by the SARS-CoV-2 pandemi"	
Pippin 2019.pdf	32	' Love and Class in Douglas Sirk s All That Heaven Allows Robert Pippin		2019			32	RobertBechtoldHeilman|the Committee	1	0	1	1	"' Love and Class in Douglas Sirk s All That Heaven Allows Robert Pippin ButwhatIfear, whateventoday onecouldgrasp withone'shandsifone feltlike graspingit,isthatwemodern menarepretty muchonthesameroad; andevery timemanstartsto discover theextentto whichheisplayingaroleandtheextent towhichhecan beanactor,hebecomes anactor. —Friedrich Nietzsche, TheGay Science1 Onesuresign,amongmanyothers,thatthegreatmelodramasof Doug- lasSirk'stimeatUniversalStudios(1952–1959)mightnotbealltheyinitially seemistheimmediateambiguityofthetitlesofmanyofthemostambitious ones.Forexample,AllThatHeavenAllows(1955)couldsuggest,""Lookatall thatheavenallowsinitsgenerosity.""Anditcouldmean,""Becareful.This paltryconsolationorhappiness,andthisalone,isallthatheavenallows."" (Ininterviews,Sirkmadeclearhemeantthelatter,thatforhim""heavenis stingy"";hewasamusedthestudiogaveittheformerinterpretation.They thought it a brilliant, uplifting title.)2 Many other films throughout his Americancareerhavethesamedoublecharacter:ImitationofLife(1959), Tarnished Angels (1957), AllI Desire (1953), and There's Always Tomorrow (1956). ThisambiguityistiedneatlytothefamousironyofSirk'smelodramas. Thegreatonessucceedinnarratingbothasurfacestoryand,likethetitles, an ironic counterpart.InSirk's case the films manage both toindulge the audience's expectations for melodrama, often satisfying them, even as the techniqueandstyleexaggeratethoseconventions,sometimesgarishly,often bordering on kitsch, and thereby also expose the self-deceit and fantasy- IamverygratefultoDavidWellbery,MichaelFried,DanielMorgan,andRichardNeer forseveralhelpfulexchangesaboutthisarticleandtoMarkWilsonforaconversationabout DouglasSirkattheverybeginningoftheproject. 1. FriedrichNietzsche,TheGayScience,trans.JosefineNauckhoff,in""TheGayScience"": WithaPreludeinGermanRhymesandanAppendixinSongs,trans.AdrianDelCaroand Nauckhoff,ed.BernardWilliams(NewYork,2001),p.216. 2. ""OrtakeAllThatHeavenAllows....Thestudiolovedthetitle;theythoughtitmeant youcouldhaveeverythingyouwanted.Imeantitexactlytheotherwayround.AsfarasI amconcerned,heavenisstingy""(DouglasSirk,""AfterHollywood,""interviewwithJon Halliday,inSirkonSirk[London,1997],p.140).Hegoesontomakesimilarpointsabout othertitles. 936 Robert Pippin / Love and Class thinkingbehindthoseveryexpectations,bothonthepartofthecharacters and the viewers, acrucialSirkian connection,as we shall see.3 This has all beenmuchcommentedonsinceSirkascendedtohighauteurstatusamong CinémacrowdbeganwritingenthusiasticallyaboutSirkalreadyinthemid- 1950s and then more rapidly after the publication of some extraordinary interviewswithJonHallidayin1971.4Untilthisrealizationabouthisirony, thefilmscanbeseen—formanyyearswereseenandareoftenstillseen—as straightforward weepies or ""women's pictures"" by audiences, critics, and studioexecutives. Now,howacinematicstylecansuggestirony,howwhatweareshown can suggest how much in what is shown is not immediately obvious and is easy to miss, is perhaps even the contrary of what is most easily t"	
Platt 2020.pdf	27	Re-membering the Belvedere Torso: Ekphrastic Restoration and the Teeth of Time Verity Platt		2020			49		1	0	0	2	"Re-membering the Belvedere Torso: Ekphrastic Restoration and the Teeth of Time Verity Platt Onmy ownIestablished remedies [pharmaka] forforgetfulness, whicharewithout speechand(yet)speak,bycreatingsyllables;Iinventedwriting[grammata]formen's knowledge,soamanabsentover theocean'splainmight havegoodknowledgeof allmattersbackthereinhishouse. —Euripides, Palamedes, frag.5781 InEuripides'sfragmentaryplayPalamedes,theeponymousheroiscele- brated as a brilliant innovator responsible for the invention of writing.2 Ironically, Palamedes meets his tragic end through the agency of his own creation, when a forged letter is used to frame him for collusion with the Trojan enemy. Palamedes may claim that his written grammata work as ""remedies for forgetfulness""—pharmaka to cure the afflictions of Lêthê. However,asPlatowouldgoontoexploreinthePhaedrus,thetherapeutic powerofthewrittentextisdoubleedged.Grammataareuncannydevices, whichinPalamedes'swordsare""withoutspeechandyetspeak"":theyoffera meansofovercomingloss,forgetfulness,anddistancewhilesimultaneously necessitatingandenforcingthatveryseparation. Thisisthearthistorian'sdilemmatoo.Itisbakedintothediscipline'suse oftexttonudgeobjectsintoview,tomakethempresent,toreanimatethem in all their visual, material, historical, and social complexity, to overcome theLêthêofobsolescenceanddecay.Andyettextisbornefromandneces- sitates a medial and ontological detachment from our objects. Writing, in this sense, is the art historian's pharmakon. As Jacques Derrida observes in""Plato'sPharmacy,""""insteadofquickeninglifeintheoriginal,'inperson,' Thisessayowesitsexistencetotwostimuli:aninvitationfromJaśElsnertothinkaboutart historyasdescriptionandtheluxuryofhavingCornellUniversity'splastercastoftheBelvedere Torsoinmyoffice.IthasbeenconsiderablyimprovedthankstofeedbackfromKatherine Harloe,WhitneyDavis,AntoniaRuppel,andtheeditorsofCriticalInquiry.Unlessotherwise noted,alltranslationsaremyown. 1. Euripides,Fragments:Oedipus-Chrysippus.OtherFragments,trans.anded.Christopher CollardandMartinCropp(Cambridge,Mass.,2009),p.53. 2. Theplaywasfirstperformedin415BCE;thesurvivingfragmentsarediscussedbyRuth Scodel,TheTrojanTrilogyofEuripides(Göttingen,1980),pp.43–54;AndreaWilsonNightin- gale,GenresinDialogue:PlatoandtheConstructofPhilosophy(NewYork,1995),pp.149–56(on theplay'srelationshiptothePhaedrus);andThomasE.Jenkins,""Palamedes''WritingLesson': OnWriting,Narrative,andErasure,""ClassicalandModernLiterature25,no.2(2005):29–53. 50 Verity Platt / Re-membering the Belvedere Torso the pharmakon can at best only restore its monuments. It is a debilitating poison for memory, but a remedy or tonic for its external signs, its symp- toms.""3Inthehistoryofart,theactofwrittenrestorationistiedmostclosely tostrategiesofdescriptionor,toborrowitsancientterm,ekphrasis.Inare- centintervention, JaśElsner argues thatart history isitself ""nothingother thanekphrasis,""whichhedefinesasthe""applicationofrhetoricaldescrip- tiontotheworkofart(ortoseveralworksoreventowholeca"	
Pottage Biagioli 2023.pdf	21	What Is a Book? Kant and the Law of the Letter Alain Pottage and Mario Biagioli		2023			43	Academic Research	0	1	0	0	"What Is a Book? Kant and the Law of the Letter Alain Pottage and Mario Biagioli InJune1785,theeditorsoftheBerlinischeMonatsschriftwrotetoImman- uelKant,invitinghimtouse""'ourmouth,inordertodeliveryourspeechto thepublicbymeansofus.'""1Thecuriousphrasingoftheinvitation,which promptedKant's answertothequestion What is enlightenment?,honored theargumentmadeinhisessayonthewrongfulnessofreprintingthathad beenpublishedintheMonatsschriftjustamonthearlier.There,Kantargued thatpublicationwastheactofspeakingtothepublicthroughthemediumof printedletters,anactundertakenbythepublisheronlyastheagentorrep- resentativeoftheauthor.Forobviousreasons,Kant'sessayhasbeeninterpreted asadiscussionofliterarypropertyorasananswertothequestionofwhoshould havetherighttoreproduceanauthor'sspeech.Theessaybeginswiththebasic questionposedbythepracticeofreprinting:Whatlegalbasiswasthere,ifany, forpreventingthepurchaserofabookfromreproducingitscontents?Butthe essay immediatelybypassesthe kind of questionsthatinformed contempo- rarydebatesoverthelegitimacyofreprintingandthenatureofwhatwasto become literary property. Kant did not anchor his argument in the unique agencyandcreativityofauthors,nordidheexplorethepossibilityofattaching propertyrightstospecificfeaturesofthebook,suchastheideasitrepresented ortheformofauthorialexpression.Instead,heasked""Whatisabook?,""2a framingquestionthatwasasstrangetolateeighteenth-centurylegaldebates Unlessotherwisenoted,alltranslationsareourown. 1. MaryJ.Gregor,introductionto""OntheWrongfulnessofUnauthorizedPublicationof Books,""inImmanuelKant,PracticalPhilosophy,trans.anded.Gregor(NewYork,1996),p.25; hereafterabbreviated""W."" 2. Kant,""TheMetaphysicsofMorals,""inPracticalPhilosophy,p.437;hereafterabbreviated MM. 606 Alain Pottage and Mario Biagioli / What Is a Book? as Foucault's ""What is an author?""3 was to the conceptual apparatus of twentieth-centurycopyrightlaw. Kant'sapproachtotheconceptual,economic,andlegalproblemsposedby unauthorizedreprintingreflectedacentralfocusontheagencyofthemedium ratherthanontheexpressiveoriginalityofauthors.Itisnotsurprising,there- fore,thatthechiefhumancharacterthroughoutmostoftheessayisnotthe authorbutthepublisherand,byextension,thevariouspeoplethepublisher enliststoproduceanddisseminatebookstothepublic.Kantforcesthepub- lisherintoamodeofagencythatisascomplicatedasitisunrewarding,devel- opingalawthatwasnotalawofliterarypropertyassuchbutalawthatwould make the book function as it should—as a medium for the conveyance of thought.Thebookisconceptualizedasathingthatcanonlycomeintobeing anddowhatitdoesbecauseofitsspecificityasamediumandbecauseofthe differentlegalandcommercialarrangementsnecessarytobothconfigureand demarcatethematerialagenciesandlegalrolesofthevariouspeopleinvolved inbookmakingandpublishing,fromtheauthortothepublic.So,thelawin questionwasalawofagency,notonlyinthesenseoflegal-contractualtech- niquesofrepresentation,butalso,crucially,themedialagencyofprintitself. An Eye for an Ear In the third section of the Conflict "	
Pourciau 2022.pdf	29	On the Digital Ocean Sarah Pourciau	2019	2022			38	Briefe|Language Science|Pourciau|ThisIdeaMustDie|the Department	1	0	0	0	"On the Digital Ocean Sarah Pourciau Thelanguageofbigdatahasbeenoceanicfromthebeginning.Inoneof theearliestslidepresentationstoemploythephrase,""BigData...andthe Next Wave of InfraStress""—by the Silicon Valley computer scientist John Mashey,whomaywellhaveoriginatedtheterminthe1990's—arudimen- tarystick-figuresurfs(""Ok!"")whileanothersuccumbs(""Uh-oh"")toagiant wavelabeled""InfraStress.""1BythetimetheOxfordEnglishDictionarytook big data into its fold in 2013, the accompanying message of ""learn to surf or drown"" had become a mainstay of contemporary culture.2 As one of theraretruismstobridgethechasmseparatingthetechsectorfromcritical theory,headlineslike""WeAreDrowninginData,""""DrowninginBigData— FindingInsightinaDigitalSeaofInformation,""""DrowninginData:Dig- ging Out of the DigitalQuagmire,"" and ""World Drowning in a Rising Sea of Information"" share their rhetoric of watery demise with philosophical analyses of the present from every corner of the ideological map.3 Caught Unlessotherwisenoted,alltranslationsaremyown. 1. JohnR.Mashey,""BigData...andtheNextWaveofInfraStress,""slidepresentationgiven atUSENIXAnnualTechnicalConference,Monterey,Calif.,6–11June1999,p.1,static.usenix .org/event/usenix99/invited_talks/mashey.pdf.Alaterslidedefines""infrastress""as""badeffects offasterchangeincomputersubsystems&usage...thaninunderlyinginfrastructure""(p.3). OnthepossibilitythatMasheyoriginatedorpopularizedthetermbigdatainitspresentmeaning, seeSteveLohr,""TheOriginsof'BigData':AnEtymologicalDetectiveStory,""Bits,NewYork Times,1Feb.2013,bits.blogs.nytimes.com/2013/02/01/the-origins-of-big-data-an-etymological -detective-story/ 2. OxfordEnglishDictionary,s.v.""bigdata."" 3. SeeCharlieWarzel,""WeAreDrowninginData,""NewYorkTimes,7May2019,www .nytimes.com/2019/05/07/opinion/data-privacy.html;JoshSteimle,""DrowninginBigData— FindingInsightinaDigitalSeaofInformation,""Forbes,25Mar.2015,www.forbes.com/sites /joshsteimle/2015/03/25/drowning-in-big-data-finding-insight-in-a-digital-sea-of-information/?sh =5242256a449b;JohnBates,""DrowninginData:DiggingOutoftheDigitalQuagmire,""Business 234 Sarah Pourciau / On the Digital Ocean inthedatadeluge,adriftontheseaofinformation,engulfedbytheflood,the tsunami,thetorrent,thesurgeofdigitalflows,itisasthoughwehave(been) plunged,byvirtueofourmostrecentcomputationaladvances,intoacondi- tion of primordial boundlessness (""and the earth was without form and void...andthespiritofGodmoveduponthefaceofthewaters""[Gen.1:2]), fromwhichbothanalyticsconsultanciesandtheoriesofcontemporarybeing aspiretosaveus. Everyoneonbothsidesofthetechversusphilosophydivideagreesthat thecurrentpredicamentisnew:a2021reportbytheInternationalDataCor- poration (IDC) estimates that 62.2 zettabytes of data were created in 2020 alone, and that the amount of data produced over the next five years will morethandoubletheamountproducedbetweenthedawnofdigitalstorage andnow.4Theoceaniccomparison,however,couldnotpossiblybeanyolder, andthereinlies a simpleyet seldom formulated problemfor information"	
Qian 2020.pdf	27	When Taylorism Met Revolutionary Romanticism: Documentary Cinema ' in China s Great Leap Forward Ying Qian		2020			67	Danglundianying|Lieninglunzaishengchanhelihuafangmianliyongdianying|ShanWanli	0	0	1	0	When Taylorism Met Revolutionary Romanticism: Documentary Cinema ' in China s Great Leap Forward Ying Qian In 1959, at the height of the Great Leap Forward campaign, the Central NewsreelandDocumentaryFilmFactory(CNDFF)inBeijingreleasedashort documentaryentitledAnInchofTimeIsWorthanInchofGold(Yicunguang- yinyicunjin,一寸光陰一寸金).1Takingasitstitleanoldsayingonthevalueof time,thefilmitselfwasanexemplarypieceoftimemanagement,packingits ten-minutelengthwithapotentaudio-visualrhetoric toemphasizethe im- portance of time to the ten-year-young People's Republic of China (PRC). Thefilmbeganwithablackscreenandapersistenttick-tockofaclockinthe soundtrack. Tick-tock, tick-tock, the invisible clock worked tirelessly, com- pellingtheaudiencetoexperiencetheunstoppablelapseoftime. TimewasofcrucialimportancetothenewPRC,fortheCommunistRev- olutionthathadbroughtitintoexistencehadalsothrownitintoatemporal conundrum. While classical Marxist theory had outlined a relatively clear temporal progression for stages of social transformation, and predicted therealizationofsocialismthroughaworldwideproletarianrevolutionini- tiatedinthemostadvancedeconomies,sucharevolutionhadfailedtooc- cur.Instead,capitalismbrokeatitsweakestlinkinRussiaandChina,leav- ingthesecountriesinanunprecedentedsituation.Politicallytheyadopted what they considered to be socialist policies and regarded themselves as Unlessotherwisenoted,alltranslationsaremyown. 1. Forallsubsequentquotationsfromthefilm,seeAnInchofTimeIsWorthanInchof Gold,dir.ChenGuangzhong(陳光忠)(1959). thevanguardsocietiestoleadtheworldtocommunism.Yeteconomically,they lagged farbehind advancedcapitalist countries.Thistemporal schism—be- tween political aspiration and developmental stage—meant vulnerability forthePRCinaColdWarenvironment.TheGreatLeapForwardwasabold experimentintendedtodefythedeterminismofconventionaldevelopmental time;throughitNewChinawasmeanttorapidlyindustrializeandclosethe riftbetweenitsdevelopmentstageandpoliticalaspiration. Atime-basedindustrialart,cinemabecametheleadingmeansofincul- catingacomplextemporalaestheticduringthisperiod.Documentarycin- ema,asthemodeofcinemathatexperiencedthegreatestgrowth,waspartic- ularlyimportanttotheconstructionofthisaesthetic.CombiningTaylorism with revolutionary romanticism, documentaries inculcated time discipline andtrainedworkerstoheedandtranscendclocktimewithrevolutionarywill andtechnicalinnovation.Rapidlymadeanddeliveredbymobileprojection- ists to sites of mass labor all over the country, documentaries showcased experimentalvernaculartechnology,organizedmassproductioncampaigns, andpoweredproduction,sometimesliterally,withitselectrifyingenergy. This essay traces the deep entanglement between cinema and material productions in industry, agriculture, and infrastructure and uses it as a prism to investigate the intertwined histories of media practice and social transformation. What was the Chinese revolution? How do we account foritsfailures,especiallyonesasmassiveandtragicastheGreatLeapF	
Rajagopal 2020.pdf	28	Communicationism: Cold War Humanism Arvind Rajagopal		2020			68	ReinhardBendix	0	0	1	2	"Communicationism: Cold War Humanism Arvind Rajagopal Itissaidthat thedialectical methodconsistsindoingjustice eachtimetothehis- toricalsituationofitsobject.Butthat isnotenough. Foritisjustas mucha mat- terofdoingjusticeto theconcretehistorical situationoftheinterest takeninthe object....Toapproach,inthisway,""whathasbeen""meanstotreatitnothistorio- graphically,asheretofore,butpolitically,inpoliticalcategories. —Walter Benjamin1 Whatdistinguishesa trulygeneral phenomenon isitsfertility. —PaulValéry2 Introduction Mediaasatermhasbecomesocommonplacethatitiseasytooverlook thefactthatoneworddesignatesallorvirtuallyalltechnologiesofcommu- nication,asiftheycouldallbeassumedtoactinconcert,orasiftheywere uniform.Againstsuchaview,wehaveJusticeJackson's(1949)little-heeded caution:""Each...[medium]isalawuntoitself.""3 When Max Horkheimer and Theodor Adorno noted that film, radio, andthepresswereallprojectingsimilareffects,theyofferedacriticalcon- cept, the culture industry, to argue that discrete media technologies and their distinct forms of expression were collapsing and merging into each other.""Culture""wasbeingreducedtoformulaicrepetitionsofsocialunity anduniformity,theyargued,insteadofprovidingideasthattranscendedthe statusquoormilitatedagainstitsreproduction.4 WhenAmericanscholarscommencedcommunicationsresearcharound thesametime,theyturnedthisobservationonitshead.Theyviewedthe absence of critical ideas not as a problem but as a confirmation that the USwasawell-functioningdemocracy.Multiplemediasources,wherethey existed,meantthat""Themostlikelyeffectofmasscommunicationonpublic MysincerethankstoCraigCalhoun,StevenPierce,AnupamaRao,HenningTrüper,and BarbieZelizerfortheircomments. 1. WalterBenjamin,TheArcadesProject,trans.HowardEilandandKevinMcLaughlin,ed. RolfTiedemann(Cambridge,Mass.,1999),pp.391–92. 2. PaulValéry,""ThePlaceofBaudelaire,""inLeonardo,Poe,Mallarmé,trans.Malcolm CowleyandJamesR.Lawler(Princeton,N.J.,1972),p.203. 3. Kovacsv.Cooper,336U.S.77(1949),p.97. 4. SeeTheodorAdornoandMaxHorkheimer,""TheCultureIndustry:Enlightenment asMassDeception,""inTheDialecticofEnlightenment:PhilosophicalFragments,trans.Edmund Jephcott,ed.GunzelinSchmidNoerr(Stanford,Calif.,2002),pp.94–136. 354 Arvind Rajagopal / Communicationism tasteistomaintainthestatusquoorfurtherexistingpredispositions.""5As these ""exisiting predispostions"" were democratic, US researchers argued, therewasnothingtofearabouttherapidlygrowing masscommunication technologies.Thuswhilepurportingtoinvestigatemediaeffects,scholars assumedseriousscrutinytobeunnecessary. Scholars who made these arguments responded to wartime scientific developments that enabled communication between machines and not only between humans. They offered reassurance about the human and benign character of communication while, at the same time, they ac- knowledged the growing importance of technology. The academic study of communication was thus inaugurated with the assumption that in a democracy like the US communication was free and h"	
Rancière 2022.pdf	16	Does Communist Art Exist? Jacques Rancière		2022			18	American literature|French at	1	0	0	0	"Does Communist Art Exist? Jacques Rancière Translated by Matthew Scully, Nell Wasserstrom, and Carolyn Shread Ishouldstartbyexplainingmytitleandthequestionitasks.Letmebe clear, I will not discuss art in the Soviet Union or art under communism. NorwillIexplorethedifferentschools,whatevertheymightbecalled—su- prematism,futurism,constructivism,orothers—asembodimentsof""true"" communistart.Instead,Ishallsimultaneouslyponderthequestionfroma distance(askinghowthetwoterms,artandcommunism,canbecombined) andfromupclose(examiningseveralexamplesoftheircombination).For now,I'lllayoutthequestioninitsmostgeneralsense.Todoso,I'lldispense with a number of ways of presenting the question that come to mind be- cause they are connected to false assumptions often made about art and communism. First,takethenotionthatcommunistartimpliesanartdestinedtoserve anideologyorpower,somethingthatartisoftenbelievedtoresistbecauseof its constitutive freedom. This way of approaching the problem of art and communismfailstoaccountforthefactthatwhatwecontemplateinmu- seums as works of art were usually made to serve programs imposed by Ya-t-ilunartcommuniste?wasgivenasatalkattheGrandPalaisinParison10April2019 ontheoccasionofaspecialexhibition,Red:ArtandUtopiaintheLandoftheSoviets(Rouge: ArtetutopieaupaysdesSoviets).Theexhibitionranfrom20March2019to1July2019.Red displayedworksproducedinthewakeoftheOctoberRevolutionof1917tothedeathof JosephStalinin1953.Thiscoversearlyexperimentsbyavant-gardeartistssuchasVladimir MayokovskyandKazimirMalevich,thegrand-scaleconstructionofpublicmonuments,and themass-producedartofVladimirTatlinandAlexanderRodchenko.LikemanyofJacques Rancière'srecentpublicationsonart,thisarticlecloselyengagesthematerialofitssourceex- hibit,and,init,headdressesthefullrangeofartstagedbytheGrandPalais,offeringadirect andprovocativeconfrontationwiththequestionofwhethertherecanbeacommunistart.All notesandreferenceswereaddedbythetranslators. 460 Jacques Rancière / Does Communist Art Exist? religiousorcivilauthorities.Thistensionbetweenthefreedomoftheartist and the constraint of authority must therefore be contextualized. There is also something else that needs revision: the idea that communism, (1) as anegalitarianworld,refusesthedistinctionpropertoartisticpractice,and (2) as a world of labor, devoted to utility, refuses aesthetic contemplation. ThisideaignoresthefactthatduringtheRussianRevolution,forexample, itwastheartiststhemselveswhodemanded,farmorethantheworkersor leadersoftheCommunistParty,thatthesuperfluitiesofartbetransformed intoasocialpracticeusefultothecommunity.Itwastheartistswho,asart- ists,calledforitfirst,asifthistransformationwereintegraltotheirmanner of practicing and conceptualizing art and as if it were inherent to the very existence of art, both as practice and as sphere of experience—inscribed inthecontemporarymomentbutalsoinacertainhistoricaltradition. Indeed,theconstitutionofaspecificartreality—singularandwithacap- ital A—in the late eighteenth century has not"	
Reeves-Evison 2021.pdf	28	The Art of Disciplined Imagination: Prediction, Scenarios, and Other Speculative Infrastructures Theo Reeves-Evison		2021			64	It'|JamesLeeByarsattheHudsonInstitute|Skeaping	0	0	0	0	"The Art of Disciplined Imagination: Prediction, Scenarios, and Other Speculative Infrastructures Theo Reeves-Evison Introduction Intheyear""01999""StewartBrand,editoroftheWholeEarthCatalogand cofounderoftheLongNowFoundation,offeredthereadersofhisbookadia- gramwhichattemptstovisualizethedifferentspeedsatwhichchangetakes placeatasocietallevel.1Atthetwoextremesofthefiguresitfashionandna- ture:theformerracingthroughrapidcyclesofchangeandrenewal,evenbe- foretheadventoffastfashion;thelattercreepingfromonesteadystatetoan- other at an almost imperceptible rate. In the middle, sandwiched between commerceandgovernance,sitsinfrastructure(fig.1). AlthoughitisclearthattheprimaryreferencesforBrand'sthinkingabout infrastructurearephysicalsystemssuchassewers,roads,andcommunica- tionnetworks,heneverthelesswidenshistermsofreferencetoincludethe intellectual infrastructure of education and even science as a whole. This opening up of the definition of infrastructure is broadly in line with ear- lier academic efforts on the part of Science and Technology Studies (STS) pioneerSusanLeighStarinthe1990sandsubsequentauthorssuchasKel- ler Easterling, AbdouMaliq Simone, and Nikhil Anand. For these authors Earlyiterationsofthispaperwerepresentedatvariouseventsin2019organizedbyDavid Sergeant,JorindeSeijdel,andRenataTyszczuk.Iamgratefulfortheirinsightfulcommentsand thoseoftheexcellentaudiencesateachoftheseevents.ThanksalsogotoJoshBowsher,who providedinvaluablefeedbackonanearlierversionofthisarticle.Theresearchwasmadepossi- blethankstoanEarlyCareerFellowshipfromtheLeverhulmeTrust. 1. Inanefforttopreemptthedeca-milleniumbuginaroundeightthousandyears'time, thefoundationdeliberatelyusesfive-digitdates;seeStewartBrand,TheClockoftheLongNow: TimeandResponsibility(NewYork,1999),p.37. 720 Theo Reeves-Evison / The Art of Disciplined Imagination FIGURE 1. StewartBrand,""TheOrderofCivilization,""diagramthatappearsinTheClock oftheLongNow:TimeandResponsibility(NewYork,1999),p.37. infrastructureneednotonlycompriseofaphysicalnetworkofinterlinked objects; it can just as easily exist as an immaterial series of repeatable for- mulas or shared standards.2 Considered in this way, the layers of Brand's diagramstarttocollapseintooneanother.Whathappenstotheneatdivi- sion between governance and infrastructure when laws and regulatory mechanismsthemselvesareconsideredanimmaterialinfrastructure?More fundamentally, what becomes of thecentral aim of thediagram—to show 2. SeeforexampleSusanLeighStarandKarenRuhleder,""StepstowardsanEcologyofIn- frastructure:ComplexProblemsinDesignandAccessforLarge-ScaleCollaborativeSystems,"" Proceedingsofthe1994ACMConferenceonComputerSupportedCooperativeWork—CSCW'94 (Oct.1994):253–64.Othersourcesthattreatinfrastructureascomposedofelementsthatare immaterialaswellasphysicalareKellerEasterling,Extrastatecraft:ThePowerofInfrastructure Space(NewYork,2014);AbdouMaliqSimone,""PeopleasInfrastructure:IntersectingFragments inJohannesburg,""PublicCulture16,no.3(2004):407–29;andNikhilAnand,""PR"	
Renard 2025.pdf	22	The Moment Unbound: When Romance Broke Free from Epic Fredrik Renard	2022	2025			36	Jahrhundert|Orbis Litterarum|Poetics Today|alsoElizabethJaneMacArthur	0	0	0	1	"The Moment Unbound: When Romance Broke Free from Epic Fredrik Renard AccordingtothelatecriticKarlHeinzBohrer,modernliteraturebegins whenlong-termperspectivesaredisplacedbythemoment.1Withthissim- pleyetboldproposition,Bohrerforegroundsaradicalshiftinthetemporal hierarchyofWesternconsciousnessastheprincipalkeyforunderstanding modernity as an aesthetic phenomenon. If the organization of time previ- ously had found its basis in tradition, where the present moment is but the latest instantiation of the past or the pale reflection of eternal ideas, thetemporalitythatBohrerdeemstobethedecisivemarkerofmodernity isthemomentconsidered andvalued inand ofitself—indeed,considered andvaluedtothedetrimentofallothertemporalpossibilities.It'stheviolent swelling up of the moment and the simultaneous destruction of the old unity of past-present-future that for him constitutes the new and distinct temporal form of modern literature. According to this view, only authors writingfromaradicalizedpresentcountastrulymodern. Inthepresentarticle,Iwon'tbefollowingBohrerinmakingsuchanex- clusivistclaimformodernity.Rather,it'smycontentionthatmodernityand TheresearchforwritingthisarticlewassupportedbytheSwedishResearchCouncil,project 2022-02298.IthankMarshallBrownforreadingandgenerouslycommentingdraftsofthisarti- cle.ThankstoOttoFischer,MattiasPirholt,andTimBerndtssonforinvitingmetotheEigh- teenthCenturySeminaratUppsalaUniversitytodiscussmyprojectandforofferinghelpful suggestions.ThanksalsotoStefanoErcolinowhograciouslyhostedmeatCa'FoscariUniver- sityinVenicewhenthemainpartofthearticlewaswritten.Unlessotherwisenoted,alltrans- lationsaremyown. 1. SeeKarlHeinzBohrer,""DieZeitlichkeitdermodernenLiteratur,""inDieSeele:Die DauerausstellungimLiteraturmuseumderModerne,ed.HeikeGfrereisandUlrichRaulff (MarbachamNeckar,2015),pp.15–27. itsrelationshiptothemomentmustbeconsideredagainstthebackground ofalongerhistoryfoundattheheartofthetraditionthatmodernitysuper- sedesinBohrer'saccount.Butthisdoesn'tunderminethesuggestivenessof histerseformula.Whatmakesitvaluableisitsidentificationofaproblem thatextendsbeyondmodernityintoamoredistantliterarypast,theunder- standingofwhichnecessitatesthereframingoftheabsoluteepochalbreakas aconflictualstruggle.Thequestionimposesitself:Didn'tthemomentposea formidablechallengetolong-termperspectivesmillenniabeforeitwouldbe possibletospeakofmodernityinanymeaningfulsenseoftheterm?Infact, doesn'tjustsuchatemporalconflictdefinetherelationshipbetweenthetwo oldestnarrativeformsoftheWesterntradition,thatofepicandromance? The name for a narrative organized around a long-term perspective could very well be epic; romance in turn seems to have a peculiar affinity with themoment.HowdoesthisrelatetothelaterdisplacementthatBohrersees asthesinequanonofliterarymodernity? Thisbringsmetothesomewhatunwieldyconstellationofthepresentar- ticle:epic,romance,andJean-JacquesRousseau.Specifically,Iwanttoconsider the relationship between epic and romance as encompassing a processual versio"	
Rennebohm 2023.pdf	20	Race, Get Out, and the Advent of (Enforced) Skepticism Kate Rennebohm	2020	2023			37	DefenseoftheIndians	2	0	2	1	"Race, Get Out, and the Advent of (Enforced) Skepticism Kate Rennebohm Thewhite manwantstheworld;hewantsitfor himselfalone.Hefindshimselfpre- destinedmasterofthisworld.He enslavesit.Anacquisitive relation isestablished betweentheworldandhim.But thereexistother valuesthat fitonly myforms. Like amagician,I robbedthewhitemanof""acertain world,""forever after losttohim andhis. —FrantzFanon1 Whoisinthatbody?HowcanIknow,andhowcouldItrustthatknowl- edge?Onecouldexpecttofindthesequestionsonthemindofaphilosopher pondering the long-standing problem of other minds. As it turns out, one couldalsoexpecttofindthemperturbingChris(DanielKaluuya),thepro- tagonistofJordanPeele'sGetOut(2017).Thatthislatterpointissospeaksto thesignificanceofskepticismforPeele'sfilm,whichhasperhapsmorethan anyinrecentmemorybeentakenasatreatiseonracerelationsincontem- porary America; indeed, its pointed explorations of the deep hypocrisy of ""postracial""Americaanditsskeweringofwhiteliberalattitudesconcerning race have received extensive commentary.2 Both sets of concerns—skepti- cismandcontemporaryracialdynamics—areevidentintheplotofthefilm. Chris, a young Black photographer, agrees to visit his white girlfriend's wealthyfamily,theArbitrages,inupstateNewYorkoneweekend.Uponar- rival,heismetwithreactionsfromthefamilythatrangefromcluelessand patronizing""enlightened""remarksconcerningracetomoreovertappealsto raciststereotypes.WhileChrisisinitiallyunfazed,hisdiscomfortmountsas oddeventscontinuetooccur,includingaseriesofbizarreencounterswith thefewotherBlackindividualshemeetsonthefamily'sproperty.Eventu- ally,thesestrangeeventscometoaheadintherevelationthatRoseandthe TheauthorexpresseshersinceregratitudetoAdamRosadiuk,ByronDavies,JenniferFay, JamesMcFarland,EricRitter,andDanielMorganfortheirinvaluablefeedbackonearlydrafts ofthisessayandtoRyanPiersonforencouragingthisprojectfromitsearliestinception. 1. FrantzFanon,BlackSkin,WhiteMasks,trans.CharlesLamMarkmann(NewYork,1967), p.128. 2. See,forexample,JordanPeele's""GetOut"":PoliticalHorror,ed.DawnKeetley(Columbus, 2020);AlisonLandsberg,""HorrorVérité:PoliticsandHistoryinJordan'sPeele'sGetOut (2017),""Continuum32,no.5(2018):629–42;andKimberlyNicheleBrown,""'StayWoke':Post- BlackFilmmakingandtheAfterlifeofSlaveryinJordanPeele'sGetOut,""inSlaveryandthe Post-BlackImagination,ed.BertramD.AsheandIlkaSaal(Seattle,2020),pp.106–23. 208 Kate Rennebohm / The Advent of (Enforced) Skepticism otherArbitrageshavebeenregularlykidnappingBlackmenandwomenin ordertoauctiontheirbodiesoffforrichwhiteacquaintances.Followingthis macabre update of America's historical auctions of enslaved peoples, the whitesubjectivitiesofthesuccessfulbiddersaretheninsertedintotheBlack individuals'bodiesviaatechnologythefamilyhasdeveloped.Intheprocess, thebodies'originalsubjectivitiesareseveredfromanycontroloragencyand dropped into what the family calls ""the sunken place,"" a mental isolation chamber and metaphysical prison where they will watch the remainders oftheirlivesasforgotten,unseenspecta"	
Robinson 2024a.pdf	22	The True Story of Fictionality Benedict S. Robinson					67		0	0	0	0	"The True Story of Fictionality Benedict S. Robinson I aim toexplode a thesis about ""the rise offictionality,"" argued mostfa- mouslyinanessayofthattitlebyCatherineGallagher.1Ialsohaveinmind relatedclaims—byRaymondWilliams,MichelFoucault,LennardDavis,Mary Poovey,andNicholasPaige—thattheeighteenthoreventhenineteenthcen- turyfirstdistinguishedfictionfromnonfiction,orfirstdifferentiatedlitera- ture from other modes of discourse.2 Gallagher's essay has been influential forthewayitdigsbeneathfamiliaraccountsoftheriseofthenovelinsearch oftheprinciplethatmadethenovelpossible:fictionalityaswhatmakesfiction fiction.The effort totheorizefictionalityisnotnew:it hasengagedanalytic philosophy,narratology,andliterarytheoryfordecades.3Thosedebateshave VersionsofthisarticlewerepresentedattheUSC-HuntingtonEarlyModernStudiesInstitute andtheArthurF.KinneyCenterforRenaissanceStudiesattheUniversityofMassachusetts- Amherst;thankstoHeidiBrayman,HeatherJames,andMarjorieRubrightforinvitingme,and totheaudiencesfortheirchallengingandilluminatingresponses.ThanksalsotoLauraKolb, LaurenRobertson,AllisonDeutermann,MatthewHunter,andAndrásKiséryforreadingdrafts. Unlessotherwisenoted,alltranslationsaremyown. 1. CatherineGallagher,""TheRiseofFictionality,""inHistory,Geography,andCulture,vol.1 ofTheNovel,ed.FrancoMoretti,2vols.(Princeton,N.J.,2006),pp.336–63;hereafterabbrevi- ated""RF.""SeealsoGallagher,Nobody'sStory:TheVanishingActsofWomenWritersintheMar- ketplace,1670–1820(Berkeley,1994),pp.xiii–xxiv;andGallagherandStephenGreenblatt,Prac- ticingNewHistoricism(Chicago,2000),pp.163–71. 2. SeeRaymondWilliams,""Literature,""inKeywords:AVocabularyofCultureandSociety (NewYork,1983),pp.183–88;MichelFoucault,TheOrderofThings:AnArchaeologyoftheHu- manSciences,trans.pub.(NewYork,1994),pp.299–300;LennardJ.Davis,FactualFictions: TheOriginsoftheEnglishNovel(NewYork,1983),p.156;MaryPoovey,GenresoftheCredit Economy:MediatingValueinEighteenth-andNineteenth-CenturyBritain(Chicago,2008),p.104; andNicholasD.Paige,BeforeFiction:TheAncienRégimeoftheNovel(Philadelphia,2011). 3. Forliterarytheoryandnarratology,seeKäteHamburger,TheLogicofLiterature,trans. MarilynnJ.Rose(Bloomington,Ind.,1973);AnnBanfield,UnspeakableSentences:Narration andRepresentationintheLanguageofFiction(Boston,1982);DorritCohn,TheDistinctionof Fiction(Baltimore,1999);andFrançoiseLavocat,Faitetfiction:Pourunefrontière(Paris,2016). Foranalyticphilosophy,seeSaulKripke,ReferenceandExistence:TheJohnLockeLectures(New 544 Benedict S. Robinson / The True Story of Fictionality addressed the ontology of fictional entities and the logic of fictional speech acts;theyhaveinvestigatedtherelationshipoffictionstothepossibleworlds of modal semantics;theyhavetheorized fictionality interms of pretense or rhetoric;theyhaveasked,repeatedly,abouttherelationshipbetweenfiction andtruth.4Gallagherengagessomeofthesedebatestowardtheendofheres- say.Butwhatshereallyflagsasnewinherargumentisherclaimthatfiction- alityhasadefinitehistory.Sheplacestheriseoffictionalityexac"	
Robinson 2024b.pdf	6	Critical Response II A Response to Catherine Gallagher Benedict S. Robinson					18	Mind	0	0	0	4	"II A Response to Catherine Gallagher Benedict S. Robinson IwanttospendthesepagespartlyrespondingtoCatherineGallagherand partlyreflectingonmyessay,becauseinhindsightIfindthatsomethingsthat IwouldnowwanttosayIdidnotquitesayornotclearlyenough.ButfirstI want tothank Gallagher for the generosity of her responseand particularly forsayingthatmyessayrepresentsasignificantcontributiontothehistories ofbothfictionalityandthenovel.Thatmeanssomethingcomingfromher, especiallyinthecontextofanessaythatpresentsitselfasafairlyforcefulcri- tiqueofherwork.(PerhapsIdidnotneedtousetheverb""explode""inthefirst sentence, but here we are.)1 I also want partly to concede her final point. I didnotmeantosuggestthatshetreatsfictionalityas""indifferenttoalltruth claims"" (Catherine Gallagher, ""A Response to Benedict S. Robinson, 'The TrueStoryofFictionality,'""p.772).Mypointwasabouttherelativestability ofthecategoryoffictions,particularlyinitsrelationtothatoflies:oneindex of a changing cultural consensus around the practice of fictionality would seem to be the waning of an earlier discourse about the lies of the poets.2 The distinction Gallagher makes in her reply between specific literal truths andgeneraltruthsiscertainlyoperativeinmanypremodernaccountsoffic- tionality.Ultimately,itisAristotle:poetryismorephilosophicalthanhistory becausehistorytellswhatdidhappenwhilepoetrytellswhatcouldormight happen,therebyaccessingaterrainofgreateruniversalityunderconceptslike possibilityandprobability(seePoetics,1451a35–b1). In her reply, Gallagher writes that she did not mean to argue that ""fic- tionalityleaptoutofnowhereintopublicview""between1719and1742but 1. BenedictS.Robinson,""TheTrueStoryofFictionality,""CriticalInquiry50(Spring2024):543. 2. SeeBernardWeinberg,AHistoryofLiteraryCriticismintheItalianRenaissance,2vols. (Chicago,1963),1:391. 778 Benedict S. Robinson / Critical Response rather thatinthatperiodthenovel""openlydisclosed""itsfictionality,""'dis- covering'"" it in the root sense of un-covering it, revealing it (pp. 772, 774, 772).Asaresult,""theconceptoffiction[ality]""was""disseminatedfarbeyond thelearnedcirclesthatmightalreadyhavebeenfamiliarwiththeearlierrhe- toricalliterature,""meaning,presumably,thehumanistgrammar-schoolcur- riculumonwhosematerialsIleanedinmyessay(p.774).Inthisway,fiction- ality gained ""a wider discursive categorical visibility"" (p. 774). Gallagher identifiesthesourceofmymisreadingofheressayinitscompressedstate- ment of an argument from her book Nobody's Story.3 I did in fact assume that the differences between the 2006 essay and the 1994 book indicated a development toward a more sweeping claim: that the premodern period lacked ""(1) a conceptual category of fiction, and (2) believable stories that did not solicit belief.""4 Perhaps I am arguing less with Gallagher herself thanwithwhatshehasbeentakentohavesaid:atleast,myreadingofher essay fits with readings of it by Julie Orlemanski, James Phelan, Françoise Lavocat,GregoryCurrie,MonikaFludernik,andothers.5Theessay'sst"	
Roosth 2022.pdf	24	The Sultan and the Golden Spike; or, What Stratigraphers Can Teach Us about Temporality Sophia Roosth		2022			44	Berlin|Got Made	1	0	1	1	The Sultan and the Golden Spike; or, What Stratigraphers Can Teach Us about Temporality Sophia Roosth Groundings Viewed from above, Earth lookslike a topographic map ofitself.Asour aircraftdescends,thelandscapegraduallyspecifiesintosomethingconcrete, itslocalfeaturesanddetailsthrownintorelief.Fromacartographicvantage oftheStraitofHormuzbelowmywindow,anundifferentiatedbeigeresolves into sand dunes and salt flats as the plane abruptly banks low over Duqm, Oman.TheJanubah,afishingtribe,occupiedDuqmwhen,in1954,IraqPe- troleum Company (IPC) geologists and the Muscat and Oman Field Force (MOFF)landedhereinamphibiousassaultcraftstoprospectforoil.1Duqm rapidlybegantotransformandisstilldoingsowhenIarrivein2018,accom- panyingaphalanxofEarthscientistswhoarethemselvestravelingatthein- vitationofPetroleumDevelopmentOman(PDO)and,byextension,Sultan QaboosbinSa'idAlSa'id. MydeepandabidinggratitudegoestothegenerousEarthscientistswhohaveallowedmetojoin theminthefield.Inparticularthispaperwouldnothavebeenpossiblewithoutthesupportand understandingofKristinBergmann.ManyotherEarthscientistshavebeensimilarlyopenhanded andwelcoming,especiallyZachAdam,MarjorieCantine,WoodyFischer,MayaGomes,John Grotzinger,ChristophHeubeck,AndrewKnoll,UshaLingappa,ShaneO'Reilly,MaggieOsburn, LeighAnneRiedman,AlanRooney,EmmySmith,JustinStrauss,LizzyTrower,andShuhaiXiao. IthankStefanHelmreich,AlmaSteingart,andAhmedRagabfortheirclosereadingsandinsightful feedback.AudiencesattheCullmanCenterforScholarsandWritersattheNewYorkPublicLi- brary,theDepartmentsofAnthopologyatYaleUniversityandGeorgeWashingtonUniversity,and theInstituteforAdvancedStudyaskedhardquestionsthathelpedmetoclarifymyargument.Fi- nally,IthankHankScotchandBeyzaOzerfortheirmasterfulediting. 1. SeeMichaelQuentinMorton,IntheHeartoftheDesert:TheStoryofanExplorationGe- ologistandtheSearchforOilintheMiddleEast(Aylesford,2007),andAbdelRazzaqTakriti, MonsoonRevolution:Republicans,Sultans,andEmpiresinOman,1965–1976(NewYork,2016). 698 Sophia Roosth / What Stratigraphers Can Teach Us about Temporality TherocksbeneathOmanarchivetheEdiacaranperiod,anintervalofninety- fourmillionyearsbookendedbytwocentraleventsinplanetaryhistory.The EdiacaranperiodcommencesattheendoftheMarinoanglaciation,whenthe entiretyoftheplanetwascoveredbyiceuptotwokilometersthick,anditcon- cludeswiththeCambrianexplosion,whendiversemegafaunafirstemerged.2To putitsdurationinperspective,ninety-fourmillionyearsisaspanoftimeaslong asthatwhichdividesusfromthemid-Cretaceous,theageofdinosaurs.Yetde- spiteitsprotractedduration,theEdiacaranperiodremainsundividedinto smallertimeslicesandforgoodreason.Thoughitisrelativelyeasytosub- dividecomparativelyrecentgeologicalerasbythepresenceoflargeplantand animalfossils,Precambrianlifewasmuchsmaller,muchstranger,unlikely tolithifyorpetrify,andisthereforeimmenselyhardertodate.Andso,twenty- two scientists comprising the subcommission on Ediacaran stratigraphy, and I—ananthropologistwritingaboutgeologyandgeologicaltime—descendupon Omantosearch	
Salvato 2025.pdf	22	Cuteness Envy Nick Salvato	2022	2025			32	Obstruction|Television Scales|the Department	0	0	0	0	"Cuteness Envy Nick Salvato To launch into describing and unpacking the phenomenon of cuteness envy, I begin with an account of a scene in the FX dramedy Better Things (2016–2022),whichwillfeatureasmycentralcasestudyinthepagesthatfol- low.AndIbeginneartheendbecause,withvividness,thefinalepisodeofthe series'sfourthseasonfeaturesitsprotagonist,SamFox,sermonizingabouta setofnestedissuesandconcerns—includingthestatusofwomen'scuteness— that have been germanely suffusing to the dozens of prior installments of the series. Throughout the fourth season, viewers watch Sam, a tirelessly working actor—often performing in degraded and degrading projects— andsinglemotherofthree,interviewingsubjectsforadocumentaryproject, her first as a director, whose contours and predicates aren't entirely clear. Theycomeintofocus,asitwere,intheconcludingmomentsoftheepisode ""ListentotheRoosters,""whereweseethatthedocumentaryismotoredby middle-agedandolderwomentalkingpreciselyabouttheirintersectingex- periencesofwomanhoodandage;notably,asexualassaultsurvivordescribes the gutting moment when she realized, ""I was no longer the cute girl at work.""Inaconcludinggesture,Samturnsthecameraonherselfandoffers thiscomplementarycontributiontotheotherwomen'stestimonies: IgotmyperiodwhenIwastwelveyearsold.Iactuallyfeltlikeitwasa coolthing,likemybodyhadthisabilitytodosomethingincredible— likeIwasapartofsomethingbiggerthanjustmyself.Iwasnowcon- sideredawoman.ButwhatIdidn'trealizethenwasthattobeawoman intheworldistobebuiltupandthenletdown.Theycutusorsellus ormarryusoff.You'reprimedandyou'repreppedandabusedand adored,harassedandworshipped—andthenitallstops.Allofit.We evenageoutofthebadthings,likebeingfetishizedordiminishedor 642 Nick Salvato / Cuteness Envy talkeddownto.It'sevenworse.You'reinvisible.Andyou'reliterallyleft hunchedoverandalonewithSanta'sbellyandabeardtoboot,walking aroundshrinking,thinking,""Whatjusthappened?""Youretreat.You're ashamed.You'reunseen.Noonehaspreparedyouforit,andnoone evertellswomen,""Thisisgonnahappen.""Ourprizeinthegoodiebag aftereveryonehashadtheirfillofusisshingles,thinbones,whiskers, andbunions.You'renotviable.Butifyouhavedaughters,youfeelit evenmorebecausetheworldwantsthemnow.Then,menopause.It's thegrossestthingintheworld;nobodywantstohearaboutit,whichis whynobodyeverpreparedyouforit.You'realady.You'resupposedto beprettyandattractive.EventheDalaiLamawaslike,""Eh,it'snot greatifawomanis,uhhh.""[Shepincheshereyesshutandmakesa shrinkinggesturewithherhandstosuggestwizening.]Imean,evenfor theDalaiLama,yougottabecute.""Yes,innerbeautyismostimpor- tant.Butstill,attractive.""Imean,eventhefuckingDalaiLamaletus down.Whydon'tweallsaythistoeachother?Womenhavetosaythis toeachother.Womenareafraidtotalktoeachother.Womenshould bebrotherstoeachother.Wehavetobebrotherstoeachother.1 Atfirst,thesceneisconstructedasifinidentitywithSam'sproduction;the implieddocumentarycameratrainedonSam,seatedonherinterviewset,is infactthesinglecameraofBetterThingsitself.Yetontheintonationof""What justhappen"	
Saussy 2020.pdf	14	Music and Evil: A Basis of Aesthetics in China Haun Saussy		2020			23	Kern	0	0	0	0	"Music and Evil: A Basis of Aesthetics in China Haun Saussy RaymondWilliamsnotedas""damaging""theimpliedexclusionoftheso- cialintheeverydayphrase""'aestheticconsiderations'""(asopposedtocon- cernsofthe""practicalorUTILITARIAN""type).1NooneinChina,itseems, haseverhadtoworryaboutthatproblem.TheEuropeanexperiencemight leadonetothinkthattheemergenceofadetailed,multidisciplinarytheory ofthecreationofartworksandthehumanresponsetothemevidencesthe growthofadistinct,perhapsaspirationallyautonomoussphereoftheaes- thetic, for such has been the historical subtext of Alexander Baumgarten's Aesthetica (1750), Edmund Burke's Philosophical Enquiry into the Origin of OurIdeasoftheSublimeandBeautiful(1757),DenisDiderot'sSalons(1759– 1781),ImmanuelKant'sCritiqueofJudgment(1793),andrelatedworks.The liberationofopinionandtasteintheaestheticEnlightenmentisoneofthe commonplaces of intellectual history, together with the consolidation of theprofessions,theself-identificationofcivilsociety,andthecarvingoutof privatelife.ButhoweverthingsmayhaveworkedoutinEurope(andthisstory aboutthearts,howeverwell-received,isnotforthatreasonnecessarilytrue), earlyChinesethinkersfurnishacounterexample,fortheirintensivescrutiny ofartanditsreceptioninnowayledtowardself-regulation.Theirreasonfor developing theories about the arts was to show the necessity of bringing them under state control, indeed of harnessing their affective and persua- sivepowerstothestateagendaoftransformingpeopleintomodelsubjects. Thosethinkerswouldhavethoughtusextremelystrangeandfoolishforeven Unlessotherwisenoted,alltranslationsaremyown. 1. RaymondWilliams,""Aesthetic,""Keywords:AVocabularyofCultureandSociety(1976; NewYork,1983),p.32. suggestingthattheremightbesuchathingasartisticpracticenotlegitimated bythestate,astudyoftheartsfoundedonimmanentinterpretation,oraright ofauthors,musicians,andpainterstoexperimentwithformsandmeanings unhallowedbymoralityorsocialaims. Ourwayintothesubjectmaybepavedbyreconsideringanearliereffort toputliterarytheoryonaproperlycrossculturalandglobalbasis.EarlMiner attemptedthisinashortbook,ambitiousinreferencesandmodestintone, titled Comparative Poetics. One of Miner's purposes was to show that the standardEuropeanwayofconceiving thewholerealmofart—ofthinking ofpaintings,symphonies,novels,andlyricalpoems—throughthemodelof dramaticmimesismissesthepointofartformostoftheprominentcultures ofthe world.Mimeses or imitations of reality are not always—indeed, are notveryfrequently—thepurposesforwhichsocietiesexpendenergyonart anditsappreciation.Minerfindsthat""asystematic,explicit,originativepo- eticsemergesinaculturewhenagiftedcriticdefinesaconceptionoflitera- turefromthegenrethoughtmostprestigious""—andthatgenrevariesacross cultures,withPlato'sandAristotle'sinvestmentintragicdramabeinganout- lier.2Byfarthemoreusualscenarioisfortheoriesofliteratureandvisualart toderivefromlyricpoetry,thegenrethathighlightsthe""affective-expressive"" elementsincommunication.Miner'scrossculturalsurveyteachesthat""there appearsto"	
Schmitt 2022.pdf	4	Don Quixote and the Public Carl Schmitt		2022			4	Minneapolis|film and|the Department	0	0	0	0	"Don Quixote and the Public Carl Schmitt Translated by Naomi Vaughan and Caroline West Don Quixote has become, touse Schelling's expression, a ""mythological figure."" For all the peoples of the cultures of Western Europe, the idea of the figure of the sad knight is alive. This figure, a peculiar fool, rides atop his nag Rocinante headlong towards windmills, struggles with his fantasies, and has a vague but utterly ridiculous relationship with his Dulcinea. The popular idea of Don Quixote has, in its historical origin and development, nothingtodowiththecountlessinterpretationsofCervantes'snovel;rather, itreferstoanddevelopsfromsometellingscenesandthuscontinuesevolving according toits own laws. Nevertheless, there is one particularly important interpretation of Don Quixote, which is that the myth-making subject, re- ferredtoasthepublic,forshort,regardstheirheroonthebasisofcommon sense,asifdoingsowerethemostobviousthingintheworld,sothattheycan laughloudlyatthepoorHidalgoandmaddreamersalike.Indeed,thisopin- ionseemstobethatofCervanteshimself,who,shakinghishead,lamentshow reasonandfollyalternatewithinhishero.TheartistCervantesremainsonthis groundofcommonsensewithremarkableconfidence;atnosinglepointdoes heflirtwithanironicobjectivity,therebyachievingthesolidstandpointfrom whichhecannarratecalmly,withoutfloatingintotheairandlosinghimselfin solitaryinsidejokesorglitteringwitticisms.Suchastandpointhasnothingto dowithCervantestakingupthesideofcommonsense,asifallthatmattered inthenovelwerepresentinganexample,depictingafooldrivenmadbyread- ingtoomanychivalricromances.Certainly,Cervanteswantedtodothattoo. Perhapsthatwasevenhisprimaryaim(atleastinthefirstpart),ifweconsider ""DonQuixoteandthePublic""wasoriginallypublishedinGermanasCarlSchmitt,""Don QuijoteunddasPublikum,""DieRheinlande22(1912):348–50. 800 Carl Schmitt / Don Quixote and the Public hispsychologicalmotivationforwritingthenovel.Whatmattershere,how- ever,isthework,whichdemandsitsownparticularstandardsandpointsof view.InCervantes'swork,readingtoomanychivalricromancesistheneces- sarypsychologicalexplanation;itisfurthermoreanimportantcircumstance forthehistorical-culturalconsiderationofDonQuixoteasarepresentativeof declining chivalry, which forms the most immeasurably interesting and, in the highestsense, successfulcounterpart toFalstaff; itis finally essentialfor theinterpretationofDonQuixoteastheembodimentofexaggeratedSpanish heroism.Yetforthepublic'sviewofDonQuixoteitisnotessentialthatchi- valricromancesinparticulardrovehimcrazy. Admittedly, itisnotwithoutrisktoinvolveoneselfinthedetailsofthe public'sprevailingimageofDonQuixote.Thisimageisdifficulttodetermine becauseanyoneabletounderstandthenovelcomposesandinterpretsthefig- ureofDonQuixotefromtheelementsthataremostimportanttothemper- sonally, so that everyone distinguishes their Don Quixote from the shared one, which, as a thinking individual, no longer belongs to our public. But the public's Don Quixote is not to be identified by surveying the masses but"	
Schultz 2021.pdf	4	The Climatic Virus in an Age of Paralysis Nikolaj Schultz	2020	2021			2		5	0	1	0	"The Climatic Virus in an Age of Paralysis Nikolaj Schultz 21 March 2020 ThecollectivereactionfollowingCOVID-19seemstobeadouble-edged sword.Ontheonehand,thestateofexceptioncontinuestogeneratefear, panic,andanxietyinalloftheirrespectivedifferences.Ontheotherhand, to more than a few people, the fear strangely enough seems to go hand in hand with a feeling of relief. If I am not wrong on this point, and even if the feeling of relief will pass as the crisis gets worse, then what are the or- igins of this dramatic, emotional division? Myhypothesisisthatonecanonlyexplainthistwo-sidedcollectivepsy- chology if we understand the social reactions to the novel coronavirus as relatedtothehelplessness societies are experiencing inthefaceofanother civilizationaltragedy:climatechange.Asalreadynotedbymanycommen- tators,theenormouspanicandactionreadinessthatthevirushasinstalled in both the public and the state make the political and social reactions to climate change look rather vague. Obviously, the paradox here is that de- spitethegreattragedythatthevirusis,theenormousconsequencesofcli- matic mutations will, in all probability, by far surpass those of the virus. Theactionstakenagainstthevirusarewithoutadoubtnecessary,butwe are still experiencing a huge, paradoxical distance between consequences andaction.Citizensandsocialscientistswouldperhapsexplainthisgapwith ananalysisunderliningtherelationbetweenaffectandabstraction.Here,the argumentwouldbethatclimatechangedoesnotaccumulateaffectandac- tionbecauseitisabstract,whilethedangerofthevirusisconcrete,andthus affectspeopleandprovokesaction.Inotherwords,twodifferentphenomena ofdifferentabstractions,andtwodifferentreactions,whereonlyoneofthem createsthenecessaryaffectandagency.Thisalone,however,cannotexplain S10 Nikolaj Schultz / The Climatic Virus in an Age of Paralysis the panic, the actionreadiness, andthe civilmobilizationthatthe virushas accumulated. If we wish to understand the magnitude of this reaction, it is perhaps more plausibletoimagine that the publicandthestateareindeed affectedbytheenormous,abstractclimaticriskbutthatitsaffects,because of sheer helplessness, now is projected onto the concrete virus risk, which certainlyiseasiertograsp:""Finally—atangibleapocalypse."" Mypointisnotthatthedraconianinterventionsintheinfrastructureof societyareunreasonableorexaggerated.Mypointissimplythatwedonot understandthesuddenpanic,actionreadiness,orcivilsacrificeinahitherto paralyzedsocietyifwedonot—atleastpartly—seethisreactionasresultofa collective,psychicmilieuthatclimatechangehasmadeneurotic.Twodif- ferentphenomenabutperhapsoneandthesamereactionintheend.Atfirst glance,thisanalysisseemsunrealistic; itistoospeculative,toopsychoana- lytic,toohypothetical.However,whatisreallyunrealisticisimaginingthat therearenotmasspsychologicalconsequenceswhenacivilizationforfifty years consciously ignores the proof of the catastrophic consequences of theiractionsandmovesforwardunabatedlyinthesamedirection. How could it not create a co"	
Schwendener 2025.pdf	26	' Into the Abyss: Vilém Flusser s Theories of Art, Nature, and Culture Martha Schwendener		2025			53	artists is	1	0	0	0	"' Into the Abyss: Vilém Flusser s Theories of Art, Nature, and Culture Martha Schwendener ""Nothingthatishumanisalientome""readstheepigraphforVilémFlus- ser'sparabiologicalfableVampyroteuthisInfernalis(1987)—fromTerence's play Heauton Timorumenos (The Self-Tormentor).1 What registered as ""hu- man""and""alien""meantonethingintheancientMediterraneanworldand anotherforFlusser,whowaswritingatamomentofrapiddigitizationand biotechnologicaldevelopment.Boundariesbetweenhuman/nonhuman,sub- ject/object,nature/culture,art/science,andfiction/nonfictionwereeroding. Hisplayful,satiricalfable,writtenfromtheperspectiveoftheso-calledvampire squid,served,therefore,asaseriousinquiryintothenatureofallbinariesand aprescientroadmapforourowntumultuousera,whenclimate,bodies,phi- losophy,andpoliticsareinflux. FlusserisbestknownoutsidetheAnglo-speakingworldasamediathe- oristwhoproposedaradicalapproachtophotography,consideringitalong- sidefilm,video,andothertechnologicallygeneratedtechnicalimages.Bornin 1920,hemigratedtoBrazilin1940aftertheNazioccupationof Prague.Ausch- witz,wherehismotherandsisterweremurdered,servedhimasabenchmark for technocratic societies and the fate of European Enlightenment. Brazil, undergoingacceleratedindustrialdevelopmentafterWorldWarII,informed histhinking,aswellashisinvolvementwiththeSãoPauloBiennialandartists suchasMiraSchendel,ConcretepoetHaroldodeCampos,andinformation Unlessotherwisenoted,alltranslationsaremyown. 1. VilémFlusser,VampyroteuthisInfernalis,trans.RodrigoMaltezNovaes(NewYork,2011), p.[5];hereafterabbreviatedVI.Flusserisparaphrasingthequotation:""Homósum:humaninila mealienúmputo[Iamaman:Iconsidernothingthatishumanalientome]""(P.TerentiAfri, HeautonTimorumenos,ed.JohnC.Rolfe[Boston,1891],p.10). theoristMaxBense.2Intheearlyseventies,FlussermovedbacktoEurope— partly to escape Brazil's military dictatorship (1964–1985)—and wrote about television,video,andcyberneticart.3Intheeighties,hepennedhistechnical imagetrilogy:TowardsaPhilosophyofPhotography(1983),whichoffereda post-hermeneuticwayofthinkingaboutimagesandanemphasisonthecam- eraasaprototypical apparatus; Into theUniverse ofTechnicalImages(1985), which considered our engulfment by technological and other apparatuses andtheriseofautomation;andDoesWritingHaveaFuture?(1987),which arguedthatwriting,linearthinking,andthereforehistoryarebeingeclipsed byscreensand""superficial""(surface-based)thinking,resultinginpost-history.4 ManyofthetechnologicalphenomenaFlusserwroteabouthavecometofru- ition,conferringonhimthereputationofprophetorprognosticator.AsLev Manovichhaswritten,""Wemaydebatewhetheroursocietyisasocietyofthe spectacleorsimulation,but,undoubtedly,itisasocietyofthescreen.""5 Flusserwasalsofascinated,meanwhile,withdevelopmentsinbiologyand thenaturalenvironment.InPrague,heabsorbedEuropeanidealistviewsof nature:thesublimeAlpsandthewritingsof JohannWolfgangvonGoethe. Later, he encountered Brazil's colonial-conquest approach to the Amazon basinandtheruggedsertão.(Flusserwasalsofriendlywiththenoveli"	
Schwenger 2022.pdf	15	Fabienne Verdier and the Force between Words Peter Schwenger		2022			17	Allegorie|Montreal|order to	2	0	0	0	"Fabienne Verdier and the Force between Words Peter Schwenger Youarereadingalong,andsuddenlyyoustumbleuponawordyouhave neverencounteredbefore.Thecontextgivesnoclearindicationofwhatthis wordmightmean.So,youturntothedictionaryforadefinition,andthat givesyouthemeaningoftheword.Okay—youpickupwhereyouleftoff, andonyougo. This commonplace solution to a commonplace problem, however, has only worked because it ignored a host of other problems. When you look upthemeaningofaword,whatyougetisdifferentwords,substitutionsthat canneverbeexactlyequivalenttothewordyouaretryingtopindown.At times,thesenewwordscanberedundantorobscure—indeed,oneofthose words may be so obscure that you will need to look it up. In the extreme case, that second word will be defined by the first word, a circularity that iseitherfrustratingoramusing,dependingonone'stemperament.Perhaps, though, there is an element of circularity in all attempts to use words to explainwords.Somethingbetweenwordsissupposedtoallowthemtode- fine one another; but what is that something? The usual answer would be thatthewordsshareameaning;butphilosophersconcernedwiththemean- ing of meaning will not be satisfied by the dictionary's declaration that meaningis""signification,sense,import.""1Ifweneverthelessagreetocallthat elusivesomethingbetweenwordsameaning,andsaythatthewordsshareit, atwhatpointdotheyceasetoshareitbecauseofdifferencesthatestablish eachwordasaseparateonewithameaningofitsown?Iftheyoverlap,in IwouldliketothankStevenBruhm,TimCassedy,TonyPurdy,andHaunSaussyfortheir helpinthewritingofthisessay.Unlessotherwisenoted,alltranslationsaremyown. 1. OxfordEnglishDictionary,s.v.""meaning."" whatproportions?Itseemsalmostimpossibletogetaclearsenseofwhatlies betweenwords,giventhevaguenessoftheterrain.2Yetdictionariesarenot supposed to be vague but precise—as indicated by the main definition of definition given in the Oxford English Dictionary: ""A precise statement of theessentialnatureofathing;astatementorformofwordsbywhichany- thingisdefined.""3Thefirstpartofthisevokesoneofphilosophy'smostin- solubleproblems;thesecondpartisoneofthosedisconcertingcircularities. Thedefinition,asawhole,sidestepstheproblematicquestionofwhatitis betweenwordsthatcanmakeoneofthemspeakforanother.Thisissomething wecannotlookupinthedictionary—somethingthatisoverlookedinmost dictionaries, which are preoccupied with containing words within their boundariesratherthanwiththeelusiverealmbetweenwords. ThereisoneFrenchdictionary,however,thatcombinesbothconcerns. ItisthefiftiethanniversaryeditionofLePetitRobert,acompactversionof the dictionary in twelve volumes compiled by PaulRobert and known asLe Grand Robert. The editor of this anniversary edition was the much-loved linguistAlainRey,whodiedinOctober2020attheageofninety-two.Rey hadbeeninvolvedwithLeGrandRobertfromitsinception,aswellaswith thefirst Petit Robertin 1967. He continued toput out new editionsof that dictionary while writing many other books about language's vitality and generativity. It is "	
Schwenger 2024.pdf	17	The Draw of the Mark Peter Schwenger		2024			25	making	1	0	0	0	"The Draw of the Mark Peter Schwenger The mark is the present moment of writing. What comes before is a movement from the vague territory we are usually satisfied to call thought towardsaunitoflanguage,smallorlarge.Whatcomesafterisreading,an activitythatoccursinthewriter'smindimmediatelyupontheappearance ofthesignscreatedandinothermindsatothertimes.Betweentheseperiph- eriesofwriting,themarkistheincisivemoment.Itfollowsthatifwegive somethoughttothenatureofthemark,wewillalsolearnsomethingabout thenatureofwriting.1 Initsearliestversions,writingwasquiteliterallyincisive.Thewordwriting itselfcomesfromOldSlavonicwritan,meaningboth""write""and""cut,""with itsrootintheProto-Indo-Europeanwrey(totear).Otherwordsforwriting maintaintheincisiveaspect:therootofLatinscriberemeans""toscratch,""as doesthatoftheGreekgraphein.Suchetymologiesreflecttheearliestwriting weknow,whichusedawedge-shapedstylustoimpresscuneiformcharacters into tablets of Mesopotamian clay. However, as Vilém Flusser observes, ""writing is no longer done this way. Now, writing usually involves putting pigment on a surface. We write on-scriptions rather than in-scriptions.""2 Itisnecessary,then,todistinguishthemarkfromtheinscription. Thisdistinctionisblurred,beginningwiththetitle,inAndreaBachner's The Mark of Theory: Inscriptive Figures, Poststructuralist Prehistories.3 The 1. Iexemptfrommyconsiderationhereaccidentalmarks:scarsorstreaksorspotsleftby actionsintheworldthatarefocusedonintentionsotherthanthemarkstheyleaveasby- products.AsIamdelimitingit,amarkissomethingthatmustbeintendedassuch. 2. VilémFlusser,DoesWritingHaveaFuture?,trans.NancyAnnRoth(Minneapolis,2011),p.11. 3. SeeAndreaBachner,TheMarkofTheory:InscriptiveFigures,PoststructuralistPrehistories (NewYork,2018).Bachner'sbookdoestwothingssimultaneously:itisarichstudyofinscrip- tivemodes;anditdevelopsacompellingargumentthatthenotionofinscription,inoneway oranother,underliesmuchofpoststructuralisttheory. 336 Peter Schwenger / The Draw of the Mark mark comes first in the title, with inscription appearing adjectivally in the subtitle. But Bachner is clear from the beginning that her concern is the natureofinscription,withthemarkasincidentaltoit:""Inthisbook,Iun- derstandinscriptionasascenethattakesplacewhereandwhenamaterial surface is breached and forced to bear marks."" By ""breached"" she means ""cutting into a surface""; and the notion of inscription as a cut is reflected in the case studies she then lists, which are to be developed in depth later inthebook:amongothers, tattoos,circumcision,andthegroovesofpho- nograph records. In her list of inscriptions Bachner also includes ""the stroke of apen,""without lingering on the ways in whichthis on-scription might differ from the cutting into a surface that is in-scription.4 By con- sidering two nearly identical examples we can sense a difference beyond the obvious one: a difference in their relation to space. LucioFontana'sTagliseriesconsistsofcanvaseswhichwerefirstevenly paintedandthenslashed,withthecurvede"	
Scotch 2021.pdf	3	Posts from the Pandemic: An Introduction Hank Scotch	2020	2021			7		0	0	0	0	"Posts from the Pandemic: An Introduction Hank Scotch August 2020 Thefollowingcollectionofshortessays,poems,andimageswasorigin- ally posted on the Critical Inquiry blog between March and June 2020. To preserve the posts, we are publishing them as a supplement to the Winter 2021 issue. They are ordered, as they were posted, chronologically. This, wehope,retainseachpiece'sfidelitytothemomentandshowshowreactions tothepandemicchangedoveraverylongthreemonths.Becausemanyofthe postsreliedoninformationthatwasconstantlyinflux,whatmayhavebeen a""fact""inapostonedaywasoftennotthenext.AsLorraineDastonargues, wewere—andinmanycasesstillare—operatinginthedark,withinthelimits of ""ground-zeroempiricism.""1Insteadofupdatingthepoststomoreaccu- rately reflect our current knowledge about COVID-19, we are publishing themhere,withafewsmallchanges,astheyfirstappearedonIntheMoment. Westartedsoliciting fortheblogsoonafterourofficeclosedinMarch. Knowingthatmanyofourreaderswereathomesocialdistancing,wewanted to provide free online content between the publication of our Spring and IwanttothanktheeditorsofCriticalInquiryformakingmetheeditorofthissupplement, especiallyTomMitchell,FrancesFerguson,BillBrown,andPatrickJagoda.Ialsowantto thankthecontributorsherewhorespondedtomyrequestsforpandemiccontent.I'meternally gratefultotheirwillingnessandgenerositytoproducesuchthoughtfulandoftenpersonalre- sponses.Toseetheoriginalposts,pleasevisitcritinq.wordpress.com/2020/04/28/posts-from -the-pandemic/ 1. SeeLorraineDaston,""Ground-ZeroEmpiricism,""in""PostsfromthePandemic,""an onlinesupplementtoCriticalInquiry47(Winter2021):S55–57. S2 Hank Scotch / An Introduction Summerissues.Thefirstgroupofauthorsweaskedtocontributewereal- ready in a relatively close orbit to the journal: we were preparing an essay by Slavoj Žižek for publication in a forthcoming issue; Wendy Chun was settostartteachingattheUniversityofChicagoastheCriticalInquiryVis- iting Professor; a piece by Bruno Latour on Carl Schmitt's conception of spacehadjustbeenaccepted;andCatherineMalabouhadrecentlydelivered alectureforusonMichelFoucault'slatework. Oursolicitationswereinitiallyopen-ended.What,ifanything,weasked ourfirstgroupofcontributors,didthey,ortheirwork,havetosayaboutthe pandemic?Astheseriesprogressed,andourrangeofinvitationsexpanded, ourrequestswereoftenmorespecific.WhatdidDanieleLorenzini,coeditor ofapastspecial issue,thinkabouttheuseofFoucault intheearliest posts ontheblog?WhatdidCarolynAdams,whowrotesocompassionatelyabout care in another issue, think about the dynamics of care for patients with COVID-19? What might a shaman do, we asked longtime contributor Mi- chaelTaussig,tohelpusdealwithourcurrentoutbreak?Butnotallofthe pieceshereweresolicited.Somearrivedunexpectedlyinourinboxes—often, butnotalways,frompreviousCIcontributors. The speed withwhich weinvited contributors and posted their work is justoneexampleofhowweadapted,likemanyofourreadersandcontrib- utors, to the changing work demands presented by the pandemic. While "	
Seguín 2022.pdf	25	' Carl Schmitt s Don Quixote Bécquer Seguín		2022			52		1	0	1	0	"' Carl Schmitt s Don Quixote Bécquer Seguín Howmightrecognizingtheliteraryinfluencesbehindpoliticalconcepts shiftourunderstandingoftheirmeaning?ThisarticleexploreshowMiguel deCervantes'sDonQuixoteshapedseveralpoliticalconceptsinthethought oftheGermanjuristandNaziCarlSchmitt.ItdoessobytrackingSchmitt's reflections on the Quixote throughout his oeuvre, from his early literary writingstohispostwarbookonHamlet.Farfromacuriosity,Schmitt'sscat- teredreflectionsontheQuixote,Ihopetoshow,provideatexturedaccount ofhisengagementwithliterature.ThesereflectionsshowcasehowSchmitt thought literature might contribute to our understanding of fundamental questionsinpoliticalphilosophyandjurisprudence.Moreover,theyillustrate connectionsbetweenconceptsheoftentreatedseparately.HereIwillfocuson two,mythandthepublic,thathaveaparticularsalienceforliteraryscholars. Literaryscholarshaveusedmyth,forinstance,forsuchdisparatetasksasun- earthingtheanti-individualisticfoundationsofthenovelordevelopingathe- oryofbiblicallanguageinordertorethinktheanalysisofcontemporaryaes- thetics.Theconceptofthepublic,meanwhile,hasbeenimportantlyshaped byliteraryhistory,groundingtheemergenceofthebourgeoispublicsphere intheeighteenth-centuryliterarypublicsphereortheexistenceoffeminist Firstandforemost,IwishtothankCarolineWest,mybrilliantresearchassistantwhose workonthisarticleimproveditsignificantly.ThanksalsotoaudiencesattheHumboldt- UniversitätzuBerlin,WesternPoliticalScienceAssociation,andAmericanComparativeLit- eratureAssociation,especiallyNolanBennett,KevinDuong,JörgDünne,WilliamEgginton, ArminFlender,EduardoGonzález,PhilipLorenz,WilliamPennington,VijayPhulwani,Juliane Prade-Weiss,MonikaRaič,HarrySieber,ChristophSöding,TimothyVasko,and,lastbutcer- tainlynotleast,FacundoVega.AndIwouldliketothankNaomiVaughanforherworktrans- latingCarlSchmitt'sessayforinclusioninthisissue.Unlessotherwiseindicated,alltransla- tionsaremyown. andqueercounterpublicsintheanalysisofliteraryworks.1Imbricatingfact andfiction,ideasandactions,thepublicandtheprivate,theQuixote,then, mightseemliketheidealtextfromwhichtotheorizehowmythandthepub- licshapeoneanother. This was precisely the kind of theory Schmitt was after. He was most interested in understanding how literature might make an impact on the materialworld.Forthis,hereliedonarangeofhermeneuticviews,fromre- ceptiontheorytocontextualismandmuchinbetween.Thepresentarticle focuses onperhapsthecentral hermeneutic viewthatunderpins Schmitt's literaryanalysis:hiswidelyoverlooked andoftenmisunderstood theoryof ""irruption.""ItspithiestformulationappearsasthesubtitleofhisbookHamlet orHecuba(1956):""theirruptionoftimeintotheplay.""2Irruption,Iwillargue, iscriticalforhelpingillustratehowSchmittthoughtmythandthepublicin- teractedinworldsbothfictionalandmaterial.3Itwasalsohiswayofunder- miningthenineteenth-centuryideaofaestheticautonomyandothererrone- oustheorieshebelievedhadresultedfromRomanticism.Interpretationsofthe Quixote,alongwithmuchelseinGermanculture,asSchmittwastoexplor"	
Shatz 2019.pdf	25	Rabbi Joseph B. Soloveitchik and Western Culture: An Enigmatic Dialogue David Shatz		2019			40	Soloveitchik	0	0	3	0	"Rabbi Joseph B. Soloveitchik and Western Culture: An Enigmatic Dialogue David Shatz In recent years, Arnold Davidson has developed a passion for the thought of Rabbi Joseph B. Soloveitchik (1903–1993). Rabbi Soloveitchik had the dual distinction of having been both one of the most renowned TalmudistsofthetwentiethcenturyandoneofthemostsignificantJewish philosophersofthatperiod—thoughthislatterrecognitionemergedpost- humously.Inhislifetime,RabbiSoloveitchik'sprimaryreputationamong thepublicwasthatofapreeminentteacherofTalmudbasedintheRabbi IsaacElchananTheologicalSeminaryatYeshivaUniversityinNewYork. ButhewasalsoacommunityrabbiinBoston,wherehefoundedaJewish day school, and he commuted between the two cities for four decades. Rabbi Soloveitchik wrote many philosophical essays in the course of his life; a large number were published after he turned sixty, and hundreds more manuscripts were discovered after his death. Many of these texts wereusedinhispubliclectures,andmanyhavenowbeenpublished.In- terest in his thought among academic scholars has spiked enormously sincehispassing. OurhonoreeArnoldDavidsonedifiesandinspiresallwhoknowhim,impactingthem bothintellectuallyandexistentially.Itisbothanhonorandapleasuretoparticipateinthis tributetoanextraordinaryscholarandfriend. IthankYoelFinkelman,DanielRynhold,andAlexSztudenfortheircommentsonanear- lierdraftofthisessay.ThesectiononRabbiSoloveitchik'sviewsoninterfaithdialoguedraws upontheJosephCardinalBernardinJerusalemLecturethatIdeliveredatDePaulUniversity inFebruary2017attheinvitationoftheArchdioceseofChicago,andIamgratefultomyin- terlocutorsonthatoccasion.ThesectiononSoloveitchik'suseofsecularmaterialsdrawson andexpandsmyremarksin""ScienceandReligiousConsciousnessintheThoughtofRabbi JosephB.Soloveitchik,""inJewishThoughtinDialogue:EssaysonThinkers,Theologies,and MoralTheories(Boston,2009),pp.163–65. While Jewish history has known great masters of Halakhah (Jewish law)andgreatmastersofphilosophy,itisnostretchtoaffirmthathalakhic prowess and philosophical achievement on Soloveitchik's level had not beencombinedsinceMosesMaimonidesinthetwelfthcentury.1Itistrue that, because many great rabbinic figures in both medieval and modern timesopposedthestudyofgeneralculture(widelydescribed,whencom- plimented,as""gentilewisdom""and""outside""branchesofwisdom),onlya smallnumberofhalakhicgiantsevenbotheredtomakethedualeffortthat Soloveitchikmade.Indeed,hebrokewithhisownrabbinicfamily'stradi- tionbyventuringintonon-Jewishandnon-Orthodoxthought.Butwhile thepoolofcompetitorsisthusfairlysmall,hisachievementisundeniable. Alongwiththisintellectualeminence,Soloveitchikwasrecognizedasthe guiding light and decisive halakhic authority for the community known asModernOrthodoxy,whichseekstointegrateJudaismwithgeneralcul- ture and bids Jews to participate in the civic life of their respective non- Jewish societies. In that circle Soloveitchik was known simply as ""the Rav,""evincingthereverencewithwhichhewasheld.2 Some years ago Davidson s"	
Shechtman 2021.pdf	31	' Command of Media s Metaphors Anna Shechtman		2021			41	English in|Profession|Woody Allen|the Department|thesametextinwhichheappropriatedFreud's|thispanel	1	0	1	0	"' Command of Media s Metaphors Anna Shechtman Publicizing Media On a June weekend in 1959, an elite group of sociologists, philosophers, writers,editors,andtelevisionproducersgatheredinthePoconostodiscuss media. Within a few decades, they could all reasonably affiliate with what wouldcometobecalledmediastudies.Atthetime,though,theyweresimply the invited guests of the Tamiment Institute's seminar on ""Mass Media in ModernSociety,""atwo-dayeventchairedbyPaulLazarsfeld,sociologistand founder of Columbia University's Bureau of Applied Social Research.1 Held at Camp Tamiment, a Pennsylvania outpost of the Borscht Belt, the week- end seminar was remarkably ambitious, both in the scope of its panels— whichpromised""ageneraltheory""ofmasscultureanda""concreteaccount"" of mass media's problems—and in the collective celebrity of its panelists.2 Lazarsfeld grouped the thirty-five attendees into the following categories: ""thephilosopherwhopursuesideals""(HannahArendt,ErnestNagel,Sidney Hook); ""theoperatorwhohastomake asuccess ofthe mass media"" (CBS presidentFrank Stanton andPartisan Review editor William Phillips);""the 1. CloselyaffiliatedwiththeAmericanSocialistSociety,theTamimentInstituteandLibrary (thenknownastheRandSchoolofSocialScience)wasformedin1906toprovideabroad educationtoNewYorkCityworkers.Theorganization'ssummerschoolandcampinthe Poconosopenedin1921,helpingtobrandthePennsylvaniaregionastheprogressiveextension oftheCatskills,wheremostlyJewishfamiliesfromtheworkingandupwardlymobilemiddle classenjoyedcoursesinthedaytimeandtheateratnight.By1959—afteracrippling,politically motivatedIRSinvestigationintoitstax-exemptstatus—CampTamimentwasonitswayinto privatehands.Itseducationalprogramswerecutdramatically,withtheexceptionofanannual symposium.FormoreonthehistoryofTamiment,seeLaborHistoryArchivesintheUnited States:AGuideforResearchingandTeaching,ed.DanielJ.LeabandPhillipP.Mason(Detroit, 1992),pp.50–61. 2. PaulF.Lazarsfeldetal.,""Minutes,""TamimentInstituteArchives,NewYorkUniversity, TAM.007.004,box3,p.1l;hereafterabbreviated""M."" academicianwhotriestobeguidedbyempiricalresearch""(DanielBell,Na- than Glazer,ArthurSchlesinger, Jr.); and,finally,the artist(novelist James Baldwin and poet Randall Jarrell).3 But these categories eroded once the seminar began—not least because many of the participants could be said torepresenttwo,three,orallfouroftheseprofessionalcastesoverthecourse oftheircareers.Take,forexample,GilbertSeldes:apioneeringpop-culture televisionatCBSandthefoundingdeanoftheUniversityofPennsylvania's AnnenbergSchoolofCommunication.HisroleatTamimentwas,moreprop- erly,culturalgadfly:philosopher-critic,operator,artist,andacademician. Inhiskeynoteaddresstotheseminar'sattendees,sociologistLeoRosten replacedLazarsfeld'sunscientifictaxonomywithtribalism.Rostensplitthe groupintoself-consciouslyrivalgangs:the""intellectuals""(thosewho""donot understandtheinherentnatureofthemassmedia""andthusbemoanitscul- tural prominence) and the ""operators"" (those who make it run).4 This,"	
Slater 2025.pdf	7	Critical Response IV This Photo Does Not Exist: Generativity and the AI Gaze Avery Slater	2024	2025			7	EduardoNavas	0	0	1	0	"IV This Photo Does Not Exist: Generativity and the AI Gaze Avery Slater Nodoubt, inthedepths ofmyeye,thepicture ispainted. —JacquesLacan1 For the past five decades of machine learning research in computer vi- sion,thegenerationofsyntheticimages(or,AIphotography)hasachieved extraordinarysuccessasaresearchareawithinthelargerfieldofcomputer vision.Drawingonmachinelearningtechniquesofpatternrecognitionand theclassificationofvisualobjects,theastonishinggainsofgenerativeAIin producing synthetic, photorealistic images demonstrate that techniques of identificationarejustaseasilyturnedtowardfabrication.Whilethespecter ofdeepfakesnowthreatentheintegrityofdemocraticelections,theseprod- ucts of AI/ML are only the newest version of a problem coextensive with modern photography, whose speed of mechanical reproduction and dis- semination has abetted ""pseudo-events"" and sociopolitical influence cam- paigns across the last two centuries.2 As synthetic image generation now reachesunprecedentedlevelsofphotorealism(aswellasnonphotorealistic styles)andtheindustryhasrecentlyconqueredrealisticvideogenerationat scale(OpenAI'sSora,2024),itisworthasking,asAmandaWasielewskiand othershavedone:howwillthismomentinflectthepast,andfuture,ofpho- tography(seeAmandaWasielewski,""UnnaturalImages:OnAI-Generated Photographs,""CriticalInquiry51[Autumn2024]:1–29)? 1. JacquesLacan,TheFourFundamentalConceptsofPsychoanalysis,trans.AlanSheridan, vol.11ofTheSeminarofJacquesLacan(NewYork,1998),p.96;hereafterabbreviatedFF. 2. SeeDanielJ.Boorstin,TheImage,orWhatHappenedtotheAmericanDream(NewYork,1961). Inheranalysisofhowadvancesinimagegenerationalterthelandscapeof the photographic arts, Wasielewski begins from one instance of this tech- nology'semergenceintopopularconsciousness,theopeningofthewebsite thispersondoesnotexist.com.Designedtoshowcaserecentinnovationsbya research group associated with Nvidia, the site quickly received extensive news coverage shortly after launch.3 The architecture behind the site was builtonpreviousresearchinstyle-transfertechniques,texturesynthesis,su- perresolution,andimageinpainting,designinganovelinstanceofaGAN (generativeadversarialnetwork)theynamedStyleGAN. The""photos""ofhumanfacesgeneratedbyStyleGANrepresentedamarked improvementinphotorealism.Paradoxically,thisrealismitselfseemstobe the source of a surreality. The website demonstrating StyleGAN's powers gave an eerie feeling, as generated human faces appeared and reappeared endlesslyattheclickoftherefreshbutton.Isitthegeneratingoftheimages thatdisturbsus?Orisittheirutter,irretrievabledisappearance(screenshots aside)attheclickofabutton?Howcanwenotidentifywiththistechnology, inourmortalprecarity?Asanodtotheunsettlingqualityoftheseultrareal- isticyetnonexistentpeople,generatedimagesonthewebsiteoriginallyap- pearedwithawatermarkthat exhortedvisitors""Don'tpanic.Learnhowit works,""hyperlinkingtotheNvidiapaper. Ourinitialpanicorsenseofuncanninessemanatesnotsomuchfromthe facesthemselvesasfromthewebsite'sconfidenttitledec"	
Slaughter 2024.pdf	18	A Peripheral Vision: Framing the Cultural Bias in the Center of Photography Kwabena Slaughter		2024			25	public and|the Department|the Journal|the US	0	0	0	0	"A Peripheral Vision: Framing the Cultural Bias in the Center of Photography Kwabena Slaughter AndtheLORD askedhim, ""Whatisthat inyourhand?"" —Exodus 4:2 Anoften-unaddressedissueinthemechanicalfunctionalityofphotogra- phyisthattheimagealensprojectsintothebodyofthecameraisofacircular shape.Thismeansthataportionofthecontentthatarrivesinsidethecamera isintheperipheralspaceoutsidethebordersofthefilmwheretheimageis captured. Therectangularshapeoffilmhasbecomethestandardizedshapeofpho- tographsbecauseofthestandardizedshapeoftheareainsidethecamerathat holdsthefilm.Forcenturies,therectanglehasbeentheframeofpaintings, drawings,prints,friezes,andotherformsofvisualrepresentation.Therect- angleisneitheranancestornordescendantofthelens.Thislackofkinship canbeseeninthecontextoftheoriginsofthecameraobscura.Theimage in figure 1 is one of the very few illustrations that show the painter's rect- angular canvas at its moment of intersection with the circle that is being projected into the dark chamber (fig. 1). In depictions of the work of ibn al-Haytham—considered the inventor/discoverer of the camera obscura— thereisonlytheimposedhistoricalrevisionoftherectangle(fig.2).Ifthere istruthintheopticsrepresentedintheimageinfigure1,thenthecirclewould alsobepresentinthedarkchamberinwhichal-Haythammadehisdiscovery. Myaiminthisanalysisoftheunspokenaspectsofthemechanicalfunc- tionality of the camera is to identify how the medium of photography converges with forms of representation that are often considered foreign toit.Thisinvestigationwillincludeanarrationofmyownexperimentsas 318 Kwabena Slaughter / A Peripheral Vision FIGURE 1. Illustrationofcameraobscura. anartistworkinginthemediumofphotography.Mytheoreticalapproach tothisinvestigationwillbediscussedinrelationtotheworkofJoelSnyder. Theimageinfigure 3isaself-portraitthatSnyder(photographer,photo historian, and professor) included in his essay ""Photography, Vision, and Representation""(fig.3).Snyder made this imagein order toputondisplay thefullscopeofcontentthatalensprojectsintoacamera:""Whereasaround lens'naturally'createsacircularimagewhichshadesoffintoobscurityaround itscircumference,theportablecameraobscuraoftheearlynineteenthcentury wasfittedwithasquareorrectangulargroundglasswhichshowedonlythe centralpartoftheimagemadebythelens.""1Theshadingoffintoobscurity that Snyder speaks of is evidence of the influence that the optical lens has hadonphotography'sadoptionoftherectangularframe.Noticeinhispor- trait that the areas with the least sharp focus, such as his fist at the bottom oftheimage,areclosertotheedgesofthecircle.Theareainsharpestfocus isinthecenterareaofthephotograph. 1. JoelSnyderandNeilWalshAllen,""Photography,Vision,andRepresentation,""Critical Inquiry2(Autumn1975):149. Kwabena Slaughter is a PhD candidate in the Department of American Studies at George Washington University. His work has appeared in the Journal of Popular Music Studies and the edited volume Picturing Black History (forth- coming). His photography a"	
Smith 2019.pdf	26	Disciplines of Attention in a Secular Age Caleb Smith		2019			48	American Imagination|Curse|Profession	1	1	0	0	"Disciplines of Attention in a Secular Age Caleb Smith ""Ourinventionsarewonttobeprettytoys,whichdistractourattention fromseriousthings,""HenryDavidThoreauwritesinWalden(1854).1Inthe centuryandahalfsinceThoreauwithdrewtotheMassachusettswoods,his thinkingaboutmodernityandmentallifehasbecomeourcommonsense. Newmachinesofworkandplay,sothestorygoes,aredestroyingourcapac- itytopayattention.Wearealwaysintouchbutneverreallyintimate,always movingbutneverinanaturalrhythm.""Whyshouldwelivewithsuchhurry andwasteoflife?""(W,p.90).Inhismakeshifthermitage,Thoreaudeviseda therapy for himself, a secular asceticism tocultivate a higher wakefulness. Whenhewalkedinthecountryside,hepracticedwhathecalled""thedisci- plineoflookingalwaysatwhatistobeseen""(W,p.108).Whenhereadthe classics,hedevotedhimselfto""atrainingsuchastheathletesunderwent,the steadyintentionalmostofthewholelifetothisobject""(W,p.99).Likehim, the distracted today turntodisciplines of attention, adaptingthe religious practicesofolderordistantsocietiestonewsituationsthatseemtohavelittle todowithritualorfaith.Mindfulnesstraining,transcendentalmeditation, regimenstosharpenourfocusandextendourconcentration—thesearethe spiritualexercisesofoursecularage. In the far-reaching program for the diagnosis and treatment of distrac- tion,thecriticalhumanitiesplaytheirspecialpart.Afterthetriumphofnewer media, under the empire of spectacle, the mode of attention associated withthestudyofpaintingsandbooksissaidtoenteracrisis.2""Thisdestruc- tionofattentionisdisindividuation,""BernardStieglerwrites,thinkingofthe 1. HenryD.Thoreau,Walden:AFullyAnnotatedEdition,ed.JeffreyS.Cramer(NewHa- ven,2004),p.50;hereafterabbreviatedW. 2. SeeN.KatherineHayles,""HyperandDeepAttention:TheGenerationalDivideinCog- nitiveModes,""Profession(2007):187–99. damagedonebytelevision,""andthisinturnispreciselyadeformation:ade- structionoftheindividualthateducationhasconstructed.""3Howwilleduca- tionrespondtothealarm?Assessingourprospectsinthenewattentionecon- omy,somecriticshavebeguntopromotethestudyoftheartsasakindof therapyfordistraction.Lookingcloselyatapainting,accordingtoJennifer Roberts, creates ""opportunities for students to engage in deceleration, pa- tience, and immersive attention,"" and ""these are the kind of practices that now most need to be actively engineered by faculty, because they simply are no longer available 'in nature,' as it were.""4 In literary studies, too, the questionofattentionisbecomingcentraltohowweunderstandourdisci- pline: ""Contemporary readers sometimes find the close attention required byeighteenth-centurypoemstobealienanddifficult,""MargaretKoehlerob- serves,but""readerscanalsoreapsubstantialbenefits""fromlearning""toex- erciseneglectedattentionskills.""5Moreandmore,whenwetalkaboutour work,wesetasidesuchtermsofartasresearch,interpretation,andanalysis infavorofanother,reading;wespeakasifcriticismweretheproductofasin- gle,sustainedencounterbetweenatextualobjectandanattendingsubject. Tocallourworkreadingistocastitasadisciplineofattentio"	
Sollors 2020.pdf	20	""" "" Better to Die by Them than for Them : "" "" Carl Schmitt Reads Benito Cereno Werner Sollors"		2020			35		0	0	0	0	""" "" Better to Die by Them than for Them : "" "" Carl Schmitt Reads Benito Cereno Werner Sollors ""But ifthatstorywasnottrue, whatwasthetruth?"" —HermanMelville, ""BenitoCereno"" ThelegalandpoliticaltheoristCarlSchmittisnowprobablybestknown forsuchaphorismsastheoneheplacedattheopeningofPoliticalTheology: ""Sovereignishewhodecidesaboutthestateofexception.""1AfterSchmitt joinedtheNationalSocialistPartyin1933,hecontributedquiteactivelyto the radicalization of Nazi positions: in ""Der Führer schützt das Recht"" (TheFührerProtectstheLaw),hejustifiedtheAdolfHitler-orderedmurder of SA members in the so-called Röhm-Putsch; in ""Die deutsche Rechts- wissenschaftimKampfgegendenjüdischenGeist,""headvocatedexclud- ingJewsfromscholarlycitations;andin""DieVerfassungderFreiheit,""he praisedthelegalbanoninterracial(""Aryan""-Jewish)marriagesenactedby the Nuremberg Laws.2 But in 1936, he found himself attacked in the SS newspaper Das Schwarze Korps.3 He was then put under surveillance of theSD(Sicherheitsdienst,theintelligenceagencyoftheSS)andwasforced ThisessayisforChristaBuschendorf.Itsoriginalversionwaspresentedatthesymposiumon ""TheImplicitSociologyofLiterature""attheJohannWolfgangvonGoethe-UniversitätFrankfurt. IamgratefultoJohannesVölzfortheinvitationandtomembersoftheaudienceforquestions andcommentsaswellastoFrançoiseMeltzer,HankScotch,andtheeditorialboardofCritical Inquiryforfurthersuggestions.Asalways,mydeepestthanksgotoAlideCagidemetrio.Unless otherwisenotedalltranslationsaremyown. 1. CarlSchmitt,PoliticalTheology:FourChaptersontheConceptofTheology,trans.George Schwab(Chicago,2005),p.5;trans.mod. 2. SeeSchmitt,""DerFührerschütztdasRecht,""DeutscheJuristen-Zeitung,1Aug.1934, pp.946–950and""DiedeutscheRechtswissenschaftimKampfgegendenjüdischenGeist,""Deut- scheJuristen-Zeitung,15Oct.1936,pp.1193–96. 3. See""EinepeinlicheEhrenrettung,""DasSchwarzeKorps,3Dec.1936,p.14,and""Eswird immernochpeinlicher,""DasSchwarzeKorps,10Dec.1936,p.2. 402 Werner Sollors / Carl Schmitt Reads ""Benito Cereno"" toleavesomeofhisappointments.Still,protectedbyHermannGöringand HansFrank,hewasabletokeephisprestigiouslawprofessorshipinBerlin andpublishmoreessaysandbooksvyingforattentionfromtheNazilead- ership,mostnotablyVölkerrechtlicheGroßraumordnungmitInterventionsver- botfürraumfremdeMächte(SpatialOrganizationinInternationalLawCom- bined with the Prohibition of Intervention by Other Powers), a book he expandedseveraltimesduringtheearlyyearsofWorldWarII.4 Poe's Maelström Schmittoftenviewedpoliticalengagementsliketheonesabovethrough thelensofliteraryworks.Alwaysavoraciousreader,hecherishedthewrit- ingsofLéonBloyandGeorgeBernanosandhadintenseinteractionswith Theodor Däubler, Ernst Jünger, and Jacques Maritain. In the early years ofWorldWarII,though,SchmittbecameparticularlyfascinatedbyAmer- ican and French works in the gothic mode.5 He made reference to Edgar AllanPoe's""ThePitandthePendulum""(1842)withitsdungeonsoftheIn- quisitionandeven,retrospectively,viewedhisowncareerin1933Berlinin thelightof""ADescentintotheMa"	
Somaini 2023.pdf	22	Toward Dematerialization: Light, Medium, Environment Antonio Somaini	2020	2023			47	Loheland|PeterGeimer|Somaini|TobiasWilke	0	0	0	0	"Toward Dematerialization: Light, Medium, Environment Antonio Somaini Oftenpresentedasnewformsofmaterialism—onesthathighlighttherole played by the material and technical infrastructures of perception, knowl- edge,andcommunication—theoriesofmediahavebeenrepeatedlyfascinated by the idea of dematerialization. More precisely, these theories have often promotedavisionofthehistoryoftechnicalmediaasaprocessteleologically orientedtowardafuturecharacterizedbytheovercomingoftheweight,the opaqueness,andtheresistanceofmaterialityandbytheadventofnew,per- vasiveformsofinstantaneouscommunication. Light,beitnaturalorartificial,hasoftenplayedakeyroleinthishistorical narrative.Withitssymbolicconnotations,itsdiffusedpresence,itslimitless plasticity, its ultimate speed, its ambiguous status between infinitely small particles and electromagnetic waves, its crucial role in the transmission of imagesandsignals,lighthasoftenraisedthequestionofthematerialityof mediathemselves,pointingtothepossibilityofimmediacy:ofanimmedi- ate,instantaneous,immaterialtransmission.1 In what follows, I will analyze the presence of this idea of dematerial- ization as the end point of media history in the writings of two figures IthanktheeditorsofthisspecialissueandthemembersoftheMediaEnvironmentsWork- ingGroup(WeihongBao,CraigBuckley,ZeynepÇelikAlexander,MichaelCowan,Jonathan Crary,NoamElcott,LauraFrahm,TomGunning,GertrudKoch,OlivierLugon,andAriel Rogers)fortheirextremelyvaluablecommentsandsuggestions.Portionsofthisarticlewere previouslydevelopedinAntonioSomaini,""'TheSurfaceBecomesaPartoftheAtmosphere': LightasMediuminLászlóMoholy-Nagy'sAestheticsofDematerialization,""Screen61(Summer 2020):288–95.Unlessotherwisenoted,alltranslationsaremyown. 1. Onlightasamedium,seeLichtundLeitung,ArchivfürMediengeschichte,ed.Lorenz Engell,BernhardSiegert,andJosephVogl(Weimar,2002),andAnneHoorman,Lichtspiele: ZurMedienreflexionderAvantgardeinderWeimarerRepublik(Munich,2003). whosethinkingaboutmediaiscenteredontheassumptionthatlightisthe mostfundamentalmedium:onethatleadstheentirerangeoftechnicalme- dia to gradually dematerialize and merge within the environment or even dissolveintotheatmosphere.ThefirstfigureisLászlóMoholy-Nagy:anart- ist,theorist,andpedagoguewhosewritingsfocusedonthequestionofhow anartisticuseoftechnicalmediacouldcontributetoatransformationofhu- mansensoryexperience.Forhim,lightwasatthesametime""anearlyinsub- stantialmaterial""2andafundamental""mediumofplasticexpression"":3ame- dium in the double sense of an artistic material and an all-encompassing, surroundingsubstancethatcouldbemodulatedandmodifiedatwill,allow- ingartformssuchaspainting,photography,andfilmtoshowthepathto- wardagradualdissolutionofeverythingmaterialandopaqueintotheopenness andtransparencyoftheatmosphere.TheotherfigureisMarshallMcLuhan, whobelievedthat""mediaworkasenvironments""4andunderstoodelectric- ityandelectriclightas""amediumwithoutamessage,""capableofensuring an immediate transmission of perception and information, and theref"	
Sorace 2020.pdf	23	Metrics of Exceptionality, Simulated Intimacy Christian Sorace		2020			56	LowellDittmer|alsoLinChun	2	0	0	0	"Metrics of Exceptionality, Simulated Intimacy Christian Sorace Iseating anddrinkingamere trifle?No.Class struggleexists even atthetipsofyour chopsticks. —RedFlag (1970)1 Corruptionatthetip ofthetongue.2 In Search of Intimacy Inhis1945essay""OnCoalitionGovernment,""MaoZedongarticulateda vision of governance that required ""every comrade to love the people and listenattentivelytothevoiceofthemasses;toidentifyhimselfwiththemasses whereverhegoesand,insteadofstandingabovethem,toimmersehimself amongthem.""3Thisstatement,whichproposedanormunderwhichpolit- icalleadersandordinarypeoplewouldbeintimatelyconnectedinarelation of physical proximity and perpetual contact, certainly contributed to the popularappealofcommunisminChinabeforethefoundingofthePeople's Republicin1949andwasadeptlyharnessedforpropagandapurposes.Who couldfailtomakethecontrastbetweenthePeople'sLiberationArmy(PLA) soldier who would not ""take a single needle or piece of thread from the masses""andthecorruptionofGuomindang(KMT)officials?4Aftercentu- ries of imperial rule where the sovereign was not to be seen, looked at, or mentionedbyname,theCommunistParty'simmersionamongthemasses wasrevolutionary. In this essay, I define Maoism as an experiment in intimate governance andanattempt—albeitafailedone—todismantlethedividebetweenpolitical PreviousversionsofthisarticlewerepresentedatDividedAuthoritiesandDispossessedPeo- ples:AestheticDimensionsofPoliticalandCriticalTheory,hostedbytheHumanitiesResearch CentreatTheAustralianNationalUniversity,20–22July2016;and,PoliticalEnchantments:Aes- theticPracticesandtheChineseState,Melbourne,December2016.IwouldliketothankGloria DaviesandHaunSaussyfortheirmarvelouseditorialtouchandJodiDeanandFionaJenkins fortheirenlighteningconversations.Unlessotherwisenoted,alltranslationsaremyown. 1. QuotedinJudithFarquhar,Appetites:FoodandSexinPost-SocialistChina(Durham, N.C.,2002),p.79. 2. ""Corruptionatthetipofthetongue""(舌尖上的腐败)isaphrasethatenteredofficial anticorruptiondiscoursein2012andhasbeenusedfrequentlysince. 3. MaoTse-tung,""OnCoalitionGovernment,""trans.pub.,www.marxists.org/reference/archive /mao/selected-works/volume-3/mswv3_25.htm 4. MaoTseTung,""Discipline,""inQuotationsfromMaoTseTung,trans.pub.,www.marxists .org/reference/archive/mao/works/red-book/ch26.htm 556 Christian Sorace / Metrics of Exceptionality leaders and ordinary people. As David Apter and Tony Saich observed in theirstudyofrevolutionarydiscourse,""virtuallyeverymajorspeechofMao's representsastrategyofintimacy.""5Inthiscontext,intimacycanbedefinedas arelationshipofspatialembeddedness (partycadresaretoliveamongthe masses), symbolic equality (cadres are expected torenounce the privileges ofthetraditionalpoliticalelite),perpetualavailability(asthetemporalcon- sequenceoflivingtogether),andanapertureofexchange(themassline)be- tweentheCommunistPartyandthepeople.6InMaoistChina,intimacywas decidedlyapublicaffair.7ThispolicyofproximityonthepartoftheCom- munist Party should not, however, be conflated with the idea of in"	
Sprenger 2023.pdf	22	Surrounding and Surrounded: Toward a Conceptual History of Environment Florian Sprenger	2020	2023			47	SandraM	0	0	1	0	"Surrounding and Surrounded: Toward a Conceptual History of Environment Florian Sprenger Translated by Erik Born and Matthew Stoltz 1. Introduction—Epistemologies of Surrounding Fewconceptsarecurrentlyasloadedandarguablyoverusedasthatofen- vironment, but the conceptual history of the term itself largely remains a blind spot in current debates.1 The following pages will focus on the early development of the term environment in nineteenth-century evolutionary theories.Theyretracetheconstantiterations,transformations,andtransla- tions between environment and the French milieu while also considering a fewconsequencesinregardtotheGermantermUmwelt,whichwasdevel- opedlateronandinadifferentfield.Thetextwillcarveoutthecriticalvalue thattheseconceptsachievedinthisprocess.2 Thisearlyhistorysetsthestageforaconceptionoflifeassomethingthat canonlybeunderstood(andmodified)asarelationbetweenorganismand environment.Myargumentfollowstheassumptionthatthehistoryofeco- logicalthinkingisnotacausebutaneffectofwhatIrefertoasepistemologies 1. Myobservationsabouttheconceptualhistoryofthetermenvironmentbuildonthein- dispensablefoundationslaidbytwoprominentstudies:LeoSpitzer,""MilieuandAmbiance:An EssayinHistoricalSemantics,""PhilosophyandPhenomenologicalResearch3,no.1–2(1948):1– 42,169–218,andGeorgesCanguilhem,""TheLivingandItsMilieu,""inKnowledgeofLife(New York,2008),pp.98–120;hereafterabbreviated""LM."" 2. Afterthispaperwasfinished,twoimportantbooksandadissertationonthistopicwere published;seeEtienneBenson,Surroundings:AHistoryofEnvironmentsandEnvironmentalisms (Chicago,2020);TrevorPearce,Pragmatism'sEvolution:OrganismandEnvironmentinAmerican Philosophy(Chicago,2020);andPhilipR.Conway,""TheHistoricalOntologyofEnvironment: FromtheUnityofNaturetotheBirthofGeopolitics""(PhDdiss.,AberystwythUniversity, 2019).Recently,PaulWarde,LibbyRobin,andSverkerSörlinhavepublishedahistoryofthe termenvironmentthatremainsrestrictedtoenvironmentalpoliticsanddoesnottakethecon- ceptualtransformationsbefore1950intoaccount;seePaulWarde,LibbyRobin,andSverker Sörlin,TheEnvironment:AHistoryoftheIdea(Baltimore,2018). ofsurrounding(s).Todelineatewhyecologycurrentlyservesasacornerstone oftheoreticalapproachestothepresent,weshoulddifferentiatebetweendif- ferent epistemologies of surrounding(s) and their concomitant biopolitics. All three terms—environment, milieu, and Umwelt—designate changing butconnectedhistoricalformsofthemutualdependencyofthesurrounding and,forlackofabetterword,thesurrounded.Allthreetermsdescribethis relationshipasadyad,asaunityofdifferenceconsistingoftwocomplementary elements.Thehistoryofthisdyadisthehistoryofecologicalthinking.Pre- ciselybecauseeverychangeofthesurroundingaffectsthesurroundedand determinesitsposition,itsfunction,anditsframing(andviceversa)—and because the surrounded fills the surrounding in such a way that it is sur- rounded—both are bound to each other in their difference as a relational dyad.Whatdiffersamongthethreetermsarethecausalities,themodesofcir- culation,andthedeg"	
Stark 2024.pdf	26	fi The Rei cation of the World: Poetry and ' Conquest in Marcel Broodthaers s Maps Trevor Stark		2024			60	Atlasàl'usagedesartistesetdesmilitaires|Cartedumondepoétique|Comédie|MarcelBroodthaers	0	0	2	2	"fi The Rei cation of the World: Poetry and ' Conquest in Marcel Broodthaers s Maps Trevor Stark Whatdowemeanwhenwespeakofanartist'sworldview?Issuchaworld- viewuniquetotheindividualproducerorisitdeterminedbycollectivestruc- tures,whethernation,race,class,gender,orepoch?Mayitbereconstructed from sociological data about an artist's environment, or must it be derived solely from the artwork itself? Does an aesthetic vision of the world stand in necessary relation to the social totality that contains it—even if uncon- sciously, obliquely, or incompletely? Or is dissonance from the empirical world the precondition for any artistic worldview to reflect upon, let alone tochange,therealityoutsidethework? Thesewereamongthepressingandperennialconcernsdebatedbythepar- ticipantsinaseminarledbyLucienGoldmannonCharlesBaudelaire's""vi- sionoftheworld,""heldinBrusselsbeginninginJanuary1970.1MarcelBrood- thaersjoinedthisseminarwithapeculiarinvestmentinthehistoryofpoetry. For,onlyfiveandahalfyearspriorattheageofforty,""wonder[ing]whether I could not sell something and succeed in life,"" as he notoriously put it, he abandonedhisownpoeticvocationtobecomeanartist.2Thoughhiscareer InlieuofillustrationsofworksbyMarcelBroodthaers,thereaderwillbedirectedviaweb addressesinfootnotestoimageshostedonlineinmuseumpermanentcollectionswherepossi- ble.IamgratefultoRyanPiersonforinvitingmetopresentanearlyversionofthisarticleat the""NewViewsofModernism:FormsandPublics""symposiumheldatUniversityofCalgaryin 2021andforhisfeedbackonthisarticle.Unlessotherwisenoted,alltranslationsaremyown. 1. SeeAgnèsKrutwigCaers,""Lavisiondumondedansles'PetitsPoëmesenprose'de CharlesBaudelaire,""Revuedel'institutdesociologie,nos.3-4(1973):638;hereafterabbreviated""V."" 2. MarcelBroodthaers,""I,Too,WonderedWhetherICouldn'tSellSomething,""trans.Charles Penwarden,inMarcelBroodthaers:CollectedWritings,trans.JillRamseyetal.,ed.GloriaMoure (Barcelona,2012),p.138.Thistextwasfirstpublishedasaletterpressprintonappropriatedmaga- zinepagestoadvertisehisfirstexhibitionattheGalerieSaintLaurent,Brussels. 518 Trevor Stark / The Reification of the World couldbenarratedasaseriesofdramaticpivots—frompoettoartistin1964, from artist to director of his fictional Musée d'Art Moderne, Département desAigles,in1968—adualfixationontheeconomicpredicamentofculture undercapitalismandonthelegaciesofnineteenth-centurypoetryprovides a throughline. Just before the Baudelaire seminar, Broodthaers held his LiteraryExhibitionConcerning[Stéphane]Mallarmé,forwhichheinviteda keymemberofGoldmann'sinnercircleinBelgium,PierreVerstraeten,to giveatalkattheopeningon1December1969.3ItispossiblethatVerstraeten discussed the seminar with Broodthaers, but he would already have been primed for Goldmann's reflectionson poetic revolt,reification, and the fate of modern art as a utopian, which is to say world-changing, practice. RatherthanatermpaperforGoldmann,Broodthaersinsistedonpartic- ipating ""as an artist"" and submitted Un film de Charles Baudelaire, which dutifu"	
Stejskal 2021.pdf	23	Aesthetic Archaeology Jakub Stejskal		2021			43	KerenGorodeiskyandEricMarcus|MeaningintheVisualArts	1	0	0	0	"Aesthetic Archaeology Jakub Stejskal Introduction Examining theKurba'ilstatue ofthe Assyrianruler Shalmaneser III, an archaeologistisfacedwithanobviousquestionregardingitsappearance— namely,Whatendswasitsskilledelaborationsupposedtoserve(fig.1)?To answer that,thearchaeologist mustconsider thepossibility that thestatue commanded attention not just to its presence but also to its mode of de- livery. As it turns out, there is a cuneiform inscription on its surface, one that describes it as a ""statue of polished, shining, precious calcite whose artistic features are most beautiful to look upon.""1 The archaeologist thus has it on good evidence that the statue was indeed endowed with a public aesthetic mandate and that this mandate had to do with commanding at- tentiontothenatureofitsmaterialanditsskilledtreatment.2Thiskindof philological evidence is, however, not always available, and in the case of preliterate societies it is completely ruled out. Evenifthephilologicalinformationaboutitsstatuswerenotavailableor reliable,thedependenceofthesculpture'spublicstatusoncommandingaes- theticattention—attentiontothemeritsofitsmodeofpresentation—would IamgratefultoBenceNanay,whoreadandcommentedonanearlydraftofthisarticle.I alsothankGregoryCurrie,WhitneyDavis,MarilynnJohnson,JonasGrethlein,Lambros Malafouris,SamRose,andMarilynStrathernwhoparticipatedinasmallconferenceIorga- nizedin2018onthearticle'stopicattheInstitutfürPhilosophie,FreieUniversitätBerlin.Last butnotleast,feedbackfromtheCriticalInquiryeditorialboardprovedinvaluable.Thiswork wassupportedbytheGermanResearchFoundation(DFG)underGrantSTE2612/1-1andby theNOMISFoundation. 1. QuotedinJ.V.KinnierWilson,""TheKurba'ilStatueofShalmaneserIII,""Iraq24(Au- tumn1962):96. 2. SeeZainabBahrani,TheInfiniteImage:Art,TimeandtheAestheticDimensioninAntiq- uity(London,2014),pp.43–44. stillbeafairlygoodworkinghypothesis,giventheapparentenergyandskill requiredtoproducethefinedetailsofthisandothersimilarAssyrianstatues. Allowingasmuchdoesnotcommitonetotheclaimthatonecaneverhope toexperiencethestatue'sbeautyinawaythatwouldcomeneartowhatthe intendedAssyrianobserverwassupposedtoexperience,justasthepresence ofthequotedinscriptiondoesnotimplythatonehastherebygainedphe- nomenologicalaccesstoitsaestheticmeritsorfailures. Such distinctions are seldom recognized in contemporary archaeologi- calandart-historicaltheory.3Instead,reflectingontheprinciplesofascer- taining the public aesthetic status of a remote artifact—How, why, and to whom it was meant to be attractive?—typically takes the form of a query afterthereliabilityofthearchaeologist'sresponsestoitsapparentaesthetic merits,withtheomnipresentfearofimposing""amodernformofviewing, amodern gazethatenforcesitsownregimeofartandlevies itsownvalue systemontowhatitseesasthetruthoftheancientartefact.""4Theconcern, inotherwords,isthataestheticjudgmentbetraysanunjustifiablebeliefin universalorinbornaestheticsense,thusmakingaestheticanalysisapartic- ularly unattractive mode of inquiry in archa"	
Stevens 2021.pdf	8	When Movies Get Sick Kyle Stevens	2020	2021			2		2	0	0	0	"When Movies Get Sick Kyle Stevens 25 March 2020 Spaceisneverjustspace.Sometimeswethinkofitastheairaroundus. SometimeswethinkofitasathinginwhichtofindaWiFisignal.Sometimes it'swhatweneedwhenwe'vehadanargumentwithsomeonewelove.Per- haps,mostoften,potentialityisthevalueassignedtoit:Whatcanbeputhere? Whocanlivethere?Whichplantcangroweverywhere?Rarelyisspacetreated asinherentlydangerous, villainous (that is in part what makes the filmsof FritzLangorKiraMuratovaexceptional),yetthatispreciselyoneofthetec- tonicshiftswroughtbylivingintheeraofCOVID-19.Ithassuddenlyunfas- tenedthevaluesthattraditionallyattachtoproximity,particularlyregarding humanbodies,asvocabularyfocusingonthedistancebetweenthem—social distancing,self-isolation,quarantine—becomepartofourquotidianlanguage. Questionsofwhatisclose,whatisfar,andwhatisfartooclosehavebecome mattersoflife,death,andillness.Thespacebetweenbodiesisameasureof harm,evenviolence.Theembraceisnolongerthesignifierofcoresocialval- ues.Standingsixfeetapartis.Distancehasbecomethesignofintimacy—of respect, care, concern, shared understanding of a shared world, a sense of belongingtoaformoflife. Withindiscussionsoffilmaesthetics,cinephilestoutthevalueofcinema forinvitingaudiencestoattendtobodiesinspace,referringtothecomposi- tionrecordedbythecameraandwhoseprojectionisofferedupforourplea- sure. Adrian Martin provides an account of the traditional view of a film's ""miseenscèneasthemovementofbodiesinspace—aspaceconstantlydefined MythankstoDanielMorganforhelpfulfeedbackonthistopic. S18 Kyle Stevens / When Movies Get Sick andredefinedbythecamera.""1Thisideamotivatesacriticalrecommendation tosee,atleasttosomedegree,beyondcharacterssituatedwithinanarrativeto the pleasuresofgraphiccompositionsand,perhaps fromthere,toaesthetic questionsofscale,shape,line,andsoforth. ButastheperceptionofspaceisreconditionedinlifeunderCOVID-19,our encounters with fictional spaces—and with what and how they express— alters.Evenwhenweknowstoriesarenotsetinthepresent,thenewregimes ofbodilyorganizationaffecthowwemightseeonscreenspace.Whenwatch- ingmovies,Ihavelatelyfoundmyselfwincingeversoslightlyatpeopledanc- inginclubsorofafriendrunninguptoanotherinthestreetforahug.So- callednegativespacebetweencharacters,traditionallyconstruedasanaesthetic choice,nowtakesonabiopoliticalurgency,apoliticizedandmedicalmeaning. Spacecomestotheforegroundasnegativespace,butisitproperlycalledneg- ativeifweworrythatitisfullofcontagions?Spaceremainsunsubstantialbut nolongerquitesoinertwhentheinvisiblehasbecomeurgentlyvisible. Wemightofcoursethinkabouthowwereceivenarrativesoverallduring thisnewera.(Whenweareconfinedtoourhomes,willwebemoresympa- thetictoJeffinRearWindow[dir.AlfredHitchcock,1954],whoisconcerned withthewellbeingofhisinfirmedneighbor?)ButIsuspectthatourpercep- tion of bodies in space will more subtly restructure, and that the situation ofonscreenfigureswillstrikeus,notnecessarilyconsciously,butaffectively, differently.Considerafewexamples. The opening of The Sound of "	
Stine 2019.pdf	25	Critical Hardware: The Circuit of Image and Data Kyle Stine		2019			46	Illuminations|PhotographyAgainsttheGrain|www	1	0	0	0	"of Image and Data Kyle Stine Thereisnothingmorepowerful—moreinstant,efficient,direct,andunambiguous— thananimage. —GregJames, Visual6502 project computer'svisuality.NicholasMirzoeffwrites,forinstance,thatcomput- ersarenot""inherentlyvisualtools,""1andJacobGabouryhasmadethecase recentlyevenmoreemphatically:""Thecomputerisnotavisualmedium.""2 Thereasonsforthesestatementsseemrelativelystraightforwardwhentak- ingintoaccounttheauthors'subsequentexplanations.Mirzoeffgoesonto say:""Themachinesprocessdatausingabinarysystemofonesandzeros, while the software makes the results comprehensible to a human user.""3 Gabouryrefineshispointbyarguingthatthecomputeris""primarilymath- ematical,orperhapselectrical,butitisnotinthefirstinstanceconcerned withquestionsofvisionorimage.""4Indeed,giventheseexplanations,there would appear to be no surer illustration of W. J. T. Mitchell's argument that""therearenovisualmedia""—thatallmediaareinstead""'mixedme- dia,'""comprisingmultiplesensorymodalities—thancomputerhardware, ResearchforthisessaybenefitedfromfellowshipsatMedia@McGillatMcGillUniversity andtheLemelsonCenterfortheStudyofInventionandInnovationattheSmithsonianInsti- tution. 1. NicholasMirzoeff,AnIntroductiontoVisualCulture(NewYork,1999),p.6. 2. JacobGaboury,""HiddenSurfaceProblems:OntheDigitalImageasMaterialObject,"" JournalofVisualCulture14(Apr.2015):40. 3. Mirzoeff,AnIntroductiontoVisualCulture,p.6. 4. Gaboury,""HiddenSurfaceProblems,""p.40. thoserarelyseengutsofelectronicarchitecture,theground-levelmateri- alitythatundergirdsthevibrantcolorsandsleekdisplaysoftheinterface.5 Yet since 1959, when Jean Hoerni at Fairchild Semiconductor in- ventedtheplanarprocessofcircuitfabrication, themostbasicandpow- erful components of computer systems have been produced using visual techniques through a process called photolithography. The product of this technique—the integrated circuit—integrates what had been sepa- ratecomponentsintoasinglesemiconductor chip,exposingthecompu- tational architecture to an open field of view and allowing for successive phases of miniaturization. Reflecting on the integrated circuit in the 1980s,DonnaHarawayrecognizedthepeculiarinvisibilityatplayinthese microscopicchipscreatedthroughtechniquesofvision:""Thesiliconchip is a surface for writing; it is etched in molecular scales disturbed only by atomicnoise,theultimateinterferencefornuclearscores.""6Impossibleat these infinitesimal scales are the manual and mechanical techniques of writingthatprevailedbeforemodernity.Integratedcircuitsinsteadrelyon optical techniques of photochemical etching, drawing from the traditions of photography and cinematography and capitalizing on the unique fea- tureofautomatismthatAndréBazinobservedinphotography:""between the originating object and its reproduction there intervenes only the in- strumentalityofanonlivingagent.""7 So extensive is this sphere of nonhuman action that current circuit complexity means that integrated circuits cannot be produced without beingsupplementedbydigitalim"	
Stoler 2022.pdf	24	Archiving Praxis: For Palestine and Beyond Ann Laura Stoler		2022			41	HelenMackreath|celebrated	0	0	0	0	"Archiving Praxis: For Palestine and Beyond Ann Laura Stoler Akindofur-Utopiaexists inthedesiresoftheimaginary despitethetorturousenvi- ronment thatloomsnearby infences andtowersandbarbedwire. —Bruce W.Ferguson1 Both are on a hillside outside Ramallah, two distinct archival ventures yearsinthemaking.One,partofthePalestineMuseum,hasgarneredinter- nationalattention.Itssignatureexhibits,conceivedbythePalestiniancura- torJackPersekian,werepreparedforthemuseum'sopening.Neitherwere finishednordisplayed;bothweresuspendedincoldstoragewhenPersekian wasfiredasmuseumdirectorin2016.Theotherarchivalventure,theBirzeit UniversityDigitalPalestinianArchive(oftenreferredtoasArwaq),wasini- tiatedbythehistorianRogerHeacock,whothentaughtatBirzeitUniversity fornearlythirty-fiveyears.Openedearlierbutwithoutadequatepersonnel, funds,andprofile,Arwaqhaslanguished.By2015,itwassupersededbythe mammothphysicalexpanse(42,000squarefeet)andfiscalsupportoftherichly fundedmuseumnextdoor.2 Only 160 feet apart, there was virtually no communication, much less collaboration,betweenthem.Thosewhohadworkedonthemuseum'sex- hibits during the overlapping years had barely heard of Arwaq. Some, not at all. The two intrepid persons laboring to gather and digitize Arwaq's holdingsknew virtuallynothing ofthemuseum'sactivities nor their prin- ciples of collection. Little knowledge of their respective archival activities Unlessotherwisenoted,alltranslationsaremyown. 1. BruceW.Ferguson,prefacetoBashirMakhoulandAissaDeebi,OtherwiseOccupied,ed. RyanBishopandGordonHon(exhibitioncatalog,VeniceBiennale,29May–30June2013),p.9. 2. LilaAbu-Lughoddescribesherfather's1993visionofthemuseum,suspendedand reanimatedwithafocusonculturalheritage;seeLilaAbu-Lughod,""ImaginingPalestine'sAlter- Natives:SettlerColonialismandMuseumPolitics,""CriticalInquiry47(Autumn2020):1–27. andpractices havebeen shared. Both mark thefragmented Palestinian ar- chival field, within and beyond the borders of occupied Palestine. Astworadicallydifferent,simultaneous,andadjacentarchivalventures, theircontrastswouldundoubtedlymakeforagoodstory:distinctlydifferent originnarratives, proximityandunaccountable distance,adisconnect and connection,nevertheless.Still,thisisnotthemostcompellingstorytotell, norafairrenderingofevenasmallsliceofthePalestinianarchivalscene.For in the space between these two ventures has emerged a spectrum of other archival projects, varied in content and form—mixed media making up a disparate,creative,andpoliticallydistinctturninarchivalpractice,reshap- ing an archival terrain that bridges occupied Palestine and Palestinians in Palestine,Israel,andbeyond. Itisasmallsliceofthisspectrumofprojects,diverseinmediumandscale, thatmakesuptoday'sarchivalsurgeofPalestiniansandPalestine.Thissurge isdeeplypolitical,emphaticallyanticolonial,boldinitsmethodsofrequisi- tion.3Archiving,ratherthanworkinginandonarchives,redefinestermsof engagement.Instead of expending energy oncountering authoritative in- scriptionsofstateandinstitutionalc"	
Swarbrick 2023.pdf	20	The Weather in Sedgwick Steven Swarbrick		2023			26		0	1	1	1	"The Weather in Sedgwick Steven Swarbrick Wehave...seentheterm""paternaldeficiency""appearrecently, whichwasnot a minortopicto takeon—knowing whatpeoplehavesaid onthematter, andwhether itholds up,isanother question.Butintheend,thispaternal deficiency, whether knownbythisnameor not,isatopic ontoday'sagenda intheevolution ofanalysis thatisbecoming increasinglyenvironmentalist, asit'selegantly expressed. —JacquesLacan1 EveKosofskySedgwick's""ParanoidReadingandReparativeReading,or, You'reSoParanoid,YouProbablyThinkThisEssayisAboutYou""is,among otherthings,alessonintheartofthejoke.Inoneamusingmoment,Sedg- wick calls out the anti-Oedipal duo Gilles Deleuze and Félix Guattari by name,summoningthemtothepageonlytodispatchtheminwhatcanbest bedescribedasakindoffort/damomentor,betteryet,ajokeaboutthein- trojection and projection of theory. Sedgwick hails the anti-Oedipal duo tenderlybutdismissively,statinginamockaffectionatetone,""'Nottonight, dears,Ihaveaheadache.'""2 In a text advocating reparative reading as an integratory method of as- sembling whole objects—objects that contain both good and bad parts— Sedgwick'sjokerevealsaglitch,somethingthatisneithergoodnorbadbut unassimilable.SomethinginthenamesDeleuzeandGuattaricannotbeincor- porated.IreadSedgwick'slateessay,""TheWeatherinProust,""asanevasion ofthatunassimilablesomethingthatSigmundFreudandlaterJacquesLacan bothmadethesite—theonlysite—oftheirtheoryoftheunconscious. 1. JacquesLacan,FormationsoftheUnconscious,trans.RussellGrigg,vol.5ofTheSeminar ofJacquesLacan,trans.Griggetal.,ed.Jacques-AlainMiller(Malden,Mass.,2017),p.151;here- afterabbreviatedF. 2. EveKosofskySedgwick,""ParanoidReadingandReparativeReading,or,You'reSoPara- noid,YouProbablyThinkThisEssayisAboutYou,""inTouchingFeeling:Affect,Pedagogy, Performativity(Durham,N.C.,2003),p.146;hereafterabbreviated""PR."" 166 Steven Swarbrick / The Weather in Sedgwick ContraFreud,desireholdsalimitedstatusinSedgwick'slatework.And that is because, following the object-relations theory of Melanie Klein, relationality—notOedipality—takescenterstage.Seekingwhatshecallsthe middle ranges ofexperience betweendesireandrepression,Sedgwickturns toKleintoweathertheall-or-nothingeconomyofrivalrouslibidothatchar- acterizesFreud'sOedipuscomplexand,inparticular,histheoryofcastration. UnlikeFreud'scastratedsubject,Klein'spre-Oedipalchildneednotcontend withthelawofthefathernorassumethelogicofsubstitutiontoexperience thedifficultiesofbeingwithothers.Klein'spre-Oedipalchildisalreadyfully pressurizedbyanxiety.Inotherwords,negativeaffects,includingthechild's sadistic affects, are a problem for the Kleinan child before desire in the Freudian sense is a problem for others. Whether or not we are repressed, Sedgwickargues,ourprimarychallengeistoweatherourowndisintegratory affects.Theseaffects,Kleinwrites,are""amongtheessentialandfundamen- talelementsofthefeelingswecalllove.""3 AgainstFreud'sinsistence thattheunconsciousknowsnoobject,Sedg- wick,likeKlein,makestheobjecttheendpointofalongeducativejo"	
Szendy 2021.pdf	5	Viral Times Peter Szendy	2020	2021			9		0	0	1	0	"Viral Times Peter Szendy 15 April 2020 Despite the warning signs, despite thenews from China, itwas as if we had woken up overnight in a completely different world: wholly different but exactly the same. The Emergency of Being at a Standstill Forsome,includingme,everythingstopped.Immobilizationhasvisible effects,atleastthroughtheeyesofthemachinesthatcontinuetoflywhile humans are nailed to the ground: satellites show the sky cleansed of pol- lutingemissionsoverChina,Milan,orParis.Forothers,therehasbeenan accelerationwithoutmeasure.Facedwiththeincreasingrapidityofconta- gions and the multiplication of serious or fatal cases, health-care staff are overwhelmed,exhausted.Amazonhasincreasedhiringtotrytohonoranex- ploding volume of orders, while workers at the firm's US warehouses are starting tostriketoprotestthe lackof protectionattheirworkplace.Andan intense human or machineactivityis necessaryfor the mass monitoring of mobile-phonegeolocationdatainordertocontrolcompliancewithconfine- ment;ourimmobilitypromptsalargemobilization. Hypervelocity andstandstillarelike twoextremesthatbelongtogether. Speaking of the ""jet-man"" who flies jet planes, Roland Barthes wrote that his""vocation""consistsin""overtakingmotion,ingoingfasterthanspeed.""1 Thejet-worldistodaystoppedattheverytipofaprecipitationthatcontin- uesbehindthescenes,inashadoweconomy.Thisfreezinginacceleration 1. RolandBarthes,""TheJet-Man,""Mythologies,trans.AnnetteLavers(NewYork,1972),p.71. S64 Peter Szendy / Viral Times has come as a result of another temporal paradox: nothing has changed, nothinghashappened,buteverythingthatseemedunthinkable,incredible, orimpossiblehasnowbecomeobvious,madlyobviousandyetsobanal. Years, decades of neoliberal dismantling of health and research infra- structures, as we knew, could only lead to a foreseeable catastrophe. And theinexorabledestructionofanimalhabitatshasforalongtimeincreased theriskofzoonoses,thosepassagesofavirusfromonespeciestoanother. Nothing new, therefore, befell us. Rather, a process we knew well without wanting torecognizeit suddenlycrystallizes before our eyes.The eventhas precisely the formofaninternalpolyphony made ofsuperimposed tempo- ralitiesandlayersofvelocities.Itappearedastheunlikelyandstartlingnovelty ofsomethingthat,afterall,hadalreadyhappenedalongtimeago.Isuddenly wokeupinanotherworld,thesameworld.Aworldatastandstillbecauseit goesfasterthanitself. Epidemics or Endemics Thesesimultaneousbutasynchronoustimesconstitutethemedialityof the event today, its way of happening, of occurring through the milieus andmediathatcarryit.Whatthecurrentpandemicrevealsisthespeeddif- ferentialsthatshapethecomingoftheevent,thatcarveanddistenditfrom theinside. Atamicroscopiclevel,thelifespanofthevirus,accordingtothestudies conductedsofar,variesconsiderablydependingontheelementinwhichit evolves:fromafewhoursintheair(inaerosolform),toseveraldaysover steelorplastic.Onaplanetaryscale,onecannotfailtobestruckalsobythe complexspreadofcontagion;farfromtheimmediacythatac"	
Taussig 2020.pdf	15	Unpacking My Library: An Experiment in the Technique of Awakening Michael Taussig		2020			25	Alterity|Cocaine Museum|Commodity Fetishism|Lawless Land|Nervous System|Wild Man	0	0	0	0	"Unpacking My Library: An Experiment in the Technique of Awakening Michael Taussig Thesenotes,whichdeal with theParisarcades,werebegunundertheopensky—a cloudlessblue whicharcedoverthefoliage—andyetarecovered withcenturies of dustfrommillions ofleaves throughwhichhaveblown thefresh breezeofdili- gence, themeasured breathoftheresearcher, thesqualls ofyouthfulzeal, andthe idlegustsofcuriosity.Forthepainted summerskythatpeers downfrom arcades inthereadingroomoftheParisNational Libraryhasstretched itsdreamy, unlit ceilingoverthem. —Walter Benjamin1 WhenIwasyounger,Iwastalismanicallyinspiredbytheselinesnearthe openingofWalterBenjamin'sConvoluteN.Thepassageconcernshisplace of work, specifically the ceiling with ""the painted summer sky."" I didn't knowthenwhyIwassosmitten.ButnowIdo(fig.1). Let me start at the beginning. FirstthereistheGermannameitself,KonvolutN,astrangeandwonder- fultitleespeciallyforthenon-Germanear,straightoutofJ.R.R.Tolkien, JamesBond,andAlanTuring'scodecracking.EventheEnglishequivalent hasaremoteandmagicalringtoit.""Convolute""?Whatisthat?Apassword fortheinitiated?Muchbetterthanfile. Actually, there are two names. The N refers to a file designation, like anumber, while thename proper, referring to itscontents, is ""TheThe- oryofKnowledge,TheoryofProgress.""Withineachfile,suchasN,each note is separated from the next and receives its distinctive number such as ""N7,1,"" ""N7,2,"" running to ""N7,7"" then jumping to ""N7a,1"" running 1. WalterBenjamin,""N[ReTheTheoryofKnowledge,TheoryofProgress]""inBenja- min:Philosophy,Aesthetics,History,trans.RichardSieburth,ed.GarySmith(Chicago,1983), p.44. 422 Michael Taussig / Unpacking My Library FIGURE 1. Mydrawingofthelibrary. through to ""N7a8.""2 This is more than numbering. The numbers seem morelikethebrokentwigsintheforestthatmarkthepassageofsomeone whohaslosttheirwayorisfearfulofsuch.Onecouldgofurtherwiththis thought;perhapsonehastogetlostinordertoreachthepromisedland? Didn'tBenjaminhimselfsaythatthebestwaytoknowacityistogetlost init? It may seem a rather eccentric manner of arranging materials, but it makes sense as a working document and certainly adds to the allure of reading it as a book, or should I say a quasi book because it is more like afilingcabinet.Attimesitcanseemlikeyouarerightthereinthelibrary watching and participating in the writing of each note wondering where the hell it's all going, but who cares—we're all in for the ride. 2. SeeBenjamin,""N,""inTheArcadesProject,trans.HowardEilandandKevinMcLaughlin, ed.RolfTiedemann(Cambridge,Mass.,1999),pp.456–88;hereafterabbreviated""N."" Michael Taussig teaches anthropology at Columbia University. He is the author of The Devil and Commodity Fetishism (1980); Shamanism, Colonialism, and the Wild Man (1987); The Nervous System (1992); Mimesis and Alterity (1993); Law in a Lawless Land (1993); and My Cocaine Museum (2004). Youcanseetheresearchersinkingdeeperanddeeperintoasprawling heap of notes, losing the thread, losing control, which is why we catalog thing"	
Taussig 2021.pdf	4	Would a Shaman Help? Michael Taussig	2020	2021			1		0	0	0	0	"Would a Shaman Help? Michael Taussig 30 March 2020 AfriendintheMidwestasksifashamancouldhelpinthepresentcrisis? Given presidential grandstanding and the run on toilet paper and guns, it seems like a reasonable question. But it all depends on what kind of sha- manism and what kind of help. Shamanism is no substitute for science as regardsvirology,butasperformanceartsparkingtheimagination,itcould dampenpanic,easesocialisolation,andpromotecohesion.AsaHappening it may not have raised the Pentagon during the Vietnam War, but it em- boldenedtheimaginationthatbroughtthatwartoanend.DuringOccupy WallStreet,youcouldsmellburningsagelearntfromNativeAmericansha- manism.AttemptingtoresistthewhitemanfromtheRockiestothePlains, theGhostDancersweremassacred,butnowthewhitemanneedstoform themagiccircle,composethesongs,andstartdancingtoo.Andforsureit will be a magical circle seeing as we are now in strict isolation. GiorgiodeChirico'smelancholypaintingsofRomanarcadesandstreets without people are no less shamanic, capturing the aura Walter Benjamin foundinEugèneAtget'sphotographsofParisstreetslikewisewithoutpeo- ple. Being alone in cities with empty streets and piazzas is more shamanic than the ""real thing."" With his prescient focus on viral epidemics and on words as mutating viruses,WilliamS. Burroughs wouldcertainlybe askingmyfriend'sques- tion,especiallyasregardshisnotionofthecompositecity asamosaicoffab- ulous forms. For him it all began in 1953 with his eye-opening encounter takingthehallucinogenyagé(ayahuasca)withshamansinthePutumayore- gion of southwest Colombia, which I visited annually from 1972 to 1999. Thephantasmaticpropertiesofviralpandemicsinthefictionthatfollowed S34 Michael Taussig / Would a Shaman Help? paralleledhisyagéexperiencewithshamans.Hiscuriositywaswriterly,be- comingafewyearslateraconsciousmethodofcuttingupimagesand,with that practice, confronting Control, spiritual no less than political. As with yagé,thecut-upswereintended toconnectlanguage withthebodyingal- vanicupheavalsofsubject-objectrelationsforwhichtheallnightwordless songisessential. Shamanismisprimarilyameansforbufferingrumorandparanoia.Yetit dependsonthattoo.Whoisbewitching(readinfecting)whom?FoxNews and Trump are pretty good at this shamanic warfare. Hence our need for analternative.Itisnotachoicebutanecessity.Theyagéséanceisasmall- group unscripted theatrical exorcism of the malevolence the sorcerer pro- jectedintooneself.Reliefdependsonvisionsflowingintoonelikeabluesub- stance,storytelling,andthefiercelyvisceralsensationsthatrecurinwave-like rhythmswiththedivinehumoftheshaman,thehumofthewakingworld. Butcouldanythinglikethisbeachievedinasituationofsocialdistanc- ing and lockdown? Can you on your lonesome cook up image and music repertoires,saylikeAliceColtrane,soastoengageinnerfearwithglobalmelt- down? Here's the thing: due to the pandemic the gates of creativity swing wideopen.Wehavetobecomeourownshaman. An important yagé trope for me and I think for my Putumayo friends was to s"	
Tavlin 2022.pdf	21	Serial Unreading Zachary Tavlin		2022			36		0	0	0	0	"Serial Unreading Zachary Tavlin In1967,MelBochnerdistinguishedserialityfromwork""'inseries,'""1adis- tinctionlaterelucidatedbyBrionyFerasthebasisofanewattentionalaes- theticthatforegroundsexperientialdislocationanddiscontinuoustemporal- ities.2 Seriality properly conceived does not reduce to or supervene upon sequence;infact,itisconceptuallyopposedtoit.Inwhatfollows,Idevelop a theory of serial reading rethought as a theory of serial unreading, a pro- cessual form of attention directed toward virtual principles of production, whether a procedure, formula, operation, algorithm, or even an obsessive compulsion.ButIarguetoothatserialunreadingultimatelyregroundsthe epistemic art of criticism, conveying how concepts achieve causal solidity asbuiltfeaturesoftheartworkthatemergeinandthroughtheseries. Series resist close reading, but that does not mean serial reading is not close.Rather,theclosenessoftheserializedobjectortextbecomesanissue to be resolved as reader becomes unreader and vice versa. The specificity oftheseries'partsmattersinsofarastheconcretedetailsuggestsitsownun- winding,thevirtualandnonlinearpathtoitscurrentstate.Inotherwords, thevalueorfacilityofserialunreadingincludesrediscoveringtherulesgov- erningtheproductionofthework.Thus,unreadingisnotnecessarilyanend in itself. In fact, by dispersing and expanding our attentional field, acts of unreadingmakeusbetterreadersofnonserialworks.Indrawingouratten- tiontotheirsupervisoryrules,operations,orpatternsofproduction,serial Iwouldliketothankthejournal'seditorsfortheirfeedbackonthisarticle'searlierforms andaddaveryspecialthankyoutoMarshallBrown. 1. MelBochner,""TheSerialAttitude,""inConceptualArt:ACriticalAnthology,ed.Alexan- derAlberroandBlakeStimson(Cambridge,Mass.,1999),p.22;hereafterabbreviated""S."" 2. SeeBrionyFer,TheInfiniteLine:Re-makingArtafterModernism(NewHaven,Conn., 2004),p.3;hereafterabbreviatedI. 722 Zachary Tavlin / Serial Unreading worksgenerateaprimaryprincipleofcriticism:theimpulsetoreverseengi- neertheobject. To showhowthisworks,Iexaminethreetwentieth-centuryitems—one seriesofminimalistdrawingsandtwopoeticworks.Ihaveneitherthespace northeexpertisetoapproach(letalonechart)allthetributariesoftwentieth- andtwenty-first-centuryserialaesthetics.Serialitygovernspopularmediaas much as (and probably more so than) the avant-garde movements I draw from. But that is a different kind of seriality. The television series, for in- stance, in its most common network mode, is premised on continuation andthepossibilityoffurtherinstallments—atleastuntiltheendofaseries finale—butwhatultimatelygovernsthewriting,shooting,andcompletepro- ductionofanyindividualunitisnotastrictlogicalprinciple.Theshapeofthe wholeseriescanchangedrasticallyintheprocessofitsrun,whetheroncre- ative principle or as the result of ratings and audience response, without damagingoursenseofthatwhole.Ioversimplifyhere,tobesure,andpop- ular screen culture has changed dramatically since the heyday of network television(thoughonemightargue"	
Thell 2025.pdf	24	""" "" I Am Restless to Live, As Nature Doth : Cavendish and the Aesthetics of Beating Bodily Time Anne M. Thell"	2020	2025			46		1	0	0	0	""" "" I Am Restless to Live, As Nature Doth : Cavendish and the Aesthetics of Beating Bodily Time Anne M. Thell IntheconcludingparagraphsofMargaretCavendish'sfinalphilosophi- caltext, Grounds of Natural Philosophy (1668), wefind astriking proposal: theauthorasksustoimagineapointin""theCenterofthewholeUniverse,"" inthecenterofavast""Sea.""Here,wediscoveraremote,craggyislandand, in its center, ""a Creature, like (in the outward Form) to a great and high Rock,""whichproduces""allkindsandsorts""of""Restoring-Beds,orWombs"" that can restore life to any annihilated body. Some dangle loosely, ""only hungbyStrings,orNerves,""whereas""othersstuckclose"";somehangfrom ""thetop,orupperparts,""whileotherscluster""atthebottom.""Thus""cov- eredwithitsownProductions,""this""RockyCreature""is""aslastingasthe Sun,orotherPlanets""and""notsubjecttodecay.""1Thisarresting,hapticim- ageofmaterialrevivification—alocusoffiguralreproductionrivalingonly natureitselfinitsgenerativecapacities—providesapowerfulandpointedly organic alternative to Christian notions of ""Resurrection"" (GNP, p. 200). HowdidCavendishgethere?Whydoessheconcludeherprolificwritingca- reerwithdevicessoprovocative,socorporalandferacious?Here,Iapproach Iamindebtedtomanyfriendsandcolleagueswhocontributedtothisworkoverseveral years.IamespeciallygratefultoSeanSilver,PehLiQi,FrankT.Boyle,JustinGohXianQiang, HeatherBrink-Roby,andDavidCunning.Forinspiration,conversation,andcamaraderie, thankyoutothelegionofbrilliantCavendisheanswhomakethestudyofthisauthorso worthwhile,includingLisaWalters,MaryBaineCampbell,LisaT.Sarasohn,EunKyungMin, LaraDodds,ColinChamberlain,DanielWhiting,andE.MariahSpencer.Finally,mythanksto theeditorsatCriticalInquiry,whomadethispieceleaner,sharper,andstronger. 1. MargaretCavendish,GroundsofNaturalPhilosophy,ed.AnneM.Thell(Peterborough, 2020),pp.221,219,221;hereafterabbreviatedGNP. thewombsasanillustrativeembodiment—asymbolandanexpression—of Cavendish'svitalistmaterialism,whichoffersatheoryofnaturethatisfun- damentallyaesthetic(natureistheultimateproducerofforms,asIwillex- plain)and,crucially,aconcomitantbiopoeticsthatisuniqueyetalsounex- pectedlyintunewithmaterialismsoldandnew.Cavendishoffersaradical aesthetics,derivedfromaradicalposturethatstandscontrapuntaltothepe- riod'sgrowingfaithinempiricalandexperimentalscience;thispostureisin turnderivedfromaradicalskepticism,aradicalambition,andaradicalbe- lief in an organic formal freedom that exists across a panpsychist universe and,equally,withinthehumanmind.Heragonisticstanceisanimportant yet largely overlooked component—an ""unsettled element""—of a history ""'insolution,'""toborrowKevisGoodman'smodel.2Itisaneglectedalter- nativetoandrobustinvalidationofthefundamentalassumptionsofBaco- niannaturalphilosophy,makingheranunlikelyallytolatervitalist-materialists, as they, too, work to reformulate relations between art and world, human andnature,lifeanddeath.3 Cavendishtheorizes""Restoring-Beds""asasolutiontoaproblemthathas animated philosophy, theology, art, and literature across"	
Thiemeyer 2019.pdf	24	Cosmopolitanizing Colonial Memories in Germany Thomas Thiemeyer		2019			45	Contexts	0	0	1	0	"Cosmopolitanizing Colonial Memories in Germany Thomas Thiemeyer In March of 2013 a group of historians hacked the German Historical Museum(DeutschesHistorischesMuseumorDHM)inBerlin.Themem- bers of the group Kolonialismus im Kasten? (Colonialism in the Box?) reimaginedthosepartsofthepermanentexhibitionthatdealtwithor,ac- cordingtothem,oughttohavedealtwithGermany'scolonialpast.Initially, theyorganizedalternativemuseumtours.Latertheyprovidedanappwith whichvisitorscouldcallupalternativetextsabouttheDHM'sshowpieces. Thesetextsremindedthevisitorsofeventssuchastheseriesofmedicaltests that Robert Koch performed on people from Africa or the sensationalist Völkerschauen(EthnographicZoos)oftheworldfairsofthe1900s.1 ThisguerrillacampaignintheDHMexemplifiesthenewestturninthe Germancultureofremembrancewithitsexemplaryplace,subjectmatter, and battlefield: Berlin, (post)colonialism,and the museum.After the turn of the millennium, a postcolonial dynamic slowly began to appear in the publicspherethathasbecomehighlyconspicuoustoday.Germany'scolo- nial history—a topic that for a long time interested merely a few special- ists—seemsreadytobeconsumedbythemasses.Iwillarguethatthisshift isrepresentativeofanewGermancultureofremembrancethatIidentifyas Thispaperwasproducedwithinthecontextoftheresearchproject""DiscomfortingHeri- tage,""fundedbytheExcellenceInitiativeoftheUniversityofTübingen.Iwouldliketothank JanHinrichsen,MoniqueScheer,GabrieleAlex,andInesdeCastroforproductivecriticism andhelpfulcomments.ThetranslationwasdonewithhelpofDianaMadden,Margaret Haverty,andJanHinrichsen.Unlessotherwisenoted,allGermanquotationsaretranslated byMaddenandHaverty. 1. See""KolonialismusimKasten?""www.kolonialismusimkasten.de CommonsAttribution-NonCommercial4.0InternationalLicense(CCBY-NC4.0),whichpermitsnon-commercialreuseofthe workwithattribution.Forcommercialuse,contactjournalpermissions@press.uchicago.edu. 968 Thomas Thiemeyer / Colonial Memories cosmopolitanaccordingtotheconceptofDanielLevyandNatanSznaider.2 Atthesametime,theBerlincaseseemstoberepresentativeofsimilarde- batesinEuropean(ethnological)museumsingeneral. ThedayswhenGermancolonistsinvadedSouthwestAfricaandattached toittheprefixofGermanarelongpast.Germany'squestfor""aplaceinthe sun""succeededinrelativelyfewregionsanddidnotlastparticularlylong– thirty-sevenyears,ifonetakesthefoundingoftheGermanColonialSociety in1882inFrankfurtasthestartdateandtheTreatyofVersaillesin1919asthe end date.3 Furthermore, colonialism mobilized the general population or eventhewholeofthepoliticalclassorthearistocracylesssuccessfullythan it had done in France or Great Britain. Otto von Bismarck, for example, whose political judgment Germans to this day trust far more than that of theweakKaiser""WilliZwo""(WilliTwo),hadnosympathyforimperialco- loniallongings.Whythenistheimperiallysanctionedcarnageoftheirdis- tant past worrying the German public at this precise moment in history? Whynow?Thisisthecentralquestiondrivingmyargument.Fourreasons seemtometobesignif"	
Tiisala 2021.pdf	22	Foucault, Neoliberalism, and Equality Tuomo Tiisala		2021			39	Fran|MichaelForster|alsoJohnRichardson	2	0	0	0	"Foucault, Neoliberalism, and Equality Tuomo Tiisala Thechargeisfamiliarbynow.MichelFoucault'suncriticalengagement with neoliberalism, revealed by his posthumously published 1979 lecture course,showsnotonlythatFoucaultisanineptallyforprogressivepolitics todaybutalsoconfirmsthesuspicionthatastrategicallegiancelayhidden between his work and the agenda of neoliberalism.1 As readers of the lec- turesknow,however,thenotionofneoliberalismiscomplicated.Foucault's analysishighlightsthedecisivetheoreticalandpoliticaldifferencesbetween AmericanneoliberalismdevelopedbytheChicagoSchoolontheonehand andtheGermanneoliberalismoftheOrdoliberalsontheother,whichre- spectively constitute two distinct paths of ""programming anew the liberal rationalityofgoverning[lagouvernementalitélibérale]""inthetwentiethcen- tury.2Thelatter,whichcontinuestodefinethepolicyplaybookoftheEuro- peanUnion,forinstance,embedstheeconomicmarketinaframeworkof political institutions, including a commitment to substantial welfare poli- cies,allunderstoodasnecessarysocialpreconditionsforawell-functioning market.What thecriticsofFoucault haveinmind, ofcourse,isAmerican neoliberalism,which,incontrast,definesrationalagencyintermsofmarket IamgratefultoBernardHarcourt,ThimoHeisenberg,MagdalenaMałecka,JakeMcNulty, TimoMiettinen,andRichardNeerforcommentsondraftsofthisarticle.Ialsowishtothank theaudienceswhoattendedmytalksonthistopicatCopenhagenBusinessSchool,TheNew SchoolforSocialResearch,andtheUniversityofHelsinki,aswellastheorganizersofthese events,especiallyMortenSørensenThaningandDanielRodriguez-Navas.Unlessotherwisenoted, alltranslationsaremyown. 1. Fortheprovocativetonebehindthecontroversy,seeDanielZamora,""Introduction: Foucault,theLeft,andthe1980s,""inFoucaultandNeoliberalism,ed.ZamoraandMichaelC. Behrent(Malden,Mass.,2015),pp.10–13. 2. MichelFoucault,Naissancedelabiopolitique:CoursauCollègedeFrance1978–1979(Paris, 2004),p.95;hereafterabbreviatedN. 24 Tuomo Tiisala / Foucault, Neoliberalism, and Equality relationsandseekstotransform,theoreticallyandpolitically,allsocialrela- tionsintomarketrelations.Therefore, myfocus,too,willbeonthismore radicaltypeofneoliberalism. Alreadyin1979Foucault registersits""differ- ently rigorous or differently complete and exhaustive radicality,"" before RonaldReaganandMargaretThatcherchanneledneoliberalismpolitically astherationalitythatcametodominategoverningthroughthenextdecades tillourpresent(N,p.248).3Concurrentlywiththisascendanceofneoliber- alism,economicinequalityintheUShasregressedtotheextravagantlevels ofthe1920s.Yetitshouldnotbesurprising,sothechargegoes,ifFoucault's workappearssterileinthefaceofthesedevelopments.Foucault'slectureson American neoliberalism reveal that this critical impotence is no accident. ForinhisanalysisoftheworkofGaryBecker,akeyfigureoftheChicago School, Foucault welcomes and endorses the neoliberal rationality.4 No doubt,manyofFoucault'sfollowersarestrugglingindenialortryingtore- orientthemselvesbecausewenowknowthattheerstwhilecriticparexc"	
Tu 2024.pdf	23	Between Conformity and Dissent: Two Chinese Thinkers in Search of Esotericism Hang Tu		2024			68	HsiangLecturesonChinesePoetry|Shitelaosidelubiao	0	1	0	1	"Between Conformity and Dissent: Two Chinese Thinkers in Search of Esotericism Hang Tu In 1941, the émigré Leo Strauss (1899–1973) published a polemical essay titled ""Persecution and the Art of Writing"" in Social Research, a journal foundedbyagroupofrefugeescholarsintheUnitedStates.WhiletheNazi regimewasburningbooksandpersecutingprogressiveintellectualsinEurope, Strauss presented his thesis on esoteric writing as an intervention into the crisisofindependentthinkingundertotalitarianism.AccordingtoStrauss, heterodox thinkers of the Middle Ages had evaded censorship by ""writing betweenthelines,""thatis,bydeliberatelydeployingrhetoricalartificesinclud- ingsenselessrepetitions,strangedistractions,andmisleadingquotations,all ofwhichserveas""awakeningstumblingblocks""thatconfusethecensorwhile indicatingtothe""trustworthyandintelligent""pupilsofphilosophythepres- enceofsecretmessages.1Strausspresupposesavastgulfbetweenathought- lessandpotentiallyhostilecrowdandasecret,self-selectedrepublicofletters tiedtogetherbytheloveofwisdom.Addressingboththevulgarmassesand thegentlemen,anesotericthinkerskillfullywritesdouble-talk:ononelevel,a ""popular teaching of an edifying character"" that conforms to public deco- rumand,onanother,a""philosophicteachingconcerningthemostimpor- tantsubject""meanttoguidetheidentificationandformationofanintellec- tualelite(""P,""p.503).Inaword,resistancetoall-intrusive,ever-interfering tyrannyis""theminoritarianaffairofafew'thoughtfulmen'""ratherthanthe popularreactionofthedowntrodden.2 Unlessotherwisenoted,alltranslationsaremyown. 1. LeoStrauss,""PersecutionandtheArtofWriting,""SocialResearch8(Nov.1941):498,504, 491;hereafterabbreviated""P."" 2. GeorgesVanDenAbbeele,""ThePersecutionofWriting:RevisitingStraussandCensor- ship,""Diacritics27(Summer1997):4;hereafterabbreviated""PW."" 726 Hang Tu / Between Conformity and Dissent Sinceitspublication,this(in)famousesotericwritingproposalhasraised morequestionsthananswers.Somecritics,adoptingtherhetoricofpsycho- analysis,haveproposedthatStrauss—aJewishscholarbornintheheartland ofviciousanti-Semitism—mighthavesufferedfroma""persecutioncomplex.""3 Intellectual historians dismiss the ""pedagogical narcissism"" of Strauss's self- proclaimeddisciplesinNorthAmerica(""PW,""p.7),whosecleverorboring exegeses written to unveil the hidden truths to the chosen few conjure up the image ofa charlatan philosopher or,in the words of Miles Burnyeat, a ""Sphinx without a secret.""4 Worse yet, psychoanalytical theorists contend thattheconsciouswarpingoftruthinternalizescensorshipanddemonstrates ""tremendoussubserviencetothecensoringagency""(""PW,""p.11).""Doesnot thisform,whichgivesitsfieldtotruthinitsveryoppression,""asksJacques Lacan,""manifestacertainservitudeinherentinitspresentation""(quotedin ""PW,""p.11)?Mostimportantly,Strauss'spropositionsaboutthedeliberate encodingofpoliticalthinkinggoagainsttheverynotionofthemodernin- tellectual, a cultural and political ideal crystallized in Émile Zola's fierce ""J'accuse""attheoutsetoftheDreyfusAffair.5Th"	
Vaughn 2024.pdf	23	Unavoidable Slips: Settler Colonialism and Terra Nullius in the Wake of Climate Adaptation Sarah Elizabeth Vaughn	2022	2024			63	ThreadsandTraces	0	2	0	1	"Unavoidable Slips: Settler Colonialism and Terra Nullius in the Wake of Climate Adaptation Sarah Elizabeth Vaughn Thisarticlepresentsacasestudyinthecoordinationofthephysicalen- vironmentandhumaninterventionsinit.ThecaseisthatofGuyana,which wascolonizedbytheDutchandthentheBritish.TheDutch,likeothercol- onizers in the Middle East, and elsewhere in the Global South, may have thought of Guyana as terra nullius, land that was considered to be waste andemptybecausetheydidnotrecognizethatithadalreadybeenclaimed byIndigenous peoples. John Locke'sinfluential accountof property made a distinction between terra nullius and property and argued that only the inmixingoflaborcouldconvertlandintoproperty.1Seeingthesea-landbor- derasterranulliusunderwrotethe""improvements""thatcolonizingnations undertook and led them to expand poldering, the method of reclaiming coastal land below sea level that the Dutch hadlong practiced in their own country.Ontheonehand,thecolonizersignoredandoverwroteIndigenous practices.Ontheother,theveryprojectofmaintainingtheseawallscontrib- utedtotheGuyaneseexpansionofengineeringknowledge. Guyanese engineers, trained both in international apprenticeships and hands-onlocalexperience,developedanunderstandingofthegeologicalac- tivitythatmadeithardtomaintaintheseawallsandtheriprapofstonesthat hedged the unstable sea-land border against erosion. Guyanese engineers cametorecognizethattheseawallswerenotmerelychallengedbythesea.As SomepassagesofthisarticleappearinSarahE.Vaughn,""ErosionbyDesign:RethinkingIn- novation,SeaDefense,andCredibilityinGuyana,""ComparativeStudiesinSocietyandHistory 64,no.4(2022):849–77. 1. SeeJohnLocke,SecondTreatiseofGovernment,ed.C.B.Macpherson(Indianapolis,Ind., 1980). theysoughtacauseforapparentlysurprisingincidentsoffailureinthesea- walls,theycametounderstandthatthelanditselfwasmadeupofaclaythat wasparticularlyvolatileandsoliabletoslippagethatthewordslipcametobea regular noun for engineers. River flooding itself contributed to liquify that clay and weakened the seawall from within the land-sea barrier. Moreover, the engineers' ever-increasing knowledge ofthe activityofthe clayey soilin thepresentledthemtorecognizethecontinuitiesbetweenitanditsgeological ancestor,depositsofoilandgasintheseabed. Against this backdrop, this article focuses on Guyanese efforts in the postcolonialpresenttoaddressenvironmentalissuesthathavebecomein- creasinglycomplexinthefaceofanawarenessofclimatechange.Itopens withanaccountofhowthepreservationofIndigenousforestscontributes tointernationaleffortstoreducecarbon,whilemakingvisibletheinstabil- ity that the discovery of oil and gas reserves in the seabed might portend for theGuyanese economy. Rather thanarguing for theclaims of thepre- Anthropocene Earth, the article suggests how many factors are at play in developing policy in the present, in an era of heightened awareness of the different forces in a changing climate. One evening in late 2009, local media and civic leaders packed into a Guyanese"	
Veg 2020.pdf	19	Resisting Enchantment, Questioning Aestheticism: Modern Chinese Literature and the Public Sphere Sebastian Veg		2020			44	James Scott|Xiezuo de|also Chen	1	0	0	0	"Resisting Enchantment, Questioning Aestheticism: Modern Chinese Literature and the Public Sphere Sebastian Veg Thepowertoenchantareaderthroughhisorherwillingsuspensionof disbeliefisacharacteristicoffictionandrevealsagenealogicalentanglement ofthegenrewithpoweritself.Forexample,CliffordGeertzhasarguedthat politicalorderrelieson""masterfictions""thatnarrateorperformthesacred centerofpowerfoundinpremoderncontexts.1However,atmanypointsin the past, and perhaps more frequently in modern times, fiction has also soughttousethespecificnatureofthebeliefitgeneratestoquestionideology ormoralnorms.Fromananthropologicalperspective,fictionmaybechar- acterizedbyakindofdoublebind:itsabilitytofosterbeliefandimmersion makesitauniquelyefficienttooltopropagatepoliticalnarratives;itsspecific statusasagameofmake-believealwaysintroducesskepticismandcontesta- tion.Modernistandpostmodernistworkshavemadethefullestuseoffic- tion'sgenericpowerofcontestation. IntheChinesecontext,studieshavetraditionallypointedtotheexpecta- tionthataestheticexperiencesshouldhaveaharmonizingeffectonsociety (anargumentHaunSaussy'sreadingof Xunziqualifiesinhiscontributionto thepresentissue).2Arelatedandcommonapproachtothestudyofmodern Chinese literature highlights how writers of the May Fourth period (1915– 1927)usedfictiontochampionanideologybasedondemocracyandgreater Unlessotherwisenoted,alltranslationsaremyown. 1. CliffordGeertz,""Centers,KingsandCharisma:ReflectionsontheSymbolicsofPower,"" inLocalKnowledge:FurtherEssaysinInterpretiveAnthropology(NewYork,1983),p.146. 2. SeeHaunSaussy,""MusicandEvil:ABasisofAestheticsinChina,""CriticalInquiry46 (Spring2020):482–95. equality within Chinese society (first advocated by Liang Qichao in 1902), very much in the manner of such nineteenth-century European standard- bearersofrevolutionasVictorHugo,whosenovels,inWalterBenjamin'sfa- mouswords,unfurledthebannerofrevolutionoverthemanofthecrowds.3 The scholar and critic Wang Xiaoming has pointed out that, in the 1910s and 1920s, Chen Duxiu and the editors of New Youth, most of whom were not writers themselves, ""stressed the instrumental function of writing"" and ""didnotfullyrealizetheparticularnatureofliteratureitself.""4Thismustbe accounted a lost opportunity, for ""nothing other than a comprehension of thespecialnatureofliteratureonthepartoftheintellectualscouldhavepro- videdanescapefromanunthinkingdevotiontoevolutionismanddetermin- ism.""5Onaslightlydifferentnote,asBanWangsuggestsinhisessay,LuXun's praiseofMarapoetrycanbereadbothasacritiqueofcontemporarypolitics andareestablishmentoftheconnectionbetweensublimeaestheticsandno- ble moral sentiments.6 This connection was both reaffirmed and reified, GloriaDaviesargues,whenformulaiclanguagebecameawayofshrinking theworldtoasetofreductiveoppositionsduringtheMaoera.7 Other critics, however, have dwelled on specific modernist and self- reflexive techniques in May Fourth literature that aim to break this hege- monicenchantmentandmakethereaderquestionthecredibilityofthenar- "	
Wang 2020.pdf	19	Aesthetics, Morality, and the Modern Community: Wang Guowei, Cai Yuanpei, and Lu Xun Ban Wang		2020			37	WarriorsoftheSpirit	2	0	0	0	"Aesthetics, Morality, and the Modern Community: Wang Guowei, Cai Yuanpei, and Lu Xun Ban Wang Inthelastthreedecades,influentialcommentatorsonChineseaesthetics suchasLiZehouhavetendedtotreatpoeticsasadistincttopicinitsown rightandtovalorizecertainliteraryformsasiftheytranscendedtheirsocio- politicalenvironments.Inhisacclaimed1981work,ThePathofBeauty,Li,a Marxianaesthetician,defendedthelifestyleandwritingsofliteratiintheWei andJindynasties(220–266CE,265–420CE)asevokinga""humanisttheme."" ThoughLiwasgenerallyapoliticallyengagedwriter,hearguedthatWei-Jin poeticsdepartedfromtheimperialideologyoftheHandynastyinatimeof statecollapsetorevelinpoeticlicenseandbehavioraleccentricity,givingrise to a ""pure"" mode of philosophy and genuinely lyrical and affective litera- ture.1 This seemingly apolitical aesthetic of the ""expressive and affective"" gainednewrespectabilityinthe1980sinreactiontothehighlypoliticizedlit- eratureofMao-eraandCulturalRevolutionartworks.Indeedthe""affective- expressive""modehaslongbeenregardedasthehallmarkofChinesepoetics.2 Thispoeticsevincesaprimaryfocusontheexpressionofinnerfeelingsandin- tentsratherthanontherepresentationofdramaticaction.HaunSaussy'sread- ingofXunzisuggests,however,thattheallegedexpressivemodeturnsoutto bequitemimetic—ofanidealritualisticactivity.Aestheticsisnotaboutartper senoraboutwhatisbeautiful.""Good""musicpromotescollectiveritualand Unlessotherwisenoted,alltranslationsaremyown. 1. LiZehou,Meidelicheng(美的歷程,ThePathofBeauty)(Beijing,1981),p.87. 2. QuotedinHaunSaussy,""MusicandEvil:ABasisofAestheticsinChina,""CriticalInquiry 46(Spring2020):483. activitywiththegoalofpurginghumannature'sevilandunrulyinclinations.3 Morethanjustsoundandpatterns,musicisaestheticintermsofapolitical- aesthetic nexus: it serves an ideological function that immerses and directs the audience tothe rightpathofsocialbehaviorandthe right mindsetsre- quiredbythestate. The political-aesthetic nexus in Xunzi's understanding of music high- lightstheimportanceofpoliticalenchantment.TraditionalChineseaesthet- icsaddressestheconcernthatthepoliticalordercannotbefullysecuredand maintainedwithoutdailydosesofemotionalandsensuousenchantment.It maintainsthatthestateisinconstantneedofculturalandmoralreplenish- ment,soastoendowitwithanauraofmeaning,experience,andtheenchant- ment.Disenchantmentwouldmeantheseveranceofsensualexperiencefrom thevirtueandethosofthepoliticalorder. EversinceMaxWeber'sWissenschaftalsBeruf(1917),disenchantment has described the draining of meaningful experience in the secular process of modernity—thatis,thelossofexperienceschargedwithemotionalattach- menttocommunityandinfusedwithasacredaura.Politically,thetermde- scribesaconditionoftechnocraticmachineryandadministrativeprocedures staffedwith""specialistswithoutspirit.""Ethically,itdenotesthemindsetthat promptsindividualstomakearbitraryaestheticandpersonalchoiceswithout arationalbasisorsharedsensibilities,actingas""hedonistswithoutaheart.""4 WalterBenjaminwrotesimilarlyofdisenchantmentasthedisinteg"	
Wasielewski 2025.pdf	9	Critical Response V AI-Generated Images and Photography: fi The General and the Speci c Amanda Wasielewski	2023	2025			18	Wasielewski	0	0	1	0	"V AI-Generated Images and Photography: fi The General and the Speci c Amanda Wasielewski WhenIbeganwritingmyarticleinMarch2022,commercialtext-to-image generatorswereattheverystartofthehypecyclethathascontinuedtotoday (seeAmandaWasielewski,""UnnaturalImages:OnAI-GeneratedPhotographs,"" cernedwithdeepfake(thatis,photographic-looking)GAN-producedimages thantheproductsofdiffusionmodels.Manycouldseewhatwasonthehori- zon,butfewcouldhavepredictedhowquicklyitwouldcome.Theyearbefore, IfinishedComputationalFormalism,whichconsidershowautomatedanal- ysisofartworksusingmachinelearningisinflectedbyunremarkedbiases.1 WhenIwrotethebook,IthoughtIwasdealingprimarilywithadigitalhu- manitiesquestionforanicheaudience.Ayearlater,thelandscapechanged remarkably.Forscholarstoday,the""lifeanddeathimplications""ofphotog- raphyaremoreorlessamatterofconsensus.2Fewscholarsinthehumanities orsocialscienceswouldargue(or,rather,noonewouldgetawaywitharguing) thattheautomationofcategorization,generation,decision-making,andpro- ductionviaAItechnologiesdoesnotperpetuateexistingorcreatenewforms ofharminoursociety.ItwasmyexplicitaiminComputationalFormalismto 1. SeeAmandaWasielewski,ComputationalFormalism:ArtHistoryandMachineLearning (Cambridge,Mass.,2023). 2. BrookeBelisle,""PhotographyandAI:WhyItMatters,Though,""CriticalInquiry51(Winter 2025):401;hereafterabbreviated""P."" 424 Amanda Wasielewski / Rejoinder tacklesomeofthesequestionsincomputervisionresearchthataresopress- ingtohumanisticandsocialsciencesscholarshiponAI. TurningmorefullytogenerativeAIandforminrelationtophotography afterthiswasaconsciousstepbeyondtheobviousquestionsofpowerand positionalitythatdominatediscussionsofAItechnologiestoday.AsIhaveal- readyrepeatedlyaddressedthesequestionsandtheuseofdigitalphotographic representation as a stand-in for all varieties of things in contemporary ma- chinelearningapplications,Ibegantoworkonanexerciseinhistoricaland theoreticalcontextualization.3Iwas,aboveall,interestedinthecentralityof photographyinthefieldofcomputervisionandthenaturalizationofphoto- graphicimagesthatpersistsinthisfield.Theclassictheoreticaldebatesinpho- tographyremaincurrentinsofarasphotographycontinuestooccupyacentral roleasthedominantformofrepresentation.Atacomputervisionconference Irecentlyattended,whereIwasthelonehumanistintheprogram,Iaddressed some ofthese issues tothe researchers present, namely that thinking about representationmatterstothekindofanalysistheyperformandthattheiras- sumptionsof groundtrutharedifficulttosustainfromahumanisticpointof view.Iwasmetbybothbemusedcuriosityandshrugs.Computervisionand humanisticinquiryonautomatedimageanalysisarestillseparatedbyavast epistemicgulf. Approximately a year after I began work on this article, Boris Eldagsen made headlines for entering and winning the creative category in the Sony WorldPhotographyAwardsandthenwithdrawinghissubmission,admitting theimagewasAI-generated.Inhismediaroundspublicizingtheincident,he wasveryclearabouthispurposes:""OnethingIproposeistocleanupthet"	
Weatherby Justie 2022.pdf	35	Indexical AI Leif Weatherby and Brian Justie	2019	2022			76	JakobsonandMorrisHalle|alsoBrianCantwellSmith|potential icons	0	0	0	0	"Indexical AI Leif Weatherby and Brian Justie Ininvestigating historyweare notflicking throughaseries of""stills."" ...Any his- toricalmoment isbotha resultofpriorprocess andanindex towardsthedirection ofitsfuture flow.1 —E.P.Thompson The Digital Index: A World Below Weliveintheageofindexicalartificialintelligence.Dataandalgorithm combinetodirecttheflowofcommoditiesandlaborpower,imagesandmes- sages, through geographical and institutional space. Avant-garde AI algo- rithmscalledneuralnetsmanipulatehighvolumesofdata,forcingustoleave behindthesensethatdigitalcomputationisabstract,disembodied,heuristic. Thistechnologyhasbecomeacoreelementofglobalcapitalistinfrastructure, astheparsingofdataproducedondigitalplatformsdependsonthesealgo- rithms.Netsarecurrentlyusedintargetedadvertising,self-drivingcartech- nologies,pricingsystems,socialmedia,content-deliveryplatformslikeSpotify andNetflix,facialrecognition,medicalimaging,judicialconsulting—thelist goeson.2Thedangersforeconomicandracialjusticehavebeenwidelydem- onstrated,3butasweenterthepetabyteera—orperhapstheexabyteorzet- tabyteera—itseemsunlikelythatthepaceofadoptionwillslow.4 1. E.P.Thompson,""ThePovertyofTheoryorAnOrreryofErrors(1978),""ThePovertyof Theory&OtherEssays(NewYork,1978),p.64. 2. SeeJohnD.Kelleher,DeepLearning(Cambridge,Mass.,2019);hereafterabbreviatedD. 3. Thereisanenormousandrapidlygrowingliteratureonbiasindigitalsystems.SeeJulia AngwinandJeffLarson,""MachineBias,""ProPublica,23May2016,www.propublica.org/article /machine-bias-risk-assessments-in-criminal-sentencing;TimnitGebruetal.,""OntheDangers ofStochasticParrots:CanLanguageModelsBeTooBig?""FAccT'21:Proceedingsofthe2021 ACMConferenceonFairness,Accountability,andTransparency(Mar.2021):610–23;andFrank Pasquale,TheBlackBoxSociety:TheSecretAlgorithmsThatControlMoneyandInformation (Cambridge,Mass.,2016).Foranearlyperspicacioussource,seeWilliamH.Duttonand KennethKraemer,""AutomatingBias,""Society17,no.2(1980):36–41.SeealsoPaulBakerand AmandaPotts,""'WhyDoWhitePeopleHaveThinLips?'GoogleandthePerpetuationofSte- reotypesviaAuto-CompleteSearchForms,""CriticalDiscourseStudies10(May2013):187–204; SafiyaUmojaNoble,AlgorithmsofOppression:HowSearchEnginesReinforceRacism(NewYork, 2018);andKateCrawfordandTrevorPaglen,""ExcavatingAI:ThePoliticsofTrainingSetsfor MachineLearning,""19Sept.2019,www.excavating.ai 4. SeeChristopherRosol,JürgenRenn,RobertSchlögletal.,""OntheAgeofComputation intheEpochofHumankind,""Nature,28Nov.2018,www.nature.com/articles/d42473-018 -00286-8#ref-CR14.Foranimportantcorrectivetotheideathatthedataimaginaryemerged onlyaround2000,seeOritHalpern,BeautifulData:AHistoryofVisionandReasonsince1945 (Durham,N.C.,2014). 382 Leif Weatherby and Brian Justie / Indexical AI Computerswerebuilttohandlesymbolsassignedarbitrarilytoarrange- ments of hardware with sets of switches operating in rigid syntax. We hu- mansweresupposedtobethechannelthroughwhichtheanswerstoqueries flowed back into the world. The scientist at the terminal was supposed to groundtheoutputan"	
Wiemer 2025.pdf	27	""" fi "" Libraries as Academic Traf c Facilities : 1945 Interlibrary Loan Imaginations after Hannah Wiemer"		2025			74	WalterBauhuis	1	1	2	0	""" fi "" Libraries as Academic Traf c Facilities : Interlibrary Loan Imaginations after Hannah Wiemer Interlibrary Loan: Infrastructure, Network, and Traffic In 1947, Georg Leyh, alibrary scholar andthedirector oftheUniversity Libraryof Tübingen,drewupadevastatingassessmentofthestateoflibrar- iesinwar-tornGermany.The""irresponsiblyinstigatedwar""haddestroyed not only the collections and built infrastructure of individual libraries but also ""the highly elevated German library system as a whole.""1 The result was""anunparalleledcatastropheinthehistoryoflibrariesandinthehistory ofscience""(DW,p.5).Leyhbasedhisassessment onacollectivereporthe compiled on the state of German academic libraries. He writes about how inApril1946hesentquestionnairestomorethaneightyacademiclibraries in Germany, asking them to provide information on ""the condition of the building, the evacuation and return of holdings, book losses, catalogs, and staff""(DW,p.7).Leyh'sevaluationofthedestructionofthe""librarysystem asawhole""emergedfromthesedetailedreportsontheimpactwartimede- structionhadontheparticipatinglibraries. Facing this destruction, Leyh emphasized the systemic wholeness of the German library system. For Leyh and many others, library cooperation, ThispaperwasoriginallypresentedattheUniversityofChicago'sTransnationalApproaches toModernEuropeWorkshop.IamespeciallygratefultoAliceGoff,RebeccaEpstein-Boley, andTahelGoldsmithfortheirinsightfulquestions,comments,andsupport.Mystayatthe UniversityofChicagowasmadepossiblebytheAlexandervonHumboldtFoundation,with DavidWellberyasmygenerousandsupportivesponsor.Iwouldalsoliketothanktheeditorial boardofCriticalInquiryfortheirvaluablesuggestionsandadvice. ThequotationinmytitleisfromGeorgLeyh,""ZudenGrenzfragendeswissenschaftlichen unddesmittlerenDienstes,""ZentralblattfürBibliothekswesen,60(1944):72.Unlessotherwise noted,alltranslationsaremyown. 1. Leyh,DiedeutschenwissenschaftlichenBibliothekennachdemKrieg(Tübingen,1947),pp.5,3; myemphasis;hereafterabbreviatedDW. 664 Hannah Wiemer / Interlibrary Loan Imaginations after 1945 especiallyintheformofinterlibraryloan,cametoplayanessentialroleinthe reconstructionofthatsystem,furthercementingimaginationsoftotalityand hopes that German libraries might come to function as an interlocking whole. Such dreams of totality are an integral part of library history, and effortstocoordinatelibraryactivitypredatethepostwarperiod.2Theywere implementedinanotably strikingmannerunderNaziculturalandeduca- tionalpolicies,whichincludedeffortstocreateanationalunioncataloglist- ing the entire collections of German academic libraries. This gargantuan projectwasnevercompleted,3butthedestructionmadetheneedforlibrary cooperationallthemoreurgent,andthepostwarreconstructionofinterli- braryloanservicesgavethesedreamsofaninterconnectedlibrarysystema peculiar bureaucratic as well as dynamic shape—while avoiding the politi- callycompromisednationalunioncatalogofthe1930s.Thepost-1945inter- libraryloansystemwasbureaucraticinitsattempt"	
Wilkinson 2021.pdf	1	After Lucretius John Wilkinson	2020	2021			0		0	0	1	0	After Lucretius John Wilkinson 29 April 2020 Thelightshavefallendumbandrefusetotravel, preservingtheiranglesisallthatconcernsthem; clotheshangintheircreases,whileinseed-banks weevilscurlupatthefutilityofspoilinggreenfurther. Thistimehadbeenexpectedtohavelegs,tomove formationsacrosstheplain.Thistimebelieveslove amovingforce,buttakesdelightandbandagesit, runsclosedcaptioningbehindcloseddoors.Whatif anelevatorlosespurpose,flashlightsfailtosearch, ifemptybusesvoidthetimetable–didyousurvive Rome'smaraudinggangs,didyousurviveplague? Loverstaketurnsroundapartments,seektobring stars to earth, starring the recesses of bodies plainly felt, might that stop the fever? – Courses deviate, theverybricksliftofftotouchskin,skinwillfloat songthatpulmonaryrises,fallsandrisesinthestreet. John Wilkinson is professor in the Department of English at the University of Chicago and director of the program in Creative Writing and the program in Poetry and Poetics.	
Wilson 2025.pdf	21	' Corroded with SCUM: Valerie Solanas s Theories of Mind Elizabeth A. Wilson		2025			45	JamesBarron	2	0	1	0	"' Corroded with SCUM: Valerie Solanas s Theories of Mind Elizabeth A. Wilson InalettertoAndyWarholinAugustof1967,ValerieSolanasreportsthat shehasalmostfinishedwritingtheSCUMManifestoandplanstostarthawk- ingitonthestreetsinthenextfewdays:""SCUM'sabouttogetintohighgear."" Theletteriswrittenfreneticallyinredpen.Multiplewordsarescribbledout, and she has left the letter unsigned. She seems excited or perhaps manic. Solanasanticipatesthatoncethemanifestohitsthestreets,""theworld'llbecor- rodedwithSCUM.""1Astimehaspassed,however,theworldseemslesscor- rodedbySCUMthanenlivened,inspired,andamusedbyit.Intheyearssince 1967,theSCUMManifestohasbecomeawell-regardedandwidelycirculated textinanglophonefeministliteratures.Nowmostlyanobjectofveneration,it isnotgnawingawayatthe worldwiththeintensitythatSolanaswishedfor. Returning to Solanas's corrosiveambitions for the manifesto, I will read for whatmightstillbedisruptiveaboutSolanas'stext:Howaretheconventions offeministscholarshipandpoliticsrazedbythisincendiarydocument? Paper Bag ValerieSolanastooktwogunsandapaperbagtotheFactorythedayshe shotWarhol.Inhisrecollectionsoftheshooting,Warholremembersseeing Solanaswiththepaperbagthatafternoon.Theywerewaitingtogetherinthe lobbyoftheDeckerBuildingfortheelevatortotakethemtothesixthfloor. Solanas was ""holding a paper bag and twisting it—bouncing a little on the ballsofherfeet.""2 1. ValerieSolanas,lettertoAndyWarhol,1Aug.1967,ArchivesCollection,TheAndyWar- holMuseum. 2. WarholandPatHackett,POPism:TheWarholSixties(NewYork,1980),p.342. 450 Elizabeth A. Wilson / Corroded with SCUM Therearedifferentaccountsofwhatwasinthepaperbag.FredHughes, oneof Warhol'sassistantsandawitnesstotheshooting,saidthathefound the paper bag after the police had arrived to search the crime scene. He claimed it had been left on a desk in the Factory, and it contained one of Solanas'sguns,her addressbook,and aKotex pad.3 Theofficialstatement made by Solanas to Assistant District Attorney Roderick Lankler that eve- ning,afterherarrest,indicatesthattherewereotheritemsinthebag: Q [Lankler]: Thesetwoboxesofcartridges,didyouhavethesewithyou? A [Solanas]: No. They were in a bag which was left at the studio. Q: And were these items also left in the bag? A: Right. Q: I am indicating a Social Security card and a PSICHI National Honorary Psychology card and a University of Md. Identification card.4 Whatcanwemakeofthissmalldetail:thaton3June1968,thedaysheshot Warhol,SolanaswascarryingherPsiChicard?Solanasearnedhermember- shiptothepsychologyhonorsocietyattheUniversityof Maryland,College Park, where she was a psychology major from 1954 to 1958. In the years be- tween 1958 and 1968 Solanas's life was somewhat itinerant: she was briefly a graduate student in a psychology master's program at the University of Minnesota(shedroppedoutinthespringof1959);shehitchhikedaround thecountryfora year,arriving inBerkeleyinthe summerof 1960;she re- turned to graduate school in New Jersey for the 1961–1962 academic year; andshemovedtoNew"	
Wu 2020.pdf	19	The Rivalry of Spectacle: A Debordian-Lacanian Analysis of Contemporary Chinese Culture Guanjun Wu		2020			33		1	0	0	0	"The Rivalry of Spectacle: A Debordian-Lacanian Analysis of Contemporary Chinese Culture Guanjun Wu Beauty Is Justice! AlongfeaturearticlebyJiayangFanrecentlyappearedintheNewYorker underthetitle""BeautyIsJustice.""1ItdiscussedthephenomenonofChina's obsessionwithbeautifiedselfiesandaftermorethaneightthousandwords reachedtheconclusionthat""[thebeautifyingapps]andthetrends[theyepit- omize]seemtobemovingChinainthedirectionofhomogeneity""(""B"").This is certainly a valid insight; however, there are other ramifications to be ex- plored.ItisnecessarytocarryoutadeeperanalysisofthetrendthatIwould liketocallChinabecomingaspectacularsociety.Thebeautified-selfiesobses- sionismerelyonepartofthistrend. China'seconomicrisesincethe2000shasbeencloselyaccompaniedbya firm determination to present itself as a spectacle. ""The spectacle,"" as Guy Debordwrites,""iscapitalaccumulatedtothepointthatitbecomesimage.""2 TheopeningceremonyofBeijing's2008OlympicGames,directedandstaged bytherenownedfilmmakerZhangYimou(張藝謀),featuringfifteenthou- sandperformersandlastingoverfourhoursattheBeijingNationalStadium, could be seen as the epitome of the trend of China's (self-)spectaculariza- tion.StevenSpielbergcalledtheceremony""anunforgettablespectacle""and ThispaperissupportedbytheNationalSocialScienceFundofChina(18ZDA017).Unless otherwisenoted,alltranslationsaremyown. 1. JiayangFan,""BeautyIsJustice,""NewYorker,18and25Dec.2017,www.newyorker.com /magazine/2017/12/18/chinas-selfie-obsession,hereafterabbreviated""B."" 2. GuyDebord,TheSocietyoftheSpectacle,trans.DonaldNicholson-Smith(NewYork,1995), p.24;hereafterabbreviatedSS. 628 Guanjun Wu / The Rivalry of Spectacle ""arguablythegrandestspectacleofthenewmillennium.""3PresidentGeorge W.Bushdescribedtheceremonyas""'spectacularandsuccessful,'""andPrime MinisterTonyBlairsaidthat""'thespectaculartoendallspectaculars...prob- ablycanneverbebettered.'""4Theceremonycomprisedtwopartstitled""Bril- liantCivilization""and""GloriousEra.""Thisopeningceremonycaptivatedlo- calspectatorsandwaswatchedbynearlyone-thirdoftheworld'spopulation. Atacostofoveronehundredmilliondollars,ZhangsuccessfullyturnedChi- nese Civilization—""the depths of the cultural heritage and ingenuity of the Chinesepeople,""toquoteSpielberg—intoagrandspectacle,ahighlyattrac- tive,eye-catchingobjectfortheworldaudience.5Thecreed""beautyisjustice"" (顏值即正義),thatwhatmeetstheeyeisoffirstandforemostimportance,issuch adeeplysharedconvictionincontemporaryChinathatiteventuallymadeits waytotheNewYorker.ThecivilizationalspectacleoftheOlympicGameswere, inasense,amanifestoofthiscreed. Letusnowshiftoureyesfromthecivilizationalspectaclepresentedatthe OlympicopeningceremonytotheChinesesingerandactorLuHan(鹿晗). Luwaslistedin2017asthesecondhighest-paidcelebrityinthe""ForbesChina Celebrity100""list,precededonlybytheactressFanBingbing(範冰冰).6The keytoLu'ssuccessishisKorean-style,(semi)androgynousappearance.7The case of Lu (and many Lu-alike stars), demonstrates the effectiveness of the ""beautyisjustice""creed,becauseintoday'sChinawhat"	
Yeager 2019.pdf	15	""" "" Protocol, or the Chivalry of the Object Stephen M. Yeager"		2019			25		0	0	1	0	""" "" Protocol, or the Chivalry of the Object Stephen M. Yeager Protocolsarestrategiesdesignedtoanticipateandmanageemergentcon- tingencies.Theconceptofprotocoloriginatedinthekeytransitionalperiod inthetwelfth-centuryinstitutionalliteracyofpost-RomanEurope.1Thises- sayaimstoaccountforacrucialbutrarelydiscussedattributeofprotocols: thattheycontainwithinthemprocessesofcriticalself-historicizationthat arefundamentaltotheirbasicauthorizingprocedures. Itisboththepri- maryobstacletoandtheprimarymotivefortheanalysisofprotocolsthat anycommentonthehistoryofaprotocolmusteitherdefendorcritique itscurrentconfiguration.Protocolsaretechniques,latentinthenatureof things,andsotheirauthorityisconstantlyexpiring.Thismeansthatwhen onecriticizesprotocolsrelentlesslyorevenrewritesthemdrastically,one will not only fail to subvert their original authority but will serve on the contraryasadefenderoftheirprinciplesandamechanismoftheirpersis- tence.Thisfactaboutprotocolsisenormouslyimportantfortheiranalysis andforthinkingaboutthewaysinwhichprotocolshaveshapedtheevo- lutionofsocietiesandculturesinthepastandinthepresent. InProtocol:HowControlExistsafterDecentralization AlexanderGallo- wayusestheconceptofprotocoltounpackthewaysinwhichtheapparent affordancesandfreedomsoftheinternetactuallyconstrainandcontrolin- ternetusers.WorkingwithtermsandconceptsfromGillesDeleuze's""Post- scriptonControlSocieties,""Gallowaydefinesprotocolasfollows:""Proto- colisalanguagethatregulatesflow,directsnetspace,codesrelationships,and connects life-forms. . . . Protocol is how control exists after distribution achieves hegemony as a formal diagram. It is etiquette for autonomous Unlessotherwisenotedtranslationsaremyown. 1. Foronedetailedstudyofemergentbureaucracyinthisperiod,seeM.T.Clanchy,From MemorytoWrittenRecord:England1066–1307(MaldenMass.,2013). 748 Stephen M. Yeager / Protocol agents.Itisthechivalryoftheobject.""2Thegnomic,emphasizeduseofthe termchivalryattheconclusionofthisdefinitionofprotocolisremarkable because it implicitly challenges Galloway's larger argument that protocol istheproductofpostindustrialpoliticalpowerstructuresandthetechno- logical affordances of digital networking. If protocol is chivalry, then by implication it predates not only the computer but also modernity itself, andthisalternativehistoricizationofprotocolthreatenstoundermineGal- loway'seffortstofindemancipatorypotentialindigitaltechnologywithin his Marxist and materialist framework. In the present essay, then, I will ground my larger point about protocols and their self-historicization in my contextualization and description of this contradiction in Galloway's argument,takingliterallytheextraordinaryphrase""[protocol]isthechiv- alryoftheobject""toconsiderhowitmaydescribebothhistoricalconnec- tions and formal parallels between the discourse of chivalry and the dia- gramofprotocol. WhenGallowayreferstoprotocolslikeTCP/IPasthe""chivalry""ofcom- puters,routers,andpackets,heevokesthecultivatedwarriorethosofme- dievalEurope,recor"	
Yu 2021.pdf	18	1684–1958 The Algorithm Concept, Mingyi Yu		2021			56	the film	1	1	1	1	"1684–1958 The Algorithm Concept, Mingyi Yu Thewordalgorithmhasbecomethedefaultdescriptorforanythingvaguely computationaltotheextentthatitappearssynonymouswithcomputingit- self.Itfunctionsinthisrespectasthemastersignifierunderwhichaspectrum ofsenseissubsumed,lessawell-definedandstableexpressionthantheve- hiclethroughwhichinnumerableconcernsareprojected.Commentingon thisnebulousquality,MassimoMazzottihasdubbedtheterm""asiteofse- manticconfusion.""Yet,ratherthan""engaginginataxonomicexercisetonorm theusageoftheword,""Mazzottiproposesthatamoregenerativeapproach would""consideritsflexible,ill-defined,andofteninconsistentmeaningsas aresource:amessymapofourincreasinglyalgorithmiclife""—thatis,heat- temptstotake""theomnipresent figureofthealgorithmasanobjectthatre- fractscollectiveexpectationsandanxieties.""1 Similarly,thisstudyhaslittlefondnessforsemanticdiscipline.UnlikeMaz- zotti,however,myfocushereisprimarilyhistorical:Howdidthealgorithm cometobesuchan""omnipresentfigure""?Whatwasatstakeinaligningthecom- putationalwiththealgorithmic?Suggestingthatthealgorithmconceptisli- abletohistoricalreconditioningrunsagainstthechallengeofthoroughlynat- uralizedassumptionsregardingitsreferent.Whenthedimensionofhistory isinvokedinrelationtothealgorithmic,thistendsinsteadtoentailananach- ronisticapplicationofcurrentconceptionsintoantiquity.Accordingtothese approaches,""algorithmshavebeenaroundsincethebeginningoftimeand existedwellbeforeaspecialwordhadbeencoinedtodescribethem.""2One Unlessotherwisenoted,alltranslationsaremyown. 1. MassimoMazzotti,""AlgorithmicLife,""LosAngelesReviewofBooks,22Jan.2017, lareviewofbooks.org/article/algorithmic-life/ 2. Jean-LucChabert,""Introduction,""inChabertetal.,AHistoryofAlgorithms:Fromthe PebbletotheMicrochip,trans.ChrisWeeks,ed.Chabert(NewYork,1999),p.1. especiallynotableinstanceofthis:DonaldKnuthbeginshisinfluentialtext- bookonTheArtofComputerProgramming(1968)withadetourintomedi- eval Arabic mathematics, a rhetorical maneuver conducted not out of any deep concern for insights offered by historical perspective but in order to planthisapproachtoalgorithmicanalysiswithinanextendedpedigree,ef- fectivelysmoothingoverdiscontinuitiesbetweeninstances.3Insuchdiscourse, itis""assumedthatwordshadkepttheirmeaning,thatdesiresstillpointedin asingle direction,andthat ideasretainedtheirlogic"";4itis,forexample,as- sumedthatEuclid'salgorithmnowisequivalenttoEuclid'salgorithmthen— nevermindthatthisworddidnotexistinEuclid'stime. Iintendtopursuetheopposite.Inhistoricizingratherthannaturalizing the algorithm concept, I will be following it as a signifier, not presupposing anunderlyingsignificance—examininghowitcanbeused,ratherthande- finitivelyestablishingwhat ismeant.JustasMichelFoucault'sgenealogiesof singlewordsindicateaconsistentproblemasitunfoldsoverarangeofde- ployments(suchasparrēsia[truth-telling]),5heretoofollowingaconcept's movementrevealsagitationacrossfieldsofsubjectpositions,modesofad- dress,anddistributionsof knowledge;theavailabilityof languageyieldsth"	
Zervigón 2023.pdf	37	Visible Yet Transparent: The Lens in Nineteenth-Century Photographic Cultures Andrés Mario Zervigón		2023			57	FirstExposures|Italy|photogra- phy	1	1	0	1	"Visible Yet Transparent: The Lens in Nineteenth-Century Photographic Cultures Andrés Mario Zervigón In1834,theIrish/BritishauthorMaryBoddingtonpublishedabookre- flectingonhergrandtouroftheEuropeancontinent.Thelightheartedness of her Slight Reminiscences extends to a travel companion who one day wadesintoaSwissAlpinestreamtorecoverawaywardpicnicnapkin,radi- antlyhappy with the successofher effort. AsBoddington muses: ""What a delicious thing it is to be young, and to see every thing through rose- colouredglasses!""1Thirtyyearslater,ThomasHughespublishedTomBrown at Oxford, which similarly reflects on one of the story's protagonists and his inability tosee the multivalent value of his surroundings: ""Oxford was asortofUtopiatothecaptain...[who]continuedsteadilytobeholdtowers, andquadrangles,andchapels,andtheinhabitantsofthecolleges,through rose-colored spectacles.""2 Central to these short passages is a curious but well-worn metaphor of happy eyewear. Lenses, the expression suggests, maycasttheworldinafelicitousshadeofpink.Buttheydosoattheexpense ofwarpinghumanperceptionandexcusingonetothinkthatnarrowedvi- sionisinfactcorrected. Today the general public may think less about the potentially mislead- ing effects of lenses given that digital technologies and social media now draw many of our anxieties about visual deception.3 But as Tom Gunning 1. MaryBoddington,SlightReminiscencesoftheRhine,Switzerland,andaCornerofItaly, 2vols.(London,1834),1:185. 2. ThomasHughes,TomBrownatOxford,2vols.(NewYork,1860),1:324.IthankColin JagerfordrawingmyattentiontoboththistextandthepreviouslycitedbookbyBoddington. 3. Foranexcellentdiscussionofthisproblemintherealmofsocialmediaandspecifically memeculture,seeSabineKriebel,""MontageasMeme:LearningfromtheRadicalAvant- Gardes,""inArtandResistanceinGermany,ed.DeborahAscherBarnstoneandElizabethOtto has noted, centuries past saw ""a longstanding prejudice against lenses, which were traditionally viewed as devices for tricking rather than aiding the eye—as barriers to truth and means of distortion rather than tools of knowledge.""4 The lens, by his historical reckoning, has a troubled history that may be less apparent to us today. Correspondingly, eyeglasses resting onthetopofournosesquietlyadjustourvisionuntilwereachtoremove themattheday'send,unawareoftheirchargedhistory.Onemaytherefore ask,Whenwasthelensnormalizedasaninconspicuouscorrectorofvision ratherthanablatantdeceiver?Andwhatweretheconsequencesofthisin- visibility for our understanding of the vision that lenses actively mediate? When,toreferenceBoddingtonandHughes,didtheylosetheirrosecolor and become transparent and to what effect? This article extends the history to which Gunning tips his hat and ex- plorestheeffective disappearance ofthelensfrom popularimagination in thelatterdecadesofthenineteenthcentury.Itspotlightsthetoolmostre- sponsible for defining well-worn standards for focus and clarity but also mostinconspicuous foritsroleinforgingthatsameparadigm: thephoto- graphicl"	
Zhang 2022.pdf	17	' Max Weber s Confucian Care of the Self Chunjie Zhang		2022			42	Weber	1	0	0	0	"' Max Weber s Confucian Care of the Self Chunjie Zhang Amajorthinkerofthetwentiethcentury,MaxWeberisprobablybetter known as the source of a set of controversial Weberianisms. His name is burdenedwithideologicalandpoliticalinterpretationsfromdifferentsides. Tonamejustafew:whilerecognizingWeber'seffortinestablishingparlia- mentarydemocracyinGermany,thehistorianWolfgangJ.Mommsencri- tiqueshimforimperialism,nationalism,andanundifferentiatedconceptof charismaticleadership.1TheFrankfurtSchoolphilosopherHerbertMarcuse accusesWeberofconnectingrationalitytothedestinyoftheWestandBis- marck's Germany and deplores Weber's distance from the socialist move- ment.2Morerecently,Weberhasalsobecomeatargetofdecolonizingschol- arshipandhasbeencritiquedforhisEurocentricinstitutionalismaswellas thecultural-racistandnational-chauviniststatementshemadeaboutPolish laborersinGermanyinhis1895Freiburginauguraladdress.3 Since the end of the global cold war, Weber's thesis in The Protestant EthicandtheSpiritofCapitalism,thattheProtestantrationalistworkethic andasceticismwerenecessarypreconditionstoindustrialcapitalism,hasof- tenbeentakenasjustifyingWesternculturalandeconomicsuperiorityand IwouldliketothankDominicSachsenmaierandEdithHankefortheirinsightsandhelp, andIamindebtedtoHaunSaussyforhisvigorousintellectualinspiration.Unlessotherwise noted,alltranslationsaremyown. 1. SeeWolfgangJ.Mommsen,MaxWeberandGermanPolitics,1890–1920,trans.MichaelS. Steinberg(Chicago,1984). 2. SeeHerbertMarcuse,""IndustrializationandCapitalism,""NewLeftReview30(Mar./Apr. 1965):3–17. 3. SeeAndrewZimmerman,""DecolonizingWeber,""PostcolonialStudies9(Aug.2006):53– 79,andJohnM.Hobson,""DecolonizingWeber:TheEurocentrismofWeber'sIRandHistori- calSociology,""inMaxWeberandInternationalRelations,ed.RichardNedLebow(NewYork, 2017),pp.143–71.ZimmermanalsoenumeratesawiderangeofWeberdefenders,including TalcottParsons,GuentherRoth,BenjaminNelson,andReinhardBendixaswellasWeber's NazicriticssuchasCarlSchmittandChristophSteding. hasaccordinglybeenquestionedanddismissed.Atthesametime,however, Weber'sscathingcriticismofProtestantrationalismandhispessimismto- wardWesterncapitalismhavenotbeenproperlyrecognized.Indeed,Weber wasactivelylookingtootherculturessuchasChinaforanalternativetocap- italismandProtestantism,exemplifiedinhistreatiseConfucianismandTao- ism.Thereheglimpsedasocialandspiritualorderfromtheperspectiveof the individual, something he calls a way of life (Lebensführung). Weber's statement about the unique combination of Protestantism and capitalism isthusnotnecessarilyself-congratulatorypraiseoftheWestbutratheracri- tique.SetattheconjunctionofChineseintellectual,religious,andeconomic history, Confucianism and Taoism has been read by some as a sociological studythatevidencesWeber'sthesisaboutrationalistcapitalismanditsab- senceinChina.Inthiscase,scholarseitherpositivelyrecognizeitasanother proofofWesternsuperiority(asdoesTalcottParsons),analyzeitasWeber's contributiontocomparativeculturaltheory,orcritiqueitsEurocen"	
Žižek 2021.pdf	5	Is Barbarism with a Human Face Our Fate? Ž ž Slavoj i ek	2020	2021			7		1	1	0	0	"Is Barbarism with a Human Face Our Fate? Ž ž Slavoj i ek 18 March 2020 ThesedaysIsometimescatchmyselfwishingtogetthevirus—inthisway, atleastthedebilitating uncertaintywouldbeover.Aclearsign ofhowmy anxietyisgrowingishowIrelatetosleep.UntilaroundaweekagoIwasea- gerlyawaitingtheevening:finally,Icanescapeintosleepandforgetaboutthe fearsofmydailylife.Nowit'salmosttheopposite:Iamafraidtofallasleep sincenightmareshauntmeinmydreamsandawakenmeinpanic—night- maresabouttherealitythatawaitsme. What reality? These days we often hear that radical social changes are neededifwereallywanttocopewiththeconsequencesoftheongoingepi- demics(Imyselfamamongthosespreadingthismantra)—butradicalchanges arealreadytakingplace.Thecoronavirusepidemicconfrontsuswithsome- thingthatweconsideredimpossible;wecouldn'timaginesomethinglikethis reallyhappeninginourdailylives—theworldweknewhasstoppedturning around,wholecountriesareinalockdown,manyofusareconfinedtoone's apartment(butwhataboutthosewhocannotaffordeventhisminimalsafety precaution?),facinganuncertainfutureinwhich,evenifmostofuswillsur- vive,aneconomicmegacrisisliesahead.Whatthismeansisthatourreaction toitshouldalsobetodotheimpossible—whatappearsimpossiblewithin thecoordinatesoftheexistingworldorder.Theimpossiblehappened,our worldhasstopped,and impossibleiswhatwehavetodotoavoidtheworst, whichis—what?(IowethislineofthoughttoAlenkaZupančič.) Idon'tthinkthebiggestthreatisaregressiontoopenbarbarism,tobrutal survivalist violence with public disorders, panic lynching, and so on. (Al- though,withthepossiblecollapseofhealthcareandsomeotherpublicser- vices,thisisalsoquitepossible.)Morethanopenbarbarism,Ifearbarbarism withahumanface—ruthlesssurvivalistmeasuresenforcedwithregretand evensympathybutlegitimizedbyexpertopinions.Acarefulobservereasily noticedthechangeintoneinhowthoseinpoweraddressus—theyarenot justtryingtoprojectcalmandconfidence,theyalsoregularlyutterdirepre- dictions:thepandemicislikelytotakeabouttwoyearstorunitscourse,and theviruswilleventuallyinfect60–70percentoftheglobalpopulation,with millionsofdead.Inshort,theirtruemessageisthatwe'llhavetocurtailthe basicpremiseofoursocialethics:thecarefortheoldandweak.(Italyhas already announced that, if things get worse, difficult decisions about life anddeathwillhavetobemadeforthoseovereightyorwithunderlyingcon- ditions.)1Oneshouldnotehowtheacceptanceofsuchalogicofthe""survival ofthefittest""violateseventhebasicprincipleofthemilitaryethicsthattells usthat,afterthebattle,oneshouldfirsttakecareoftheheavilywounded,even ifthechanceofsavingthemisminimal.(However,uponacloserlook,this shouldn't surpriseus:hospitals arealreadydoing the same thingwith can- cerpatients.)Toavoidamisunderstanding,Iamanutterrealisthere—one shouldevenplantoenableapainlessdeathoftheterminallyill,tosparethem the unnecessary suffering. But our priority should be, nonetheless, not to economize,buttohelpunconditionally,irrespectiveofcosts,thosewhoneed help,toenabletheirsurvival. SoIrespectfullydisagreewithGiorgioAgamb"	
