ol_work_key	ol_title	ol_author_name	goodreads_work_id	gr_primary_contributors	ol_author_key	ol_author_source_keys	redirect_applied	identity_status	matched_gr_name	matched_ol_name_raw	ol_evidence_type
/works/OL1002110W	The Besieged City	Lispector, Clarice.	581819	Qian Zhong Shu | Qian Zhongshu	/authors/OL93118A	/authors/OL93118A	0	UNRESOLVED			
/works/OL101509W	Dolly Madison	Mary Elizabeth Springer	1636683	Maud Wilder Goodwin	/authors/OL1209296A	/authors/OL1209296A	0	UNRESOLVED			
/works/OL10310635W	Guilty men	Cato.	17913433	Frances Weaver | Peter Oborne	/authors/OL4267537A	/authors/OL4267537A	0	UNRESOLVED			
/works/OL103386W	In the sixties	Harold Frederic	2354384	Barry  Miles	/authors/OL24181A	/authors/OL24181A	0	UNRESOLVED			
/works/OL10365583W	The land of gold	George G. Spurr	216480	Gillian Bradshaw	/authors/OL4291228A	/authors/OL4291228A	0	UNRESOLVED			
/works/OL10421473W	The Shadow Market	Netta Muskett	11955566	Eric J. Weiner	/authors/OL4325736A	/authors/OL4325736A	0	UNRESOLVED			
/works/OL10421479W	Candle in the Sun	Netta Muskett	10652215	Elisabeth Hamilton Friermood	/authors/OL4325736A	/authors/OL4325736A	0	UNRESOLVED			
/works/OL10421493W	Tamarisk	Netta Muskett	1531275	Claire Lorrimer	/authors/OL4325736A	/authors/OL4325736A	0	UNRESOLVED			
/works/OL10421500W	Living with Adam	Netta Muskett	1737062	Anne Mather	/authors/OL4325736A	/authors/OL4325736A	0	UNRESOLVED			
/works/OL10424304W	Among the Turks	Verney Lovett Cameron	1156623	Cyrus Hamlin	/authors/OL1181669A	/authors/OL1181669A	0	UNRESOLVED			
/works/OL10497432W	The Claverton Mystery	Cecil John Charles Street	4522990	John Rhode	/authors/OL6001513A	/authors/OL6001513A	0	OL_ALIAS_MATCH	John Rhode	John RHODE | John Rhode | john rhode	OL_ALTERNATE_NAME
/works/OL10510063W	The travel tales of Mr. Joseph Jorkens	Edward Plunkett	18963020	Lord Dunsany	/authors/OL39937A	/authors/OL39937A	0	DIRECT_NAME_MATCH	Lord Dunsany	Lord Dunsany	OL_NAME_OR_PERSONAL_NAME
/works/OL10536361W	Cat-in-the-manger	Phyllis Eleanor Bentley	1327309	Michael Foreman	/authors/OL1803283A	/authors/OL1803283A	0	UNRESOLVED			
/works/OL10563336W	The Secret of High Eldersham	Cecil John Charles Street	7862860	Miles Burton	/authors/OL6001513A	/authors/OL6001513A	0	OL_ALIAS_MATCH	Miles Burton	Miles Burton | miles burton	OL_ALTERNATE_NAME
/works/OL10591257W	Death at Swaythling Court	Alfred W Stewart	23748924	J.J. Connington	/authors/OL5634689A	/authors/OL5634689A	0	OL_ALIAS_MATCH	J.J. Connington	J J Connington | J J. Connington | J. J Connington | J. J. CONNINGTON | J. J. Connington | J.J Connington | J.J. Connington	OL_ALTERNATE_NAME
/works/OL10591258W	The Eye in the Museum	Alfred W Stewart	23542398	J.J. Connington	/authors/OL5634689A	/authors/OL5634689A	0	OL_ALIAS_MATCH	J.J. Connington	J J Connington | J J. Connington | J. J Connington | J. J. CONNINGTON | J. J. Connington | J.J Connington | J.J. Connington	OL_ALTERNATE_NAME
/works/OL10591262W	The Two Tickets Puzzle	Alfred W Stewart	23542399	J.J. Connington	/authors/OL5634689A	/authors/OL5634689A	0	OL_ALIAS_MATCH	J.J. Connington	J J Connington | J J. Connington | J. J Connington | J. J. CONNINGTON | J. J. Connington | J.J Connington | J.J. Connington	OL_ALTERNATE_NAME
/works/OL106043W	The little fire engine	Greene, Graham	41900	Lois Lenski	/authors/OL20243A	/authors/OL20243A	0	UNRESOLVED			
/works/OL10608554W	Genji monogatari	Murasaki Shikibu	10939671	Mark Young	/authors/OL365212A	/authors/OL365212A	0	UNRESOLVED			
/works/OL1064049W	Notre-Dame	Victor Hugo	46055768	Jean Bastide | Robin Recht | Robin Recht, Jean Bastide	/authors/OL107571A	/authors/OL107571A	0	UNRESOLVED			
/works/OL10641391W	Devil take the blue-tail fly	Gregory Tree	599685	John Franklin Bardin	/authors/OL2248940A	/authors/OL2248940A	0	DIRECT_NAME_MATCH	John Franklin Bardin	John Franklin Bardin	OL_NAME_OR_PERSONAL_NAME
/works/OL10649669W	The major	Ralph Connor	42014768	Cliff Happy	/authors/OL457425A	/authors/OL457425A	0	UNRESOLVED			
/works/OL10649676W	Breaking the record	Ralph Connor	54814117	Raleigh Ruebins	/authors/OL457425A	/authors/OL457425A	0	UNRESOLVED			
/works/OL107828W	Romance & legend of chivalry	A. R. Hope Moncrieff	1876686	Ascott Robert Hope Montcrieff	/authors/OL18175A	/authors/OL18175A	0	UNRESOLVED			
/works/OL1084997W	A Happy Boy	Bjørnstjerne Bjørnson	1936204	Bjornstjerne Bjornson	/authors/OL112761A	/authors/OL112761A	0	OL_ALIAS_MATCH	Bjornstjerne Bjornson	Bjornstjerne Bjornson | Bjornstjerne Björnson | Björnstjerne Björnson | Bjo̊rnstjerne Björnson | Björnstjerne Björnson	OL_ALTERNATE_NAME
/works/OL10859380W	Her soul to keep	Ethel Cook Eliot	16424531	Delilah Devlin	/authors/OL546980A	/authors/OL546980A	0	UNRESOLVED			
/works/OL10865603W	Mrs. Spring Fragrance	Edith Maud Eaton	512215	Sui Sin Far	/authors/OL4527204A	/authors/OL4527204A	0	OL_ALIAS_MATCH	Sui Sin Far	Sui Sin Far	OL_ALTERNATE_NAME
/works/OL1089935W	Brother man	Phillpotts, Eden	826429	Roger Mais	/authors/OL112970A	/authors/OL112970A	0	UNRESOLVED			
/works/OL1090091W	The horse fair	Baldwin, James	1210806	Robin Becker	/authors/OL112971A	/authors/OL112971A	0	UNRESOLVED			
/works/OL109158W	The night visitor and other stories	Bennett, Arnold	56169	B. Traven	/authors/OL29586A	/authors/OL29586A	0	UNRESOLVED			
/works/OL109338W	The black soul	O'Flaherty, Liam	947268	Liam O'Flaherty	/authors/OL29599A	/authors/OL29599A	0	OL_ALIAS_MATCH	Liam O'Flaherty	Liam O'Flaherty	OL_ALTERNATE_NAME
/works/OL109339W	The short stories of Liam O'Flaherty	O'Flaherty, Liam	5001839	Liam O'Flaherty	/authors/OL29599A	/authors/OL29599A	0	OL_ALIAS_MATCH	Liam O'Flaherty	Liam O'Flaherty	OL_ALTERNATE_NAME
/works/OL1096566W	The valley of shadows	Grierson, Francis	16219838	Mark Terry	/authors/OL113438A	/authors/OL113438A	0	UNRESOLVED			
/works/OL109815W	Four lectures	Trollope, Anthony	1670085	Stephen Rodefer	/authors/OL29698A	/authors/OL29698A	0	UNRESOLVED			
/works/OL1098485W	The Lord Fish	De la Mare, Walter	1283098	Walter de la Mare	/authors/OL113574A	/authors/OL113574A	0	DIRECT_NAME_MATCH	Walter de la Mare	Walter De la Mare	OL_NAME_OR_PERSONAL_NAME
/works/OL1098489W	Best stories of Walter de la Mare	De la Mare, Walter	1038678	Walter de la Mare	/authors/OL113574A	/authors/OL113574A	0	DIRECT_NAME_MATCH	Walter de la Mare	Walter De la Mare	OL_NAME_OR_PERSONAL_NAME
/works/OL1098492W	Desert islands and Robinson Crusoe	De la Mare, Walter	1625834	Walter de la Mare	/authors/OL113574A	/authors/OL113574A	0	DIRECT_NAME_MATCH	Walter de la Mare	Walter De la Mare	OL_NAME_OR_PERSONAL_NAME
/works/OL1098501W	Memoirs of a midget	De la Mare, Walter	5836	Walter de la Mare	/authors/OL113574A	/authors/OL113574A	0	DIRECT_NAME_MATCH	Walter de la Mare	Walter De la Mare	OL_NAME_OR_PERSONAL_NAME
/works/OL1104064W	Her son	Vachell, Horace Annesley	24159185	Edith Wharton	/authors/OL2962430A	/authors/OL2962430A	0	UNRESOLVED			
/works/OL11068500W	Marie de France	Marie	4572786	Emanuel J. Mickel	/authors/OL423185A	/authors/OL423185A	0	UNRESOLVED			
/works/OL1114914W	When rogues fall out	Joseph Hatton	5521474	R. Austin Freeman	/authors/OL114532A	/authors/OL114532A	0	UNRESOLVED			
/works/OL111597W	Dance Upon the Air	Robertson, Eleanor Marie	58217	Nora Roberts	/authors/OL18977A	/authors/OL18977A	0	DIRECT_NAME_MATCH	Nora Roberts	Nora Roberts	OL_NAME_OR_PERSONAL_NAME
/works/OL11240096W	Short Stories from the New Yorker	Irwin Shaw	10719188	The New Yorker	/authors/OL677865A	/authors/OL677865A	0	UNRESOLVED			
/works/OL11243769W	The wedge	Hermann Bacher Deutsch	24659586	William Carlos Williams	/authors/OL4708769A	/authors/OL4708769A	0	UNRESOLVED			
/works/OL1127983W	Susy	Bret Harte	45806144		/authors/OL115231A	/authors/OL115231A	0	UNRESOLVED			
/works/OL1128013W	Maruja	Bret Harte	2558196	Ema Wolf	/authors/OL115231A	/authors/OL115231A	0	UNRESOLVED			
/works/OL112804W	Jared's Island	Marguerite De Angeli	21910806	John R. Thayer	/authors/OL20520A	/authors/OL20520A	0	UNRESOLVED			
/works/OL1130349W	Pole star	Stewart Edward White	18680815	Josephine Myles	/authors/OL115388A	/authors/OL115388A	0	UNRESOLVED			
/works/OL1130407W	The silent places	Stewart Edward White	10474515	James Patrick Hunt	/authors/OL115388A	/authors/OL115388A	0	UNRESOLVED			
/works/OL1131838W	Great English short stories	John Hampden	358505		/authors/OL115505A	/authors/OL115505A	0	UNRESOLVED			
/works/OL1132264W	The historical novel	Matthews, Brander	6059515	George Saintsbury	/authors/OL115550A	/authors/OL115550A	0	UNRESOLVED			
/works/OL114610W	The secrets of Dr. Taverner	Violet M. Firth	684204	Dion Fortune	/authors/OL1055237A	/authors/OL1055237A	0	OL_ALIAS_MATCH	Dion Fortune	Dion Fortune	OL_ALTERNATE_NAME
/works/OL1148935W	A grain of wheat	Kagawa, Toyohiko	822355	Ngugi wa Thiong'o	/authors/OL116601A	/authors/OL116601A	0	UNRESOLVED			
/works/OL1157532W	Out of the flame	Osbert Sitwell	2887316	Eloise Lownsbery	/authors/OL117350A	/authors/OL117350A	0	UNRESOLVED			
/works/OL1161367W	The throne of Saturn	S. Fowler Wright	2914071	Allen Drury	/authors/OL5274364A	/authors/OL5274364A	0	UNRESOLVED			
/works/OL11619993W	The Case with Nine Solutions	Alfred W Stewart	17345804	J.J. Connington	/authors/OL5634689A	/authors/OL5634689A	0	OL_ALIAS_MATCH	J.J. Connington	J J Connington | J J. Connington | J. J Connington | J. J. CONNINGTON | J. J. Connington | J.J Connington | J.J. Connington	OL_ALTERNATE_NAME
/works/OL11619999W	Nordenholt's Million	Alfred W Stewart	6327013	J.J. Connington	/authors/OL5634689A	/authors/OL5634689A	0	OL_ALIAS_MATCH	J.J. Connington	J J Connington | J J. Connington | J. J Connington | J. J. CONNINGTON | J. J. Connington | J.J Connington | J.J. Connington	OL_ALTERNATE_NAME
/works/OL11676542W	Arthurian romances	Chrétien	438235	Chretien de Troyes	/authors/OL26183A	/authors/OL26183A	0	DIRECT_NAME_MATCH	Chretien de Troyes	Chrétien de Troyes	OL_NAME_OR_PERSONAL_NAME
/works/OL1167884W	The coming of the Lord	Sarah Gertrude Liebson Millin	1964619	Gerald N. Lund	/authors/OL118069A	/authors/OL118069A	0	UNRESOLVED			
/works/OL1167885W	The dark gods	Sarah Gertrude Liebson Millin	2640204	Anthony Roberts	/authors/OL118069A	/authors/OL118069A	0	UNRESOLVED			
/works/OL1167903W	King of the Bastards	Sarah Gertrude Liebson Millin	43403457	Brian Keene | Steven L. Shrewsbury | Steven Shrewsbury	/authors/OL118069A	/authors/OL118069A	0	UNRESOLVED			
/works/OL11696840W	The farmhouse	Helen Reilly	45439323	Rishi	/authors/OL2172616A	/authors/OL2172616A	0	UNRESOLVED			
/works/OL117003W	Letters from Egypt	Duff Gordon, Lucie	27501475	Lady Lucie Duff Gordon	/authors/OL1219403A	/authors/OL1219403A	0	OL_ALIAS_MATCH	Lady Lucie Duff Gordon	Lady Lucie Duff Gordon | Lady Lucie Duff-Gordon	OL_ALTERNATE_NAME
/works/OL117019W	A London story	Buchanan, George	18986267	Jack Lennard	/authors/OL1219438A	/authors/OL1219438A	0	UNRESOLVED			
/works/OL1175337W	The quest of the Holy Grail	Jessie Laidlay Weston	222463	Anonymous	/authors/OL2689435A	/authors/OL2689435A	0	UNRESOLVED			
/works/OL11759526W	West of the West	A. Ritchie Robson	6508796	Mark Arax	/authors/OL5002387A	/authors/OL5002387A	0	UNRESOLVED			
/works/OL1176863W	Sweepers	Charlton Waine	22479	P.T. Deutermann	/authors/OL118936A	/authors/OL118936A	0	UNRESOLVED			
/works/OL118407W	Onesimus	Edwin Abbott Abbott	10742589	Lance Webb	/authors/OL20585A	/authors/OL20585A	0	UNRESOLVED			
/works/OL1187682W	Modern Fiction	Herbert Joseph Muller	53414592	Virginia Woolf	/authors/OL119943A	/authors/OL119943A	0	UNRESOLVED			
/works/OL11888695W	Her son's wife	Dorothy Canfield	1362385	Dorothy Canfield Fisher	/authors/OL5094369A	/authors/OL5094369A	0	UNRESOLVED			
/works/OL11892834W	Uncharted seas	Eric Ward	3039233	Dennis Wheatley	/authors/OL5097456A	/authors/OL5097456A	0	UNRESOLVED			
/works/OL11898862W	On secret service	William Nelson Taft	497064	John Jakes	/authors/OL2318546A	/authors/OL2318546A	0	UNRESOLVED			
/works/OL1191020W	The great Mogul	Payne, Robert	40084494	Rajeev Jacob	/authors/OL120265A	/authors/OL120265A	0	UNRESOLVED			
/works/OL11944W	The bride's house	Dawn Powell	14588328	Sandra Dallas	/authors/OL6274279A	/authors/OL6274279A	0	UNRESOLVED			
/works/OL1195459W	Three tales	Frank O'Connor	1446318	Flaubert Gustav Flaubert | Gustave Flaubert | Peter Michael Wetherill | Samuel Silvestre de Sacy	/authors/OL120686A	/authors/OL120686A	0	UNRESOLVED			
/works/OL1196382W	The Case of the Abominable Snowman	C. Day Lewis	1801646	Nicholas Blake	/authors/OL120803A	/authors/OL120803A	0	OL_ALIAS_MATCH	Nicholas Blake	NICHOLAS BLAKE | Nicholas Blake | nicholas blake	OL_ALTERNATE_NAME
/works/OL1196407W	The smiler with the knife	C. Day Lewis	1801654	Nicholas Blake	/authors/OL120803A	/authors/OL120803A	0	OL_ALIAS_MATCH	Nicholas Blake	NICHOLAS BLAKE | Nicholas Blake | nicholas blake	OL_ALTERNATE_NAME
/works/OL1196409W	Thou Shell of Death	C. Day Lewis	1801658	Nicholas Blake	/authors/OL120803A	/authors/OL120803A	0	OL_ALIAS_MATCH	Nicholas Blake	NICHOLAS BLAKE | Nicholas Blake | nicholas blake	OL_ALTERNATE_NAME
/works/OL1196426W	Minute for murder	C. Day Lewis	701685	Nicholas Blake	/authors/OL120803A	/authors/OL120803A	0	OL_ALIAS_MATCH	Nicholas Blake	NICHOLAS BLAKE | Nicholas Blake | nicholas blake	OL_ALTERNATE_NAME
/works/OL1197099W	Bachelor-of arts	Erskine, John	1423842	R.K. Narayan	/authors/OL120838A	/authors/OL120838A	0	UNRESOLVED			
/works/OL1197883W	The little grey men	"""BB,"""	81700	B.B.	/authors/OL120927A	/authors/OL120927A	0	UNRESOLVED			
/works/OL1198310W	The silence of the sea =	Jean Bruller	18681469	Yrsa Sigurdardottir	/authors/OL120957A	/authors/OL120957A	0	UNRESOLVED			
/works/OL1198697W	Charlemagne and Roland	Ronald N. Walpole	3486566	Allan Massie	/authors/OL120994A	/authors/OL120994A	0	UNRESOLVED			
/works/OL120216W	The seashore book	E. Boyd Smith	2998513	Charlotte Zolotow	/authors/OL1237020A	/authors/OL1237020A	0	UNRESOLVED			
/works/OL1202191W	The ghosts' high noon	Carolyn Wells	915168	John Dickson Carr	/authors/OL121323A	/authors/OL121323A	0	UNRESOLVED			
/works/OL1204925W	The historical novel	Butterfield, Herbert	6059515	George Saintsbury	/authors/OL121645A	/authors/OL121645A	0	UNRESOLVED			
/works/OL1206495W	Elders and betters	I. Compton-Burnett	1467469	Quentin Bell	/authors/OL121846A	/authors/OL121846A	0	UNRESOLVED			
/works/OL1208452W	Wild river	Anna Louise Strong	6546777	P.J. Petersen	/authors/OL122079A	/authors/OL122079A	0	UNRESOLVED			
/works/OL121037W	Money for love	Herbst, Josephine	48998333	Peter S. Berman	/authors/OL19126A	/authors/OL19126A	0	UNRESOLVED			
/works/OL12107549W	Mr. Lincoln's wife	Polly Anne Colver Graff	3013619	Anne Colver	/authors/OL5246574A	/authors/OL5246574A	0	UNRESOLVED			
/works/OL121228W	Autobiography of Benjamin Franklin	Thornton W. Burgess	598905	Benjamin Franklin | John Bigelow | Mark Skousen	/authors/OL19164A	/authors/OL19164A	0	UNRESOLVED			
/works/OL12141196W	Swamp water	Vereen Bell	26173816	Robert Munsch	/authors/OL5268296A	/authors/OL5268296A	0	UNRESOLVED			
/works/OL1215556W	A short history of Germany	S. H. Steinberg	9655089	Mary Platt Parmele	/authors/OL122835A	/authors/OL122835A	0	UNRESOLVED			
/works/OL12186140W	Alkibiades	Charles Hamilton Bromby	1120157	Plato	/authors/OL5297260A	/authors/OL5297260A	0	UNRESOLVED			
/works/OL12199170W	The Carolinians	Annie L. Sloan	3193299	Jane Barry	/authors/OL5306226A	/authors/OL5306226A	0	UNRESOLVED			
/works/OL1228196W	The sacred river	L. A. G. Strong	24801680	Wendy Wallace	/authors/OL123913A	/authors/OL123913A	0	UNRESOLVED			
/works/OL122861W	It looks like this	Irma E. Webber	44385333	Rafi Mittlefehldt	/authors/OL1239122A	/authors/OL1239122A	0	UNRESOLVED			
/works/OL1230464W	Tristram	Kendon, Frank.	3321690	Edwin Arlington Robinson	/authors/OL124158A	/authors/OL124158A	0	UNRESOLVED			
/works/OL12313613W	On wings of destiny	Victoria Lopez de Araneta	1092580	Ching Yun Bezine	/authors/OL5395405A	/authors/OL5395405A	0	UNRESOLVED			
/works/OL12330859W	Next year	Harry Pick	54428390	Ruth Vander Zee	/authors/OL5408316A	/authors/OL5408316A	0	UNRESOLVED			
/works/OL1236292W	My lady Pocahontas	Cooke, John Esten	1685575	Kathleen V. Kudlinski	/authors/OL124792A	/authors/OL124792A	0	UNRESOLVED			
/works/OL1236820W	The most beautiful thing in the world	Swift, Fletcher Harper	42308625	Darnell Lamont Walker	/authors/OL124853A	/authors/OL124853A	0	UNRESOLVED			
/works/OL123816W	Raintree County	Ross Lockridge	249300	Ross Lockridge Jr.	/authors/OL1240736A	/authors/OL1240736A	0	OL_ALIAS_MATCH	Ross Lockridge Jr.	Ross Lockridge Jr. | Ross Lockridge,Jr	OL_ALTERNATE_NAME
/works/OL1238544W	Death of an Author	Cecil John Charles Street	491542	John Rhode	/authors/OL6001513A	/authors/OL6001513A	0	OL_ALIAS_MATCH	John Rhode	John RHODE | John Rhode | john rhode	OL_ALTERNATE_NAME
/works/OL12460671W	Spirit fire	Lereine Ballantyne	6173473	Glen R. Stott	/authors/OL3783377A	/authors/OL3783377A	0	UNRESOLVED			
/works/OL12484288W	The golden queen	Edward A. Sloane	325549	Dave Wolverton | David Farland	/authors/OL5521768A	/authors/OL5521768A	0	UNRESOLVED			
/works/OL1252065W	The heart of the wild	S. L. Bensusan	22290440	Francesco Nepitello | Gareth Ryder-Hanrahan	/authors/OL126446A	/authors/OL126446A	0	UNRESOLVED			
/works/OL1262018W	Gin and bitters	Jane Lane	55470017	John Gray	/authors/OL127437A	/authors/OL127437A	0	UNRESOLVED			
/works/OL12627W	The Secret Valley	Clyde Robert Bulla	7024527	Trevor Bolton	/authors/OL22548A	/authors/OL22548A	0	UNRESOLVED			
/works/OL12844W	The Bedside Book of Famous British Stories	Cerf, Bennett	5429091	Various	/authors/OL22585A	/authors/OL22585A	0	UNRESOLVED			
/works/OL12918615W	Pine Lake	Millie Magwood	55986495	Amanda Stevens	/authors/OL5848371A	/authors/OL5848371A	0	UNRESOLVED			
/works/OL1294478W	Young hearts	David Malets	41255752	Nick  Sweet	/authors/OL5550061A	/authors/OL5550061A	0	UNRESOLVED			
/works/OL1295622W	Rue Notre-Dame	Daniel Pezeril	1761740	Michel David	/authors/OL131483A	/authors/OL131483A	0	UNRESOLVED			
/works/OL13049709W	The king's arrow	H. A. Cody	624769	Michael Cadnum	/authors/OL1529942A	/authors/OL1529942A	0	UNRESOLVED			
/works/OL1333815W	Clerical error	C. E. Vulliamy	40773741	Robert Bevan	/authors/OL136037A	/authors/OL136037A	0	UNRESOLVED			
/works/OL1344552W	Ditte, daughter of Man	Martin Andersen Nexø	49543967	Arthur G. Chater | Martin Andersen Nexo | Richard Thirsk	/authors/OL137086A	/authors/OL137086A	0	OL_ALIAS_MATCH	Martin Andersen Nexo	Martin Andersen Nexo | Martin Andersen Nexö	OL_ALTERNATE_NAME
/works/OL1347392W	Some flowers	Sackville-West, V.	1801875	Vita Sackville-West	/authors/OL137459A	/authors/OL137459A	0	DIRECT_NAME_MATCH	Vita Sackville-West	Vita Sackville-West	OL_NAME_OR_PERSONAL_NAME
/works/OL136128W	Trips to the Moon	Lucian	3593172	Loukianos o Samosateus | Lucian of Samosata	/authors/OL44109A	/authors/OL44109A	0	DIRECT_NAME_MATCH	Lucian of Samosata	Lucian of Samosata	OL_NAME_OR_PERSONAL_NAME
/works/OL13718395W	Mrs. May	Thomas Le Breton	24661745	David Pick	/authors/OL6566964A	/authors/OL6566964A	0	UNRESOLVED			
/works/OL137351W	The truce of God	Mary Roberts Rinehart	293690	Robert Cantuar | Rowan Williams	/authors/OL22028A	/authors/OL22028A	0	UNRESOLVED			
/works/OL13738769W	Schoolgirl	Carman Barnes	17468674	Osamu Dazai	/authors/OL6581316A	/authors/OL6581316A	0	UNRESOLVED			
/works/OL13788283W	Can such things be?	William Gleeson	1232123	Ambrose Bierce	/authors/OL6628652A	/authors/OL6628652A	0	UNRESOLVED			
/works/OL13788284W	Vice and virtue	William Gleeson	16205902	Veronica Bennett	/authors/OL6628652A	/authors/OL6628652A	0	UNRESOLVED			
/works/OL13791871W	The light heart	Hewlett, Maurice Henry	343514	Elswyth Thane	/authors/OL18237A	/authors/OL18237A	0	UNRESOLVED			
/works/OL1395812W	Ferdinand And Isabella	Kesten, Hermann	48292007	Malveena McKendrick	/authors/OL143484A	/authors/OL143484A	0	UNRESOLVED			
/works/OL142081W	Wolfram von Eschenbach	Rachbauer, Mary Aloysia	17129761	Wolfram von Eschenbach	/authors/OL2074827A	/authors/OL2074827A	0	UNRESOLVED			
/works/OL1442138W	Inhale & exhale	Saroyan, William	24089724	Sarah M. Ross	/authors/OL151016A	/authors/OL151016A	0	UNRESOLVED			
/works/OL1458036W	Bras de Fer	Louis Gabriel-Robinet	21879203	Jerome Bourgine	/authors/OL154114A	/authors/OL154114A	0	UNRESOLVED			
/works/OL1483324W	No resting place	Niall, Ian.	5991308	William Humphrey	/authors/OL157917A	/authors/OL157917A	0	UNRESOLVED			
/works/OL14848044W	You can't escape	Faith Baldwin	42295341	Nancy Bush	/authors/OL19277A	/authors/OL19277A	0	UNRESOLVED			
/works/OL14848054W	The Office Wife	Faith Baldwin	42370457	Mimi Wilde	/authors/OL19277A	/authors/OL19277A	0	UNRESOLVED			
/works/OL14848758W	The thunderer	Frederick Schiller Faust	47193050	E. Barrington	/authors/OL2748402A	/authors/OL2748402A	0	UNRESOLVED			
/works/OL14848908W	Marbleface	Frederick Schiller Faust	4472498	Max Brand	/authors/OL2748402A	/authors/OL2748402A	0	OL_ALIAS_MATCH	Max Brand	Max Brand (pseud.)	OL_EXPLICIT_PSEUDONYM_ALIAS
/works/OL14848923W	Singing guns	Frederick Schiller Faust	4496633	Max Brand	/authors/OL2748402A	/authors/OL2748402A	0	OL_ALIAS_MATCH	Max Brand	Max Brand (pseud.)	OL_EXPLICIT_PSEUDONYM_ALIAS
/works/OL14848954W	The man from Mustang	Frederick Schiller Faust	4732881	Max Brand	/authors/OL2748402A	/authors/OL2748402A	0	OL_ALIAS_MATCH	Max Brand	Max Brand (pseud.)	OL_EXPLICIT_PSEUDONYM_ALIAS
/works/OL14848971W	The border kid	Frederick Schiller Faust	5565415	Max Brand	/authors/OL2748402A	/authors/OL2748402A	0	OL_ALIAS_MATCH	Max Brand	Max Brand (pseud.)	OL_EXPLICIT_PSEUDONYM_ALIAS
/works/OL14848973W	The fighting four	Frederick Schiller Faust	6901381	Max Brand	/authors/OL2748402A	/authors/OL2748402A	0	OL_ALIAS_MATCH	Max Brand	Max Brand (pseud.)	OL_EXPLICIT_PSEUDONYM_ALIAS
/works/OL1487535W	The rebel queen	Besant, Walter	56909508	J.D.   Smith	/authors/OL158906A	/authors/OL158906A	0	UNRESOLVED			
/works/OL1492608W	The silver cross	Eugène Sue	25376129	June Winton	/authors/OL159353A	/authors/OL159353A	0	UNRESOLVED			
/works/OL14942914W	Through Russia	C. J. Hogarth	2078313	Maxim Gorky				OL_AUTHOR_KEY_AMBIGUOUS			
/works/OL15009828W	A hole in the wall	Louisa May Alcott	46638137	Hans Wilhelm	/authors/OL26680A	/authors/OL26680A	0	UNRESOLVED			
/works/OL15042506W	Prairie-Dog Town	Baum, L. Frank	2055561	Bettye Rogers	/authors/OL23431A	/authors/OL23431A	0	UNRESOLVED			
/works/OL15053780W	Within the hollow crown	Margaret Campbell	3401709	Margaret Campbell Barnes	/authors/OL1314365A	/authors/OL1314365A	0	OL_ALIAS_MATCH	Margaret Campbell Barnes	Margaret Campbell Barnes	OL_ALTERNATE_NAME
/works/OL1506020W	Bird Girl	Flora Warren Seymour	20606939	Rob Waring	/authors/OL160581A	/authors/OL160581A	0	UNRESOLVED			
/works/OL15061204W	The Movie Star Mystery	Gertrude Chandler Warner	847416	Irene Kilpatrick	/authors/OL23048A	/authors/OL23048A	0	UNRESOLVED			
/works/OL15096909W	Spill the jackpot!	Erle Stanley Gardner	3275095	A.A. Fair	/authors/OL23222A	/authors/OL23222A	0	OL_ALIAS_MATCH	A.A. Fair	A A.Fair | A. A. Fair | A.A. FAIR | A.A. Fair | A.A.Fair | a. a. fair | a.a. fair	OL_ALTERNATE_NAME
/works/OL15126588W	Great German short novels and stories	Cerf, Bennett	93958	Victor, Ed. Lange	/authors/OL22585A	/authors/OL22585A	0	UNRESOLVED			
/works/OL1513720W	Tom Swift and his Motor Cycle	Howard Roger Garis	1635593	Victor Appleton	/authors/OL160777A	/authors/OL160777A	0	OL_ALIAS_MATCH	Victor Appleton	Victor Appleton	OL_ALTERNATE_NAME
/works/OL15138283W	Duck and his friends.	Kathryn Jackson	15991018	Heather Amery | Jenny Tyler | Stephen Cartwright	/authors/OL191519A	/authors/OL191519A	0	UNRESOLVED			
/works/OL15140363W	Frosty the snow man	Annie North Bedford	1413359	Walt Disney Company	/authors/OL247215A	/authors/OL247215A	0	UNRESOLVED			
/works/OL15140530W	The Gaunt Woman	Edmund Gilligan	18934655	John  Blackburn	/authors/OL2286607A	/authors/OL2286607A	0	UNRESOLVED			
/works/OL15143276W	In Sicily	Elio Vittorini	971373	Norman Lewis	/authors/OL289229A	/authors/OL289229A	0	UNRESOLVED			
/works/OL1515443W	Mirabeau	Pierre Nezelof	3956944	Paul Ferdinand Willert	/authors/OL160968A	/authors/OL160968A	0	UNRESOLVED			
/works/OL15160671W	Greatest short stories.	P.F. COLLIER & SON CORPORATION	40479612	Mulk Raj Anand	/authors/OL13593160A	/authors/OL13593160A	0	UNRESOLVED			
/works/OL15164397W	Those other people	Mary King O'Donnell	439491	Alice Childress	/authors/OL2214937A	/authors/OL2214937A	0	UNRESOLVED			
/works/OL1517797W	Portrait of a Spy	E. Temple Thurston	14870169	Dani'l Silva | Daniel Silva	/authors/OL161158A	/authors/OL161158A	0	UNRESOLVED			
/works/OL1517841W	Young Woodley	Van Druten, John	14062494	John Van Druten	/authors/OL161159A	/authors/OL161159A	0	DIRECT_NAME_MATCH	John Van Druten	John Van Druten	OL_NAME_OR_PERSONAL_NAME
/works/OL1518683W	The herdsman	Dorothy Clarke Wilson	27351950	Frank Roderus	/authors/OL161187A	/authors/OL161187A	0	UNRESOLVED			
/works/OL1519516W	Dolly Madison	Helen Albee Monsell	1636683	Maud Wilder Goodwin	/authors/OL161268A	/authors/OL161268A	0	UNRESOLVED			
/works/OL1520137W	Anne of Avonlea	James Reach	63845	L.M. Montgomery | Liusi-Mod Montgomeri	/authors/OL161305A	/authors/OL161305A	0	UNRESOLVED			
/works/OL15212844W	The danger zone	David, Lawrence.	57085185	D'Ann Lindun | Jennifer Lowery | Jude Ouvrard | Lyssa Layne | Melissa Keir | RaeAnne Hadley	/authors/OL32876A	/authors/OL32876A	0	UNRESOLVED			
/works/OL15217360W	Southwest	Armer, Laura Adams	4692478	John Houghton Allen	/authors/OL2190097A	/authors/OL2190097A	0	UNRESOLVED			
/works/OL15234302W	Secretum	Francesco Petrarca	2186260	Francesco Sorti | Rita Monaldi	/authors/OL77056A	/authors/OL77056A	0	UNRESOLVED			
/works/OL1524045W	Fantastica	Robert Malise Bowyer Nichols	2954898	Merel Roze	/authors/OL161711A	/authors/OL161711A	0	UNRESOLVED			
/works/OL1524054W	Flight of the swan	Margaret Ann Hubbard	316306	Rosario Ferre	/authors/OL161712A	/authors/OL161712A	0	UNRESOLVED			
/works/OL15251688W	Times Square	Cornell Woolrich	57571003	Jana Aston	/authors/OL2205533A	/authors/OL2205533A	0	UNRESOLVED			
/works/OL15255781W	Storm center	J. Walker McSpadden	1318500	Douglas Clark	/authors/OL32551A	/authors/OL32551A	0	UNRESOLVED			
/works/OL1526742W	The Common Law	Chambers, Robert W.	816001	Oliver Wendell Holmes Jr.	/authors/OL162057A	/authors/OL162057A	0	UNRESOLVED			
/works/OL1526994W	Defending the island	Otis, James	2401163	Norman Longmate	/authors/OL162073A	/authors/OL162073A	0	UNRESOLVED			
/works/OL1527226W	In great waters	Thomas Allibone Janvier	6494266	Kit Whitfield	/authors/OL162089A	/authors/OL162089A	0	UNRESOLVED			
/works/OL15312056W	The almosts	Helen. [from old catalog] MacMurchy	29400894	Em Barrett	/authors/OL6731394A	/authors/OL6731394A	0	UNRESOLVED			
/works/OL1531468W	Eagle-feather	Catherine I. Dodd	1447494	Clyde Robert Bulla	/authors/OL162491A	/authors/OL162491A	0	UNRESOLVED			
/works/OL1537051W	The house of the sphinx	Henry Ridgely Evans	10112271	Sarah Wisseman	/authors/OL163024A	/authors/OL163024A	0	UNRESOLVED			
/works/OL15376733W	Family Holiday	Robins, Denise	44420979	Patricia Burstein	/authors/OL232498A	/authors/OL232498A	0	UNRESOLVED			
/works/OL15379873W	The other girls	A. D. T. Whitney	17962945	Lola Pridemore	/authors/OL159674A	/authors/OL159674A	0	UNRESOLVED			
/works/OL15381081W	This One Night	Robins, Denise	6466478	Yvonne Whittal	/authors/OL232498A	/authors/OL232498A	0	UNRESOLVED			
/works/OL15383117W	How to Forget	Robins, Denise	16010143	Marius Brill	/authors/OL232498A	/authors/OL232498A	0	UNRESOLVED			
/works/OL15390983W	The Madness of Love	Robins, Denise	1701179	Katharine Davies	/authors/OL232498A	/authors/OL232498A	0	UNRESOLVED			
/works/OL15392193W	The Vagabond King	Justin H. McCarthy	18022518	James      Conway	/authors/OL2351509A	/authors/OL2351509A	0	UNRESOLVED			
/works/OL1539571W	The art of writing fiction	Mary Burchard Orvis	16269251	Andrew Cowan	/authors/OL163354A	/authors/OL163354A	0	UNRESOLVED			
/works/OL15399498W	Three Loves	Patricia Robins	1449733	A.J. Cronin	/authors/OL954025A	/authors/OL954025A	0	UNRESOLVED			
/works/OL15411681W	Such Is Love	Cook, Ida	5287468	Mary Burchell	/authors/OL892147A	/authors/OL892147A	0	DIRECT_NAME_MATCH	Mary Burchell	Mary Burchell	OL_NAME_OR_PERSONAL_NAME
/works/OL15415838W	Looking beyond	Ludwig A. Geissler	567561	James Van Praagh	/authors/OL2009888A	/authors/OL2009888A	0	UNRESOLVED			
/works/OL15423W	Salted with fire	MacDonald, George	25428322	Nancy LaRonda Johnson	/authors/OL23082A	/authors/OL23082A	0	UNRESOLVED			
/works/OL154396W	The Lost Valley	J. M. Walsh	17145632	Max Brand	/authors/OL2002725A	/authors/OL2002725A	0	UNRESOLVED			
/works/OL154592W	Despised & Rejected	Eunice Buckley	1736633	A.T. Fitzroy | R. Allatini	/authors/OL1978607A	/authors/OL1978607A	0	OL_ALIAS_MATCH	A.T. Fitzroy	A. T. Fitzroy	OL_ALTERNATE_NAME
/works/OL1551142W	Felicitas	Felix Dahn	42420001	Janusz A. Zajdel	/authors/OL165176A	/authors/OL165176A	0	UNRESOLVED			
/works/OL15515233W	The lost army	Thomas Wallace Knox	2866684	Valerio Massimo Manfredi	/authors/OL1085043A	/authors/OL1085043A	0	UNRESOLVED			
/works/OL15549635W	Black ivory	Polan Banks	3838978	R.M. Ballantyne	/authors/OL2188314A	/authors/OL2188314A	0	UNRESOLVED			
/works/OL15549895W	An inch of time	Norman, James	21484902	Peter Helton	/authors/OL1775956A	/authors/OL1775956A	0	UNRESOLVED			
/works/OL15605702W	Grania	Emily Lawless	292055	Morgan Llywelyn	/authors/OL729088A	/authors/OL729088A	0	UNRESOLVED			
/works/OL15675565W	The Clansman	Dixon, Thomas	1357600	Thomas Dixon Jr.	/authors/OL1156030A	/authors/OL3732953A	1	DIRECT_NAME_MATCH	Thomas Dixon Jr.	Thomas Dixon Jr.	OL_NAME_OR_PERSONAL_NAME
/works/OL156859W	My lady of Cleves	Margaret Campbell	3030503	Margaret Campbell Barnes	/authors/OL1314365A	/authors/OL1314365A	0	OL_ALIAS_MATCH	Margaret Campbell Barnes	Margaret Campbell Barnes	OL_ALTERNATE_NAME
/works/OL156861W	Brief gaudy hour	Margaret Campbell	2824134	Margaret Campbell Barnes	/authors/OL1314365A	/authors/OL1314365A	0	OL_ALIAS_MATCH	Margaret Campbell Barnes	Margaret Campbell Barnes	OL_ALTERNATE_NAME
/works/OL15690071W	The southerners	Brady, Cyrus Townsend	6831015	Edna L. Lee	/authors/OL1386096A	/authors/OL1386096A	0	UNRESOLVED			
/works/OL15742857W	Brave Companions	Ruth Adams Knight	6376	David McCullough	/authors/OL2171218A	/authors/OL2171218A	0	UNRESOLVED			
/works/OL15752016W	Escape to danger	Edward Buell Hungerford	2285217	Watson Jenkins	/authors/OL2099360A	/authors/OL2099360A	0	UNRESOLVED			
/works/OL1582988W	Great Short Stories	Wilbur Lang Schramm	29960023	Anton Chekhov	/authors/OL171270A	/authors/OL171270A;/authors/OL2974529A	1	UNRESOLVED			
/works/OL15839832W	Shifting winds	Leon Ware	6504130	Lex Valentine	/authors/OL1959072A	/authors/OL1959072A	0	UNRESOLVED			
/works/OL15846546W	Little Fox	Katharine L. Keelor	272394	Marilyn Janovitz	/authors/OL6925542A	/authors/OL6925542A	0	UNRESOLVED			
/works/OL15850648W	Strangers in the desert	Alice Dyar Russell	15287352	Lynn Raye Harris	/authors/OL6925705A	/authors/OL6925705A	0	UNRESOLVED			
/works/OL15854250W	The four friends	Eleanor Hoffmann	6823233	Carol Hoff	/authors/OL2206675A	/authors/OL2206675A	0	UNRESOLVED			
/works/OL15854836W	Bush holiday	Dale Collins	2825379	Stephen Fennimore	/authors/OL2241628A	/authors/OL2241628A	0	UNRESOLVED			
/works/OL15861181W	Lightfoot	Katherine Binney Shippen	54280124	Nicholas Jennings	/authors/OL6917149A	/authors/OL6917149A	0	UNRESOLVED			
/works/OL15866097W	Tod, of the fens	Elinor Whitney Field	2887323	Elinor Whitney	/authors/OL2008535A	/authors/OL2008535A	0	UNRESOLVED			
/works/OL15867922W	Hide-out	Thomas Morris Longstreth	15164587	Andreas Eschbach	/authors/OL1516911A	/authors/OL1516911A	0	UNRESOLVED			
/works/OL15870542W	Hide-out	Thomas Morris Longstreth	15164587	Andreas Eschbach	/authors/OL1516911A	/authors/OL1516911A	0	UNRESOLVED			
/works/OL15963205W	Shifting winds	Leon Ware	6504130	Lex Valentine	/authors/OL1959072A	/authors/OL1959072A	0	UNRESOLVED			
/works/OL16025353W	Beloved bondage	Yates, Elizabeth	3090683	Katharine Kincaid	/authors/OL23432A	/authors/OL23432A	0	UNRESOLVED			
/works/OL16057661W	Teen-age horse stories	A. L. Furman	45819410	David Thomas	/authors/OL150241A	/authors/OL150241A	0	UNRESOLVED			
/works/OL16059299W	The happy man and his dump truck	Miryam Yardumian	398572	Miryam	/authors/OL2248492A	/authors/OL2248492A	0	UNRESOLVED			
/works/OL16068101W	Paganini	Lillian Day	23636774	Paolo d'Antonio	/authors/OL2229992A	/authors/OL2229992A	0	UNRESOLVED			
/works/OL1617387W	Rosemary and Rue	Elizabeth W. Champney	6478937	Seanan McGuire	/authors/OL177275A	/authors/OL177275A	0	UNRESOLVED			
/works/OL16204340W	Romance & legend of chivalry	A. R. Hope Moncrieff	1876686	Ascott Robert Hope Montcrieff	/authors/OL18175A	/authors/OL18175A	0	UNRESOLVED			
/works/OL16243595W	Reveille	Angela Du Maurier	2619059	James Warner Bellah	/authors/OL2116119A	/authors/OL2116119A	0	UNRESOLVED			
/works/OL16257277W	The three things	Mary Raymond Shipman Andrews	47261402	Annie Ruygt	/authors/OL1099961A	/authors/OL1099961A	0	UNRESOLVED			
/works/OL16278676W	Luke Walton	Horatio Alger	1905248	Horatio Alger Jr.	/authors/OL316972A	/authors/OL316972A	0	DIRECT_NAME_MATCH	Horatio Alger Jr.	Horatio Alger, Jr.	OL_NAME_OR_PERSONAL_NAME
/works/OL16286484W	The Story of a Little Gray Mouse	Dorothy Sherrill	44092101	Dorothy Sherill	/authors/OL2180103A	/authors/OL2180103A	0	UNRESOLVED			
/works/OL16313241W	Thibaw's queen	H. Fielding-Hall	48164101	Harold Fielding	/authors/OL2541934A	/authors/OL2541934A	0	UNRESOLVED			
/works/OL16328373W	Gone west	Harriet McCrory Grove	17323043	Carola Dunn	/authors/OL9068037A	/authors/OL9068037A	0	UNRESOLVED			
/works/OL16333153W	Stories from English history	Albert F. Blaisdell	6626293	Hilda T. Skae | T. Hilda Skae	/authors/OL873572A	/authors/OL873572A	0	UNRESOLVED			
/works/OL16333632W	Too many women	Duncan Schwann	990743	Rex Stout	/authors/OL2529689A	/authors/OL2529689A	0	UNRESOLVED			
/works/OL16334970W	Horse tales	Mary Boyle	1151273		/authors/OL7048052A	/authors/OL7048052A	0	UNRESOLVED			
/works/OL1633746W	Great short stories from the world's literature	Charles Neider	54098036	Charles Neider-Editor	/authors/OL181680A	/authors/OL181680A	0	UNRESOLVED			
/works/OL1633753W	Short Novels of the Masters	Herman Melville	627353	Charles Neider	/authors/OL29497A	/authors/OL29497A	0	UNRESOLVED			
/works/OL163730W	The two sisters	H. E. Bates	42478260	M.M. Pollard	/authors/OL2166770A	/authors/OL2166770A	0	UNRESOLVED			
/works/OL16476421W	My heart remembers	William Addleman Ganoe	1257805	Kim Vogel Sawyer	/authors/OL2187623A	/authors/OL2187623A	0	UNRESOLVED			
/works/OL16537908W	He knew Lincoln	William Wasson	1074808	Ida Minerva Tarbell	/authors/OL7089132A	/authors/OL7089132A	0	UNRESOLVED			
/works/OL16583913W	The black horse	Carl Louis Kingsbury	4619581	Marianna Mayer	/authors/OL2383363A	/authors/OL2383363A	0	UNRESOLVED			
/works/OL16733201W	The autocrat of the breakfast table	Holmes, Oliver Wendell	769797	Oliver Wendell Holmes Sr.	/authors/OL114139A	/authors/OL114139A	0	DIRECT_NAME_MATCH	Oliver Wendell Holmes Sr.	Oliver Wendell Holmes, Sr.	OL_NAME_OR_PERSONAL_NAME
/works/OL16736996W	Chattanooga	F. A. Mitchel	18242949	Chet Raymo | Dan Raymo	/authors/OL2506865A	/authors/OL2506865A	0	UNRESOLVED			
/works/OL16741419W	A collection of short-stories	Lemuel Arthur Pittenger	576258	E.M. Forster	/authors/OL6805283A	/authors/OL6805283A	0	UNRESOLVED			
/works/OL16745862W	The dragon's daughter	Clyde C. Westover	42085814	Sharon   Honeycutt	/authors/OL2511573A	/authors/OL2511573A	0	UNRESOLVED			
/works/OL16748373W	The Eyrie	Bettie Freshwater Pool	2049963	Stevie Davies	/authors/OL2511426A	/authors/OL2511426A	0	UNRESOLVED			
/works/OL16759118W	The lay of Havelok the Dane	Walter W. Skeat	7060570	Unknown	/authors/OL1070041A	/authors/OL1070041A	0	UNRESOLVED			
/works/OL16788605W	With you always	Courtenay H. Fenn	19446554	Danielle Leibovici	/authors/OL2211579A	/authors/OL2211579A	0	UNRESOLVED			
/works/OL16816W	The smoky years	Alan Le May	894560	Alan LeMay	/authors/OL23225A	/authors/OL23225A	0	OL_ALIAS_MATCH	Alan LeMay	Alan LeMay	OL_ALTERNATE_NAME
/works/OL1684065W	Sab	Gertrudis Gómez de Avellaneda y Arteaga	293047	Gertrudis Gomez de Avellaneda | Jose Servera	/authors/OL190434A	/authors/OL190434A	0	UNRESOLVED			
/works/OL16840717W	Luke Walton	Horatio Alger	1905248	Horatio Alger Jr.	/authors/OL316972A	/authors/OL316972A	0	DIRECT_NAME_MATCH	Horatio Alger Jr.	Horatio Alger, Jr.	OL_NAME_OR_PERSONAL_NAME
/works/OL16843757W	The Magazine of fantasy and science fiction	C. S. Lewis	15623495	M. Rickert	/authors/OL31574A	/authors/OL31574A	0	UNRESOLVED			
/works/OL16864280W	Rupert's ambition	Horatio Alger	7016570	Horatio Alger Jr.	/authors/OL316972A	/authors/OL316972A	0	DIRECT_NAME_MATCH	Horatio Alger Jr.	Horatio Alger, Jr.	OL_NAME_OR_PERSONAL_NAME
/works/OL16885765W	Struggling upward, or, Luke Larkin's luck	Horatio Alger	1245729	Horatio Alger Jr.	/authors/OL316972A	/authors/OL316972A	0	DIRECT_NAME_MATCH	Horatio Alger Jr.	Horatio Alger, Jr.	OL_NAME_OR_PERSONAL_NAME
/works/OL16888967W	Billy-boy	John Luther Long	355675	Bud Shrake | Edwin Shrake	/authors/OL215690A	/authors/OL215690A	0	UNRESOLVED			
/works/OL16891711W	Tar and feathers	Victor Rubin	1496269	Dorothy Nelson	/authors/OL7192982A	/authors/OL7192982A	0	UNRESOLVED			
/works/OL16901052W	St. Jude's	Ian Maclaren	6768601	Gemma Sisia	/authors/OL286714A	/authors/OL286714A	0	UNRESOLVED			
/works/OL16911471W	The golden horseshoe	Bonsal, Stephen	6324232	Elizabeth Coatsworth	/authors/OL2123030A	/authors/OL2123030A	0	UNRESOLVED			
/works/OL17006005W	Adrift in New York	Horatio Alger	9807615	Horatio Alger Jr.	/authors/OL316972A	/authors/OL316972A	0	DIRECT_NAME_MATCH	Horatio Alger Jr.	Horatio Alger, Jr.	OL_NAME_OR_PERSONAL_NAME
/works/OL1702151W	Provocateur	Roman Gulʹ	19262639	Charles D. Martin	/authors/OL193882A	/authors/OL193882A	0	UNRESOLVED			
/works/OL17221584W	Love Made The Choice	Cook, Ida	5287454	Mary Burchell	/authors/OL892147A	/authors/OL892147A	0	DIRECT_NAME_MATCH	Mary Burchell	Mary Burchell	OL_NAME_OR_PERSONAL_NAME
/works/OL17363245W	Leixlip Castle	M. L. O'Byrne	1869236	Charles Robert Maturin	/authors/OL5533977A	/authors/OL5533977A	0	UNRESOLVED			
/works/OL175962W	The devil's legion	Jackson Cole	1544942	William W. Johnstone	/authors/OL22354A	/authors/OL22354A	0	UNRESOLVED			
/works/OL17663834W	Beatrice and Benedick	Hawley Smart	25099605	Marina Fiorato	/authors/OL159344A	/authors/OL159344A	0	UNRESOLVED			
/works/OL17672308W	The treasure ship	Hezekiah Butterworth	16082250	Rafael Sabatini	/authors/OL215592A	/authors/OL215592A	0	UNRESOLVED			
/works/OL17675203W	The house by the river	Barbara Kent	6788781	Lena Manta	/authors/OL2884609A	/authors/OL2884609A	0	UNRESOLVED			
/works/OL17676134W	Forest friends	Dixon, Royal	797837	Katie Tait	/authors/OL2331020A	/authors/OL2331020A	0	UNRESOLVED			
/works/OL17691306W	Gerard	Lucinda B[arbour] Helm	16910948	G.M. Frazier	/authors/OL7382438A	/authors/OL7382438A	0	UNRESOLVED			
/works/OL17705839W	Monkey shines	Bolton Hall	1266981	Michael  Stewart	/authors/OL115178A	/authors/OL115178A	0	UNRESOLVED			
/works/OL17706029W	The silent sea	Martin, Catherine	6773907	Clive Cussler | Jack Du Bruhl | Jack Du Brul	/authors/OL236641A	/authors/OL236641A	0	UNRESOLVED			
/works/OL17710595W	Gorgo	Charles Kelsey Gaines	13249025	Carson Bingham	/authors/OL7386485A	/authors/OL7386485A	0	UNRESOLVED			
/works/OL17717729W	Emmanuel	William Forbes Cooley	26738137	Francesco D. Bianco	/authors/OL2516216A	/authors/OL2516216A	0	UNRESOLVED			
/works/OL17756123W	The war trail	Elmer Russell Gregor	50768796	Gordon Landsborough	/authors/OL2397262A	/authors/OL2397262A	0	UNRESOLVED			
/works/OL17766059W	The octoroon	Braddon, M. E.	802093	Dion Boucicault	/authors/OL2657571A	/authors/OL2657571A	0	UNRESOLVED			
/works/OL17818235W	The forerunner	Dmitry Sergeyevich Merezhkovsky	2465459	Kahlil Gibran	/authors/OL70227A	/authors/OL70227A	0	UNRESOLVED			
/works/OL1792891W	Brother Jonathan	Hezekiah Butterworth	6275436	Crawford Kilian	/authors/OL215592A	/authors/OL215592A	0	UNRESOLVED			
/works/OL1793336W	The red chief	Everett T. Tomlinson	4143835	Ion Idriess	/authors/OL215625A	/authors/OL215625A	0	UNRESOLVED			
/works/OL1793620W	The Carlyles	Harrison, Burton	1673092	Cecily von Ziegesar	/authors/OL215631A	/authors/OL215631A	0	UNRESOLVED			
/works/OL1794139W	The king's agent	Arthur Paterson	16960201	Donna Russo Morin	/authors/OL215665A	/authors/OL215665A	0	UNRESOLVED			
/works/OL17950489W	Next year	Harry Pick	54428390	Ruth Vander Zee	/authors/OL7427260A	/authors/OL7427260A	0	UNRESOLVED			
/works/OL1795174W	The Wilderness Road	Joseph A. Altsheler	3186922	L. G. Vernon	/authors/OL215730A	/authors/OL215730A	0	UNRESOLVED			
/works/OL1795181W	Apache Gold	Joseph A. Altsheler	11584913	Brian Fox	/authors/OL215730A	/authors/OL215730A	0	UNRESOLVED			
/works/OL1795841W	Dally	Maria Louise Pool	56067434	Shanna Hatfield	/authors/OL215773A	/authors/OL215773A	0	UNRESOLVED			
/works/OL1796093W	Fair Margaret	Crawford, F. Marion	2357991	H. Rider Haggard	/authors/OL215791A	/authors/OL215791A	0	UNRESOLVED			
/works/OL1796115W	The Children of the King	Crawford, F. Marion	19120019	Sonya Hartnett	/authors/OL215791A	/authors/OL215791A	0	UNRESOLVED			
/works/OL17962606W	The rock and the river	Ralph Connor	5783432	Dion Graham | Kekla Magoon	/authors/OL457425A	/authors/OL457425A	0	UNRESOLVED			
/works/OL1796265W	Down the Mississippi	Edward Sylvester Ellis	4660522	Clyde Robert Bulla	/authors/OL215793A	/authors/OL215793A	0	UNRESOLVED			
/works/OL17962919W	Deeper the Heritage	Muriel Elwood (1902 - 1976)	13459438	Muriel Elwood	/authors/OL7629262A	/authors/OL7629262A	0	DIRECT_NAME_MATCH	Muriel Elwood	Muriel Elwood (1902 - 1976)	OL_NAME_OR_PERSONAL_NAME
/works/OL17963770W	Son of the hawk	Thomas H. Raddall	6344110	Charles G. West	/authors/OL7426206A	/authors/OL7426206A	0	UNRESOLVED			
/works/OL17966566W	The flight of the eagle	O'Grady, Standish	652153	Jiddu Krishnamurti	/authors/OL394293A	/authors/OL394293A	0	UNRESOLVED			
/works/OL1796847W	The road to Paris	Robert Neilson Stephens	44749	Myra Lucretia Taylor | Nikki Grimes	/authors/OL215816A	/authors/OL215816A	0	UNRESOLVED			
/works/OL1797245W	Transplanted	Atherton, Gertrude Franklin Horn	15198740	Sarah Myles	/authors/OL2688089A	/authors/OL2688089A	0	UNRESOLVED			
/works/OL1797255W	Sleeping fires	Atherton, Gertrude Franklin Horn	3418783	George Gissing	/authors/OL2688089A	/authors/OL2688089A	0	UNRESOLVED			
/works/OL1797586W	Elsie's Holidays at Roselands	Martha Finley	26073462	Finley Martha	/authors/OL215842A	/authors/OL215842A	0	UNRESOLVED			
/works/OL17978981W	West of the West	Alexander Ritchie Robson	6508796	Mark Arax	/authors/OL2545860A	/authors/OL2545860A	0	UNRESOLVED			
/works/OL17979544W	West of the West	Alexander Ritchie Robson	6508796	Mark Arax	/authors/OL2545860A	/authors/OL2545860A	0	UNRESOLVED			
/works/OL1798096W	I am the king	Sheppard Stevens	5320130	Leo Timmers	/authors/OL215859A	/authors/OL215859A	0	UNRESOLVED			
/works/OL17986506W	Spirit fire	Lereine (Hoffman) Ballantyne	6173473	Glen R. Stott				OL_AUTHOR_KEY_AMBIGUOUS			
/works/OL1799040W	Pippin	Richards, Laura Elizabeth Howe	1096296	Roger O. Hirson | Stephen Schwartz	/authors/OL215934A	/authors/OL215934A	0	UNRESOLVED			
/works/OL18049751W	Driven from home	Ethel Thomas	903432	Horatio Alger Jr.	/authors/OL6554970A	/authors/OL6554970A	0	UNRESOLVED			
/works/OL18090383W	In the shadow of the Alamo	Clara Driscoll	426858	Sherry Garland	/authors/OL6802876A	/authors/OL6802876A	0	UNRESOLVED			
/works/OL18095480W	The three things	Mary Raymond Shipman Andrews	47261402	Annie Ruygt	/authors/OL1099961A	/authors/OL1099961A	0	UNRESOLVED			
/works/OL18129655W	Henry VIII. and his court	L. Mühlbach	1527832	Neville Williams	/authors/OL5991079A	/authors/OL5991079A	0	UNRESOLVED			
/works/OL18135142W	Animals at home	Lillian L. Bartlett	2306953	David Lock	/authors/OL6801706A	/authors/OL6801706A	0	UNRESOLVED			
/works/OL1820073W	More than bread	Hulbert Footner	57552381	Marya Layth	/authors/OL218190A	/authors/OL218190A	0	UNRESOLVED			
/works/OL18313445W	Field of honor	Byrne, Donn	1197660	D.L. Birchfield	/authors/OL2655133A	/authors/OL2655133A	0	UNRESOLVED			
/works/OL1836073W	To the hilt	Percival Christopher Wren	11489	Dick Francis	/authors/OL219857A	/authors/OL219857A	0	UNRESOLVED			
/works/OL18397742W	The North Star	M. E. Henry-Ruffin	611790	Peter H. Reynolds	/authors/OL2399238A	/authors/OL2399238A	0	UNRESOLVED			
/works/OL18402893W	The frontiersman	H. A. Cody	45130447	J.A. Johnstone | William W. Johnstone	/authors/OL1529942A	/authors/OL1529942A	0	UNRESOLVED			
/works/OL18429255W	The Conqueror's lady	Stella Burke May	6617554	Terri Brisbin	/authors/OL2101520A	/authors/OL2101520A	0	UNRESOLVED			
/works/OL18445279W	Raoul de Cambrai	Jessie Raven Crosland	1444719	Unknown	/authors/OL1911277A	/authors/OL1911277A	0	UNRESOLVED			
/works/OL18506697W	The golden horseshoe	Bonsal, Stephen	6324232	Elizabeth Coatsworth	/authors/OL2123030A	/authors/OL2123030A	0	UNRESOLVED			
/works/OL18535782W	The quiet light	De Wohl, Louis	977653	Louis de Wohl	/authors/OL408500A	/authors/OL408500A	0	DIRECT_NAME_MATCH	Louis de Wohl	Louis De Wohl	OL_NAME_OR_PERSONAL_NAME
/works/OL1860901W	The Hound	Frederic Morton	6790994	H.P. Lovecraft	/authors/OL222796A	/authors/OL222796A	0	UNRESOLVED			
/works/OL187185W	A royal robber	Heribert Rau	41731708	Karen Wallace	/authors/OL2185503A	/authors/OL2185503A	0	UNRESOLVED			
/works/OL1878326W	The best go first	O'Rourke, Frank	17485343	Frank O'Malley	/authors/OL224912A	/authors/OL224912A	0	OL_ALIAS_MATCH	Frank O'Malley	Frank O'Malley	OL_ALTERNATE_NAME
/works/OL1898307W	The 500 hats of Bartholomew Cubbins	Ted Geisel	1088828	Dr. Seuss	/authors/OL2622837A	/authors/OL2622837A	0	DIRECT_NAME_MATCH	Dr. Seuss	Dr. Seuss	OL_NAME_OR_PERSONAL_NAME
/works/OL1917170W	The  green bough	Mary Austin	27104297	Gladys Humphrey Foertsch | Phyllis A. Humphrey	/authors/OL1900249A	/authors/OL1900249A	0	UNRESOLVED			
/works/OL1937503W	The Changing Years	Robins, Denise	45407382	Amber Kell	/authors/OL232498A	/authors/OL232498A	0	UNRESOLVED			
/works/OL1937518W	Murder in Mayfair	Robins, Denise	52846843	D.M. Quincy	/authors/OL232498A	/authors/OL232498A	0	UNRESOLVED			
/works/OL1937558W	Dust of Dreams	Robins, Denise	4767755	Steven Erikson | Stiv'n Eriks'n	/authors/OL232498A	/authors/OL232498A	0	UNRESOLVED			
/works/OL1937567W	Island of Flowers	Robins, Denise	668521	Nora Roberts	/authors/OL232498A	/authors/OL232498A	0	UNRESOLVED			
/works/OL1937568W	It Wasn't Love	Robins, Denise	42926433	J.S.  Lee	/authors/OL232498A	/authors/OL232498A	0	UNRESOLVED			
/works/OL1937607W	Those Who Love	Robins, Denise	2201692	Irving Stone	/authors/OL232498A	/authors/OL232498A	0	UNRESOLVED			
/works/OL1940827W	No son of mine	Stern, G. B.	40073786	Leslie Georgeson	/authors/OL232899A	/authors/OL232899A	0	UNRESOLVED			
/works/OL194472W	Told under the Blue umbrella	Association for Childhood Education International. Literature Committee.	10932	International Association for Childhood Education	/authors/OL2236110A	/authors/OL2236110A	0	UNRESOLVED			
/works/OL194963W	A Minor Operation	Alfred W Stewart	24022278	J.J. Connington	/authors/OL5634689A	/authors/OL5634689A	0	OL_ALIAS_MATCH	J.J. Connington	J J Connington | J J. Connington | J. J Connington | J. J. CONNINGTON | J. J. Connington | J.J Connington | J.J. Connington	OL_ALTERNATE_NAME
/works/OL1952565W	Pal Joey	O'Hara, John	1453973	John O'Hara	/authors/OL234170A	/authors/OL234170A	0	DIRECT_NAME_MATCH	John O'Hara	John O'Hara	OL_NAME_OR_PERSONAL_NAME
/works/OL1952569W	Butterfield 8	O'Hara, John	1768442	John O'Hara	/authors/OL234170A	/authors/OL234170A	0	DIRECT_NAME_MATCH	John O'Hara	John O'Hara	OL_NAME_OR_PERSONAL_NAME
/works/OL1952570W	Appointment in Samarra	O'Hara, John	2555382	John O'Hara	/authors/OL234170A	/authors/OL234170A	0	DIRECT_NAME_MATCH	John O'Hara	John O'Hara	OL_NAME_OR_PERSONAL_NAME
/works/OL1953758W	Marion	Watanna, Onoto	43403167	Emma Cline	/authors/OL234357A	/authors/OL234357A	0	UNRESOLVED			
/works/OL19601011W	Tales of the Klondyke	Ellis	4631217	Jack London	/authors/OL6013060A	/authors/OL6013060A	0	UNRESOLVED			
/works/OL19678424W	The gaunt woman	Edmund Gilligan	18934655	John  Blackburn	/authors/OL7514204A	/authors/OL7514204A	0	UNRESOLVED			
/works/OL1972836W	The enchanted April	Ingri D'Aulaire	387804	Elizabeth von Arnim | Helen Taylor | Margaret Tarner	/authors/OL1001838A	/authors/OL1001838A	0	UNRESOLVED			
/works/OL19739298W	Shelter in Place	Robertson, Eleanor Marie	51825158	Alexander Maksik	/authors/OL18977A	/authors/OL18977A	0	UNRESOLVED			
/works/OL1982533W	The Happy Family	B. M. Bower	24656926	Hans Christian Andersen	/authors/OL238489A	/authors/OL238489A	0	UNRESOLVED			
/works/OL198630W	Running Fox	Elmer Russell Gregor	1215884	Cassie Edwards	/authors/OL2397262A	/authors/OL2397262A	0	UNRESOLVED			
/works/OL1991715W	Lorenzo the Magnificent	Dane Coolidge	5109820	Hugh Ross Williamson	/authors/OL239749A	/authors/OL239749A	0	UNRESOLVED			
/works/OL1992206W	Other Voices, Other Rooms	Truman Streckfus Persons	2222705	Truman Capote	/authors/OL239800A	/authors/OL239800A	0	DIRECT_NAME_MATCH	Truman Capote	Truman Capote	OL_NAME_OR_PERSONAL_NAME
/works/OL199994W	The judgment of Eve	May Sinclair	2920981	Edgar Pangborn	/authors/OL2399792A	/authors/OL2399792A	0	UNRESOLVED			
/works/OL20030246W	Death in the Tunnel	Cecil John Charles Street	46015103	Miles Burton	/authors/OL6001513A	/authors/OL6001513A	0	OL_ALIAS_MATCH	Miles Burton	Miles Burton | miles burton	OL_ALTERNATE_NAME
/works/OL200347W	God Save The King	Ronald MacDonald	21865632	Laura  Purcell	/authors/OL4383697A	/authors/OL4383697A	0	UNRESOLVED			
/works/OL20138W	Debits and credits	Kipling, Rudyard	34325363	Lyn Fraser	/authors/OL24461A	/authors/OL24461A	0	UNRESOLVED			
/works/OL202116W	The nurse's story	Adele Bleneau	1250733	Carol Gino	/authors/OL2403807A	/authors/OL2403807A	0	UNRESOLVED			
/works/OL2031303W	Hit or myth	Riddell, James.	539589	Robert Lynn Asprin	/authors/OL245573A	/authors/OL245573A	0	UNRESOLVED			
/works/OL2040928W	Happy Day	Ruth Krauss	417029	Pam Brown	/authors/OL247209A	/authors/OL247209A	0	UNRESOLVED			
/works/OL2041040W	Frosty the Snow Man	Annie North Bedford	1413359	Walt Disney Company	/authors/OL247215A	/authors/OL247215A	0	UNRESOLVED			
/works/OL20542159W	Rogue's March	Maristan Chapman	914108	Peter F. Stevens	/authors/OL2172573A	/authors/OL2172573A	0	UNRESOLVED			
/works/OL205866W	Hiwa	Dole, Edmund P.	55548949	Augustin Erba	/authors/OL2410897A	/authors/OL2410897A	0	UNRESOLVED			
/works/OL20658379W	Perfect Marriage	Dorothy Phoebe Ansle	1318101	Laurey Bright	/authors/OL2027719A	/authors/OL2027719A	0	UNRESOLVED			
/works/OL20660076W	Follow Your Star	Lyndon Snow	2758174	Lucy Walker	/authors/OL1781837A	/authors/OL1781837A	0	UNRESOLVED			
/works/OL20672490W	Moby Dick (adaptation)	Verne B. Brown	47854566	Herman Melville | Jan Needle	/authors/OL7621271A	/authors/OL7621271A	0	UNRESOLVED			
/works/OL20857673W	Bad Dad	David Walliams	26747238	Derek Munson	/authors/OL2623989A	/authors/OL2623989A	0	UNRESOLVED			
/works/OL20874047W	I'm travelling alone	Samuel Bjørk	26229987	Frode Sander Oien | Samiuel' B'ork | Samuel Bjork	/authors/OL7400495A	/authors/OL7400495A	0	UNRESOLVED			
/works/OL208822W	The black circle	Mansfield Scott	6438210	Patrick Carman	/authors/OL2416901A	/authors/OL2416901A	0	UNRESOLVED			
/works/OL20943831W	We gather together	Grace W. McGavran	1641335	Wendy Pfeffer	/authors/OL2179632A	/authors/OL2179632A	0	UNRESOLVED			
/works/OL20986096W	Home Place	Dorothy Thomas	842390	Crescent Dragonwagon	/authors/OL7563151A	/authors/OL7563151A	0	UNRESOLVED			
/works/OL210272W	Rescuing the Czar	James P. Smythe	593233	James P. Smyth	/authors/OL2419899A	/authors/OL2419899A	0	UNRESOLVED			
/works/OL211293W	The grinding	Clara Goodyear Boise Bush	26192647	Matt Dinniman	/authors/OL2422462A	/authors/OL2422462A	0	UNRESOLVED			
/works/OL21196068W	Killer's Choice	Louis Begley	1338801	Ed McBain	/authors/OL222674A	/authors/OL222674A	0	UNRESOLVED			
/works/OL212622W	Jungle tales	Howard Anderson Musser	1182383	Horacio Quiroga	/authors/OL2425633A	/authors/OL2425633A	0	UNRESOLVED			
/works/OL21624922W	Promising Young Women	Caroline O'Donoghue	21459247	Suzanne Scanlon	/authors/OL5946054A	/authors/OL5946054A	0	UNRESOLVED			
/works/OL217628W	Children of the fog	Carmel Haden Guest	15839770	Cheryl Kaye Tardif	/authors/OL2442761A	/authors/OL2442761A	0	UNRESOLVED			
/works/OL2181966W	Souls divided	Matilde Serao	40303190	Rachel Carrington	/authors/OL276644A	/authors/OL276644A	0	UNRESOLVED			
/works/OL220241W	The Life And Works Of Paul Laurence Dunbar	Lida Keck Wiggins	6460280	Paul Laurence Dunbar	/authors/OL2456890A	/authors/OL2456890A	0	UNRESOLVED			
/works/OL22067446W	Profit and loss	Mary Dwinell Chellis	16051465	Leontia Flynn	/authors/OL2515542A	/authors/OL2515542A	0	UNRESOLVED			
/works/OL22071219W	The she-devil	Montmorency Hill Le Burke	1118107	Robert E. Howard	/authors/OL8449041A	/authors/OL8449041A	0	UNRESOLVED			
/works/OL22086330W	The lay of Havelok the Dane	Walter W. Skeat	7060570	Unknown	/authors/OL1070041A	/authors/OL1070041A	0	UNRESOLVED			
/works/OL22105981W	The last ditch	Belle Willey Gue	17002528	Sandy Mitchell	/authors/OL2422626A	/authors/OL2422626A	0	UNRESOLVED			
/works/OL2212255W	Buried Caesars	Vincent Starrett	673273	Stuart M. Kaminsky	/authors/OL283368A	/authors/OL283368A	0	UNRESOLVED			
/works/OL2212257W	Fourteen Great Detective Stories	Vincent Starrett	14899428		/authors/OL283368A	/authors/OL283368A	0	UNRESOLVED			
/works/OL22124574W	Murder in the Maze	Alfred W Stewart	15735365	J.J. Connington	/authors/OL5634689A	/authors/OL5634689A	0	OL_ALIAS_MATCH	J.J. Connington	J J Connington | J J. Connington | J. J Connington | J. J. CONNINGTON | J. J. Connington | J.J Connington | J.J. Connington	OL_ALTERNATE_NAME
/works/OL22126243W	Rising wind	Moore, Virginia.	1776616	Cindy Holby	/authors/OL2437976A	/authors/OL2437976A	0	UNRESOLVED			
/works/OL22126502W	Moving waters	Noble, Edward.	21534896	Racelle Rosett	/authors/OL2410670A	/authors/OL2410670A	0	UNRESOLVED			
/works/OL22126646W	Dead men's shoes	Lee Thayer	42610748	Kate Chopin	/authors/OL2172651A	/authors/OL2172651A	0	UNRESOLVED			
/works/OL22127243W	Invitation to the dance	Madge Jenison	834155	Hilary Spurling	/authors/OL2235555A	/authors/OL2235555A	0	UNRESOLVED			
/works/OL22127275W	Kit and Kat	Lucy Fitch Perkins	179158	Tomie dePaola	/authors/OL2123401A	/authors/OL2123401A	0	UNRESOLVED			
/works/OL22127453W	Brooklyn Heights	William Cary Sanger	13400870	Miral al-Tahawy | myrl lTHwy	/authors/OL2407270A	/authors/OL2407270A	0	UNRESOLVED			
/works/OL22127488W	They tell no tales	Lee Thayer	5009516	Manning Coles	/authors/OL2172651A	/authors/OL2172651A	0	UNRESOLVED			
/works/OL22127878W	Sir Lancelot of the Lake	Lucy Allen Paton	700608	Desmond Dunkerley | Robert Ayton	/authors/OL6022857A	/authors/OL6022857A	0	UNRESOLVED			
/works/OL22127996W	My pets	Kipling, Rudyard	6239180	Igloo Books Ltd	/authors/OL24461A	/authors/OL24461A	0	UNRESOLVED			
/works/OL22128985W	Set a thief	Lee Thayer	1901213	Martin   Page	/authors/OL2172651A	/authors/OL2172651A	0	UNRESOLVED			
/works/OL22130396W	"""Blackwood"" tales from the outposts"	Leonard Arthur Bethell	46111302	Lt Colonel Bethel	/authors/OL2454952A	/authors/OL2454952A	0	UNRESOLVED			
/works/OL22133683W	The Milk-churn Murder	Cecil John Charles Street	25403167	Miles Burton	/authors/OL6001513A	/authors/OL6001513A	0	OL_ALIAS_MATCH	Miles Burton	Miles Burton | miles burton	OL_ALTERNATE_NAME
/works/OL22135156W	Thou art the man	Richard Blaker	14651175	Edgar Allan Poe	/authors/OL2035309A	/authors/OL2035309A	0	UNRESOLVED			
/works/OL22141136W	Phil the fiddler, or, The story of a young street musician	Horatio Alger	1111179	Horatio Alger Jr.	/authors/OL316972A	/authors/OL316972A	0	DIRECT_NAME_MATCH	Horatio Alger Jr.	Horatio Alger, Jr.	OL_NAME_OR_PERSONAL_NAME
/works/OL22152639W	River out of Eden	Shirley Seifert	1121858	Richard Dawkins	/authors/OL2101415A	/authors/OL2101415A	0	UNRESOLVED			
/works/OL22152755W	Husky	Frank Conibear	44599174	Justin Sayre	/authors/OL2236586A	/authors/OL2236586A	0	UNRESOLVED			
/works/OL22157721W	The keepers of the house	Harry Harrison Kroll	258855	Shirley Ann Grau	/authors/OL2100228A	/authors/OL2100228A	0	UNRESOLVED			
/works/OL22160192W	Persons unknown	Lee Thayer	12089530	Jake Adam York	/authors/OL2172651A	/authors/OL2172651A	0	UNRESOLVED			
/works/OL22202229W	Stablemates	Margaret S. Johnson	17534105	Linda Hines	/authors/OL2171067A	/authors/OL2171067A	0	UNRESOLVED			
/works/OL22202898W	The man from Texas	Jackson Gregory	3892696	Linda Style	/authors/OL1181925A	/authors/OL1181925A	0	UNRESOLVED			
/works/OL22210049W	The golden feather	Theda Kenyon	3235219	Amanda McCabe	/authors/OL2235936A	/authors/OL2235936A	0	UNRESOLVED			
/works/OL22233262W	A short wait between trains	McLaughlin, Robert	5067874	Robert Benard	/authors/OL2101584A	/authors/OL2101584A	0	UNRESOLVED			
/works/OL22243749W	Paganini	Lillian Day	23636774	Paolo d'Antonio	/authors/OL2229992A	/authors/OL2229992A	0	UNRESOLVED			
/works/OL2226869W	St. Jude's	Ian Maclaren	6768601	Gemma Sisia	/authors/OL286714A	/authors/OL286714A	0	UNRESOLVED			
/works/OL22291715W	The happy island	Darwin L. Teilhet	210164	Dawn Powell	/authors/OL2204640A	/authors/OL2204640A	0	UNRESOLVED			
/works/OL22316495W	The animal story book	Ernest Thompson Seton	2345215	Andrew Lang	/authors/OL39160A	/authors/OL39160A	0	UNRESOLVED			
/works/OL2254120W	The story of the other wise man	Van Dyke, Henry	2757985	Henry Van Dyke | Pamela Kennedy	/authors/OL292878A	/authors/OL292878A	0	DIRECT_NAME_MATCH	Henry Van Dyke	Henry van Dyke	OL_NAME_OR_PERSONAL_NAME
/works/OL226918W	Every inch a king	Josephine Caroline Sawyer	1995610	Harry Turtledove	/authors/OL2497244A	/authors/OL2497244A	0	UNRESOLVED			
/works/OL2279187W	The leper king	Zofia Kossak-Szczucka	7211236	Scott R. Rezer	/authors/OL2264825A	/authors/OL2264825A	0	UNRESOLVED			
/works/OL228725W	Hero Tales	Baldwin, James	234537	Dave Jackson | Neta Jackson	/authors/OL112971A	/authors/OL112971A	0	UNRESOLVED			
/works/OL2319961W	Lost In The Forest	Robert Michael Ballantyne	1414472	Sue Miller	/authors/OL2570949A	/authors/OL2570949A	0	UNRESOLVED			
/works/OL232591W	The buccaneers	Henry M. Hyde	1483593	Angela Mackworth-Young | Edith Wharton | Marion Mainwaring	/authors/OL2508365A	/authors/OL2508365A	0	UNRESOLVED			
/works/OL2337481W	The Frontiersmen	Charles Egbert Craddock	811344	Allan W. Eckert	/authors/OL316603A	/authors/OL316603A	0	UNRESOLVED			
/works/OL2338159W	A wounded name	King, Charles	19159297	Dot Hutchison	/authors/OL316680A	/authors/OL316680A	0	UNRESOLVED			
/works/OL2338292W	Navy blue	Willis Boyd Allen	48203911	Steve Meagher	/authors/OL316691A	/authors/OL316691A	0	UNRESOLVED			
/works/OL2338304W	Kelp	Willis Boyd Allen	1219834	Linda Aronson				OL_AUTHOR_KEY_AMBIGUOUS			
/works/OL2338406W	Sometime	Herrick, Robert	16404109	Ted Stetson	/authors/OL316704A	/authors/OL316704A	0	UNRESOLVED			
/works/OL2339023W	The gray man	S. R. Crockett	6740331	Mark Greaney	/authors/OL5580111A	/authors/OL5580111A	0	UNRESOLVED			
/works/OL2339074W	The standard bearer	S. R. Crockett	1848942	Edilberto K. Tiempo	/authors/OL5580111A	/authors/OL5580111A	0	UNRESOLVED			
/works/OL2340467W	The Willoughbys	Brown, Alice	2119510	Lois Lowry	/authors/OL316873A	/authors/OL316873A	0	UNRESOLVED			
/works/OL2340471W	The court of love	Brown, Alice	482003	Denee Cody	/authors/OL316873A	/authors/OL316873A	0	UNRESOLVED			
/works/OL2340489W	The black drop	Brown, Alice	15846454	Jason Morningstar	/authors/OL316873A	/authors/OL316873A	0	UNRESOLVED			
/works/OL2341561W	Bound to rise, or, Up the ladder	Horatio Alger	3625489	Horatio Alger Jr.	/authors/OL316972A	/authors/OL316972A	0	DIRECT_NAME_MATCH	Horatio Alger Jr.	Horatio Alger, Jr.	OL_NAME_OR_PERSONAL_NAME
/works/OL2341588W	Ralph Raymond's heir	Horatio Alger	505026	Horatio Alger Jr.	/authors/OL316972A	/authors/OL316972A	0	DIRECT_NAME_MATCH	Horatio Alger Jr.	Horatio Alger, Jr.	OL_NAME_OR_PERSONAL_NAME
/works/OL2341609W	The young circus rider, or, The mystery of Robert Rudd	Horatio Alger	3612451	Horatio Alger Jr.	/authors/OL316972A	/authors/OL316972A	0	DIRECT_NAME_MATCH	Horatio Alger Jr.	Horatio Alger, Jr.	OL_NAME_OR_PERSONAL_NAME
/works/OL2341638W	Phil, the fiddler, or, The story of a young street musician	Horatio Alger	1111179	Horatio Alger Jr.	/authors/OL316972A	/authors/OL316972A	0	DIRECT_NAME_MATCH	Horatio Alger Jr.	Horatio Alger, Jr.	OL_NAME_OR_PERSONAL_NAME
/works/OL2341661W	Making his mark	Horatio Alger	23323418	Jennah Scott	/authors/OL316972A	/authors/OL316972A	0	UNRESOLVED			
/works/OL2341701W	Adrift in New York	Horatio Alger	9807615	Horatio Alger Jr.	/authors/OL316972A	/authors/OL316972A	0	DIRECT_NAME_MATCH	Horatio Alger Jr.	Horatio Alger, Jr.	OL_NAME_OR_PERSONAL_NAME
/works/OL2341702W	Brave and Bold	Horatio Alger	3569659	Horatio Alger Jr.	/authors/OL316972A	/authors/OL316972A	0	DIRECT_NAME_MATCH	Horatio Alger Jr.	Horatio Alger, Jr.	OL_NAME_OR_PERSONAL_NAME
/works/OL2341708W	The Cash Boy	Horatio Alger	709448	Horatio Alger Jr.	/authors/OL316972A	/authors/OL316972A	0	DIRECT_NAME_MATCH	Horatio Alger Jr.	Horatio Alger, Jr.	OL_NAME_OR_PERSONAL_NAME
/works/OL2341710W	Driven from Home	Horatio Alger	903432	Horatio Alger Jr.	/authors/OL316972A	/authors/OL316972A	0	DIRECT_NAME_MATCH	Horatio Alger Jr.	Horatio Alger, Jr.	OL_NAME_OR_PERSONAL_NAME
/works/OL2341853W	The Celebrity	Winston Churchill	633926	Robert Elmer	/authors/OL316976A	/authors/OL316976A	0	UNRESOLVED			
/works/OL2343166W	Raiding with Morgan	Byron A. Dunn	25656758	Jim R. Woolard	/authors/OL317192A	/authors/OL317192A	0	UNRESOLVED			
/works/OL2343277W	The super-barbarians	Carlton Dawe	6461100	John Brunner	/authors/OL317222A	/authors/OL317222A	0	UNRESOLVED			
/works/OL2343319W	The trail of the lonesome pine	Fox, John	2953130	John Fox Jr.	/authors/OL317224A	/authors/OL317224A	0	DIRECT_NAME_MATCH	John Fox Jr.	John Fox Jr.	OL_NAME_OR_PERSONAL_NAME
/works/OL2343322W	The heart of the hills	Fox, John	3251326	John Fox Jr.	/authors/OL317224A	/authors/OL317224A	0	DIRECT_NAME_MATCH	John Fox Jr.	John Fox Jr.	OL_NAME_OR_PERSONAL_NAME
/works/OL2343324W	The Kentuckians	Fox, John	1070675	Janice Holt Giles	/authors/OL317224A	/authors/OL317224A	0	UNRESOLVED			
/works/OL2343325W	The little shepherd of Kingdom Come	Fox, John	2517834	John Fox Jr.				OL_AUTHOR_KEY_AMBIGUOUS			
/works/OL2343738W	The orchid	Grant, Robert	55687915	Sahar Ayachi	/authors/OL317257A	/authors/OL317257A	0	UNRESOLVED			
/works/OL2344146W	The lion's skin	John S. Wise	1155498	Rafael Sabatini	/authors/OL317319A	/authors/OL317319A	0	UNRESOLVED			
/works/OL2344772W	The three students	Macfall, Haldane	13137562	Arthur Conan Doyle | Cristina Ravizza | Patrizia Gorgerino	/authors/OL317368A	/authors/OL317368A	0	UNRESOLVED			
/works/OL2344904W	Indian child life	Therese O. Deming	13270337	Charles Alexander Eastman	/authors/OL317381A	/authors/OL317381A	0	UNRESOLVED			
/works/OL2344907W	Little Eagle	Therese O. Deming	1341683	Chen Jiang Hong	/authors/OL317381A	/authors/OL317381A	0	UNRESOLVED			
/works/OL2345244W	Children of the river	Dickson, Harris	231346	Linda Crew	/authors/OL317417A	/authors/OL317417A	0	UNRESOLVED			
/works/OL2345547W	Two prisoners	Page, Thomas Nelson	1874819	Lajos Ziahy | Lajos Zilahy	/authors/OL2852504A	/authors/OL2852504A	0	UNRESOLVED			
/works/OL2345668W	Marti	Annie Maria Barnes	27027404	Tonya Snow-Cook	/authors/OL317475A	/authors/OL317475A	0	UNRESOLVED			
/works/OL2345716W	The dragon painter	Sidney McCall	2042820		/authors/OL2399185A	/authors/OL2399185A	0	UNRESOLVED			
/works/OL235028W	On Common Ground	Sydney H. Preston	18462980	Tracy Kelleher	/authors/OL2514662A	/authors/OL2514662A	0	UNRESOLVED			
/works/OL235866W	Casa Grande	Charles Duff Stuart	2907914	Jude Deveraux	/authors/OL2516584A	/authors/OL2516584A	0	UNRESOLVED			
/works/OL235941W	Ewa	W. Arthur Noble	55585217	Matthieu Biasotto	/authors/OL2516738A	/authors/OL2516738A	0	UNRESOLVED			
/works/OL236839W	The man from Texas	Henry Oldham	3892696	Linda Style	/authors/OL2521294A	/authors/OL2521294A	0	UNRESOLVED			
/works/OL237218W	Zulma	Mary Frances Seibert	2654598	Elaine Hollingsworth	/authors/OL2522479A	/authors/OL2522479A	0	UNRESOLVED			
/works/OL238224W	College days	John Seymour Wood	41921601	Selena Kitt	/authors/OL2525191A	/authors/OL2525191A	0	UNRESOLVED			
/works/OL2384376W	Waters of life and death	Aleksandr Konstantinovich Voronskiĭ	57118272	Basingstoke	/authors/OL325554A	/authors/OL325554A	0	UNRESOLVED			
/works/OL2385381W	South Pacific	Michener, James A.	2522667	Oscar Hammerstein II | Richard Rodgers	/authors/OL325801A	/authors/OL325801A	0	UNRESOLVED			
/works/OL23932776W	The flesh and the devil	Howard Horner	952808	Teresa Denys	/authors/OL1253616A	/authors/OL1253616A	0	UNRESOLVED			
/works/OL239758W	Children of the wild	Roberts, Charles George Douglas	23505702	Giles Milton	/authors/OL162099A	/authors/OL162099A	0	UNRESOLVED			
/works/OL240789W	The children's book	Crocheron, Augusta Joyce	5768221	A.S. Byatt	/authors/OL2534062A	/authors/OL2534062A	0	UNRESOLVED			
/works/OL24123W	Merry Men	Robert Louis Stevenson	220063	Carolyn Chute	/authors/OL25963A	/authors/OL25963A	0	UNRESOLVED			
/works/OL24177W	The last circle	Stephen Vincent Benét	28133615	Gretchen Blickensderfer	/authors/OL25965A	/authors/OL25965A	0	UNRESOLVED			
/works/OL241901W	Sergeant Michael Cassidy, R. E	H. C. McNeile	2938278	Sapper	/authors/OL2827465A	/authors/OL2827465A	0	OL_ALIAS_MATCH	Sapper	Sapper | Sapper (H. C. McNeile) | sapper	OL_ALTERNATE_NAME
/works/OL241903W	The black gang	H. C. McNeile	6292327	Sapper	/authors/OL2827465A	/authors/OL2827465A	0	OL_ALIAS_MATCH	Sapper	Sapper | Sapper (H. C. McNeile) | sapper	OL_ALTERNATE_NAME
/works/OL241905W	Temple tower	H. C. McNeile	17067418	Sapper	/authors/OL2827465A	/authors/OL2827465A	0	OL_ALIAS_MATCH	Sapper	Sapper | Sapper (H. C. McNeile) | sapper	OL_ALTERNATE_NAME
/works/OL24311W	The heart of it	William Osborn Stoddard	48694802	Molly O'Keefe	/authors/OL25979A	/authors/OL25979A	0	UNRESOLVED			
/works/OL243995W	Wheels within wheels	Alec Waugh	1409750	Dervla Murphy	/authors/OL2549287A	/authors/OL2549287A	0	UNRESOLVED			
/works/OL24420124W	Rogues and vagabonds	Mackenzie, Compton	4706623	Marilyn Lightstone	/authors/OL6924798A	/authors/OL6924798A	0	UNRESOLVED			
/works/OL2453763W	Genio y figura	Juan Valera	25318094	Jose Tomas	/authors/OL340679A	/authors/OL340679A	0	UNRESOLVED			
/works/OL2455400W	The millionaire	M. Art͡sybashev	43867732	Victoria Purman	/authors/OL340972A	/authors/OL340972A	0	UNRESOLVED			
/works/OL2459758W	Bimbo	Waterhouse, Keith.	43500690	Rin Ahmad	/authors/OL341872A	/authors/OL341872A	0	UNRESOLVED			
/works/OL2459814W	The Picts and the Martyrs or, Not welcome at all	John Arthur Ransome Marriott	2363175	Arthur Ransome	/authors/OL4342369A	/authors/OL4342369A	0	OL_ALIAS_MATCH	Arthur Ransome	ARTHUR RANSOME | Arthur (1884-1967) Ransome | Arthur RANSOME | Arthur Ransome | arthur ransome	OL_ALTERNATE_NAME
/works/OL2459820W	The Big Six	John Arthur Ransome Marriott	1674375	Arthur Ransome	/authors/OL4342369A	/authors/OL4342369A	0	OL_ALIAS_MATCH	Arthur Ransome	ARTHUR RANSOME | Arthur (1884-1967) Ransome | Arthur RANSOME | Arthur Ransome | arthur ransome	OL_ALTERNATE_NAME
/works/OL2459822W	Bohemia in London	John Arthur Ransome Marriott	1795370	Arthur Ransome	/authors/OL4342369A	/authors/OL4342369A	0	OL_ALIAS_MATCH	Arthur Ransome	ARTHUR RANSOME | Arthur (1884-1967) Ransome | Arthur RANSOME | Arthur Ransome | arthur ransome	OL_ALTERNATE_NAME
/works/OL2459824W	Missee Lee	John Arthur Ransome Marriott	374488	Arthur Ransome	/authors/OL4342369A	/authors/OL4342369A	0	OL_ALIAS_MATCH	Arthur Ransome	ARTHUR RANSOME | Arthur (1884-1967) Ransome | Arthur RANSOME | Arthur Ransome | arthur ransome	OL_ALTERNATE_NAME
/works/OL2459825W	Coot Club	John Arthur Ransome Marriott	1983338	Arthur Ransome	/authors/OL4342369A	/authors/OL4342369A	0	OL_ALIAS_MATCH	Arthur Ransome	ARTHUR RANSOME | Arthur (1884-1967) Ransome | Arthur RANSOME | Arthur Ransome | arthur ransome	OL_ALTERNATE_NAME
/works/OL2459826W	Great Northern?	John Arthur Ransome Marriott	374480	Arthur Ransome	/authors/OL4342369A	/authors/OL4342369A	0	OL_ALIAS_MATCH	Arthur Ransome	ARTHUR RANSOME | Arthur (1884-1967) Ransome | Arthur RANSOME | Arthur Ransome | arthur ransome	OL_ALTERNATE_NAME
/works/OL2459827W	Secret water	John Arthur Ransome Marriott	2363186	Arthur Ransome	/authors/OL4342369A	/authors/OL4342369A	0	OL_ALIAS_MATCH	Arthur Ransome	ARTHUR RANSOME | Arthur (1884-1967) Ransome | Arthur RANSOME | Arthur Ransome | arthur ransome	OL_ALTERNATE_NAME
/works/OL2459828W	Winter holiday	John Arthur Ransome Marriott	1309791	Arthur Ransome	/authors/OL4342369A	/authors/OL4342369A	0	OL_ALIAS_MATCH	Arthur Ransome	ARTHUR RANSOME | Arthur (1884-1967) Ransome | Arthur RANSOME | Arthur Ransome | arthur ransome	OL_ALTERNATE_NAME
/works/OL2459832W	We didn't mean to go to sea	John Arthur Ransome Marriott	1080244	Arthur Ransome	/authors/OL4342369A	/authors/OL4342369A	0	OL_ALIAS_MATCH	Arthur Ransome	ARTHUR RANSOME | Arthur (1884-1967) Ransome | Arthur RANSOME | Arthur Ransome | arthur ransome	OL_ALTERNATE_NAME
/works/OL2459834W	Swallowdale (Swallows and Amazons #2)	John Arthur Ransome Marriott	1309797	Arthur Ransome	/authors/OL4342369A	/authors/OL4342369A	0	OL_ALIAS_MATCH	Arthur Ransome	ARTHUR RANSOME | Arthur (1884-1967) Ransome | Arthur RANSOME | Arthur Ransome | arthur ransome	OL_ALTERNATE_NAME
/works/OL2459836W	Old Peter's Russian tales	John Arthur Ransome Marriott	2131250	Arthur Ransome	/authors/OL4342369A	/authors/OL4342369A	0	OL_ALIAS_MATCH	Arthur Ransome	ARTHUR RANSOME | Arthur (1884-1967) Ransome | Arthur RANSOME | Arthur Ransome | arthur ransome	OL_ALTERNATE_NAME
/works/OL2459837W	Swallows and Amazons	John Arthur Ransome Marriott	231599	Alison Larkin | Arthur Ransome	/authors/OL4342369A	/authors/OL4342369A	0	OL_ALIAS_MATCH	Arthur Ransome	ARTHUR RANSOME | Arthur (1884-1967) Ransome | Arthur RANSOME | Arthur Ransome | arthur ransome	OL_ALTERNATE_NAME
/works/OL246666W	The land of gold	George Graham Spurr	216480	Gillian Bradshaw	/authors/OL2561844A	/authors/OL2561844A	0	UNRESOLVED			
/works/OL24959597W	In the valley	Harold Frederic	42125498	Jason Lambright	/authors/OL24181A	/authors/OL24181A	0	UNRESOLVED			
/works/OL24972621W	Only a girl	Cyril A. Jones	6620351	Lian Gouw	/authors/OL1770812A	/authors/OL1770812A	0	UNRESOLVED			
/works/OL24978071W	The pursued	W. J. Gordon	18045615	C.S. Forester	/authors/OL2040226A	/authors/OL2040226A	0	UNRESOLVED			
/works/OL2507045W	Emmanuel	John Joseph Keane	26738137	Francesco D. Bianco	/authors/OL2571196A	/authors/OL2571196A	0	UNRESOLVED			
/works/OL250970W	Vedanta Philosophy	Abhedananda	9410215	Abhedananda (Swami.)	/authors/OL307306A	/authors/OL307306A	0	DIRECT_NAME_MATCH	Abhedananda (Swami.)	Abhedananda	OL_NAME_OR_PERSONAL_NAME
/works/OL2535377W	To the dark tower	Francis Henry King	6240068	Frank Belknap Long	/authors/OL358628A	/authors/OL358628A	0	UNRESOLVED			
/works/OL2564006W	Genji monogatari	Murasaki Shikibu	10939671	Mark Young	/authors/OL365212A	/authors/OL365212A	0	UNRESOLVED			
/works/OL25675560W	Great Meadow	Elizabeth Madox Roberts	1984134	Dirk Bogarde	/authors/OL5755289A	/authors/OL5755289A	0	UNRESOLVED			
/works/OL2571823W	Tristrant	Eilhart	1727093	Eilhart von Oberg | Hadumod Bussmann				OL_AUTHOR_KEY_AMBIGUOUS			
/works/OL261183W	The King's Stilts	Ted Geisel	101748	Dr. Seuss	/authors/OL2622837A	/authors/OL2622837A	0	DIRECT_NAME_MATCH	Dr. Seuss	Dr. Seuss	OL_NAME_OR_PERSONAL_NAME
/works/OL264557W	A Night in a Moorish Harem	Lord George Herbert	2087108	Anonymous | George Herbert, 5th Earl of Carnarvon	/authors/OL6886576A	/authors/OL6886576A	0	UNRESOLVED			
/works/OL2646750W	Cheerful	Edna Ferber	490933	Palmer Brown	/authors/OL385813A	/authors/OL385813A	0	UNRESOLVED			
/works/OL26691W	Perceval le Gallois	Chrétien	6079970	Francois Johan	/authors/OL26183A	/authors/OL26183A	0	UNRESOLVED			
/works/OL26695W	Yvain, le Chevalier au lion	Chrétien	138035	Chretien de Troyes	/authors/OL26183A	/authors/OL26183A	0	DIRECT_NAME_MATCH	Chretien de Troyes	Chrétien de Troyes	OL_NAME_OR_PERSONAL_NAME
/works/OL2678120W	The white horse	Elizabeth Jane Coatsworth	2458104	Cynthia D. Grant	/authors/OL390842A	/authors/OL390842A	0	UNRESOLVED			
/works/OL2678131W	Here I stay	Elizabeth Jane Coatsworth	1039796	Barbara Michaels	/authors/OL390842A	/authors/OL390842A	0	UNRESOLVED			
/works/OL2688910W	The Lionhearted	Reznikoff, Charles	9241510	Harriet May Savitz	/authors/OL392821A	/authors/OL392821A	0	UNRESOLVED			
/works/OL2697880W	The flight of the eagle	O'Grady, Standish	652153	Jiddu Krishnamurti	/authors/OL394293A	/authors/OL394293A	0	UNRESOLVED			
/works/OL2711663W	The road between	Farrell, James T.	56889408	Courtney Peppernell	/authors/OL396615A	/authors/OL396615A	0	UNRESOLVED			
/works/OL2738729W	Don't you cry for me	Weld, John	3028573	Mary Freels Rosborough	/authors/OL401500A	/authors/OL401500A	0	UNRESOLVED			
/works/OL2746368W	The Valley of Horses	Untinen Auel, Jean Marie	630903	Jean M. Auel | Jean M. Untinen-Auel	/authors/OL402869A	/authors/OL402869A	0	DIRECT_NAME_MATCH	Jean M. Auel	Jean M. Auel	OL_NAME_OR_PERSONAL_NAME
/works/OL2750291W	The fire in the flint	Walter Francis White	938167	Candace Robb	/authors/OL403541A	/authors/OL403541A	0	UNRESOLVED			
/works/OL2758691W	Home Port	Olive Higgins Prouty	18673482	Colleen Coover	/authors/OL405101A	/authors/OL405101A	0	UNRESOLVED			
/works/OL27678W	The county fair	Tasha Tudor	124894	Katherine Valentine	/authors/OL26370A	/authors/OL26370A	0	UNRESOLVED			
/works/OL27763655W	The fall of Constantinople	J. M. Neale	4981853	Bernardine Kielty | Mostafa Mogharrabi | brnrdyn khylty	/authors/OL113867A	/authors/OL113867A	0	UNRESOLVED			
/works/OL28195484W	The transferred ghost	Frank R. Stockton	47461311	J. H. Coira | Rafael Coira	/authors/OL6926367A	/authors/OL6926367A	0	UNRESOLVED			
/works/OL28203067W	Come and get it	Edna Ferber	25194767	India Masters | Keira Cole	/authors/OL385813A	/authors/OL385813A	0	UNRESOLVED			
/works/OL2827148W	The secret valley	Nicholas Size	7024527	Trevor Bolton	/authors/OL422033A	/authors/OL422033A	0	UNRESOLVED			
/works/OL2831513W	French Mediaeval Romances from the Lays of Marie de France	Marie	114648	Jean-Pierre Bordier | Marie de France				OL_AUTHOR_KEY_AMBIGUOUS			
/works/OL28612W	The quest of the silver fleece	Du Bois, W. E. B.	2420207	W.E.B. Du Bois	/authors/OL26460A	/authors/OL26460A	0	DIRECT_NAME_MATCH	W.E.B. Du Bois	W. E. B. Du Bois	OL_NAME_OR_PERSONAL_NAME
/works/OL28614152W	Tante	Anne Douglas Sedgwick	53551299	Elle Van Lieshout	/authors/OL4630480A	/authors/OL4630480A	0	UNRESOLVED			
/works/OL2861479W	Shadows of forgotten ancestors	Kot͡si͡ubynsʹkyĭ, Mykhaĭlo	59969	Ann Druyan | Carl Sagan	/authors/OL431307A	/authors/OL431307A	0	UNRESOLVED			
/works/OL2899534W	Three crosses	Federigo Tozzi	17614517	C.L. LeMay	/authors/OL441201A	/authors/OL441201A	0	UNRESOLVED			
/works/OL2907852W	Will you love me in September	Eleanor Alice Burford Hibbert	1317045	Philippa Carr	/authors/OL442995A	/authors/OL442995A	0	OL_ALIAS_MATCH	Philippa Carr	Philippa Carr (Victoria Holt) | Philippa Carr (pseud.) | Philippa Carr (who is also Victoria Holt)	OL_EXPLICIT_PSEUDONYM_ALIAS
/works/OL29328W	The plum tree	David Graham Phillips	18541011	Ellen Marie Wiseman	/authors/OL26582A	/authors/OL26582A	0	UNRESOLVED			
/works/OL29331W	The Conflict	David Graham Phillips	10586568	Elisabeth Badinter	/authors/OL26582A	/authors/OL26582A	0	UNRESOLVED			
/works/OL2939747W	The golden bowl	Frederick Feikema Manfred	118576	Henry James	/authors/OL448296A	/authors/OL448296A	0	UNRESOLVED			
/works/OL2944435W	The big sky	A. B. Guthrie	1461085	A.B. Guthrie Jr.	/authors/OL449104A	/authors/OL449104A	0	OL_ALIAS_MATCH	A.B. Guthrie Jr.	A. B. Guthrie Jr. | A.B. Guthrie Jr.	OL_ALTERNATE_NAME
/works/OL2962344W	The last trumpet	Todd Downing	36413	Stephen Mark Rainey	/authors/OL452552A	/authors/OL452552A	0	UNRESOLVED			
/works/OL2983192W	Green willow	Ethel Mannin	1161697	Eileen Dunlop	/authors/OL456666A	/authors/OL456666A	0	UNRESOLVED			
/works/OL2986869W	The rock and the river	Ralph Connor	5783432	Dion Graham | Kekla Magoon	/authors/OL457425A	/authors/OL457425A	0	UNRESOLVED			
/works/OL2986878W	The Major	Ralph Connor	42014768	Cliff Happy	/authors/OL457425A	/authors/OL457425A	0	UNRESOLVED			
/works/OL3005503W	Piccadilly	Kathleen Coyle	6180665	Umar Nur Zain	/authors/OL461349A	/authors/OL461349A	0	UNRESOLVED			
/works/OL3020854W	A graveyard to let	John Dickson Carr	2849592	Carter Dickson	/authors/OL465130A	/authors/OL465130A	0	OL_ALIAS_MATCH	Carter Dickson	Carter DICKSON | Carter Dickson | carter dickson	OL_ALTERNATE_NAME
/works/OL3020871W	The Plague Court murders	John Dickson Carr	1037158	Carter Dickson	/authors/OL465130A	/authors/OL465130A	0	OL_ALIAS_MATCH	Carter Dickson	Carter DICKSON | Carter Dickson | carter dickson	OL_ALTERNATE_NAME
/works/OL3020873W	The red widow murders	John Dickson Carr	1262169	Carter Dickson	/authors/OL465130A	/authors/OL465130A	0	OL_ALIAS_MATCH	Carter Dickson	Carter DICKSON | Carter Dickson | carter dickson	OL_ALTERNATE_NAME
/works/OL3020875W	She died a lady	John Dickson Carr	1262168	Carter Dickson	/authors/OL465130A	/authors/OL465130A	0	OL_ALIAS_MATCH	Carter Dickson	Carter DICKSON | Carter Dickson | carter dickson	OL_ALTERNATE_NAME
/works/OL3034556W	The Nazarene	Ailbe J. Luddy	1183864	Asch | Sholem Asch	/authors/OL468564A	/authors/OL468564A	0	UNRESOLVED			
/works/OL3045987W	Interim	Dorothy Miller Richardson	44082782	S. Walden	/authors/OL471601A	/authors/OL471601A	0	UNRESOLVED			
/works/OL3046244W	Irish short stories	George A. Birmingham	419366	John Brendan Keane	/authors/OL471665A	/authors/OL471665A	0	UNRESOLVED			
/works/OL309136W	Kadambari	Bāṇa.	15415207	Banabhatta	/authors/OL1795A	/authors/OL1795A	0	UNRESOLVED			
/works/OL313923W	Srikanta	Śaratcandra Caṭṭopādhyāya	1257386	Sarat Chandra Chattopadhyay	/authors/OL2337A	/authors/OL2337A	0	UNRESOLVED			
/works/OL31643W	The man who had everything	Louis Bromfield	1680379	Christine Rimmer	/authors/OL27782A	/authors/OL27782A	0	UNRESOLVED			
/works/OL3171048W	The gods arrive	Grant Lewi	56769	Edith Wharton | Marilyn French	/authors/OL507159A	/authors/OL507159A	0	UNRESOLVED			
/works/OL3190327W	The usurper	Gautier, Judith	13451281	Cliff Ball	/authors/OL512680A	/authors/OL512680A	0	UNRESOLVED			
/works/OL32010577W	Yankee doodle Dixie	J. V. Ryals	14871893	Lisa Patton	/authors/OL5314443A	/authors/OL5314443A	0	UNRESOLVED			
/works/OL32027157W	Woodcraft	Simms, William Gilmore	20037673	Elmer H. Kreps	/authors/OL159349A	/authors/OL159349A	0	UNRESOLVED			
/works/OL32036712W	The Plot genie	Wycliffe A. Hill	6914116	Gillian Conoley	/authors/OL11621756A	/authors/OL11621756A	0	UNRESOLVED			
/works/OL32044148W	The leopard's spots	Dixon, Thomas	13710292	Thomas Dixon Jr.	/authors/OL1156030A	/authors/OL3732953A	1	DIRECT_NAME_MATCH	Thomas Dixon Jr.	Thomas Dixon Jr.	OL_NAME_OR_PERSONAL_NAME
/works/OL32044195W	The clansman	Dixon, Thomas	1357600	Thomas Dixon Jr.	/authors/OL1156030A	/authors/OL3732953A	1	DIRECT_NAME_MATCH	Thomas Dixon Jr.	Thomas Dixon Jr.	OL_NAME_OR_PERSONAL_NAME
/works/OL32046459W	Night raid	Eugene Löhrke	1446462	H.I. Larry	/authors/OL11625267A	/authors/OL11625267A	0	UNRESOLVED			
/works/OL32048826W	A silent witness	Frederic Jackson Page	344854	R. Austin Freeman	/authors/OL11626027A	/authors/OL11626027A	0	UNRESOLVED			
/works/OL32080397W	Figures in a landscape	Paul Horgan	2071975	Barry England	/authors/OL584484A	/authors/OL584484A	0	UNRESOLVED			
/works/OL32088594W	Jack and the bean-stalk	Tennyson, Hallam Tennyson	21375812	Michele Dufresne	/authors/OL7272383A	/authors/OL7272383A	0	UNRESOLVED			
/works/OL32089601W	The forlorn hope	A. L. O. E.	648761	David Drake	/authors/OL367080A	/authors/OL367080A	0	UNRESOLVED			
/works/OL32090662W	Ragged Robin	Mary E. Ropes	22795605	Concordia Merrel	/authors/OL11642645A	/authors/OL11642645A	0	UNRESOLVED			
/works/OL32091404W	Shut in	Evelyn Everett-Green	48255902	Lori Lesko	/authors/OL879667A	/authors/OL879667A	0	UNRESOLVED			
/works/OL32092059W	Aladdin, or, The wonderful lamp	Sidney Heath	6671801	Adam Oehlenschlager	/authors/OL1565380A	/authors/OL1565380A	0	UNRESOLVED			
/works/OL32092205W	The church mouse	F. Burge Griswold	498213	Graham Oakley	/authors/OL2517822A	/authors/OL2517822A	0	UNRESOLVED			
/works/OL32093148W	Fairy tales from the Arabian nights	John D. Batten	2182100	E. Dixon	/authors/OL8008717A	/authors/OL8008717A	0	UNRESOLVED			
/works/OL32093680W	Golden wings	Florence Scannell	863378	Martin Caidin	/authors/OL2394619A	/authors/OL2394619A	0	UNRESOLVED			
/works/OL32093736W	Grimm's household stories	Edward Henry Wehnert	52836970	Jacob Grimm | Lucy Crane | Wilhelm Grimm	/authors/OL11642466A	/authors/OL11642466A	0	UNRESOLVED			
/works/OL32093780W	Sintram and his companions	La Motte-Fouqué, Friedrich Heinrich Karl	21494689	Friedrich Heinrich Karl de la Motte Fouque	/authors/OL18209A	/authors/OL18209A	0	UNRESOLVED			
/works/OL32094051W	The snow garden	Wordsworth, Elizabeth	43129095	Christopher  Rice	/authors/OL1804449A	/authors/OL1804449A	0	UNRESOLVED			
/works/OL32094289W	Allegories	F. W. Farrar	41560750	Yannis Karatsioris	/authors/OL7632894A	/authors/OL7632894A	0	UNRESOLVED			
/works/OL32094384W	An alphabet of animals	Carton Moore-Park	1803781	Isabelle Brent	/authors/OL2596000A	/authors/OL2596000A	0	UNRESOLVED			
/works/OL32094623W	There was once	Helen Marion Burnside	23687003	Constance Wilde	/authors/OL3698401A	/authors/OL3698401A	0	UNRESOLVED			
/works/OL32096542W	The Story of the three little pigs	McLoughlin Bros	13176191	L. Leslie Brooke	/authors/OL7294603A	/authors/OL7294603A	0	UNRESOLVED			
/works/OL32096985W	Boys wanted	J. L. Nye	17023122	Flynn Meaney	/authors/OL11644171A	/authors/OL11644171A	0	UNRESOLVED			
/works/OL32097705W	Sinbad, the sailor	Dalziel Brothers	1311583	Anonymous | D.K. Swan | Gillian Doherty | John Yeoman | Marcia Williams | Salim Bachi	/authors/OL6006806A	/authors/OL6006806A	0	UNRESOLVED			
/works/OL32098094W	Jacky	Salome Hocking	19968402	Edward Iversen	/authors/OL11644398A	/authors/OL11644398A	0	UNRESOLVED			
/works/OL32098809W	In the wilds	G. H. Thompson	15219899	Nigel Peake	/authors/OL11644532A	/authors/OL11644532A	0	UNRESOLVED			
/works/OL32099425W	Johnnie	E. O. Laughlin	44825290	Cardeno C.	/authors/OL11644665A	/authors/OL11644665A	0	UNRESOLVED			
/works/OL32146312W	Pansies	Louisa May Alcott	51841846	Alexis  Hall	/authors/OL26680A	/authors/OL26680A	0	UNRESOLVED			
/works/OL3219042W	The Christmas carp	Vicki Baum	3089728	Rita Tornqvist-Verschuur	/authors/OL521381A	/authors/OL521381A	0	UNRESOLVED			
/works/OL32254753W	The three rings	Margaret K. Soifer	42330144	John R. Erickson	/authors/OL161790A	/authors/OL161790A	0	UNRESOLVED			
/works/OL3236943W	She Goes to War	Ellis Peters	1130305	Edith Pargeter	/authors/OL19465A	/authors/OL19465A	0	DIRECT_NAME_MATCH	Edith Pargeter	Edith Pargeter	OL_NAME_OR_PERSONAL_NAME
/works/OL3236964W	Warfare accomplished	Ellis Peters	1130304	Edith Pargeter	/authors/OL19465A	/authors/OL19465A	0	DIRECT_NAME_MATCH	Edith Pargeter	Edith Pargeter	OL_NAME_OR_PERSONAL_NAME
/works/OL3236974W	The eighth champion of Christendom	Ellis Peters	1130306	Edith Pargeter	/authors/OL19465A	/authors/OL19465A	0	DIRECT_NAME_MATCH	Edith Pargeter	Edith Pargeter	OL_NAME_OR_PERSONAL_NAME
/works/OL32443964W	Tom, the bootblack; or, The road to success	Horatio Alger	6927252	Horatio Alger Jr.	/authors/OL316972A	/authors/OL316972A	0	DIRECT_NAME_MATCH	Horatio Alger Jr.	Horatio Alger, Jr.	OL_NAME_OR_PERSONAL_NAME
/works/OL3268652W	I Wish I Were a Lion	Eve Tharlet	42470607	Dan Jackson	/authors/OL533155A	/authors/OL533155A	0	UNRESOLVED			
/works/OL3282805W	Long knives	George Cary Eggleston	26439026	Charles  Rosenberg	/authors/OL536315A	/authors/OL536315A	0	UNRESOLVED			
/works/OL32873212W	Shot and shell	George Emmett	24492022	Robert Lytle	/authors/OL1394602A	/authors/OL1394602A	0	UNRESOLVED			
/works/OL32873768W	All's well	George Emmett	47512409	Carol A. Robi	/authors/OL1394602A	/authors/OL1394602A	0	UNRESOLVED			
/works/OL3297462W	The master of the house	Radclyffe Hall	40360380	John Gaskin	/authors/OL539458A	/authors/OL539458A	0	UNRESOLVED			
/works/OL33121077W	A moment of time	Richard Hughes	40993756	Jilaine Tarisa	/authors/OL957796A	/authors/OL957796A	0	UNRESOLVED			
/works/OL33133922W	The phantom fleet	Ted Copp	46906114	Julien Boyer	/authors/OL11514057A	/authors/OL11514057A	0	UNRESOLVED			
/works/OL33135715W	Silver saddles	Covelle Newcomb	4558657	Cap Iverson	/authors/OL2008364A	/authors/OL2008364A	0	UNRESOLVED			
/works/OL33136115W	Maida's little theater	Inez Haynes Gillmore	4028092	Inez Haynes Irwin	/authors/OL947807A	/authors/OL947807A	0	OL_ALIAS_MATCH	Inez Haynes Irwin	Inez Haynes Irwin | inez haynes irwin	OL_ALTERNATE_NAME
/works/OL33138005W	Phil, the fiddler	Horatio Alger	1111179	Horatio Alger Jr.	/authors/OL316972A	/authors/OL316972A	0	DIRECT_NAME_MATCH	Horatio Alger Jr.	Horatio Alger, Jr.	OL_NAME_OR_PERSONAL_NAME
/works/OL33153303W	Stronger than death	Calif.) American Russian Institute for Cultural Relations with the Soviet Union (San Francisco	394196	Manda Scott	/authors/OL12016413A	/authors/OL12016413A	0	UNRESOLVED			
/works/OL33162717W	Zipporah	Joshua A. Brockett	394499	Arthur S. Maxwell | Lois N. Erickson	/authors/OL12018798A	/authors/OL12018798A	0	UNRESOLVED			
/works/OL33169628W	Arundel	Kenneth Lewis	1128397	Kenneth Roberts	/authors/OL18065A	/authors/OL18065A	0	OL_ALIAS_MATCH	Kenneth Roberts	Kenneth Roberts	OL_ALTERNATE_NAME
/works/OL33305022W	So little time	Arthur S. Maxwell	1055830	John P. Marquand	/authors/OL2854115A	/authors/OL2854115A	0	UNRESOLVED			
/works/OL33313124W	The hidden land	Murray Roberts	49876	Pamela Dean	/authors/OL12065388A	/authors/OL12065388A	0	UNRESOLVED			
/works/OL33323886W	The greatest adventure	John Taine	6002828	Eric Temple Bell	/authors/OL12070346A	/authors/OL12070346A	0	UNRESOLVED			
/works/OL33373594W	The Brave in Heart	Cook, Ida	2724628	Mary Burchell	/authors/OL892147A	/authors/OL892147A	0	DIRECT_NAME_MATCH	Mary Burchell	Mary Burchell	OL_NAME_OR_PERSONAL_NAME
/works/OL33421043W	A summer siege	Lucy T. Poor	21572106	Samantha Holt	/authors/OL12110865A	/authors/OL12110865A	0	UNRESOLVED			
/works/OL3361670W	The iron mountain	Phil Stong	7150596	Robert Isenberg	/authors/OL546333A	/authors/OL546333A	0	UNRESOLVED			
/works/OL3361684W	The prince and the porker	Phil Stong	43272157	Peter Bently	/authors/OL546333A	/authors/OL546333A	0	UNRESOLVED			
/works/OL33678351W	Situation Vacant	Cecil John Charles Street	24081016	Tim Songhurst	/authors/OL6001513A	/authors/OL6001513A	0	UNRESOLVED			
/works/OL3370575W	Don Quixote of the Mancha	Parry, Edward Abbott	121842	Arvid Paulson | Clayton Edwards | Edith Grossman | Guy Kellal | John Ormsby | John Rutherford | Migel de Servantes | Migkel Nte Therbantes | Miguel de Cervantes Saavedra | Tobias Smollett | myjyl dy syrfnts	/authors/OL548748A	/authors/OL548748A	0	UNRESOLVED			
/works/OL3412333W	A Comedy of Terrors	Michael Innes	21369050	Graeme   Smith				OL_AUTHOR_KEY_AMBIGUOUS			
/works/OL3412380W	The Weight of Evidence	Michael Innes	17069912	Roger Ormerod				OL_AUTHOR_KEY_AMBIGUOUS			
/works/OL34561372W	The Great Book of Thrillers	H. Douglas Thomson	620816	Daniel Defoe | H.G. Wells | Oscar Wilde | Walter de la Mare | Wilkie Collins	/authors/OL3657304A	/authors/OL3657304A	0	UNRESOLVED			
/works/OL3462385W	The wind from nowhere	Micheaux, Oscar	254310	J.G. Ballard	/authors/OL576867A	/authors/OL576867A	0	UNRESOLVED			
/works/OL3465109W	Mr. and Mrs. North	Richard Lockridge	54813190	Carla Buchanan	/authors/OL577477A	/authors/OL577477A	0	UNRESOLVED			
/works/OL3466555W	The House Without a Door	Elizabeth Daly	16059098	Thomas Sterling	/authors/OL577783A	/authors/OL577783A	0	UNRESOLVED			
/works/OL3468579W	Creeping Jenny	Wiggin, Kate Douglas Smith	1463049	John Sherwood	/authors/OL578113A	/authors/OL578113A	0	UNRESOLVED			
/works/OL3472214W	The plunderers	Edwin Lefevre	6917519	Jonathan Black	/authors/OL578783A	/authors/OL578783A	0	UNRESOLVED			
/works/OL3474306W	Hope's highway	Sarah Lee Brown Fleming	2777466	Dorothy Garlock	/authors/OL579181A	/authors/OL579181A	0	UNRESOLVED			
/works/OL3484364W	The Silent Isle	Arthur Christopher Benson	40158594	Nicholas  Anderson	/authors/OL581406A	/authors/OL581406A	0	UNRESOLVED			
/works/OL3496522W	The living is easy	Mary Christopher	152851	Dorothy West	/authors/OL1433548A	/authors/OL1433548A	0	OL_ALIAS_MATCH	Dorothy West	Dorothy West	OL_ALTERNATE_NAME
/works/OL3538197W	Sparks fly upward	Oliver La Farge	3934093	Stewart Granger	/authors/OL593898A	/authors/OL593898A	0	UNRESOLVED			
/works/OL35554055W	Aces up	Covington Clarke	7916913	Lauren Barnholdt	/authors/OL2435524A	/authors/OL2435524A	0	UNRESOLVED			
/works/OL3569964W	The mind reader	Roberts, Walter Adolphe	170687	R.L. Stine	/authors/OL601993A	/authors/OL601993A	0	UNRESOLVED			
/works/OL3569969W	Royal Street	Roberts, Walter Adolphe	16974328	Suzanne  Johnson	/authors/OL601993A	/authors/OL601993A	0	UNRESOLVED			
/works/OL3571981W	Son of the Hawk	Thomas Head Raddall	6344110	Charles G. West	/authors/OL602587A	/authors/OL602587A	0	UNRESOLVED			
/works/OL3581439W	Tom Swift and His Airship	Howard Roger Garis	256692	Victor Appleton	/authors/OL160777A	/authors/OL160777A	0	OL_ALIAS_MATCH	Victor Appleton	Victor Appleton	OL_ALTERNATE_NAME
/works/OL3593545W	Xi you ji	Wu, Cheng'en	6162952	You Gan Gui	/authors/OL608235A	/authors/OL608235A	0	UNRESOLVED			
/works/OL36605W	The progress of Julius	Du Maurier, Daphne	546754	Daphne du Maurier	/authors/OL34047A	/authors/OL34047A	0	DIRECT_NAME_MATCH	Daphne du Maurier	Daphne du Maurier	OL_NAME_OR_PERSONAL_NAME
/works/OL36613W	I'll never be young again	Du Maurier, Daphne	49093	Daphne du Maurier	/authors/OL34047A	/authors/OL34047A	0	DIRECT_NAME_MATCH	Daphne du Maurier	Daphne du Maurier	OL_NAME_OR_PERSONAL_NAME
/works/OL36629W	The parasites	Du Maurier, Daphne	2728005	Daphne du Maurier	/authors/OL34047A	/authors/OL34047A	0	DIRECT_NAME_MATCH	Daphne du Maurier	Daphne du Maurier	OL_NAME_OR_PERSONAL_NAME
/works/OL36632W	Jamaica Inn	Du Maurier, Daphne	430524	Dafna diu Mor'e | Daphne du Maurier | Tony Britton	/authors/OL34047A	/authors/OL34047A	0	DIRECT_NAME_MATCH	Daphne du Maurier	Daphne du Maurier	OL_NAME_OR_PERSONAL_NAME
/works/OL36716W	Strange life of Ivan Osokin	Uspenskiĭ Petr Demʹi͡anovich	518525	P.D. Ouspensky	/authors/OL2263413A	/authors/OL2263413A	0	OL_ALIAS_MATCH	P.D. Ouspensky	P D Ouspensky | P D. Ouspensky | P. D Ouspensky | P. D. (Peter Demianovich) Ouspensky | P. D. OUSPENSKY | P. D. Ouspensky | P. d Ouspensky | P.D Ouspensky | P.D. Ouspensky	OL_ALTERNATE_NAME
/works/OL36769716W	The joy of life	Emile Zola	26574593	Mary Beth Smith	/authors/OL32772A	/authors/OL32772A	0	UNRESOLVED			
/works/OL36881W	The light heart	Hewlett, Maurice Henry	343514	Elswyth Thane	/authors/OL18237A	/authors/OL18237A	0	UNRESOLVED			
/works/OL37021076W	Brigands of the moon	Campbell, John	3046327	Ray Cummings	/authors/OL923239A	/authors/OL923239A	0	UNRESOLVED			
/works/OL37139955W	The eighth wonder	William Wallace Cook	19927501	Kimberly S. Young	/authors/OL1181672A	/authors/OL1181672A	0	UNRESOLVED			
/works/OL37142662W	Invaders from Mars	Barré Lyndon	1357500	Ray Garton	/authors/OL161753A	/authors/OL161753A	0	UNRESOLVED			
/works/OL37149828W	Fission	Rand Le Page	18022089	Tom Weston	/authors/OL2860222A	/authors/OL2860222A	0	UNRESOLVED			
/works/OL3750810W	Rio Bravo	Sabin, Edwin L.	13927551	Gordon D. Shirreffs	/authors/OL2980635A	/authors/OL2980635A	0	UNRESOLVED			
/works/OL3774994W	Tales from the Vienna woods	David Ewen	1017078	Odon von Horvath	/authors/OL666077A	/authors/OL666077A	0	UNRESOLVED			
/works/OL37923069W	Red Lily	Anatole France	1612557	Nora Roberts	/authors/OL10729134A	/authors/OL10729134A	0	UNRESOLVED			
/works/OL3837737W	Proof of the pudding	Phoebe Atwood Taylor	2767874	Phil Vickery	/authors/OL685619A	/authors/OL685619A	0	UNRESOLVED			
/works/OL38578463W	The forerunner	Dmitry Sergeyevich Merezhkovsky	2465459	Kahlil Gibran	/authors/OL13256773A	/authors/OL13256773A	0	UNRESOLVED			
/works/OL38585255W	The marvellous boy	Ernst Penzoldt	3435851	Peter Corris	/authors/OL154475A	/authors/OL154475A	0	UNRESOLVED			
/works/OL38595131W	From day to day	Ferdynand Goetel	14989063	Odd Nansen	/authors/OL50320A	/authors/OL50320A	0	UNRESOLVED			
/works/OL3859848W	No ordinary summer	Konstantin Fedin	364326	Linda Barrett	/authors/OL693025A	/authors/OL693025A	0	UNRESOLVED			
/works/OL3863778W	The house by the river	Herbert, A. P.	6788781	Lena Manta	/authors/OL694301A	/authors/OL694301A	0	UNRESOLVED			
/works/OL3863975W	The ship of stars	Quiller-Couch, Arthur Thomas	6855040	Arthur Quiller-Couch	/authors/OL694360A	/authors/OL694360A	0	DIRECT_NAME_MATCH	Arthur Quiller-Couch	Arthur Quiller-Couch	OL_NAME_OR_PERSONAL_NAME
/works/OL3863979W	Noughts and crosses	Quiller-Couch, Arthur Thomas	43762322	Malorie Blackman	/authors/OL694360A	/authors/OL694360A	0	UNRESOLVED			
/works/OL3863982W	Sir John Constantine	Quiller-Couch, Arthur Thomas	5309770	Arthur Quiller-Couch	/authors/OL694360A	/authors/OL694360A	0	DIRECT_NAME_MATCH	Arthur Quiller-Couch	Arthur Quiller-Couch	OL_NAME_OR_PERSONAL_NAME
/works/OL38732878W	The standard bearer	S. R. Crockett	1848942	Edilberto K. Tiempo	/authors/OL5580111A	/authors/OL5580111A	0	UNRESOLVED			
/works/OL38754409W	The fall of Constantinople	J. M. Neale	4981853	Bernardine Kielty | Mostafa Mogharrabi | brnrdyn khylty	/authors/OL11610002A	/authors/OL11610002A	0	UNRESOLVED			
/works/OL38756795W	River out of Eden	Shirley Seifert	1121858	Richard Dawkins	/authors/OL11685106A	/authors/OL11685106A	0	UNRESOLVED			
/works/OL3876278W	Fairfax	Carl Sternheim	3810757	John  Wilson	/authors/OL697949A	/authors/OL697949A	0	UNRESOLVED			
/works/OL38770068W	Westward the tide	Harold Sinclair	3307805	Louis L'Amour	/authors/OL949992A	/authors/OL949992A	0	UNRESOLVED			
/works/OL3892384W	The Mightiest Machine	W. John Campbell	3231993	John W. Campbell Jr.	/authors/OL2676111A	/authors/OL2676111A	0	OL_ALIAS_MATCH	John W. Campbell Jr.	John W. Campbell Jr. | John W. Campbell, Jr.	OL_ALTERNATE_NAME
/works/OL38993755W	The last incarnation	Éliphas Lévi	1953457	J.A. Giunta	/authors/OL8582571A	/authors/OL8582571A	0	UNRESOLVED			
/works/OL38998263W	The custom of the country	Fraser, Hugh	2536975	Cynthia Griffin Wolff | Edith Wharton | Lorna Raver	/authors/OL11624419A	/authors/OL11624419A	0	UNRESOLVED			
/works/OL39001540W	The golden horseshoe	Stephen Bonsal	6324232	Elizabeth Coatsworth	/authors/OL14010219A	/authors/OL14010219A	0	UNRESOLVED			
/works/OL39014547W	The clansman	Dixon, Thomas	1357600	Thomas Dixon Jr.	/authors/OL1156030A	/authors/OL13951653A	1	DIRECT_NAME_MATCH	Thomas Dixon Jr.	Thomas Dixon Jr.	OL_NAME_OR_PERSONAL_NAME
/works/OL39015289W	Sea-gift	Edwin W. Fuller	1610055	John  Ashby	/authors/OL14014596A	/authors/OL14014596A	0	UNRESOLVED			
/works/OL3910404W	Death of a man	Boyle, Kay	1555901	Lael Tucker Wertenbaker	/authors/OL711625A	/authors/OL711625A	0	UNRESOLVED			
/works/OL3919689W	Carcajou	Montgomery, Rutherford George	4085029	Richard Holst	/authors/OL713801A	/authors/OL713801A	0	UNRESOLVED			
/works/OL3920691W	Little Bo	Russell Herman Conwell	1233903	Julie Andrews Edwards	/authors/OL714046A	/authors/OL714046A	0	UNRESOLVED			
/works/OL3920800W	Texas men	Paul Evan Lehman	5346421	Delilah Devlin	/authors/OL714061A	/authors/OL714061A	0	UNRESOLVED			
/works/OL39260W	The heart of a dog	Albert Payson Terhune	2470656	Mikhail Bulgakov | mykhy'yl bwlGkwf	/authors/OL19447A	/authors/OL19447A	0	UNRESOLVED			
/works/OL3928282W	Yolanda	Charles Major	25257180	J.T. Lewis | K.R. Jordan	/authors/OL715648A	/authors/OL715648A	0	UNRESOLVED			
/works/OL3931447W	Snare of Serpents	Eleanor Alice Burford Hibbert	1956417	Victoria Holt	/authors/OL442995A	/authors/OL442995A	0	OL_ALIAS_MATCH	Victoria Holt	Victoria Holt | Victoria Holt (pseud.) | victoria holt	OL_EXPLICIT_PSEUDONYM_ALIAS
/works/OL39415324W	Prince of thieves	Dumas, Alexandre	1281590	Chuck Hogan	/authors/OL18236A	/authors/OL18236A	0	UNRESOLVED			
/works/OL39420873W	The white trail	Alexander Macdonald	16494757	Fflur Dafydd	/authors/OL14160560A	/authors/OL14160560A	0	UNRESOLVED			
/works/OL39429907W	The prairie wife	Arthur Stringer	55167230	Curtis Sittenfeld	/authors/OL1163465A	/authors/OL1163465A	0	UNRESOLVED			
/works/OL39436866W	Solomon's quest	H. Bedford-Jones	47977517	Serenity King	/authors/OL2234482A	/authors/OL2234482A	0	UNRESOLVED			
/works/OL39451190W	The daughter of an empress	Louisa Mülbach	6437728	Luise Muhlbach	/authors/OL14170508A	/authors/OL14170508A	0	UNRESOLVED			
/works/OL39453807W	The course of true love never did run smooth	Reade, Charles	919890	Marilyn Singer	/authors/OL1126033A	/authors/OL1126033A	0	UNRESOLVED			
/works/OL39632094W	Ancient Law	Ellen Glasgow	1981039	Henry Sumner Maine	/authors/OL2826467A	/authors/OL2826467A	0	UNRESOLVED			
/works/OL3979205W	Grania	Emily Lawless	292055	Morgan Llywelyn	/authors/OL729088A	/authors/OL729088A	0	UNRESOLVED			
/works/OL3999051W	Country Christmas	Paul Hoffman	53321792	Savanna Grey	/authors/OL736277A	/authors/OL736277A	0	UNRESOLVED			
/works/OL4045577W	Blue voyage	Conrad Aiken	44223058	Diana  Renn	/authors/OL752234A	/authors/OL752234A	0	UNRESOLVED			
/works/OL406554W	Mars' butterfly	Pleasants, Henry	45790262	Henry Pleasants Jr.	/authors/OL17968A	/authors/OL17968A	0	UNRESOLVED			
/works/OL40665192W	Grif	B. Farjeon	24811980	Bianca D'Arc	/authors/OL14376744A	/authors/OL14376744A	0	UNRESOLVED			
/works/OL4080114W	The spinster's secret	Anthony Gilbert	24194880	Emily Larkin	/authors/OL763964A	/authors/OL763964A	0	UNRESOLVED			
/works/OL4087236W	Dakota marshal	Lynn Westland	16940497	Jenna Ryan	/authors/OL765561A	/authors/OL765561A	0	UNRESOLVED			
/works/OL4091074W	Seven Slayers	George Sims	2256649	Paul Cain	/authors/OL766271A	/authors/OL766271A	0	OL_ALIAS_MATCH	Paul Cain	Paul Cain	OL_ALTERNATE_NAME
/works/OL41061144W	Call of the Blood	Robert Smythe Hichens	41085053	Shyla Colt	/authors/OL126467A	/authors/OL126467A	0	UNRESOLVED			
/works/OL4128518W	The third murderer	Carroll John Daly	23900163	Jack  Flanagan	/authors/OL775359A	/authors/OL775359A	0	UNRESOLVED			
/works/OL4134663W	Night at the Mocking Widow	John Dickson Carr	1778158	Carter Dickson	/authors/OL465130A	/authors/OL465130A	0	OL_ALIAS_MATCH	Carter Dickson	Carter DICKSON | Carter Dickson | carter dickson	OL_ALTERNATE_NAME
/works/OL4134664W	Nine and Death Makes Ten	John Dickson Carr	2050964	Carter Dickson	/authors/OL465130A	/authors/OL465130A	0	OL_ALIAS_MATCH	Carter Dickson	Carter DICKSON | Carter Dickson | carter dickson	OL_ALTERNATE_NAME
/works/OL4134666W	The peacock feather murders	John Dickson Carr	533042	Carter Dickson	/authors/OL465130A	/authors/OL465130A	0	OL_ALIAS_MATCH	Carter Dickson	Carter DICKSON | Carter Dickson | carter dickson	OL_ALTERNATE_NAME
/works/OL4134674W	My late wives	John Dickson Carr	1881067	Carter Dickson	/authors/OL465130A	/authors/OL465130A	0	OL_ALIAS_MATCH	Carter Dickson	Carter DICKSON | Carter Dickson | carter dickson	OL_ALTERNATE_NAME
/works/OL4134680W	The reader is warned	John Dickson Carr	1796498	Carter Dickson	/authors/OL465130A	/authors/OL465130A	0	OL_ALIAS_MATCH	Carter Dickson	Carter DICKSON | Carter Dickson | carter dickson	OL_ALTERNATE_NAME
/works/OL4134683W	Death in five boxes	John Dickson Carr	2353091	Carter Dickson	/authors/OL465130A	/authors/OL465130A	0	OL_ALIAS_MATCH	Carter Dickson	Carter DICKSON | Carter Dickson | carter dickson	OL_ALTERNATE_NAME
/works/OL4134686W	The skeleton in the clock	John Dickson Carr	1859619	Carter Dickson	/authors/OL465130A	/authors/OL465130A	0	OL_ALIAS_MATCH	Carter Dickson	Carter DICKSON | Carter Dickson | carter dickson	OL_ALTERNATE_NAME
/works/OL41363589W	Tales of the Fish Patrol	George Varian	1189992	Jack London	/authors/OL9267615A	/authors/OL9267615A	0	UNRESOLVED			
/works/OL4215281W	The plum tree	Mary Ellen Chase	18541011	Ellen Marie Wiseman	/authors/OL804979A	/authors/OL804979A	0	UNRESOLVED			
/works/OL42324267W	The historical novel	Herbert Butterfield	6059515	George Saintsbury	/authors/OL8107671A	/authors/OL8107671A	0	UNRESOLVED			
/works/OL42475519W	The masterpiece	Emile Zola	56444376	Bonnie Dee	/authors/OL32772A	/authors/OL32772A	0	UNRESOLVED			
/works/OL42504098W	Notre dame	Victor Hugo	46055768	Jean Bastide | Robin Recht | Robin Recht, Jean Bastide	/authors/OL107571A	/authors/OL107571A	0	UNRESOLVED			
/works/OL42572716W	Elsie's holidays at Roselands	Martha Finley	26073462	Finley Martha	/authors/OL215842A	/authors/OL215842A	0	UNRESOLVED			
/works/OL42637481W	The clansman	Thomas Dixon	1357600	Thomas Dixon Jr.	/authors/OL10822423A	/authors/OL10822423A	0	UNRESOLVED			
/works/OL42845077W	A grain of wheat	Toyohiko Kagawa	822355	Ngugi wa Thiong'o	/authors/OL14009107A	/authors/OL14009107A	0	UNRESOLVED			
/works/OL42951604W	The crystal cup	Gertrude Franklin Horn Atherton	17010434	Bram Stoker	/authors/OL13930516A	/authors/OL13930516A	0	UNRESOLVED			
/works/OL4297470W	The world is a wedding	Delmore Schwartz	25429545	Wendy Jones	/authors/OL834609A	/authors/OL834609A	0	UNRESOLVED			
/works/OL43013655W	Billy Bunter of Greyfriars School	Charles Hamilton	504147	Frank Richards	/authors/OL9309686A	/authors/OL9309686A	0	UNRESOLVED			
/works/OL43015973W	The city of refuge	Besant, Walter	4622147	Diana Wilder	/authors/OL158906A	/authors/OL158906A	0	UNRESOLVED			
/works/OL43019685W	The decoy	J. D. Beresford	1375949	Tony Strong	/authors/OL27775A	/authors/OL27775A	0	UNRESOLVED			
/works/OL43021614W	The bridal march	Bjørnstjerne Bjørnson	23430119	Bjornstjerne Bjornson | Rasmus B. Anderson	/authors/OL112761A	/authors/OL112761A	0	OL_ALIAS_MATCH	Bjornstjerne Bjornson	Bjornstjerne Bjornson | Bjornstjerne Björnson | Björnstjerne Björnson | Bjo̊rnstjerne Björnson | Björnstjerne Björnson	OL_ALTERNATE_NAME
/works/OL4304831W	The fourth queen	Isabel Paterson	333475	Debbie Taylor	/authors/OL836616A	/authors/OL836616A	0	UNRESOLVED			
/works/OL43099367W	A dog day	Walter Emanuel	42713112	Emily Rand	/authors/OL7071056A	/authors/OL7071056A	0	UNRESOLVED			
/works/OL43169170W	The sun in splendour	Burke, Thomas	873208	Jean Plaidy	/authors/OL120825A	/authors/OL120825A	0	UNRESOLVED			
/works/OL43201215W	The flight of the eagle	Standish O'Grady	652153	Jiddu Krishnamurti	/authors/OL15366457A	/authors/OL15366457A	0	UNRESOLVED			
/works/OL43203870W	Frenchman's creek	Du Maurier, Daphne	2973873	Daphne du Maurier | John Castle	/authors/OL34047A	/authors/OL34047A	0	DIRECT_NAME_MATCH	Daphne du Maurier	Daphne du Maurier	OL_NAME_OR_PERSONAL_NAME
/works/OL43240335W	Jamaica inn	Du Maurier, Daphne	430524	Dafna diu Mor'e | Daphne du Maurier | Tony Britton	/authors/OL34047A	/authors/OL34047A	0	DIRECT_NAME_MATCH	Daphne du Maurier	Daphne du Maurier	OL_NAME_OR_PERSONAL_NAME
/works/OL43243045W	Jungle doctor	Norman E. King	43734728	Paul     White	/authors/OL15403218A	/authors/OL15403218A	0	UNRESOLVED			
/works/OL4330183W	Mountains are free	Julia Davis	2887311	Julia Davis Adams	/authors/OL844356A	/authors/OL844356A	0	UNRESOLVED			
/works/OL4330195W	Vaino, a boy of new Finland	Julia Davis	644248	Julia Davis Adams	/authors/OL844356A	/authors/OL844356A	0	UNRESOLVED			
/works/OL43346301W	Sitka	Barrett Willoughby	2938957	Louis L'Amour	/authors/OL1114826A	/authors/OL1114826A	0	UNRESOLVED			
/works/OL43388081W	The Boke of Duke Huon of Burdeux	Berners, John Bourchier	21960705	Anonymous	/authors/OL15232340A	/authors/OL15232340A	0	UNRESOLVED			
/works/OL43405112W	The green flag	Doyle, Arthur Conan	515591	Robert Kee	/authors/OL161167A	/authors/OL161167A	0	UNRESOLVED			
/works/OL43416858W	The brigand	Dumas, Alexandre	839791	Edgar Wallace	/authors/OL18236A	/authors/OL18236A	0	UNRESOLVED			
/works/OL43445740W	The farmer's boy	Johnson, Clifton	504085		/authors/OL29886A	/authors/OL29886A	0	UNRESOLVED			
/works/OL43544590W	She goes to war	Ellis Peters	1130305	Edith Pargeter				OL_AUTHOR_KEY_AMBIGUOUS			
/works/OL43545856W	Tales from Dickens	Charles Dickens	6383912	Mary Francis Shura	/authors/OL24638A	/authors/OL24638A	0	UNRESOLVED			
/works/OL43572215W	The surgeon's daughter	Scott, Walter	694508	Thomas Weldon	/authors/OL75235A	/authors/OL75235A	0	UNRESOLVED			
/works/OL43576681W	Ingo	Freytag, Gustav	1008784	Helen Dunmore	/authors/OL150292A	/authors/OL150292A	0	UNRESOLVED			
/works/OL43816547W	Wife To Christopher	Cook, Ida	19170019	Mary Burchell	/authors/OL892147A	/authors/OL892147A	0	DIRECT_NAME_MATCH	Mary Burchell	Mary Burchell	OL_NAME_OR_PERSONAL_NAME
/works/OL43826897W	Gustave	Paul de Kock	27675702	Remy Simard	/authors/OL1032996A	/authors/OL1032996A	0	UNRESOLVED			
/works/OL4384055W	The edge of the sword	Vladimir Pozner	3512191	Charles de Gaulle	/authors/OL863624A	/authors/OL863624A	0	UNRESOLVED			
/works/OL43851425W	The new Arabian nights	W. F. Kirby	878928	Anonymous | Jan Stmad | Richard Corben | Robert Louis Stevenson	/authors/OL10812666A	/authors/OL10812666A	0	UNRESOLVED			
/works/OL43878769W	One wide river to cross	Christine Whiting Parmenter	2324644	Barbara Emberley	/authors/OL2321528A	/authors/OL2321528A	0	UNRESOLVED			
/works/OL43890534W	Gentleman Jim	C. S. Thompson	1082358	Raymond Briggs	/authors/OL1098090A	/authors/OL1098090A	0	UNRESOLVED			
/works/OL43919076W	Ragged Dick	Horatio Alger	639239	Horatio Alger Jr.	/authors/OL316972A	/authors/OL13484553A	1	DIRECT_NAME_MATCH	Horatio Alger Jr.	Horatio Alger, Jr.	OL_NAME_OR_PERSONAL_NAME
/works/OL43945395W	Via crucis	Crawford, F. Marion	890008	Josemaria Escriva	/authors/OL215791A	/authors/OL215791A	0	UNRESOLVED			
/works/OL44003796W	The thunderer	L. Adams Beck	47193050	E. Barrington	/authors/OL10823150A	/authors/OL10823150A	0	UNRESOLVED			
/works/OL44241075W	The starling	Macleod, Norman	42101037	Kathy Lauren Miller	/authors/OL1420165A	/authors/OL1420165A	0	UNRESOLVED			
/works/OL44362582W	Henry VIII and his court	L. Mühlbach	1527832	Neville Williams	/authors/OL11940863A	/authors/OL11940863A	0	UNRESOLVED			
/works/OL44392442W	The gray man	S. R. Crockett	6740331	Mark Greaney	/authors/OL15016035A	/authors/OL15016035A	0	UNRESOLVED			
/works/OL44408764W	The green light	Louise Landon	24894674	Bess Norton	/authors/OL2319624A	/authors/OL2319624A	0	UNRESOLVED			
/works/OL4444484W	All for the best	Bentz Plagemann	2478064	Ruchoma Shain	/authors/OL884594A	/authors/OL884594A	0	UNRESOLVED			
/works/OL445715W	Golden apples	Marjorie Kinnan Rawlings	872673	Rose Elver	/authors/OL18973A	/authors/OL18973A	0	UNRESOLVED			
/works/OL4459054W	There's trouble brewing	C. Day Lewis	1995484	Nicholas Blake	/authors/OL120803A	/authors/OL120803A	0	OL_ALIAS_MATCH	Nicholas Blake	NICHOLAS BLAKE | Nicholas Blake | nicholas blake	OL_ALTERNATE_NAME
/works/OL44609698W	Niagara a Novel	Linda Grace	2551843	Richard A. Watson	/authors/OL955316A	/authors/OL955316A	0	UNRESOLVED			
/works/OL4461748W	Hawk's flight	Helen R. Hull	2280339	Carol Chase	/authors/OL889449A	/authors/OL889449A	0	UNRESOLVED			
/works/OL4472933W	Love Him or Leave Him	Cook, Ida	5287486	Mary Burchell	/authors/OL892147A	/authors/OL892147A	0	DIRECT_NAME_MATCH	Mary Burchell	Mary Burchell	OL_NAME_OR_PERSONAL_NAME
/works/OL4478660W	A world to win	Jack Conroy	1429287	Upton Sinclair	/authors/OL893669A	/authors/OL893669A	0	UNRESOLVED			
/works/OL44797827W	The greatest gamble	Elizabeth (York) Miller	26489558	Per Hansson	/authors/OL16129835A	/authors/OL16129835A	0	UNRESOLVED			
/works/OL44800563W	The unicorn murders	John Dickson Carr	1085567	Carter Dickson	/authors/OL465130A	/authors/OL465130A	0	OL_ALIAS_MATCH	Carter Dickson	Carter DICKSON | Carter Dickson | carter dickson	OL_ALTERNATE_NAME
/works/OL4481016W	The covered wagon	May Yonge McNeer	2580591	Emerson Hough	/authors/OL894195A	/authors/OL894195A	0	UNRESOLVED			
/works/OL4481467W	The Battle of Waterloo	Manuel Komroff	9649007	Jeremy Black	/authors/OL894249A	/authors/OL894249A	0	UNRESOLVED			
/works/OL44840091W	Hospital sketches	Frances Lyndall	1546559	Louisa May Alcott	/authors/OL16147949A	/authors/OL16147949A	0	UNRESOLVED			
/works/OL44927098W	The driven	Alberta Stedman Eagan	21483790	Donald Stuart	/authors/OL2314784A	/authors/OL2314784A	0	UNRESOLVED			
/works/OL44935W	A Changed Man	Hardy, Thomas	586178	Francine Prose	/authors/OL18277A	/authors/OL18277A	0	UNRESOLVED			
/works/OL449514W	Hospital zone	Elizabeth Seifert	21455553	Mary Stolz	/authors/OL25305A	/authors/OL25305A	0	UNRESOLVED			
/works/OL449559W	The doctor takes a wife	Elizabeth Seifert	13588965	Laurie Kingery	/authors/OL25305A	/authors/OL25305A	0	UNRESOLVED			
/works/OL44978380W	Stories of adventure	Hale, Edward Everett	3505922	Jack London	/authors/OL316805A	/authors/OL316805A	0	UNRESOLVED			
/works/OL4501699W	An eye for a tooth	Dornford Yates	43159053	Desmond Eccles	/authors/OL6962599A	/authors/OL6962599A	0	UNRESOLVED			
/works/OL4545325W	The four corners of the world	Roger Duvoisin	13642727	A.E.W. Mason	/authors/OL916848A	/authors/OL916848A	0	UNRESOLVED			
/works/OL454570W	Woman of property	Mabel Ross	22002997	Mabel Seeley	/authors/OL26134A	/authors/OL26134A	0	DIRECT_NAME_MATCH	Mabel Seeley	Mabel Seeley	OL_NAME_OR_PERSONAL_NAME
/works/OL454575W	The Chuckling Fingers	Mabel Ross	2145058	Mabel Seeley	/authors/OL26134A	/authors/OL26134A	0	DIRECT_NAME_MATCH	Mabel Seeley	Mabel Seeley	OL_NAME_OR_PERSONAL_NAME
/works/OL454576W	The crying sisters	Mabel Ross	2145001	Mabel Seeley	/authors/OL26134A	/authors/OL26134A	0	DIRECT_NAME_MATCH	Mabel Seeley	Mabel Seeley	OL_NAME_OR_PERSONAL_NAME
/works/OL4551999W	In London	Conal O'Riordan	45502550	Robert Creeley	/authors/OL919321A	/authors/OL919321A	0	UNRESOLVED			
/works/OL4567726W	Leaves in the wind	Elizabeth Backhouse	6740765	Crystalwizard | George Avera | Joni Latham	/authors/OL925365A	/authors/OL925365A	0	UNRESOLVED			
/works/OL4606355W	Southern hearts	Florence Hull Winterburn	41129509	Ava Thorn	/authors/OL942210A	/authors/OL942210A	0	UNRESOLVED			
/works/OL4608079W	Lark ascending	Mazo De la Roche	16498563	Meagan Spooner	/authors/OL943084A	/authors/OL943084A	0	UNRESOLVED			
/works/OL4620916W	Maida's Little Shop	Inez Haynes Gillmore	1747779	Haynes Inez Irwin | Inez Haynes Irwin	/authors/OL947807A	/authors/OL947807A	0	OL_ALIAS_MATCH	Inez Haynes Irwin	Inez Haynes Irwin | inez haynes irwin	OL_ALTERNATE_NAME
/works/OL462100W	Two of them	J. M. Barrie	21578140	Elodie Parkes	/authors/OL26997A	/authors/OL26997A	0	UNRESOLVED			
/works/OL464285W	The Secret of the Tower	Anthony Hope	4454945		/authors/OL27107A	/authors/OL27107A	0	UNRESOLVED			
/works/OL4668903W	The Squire's Daughter	F. M. Mayor	14138193	Ann Barker	/authors/OL961532A	/authors/OL961532A	0	UNRESOLVED			
/works/OL473142W	Second ending	Ed McBain	26178900	James White	/authors/OL22256A	/authors/OL22256A	0	UNRESOLVED			
/works/OL4754296W	The masked rider	Hoffman Birney	1279659	Neil Peart	/authors/OL993547A	/authors/OL993547A	0	UNRESOLVED			
/works/OL4755101W	Prose and cons	Irvin S. Cobb	49782549	Amanda Flower	/authors/OL993945A	/authors/OL993945A	0	UNRESOLVED			
/works/OL4755142W	The life of the party	Irvin S. Cobb	14197581	Bennett Cerf	/authors/OL993945A	/authors/OL993945A	0	UNRESOLVED			
/works/OL47719W	A King's Lesson	Morris, William	1593635	Aoi Futaba-Kui  Er Xie | Kurenai Mitsuba	/authors/OL28409A	/authors/OL28409A	0	UNRESOLVED			
/works/OL478192W	The writer's art	Wallace Earle Stegner	1807255	James J. Kilpatrick	/authors/OL29961A	/authors/OL29961A	0	UNRESOLVED			
/works/OL4785073W	Rain Forest	Armstrong Sperry	757644	Jinny Johnson | Naklini Nadkarni	/authors/OL1006075A	/authors/OL1006075A	0	UNRESOLVED			
/works/OL4793717W	My first murder	Baker, Susan	1808038	Leena Lehtolainen	/authors/OL1008588A	/authors/OL1008588A	0	UNRESOLVED			
/works/OL4813171W	The three brothers	Michael McLaverty	54487891	Mollie Clarke	/authors/OL1014276A	/authors/OL1014276A	0	UNRESOLVED			
/works/OL4839164W	The deadly percheron	Gregory Tree	242304	John Franklin Bardin	/authors/OL2248940A	/authors/OL2248940A	0	DIRECT_NAME_MATCH	John Franklin Bardin	John Franklin Bardin	OL_NAME_OR_PERSONAL_NAME
/works/OL4861804W	The great short-stories	William James Dawson	6563666	Guy de Maupassant	/authors/OL1033984A	/authors/OL1033984A	0	UNRESOLVED			
/works/OL4869431W	Flight surgeon	Cameron Rogers	22216646	Michael Robert Jennings	/authors/OL1036779A	/authors/OL1036779A	0	UNRESOLVED			
/works/OL4869433W	Manila galleon	Cameron Rogers	12774260	F. Van Wyck Mason	/authors/OL1036779A	/authors/OL1036779A	0	UNRESOLVED			
/works/OL486976W	Land under England	O'Neill, Joseph.	905971	Joseph  O'Neill	/authors/OL30423A	/authors/OL30423A	0	UNRESOLVED			
/works/OL4869939W	From the other side	Fuller, Henry Blake	6543845	Lorelei Buckley	/authors/OL1036952A	/authors/OL1036952A	0	UNRESOLVED			
/works/OL4870191W	Tempest tossed	Roberts, Margaret	493086	Josi S. Kilpack	/authors/OL1037042A	/authors/OL1037042A	0	UNRESOLVED			
/works/OL4871951W	The high heart	Basil King	3005194	Joseph Bathanti	/authors/OL1037722A	/authors/OL1037722A	0	UNRESOLVED			
/works/OL4871960W	The street called Straight	Basil King	44984779	Elizabeth Polk	/authors/OL1037722A	/authors/OL1037722A	0	UNRESOLVED			
/works/OL4881179W	The treasure house	Knipe, Emilie Benson	19354141	Linda Newbery	/authors/OL1041194A	/authors/OL1041194A	0	UNRESOLVED			
/works/OL4881181W	Vive la France	Knipe, Emilie Benson	44499429	Linda van Rijn	/authors/OL1041194A	/authors/OL1041194A	0	UNRESOLVED			
/works/OL4886641W	Upstairs and downstairs	E. C. R. Lorac	1920831	Edward Hayward	/authors/OL124990A	/authors/OL124990A	0	UNRESOLVED			
/works/OL4888360W	Tide of empire	Peter B. Kyne	24804684	Bates Baldwin	/authors/OL1043740A	/authors/OL1043740A	0	UNRESOLVED			
/works/OL4899341W	Last semester	Phyllis Crawford	56007668	Corine Mekaouche	/authors/OL1047945A	/authors/OL1047945A	0	UNRESOLVED			
/works/OL4901476W	Grand parade	G. B. Lancaster	54716176	Lilliana Rose	/authors/OL1048910A	/authors/OL1048910A	0	UNRESOLVED			
/works/OL4902735W	Gold and iron	Joseph Hergesheimer	1903956	Jack Vance	/authors/OL1049393A	/authors/OL1049393A	0	UNRESOLVED			
/works/OL4907590W	Thistledown	C. V. Jamison	30772077	Susan Dexter	/authors/OL1051348A	/authors/OL1051348A	0	UNRESOLVED			
/works/OL4978812W	The death of Lord Haw Haw	Elliot Paul	1871282	Brett Rutledge	/authors/OL4374973A	/authors/OL4374973A	0	UNRESOLVED			
/works/OL4994342W	The throwback	Alfred Henry Lewis	1508541	Tom Sharpe	/authors/OL1080857A	/authors/OL1080857A	0	UNRESOLVED			
/works/OL4996223W	Outlaw valley	Field, Peter	6187660	Max Brand | Steve Cooper	/authors/OL1081487A	/authors/OL1081487A	0	UNRESOLVED			
/works/OL500108W	The common law	Holmes, Oliver Wendell	816001	Oliver Wendell Holmes Jr.	/authors/OL33217A	/authors/OL33217A	0	DIRECT_NAME_MATCH	Oliver Wendell Holmes Jr.	Oliver Wendell Holmes, Jr.	OL_NAME_OR_PERSONAL_NAME
/works/OL5005471W	The lost army	Thomas Wallace Knox	2866684	Valerio Massimo Manfredi	/authors/OL1085043A	/authors/OL1085043A	0	UNRESOLVED			
/works/OL500574W	Kintu	Elizabeth Enright	42827324	Jennifer Nansubuga Makumbi	/authors/OL33261A	/authors/OL33261A	0	UNRESOLVED			
/works/OL500754W	Venus im Pelz	Sacher-Masoch, Leopold	2469460	Franz von Bayros | Giorgos Beltsos | Leopold von Sacher-Masoch	/authors/OL33283A	/authors/OL33283A	0	OL_ALIAS_MATCH	Leopold von Sacher-Masoch	Leopold VON SACHER-MASOCH | Leopold Von Sacher - Masoch | Leopold Von Sacher Masoch | Leopold Von Sacher- Masoch | Leopold Von Sacher-Masoch | Leopold von Sacher -Masoch | Leopold von Sacher Masoch | Leopold von Sacher- Masoch | Leopold von Sacher-Masoch | Léopold von Sacher-Masoch	OL_ALTERNATE_NAME
/works/OL5009862W	West and East	Laura Coates Reed	9634189	Harry Turtledove	/authors/OL1086790A	/authors/OL1086790A	0	UNRESOLVED			
/works/OL5033389W	The Murders in Praed Street	Cecil John Charles Street	14534303	John Rhode	/authors/OL6001513A	/authors/OL6001513A	0	OL_ALIAS_MATCH	John Rhode	John RHODE | John Rhode | john rhode	OL_ALTERNATE_NAME
/works/OL5033392W	Mystery at Olympia	Cecil John Charles Street	19133955	John Rhode	/authors/OL6001513A	/authors/OL6001513A	0	OL_ALIAS_MATCH	John Rhode	John RHODE | John Rhode | john rhode	OL_ALTERNATE_NAME
/works/OL5033397W	The Robthorne Mystery	Cecil John Charles Street	9206552	John Rhode	/authors/OL6001513A	/authors/OL6001513A	0	OL_ALIAS_MATCH	John Rhode	John RHODE | John Rhode | john rhode	OL_ALTERNATE_NAME
/works/OL5033402W	Shot at Dawn	Cecil John Charles Street	14184761	Hugh Brewster | John Wilson | Paul Yee	/authors/OL6001513A	/authors/OL6001513A	0	UNRESOLVED			
/works/OL5033408W	Tragedy on the Line	Cecil John Charles Street	19133052	John Rhode	/authors/OL6001513A	/authors/OL6001513A	0	OL_ALIAS_MATCH	John Rhode	John RHODE | John Rhode | john rhode	OL_ALTERNATE_NAME
/works/OL5033415W	Death on the boat-train	Cecil John Charles Street	7817847	John Rhode	/authors/OL6001513A	/authors/OL6001513A	0	OL_ALIAS_MATCH	John Rhode	John RHODE | John Rhode | john rhode	OL_ALTERNATE_NAME
/works/OL5043985W	The three things	Mary Raymond Shipman Andrews	47261402	Annie Ruygt	/authors/OL1099961A	/authors/OL1099961A	0	UNRESOLVED			
/works/OL507334W	Understudies	Mary Eleanor Wilkins Freeman	26211848	Ravi Mangla	/authors/OL33682A	/authors/OL33682A	0	UNRESOLVED			
/works/OL5087854W	Short-story masterpieces	J. Berg Esenwein	251842		/authors/OL1118558A	/authors/OL1118558A	0	UNRESOLVED			
/works/OL5096762W	Out of This Nettle	Norah Lofts	16455676	Jean Ducey	/authors/OL1122052A	/authors/OL1122052A	0	UNRESOLVED			
/works/OL5115275W	A corner of the world	Robert Shaplen	40321180	Mylene Fernandez Pintado	/authors/OL1127191A	/authors/OL1127191A	0	UNRESOLVED			
/works/OL5115516W	The main chance	Nicholson, Meredith	2219752	Colin Forbes	/authors/OL1127231A	/authors/OL1127231A	0	UNRESOLVED			
/works/OL5117008W	Male and Female	Jack Woodford	107266	Margaret Mead	/authors/OL1127665A	/authors/OL1127665A	0	UNRESOLVED			
/works/OL5142760W	The strange path	Gale Wilhelm	18433833	D. Jordan Redhawk	/authors/OL1137167A	/authors/OL1137167A	0	UNRESOLVED			
/works/OL51427W	Rickshaw boy	Lao, She	12580682	Lao She	/authors/OL19515A	/authors/OL19515A	0	DIRECT_NAME_MATCH	Lao She	Lao, She	OL_NAME_OR_PERSONAL_NAME
/works/OL5185419W	The flaming sword	Dixon, Thomas	17107121	George Fort Gibbs	/authors/OL1156030A	/authors/OL3732953A	1	UNRESOLVED			
/works/OL5185441W	The Leopard's Spots	Dixon, Thomas	13710292	Thomas Dixon Jr.	/authors/OL1156030A	/authors/OL3732953A	1	DIRECT_NAME_MATCH	Thomas Dixon Jr.	Thomas Dixon Jr.	OL_NAME_OR_PERSONAL_NAME
/works/OL5185442W	The Clansman	Dixon, Thomas	1357600	Thomas Dixon Jr.	/authors/OL1156030A	/authors/OL3732953A	1	DIRECT_NAME_MATCH	Thomas Dixon Jr.	Thomas Dixon Jr.	OL_NAME_OR_PERSONAL_NAME
/works/OL5201468W	Simple stories	Marshall, Archibald	293034	Ingo Schulze	/authors/OL1162705A	/authors/OL1162705A	0	UNRESOLVED			
/works/OL5202771W	The crystal tree	Louise Platt Hauck	1068047	Jennie D. Lindquist	/authors/OL1163142A	/authors/OL1163142A	0	UNRESOLVED			
/works/OL5208215W	Derelicts	McFee, William	12709513	William J. Locke				OL_AUTHOR_KEY_AMBIGUOUS			
/works/OL5214627W	The strength of the hills	Ellery H. Clark	5622050	Elswyth Thane	/authors/OL1167993A	/authors/OL1167993A	0	UNRESOLVED			
/works/OL5283688W	Shadow of the Ninja	Toda, Katsumi.	14191910	Andrew  Matthews	/authors/OL1197028A	/authors/OL1197028A	0	UNRESOLVED			
/works/OL5287315W	A hopeless case	Edgar Fawcett	1895130	K.K. Beck	/authors/OL1198568A	/authors/OL1198568A	0	UNRESOLVED			
/works/OL5287335W	A gentleman of leisure	Edgar Fawcett	1938761	P.G. Wodehouse	/authors/OL1198568A	/authors/OL1198568A	0	UNRESOLVED			
/works/OL5297156W	Give up the ghost	Margaret Erskine	6422989	Megan Crewe	/authors/OL1202815A	/authors/OL1202815A	0	UNRESOLVED			
/works/OL5299022W	Forbidden wine	Frederic Arnold Kummer	2475411	Lynsey Stevens	/authors/OL1203618A	/authors/OL1203618A	0	UNRESOLVED			
/works/OL5299026W	Ladies in hades	Frederic Arnold Kummer	1894709	Frederic Arnold Kummer Jr.	/authors/OL1203618A	/authors/OL1203618A	0	UNRESOLVED			
/works/OL5299028W	Leif Erikson, the Lucky	Frederic Arnold Kummer	489938	Malcolm C. Jensen	/authors/OL1203618A	/authors/OL1203618A	0	UNRESOLVED			
/works/OL5301590W	The climax	Charles Felton Pidgin	2705482	Allison Hobbs	/authors/OL1204738A	/authors/OL1204738A	0	UNRESOLVED			
/works/OL5306104W	The Masked Rider	May Wynne	1279659	Neil Peart	/authors/OL1206682A	/authors/OL1206682A	0	UNRESOLVED			
/works/OL5330133W	Shadow River	Walton Hall Smith	26127328	Ralph Cotton	/authors/OL1222368A	/authors/OL1222368A	0	UNRESOLVED			
/works/OL5359460W	Big Ben	Miers, Earl Schenck	42576314	Caelia Portier	/authors/OL1233932A	/authors/OL1233932A	0	UNRESOLVED			
/works/OL5408075W	Barry Blake of the flying fortress	Gaylord Du Bois	1378815	Gaylord DuBois	/authors/OL1262345A	/authors/OL1262345A	0	UNRESOLVED			
/works/OL54677W	Chinese stories	Douglas, Robert K.	44111740	Jiao Bo	/authors/OL18364A	/authors/OL18364A	0	UNRESOLVED			
/works/OL54711W	Arachne	Georg Ebers	3064542	Lisa Mason	/authors/OL18365A	/authors/OL18365A	0	UNRESOLVED			
/works/OL5475784W	Come along	Josef Berger	16377916	Ellen Raskin | Rebecca Caudill	/authors/OL1295696A	/authors/OL1295696A	0	UNRESOLVED			
/works/OL5588993W	Singing winds	Bercovici, Konrad	1375283	Elizabeth Gill	/authors/OL1344779A	/authors/OL1344779A	0	UNRESOLVED			
/works/OL5596417W	Wings of love	Vera Brown	41001077	Jewel Stone	/authors/OL1347191A	/authors/OL1347191A	0	UNRESOLVED			
/works/OL5608532W	Murder half baked	Aaron Marc Stein	16309576	Kathleen Delaney	/authors/OL1233067A	/authors/OL1233067A	0	UNRESOLVED			
/works/OL5693659W	The southerners	Brady, Cyrus Townsend	6831015	Edna L. Lee	/authors/OL1386096A	/authors/OL1386096A	0	UNRESOLVED			
/works/OL5707135W	The man of the desert	Robert J. Horton	561129	Grace Livingston Hill	/authors/OL1388498A	/authors/OL1388498A	0	UNRESOLVED			
/works/OL5714150W	Oh. Doctor!	Harry Leon Wilson	44584632	Lanay Jackson	/authors/OL1389835A	/authors/OL1389835A	0	UNRESOLVED			
/works/OL5714622W	Windward passage	Hamilton Cochran	8723179	Jim Nisbet	/authors/OL1389925A	/authors/OL1389925A	0	UNRESOLVED			
/works/OL576187W	Fuoco	Gabriele D'Annunzio	16880108	Tahar ben Jelloun	/authors/OL42037A	/authors/OL42037A	0	UNRESOLVED			
/works/OL5780330W	Daughters of heaven	Victoria Cross	363541	Michelanne Forster	/authors/OL1412253A	/authors/OL1412253A	0	UNRESOLVED			
/works/OL5945054W	The purple robe	Ralph Bradford	42937596	David  Dean	/authors/OL1474425A	/authors/OL1474425A	0	UNRESOLVED			
/works/OL5959547W	Pardners	Beach, Rex	46167582		/authors/OL1478737A	/authors/OL1478737A	0	UNRESOLVED			
/works/OL5969183W	The grapple	Grace MacGowan Cooke	97872	Harry Turtledove	/authors/OL1482457A	/authors/OL1482457A	0	UNRESOLVED			
/works/OL5970679W	Time for school	Charles Hofer	42933063	Ellen Lawrence	/authors/OL1483012A	/authors/OL1483012A	0	UNRESOLVED			
/works/OL6026025W	The silver bowl	Hugh Ross Williamson	14347584	Diane Stanley	/authors/OL1513584A	/authors/OL1513584A	0	UNRESOLVED			
/works/OL6058782W	The King's Arrow	H. A. Cody	624769	Michael Cadnum	/authors/OL1529942A	/authors/OL1529942A	0	UNRESOLVED			
/works/OL6059887W	Land of women	Käthe Olshausen-Schönberger	1363120	Lisa M. Bitel	/authors/OL1530612A	/authors/OL1530612A	0	UNRESOLVED			
/works/OL6108474W	Mendel	Cannan, Gilbert	45784534	Anita Lavi	/authors/OL1555793A	/authors/OL1555793A	0	UNRESOLVED			
/works/OL6143833W	Tomek	Adelaide Ross	6219549	Jean-Claude Mourlevat	/authors/OL1572568A	/authors/OL1572568A	0	UNRESOLVED			
/works/OL6150333W	A handful of silver	Horace Townsend	2450794	Meg Hutchinson				OL_AUTHOR_KEY_AMBIGUOUS			
/works/OL619322W	I know a secret	Christopher Morley	51319924	Tess Gerritsen	/authors/OL47492A	/authors/OL47492A	0	UNRESOLVED			
/works/OL619329W	Murder with a difference	Christopher Morley	48874914	Molly Lefebure	/authors/OL47492A	/authors/OL47492A	0	UNRESOLVED			
/works/OL6203210W	Casual slaughters	Virginia Hanson	3655086	Robert A. Carter	/authors/OL1598302A	/authors/OL1598302A	0	UNRESOLVED			
/works/OL6213273W	The lady and the pirate	Emerson Hough	39919681	Victoria Wessex	/authors/OL1603793A	/authors/OL1603793A	0	UNRESOLVED			
/works/OL6221351W	The old wives tale	George Peele	2248867	Arnold Bennett	/authors/OL1607167A	/authors/OL1607167A	0	UNRESOLVED			
/works/OL6271196W	The unfortunate traveller	Nash, Thomas	23749677	Edmund Gosse | Thomas Nashe	/authors/OL1635149A	/authors/OL1635149A	0	OL_ALIAS_MATCH	Thomas Nashe	Thomas Nashe	OL_ALTERNATE_NAME
/works/OL6304899W	Brass buttons	Jack Rawson	25560683	Sonya C. Dodd	/authors/OL1644175A	/authors/OL1644175A	0	UNRESOLVED			
/works/OL6309741W	The raven's wing	Elizabeth Sprigge	42268919	Frances Watts	/authors/OL1645770A	/authors/OL1645770A	0	UNRESOLVED			
/works/OL6316094W	Crumbling walls	Joan Conquest	23747879	Laura Strandt	/authors/OL1649463A	/authors/OL1649463A	0	UNRESOLVED			
/works/OL6322185W	Love is a racket	Rian James	1966019	John Ridley	/authors/OL1652464A	/authors/OL1652464A	0	UNRESOLVED			
/works/OL6327626W	Twelve o'clock high!	Beirne Lay	820246	Beirne Lay Jr. | Sy Bartlett	/authors/OL1654215A	/authors/OL1654215A	0	UNRESOLVED			
/works/OL6328871W	Alas, poor Yorick!	Alfred Hoyt Bill	12655495	Chelsea Quinn Yarbro	/authors/OL1654617A	/authors/OL1654617A	0	UNRESOLVED			
/works/OL6334857W	Swamp water	Vereen Bell	26173816	Robert Munsch	/authors/OL1656571A	/authors/OL1656571A	0	UNRESOLVED			
/works/OL6342381W	The regulators	William Degenhard	955346	Maria Eugenia Ciocchini Suarez | Richard Bachman | Stephen King	/authors/OL1659259A	/authors/OL1659259A	0	UNRESOLVED			
/works/OL642803W	Preobrazhenie	Sergeĭ Nikolaevich Sergeev-T͡Senskiĭ	49727955	Ivan Ormandzhiev	/authors/OL49543A	/authors/OL49543A	0	UNRESOLVED			
/works/OL6438527W	The Blood of the Conquerors	Harvey Fergusson	3446419	Harvey Fergusson II	/authors/OL1706654A	/authors/OL1706654A	0	UNRESOLVED			
/works/OL6441489W	Our lives	Gaer, Joseph	46733298	Sharyan Alleyne	/authors/OL1707676A	/authors/OL1707676A	0	UNRESOLVED			
/works/OL6458462W	The wild wood	Dorothy Clewes	14299547	Charles de Lint	/authors/OL1713231A	/authors/OL1713231A	0	UNRESOLVED			
/works/OL648406W	Grey granite	James Leslie Mitchell	1534214	Lewis Grassic Gibbon	/authors/OL50251A	/authors/OL50251A	0	OL_ALIAS_MATCH	Lewis Grassic Gibbon	Lewis Grassic GIBBON | Lewis Grassic Gibbon | Lewis grassic gibbon	OL_ALTERNATE_NAME
/works/OL648413W	A Scots quair	James Leslie Mitchell	1211864	Lewis Grassic Gibbon	/authors/OL50251A	/authors/OL50251A	0	OL_ALIAS_MATCH	Lewis Grassic Gibbon	Lewis Grassic GIBBON | Lewis Grassic Gibbon | Lewis grassic gibbon	OL_ALTERNATE_NAME
/works/OL648416W	Sunset song	James Leslie Mitchell	2555083	Lewis Grassic Gibbon	/authors/OL50251A	/authors/OL50251A	0	OL_ALIAS_MATCH	Lewis Grassic Gibbon	Lewis Grassic GIBBON | Lewis Grassic Gibbon | Lewis grassic gibbon	OL_ALTERNATE_NAME
/works/OL6529952W	The childhood of Jesus	Geraldine Dorothy Cummins	21522388	Dzons Maksvels Kutze | J.M. Coetzee	/authors/OL1745084A	/authors/OL1745084A	0	UNRESOLVED			
/works/OL6557431W	Out of a clear sky	Maria Thompson Daviess	3263088	Sally Hinchcliffe	/authors/OL1756904A	/authors/OL1756904A	0	UNRESOLVED			
/works/OL6557453W	The hard times	Annie Nelles Dumond	46028733	Russell Scott	/authors/OL1756906A	/authors/OL1756906A	0	UNRESOLVED			
/works/OL6565062W	Golden Lady	Eleanor Frances Brown	734496	Shirl Henke	/authors/OL1759715A	/authors/OL1759715A	0	UNRESOLVED			
/works/OL6578338W	The strange land	Ned Calmer	22012680	Julia Riding	/authors/OL1764705A	/authors/OL1764705A	0	UNRESOLVED			
/works/OL6580753W	Radio City	Hartzell Spence	2293144	Bruce Eaton	/authors/OL1765294A	/authors/OL1765294A	0	UNRESOLVED			
/works/OL6580754W	Vain shadow	Hartzell Spence	45261984	Jane Hervey	/authors/OL1765294A	/authors/OL1765294A	0	UNRESOLVED			
/works/OL6583025W	English stories	Hale, Edward Everett	1063279	Arturo Vivante	/authors/OL1765999A	/authors/OL1765999A	0	UNRESOLVED			
/works/OL6583318W	Light of other days	Elizabeth Frances Corbett	44813118	Bob Shaw	/authors/OL1766081A	/authors/OL1766081A	0	UNRESOLVED			
/works/OL6593134W	The craft of novel writing	A. S. Burack	1684099	Dianne Doubtfire	/authors/OL1770044A	/authors/OL1770044A	0	UNRESOLVED			
/works/OL6595930W	The Body in the Bed	Bill S. Ballinger	21955643	Jerold Last	/authors/OL1771267A	/authors/OL1771267A	0	UNRESOLVED			
/works/OL6607655W	Savage gentleman	Dana Fuller Ross	24897901	Noel B. Gerson	/authors/OL577528A	/authors/OL577528A	0	DIRECT_NAME_MATCH	Noel B. Gerson	Noel B. Gerson	OL_NAME_OR_PERSONAL_NAME
/works/OL6607988W	Gallop!	John Ressich	2146002	Rufus Butler Seder	/authors/OL1776502A	/authors/OL1776502A	0	UNRESOLVED			
/works/OL662635W	I.N.R.I	Peter Rosegger	3253860	Michael Moorcock	/authors/OL51614A	/authors/OL51614A	0	UNRESOLVED			
/works/OL6661525W	Wait for the Dawn	Martha Albrand	44594775	Derrick Nabarro	/authors/OL1800159A	/authors/OL1800159A	0	UNRESOLVED			
/works/OL6661916W	The commandos	Elliott Arnold	587932	Douglas C. Waller	/authors/OL1800289A	/authors/OL1800289A	0	UNRESOLVED			
/works/OL6663720W	Navy diver	Henry Gregor Felsen	2292013	Victor Boesen	/authors/OL1800866A	/authors/OL1800866A	0	UNRESOLVED			
/works/OL6665110W	Anandamath	Bankim Chandra Chatterji	1790874	Bankim Chandra Chattopadhyay	/authors/OL2803A	/authors/OL2803A	0	OL_ALIAS_MATCH	Bankim Chandra Chattopadhyay	Bankim Chandra Chattopadhyay	OL_ALTERNATE_NAME
/works/OL6665674W	Why the chimes rang	Raymond Alden Underhill	110042	Raymond Macdonald Alden	/authors/OL4558397A	/authors/OL4558397A	0	DIRECT_NAME_MATCH	Raymond Macdonald Alden	Raymond Macdonald Alden	OL_NAME_OR_PERSONAL_NAME
/works/OL6668072W	...Summer after summer	Sullivan, Richard	44930060	Ann DeFee	/authors/OL1801990A	/authors/OL1801990A	0	UNRESOLVED			
/works/OL666855W	Hebdomeros	De Chirico, Giorgio	631770	Giorgio de Chirico	/authors/OL51856A	/authors/OL51856A	0	UNRESOLVED			
/works/OL6675287W	The Rough Riders	Hermann Hagedorn	743771	Theodore Roosevelt	/authors/OL1804038A	/authors/OL1804038A	0	UNRESOLVED			
/works/OL6682778W	Dangerous legacy	George Harmon Coxe	49031870	Valerie Hansen	/authors/OL1806358A	/authors/OL1806358A	0	UNRESOLVED			
/works/OL6697758W	Count Hannibal.   A Romance of the court of France	Stanley John Weymann	4882954	Stanley J. Weyman	/authors/OL2553536A	/authors/OL2553536A	0	OL_ALIAS_MATCH	Stanley J. Weyman	Stanley J. Weyman	OL_ALTERNATE_NAME
/works/OL6697779W	A gentleman of France	Stanley John Weymann	926562	Stanley J. Weyman	/authors/OL2553536A	/authors/OL2553536A	0	OL_ALIAS_MATCH	Stanley J. Weyman	Stanley J. Weyman	OL_ALTERNATE_NAME
/works/OL6697784W	The Castle Inn	Stanley John Weymann	926567	Stanley J. Weyman	/authors/OL2553536A	/authors/OL2553536A	0	OL_ALIAS_MATCH	Stanley J. Weyman	Stanley J. Weyman	OL_ALTERNATE_NAME
/works/OL6697786W	Under the red robe	Stanley John Weymann	21359288	Stanley J. Weyman	/authors/OL2553536A	/authors/OL2553536A	0	OL_ALIAS_MATCH	Stanley J. Weyman	Stanley J. Weyman	OL_ALTERNATE_NAME
/works/OL6713417W	So long to learn	Doreen Eileen Agnew Wallace	46030325	John Masefield	/authors/OL1816916A	/authors/OL1816916A	0	UNRESOLVED			
/works/OL6729710W	The murder tree	Leslie McFarlane	26785381	Alan  Veale	/authors/OL21218A	/authors/OL1822558A	1	UNRESOLVED			
/works/OL6804085W	Fathom five	Nora Benjamin Kubie	1867450	James Bow	/authors/OL1861016A	/authors/OL1861016A	0	UNRESOLVED			
/works/OL6804345W	The Graces	L. Adams Beck	45110085	Laure Eve	/authors/OL1917858A	/authors/OL1917858A	0	UNRESOLVED			
/works/OL6804354W	The Thunderer	L. Adams Beck	47193050	E. Barrington	/authors/OL1917858A	/authors/OL1917858A	0	OL_ALIAS_MATCH	E. Barrington	E. BARRINGTON | E. Barrington	OL_ALTERNATE_NAME
/works/OL6804358W	The Ladies!	L. Adams Beck	594190	Doris Grumbach	/authors/OL1917858A	/authors/OL1917858A	0	UNRESOLVED			
/works/OL6806103W	Any number can play	Edward Harris Heth	42008037	Clifton Fadiman	/authors/OL1861783A	/authors/OL1861783A	0	UNRESOLVED			
/works/OL6807299W	The freebooters	Robert Wernick	754234	Barry Windsor-Smith	/authors/OL1862261A	/authors/OL1862261A	0	UNRESOLVED			
/works/OL6807372W	In the land of cotton	Dorothy Scarborough	6603057	Martha A. Taylor	/authors/OL1862283A	/authors/OL1862283A	0	UNRESOLVED			
/works/OL6808402W	Modern fiction	Dorothy Brewster	53414592	Virginia Woolf	/authors/OL1862706A	/authors/OL1862706A	0	UNRESOLVED			
/works/OL6809405W	Three Eighteenth Century Romances	Walpole, Horace	2130088	Harrison R. Steeves	/authors/OL2180322A	/authors/OL2180322A	0	UNRESOLVED			
/works/OL6831736W	A gentleman of fortune	H. C. Bailey	6627956	Anna Dean	/authors/OL1872302A	/authors/OL1872302A	0	UNRESOLVED			
/works/OL6831744W	The merchant prince	H. C. Bailey	2445943	Armin Shimerman | Michael Scott	/authors/OL1872302A	/authors/OL1872302A	0	UNRESOLVED			
/works/OL6831764W	Shadow on the wall	H. C. Bailey	1717228	Jonathan Aycliffe	/authors/OL1872302A	/authors/OL1872302A	0	UNRESOLVED			
/works/OL6832691W	The white darkness	Lawrence Mott	2918941	Geraldine McCaughrean	/authors/OL1872531A	/authors/OL1872531A	0	UNRESOLVED			
/works/OL6833650W	Be my love	Harriet Hinsdale	48284556	J.C. McKenzie	/authors/OL1872802A	/authors/OL1872802A	0	UNRESOLVED			
/works/OL6860837W	The silent duchess	Green, Anne	381607	Dacia Maraini	/authors/OL1884405A	/authors/OL1884405A	0	UNRESOLVED			
/works/OL6866300W	Morning of life	Kristmann Guðmundsson	5346128	Kristmann Gudmundsson	/authors/OL1887959A	/authors/OL1887959A	0	UNRESOLVED			
/works/OL6901043W	Gorgo	Charles Kelsey Gaines	13249025	Carson Bingham	/authors/OL2882971A	/authors/OL2882971A	0	UNRESOLVED			
/works/OL69043W	Under the sunset	William Dean Howells	768567	Bram Stoker	/authors/OL23681A	/authors/OL23681A	0	UNRESOLVED			
/works/OL69114W	An imperative duty	William Dean Howells	2738465	Paul James Petrie	/authors/OL23681A	/authors/OL23681A	0	UNRESOLVED			
/works/OL6911852W	Kona	Marjorie Jane Putnam Sinclair	41073580	Synful Desire	/authors/OL1913174A	/authors/OL1913174A	0	UNRESOLVED			
/works/OL6922389W	The little brother	Josiah Flynt	42819537	Victoria Patterson	/authors/OL1917207A	/authors/OL1917207A	0	UNRESOLVED			
/works/OL7000575W	Palm Beach	Vanderbilt, Cornelius	2814794	Pat Booth	/authors/OL1957816A	/authors/OL1957816A	0	UNRESOLVED			
/works/OL7002626W	Old man's beard	J. B. Morton	3911688	H. Russell Wakefield	/authors/OL1958557A	/authors/OL1958557A	0	UNRESOLVED			
/works/OL7002704W	The ticking heart	Dolores Hitchens	41098406	Sylvia A. Winters	/authors/OL1958574A	/authors/OL1958574A	0	UNRESOLVED			
/works/OL7004014W	Shifting winds	Leon Ware	6504130	Lex Valentine	/authors/OL1959072A	/authors/OL1959072A	0	UNRESOLVED			
/works/OL7013689W	Iron City	M. H. Hedges	17615753	David Scott Milton	/authors/OL1962951A	/authors/OL1962951A	0	UNRESOLVED			
/works/OL7021212W	The royal road	Charlie May (Hogue) Simon	23585582	Robin Saxon	/authors/OL1965974A	/authors/OL1965974A	0	UNRESOLVED			
/works/OL7097169W	Spring storm	Johnson, Alvin Saunders	142161	Tennessee Williams	/authors/OL2009467A	/authors/OL2009467A	0	UNRESOLVED			
/works/OL7098206W	Valentine and Orson	Arthur Dickson	23577181	Walter Crane	/authors/OL2009858A	/authors/OL2009858A	0	UNRESOLVED			
/works/OL710764W	Gospoda Golovlevy	Mikhail Evgrafovich Saltykov	127672	I.P. Foote | M.E. Saltykov-Shchedrin | Mihail Evgrafovici Saltikov-Scedrin | Mikhail Saltykov-Shchedrin	/authors/OL56636A	/authors/OL56636A	0	OL_ALIAS_MATCH	M.E. Saltykov-Shchedrin	M E. Saltykov-Shchedrin | M. E. Saltykov-Shchedrin	OL_ALTERNATE_NAME
/works/OL7112556W	Jack and the bean-stalk	Tennyson, Hallam Tennyson	21375812	Michele Dufresne	/authors/OL2017059A	/authors/OL2017059A	0	UNRESOLVED			
/works/OL7116863W	The Magic Forest	Patricia Fent Ross	13267989	Stewart Edward White	/authors/OL2019306A	/authors/OL2019306A	0	UNRESOLVED			
/works/OL7135335W	Laughter in hell	Jim Tully	16023573	Steve Lipman	/authors/OL2029765A	/authors/OL2029765A	0	UNRESOLVED			
/works/OL7135337W	Shadows of men	Jim Tully	22239371	Kevin Grauke	/authors/OL2029765A	/authors/OL2029765A	0	UNRESOLVED			
/works/OL716355W	The things men do	Davies, Rhys	1837762	James Hadley Chase	/authors/OL57365A	/authors/OL57365A	0	UNRESOLVED			
/works/OL716357W	A woman	Davies, Rhys	1551736	Sibilla Aleramo	/authors/OL57365A	/authors/OL57365A	0	UNRESOLVED			
/works/OL716365W	The red hills	Davies, Rhys	27472231	James W. Marvin	/authors/OL57365A	/authors/OL57365A	0	UNRESOLVED			
/works/OL716366W	Rings on her fingers	Davies, Rhys	41407506	ReGina Welling	/authors/OL57365A	/authors/OL57365A	0	UNRESOLVED			
/works/OL7185314W	The body in the bonfire	Christopher Bush	426922	Katherine Hall Page	/authors/OL2058121A	/authors/OL2058121A	0	UNRESOLVED			
/works/OL7185327W	Dead Man's Music	Christopher Bush	1745386	Gillian Linscott	/authors/OL2058121A	/authors/OL2058121A	0	UNRESOLVED			
/works/OL7199351W	Story-writing	F. M. Perry	6975825	Edith Ronald Mirrielees	/authors/OL2066870A	/authors/OL2066870A	0	UNRESOLVED			
/works/OL7200877W	Great French short stories	Lewis Melville	487514		/authors/OL1427206A	/authors/OL1427206A	0	UNRESOLVED			
/works/OL7202601W	Journey to Mars	Gustavus W. Pope	41050533	Alice  Carroll | Paul Raine	/authors/OL2068323A	/authors/OL2068323A	0	UNRESOLVED			
/works/OL7212612W	The land of little rain	Muriel H. Fellows	88473	Mary Austin	/authors/OL2073226A	/authors/OL2073226A	0	UNRESOLVED			
/works/OL7266823W	The singing cave	Margaret Carver Leighton	18118498	Margaret Beames	/authors/OL2120468A	/authors/OL2120468A	0	UNRESOLVED			
/works/OL7267804W	Instead of the thorn	Bastian Kruithof	302060	Georgette Heyer	/authors/OL2121582A	/authors/OL2121582A	0	UNRESOLVED			
/works/OL7285198W	Moth and rust	Mary Cholmondeley	1490395	Philip Jose Farmer	/authors/OL2133911A	/authors/OL2133911A	0	UNRESOLVED			
/works/OL7306627W	Jerusalem the golden	St. John, Robert P.	2518725	Margaret Drabble	/authors/OL2144585A	/authors/OL2144585A	0	UNRESOLVED			
/works/OL7334080W	Flare path	Hugh Clevely	3684519	Terence Rattigan	/authors/OL2164334A	/authors/OL2164334A	0	UNRESOLVED			
/works/OL7342812W	White buffalo	Hoffine, Lyla	2910254	Richard Sale	/authors/OL2171382A	/authors/OL2171382A	0	UNRESOLVED			
/works/OL734336W	The unknown guest	Maurice Maeterlinck	29965649	Christopher Stasheff	/authors/OL4334838A	/authors/OL4334838A	0	UNRESOLVED			
/works/OL7373732W	Dear senator	McCready Huston	695983	Essie Mae Washington-Williams | William Stadiem | William Stadium	/authors/OL2197379A	/authors/OL2197379A	0	UNRESOLVED			
/works/OL7373828W	The sinister shadow	Holt, Henry	45623798	Kenneth Robeson | Will Murray	/authors/OL2197466A	/authors/OL2197466A	0	UNRESOLVED			
/works/OL739838W	The Mayflower	Vicente Blasco Ibáñez	25608189	Mark Greenwood	/authors/OL7123339A	/authors/OL7123339A	0	UNRESOLVED			
/works/OL7412239W	Replacement	Dick Husted	19221574	Tor Ulven	/authors/OL2235161A	/authors/OL2235161A	0	UNRESOLVED			
/works/OL7412811W	Shadow of the crown	Ivy May Bolton	4057718	Jeri Gilchrist	/authors/OL2235490A	/authors/OL2235490A	0	UNRESOLVED			
/works/OL7413115W	Crosswinds	Martha Louise Cheavens	1776622	Cindy Holby	/authors/OL2235692A	/authors/OL2235692A	0	UNRESOLVED			
/works/OL7413475W	White Boots	Helen Orr Watson	1129150	Noel Streatfeild	/authors/OL2235922A	/authors/OL2235922A	0	UNRESOLVED			
/works/OL7414078W	The fire eater	Henry J. Berkowitz	2914333	Ron Goulart	/authors/OL2236354A	/authors/OL2236354A	0	UNRESOLVED			
/works/OL7415777W	The gadfly	Addison Lewis	3905792	Ethel Lilian Voynich | H khmzn	/authors/OL2237665A	/authors/OL2237665A	0	UNRESOLVED			
/works/OL7421068W	The judas tree	Swanson, Neil H.	2916342	A.J. Cronin	/authors/OL2240390A	/authors/OL2240390A	0	UNRESOLVED			
/works/OL7422473W	The rock cried out	Stanley, Edward	661868	Ellen Douglas	/authors/OL2240957A	/authors/OL2240957A	0	UNRESOLVED			
/works/OL7422582W	Pink magic	Margaret Lee Runbeck	1371118	Donna Jo Napoli	/authors/OL2240994A	/authors/OL2240994A	0	UNRESOLVED			
/works/OL7422756W	Eastern Shore	Warren Howard	13021803	R. Hayes	/authors/OL2241059A	/authors/OL2241059A	0	UNRESOLVED			
/works/OL7424082W	Bush holiday	Dale Collins	2825379	Stephen Fennimore	/authors/OL2241628A	/authors/OL2241628A	0	UNRESOLVED			
/works/OL7424622W	Footprints on the sand	Ella Williams Porter	523255	Judith Lennox	/authors/OL2241773A	/authors/OL2241773A	0	UNRESOLVED			
/works/OL7425169W	Orchid	Eleanor Early	30060	Jayne Ann Krentz | Jayne Castle	/authors/OL2241994A	/authors/OL2241994A	0	UNRESOLVED			
/works/OL7425297W	The travels and adventures of Benjamin the Third	Mendele Mokher Sefarim	1153469	Mendele M. Seforim | Mendele Moykher-Sforim	/authors/OL451853A	/authors/OL451853A	0	UNRESOLVED			
/works/OL7425541W	The golden bowl	Feike Feikema	118576	Henry James	/authors/OL2242111A	/authors/OL2242111A	0	UNRESOLVED			
/works/OL7425953W	The forbidden forest	Darrell Berrigan	2635102	William Pene du Bois	/authors/OL2242244A	/authors/OL2242244A	0	UNRESOLVED			
/works/OL7426804W	Heart's haven	Sara Ware Bassett	2866415	Lois Richer	/authors/OL2242527A	/authors/OL2242527A	0	UNRESOLVED			
/works/OL7427314W	The Bog	Patrick Joseph Carroll	1334797	Michael Talbot	/authors/OL2242757A	/authors/OL2242757A	0	UNRESOLVED			
/works/OL7436817W	Golden Valley	Frances Gragg	52383870	Gael Aymon	/authors/OL2247162A	/authors/OL2247162A	0	UNRESOLVED			
/works/OL7437674W	The last roundup	Harry V. Johnston	2530441	Christie Golden	/authors/OL2247583A	/authors/OL2247583A	0	UNRESOLVED			
/works/OL7439790W	White Indian	Grace Moon	655109	Donald Clayton Porter	/authors/OL2248493A	/authors/OL2248493A	0	UNRESOLVED			
/works/OL7440000W	The Black Eagle	M. S. Coryn	6396069	Anne Hampson	/authors/OL2248565A	/authors/OL2248565A	0	UNRESOLVED			
/works/OL7440005W	The incorruptible	M. S. Coryn	41551177	Margaret Eleanor Leigh	/authors/OL2248565A	/authors/OL2248565A	0	UNRESOLVED			
/works/OL7440992W	Steps in the dark	Marten Cumberland	11020589	Ethel Lina White	/authors/OL2248915A	/authors/OL2248915A	0	UNRESOLVED			
/works/OL7441332W	15 stories	Herbert Barrows	6685188	Henry Lawson	/authors/OL2249046A	/authors/OL2249046A	0	UNRESOLVED			
/works/OL7442216W	Mangled hands	Neil Boyton	2965803	Johnny Stanton	/authors/OL2249418A	/authors/OL2249418A	0	UNRESOLVED			
/works/OL7455333W	42nd street	Bradford Ropes	370922	J. Hoberman	/authors/OL2256218A	/authors/OL2256218A	0	UNRESOLVED			
/works/OL7458081W	The greater glory	William Dudley Pelley	15466311	Maarten Maartens	/authors/OL2257428A	/authors/OL2257428A	0	UNRESOLVED			
/works/OL7466933W	The man from Texas	E. B. Mann	3892696	Linda Style	/authors/OL2262196A	/authors/OL2262196A	0	UNRESOLVED			
/works/OL7468269W	The young prince	A. Hamilton Gibbs	14851684	Oscar Wilde	/authors/OL2262859A	/authors/OL2262859A	0	UNRESOLVED			
/works/OL7471727W	The leper king	Zofia Kossak-Szczucka	7211236	Scott R. Rezer	/authors/OL2264825A	/authors/OL2264825A	0	UNRESOLVED			
/works/OL7478203W	Old Wolf	Leon W. Dean	42864036	Avi	/authors/OL2268234A	/authors/OL2268234A	0	UNRESOLVED			
/works/OL7485922W	The pets	Henry Wallace Phillips	1477683	Bragi Olafsson	/authors/OL2272665A	/authors/OL2272665A	0	UNRESOLVED			
/works/OL7487694W	The Black Douglas	Donald Douglas	2984779	S.R. Crockett	/authors/OL2273704A	/authors/OL2273704A	0	UNRESOLVED			
/works/OL7498417W	Moccasin trail	Reed Fulton	1341530	Eloise Jarvis McGraw	/authors/OL2280234A	/authors/OL2280234A	0	UNRESOLVED			
/works/OL7500268W	The captive's return	Sara Elizabeth Gosselink	588550	Catherine Mann	/authors/OL2281295A	/authors/OL2281295A	0	UNRESOLVED			
/works/OL7509290W	Murder in Newport	Gerard B. Lambert	24377757	Marilyn Dalla Valle	/authors/OL2287006A	/authors/OL2287006A	0	UNRESOLVED			
/works/OL7509548W	Pit pony	Nina Lloyd Banning	2191708	Joyce Barkhouse	/authors/OL2287180A	/authors/OL2287180A	0	UNRESOLVED			
/works/OL7537544W	Outlaw country	Amos Moore	46187621	Davida Lynn	/authors/OL2305565A	/authors/OL2305565A	0	UNRESOLVED			
/works/OL7539582W	Emergency exit	Anthony Wynne	41186544	Ever N. Hayes	/authors/OL2306278A	/authors/OL2306278A	0	UNRESOLVED			
/works/OL7539808W	One woman	Ollivant, Alfred	22710503	Eva Marie Paulliere	/authors/OL2306359A	/authors/OL2306359A	0	UNRESOLVED			
/works/OL7539892W	Mountain justice	Charles Neville Buck	26488315	Karen Black	/authors/OL2306398A	/authors/OL2306398A	0	UNRESOLVED			
/works/OL7540040W	The curtain rises	Hilda Vaughan	2787667	Mary Burchell	/authors/OL2306454A	/authors/OL2306454A	0	UNRESOLVED			
/works/OL7540229W	An only child	Eliza Orne White	2083906	Frank O'Connor	/authors/OL2306527A	/authors/OL2306527A	0	UNRESOLVED			
/works/OL7540237W	The green door	Eliza Orne White	13657590	Mary E. Wilkins Freeman	/authors/OL2306527A	/authors/OL2306527A	0	UNRESOLVED			
/works/OL7540282W	The valley of adventure	Ogden, George W.	676280	Enid Blyton	/authors/OL2306529A	/authors/OL2306529A	0	UNRESOLVED			
/works/OL7540715W	Turkey red	Frances Gilchrist Wood	4078834	Esther Loewen Vogt	/authors/OL2306669A	/authors/OL2306669A	0	UNRESOLVED			
/works/OL7541044W	Unto the hills	Neville Calmes	2376600	Billy Graham	/authors/OL2306813A	/authors/OL2306813A	0	UNRESOLVED			
/works/OL7545775W	Out of the rough	Shaw, Joseph T.	18146488	Lee Carey	/authors/OL2308453A	/authors/OL2308453A	0	UNRESOLVED			
/works/OL7546161W	Four aces	Thomson Burtis	18970969	Suzanne Graham	/authors/OL2308621A	/authors/OL2308621A	0	UNRESOLVED			
/works/OL7553678W	The scamp	Virgil Markham	44098518	Jennifer Pashley	/authors/OL2311517A	/authors/OL2311517A	0	UNRESOLVED			
/works/OL7557193W	Sister Satan	Dilnot, George	21895289	Dana Reed	/authors/OL2312876A	/authors/OL2312876A	0	UNRESOLVED			
/works/OL7563783W	Son of the sword	Youel B. Mirza	6249590	J. Ardian Lee	/authors/OL2315510A	/authors/OL2315510A	0	UNRESOLVED			
/works/OL7564218W	The writing of fiction	Arthur Sullivant Hoffman	49367	Edith Wharton	/authors/OL2315724A	/authors/OL2315724A	0	UNRESOLVED			
/works/OL7567416W	Tin soldiers	Robert Wohlforth	84281	Michael Farmer	/authors/OL2317069A	/authors/OL2317069A	0	UNRESOLVED			
/works/OL7569789W	Outlaw breed	Oliver Strange	6208794	Max Brand	/authors/OL2318068A	/authors/OL2318068A	0	UNRESOLVED			
/works/OL7570011W	Unto the hills	Ann Hendrix	2376600	Billy Graham	/authors/OL2318175A	/authors/OL2318175A	0	UNRESOLVED			
/works/OL7571290W	Klondike gold	Hubert Vansant Coryell	1484622	Alice Provensen	/authors/OL2318736A	/authors/OL2318736A	0	UNRESOLVED			
/works/OL7571457W	Keeper of the wolves	Norma Bicknell Mansfield	25209980	Cheree Alsop	/authors/OL2318793A	/authors/OL2318793A	0	UNRESOLVED			
/works/OL7572553W	Beyond surrender	Marian Sims	4880935	JoAnn Wendt	/authors/OL2319248A	/authors/OL2319248A	0	UNRESOLVED			
/works/OL7573352W	Editor's choice	Alfred Dashiell	45854678	kumaar ketkr [Kumar Ketkar]	/authors/OL2319600A	/authors/OL2319600A	0	UNRESOLVED			
/works/OL7575829W	The evil men do	Cortland Fitzsimmons	44557159	David   Robbins | Ralph Compton	/authors/OL2320715A	/authors/OL2320715A	0	UNRESOLVED			
/works/OL7577214W	The undaunted ..	Hart, Alan	6774213	Gerald N. Lund	/authors/OL2321327A	/authors/OL2321327A	0	UNRESOLVED			
/works/OL7578913W	Land of women	Dombrowski zu Papros und Krusvic	1363120	Lisa M. Bitel	/authors/OL2322098A	/authors/OL2322098A	0	UNRESOLVED			
/works/OL7588479W	Jew Boy	Simon Blumenfeld	1212704	Alan Kaufman	/authors/OL2326317A	/authors/OL2326317A	0	UNRESOLVED			
/works/OL7590911W	Cry dance	Coe Smith Hayne	728423	Kirk Mitchell	/authors/OL2327518A	/authors/OL2327518A	0	UNRESOLVED			
/works/OL7591025W	After many years	Levi Parker Wyman	55874592	L.M. Montgomery	/authors/OL2327574A	/authors/OL2327574A	0	UNRESOLVED			
/works/OL7593051W	Morningside heights	Mason Woolford	2251692	Cheryl Mendelson	/authors/OL2328501A	/authors/OL2328501A	0	UNRESOLVED			
/works/OL7594704W	Saturday's children	Crew, Helen Coale	52384436	Bobby Underwood	/authors/OL2329350A	/authors/OL2329350A	0	UNRESOLVED			
/works/OL7596752W	The roots of the tree	Todd, Helen	42708406	Amanda  Roberts	/authors/OL2330370A	/authors/OL2330370A	0	UNRESOLVED			
/works/OL7596894W	A new Alice in the old Wonderland	Richards, Anna Matlock	2132271	Anna Matlock Richards, Jr.	/authors/OL2330448A	/authors/OL2330448A	0	UNRESOLVED			
/works/OL7602461W	Little Fox	Katharine Louise Keelor	272394	Marilyn Janovitz	/authors/OL2333293A	/authors/OL2333293A	0	UNRESOLVED			
/works/OL7604111W	In Secret Service	Jeanne Ichard Alcanter de Brahm	1001429	Mitch Silver	/authors/OL2334130A	/authors/OL2334130A	0	UNRESOLVED			
/works/OL7607823W	The stormy Petrel	Bowles, John	1431259	Mary  Stewart	/authors/OL2335901A	/authors/OL2335901A	0	UNRESOLVED			
/works/OL7629522W	Writing your novel	Garland Ethel	14224382	Brenda  Hill	/authors/OL2339571A	/authors/OL2339571A	0	UNRESOLVED			
/works/OL7630377W	Golden empire	Chalmer Orin Richardson	989141	A.E. Maxwell | Elizabeth Lowell | Evan Maxwell	/authors/OL2340023A	/authors/OL2340023A	0	UNRESOLVED			
/works/OL7634473W	Blue waters	Richard I. Helm	48786351	India R. Adams	/authors/OL2342339A	/authors/OL2342339A	0	UNRESOLVED			
/works/OL7635887W	A serpent's tooth	Marthedith Furnas	21998968	Craig Johnson	/authors/OL2343110A	/authors/OL2343110A	0	UNRESOLVED			
/works/OL7641205W	Little elephant	Hamilton Williamson	13728964	Jessica Potter Broderick	/authors/OL2346134A	/authors/OL2346134A	0	UNRESOLVED			
/works/OL7644107W	Stunt girl	Rose Gordon	2080636	Jonny Zucker	/authors/OL2347814A	/authors/OL2347814A	0	UNRESOLVED			
/works/OL7644361W	Other fires	Nicholas McCabe	758949		/authors/OL2347967A	/authors/OL2347967A	0	UNRESOLVED			
/works/OL7650461W	The misplaced corpse	Sarah Rider	4342727	A.E. Martin	/authors/OL2351088A	/authors/OL2351088A	0	UNRESOLVED			
/works/OL7651117W	The Vagabond king	Justin H. McCarthy	18022518	James      Conway	/authors/OL2351509A	/authors/OL2351509A	0	UNRESOLVED			
/works/OL7651136W	If I were king	Justin H. McCarthy	24534000	Randa Handler	/authors/OL2351509A	/authors/OL2351509A	0	UNRESOLVED			
/works/OL7652516W	Nicodemus	Dorothy Walworth Carman	18171376	Joy Buchanan	/authors/OL2352241A	/authors/OL2352241A	0	UNRESOLVED			
/works/OL7653508W	Sly mongoose	Pollock, Katherine G.	2357302	Tobias S. Buckell	/authors/OL2352901A	/authors/OL2352901A	0	UNRESOLVED			
/works/OL7653931W	The secret empire	Henry W. Patterson	19228622	Paul Genesse	/authors/OL2353117A	/authors/OL2353117A	0	UNRESOLVED			
/works/OL7655549W	Spunky	Burnaby Wright	1546799	Dori Brink	/authors/OL2354171A	/authors/OL2354171A	0	UNRESOLVED			
/works/OL7656412W	Keeper of the gate	Patrice, Margaret	42947615	Paula Kennedy	/authors/OL2354710A	/authors/OL2354710A	0	UNRESOLVED			
/works/OL7663249W	Rivers to the sea	Lucien Hubbard	1283156	Sara Teasdale	/authors/OL2358467A	/authors/OL2358467A	0	UNRESOLVED			
/works/OL7679395W	Men like gods	Robert Sturgis	793637	H.G. Wells	/authors/OL2367749A	/authors/OL2367749A	0	UNRESOLVED			
/works/OL7679479W	You, the jury	Jean Mayer Liebeler	23897622	Jon Cleary	/authors/OL2367808A	/authors/OL2367808A	0	UNRESOLVED			
/works/OL7682905W	My lady	Marguerite Bouvet	57790529	Elya Handayani	/authors/OL2369740A	/authors/OL2369740A	0	UNRESOLVED			
/works/OL7687222W	Galley slave	Joseph Stephens	41217944	Mark Davidson	/authors/OL2372294A	/authors/OL2372294A	0	UNRESOLVED			
/works/OL7688275W	Little lost lamb	Margaret Wise Brown	2007940	Golden MacDonald	/authors/OL22122A	/authors/OL22122A	0	OL_ALIAS_MATCH	Golden MacDonald	Golden MacDonald	OL_ALTERNATE_NAME
/works/OL7693822W	The great promise	Noel Houston	21564652	Frederick L. Coxen	/authors/OL2376385A	/authors/OL2376385A	0	UNRESOLVED			
/works/OL7693996W	Great horse stories	Cooper, Page	18163801		/authors/OL2376507A	/authors/OL2376507A	0	UNRESOLVED			
/works/OL7698885W	Sweet love remembered	Helen Cortez Stafford	44946911	Jean C. Joachim	/authors/OL2379907A	/authors/OL2379907A	0	UNRESOLVED			
/works/OL7707448W	We three	Howard Preble Cotton	586078	Jean Echenoz	/authors/OL2384492A	/authors/OL2384492A	0	UNRESOLVED			
/works/OL7709270W	Love's inferno	Edward Stilgebauer	1478202	Elaine Overton	/authors/OL2385063A	/authors/OL2385063A	0	UNRESOLVED			
/works/OL7717587W	A Viking's love	Ottilie A. Liljencrantz	21796600	Karolyn Cairns	/authors/OL2388204A	/authors/OL2388204A	0	UNRESOLVED			
/works/OL7717853W	Great short stories	Patten, William	29960023	Anton Chekhov	/authors/OL2388323A	/authors/OL2388323A	0	UNRESOLVED			
/works/OL7718225W	The Just and the Unjust	Richard Bagot	1031700	James Gould Cozzens	/authors/OL2388456A	/authors/OL2388456A	0	UNRESOLVED			
/works/OL7718917W	The book of cowboys	Rolt-Wheeler, Francis William	7037165	Holling Clancy Holling	/authors/OL2388746A	/authors/OL2388746A	0	UNRESOLVED			
/works/OL7720031W	The red geranium	Carleton, William	692533	Janette Oke	/authors/OL2389217A	/authors/OL2389217A	0	UNRESOLVED			
/works/OL7721845W	The standard bearer	A. C. Whitehead	1848942	Edilberto K. Tiempo	/authors/OL2389900A	/authors/OL2389900A	0	UNRESOLVED			
/works/OL7722565W	The stake	Jay Cady	1040072	Richard Laymon	/authors/OL2390208A	/authors/OL2390208A	0	UNRESOLVED			
/works/OL7724769W	The sport of kings	Clay, John M.	46002918	C.E. Morgan	/authors/OL2390951A	/authors/OL2390951A	0	UNRESOLVED			
/works/OL7725869W	London's Underworld	Thomas Holmes	10981666	Henry Mayhew	/authors/OL2391404A	/authors/OL2391404A	0	UNRESOLVED			
/works/OL7727869W	The Lucky Chance	M. W. Loraine	2044946	Aphra Behn	/authors/OL2392849A	/authors/OL2392849A	0	UNRESOLVED			
/works/OL7728504W	In defense of liberty	William Pendleton Chipman	41809145		/authors/OL2393487A	/authors/OL2393487A	0	UNRESOLVED			
/works/OL7735075W	The tables turned	Mattie Talbert Fay	28061934	William Wordsworth	/authors/OL2400514A	/authors/OL2400514A	0	UNRESOLVED			
/works/OL7746280W	The double man	F. B. Dowd	6421014	Eando Binder	/authors/OL2412543A	/authors/OL2412543A	0	UNRESOLVED			
/works/OL7749878W	The Light of men	M. Reynès Monlaur	6185921	Andrew Salmon	/authors/OL2416397A	/authors/OL2416397A	0	UNRESOLVED			
/works/OL7757098W	Murder in Manhattan	Arthur Wyman Procter	4010523	Dorothy Salisbury Davis | Mary Higgins Clark | Thomas Chastain | Whitley Strieber	/authors/OL2423972A	/authors/OL2423972A	0	UNRESOLVED			
/works/OL7757896W	Slag	Donald McGibeny	25508397	Joyce V. Harrison	/authors/OL2424826A	/authors/OL2424826A	0	UNRESOLVED			
/works/OL7761221W	The torch bearers	Bernard G. Marshall	14866756	Alfred Noyes	/authors/OL2428182A	/authors/OL2428182A	0	UNRESOLVED			
/works/OL7761527W	The conflict	Elizabeth Knauss	10586568	Elisabeth Badinter	/authors/OL2428516A	/authors/OL2428516A	0	UNRESOLVED			
/works/OL7761594W	Tar and feathers	Victor Rubin	1496269	Dorothy Nelson	/authors/OL2428587A	/authors/OL2428587A	0	UNRESOLVED			
/works/OL7765646W	White-blood	Vara A. Majette	407342	James Fleming	/authors/OL2432410A	/authors/OL2432410A	0	UNRESOLVED			
/works/OL7770730W	A sword from Galway	Katherine Drayton Mayrant Simons	44770498	Drayton Mayrant	/authors/OL2437141A	/authors/OL2437141A	0	UNRESOLVED			
/works/OL7780026W	The minister's wife	Gustine Courson Weaver	2413678	Amaresh Misra	/authors/OL2445955A	/authors/OL2445955A	0	UNRESOLVED			
/works/OL7780601W	The diary of a U-boat commander	King-Hall, Stephen	6511781	Karl von Schenk | R.N. Etienne | Stephen King-Hall	/authors/OL117505A	/authors/OL117505A	0	OL_ALIAS_MATCH	Stephen King-Hall	STEPHEN KING-HALL | Stephen King Hall | Stephen King- Hall | Stephen King-Hall | Stephen.* King-Hall	OL_ALTERNATE_NAME
/works/OL7785168W	The knight of the Dixie wilds	Walter E. Taylor	27159090	K. Meador	/authors/OL2450874A	/authors/OL2450874A	0	UNRESOLVED			
/works/OL7786376W	Pied Piper	Daphne Muir	103431	Nevil Shute	/authors/OL2452077A	/authors/OL2452077A	0	UNRESOLVED			
/works/OL7789597W	Old New Orleans ..	Frances Tinker	1730286	Vance Muse	/authors/OL2455198A	/authors/OL2455198A	0	UNRESOLVED			
/works/OL7789662W	Daughters of the Revolution	Stephen Henry Thayer	14679887	Carolyn Cooke	/authors/OL2455257A	/authors/OL2455257A	0	UNRESOLVED			
/works/OL7791493W	True riches	Adrian R. Apple	25400007	Gail Gaymer Martin	/authors/OL2457065A	/authors/OL2457065A	0	UNRESOLVED			
/works/OL7793180W	Blue horses	Kathrn Bemis Wilson	40167110	Mary Oliver	/authors/OL2458702A	/authors/OL2458702A	0	UNRESOLVED			
/works/OL7842965W	Trelawny	Holman Freeland	3716789	Isabelle Holland	/authors/OL2503684A	/authors/OL2503684A	0	UNRESOLVED			
/works/OL7847802W	The Carolinians	Annie L. Sloan	3193299	Jane Barry	/authors/OL2508925A	/authors/OL2508925A	0	UNRESOLVED			
/works/OL7855744W	From the other side	Henry B[lake] Fuller	6543845	Lorelei Buckley	/authors/OL2517524A	/authors/OL2517524A	0	UNRESOLVED			
/works/OL7857570W	The right sort	Kennard, Edward	42581505	David Mitchell	/authors/OL2518919A	/authors/OL2518919A	0	UNRESOLVED			
/works/OL7858252W	Under oath	Jean Kate Ludlum	17131966	Margaret McLean	/authors/OL2519260A	/authors/OL2519260A	0	UNRESOLVED			
/works/OL7867957W	Tales from the Welsh hills	Zachary Mather	6557849	Ellen Pugh	/authors/OL2529219A	/authors/OL2529219A	0	UNRESOLVED			
/works/OL7868749W	Hiwa	Dole, Edmund P.	55548949	Augustin Erba	/authors/OL2530424A	/authors/OL2530424A	0	UNRESOLVED			
/works/OL7868918W	Cow-country	B. M. Bower	45107659	Adrian Jones Pearson	/authors/OL238489A	/authors/OL238489A	0	UNRESOLVED			
/works/OL7873535W	The Carolinians	Annie Lee Sloan	3193299	Jane Barry	/authors/OL2545005A	/authors/OL2545005A	0	UNRESOLVED			
/works/OL7881226W	The land of gold	George G. Spurr	216480	Gillian Bradshaw	/authors/OL2563953A	/authors/OL2563953A	0	UNRESOLVED			
/works/OL7892010W	Every inch a king	Josephine Carolyn Sawyer	1995610	Harry Turtledove	/authors/OL2587924A	/authors/OL2587924A	0	UNRESOLVED			
/works/OL7893858W	The King's Highway	Madeline Deaderick Willard	2207709	Howard Fullmer	/authors/OL2591191A	/authors/OL2591191A	0	UNRESOLVED			
/works/OL7900415W	Story-writing	Frances M. [from old catalog] Perry	6975825	Edith Ronald Mirrielees	/authors/OL6634967A	/authors/OL6634967A	0	UNRESOLVED			
/works/OL7903795W	The fourth queen	Isabel Paterson	333475	Debbie Taylor	/authors/OL836616A	/authors/OL836616A	0	UNRESOLVED			
/works/OL7917284W	Frenchman's Creek	Du Maurier, Daphne	2973873	Daphne du Maurier | John Castle	/authors/OL34047A	/authors/OL34047A	0	DIRECT_NAME_MATCH	Daphne du Maurier	Daphne du Maurier	OL_NAME_OR_PERSONAL_NAME
/works/OL7917298W	The King's General	Du Maurier, Daphne	627187	Daphne du Maurier | fsr bhrwnd	/authors/OL34047A	/authors/OL34047A	0	DIRECT_NAME_MATCH	Daphne du Maurier	Daphne du Maurier	OL_NAME_OR_PERSONAL_NAME
/works/OL7919949W	CASTLE DOR	Quiller-Couch, Arthur Thomas	49083	Arthur Quiller-Couch | Arthur Quiller-Crouch | Daphne du Maurier	/authors/OL694360A	/authors/OL694360A	0	DIRECT_NAME_MATCH	Arthur Quiller-Couch	Arthur Quiller-Couch	OL_NAME_OR_PERSONAL_NAME
/works/OL7955184W	Teleny	Anonyma.	1060733	Anonymous | Oscar Wilde	/authors/OL904271A	/authors/OL904271A	0	DIRECT_NAME_MATCH	Anonymous	Anonymous	OL_NAME_OR_PERSONAL_NAME
/works/OL7969026W	The Face on the Cutting-Room Floor	Ernest Borneman	398419	Stan Cutler	/authors/OL428743A	/authors/OL428743A	0	UNRESOLVED			
/works/OL7989876W	The girl with the green eyes	Leblanc, Maurice	25782854	Tim McGovan	/authors/OL2660342A	/authors/OL2660342A	0	UNRESOLVED			
/works/OL8074992W	Donnegan	Frederick Schiller Faust	1498725		/authors/OL2748402A	/authors/OL2748402A;/authors/OL8424664A	1	UNRESOLVED			
/works/OL8075002W	Outlaw's Code	Frederick Schiller Faust	21130899	Max Brand	/authors/OL2748402A	/authors/OL2748402A	0	OL_ALIAS_MATCH	Max Brand	Max Brand (pseud.)	OL_EXPLICIT_PSEUDONYM_ALIAS
/works/OL811081W	The Great Mogul	Tracy, Louis	40084494	Rajeev Jacob	/authors/OL68342A	/authors/OL68342A	0	UNRESOLVED			
/works/OL8127199W	In Secret	Chambers, Robert W.	1656117	Edward Vizetelly | Emile Zola | Pip Broughton | Roderich Rode Emile Zola	/authors/OL162057A	/authors/OL162057A	0	UNRESOLVED			
/works/OL8127243W	The Firing Line	Chambers, Robert W.	25758165	R. Richard	/authors/OL162057A	/authors/OL162057A	0	UNRESOLVED			
/works/OL826538W	Julian the Apostate	Dmitry Sergeyevich Merezhkovsky	624034	G.W. Bowersock	/authors/OL70227A	/authors/OL70227A	0	UNRESOLVED			
/works/OL8306199W	The leopard's spots	Dixon, Thomas	13710292	Thomas Dixon Jr.	/authors/OL1156030A	/authors/OL3732953A	1	DIRECT_NAME_MATCH	Thomas Dixon Jr.	Thomas Dixon Jr.	OL_NAME_OR_PERSONAL_NAME
/works/OL8306201W	The clansman	Dixon, Thomas	1357600	Thomas Dixon Jr.	/authors/OL1156030A	/authors/OL3732953A	1	DIRECT_NAME_MATCH	Thomas Dixon Jr.	Thomas Dixon Jr.	OL_NAME_OR_PERSONAL_NAME
/works/OL8333138W	The Lone Ranger and Tonto	Fran Striker	841223	Joe R. Lansdale	/authors/OL1221802A	/authors/OL1221802A	0	UNRESOLVED			
/works/OL8341885W	The Man Who Found Himself	Naomi Ellington Jacob	14132585	Henri Duvernois	/authors/OL2775205A	/authors/OL2775205A	0	UNRESOLVED			
/works/OL8342971W	J.M. Barrie's 'Peter Pan and Wendy'	May Byron	7348377	Rose Ispey	/authors/OL2775686A	/authors/OL2775686A	0	UNRESOLVED			
/works/OL83838W	Jorkens remembers Africa	Edward Plunkett	14311442	Lord Dunsany	/authors/OL39937A	/authors/OL39937A	0	DIRECT_NAME_MATCH	Lord Dunsany	Lord Dunsany	OL_NAME_OR_PERSONAL_NAME
/works/OL83868W	The curse of the wise woman	Edward Plunkett	1994714	Lord Dunsany	/authors/OL39937A	/authors/OL39937A	0	DIRECT_NAME_MATCH	Lord Dunsany	Lord Dunsany	OL_NAME_OR_PERSONAL_NAME
/works/OL83871W	The king of Elfland's daughter	Edward Plunkett	16704	Lord Dunsany	/authors/OL39937A	/authors/OL39937A	0	DIRECT_NAME_MATCH	Lord Dunsany	Lord Dunsany	OL_NAME_OR_PERSONAL_NAME
/works/OL83877W	The Book of Wonder	Edward Plunkett	486259	Lord Dunsany	/authors/OL39937A	/authors/OL39937A	0	DIRECT_NAME_MATCH	Lord Dunsany	Lord Dunsany	OL_NAME_OR_PERSONAL_NAME
/works/OL83881W	Fifty-one tales	Edward Plunkett	16709	Lord Dunsany	/authors/OL39937A	/authors/OL39937A	0	DIRECT_NAME_MATCH	Lord Dunsany	Lord Dunsany	OL_NAME_OR_PERSONAL_NAME
/works/OL8408588W	You Shall Be King!	North-South Staff	2882160	Antonie Schneider	/authors/OL2804457A	/authors/OL2804457A	0	UNRESOLVED			
/works/OL8408593W	Coriander's Easter Adventure	North-South Staff	4072364	Ingrid Ostheeren	/authors/OL2804457A	/authors/OL2804457A	0	UNRESOLVED			
/works/OL84206W	Shadow of a man	May Sarton	26492108	Maria Hammarblad	/authors/OL40097A	/authors/OL40097A	0	UNRESOLVED			
/works/OL845665W	In the shadow of Islam	Vaka, Demetra	501396	Isabelle Eberhardt	/authors/OL72920A	/authors/OL72920A	0	UNRESOLVED			
/works/OL8608134W	Atavar	Reeve, Arthur B.	2451552	Dan Abnett	/authors/OL2893404A	/authors/OL2893404A	0	UNRESOLVED			
/works/OL8608163W	The Gold of the Gods	Reeve, Arthur B.	336511	Danny Campbell | Erich von Daniken	/authors/OL2893404A	/authors/OL2893404A	0	UNRESOLVED			
/works/OL8663876W	The Boke of Duke Huon of Burdeux	Berners, John Bourchier	21960705	Anonymous	/authors/OL6048218A	/authors/OL6048218A	0	UNRESOLVED			
/works/OL8729584W	The Londoners	Robert Smythe Hichens	4937292	Margaret Pemberton	/authors/OL126467A	/authors/OL126467A	0	UNRESOLVED			
/works/OL8776098W	Prince Rupert	Charles John Cutcliffe Wright Hyne	1207361	Charles Spencer	/authors/OL1219541A	/authors/OL1219541A	0	UNRESOLVED			
/works/OL8932981W	The History of Sir Richard Calmady	T Schaffer	2166224	Lucas Malet | Mary St. Leger Kingsley	/authors/OL3088322A	/authors/OL3088322A	0	UNRESOLVED			
/works/OL905012W	Chinatown family	Lin, Yutang	728311	Lin Yutang	/authors/OL79477A	/authors/OL79477A	0	DIRECT_NAME_MATCH	Lin Yutang	Lin, Yutang	OL_NAME_OR_PERSONAL_NAME
/works/OL905017W	A leaf in the storm	Lin, Yutang	626568	Lin Yutang	/authors/OL79477A	/authors/OL79477A	0	DIRECT_NAME_MATCH	Lin Yutang	Lin, Yutang	OL_NAME_OR_PERSONAL_NAME
/works/OL905023W	Moment in Peking	Lin, Yutang	1309540	Lin Yutang | Lin' Iutang'	/authors/OL79477A	/authors/OL79477A	0	DIRECT_NAME_MATCH	Lin Yutang	Lin, Yutang	OL_NAME_OR_PERSONAL_NAME
/works/OL907252W	The cup of fury	Rupert Hughes	531843	Upton Sinclair	/authors/OL79773A	/authors/OL79773A	0	UNRESOLVED			
/works/OL913739W	Pro patria	Ramón José Sender	21976856	Ascanio Celestini	/authors/OL80426A	/authors/OL80426A	0	UNRESOLVED			
/works/OL93756W	Day and night stories	Guy de Maupassant	6671647	Algernon Blackwood	/authors/OL29388A	/authors/OL29388A	0	UNRESOLVED			
/works/OL9437741W	Eight for eternity	Roberts, Cecil	7364638	Eric Mayer | Mary Reed	/authors/OL1640642A	/authors/OL1640642A	0	UNRESOLVED			
/works/OL9584049W	EMERGENCY NURSE	P. Rae	45282690	Suzanne Roberts	/authors/OL3583939A	/authors/OL3583939A	0	UNRESOLVED			
/works/OL958551W	Teresa	Anna Zuccari Radius	49793238	Deborah Abela	/authors/OL2399931A	/authors/OL2399931A	0	UNRESOLVED			
/works/OL95930W	The gilded man	Smyth, Clifford	1262167	Carter Dickson	/authors/OL1181360A	/authors/OL1181360A	0	UNRESOLVED			
/works/OL96167W	A strange manuscript found in a copper cylinder	De Mille, James	478291	Daniel Burgoyne | James De Mille | Malcolm Parks	/authors/OL2856431A	/authors/OL2856431A	0	DIRECT_NAME_MATCH	James De Mille	James De Mille	OL_NAME_OR_PERSONAL_NAME
/works/OL98480W	Welcome to the Monkey House	Vonnegut, Kurt.	438581	Kurt Vonnegut Jr.	/authors/OL20187A	/authors/OL20187A	0	OL_ALIAS_MATCH	Kurt Vonnegut Jr.	Kurt Vonnegut Jr. | Kurt Vonnegut, Jr.	OL_ALTERNATE_NAME
/works/OL98759W	Cowboy in the making	Will James	40816450	Julie Benson	/authors/OL20216A	/authors/OL20216A	0	UNRESOLVED			
/works/OL98769W	Uncle Bill	Will James	43234557	"Bernardo Fernandez ""Bef"""	/authors/OL20216A	/authors/OL20216A	0	UNRESOLVED			
/works/OL98773W	Cow country	Will James	45107659	Adrian Jones Pearson	/authors/OL20216A	/authors/OL20216A	0	UNRESOLVED			
/works/OL99563W	Captain Caution	Kenneth Lewis	1251462	Kenneth Roberts	/authors/OL18065A	/authors/OL18065A	0	OL_ALIAS_MATCH	Kenneth Roberts	Kenneth Roberts	OL_ALTERNATE_NAME
/works/OL99567W	Oliver Wiswell	Kenneth Lewis	1031071	Kenneth Roberts	/authors/OL18065A	/authors/OL18065A	0	OL_ALIAS_MATCH	Kenneth Roberts	Kenneth Roberts	OL_ALTERNATE_NAME
/works/OL99570W	Lydia Bailey	Kenneth Lewis	1263721	Kenneth Roberts	/authors/OL18065A	/authors/OL18065A	0	OL_ALIAS_MATCH	Kenneth Roberts	Kenneth Roberts	OL_ALTERNATE_NAME
/works/OL99571W	Rabble in Arms	Kenneth Lewis	207588	Kenneth Roberts	/authors/OL18065A	/authors/OL18065A	0	OL_ALIAS_MATCH	Kenneth Roberts	Kenneth Roberts	OL_ALTERNATE_NAME
/works/OL99573W	Arundel	Kenneth Lewis	1128397	Kenneth Roberts	/authors/OL18065A	/authors/OL18065A	0	OL_ALIAS_MATCH	Kenneth Roberts	Kenneth Roberts	OL_ALTERNATE_NAME
/works/OL997615W	Christmas in London	Rachel Field	54380666	Anita Hughes	/authors/OL92779A	/authors/OL92779A	0	UNRESOLVED			
