work_key	title	author_name	first_publish_year	canonical	htid_count	pd_count	sample_htids	matched_title	matched_author	source
OL31456997W	Laughing Boy	Oliver La Farge	1929	0	3	3	mdp.39015003899989|uc1.b4087559|mdp.39015004111178	Laughing Boy / by Oliver La Farge.	La Farge, Oliver, 1901-1963.	hathifiles_title
OL1526395W	Indian captive	Lenski, Lois	1941	0	1	0	mdp.39015005775120	Indian captive : the story of Mary Jemison / written and ill	Lenski, Lois, 1893-1974,	hathifiles_title
OL32146855W	Xingu, and other stories	Edith Wharton	1916	0	5	5	mdp.39015019960767|hvd.32044090094442|uva.x001172244	Xingu, and other stories.	Wharton, Edith, 1862-1937.	hathifiles_title
OL16206172W	Uncle Remus	Joel Chandler Harris	1901	0	15	15	mdp.39015065535034|mdp.39015009386304|miun.aje0676.0001.001	Uncle Remus : his songs and his sayings / New and rev.ed. wi	Harris, Joel Chandler, 1848-1908.	hathifiles_title
OL18384315W	Robert Peckham	Maurice Baring	1930	0	1	1	mdp.39015030854353	Robert Peckham.	Baring, Maurice, 1874-1945.	hathifiles_title
OL3571984W	Roger Sudden	Thomas Head Raddall	1944	0	1	0	mdp.39015002713991	Roger Sudden / by Thomas H. Raddall.	Raddall, Thomas H., 1903-1994.	hathifiles_title
OL2264992W	The Christmas nightingale	Eric Philbrook Kelly	1932	0	1	0	mdp.39015005010239	The Christmas nightingale : three Christmas stories from Pol	Kelly, Eric P. 1884-1960,	hathifiles_title
OL32276791W	Open doors	Lydia Glover Deseo	1945	0	5	0	uc1.l0052981560|uc1.l0052981578|osu.32435030437495	Open doors.		hathifiles_title
OL16037770W	Coronet	Manuel Komroff	1930	0	315	2	uva.x030800942|uva.x030800941|uva.x030800940	Coronet.		hathifiles_title
OL252583W	Merlin	Lovelich, Herry	1932	0	6	0	mdp.39015067509623|mdp.39015067509615|mdp.39015067509466	Merlin.		hathifiles_title
OL5408078W	The pony express	Gaylord Du Bois	1944	0	12	0	cub.u183020137348|cub.u183020137330|cub.u183020137322	Pony express.		hathifiles_title
OL4636854W	The pony express	Samuel Hopkins Adams	1950	0	12	0	cub.u183020137348|cub.u183020137330|cub.u183020137322	Pony express.		hathifiles_title
OL19669345W	Horizons	Francis Hackett	1919	0	6	6	iau.31858045154014|mdp.39015030905346|uc1.$b250317	Horizons.		hathifiles_title
OL18455104W	Horizons	Francis Hackett	1918	0	6	6	iau.31858045154014|mdp.39015030905346|uc1.$b250317	Horizons.		hathifiles_title
OL471895W	The Murder at the Vicarage	Agatha Christie	1930	0	1	0	mdp.39015013950624	The murder at the vicarage / by Agatha Christie.	Christie, Agatha, 1890-1976.	hathifiles_title
OL8721349W	The Aspern Papers / The Turn of the Screw	James, Henry	1935	0	2	0	mdp.39015000524895|pst.000028367772	The Aspern papers / by Henry James ; with a pref. by the aut	James, Henry, 1843-1916.	hathifiles_title
OL40196W	I, the Jury	Mickey Spillane	1947	0	3	0	mdp.39015000957798|mdp.39015034928484|uva.x000335920	I, the jury / Mickey Spillane.	Spillane, Mickey, 1918-2006.	hathifiles_title
OL99522W	The Story of the Treasure Seekers	E. Nesbit	1899	0	5	3	mdp.39015005628121|mdp.39015063540994|mdp.39076002315799	The story of the treasure seekers; being the adventures of t	Nesbit, E. 1858-1924.	hathifiles_title
OL32903931W	Crichton	Ainsworth, William Harrison	1890	0	5	5	mdp.39015030842341|dul1.ark:/13960/t43r1pr79|uc2.ark:/13960/t3zs2z98g	Crichton / with port. [of Mary Stuart] by Farino and 3 etchi	Ainsworth, William Harrison, 1805-1882.	hathifiles_title
OL13849972W	Harold the klansman	George Alfred Brown	1923	0	1	1	nc01.ark:/13960/t3gx4t739	Harold the klansman.	Brown, George Alfred, b. 1876.	hathifiles_title
OL37450152W	Cakes and ale	W. Somerset Maugham	1930	0	9	4	uc1.b3477936|mdp.39015030706470|mdp.39015010433509	Cakes and ale: or, The skeleton in the cupboard [by] W. Some	Maugham, W. Somerset 1874-1965.	hathifiles_title
OL5200895W	Chronicles of the Scho nberg-Cotta family	Elizabeth Rundle Charles	1900	0	2	2	mdp.39015059391600|umn.319510013995756	Chronicles of the Schönberg-Cotta family / by two of themsel	Charles, Elizabeth Rundle, 1828-1896.	hathifiles_title
OL17683545W	Chronicles of the Scho nberg-Cotta family	Elizabeth Rundle Charles	1890	0	8	8	mdp.39015059391600|mdp.39015063512696|uc2.ark:/13960/t8sb42m4x	Chronicles of the Schönberg-Cotta family / by two of themsel	Charles, Elizabeth Rundle, 1828-1896.	hathifiles_title
OL17960897W	D'ri and I	Irving Bacheller	1901	0	9	9	uc2.ark:/13960/t9h41m46t|mdp.39015013148062|mdp.39015059387673	D'ri and I; a tale of daring deeds in the second war with th	Bacheller, Irving, 1859-1950.	hathifiles_title
OL38771712W	Saint James's	Ainsworth, William Harrison	1899	0	1	1	mdp.39015059387582	Saint James's.	Ainsworth, William Harrison, 1805-1882.	hathifiles_title
OL35404512W	Glorious Apollo		1926	0	4	3	mdp.39015059395866|uc1.$b322982|uc1.$b792521	Glorious Apollo / By E. Barrington [pseudonym]	Beck, L. Adams -1931.	hathifiles_title
OL7026234W	Father Abraham	Irving Bacheller	1925	0	1	1	mdp.39015059389372	Father Abraham ...	Bacheller, Irving, 1859-1950.	hathifiles_title
OL16730925W	A man for the ages	Irving Bacheller	1919	0	7	7	mdp.39015059389430|hvd.hxdgu7|uc1.$b799005	A man for the ages; a story of the builders of democracy / b	Bacheller, Irving, 1859-1950.	hathifiles_title
OL16762214W	A man for the ages	Irving Bacheller	1920	0	7	7	mdp.39015059389430|hvd.hxdgu7|uc1.$b799005	A man for the ages; a story of the builders of democracy / b	Bacheller, Irving, 1859-1950.	hathifiles_title
OL163727W	Day's end and other stories	H. E. Bates	1928	0	3	2	mdp.39015059395809|uc1.$b322955|coo.31924013583111	Day's end, and other stories / by H. E. Bates.	Bates, H. E. 1905-1974.	hathifiles_title
OL5004308W	Blind alley	Walter Lionel George	1919	0	7	7	nyp.33433082485586|uc2.ark:/13960/t13n20z0v|mdp.39015024220546	Blind alley; being the picture of a very gallant gentleman; 	George, W. L. 1882-1926.	hathifiles_title
OL7582918W	The heavenly sinner	T. Everett Harré	1935	0	1	0	mdp.39015059404007	The heavenly sinner; the life and loves of Lola Montez / by 	Harré, T. Everett 1884-1948.	hathifiles_title
OL10467856W	If winter comes	A. S. M. Hutchinson	1921	0	4	4	mdp.39015059405533|uiug.30112055500430|uiug.30112058785756	If winter comes / by A. S. M. Hutchinson.	Hutchinson, A. S. M. 1880-1971.	hathifiles_title
OL8729585W	Bella Donna	Robert Smythe Hichens	1911	0	11	11	uc2.ark:/13960/t41r6rm7m|mdp.39015059377336|uc1.$b300862	Bella donna; a novel, by Robert Hichens.	Hichens, Robert Smythe, 1864-1956.	hathifiles_title
OL17664632W	The prince of the house of David	J. H. Ingraham	1897	0	8	8	mdp.39015059414477|hvd.hn3bw5|uc2.ark:/13960/t1gh9bp03	The prince of the house of David / by Rev. Prof. J. H. Ingra	Ingraham, J. H. 1809-1860.	hathifiles_title
OL1092170W	A full and true account of the wonderful mission of Earl Lavender, which lasted one night and one day	Davidson, John	1895	0	3	3	uc2.ark:/13960/t73t9hp3z|mdp.39015059392210|uc1.$b370702	A full and true account of the wonderful mission of Earl Lav	Davidson, John, 1857-1909.	hathifiles_title
OL32146036W	Around old Chester	Margaret Deland	1915	0	1	1	mdp.39015060430553	Around old Chester / by Margaret Deland.	Deland, Margaret, 1857-1945.	hathifiles_title
OL32146062W	John Ward, preacher	Margaret Deland	1888	0	9	9	mdp.39015062247922|hvd.32044010321289|hvd.ah4wzj	John Ward, preacher / by Margaret Deland.	Deland, Margaret, 1857-1945.	hathifiles_title
OL32146495W	The promises of Alice	Margaret Deland	1919	0	6	6	uc2.ark:/13960/t5q81551m|mdp.39015016770383|coo1.ark:/13960/t3pv7277f	The promises of Alice : the romance of a New England parsona	Deland, Margaret Wade Campbell, 1857-194	hathifiles_title
OL36994959W	Old Haven	David Cornel DeJong	1938	0	1	0	mdp.39015012332261	Old haven.	De Jong, David Cornel, 1901-1967.	hathifiles_title
OL1106251W	The wayward man	Ervine, St. John G.	1927	0	2	2	mdp.39015059404106|uc1.$b242563	The wayward man / by St. John G. Ervine.	Ervine, St. John G. 1883-1971.	hathifiles_title
OL32146065W	Sidney	Margaret Deland	1890	0	1	1	mdp.39015059400294	Sidney / by Margaret Deland.	Deland, Margaret, 1857-1945.	hathifiles_title
OL7908249W	The judgment of the sword	Diver, Katherine Helen Maud (Marshall)	1924	0	1	1	mdp.39015023158812	The judgment of the sword; the tale of the Kabul tragedy, an	Diver, Maud, 1867-1945.	hathifiles_title
OL1219518W	The judgment of the sword	Katherine Helen Maud Marshall Diver	1913	0	5	5	mdp.39015023158812|osu.32435000220814|nyp.33433074968177	The judgment of the sword; the tale of the Kabul tragedy, an	Diver, Maud, 1867-1945.	hathifiles_title
OL7487846W	Village chronicle	James McConnaughey	1936	0	2	0	mdp.39015059409980|uc1.$b301224	Village chronicle / by James McConnaughey.	McConnaughey, James, 1908-1993.	hathifiles_title
OL3127780W	To-morrow never comes	R. L. Duffus	1929	0	1	0	mdp.39015059377252	To-morrow never comes / by R. L. Duffus.	Duffus, R. L. 1888-1972.	hathifiles_title
OL2345252W	The siege of Lady Resolute	Dickson, Harris	1902	0	2	2	mdp.39015063511631|nyp.33433074811161	The siege of Lady Resolute; a novel / by Harris Dickson.	Dickson, Harris, 1868-1946.	hathifiles_title
OL7891433W	The rose of old St. Louis	Dillon, Mary C. Johnson	1904	0	3	3	mdp.39015063546702|hvd.hxdh5u|uc2.ark:/13960/t9b56dt9f	The rose of old St. Louis / by Mary Dillon; with illustratio	Dillon, Mary	hathifiles_title
OL10791370W	The rose of old St. Louis	Mary C. Johnson Dillon	1904	0	3	3	mdp.39015063546702|hvd.hxdh5u|uc2.ark:/13960/t9b56dt9f	The rose of old St. Louis / by Mary Dillon; with illustratio	Dillon, Mary	hathifiles_title
OL5789978W	The story of a modern woman	Ella Hepworth Dixon	1895	0	3	3	mdp.39015018398431|nyp.33433074968151|coo.31924013607084	The story of a modern woman / by Ella Hepworth Dixon.	Dixon, Ella Hepworth.	hathifiles_title
OL15675565W	The Clansman	Dixon, Thomas	1905	0	18	18	mdp.39015004021286|mdp.39015013736296|uga1.32108057030556	The clansman; an historical romance of the Ku Klux klan / by	Dixon, Thomas, Jr., 1864-1946.	hathifiles_title
OL39014547W	The clansman	Dixon, Thomas	1905	0	18	18	mdp.39015004021286|mdp.39015013736296|uga1.32108057030556	The clansman; an historical romance of the Ku Klux klan / by	Dixon, Thomas, Jr., 1864-1946.	hathifiles_title
OL41540816W	Robert Elsmere	Humphry Ward	1888	1	20	20	mdp.39015053658731|uc1.b4102899|uc2.ark:/13960/t5x63ds6x	Robert Elsmere / by Mrs. Humphry Ward.	Ward, Humphry, Mrs., 1851-1920.	hathifiles_title
OL17679961W	Ivanhoe	Scott, Walter	1907	0	35	32	mdp.39015036784950|coo1.ark:/13960/t8mc9gx34|mdp.39015063951274	Ivanhoe / by Sir Walter Scott. Abridged & ed. with introd., 	Scott, Walter, 1771-1832.	hathifiles_title
OL17679965W	Ivanhoe	Scott, Walter	1906	0	35	32	mdp.39015036784950|coo1.ark:/13960/t8mc9gx34|mdp.39015063951274	Ivanhoe / by Sir Walter Scott. Abridged & ed. with introd., 	Scott, Walter, 1771-1832.	hathifiles_title
OL17679966W	Ivanhoe	Scott, Walter	1908	0	35	32	mdp.39015036784950|coo1.ark:/13960/t8mc9gx34|mdp.39015063951274	Ivanhoe / by Sir Walter Scott. Abridged & ed. with introd., 	Scott, Walter, 1771-1832.	hathifiles_title
OL17752593W	Ivanhoe	Scott, Walter	1903	0	56	53	mdp.39015036784950|coo1.ark:/13960/t8mc9gx34|mdp.39015063951274	Ivanhoe / by Sir Walter Scott. Abridged & ed. with introd., 	Scott, Walter, 1771-1832.	hathifiles_title
OL32133020W	Ivanhoe	Scott, Walter	1893	0	72	69	mdp.39015036784950|coo1.ark:/13960/t8mc9gx34|mdp.39015063951274	Ivanhoe / by Sir Walter Scott. Abridged & ed. with introd., 	Scott, Walter, 1771-1832.	hathifiles_title
OL17675936W	Ivanhoe	Scott, Walter	1913	0	27	24	mdp.39015036784950|coo1.ark:/13960/t8mc9gx34|mdp.39015063951274	Ivanhoe / by Sir Walter Scott. Abridged & ed. with introd., 	Scott, Walter, 1771-1832.	hathifiles_title
OL24955921W	The history of Henry Esmond, esq	Thackeray, William Makepeace	1888	0	39	38	uc2.ark:/13960/t5n87dw5h|mdp.39015013159440|uc1.b4104169	The history of Henry Esmond, Esq. : colonel in the service o	Thackeray, William Makepeace, 1811-1863.	hathifiles_title
OL19697274W	The history of Henry Esmond, Esq	Thackeray, William Makepeace	1896	0	31	30	uc2.ark:/13960/t5n87dw5h|mdp.39015013159440|uc1.b4104169	The history of Henry Esmond, Esq. : colonel in the service o	Thackeray, William Makepeace, 1811-1863.	hathifiles_title
OL16179W	Henry Esmond ; The English humourists ; The four Georges	Thackeray, William Makepeace	1908	0	4	2	mdp.39015065549555|pst.000028741602|aeu.ark:/13960/t5k94v552	Henry Esmond / [by] W. M. Thackeray.	Thackeray, William Makepeace, 1811-1863.	hathifiles_title
OL17694625W	The memoirs of Barry Lyndon	Thackeray, William Makepeace	1883	0	4	4	mdp.39015063760659|uva.x030832813|hvd.hn57yk	The memoirs of Barry Lyndon; Great Hoggarty diamond; Sketche	Thackeray, William Makepeace, 1811-1863.	hathifiles_title
OL28188566W	The Virginians	Thackeray, William Makepeace	1890	0	37	37	mdp.39015063554029|mdp.39015028754276|mdp.39015008044383	The Virginians; a tale of the last century / by William Make	Thackeray, William Makepeace, 1811-1863.	hathifiles_title
OL17050027W	The Virginians	Thackeray, William Makepeace	1887	0	44	44	mdp.39015063554029|mdp.39015028754276|mdp.39015008044383	The Virginians; a tale of the last century / by William Make	Thackeray, William Makepeace, 1811-1863.	hathifiles_title
OL43716885W	Virginians	Thackeray, William Makepeace	1900	0	27	27	mdp.39015063554029|mdp.39015028754276|mdp.39015008044383	The Virginians; a tale of the last century / by William Make	Thackeray, William Makepeace, 1811-1863.	hathifiles_title
OL41552802W	Bleak House	Charles Dickens	1941	0	6	1	mdp.39015058674477|mdp.39015005719250|uc1.32106001932505	Bleak house ...	Dickens, Charles, 1812-1870.	hathifiles_title
OL43464982W	A Christmas carol, in prose	Charles Dickens	1887	0	18	14	mdp.39015063914157|mdp.39015039396117|loc.ark:/13960/t80k2xk5t	A Christmas carol, in prose; being a ghost story of Christma	Dickens, Charles, 1812-1870.	hathifiles_title
OL24252035W	The bride of Lammermoor	Scott, Walter	1893	0	26	24	mdp.39015030961042|mdp.39015063951175|mdp.49015002396209	The bride of Lammermoor / Sir Walter Scott, bart.	Scott, Walter, 1771-1832.	hathifiles_title
OL17662420W	A sentimental journey through France and Italy	Sterne, Laurence	1892	0	21	19	mdp.39015063954815|hvd.hnykwf|mdp.39015063954823	A sentimental journey through France and Italy / by Laurence	Sterne, Laurence, 1713-1768.	hathifiles_title
OL18010688W	The wings of the morning	Louis Tracy	1903	0	5	5	uc1.$b312690|hvd.32044018800789|mdp.39015063962008	The wings of the morning.	Tracy, Louis, 1863-1928.	hathifiles_title
OL109810W	Barchester Towers / The Warden	Trollope, Anthony	1887	0	51	40	mdp.39015005917524|mdp.39015022402070|osu.32435024572752	Barchester towers / by Anthony Trollope, with eight plates b	Trollope, Anthony, 1815-1882.	hathifiles_title
OL7588020W	Through green glasses. Andy Merrigan's great discovery and other Irish tales	Edmund Downey	1887	0	2	2	mdp.39015063916772|nyp.33433074968268	Through green glasses. Andy Merrigan's great discovery and o	Downey, Edmund, 1856-1937.	hathifiles_title
OL38694476W	Catriona	Robert Louis Stevenson	1893	0	6	6	uc2.ark:/13960/t3dz07x8v|mdp.39015014660255|uc2.ark:/13960/t50g3n23b	Catriona : a sequel to Kidnapped, being memoirs of the furth	Stevenson, Robert Louis, 1850-1894.	hathifiles_title
OL24074W	The  Master of Ballantrae; and Weir of Hermiston	Robert Louis Stevenson	1925	0	8	3	mdp.39015063961604|inu.32000000672420|inu.32000000672362	The master of Ballantrae; An inland voyage ...	Stevenson, Robert Louis, 1850-1894.	hathifiles_title
OL470443W	While the patient slept	Mignon Good Eberhart	1930	0	2	0	mdp.39015063919479|mdp.39015057105507	While the patient slept ...	Eberhart, Mignon G. 1899-1996.	hathifiles_title
OL44762098W	The personal history of David Copperfield	Charles Dickens	1901	0	27	18	mdp.39015008030499|mdp.39015063511433|mdp.39015010835893	The personal history of David Copperfield / [by] Charles Dic	Dickens, Charles, 1812-1870.	hathifiles_title
OL29223843W	Treasure Island	Robert Louis Stevenson	1910	0	67	59	mdp.39015063961844|nyp.33433075752992|mdp.39015055344371	Treasure Island / by Robert Louis Stevenson.	Stevenson, Robert Louis, 1850-1894.	hathifiles_title
OL42471516W	Treasure Island	Robert Louis Stevenson	1900	0	79	71	mdp.39015063961844|nyp.33433075752992|mdp.39015063961836	Treasure Island / by Robert Louis Stevenson.	Stevenson, Robert Louis, 1850-1894.	hathifiles_title
OL1832592W	Treasure Island / Kidnapped	Robert Louis Stevenson	1900	0	79	71	mdp.39015063961844|nyp.33433075752992|mdp.39015063961836	Treasure Island / by Robert Louis Stevenson.	Stevenson, Robert Louis, 1850-1894.	hathifiles_title
OL39458064W	Treasure Island	Robert Louis Stevenson	1900	0	79	71	mdp.39015063961844|nyp.33433075752992|mdp.39015063961836	Treasure Island / by Robert Louis Stevenson.	Stevenson, Robert Louis, 1850-1894.	hathifiles_title
OL11619998W	Mystery at Lynden Sands	Alfred W Stewart	1928	0	1	1	mdp.39015063956562	Mystery at Lynden Sands / by J.J. Connington [pseudonym]	Stewart, Alfred W. 1880-1947.	hathifiles_title
OL39442981W	Kidnapped	Robert Louis Stevenson	1887	0	76	62	mdp.39015063961687|mdp.39015063986023|mdp.39015002308776	Kidnapped / being memoirs of the adventures of David Balfour	Stevenson, Robert Louis, 1850-1894.	hathifiles_title
OL39549413W	Rudder Grange	Frank Richard Stockton	1883	0	14	14	mdp.39015063956877|hvd.hwp9e5|uc2.ark:/13960/t3qv3cn99	Rudder Grange / by Frank R. Stockton, illustrated by A.B. Fr	Stockton, Frank R., 1834-1902.	hathifiles_title
OL12246709W	Glimpses of a strange world	H. S. Stollnitz	1908	0	1	1	mdp.39015031015236	Glimpses of a strange world / by H.S. Stollnitz.	Stollnitz, Henry Sandé, 1865-	hathifiles_title
OL20946857W	Adam Bede	George Eliot	1885	0	51	47	mdp.39015063917994|mdp.39015063918000|hvd.32044086823465	Adam Bede / By George Eliot.	Eliot, George, 1819-1880.	hathifiles_title
OL16639887W	Green mansions	Hudson, W. H.	1932	0	11	2	mdp.39015069919424|mdp.39015002387945|mdp.39015002387978	Green mansions : a romance of the tropical forest / by W. H.	Hudson, W. H. 1841-1922.	hathifiles_title
OL471932W	The Murder of Roger Ackroyd	Agatha Christie	1926	0	2	2	mdp.39015046330448|uc1.32106001974036	The murder of Roger Ackroyd / by Agatha Christie.	Christie, Agatha, 1890-1976.	hathifiles_title
OL69241W	Jenny	Sigrid Undset	1921	0	3	2	mdp.39015004194802|pst.000020542511|dul1.ark:/13960/t7fr4td3m	Jenny / translated from the Norwegian of Sigrid Undset by W.	Undset, Sigrid, 1882-1949.	hathifiles_title
OL42606488W	The arrow of gold	Conrad, Joseph	1919	0	14	14	mdp.39015065980669|miun.aar4496.0001.001|mdp.39015030727062	The arrow of gold : a story between two notes / by Joseph Co	Conrad, Joseph, 1857-1924.	hathifiles_title
OL17648147W	The arrow of gold	Conrad, Joseph	1920	0	14	14	mdp.39015065980669|miun.aar4496.0001.001|mdp.39015030727062	The arrow of gold : a story between two notes / by Joseph Co	Conrad, Joseph, 1857-1924.	hathifiles_title
OL18413457W	The loyal clans	Audrey Cunningham	1932	0	2	0	mdp.39015007044319|uc1.b3877182	The loyal clans / by Audrey Cunningham ...	Cunningham, Audrey.	hathifiles_title
OL3462385W	The wind from nowhere	Micheaux, Oscar	1944	0	2	2	mdp.39015059415433|uc1.$b803101	The wind from nowhere ...	Micheaux, Oscar, 1884-1951.	hathifiles_title
OL33122297W	Night watches	W. W. Jacobs	1914	0	9	8	uc2.ark:/13960/t3tt4hn0k|hvd.hn5lcw|mdp.39015005082402	Night watches / by W.W. Jacobs.	Jacobs, W. W. 1863-1943.	hathifiles_title
OL16707477W	Little citizens	Myra Kelly	1910	0	2	2	mdp.39015012346535|rul.39030045639152	Little citizens; the humours of school life / by Myra Kelly;	Kelly, Myra, 1876-1910.	hathifiles_title
OL16707659W	In the vestibule limited	Matthews, Brander	1893	0	5	5	hvd.hwknqm|mdp.39015055404852|mdp.39015021038214	In the vestibule limited / by Brander Matthews.	Matthews, Brander, 1852-1929	hathifiles_title
OL4599346W	The memoirs of a Maharaja's mistress	Ganga Vadaran	1943	0	1	0	mdp.39015059371925	The Memoirs of a maharaja's mistress.		hathifiles_title
OL11016717W	Lamb in his bosom	Caroline Pafford Miller	1933	0	6	0	mdp.39015050619496|mdp.39015024521869|uc1.$b57065	Lamb in his bosom / by Caroline Miller.	Miller, Caroline, 1903-1992.	hathifiles_title
OL327283W	Just flesh	D. F. Karaka	1941	0	1	0	mdp.39015059405459	Just flesh.	Karaka, D. F. 1911-1974.	hathifiles_title
OL32387235W	Street Called Straight	Basil King	1912	0	7	7	hvd.hwxjqz|hvd.hwxja6|mdp.39015059423015	"The street called Straight : a novel / by the author of ""The"	King, Basil, 1859-1928	hathifiles_title
OL2848601W	The circus of Dr. Lao	Charles G. Finney	1935	0	5	0	mdp.39015008976824|mdp.39015005095388|mdp.39015046358043	The circus of Dr. Lao / Charles G. Finney.	Finney, Charles G. 1905-1984.	hathifiles_title
OL22065726W	Stories of the army	Matthews, Brander	1894	0	7	7	uc2.ark:/13960/t3222rq63|uc2.ark:/13960/t6348h64m|hvd.hx5e9a	Stories of the army.		hathifiles_title
OL39419610W	The golden dog (Le chien d'or)	William Kirby	1891	0	4	4	mdp.39015008594643|wu.89081317208|hvd.hnawhu	The golden dog, [Le chien d'or]; a romance of old Quebec / b	Kirby, William, 1817-1906.	hathifiles_title
OL39414563W	The golden dog = (Le chien d'or)	William Kirby	1903	0	4	4	mdp.39015008594643|wu.89081317208|hvd.hnawhu	The golden dog, [Le chien d'or]; a romance of old Quebec / b	Kirby, William, 1817-1906.	hathifiles_title
OL22128832W	Stardust	D. L. Murray	1931	0	1	1	mdp.39015059413180	Stardust / by D. L. Murray.	Murray, D. L. 1888-1962.	hathifiles_title
OL31984965W	The fate of Madame La Tour	Paddock, A. G.	1882	0	8	8	uc2.ark:/13960/t6g15ts65|mdp.39015035457095|uc2.ark:/13960/t0wp9vc5v	The fate of Madame La Tour:	Paddock, A. G., Mrs.	hathifiles_title
OL11257127W	A tale of Reading town	James Bennett Nolan	1930	0	1	1	mdp.39015004301241	A tale of reading town; an episode from the plot against Was	Nolan, J. Bennett 1877-1964.	hathifiles_title
OL1089951W	A human boy's diary	Phillpotts, Eden	1924	0	2	2	mdp.39015059406556|uc1.$b243941	A human boy's diary / by Eden Phillpotts.	Phillpotts, Eden, 1862-1960.	hathifiles_title
OL4031973W	Journey's end	R. C. Sherriff	1929	0	4	2	mdp.39015048505039|mdp.39015030838893|mdp.39015030838885	Journey's end; a novel / by R. C. Sherriff and Vernon Hartle	Sherriff, R. C. 1896-1975.	hathifiles_title
OL18769276W	Alien land	Willard Savoy	1950	0	2	0	uc1.$b63731|mdp.39015033580336	Alien land.	Savoy, Willard W., 1916-1976.	hathifiles_title
OL43916725W	Very good, Jeeves	P. G. Wodehouse	1930	0	3	2	mdp.39015046860089|uva.x000213255|uva.x002314437	Very good, Jeeves! / P.G. Wodehouse.	Wodehouse, P. G. 1881-1975.	hathifiles_title
OL35319989W	The Pathfinder	Cooper, James Fenimore	1908	0	56	29	mdp.39015063545233|uc1.b3578888|mdp.39015019786022	The pathfinder; or, The inland sea / By J. Fenimore Cooper.	Cooper, James Fenimore, 1789-1851.	hathifiles_title
OL1797197W	The Woman Who Did	Grant Allen	1895	0	5	5	mdp.39015004288398|uc2.ark:/13960/t25b0411x|coo.31924013205731	The woman who did / by Grant Allen.	Allen, Grant, 1848-1899.	hathifiles_title
OL32867810W	The woman who did	Grant Allen	1895	0	5	5	mdp.39015004288398|uc2.ark:/13960/t25b0411x|coo.31924013205731	The woman who did / by Grant Allen.	Allen, Grant, 1848-1899.	hathifiles_title
OL36529959W	The birds' Christmas carol	Kate Douglas Wiggin	1893	0	17	17	nc01.ark:/13960/t6932005f|hvd.hn2arl|mdp.39015058663801	The Birds' Christmas Carol / by Kate Douglas Wiggin ; with i	Wiggin, Kate Douglas Smith, 1856-1923.	hathifiles_title
OL36528335W	A cathedral courtship and Penelope's English experiences	Kate Douglas Wiggin	1893	0	6	6	mdp.39015021067155|hvd.hn5cc7|hvd.hn3mvj	A cathedral courtship, and Penelope's English experiences / 	Wiggin, Kate Douglas, 1856-1923.	hathifiles_title
OL18012626W	Mother Carey's chickens	Wiggin, Kate Douglas Smith	1911	0	4	4	mdp.39015030642675|uc1.$b248221|uva.x004614226	Mother Carey's chickens ...	Wiggin, Kate Douglas, 1856-1923.	hathifiles_title
OL36528411W	Timothy's quest	Kate Douglas Wiggin	1893	0	14	14	mdp.39015063928173|uc2.ark:/13960/t20c4ss6c|uc1.b4374171	Timothy's quest; a story for anybody, young or old, who care	Wiggin, Kate Douglas, 1856-1923.	hathifiles_title
OL32094293W	Timothy's quest	Wiggin, Kate Douglas Smith	1895	0	14	14	mdp.39015063928173|uc2.ark:/13960/t20c4ss6c|uc1.b4374171	Timothy's quest; a story for anybody, young or old, who care	Wiggin, Kate Douglas, 1856-1923.	hathifiles_title
OL3468603W	Timothy's quest: a story for anybody, young or old, who cares to read it	Wiggin, Kate Douglas Smith	1894	0	14	14	mdp.39015063928173|uc2.ark:/13960/t20c4ss6c|uc1.b4374171	Timothy's quest; a story for anybody, young or old, who care	Wiggin, Kate Douglas, 1856-1923.	hathifiles_title
OL2570080W	Camp and cabin	Raymond, Rossiter W.	1880	0	6	6	uc2.ark:/13960/fk48p5vj1x|hvd.hx4y54|mdp.39015059505647	Camp and cabin: sketches of life and travel in the West. By 	Raymond, Rossiter W. 1840-1918.	hathifiles_title
OL10411919W	Scheherazade	John Young Thomson Greig	1928	0	3	3	mdp.39015059385875|uc1.$b275448|uiug.30112074956993	Scheherazade; or, The future of the English novel / by John 	Greig, J. Y. T. 1891-1963.	hathifiles_title
OL7590049W	The woman with a stone heart	Coursey, Oscar William	1914	0	4	4	miun.aaw5949.0001.001|mdp.39015047631851|coo1.ark:/13960/t9086tb54	The woman with a stone heart; a romance of the Philippine wa	Coursey, O. W. 1873-1946.	hathifiles_title
OL39390599W	The Ralstons	Crawford, F. Marion	1895	0	13	13	hvd.hwjsc9|hvd.hwjs78|mdp.39015059394588	The Ralstons / by F. Marion Crawford.	Crawford, F. Marion 1854-1909	hathifiles_title
OL36417402W	A Roman singer	Crawford, F. Marion	1889	0	16	16	uc2.ark:/13960/t3bz61n0k|hvd.hwjsb6|mdp.39015059394604	A Roman singer / by F. Marion Crawford.	Crawford, F. Marion 1854-1909.	hathifiles_title
OL1796038W	Khaled, a tale of Arabia	Crawford, F. Marion	1891	0	6	6	hvd.hwqu7a|coo1.ark:/13960/t75t46b6x|mdp.39015059394455	Khaled, a tale of Arabia / by F. Marion Crawford.	Crawford, F. Marion 1854-1909	hathifiles_title
OL20647415W	Three little kittens	A. E. Kennedy	1911	0	1	1	mdp.39015058640346	The three little kittens / with new pictures by Kurt Wiese.		hathifiles_title
OL7882381W	Three little kittens	Uncle Milton.	1908	0	2	2	mdp.39015058640346|uc2.ark:/13960/t2z31pf0j	The three little kittens / with new pictures by Kurt Wiese.		hathifiles_title
OL32091962W	The Three little kittens		1895	0	3	3	mdp.39015058640346|uc2.ark:/13960/t2z31pf0j|oxu1.605441880	The three little kittens / with new pictures by Kurt Wiese.		hathifiles_title
OL18461613W	Atlantic narratives	Charles Swain Thomas	1918	0	13	13	uc2.ark:/13960/t6057f54c|uc1.$b272745|mdp.39015058691125	Atlantic narratives; modern short stories; ed. with an intro		hathifiles_title
OL3292446W	First Lensman	Smith, Edward E.	1950	0	1	0	mdp.39015019230310	"First Lensman / E.E. ""Doc"" Smith."	Smith, E. E. 1890-1965.	hathifiles_title
OL3292443W	Gray Lensman	Smith, Edward E.	1939	0	2	0	mdp.39015019147258|uc1.31822025915893	"Gray Lensman / E.E. ""Doc"" Smith."	Smith, E. E. 1890-1965.	hathifiles_title
OL32146526W	Silence	Mary Eleanor Wilkins Freeman	1898	0	3	3	hvd.hwk6nm|nyp.33433115575684|uc2.ark:/13960/t8v980b7r	Silence : and other stories / by Mary E. Wilkins.	Freeman, Mary Eleanor Wilkins, 1852-1930	hathifiles_title
OL32146528W	The Yates pride	Mary Eleanor Wilkins Freeman	1912	0	4	4	uc2.ark:/13960/t0gt5gc20|uc1.$b287391|nyp.33433111627489	The Yates pride; a romance, by Mary E. Wilkins Freeman ...	Freeman, Mary Eleanor Wilkins, 1852-1930	hathifiles_title
OL29244457W	The Billiard-Room Mystery	Flynn, Brian.	1929	0	1	1	mdp.39015063535556	The billiard-room mystery / by Brian Flynn.	Flynn, Brian, 1885-	hathifiles_title
OL4112797W	A Certain Dr Thorndyke	R. Austin Freeman	1928	0	1	1	mdp.39015035383861	A certain Dr. Thorndyke / by R. Austin Freeman.	Freeman, R. Austin 1862-1943.	hathifiles_title
OL4112855W	The Red Thumb Mark	R. Austin Freeman	1907	0	2	2	mdp.39015063919404|osu.32435017899196	The red thumb mark / by R. Austin Freeman.	Freeman, R. Austin 1862-1943.	hathifiles_title
OL7537122W	The Craig Poisoning Mystery	Dorothy Fielding	1930	0	1	1	mdp.39015049748554	The Craig poisoning mystery / [by] A. Fielding.	Fielding, A. 1900-	hathifiles_title
OL27103410W	Told in the Hills	Marah Ellis Ryan	1891	0	7	7	uc2.ark:/13960/t5x63cb8n|hvd.hn1sk7|hvd.hn1eg7	Told in the hills : a novel / by Marah Ellis Ryan.	Ryan, Marah Ellis, 1866-1934.	hathifiles_title
OL262523W	The Maracot Deep	Doyle, Arthur Conan	1934	0	1	1	mdp.39015007005666	The Maracot Deep : and other stories / by Arthur Conan Doyle	Doyle, Arthur Conan, 1859-1930.	hathifiles_title
OL262438W	The Sign of Four	Doyle, Arthur Conan	1889	0	18	16	mdp.39015011421701|mdp.39015061869163|uc1.b3578478	The sign of the four / By A. Conan Doyle.	Doyle, Arthur Conan, 1859-1930.	hathifiles_title
OL38606142W	Sign of the Four	Doyle, Arthur Conan	1900	0	16	14	mdp.39015011421701|mdp.39015061869163|mdp.39015086851436	The sign of the four / By A. Conan Doyle.	Doyle, Arthur Conan, 1859-1930.	hathifiles_title
OL44450980W	The sign of four	Doyle, Arthur Conan	1893	0	18	16	mdp.39015011421701|mdp.39015061869163|uc1.b3578478	The sign of the four / By A. Conan Doyle.	Doyle, Arthur Conan, 1859-1930.	hathifiles_title
OL44002471W	The tragedy of the Korosko	Doyle, Arthur Conan	1912	0	2	1	mdp.39015063914017|uc1.b4880961	The tragedy of the Korosko / by Arthur Conan Doyle.	Doyle, Arthur Conan, 1859-1930.	hathifiles_title
OL39454777W	Uncle Bernac	Doyle, Arthur Conan	1897	0	9	7	uc2.ark:/13960/t44q7rg3v|mdp.39015033602817|uc1.$b111897	Uncle Bernac; a memory of the empire, by A. Conan Doyle ...	Doyle, Arthur Conan, 1859-1930.	hathifiles_title
OL262553W	The White Company	Doyle, Arthur Conan	1890	0	24	23	mdp.39015020227594|nyp.33433074968011|mdp.39015005071280	The white company / by A. Conan Doyle.	Doyle, Arthur Conan, 1859-1930.	hathifiles_title
OL42503729W	The White company	Doyle, Arthur Conan	1927	0	6	5	mdp.39015020227594|nyp.33433074968011|mdp.39015005071280	The white company / by A. Conan Doyle.	Doyle, Arthur Conan, 1859-1930.	hathifiles_title
OL39458921W	The White Company	Doyle, Arthur Conan	1900	0	18	17	mdp.39015020227594|nyp.33433074968011|mdp.39015005071280	The white company / by A. Conan Doyle.	Doyle, Arthur Conan, 1859-1930.	hathifiles_title
OL32222174W	Dreams	Olive Schreiner	1894	0	13	13	mdp.39015002306507|mdp.39015080470845|uc2.ark:/13960/t5z60k13v	Dreams / Olive Schreiner.	Schreiner, Olive, 1855-1920.	hathifiles_title
OL1161375W	The siege of Malta	S. Fowler Wright	1942	0	4	0	miua.0218694.0001.001|miua.0218694.0002.001|mdp.39015053127695	The siege of Malta / by S. Fowler Wright ; founded on an unf	Wright, S. Fowler 1874-1965.	hathifiles_title
OL17036122W	A family flight over Egypt and Syria	Hale, Edward Everett	1882	0	2	2	mdp.39015025903165|yale.39002065519051	A family flight over Egypt and Syria / by Rev. E. E. Hale an	Hale, Edward Everett, 1822-1909.	hathifiles_title
OL32089870W	The enchanted burro	Charles Fletcher Lummis	1897	0	6	6	uc2.ark:/13960/fk1bk16q5v|nyp.33433112006832|mdp.39015063942356	The enchanted burro; and other stories as I have known them 	Lummis, Charles Fletcher, 1859-1928.	hathifiles_title
OL415092W	Harold, the last of the Saxon kings ; Falkland ; Calderon, the Courtier	Lytton, Edward Bulwer Lytton	1900	0	16	16	hvd.hn3np8|hvd.hn3npa|hvd.hwee99	Harold, the last of the Saxon kings / by Edward Bulwer Lytto	Lytton, Edward Bulwer Lytton, Baron, 180	hathifiles_title
OL39085748W	Anne of Green Gables	L. M. Montgomery	1908	0	4	3	mdp.39015012336643|uc1.32106015009233|uc2.ark:/13960/t1xd0sc6x	Anne of Green gables ...	Montgomery, L. M. 1874-1942.	hathifiles_title
OL77777W	Emily climbs	L. M. Montgomery	1920	0	1	1	mdp.39015058014815	Emily climbs ...	Montgomery, L. M. 1874-1942.	hathifiles_title
OL10800243W	We must march	Honoré Morrow	1925	0	4	4	uc1.$b243674|mdp.39015063924933|ia.ark:/13960/s28tqg63vw1	We must march : a novel of the winning of Oregon / by Honore	Morrow, Honoré, 1880-1940.	hathifiles_title
OL10800244W	With malice toward none	Honoré Morrow	1928	0	1	1	mdp.39015063924941	With malice toward none / by Honoré Willsie Morrow.	Morrow, Honoré, 1880-1940.	hathifiles_title
OL4452226W	With malice toward none	Honoré Morrow	1928	0	1	1	mdp.39015063924941	With malice toward none / by Honoré Willsie Morrow.	Morrow, Honoré, 1880-1940.	hathifiles_title
OL39459122W	Eight cousins	Louisa May Alcott	1900	0	4	4	mdp.39015063516861|nyp.33433082529706|coo.31924021969278	Eight cousins; or, The aunt-hill ...	Alcott, Louisa May, 1832-1888.	hathifiles_title
OL43279428W	Miss Bishop	Bess Streeter Aldrich	1933	0	2	0	mdp.39015063740214|uc1.$b299555	Miss Bishop / [by] Bess Streeter Aldrich.	Aldrich, Bess Streeter, 1881-1954.	hathifiles_title
OL1881354W	A white bird flying	Bess Streeter Aldrich	1931	0	4	0	mdp.39015063740198|mdp.39015065529813|uc1.$b322911	A white bird flying / by Bess Streeter Aldrich.	Aldrich, Bess Streeter, 1881-1954.	hathifiles_title
OL235776W	The perfect tribute	Mary Raymond (Shipman) Andrews	1906	0	17	17	mdp.39015006949914|uc2.ark:/13960/fk0zp3w00z|uiuo.ark:/13960/t8pc31j35	The perfect tribute / by Mary Raymond Shipman Andrews.	Andrews, Mary Raymond Shipman, 1860-1936	hathifiles_title
OL16621439W	The perfect tribute	Mary Raymond Shipman Andrews	1911	0	17	17	mdp.39015006949914|uc2.ark:/13960/fk0zp3w00z|uiuo.ark:/13960/t8pc31j35	The perfect tribute / by Mary Raymond Shipman Andrews.	Andrews, Mary Raymond Shipman, 1860-1936	hathifiles_title
OL16621194W	The perfect tribute	Mary Raymond Shipman Andrews	1906	0	17	17	mdp.39015006949914|uc2.ark:/13960/fk0zp3w00z|uiuo.ark:/13960/t8pc31j35	The perfect tribute / by Mary Raymond Shipman Andrews.	Andrews, Mary Raymond Shipman, 1860-1936	hathifiles_title
OL16621442W	The perfect tribute	Mary Raymond Shipman Andrews	1913	0	12	12	mdp.39015006949914|uc2.ark:/13960/fk0zp3w00z|uiuo.ark:/13960/t8pc31j35	The perfect tribute / by Mary Raymond Shipman Andrews.	Andrews, Mary Raymond Shipman, 1860-1936	hathifiles_title
OL16621437W	The perfect tribute	Mary Raymond Shipman Andrews	1912	0	15	15	mdp.39015006949914|uc2.ark:/13960/fk0zp3w00z|uiuo.ark:/13960/t8pc31j35	The perfect tribute / by Mary Raymond Shipman Andrews.	Andrews, Mary Raymond Shipman, 1860-1936	hathifiles_title
OL16621190W	The perfect tribute	Mary Raymond Shipman Andrews	1919	0	4	4	mdp.39015006949914|mdp.49015000063785|inu.32000009072705	The perfect tribute / by Mary Raymond Shipman Andrews.	Andrews, Mary Raymond Shipman, 1860-1936	hathifiles_title
OL16621179W	The perfect tribute	Mary Raymond Shipman Andrews	1915	0	4	4	mdp.39015006949914|mdp.49015000063785|inu.32000009072705	The perfect tribute / by Mary Raymond Shipman Andrews.	Andrews, Mary Raymond Shipman, 1860-1936	hathifiles_title
OL16257277W	The three things	Mary Raymond Shipman Andrews	1917	0	13	13	mdp.39015063739851|nyp.33433082486121|hvd.hn1l6r	The three things; the forge in which the soul of a man was t	Andrews, Mary Raymond Shipman, 1860-1936	hathifiles_title
OL14857732W	The Roman hat mystery, a problem in deduction	Ellery QUEEN	1929	0	1	0	mdp.39015018015118	The Roman hat mystery, a problem in deduction / by Ellery Qu	Queen, Ellery.	hathifiles_title
OL14857819W	Ten days' wonder	Ellery QUEEN	1948	0	1	0	mdp.39015063936366	Ten days' wonder.	Queen, Ellery.	hathifiles_title
OL14857811W	The tragedy of X	Ellery QUEEN	1932	0	1	0	mdp.39015058390330	The tragedy of X; a Drury Lane mystery / by Barnaby Ross [ps	Queen, Ellery,	hathifiles_title
OL16872347W	The cloister and the hearth	Reade, Charles	1910	0	18	17	mdp.39015063949591|mdp.39015067293160|mdp.39015066688642	The cloister and the hearth ; a tale of the middle ages / by	Reade, Charles, 1814-1884.	hathifiles_title
OL39438790W	It is never too late to mend	Reade, Charles	1882	0	18	18	njp.32101064789934|mdp.39015063948668|uc2.ark:/13960/t6rx9gv7c	"""It is never too late to mend"" : a matter-of-fact romance / "	Reade, Charles, 1814-1884.	hathifiles_title
OL15865098W	Peg Woffington	Reade, Charles	1900	0	9	9	mdp.49015000795071|mdp.39015063948973|mdp.39015049038899	Peg Woffington / by Charles Reade, with an introduction by R	Reade, Charles, 1814-1884.	hathifiles_title
OL9174656W	Mauleverer's millions	T. Wemyss Reid	1886	0	1	1	mdp.39015063925799	Mauleverer's millions / A Yorkshire romance by T. Wemyss Rei	Reid, T. Wemyss 1842-1905.	hathifiles_title
OL33135762W	Bruin	Mayne Reid	1889	0	3	3	mdp.39015063949096|uc2.ark:/13960/t2w37xh8v|uc1.b4104026	Bruin / by Captain Mayne Reid.	Reid, Mayne, 1818-1883.	hathifiles_title
OL13209127W	The rifle rangers	Mayne Reid	1903	0	7	7	mdp.39015063925732|hvd.hn1elx|hvd.hn1teg	The rifle rangers / by Captain Mayne Reid.	Reid, Mayne, 1818-1883.	hathifiles_title
OL40346251W	Black Oxen	Gertrude Franklin Horn Atherton	1923	0	4	4	mdp.39015063753738|wu.89098865926|mdp.39015034101561	Black oxen / by Gertrude Atherton.	Atherton, Gertrude Franklin Horn, 1857-1	hathifiles_title
OL42951604W	The crystal cup	Gertrude Franklin Horn Atherton	1925	0	1	1	mdp.39015011949776	The crystal cup / by Gertrude Atherton.	Atherton, Gertrude Franklin Horn, 1857-1	hathifiles_title
OL8078405W	The Hindered Hand	Sutton E. Griggs	1905	0	2	2	mdp.39015010962861|uc2.ark:/13960/t3st7fn12	The hindered hand: or, The reign of the repressionist / By S	Griggs, Sutton E. 1872-1933.	hathifiles_title
OL485453W	The Heritage of the Desert	Zane Grey	1910	0	7	7	hvd.hn6q73|coo1.ark:/13960/t06w9x748|mdp.39015004741214	The heritage of the desert : a novel / by Zane Grey.	Grey, Zane, 1872-1939	hathifiles_title
OL485697W	The Mysterious Rider	Zane Grey	1921	0	5	5	mdp.39015065540034|mdp.39015064417085|uc2.ark:/13960/fk3416t51p	The mysterious rider; a novel / by Zane Grey. Illustrations 	Grey, Zane, 1872-1939.	hathifiles_title
OL485686W	Wanderer of the wasteland	Zane Grey	1923	0	4	4	mdp.39015063551041|uc1.b3688196|uc1.$b298863	Wanderer of the wasteland / by Zane Grey. With illustrations	Grey, Zane, 1872-1939.	hathifiles_title
OL3971860W	Labrador days; tales of the sea toilers	Grenfell, Wilfred Thomason	1919	0	8	8	uc2.ark:/13960/t1xd0t733|uc1.$b298850|hvd.32044081333411	Labrador days; tales of the sea toilers, by Wilfred Thomason	Grenfell, Wilfred Thomason, Sir, 1865-19	hathifiles_title
OL16707471W	The man of the hour	Octave Thanet	1905	0	3	3	hvd.32044020093332|mdp.39015063916228|uc1.b4353763	The man of the hour / by Octave Thanet [pseud.] ; with illus	Thanet, Octave, 1850-1934	hathifiles_title
OL20259087W	The Diary of a Nobody	George Grossmith	1921	0	4	3	mdp.39015047755395|uva.x000445891|umn.31951001633490n	The diary of a nobody / by George Grossmith and Weedom Gross	Grossmith, George, 1847-1912.	hathifiles_title
OL38949768W	Monk and knight	Frank W. Gunsaulus	1893	0	7	7	uc2.ark:/13960/t4mk65t6b|uc2.ark:/13960/t71v5c764|uc1.b4469961	Monk and knight; an historical study in fiction, by Frank W.	Gunsaulus, Frank W. 1856-1921.	hathifiles_title
OL5114558W	Tourmalin's time cheques	Anstey, F.	1891	0	6	6	mdp.39015011933119|nyp.33433107876082|hvd.hwjz2y	Tourmalin's time cheques / by F. Anstey [pseudonym]	Anstey, F., 1856-1934.	hathifiles_title
OL5114561W	Vice versa	Anstey, F.	1882	0	9	8	hvd.hn5fuj|mdp.39015006580941|mdp.39015061306729	Vice versâ : or, a lesson to fathers / by F. Anstey [i.e. T.	Anstey, F., 1856-1934	hathifiles_title
OL17491W	The Lady of Blossholme	H. Rider Haggard	1909	0	3	3	uc2.ark:/13960/t3bz65x38|nyp.33433107876371|mdp.39015063918851	The lady of Blossholme / by H. Rider Haggard.	Haggard, H. Rider 1856-1925.	hathifiles_title
OL246169W	The man without a country	Hale, Edward Everett	1888	0	44	43	hvd.hn1wdj|hvd.hwk86k|mdp.39015063550936	The man without a country.	Hale, Edward Everett, 1822-1909	hathifiles_title
OL17719733W	Mr. Midshipman Easy	Frederick Marryat	1906	0	9	9	mdp.39015065780952|uva.x030741557|uc2.ark:/13960/t2g73cw5v	Mr. Midshipman Easy / by Captain Marryat.	Marryat, Frederick, 1792-1848.	hathifiles_title
OL174897W	Dian of the lost land	Edison Marshall	1935	0	1	1	mdp.39015023958880	Dian of the lost land.	Marshall, Edison, 1894-1967.	hathifiles_title
OL2525294W	Forty-one thieves	Angelo Hall	1919	0	3	3	uc2.ark:/13960/t71v5cv1s|uc1.$b298882|mdp.39015021310514	Forty-one thieves; a tale of California [by] Angelo Hall.	Hall, Angelo, b. 1868.	hathifiles_title
OL7650089W	Road to Endor	Esther Barstow Hammand	1940	0	1	1	mdp.39015038701184	Road to Endor / a novel by Esther Barstow Hammand, illustrat	Hammand, Esther Barstow.	hathifiles_title
OL7581291W	Children in the mist	Martin, George Madden	1920	0	2	2	mdp.39015063944121|hvd.hxdlv2	Children in the mist / by George Madden Martin.	Martin, George (Madden), Mrs., 1866-	hathifiles_title
OL2344450W	The Drums of Jeopardy	Harold MacGrath	1920	0	2	2	uc2.ark:/13960/t92807594|mdp.39015063938073	The drums of jeopardy / by Harold MacGrath ; ill. by Ralph P	MacGrath, Harold, 1871-1932.	hathifiles_title
OL1132227W	The action and the word	Matthews, Brander	1900	0	2	2	hvd.hxdibf|mdp.39015063938164	The action and the word : a novel of New York / by Brander M	Matthews, Brander, 1852-1929	hathifiles_title
OL16609922W	"Tom Burke of ""Ours"""	Charles James Lever	1913	0	4	4	hvd.hw201o|hvd.hw202c|mdp.39015063877032	"Tom Burke of ""Ours"" / by Charles Lever ; with illustrations "	Lever, Charles, 1806-1872.	hathifiles_title
OL12213057W	Dew on the grass	Eiluned Lewis	1934	0	1	0	mdp.39015063933108	Dew on the grass / by Eiluned Lewis; with a prefatory letter	Lewis, Eiluned.	hathifiles_title
OL12200004W	For the blue and gold	Joy Lichtenstein	1901	0	3	3	uc2.ark:/13960/t5cc0vf5z|mdp.39015063942141|nyp.33433074787866	For the blue and gold : a tale of life at the University of 	Lichtenstein, Joy, b. 1874.	hathifiles_title
OL40280109W	Quentin Durward	Scott, Walter	1894	0	42	38	mdp.39015020113703|mdp.39015011413260|mdp.39015020215912	Quentin Durward: a romance / From the last revised ed., cont	Scott, Walter, 1771-1832.	hathifiles_title
OL16899333W	The road builders	Merwin, Samuel	1905	0	4	4	mdp.39015022385366|nyp.33433074901707|wu.89088300413	The road-builders / by Samuel Merwin; with illustrations by 	Merwin, Samuel, 1874-1936.	hathifiles_title
OL17938398W	The magnificent adventure	Emerson Hough	1916	0	4	4	mdp.39015063553492|uc2.ark:/13960/t75t3hd5p|uc1.$b300907	The magnificent adventure / by Emerson Hough.	Hough, Emerson, 1857-1923.	hathifiles_title
OL36769591W	The last of the Mohicans	Cooper, James Fenimore	1917	0	19	13	mdp.39015033880801|mdp.39015004927490|mdp.39015012919109	The last of the Mohicans; a narrative of 1757 / by J. Fenimo	Cooper, James Fenimore, 1789-1851.	hathifiles_title
OL24104208W	The history of a slave	Johnston, Harry Hamilton	1889	0	3	3	hvd.32044024185373|mdp.39015035397515|ia.ark:/13960/t9p30gm0c	The history of a slave / by H.H. Johnston ... with 47 full-p	Johnston, Harry, 1858-1927	hathifiles_title
OL1094587W	The history of a slave	Johnston, Harry Hamilton	1889	0	3	3	hvd.32044024185373|mdp.39015035397515|ia.ark:/13960/t9p30gm0c	The history of a slave / by H.H. Johnston ... with 47 full-p	Johnston, Harry, 1858-1927	hathifiles_title
OL16905993W	The maid of the forest	Randall Parrish	1913	0	3	3	uc2.ark:/13960/t85h7fk2b|mdp.39015063946183|umn.31951002285781s	The maid of the forest; a romance of St. Clair's defeat, by 	Parrish, Randall, 1858-1923.	hathifiles_title
OL12908190W	Representative English novelists	Bruce Welker McCullough	1946	0	1	0	mdp.39015023178356	Representative English novelists: Defoe to Conrad / by Bruce	McCullough, Bruce, 1891-	hathifiles_title
OL863585W	Rob Roy; The heart of Mid-Lothian	Scott, Walter	1880	0	36	34	mdp.39015033168413|mdp.39015030223344|mdp.39015030223369	Rob Roy / by Sir Walter Scott, bart.	Scott, Walter, 1771-1832.	hathifiles_title
OL7711304W	Jewish characters in fiction: English literature	Harry Levi	1903	0	3	3	mdp.39015039354967|uc1.b3512683|uiuo.ark:/13960/t14n2rx38	Jewish characters in fiction: English literature / by Rabbi 	Levi, Harry.	hathifiles_title
OL32879090W	Margaret Bondfield	Mary Agnes Hamilton	1924	0	1	1	mdp.39015001696262	Margaret Bondfield / by Mary Agnes Hamilton (Iconoclast)	Hamilton, Mary Agnes, 1884-1966.	hathifiles_title
OL8729340W	Arthur O'Leary	Charles James Lever	1894	0	11	11	uc2.ark:/13960/t4xg9mb89|hvd.hwkqlf|mdp.39015063932936	Arthur O'Leary: his wanderings and ponderings in many lands.	Lever, Charles James, 1806-1872.	hathifiles_title
OL7717590W	The Ward of King Canute	Ottilie A. Liljencrantz	1903	0	5	5	uva.x030786066|mdp.39015065780507|uc2.ark:/13960/t6736nr6j	The ward of King Canute: a romance of the Danish conquest,	Liljencrantz, Ottilie A. 1876-1910	hathifiles_title
OL8079142W	Cap'n Eri	Lincoln, Joseph Crosby	1904	0	7	7	mdp.39015022681194|hvd.hn26hy|nyp.33433112005909	Cap'n Eri; a story of the coast / by Joseph C. Lincoln, with	Lincoln, Joseph Crosby, 1870-1944.	hathifiles_title
OL28609904W	Shavings	Joseph C. Lincoln	1918	0	3	3	mdp.39015063923968|uc2.ark:/13960/t3tt4j662|njp.32101068142007	Shavings / by Joseph C. Lincoln. With frontispiece by H. M. 	Lincoln, Joseph Crosby, 1870-1944.	hathifiles_title
OL41415969W	Kent Knowles	Joseph C. Lincoln	1914	0	5	5	hvd.hnqlpl|mdp.39015022681350|nyp.33433074787551	Kent Knowles: quahaug, by Joseph C. Lincoln ... illustrated 	Lincoln, Joseph Crosby, 1870-1944.	hathifiles_title
OL8718380W	Kent Knowles	Lincoln, Joseph Crosby	1914	0	5	5	hvd.hnqlpl|mdp.39015022681350|nyp.33433074787551	Kent Knowles: quahaug, by Joseph C. Lincoln ... illustrated 	Lincoln, Joseph Crosby, 1870-1944.	hathifiles_title
OL7582548W	Murder in Texas	Ada E. Lingo	1935	0	1	1	mdp.39015063940244	Murder in Texas / by Ada E. Lingo.	Lingo, Ada E.	hathifiles_title
OL2907899W	Old Gorgon Graham	Lorimer, George Horace	1904	0	6	6	uc2.ark:/13960/t6d21v28b|mdp.39015063980695|nyp.33433076024318	Old Gorgon Graham; more letters from a self-made merchant to	Lorimer, George Horace, 1869-1937.	hathifiles_title
OL11958245W	The Rough Road	William John Locke	1918	0	2	2	mdp.39015063938800|uiug.30112049100032	The rough road / by William J. Locke.	Locke, William John, 1863-1930.	hathifiles_title
OL3465106W	I want to go home	Richard Lockridge	1950	0	1	0	mdp.39015063939162	I want to go home; a Captain Heimrich mystery / [by] Richard	Lockridge, Richard, 1898-1982.	hathifiles_title
OL43531830W	For faith and freedom	Besant, Walter	1891	0	13	13	uc2.ark:/13960/t1pg1qp9g|mdp.39015063942570|uc1.$b248484	For faith and freedom; a novel,	Besant, Walter, Sir, 1836-1901.	hathifiles_title
OL8365997W	Lighted Windows	Emilie baker Loring	1930	0	1	0	mdp.39015012360460	Lighted windows / by Emilie Loring.	Loring, Emilie Baker.	hathifiles_title
OL3465117W	Think of death	Richard Lockridge	1947	0	1	0	mdp.39015021328193	Think of death / [by] Richard and Frances Lockridge.	Lockridge, Richard, 1898-1982.	hathifiles_title
OL1528509W	Because of conscience	Blanchard, Amy Ella	1901	0	3	3	uc2.ark:/13960/t6ww77f1b|mdp.39015063761277|nyp.33433082300090	Because of conscience : being a novel relating to the advent	Blanchard, Amy Ella, 1856-1926.	hathifiles_title
OL17617403W	The master of the strong hearts	Brooks, Elbridge Streeter	1898	0	6	5	mdp.39015006950888|nyp.33433067329353|hvd.hw2e6c	The master of the strong hearts; a story of Custer's last ra	Brooks, Elbridge S. 1846-1902.	hathifiles_title
OL38799929W	Meadow-grass	Brown, Alice	1899	0	9	9	uc2.ark:/13960/t9959g93g|uc1.$b249587|mdp.39015062689347	Meadow-grass; tales of New England life, by Alice Brown.	Brown, Alice, 1857-1948.	hathifiles_title
OL44902199W	Rab and his friends, Marjorie Fleming, and other papers	Brown, John	1881	0	2	2	mdp.39015063516309|njp.32101067631406	Rab and his friends, Marjorie Fleming and other papers / by 	Brown, John, 1810-1882.	hathifiles_title
OL7539578W	Behind the Line	Ralph Henry Barbour	1902	0	1	1	mdp.39015063914959	Behind the line; a story of college life and football / by R	Barbour, Ralph Henry, 1870-1944.	hathifiles_title
OL43771340W	The divine lady	L. Adams Beck	1924	0	3	3	mdp.39015063914066|mdp.39015063914215|wu.89097319727	The divine lady; a romance of Nelson and Emma Hamilton / by 	Beck, L. Adams -1931.	hathifiles_title
OL44003796W	The thunderer	L. Adams Beck	1927	0	1	1	mdp.39015035798639	The thunderer; a romance of Napoleon and Josephine / by E. B	Beck, L. Adams -1931.	hathifiles_title
OL7590221W	The eight crooked trenches	Francis Beeding	1936	0	1	0	mdp.39015039383024	The eight crooked trenches / by Francis Beeding.	Beeding, Francis.	hathifiles_title
OL6342778W	Pretty sinister	Francis Beeding	1900	0	1	1	mdp.39015035854911	Pretty sinister ...	Beeding, Francis.	hathifiles_title
OL6342781W	The six proud walkers	Francis Beeding	1928	0	1	1	mdp.39015063541927	The six proud walkers ...	Beeding, Francis.	hathifiles_title
OL33041102W	The ebbing of the tide	Louis Becke	1896	0	7	7	mdp.39015063914371|uc2.ark:/13960/t6qz24h6n|hvd.hnnvp6	The ebbing of the tide; South Sea stories / by Louis Becke.	Becke, Louis, 1855-1913.	hathifiles_title
OL7582914W	Valiant is the word for Carrie	Barry Benefield	1935	0	2	0	uc1.$b323021|mdp.39015063541398	Valiant is the word for Carrie.	Benefield, Barry, b. 1877.	hathifiles_title
OL7588249W	The String Glove Mystery	Harriette R. Campbell	1936	0	1	1	mdp.39015063540788	The string glove mystery / by Harriette R. Campbell.	Campbell, Harriette (Russell), Mrs., 188	hathifiles_title
OL15913055W	Sartor resartus	Carlyle, Thomas	1893	0	55	54	mdp.39015010788621|mdp.39015011431783|miun.abf4205.0001.001	Sartor resartus: the life and opinions of Herr Teufelsdröckh	Carlyle, Thomas, 1795-1881.	hathifiles_title
OL15746053W	Sartor resartus	Carlyle, Thomas	1893	0	55	54	mdp.39015010788621|mdp.39015011431783|miun.abf4205.0001.001	Sartor resartus: the life and opinions of Herr Teufelsdröckh	Carlyle, Thomas, 1795-1881.	hathifiles_title
OL15821422W	Sartor resartus	Carlyle, Thomas	1893	0	55	54	mdp.39015010788621|mdp.39015011431783|miun.abf4205.0001.001	Sartor resartus: the life and opinions of Herr Teufelsdröckh	Carlyle, Thomas, 1795-1881.	hathifiles_title
OL17761779W	The Bath comedy	Agnes Castle	1900	0	4	4	hvd.hnp16h|nyp.33433074942255|nyp.33433074941836	The Bath comedy; a novel, by Agnes and Egerton Castle.	Castle, Agnes, 1860-1922	hathifiles_title
OL28504155W	Betty Alden	Jane G. Austin	1893	0	9	9	uc2.ark:/13960/fk2j679026|hvd.32044024326506|hvd.hwqudg	Betty Alden : the first-born daughter of the Pilgrims / by J	Austin, Jane G. 1831-1894.	hathifiles_title
OL16783071W	The story of Ida	Francesca Alexander	1883	0	18	18	mdp.39015063740172|njp.32101063579872|hvd.hwka29	The story of Ida: epitaph on an Etrurian tomb / By Francesca	Alexander, Francesca, 1837-1917.	hathifiles_title
OL42470809W	A lady of quality	Frances Hodgson Burnett	1899	0	10	10	mdp.39015026757057|hvd.32044011040458|mdp.39015026757495	A lady of quality; being a most curious, hitherto unknown hi	Burnett, Frances Hodgson, 1849-1924.	hathifiles_title
OL69630W	A Little Princess	Frances Hodgson Burnett	1905	0	11	7	mdp.39015012328574|wu.89098013634|uva.x000598151	A little princess; being the whole story of Sara Crewe, now 	Burnett, Frances Hodgson, 1849-1924.	hathifiles_title
OL15040939W	Two little pilgrims' progress: a story of the City Beautiful	Frances Hodgson Burnett	1895	0	7	7	uc2.ark:/13960/t88g8gz8j|mdp.39015009217889|hvd.32044010278463	Two little pilgrims' progress : a story of the City Beautifu	Burnett, Frances Hodgson, 1849-1924.	hathifiles_title
OL47719W	A King's Lesson	Morris, William	1900	0	1	1	mdp.39015063759677	A king's lesson / By William Morris.	Morris, William, 1834-1896.	hathifiles_title
OL1526710W	Secret service operator 13	Chambers, Robert W.	1933	0	1	0	mdp.39015063527736	Secret service operator 13 / by Robert W. Chambers.	Chambers, Robert W. 1865-1933.	hathifiles_title
OL15935591W	The pilgrim's progress	Bunyan, John	1899	0	53	40	mdp.39015038718626|nyp.33433006062248|uc1.b4109147	The pilgrim's progress.	Bunyan, John, 1628-1688.	hathifiles_title
OL1798093W	The iron hand	Ek	1898	0	3	3	mdp.39015065532486|loc.ark:/13960/t1vd7qq92|uc1.c044973335	The iron hand; a story of the times / by Howard Dean, founde	Dean, Howard.	hathifiles_title
OL7794823W	The doctor's defense	Sidney Herbert] [Daukes	1932	0	1	1	mdp.39015063546413	The doctor's defense / by Sidney Fairway [pseudonym]	Daukes, Sidney Herbert, 1879-1947.	hathifiles_title
OL178519W	A Friend of Caesar	William Stearns Davis	1900	0	11	11	hvd.hn3h14|coo1.ark:/13960/t7fr0ft3x|mdp.39015063546272	A friend of Caesar : a tale of the fall of the Roman republi	Davis, William Stearns, 1877-1930	hathifiles_title
OL39434308W	Nomads of the North	James Oliver Curwood	1919	0	7	7	mdp.39015063545019|uc1.b3687302|uc2.ark:/13960/t48p5xw00	Nomads of the North; a story of romance and adventure under 	Curwood, James Oliver, 1878-1927.	hathifiles_title
OL39424301W	The treasure of heaven	Corelli, Marie	1911	0	6	6	uc2.ark:/13960/t6tx38g0x|hvd.32044086818390|mdp.39015063547551	The treasure of heaven ; a romance of riches, by Marie Corel	Corelli, Marie, 1855-1924.	hathifiles_title
OL7724428W	Little stories of courtship	Mary Stewart Doubleday Cutting	1905	0	1	1	mdp.39015007000402	Little stories of courtship / by Mary Stewart Cutting.	Cutting, Mary Stewart, 1851-1924.	hathifiles_title
OL17751633W	Refractory husbands	Mary Stewart Doubleday Cutting	1913	0	3	3	uc2.ark:/13960/t8jd4sn52|uc1.$b249684|mdp.39015020087352	Refractory husbands / by Mary Stewart Cutting.	Cutting, Mary Stewart, 1851-1924.	hathifiles_title
OL13116280W	The Story of Sonny Sahib	Sara Jeannette Duncan	1894	0	2	2	mdp.39015012319243|wu.89098861677	The story of Sonny Sahib, / by Mrs. Everard Cotes (Sara Jean	Duncan, Sara Jeannette, 1861-1922.	hathifiles_title
OL5591844W	The Poisoned Chocolates Case	Anthony Berkeley	1929	0	1	0	mdp.39015063511748	The poisoned chocolates case / by Anthony Berkeley [pseudony	Berkeley, Anthony, 1893-1971.	hathifiles_title
OL5591843W	Trial and Error	Anthony Berkeley	1937	0	1	0	mdp.39015063511771	Trial and error.	Berkeley, Anthony, 1893-1971.	hathifiles_title
OL2339087W	The Red Axe	S. R. Crockett	1898	1	1	1	mdp.39015063551504	The red axe / by S. R. Crockett. [With illustrations by Fran	Crockett, S. R. 1859-1914.	hathifiles_title
OL38732878W	The standard bearer	S. R. Crockett	1898	0	8	8	mdp.39015063547353|uc2.ark:/13960/t4wh2jp2f|hvd.32044090341033	The standard bearer / by S. R. Crockett.	Crockett, S. R. 1859-1914.	hathifiles_title
OL44241387W	Wilful and premeditated	Freeman Wills Crofts	1934	0	1	0	mdp.39015030127081	Wilful and premeditated; an Inspector French detective story	Crofts, Freeman Wills, 1879-1957.	hathifiles_title
OL32088492W	The adventures of a brownie, as told to my child	Craik, Dinah Maria Mulock	1893	0	7	7	mdp.39015063545522|mdp.39015039600237|nc01.ark:/13960/t82j7gz61	The adventures of a brownie as told to my child / by Dinah M	Craik, Dinah Maria Mulock, 1826-1887.	hathifiles_title
OL3750805W	On the plains with Custer; with illustrations by Charles H. Stephens	Sabin, Edwin L.	1913	0	5	5	hvd.hw21cb|mdp.39015006951043|uc2.ark:/13960/t5h98zt09	On the plains with Custer : the western life and deeds of th	Sabin, Edwin L. 1870-1952	hathifiles_title
OL24423775W	Redgauntlet	Scott, Walter	1881	0	22	20	mdp.39015063960267|mdp.39015011439349|mdp.49015002396241	Redgauntlet ...	Scott, Walter, 1771-1832.	hathifiles_title
OL44211169W	Redgauntlet	Scott, Walter	1880	0	22	20	mdp.39015063960267|mdp.39015011439349|mdp.49015002396241	Redgauntlet ...	Scott, Walter, 1771-1832.	hathifiles_title
OL43485576W	Redgauntlet	Scott, Walter	1900	0	12	10	mdp.39015063960267|mdp.39015011439349|mdp.49015002396241	Redgauntlet ...	Scott, Walter, 1771-1832.	hathifiles_title
OL44189574W	Redgauntlet	Scott, Walter	1894	0	17	15	mdp.39015063960267|mdp.39015011439349|mdp.49015002396241	Redgauntlet ...	Scott, Walter, 1771-1832.	hathifiles_title
OL43251196W	Redgauntlet	Scott, Walter	1905	0	8	6	mdp.39015063960267|mdp.39015011439349|inu.32000007010699	Redgauntlet ...	Scott, Walter, 1771-1832.	hathifiles_title
OL17966555W	Redgauntlet	Scott, Walter	1906	0	8	6	mdp.39015063960267|mdp.39015011439349|inu.32000007010699	Redgauntlet ...	Scott, Walter, 1771-1832.	hathifiles_title
OL1824060W	All over the town	R. F. Delderfield	1947	0	1	0	mdp.39015008909353	All over the town / R. F. Delderfield.	Delderfield, R. F. 1912-1972.	hathifiles_title
OL39379W	A Room of One's Own	Virginia Woolf	1929	0	5	5	mdp.39015008593827|ucbk.ark:/28722/h2j960j8h|mdp.39015000100290	A room of one's own / Virginia Woolf ; foreword by Mary Gord	Woolf, Virginia, 1882-1941.	hathifiles_title
OL24949897W	Father Abraham	Ida M. Tarbell	1909	0	7	7	uc2.ark:/13960/fk3cz32c35|uiuo.ark:/13960/t06w9d20w|uc1.$b187369	Father Abraham / by Ida M. Tarbell ... ; with illustrations 	Tarbell, Ida M. 1857-1944.	hathifiles_title
OL19769038W	John Halifax, gentleman	Craik, Dinah Maria Mulock	1908	0	8	7	mdp.39015063545498|mdp.39015063544947|umn.31951002366777j	John Halifax, gentleman.	Craik, Dinah Maria Mulock, 1826-1887.	hathifiles_title
OL32090792W	The little lame prince and his travelling cloak	Craik, Dinah Maria Mulock	1893	0	7	6	mdp.39015063544939|mdp.39015039618866|mdp.39015018891179	The little lame prince and his travelling cloak ...	Craik, Dinah Maria Mulock, 1826-1887.	hathifiles_title
OL17960839W	Arethusa	Crawford, F. Marion	1907	0	3	3	mdp.39015063548104|coo.31924072558285|uiug.30112002563242	Arethusa / by F. Marion Crawford.	Crawford, F. Marion 1854-1909.	hathifiles_title
OL29310W	The Grain of Dust: A Novel	David Graham Phillips	1911	0	7	7	mdp.39015063946134|uc2.ark:/13960/t6445k11x|uc2.ark:/13960/t88g8g88k	The grain of dust; a novel / by David Graham Phillips.	Phillips, David Graham, 1867-1911.	hathifiles_title
OL41238193W	Second Generation	David Graham Phillips	1907	0	4	4	mdp.39015063945979|uc2.ark:/13960/t9959dr8w|uc1.b3327563	The second generation / by David Graham Phillips.	Phillips, David Graham, 1867-1911.	hathifiles_title
OL532440W	The watchers	Mason, A. E. W.	1899	0	5	5	uva.x000391559|uc2.ark:/13960/t6rx9fb58|mdp.39015063758539	The watchers; a novel;	Mason, A. E. W. 1865-1948.	hathifiles_title
OL19763038W	Found in the Philippines	King, Charles	1901	0	9	9	miun.abj8105.0001.001|hvd.hn1bp4|coo1.ark:/13960/t9p27fn6m	Found in the Philippines; : the story of a woman's letters, 	King, Charles, 1844-1933.	hathifiles_title
OL17699291W	Starlight ranch and other stories of army life on the frontier	King, Charles	1905	0	1	1	mdp.39015058673388	Starlight ranch, and other stories of army life on the front	King, Charles, 1844-1933.	hathifiles_title
OL17690523W	Alton Locke, tailor and poet	Charles Kingsley	1886	0	19	19	mdp.39015063920824|inu.32000005572807|njp.32101073308387	Alton Locke, tailor and poet; an autobiography / by Charles 	Kingsley, Charles, 1819-1875.	hathifiles_title
OL1129953W	Westward ho! or, The voyages and adventures of Sir Amyas Leigh knt. of Burrough, in the county of Devon, in the reign of her most glorious majesty Queen Elizabeth, rendered into modern English	Charles Kingsley	1906	0	1	1	mdp.39015063514106	Westward ho! or, The voyages and adventures of Sir Amyas Lei	Kingsley, Charles, 1819-1875.	hathifiles_title
OL16887143W	The Birds' Christmas carol	Wiggin, Kate Douglas Smith	1912	0	6	6	uc2.ark:/13960/t4cn70447|hvd.hwk6qm|mdp.39015011955336	The Birds' Christmas Carol; dramatic version, by Kate Dougla	Wiggin, Kate Douglas Smith, 1856-1923.	hathifiles_title
OL4882841W	The clue of the poor man's shilling	Kathleen Moore Knight	1936	0	1	0	mdp.39015063514684	The clue of the poor man's shilling / by Kathleen Moore Knig	Knight, Kathleen Moore.	hathifiles_title
OL32094128W	The book of King Arthur and his noble knights	Malory, Thomas	1900	0	4	3	mdp.39015010858341|pst.000022231161|umn.31951000954947a	The book of King Arthur and his noble knights; stories from 	Malory, Thomas, Sir, active 15th century	hathifiles_title
OL2680976W	Floating peril	E. Phillips Oppenheim	1935	0	1	0	mdp.39015063936861	Floating peril / by E. Phillips Oppenheim.	Oppenheim, E. Phillips 1866-1946.	hathifiles_title
OL1253269W	Lady Molly of Scotland Yard	Orczy, Emmuska Orczy	1910	0	3	3	mdp.39015008825781|njp.32101068574530|umn.31951002036167d	Lady Molly of Scotland yard / by Baroness Orczy.	Orczy, Emmuska Orczy, Baroness, 1865-194	hathifiles_title
OL32097797W	Valentine and Orson		1895	0	4	4	mdp.39015055149507|uc1.b4082826|inu.39000005840892	Valentine and Orson; a study in late medieval romance / by A	Dickson, Arthur, 1889-	hathifiles_title
OL32096806W	Beauty and the beast		1897	0	16	11	mdp.39015011404814|mdp.39015011882456|mdp.39015002724923	Beauty and the beast / by Kathleen Norris.	Norris, Kathleen Thompson, 1880-1966.	hathifiles_title
OL12234548W	Chevrons	Leonard H. Nason	1926	0	2	2	mdp.39015063940970|uc1.$b302093	Chevrons / by Leonard H. Nason.	Nason, Leonard H. 1895-1970.	hathifiles_title
OL7652501W	Three lights from a match	Leonard H. Nason	1927	0	2	2	mdp.39015063941234|uc1.$b244151	Three lights from a match / by Leonard H. Nason.	Nason, Leonard H. 1895-1970.	hathifiles_title
OL151855W	Indoor noisy book	Margaret Wise Brown	1942	0	1	0	mdp.39015011020131	Indoor noisy book / Story by Margaret Wise Brown ; pictures 	Brown, Margaret Wise, 1910-1952.	hathifiles_title
OL15823179W	Sir Perceval of Galles	Reginald Harvey Griffith	1911	0	7	7	mdp.39015022638285|uc2.ark:/13960/t8v984842|hvd.32044014273833	Sir Perceval of Galles; a study of the sources of the legend	Griffith, Reginald Harvey, 1873-1957.	hathifiles_title
OL3979201W	Grania, the story of an island	Emily Lawless	1894	0	4	4	mdp.39015063933272|mdp.39015063933124|hvd.32044086831013	Grania, the story of an island / by the Hon. Emily Lawless.	Lawless, Emily, 1845-1913.	hathifiles_title
OL1487979W	The master-Christian	Corelli, Marie	1900	0	14	14	uc2.ark:/13960/t9v11z423|uc2.ark:/13960/t3028tx3t|hvd.hwivwi	The master-Christian / by Marie Corelli.	Corelli, Marie, 1855-1924.	hathifiles_title
OL17724389W	Cadet days	King, Charles	1894	0	4	4	uc2.ark:/13960/t55d8pq12|uc1.b3327577|mdp.39015038689306	Cadet days; a story of West Point, by Captain Charles King.	King, Charles, 1844-1933.	hathifiles_title
OL31947224W	"""Laramie"": or, the Queen of Bedlam"	King, Charles	1894	0	5	5	mdp.39015063930369|uc2.ark:/13960/t4xg9gf7h|hvd.hn1q15	"""Laramie""; or, The Queen of Bedlam. A story of the Sioux war"	King, Charles, 1844-1933.	hathifiles_title
OL11256205W	The clanking of chains	Brinsley MacNamara	1919	0	6	6	uc2.ark:/13960/t6930sh10|uc1.$b301779|mdp.39015059774995	The clanking of chains / by Brinsley MacNamara.	MacNamara, Brinsley, 1890-1963.	hathifiles_title
OL3178512W	Cornish tales	Lee, Charles	1941	0	2	0	mdp.39015063942208|uc1.$b245284	Cornish tales / by Charles Lee.	Lee, Charles, 1870-1956.	hathifiles_title
OL17960217W	The jesting army	Ernest Raymond	1930	0	1	0	mdp.39015063950201	The jesting army / by Ernest Raymond.	Raymond, Ernest, 1888-1974.	hathifiles_title
OL1106857W	A tall ship on other naval occasions	Bartimeus.	1918	0	3	3	mdp.39015063955416|nyp.33433112051010|hvd.hnp3vk	"A tall ship on other naval occasions / by ""Bartimeus"" [pseud"	Bartimeus.	hathifiles_title
OL2226866W	Afterwards, and other stories	Ian Maclaren	1898	0	6	6	uc2.ark:/13960/t1wd3qm9h|hvd.hwpaub|mdp.39015063964319	Afterwards, and other stories; by Ian Maclaren [pseud.]	Maclaren, Ian, 1850-1907.	hathifiles_title
OL18415547W	Forge in the forest	Roberts, Charles George Douglas	1896	0	13	13	hvd.hn1s13|nyp.33433112051598|umn.31951002014988v	The forge in the forest; being the narrative of the Acadian 	Roberts, Charles G. D., Sir, 1860-1943	hathifiles_title
OL4790457W	Four frightened people	E. Arnot Robertson	1931	0	3	0	mdp.39015063952371|uc1.$b104988|uva.x000529910	Four frightened people / [by] E. Arnot Robertson.	Robertson, E. Arnot 1903-1961.	hathifiles_title
OL12182094W	Shadow land	Florence H. Robertson	1906	0	2	2	nyp.33433112011550|mdp.39015005010627	Shadow land : stories of the South / by Florence H. Robertso	Robertson, Florence H. b. 1849.	hathifiles_title
OL39416588W	Jo's boys, and how they turned out	Louisa May Alcott	1905	0	6	5	mdp.39015012321090|hvd.32044013670401|hvd.hn68z5	"Jo's boys, and how they turned out; a sequel to ""Little men,"	Alcott, Louisa May, 1832-1888.	hathifiles_title
OL1130398W	The Call of the North	Stewart Edward White	1903	0	3	3	mdp.39015063974532|uc2.ark:/13960/t3kw58b11|hvd.hn1i9y	The call of the North; being a dramatized version of Conjuro	White, Stewart Edward, 1873-1946.	hathifiles_title
OL32055612W	The claim jumpers	Stewart Edward White	1905	0	12	12	hvd.hnphrj|mdp.39015065801949|nyp.33433035150758	The claim jumpers; a romance.	White, Stewart Edward, 1873-1946	hathifiles_title
OL8470663W	The Eyes of the World	Wright, Harold Bell	1914	0	7	7	uc2.ark:/13960/t55d8pr3g|uc2.ark:/13960/t1zc7tz8j|mdp.39015033609366	The eyes of the world; a novel, by Harold Bell Wright ... wi	Wright, Harold Bell, 1872-1944.	hathifiles_title
OL863511W	Kenilworth ; St. Ronan's well	Scott, Walter	1880	0	38	36	mdp.39015063955515|mdp.49015002396266|inu.32000007007927	Kenilworth.	Scott, Walter, 1771-1832.	hathifiles_title
OL35671605W	Old mortality	Scott, Walter	1900	0	13	12	mdp.39015063960291|mdp.39015063958899|mdp.39015010478413	Old Mortality / by Sir Walter Scott, bart.	Scott, Walter, 1771-1832.	hathifiles_title
OL44367390W	Old mortality	Scott, Walter	1898	0	17	16	mdp.39015063960291|mdp.39015063958899|mdp.39015010478413	Old Mortality / by Sir Walter Scott, bart.	Scott, Walter, 1771-1832.	hathifiles_title
OL29275968W	Old Mortality	Scott, Walter	1906	0	9	8	mdp.39015063960291|mdp.39015063958899|mdp.39015010478413	Old Mortality / by Sir Walter Scott, bart.	Scott, Walter, 1771-1832.	hathifiles_title
OL75472W	The Armourer's Prentices	Yonge, Charlotte Mary	1884	0	10	10	mdp.39015063975232|uc1.aa0006244388|uc2.ark:/13960/t7sn07q6m	The armourer's prentices.	Yonge, Charlotte M. 1823-1901.	hathifiles_title
OL32089567W	The Carbonels	Yonge, Charlotte Mary	1896	0	1	1	mdp.39015063975521	The Carbonels / With five full-page illus. by W. S. Stacey.	Yonge, Charlotte M. 1823-1901.	hathifiles_title
OL863558W	Peveril of the peak ; The betrothed	Scott, Walter	1880	0	23	23	mdp.39015039512895|mdp.49015002396282|inu.32000007010798	Peveril of the Peak / by Sir Walter Scott, bart.	Scott, Walter, 1771-1832.	hathifiles_title
OL44049362W	Peveril of the peak	Scott, Walter	1901	0	12	12	mdp.39015039512895|mdp.49015002396282|inu.32000007010798	Peveril of the Peak / by Sir Walter Scott, bart.	Scott, Walter, 1771-1832.	hathifiles_title
OL39411123W	The pirate	Scott, Walter	1885	0	9	9	mdp.39015063960275|uc1.b3332134|uc2.ark:/13960/t9862md7s	The pirate ...	Scott, Walter, 1771-1832.	hathifiles_title
OL32133065W	The pirate	Scott, Walter	1893	0	7	7	mdp.39015063960275|uc1.b3332134|uc2.ark:/13960/t9862md7s	The pirate ...	Scott, Walter, 1771-1832.	hathifiles_title
OL16420061W	Quentin Durward	Scott, Walter	1898	0	40	36	mdp.39015011413260|mdp.39015020215912|mdp.39015050659351	Quentin Durward / by Sir Walter Scott; ed. with an introduct	Scott, Walter, 1771-1832.	hathifiles_title
OL39414495W	Quentin Durward	Scott, Walter	1903	0	31	27	mdp.39015011413260|mdp.39015020215912|mdp.39015050659351	Quentin Durward / by Sir Walter Scott; ed. with an introduct	Scott, Walter, 1771-1832.	hathifiles_title
OL75432W	Scenes and Characters	Yonge, Charlotte Mary	1889	0	2	2	mdp.39015063973955|njp.32101038151757	Scenes and characters; or, Eighteen months at Beechcroft / b	Yonge, Charlotte M. 1823-1901.	hathifiles_title
OL32089427W	The trial	Yonge, Charlotte Mary	1884	0	4	4	mdp.39015006565785|inu.30000084059991|iau.31858048217974	The trial; more links of The daisy chain / by Charlotte M. Y	Yonge, Charlotte M. 1823-1901.	hathifiles_title
OL398888W	The wardship of Steepcoombe	Yonge, Charlotte Mary	1896	0	1	1	mdp.39015063974235	The wardship of Steepcoombe / by Charlotte M. Yonge. With fi	Yonge, Charlotte M. 1823-1901.	hathifiles_title
OL7675568W	Southbooke	Sutton S. Scott	1880	0	2	2	nc01.ark:/13960/t9z03mk7j|mdp.39015063949260	Southbooke ; by Sutton S. Scott.	Scott, Sutton S. 1829-1907.	hathifiles_title
OL42924482W	The talisman	Scott, Walter	1885	0	23	18	mdp.39015010952409|hvd.hn1hu8|mdp.39015000523970	The talisman / by Sir Walter Scott. Ed. by Dwight Holbrook.	Scott, Walter, 1771-1832.	hathifiles_title
OL31625483W	The talisman	Scott, Walter	1894	0	19	14	mdp.39015000523970|mdp.39015065731773|mdp.39015006587490	The talisman ...	Scott, Walter, 1771-1832.	hathifiles_title
OL20542734W	The talisman	Scott, Walter	1900	0	17	12	mdp.39015000523970|mdp.39015065731773|mdp.39015006587490	The talisman ...	Scott, Walter, 1771-1832.	hathifiles_title
OL43995955W	The talisman	Scott, Walter	1898	0	18	13	mdp.39015000523970|mdp.39015065731773|mdp.39015006587490	The talisman ...	Scott, Walter, 1771-1832.	hathifiles_title
OL24988257W	The Talisman	Scott, Walter	1894	0	19	14	mdp.39015000523970|mdp.39015065731773|mdp.39015006587490	The talisman ...	Scott, Walter, 1771-1832.	hathifiles_title
OL16883191W	The talisman	Scott, Walter	1917	0	10	5	mdp.39015006587490|mdp.39015065731781|uva.x001405546	The talisman / [by]Sir Walter Scott.	Scott, Walter, 1771-1832.	hathifiles_title
OL42216526W	Children of the Ghetto	Zangwill, Israel	1895	0	20	19	mdp.39015033791503|mdp.39015033791511|mdp.39015033791529	Children of the Ghetto.	Zangwill, Israel, 1864-1926.	hathifiles_title
OL5198405W	My new curate	Patrick Augustine Sheehan	1899	0	6	6	mdp.39015063952694|nyp.33433075747034|uiug.30112042032885	My new curate; a story gathered from the stray leaves of an 	Sheehan, Patrick Augustine, 1852-1913.	hathifiles_title
OL36528707W	Cranford	Gaskell, Elizabeth Cleghorn	1883	0	64	58	mdp.39015063550522|mdp.39015063550530|mdp.39015016439799	Cranford / By Mrs. Gaskell. Illustrated by T. H. Robinson.	Gaskell, Elizabeth Cleghorn, 1810-1865.	hathifiles_title
OL106146W	Philosophy 4: A Story of Harvard University	Owen Wister	1903	0	11	11	mdp.39015005337640|hvd.32044011856291|nyp.33433074805593	Philosophy 4; a story of Harvard University / by Owen Wister	Wister, Owen, 1860-1938.	hathifiles_title
OL12866902W	The drum of Lanoraye	Annie Ermatinger Fraser	1932	0	1	1	mdp.39015063916822	The drum of Lanoraye; a narrative of the days of Talon, the 	Fraser, Annie Ermatinger, -1931?	hathifiles_title
OL507345W	In colonial times	Mary Eleanor Wilkins Freeman	1899	0	5	5	coo1.ark:/13960/t6349730d|mdp.39015025926380|hvd.hn1v63	In colonial times; the adventures of Ann, the bound girl of 	Freeman, Mary Eleanor Wilkins, 1852-1930	hathifiles_title
OL22123345W	Diana of the Crossways	Meredith, George	1885	0	33	32	mdp.39015063944386|hvd.hwkqqc|hvd.hwkqqb	Diana of the Crossways : a novel / by George Meredith.	Meredith, George, 1828-1909.	hathifiles_title
OL32040773W	Diana of the crossways	Meredith, George	1885	0	33	32	mdp.39015063944386|hvd.hwkqqc|hvd.hwkqqb	Diana of the Crossways : a novel / by George Meredith.	Meredith, George, 1828-1909.	hathifiles_title
OL19870W	The Jungle Book	Kipling, Rudyard	1893	1	21	20	mdp.39015000673742|mdp.39015065540133|nc01.ark:/13960/t5q82ds0g	The jungle book / by Rudyard Kipling ; with illustrations by	Kipling, Rudyard, 1865-1936.	hathifiles_title
OL101949W	Gather, darkness!	Fritz Leiber	1950	0	1	0	mdp.39015014137973	Gather, darkness! / Fritz Leiber.	Leiber, Fritz, 1910-1992.	hathifiles_title
OL31510911W	Jackanapes	Juliana Horatia Gatty Ewing	1884	0	18	18	mdp.39015063976537|mdp.39015082511224|mdp.39015082521223	Jackanapes / by Juliana Horatia Ewing, with illustrations by	Ewing, Juliana Horatia, 1841-1885.	hathifiles_title
OL16788516W	Windsor Castle		1901	0	16	15	gri.ark:/13960/t4rj99n97|gri.ark:/13960/t4vj0db6h|nyp.33433105106482	Windsor castle; an architectural history, collected and writ	Hope, W. H. St. John Sir, 1854-1919.	hathifiles_title
OL18148389W	The Roman empire of the second century	William Wolfe Capes	1884	0	16	16	uc2.ark:/13960/t7fq9wg1x|uc1.$b561608|mdp.39015036632449	The Roman empire of the second century: or, The age of the A	Capes, W. W. 1834-1914.	hathifiles_title
OL4456952W	The Cat That Walked A Week	Meindert De Jong	1943	0	1	0	mdp.39015011538348	The cat that walked a week / Pictures by Jessie Robinson.	De Jong, Meindert, 1906-1991.	hathifiles_title
OL3414783W	Theater shoes, or other people's shoes	Noel Streatfeild	1945	0	1	0	mdp.39015019181216	Theater shoes, or, Other people's shoes / by Noel Streatfeil	Streatfeild, Noel.	hathifiles_title
OL4456972W	The big goose and the little white duck	Meindert De Jong	1938	0	2	0	mdp.39015011353086|uc1.b4101773	The big goose and the little white duck / Pictures by Nancy 	De Jong, Meindert, 1906-1991.	hathifiles_title
OL36768229W	Bambi	Felix Salten	1929	0	4	2	mdp.39015011556126|umn.31951000954806s|uva.x001609122	Bambi / by Felix Salten ; foreword by John Galsworthy ; tran	Salten, Felix, 1869-1945.	hathifiles_title
OL535201W	The Little White Horse	Goudge, Elizabeth	1920	0	2	0	mdp.39015019180713|pst.000046332103	The little white horse / by Elizabeth Goudge ; illustrated b	Goudge, Elizabeth, 1900-1984.	hathifiles_title
OL32092479W	Who is my neighbor?		1880	0	4	1	mdp.39015012304666|osu.32435017616426|nnc2.ark:/13960/t9x115g4n	Who is my neighbor?	Balchin, Nigel, 1908-1970.	hathifiles_title
OL163734W	My Uncle Silas	H. E. Bates	1939	0	4	0	mdp.39015001533606|inu.32000009191745|uc1.b4098018	My Uncle Silas.	Bates, H. E. 1905-1974.	hathifiles_title
OL1159534W	The wonder of all the gay world	James Barke	1949	0	1	0	mdp.39015030854411	The wonder of all the gay world; a novel of the life and lov	Barke, James, 1905-1958.	hathifiles_title
OL2946663W	The highway of sorrow	Hesba Stretton	1894	0	2	2	mdp.39015073446042|hvd.32044086837432	The highway of sorrow : at the close of the nineteenth centu	Stretton, Hesba, 1832-1911.	hathifiles_title
OL2004315W	Traitor's purse	Margery Allingham	1941	0	1	0	mdp.39015002201559	Traitor's purse.	Allingham, Margery, 1904-1966.	hathifiles_title
OL29274839W	Vergilius	Irving Bacheller	1904	0	9	7	mdp.39015030845641|uc2.ark:/13960/t5m903904|uc1.$b248237	Vergilius; a tale of the coming of Christ / by Irving Bachel	Bacheller, Irving, 1859-1950.	hathifiles_title
OL20173474W	Winesburg, Ohio	Sherwood Anderson	1919	0	10	9	mdp.39015002141045|hvd.32044009986670|mdp.39015002136250	Winesburg, Ohio; a group of tales of Ohio small town life / 	Anderson, Sherwood, 1876-1941.	hathifiles_title
OL15212544W	Death in the woods and other stories	Sherwood Anderson	1933	0	1	0	mdp.39015010553413	Death in the woods and other stories / [by] Sherwood Anderso	Anderson, Sherwood, 1876-1941.	hathifiles_title
OL118388W	Flatland	Edwin Abbott Abbott	1884	0	7	6	gri.ark:/13960/t73v6s42t|miun.abr0624.0001.001|mdp.39015020073196	Flatland : a romance of many dimensions / with illustrations	Abbott, Edwin Abbott, 1838-1926.	hathifiles_title
OL118393W	Flatland	Edwin Abbott Abbott	1886	0	7	6	gri.ark:/13960/t73v6s42t|miun.abr0624.0001.001|mdp.39015020073196	Flatland : a romance of many dimensions / with illustrations	Abbott, Edwin Abbott, 1838-1926.	hathifiles_title
OL34140290W	Rookwood	Ainsworth, William Harrison	1890	0	9	8	mdp.39015011553586|mdp.39015011689414|mdp.39015065993753	Rookwood.	Ainsworth, William Harrison, 1805-1882.	hathifiles_title
OL21776799W	Mountain Path	Harriette Simpson Arnow	1936	0	1	0	mdp.39015002243486	Mountain path.	Arnow, Harriette Louisa Simpson, 1908-19	hathifiles_title
OL37979386W	Young Visiters or, Mr. Salteena's Plan	Daisy Ashford	1919	0	8	8	uc2.ark:/13960/t4bp0150j|hvd.32044021224829|hvd.hnqjnu	The young visiters, or, Mr. Salteena's plan / by Daisy Ashfo	Ashford, Daisy.	hathifiles_title
OL39079786W	Lady Susan	Austen, Jane	1898	0	9	9	mdp.39015054440030|uc1.b4103247|mdp.39015055175478	Lady Susan / by Jane Austen; written about 1805, first publi	Austen, Jane, 1775-1817.	hathifiles_title
OL44675271W	Pride and prejudice	Austen, Jane	1900	0	31	27	mdp.39015004075662|mdp.39015007047361|hvd.32044086796588	Pride and prejudice / by Jane Austen.	Austen, Jane, 1775-1817.	hathifiles_title
OL8046244W	A World I Never Made	Farrell, James T.	1938	0	3	0	uc1.b4445390|mdp.39015002163163|uc1.b4458962	A world I never made,	Farrell, James T. 1904-1979.	hathifiles_title
OL17944016W	Fielding's theory of the novel. --	Bissell, Frederick Olds, Jr	1933	0	2	2	mdp.39015018652449|mdp.39015000667587	Fielding's theory of the novel / by Frederick Olds Bissell, 	Bissell, Frederick Olds, 1902-1970.	hathifiles_title
OL9287420W	Fielding's theory of the novel	Frederick Olds Bissell	1933	0	2	2	mdp.39015018652449|mdp.39015000667587	Fielding's theory of the novel / by Frederick Olds Bissell, 	Bissell, Frederick Olds, 1902-1970.	hathifiles_title
OL35671206W	The mill on the Floss	George Eliot	1908	0	20	18	coo.31924013344027|mdp.39015050808511|mdp.49015000710062	The mill on the Floss.	Eliot, George, 1819-1880.	hathifiles_title
OL1197104W	Galahad	Erskine, John	1926	0	4	4	uc1.$b100250|mdp.39015003343764|uc1.b3687464	Galahad; enough of his life to explain his reputation.	Erskine, John, 1879-1951.	hathifiles_title
OL42939537W	The wild palms	William Faulkner	1947	0	4	0	mdp.39015003479535|mdp.39015003345108|mdp.39015046336742	The wild palms.	Faulkner, William, 1897-1962.	hathifiles_title
OL44966747W	Sanctuary	William Faulkner	1947	0	3	0	mdp.39015003344721|mdp.39015003344705|mdp.39015003344853	Sanctuary.	Faulkner, William, 1897-1962.	hathifiles_title
OL19677391W	The girls	Edna Ferber	1921	0	7	7	mdp.39015002725672|uc2.ark:/13960/fk6rx93q7b|hvd.hwxudb	The girls.	Ferber, Edna, 1887-1968.	hathifiles_title
OL2646773W	One basket	Edna Ferber	1947	0	2	0	mdp.39015002725474|uc1.b4445429	One basket; thirty-one short stories.	Ferber, Edna, 1887-1968.	hathifiles_title
OL43875973W	Show boat	Edna Ferber	1939	0	2	1	mdp.39015031600490|pst.000029585342	Show boat.	Ferber, Edna, 1887-1968.	hathifiles_title
OL20521661W	The Flower Beneath the Foot	Ronald Firbank	1923	0	2	2	mdp.39015030738325|uc1.b3834485	The flower beneath the foot.	Firbank, Ronald, 1886-1926.	hathifiles_title
OL25518707W	Vainglory	Ronald Firbank	1915	0	1	1	mdp.39015030738069	Vainglory / by Ronald Firbank.	Firbank, Ronald, 1886-1926.	hathifiles_title
OL29261484W	The fortunate mistress	Daniel Defoe	1928	0	4	2	mdp.39015011528885|uc1.b4107442|mdp.39015020224906	The fortunate mistress / by Daniel Defoe; printed from the f	Defoe, Daniel, 1661?-1731.	hathifiles_title
OL20893828W	The Trouble I've Seen	Martha Gellhorn	1936	0	2	0	mdp.39015042474018|uc1.b4381820	The trouble I've seen / by Martha Gellhorn; with a preface b	Gellhorn, Martha, 1908-1998.	hathifiles_title
OL38735666W	Captain Horatio Hornblower	C. S. Forester	1940	0	5	0	mdp.39015005147866|uc1.32106010311915|uva.x000380109	Captain Horatio Hornblower / by C. S. Forester; with drawing	Forester, C. S. 1899-1966.	hathifiles_title
OL1514576W	Number stories of long ago	Smith, David Eugene	1919	0	3	3	hvd.32044029556503|hvd.hn3pcc|mdp.39015031678132	Number stories of long ago / by David Eugene Smith.	Smith, David Eugene, 1860-1944	hathifiles_title
OL32443850W	In Noah's Ark	Rumer Godden	1949	0	2	0	mdp.39015002128695|uc1.b3835560	In Noah's ark.	Godden, Rumer, 1907-1998.	hathifiles_title
OL88814W	A Room With a View / Howards End / Maurice	E. M. Forster	1921	0	7	4	gri.ark:/13960/s2h829j6zrp|mdp.39015003675132|mdp.39015003675116	A room with a view / by E.M. Forster.	Forster, E. M. 1879-1970.	hathifiles_title
OL42221492W	A Room with a View	E. M. Forster	1931	0	3	0	mdp.39015002338971|pst.000022681850|osu.32435004114369	A room with a view / by E. M. Forster.	Forster, E. M. 1879-1970.	hathifiles_title
OL39632094W	Ancient Law	Ellen Glasgow	1908	0	7	7	uc2.ark:/13960/fk9c53fm7p|hvd.32044080944705|hvd.rslgxx	The ancient law / by Ellen Glasgow.	Glasgow, Ellen Anderson Gholson, 1873-19	hathifiles_title
OL43411733W	The battle-ground	Ellen Glasgow	1902	0	12	11	uc2.ark:/13960/t8df6kz40|hvd.32044004611984|hvd.hwk77t	The battle-ground / by Ellen Glasgow ; illustrated by W.F. B	Glasgow, Ellen Anderson Gholson, 1873-19	hathifiles_title
OL16867996W	The sky pilot in no man's land	Ralph Connor	1919	0	4	4	uc2.ark:/13960/t1sf2nv4f|uc1.$b298810|mdp.39015059407935	The sky pilot in no man's land / by Ralph Connor.	Connor, Ralph, 1860-1937.	hathifiles_title
OL35554466W	The sky pilot in No man's land	Ralph Connor	1919	0	4	4	uc2.ark:/13960/t1sf2nv4f|uc1.$b298810|mdp.39015059407935	The sky pilot in no man's land / by Ralph Connor.	Connor, Ralph, 1860-1937.	hathifiles_title
OL42837650W	The posthumous papers of the Pickwick club	Charles Dickens	1911	0	33	21	mdp.39015008679931|mdp.39015011336784|mdp.39015011827253	The posthumous papers of the Pickwick Club / With forty-thre	Dickens, Charles, 1812-1870.	hathifiles_title
OL22644062W	Pilgrim's inn	Elizabeth Goudge	1948	0	1	0	mdp.39015003942086	Pilgrim's inn.	Goudge, Elizabeth, 1900-1984.	hathifiles_title
OL32146503W	The vehement flame	Margaret Deland	1922	0	7	7	uc2.ark:/13960/t1wd3qz14|uc1.$b248716|hvd.hw3jed	The vehement flame; a novel, by Margaret Deland ... with fro	Deland, Margaret Wade Campbell, 1857-194	hathifiles_title
OL42295586W	I, Claudius	Graves, Robert	1934	0	4	0	mdp.39015000515810|mdp.39015000567969|uc1.32106005430829	I, Claudius; from the autobiography of Tiberius Claudius, bo	Graves, Robert, 1895-1985.	hathifiles_title
OL13393608W	Concluding	Green, Henry, 1905-	1950	0	3	0	mdp.39015014190378|uc1.b4095564|pst.000002498188	Concluding; a novel.	Green, Henry, 1905-1973.	hathifiles_title
OL10429257W	Concluding	Green, Henry	1948	0	3	0	mdp.39015014190378|uc1.b4095564|pst.000002498188	Concluding; a novel.	Green, Henry, 1905-1973.	hathifiles_title
OL10429259W	Loving	Green, Henry	1949	0	3	0	mdp.39015000531056|mdp.39015062111573|uc1.b4097760	Loving.	Green, Henry, 1905-1973.	hathifiles_title
OL4927194W	Loving	Henry Green	1945	0	3	0	mdp.39015000531056|mdp.39015062111573|uc1.b4097760	Loving.	Green, Henry, 1905-1973.	hathifiles_title
OL25869628W	Nothing	Henry Green	1950	0	3	0	mdp.39015000577323|mdp.39015014190386|mdp.39015065908017	Nothing.	Green, Henry, 1905-1973.	hathifiles_title
OL10429260W	Nothing	Green, Henry	1950	0	3	0	mdp.39015000577323|mdp.39015014190386|mdp.39015065908017	Nothing.	Green, Henry, 1905-1973.	hathifiles_title
OL19671227W	Sergeant Lamb's America	Graves, Robert	1940	0	4	0	mdp.39015001783094|mdp.39015031237012|uc1.b4093235	Sergeant Lamb's America / by Robert Graves.	Graves, Robert, 1895-1985.	hathifiles_title
OL7980520W	Gray	Thomas Gray	1926	0	4	2	mdp.39015028752668|uc1.b4380715|uc1.32106014574740	Gray: poetry & prose / with essays by Johnson, Goldsmith and	Gray, Thomas, 1716-1771.	hathifiles_title
OL42504106W	The red badge of courage	Crane, Stephen	1940	0	10	3	mdp.39015066051999|pst.000033189055|mdp.39015025119531	The red badge of courage; text and criticism / [Editors:] Ri	Crane, Stephen, 1871-1900.	hathifiles_title
OL42430849W	Red Badge of Courage	Stephen Crane	1926	0	15	8	mdp.39015066051999|pst.000033189055|mdp.39015005135184	The red badge of courage; text and criticism / [Editors:] Ri	Crane, Stephen, 1871-1900.	hathifiles_title
OL44953105W	A tale of two cities	Charles Dickens	1920	0	21	9	mdp.39015066051114|mdp.39015005302453|mdp.39015030779741	A tale of two cities / by Charles Dickens; ed. with introduc	Dickens, Charles, 1812-1870.	hathifiles_title
OL19382W	The house of breath	William Goyen	1950	0	3	0	mdp.39015016434550|uga1.32108005773786|uc1.b3688160	The house of breath.	Goyen, William.	hathifiles_title
OL28170737W	The rover	Conrad, Joseph	1923	0	8	7	mdp.39015047754265|mdp.39015008982822|mdp.39015030009628	The rover.	Conrad, Joseph, 1857-1924.	hathifiles_title
OL43462425W	The secret agent	Conrad, Joseph	1921	0	9	8	miun.abs2582.0001.001|mdp.39015002155003|mdp.39015002148255	The secret agent; : a simple tale.	Conrad, Joseph, 1857-1924.	hathifiles_title
OL43882972W	The secret agent	Conrad, Joseph	1907	0	13	12	miun.abs2582.0001.001|mdp.39015002155003|mdp.39015002148255	The secret agent; : a simple tale.	Conrad, Joseph, 1857-1924.	hathifiles_title
OL32094565W	The Rescue		1883	0	28	24	mdp.39015008813720|mdp.39015066063788|mdp.39015021949568	The rescue; a romance of the shallows.	Conrad, Joseph, 1857-1924.	hathifiles_title
OL33165447W	Maggie, a girl of the streets	Crane, Stephen	1893	0	5	5	mdp.39015017635502|mdp.39015032851829|uc2.ark:/13960/t0dv1ct38	Maggie, a girl of the streets / by Stephen Crane.	Crane, Stephen, 1871-1900.	hathifiles_title
OL16910464W	Wounds in the rain	Crane, Stephen	1900	0	5	5	miun.abs3729.0001.001|uc2.ark:/13960/t81j98467|uva.x000497410	Wounds in the rain.	Crane, Stephen, 1871-1900.	hathifiles_title
OL20823829W	The Citadel	A. J. Cronin	1937	0	4	0	mdp.39015007058905|mdp.39015005061687|inu.32000002872937	The citadel / by A. J. Cronin.	Cronin, A. J. 1896-1981.	hathifiles_title
OL39911434W	Hatter's Castle	A. J. Cronin	1931	0	2	0	miun.abs4016.0001.001|uc1.b3834594	Hatter's castle / by A. J. Cronin.	Cronin, A. J. 1896-1981.	hathifiles_title
OL38811917W	Quartet	W. Somerset Maugham	1949	0	3	0	uc1.$b243467|mdp.39076005049783|uva.x000295579	Quartet: stories by W. Somerset Maugham, screen-plays by R. 	Maugham, W. Somerset 1874-1965.	hathifiles_title
OL163651W	The beauty of the dead, and other stories	H. E. Bates	1940	0	1	0	mdp.39015051324286	The beauty of the dead and other stories / by H. E. Bates.	Bates, H. E. 1905-1974.	hathifiles_title
OL18399383W	The jacaranda tree	H. E. Bates	1949	0	3	0	mdp.39015008508171|uc1.b4097901|inu.30000055892628	The jacaranda tree.	Bates, H. E. 1905-1974.	hathifiles_title
OL18097333W	Polaris, the story of an Eskimo dog	Ernest Harold Baynes	1922	0	2	2	mdp.39015030855780|umn.319510009551544	Polaris, the story of an Eskimo dog / by Ernest Harold Bayne	Baynes, Ernest Harold, 1868-1925.	hathifiles_title
OL18445001W	The poacher	H. E. Bates	1935	0	1	0	mdp.39015030855590	The poacher / by H. E. Bates.	Bates, H. E. 1905-1974.	hathifiles_title
OL18509036W	Turvey	Birney, Earle	1949	0	3	0	mdp.39015030851581|uc1.b3810763|uc1.$b86106	Turvey; a military picaresque.	Birney, Earle, 1904-1995.	hathifiles_title
OL109164W	Elsie and the child	Bennett, Arnold	1924	0	3	1	uc1.$b322748|mdp.39015031225553|uc1.b3796882	Elsie and the child; a tale of Riceyman Steps and other stor	Bennett, Arnold, 1867-1931.	hathifiles_title
OL7998530W	Duke Of Stockbridge	Bellamy, Edward	1900	0	6	6	uc2.ark:/13960/t1ng4hq79|hvd.hxdcxl|coo1.ark:/13960/t5db8kz99	The duke of Stockbridge : a romance of Shay's rebellion / by	Bellamy, Edward, 1850-1898.	hathifiles_title
OL33162288W	The devil and Daniel Webster	Stephen Vincent Benét	1937	0	3	0	mdp.39015007038063|mdp.39015026844301|mdp.39015030845252	The devil and Daniel Webster / by Stephen Vincent Benét ; il	Benét, Stephen Vincent, 1898-1943.	hathifiles_title
OL34547591W	The Mudlark	Theodore Bonnet	1949	0	3	0	uc1.$b117343|uc1.$b86039|mdp.39015030947033	The mudlark.	Bonnet, Theodore, 1908-	hathifiles_title
OL17961087W	The shining trail	Iola Fuller	1943	0	2	0	uc1.$b56591|mdp.39015003678144	The shining trail.	Fuller, Iola.	hathifiles_title
OL33167740W	The snow goose	Paul Gallico	1946	0	3	1	mdp.39015003680454|pst.000029697120|uva.x000503001	The snow goose / by Paul Galico.	Gallico, Paul, 1897-1976.	hathifiles_title
OL24821063W	The dark flower	Galsworthy, John	1927	0	3	3	mdp.39015003679910|osu.32435013746094|umn.31951002120749k	The dark flower / by John Galsworthy.	Galsworthy, John, 1867-1933.	hathifiles_title
OL19368444W	The burning spear	Galsworthy, John	1923	0	2	2	uc1.$b236246|mdp.39015003679928	The burning spear; being the experiences of Mr. John Lavende	Galsworthy, John, 1867-1933.	hathifiles_title
OL16741W	The Case of the Curious Bride	Erle Stanley Gardner	1934	0	3	0	mdp.39015066051387|inu.39000000939301|osu.32435055407258	The case of the curious bride.	Gardner, Erle Stanley, 1889-1970.	hathifiles_title
OL16715W	The case of the drowning duck	Erle Stanley Gardner	1942	0	2	0	mdp.39015054108959|osu.32435055407514	The case of the drowning duck.	Gardner, Erle Stanley, 1889-1970.	hathifiles_title
OL39430734W	The Patrician	Galsworthy, John	1915	0	14	14	mdp.39015003681825|mdp.39015003681833|mdp.39015003681858	The patrician / by John Galsworthy.	Galsworthy, John, 1867-1933.	hathifiles_title
OL24835073W	The Island Pharisees	Galsworthy, John	1926	0	1	1	mdp.39015003681411	The island Pharisees / by John Galsworthy.	Galsworthy, John, 1867-1933.	hathifiles_title
OL39453744W	Jude the obscure	Hardy, Thomas	1895	1	17	16	mdp.39015076653586|mdp.39015076653578|mdp.39015005485084	Jude the obscure / by Thomas Hardy.	Hardy, Thomas, 1840-1928.	hathifiles_title
OL40732923W	Jude the Obscure	Thomas Hardy	1895	0	17	16	mdp.39015076653586|mdp.39015076653578|mdp.39015005485084	Jude the obscure / by Thomas Hardy.	Hardy, Thomas, 1840-1928.	hathifiles_title
OL41547386W	Jude the Obscure	Thomas Hardy	1894	0	17	16	mdp.39015076653586|mdp.39015076653578|mdp.39015005485084	Jude the obscure / by Thomas Hardy.	Hardy, Thomas, 1840-1928.	hathifiles_title
OL36050583W	Jude the Obscure		1923	0	11	10	mdp.39015005485084|mdp.39015001992026|mdp.39015004949874	Jude the obscure / by Thomas Hardy.	Hardy, Thomas, 1840-1928.	hathifiles_title
OL40623217W	Jude the Obscure	Thomas Hardy	1924	0	11	10	mdp.39015005485084|mdp.39015001992026|mdp.39015004949874	Jude the obscure / by Thomas Hardy.	Hardy, Thomas, 1840-1928.	hathifiles_title
OL4608092W	Whiteoak harvest	Mazo De la Roche	1936	0	1	0	mdp.39015048732427	Whiteoak harvest / by Mazo De La Roche.	De la Roche, Mazo, 1879-1961.	hathifiles_title
OL21167519W	The gospel according to Gamaliel	Gerald Heard	1945	0	1	0	mdp.39015051166448	The gospel according to Gamaliel / by Gerald Heard.	Heard, Gerald, 1889-1971.	hathifiles_title
OL106059W	England made me	Greene, Graham	1935	0	2	0	mdp.39015000618614|uc1.l0062096706	England made me / [by] Graham Greene.	Greene, Graham, 1904-1991.	hathifiles_title
OL3042177W	The grasshoppers come	David Garnett	1931	0	3	0	mdp.39015003700013|uc1.b3834442|pst.000005407521	The grasshoppers come / by David Garnett.	Garnett, David, 1892-1981.	hathifiles_title
OL17381093W	Mary Barton	Gaskell, Elizabeth Cleghorn	1911	0	7	6	mdp.39015003699728|nyp.33433074857206|pst.000012060061	Mary Barton / [by] Elizabeth Cleghorn Gaskell.	Gaskell, Elizabeth Cleghorn, 1810-1865.	hathifiles_title
OL17778708W	Mary Barton	Gaskell, Elizabeth Cleghorn	1906	0	7	6	mdp.39015003699728|nyp.33433074857206|pst.000012060061	Mary Barton / [by] Elizabeth Cleghorn Gaskell.	Gaskell, Elizabeth Cleghorn, 1810-1865.	hathifiles_title
OL42601058W	Hard times	Charles Dickens	1898	0	4	4	mdp.39015006578564|mdp.39015008607684|hvd.hw2cp8	Hard times / by Charles Dickens.	Dickens, Charles, 1812-1870.	hathifiles_title
OL47275W	The Thin Man	Dashiell Hammett	1934	0	2	0	mdp.39015002176801|uc1.31822005874490	The thin man.	Hammett, Dashiell, 1894-1961.	hathifiles_title
OL10413566W	Cranford/Cousin Phillis	Gaskell, Elizabeth Cleghorn	1947	0	5	0	mdp.39015027249765|mdp.39015065768098|ien.35556022065858	Cranford; The cage at Cranford; The moorland cottage.	Gaskell, Elizabeth Cleghorn, 1810-1865.	hathifiles_title
OL17765177W	North and South	Gaskell, Elizabeth Cleghorn	1906	0	5	3	mdp.39015003699702|inu.30000005487222|umn.319510011356394	North and South / With an introd. by Elizabeth Bowen.	Gaskell, Elizabeth Cleghorn, 1810-1865.	hathifiles_title
OL28570037W	The Wind in the Willows	Kenneth Grahame	1908	0	12	6	mdp.39015002978917|mdp.39015011592840|mdp.39015012155852	The wind in the willows / by Kenneth Grahame; illustrated by	Grahame, Kenneth, 1859-1932.	hathifiles_title
OL2047670W	Eustace and Hilda	L. P. Hartley	1947	0	1	0	mdp.39015014774924	Eustace and Hilda; a trilogy.	Hartley, L. P. 1895-1972.	hathifiles_title
OL24848962W	The return of the native	Hardy, Thomas	1905	0	30	25	mdp.39015081150701|mdp.39015081150693|coo.31924013477553	The return of the native / Thomas Hardy. With an etching by 	Hardy, Thomas, 1840-1928.	hathifiles_title
OL43382623W	Death of a hero	Richard Aldington	1930	0	5	4	mdp.39015000529720|mdp.39015009375976|mdp.49015000898958	Death of a hero; a novel / by Richard Aldington.	Aldington, Richard, 1892-1962.	hathifiles_title
OL1202882W	Men in darkness	Hanley, James	1931	0	3	0	mdp.39015005637635|uc1.$b242967|uc1.$b783887	Men in darkness; five stories / by James Hanley; with a pref	Hanley, James, 1897-1985.	hathifiles_title
OL44435276W	The luck of roaring camp, and other stories	Bret Harte	1894	0	6	6	mdp.39015038929199|mdp.39015012401827|hvd.hx59e5	The Luck of Roaring Camp, and other stories / by Bret Harte.	Harte, Bret, 1836-1902.	hathifiles_title
OL17676155W	The Luck of Roaring Camp, and other stories	Bret Harte	1899	0	5	5	mdp.39015038929199|mdp.39015012401827|hvd.hx59e5	The Luck of Roaring Camp, and other stories / by Bret Harte.	Harte, Bret, 1836-1902.	hathifiles_title
OL40434746W	Tess of the D'Urbervilles	Thomas Hardy	1891	1	39	34	mdp.39015005132058|mdp.39015005341477|hvd.32044014574370	Tess of the d'Urbervilles; a pure woman faithfully presented	Hardy, Thomas, 1840-1928.	hathifiles_title
OL43796900W	By pike and dyke	G. A. Henty	1890	0	18	17	uc2.ark:/13960/t5h991v2x|mdp.39015063943198|mdp.39015073486816	By pike and dyke; a tale of the rise of the Dutch Republic.	Henty, G. A. 1832-1902.	hathifiles_title
OL39453872W	By England's aid, or, The freeing of the Netherlands, 1585-1604	G. A. Henty	1896	0	14	14	mdp.39015073486824|uc1.$b805407|mdp.39015035876997	By England's aid, or, The freeing of the Netherlands, 1585-1	Henty, G. A. 1832-1902.	hathifiles_title
OL1794662W	The Cat of Bubastes	G. A. Henty	1888	0	9	8	mdp.39015020168079|mdp.39015061863927|mdp.39015073478847	The cat of Bubastes : a tale of ancient Egypt / By G. A. Hen	Henty, G. A. 1832-1902.	hathifiles_title
OL39415317W	Captain Bayley's heir	G. A. Henty	1891	0	10	10	mdp.39015063942901|mdp.39015073478920|mdp.39015073478789	Captain Bayley's heir : a tale of the gold fields of Califor	Henty, G. A. 1832-1902.	hathifiles_title
OL32089267W	Aaron in the wildwoods	Joel Chandler Harris	1898	0	3	3	mdp.39015051142605|hvd.hx59fy|coo1.ark:/13960/t2c82vd9b	Aaron in the wildwoods / by Joel Chandler Harris, illustrate	Harris, Joel Chandler, 1848-1908.	hathifiles_title
OL32097086W	Daddy Jake the runaway	Joel Chandler Harris	1889	0	5	5	uc2.ark:/13960/t0ft8pq6q|mdp.39015041447379|uva.x002613715	Daddy Jake the runaway : and short stories told after dark /	Harris, Joel Chandler, 1848-1908.	hathifiles_title
OL15476854W	On the plantation	Joel Chandler Harris	1892	0	9	9	uc1.32106002069679|nc01.ark:/13960/t8rb7v510|coo1.ark:/13960/t4zg76931	On the plantation; a story of a Georgia boy's adventures dur	Harris, Joel Chandler, 1848-1908.	hathifiles_title
OL16659082W	On the wing of occasions	Joel Chandler Harris	1903	0	14	14	nc01.ark:/13960/t7rn3z888|uc2.ark:/13960/t24b2xc78|uiuo.ark:/13960/t35141w3j	On the wing of occasions : being the authorized version of c	Harris, Joel Chandler, 1848-1908.	hathifiles_title
OL33053182W	A Farewell to Arms	Ernest Hemingway	1935	0	6	0	mdp.39015000655111|mdp.39015058018642|mdp.39015062064673	A farewell to arms / by Ernest Hemingway; introduction by Fo	Hemingway, Ernest, 1899-1961.	hathifiles_title
OL42351153W	A farewell to arms	Ernest Hemingway	1929	0	10	2	mdp.39015000655111|mdp.39015058018642|mdp.39015062064673	A farewell to arms / by Ernest Hemingway; introduction by Fo	Hemingway, Ernest, 1899-1961.	hathifiles_title
OL44947311W	A farewell to arms	Ernest Hemingway	1948	0	6	0	mdp.39015000655111|mdp.39015058018642|mdp.39015062064673	A farewell to arms / by Ernest Hemingway; introduction by Fo	Hemingway, Ernest, 1899-1961.	hathifiles_title
OL12979603W	Mister Roberts	Thomas Heggen	1946	0	1	0	mdp.39015008154901	Mister Roberts / by Thomas Heggen. Illus. by Samuel Hanks Br	Heggen, Thomas, 1919-1949.	hathifiles_title
OL15146637W	Mister Roberts	Thomas Heggen	1948	0	1	0	mdp.39015008154901	Mister Roberts / by Thomas Heggen. Illus. by Samuel Hanks Br	Heggen, Thomas, 1919-1949.	hathifiles_title
OL1127942W	Tales of the gold rush	Bret Harte	1944	0	1	0	mdp.39015004074509	Tales of the gold rush / Illustrated by Fletcher Martin. Wit	Harte, Bret, 1836-1902.	hathifiles_title
OL3863761W	The old flame	Herbert, A. P.	1925	0	3	3	mdp.39015050556292|uc1.$b243151|uiug.30112047652562	The old flame / by A. P. Herbert.	Herbert, A. P. 1890-1971.	hathifiles_title
OL1794666W	The Lion of the North	G. A. Henty	1880	0	7	6	mdp.39015025976161|mdp.39015073484076|mdp.39015073484068	The Lion of the North : a tale of the times of Gustavus Adol	Henty, G. A. 1832-1902.	hathifiles_title
OL63065W	Green Hills of Africa	Ernest Hemingway	1935	0	3	0	mdp.39015005112142|mdp.39015005508851|mdp.39015046411925	Green hills of Africa / By Ernest Hemingway; decorations by 	Hemingway, Ernest, 1899-1961.	hathifiles_title
OL43991125W	The lay Anthony	Joseph Hergesheimer	1914	0	9	9	uc2.ark:/13960/t0ms3kx0k|uc1.$b243118|mdp.39015030750569	The lay Anthony; a romance by Joseph Hergesheimer.	Hergesheimer, Joseph, 1880-1954.	hathifiles_title
OL275128W	Native Son	Wright, Richard	1940	0	2	0	dul1.ark:/13960/t8vb3f54w|yul.11167899_000_00	Native son / by Richard Wright.	Wright, Richard, 1908-1960.	hathifiles_title
OL4456957W	Good luck duck	Meindert De Jong	1950	0	1	0	mdp.39015028112129	Good luck duck / illustrated by Marc Simont.	De Jong, Meindert, 1906-1991.	hathifiles_title
OL4456951W	Billy and the unhappy bull	Meindert De Jong	1946	0	1	0	mdp.39015011538330	Billy and the unhappy bull / by Meindert De Jong; illustrati	De Jong, Meindert, 1906-1991.	hathifiles_title
OL2700121W	The Wall	John Hersey	1950	0	5	0	uc1.32106002116066|mdp.39015011724419|mdp.39015050556714	The wall.	Hersey, John, 1914-1993	hathifiles_title
OL4292198W	Midnight and Jeremiah	Sterling North	1943	0	1	0	mdp.39015010914151	Midnight and Jeremiah / by Sterling North ... illustrated by	North, Sterling, 1906-1974.	hathifiles_title
OL240454W	Gudrid The Fair	Hewlett, Maurice Henry	1918	0	7	7	hvd.hnp7nf|coo1.ark:/13960/t6ww7xx3v|mdp.39015031235511	Gudrid the Fair; a tale of the discovery of America, by Maur	Hewlett, Maurice, 1861-1923	hathifiles_title
OL32855547W	Samantha at the World's Fair	Marietta Holley	1893	0	7	7	nc01.ark:/13960/t40s0v82q|uc2.ark:/13960/t4xg9fs3n|hvd.hw3jmc	Samantha at the World's Fair / by Josiah Allen's wife (Marie	Holley, Marietta, 1836-1926.	hathifiles_title
OL39450177W	With Lee in Virginia	G. A. Henty	1892	0	21	21	hvd.hwk9xu|mdp.39015004983634|mdp.39015073480918	With Lee in Virginia; a story of the American Civil War. Ill	Henty, G. A. 1832-1902	hathifiles_title
OL44678472W	With Lee in Virginia	G. A. Henty	1889	0	21	21	hvd.hwk9xu|mdp.39015004983634|mdp.39015073480918	With Lee in Virginia; a story of the American Civil War. Ill	Henty, G. A. 1832-1902	hathifiles_title
OL217524W	Peacocks and other stories of Java	Vennette Herron	1927	0	1	1	mdp.39015030750940	Peacocks and other stories of Java / by Vennette Herron.	Herron, Vennette.	hathifiles_title
OL11359299W	Deep summer	Gwen Bristow	1937	0	3	0	mdp.39015030850872|mdp.39015059421746|uc1.$b322869	Deep summer.	Bristow, Gwen, 1903-1980.	hathifiles_title
OL16026525W	Of Lena Geyer	Marcia Davenport	1936	0	1	0	mdp.39015019181349	Of Lena Geyer / by Marcia Davenport.	Davenport, Marcia, 1903-1996.	hathifiles_title
OL10499098W	The valley of decision	Marcia Davenport	1943	0	3	0	mdp.39015019181331|mdp.39015019374290|uc1.31210008204057	The valley of decision / Marcia Davenport.	Davenport, Marcia, 1903-1996.	hathifiles_title
OL716366W	Rings on her fingers	Davies, Rhys	1930	0	2	2	uc1.$b236158|mdp.39015012268135	Rings on her fingers / Rhys Davies.	Davies, Rhys, 1901-1978.	hathifiles_title
OL16837923W	Between the lines	Boyd Cable	1915	0	4	4	mdp.39015063992153|uc2.ark:/13960/t3902370j|umn.31951002403408m	Between the lines / by Boyd Cable [pseudonym]	Cable, Boyd.	hathifiles_title
OL139813W	Front lines	Boyd Cable	1918	0	6	6	uc2.ark:/13960/t8mc8wj3s|mdp.39015020923200|uc1.$b299748	Front lines,	Cable, Boyd.	hathifiles_title
OL17721089W	Simon Dale	Anthony Hope	1902	0	2	2	mdp.39015063932027|umn.31951002034701t	Simon Dale / by Anthony Hope [pseudonym]	Hope, Anthony, 1863-1933.	hathifiles_title
OL32856832W	Vignettes of Manhattan	Matthews, Brander	1894	0	2	2	mdp.39015050620155|nyp.33433044417438	Vignettes of Manhattan : Outlines in local color / by Brande	Matthews, Brander, 1852-1929.	hathifiles_title
OL32856845W	Vistas of New York	Matthews, Brander	1912	0	5	5	uc2.ark:/13960/t3rv0dk6j|hvd.32044024342586|coo1.ark:/13960/t81j9zp4q	Vistas of New York,	Matthews, Brander, 1852-1929.	hathifiles_title
OL4753590W	Samantha vs. Josiah	Marietta Holley	1906	0	4	4	uc2.ark:/13960/t49p2wj08|mdp.39015063931227|wu.89095151650	Samantha vs. Josiah; being the story of a borrowed automobil	Holley, Marietta, 1836-1926.	hathifiles_title
OL20137536W	Wild geese	Martha Ostenso	1925	0	3	3	uc1.$b104070|mdp.39015064429916|mdp.39015000539414	Wild geese / by Martha Ostenso.	Ostenso, Martha, 1900-1963.	hathifiles_title
OL39415402W	An adventurer of the North	Gilbert Parker	1897	0	9	9	mdp.39015063945706|mdp.39015060797969|nyp.33433106911120	An adventurer of the North; being a continuation of the hist	Parker, Gilbert, 1862-1932.	hathifiles_title
OL44786699W	The power and the glory	Gilbert Parker	1925	0	1	1	mdp.39015063945466	The power and the glory ; a romance of the great La Salle / 	Parker, Gilbert, 1862-1932.	hathifiles_title
OL38798454W	Disraeli	Louis Napoleon Parker	1900	0	10	9	uc1.$b248284|hvd.hwp39d|nyp.33433112070101	Disraeli; a play, by Louis N. Parker...	Parker, Louis Napoleon, 1852-1944.	hathifiles_title
OL240464W	Lore of Proserpine	Hewlett, Maurice Henry	1913	0	4	4	uc2.ark:/13960/t82j6f76t|uc2.ark:/13960/t51g0q96x|mdp.39015027545394	Lore of Proserpine / by Maurice Hewlett.	Hewlett, Maurice Henry, 1861-1923.	hathifiles_title
OL7549128W	The devil's mantle	Frank L. Packard	1927	0	1	1	mdp.39015063946092	The devil's mantle / by Frank L. Packard.	Packard, Frank L. 1877-1942.	hathifiles_title
OL15517603W	Meh lady	Page, Thomas Nelson	1893	0	12	12	nc01.ark:/13960/t5j96zc7d|uc2.ark:/13960/t91835m70|coo1.ark:/13960/t4xh05d59	Meh lady : a story of the war / by Thomas Nelson Page ; illu	Page, Thomas Nelson, 1853-1922.	hathifiles_title
OL39416599W	The chariots of the lord	Joseph Hocking	1905	0	2	2	mdp.39015063931599|nyp.33433074868286	The chariots of the Lord ... / With sixteen illustrations in	Hocking, Joseph, 1860-1937.	hathifiles_title
OL11925152W	My love must wait	Ernestine Hemmings Hill	1944	0	2	0	mdp.39015035904211|uc1.$b101967	My love must wait; the story of Matthew Flinders / by Ernest	Hill, Ernestine.	hathifiles_title
OL11320886W	My love must wait	Ernestine Hill	1941	0	2	0	mdp.39015035904211|uc1.$b101967	My love must wait; the story of Matthew Flinders / by Ernest	Hill, Ernestine.	hathifiles_title
OL247426W	The Evolution Of The English Novel	Francis Hovey Stoddard	1900	0	3	3	mdp.39015030839875|pst.000002047331|nyp.33433112044122	The evolution of the English novel / by Francis Hovey Stodda	Stoddard, Francis Hovey, 1847-1936.	hathifiles_title
OL11563630W	The psychological treatment of the historical novel	Paul Nissley Landis	1923	0	1	1	uc1.b4593690	The psychological treatment of the historical novel / by Pay	Landis, Paul Nissley, 1893- ed.	hathifiles_title
OL7550295W	It happened in Peking	Louise Jordan Miln	1926	0	1	1	mdp.39015063945318	It happened in Peking ...	Miln, Louise Jordan, Mrs., 1864-1933.	hathifiles_title
OL7550300W	Red lily and Chinese jade	Louise Jordan Miln	1928	0	1	1	mdp.39015063945300	Red lily and Chinese jade ...	Miln, Louise Jordan, Mrs., 1864-1933.	hathifiles_title
OL12165197W	My friend Prospero	Henry Harland	1904	0	9	9	uc2.ark:/13960/t6930q60n|uc1.b3322369|coo1.ark:/13960/t24b3n546	My friend Prospero : a novel / by Henry Harland ... ; fronti	Harland, Henry, 1861-1905.	hathifiles_title
OL34569940W	My Friend Prospero	Henry Harland	1904	0	9	9	uc2.ark:/13960/t6930q60n|uc1.b3322369|coo1.ark:/13960/t24b3n546	My friend Prospero : a novel / by Henry Harland ... ; fronti	Harland, Henry, 1861-1905.	hathifiles_title
OL35353208W	The Great Gatsby	F. Scott Fitzgerald	1925	1	6	4	mdp.39015046866383|mdp.39015046356393|penn.ark:/81431/p3k06x69r	The great Gatsby / by F. Scott Fitzgerald.	Fitzgerald, F. Scott 1896-1940.	hathifiles_title
OL43595009W	The great Gatsby	F. Scott Fitzgerald	1945	0	4	2	mdp.39015046866383|mdp.39015046356393|nc01.ark:/13960/s2dz0mk417v	The great Gatsby / by F. Scott Fitzgerald.	Fitzgerald, F. Scott 1896-1940.	hathifiles_title
OL468431W	The Great Gatsby	F. Scott Fitzgerald	1920	0	6	4	mdp.39015046866383|mdp.39015046356393|penn.ark:/81431/p3k06x69r	The great Gatsby / by F. Scott Fitzgerald.	Fitzgerald, F. Scott 1896-1940.	hathifiles_title
OL15854224W	Feasts and frolics	Phyllis R. Fenner	1949	0	2	0	uc1.b4087962|nyp.33433038380808	Feasts and frolics; special stories for special days, illus.	Fenner, Phyllis R. 1899-	hathifiles_title
OL35989237W	The farm book	E. Boyd Smith	1910	0	1	0	mdp.39015013488997	The farm book : story and pictures / by E. Boyd Smith ; intr	Smith, E. Boyd 1860-1943.	hathifiles_title
OL21037185W	Inheritance	Phyllis Bentley	1932	0	1	0	mdp.39015031223848	Inheritance / by Phyllis Bentley.	Bentley, Phyllis Eleanor, 1894-1977.	hathifiles_title
OL647077W	The worshipful Lucia	E. F. Benson	1935	0	1	0	mdp.39015010475708	The worshipful Lucia.	Benson, E. F. 1867-1940.	hathifiles_title
OL6672789W	The power and the glory	Phyllis Eleanor Bentley	1940	0	1	0	mdp.39015031223798	The power and the glory / by Phyllis Bentley.	Bentley, Phyllis Eleanor, 1894-1977.	hathifiles_title
OL32024672W	Personal recollections of Joan of Arc	Mark Twain	1900	0	15	15	hvd.hwqscf|hvd.hwqscd|hvd.rsli4l	Personal recollections of Joan of Arc / By the Sieur Luis de	Twain, Mark, 1835-1910	hathifiles_title
OL35490063W	Personal recollections of Joan of Arc	Mark Twain	1896	0	15	15	hvd.hwqscf|hvd.hwqscd|hvd.rsli4l	Personal recollections of Joan of Arc / By the Sieur Luis de	Twain, Mark, 1835-1910	hathifiles_title
OL43166732W	Personal recollections of Joan of Arc	Mark Twain	1899	0	15	15	hvd.hwqscf|hvd.hwqscd|hvd.rsli4l	Personal recollections of Joan of Arc / By the Sieur Luis de	Twain, Mark, 1835-1910	hathifiles_title
OL6662355W	Arnold Bennett and his novels	J. B. Simons	1936	0	2	0	uc1.$b85958|mdp.39015004105469	Arnold Bennett and his novels; a critical study, by J. B. Si	Simons, J. B.	hathifiles_title
OL11082162W	Cold pogrom	Max Ludwig Berges	1939	0	1	0	mdp.39015051348657	Cold pogrom / by Max L. Berges; translated from the German b	Berges, Max Ludwig.	hathifiles_title
OL480969W	Beowulf	Bryher	1948	0	4	0	inu.30000005345974|mdp.39015012401785|pst.000004946953	Beowulf; a prose translation with an introd. by David Wright		hathifiles_title
OL6438819W	Behind that curtain	Earl Derr Biggers	1928	0	1	1	mdp.39015019221285	Behind that curtain / by Earl Derr Biggers.	Biggers, Earl Derr, 1884-1933.	hathifiles_title
OL38078282W	Behind That Curtain	Earl Derr Biggers	1931	0	1	1	mdp.39015019221285	Behind that curtain / by Earl Derr Biggers.	Biggers, Earl Derr, 1884-1933.	hathifiles_title
OL6438827W	The house without a key	Earl Derr Biggers	1925	0	2	2	mdp.39015005750552|uc1.32106002090394	The house without a key / by Earl Derr Biggers.	Biggers, Earl Derr, 1884-1933.	hathifiles_title
OL44683879W	The sheltering sky	Bowles, Paul	1949	0	2	0	uc1.32106007983064|uc1.32106015265769	The sheltering sky.	Bowles, Paul, 1910-1999	hathifiles_title
OL3910400W	Wedding day and other stories	Boyle, Kay	1930	0	1	0	mdp.39015030846748	Wedding day, and other stories / by Kay Boyle.	Boyle, Kay, 1902-1992.	hathifiles_title
OL254362W	Their shadows before	Pauline Carrington Bouvé	1899	0	4	4	mdp.39015030846763|uc2.ark:/13960/t6f18tq63|uc1.$b119856	Their shadows before; a story of the Southampton insurrectio	Bouvé, Pauline Carrington Rust.	hathifiles_title
OL2487739W	Dorando, a Spanish tale	Boswell, James	1930	0	2	2	mdp.39015030947231|uc1.b3546624	Dorando, a Spanish tale ...	Boswell, James, 1740-1795.	hathifiles_title
OL16311329W	Robbery under arms	Rolf Boldrewood	1888	0	20	16	mdp.39015051363409|inu.39000004764077|inu.39000004571159	Robbery under arms; a story of life and adventure in the bus	Boldrewood, Rolf, 1826-1915.	hathifiles_title
OL16689714W	South Riding	Winifred Holtby	1936	0	3	0	uc1.$b102989|mdp.39015008023783|inu.32000002892091	South Riding; a novel by Winifred Holtby.	Holtby, Winifred, 1898-1935.	hathifiles_title
OL21028607W	South Riding	Winifred Holtby	1938	0	3	0	uc1.$b102989|mdp.39015008023783|inu.32000002892091	South Riding; a novel by Winifred Holtby.	Holtby, Winifred, 1898-1935.	hathifiles_title
OL246819W	A Message to Garcia	Hubbard, Elbert	1899	0	13	13	hvd.hnnlc5|mdp.39015063587334|mdp.39015063587623	A message to Garcia : being a preachment by Elbert Hubbard .	Hubbard, Elbert, 1856-1915.	hathifiles_title
OL27444382W	Prater Violet	Isherwood, Christopher	1946	0	2	0	inu.30000001682123|mdp.39015066712244	Prater Violet; a novel.	Isherwood, Christopher, 1904-1986	hathifiles_title
OL33122270W	Point counter point	Aldous Huxley	1928	0	7	7	gri.ark:/13960/s201tcf6bdm|mdp.39015002648015|mdp.39015003448845	Point counter point / by Aldous Huxley.	Huxley, Aldous, 1894-1963.	hathifiles_title
OL4800975W	Back Street	Fannie Hurst	1930	0	1	0	uc1.b4384802	Back street.	Hurst, Fannie, 1889-1968.	hathifiles_title
OL1890344W	Jonah's gourd vine	Hurston, Zora Neale.	1934	0	2	0	mdp.39015047540441|inu.39000005850206	Jonah's gourd vine / [by] Zora Neale Hurston; with an introd	Hurston, Zora Neale.	hathifiles_title
OL19671149W	Two Forsyte interludes	Galsworthy, John	1928	0	4	4	mdp.39015003681676|uc1.32106001984563|uc1.$b284296	Two Forsyte interludes: A silent wooing, Passers by / by Joh	Galsworthy, John, 1867-1933.	hathifiles_title
OL5361111W	The Sunnier Side	Charles Jackson	1911	0	2	0	mdp.39015014139961|uc1.$b119915	The sunnier side; twelve Arcadian tales.	Jackson, Charles, 1903-1968.	hathifiles_title
OL16720344W	Rip Van Winkle	Irving, Washington	1909	0	10	8	mdp.39015004171529|mdp.39015060571042|uc1.b3575845	Rip Van Winkle. : The legend of Sleepy hollow & other sketch	Irving, Washington, 1783-1859.	hathifiles_title
OL29252913W	Rip Van Winkle	Irving, Washington	1891	0	24	22	mdp.39015004171529|mdp.39015039600658|mdp.39015060571042	Rip Van Winkle. : The legend of Sleepy hollow & other sketch	Irving, Washington, 1783-1859.	hathifiles_title
OL276365W	The Portrait of a Lady	James, Henry	1881	1	21	17	mdp.39015005325165|mdp.39015000527054|mdp.39015062063469	The portrait of a lady / by Henry James.	James, Henry, 1843-1916.	hathifiles_title
OL20323489W	Great Short Novels of Henry James	James, Henry	1944	0	4	0	mdp.39015003737486|mdp.39015006587516|mdp.39015011911388	The great short novels of Henry James / edited with an intro	James, Henry, 1843-1916.	hathifiles_title
OL14914348W	Art of the Novel	James, Henry	1937	0	4	0	mdp.39015047539823|inu.32000007357900|pst.000001146905	The art of the novel : critical prefaces / by Henry James ; 	James, Henry, 1843-1916.	hathifiles_title
OL276460W	Beast in the Jungle	James, Henry	1915	0	1	1	uc2.ark:/13960/t3fx74c7k	The beast in the jungle / by Henry James.	James, Henry, 1843-1916.	hathifiles_title
OL276447W	The Coxon Fund	James, Henry	1915	0	2	2	nyp.33433067168405|mdp.39015031241212	The Coxon fund / by Henry James.	James, Henry, 1843-1916.	hathifiles_title
OL276330W	Daisy Miller / The Turn of the Screw	James, Henry	1926	0	3	3	mdp.39015066063549|pst.000028903994|uva.x000023159	Daisy Miller / by Henry James, jr., illustrated from drawing	James, Henry, 1843-1916.	hathifiles_title
OL276425W	The Death of the Lion	James, Henry	1915	0	4	4	uc2.ark:/13960/fk73t9dn6h|nyp.33433067168546|nyp.33433067168280	The death of the lion.	James, Henry, 1843-1916.	hathifiles_title
OL17001688W	Young Bess	Margaret Irwin	1899	0	1	0	mdp.39015019946915	Young Bess / by Margaret Irwin.	Irwin, Margaret, 1889-1967.	hathifiles_title
OL36896984W	Young Bess,	Margaret Irwin	1945	0	1	0	mdp.39015019946915	Young Bess / by Margaret Irwin.	Irwin, Margaret, 1889-1967.	hathifiles_title
OL17960546W	Young Bess	Margaret Irwin	1944	0	1	0	mdp.39015019946915	Young Bess / by Margaret Irwin.	Irwin, Margaret, 1889-1967.	hathifiles_title
OL276469W	What Maisie Knew	James, Henry	1897	0	10	8	nyp.33433112014778|mdp.39015008166004|uc1.31822023446321	What Maisie knew / by Henry James.	James, Henry, 1843-1916.	hathifiles_title
OL29339865W	Mr. Norris Changes Trains	Isherwood, Christopher	1937	0	5	0	mdp.39015012860006|mdp.39015008922083|mdp.39015066688014	Mr. Norris changes trains / [by] Christopher Isherwood.	Isherwood, Christopher, 1904-1986.	hathifiles_title
OL64365W	Brave New World	Aldous Huxley	1932	0	6	0	mdp.39015002299017|mdp.39015002305061|mdp.39015034647183	Brave new world / a novel by Aldous Huxley. With a foreword 	Huxley, Aldous, 1894-1963.	hathifiles_title
OL43376123W	Criticism and fiction	William Dean Howells	1893	0	6	6	chi.12791090|uc2.ark:/13960/t8cf9jt91|mdp.39076006821628	Criticism and fiction / by W.D. Howells.	Howells, William Dean, 1837-1920	hathifiles_title
OL3864080W	The black laurel	Jameson, Storm	1947	0	2	0	mdp.39015030141207|uc1.$b103816	The black laurel.	Jameson, Storm, 1891-1986.	hathifiles_title
OL276454W	The Figure in the Carpet	James, Henry	1916	0	3	3	wu.89007619018|inu.30000080742814|hvd.32044004348710	The figure in the carpet / by Henry James.	James, Henry 1843-1916.	hathifiles_title
OL276442W	Glasses	James, Henry	1916	0	2	2	mdp.39015031241022|umn.31951002103304j	Glasses / by Henry James.	James, Henry, 1843-1916.	hathifiles_title
OL1282173W	An avenue of stone	Pamela Hansford Johnson	1947	0	2	0	mdp.39015008992433|uc1.b4091199	An avenue of stone.	Johnson, Pamela Hansford, 1912-1981.	hathifiles_title
OL1282167W	Too dear for my possessing	Pamela Hansford Johnson	1940	0	1	0	mdp.39015008992417	Too dear for my possessing: a novel.	Johnson, Pamela Hansford, 1912-1981.	hathifiles_title
OL32864298W	Mrs. Warren's daughter	Harry Johnston	1920	0	6	6	uc2.ark:/13960/t9d50pg5p|nyp.33433074865464|hvd.hnnppi	Mrs. Warren's daughter; a story of the woman's movement, by 	Johnston, Harry Hamilton, Sir, 1858-1927	hathifiles_title
OL29297W	The prefaces of Henry James	Leon Edel	1931	0	1	0	mdp.39015008222443	The prefaces of Henry James.	Edel, Leon, 1907-1997.	hathifiles_title
OL13575529W	Peter, called the Great	Maurice Bethell Jones	1937	0	1	0	mdp.39015030751666	Peter called the Great / [by] Maurice Bethell Jones.	Jones, Maurice Bethell.	hathifiles_title
OL38989822W	A portrait of the artist as a young man	Joyce, James	1921	1	14	9	miua.0484484.0001.001|mdp.39015049691903|mdp.39015005295970	A portrait of the artist as a young man.	Joyce, James, 1882-1941.	hathifiles_title
OL32089695W	Westward ho!, or, The voyages and adventures of Sir Amyas Leigh, knight, of Burrough, in the county of Devon, in the reign of Her Most Glorious Majesty, Queen Elizabeth	Charles Kingsley	1882	0	16	16	uc2.ark:/13960/t49p33p1d|mdp.39015010349549|mdp.39015010349531	Westward ho! or, The voyages and adventures of Sir Amyas Lei	Kingsley, Charles, 1819-1875.	hathifiles_title
OL17685976W	The life and adventures of Robinson Crusoe	Daniel Defoe	1914	0	17	13	mdp.39015062655355|mdp.39015078553701|mdp.39015078554691	The life and adventures of Robinson Crusoe / By Daniel Defoe	Defoe, Daniel, 1661?-1731.	hathifiles_title
OL32462006W	Roper's Row	Deeping, Warwick	1929	0	2	2	mdp.39015013000289|mdp.39015031231205	Roper's row / by Warwick Deeping.	Deeping, Warwick, 1877-1950.	hathifiles_title
OL16574029W	Robinson Crusoe	Daniel Defoe	1881	0	100	85	mdp.39015066089908|mdp.39015078551846|coo1.ark:/13960/t4wh34k30	Robinson Crusoe / by Daniel Defoe.	Defoe, Daniel, 1661?-1731.	hathifiles_title
OL32099881W	Robinson Crusoe	Daniel De Foe	1895	0	88	73	mdp.39015066089908|mdp.39015078551846|coo1.ark:/13960/t4wh34k30	Robinson Crusoe / by Daniel Defoe.	Defoe, Daniel, 1661?-1731.	hathifiles_title
OL22129508W	Not only war	Victor Daly	1932	0	2	0	mdp.39015048708344|uc1.b3687307	Not only war; a story of two great conflicts.	Daly, Victor.	hathifiles_title
OL1443890W	Zero hour	Georg Grabenhorst	1929	0	4	0	uc1.$b675211|uc1.$b756069|mdp.39015038908243	Zero hour; a summons to the free, by Stephen Vincent Benét, 		hathifiles_title
OL17671185W	Zero hour	Clive Cussler	1900	0	4	0	uc1.$b675211|uc1.$b756069|mdp.39015038908243	Zero hour; a summons to the free, by Stephen Vincent Benét, 		hathifiles_title
OL7661253W	Signal	Ethel Jeanette Mauldin	1941	0	6	0	mdp.39015013429793|mdp.39015062147643|mdp.39015062147932	Signal.		hathifiles_title
OL7542168W	Transport	Isa Glenn	1929	0	5	0	mdp.39015021316875|mdp.39015021316867|mdp.39015021316859	Transport.		hathifiles_title
OL16102646W	Fiction catalog	H.W. Wilson Company	1947	0	10	0	uva.x004840000|mdp.39015036929134|mdp.39015036929142	Fiction catalog.	H.W. Wilson Company.	hathifiles_title
OL7750469W	Yank--	Earl C. Van Zandt	1919	0	13	5	uc1.31210010798898|uc1.31210010798880|uc1.31210005923758	Yank.		hathifiles_title
OL36783896W	Life	Frederick C. Smith	1900	0	728	532	uc1.31210015578121|uc1.31210015578154|uc1.31210004498752	Life.		hathifiles_title
OL7696091W	Charioteer	Gertrude Eberle	1946	0	2	0	ufl.31262053494265|ufl.31262055281884	The Charioteer.		hathifiles_title
OL18493964W	The Best French short stories of 1923/24-1926/27	Richard Eaton	1924	0	6	6	mdp.39015030038015|mdp.39015036865809|uc1.b3148795	The Best French short stories of 1923/24-1926/27 and the Yea		hathifiles_title
OL33133734W	The travel book	Jane B. Harvey	1931	0	5	4	mdp.39015070290716|mdp.39015070290724|mdp.39015070290732	Travel book: transportation international ...		hathifiles_title
OL17966028W	The story	Mark Schorer	1950	0	31	0	osu.32435062149521|mdp.39015033284525|mdp.39015086397364	Story.		hathifiles_title
OL17669937W	The portrait	A. G. Riddle	1890	0	8	8	hvd.fl3q7t|mdp.39015039432995|mdp.39015039433001	Portrait.		hathifiles_title
OL34034446W	Artist	Norman Garbo	1945	0	13	0	mdp.39015010803230|mdp.39015034727571|mdp.39015082596803	The Artist.		hathifiles_title
OL13704475W	Power	S. Fowler Wright	1933	0	148	20	coo.31924096386002|coo.31924096386044|coo.31924096386010	Power.		hathifiles_title
OL8341889W	Power	Naomi Ellington Jacob	1927	0	203	75	coo.31924096386002|coo.31924096386044|coo.31924096386010	Power.		hathifiles_title
OL10536708W	The Cardinal	Henry Morton Robinson	1914	0	8	1	coo.31924001050602|coo.31924065382461|coo.31924065382479	The Cardinal.		hathifiles_title
OL32098794W	The feather	Ford Madox Ford	1892	0	7	7	coo.31924081995544|coo.31924081995551|coo.31924081995569	The Feather.		hathifiles_title
OL2981505W	Equality	Bellamy, Edward	1897	0	11	10	mdp.39015008407143|uva.x001931247|mdp.39015008869920	Equality.		hathifiles_title
OL1176121W	The Saracen's head	Lancaster, Osbert	1949	0	1	0	mdp.39015048877230	The Saracen's head; or, The reluctant crusader / illus. by t	Lancaster, Osbert, 1908-1986.	hathifiles_title
OL10533160W	How green was my valley	Richard Llewellyn	1939	0	6	0	mdp.39015016708177|mdp.39015000659055|mdp.39015004075290	How green was my valley.	Llewellyn, Richard.	hathifiles_title
OL24961282W	Kwaidan	Hearn, Lafcadio	1911	0	3	3	mdp.39015030744901|uc1.b4407864|mdp.39015054082501	Kwaidan: : Stories and studies of strange things / Lafcadio 	Hearn, Lafcadio, 1850-1904.	hathifiles_title
OL42216806W	The rainbow	Lawrence, D. H.	1915	0	12	10	mdp.39015066076103|uc2.ark:/13960/t7dr2rv5h|mdp.39015007071916	The rainbow / with an introd. by Richard Aldington.	Lawrence, D. H. 1885-1930.	hathifiles_title
OL33113231W	The rainbow	Lawrence, D. H.	1915	0	12	10	mdp.39015066076103|uc2.ark:/13960/t7dr2rv5h|mdp.39015007071916	The rainbow / with an introd. by Richard Aldington.	Lawrence, D. H. 1885-1930.	hathifiles_title
OL42216794W	Women in love	Lawrence, D. H.	1931	0	3	0	mdp.39015046391903|mdp.39015004264712|mdp.49015000987496	Women in love / by D. H. Lawrence.	Lawrence, D. H. 1885-1930.	hathifiles_title
OL44952624W	The man who died	Lawrence, D. H.	1950	0	1	0	mdp.39015000630643	The man who died / With an introd. by Richard Aldington.	Lawrence, D. H. 1885-1930.	hathifiles_title
OL33111762W	The man who died	Lawrence, D. H.	1935	0	3	0	mdp.39015000630643|inu.32000007480306|uc1.32106001994943	The man who died / With an introd. by Richard Aldington.	Lawrence, D. H. 1885-1930.	hathifiles_title
OL10470868W	The Monk	Matthew Lewis	1906	0	15	12	mdp.39015000574478|mdp.39015002384926|mdp.39015002385246	"The monk; original text, variant readings, and ""A note on th"	Lewis, M. G. 1775-1818.	hathifiles_title
OL42708630W	All the king's men	Robert Penn Warren	1946	0	3	0	mdp.39015008621032|uc1.32106002152723|mdp.39015003979526	All the king's men / by Robert Penn Warren.	Warren, Robert Penn, 1905-1989.	hathifiles_title
OL33113244W	The virgin and the gipsy	Lawrence, D. H.	1930	0	2	2	mdp.39015000632151|pst.000028366003	The virgin and the gipsy / by D. H. Lawrence.	Lawrence, D. H. 1885-1930.	hathifiles_title
OL44681883W	Dodsworth	Sinclair Lewis	1930	0	9	6	mdp.39015002982505|mdp.39015008190004|mdp.39015012258243	Dodsworth.	Lewis, Sinclair, 1885-1951.	hathifiles_title
OL7965957W	The woman who rode away, and other stories	Lawrence, D. H.	1928	0	3	1	uva.x000091868|mdp.39076000700687|inu.30000020687582	The woman who rode away, and other stories.	Lawrence, D. H. 1885-1930.	hathifiles_title
OL1201280W	Judas	Eric Linklater	1939	0	1	0	mdp.39015014137536	Judas.	Linklater, Eric, 1899-1974.	hathifiles_title
OL18432732W	Rosalynde	Lodge, Thomas	1902	0	4	4	hvd.32044019173970|mdp.39015008477831|uva.x001644833	Rosalynde; or, Euphues' golden legacy, by Thomas Lodge, ed. 	Lodge, Thomas, 1558?-1625	hathifiles_title
OL15823995W	Rosalynde	Lodge, Thomas	1910	0	4	4	hvd.32044019173970|mdp.39015008477831|uva.x001644833	Rosalynde; or, Euphues' golden legacy, by Thomas Lodge, ed. 	Lodge, Thomas, 1558?-1625	hathifiles_title
OL33081059W	I met a gypsy	Norah Lofts	1936	0	1	0	mdp.39015021932275	I met a gypsy / by Norah Lofts.	Lofts, Norah, 1904-1983.	hathifiles_title
OL24420124W	Rogues and vagabonds	Mackenzie, Compton	1927	0	1	1	mdp.39015030704343	Rogues and vagabonds / by Compton Mackenzie.	Mackenzie, Compton, 1883-1972.	hathifiles_title
OL6907764W	Bad girl	Viña Delmar	1928	0	1	1	mdp.39015065865753	Bad girl / by Viña Delmar.	Delmar, Viña, 1903-1990.	hathifiles_title
OL32146509W	The way to peace	Margaret Deland	1910	0	3	3	uc1.$b111882|coo1.ark:/13960/t2r50677w|mdp.39015016440730	The way to peace / by Margaret Deland ; illustrated by Alice	Deland, Margaret Wade Campbell, 1857-194	hathifiles_title
OL2023451W	Wind over Wisconsin	August William Derleth	1938	0	2	0	mdp.39015011702985|uc1.$b87307	Wind over Wisconsin.	Derleth, August, 1909-1971.	hathifiles_title
OL11785563W	Contact	Elliot White Springs	1930	0	13	0	cub.u183019816400|mdp.39015056068029|mdp.39015071421344	Contact		hathifiles_title
OL6713414W	The noble savage	Doreen Eileen Agnew Wallace	1945	0	2	0	osu.32435067350769|osu.32435067350819	The Noble savage.		hathifiles_title
OL27244253W	New South	Horatio M. Bennett	1922	0	33	0	uva.x000890374|uva.x001980573|uva.x001980571	New South.		hathifiles_title
OL17853028W	In the palace of the king	Crawford, F. Marion	1900	0	17	17	mdp.39015059394422|nyp.33433074816905|uc1.b3548225	In the palace of the king; a love story of old Madrid / by F	Crawford, F. Marion 1854-1909.	hathifiles_title
OL17704473W	In the palace of the king	Crawford, F. Marion	1914	0	3	3	mdp.39015059394422|wu.89099777518|osu.32435017802026	In the palace of the king; a love story of old Madrid / by F	Crawford, F. Marion 1854-1909.	hathifiles_title
OL43460601W	The black arrow	Robert Louis Stevenson	1905	0	24	24	hvd.hn6iwg|mdp.39015063760493|mdp.39015008100045	The black arrow : a tale of the two roses / by Robert Louis 	Stevenson, Robert Louis, 1850-1894	hathifiles_title
OL32090789W	Daddy Darwin's dovecot	Juliana Horatia Gatty Ewing	1885	0	2	2	mdp.39015063976545|osu.32435008268393	Daddy Darwin's dovecot : a country tale / by Juliana Horatia	Ewing, Juliana Horatia, 1841-1885.	hathifiles_title
OL42860024W	The lady or the tiger	Frank R. Stockton	1908	0	2	2	umn.319510021052603|mdp.39015063956778	The lady or the tiger : and other stories / by Frank R. Stoc	Stockton, Frank R., 1834-1902.	hathifiles_title
OL32092238W	The Adopted son		1892	0	3	3	nyp.33433111608513|mdp.39015063524089|loc.ark:/13960/t51g1bj8v	The adopted son; a play in four acts, by Bertha Hurwitz.	Hurwitz, Bertha.	hathifiles_title
OL36771561W	Polly Oliver's problem	Kate Douglas Wiggin	1894	0	14	14	nc01.ark:/13960/t6pz6br4h|uc2.ark:/13960/t5x63bx3f|mdp.39015063958980	Polly Oliver's problem; a story for girls, by Kate Douglas W	Wiggin, Kate Douglas Smith, 1856-1923.	hathifiles_title
OL12795W	O Pioneers!	Willa Cather	1913	0	11	8	uc2.ark:/13960/t0zp3ww0x|uc1.$b516037|nyp.33433111596684	O pioneers! / by Willa Sibert Cather.	Cather, Willa, 1873-1947.	hathifiles_title
OL465745W	The big wheel	Brooks, John	1949	0	1	0	mdp.39015030947710	The big wheel.	Brooks, John, 1920-1993.	hathifiles_title
OL37799152W	The House with the Green Shutters	George Douglas Brown	1927	0	4	1	mdp.39015088423309|pst.000006657086|pst.000063902747	The house with the green shutters / by George Douglas [pseud	Brown, George Douglas, 1869-1902.	hathifiles_title
OL34076689W	Ring and the Book	Browning, Robert	1917	0	9	6	mdp.39015004729441|mdp.39015004721018|mdp.39015004721034	The ring and the book / by Robert Browning; with an introduc	Browning, Robert, 1812-1889.	hathifiles_title
OL24773482W	Unveiled Mysteries	Godfré Ray King	1934	0	1	1	mdp.39015011439455	Unveiled mysteries / by Godfré Ray King [pseudonym]	King, Godfré Ray, 1878-1939.	hathifiles_title
OL42483319W	The mother	Pearl S. Buck	1934	0	4	3	mdp.39015035366403|uc1.32106002092861|uva.x030833206	The mother / by Pearl S. Buck.	Buck, Pearl S. 1892-1973.	hathifiles_title
OL42216597W	Sons	Pearl S. Buck	1932	0	2	0	mdp.39015002613381|uc1.b3552942	Sons.	Buck, Pearl S. 1892-1973.	hathifiles_title
OL26312059W	Thousand Deaths of Mr Small	Gerald Kersh	1950	0	1	0	mdp.39015016435482	The thousand deaths of Mr. Small.	Kersh, Gerald, 1911-1968.	hathifiles_title
OL10302790W	Anna Livia Plurabelle	Joyce, James	1932	0	1	0	mdp.39015005158988	Anna Livia Plurabelle; the making of a chapter / Edited with	Joyce, James, 1882-1941.	hathifiles_title
OL18397340W	They that take the sword	Nicholas Kalashnikoff	1939	0	3	0	uc1.$b56836|mdp.39015030699618|uc1.b3688026	They that take the sword- / Nicholas Kalashnikoff.	Kalashnikoff, Nicholas.	hathifiles_title
OL16049196W	Bride of fortune	Harnett Thomas Kane	1948	0	2	0	uc1.$b103881|mdp.39015025120109	Bride of fortune : a novel based on the life of Mrs. Jeffers	Kane, Harnett T. 1910-1984.	hathifiles_title
OL240467W	The Life and Death of Richard Yea-and-Nay	Hewlett, Maurice Henry	1900	0	18	18	mdp.39015031297982|hvd.hwk9vh|hvd.hwk9vg	The life and death of Richard Yea-and-Nay / by Maurice Hewle	Hewlett, Maurice, 1861-1923.	hathifiles_title
OL44461696W	Tales of the Pampas	Hudson, W. H.	1926	0	4	3	mdp.39015002387473|mdp.49015000982844|uc1.$b144634	Tales of the pampas / by W. H. Hudson.	Hudson, W. H. 1841-1922.	hathifiles_title
OL253728W	Ghost Stories of an Antiquary	James, M. R.	1904	0	2	1	mdp.39015010447350|wu.89087663902	Ghost-stories of an antiquary.	James, M. R. 1862-1936.	hathifiles_title
OL4187351W	Crime at Christmas	C. H. B. Kitchin	1934	0	1	0	mdp.39015005618775	Crime at Christmas / [by] C. H. B. Kitchin.	Kitchin, C. H. B. 1895-1967.	hathifiles_title
OL20165W	Puck of Pook's Hill	Kipling, Rudyard	1900	0	16	16	mdp.39015000623473|uc2.ark:/13960/t9f47v19g|uc1.b4104981	Puck of Pook's Hill / by Rudyard Kipling.	Kipling, Rudyard, 1865-1936.	hathifiles_title
OL4888362W	Captain Scraggs	Peter B. Kyne	1919	0	4	4	hvd.hnqphk|uc2.ark:/13960/t3jw8738p|mdp.39015030700671	Captain Scraggs : or, The green-pea pirates / by Peter B. Ky	Kyne, Peter B. 1880-1957	hathifiles_title
OL19849W	Child stories	Kipling, Rudyard	1899	0	1	1	mdp.39015031243119	Child stories / By Rudyard Kipling. Being a collection of st	Kipling, Rudyard, 1865-1936.	hathifiles_title
OL43654804W	Soldiers three	Kipling, Rudyard	1900	0	27	27	mdp.39015010744301|mdp.39015038929306|inu.32000005539723	Soldiers three / by Rudyard Kipling.	Kipling, Rudyard, 1865-1936.	hathifiles_title
OL44238347W	The jungle book	Kipling, Rudyard	1908	0	8	7	mdp.39015015357935|mdp.39015003874073|mdp.39015005158715	The jungle book, / by Rudyard Kipling.	Kipling, Rudyard, 1865-1936.	hathifiles_title
OL32278230W	Traffics and discoveries	Kipling, Rudyard	1911	0	9	9	mdp.39015014291531|mdp.39015014776317|coo1.ark:/13960/t5q81w07z	Traffics and discoveries / by Rudyard Kipling.	Kipling, Rudyard, 1865-1936.	hathifiles_title
OL43885205W	The light that failed	Kipling, Rudyard	1894	0	34	33	mdp.39015015407680|nyp.33433112048388|mdp.39015000622236	The light that failed / by Rudyard Kipling.	Kipling, Rudyard, 1865-1936.	hathifiles_title
OL29342699W	Thieves in the Night	Koestler, Arthur	1946	0	5	0	mdp.39015000626559|mdp.39015000626500|mdp.39015000626518	Thieves in the night; chronicle of an experiment / by Arthur	Koestler, Arthur, 1905-1983.	hathifiles_title
OL7501578W	The pea-pickers	Eve Maria Langley	1942	0	1	0	mdp.39015000628662	The pea-pickers.	Langley, Eve.	hathifiles_title
OL27447463W	Schoolboy Johnson	John R. Tunis	1924	0	1	0	mdp.39015027614232	Schoolboy Johnson.	Tunis, John Roberts, 1889-1975.	hathifiles_title
OL17654595W	The time	H. B. Magill	1908	0	430	47	uva.x001817657|uva.x002608803|uva.x000266303	Time.		hathifiles_title
OL5204218W	Cross currents	Kate Mayhew Speake Penney	1938	0	4	0	pur1.32754074592027|uiug.30112013698193|uiug.30112013698540	Cross currents.		hathifiles_title
OL14848051W	Skyscraper	Faith Baldwin	1931	0	1	1	mdp.39015026001191	The Skyscraper / from Fortune.		hathifiles_title
OL18444297W	The Subaltern	G. R. Gleig	1915	0	1	1	mdp.39015026127707	The subaltern / by G. R. Gleig.	Gleig, G. R. 1796-1888.	hathifiles_title
OL29276569W	Wolves against the moon	Altrocchi, Julia	1940	0	2	2	mdp.39015013244929|mdp.39015071585312	Wolves against the moon.	Altrocchi, Julia Cooley, 1893-1972.	hathifiles_title
OL1164821W	Complete stories	Caldwell, Erskine	1941	0	2	0	mdp.39015010218744|mdp.39015063922374	Complete stories.	Caldwell, Erskine, 1903-1987.	hathifiles_title
OL24432158W	Old Creole days	George Washington Cable	1883	0	20	20	miun.acr4289.0001.001|mdp.39015066052138|mdp.39015010554916	Old Creole days : a story of creole life / by George W. Cabl	Cable, George Washington, 1844-1925.	hathifiles_title
OL3480735W	Mildred Pierce	James M. Cain	1941	0	3	0	mdp.39015057934351|uc1.b3826723|uiug.30112002422597	Mildred Pierce.	Cain, James M. 1892-1977.	hathifiles_title
OL6585796W	Jurgen	James Branch Cabell	1919	0	14	14	mdp.39015029408682|mdp.39015013429249|uc2.ark:/13960/t8cf9kp28	Jurgen: a comedy of justice / by James Branch Cabell.	Cabell, James Branch, 1879-1958.	hathifiles_title
OL9201811W	The land of plenty	Robert Cantwell	1934	0	3	1	mdp.39015011694646|uc1.b3687486|coo.31924080031259	The land of plenty / by Robert Cantwell.	Cantwell, Robert, 1908-1978.	hathifiles_title
OL20548824W	Lucy Gayheart / My Mortal Enemy	Willa Cather	1938	0	3	0	mdp.39015005083426|mdp.39015019073975|mdp.39015013122042	Lucy Gayheart.	Cather, Willa, 1873-1947.	hathifiles_title
OL12824W	My mortal enemy	Willa Cather	1926	0	4	4	miun.acr6106.0001.001|mdp.39015005083418|mdp.39015062086999	My mortal enemy / [by] Willa Cather.	Cather, Willa, 1873-1947.	hathifiles_title
OL76455W	The ballad of the white horse	Chesterton, G. K.	1911	0	6	4	mdp.39015025343644|mdp.39015065994025|uc1.31822022584627	The ballad of the white horse / by G. K. Chesterton.	Chesterton, G. K. 1874-1936.	hathifiles_title
OL12324591W	South of the sunset	Claire (Warner) Churchill	1936	0	3	3	uva.x002150559|uc1.$b725542|mdp.39015019347882	South of the sunset; an interpretation of Sacajawea, the Ind	Churchill, Claire Warner, 1898-1956.	hathifiles_title
OL472328W	Towards Zero	Agatha Christie	1944	0	2	0	miun.acs0176.0001.001|mdp.39015054188811	Towards zero.	Christie, Agatha, 1890-1976.	hathifiles_title
OL44805183W	Towards zero	Agatha Christie	1947	0	2	0	miun.acs0176.0001.001|mdp.39015054188811	Towards zero.	Christie, Agatha, 1890-1976.	hathifiles_title
OL53970W	1601	Mark Twain	1880	0	2	2	mdp.39015000580111|ucbk.ark:/28722/h2b56ds7w	1601; or, Conversation as it was at the fireside in the time	Twain, Mark, 1835-1910.	hathifiles_title
OL3389025W	The house of souls	Arthur Machen	1906	0	6	6	mdp.39015009193718|osu.32435000700567|hvd.32044011413952	The house of souls / by Arthur Machen.	Machen, Arthur, 1863-1947.	hathifiles_title
OL186470W	To the victors the spoils	Colin MacInnes	1950	0	1	0	mdp.39015016437496	To the victors the spoils.	MacInnes, Colin.	hathifiles_title
OL25132092W	Note in Music	Rosamond Lehmann	1930	0	1	1	mdp.39015000634918	A note in music / by Rosamond Lehmann.	Lehmann, Rosamond, 1901-1990.	hathifiles_title
OL144785W	The House of Pride	Jack London	1916	0	6	6	uc2.ark:/13960/fk9z02zs4t|hvd.hwkn9f|hvd.hx2ymz	The house of pride : and other tales of Hawaii / by Jack Lon	London, Jack, 1876-1916.	hathifiles_title
OL13369155W	Our own kind	Edward McSorley	1946	0	2	0	uc1.$b103924|mdp.39015014517091	Our own kind / Edward McSorley.	McSorley, Edward, 1902-1966.	hathifiles_title
OL17943357W	Two solitudes	Hugh MacLennan	1945	0	1	0	mdp.39015064833190	Two solitudes / by Hugh MacLennan.	MacLennan, Hugh, 1907-1990.	hathifiles_title
OL42469170W	The garden party	Mansfield, Katherine	1927	0	8	7	uc2.ark:/13960/t55d8t799|nyp.33433043644818|mdp.39015035338717	The garden party.	Mansfield, Katherine, 1888-1923.	hathifiles_title
OL788058W	The Garden Party and other stories	Mansfield, Katherine	1922	0	3	3	mdp.39015066054001|mdp.39015066031066|coo.31924013653906	The garden party, and other stories / By Katherine Mansfield	Mansfield, Katherine, 1888-1923.	hathifiles_title
OL42469341W	In a German pension	Mansfield, Katherine	1926	0	3	2	mdp.39015000539059|mdp.39015018887631|uc1.b3866095	In a German pension / by Katherine Mansfield.	Mansfield, Katherine, 1888-1923.	hathifiles_title
OL7650189W	The Champlain road	Franklin Davey McDowell	1939	0	2	1	mdp.39015030760618|uc1.$b56999	The Champlain Road / by Franklin Davey McDowell.	McDowell, Franklin Davey.	hathifiles_title
OL8215591W	Crazy Weather	Charles L. McNichols	1944	0	2	0	uc1.$b57022|mdp.39015030704400	Crazy weather / Charles L. McNichols.	McNichols, Charles Longstreth, 1895-	hathifiles_title
OL44517573W	Wee Willie Winkie	Kipling, Rudyard	1900	0	8	7	nyp.33433082546817|mdp.39015031242855|uc2.ark:/13960/t6sx6625z	Wee Willie Winkie; The city of dreadful night; American note	Kipling, Rudyard, 1865-1936.	hathifiles_title
OL5201455W	The Clinton twins and other stories	Marshall, Archibald	1923	0	1	1	mdp.39015005686608	The Clinton twins and other stories / by Archibald Marshall.	Marshall, Archibald, 1866-1934.	hathifiles_title
OL10535806W	They die with their boots clean	Gerald Kersh	1941	0	1	0	mdp.39015038914845	They die with their boots clean / [by] Gerald Kersh.	Kersh, Gerald, 1911-1968.	hathifiles_title
OL31604829W	Wickford Point	John P. Marquand	1939	0	4	3	uc1.$b102224|mdp.39015011560235|mdp.39015028732702	Wickford Point / by John P. Marquand.	Marquand, John P. 1893-1960.	hathifiles_title
OL42993858W	Saigon singer	F. van Wyck Mason	1948	0	1	0	mdp.39015031292876	Saigon singer / by Van Wyck Mason.	Mason, F. van Wyck 1901-1978.	hathifiles_title
OL38693754W	Cakes and ale	W. Somerset Maugham	1936	0	5	0	mdp.39015010433509|mdp.39015005735421|mdp.39015005359198	Cakes and ale: or, The skeleton in the cupboard / [by] W. So	Maugham, W. Somerset 1874-1965.	hathifiles_title
OL36038447W	Shadow and the Peak	Richard. [from old catalog] Mason	1949	0	2	0	mdp.39015030705811|uc1.$b98398	The shadow and the peak.	Mason, Richard Lakin, 1919-	hathifiles_title
OL2001256W	The shadow and the peak	Richard Mason	1949	0	2	0	mdp.39015030705811|uc1.$b98398	The shadow and the peak.	Mason, Richard Lakin, 1919-	hathifiles_title
OL20546507W	Creatures of circumstance	W. Somerset Maugham	1950	0	2	0	mdp.39015030706454|uc1.$b243476	Creatures of circumstance.	Maugham, W. Somerset 1874-1965.	hathifiles_title
OL1161529W	Mrs. Miniver	Jan Struther	1939	0	3	0	mdp.39015024653712|mdp.39015028547191|uc1.$b243521	Mrs. Miniver / by Jan Struther [pseudonym]	Struther, Jan, 1901-1953.	hathifiles_title
OL24303045W	Time will darken it	William Maxwell	1948	0	2	0	uc1.$b798569|mdp.39015005345619	Time will darken it.	Maxwell, William, 1908-2000.	hathifiles_title
OL32053968W	Then and now	W. Somerset Maugham	1946	0	5	1	uc1.b4422195|mdp.39015008632179|mdp.39015049234944	Then and now : a novel / [by] W. Somerset Maugham.	Maugham, W. Somerset 1874-1965.	hathifiles_title
OL44214793W	The trembling of a leaf	W. Somerset Maugham	1921	0	11	8	uc2.ark:/13960/t06w9dv3n|hvd.32044050960715|nyp.33433074892740	The trembling of a leaf; little stories of the South Sea isl	Maugham, W. Somerset 1874-1965.	hathifiles_title
OL102746W	Billy Budd	Herman Melville	1900	0	3	1	mdp.39015002272816|uc1.32106017516540|uiug.30112003257810	Billy Budd / ed. by F. Barron Freeman.	Melville, Herman, 1819-1891.	hathifiles_title
OL5102213W	Mr. Moto is so sorry	John P. Marquand	1938	0	1	0	uc1.$b242669	Mr. Moto is so sorry / John P. Marquand.	Marquand, John P. 1893-1960.	hathifiles_title
OL5102187W	No hero	John P. Marquand	1935	0	2	0	uc1.$b242668|mdp.39015038069319	No hero / John P. Marquand.	Marquand, John P. 1893-1960.	hathifiles_title
OL17858942W	Diana of the Crossways	George Meredith	1910	0	16	15	hvd.hwkqqc|hvd.hwkqqb|mdp.39015013427656	Diana of the crossways : a novel / by George Meredith.	Meredith, George, 1828-1909	hathifiles_title
OL17792944W	Diana of the crossways	Meredith, George	1919	0	6	5	miun.acs4939.0001.001|mdp.39015046789809|umn.31951002096700l	Diana of the crossways, : a novel, / by George Meredith.	Meredith, George, 1828-1909.	hathifiles_title
OL2460939W	Blue city	Ross MacDonald	1947	0	1	0	mdp.39015008955463	Blue city.	Macdonald, Ross, 1915-1983.	hathifiles_title
OL42468585W	Moby Dick	Herman Melville	1921	0	24	16	mdp.39015046801760|mdp.39015066055651|mdp.39015033363972	Moby-Dick; or, The whale / Edited by Luther S. Mansfield and	Melville, Herman, 1819-1891.	hathifiles_title
OL44047506W	Moby-Dick; or, The whale	Herman Melville	1922	0	24	16	mdp.39015046801760|mdp.39015066055651|mdp.39015033363972	Moby-Dick; or, The whale / Edited by Luther S. Mansfield and	Melville, Herman, 1819-1891.	hathifiles_title
OL19768747W	The three roads	Macdonald, Ross	1948	0	1	0	mdp.39015050607863	The three roads.	Macdonald, Ross, 1915-1983.	hathifiles_title
OL18372411W	Right off the map; a novel	C. E. Montague	1927	0	2	2	uc1.$b103194|mdp.39015005898799	Right off the map; a novel by C. E. Montague.	Montague, C. E. 1867-1928.	hathifiles_title
OL460789W	Death of a Peer	Marsh, Ngaio	1940	0	1	0	mdp.39015002602921	Death of a peer / [by] Ngaio Marsh.	Marsh, Ngaio, 1895-1982.	hathifiles_title
OL460810W	Died in the Wool	Marsh, Ngaio	1945	0	1	0	mdp.39015008197082	Died in the wool / [by] Ngaio Marsh.	Marsh, Ngaio, 1895-1982.	hathifiles_title
OL174398W	The sound of chariots	Helen Topping Miller	1947	0	1	0	mdp.39015014862901	The sound of chariots.	Miller, Helen Topping, 1884-1960.	hathifiles_title
OL405072W	Hospital	Rhoda Truax	1932	0	15	0	mdp.39015007312658|mdp.39015007312666|uc1.b3066233	Hospital.		hathifiles_title
OL20352352W	The Short Story	Kenneth Payson Kempton	1947	0	8	0	mdp.39015016458591|mdp.39015016458609|uc1.b3335531	Short story.		hathifiles_title
OL7882422W	The short-story	Albright, Evelyn May	1908	0	4	0	mdp.39015016458591|mdp.39015016458609|uc1.b3335531	Short story.		hathifiles_title
OL43560523W	The short-story	Evelyn May Albright	1928	0	4	0	mdp.39015016458591|mdp.39015016458609|uc1.b3335531	Short story.		hathifiles_title
OL7644765W	The short-story	Lester Collins Farris	1940	0	4	0	mdp.39015016458591|mdp.39015016458609|uc1.b3335531	Short story.		hathifiles_title
OL15348363W	The Strand Magazine	various.	1891	0	337	291	uc1.b2892361|uc1.b2892362|uc1.b2892363	The Strand Magazine.		hathifiles_title
OL15435245W	The Strand Magazine	various.	1894	0	337	291	uc1.b2892361|uc1.b2892362|uc1.b2892363	The Strand Magazine.		hathifiles_title
OL15435336W	The Strand Magazine	various.	1895	0	337	291	uc1.b2892361|uc1.b2892362|uc1.b2892363	The Strand Magazine.		hathifiles_title
OL15435251W	The Strand Magazine	various.	1894	0	337	291	uc1.b2892361|uc1.b2892362|uc1.b2892363	The Strand Magazine.		hathifiles_title
OL15435333W	The Strand Magazine	various.	1895	0	337	291	uc1.b2892361|uc1.b2892362|uc1.b2892363	The Strand Magazine.		hathifiles_title
OL17949479W	The forest and the fort	Hervey Allen	1943	0	2	0	uc1.b3569325|mdp.39015005685535	The forest and the fort.	Allen, Hervey, 1889-1949.	hathifiles_title
OL10433928W	The invasion from Mars	Hadley Cantril	1940	0	2	0	umn.319510009130635|uc1.$b619053	The invasion from Mars; a study in the psychology of panic; 	Cantril, Hadley, 1906-1969.	hathifiles_title
OL42950760W	He brings great news	Clemence Dane	1944	0	1	0	mdp.39015012198621	He brings great news / a novel by Clemence Dane [pseudonym].	Dane, Clemence.	hathifiles_title
OL18521604W	The inside of the cup	Winston Churchill	1913	0	4	4	umn.319510021848179|mdp.39015025352082|uiug.30112002602867	The inside of the cup,	Churchill, Winston, 1871-1947.	hathifiles_title
OL54031W	A Connecticut Yankee in King Arthur's Court	Mark Twain	1889	0	17	15	mdp.39015019144156|miun.acv7680.0001.001|mdp.39015066052682	A Connecticut Yankee in King Arthur's court / by Mark Twain 	Twain, Mark, 1835-1910.	hathifiles_title
OL41922958W	A dog's tale	Mark Twain	1904	0	4	4	nyp.33433111605741|mdp.39015031222527|coo1.ark:/13960/t1kh14z03	A dog's tale / by Mark Twain ; illustrated by W.T. Smedley.	Twain, Mark, 1835-1910.	hathifiles_title
OL24974556W	Personal recollections of Joan of Arc	Mark Twain	1924	0	2	2	mdp.39015066054472|mdp.39015065432596	Personal recollections of Joan of Arc / By the Sieur Louis d	Twain, Mark, 1835-1910.	hathifiles_title
OL29263869W	Personal recollections of Joan of Arc	Mark Twain	1924	0	2	2	mdp.39015066054472|mdp.39015065432596	Personal recollections of Joan of Arc / By the Sieur Louis d	Twain, Mark, 1835-1910.	hathifiles_title
OL32479441W	Personal recollections of Joan of Arc	Mark Twain	1922	0	2	2	mdp.39015066054472|mdp.39015065432596	Personal recollections of Joan of Arc / By the Sieur Louis d	Twain, Mark, 1835-1910.	hathifiles_title
OL38513526W	Personal recollections of Joan of Arc	Mark Twain	1906	0	3	3	mdp.39015066054472|mdp.39015065432596|umn.31951002046827r	Personal recollections of Joan of Arc / By the Sieur Louis d	Twain, Mark, 1835-1910.	hathifiles_title
OL17726013W	The prince and the pauper	Mark Twain	1882	0	38	36	mdp.39015011061515|mdp.39015011341545|mdp.39015089250479	The prince and the pauper; a tale for young people of all ag	Twain, Mark, 1835-1910.	hathifiles_title
OL39414330W	The $30,000 bequest	Mark Twain	1903	0	3	3	mdp.39015011814715|mdp.39015031223483|pst.000029579945	The $30,000 bequest : and other stories / by Mark Twain [pse	Twain, Mark, 1835-1910.	hathifiles_title
OL32036004W	The power house	Alex Comfort	1944	0	1	0	mdp.39015030727237	The power house / [by] Alex Comfort.	Comfort, Alex, 1920-2000.	hathifiles_title
OL24420917W	The arrow of gold	Conrad, Joseph	1925	0	9	9	miun.aar4496.0001.001|mdp.39015030727062|mdp.39015008679725	The arrow of gold : a story between two notes / Joseph Conra	Conrad, Joseph, 1857-1924.	hathifiles_title
OL497524W	Mrs. Bridge	Connell, Evan S.	1920	0	1	0	mdp.39015020629922	Mrs. Bridge.	Connell, Evan S., 1924-2013.	hathifiles_title
OL44245458W	The nigger of the Narcissus	Conrad, Joseph	1910	0	26	20	uc1.b5596190|mdp.39015030727005|mdp.39015013310290	The nigger of the Narcissus; a tale of the sea.	Conrad, Joseph, 1857-1924.	hathifiles_title
OL32036014W	Lord Jim	Conrad, Joseph	1924	0	25	15	mdp.39015002253949|mdp.39015048711892|mdp.39015005774024	Lord Jim; a romance / by Joseph Conrad.	Conrad, Joseph, 1857-1924.	hathifiles_title
OL19676121W	Under western eyes	Conrad, Joseph	1920	0	7	5	mdp.39015066053649|mdp.39015065653761|inu.32000009810427	Under western eyes ...	Conrad, Joseph, 1857-1924.	hathifiles_title
OL42470916W	Youth and two other stories	Conrad, Joseph	1931	0	1	1	mdp.39015014155355	Youth, and two other stories / by Joseph Conrad.	Conrad, Joseph, 1857-1924.	hathifiles_title
OL13560518W	The disinherited	Jack Conroy	1935	0	2	0	mdp.39015007060521|uc1.$b236095	The disinherited / Jack Conroy.	Conroy, Jack, 1898-1990.	hathifiles_title
OL11033722W	The black rose	Thomas Bertram Costain	1945	0	3	0	mdp.39015003840595|mdp.39015030740958|mdp.39015024078571	The black rose.	Costain, Thomas B. 1885-1965.	hathifiles_title
OL11033719W	Ride with me	Thomas Bertram Costain	1944	0	1	0	mdp.39015030740941	Ride with me ...	Costain, Thomas B. 1885-1965.	hathifiles_title
OL15150844W	Ride with me.	Thomas Bertram Costain	1944	0	1	0	mdp.39015030740941	Ride with me ...	Costain, Thomas B. 1885-1965.	hathifiles_title
OL15150845W	Ride with me	Thomas Bertram Costain	1944	0	1	0	mdp.39015030740941	Ride with me ...	Costain, Thomas B. 1885-1965.	hathifiles_title
OL96138W	Daybreak	James Cowan	1896	0	4	4	mdp.39015030740727|mdp.39015081382130|dul1.ark:/13960/t7sn0vh1z	Daybreak: a romance of an old world.	Cowan, James.	hathifiles_title
OL18416269W	Vittoria	Meredith, George	1903	0	9	9	mdp.39015030034261|mdp.39015030763166|mdp.39015030763174	Vittoria / by George Meredith.	Meredith, George, 1828-1909.	hathifiles_title
OL17965873W	Vittoria	Meredith, George	1889	0	21	21	mdp.39015030034261|mdp.39015030763166|mdp.39015030763174	Vittoria / by George Meredith.	Meredith, George, 1828-1909.	hathifiles_title
OL15465802W	Vittoria	Meredith, George	1899	0	13	13	mdp.39015030034261|mdp.39015030763166|mdp.39015030763174	Vittoria / by George Meredith.	Meredith, George, 1828-1909.	hathifiles_title
OL33174602W	The red city	S. Weir Mitchell	1908	0	8	8	uc2.ark:/13960/fk7rn30m6t|hvd.hc1hp8|hvd.hwkpav	The Red city; a novel of the second administration of Presid	Mitchell, S. Weir 1829-1914.	hathifiles_title
OL17960147W	The brook Kerith	Moore, George	1929	0	3	2	mdp.39015019064198|osu.32435013891627|uc1.b4679042	The brook Kerith; a Syrian story / by George Moore.	Moore, George, 1852-1933.	hathifiles_title
OL24252200W	The brook Kerith	Moore, George	1929	0	3	2	mdp.39015019064198|osu.32435013891627|uc1.b4679042	The brook Kerith; a Syrian story / by George Moore.	Moore, George, 1852-1933.	hathifiles_title
OL43886105W	The brook Kerith	Moore, George	1916	0	11	10	mdp.39015019064198|uc2.ark:/13960/t6pz54q08|nyp.33433074910310	The brook Kerith; a Syrian story / by George Moore.	Moore, George, 1852-1933.	hathifiles_title
OL29265591W	The Brook Kerith	George Augustus Moore	1916	0	11	10	mdp.39015019064198|uc2.ark:/13960/t6pz54q08|nyp.33433074910310	The brook Kerith; a Syrian story / by George Moore.	Moore, George, 1852-1933.	hathifiles_title
OL1156544W	The half way sun	T. Inglis Moore	1935	0	1	0	mdp.39015030709250	The half way sun; a tale of the Philippine islands / by T. I	Moore, T. Inglis 1901-1978.	hathifiles_title
OL176273W	My uncle Dudley	Wright Morris	1942	0	1	0	mdp.39015005263648	My uncle Dudley.	Morris, Wright, 1910-1998.	hathifiles_title
OL1641975W	Who has seen the wind	W. O. Mitchell	1947	0	1	0	mdp.39015046410331	Who has seen the wind.	Mitchell, W. O. 1914-1998.	hathifiles_title
OL1167636W	Ten years ago	R. H. Mottram	1928	0	3	3	uc1.$b244108|mdp.39015025129514|pst.000003874417	Ten years ago : Armistice & other memories : forming a penda	Mottram, R. H. 1883-	hathifiles_title
OL15144601W	The later realism	Walter Lawrence Myers	1927	0	1	1	mdp.39015030839719	The later realism : a study of characterization in the Briti	Myers, Walter Lawrence.	hathifiles_title
OL29666034W	Parnassus on Wheels	Christopher Morley	1925	0	7	5	mdp.39015002989914|mdp.39015053589001|mdp.39015026880396	Parnassus on wheels / by Christopher Morley; with an introdu	Morley, Christopher, 1890-1957.	hathifiles_title
OL42481880W	Coningsby	Disraeli, Benjamin	1900	0	9	9	mdp.39015010958034|mdp.39015066051478|mdp.49015000981952	Coningsby; or, The new generation / by Benjamin Disraeli, ea	Disraeli, Benjamin, 1804-1881.	hathifiles_title
OL1168007W	Animal Farm	George Orwell	1945	0	5	0	mdp.39015002264037|mdp.39015002264375|mdp.39015054067122	Animal farm : a fairy story / by George Orwell ; illustrated	Orwell, George, 1903-1950.	hathifiles_title
OL1168083W	Nineteen Eighty-Four	George Orwell	1949	1	4	0	ucbk.ark:/28722/h2cz32g9s|mdp.39015020733708|mdp.39015034651441	Nineteen eighty-four : a novel / by George Orwell.	Orwell, George, 1903-1950.	hathifiles_title
OL44943947W	No highway	Nevil Shute	1948	0	2	0	mdp.39015013941904|pst.000005426522	No highway / by Nevil Shute [pseudonym]	Shute, Nevil, 1899-1960.	hathifiles_title
OL1526665W	America; or, The sacrifice	Chambers, Robert W.	1924	0	64	22	uc1.c2650285|uc1.c2650287|uc1.c2650288	America		hathifiles_title
OL439738W	Challenge	H. C. McNeile	1937	0	17	0	uc1.31175012374073|uc1.31175012374081|uc1.31175012374099	Challenge.		hathifiles_title
OL33117985W	The philosopher	Elizabeth Shane	1921	0	14	4	mdp.39015039579217|mdp.39015039579225|mdp.39015039579233	The Philosopher.		hathifiles_title
OL121246W	The adventures of Peter Cottontail	Thornton W. Burgess	1914	0	3	2	mdp.39015002180753|coo.31924074442868|uva.x001309381	The adventures of Peter Cottontail / by Thornton W. Burgess 	Burgess, Thornton W. 1874-1965.	hathifiles_title
OL30616186W	Rebecca of Sunnybrook Farm	Wiggin, Kate Douglas Smith	1903	0	19	19	mdp.39015046438530|mdp.39015047523306|mdp.39015017929921	Rebecca of Sunnybrook farm / by Kate Douglas Wiggin ; with i	Wiggin, Kate Douglas, 1856-1923.	hathifiles_title
OL13571999W	Yokohama, California	Toshio Mori	1949	0	2	0	mdp.39015006972106|uc1.$b106383	Yokohama, California / by Toshio Mori ; with an introduction	Mori, Toshio, 1910-1980,	hathifiles_title
OL47266W	The Maltese Falcon	Dashiell Hammett	1929	0	4	2	mdp.39015005412021|uc1.32106002113261|inu.32000007927124	The Maltese falcon / Dashiell Hammett.	Hammett, Dashiell, 1894-1961.	hathifiles_title
OL7859615W	North overland with Franklin	Oxley, James Macdonald	1907	0	1	1	mdp.39015038676428	North overland with Franklin / by J. Macdonald Oxley.	Oxley, James MacDonald, 1855-1907.	hathifiles_title
OL24971236W	North overland with Franklin	Oxley, James Macdonald	1901	0	1	1	mdp.39015038676428	North overland with Franklin / by J. Macdonald Oxley.	Oxley, James MacDonald, 1855-1907.	hathifiles_title
OL17985665W	North overland with Franklin	Oxley, James Macdonald	1902	0	1	1	mdp.39015038676428	North overland with Franklin / by J. Macdonald Oxley.	Oxley, James MacDonald, 1855-1907.	hathifiles_title
OL21247670W	Precipice	Hugh MacLennan	1948	0	2	0	mdp.39015014441136|uc1.$b389794	The precipice / Hugh MacLennan.	MacLennan, Hugh, 1907-1990.	hathifiles_title
OL3815314W	The Young Lions	Irwin Shaw	1943	0	3	0	mdp.39015004859578|mdp.39015010742156|uc1.b4411036	The young lions / by Irwin Shaw.	Shaw, Irwin, 1913-1984.	hathifiles_title
OL5130952W	Tales Of The Malayan Coast	Rounsevelle Wildman	1899	0	4	4	coo1.ark:/13960/t13n2qg3q|hvd.32044036349124|inu.30000121037083	Tales of the Malayan coast : from Penang to the Philippines 	Wildman, Rounsevelle, 1864-1901.	hathifiles_title
OL21456991W	Town Below	Roger Lemelin	1948	0	2	0	uc1.$b401030|mdp.39015033406821	The town below; tr. by Samuel Putnam.	Lemelin, Roger, 1919-1992.	hathifiles_title
OL3906350W	Kind Are Her Answers	Mary Renault	1940	0	1	0	mdp.39015004708957	Kind are her answers / Mary Renault.	Renault, Mary.	hathifiles_title
OL32100634W	The mysterious island	Jules Verne	1890	0	12	10	mdp.39015078546317|mdp.39015039618577|mdp.39015011802496	The mysterious island / by Jules Verne ; in the original Eng	Verne, Jules, 1828-1905.	hathifiles_title
OL26138862W	The Mysterious Island	Jules Verne	1927	0	3	1	mdp.39015078546317|mdp.39015078547786|uc1.31175024346283	The mysterious island / by Jules Verne ; in the original Eng	Verne, Jules, 1828-1905.	hathifiles_title
OL7993244W	Bottom Dogs	Dahlberg, Edward	1929	0	1	1	mdp.39015031230975	Bottom dogs / by Edward Dahlberg ; with an introduction by D	Dahlberg, Edward, 1900-1977.	hathifiles_title
OL7540475W	The Yukon drive	Robert Ormond Case	1930	0	1	1	mdp.39015059390610	The Yukon drive / by Robert Ormond Case.	Case, Robert Ormond, 1895-1964.	hathifiles_title
OL18506697W	The golden horseshoe	Bonsal, Stephen	1900	0	7	7	miun.adh4824.0001.001|mdp.39015048784105|uc2.ark:/13960/t94749w19	The golden horseshoe; extracts from the letters of Captain H	Bonsal, Stephen, 1865-1951.	hathifiles_title
OL32241614W	The mortal storm	Phyllis Bottome	1938	0	3	0	uc1.$b86042|mdp.39015016414198|uiug.30112041412377	The mortal storm.	Bottome, Phyllis, 1884-1963.	hathifiles_title
OL43169170W	The sun in splendour	Burke, Thomas	1927	0	1	0	mdp.39015059375165	The sun in splendour / by Thomas Burke.	Burke, Thomas, 1886-1945.	hathifiles_title
OL5215819W	The chantry priest of Barnet	Church, Alfred John	1884	0	4	4	mdp.39015059391741|mdp.39015063772910|hvd.hn1mb8	The chantry priest of Barnet; a tale of the two roses / by t	Church, Alfred John, 1829-1912.	hathifiles_title
OL19934406W	Red men and white	Owen Wister	1895	0	11	11	mdp.39015028362062|uc2.ark:/13960/t20c4tm90|uc1.$b243707	Red men and white / by Owen Wister. Illustrated by Frederic 	Wister, Owen, 1860-1938.	hathifiles_title
OL4618220W	Horace Chase	Constance Fenimore Woolson	1894	0	3	3	uc2.ark:/13960/fk2f76695p|hvd.32044050962737|mdp.39015038806322	Horace Chase : a novel / by Constance Fenimore Woolson.	Woolson, Constance Fenimore, 1840-1894.	hathifiles_title
OL147126W	Polonaise	Martin Hare	1939	0	1	0	mdp.39015063918802	Polonaise / by Martin Hare [pseudonym]	Hare, Martin.	hathifiles_title
OL14848622W	Cloudy Jewel	Grace Livingston Hill	1920	0	2	2	nyp.33433087631804|mdp.39015012360130	Cloudy jewel / by Grace Livingston Hill (Mrs. Lutz) ; with a	Hill, Grace Livingston, 1865-1947.	hathifiles_title
OL4888572W	An island plant	Mary Catherine Lee	1896	0	2	2	hvd.hx4x4y|mdp.39015063927951	An island plant; a Nantucket story, by Mary Catherine Lee; w	Lee, Mary Catherine Jenkins, Mrs.	hathifiles_title
OL16890943W	The helmet of Navarre	Bertha Runkle	1901	0	5	5	mdp.39015063927910|hvd.32044080925381|nyp.33433076054968	The helmet of Navarre / illustrations by André Castaigne.	Runkle, Bertha.	hathifiles_title
OL13116415W	The helmet of Navarre	Bertha Runkle	1901	0	5	5	mdp.39015063927910|hvd.32044080925381|nyp.33433076054968	The helmet of Navarre / illustrations by André Castaigne.	Runkle, Bertha.	hathifiles_title
OL17711668W	Caleb West, master diver	Francis Hopkinson Smith	1899	0	3	3	mdp.39015063986015|nyp.33433076033954|uiug.30112003494223	Caleb West, master diver / by F. Hopkinson Smith; [with illu	Smith, Francis Hopkinson, 1838-1915.	hathifiles_title
OL24248800W	The arm of gold	Ralph Connor	1932	0	1	1	mdp.39015063549284	The arm of gold / by Ralph Connor [pseudonym]	Connor, Ralph, 1860-1937.	hathifiles_title
OL10649669W	The major	Ralph Connor	1917	0	4	4	mdp.39015063549607|uc2.ark:/13960/t4rj4bj8x|nyp.33433074864442	The major / by Ralph Connor [pseudonym]	Connor, Ralph, 1860-1937.	hathifiles_title
OL41121892W	Bruce	Albert Payson Terhune	1920	0	3	3	mdp.39015063963451|coo1.ark:/13960/t9x06pg6c|ien.35556027600675	Bruce / by Albert Payson Terhune.	Terhune, Albert Payson, 1872-1942.	hathifiles_title
OL40248W	Black Beauty The Autobiography Of A Horse	Anna Sewell	1907	0	1	1	mdp.39015011405985	Black Beauty, the autobiography of a horse.	Sewell, Anna, 1820-1878.	hathifiles_title
OL39424157W	Rolf in the woods	Ernest Thompson Seton	1911	0	4	4	mdp.39015043496457|nnc1.cu58462490|loc.ark:/13960/t18k85d1c	Rolf in the woods; the adventure of a boy scout with Indian 	Seton, Ernest Thompson, 1860-1946.	hathifiles_title
OL10649662W	Corporal Cameron of the North West Mounted Police	Ralph Connor	1912	0	6	6	uc2.ark:/13960/t3222sw77|uc1.$b307404|hvd.hwxinq	Corporal Cameron of the North West Mounted Police : a tale o	Connor, Ralph, 1860-1937.	hathifiles_title
OL7870972W	Strangers at the gate	Gordon, Samuel	1902	0	5	5	coo1.ark:/13960/t62525z3m|mdp.39015011951673|uc2.ark:/13960/t1jh3f22k	Strangers at the gate; tales of Russian Jewry, by Samuel Gor	Gordon, Samuel, 1871-	hathifiles_title
OL44907755W	Dangerous voyage	Vidal, Gore	1946	0	1	1	mdp.39015011372169	Dangerous voyage / by Gore Vidal.	Vidal, Gore, 1925-2012.	hathifiles_title
OL97999W	Dangerous voyage	Vidal, Gore	1946	0	1	1	mdp.39015011372169	Dangerous voyage / by Gore Vidal.	Vidal, Gore, 1925-2012.	hathifiles_title
OL35989297W	Ivanhoe	Scott, Walter	1917	0	24	21	coo1.ark:/13960/t8mc9gx34|mdp.39015063951274|mdp.39015014712346	Ivanhoe; a romance, by Sir Walter Scott, bart.; illustrated 	Scott, Walter, 1771-1832.	hathifiles_title
OL1113642W	Time and chance: a romance and a history	Hubbard, Elbert	1901	0	10	10	uc2.ark:/13960/t9z02zx2c|coo1.ark:/13960/t12n5q74w|mdp.39015063932092	Time and chance: a romance and a history: being the story of	Hubbard, Elbert, 1856-1915.	hathifiles_title
OL16583942W	Tom Brown's school days	Hughes, Thomas	1890	0	32	30	hvd.hn3te4|mdp.39015035829814|mdp.39015008647698	Tom Brown's school-days / by Thomas Hughes.	Hughes, Thomas, 1822-1896	hathifiles_title
OL17661433W	Guy Mannering	Scott, Walter	1919	0	4	2	mdp.39015063951290|wu.89099786055|pst.000030492295	Guy Mannering; or, The astrologer / by Sir Walter Scott, bar	Scott, Walter, 1771-1832.	hathifiles_title
OL17746884W	Guy Mannering	Scott, Walter	1902	0	15	13	mdp.39015063951290|mdp.39015008877659|mdp.39015009346233	Guy Mannering; or, The astrologer / by Sir Walter Scott, bar	Scott, Walter, 1771-1832.	hathifiles_title
OL32094999W	Rasselas, prince of Abyssinia	Johnson, Samuel	1882	0	11	11	mdp.39015039402428|mdp.39015039402436|mdp.39015020909134	Rasselas, prince of Abyssinia / By Samuel Johnson. Being a f	Johnson, Samuel, 1709-1784.	hathifiles_title
OL44620022W	Rasselas, prince of Abyssinia	Johnson, Samuel	1889	0	11	11	mdp.39015039402428|mdp.39015039402436|mdp.39015020909134	Rasselas, prince of Abyssinia / By Samuel Johnson. Being a f	Johnson, Samuel, 1709-1784.	hathifiles_title
OL749594W	Lewis Rand /cby Mary Johnston ; with illustrations by F. C. Yohn.	Johnston, Mary	1908	0	6	6	uc2.ark:/13960/t39z91g24|uc1.$b102392|hvd.32044080914674	Lewis Rand / by Mary Johnston ... ; with illustrations by F.	Johnston, Mary, 1870-1936.	hathifiles_title
OL16760359W	Lewis Rand	Johnston, Mary	1908	0	6	6	uc2.ark:/13960/t39z91g24|uc1.$b102392|hvd.32044080914674	Lewis Rand / by Mary Johnston ... ; with illustrations by F.	Johnston, Mary, 1870-1936.	hathifiles_title
OL17985033W	Romola	George Eliot	1898	0	51	51	mdp.39015063522190|mdp.39015031216313|hvd.hn3jth	Romola / by George Eliot.	Eliot, George, 1819-1880.	hathifiles_title
OL18000838W	Romola	George Eliot	1902	0	48	48	mdp.39015063522190|mdp.39015031216313|hvd.hn3jth	Romola / by George Eliot.	Eliot, George, 1819-1880.	hathifiles_title
OL10427174W	All on the Irish shore	E. OE Somerville	1900	0	8	8	nyp.33433112050335|mdp.39015063972601|uc2.ark:/13960/t36112f8q	All on the Irish shore; Irish sketches, by E. Œ. Somerville 	Somerville, E. Œ. 1858-1949.	hathifiles_title
OL10688376W	The Yemassee	Simms, William Gilmore	1882	0	13	13	mdp.39015050603870|mdp.39015030712130|uc2.ark:/13960/t4cn7063n	The Yemassee : a romance of Carolina / by W. Gilmore Simms.	Simms, William Gilmore, 1806-1870.	hathifiles_title
OL3967809W	Pennsylvania mountain stories	Henry W. Shoemaker	1908	0	3	3	mdp.39015067207657|pst.000010431740|coo1.ark:/13960/t8ff4bp80	Pennsylvania mountain stories / by Henry W. Shoemaker.	Shoemaker, Henry W., 1880-1958.	hathifiles_title
OL208006W	Sniper Jackson	Frederick Sleath	1919	0	2	2	nyp.33433082485651|mdp.39015063960408	Sniper Jackson / by Frederick Sleath; with illustrations.	Sleath, Frederick.	hathifiles_title
OL159966W	Tzigane	Smith, Eleanor Furneaux	1935	0	1	0	mdp.39015065769211	Tzigane / by Eleanor Smith.	Smith, Eleanor Furneaux, Lady, 1902-	hathifiles_title
OL139822W	Grapes of wrath	Boyd Cable	1917	0	4	3	mdp.39015063914660|coo1.ark:/13960/t7br9bj7h|nyp.33433082486196	Grapes of wrath / by Boyd Cable [pseudonym]	Cable, Boyd.	hathifiles_title
OL39443327W	A great emergency and other tales	Juliana Horatia Gatty Ewing	1887	0	4	4	mdp.39015006963758|hvd.hn66km|uva.x030795794	A great emergency, and other tales / By Juliana Horatia Ewin	Ewing, Juliana Horatia, 1841-1885.	hathifiles_title
OL32089271W	The peace egg	Juliana Horatia Gatty Ewing	1887	0	1	1	mdp.39015063914637	The peace egg : and, A Christmas mumming play / by Juliana H	Ewing, Juliana Horatia, 1841-1885.	hathifiles_title
OL39442957W	Six to sixteen	Juliana Horatia Gatty Ewing	1887	0	5	5	hvd.hn2fyh|mdp.39015009215792|mdp.39015083454705	Six to sixteen : a story for girls / by Juliana Horatia Ewin	Ewing, Juliana Horatia, 1841-1885	hathifiles_title
OL15515511W	Lion Ben of Elm Island	Elijah Kellogg	1896	0	2	2	mdp.39015063933744|nyp.33433082361969	Lion Ben of Elm Island / By Rev. Elijah Kellogg.	Kellogg, Elijah, 1813-1901.	hathifiles_title
OL18629241W	Lion Ben of Elm Island	Elijah Kellogg	1896	0	2	2	mdp.39015063933744|nyp.33433082361969	Lion Ben of Elm Island / By Rev. Elijah Kellogg.	Kellogg, Elijah, 1813-1901.	hathifiles_title
OL863626W	St. Valentine's day	Scott, Walter	1906	0	1	1	mdp.39015063951225	St. Valentine's day; or, The fair maid of Perth / by Sir Wal	Scott, Walter, 1771-1832.	hathifiles_title
OL38712765W	St. Valentine's day; or, The fair maid of Perth	Scott, Walter	1906	0	1	1	mdp.39015063951225	St. Valentine's day; or, The fair maid of Perth / by Sir Wal	Scott, Walter, 1771-1832.	hathifiles_title
OL16583974W	Ivanhoe	Scott, Walter	1920	0	19	16	mdp.39015014712346|mdp.39015020710409|uiug.30112010345137	Ivanhoe; a romance / by Sir Walter Scott, bart.	Scott, Walter, 1771-1832.	hathifiles_title
OL1492922W	Doctor Zay	Elizabeth Stuart Phelps	1882	0	3	3	mdp.39015008426754|uc2.ark:/13960/t79s1m52g|chi.15765669	Doctor Zay / by Elizabeth Stuart Phelps.	Phelps, Elizabeth Stuart, 1844-1911.	hathifiles_title
OL32101134W	The Madonna of the tubs	Elizabeth Stuart Phelps	1891	0	2	2	chi.088082361|mdp.39015013155323	The madonna of the tubs / by Elizabeth Stuart Phelps ; with 	Phelps, Elizabeth Stuart, 1844-1911	hathifiles_title
OL1149266W	The secret city	Walpole, Hugh	1919	0	7	7	uc1.$b245172|nyp.33433107899860|mdp.39015063973237	The secret city; a novel in three parts.	Walpole, Hugh, Sir, 1884-1941.	hathifiles_title
OL41466319W	Eleanor	Humphry Ward	1901	0	7	7	uc2.ark:/13960/t3pv6nz42|hvd.32044051140820|hvd.hn1cxv	Eleanor; a novel, by Mrs. Humphry Ward.	Ward, Humphry, Mrs., 1851-1920.	hathifiles_title
OL32629549W	Helbeck of Bannisdale	Ward, Humphry	1898	0	4	4	mdp.39015027815433|uc2.ark:/13960/t54f1s323|chi.098612794	Helbeck of Bannisdale / by Mrs. Humphry Ward.	Ward, Humphry, Mrs., 1851-1920.	hathifiles_title
OL1518047W	The clue of the new pin	Edgar Wallace	1923	0	1	1	mdp.39015063976172	The clue of the new pin / by Edgar Wallace.	Wallace, Edgar, 1875-1932.	hathifiles_title
OL1517969W	Sergeant Sir Peter	Edgar Wallace	1930	0	1	0	mdp.39015065563051	Sergeant Sir Peter ...	Wallace, Edgar, 1875-1932.	hathifiles_title
OL14869466W	Paul Dombey	Charles Dickens	1895	0	2	2	mdp.39015063511383|nyp.33433074969217	Paul Dombey / From Dombey & son, by Charles Dickens. Condens	Dickens, Charles, 1812-1870.	hathifiles_title
OL863687W	The fortunes of Nigel ; Count Robert of Paris	Scott, Walter	1880	0	21	21	mdp.39015063951209|mdp.39015063951217|mdp.49015002396183	The fortunes of Nigel / by Sir Walter Scott.	Scott, Walter, 1771-1832.	hathifiles_title
OL7152478W	Waste heritage	Irene Baird	1939	0	1	0	mdp.39015001115842	Waste heritage / by Irene Baird.	Baird, Irene.	hathifiles_title
OL19667965W	Notre Dame de Paris	Victor Hugo	1928	0	4	2	uc1.32106006241670|uc1.32106006241688|pst.000030634800	Notre-Dame de Paris / Victor Hugo ; translated by Jessie Hay	Hugo, Victor, 1802-1885.	hathifiles_title
OL24935031W	Notre-Dame de Paris	Victor Hugo	1900	0	9	7	uc1.32106006241670|uc1.32106006241688|pst.000013170233	Notre-Dame de Paris / Victor Hugo ; translated by Jessie Hay	Hugo, Victor, 1802-1885.	hathifiles_title
OL8663777W	Eric and Enid	Chrétien	1914	0	4	4	mdp.39015005266856|mdp.39015065986377|mdp.39015050644882	Eric and Enid / by Chrétien de Troyes.	Chrétien, de Troyes, active 12th century	hathifiles_title
OL10497279W	Working bullocks	Katharine Susannah Prichard	1926	0	2	1	mdp.39015002710724|uc1.$b513100	Working bullocks.	Prichard, Katharine Susannah, 1884-1969.	hathifiles_title
OL2756711W	Windyridge	William Riley	1913	0	3	3	mdp.39015067068406|uc2.ark:/13960/t4dn41r5c|uiug.30112124385797	Windyridge / by W. Riley.	Riley, W. 1866-1961.	hathifiles_title
OL22589162W	Jazz parody	Charles Harvey	1948	0	1	0	mdp.39015013260800	Jazz parody : anthology of jazz fiction / edited by Chas. Ha		hathifiles_title
OL13545501W	Old friends to keep	Thomas Alfred Jackson	1950	0	1	0	mdp.39015073390943	Old friends to keep : studies of English novels and novelist	Jackson, T. A. 1879-1955.	hathifiles_title
OL4958929W	Old friends to keep	T. A. Jackson	1950	0	1	0	mdp.39015073390943	Old friends to keep : studies of English novels and novelist	Jackson, T. A. 1879-1955.	hathifiles_title
OL40845265W	The near and the far	L. H. Myers	1943	0	2	0	mdp.39015003959148|uc1.31822013860580	The near and the far; containing The root and the flower & T	Myers, L. H. 1881-1944.	hathifiles_title
OL39451977W	Memoirs of a physician	Dumas, Alexandre	1894	0	19	19	hvd.32044024441602|hvd.32044100900307|uiug.30112045908446	Memoirs of a physician.	Dumas, Alexandre, 1802-1870	hathifiles_title
OL24661223W	Tom Grogan	F. Hopkinson Smith	1896	0	8	8	uc2.ark:/13960/t1gh9bk4p|hvd.hn1riq|hvd.hwp9dg	Tom Grogan / by F. Hopkinson Smith ; with illustrations by C	Smith, Francis Hopkinson, 1838-1915.	hathifiles_title
OL44950141W	Novels and novelists		1898	0	4	3	mdp.39015059385883|mdp.39015010917790|uva.x000438864	Novels and novelists : chapters on the Waverley novels, incl		hathifiles_title
OL61548W	The war of the Wenuses	Charles L. Graves	1898	0	1	1	mdp.39015030841350	The war of the wenuses / translated from the Artesian of H.G	Graves, Charles L. 1856-1944.	hathifiles_title
OL17955355W	The novel and the people. --	Ralph Fox	1937	0	2	0	mdp.39015073373972|mdp.39015003939702	The novel and the people / by Ralph Fox.	Fox, Ralph, 1900-1936.	hathifiles_title
OL39092709W	THE BROTHERS KARAMAZOV	Fyodor Mikhaylovich Dostoyevsky	1927	0	15	3	uc1.32106005440653|dul1.ark:/13960/t9h46w461|mdp.39015031606141	The brothers Karamazov,	Dostoyevsky, Fyodor, 1821-1881.	hathifiles_title
OL39195597W	Brothers Karamazov	Fyodor Mikhaylovich Dostoyevsky	1933	0	14	2	uc1.32106005440653|dul1.ark:/13960/t9h46w461|mdp.39015031606141	The brothers Karamazov,	Dostoyevsky, Fyodor, 1821-1881.	hathifiles_title
OL10416772W	Evgeny Onegin	Aleksandr Sergeevich Pushkin	1937	0	1	0	mdp.39015026859341	Evgeny Onegin / translated by Oliver Elton and illustrated b	Pushkin, Aleksandr Sergeevich, 1799-1837	hathifiles_title
OL31556002W	Peter the First	Tolstoy, Aleksey Nikolayevich	1946	0	1	0	mdp.39015005769628	Peter the First / [Translated by Tatiana Shebunina].	Tolstoy, Aleksey Nikolayevich, graf, 188	hathifiles_title
OL2462253W	Salt of the earth	Józef Wittlin	1941	0	1	0	mdp.39015003875179	Salt of the earth.	Wittlin, Józef, 1896-1976.	hathifiles_title
OL32093715W	The Arabian nights' entertainments	Sugden	1896	0	36	34	uc1.32106006131681|uva.x004575442|uva.x000528810	The Arabian nights' entertainments; or, The book of a thousa		hathifiles_title
OL22127297W	The Arabian nights' entertainments	Rich, Edwin Gile	1929	0	9	7	uc1.32106006131681|uva.x004575442|uva.x000528810	The Arabian nights' entertainments; or, The book of a thousa		hathifiles_title
OL32093739W	The Arabian nights' entertainments	Dalziel Brothers	1880	0	44	42	uc1.32106006131681|uva.x004575442|uva.x000528810	The Arabian nights' entertainments; or, The book of a thousa		hathifiles_title
OL32093156W	The Arabian nights entertainments		1896	0	36	34	uc1.32106006131681|uva.x004575442|uva.x000528810	The Arabian nights' entertainments; or, The book of a thousa		hathifiles_title
OL16312643W	Four chapters	Rabindranath Tagore	1950	0	1	0	mdp.39015039512440	Four chapters / [Translated by Surendranath Tagore]	Tagore, Rabindranath, 1861-1941.	hathifiles_title
OL1626303W	The prince of Ayodhya	Sarma, Dittakavi Subrahmanya	1946	0	1	0	mdp.39015065379391	The prince of Ayodhya.	Sarma, D. S. 1883-1970.	hathifiles_title
OL43303927W	The philosophy of fiction / by Grant Overton	Overton, Grant M. (Grant Martin), 1887-1930, author	1928	0	2	2	mdp.39015014683794|uc1.$b29733	The philosophy of fiction.	Overton, Grant M. 1887-1930.	hathifiles_title
OL17956179W	Novels of empire. --	Susanne Howe	1949	0	1	0	mdp.39015017677587	Novels of empire.	Howe, Susanne, 1896-	hathifiles_title
OL43666931W	The omnibus of crime	Dorothy L. Sayers	1929	0	5	5	rul.39030000896763|rul.39030009952765|mdp.39015013356368	The Omnibus of crime / edited by Dorothy L. Sayers.		hathifiles_title
OL34045247W	Droll Stories	Honoré de Balzac	1932	0	10	6	mdp.39015008671664|mdp.39015011340380|mdp.39015032130034	Droll stories.	Balzac, Honoré de, 1799-1850.	hathifiles_title
OL17736010W	The hunchback of Notre Dame	Victor Hugo	1924	0	4	4	mdp.39015002820861|uc1.31210003103221|uc1.31210010290193	The hunchback of Notre-Dame.	Hugo, Victor, 1802-1885.	hathifiles_title
OL32830440W	The hunchback of Notre Dame	Victor Hugo	1900	0	8	8	mdp.39015002820861|uc1.31210003103221|pst.000013609788	The hunchback of Notre-Dame.	Hugo, Victor, 1802-1885.	hathifiles_title
OL39239169W	Nana	Emile Zola	1887	0	13	5	uc2.ark:/13960/t4qj7b60d|uiuo.ark:/13960/t9d63086p|mdp.39015020101740	Nana.	Zola, Émile, 1840-1902.	hathifiles_title
OL38472784W	Nana	Emile Zola	1927	0	13	5	uc2.ark:/13960/t4qj7b60d|uiuo.ark:/13960/t9d63086p|mdp.39015020101740	Nana.	Zola, Émile, 1840-1902.	hathifiles_title
OL39436102W	The silence of Colonel Bramble	André Maurois	1920	0	5	5	mdp.39015063793445|uc1.$b318460|uc2.ark:/13960/t2b855v7r	The silence of Colonel Bramble.	Maurois, André, 1885-1967.	hathifiles_title
OL32033199W	Devil in the flesh	Raymond Radiguet	1932	0	2	0	uc1.$b318478|mdp.39015004657170	The devil in the flesh.	Radiguet, Raymond, 1903-1923.	hathifiles_title
OL17655237W	The life and strange adventures of Robinson Crusoe, of York, mariner	Daniel Defoe	1895	0	1	1	hvd.32044097038319	The life and strange adventures of Robinson Crusoe of York, 	Defoe, Daniel, 1661?-1731	hathifiles_title
OL32092682W	The life and strange surprising adventures of Robinson Crusoe, of York, mariner, written by himself	Daniel Defoe	1882	0	1	0	mdp.39015078554378	The life and strange surprising adventures of Robinson Cruso	Defoe, Daniel, 1661?-1731.	hathifiles_title
OL7581152W	A new source for Lancelot's madness	Dorothy Winters	1934	0	1	0	mdp.39015070337988	A new source for Lancelot's madness.	Winters, Dorothy, 1905-	hathifiles_title
OL13339933W	Primer of the novel	Vincent McHugh	1950	0	2	2	uc1.$b662878|uc1.32106001691812	Primer of the novel.	McHugh, Vincent, 1904-1983.	hathifiles_title
OL17820235W	Pilgrims through space and time	J. O. Bailey	1947	0	1	0	mdp.39015010258526	Pilgrims through space and time; trends and patterns in scie	Bailey, J. O. 1903-1979.	hathifiles_title
OL19392293W	The art of the mystery story	Howard Haycraft	1947	0	2	0	mdp.39015000684764|mdp.39015008972831	The art of the mystery story : a collection of critical essa	Haycraft, Howard, 1905-1991.	hathifiles_title
OL14860879W	The art of fiction and other essays	James, Henry	1948	0	1	0	mdp.39015005170504	The art of fiction, and other essays.	James, Henry, 1843-1916.	hathifiles_title
OL6569852W	A world of great stories	Haydn, Hiram Collins	1947	0	1	0	mdp.39076006851526	A world of great stories / ed. by Hiram Haydn and John Courn	Haydn, Hiram, 1907-1973,	hathifiles_title
OL43344702W	The short story's mutations from Petronius to Paul Morand / by Frances Newman	Newman, Frances, 1883-1928 comp. and tr.	1925	0	3	3	mdp.39015062374775|uc1.b3125235|mdp.39015005254233	The Short story's mutations from Petronius to Paul Morand / 		hathifiles_title
OL18838934W	International modern plays	Anthony Dent	1950	0	2	0	mdp.39015005247039|osu.32435004576567	International modern plays / edited with an introd. by Antho		hathifiles_title
OL15142749W	Humor		1927	0	2	0	mcg.ark:/13960/t3619js3m|mdp.39015014233954	Humor : its theory and technique, with examples and samples;	Leacock, Stephen, 1869-1944.	hathifiles_title
OL18067890W	The Song of Roland	Turoldus	1919	0	18	7	rul.39030000785628|mdp.39015005052397|uc1.b3750749	The song of Roland / translated by C.K. Scott Moncrieff ; wi		hathifiles_title
OL17022555W	The song of Roland	Isabel Butler	1906	0	22	11	rul.39030000785628|mdp.39015005052397|uc1.b3750749	The song of Roland / translated by C.K. Scott Moncrieff ; wi		hathifiles_title
OL18764295W	Gargantua and Pantagruel	François Rabelais	1936	0	17	2	uva.x000431490|uva.x000431480|uva.x000431495	Gargantua and Pantagruel : the five books / by François Rab	Rabelais, François, approximately 1490-	hathifiles_title
OL41496381W	The three musketeers	Dumas, Alexandre	1928	0	9	4	mdp.39015002153909|uc1.b3999562|uva.x001817663	The three musketeers / Illustrated by C. Walter Hodges. Intr	Dumas, Alexandre, 1802-1870.	hathifiles_title
OL39452048W	The three musketeers	Dumas, Alexandre	1894	0	30	25	mdp.39015002153909|hvd.hwk9k8|hvd.hwk9k9	The three musketeers / Illustrated by C. Walter Hodges. Intr	Dumas, Alexandre, 1802-1870.	hathifiles_title
OL32958942W	Colomba	Prosper Mérimée	1902	0	4	4	mdp.39015058686315|mdp.49015000755372|cub.p101102313008	Colomba.	Mérimée, Prosper, 1803-1870.	hathifiles_title
OL24821358W	Days of wrath	André Malraux	1936	0	2	0	mdp.39015033408041|mdp.39015063072741	Days of wrath / by André Malraux ; translated by Haakon M. C	Malraux, André, 1901-1976.	hathifiles_title
OL11662274W	The female pen	Bridget G MacCarthy	1948	0	4	0	uva.x001179417|uva.x001179389|inu.32000007909726	The female pen.	MacCarthy, B. G.	hathifiles_title
OL6681570W	Women novelists from Fanny Burney to George Eliot	Muriel Agnes Bussell Masefield	1934	0	2	0	mdp.39015063862166|mdp.39015030936580	Women novelists from Fanny Burney to George Eliot.	Masefield, Muriel Agnes Bussell.	hathifiles_title
OL29276402W	The Development of the English novel	Wilbur L. Cross	1904	0	19	18	mdp.39015063697844|mdp.39015065526058|mdp.39015065526348	The development of the English novel / by Wilbur L. Cross.	Cross, Wilbur L. 1862-1948.	hathifiles_title
OL15458069W	The development of the English novel	Wilbur Lucius Cross	1922	0	9	8	mdp.39015063697844|mdp.39015065526058|mdp.39015065526348	The development of the English novel / by Wilbur L. Cross.	Cross, Wilbur L. 1862-1948.	hathifiles_title
OL243329W	The development of the English novel	Wilbur Lucius Cross	1922	0	9	8	mdp.39015063697844|mdp.39015065526058|mdp.39015065526348	The development of the English novel / by Wilbur L. Cross.	Cross, Wilbur L. 1862-1948.	hathifiles_title
OL18494361W	The English novel	Raleigh, Walter Alexander	1925	0	3	3	mdp.39015019962169|mdp.39015030127990|mdp.39015030839586	The English novel : being a short sketch of its history from	Raleigh, Walter, 1861-1922.	hathifiles_title
OL10469831W	English history in English fiction	John Arthur Ransome Marriott	1940	0	3	0	mdp.39015063698313|mdp.39015030839297|osu.32435004634465	English history in English fiction / by Sir John Marriott ..	Marriott, J. A. R. Sir, 1859-1945.	hathifiles_title
OL10572374W	Some studies in the modern novel	Dorothy M. Hoare	1938	0	4	1	mdp.39015063080454|mdp.39015002984964|uc1.b3512673	Some studies in the modern novel.	Hoare, Dorothy Mackenzie, 1901-	hathifiles_title
OL12108310W	The withered branch	Derek S Savage	1950	0	4	1	uc1.b3393704|uc1.b3865887|mdp.39015028750282	The withered branch; six studies in the modern novel.	Savage, D. S.	hathifiles_title
OL18511075W	England, yesterday & to-day, in the works of the novelists, 1837 to 1938	Felix Alan Walbank	1949	0	3	0	uc1.$b112953|rul.39030008969968|mdp.39015063697877	England, yesterday & to-day, in the works of the novelists, 	Walbank, F. Alan 1913-	hathifiles_title
OL32437170W	Poets of the English Language	W. H. Auden	1950	0	26	0	mdp.39015012889021|mdp.39015033279871|mdp.39015005590842	Poets of the English language / edited by W.H.Auden and Norm	Auden, W. H. 1907-1973.	hathifiles_title
OL18001677W	Poets of the English language	W. H. Auden	1950	0	26	0	mdp.39015012889021|mdp.39015033279871|mdp.39015005590842	Poets of the English language / edited by W.H.Auden and Norm	Auden, W. H. 1907-1973.	hathifiles_title
OL18059690W	Hamlet in Iceland	Gollancz, Israel	1898	0	1	1	hvd.32044014788038	Hamlet in Iceland : being the Icelandic romantic Ambales sag		hathifiles_title
OL17687395W	The life and surprising adventures of Robinson Crusoe, of York, mariner	Daniel Defoe	1882	0	14	14	mdp.39015078553693|mdp.39015078552562|mdp.39015078553206	The life and surprising adventures of Robinson Crusoe of Yor	Defoe, Daniel, 1661?-1731.	hathifiles_title
OL16109201W	The life and surprising adventures of Robinson Crusoe of York, mariner	Daniel Defoe	1888	0	12	12	mdp.39015078553693|mdp.39015078553206|mdp.39015078552042	The life and surprising adventures of Robinson Crusoe of Yor	Defoe, Daniel, 1661?-1731.	hathifiles_title
OL2923307W	Ivanhoe	Scott, Walter	1940	0	10	7	mdp.39015020710409|uiug.30112010345137|pst.000030841949	Ivanhoe.	Scott, Walter, 1771-1832.	hathifiles_title
OL19668304W	Ivanhoe	Scott, Walter	1935	0	10	7	mdp.39015020710409|uiug.30112010345137|pst.000030841949	Ivanhoe.	Scott, Walter, 1771-1832.	hathifiles_title
OL39438083W	The way we live now	Trollope, Anthony	1881	0	8	6	mdp.39015002600867|mdp.39015002662990|mdp.39015004181932	The way we live now.	Trollope, Anthony, 1815-1882.	hathifiles_title
OL11888250W	The German prisoner	James Hanley	1930	0	1	1	inu.32000009139157	The German prisoner / by James Hanley ; with an introd. by R	Hanley, James, 1901-	hathifiles_title
OL1202836W	The German prisoner	Hanley, James	1930	0	1	1	inu.32000009139157	The German prisoner / by James Hanley ; with an introd. by R	Hanley, James, 1901-	hathifiles_title
OL81240W	Love among the haystacks & other pieces	Lawrence, D. H.	1930	0	1	0	mdp.39015001415762	Love among the haystacks & other pieces.	Lawrence, D. H. 1885-1930.	hathifiles_title
OL29270969W	Brideshead revisited	Evelyn Waugh	1944	0	3	0	uc1.b3826722|pst.000030848481|uva.x000035944	Brideshead revisited; the sacred and profane memories of Cap	Waugh, Evelyn, 1903-1966.	hathifiles_title
OL13294473W	Writers in crisis	Geismar	1942	0	4	0	mdp.39015003750141|mdp.39015003653741|pst.000029578566	Writers in crisis; the American novel between two wars / by 	Geismar, Maxwell, 1909-1979.	hathifiles_title
OL43429602W	Farewell, my lovely	Chandler, Raymond	1945	0	2	0	mdp.39015011624593|uc1.32106002095781	Farewell, my lovely.	Chandler, Raymond, 1888-1959.	hathifiles_title
OL13101948W	The ship	C. S. Forester	1949	0	2	0	mdp.39015020828748|uc1.b4095358	The ship / by C.S. Forester.	Forester, C. S. 1899-1966.	hathifiles_title
OL18493695W	The free man	Conrad Richter	1944	0	4	4	mdp.39015002717091|uc1.$b244488|mdp.39015059771025	The free man / by Conrad Richter.	Richter, Conrad, 1890-1968.	hathifiles_title
OL33651002W	The Disenchanted	Budd Schulberg	1950	0	5	0	mdp.39015002719766|mdp.39015002719774|mdp.39015002719758	The disenchanted / Budd Schulberg.	Schulberg, Budd.	hathifiles_title
OL19923013W	The disenchanted	Budd Schulberg	1950	0	5	0	mdp.39015002719766|mdp.39015002719774|mdp.39015002719758	The disenchanted / Budd Schulberg.	Schulberg, Budd.	hathifiles_title
OL44405858W	The long valley	John Steinbeck	1939	0	4	0	mdp.39015005509776|uc1.b3187766|mdp.39015008257449	The long valley.	Steinbeck, John, 1902-1968.	hathifiles_title
OL44670220W	Look homeward, angel: II	Thomas Wolfe	1948	0	7	0	mdp.39015020821958|mdp.39015002684549|mdp.39015020752096	Look homeward, angel : a story of the buried life / by Thoma	Wolfe, Thomas, 1900-1938.	hathifiles_title
OL43269437W	Look homeward, angel	Thomas Wolfe	1939	0	10	0	mdp.39015020821958|mdp.39015013102960|miun.afb3438.0001.001	Look homeward, angel : a story of the buried life / by Thoma	Wolfe, Thomas, 1900-1938.	hathifiles_title
OL20657344W	Winter's tales	Dinesen, Isak	1942	0	3	0	mdp.39015035320921|uc1.32106006573635|uc1.32106002252325	Winter's tales / Isak Dinesen.	Dinesen, Isak, 1885-1962.	hathifiles_title
OL99494W	The Bastable children	E. Nesbit	1929	0	2	2	mdp.39015069251935|pur1.32754063139087	The Bastable children; containing The treasure seekers, The 	Nesbit, E. 1858-1924.	hathifiles_title
OL15860606W	The tower by the sea	Meindert De Jong	1950	0	1	0	uc1.b4101779	The tower by the sea; illustrated by Barbara Comfort.	De Jong, Meindert, 1906-1991.	hathifiles_title
OL2588346W	Wait for William	Marjorie Flack	1935	0	1	0	mdp.39015014511698	Wait for William.	Flack, Marjorie, 1897-1958.	hathifiles_title
OL188037W	Cinders	Katharine Gibson	1939	0	1	0	uc1.b4098260	Cinders.	Gibson, Katharine, b. 1893.	hathifiles_title
OL4649311W	Wee Gillis	Munro Leaf	1938	0	1	0	mdp.39015020472083	Wee Gillis / by Munro Leaf ; illustrated by Robert Lawson.	Leaf, Munro, 1905-1976.	hathifiles_title
OL32028019W	Wee Gillis	Munro Leaf	1943	0	1	0	mdp.39015020472083	Wee Gillis / by Munro Leaf ; illustrated by Robert Lawson.	Leaf, Munro, 1905-1976.	hathifiles_title
OL1449046W	The Story of Doctor Dolittle	Hugh Lofting	1920	0	10	6	hvd.32044024270993|uva.x000194130|uc1.b4099023	The story of Doctor Dolittle : being the history of his pecu	Lofting, Hugh, 1886-1947	hathifiles_title
OL44650258W	At the back of the north wind	George Macdonald	1886	0	11	9	mdp.39015003860528|mdp.39015066904783|nc01.ark:/13960/t53f5v60h	At the back of the North Wind / by George MacDonald ; with 8	MacDonald, George, 1824-1905.	hathifiles_title
OL1455042W	Heidi	Spyri, Johanna	1885	0	20	18	mdp.39015027228330|uva.x001817552|mdp.39015027228348	Heidi / by Johanna Spyri; tr. by Elisabeth P. Stork; with an	Spyri, Johanna, 1827-1901.	hathifiles_title
OL10583535W	Heidi	Spyri, Johanna	1910	0	12	10	mdp.39015027228330|uva.x001817552|mdp.39015027228348	Heidi / by Johanna Spyri; tr. by Elisabeth P. Stork; with an	Spyri, Johanna, 1827-1901.	hathifiles_title
OL16583963W	Heidi	Spyri, Johanna	1922	0	8	6	mdp.39015027228348|pst.000007496462|mdp.39076002580483	Heidi.	Spyri, Johanna, 1827-1901.	hathifiles_title
OL30629358W	Heidi	Spyri, Johanna	1925	0	8	6	mdp.39015027228348|pst.000007496462|mdp.39076002580483	Heidi.	Spyri, Johanna, 1827-1901.	hathifiles_title
OL23535759W	Heidi	Spyri, Johanna	1927	0	7	5	mdp.39015027228348|mdp.39076002580483|nc01.ark:/13960/t5t73hd8m	Heidi.	Spyri, Johanna, 1827-1901.	hathifiles_title
OL1521803W	The Story of Little Black Sambo	Helen Bannerman	1900	0	1	1	nc01.ark:/13960/t5s76dk31	The story of Little Black Sambo / by Helen Bannerman.	Bannerman, Helen, 1862-1946.	hathifiles_title
OL44959969W	The tale of Mrs. Tiggy-Winkle	Beatrix Potter	1905	0	2	1	mdp.39015013147809|mdp.49015002795665	The tale of Mrs. Tiggy-Winkle.	Potter, Beatrix, 1866-1943.	hathifiles_title
OL8393099W	The Tale of Squirrel Nutkin	Beatrix Potter	1903	0	2	2	mdp.39015013146272|mdp.39015089573987	The tale of squirrel Nutkin.	Potter, Beatrix, 1866-1943.	hathifiles_title
OL44368791W	Gulliver's travels	Swift, Jonathan	1930	0	27	9	mdp.39015078566349|mdp.39015078566356|mdp.39015051174855	Gulliver's travels / by Jonathan Swift, D. D. The text of th	Swift, Jonathan, 1667-1745.	hathifiles_title
OL32012916W	The real adventures of Robinson Crusoe	Burnand, F. C.	1893	0	4	4	mdp.39015078568295|uc2.ark:/13960/t2q52gx1q|uc1.b4101375	The real adventures of Robinson Crusoe / By F. C. Burnand ..	Burnand, F. C. 1836-1917.	hathifiles_title
OL42504151W	Micah Clarke	Doyle, Arthur Conan	1894	0	18	18	mdp.39015011229856|mdp.39015079185271|mdp.39015079185370	Micah Clarke.	Doyle, Arthur Conan, 1859-1930.	hathifiles_title
OL5591422W	The tale of two horses	Tschiffely, A. F.	1935	0	1	0	mdp.39015067097454	The tale of two horses / by A. F. Tschiffely; with a preface	Tschiffely, A. F. 1895-1954.	hathifiles_title
OL43879163W	Quentin Durward	Scott, Walter	1929	0	10	6	mdp.39015016708169|mdp.39015011000588|mdp.49015000811043	Quentin Durward : Ivanhoe, Kenilworth / by Sir Walter Scott.	Scott, Walter, 1771-1832,	hathifiles_title
OL33137271W	Treasure island	Robert Louis Stevenson	1927	0	15	7	uva.x000384282|mdp.39015011802488|mdp.39015010738071	Treasure Island; illus. by William Sharp.	Stevenson, Robert Louis, 1850-1894.	hathifiles_title
OL86316W	Stephen Hero	Joyce, James	1944	0	2	0	uc1.31822005721741|uc1.31210004502702	Stephen hero : part of the first draft of 'A portrait of the	Joyce, James, 1882-1941.	hathifiles_title
OL19665418W	The gladiators	Koestler, Arthur	1939	0	1	0	mdp.39015011346080	The gladiators / Translated by Edith Simon.	Koestler, Arthur, 1905-1983.	hathifiles_title
OL81243W	The plumed serpent (Quetzalcoatl)	Lawrence, D. H.	1926	0	1	0	mdp.39015063931052	The plumed serpent, Quetzalcoatl / D.H. Lawrence ; introduct	Lawrence, D. H. 1885-1930.	hathifiles_title
OL3496362W	Precious Bane	Mary Webb	1929	0	12	7	mdp.39015046444272|uc1.$b245202|mdp.39015066650105	Precious bane.	Webb, Mary, 1881-1927.	hathifiles_title
OL10489230W	Precious bane	Mary Gladys Meredith Webb	1927	0	12	7	mdp.39015046444272|uc1.$b245202|mdp.39015066650105	Precious bane.	Webb, Mary, 1881-1927.	hathifiles_title
OL42480042W	Flush	Virginia Woolf	1933	0	1	0	uc1.b3311743	Flush,	Woolf, Virginia, 1882-1941.	hathifiles_title
OL12863389W	American fiction	Arthur Hobson Quinn	1936	0	3	0	mdp.39015005526333|mdp.39015005090967|uc1.b3630091	American fiction; an historical and critical survey / by Art	Quinn, Arthur Hobson, 1875-1960.	hathifiles_title
OL18407686W	The shapers of American fiction, 1798-1947	Snell, George D.	1947	0	8	2	mdp.39015003859686|umn.31951001629405g|osu.32435018190165	The shapers of American fiction, 1798-1947 / by George Snell	Snell, George D. 1909-1991.	hathifiles_title
OL9202802W	The beginnings of naturalism in American fiction	Lars Åhnebrink	1950	0	1	0	mdp.39015002840919	The beginnings of naturalism in American fiction.	Åhnebrink, Lars.	hathifiles_title
OL11683329W	The beginnings of naturalism in American fiction	Lars Åhnebrink	1950	0	1	0	mdp.39015002840919	The beginnings of naturalism in American fiction.	Åhnebrink, Lars.	hathifiles_title
OL12244182W	Negro voices in American fiction	Hugh Morris Gloster	1948	0	3	0	mdp.39015003750117|mdp.39015002314378|uc1.32106002052519	Negro voices in American fiction.	Gloster, Hugh M. 1911-2002.	hathifiles_title
OL12212698W	American fiction, 1920-1940	Joseph Warren Beach	1941	0	8	0	mdp.39015003758110|mdp.39015003758136|mdp.39015031023735	American fiction, 1920-1940 / by Joseph Warren Beach ...	Beach, Joseph Warren, 1880-1957.	hathifiles_title
OL7137858W	The best American humorous short stories	Linscott, Robert Newton	1945	0	3	0	mdp.39015005042695|uc1.32106005748287|uc1.b4386504	The best American humorous short stories / edited, with an i	Linscott, Robert N. 1886-1964,	hathifiles_title
OL1164809W	Stories	Caldwell, Erskine	1944	0	4	0	mdp.39015016458708|uc1.b4354489|uc1.$b114446	Stories / [by] Jean Stafford [and others]		hathifiles_title
OL32146081W	The cup of trembling, and other stories	Foote, Mary Hallock	1895	0	3	3	hvd.hn1ptg|coo1.ark:/13960/t3st84x4r|uc2.ark:/13960/t9v11w930	The cup of trembling, and other stories; by Mary Hallock Foo	Foote, Mary Hallock, 1847-1938	hathifiles_title
OL36050053W	Youma	Hearn, Lafcadio	1890	0	4	4	hvd.32044012298964|txu.059173025246457|coo1.ark:/13960/t6pz5rv8c	Youma; the story of a West-Indian slave, by Lafcadio Hearn .	Hearn, Lafcadio, 1850-1904	hathifiles_title
OL14861073W	Selected novels of Henry James	James, Henry	1946	0	1	0	mdp.39015005237089	Selected novels of Henry James.	James, Henry, 1843-1916.	hathifiles_title
OL276439W	The Author of Beltraffio	James, Henry	1885	0	7	6	hvd.32044019011873|uc1.b3865785|uc2.ark:/13960/t57d2qt72	The author of Beltraffio; Pandora; Georgina's reasons; The p	James, Henry, 1843-1916	hathifiles_title
OL16331007W	The Novel of tomorrow and the scope of fiction		1922	0	4	4	mdp.39015030996212|uc2.ark:/13960/t01z4dp44|uc1.$b275440	The Novel of tomorrow and the scope of fiction / by twelve A		hathifiles_title
OL32428261W	Postman Always Rings Twice	James M. Cain	1938	0	2	0	mdp.39015000207665|uc1.31210001505377	The postman always rings twice.	Cain, James M. 1892-1977.	hathifiles_title
OL3480719W	The postman always rings twice	James M. Cain	1934	0	2	0	mdp.39015000207665|uc1.31210001505377	The postman always rings twice.	Cain, James M. 1892-1977.	hathifiles_title
OL18366710W	Guard of honor	James Gould Cozzens	1948	0	4	0	mdp.39015010539552|mdp.39015000643000|mdp.39015000669716	Guard of honor / James Gould Cozzens.	Cozzens, James Gould, 1903-1978.	hathifiles_title
OL34374533W	Mask of Silenus	Babette Deutsch	1933	0	1	0	mdp.39015014110053	Mask of Silenus; a novel about Socrates.	Deutsch, Babette, 1895-1982.	hathifiles_title
OL8306199W	The leopard's spots	Dixon, Thomas	1902	0	18	18	mdp.39015014110012|coo1.ark:/13960/t1qf98m6r|uc2.ark:/13960/t1hh6ct4d	The leopard's spots; a romance of the white man's burden 186	Dixon, Thomas, Jr., 1864-1946.	hathifiles_title
OL468479W	Tales of the Jazz Age	F. Scott Fitzgerald	1922	0	6	6	uc1.32106015529883|coo1.ark:/13960/t8bg38k4x|uc2.ark:/13960/t9m32p098	Tales of the jazz age / by F. Scott Fitzgerald.	Fitzgerald, F. Scott 1896-1940.	hathifiles_title
OL38699738W	Jonah	Nathan, Robert	1925	0	5	4	mdp.39015024850748|mdp.39015030709912|uc1.$b243954	Jonah / by Robert Nathan.	Nathan, Robert, 1894-1985.	hathifiles_title
OL4109161W	The river journey	Nathan, Robert	1949	0	3	0	mdp.39015030707759|uc1.$b104012|uc1.b3711075	The river journey.	Nathan, Robert, 1894-1985.	hathifiles_title
OL1454275W	Pitcairn's island	Nordhoff, Charles	1935	0	1	0	mdp.39015010726860	Pitcairn's island / by Charles Nordhoff and James Norman Hal	Nordhoff, Charles, 1887-1947.	hathifiles_title
OL8085601W	Pitcairn's Island	Charles Nordhoff	1935	0	1	0	mdp.39015010726860	Pitcairn's island / by Charles Nordhoff and James Norman Hal	Nordhoff, Charles, 1887-1947.	hathifiles_title
OL13471615W	Oliver Wiswell	Kenneth Lewis Roberts	1940	0	4	0	mdp.39015002718446|mdp.39076006275957|uiug.30112003610752	Oliver Wiswell / [by] Kenneth Roberts.	Roberts, Kenneth Lewis, 1885-1957.	hathifiles_title
OL44622934W	The jungle	Upton Sinclair	1906	1	11	10	uva.x006143630|mdp.39015026884190|hvd.32044004542940	The jungle / With the author's 1946 introd.	Sinclair, Upton, 1878-1968.	hathifiles_title
OL23197W	The Red Pony	John Steinbeck	1933	0	2	0	mdp.39015005501682|mdp.39015004084789	The red pony / by John Steinbeck ; with ill. by Wesley Denni	Steinbeck, John, 1902-1968.	hathifiles_title
OL17673274W	My friend Flicka	Mary O'Hara	1941	0	1	0	uc1.b4087563	My friend Flicka.	O'Hara, Mary.	hathifiles_title
OL15147204W	My friend Flicka	Mary O'Hara	1941	0	1	0	uc1.b4087563	My friend Flicka.	O'Hara, Mary.	hathifiles_title
OL10613054W	The snake pit	Mary Jane Ward	1946	0	3	0	mdp.39015004344464|mdp.39015001539843|pst.000030567658	The snake pit / [by] Mary Jane Ward.	Ward, Mary Jane, 1905-1981.	hathifiles_title
OL10688485W	The grandmothers	Glenway Wescott	1927	0	3	3	mdp.39015004256239|uc1.$b105904|uc1.b4086456	The grandmothers : a family portrait. By Glenway Wescott.	Wescott, Glenway, 1901-1987.	hathifiles_title
OL32146717W	The age of innocence	Edith Wharton	1920	0	14	10	mdp.39015035315129|mdp.39015008007851|mdp.39015066063226	The age of innocence / by Edith Wharton ...	Wharton, Edith, 1862-1937.	hathifiles_title
OL98501W	Ethan Frome	Edith Wharton	1910	1	12	10	mdp.39015001367427|mdp.39015004113919|mdp.39015009041719	Ethan Frome / with a forward and a study guide by Helen T. M	Wharton, Edith, 1862-1937.	hathifiles_title
OL33401743W	The fruit of the tree	Edith Wharton	1907	0	6	6	mdp.39015011001685|uc2.ark:/13960/t9c53fr56|hvd.32044005602651	The fruit of the tree / by Edith Wharton; with illustrations	Wharton, Edith, 1862-1937.	hathifiles_title
OL32146725W	The fruit of the tree	Edith Wharton	1907	0	6	6	mdp.39015011001685|uc2.ark:/13960/t9c53fr56|hvd.32044005602651	The fruit of the tree / by Edith Wharton; with illustrations	Wharton, Edith, 1862-1937.	hathifiles_title
OL32146737W	Sanctuary	Edith Wharton	1903	0	8	8	mdp.39015009098040|mdp.39015048847431|uc2.ark:/13960/t2q52gc7f	Sanctuary / with illustrations by Walter Appleton Clark.	Wharton, Edith, 1862-1937.	hathifiles_title
OL19670291W	The Swiss family Robinson	Johann David Wyss	1916	0	16	6	mdp.39015078574475|uva.x000826991|mdp.39015078574863	The Swiss family Robinson / by Johann David Wyss, edited wit	Wyss, Johann David, 1743-1818.	hathifiles_title
OL27587809W	Swiss Family Robinson	Johann David Wyss	1924	0	15	5	mdp.39015078574475|uva.x000826991|mdp.39015078574681	The Swiss family Robinson / by Johann David Wyss, edited wit	Wyss, Johann David, 1743-1818.	hathifiles_title
OL15712282W	The Swiss family Robinson	Johann David Wyss	1897	0	31	21	mdp.39015078574475|uva.x000826991|mdp.39015078573279	The Swiss family Robinson / by Johann David Wyss, edited wit	Wyss, Johann David, 1743-1818.	hathifiles_title
OL14867081W	Buddenbrooks	Thomas Mann	1909	0	11	4	mdp.39015004319953|mdp.39015015384889|mdp.39015015389532	Buddenbrooks / translated from the German by H. T. Lowe-Port	Mann, Thomas, 1875-1955.	hathifiles_title
OL14867080W	Doctor Faustus	Thomas Mann	1947	0	4	0	inu.30000006587343|pst.000030290020|mdp.39076006301878	Doctor Faustus; the life of the German composer Adrian Lever	Mann, Thomas, 1875-1955.	hathifiles_title
OL43865773W	Young Joseph	Thomas Mann	1938	0	2	0	mdp.39015003641050|uc1.32106010008610	Young Joseph / translated from the German for the first time	Mann, Thomas, 1875-1955.	hathifiles_title
OL16730425W	Aesop's fables	John Murray	1882	0	9	6	mdp.39015017690515|mdp.39015008536586|mdp.39015008549787	Aesop's fables / edited and illustrated with wood engravings		hathifiles_title
OL265984W	Caddie Woodlawn	Carol Ryrie Brink	1935	0	3	0	uva.x000778605|mdp.39015005473692|uc1.b4098189	Caddie Woodlawn,	Brink, Carol Ryrie, 1895-1981.	hathifiles_title
OL1672346W	Stone soup	Marcia Brown	1947	0	3	0	pst.000061786264|mdp.39076006968510|mdp.49015000909359	Stone soup : an old tale / told and pictured by Marcia Brown	Brown, Marcia.	hathifiles_title
OL151922W	Henry and Beezus	Cleary, Beverly.	1923	0	1	0	mdp.39015011803635	Henry and Beezus / illustrated by Louis Darling.	Cleary, Beverly.	hathifiles_title
OL5590840W	Sensible Kate	Doris Gates	1943	0	1	0	mdp.39015024085964	Sensible Kate / a story by Doris Gates, illustrated by Marjo	Gates, Doris, 1901-1987.	hathifiles_title
OL39433074W	In the reign of terror	G. A. Henty	1917	0	3	2	mdp.39015023998357|mdp.39015073429295|uc2.ark:/13960/t5p84cn0q	In the reign of terror : the adventures of a Westminster boy	Henty, G. A. 1832-1902.	hathifiles_title
OL3351767W	One horse farm	Dahlov Zorach Ipcar	1950	0	2	0	mdp.39015008398615|uc1.b4098984	One horse farm.	Ipcar, Dahlov, 1917-2017.	hathifiles_title
OL11867322W	Pocahontas and Captain John Smith	Marie Abrams Lawson	1950	0	1	0	uva.x000824944	Pocahontas and Captain John Smith; the story of the Virginia	Lawson, Marie Abrams.	hathifiles_title
OL1526297W	Cowboy Small	Lenski, Lois	1949	0	2	0	uc1.b4099003|mdp.49015000911371	Cowboy Small.	Lenski, Lois, 1893-1974.	hathifiles_title
OL3235618W	Snipp, Snapp, Snurr and the Big Farm	Maj Lindman	1946	0	2	0	mdp.39015024087127|umn.31951000957707f	Snipp, Snapp, Snurr and the big farm.	Lindman, Maj.	hathifiles_title
OL1528827W	Five Little Peppers Abroad	Margaret Sidney	1902	0	3	3	mdp.39015039683613|hvd.hn248r|nyp.33433082547898	Five little Peppers abroad / by Margaret Sidney [pseudonym] 	Sidney, Margaret, 1844-1924.	hathifiles_title
OL4107393W	The Sherwood Ring	Elizabeth Marie Pope	1948	0	1	0	mdp.39015008856042	The Sherwood ring / Illustrated by Evaline Ness.	Pope, Elizabeth Marie, 1917-1992.	hathifiles_title
OL44075121W	Otto of the silver hand	Howard Pyle	1935	0	2	2	mdp.39015005587541|mdp.39015008245170	Otto of the Silver Hand / Written and illustrated by Howard 	Pyle, Howard, 1853-1911.	hathifiles_title
OL39414350W	Mrs. Wiggs of the cabbage patch	Alice Hegan Rice	1900	0	6	6	mdp.39015004288257|mdp.39015018289366|nc01.ark:/13960/t6252qg9v	Mrs. Wiggs of the cabbage patch / by Alice Caldwell Hegan.	Rice, Alice Hegan, 1870-1942.	hathifiles_title
OL15528257W	Shane	Jack Schaefer	1949	0	5	0	mdp.39015013020626|mdp.39015028382854|mdp.39015056292678	Shane / illustrated by John McCormack.	Schaefer, Jack, 1907-1991.	hathifiles_title
OL10366283W	While Susie sleeps	Nina Schneider	1948	0	1	0	mdp.39015014149663	While Susie sleeps / by Nina Schneider ; pictures by Dagmar 	Schneider, Nina, 1913-2007.	hathifiles_title
OL2957117W	Kit Carson, boy trapper	Augusta Stevenson	1945	0	1	0	mdp.39015027228561	Kit Carson, boy trapper / by Augusta Stevenson, illustrated 	Stevenson, Augusta.	hathifiles_title
OL19365343W	Li Lun : Lad of Courage	Carolyn Treffinger	1947	0	1	0	mdp.39076002656705	Li Lun : lad of courage / Carolyn Treffinger ; illustrated b	Treffinger, Carolyn.	hathifiles_title
OL38739907W	Young Walter Scott	Elizabeth Gray Vining	1936	0	1	0	mdp.39015027614315	Young Walter Scott.	Vining, Elizabeth Gray, 1902-1999.	hathifiles_title
OL1719759W	The Long Winter	Wilder, Laura Ingalls	1940	0	1	0	mdp.39015032393418	The long winter / illustrated by Garth Williams.	Wilder, Laura Ingalls, 1867-1957.	hathifiles_title
OL32094243W	Fairy tales	Hans Christian Andersen	1894	0	18	8	mdp.39015008308879|mdp.39015013455988|mdp.39015064535316	Fairy tales / by Hans Andersen ; illustrated by Arthur Rackh	Andersen, H. C. 1805-1875.	hathifiles_title
OL8137276W	Peter Pan	J. M. Barrie	1920	0	7	2	mdp.39015001799165|mdp.39015058010748|mdp.49015000105651	Peter Pan / illustrated by Nora S. Unwin.	Barrie, J. M. 1860-1937.	hathifiles_title
OL11364144W	Georgie	Robert Bright	1944	0	2	0	mdp.39015000528722|mdp.39015012844695	Georgie / by Robert Bright.	Bright, Robert, 1902-1988.	hathifiles_title
OL20542319W	The traveling musicians	Jacob Grimm	1944	0	1	0	mdp.39015012957570	The traveling musicians / a story by the brothers Grimm, wit		hathifiles_title
OL15137709W	Dick Whittington and his cat	Clinton, Althea L.	1931	0	2	0	mdp.39015005257756|mdp.39015010428517	Dick Whittington and his cat / told and cut in linoleum by M		hathifiles_title
OL1970123W	Freddy the detective	Walter R. Brooks	1932	0	1	0	mdp.39015027559049	Freddy the detective / by Walter R. Brooks ; with illustrati	Brooks, Walter R., 1886-1958.	hathifiles_title
OL121222W	The adventures of Paddy Beaver	Thornton W. Burgess	1917	0	2	2	mdp.39015027550808|nyp.33433064202769	The adventures of Paddy the beaver.	Burgess, Thornton W. 1874-1965.	hathifiles_title
OL869879W	The black Stallion and Satan	Walter Farley	1949	0	1	0	uva.x000842997	The black stallion and Satan;	Farley, Walter, 1915-1989.	hathifiles_title
OL1480370W	Born to trot	Marguerite Henry	1950	0	3	0	mdp.39015011707109|wu.89092951706|umn.31951000890853m	Born to trot / by Marguerite Henry ; illustrated by Wesley D	Henry, Marguerite, 1902-1997.	hathifiles_title
OL1256793W	Big Red	Jim Kjelgaard	1945	0	1	0	mdp.39015027559585	Big Red : the story of a champion Irish setter and a trapper	Kjelgaard, Jim, 1910-1959,	hathifiles_title
OL10343877W	Kentucky Derby winner	Isabella McLennan McMeekin	1949	0	1	0	mdp.39015027558215	Kentucky Derby winner.	McMeekin, Isabel McLennan, 1895-1973.	hathifiles_title
OL1921110W	Stolen pony	Rounds, Glen	1948	0	2	0	mdp.39015027558603|uc1.b4087204	Stolen pony.	Rounds, Glen, 1906-2002.	hathifiles_title
OL7459343W	The white panther	Theodore J. Waldeck	1941	0	2	0	mdp.39015027558447|uc1.b4098780	The white panther / by Theodore J. Waldeck, illustrated by K	Waldeck, Theodore J.	hathifiles_title
OL32090738W	Puss in Boots		1880	0	10	5	mdp.39015020488469|inu.32000002907758|mdp.49015000918517	Puss in Boots; a free translation from the French / With pic	Perrault, Charles, 1628-1703.	hathifiles_title
OL32090750W	Puss in boots		1887	0	10	5	mdp.39015020488469|inu.32000002907758|mdp.49015000918517	Puss in Boots; a free translation from the French / With pic	Perrault, Charles, 1628-1703.	hathifiles_title
OL33136415W	The adventures of Pinocchio	Carlo Collodi	1900	0	4	2	mdp.39015008683529|mdp.39015020488626|mdp.39015002652009	The adventures of Pinocchio / by C. Collodi [i.e. C. Lorenzi	Collodi, Carlo, 1826-1890.	hathifiles_title
OL830702W	South American jungle tales	Horacio Quiroga	1922	0	3	1	mdp.39015012094325|uc1.b4053266|nyp.33333081193076	South American jungle tales,.	Quiroga, Horacio, 1878-1937.	hathifiles_title
OL12834243W	Chronicle of Dawn	Ramón José Sender	1945	0	1	0	mdp.39015012971332	Chronicle of dawn / by Ramón J. Sender ; translated from the	Sender, Ramón José, 1901-1982.	hathifiles_title
OL22108746W	Ancient Indian fables and stories, being a selection from the Panchatantra	Stanley Rice	1924	0	1	1	mdp.39015018651979	Ancient Indian fables and stories, being a selection from th		hathifiles_title
OL5863302W	Great Russian short stories	Graham, Stephen	1929	0	2	0	mdp.39015005780146|uc1.32106001590907	Great Russian short stories.	Graham, Stephen, 1884-1975.	hathifiles_title
OL29263406W	The Romance of Leonardo da Vinci	Dmitry Sergeyevich Merezhkovsky	1934	0	3	0	mdp.39015019938730|uc1.b3128357|mdp.39015003538967	The romance of Leonardo da Vinci.	Merezhkovsky, Dmitry Sergeyevich, 1865-1	hathifiles_title
OL7583358W	Seeds of tomorrow	Sholokhov, Mikhail Aleksandrovich	1935	0	4	0	mdp.39015005872489|mdp.39015036031345|mdp.39015013413698	Seeds of tomorrow / Mīkhaīl Sholokhov ; translated from the 	Sholokhov, Mikhail Aleksandrovich, 1905-	hathifiles_title
OL326253W	Seeds of tomorrow	Sholokhov, Mikhail Aleksandrovich	1935	0	4	0	mdp.39015005872489|mdp.39015036031345|mdp.39015013413698	Seeds of tomorrow / Mīkhaīl Sholokhov ; translated from the 	Sholokhov, Mikhail Aleksandrovich, 1905-	hathifiles_title
OL39445312W	Sevastopol	Tolstoy, Leo	1888	0	8	8	mdp.39015035995409|uc1.$b320562|mdp.39015065311188	Sevastopol.	Tolstoy, Leo, graf, 1828-1910.	hathifiles_title
OL772496W	In a Cossack village, and other stories	Konstantin Trenev	1946	0	1	0	mdp.39015007061966	In a Cossack village, and other stories / by Konstantin Tren	Trenev, Konstantin, 1876-1945.	hathifiles_title
OL22068732W	The Story of a slave		1894	0	3	3	uiuo.ark:/13960/t9b624v02|loc.ark:/13960/t6qz2bh26|hvd.32044086275351	The Story of a slave; a realistic revelation of a social rel		hathifiles_title
OL4184419W	The wild geese	Bridget Boland	1938	0	1	0	mdp.39015051349788	The wild geese : a novel / by Bridget Boland.	Boland, Bridget.	hathifiles_title
OL2234895W	The second omnibus of crime	Dorothy L. Sayers	1932	0	1	0	mdp.39015054068815	The second omnibus of crime : the world's great crime storie	Sayers, Dorothy L. 1893-1957,	hathifiles_title
OL33136173W	Farm stories	Kathryn Jackson	1946	0	1	0	mdp.39015014511532	Farm stories / by K. and B. Jackson ; with pictures by Gusta	Jackson, Kathryn, 1907-1985.	hathifiles_title
OL182107W	Heidi's children	Charles Tritten	1939	0	1	0	mdp.39015027228702	Heidi's children / by Charles Tritten, Johanna Spyri's trans	Tritten, Charles.	hathifiles_title
OL76571W	The Runagates Club	John Buchan	1928	0	3	3	mdp.39015014518040|inu.32000002840397|uva.x001688314	The Runagates club / by John Buchan.	Buchan, John, 1875-1940.	hathifiles_title
OL15374208W	The sisters	Georg Ebers	1880	0	6	6	hvd.hwsqvx|mdp.39015058474019|hvd.hn361t	The sisters; a romance. From the German by Clara Bell.	Ebers, Georg, 1837-1898	hathifiles_title
OL54705W	The Sisters	Georg Ebers	1880	0	6	6	hvd.hwsqvx|mdp.39015058474019|hvd.hn361t	The sisters; a romance. From the German by Clara Bell.	Ebers, Georg, 1837-1898	hathifiles_title
OL38687644W	The sisters	Georg Ebers	1880	0	6	6	hvd.hwsqvx|mdp.39015058474019|hvd.hn361t	The sisters; a romance. From the German by Clara Bell.	Ebers, Georg, 1837-1898	hathifiles_title
OL17667298W	The sisters	Georg Ebers	1883	0	6	6	hvd.hwsqvx|mdp.39015058474019|hvd.hn361t	The sisters; a romance. From the German by Clara Bell.	Ebers, Georg, 1837-1898	hathifiles_title
OL7568438W	And quiet flows the Don	Sholokhov, Mikhail Aleksandrovich	1934	0	12	0	mdp.39015035762692|mdp.39015065524723|mdp.39015037283259	And quiet flows the Don / by Mikhail Sholokhov, translated f	Sholokhov, Mikhail Aleksandrovich, 1905-	hathifiles_title
OL32267972W	Envy	I︠U︡riĭ Karlovich Olesha	1936	0	2	0	mdp.39015035775488|uc1.32106001606018	Envy.	Olesha, I︠U︡riĭ Karlovich, 1899-1960.	hathifiles_title
OL44832881W	The Don flows home to the sea	Sholokhov, Mikhail Aleksandrovich	1944	0	8	0	mdp.39015011226944|mdp.39015038127182|mdp.39015038127190	The Don flows home to the sea / Mikhail Sholokhov ; translat	Sholokhov, Mikhail Aleksandrovich, 1905-	hathifiles_title
OL15832675W	The portable Rabelais	François Rabelais	1946	0	3	0	mdp.39015005371110|mdp.39015024530977|mdp.39015046866144	The portable Rabelais; selected / translated, & edited by Sa	Rabelais, François, approximately 1490-1	hathifiles_title
OL18849708W	The Portable medieval reader	James Bruce Ross	1949	0	4	0	mdp.39015012181908|mdp.39015031602140|mdp.39015025114862	The portable medieval reader / edited, and with an introd., 	Ross, James Bruce, 1902-	hathifiles_title
OL19313557W	Portable medieval reader	James Bruce Ross	1949	0	4	0	mdp.39015012181908|mdp.39015031602140|mdp.39015025114862	The portable medieval reader / edited, and with an introd., 	Ross, James Bruce, 1902-	hathifiles_title
OL18448570W	Rhythm in the novel	Brown, E. K.	1950	0	4	0	mdp.39015003933648|mdp.39015014225810|mdp.39015066582753	Rhythm in the novel / by E. K. Brown.	Brown, E. K. 1905-1951.	hathifiles_title
OL39021W	The portable Conrad	Conrad, Joseph	1947	0	2	0	uc1.b4410168|mdp.39015000950587	The portable Conrad; ed., with an introd. and notes by Morto	Conrad, Joseph, 1857-1924.	hathifiles_title
OL1243706W	Sarah	Brophy, John	1948	0	2	0	mdp.39015024077250|uc1.b4098190	Sarah.	Bro, Margueritte Harmon, 1894-1977.	hathifiles_title
OL9242804W	Sarah	John Brophy	1948	0	2	0	mdp.39015024077250|uc1.b4098190	Sarah.	Bro, Margueritte Harmon, 1894-1977.	hathifiles_title
OL2709976W	Let the Hurricane Roar	Rose Wilder Lane	1933	0	2	0	mdp.39076006980366|uva.x001950585	Let the hurricane roar / by Rose Wilder Lane.	Lane, Rose Wilder, 1886-1968.	hathifiles_title
OL17962190W	Education before Verdun	Arnold Zweig	1936	0	3	0	mdp.39015063608395|mdp.39015030050077|mdp.39015012073550	Education before Verdun.	Zweig, Arnold, 1887-1968.	hathifiles_title
OL71037W	The Lion, the Witch and the Wardrobe	C. S. Lewis	1950	0	3	0	pst.000028266402|mdp.39015002672080|mdp.39015002385105	The lion, the witch, and the wardrobe : a story for children	Lewis, C. S. 1898-1963.	hathifiles_title
OL17966545W	The last of the provincials	Maxwell David Geismar	1947	0	8	0	mdp.39015008799770|uc1.b4110082|mdp.39015003468785	The last of the provincials : the American novel, 1915-1925.	Geismar, Maxwell, 1909-1979.	hathifiles_title
OL28213164W	The last of the provincials	Maxwell Geismar	1949	0	8	0	mdp.39015008799770|uc1.b4110082|mdp.39015003468785	The last of the provincials : the American novel, 1915-1925.	Geismar, Maxwell, 1909-1979.	hathifiles_title
OL16758005W	The king's henchman		1898	0	5	5	mdp.39015030943123|uc1.b4097300|mdp.39015030943131	The king's henchman; a play in three acts / by Edna St. Vinc	Millay, Edna St. Vincent, 1892-1950.	hathifiles_title
OL29270563W	The forty days of Musa Dagh	Franz Werfel	1934	0	5	0	mdp.39015005757680|mdp.39015000604101|mdp.39015053533538	Forty days of Musa dagh.	Werfel, Franz, 1890-1945.	hathifiles_title
OL20541968W	Easter chimes	Wilhelmina Harper	1942	0	1	0	mdp.39015002173931	Easter chimes : stories for Easter and the spring season / s		hathifiles_title
OL32094527W	Cinderella, or, The little glass slipper		1897	0	2	0	mdp.39015002154055|pst.000044269296	Cinderella, or, The little glass slipper / a free translatio	Perrault, Charles, 1628-1703.	hathifiles_title
OL32097580W	Cinderella, or, The little glass slipper		1896	0	2	0	mdp.39015002154055|pst.000044269296	Cinderella, or, The little glass slipper / a free translatio	Perrault, Charles, 1628-1703.	hathifiles_title
OL6914132W	The chosen baby	Wasson, Valentina Pavlovna	1950	0	1	0	mdp.39015022635851	The chosen baby / by Valentina P. Wasson ; illustrated by Hi	Wasson, Valentina Pavlovna, 1901-1959.	hathifiles_title
OL32873823W	Jack Sheppard		1890	0	9	8	mdp.39015028789934|dul1.ark:/13960/t9n30pf1s|uc2.ark:/13960/t5db81x59	Jack Sheppard / by Horace Bleakley ... with an epilogue on J	Sheppard, Jack, 1702-1724.	hathifiles_title
OL7887576W	Defence and foreign affairs	Lash, Zebulon Aiton	1917	0	2	2	mdp.39015018400633|coo1.ark:/13960/t1vd7dm14	Defence and foreign affairs.	Lash, Z. A. 1846-1920.	hathifiles_title
OL1516204W	List of English fiction	Ottawa Public Library.	1907	0	1	1	mdp.39015033681159	List of English fiction; including juvenile fiction. 1907.	Ottawa Public Library.	hathifiles_title
OL114023W	A Gothic bibliography	Montague Summers	1939	0	1	0	mdp.39015033681126	A Gothic bibliography / by Montague Summers.	Summers, Montague, 1880-1948.	hathifiles_title
OL38677975W	Ireland in fiction	Stephen J. M. Brown	1916	0	4	4	mdp.39015065521174|uc2.ark:/13960/t0ft8gh8h|coo1.ark:/13960/t2794rd0m	Ireland in fiction : a guide to Irish novels, tales, romance	Brown, Stephen J. M. 1881-1962.	hathifiles_title
OL6308784W	History in fiction	Baker, Ernest Albert	1889	0	5	5	mdp.39015066528764|mdp.39015066528756|nyp.33433082514476	History in fiction; a guide to the best historical romances,	Baker, Ernest A. 1869-1941.	hathifiles_title
OL241777W	A guide to the best historical novels and tales	Nield, Jonathan.	1904	0	12	12	mdp.39015034636061|uc2.ark:/13960/t3vt1m23t|hvd.hw2qr4	A guide to the best historical novels and tales.	Nield, Jonathan, 1863-	hathifiles_title
OL11113341W	Bibliography of the sequence novel	Elizabeth Margaret Kerr	1950	0	1	1	mdp.39015023572780	Bibliography of the sequence novel.	Kerr, Elizabeth Margaret, 1905-	hathifiles_title
OL10705909W	Catalogue of English prose fiction and juvenile books in the Chicago Public Library	Chicago Public Library	1889	0	5	5	mdp.39015034636202|uc2.ark:/13960/t57d2t36d|uc1.$b258370	Catalogue of English prose fiction and juvenile books in the	Chicago Public Library.	hathifiles_title
OL7490400W	Voices from the past	Samuel Cooper Gamble	1936	0	2	0	mdp.39015062968527|uc1.$b123919	Voices from the past : a classical anthology for the modern 		hathifiles_title
OL38821485W	The shirt of flame	Halide Edib Adıvar	1924	0	1	1	mdp.39015002268541	The shirt of flame; Ateshden ceumlek / by Helen Edib; with a	Adıvar, Halide Edib, 1885-1964.	hathifiles_title
OL668666W	Ashikari and the Story of Shunkin	Junʾichirō Tanizaki	1936	0	2	0	mdp.39015048501236|uva.x000889349	Ashikari and The story of Shunkin; modern Japanese novels.	Tanizaki, Jun'ichirō, 1886-1965.	hathifiles_title
OL11015837W	San kuo	Luo, Guanzhong	1925	0	4	4	mdp.39015026866726|uc1.31822001365261|uc1.31822010763415	San kuo; or Romance of the three kingdoms / by C.H. Brewitt-	Luo, Guanzhong, approximately 1330-appro	hathifiles_title
OL11543852W	Strange stories from a Chinese studio	Pu, Songling	1908	0	6	6	mdp.39015002264755|uva.x000311336|mdp.39015035825291	Strange stories from a Chinese studio / translated and annot	Pu, Songling, 1640-1715.	hathifiles_title
OL78359W	A tree grows in Brooklyn	Smith, Betty	1943	0	1	0	mdp.39015000613409	A tree grows in Brooklyn : a novel / by Betty Smith.	Smith, Betty, 1896-1972.	hathifiles_title
OL11322825W	The little Karoo	Pauline Smith	1925	0	2	2	mdp.39015000615123|uc1.$b105522	The little karoo: [stories],	Smith, Pauline, 1883-1959.	hathifiles_title
OL28649296W	Life and Opinions of Tristram Shandy, Gentleman	Laurence Sterne	1925	0	11	5	mdp.39015008570494|uva.x004274817|mdp.39015005607265	The life and opinions of Tristram Shandy, gentleman.	Sterne, Laurence, 1713-1768.	hathifiles_title
OL40199087W	Prince Otto	Robert Louis Stevenson	1895	0	17	16	mdp.39015048898921|hvd.hn6iwi|pur1.32754060431123	Prince Otto.	Stevenson, Robert Louis, 1850-1894.	hathifiles_title
OL2736413W	New hope	Ruth Suckow	1942	0	2	0	mdp.39015008912431|uc1.$b105407	New Hope.	Suckow, Ruth, 1892-1960.	hathifiles_title
OL10815762W	Moon Gaffney	Harry Sylvester	1947	0	2	2	mdp.39015009038731|uc1.$b105457	Moon Gaffney / by Harry Sylvester.	Sylvester, Harry, 1908-1993.	hathifiles_title
OL29336264W	Brandons	Angela Mackail Thirkell	1939	0	1	0	mdp.39015005768000	The Brandons.	Thirkell, Angela, 1890-1961.	hathifiles_title
OL43709207W	The Old Bank House	Angela Mackail Thirkell	1949	0	2	0	mdp.39015013972800|inu.32000002543157	The Old Bank House.	Thirkell, Angela, 1890-1961.	hathifiles_title
OL10540595W	Still glides the stream	Thompson, Flora.	1948	0	1	0	mdp.39015004037472	Still glides the stream / Drawings by Lynton Lamb.	Thompson, Flora.	hathifiles_title
OL22145165W	Justly dear: Charles and Mary Lamb	Elsie Prentys Thornton-Cook	1939	0	2	2	mdp.39015030716644|uc1.$b312653	Justly dear: Charles and Mary Lamb. A biographical novel / b	Cook, E. Thornton 1878-1960.	hathifiles_title
OL12197168W	A fool's errand	Albion Winegar Tourgée	1880	0	14	14	mdp.39015054194322|miun.afb2013.0001.001|hvd.hn5f2q	A fool's errand.	Tourgée, Albion W., 1838-1905.	hathifiles_title
OL13558243W	The ragged trousered philanthropists	Robert Tressell	1914	0	5	4	mdp.39015046827591|mdp.39015066058143|coo1.ark:/13960/t0tq6g861	The ragged trousered philanthropists / by Robert Tressell. -	Tressell, Robert, 1870-1911.	hathifiles_title
OL10537544W	The mountains have a secret	Arthur William Upfield	1948	0	2	0	mdp.39015025360788|pst.000005906963	The mountains have a secret.	Upfield, Arthur W. 1890-1964.	hathifiles_title
OL10537533W	No footprints in the bush	Arthur William Upfield	1944	0	2	0	mdp.39015006585353|pst.000005908059	No footprints in the bush.	Upfield, Arthur W. 1890-1964.	hathifiles_title
OL43521235W	Dark green, bright red	Vidal, Gore	1950	0	3	0	uc1.32106012197791|mdp.39015002180472|uc1.b4084378	Dark green, bright red.	Vidal, Gore, 1925-	hathifiles_title
OL44865971W	The blind man's house	Walpole, Hugh	1941	0	2	0	uc1.$b105866|mdp.39015030717584	The blind man's house.	Walpole, Hugh, Sir, 1884-1941.	hathifiles_title
OL43440797W	Lady Rose's daughter	Ward, Humphry	1903	0	9	9	uc2.ark:/13960/t0pr7wr2t|hvd.32044051140804|hvd.hn237a	Lady Rose's daughter; a novel, by Mrs. Humphry Ward ... illu	Ward, Humphry, Mrs., 1851-1920.	hathifiles_title
OL10449437W	A voice through a cloud	Denton Welch	1950	0	2	0	mdp.39015027247314|mdp.39015053788629	A voice through a cloud.	Welch, Denton.	hathifiles_title
OL29269229W	Bealby	H. G. Wells	1915	0	13	12	mdp.39015030719556|uc2.ark:/13960/t5fb5797v|hvd.32044086841715	Bealby : a holiday / by H.G. Wells.	Wells, H. G. 1866-1946,	hathifiles_title
OL38928514W	The world of William Clissold	H. G. Wells	1926	0	8	8	mdp.39015066062178|mdp.39015006588639|mdp.39015046788553	The world of William Clissold : a novel at a new angle / by 	Wells, H. G. 1866-1946.	hathifiles_title
OL32146727W	The glimpses of the moon	Edith Wharton	1922	0	11	11	mdp.39015005391647|uc2.ark:/13960/t6pz5225b|hvd.hn24is	The glimpses of the moon / by Edith Wharton.	Wharton, Edith, 1862-1937.	hathifiles_title
OL32146730W	The hermit and the wild woman, and other stories	Edith Wharton	1908	0	6	6	mdp.39015008471453|uc2.ark:/13960/t3513w02c|hvd.32044011318516	The hermit and the wild woman, and other stories.	Wharton, Edith, 1862-1937.	hathifiles_title
OL32146596W	Madame de Treymes	Edith Wharton	1907	0	5	5	mdp.39015030719176|mdp.39015066059976|uc2.ark:/13960/t8qb9vx38	Madame de Treymes / by Edith Wharton ...	Wharton, Edith, 1862-1937.	hathifiles_title
OL32146740W	Summer	Edith Wharton	1917	0	9	9	uc2.ark:/13960/t5x63cb4q|coo1.ark:/13960/t8sb4p25p|nyp.33433076079056	Summer; a novel, by Edith Wharton...	Wharton, Edith, 1862-1937.	hathifiles_title
OL32088581W	Summer	Edith Wharton	1917	0	9	9	uc2.ark:/13960/t5x63cb4q|coo1.ark:/13960/t8sb4p25p|nyp.33433076079056	Summer; a novel, by Edith Wharton...	Wharton, Edith, 1862-1937.	hathifiles_title
OL32146599W	The touchstone	Edith Wharton	1900	0	48	47	mdp.39015030719150|miun.afb2841.0001.001|uc2.ark:/13960/t3610w38s	The touchstone.	Wharton, Edith, 1862-1937.	hathifiles_title
OL32146997W	The valley of decision	Edith Wharton	1902	0	18	18	mdp.39015010563149|mdp.39015010692864|hvd.32044019663723	The valley of decision : a novel.	Wharton, Edith, 1862-1937.	hathifiles_title
OL23441666W	Happy valley	White, Patrick	1939	0	2	0	uc1.$b106761|mdp.39015005653566	Happy valley; a novel, by Patrick White.	White, Patrick, 1912-1990.	hathifiles_title
OL1388008W	Darkness at Pemberley	White, T. H.	1932	0	1	0	mdp.39015009377998	Darkness at Pemberley.	White, T. H. 1906-1964.	hathifiles_title
OL5851623W	Wait for tomorrow	Wilder, Robert.	1950	0	2	0	mdp.39015014857398|uc1.b3295266	Wait for tomorrow.	Wilder, Robert, 1901-1974.	hathifiles_title
OL482886W	The Woman of Andros	Thornton Wilder	1930	0	4	3	mdp.39015066059331|mdp.39015030719101|mdp.39015029924084	The woman of Andros / by Thornton Wilder.	Wilder, Thornton, 1897-1975.	hathifiles_title
OL1836044W	A voyage to Pagany	Williams, William Carlos	1928	0	2	2	mdp.39015008827563|uc1.32106002156674	A voyage to Pagany / William Carlos Williams.	Williams, William Carlos, 1883-1963.	hathifiles_title
OL2634862W	The wrong set, and other stories	Wilson, Angus	1949	0	2	0	mdp.39015053231745|uc1.b4082727	The Wrong set and other stories / by Angus Wilson.	Wilson, Angus, 1913-1991.	hathifiles_title
OL100278W	Forever Amber	Winsor, Kathleen.	1944	0	1	0	mdp.39015010387036	Forever Amber.	Winsor, Kathleen.	hathifiles_title
OL1337085W	Bill the conqueror	P. G. Wodehouse	1924	0	2	1	mdp.39015005289817|nyp.33433044002875	Bill the conqueror; his invasion of England in the springtim	Wodehouse, P. G. 1881-1975.	hathifiles_title
OL1336974W	The crime wave at Blandings	P. G. Wodehouse	1937	0	1	0	mdp.39015001668964	The crime wave at Blandings / P.G. Wodehouse.	Wodehouse, P. G. 1881-1975.	hathifiles_title
OL8470667W	The Winning of Barbara Worth	Wright, Harold Bell	1911	0	7	7	mdp.39015004283514|uc2.ark:/13960/t6tx36f8h|uc1.$b103241	The winning of Barbara Worth.	Wright, Harold Bell, 1872-1944.	hathifiles_title
OL32389260W	Winning of Barbara Worth	Harold Bell Wright	1913	0	7	7	mdp.39015004283514|uc2.ark:/13960/t6tx36f8h|uc1.$b103241	The winning of Barbara Worth.	Wright, Harold Bell, 1872-1944.	hathifiles_title
OL24533520W	The Winning of Barbara Worth	Harold Bell Wright	1911	0	7	7	mdp.39015004283514|uc2.ark:/13960/t6tx36f8h|uc1.$b103241	The winning of Barbara Worth.	Wright, Harold Bell, 1872-1944.	hathifiles_title
OL19663306W	World's great detective stories		1928	0	1	0	mdp.39015002375270	The world's great detective stories : a chronological anthol		hathifiles_title
OL29267905W	The world's great detective stories		1909	0	1	0	mdp.39015002375270	The world's great detective stories : a chronological anthol		hathifiles_title
OL38704W	Stories of Red Hanrahan	Yeats, W. B.	1904	0	7	7	mdp.39015008531355|coo1.ark:/13960/t6j10m400|njp.32101067487593	Stories of Red Hanrahan ; The secret rose; Rosa alchemica.	Yeats, W. B. 1865-1939.	hathifiles_title
OL33119576W	Black roses	Francis Brett Young	1929	0	2	2	mdp.39015030113610|uc1.$b244306	Black roses.	Young, Francis Brett, 1884-1954.	hathifiles_title
OL1185375W	They call it patriotism	Bruno Brehm	1932	0	2	0	mdp.39015031323291|uc1.$b74559	They call it patriotism / by Bruno Brehm ; translated from t	Brehm, Bruno, 1892-1974.	hathifiles_title
OL9236759W	Contemporary Chinese Stories	Chi Chen Wang	1944	0	5	0	mdp.39015004667062|mdp.39015004667070|uc1.32106001628400	Contemporary Chinese stories / Translated by Chi-chên Wang. 	Wang, Chi-Chen, 1899-2001.	hathifiles_title
OL4634826W	Kai Lung beneath the mulberry-tree	Ernest Bramah	1940	0	2	0	mdp.39015050323271|mdp.39015000614928	Kai Lung beneath the mulberry-tree.	Bramah, Ernest, 1868-1942.	hathifiles_title
OL44433443W	The pastures of heaven	John Steinbeck	1932	0	1	0	mdp.39015010370511	The Pastures of heaven.	Steinbeck, John, 1902-1968.	hathifiles_title
OL7966118W	The Pearl	John Steinbeck	1945	0	4	0	uc1.32106015521450|uc1.32106009051852|uiug.30112063782509	The pearl; with drawings by José Clemente Orozco.	Steinbeck, John, 1902-1968.	hathifiles_title
OL7097657W	Oh, Promised Land	Street, James H.	1940	0	3	0	mdp.39015014859998|uc1.b3727084|uc1.b3116856	Oh, promised land.	Street, James H. 1903-1954.	hathifiles_title
OL32146720W	Crucial instances	Edith Wharton	1901	0	17	17	mdp.39015014595980|mdp.39015030719192|uc2.ark:/13960/t80k27t5p	Crucial instances.	Wharton, Edith, 1862-1937.	hathifiles_title
OL1337064W	Jill the reckless	P. G. Wodehouse	1921	0	3	1	mdp.39015000523301|inu.32000000120842|uiug.30112003400519	Jill the reckless.	Wodehouse, P. G. 1881-1975.	hathifiles_title
OL1337108W	Thank you, Jeeves	P. G. Wodehouse	1934	0	2	0	mdp.39015047522977|inu.32000004568921	Thank you, Jeeves!	Wodehouse, P. G. 1881-1975.	hathifiles_title
OL18454451W	Hearken unto the voice	Franz Werfel	1938	0	2	0	mdp.39015005365583|inu.39000003480519	Hearken unto the voice / Franz Werfel ; translated by Moray 	Werfel, Franz, 1890-1945.	hathifiles_title
OL16083133W	The song of Bernadette	Franz Werfel	1944	0	2	0	mdp.39015015352837|mdp.39015005757706	The song of Bernadette / translated by Ludwig Lewisohn.	Werfel, Franz, 1890-1945.	hathifiles_title
OL15736669W	The song of Bernadette	Franz Werfel	1942	0	2	0	mdp.39015015352837|mdp.39015005757706	The song of Bernadette / translated by Ludwig Lewisohn.	Werfel, Franz, 1890-1945.	hathifiles_title
OL15845234W	The song of Bernadette	Franz Werfel	1942	0	2	0	mdp.39015015352837|mdp.39015005757706	The song of Bernadette / translated by Ludwig Lewisohn.	Werfel, Franz, 1890-1945.	hathifiles_title
OL15152513W	The song of Bernadette	Franz Werfel	1943	0	2	0	mdp.39015015352837|mdp.39015005757706	The song of Bernadette / translated by Ludwig Lewisohn.	Werfel, Franz, 1890-1945.	hathifiles_title
OL16034537W	The song of Bernadette	Franz Werfel	1944	0	2	0	mdp.39015015352837|mdp.39015005757706	The song of Bernadette / translated by Ludwig Lewisohn.	Werfel, Franz, 1890-1945.	hathifiles_title
OL20370395W	The Song of Bernadette	Franz Werfel	1942	0	2	0	mdp.39015015352837|mdp.39015005757706	The song of Bernadette / translated by Ludwig Lewisohn.	Werfel, Franz, 1890-1945.	hathifiles_title
OL38702197W	Forest of the dead	Ernst Emil Wiechert	1947	0	2	0	mdp.39015012099514|mdp.39015030051273	Forest of the dead / by Ernst Wiechert ; translated by Ursul	Wiechert, Ernst, 1887-1950.	hathifiles_title
OL32423305W	Buried Candelabrum	Stefan Zweig	1937	0	1	0	mdp.39015018642440	The buried candelabrum. / Translated by Eden and Cedar Paul.	Zweig, Arnold, 1887-1968.	hathifiles_title
OL28791284W	Ecstasy	Louis Couperus	1919	0	2	2	uc2.ark:/13960/t8ff3th7p|uc1.$b614637	Ecstasy: a study of happiness; a novel by Louis Couperus...t	Couperus, Louis, 1863-1923.	hathifiles_title
OL17997816W	Romances and epics of our northern ancestors, Norse, Celt and Teuton	Wilhelm Wägner	1907	0	5	5	hvd.hwtsxi|mdp.39015042856206|mdp.39015031025458	Romances and epics of our northern ancestors, Norse, Celt an	Wägner, Wilhelm, 1800-1886.	hathifiles_title
OL16730047W	Only a fiddler	Hans Christian Andersen	1880	0	4	4	mdp.39015021910065|mdp.39015030077724|uc2.ark:/13960/t47p8w24k	Only a fiddler : a Danish romance / by Hans Christian Anders	Andersen, H. C. 1805-1875.	hathifiles_title
OL7206004W	Two living and one dead	Sigurd Wesley Christiansen	1932	0	2	0	mdp.39015030071859|uc1.$b137318	Two living and one dead / Translated from the Norwegian by E	Christiansen, Sigurd, 1891-1947.	hathifiles_title
OL1266339W	A boat for England	Evensmo, Sigurd	1947	0	1	0	mdp.39015004875814	A boat for England / Tr. by Sölvi & Richard Bateson.	Evensmo, Sigurd, 1912-	hathifiles_title
OL1379974W	The sea tyrant	Peter Freuchen	1932	0	1	0	mdp.39015030028255	The sea tyrant / by Peter Freuchen; authorized translation f	Freuchen, Peter, 1886-1957.	hathifiles_title
OL38492148W	Kristin Lavransdatter	Sigrid Undset	1925	0	11	4	mdp.39015035338766|mdp.39015030039765|mdp.39015012103522	Kristin Lavransdatter: The bridal wreath, The mistress of Hu	Undset, Sigrid, 1882-1949.	hathifiles_title
OL7636384W	Crime and punishment in the Old French romances	Frederick Carl Riedel	1938	0	1	0	mdp.39015030211000	Crime and punishment in the Old French romances.	Riedel, F. Carl 1902-	hathifiles_title
OL17660970W	The Chouans	Honoré de Balzac	1893	0	16	14	mdp.39015008540026|hvd.hwl1v7|uc2.ark:/13960/t3805057m	The Chouans / by Honoré de Balzac.	Balzac, Honoré de, 1799-1850.	hathifiles_title
OL17661501W	The country doctor	Honoré de Balzac	1899	0	7	7	nc01.ark:/13960/t5r810b32|njp.32101072324104|uc2.ark:/13960/t4rj4c03r	The country doctor / by Honore de Balzac.	Balzac, Honoré de, 1799-1850.	hathifiles_title
OL1085007W	The king of the archers	René Bazin	1934	0	3	0	mdp.39015033156863|uc1.$b317665|osu.32435002489292	The king of the archers / by René Bazin; translated from the	Bazin, René, 1853-1932.	hathifiles_title
OL18024388W	Private Gaspard, a soldier of France	René Benjamin	1916	0	5	5	mdp.39015053644830|uc2.ark:/13960/t6736ns60|hvd.hn1pby	Private Gaspard, a soldier of France / tr. from the French o	Benjamin, René, 1885-1948.	hathifiles_title
OL32013403W	Casanova's homecoming	Arthur Schnitzler	1922	0	11	10	mdp.39015019197618|mdp.39015030144748|hvd.32044036997344	Casanova's homecoming.	Schnitzler, Arthur, 1862-1931.	hathifiles_title
OL15230740W	From a Swedish homestead	Selma Lagerlöf	1901	0	4	4	mdp.39015021952513|uc2.ark:/13960/t10p11778|uc1.$b304768	From a Swedish homestead.	Lagerlöf, Selma, 1858-1940.	hathifiles_title
OL12394883W	Giants in the Earth	O. E. Rølvaag	1929	0	3	3	inu.32000001028804|mdp.39015005416345|mdp.49015000833443	Giants in the earth: a saga of the prairie. by O.E. Rölvaag	Rølvaag, O. E. 1876-1931.	hathifiles_title
OL1137388W	Woman without love	André Maurois	1945	0	2	0	mdp.39015033389415|pst.000062823173	Woman without love / translated from the French by Joan Char	Maurois, André, 1885-1967.	hathifiles_title
OL11455339W	The Roman de longue haleine on English soil	Thomas Philip Haviland	1931	0	1	0	mdp.39015014225224	The Roman de longue haleine on English soil; a study of the 	Haviland, Thomas Philip, 1897-	hathifiles_title
OL18491838W	Tides of Mont St. Michel	Roger Vercel	1938	0	3	0	mdp.39015012155803|uc1.$b318497|uc1.$b703952	Tides of Mont St.-Michel / Translated from the French by War	Vercel, Roger, 1894-1957.	hathifiles_title
OL43046676W	The Decameron of Giovanni Boccaccio	Boccaccio, Giovanni	1884	0	23	19	mdp.39015012286145|mdp.39015025114615|mdp.39015066088199	The Decameron of Giovanni Boccaccio.	Boccaccio, Giovanni, 1313-1375.	hathifiles_title
OL31442521W	Bread and wine;	Ignazio Silone	1937	0	2	0	mdp.39015002671934|mdp.39015037045153	Bread and wine / translated from the Italian by Gwenda David	Silone, Ignazio, 1900-1978.	hathifiles_title
OL721985W	The little angel, and other stories	Leonid Andreyev	1915	0	7	7	mdp.39015068239816|uc1.$b610095|uc2.ark:/13960/t06w98x89	The little angel, and other stories / tr. from the Russian o	Andreyev, Leonid, 1871-1919.	hathifiles_title
OL11995245W	Stepan Razin	Alekseĭ Chapygin	1946	0	5	0	mdp.39015012269364|mdp.39015035770802|uc1.$b602257	Stepan Razin / a novel by A. Chapygin. Translated from the R	Chapygin, Alekseĭ, 1870-1937.	hathifiles_title
OL42470134W	The brothers Karamazov	Fyodor Mikhaylovich Dostoyevsky	1949	0	6	0	mdp.39015031606141|miun.ahx5095.0001.001|mdp.49015000475435	The brothers Karamazov.	Dostoyevsky, Fyodor, 1821-1881.	hathifiles_title
OL17996804W	Quo vadis?	Henryk Sienkiewicz	1900	0	19	16	uc1.31210002134151|mdp.39015005448827|mdp.39015032552815	"""Quo vadis"" : a narrative of the time of Nero / by Henryk Si"	Sienkiewicz, Henryk, 1846-1916.	hathifiles_title
OL32849888W	After bread	Henryk Sienkiewicz	1897	0	3	3	mdp.39015019059719|mdp.39015050992992|ien.35556032669780	After bread.	Sienkiewicz, Henryk, 1846-1916.	hathifiles_title
OL18860820W	Tales of the Samurai	James S. De Benneville	1915	0	3	3	wu.89094594751|mdp.39015033055248|nnc1.cr60974818	Tales of the samurai : Oguri Hangwan ichidaiki, being the st	De Benneville, James S.	hathifiles_title
OL32065873W	"""Quo vadis"""	Henryk Sienkiewicz	1913	0	5	2	mdp.39015005448827|mdp.39015032552815|umn.319510007848771	Quo vadis; a tale of the time of Nero.	Sienkiewicz, Henryk, 1846-1916.	hathifiles_title
OL19809129W	Halil the pedlar	Jókai, Mór	1901	0	2	2	mdp.39015066045702|nyp.33433092841331	Halil the pedlar.	Jókai, Mór, 1825-1904.	hathifiles_title
OL10856432W	The bridge of heaven	Shih-i Hsiung	1943	0	2	0	mdp.39015008643184|uc1.b4396703	The bridge of heaven.	Hsiung, S. I. 1902-1991.	hathifiles_title
OL9282098W	Bridge of Heaven	S.I. Hsiung	1943	0	2	0	mdp.39015008643184|uc1.b4396703	The bridge of heaven.	Hsiung, S. I. 1902-1991.	hathifiles_title
OL208237W	The Founding Of A Nation	Frank M. Gregg	1915	0	11	11	mdp.39015019943359|mdp.39015074815211|mdp.39015074815203	The founding of a nation : the story of the Pilgrim fathers,	Gregg, Frank M.	hathifiles_title
OL7581392W	A Texas Titan	John M. Oskison	1929	0	2	2	uc1.$b244068|mdp.39015027787004	A Texas Titan; the story of Sam Houston, by John M. Oskison.	Oskison, John M. b. 1874.	hathifiles_title
OL15743683W	A Texas ranger	N. A. Jennings	1899	0	4	4	uc1.31822042768259|uc1.31158007015356|loc.ark:/13960/t2q53gr0c	A Texas Ranger	Jennings, N. A. 1856-1919	hathifiles_title
OL6347573W	Cowboy	Ross Santee	1928	0	2	2	mdp.39015027811200|uc1.b3727830	Cowboy / by Ross Santee, illustrated by the author.	Santee, Ross, 1888-1965.	hathifiles_title
OL1527887W	The discovery of the North Pole	Edwin J. Houston	1907	0	1	1	mdp.39015020137579	Discovery of the North Pole : Dr. Frederick A. Cook's own st		hathifiles_title
OL20160549W	Tales of a Korean Grandmother	Frances Carpenter	1947	0	1	0	inu.39000005901397	Tales of a Korean grandmother / Frances Carpenter.	Carpenter, Frances, 1890-1972.	hathifiles_title
OL7456576W	Silver Chief to the rescue	Jack O'Brien	1937	0	1	0	mdp.39015027558389	Silver Chief to the rescue / by Jack O'Brien.	O'Brien, Jack, 1898-1938.	hathifiles_title
OL7606818W	Silver Chief to the rescue	Jack O'Brien	1937	0	1	0	mdp.39015027558389	Silver Chief to the rescue / by Jack O'Brien.	O'Brien, Jack, 1898-1938.	hathifiles_title
OL8608205W	Pretty Michal	Jókai, Mór	1897	0	6	6	mdp.39015053262294|hvd.hnjd42|uc1.$b289585	Pretty Michal : a romance / by Maurus Jókai ; translated fro	Jókai, Mór, 1825-1904.	hathifiles_title
OL298976W	Svarnalata	Ganguli, Taraknath	1914	0	2	2	mdp.39015058638373|uc1.c106391267	Svarnalata; scenes from Hindu village life in Bengal / Trans	Ganguli, Taraknath, 1844-1891.	hathifiles_title
OL16312655W	Mashi, and other stories	Rabindranath Tagore	1918	0	1	0	mdp.39015019804775	Mashi, and other stories / Translated from the original Beng	Tagore, Rabindranath, 1861-1941.	hathifiles_title
OL29265364W	Three cities	Asch, Sholem	1933	0	1	0	mdp.39015027810772	Three cities / translated by Willa and Edwin Muir.	Asch, Sholem, 1880-1957.	hathifiles_title
OL11631749W	Victorian working women	Wanda Fraiken Neff	1929	0	1	1	mdp.39015003570531	Victorian working women; an historical and literary study of	Neff, Wanda Fraiken, 1889-	hathifiles_title
OL12107302W	Victorian working women	Wanda F. Neff	1929	0	1	1	mdp.39015003570531	Victorian working women; an historical and literary study of	Neff, Wanda Fraiken, 1889-	hathifiles_title
OL6608066W	The doctor looks at love and life	Collins, Joseph	1926	0	1	1	mdp.39015005338101	The doctor looks at love and life / by Joseph Collins ...	Collins, Joseph, 1866-1950.	hathifiles_title
OL575597W	Three novels	Karel Čapek	1948	0	2	0	mdp.39015005418150|mdp.39015000640519	Three novels: Hordubal, An ordinary life [and] Meteor / Tr. 	Čapek, Karel, 1890-1938.	hathifiles_title
OL4489224W	The age of reason	Sartre, Jean Paul	1947	0	6	0	mdp.39015009364806|mdp.39015001673741|mdp.39015001429094	The age of reason / tr. from the French by Eric Sutton.	Sartre, Jean-Paul, 1905-1980.	hathifiles_title
OL22298022W	The adventures of King Vikrama	Hansa Mehta	1948	0	1	0	mdp.39015009190623	Adventures of King Vikrama / Illustrated by V.K. Shukla.	Mehta, Hansa, 1897-1995.	hathifiles_title
OL7310465W	Aucassin & Nicolette	Eugene Mason	1910	0	2	1	wu.89008118069|inu.39000005678508	Aucassin & Nicolette / translated from the Old-French by F. 		hathifiles_title
OL19768353W	Aucassin & Nicolette	Eugene Mason	1937	0	1	0	wu.89008118069	Aucassin & Nicolette / translated from the Old-French by F. 		hathifiles_title
OL35554784W	The reader's handbook of famous names in fiction, allusions, references, proverbs, plots, stories, and poems	Brewer, Ebenezer Cobham	1900	0	7	6	mdp.39015066322754|mdp.39015053479054|mdp.49015002914076	The reader's handbook of famous names in fiction, allusions,	Brewer, Ebenezer Cobham, 1810-1897.	hathifiles_title
OL32890593W	Fontamara	Ignazio Silone	1934	0	3	0	mdp.39015002138579|uc1.b3862176|mdp.39015076846669	Fontamara / Ignazio Silone ; translated by Michael Wharf.	Silone, Ignazio, 1900-1978,	hathifiles_title
OL43478924W	The structure of the novel	Edwin Muir	1928	0	10	3	mdp.39015008780234|mdp.39015012900232|mdp.39015030882719	The structure of the novel.	Muir, Edwin, 1887-1959.	hathifiles_title
OL18414131W	The structure of the novel	Edwin Muir	1928	0	10	3	mdp.39015008780234|mdp.39015012900232|mdp.39015030882719	The structure of the novel.	Muir, Edwin, 1887-1959.	hathifiles_title
OL11346626W	Becoming a writer	Dorothea Brande	1934	0	1	0	mdp.39015035966921	Becoming a writer.	Brande, Dorothea, 1893-1948.	hathifiles_title
OL7306277W	The autobiography of Shakespeare	Louis Charles Alexander	1911	0	6	6	mdp.39015024871959|uc1.$b681845|coo1.ark:/13960/t98632h4f	The autobiography of Shakespeare; a fragment... / edited by 	Alexander, Louis C. 1839-1913.	hathifiles_title
OL15994896W	A night out	Peple, Edward	1926	0	2	1	mdp.39015024534615|uva.x001639233	A night out / by Edward Peple; frontispiece by R. L. Goldber	Peple, Edward Henry, 1869-	hathifiles_title
OL17643193W	Samantha at Saratoga	Marietta Holley	1887	0	22	22	mdp.39015091547912|mdp.39015061863992|uc2.ark:/13960/t08w39022	"Samantha at Saratoga : or, ""Flirtin' with fashion."" / By Jos"	Holley, Marietta, 1836-1926.	hathifiles_title
OL7023874W	The adventures of Baron Munchausen	Rudolf Erich Raspe	1920	0	4	4	mdp.39015065529672|mdp.39015011559583|inu.39000005851048	The adventures of Baron Munchausen / Illustrations by Gustav		hathifiles_title
OL24993553W	The life and death of King John	William Shakespeare	1901	0	10	9	mdp.39015054267896|mdp.39015012856939|mdp.39015082273262	The life and death of King John / edited by Stanley T. Willi	Shakespeare, William, 1564-1616.	hathifiles_title
OL32090879W	Stories from Shakspeare	M. S. Townesend	1899	0	1	1	mdp.39015082237895	Stories from Shakspeare / written and illustrated by M. S. T	Townesend, M Surtees.	hathifiles_title
OL7925426W	The fool of quality	Henry Brooke	1906	0	2	2	hvd.32044089871636|mdp.39015065694229	The fool of quality / by Henry Brooke; with a biographical p	Brooke, Henry, 1703?-1783	hathifiles_title
OL43355124W	The pilgrim's progress	Bunyan, John	1908	0	35	22	nyp.33433006062248|uc1.b4109147|rul.39030009506520	The pilgrim's progress ; and, The life & death of Mr. Badman	Bunyan, John, 1628-1688.	hathifiles_title
OL32094150W	The adventures of Robinson Crusoe	Daniel Defoe	1882	0	21	21	mdp.39015078553313|mdp.39015078552802|mdp.39015078553131	Adventures of Robinson Crusoe / by Daniel De Foe.	Defoe, Daniel, 1661?-1731.	hathifiles_title
OL31577929W	The life and Strange Surprising Adventures of Robinson Crusoe of York, Mariner, as Related by Himself	Daniel Defoe	1908	0	3	3	mdp.39015078553776|mdp.39015078554022|nyp.33433106907623	The life and strange surprising adventures of Robinson Cruso	Defoe, Daniel, 1661?-1731.	hathifiles_title
OL32100863W	The life and strange surprising adventures of Robinson Crusoe	Daniel Defoe	1920	0	6	2	mdp.39015078554410|mdp.39015078553727|mdp.39015078555557	The life and strange surprising adventures of Robinson Cruso	Defoe, Daniel, 1661?-1731.	hathifiles_title
OL43300597W	Umberto's circus	Eduard Bass	1950	0	1	0	mdp.39015065361837	Umberto's circus / by Eduard Bass.	Bass, Eduard, 1888-1946,	hathifiles_title
OL18397303W	Shorter novels ...		1920	0	12	12	mdp.39015016458658|mdp.39015015377552|mdp.39015029924092	Shorter novels.		hathifiles_title
OL42236342W	Shorter novels		1929	0	12	12	mdp.39015016458658|mdp.39015015377552|mdp.39015029924092	Shorter novels.		hathifiles_title
OL173281W	A pocket book of short stories	Speare, Morris Edmund	1941	0	2	0	mdp.39015053245414|pst.000027647462	The pocket book of short stories : American, English and con		hathifiles_title
OL15149334W	The pocket book of short stories	Speare, Morris Edmund	1941	0	2	0	mdp.39015053245414|pst.000027647462	The pocket book of short stories : American, English and con		hathifiles_title
OL7132893W	American local-color stories	Warfel, Harry R.	1941	0	4	0	mdp.39015028519695|uc1.$b114443|inu.39000005872564	American local-color stories / edited, with an introduction,	Warfel, Harry R. 1899-1971.	hathifiles_title
OL17957011W	Gods of modern Grub street	Arthur St. John Adcock	1923	0	2	2	mdp.39015030932779|uc1.$b275385	Gods of modern Grub street : impressions of contemporary aut	Adcock, Arthur St. John, 1864-1930.	hathifiles_title
OL11125541W	The English novelists	Derek Verschoyle	1936	0	2	0	uc1.b3512621|mdp.39015041176903	The English novelists; a survey of the novel by twenty conte	Verschoyle, Derek.	hathifiles_title
OL17984654W	The English novelists	Derek Verschoyle	1936	0	2	0	uc1.b3512621|mdp.39015041176903	The English novelists; a survey of the novel by twenty conte	Verschoyle, Derek.	hathifiles_title
OL6665156W	The English novelists	Derek Verschoyle	1936	0	2	0	uc1.b3512621|mdp.39015041176903	The English novelists; a survey of the novel by twenty conte	Verschoyle, Derek.	hathifiles_title
OL7368871W	Broadway	Philip Dunning	1927	0	4	4	mdp.39015033358659|uc1.b4097657|uc1.32106002102132	Broadway : a play. By Philip Dunning and George Abbott.	Dunning, Philip, 1890-1968.	hathifiles_title
OL31471215W	Seven Plays	Elmer Rice	1950	0	1	0	mdp.39015046377373	Seven plays.	Rice, Elmer, 1892-1967.	hathifiles_title
OL18474653W	Masters of the English novel	Burton, Richard	1909	0	6	6	mdp.39015030940947|loc.ark:/13960/t4sj22k4p|uc2.ark:/13960/t04x5h23s	Masters of the English novel : a study of principles and per	Burton, Richard, 1861-1940.	hathifiles_title
OL10353960W	The history, from 1700 to 1800, of English criticism of prose fiction	Joseph Bunn Heidler	1928	0	3	3	mdp.39015013417939|umn.31951d005852798|osu.32435023763600	The history, from 1700 to 1800, of English criticism of pros	Heidler, Joseph Bunn, 1896-	hathifiles_title
OL6668363W	Novelists on novels, from the Duchess of Newcastle to George Eliot	R. Brimley Johnson	1928	0	1	1	mdp.39015030939220	Novelists on novels, from the Duchess of Newcastle to George	Johnson, R. Brimley 1867-1932.	hathifiles_title
OL18462401W	The silver-fork school	Matthew Whiting Rosa	1936	0	3	0	mdp.39015016911326|uc1.$b112664|uiug.30112042100997	The silver-fork school : novels of fashion preceding Vanity 	Rosa, Matthew Whiting, 1901-	hathifiles_title
OL15822852W	The supernatural in modern English fiction	Dorothy Scarborough	1917	0	5	5	mdp.39015009346175|hvd.hnkv7u|hvd.hwplg3	The supernatural in modern English fiction.	Scarborough, Dorothy, 1878-1935.	hathifiles_title
OL18543211W	The supernatural in modern English fiction	Dorothy Scarborough	1917	0	5	5	mdp.39015009346175|hvd.hnkv7u|hvd.hwplg3	The supernatural in modern English fiction.	Scarborough, Dorothy, 1878-1935.	hathifiles_title
OL18515251W	A century of the English novel	Weygandt, Cornelius	1925	0	2	2	mdp.39015030839768|uc1.b3512622	A century of the English novel : being a consideration of th	Weygandt, Cornelius, 1871-1957.	hathifiles_title
OL38809117W	The traitor	Dixon, Thomas	1907	0	6	6	mdp.39015032398953|hvd.32044010669992|coo1.ark:/13960/t6834cd4b	The traitor; a story of the fall of the invisible empire / b	Dixon, Thomas, Jr., 1864-1946.	hathifiles_title
OL151411W	Alice's Adventures in Wonderland / Through the Looking Glass	Carroll, Lewis	1889	0	30	23	mdp.39015047546117|uva.x000194172|uc1.31210003524350	Alice's adventures in wonderland / by Lewis Carroll [pseudon	Carroll, Lewis, 1832-1898.	hathifiles_title
OL12588W	Forgive us our trespasses	Douglas, Lloyd C.	1932	0	2	0	mdp.39015030742046|mdp.39015030742038	Forgive us our trespasses.	Douglas, Lloyd C. 1877-1951.	hathifiles_title
OL15143507W	Invitation to Live	Douglas, Lloyd C.	1940	0	1	0	mdp.39015030742376	Invitation to live.	Douglas, Lloyd C. 1877-1951.	hathifiles_title
OL29764400W	Tanglewood Tales	Nathaniel Hawthorne	1883	0	8	5	uc2.ark:/13960/t8pc2vn4j|coo1.ark:/13960/t99604164|uc1.31970004764285	Tanglewood tales / by Nathaniel Hawthorne ; with illustratio	Hawthorne, Nathaniel, 1804-1864.	hathifiles_title
OL33115424W	Two people	A. A. Milne	1931	0	4	0	mdp.39015031297933|mdp.39015049691184|miua.1376040.0001.001	Two people : a novel.	Milne, A. A. 1882-1956.	hathifiles_title
OL43675803W	Callista	John Henry Newman	1891	0	6	6	mdp.39015030708278|uc1.b4102444|uva.x000458265	Callista : a tale of the third century / by John Henry Cardi	Newman, John Henry, Saint, 1801-1890.	hathifiles_title
OL43034099W	Enchanter's nightshade	Ann Bridge	1937	0	2	0	mdp.39015000551526|uc1.$b106409	Enchanter's nightshade / by Ann Bridge [pseudonym]	Bridge, Ann, 1889-1974.	hathifiles_title
OL1617353W	Patience	Elizabeth W. Champney	1899	0	4	4	mdp.39015000544562|inu.32000001616111|uc1.b3543049	Patience : a West Midland poem of the fourteenth century / e		hathifiles_title
OL1190983W	The mountains and the stars	Payne, Robert	1938	0	2	2	mdp.39015000543168|uc1.$b604895	The mountains and the stars.	Payne, Robert, 1911-1983.	hathifiles_title
OL6593192W	His Family	Ernest Poole	1901	0	6	6	mdp.39015000550155|uc2.ark:/13960/t9474890s|uc1.$b243861	His family.	Poole, Ernest, 1880-1950.	hathifiles_title
OL731737W	Anthem	Ayn Rand	1936	0	1	1	mdp.39015000605298	Anthem.	Rand, Ayn.	hathifiles_title
OL31143106W	Anthem	Ayn Rand	1946	0	1	1	mdp.39015000605298	Anthem.	Rand, Ayn.	hathifiles_title
OL32510501W	Anthem	Ayn Rand	1946	0	1	1	mdp.39015000605298	Anthem.	Rand, Ayn.	hathifiles_title
OL6698477W	If tomorrow comes	Louis Aaron Reitmeister	1934	0	1	0	mdp.39015030710837	If tomorrow comes. -.	Reitmeister, Louis Aaron, 1903-1975.	hathifiles_title
OL7967237W	The Fortunes OF Richard Mahony	Richardson, Henry Handel	1941	0	3	0	mdp.39015046833086|uc1.$b187888|mdp.39076005048819	The fortunes of Richard Mahony / with a foreword by Sinclair	Richardson, Henry Handel, 1870-1946.	hathifiles_title
OL32443679W	Buried Treasure	Elizabeth Mary Roberts	1931	0	2	0	mdp.39015002718719|uc1.$b104856	A buried treasure / [by] Elizabeth Madox Roberts.	Roberts, Elizabeth Madox, 1881-1941.	hathifiles_title
OL15401559W	The great meadow	Elizabeth Madox Roberts	1930	0	5	5	mdp.39015002718685|mdp.39015002718347|uc1.$b104861	The great meadow / by Elizabeth Madox Roberts.	Roberts, Elizabeth Madox, 1881-1941.	hathifiles_title
OL25675560W	Great Meadow	Elizabeth Madox Roberts	1930	0	5	5	mdp.39015002718685|mdp.39015002718347|uc1.$b104861	The great meadow / by Elizabeth Madox Roberts.	Roberts, Elizabeth Madox, 1881-1941.	hathifiles_title
OL21254915W	Time of Man	Elizabeth Madox Roberts	1926	0	3	1	mdp.39015030679370|pst.000005641086|uiug.30112051932934	The time of man; : a novel, / by Elizabeth Madox Roberts, wi	Roberts, Elizabeth Madox, 1881-1941.	hathifiles_title
OL1175585W	Zuleika in Cambridge	S. C. Roberts	1941	0	1	0	mdp.39015002741448	Zuleika in Cambridge / by S. C. Roberts.	Roberts, S. C. 1887-1966.	hathifiles_title
OL3645239W	Keep it quiet	Richard Hull	1936	0	1	0	mdp.39015002758715	Keep it quiet.	Hull, Richard, 1896-1973.	hathifiles_title
OL44340181W	Busman's honeymoon	Dorothy L. Sayers	1937	0	5	0	mdp.39015000623085|mdp.39015066046874|uc1.32106002012299	Busman's honeymoon; a love story with detective interruption	Sayers, Dorothy L. 1893-1957.	hathifiles_title
OL2234815W	Clouds of Witness	Dorothy L. Sayers	1926	0	4	0	mdp.39015000678139|mdp.39015007015905|uc1.32106014453721	Clouds of witness / Dorothy L. Sayers.	Sayers, Dorothy L. 1893-1957.	hathifiles_title
OL42517014W	The heart of Midlothian	Scott, Walter	1910	0	10	6	uc1.32106001951190|umn.31951002024862b|pst.000029837502	The heart of Midlothian.	Scott, Walter, Sir, 1771-1832.	hathifiles_title
OL19771369W	The heart of Midlothian	Scott, Walter	1893	0	17	13	uc1.32106001951190|uc2.ark:/13960/t2x34zf8j|uc1.b4104180	The heart of Midlothian.	Scott, Walter, Sir, 1771-1832.	hathifiles_title
OL16420059W	The heart of Midlothian	Scott, Walter	1897	0	17	13	uc1.32106001951190|uc2.ark:/13960/t2x34zf8j|uc1.b4104180	The heart of Midlothian.	Scott, Walter, Sir, 1771-1832.	hathifiles_title
OL44055289W	The heart of Midlothian	Scott, Walter	1898	0	17	13	uc1.32106001951190|uc2.ark:/13960/t2x34zf8j|uc1.b4104180	The heart of Midlothian.	Scott, Walter, Sir, 1771-1832.	hathifiles_title
OL43022346W	Britannia mews	Margery Sharp	1946	0	2	0	mdp.39015008452560|uc1.$b105615	Britannia Mews / Margery Sharp.	Sharp, Margery, 1905-1991.	hathifiles_title
OL26319906W	Cluny Brown	Margery Sharp	1944	0	3	0	mdp.39015031311718|uc1.b4088976|uc1.31822012165940	Cluny Brown / [by] Margery Sharp.	Sharp, Margery, 1905-1991.	hathifiles_title
OL15151254W	Sanfelice	Vincent Sheean	1936	0	2	0	mdp.39015031301933|uc1.$b105434	Sanfelice; a novel / by Vincent Sheean.	Sheean, Vincent, 1899-1975.	hathifiles_title
OL254874W	Giordano Bruno	C. E. Plumptre	1884	0	3	3	mdp.39015003858746|hvd.32044021201850|hvd.32044021201843	Giordano Bruno.	Plumptre, C. E.	hathifiles_title
OL10536050W	The hero	Raglan, Fitzroy Richard Somerset	1936	0	5	0	uva.x030040034|uva.x000307605|inu.39000005879536	The hero; a study in tradition, myth, and drama.	Raglan, Baron 1885-1964	hathifiles_title
OL2576798W	The descent of the idol	Jaroslav Durych	1935	0	2	0	mdp.39015050931503|uc1.$b593176	The descent of the idol.	Durych, Jaroslav, 1886-1962.	hathifiles_title
OL18508348W	The English novel in transition, 1885-1940	William Coleman Frierson	1942	0	4	0	mdp.39015004766187|mdp.39015063763000|uc1.b3512662	The English novel in transition, 1885-1940.	Frierson, William Coleman.	hathifiles_title
OL29276403W	The Novel in English	Grant C. Knight	1931	0	2	2	mdp.39015030839321|uc1.b3512680	The novel in English.	Knight, Grant C., 1893-1956.	hathifiles_title
OL16782011W	The southerner	Thomas Dixon	1913	0	26	22	mdp.39015031229845|coo.31924022357796|uc2.ark:/13960/t0js9j39d	The southerner; a romance of the real Lincoln / by Thomas Di	Dixon, Thomas, Jr., 1864-1946.	hathifiles_title
OL15151342W	Scarlet Sister Mary	Julia Mood Peterkin	1928	0	2	2	mdp.39015000544786|pst.000019745510	Scarlet sister Mary.	Peterkin, Julia, 1880-1961.	hathifiles_title
OL32101599W	Heart of the West	O. Henry	1910	0	22	22	mdp.39015002708389|mdp.39015002708405|mdp.49015000549213	Heart of the West / by O. Henry.	Henry, O., 1862-1910.	hathifiles_title
OL137390W	The Breaking Point	Mary Roberts Rinehart	1922	0	4	4	mdp.39015002717943|mdp.39015003528737|hvd.hxdmdc	The breaking point.	Rinehart, Mary Roberts, 1876-1958.	hathifiles_title
OL3335245W	The Catcher in the Rye	J. D. Salinger	1945	0	2	0	mdp.39015066049530|mdp.39015047545176	The catcher in the rye / J. D. Salinger.	Salinger, J. D. 1919-2010.	hathifiles_title
OL16998387W	The stone of chastity	Margery Sharp	1940	0	1	0	mdp.39015006588175	The stone of chastity.	Sharp, Margery, 1905-1991.	hathifiles_title
OL22128666W	Paul		1931	0	9	2	mdp.39015005301554|uc1.b4363826|mdp.39015002870239	Paul.	Goodspeed, Edgar J. 1871-1962.	hathifiles_title
OL19553164W	Paul : the Christian		1931	0	9	2	mdp.39015005301554|uc1.b4363826|mdp.39015002870239	Paul.	Goodspeed, Edgar J. 1871-1962.	hathifiles_title
OL29274053W	By an unknown disciple		1919	0	9	9	yale.39002043864454|uc2.ark:/13960/t6pz5204z|mdp.39015063881828	By an unknown disciple.	Phillimore, Cecily Spencer-Smith.	hathifiles_title
OL17693037W	Iesa t Nassar	Peter von Finkelstein Mamreov	1895	0	2	2	mdp.39015064319257|uva.x001228445	Iesät Nassar; the story of the life of Jesus the Nazarene.	Mamreov, Peter von Finkelstein, b 1853.	hathifiles_title
OL42845982W	Jesus, the Son of Man	Gibran, Kahlil	1932	0	4	4	mdp.39015002338161|ia.ark:/13960/s24pj96bt1h|inu.30000001241383	Jesus the Son of man / His words and His deeds as told and r	Gibran, Kahlil, 1883-1931.	hathifiles_title
OL7921040W	Jesus, the Son of Man	Gibran, Kahlil	1928	0	4	4	mdp.39015002338161|ia.ark:/13960/s24pj96bt1h|inu.30000001241383	Jesus the Son of man / His words and His deeds as told and r	Gibran, Kahlil, 1883-1931.	hathifiles_title
OL39438691W	Under Drake's flag	G. A. Henty	1882	0	16	16	mdp.39015039579787|mdp.39015073479746|mdp.39015073479712	Under Drake's flag : A tale of the Spanish Main / by G. A. H	Henty, G. A. 1832-1902.	hathifiles_title
OL4072567W	The Bobbsey Twins	Laura Lee Hope	1904	0	3	3	hvd.hn5hq9|coo.31924005395383|mdp.39015039487205	The Bobbsey twins ; or, Merry days indoors and out / by Laur	Hope, Laura Lee	hathifiles_title
OL147319W	Paris of Troy	George Edward Baker	1947	0	3	1	mdp.39015063008885|uc1.$b284210|uc1.b3115610	Paris of Troy.	Baker, George Edward, 1902-	hathifiles_title
OL24645212W	The Magic Nuts	Molesworth	1898	0	2	2	mdp.39015039619534|mdp.39015083455280	The magic nuts.	Molesworth, Mrs., 1839-1921.	hathifiles_title
OL25601428W	Men of Iron	Howard Pyle	1891	0	16	16	nc01.ark:/13960/t8kd30p10|mdp.39015010354879|hvd.hw1xoe	"Men of iron / by Howard Pyle, author of 'The wonder clock"" """	Pyle, Howard, 1853-1911.	hathifiles_title
OL76524W	The Thirty-Nine Steps	John Buchan	1915	0	6	4	mdp.39015024076369|uc1.32106015422824|hvd.32044010252005	The thirty-nine steps.	Buchan, John, 1875-1940.	hathifiles_title
OL42704903W	Ballet shoes	Noel Streatfeild	1937	0	3	0	uva.x001610883|dul1.ark:/13960/t7sn5bd57|mdp.39015066638944	Ballet shoes	Streatfeild, Noel.	hathifiles_title
OL33137561W	Ballet shoes	Noel Streatfeild	1937	0	3	0	uva.x001610883|dul1.ark:/13960/t7sn5bd57|mdp.39015066638944	Ballet shoes	Streatfeild, Noel.	hathifiles_title
OL8315656W	Rain Drop Splash	Alvin R. Tresselt	1946	0	1	0	mdp.39015003763060	Rain drop splash / story by Alvin Tresselt, pictures by Leon	Tresselt, Alvin, 1916-2000.	hathifiles_title
OL60470W	Willow Hill	Phyllis A. Whitney	1947	0	1	0	uc1.b3406927	Willow Hill.	Whitney, Phyllis A., 1903-	hathifiles_title
OL32097046W	Grimm's fairy tales	Crane, Walter	1896	0	7	5	mdp.39015031603981|mdp.39015003505610|mdp.39015026986987	Grimm's fairy tales.		hathifiles_title
OL32093301W	Grimm's fairy tales	Helen Stratton	1909	0	4	2	mdp.39015031603981|mdp.39015003505610|mdp.39015026986987	Grimm's fairy tales.		hathifiles_title
OL1201302W	The wind on the moon	Eric Linklater	1944	0	1	0	mdp.39015031390894	The wind on the moon; a story for children. Nicolas Bentley 	Linklater, Eric, 1899-1974.	hathifiles_title
OL113983W	Curtain of green and other stories	Eudora Welty	1936	0	5	0	uc1.32106008827997|mdp.39015009141303|mdp.39015019226243	A curtain of green, and other stories	Welty, Eudora, 1909-2001	hathifiles_title
OL36950277W	The age of innocence	Edith Wharton	1929	0	6	2	coo.31924014479491|uc1.32106002154133|mdp.39015050806184	The age of innocence.	Wharton, Edith, 1862-1937.	hathifiles_title
OL32146991W	The house of mirth	Edith Wharton	1905	0	13	12	mdp.39015000146012|mdp.39015042089402|uc1.32106002154349	The house of mirth / with a foreword by Marcia Davenport.	Wharton, Edith, 1862-1937.	hathifiles_title
OL34277569W	Bridge of San Luis Rey	Thornton Wilder	1928	0	10	8	mdp.39015029512079|mdp.39015008251194|uc1.b4082907	The bridge of San Luis Rey / [by] Thornton Wilder ... Illust	Wilder, Thornton, 1897-1975.	hathifiles_title
OL31830224W	Howards End	E. M. Forster	1945	0	5	1	mdp.39015034766777|dul1.ark:/13960/t9z089v2w|uc1.32106014703497	Howards end.	Forster, E. M. 1879-1970.	hathifiles_title
OL38768425W	The green carnation	Robert Smythe Hichens	1894	0	1	1	nyp.33433074870399	The green carnation.	Hichens, Robert Smythe, 1864-1950.	hathifiles_title
OL38805095W	Good-bye, Mr. Chips	James Hilton	1935	0	2	0	mdp.39015004145887|pst.000028185529	Good-bye, Mr. Chips / Illus. by H.M. Brock.	Hilton, James, 1900-1954.	hathifiles_title
OL37256405W	After many a summer	Aldous Huxley	1939	0	1	0	mdp.39015067068653	After many a summer; a novel.	Huxley, Aldous, 1894-1963.	hathifiles_title
OL51201W	All the conspirators	Isherwood, Christopher	1928	0	3	1	mdp.39015065847421|uga1.32108007450888|uc1.b4091133	All the conspirators : a novel / by Christopher Isherwood.	Isherwood, Christopher, 1904-1986.	hathifiles_title
OL51210W	Goodbye to Berlin	Isherwood, Christopher	1939	0	2	0	inu.32000009137540|inu.32000001674060	Goodbye to Berlin.	Isherwood, Christopher, 1904-1986	hathifiles_title
OL33122287W	Goodbye to Berlin	Isherwood, Christopher	1939	0	2	0	inu.32000009137540|inu.32000001674060	Goodbye to Berlin.	Isherwood, Christopher, 1904-1986	hathifiles_title
OL15854437W	Dirk's dog, Bello	Meindert De Jong	1939	0	1	0	mdp.39015019964215	Dirk's dog, Bello / by Meindert DeJong; with pictures by Kur	De Jong, Meindert, 1906-1991.	hathifiles_title
OL2588348W	Angus lost	Marjorie Flack	1932	0	2	0	mdp.39076006974625|pst.000013548018	Angus lost / told and pictured by Marjorie Flack.	Flack, Marjorie, 1897-1958.	hathifiles_title
OL7456573W	Silver Chief, Dog of the North	Jack O'Brien	1933	0	1	0	mdp.39015012058296	Silver Chief, dog of the North / Illus. by Kurt Wiese.	O'Brien, Jack, 1898-1938.	hathifiles_title
OL33895375W	Sunshine Sketches of a Little Town	Stephen Leacock	1912	0	2	2	mdp.39015065882568|loc.ark:/13960/t2988tc18	Sunshine sketches of a little town.	Leacock, Stephen, 1869-1944.	hathifiles_title
OL38633372W	The corn king and the spring queen / by Naomi Mitchison ; with four pictures by Z. Stryjenska being decorations of the Polish National Pavilion in the Paris Exhibition of 1926	Naomi Mitchison	1939	0	3	0	mdp.39015005740504|pur1.32754060062431|uc1.31822017158916	The corn king and the spring queen / by Naomi Mitchison ...	Mitchison, Naomi, 1897-1999.	hathifiles_title
OL5110572W	Verdict of twelve	R. W. Postgate	1940	0	1	0	mdp.39015066704928	Verdict of twelve.	Postgate, Raymond, 1896-1971.	hathifiles_title
OL39912177W	Alice in Wonderland	Carroll, Lewis	1926	0	3	2	mdp.39015066045934|iau.31858037826199|pst.000005024568	Alice in Wonderland / by Lewis Carroll [pseudonym] With the 	Carroll, Lewis, 1832-1898.	hathifiles_title
OL44407785W	Alice's adventures in wonderland, and through the looking glass	Carroll, Lewis	1912	0	4	2	mdp.39015002282633|mdp.39015085433129|mdp.39076002772007	Alice's adventures in Wonderland, and Through the looking-gl	Carroll, Lewis, 1832-1898.	hathifiles_title
OL17960648W	All our yesterdays	H. M. Tomlinson	1930	0	2	2	mdp.39015063919974|miun.aga9940.0001.001	All our yesterdays / by H. M. Tomlinson.	Tomlinson, H. M. 1873-1958.	hathifiles_title
OL17960647W	All our yesterdays	H. M. Tomlinson	1930	0	2	2	mdp.39015063919974|miun.aga9940.0001.001	All our yesterdays / by H. M. Tomlinson.	Tomlinson, H. M. 1873-1958.	hathifiles_title
OL95941W	To Mars via the moon	Mark Wicks	1911	0	1	1	mdp.39015078570812	To Mars via the moon; an astronomical story / by Mark Wicks 	Wicks, Mark.	hathifiles_title
OL1633248W	Marooned on Australia	Ernest Favenc	1896	0	1	1	mdp.39015078569954	Marooned on Australia; being the narration by Diedrich Buys 	Favenc, Ernest, 1846-1908.	hathifiles_title
OL17448W	King Solomon's Mines	H. Rider Haggard	1880	0	10	7	mdp.39015002894213|pst.000027627419|wu.89090380734	King Solomon's mines / Illustrated by Paul Hogarth.	Haggard, H. Rider 1856-1925.	hathifiles_title
OL18471050W	The foreground of American fiction	Harry Hartwick	1934	0	3	1	mdp.39015011635847|mdp.39015003843482|uc1.b3512671	The foreground of American fiction / by Harry Hartwick.	Hartwick, Harry.	hathifiles_title
OL20112W	The  man who would be king	Kipling, Rudyard	1898	0	2	2	hvd.32044025022963|uc1.b0000111674	The man who would be king / by Rudyard Kipling.	Kipling, Rudyard, 1865-1936	hathifiles_title
OL15984934W	The best short stories of Bret Harte	Bret Harte	1947	0	1	0	mdp.39015024521471	The best short stories of Bret Harte / edited, and with an i	Harte, Bret, 1836-1902.	hathifiles_title
OL214930W	The master of life	Lighthall, W. D.	1908	0	4	4	mdp.39015065652516|nyp.33433022848174|umn.31951002336391n	The master of life; a romance of the Five nations / by W. D.	Lighthall, W. D. 1857-1954.	hathifiles_title
OL13075603W	The master of life	William Douw Lighthall	1908	0	4	4	mdp.39015065652516|nyp.33433022848174|umn.31951002336391n	The master of life; a romance of the Five nations / by W. D.	Lighthall, W. D. 1857-1954.	hathifiles_title
OL41894436W	Adventures of Roderick Random	Tobias Smollett	1904	0	8	8	mdp.39015066688436|mdp.39015011235507|mdp.39015011235515	The adventures of Roderick Random / by Tobias Smollett.	Smollett, T. 1721-1771.	hathifiles_title
OL39593613W	The country of the pointed firs	Sarah Orne Jewett	1900	0	6	4	mdp.39015050245748|uc1.32106015388678|uc1.b000737168	The country of the pointed firs / With a preface by Willa Ca	Jewett, Sarah Orne, 1849-1909.	hathifiles_title
OL39431948W	The preacher of Cedar Mountain	Ernest Thompson Seton	1917	0	5	5	mdp.39015059718299|uc2.ark:/13960/fk17m04204|hvd.32044011911658	The preacher of Cedar mountain / [by] Ernest Thompson Seton.	Seton, Ernest Thompson, 1860-1946.	hathifiles_title
OL32089345W	Travels into several remote nations of the world by Lemuel Gulliver, first a surgeon and then a captain of several ships, in four parts ...	Swift, Jonathan	1883	0	1	1	mdp.39015078566117	Travels into several remote nations of the world by Lemuel G	Swift, Jonathan, 1667-1745.	hathifiles_title
OL32089366W	Gulliver's travels into some remote regions of the world	Swift, Jonathan	1899	0	6	6	mdp.39015078566968|mdp.39015078566257|mdp.39015078566273	Gulliver's travels into some remote regions of the world / b	Swift, Jonathan, 1667-1745.	hathifiles_title
OL32089344W	Travels into several remote nations of the world	Swift, Jonathan	1894	0	7	7	mdp.39015078566208|hvd.32044050823947|coo1.ark:/13960/t9377xd38	Travels into several remote nations of the world / by Lemuel	Swift, Jonathan, 1667-1745.	hathifiles_title
OL1375467W	The island of the great mother	Gerhart Hauptmann	1925	0	2	2	mdp.39015024519749|mdp.39015064520078	The island of the great mother.	Hauptmann, Gerhart, 1862-1946.	hathifiles_title
OL3863979W	Noughts and crosses	Quiller-Couch, Arthur Thomas	1891	0	9	9	hvd.32044018874651|hvd.hwk5ug|uiuo.ark:/13960/t9h53sd34	Noughts and crosses : stories, studies and sketches / by Q.	Quiller-Couch, Arthur, 1863-1944	hathifiles_title
OL39440125W	Gulliver's travels. The voyage to Lilliput and the voyage to Brobdingnag	Swift, Jonathan	1884	0	1	1	mdp.39015078566513	Gulliver's travels, the voyage to Lilliput and the voyage to	Swift, Jonathan, 1667-1745.	hathifiles_title
OL21166924W	Joseph in Egypt	Thomas Mann	1938	0	1	0	mdp.39015066698666	Joseph in Egypt / Translated from the German for the first t	Mann, Thomas, 1875-1955.	hathifiles_title
OL18426322W	Messer Marco Polo	Byrne, Donn	1923	0	6	6	mdp.39015013764751|uc1.$b254282|uc1.b3810870	Messer Marco Polo / by Donn Byrne.	Byrne, Donn, 1889-1928.	hathifiles_title
OL44643307W	Messer Marco Polo	Donn Erwin Byrne	1946	0	3	3	mdp.39015013764751|uc1.b3810870|uc1.b3865865	Messer Marco Polo / by Donn Byrne.	Byrne, Donn, 1889-1928.	hathifiles_title
OL1066517W	Major Barbara	Bernard Shaw	1909	0	5	2	mdp.39015009335954|umn.319510022848318|pst.000030842212	Major Barbara; a screen version.	Shaw, Bernard, 1856-1950.	hathifiles_title
OL100203W	Sister Carrie	Theodore Dreiser	1900	1	13	11	uc1.31822023538432|mdp.39015066054217|mdp.49015000577362	Sister Carrie / by Theodore Dreiser	Dreiser, Theodore, 1871-1945,	hathifiles_title
OL33137256W	The black arrow	Robert Louis Stevenson	1926	0	9	9	mdp.39015008100045|mdp.39015024076187|pst.000030100992	The black arrow / [by] Robert Louis Stevenson.	Stevenson, Robert Louis, 1850-1894.	hathifiles_title
OL17985564W	Mrs. Mike	Benedict Freedman	1947	0	1	0	mdp.39015059771322	Mrs. Mike : the story of Katherine Mary Flannigan / by Bened	Freedman, Benedict.	hathifiles_title
OL7641615W	Renown	Frank O. Hough	1938	0	1	0	mdp.39015059719412	Renown / by Frank O. Hough...	Hough, Frank Olney.	hathifiles_title
OL17658269W	Rab and his friends	Brown, John	1884	0	10	10	hvd.hwhr9p|uc2.ark:/13960/t44q7s65n|uc2.ark:/13960/t9c53mr2t	Rab and his friends.	Brown, John, 1810-1882	hathifiles_title
OL17354934W	Rab and his friends	Brown, John	1883	0	10	10	hvd.hwhr9p|uc2.ark:/13960/t44q7s65n|uc2.ark:/13960/t9c53mr2t	Rab and his friends.	Brown, John, 1810-1882	hathifiles_title
OL1952547W	Appointment in Samarra ; BUtterfield 8 ; Hope of heaven	O'Hara, John	1934	0	3	0	mdp.39015002146614|inu.39000003771180|uc1.b4089227	Appointment in Samarra / with a new foreword by the author.	O'Hara, John, 1905-1970.	hathifiles_title
OL15393555W	Appointment in Samarra ; Butterfield 8 ; Hope of heaven	O'Hara, John	1934	0	3	0	mdp.39015002146614|inu.39000003771180|uc1.b4089227	Appointment in Samarra / with a new foreword by the author.	O'Hara, John, 1905-1970.	hathifiles_title
OL32448682W	Appointment in Samarra	John O'Hara	1934	0	3	0	mdp.39015002146614|inu.39000003771180|uc1.b4089227	Appointment in Samarra / with a new foreword by the author.	O'Hara, John, 1905-1970.	hathifiles_title
OL19960135W	The Newcomes	Thackeray, William Makepeace	1884	0	49	49	mdp.39015067850217|mdp.39015067850225|mdp.39015067850233	The Newcomes; memoirs of a most respectable family / edited 	Thackeray, William Makepeace, 1811-1863.	hathifiles_title
OL19697267W	The Newcomes	Thackeray, William Makepeace	1896	0	33	33	mdp.39015067850217|mdp.39015067850225|mdp.39015067850233	The Newcomes; memoirs of a most respectable family / edited 	Thackeray, William Makepeace, 1811-1863.	hathifiles_title
OL24662570W	Doctor Thorne	Trollope, Anthony	1902	0	32	27	pst.000030103412|mdp.39015005711992|mdp.39015000518111	Doctor Thorne / by Anthony Trollope.	Trollope, Anthony, 1815-1882.	hathifiles_title
OL27102252W	Dr. Wortle's School	Trollope, Anthony	1944	0	1	0	mdp.39015066698351	Dr. Wortle's school / by Anthony Trollope ...	Trollope, Anthony, 1815-1882.	hathifiles_title
OL27104364W	Sir Harry Hotspur of Humblethwaite	Trollope, Anthony	1950	0	1	0	mdp.39015015184123	Sir Harry Hotspur of Humblethwaite / by Anthony Trollope ...	Trollope, Anthony, 1815-1882.	hathifiles_title
OL16884882W	Snug Harbor	Optic, Oliver	1884	0	2	2	mdp.39015039602183|hvd.hn1qsx	Snug Harbor : or, The Champlain mechanics / by Oliver Optic 	Optic, Oliver, 1822-1897.	hathifiles_title
OL42216750W	Bealby	H. G. Wells	1925	0	2	1	mdp.39015015184008|hvd.hn5fvt	Bealby; a holiday / by H. G. Wells.	Wells, H. G. 1866-1946.	hathifiles_title
OL2341628W	Frank Fowler, the cash boy	Horatio Alger	1887	0	1	1	mdp.39015039602332	Frank Fowler, the cash boy.	Alger, Horatio, Jr., 1832-1899.	hathifiles_title
OL29269235W	In the Days of the Comet	H. G. Wells	1924	0	2	1	mdp.39015024076203|uc1.31158010981735	In the days of the comet / With an introd. by Frank Wells.	Wells, H. G. 1866-1946.	hathifiles_title
OL2341661W	Making his mark	Horatio Alger	1901	0	1	1	mdp.39015039750180	Making his mark / by Horatio Alger, jr. ... illustrated by R	Alger, Horatio, Jr., 1832-1899.	hathifiles_title
OL52266W	The Invisible Man	H. G. Wells	1897	0	3	2	mdp.39015019938433|osu.32435057546087|uva.x000271725	The invisible man. / With an introduction by Frank Wells.	Wells, H. G. 1866-1946.	hathifiles_title
OL33138005W	Phil, the fiddler	Horatio Alger	1883	0	2	2	mdp.39015024366901|uc2.ark:/13960/t0wp9tw6n	Phil, the fiddler : or, The story of a young street musician	Alger, Horatio, Jr., 1832-1899.	hathifiles_title
OL18415W	Ozma of Oz	Baum, L. Frank	1907	0	4	4	mdp.39015035505349|ucw.ark:/13960/t0wq0b01q|hvd.32044010476836	Ozma of Oz ... / by L. Frank Baum ... illustrated by John R.	Baum, L. Frank 1856-1919.	hathifiles_title
OL812046W	The hurdy-gurdy man	Margery Williams Bianco	1933	0	1	0	mdp.39015024082995	The hurdy-gurdy man / by Margery Williams Bianco ; illustrat	Bianco, Margery Williams, 1881-1944.	hathifiles_title
OL14877861W	Lord Arthur Savile's Crime and Other Stories	Oscar Wilde	1948	0	1	0	mdp.39015008036892	Lord Arthur Savile's crime and other stories.	Wilde, Oscar, 1854-1900.	hathifiles_title
OL32094469W	Snap-dragons	Juliana Horatia Gatty Ewing	1896	0	1	1	mdp.39015039750552	Snap-dragons.	Ewing, Juliana Horatia, 1841-1885.	hathifiles_title
OL1795286W	Snap-dragons	Juliana Horatia Gatty Ewing	1888	0	1	1	mdp.39015039750552	Snap-dragons.	Ewing, Juliana Horatia, 1841-1885.	hathifiles_title
OL5590818W	Blue Willow	Doris Gates	1940	0	2	0	mdp.39015024085931|mdp.39015028737040	Blue willow / by Doris Gates; illustrated by Paul Lantz.	Gates, Doris, 1901-1987.	hathifiles_title
OL39440015W	The boy knight	G. A. Henty	1883	0	9	9	mdp.39015039579639|mdp.39015073480496|mdp.39015073480355	The boy knight : a tale of the Crusade / by G.A. Henty.	Henty, G. A. 1832-1902.	hathifiles_title
OL39444882W	For the temple	G. A. Henty	1888	0	17	17	mdp.39015030915089|mdp.39015073484274|mdp.49015002685684	For the temple : a tale of the fall of Jerusalem / by G. A. 	Henty, G. A. 1832-1902.	hathifiles_title
OL2848252W	Stories from Carleton	Carleton, William	1889	0	4	4	uc2.ark:/13960/t57d2sc34|uc1.b4110175|njp.32101068175932	Stories from Carleton: with an introd. by W.B. Yeats.	Carleton, William, 1794-1869.	hathifiles_title
OL17956163W	Aesthetics of the novel	Van Meter Ames	1928	0	2	2	mdp.39015003932905|uc1.$b662873	Aesthetics of the novel / by Van Meter Ames.	Ames, Van Meter, 1898-1984.	hathifiles_title
OL16747802W	The ethical and religious value of the novel	Ramsden Balmforth	1912	0	2	2	mdp.39015059449218|uc2.ark:/13960/t6736zg0s	The ethical and religious value of the novel / by Ramsden Ba	Balmforth, Ramsden.	hathifiles_title
OL17956177W	Dead reckonings in fiction	Dorothy Brewster	1924	0	3	3	mdp.39015003933721|uc1.$b662882|uc1.b3477232	Dead reckonings in fiction.	Brewster, Dorothy, 1883-1979.	hathifiles_title
OL19670813W	Short stories for study	Raymond W. Short	1941	0	2	0	mdp.39015000694953|mdp.39076006851708	Short stories for study / edited by Kenneth Payson Kempton.		hathifiles_title
OL13192366W	How to write a novel	Manuel Komroff	1950	0	2	0	mdp.39015038902345|mdp.39015038904804	How to write a novel.	Komroff, Manuel, 1890-1974.	hathifiles_title
OL1352986W	A treatise on the novel	Liddell, Robert	1947	0	2	0	mdp.39015003934273|uva.x000236758	Treatise on the novel / R. Liddell.	Liddell, Robert.	hathifiles_title
OL247374W	Today's short stories analyzed	Robert Wilson Neal	1918	0	6	6	mdp.39015003934778|uc2.ark:/13960/t6445vb75|uc1.$b247029	Today's short stories analyzed; an informal encyclopedia of 	Neal, Robert Wilson, 1871-1939.	hathifiles_title
OL7900415W	Story-writing	Frances M. [from old catalog] Perry	1926	0	1	1	mdp.39015005463727	Story-writing; lessons from the masters.	Perry, F. M.	hathifiles_title
OL7147063W	Narrative technique	Uzzell, Thomas H.	1934	0	3	0	mdp.39015004296144|mdp.39015053617588|uc1.$b275497	Narrative technique : a practical course in literary psychol	Uzzell, Thomas H., 1884-	hathifiles_title
OL43019393W	The Book of the short story	Alexander Jessup	1929	0	5	1	mdp.39015003740944|mdp.39015005563096|uc1.$b51254	A book of the short story / selected and edited, with the hi		hathifiles_title
OL43272992W	Masterpieces of the masters of fiction / by William Dudley Foulke	Foulke, William Dudley, 1848-1935	1912	0	1	1	mdp.39015030903234	Masterpieces of the masters of fiction.	Foulke, William Dudley, 1848-1935.	hathifiles_title
OL7425681W	Wilhelm Meister and his English kinsmen, apprentices to life	Susanne Howe	1930	0	3	3	mdp.39015002361510|uc1.b3547170|uc1.32106001643698	Wilhelm Meister and his English kinsmen, apprentices to life	Howe, Susanne, 1896-	hathifiles_title
OL7897747W	Provincial types in American fiction	Fiske, Horace Spencer	1907	0	5	5	mdp.39015011701946|mdp.39015003750299|uc2.ark:/13960/t4qj79403	Provincial types in American fiction.	Fiske, Horace Spencer, 1859-1940.	hathifiles_title
OL13524793W	The gothic fiction in the American magazines (1765-1800)	Redden, Mary Mauritia	1939	0	2	2	mdp.39015003859843|uc1.b3539736	The Gothic fiction in the American magazines (1765-1800)	Redden, Mary Mauritia, sister.	hathifiles_title
OL6731281W	Short stories	Perin C. Mehta	1900	0	14	14	mdp.39015030928926|uc1.$b308251|uiug.30112120154668	Short Stories: a collection of types of the short story / ed		hathifiles_title
OL7218542W	[Short stories	Barbara E. Pope	1900	0	14	14	mdp.39015030928926|uc1.$b308251|uiug.30112120154668	Short Stories: a collection of types of the short story / ed		hathifiles_title
OL16312659W	Short stories	Rabindranath Tagore	1916	0	3	3	mdp.39015030928926|uc1.$b308251|uiuo.ark:/13960/s2ncm8zrdns	Short Stories: a collection of types of the short story / ed		hathifiles_title
OL22871456W	Short stories	Mihai Beniuc	1900	0	14	14	mdp.39015030928926|uc1.$b308251|uiug.30112120154668	Short Stories: a collection of types of the short story / ed		hathifiles_title
OL4939476W	Murder - made in Germany	Heinz Liepman	1934	0	1	0	mdp.39015005282069	Murder--made in Germany; a true story of present-day Germany	Liepman, Heinz, 1905-1966.	hathifiles_title
OL6372263W	The lost child	Rahel Sanzara	1929	0	1	1	mdp.39015066634745	The lost child / by Rahel Sanzara, translated from the Germa	Sanzara, Rahel.	hathifiles_title
OL18475458W	The art of the novel from 1700 to the present time	Pelham Edgar	1933	0	2	2	mdp.39015003939439|uc1.b5067933	The art of the novel from 1700 to the present time.	Edgar, Pelham, 1871-1948.	hathifiles_title
OL19671706W	Essays on modern novelists	William Lyon Phelps	1916	0	3	3	mdp.39015032050984|uva.x030759306|uc1.b5067930	Essays on modern novelists.	Phelps, William Lyon, 1865-1943.	hathifiles_title
OL1219871W	Verdi	Franz Werfel	1925	0	3	2	mdp.39015009453948|uc1.$b796103|osu.32435007302797	Verdi; a novel of the opera.	Werfel, Franz, 1890-1945.	hathifiles_title
OL549971W	The best of Ernest Thompson Seton	Ernest Thompson Seton	1949	0	1	0	mdp.39015021560969	The best of Ernest Thompson Seton.	Seton, Ernest Thompson, 1860-1946.	hathifiles_title
OL7166034W	Vison, the mink	John L. George	1949	0	3	0	mdp.39015065979364|mdp.39015059722028|mdp.39076002196934	Vison, the mink.	George, John L. 1916-1999.	hathifiles_title
OL24656586W	The Boxcar Children	Gertrude Chandler Warner	1924	0	1	0	mdp.39015019180481	The boxcar children / illustrated by L. Kate Deal.	Warner, Gertrude Chandler, 1890-1979.	hathifiles_title
OL7456579W	The Return of Silver Chief	Jack O'Brien	1943	0	1	0	mdp.39015027558397	The return of Silver Chief / by Jack O'Brien ; illustrated b	O'Brien, Jack, 1898-1938.	hathifiles_title
OL65430W	The Awakening	Kate Chopin	1899	1	2	0	mdp.39015003475319|uc1.$b466322	Awakening : the world at mid-century.		hathifiles_title
OL39014581W	The awakening	Kate Chopin	1899	0	2	0	mdp.39015003475319|uc1.$b466322	Awakening : the world at mid-century.		hathifiles_title
OL18525575W	The lyf of the noble and Crysten prynce, Charles the Grete	William Caxton	1880	0	1	1	mdp.39015006601192	The Lyf of the noble and Crysten prynce, Charles the Grete /		hathifiles_title
OL44451818W	Alimony	Faith Baldwin	1931	0	2	1	mdp.39015006965050|uva.x000415695	Alimony ...		hathifiles_title
OL5897607W	Gib Morgan, minstrel of the oil fields	Mody Coggin Boatright	1945	0	2	0	mdp.39015004260991|inu.30000118485105	Gib Morgan, minstrel of the oil fields.	Boatright, Mody C. 1896-1970.	hathifiles_title
OL29263405W	From double eagle to red flag	Peter Nikolaevich Krasnov	1930	0	2	2	mdp.39015027205908|mdp.39015027205890	From double eagle to red flag / by General P. N. Krassnoff, 	Krasnov, P. N. 1869-1947.	hathifiles_title
OL676835W	A Slav soul, and other stories	Kuprin, A. I.	1916	0	2	2	mdp.39015030584596|uc2.ark:/13960/t0ht2rh5q	A Slav soul, and other stories / by Alexander Kuprin; with a	Kuprin, A. I. 1870-1938.	hathifiles_title
OL366627W	Phantoms..	Ivan Sergeevich Turgenev	1904	0	1	1	mdp.39015013286508	Phantoms... / tr. from the Russian by I.F. Hapgood.	Turgenev, Ivan Sergeevich, 1818-1883.	hathifiles_title
OL8525052W	Memoirs of a sportsman	Ivan Sergeevich Turgenev	1903	0	7	7	uc2.ark:/13960/t0cv4k462|hvd.hndpgj|mdp.39015011484725	Memoirs of a sportsman : A nobleman's nest / Iván Turgénie	Turgenev, Ivan Sergeevich, 1818-1883.	hathifiles_title
OL18092158W	"""Miladi""; being sundry little chapters devoted to your day-dreams, dear Miladi, and your realizations,--harking back to your education, your experience in the industrial world and your decision in favor of the claims of home, and coming down to the development of your love"	Clara E. Laughlin	1903	0	3	3	mdp.39015022427317|hvd.hw1vra|nyp.33433075839088	"""Miladi""; being sundry little chapters devoted to your day-d"	Laughlin, Clara E. 1873-1941.	hathifiles_title
OL5081141W	"""Miladi"""	Clara E. Laughlin	1903	0	3	3	mdp.39015022427317|hvd.hw1vra|nyp.33433075839088	"""Miladi""; being sundry little chapters devoted to your day-d"	Laughlin, Clara E. 1873-1941.	hathifiles_title
OL28596753W	Irish fairy tales	Stephens, James	1948	0	1	1	inu.30000060903253	Irish fairy tales / by James Stephens.	Stephens, James, 1882-1950.	hathifiles_title
OL35281928W	In Praise of Folly	Desiderius Erasmus	1900	0	6	2	mdp.39015010719055|pst.000063384499|uc1.31158004058482	In praise of folly / with illustrations after Hans Holbein, 	Erasmus, Desiderius, -1536.	hathifiles_title
OL21168902W	The praise of folly	Desiderius Erasmus	1941	0	3	2	mdp.39015001815565|mdp.39015034651433|uva.x000304862	The praise of folly / by Desiderius Erasmus : a new translat	Erasmus, Desiderius, -1536.	hathifiles_title
OL159215W	Roumanian stories	Lucy Margaret (Greenly) Schomberg Byng	1921	0	4	4	mdp.39015018648249|uc2.ark:/13960/t2s46kk2r|uc1.$b254437	Roumanian stories / tr. from the original Roumanian, by Lucy	Byng, Lucy Margaret (Greenly) Schomberg.	hathifiles_title
OL115019W	Roman holiday	Upton Sinclair	1931	0	2	1	mdp.39015030711850|uc1.31822019537117	Roman holiday / by Upton Sinclair.	Sinclair, Upton, 1878-1968.	hathifiles_title
OL4634859W	The Mirror of Kong Ho	Ernest Bramah	1905	0	1	1	mdp.39015000613508	The mirror of Kong Ho / by Ernest Bramah [pseudonym]	Bramah, Ernest, 1868-1942.	hathifiles_title
OL39440413W	The adventures of Ferdinand, count Fathom	T. Smollett	1884	0	3	3	mdp.39015031304036|mdp.39015031304028|uva.x002650012	The adventures of Ferdinand Count Fathom / by Tobias Smollet	Smollett, T. 1721-1771.	hathifiles_title
OL3412166W	Strangers and brothers	C. P. Snow	1940	0	2	0	mdp.39015008821582|uc1.b3139353	Strangers and brothers.	Snow, C. P. 1905-1980.	hathifiles_title
OL33736178W	The Crock of Gold	Stephens, James	1936	0	4	1	mdp.39015007032165|uc1.$b63829|mdp.39015002333196	The crock of gold / by James Stephens, with twelve illustrat	Stephens, James, 1882-1950.	hathifiles_title
OL15931722W	A sentimental journey through France and Italy	Sterne, Laurence	1936	0	3	1	mdp.39015013237691|mdp.39015062461309|ufl.35051119092429	A sentimental journey through France and Italy / by Laurence	Sterne, Laurence, 1713-1768.	hathifiles_title
OL5475772W	The Life and Opinions of Tristram Shandy, Gentleman	Sterne, Laurence	1950	0	5	0	mdp.39015003636175|uc1.b4107933|inu.32000002763581	The life and opinions of Tristram Shandy, gentleman / With a	Sterne, Laurence, 1713-1768.	hathifiles_title
OL1850592W	Hie to the hunters	Stuart, Jesse	1950	0	4	0	mdp.39015014859956|uc1.$b105358|uc1.$b117261	Hie to the hunters.	Stuart, Jesse, 1906-1984.	hathifiles_title
OL276175W	Peace Breaks Out	Angela Mackail Thirkell	1946	0	2	0	mdp.39015005104651|uc1.31822007280829	Peace breaks out / by Angela Thirkell.	Thirkell, Angela, 1890-1961.	hathifiles_title
OL1156808W	I cannot go hunting tomorrow: short stories	Treece, Henry	1946	0	2	0	mdp.39015030039344|uc1.$b245253	I cannot go hunting tomorrow; short stories.	Treece, Henry, 1911-1966.	hathifiles_title
OL61213W	Nothing matters, and other stories	Tree, Herbert Beerbohm	1917	0	1	1	mdp.39015014451259	Nothing matters, and other stories / by Herbert Beerbohm Tre	Tree, Herbert Beerbohm, Sir, 1852-1917.	hathifiles_title
OL2917510W	Fireweed	Walker, Mildred	1934	0	1	0	mdp.39015071574266	Fireweed / [by] Mildred Walker.	Walker, Mildred, 1905-1998.	hathifiles_title
OL1517898W	Mammoth mystery book	Edgar Wallace	1924	0	1	1	mdp.39015030718533	Mammoth mystery book; three complete novels.	Wallace, Edgar, 1875-1932.	hathifiles_title
OL25302769W	The Loom of Youth	Alec Waugh	1921	0	3	0	mdp.39015000567738|mdp.39015000664832|mdp.39015065444211	The loom of youth.	Waugh, Alec, 1898-1981.	hathifiles_title
OL5721436W	The Loved One	Evelyn Waugh	1948	0	4	0	uva.x000134757|umn.31951d00533100j|mdp.49015001009845	The loved one : an Anglo-American tragedy.	Waugh, Evelyn, 1903-1966.	hathifiles_title
OL18363177W	The golden arrow	Mary Gladys Meredith Webb	1929	0	4	2	mdp.39015013126480|uc1.$b245200|iau.31858013664788	The golden arrow / with an introduction by G.K. Chesterton.	Webb, Mary, 1881-1927.	hathifiles_title
OL10489228W	The golden arrow	Mary Webb	1916	0	6	4	mdp.39015013126480|uc1.$b245200|loc.ark:/13960/t7vm4qg62	The golden arrow / with an introduction by G.K. Chesterton.	Webb, Mary, 1881-1927.	hathifiles_title
OL37922516W	Golden Arrow	Mary Webb	1916	0	6	4	mdp.39015013126480|uc1.$b245200|loc.ark:/13960/t7vm4qg62	The golden arrow / with an introduction by G.K. Chesterton.	Webb, Mary, 1881-1927.	hathifiles_title
OL381550W	The Island of Dr. Moreau	H. G. Wells	1896	0	1	1	mdp.39015013272631	The island of Dr. Moreau / by H. G. Well ...	Wells, H. G. 1866-1946.	hathifiles_title
OL113964W	The wide net and other stories	Eudora Welty	1945	0	4	0	mdp.39015018606445|mdp.39015019226250|uc1.32106015372847	The wide net, and other stories / by Eudora Welty.	Welty, Eudora, 1909-2001.	hathifiles_title
OL32146729W	The greater inclination	Edith Wharton	1899	0	17	17	mdp.39015010759838|uc2.ark:/13960/t8nc5t67k|mdp.39015030719184	The greater inclination / by Edith Wharton.	Wharton, Edith, 1862-1937.	hathifiles_title
OL19283868W	Mistress Masham's Repose	White, T. H.	1946	0	2	0	mdp.39015030857844|mdp.39015042022882	Mistress Masham's repose.	White, T. H. 1906-1964.	hathifiles_title
OL1337084W	Big money	P. G. Wodehouse	1931	0	1	0	miun.ahq2748.0001.001	Big money, / by P.G. Wodehouse.	Wodehouse, P. G. 1881-1975.	hathifiles_title
OL1337086W	The Girl on the Boat	P. G. Wodehouse	1922	0	2	1	mdp.39015005650323|inu.32000006224671	The girl on the boat / by P. G. Wodehouse.	Wodehouse, P. G. 1881-1975.	hathifiles_title
OL1337053W	Money in the bank	P. G. Wodehouse	1942	0	2	0	mdp.39015001666935|inu.30000011907551	Money in the bank.	Wodehouse, P. G. 1881-1975.	hathifiles_title
OL32100119W	Bye-words	Yonge, Charlotte Mary	1880	0	5	5	mdp.39015004843739|uc2.ark:/13960/t4jm29r7s|uc1.b3327261	Bye-words; a collection of tales, new and old / by Charlotte	Yonge, Charlotte M. 1823-1901.	hathifiles_title
OL1162820W	The city of gold	Francis Brett Young	1939	0	2	0	mdp.39015014862547|uc1.$b104470	The city of gold.	Young, Francis Brett, 1884-1954.	hathifiles_title
OL42216299W	The case of Sergeant Grischa	Arnold Zweig	1928	0	5	5	mdp.39015030050028|mdp.39015018632573|mdp.39015003976290	The case of Sergeant Grischa / by Arnold Zweig, translated f	Zweig, Arnold, 1887-1968.	hathifiles_title
OL18483251W	The case of Sergeant Grischa	Arnold Zweig	1928	0	5	5	mdp.39015030050028|mdp.39015018632573|mdp.39015003976290	The case of Sergeant Grischa / by Arnold Zweig, translated f	Zweig, Arnold, 1887-1968.	hathifiles_title
OL38544079W	Historical miniatures	August Strindberg	1913	0	2	2	uc2.ark:/13960/t5db7x97k|mdp.39015030071198	Historical miniatures.	Strindberg, August, 1849-1912.	hathifiles_title
OL2234006W	Canute Whistlewinks and other stories	Zacharias Topelius	1927	0	1	1	mdp.39015030025632	Canute Whistlewinks and other stories / by Zacharias Topeliu	Topelius, Zacharias, 1818-1898.	hathifiles_title
OL13574803W	Cleopatra	Aimery de Pierrebourg, Marguerite Thomas-Galline	1924	0	1	1	mdp.39015030153038	Cleopatra / by Claude Ferval [pseudonym] ...	Aimery de Pierrebourg, Marguerite (Thoma	hathifiles_title
OL39452028W	Marguerite de Valois	Dumas, Alexandre	1894	0	23	22	umn.31951002457402k|mdp.39015048838919|pst.000004949428	Marguerite de Valois : an historical romance. Translated fro	Dumas, Alexandre, 1802-1870.	hathifiles_title
OL42905759W	The Vicomte de Bragelonne	Dumas, Alexandre	1900	0	18	18	mdp.39015000528227|pst.000045137228|pst.000000611404	The Vicomte de Bragelonne / by Alexandre Dumas ...	Dumas, Alexandre, 1802-1870.	hathifiles_title
OL1109733W	The blockade of Phalsburg	Emile Erckmann	1889	0	5	5	mdp.39015028987694|njp.32101067522845|msu.31293028294548	The blockade of Phalsburg; an episode of the end of the empi	Erckmann, Emile, 1822-1899.	hathifiles_title
OL38735019W	The blockade of Phalsburg	Emile Erckmann	1899	0	3	3	mdp.39015028987694|njp.32101067522845|nyp.33433075816607	The blockade of Phalsburg; an episode of the end of the empi	Erckmann, Emile, 1822-1899.	hathifiles_title
OL15532296W	The history of a conscript of 1813 and Waterloo	Emile Erckmann	1909	0	4	4	mdp.39015053643378|pst.000001479652|njp.32101067522902	The history of a conscript of 1813 and Waterloo / New transl	Erckmann, Emile, 1822-1899.	hathifiles_title
OL38733995W	The invasion of France in 1814	Emile Erckmann	1899	0	1	1	mdp.39015053643360	The invasion of France in 1814 / tr. from the French of Erck	Erckmann, Emile, 1822-1899.	hathifiles_title
OL1109685W	The invasion of France in 1814	Emile Erckmann	1898	0	1	1	mdp.39015053643360	The invasion of France in 1814 / tr. from the French of Erck	Erckmann, Emile, 1822-1899.	hathifiles_title
OL989125W	The Merrie Tales of Jacques Tournebroche, and Child Life in Town and Country	Anatole France	1909	0	3	3	mdp.39015030372307|mdp.39015030372315|mdp.39015030372323	The merrie tales of Jacques Tournebroche, and Child life in 	France, Anatole, 1844-1924.	hathifiles_title
OL44460959W	The gods are athirst	Anatole France	1928	0	5	5	mdp.39015010822412|inu.39000000251830|mdp.39015046426121	The gods are athirst / by Anatole France; authorised transla	France, Anatole, 1844-1924.	hathifiles_title
OL37923069W	Red Lily	Anatole France	1930	0	5	4	mdp.39015030368412|mdp.49015001414722|uc2.ark:/13960/t8kd1tb25	The red lily / by Anatole France, a translation by Winifred 	France, Anatole, 1844-1924.	hathifiles_title
OL10353949W	The recuyell of the historyes of Troy	Raoul Lefèvre	1894	0	7	7	mdp.39015027623159|mdp.39015027623266|hvd.32044010630887	The recuyell of the historyes of Troy / written in French by	Lefèvre, Raoul, active 1460.	hathifiles_title
OL10353945W	The recuyell of the historyes of Troy	Raoul Lefèvre	1894	0	7	7	mdp.39015027623159|mdp.39015027623266|hvd.32044010630887	The recuyell of the historyes of Troy / written in French by	Lefèvre, Raoul, active 1460.	hathifiles_title
OL15086661W	Yvette and Other Stories	Guy de Maupassant	1914	0	5	5	mdp.39015019076481|mdp.39015005072502|wu.89040952129	Yvette and other stories / by Guy de Maupassant. Tr. by A.G.	Maupassant, Guy de, 1850-1893.	hathifiles_title
OL42217442W	Flamenca	H. F. M. Prescott	1933	0	1	1	mdp.39015025027882	Flamenca / translated from the thirteenth-century Provençal 		hathifiles_title
OL10796283W	Palace and prison	Forsh, Olʹga	1950	0	2	0	mdp.39015011550426|uc1.b4402179	Palace and prison / [Translated from the Russian by Fainna S	Forsh, Olʹga, 1873-1961.	hathifiles_title
OL10233W	The Artamonov business	Maksim Gorky	1925	0	2	0	mdp.39015028028754|uc1.$b662158	the Artamonov business / Translated from the Russian by Alec	Gorky, Maksim, 1868-1936.	hathifiles_title
OL15345666W	More tales by Polish authors	Else Cecilia Mendelssohn Benecke	1916	0	4	4	mdp.39015010300179|mdp.39015010300161|hvd.hnebkx	More tales by Polish authors / tr. by Else C. M. Benecke and	Benecke, Else C. M. 1873-1917,	hathifiles_title
OL19562275W	More tales by Polish authors		1916	0	4	4	mdp.39015010300179|mdp.39015010300161|hvd.hnebkx	More tales by Polish authors / tr. by Else C. M. Benecke and	Benecke, Else C. M. 1873-1917,	hathifiles_title
OL7893700W	More tales by Polish authors	Else C. M. Benecke	1916	0	4	4	mdp.39015010300179|mdp.39015010300161|hvd.hnebkx	More tales by Polish authors / tr. by Else C. M. Benecke and	Benecke, Else C. M. 1873-1917,	hathifiles_title
OL32093148W	Fairy tales from the Arabian nights	John D. Batten	1893	0	8	8	mdp.39015008788989|mdp.39015005651156|mdp.39015014611845	Fairy tales from the Arabian nights.		hathifiles_title
OL10724640W	We of the Never-Never	Jeannie Gunn	1907	0	2	1	mdp.39015051351685|pst.000055160780	We of the Never-Never.	Gunn, Jeannie, 1870-1961.	hathifiles_title
OL15352436W	Ten years a cowboy	Post, C. C.	1902	0	7	7	mdp.39015027811234|uc1.b3327605|uc1.$b803445	Ten years a cowboy / Addenda by Tex Bender, the cowboy fiddl	Post, C. C.	hathifiles_title
OL32091473W	Adventures of two youths in a journey through Africa	Thomas Wallace Knox	1884	0	2	2	mdp.39015011416297|nyp.33433082454418	Adventures of two youths in a journey through Africa / by Th	Knox, Thomas Wallace, 1835-1896.	hathifiles_title
OL38768954W	The art of fiction	Besant, Walter	1884	0	10	10	hvd.32044019985514|mdp.39015059898695|mdp.39015014595998	The art of fiction	Besant, Walter, Sir, 1836-1901.	hathifiles_title
OL4467462W	How to revise your own stories	Hamilton, Anne.	1946	0	1	0	mdp.39015003939074	How to revise your own stories / by Anne Hamilton.	Hamilton, Anne.	hathifiles_title
OL18387279W	Candles in the night	Joseph Louis Baron	1940	0	2	0	uc1.$b27391|mdp.39015009289136	Candles in the night; Jewish tales by gentile authors; edite	Baron, Joseph Louis, 1894-	hathifiles_title
OL7479511W	Plot outlines of 100 famous novels	Roland A. Goodman	1942	0	2	0	mdp.39015008910351|nyp.33433103536177	Plot outlines of 100 famous novels / edited by Roland A. Goo	Goodman, Roland A.	hathifiles_title
OL7016191W	Sentimental Novel in America 1789-1860	Herbert Ross Brown	1940	0	2	2	uc1.b4110076|mdp.39015004717867	The sentimental novel in America, 1789-1860.	Brown, Herbert Ross, 1902-	hathifiles_title
OL6808406W	A book of modern short stories	Dorothy Brewster	1928	0	1	0	mdp.39015031219309	A book of modern short stories / edited by Dorothy Brewster.	Brewster, Dorothy, 1883-1979,	hathifiles_title
OL38744710W	Creeps by night	Dashiell Hammett	1932	0	2	0	mdp.39015038893494|uc1.32106001692430	Creeps by night; chills and thrills / selected by Dashiell H	Hammett, Dashiell, 1894-1961,	hathifiles_title
OL22154976W	Welsh short stories		1937	0	1	0	mdp.39015030932373	Welsh short stories / selected and with an introd. by Gwyn J	Jones, Gwyn, 1907-1999.	hathifiles_title
OL809849W	No Scottish twilight	Maurice Lindsay	1947	0	2	0	mdp.39015030931227|uc1.$b251255	No Scottish twilight; new Scottish short stories / ed. by Ma	Lindsay, Maurice, 1918-2009,	hathifiles_title
OL17670495W	Andreas Hofer	L. Mühlbach	1898	0	14	14	mdp.39015028731407|uc2.ark:/13960/t46q1v936|uc2.ark:/13960/t5x63f765	Andreas Hofer; an historical novel / by L. Mühlbach [pseudon	Mühlbach, L. 1814-1873.	hathifiles_title
OL11788084W	The Empress Josephine	L. Mühlbach	1899	0	11	11	hvd.hn1jh3|hvd.hn1l16|hvd.hn1jh2	The Empress Josephine : an historical sketch of the days of 	Mühlbach, L. 1814-1873.	hathifiles_title
OL17754882W	Napoleon and Blu cher	L. Mühlbach	1898	0	10	10	mdp.39015064541629|uc2.ark:/13960/t5j963b45|uc1.b4729770	Napoleon and Blücher; an historical novel / by L. Mühlbach [	Mühlbach, L. 1814-1873.	hathifiles_title
OL17759820W	Napoleon and the Queen of Prussia	L. Mühlbach	1898	0	12	12	mdp.39015064541611|uc2.ark:/13960/t6vx0b718|uc1.$b316442	Napoleon and the Queen of Prussia; an historical novel / by 	Mühlbach, L. 1814-1873.	hathifiles_title
OL17759079W	Prince Eugene and his times	L. Mühlbach	1898	0	9	9	mdp.39015064541595|uc2.ark:/13960/t5h993h5q|uc1.$b316443	Prince Eugene and his times. : An historical novel. / By L. 	Mühlbach, L. 1814-1873.	hathifiles_title
OL10784141W	Queen Hortense	L. Mühlbach	1888	0	8	8	hvd.hn1l13|hvd.hn1lxl|uc2.ark:/13960/t8kd1vw4q	Queen Hortense; a life picture of the Napoleonic era, by L. 	Mühlbach, L. 1814-1873	hathifiles_title
OL16782968W	Stories by English authors		1896	0	88	88	uc2.ark:/13960/t3ws8m97h|uc2.ark:/13960/t8qb9z77g|uc2.ark:/13960/t4kk9758f	Stories by English authors.		hathifiles_title
OL18002993W	Stories by English authors		1897	0	88	88	uc2.ark:/13960/t3ws8m97h|uc2.ark:/13960/t8qb9z77g|uc2.ark:/13960/t4kk9758f	Stories by English authors.		hathifiles_title
OL15359249W	Stories by English authors		1901	0	88	88	uc2.ark:/13960/t3ws8m97h|uc2.ark:/13960/t8qb9z77g|uc2.ark:/13960/t4kk9758f	Stories by English authors.		hathifiles_title
OL32058047W	Stories by English authors ...		1897	0	88	88	uc2.ark:/13960/t3ws8m97h|uc2.ark:/13960/t8qb9z77g|uc2.ark:/13960/t4kk9758f	Stories by English authors.		hathifiles_title
OL16304116W	Stories by English authors		1899	0	88	88	uc2.ark:/13960/t3ws8m97h|uc2.ark:/13960/t8qb9z77g|uc2.ark:/13960/t4kk9758f	Stories by English authors.		hathifiles_title
OL38617W	Representative Irish tales	Yeats, W. B.	1890	0	4	4	mdp.39015012864313|mdp.39015012864214|uiug.30112073444504	Representative Irish tales / compiled with an introduction a		hathifiles_title
OL6672115W	Movements in modern English poetry and prose	Sherard Vines	1927	0	2	2	mdp.39015031011128|uc1.$b29697	Movements in modern English poetry and prose / by Sherard Vi	Vines, Sherard, 1890-1974.	hathifiles_title
OL32057949W	From the front		1900	0	5	5	uc2.ark:/13960/t90867d0k|mdp.39015053665942|uc1.$b283288	From the front; trench poetry, selected by Lieutenant C. E. 	Andrews, C. E. 1883-1932.	hathifiles_title
OL20939281W	In His steps	Charles Monroe Sheldon	1900	0	7	7	mdp.39015000917123|mdp.39015020107242|inu.32000002989350	In his steps; a dramatic adaptation of the story / by Charle	Sheldon, Charles M., 1857-1946.	hathifiles_title
OL17460684W	In His Steps	Charles Monroe Sheldon	1899	0	7	7	mdp.39015000917123|mdp.39015020107242|inu.32000002989350	In his steps; a dramatic adaptation of the story / by Charle	Sheldon, Charles M., 1857-1946.	hathifiles_title
OL509952W	The English novel, from the earliest days to the death of Joseph Conrad	Ford Madox Ford	1929	0	1	1	mdp.39015005777050	The English novel, from the earliest days to the death of Jo	Ford, Ford Madox, 1873-1939.	hathifiles_title
OL96183W	A History of English Prose Fiction	Bayard Tuckerman	1891	0	2	2	mdp.39015030839818|pst.000006726546	A history of English prose fiction...	Tuckerman, B.	hathifiles_title
OL18380774W	Cavalcade of the English novel from Elizabeth to George VI	Edward Wagenknecht	1943	0	3	0	rul.39030010488411|mdp.39015009168488|uc1.b4110040	Cavalcade of the English novel from Elizabeth to George VI.	Wagenknecht, Edward, 1900-2004.	hathifiles_title
OL43173829W	The personal history of David Copperfield	Charles Dickens	1937	0	10	2	mdp.39015011303792|mdp.39015040145487|mdp.39015047122026	The personal history of David Copperfield / with 40 illus. b	Dickens, Charles, 1812-1870.	hathifiles_title
OL20476695W	The Big Fisherman	Lloyd C. Douglas	1948	0	3	0	mdp.39015030742269|mdp.39015030742251|mdp.39015050781874	The Big Fisherman.	Douglas, Lloyd C. 1877-1951.	hathifiles_title
OL15150935W	The Robe	Douglas, Lloyd C.	1942	0	5	0	pst.000032524437|mdp.39015009191191|mdp.39015043785875	The robe / Lloyd C. Douglas ; with an introduction by Andrew	Douglas, Lloyd C. 1877-1951.	hathifiles_title
OL15150936W	The Robe	Douglas, Lloyd C.	1942	0	5	0	pst.000032524437|mdp.39015009191191|mdp.39015043785875	The robe / Lloyd C. Douglas ; with an introduction by Andrew	Douglas, Lloyd C. 1877-1951.	hathifiles_title
OL35001912W	The robe	Douglas, Lloyd C.	1944	0	5	0	pst.000032524437|mdp.39015009191191|mdp.39015043785875	The robe / Lloyd C. Douglas ; with an introduction by Andrew	Douglas, Lloyd C. 1877-1951.	hathifiles_title
OL15429598W	The robe	Douglas, Lloyd C.	1945	0	5	0	pst.000032524437|mdp.39015009191191|mdp.39015043785875	The robe / Lloyd C. Douglas ; with an introduction by Andrew	Douglas, Lloyd C. 1877-1951.	hathifiles_title
OL43240335W	Jamaica inn	Du Maurier, Daphne	1936	0	4	0	mdp.39015047606846|mdp.39015052466326|inu.32000002906420	Jamaica inn.	Du Maurier, Daphne, 1907-1989.	hathifiles_title
OL3297466W	A Saturday life	Radclyffe Hall	1925	0	2	2	mdp.39015066052997|miun.aje0670.0001.001	A Saturday life.	Hall, Radclyffe.	hathifiles_title
OL32073957W	Just so stories	Kipling, Rudyard	1912	0	12	12	mdp.39015010350141|mdp.39076005259051|pur1.32754060737719	Just so stories, / by Rudyard Kipling: pictures by Joseph M.	Kipling, Rudyard, 1865-1936.	hathifiles_title
OL18505587W	The golden warrior	Hope Muntz	1948	0	2	0	mdp.39015053641406|mdp.39015030707866	The golden warrior / With an introd. by G.M. Trevelyan.	Muntz, Hope.	hathifiles_title
OL109334W	Spring sowing	O'Flaherty, Liam	1924	0	1	1	mdp.39015028694761	Spring sowing / by Liam O'Flaherty.	O'Flaherty, Liam, 1896-1984.	hathifiles_title
OL4146847W	The weaver's grave	Seumas O'Kelly	1915	0	1	1	mdp.39015000550593	The weaver's grave / by Seumas O'Kelly. With eight illustrat	O'Kelly, Seumas.	hathifiles_title
OL21507459W	I Am Jonathan Scrivener	Claude Houghton	1930	0	1	1	mdp.39015000550494	I am Jonathan Scrivener / by Claude Houghton [pseudonym]	Houghton, Claude, 1889-1961.	hathifiles_title
OL8658502W	Black April	Julia Peterkin	1927	0	4	3	uiug.30112004345655|uc1.b4390692|uc1.$b298733	Black April / by Julia Peterkin.	Peterkin, Julia Mood, 1880-1961.	hathifiles_title
OL24937842W	The Works of Edgar Allan Poe	Poe, Edgar Allan	1927	0	24	24	mdp.39015000547243|mdp.39015066062343|mdp.39015000547375	The works of Edgar Allan Poe ... / with an introduction by E	Poe, Edgar Allan, 1809-1849.	hathifiles_title
OL39430817W	Cabbages and kings	Henry, O.	1915	0	12	12	mdp.39015002708306|hvd.hn8n4c|pst.000029712335	Cabbages and kings / by O. Henry [pseudonym] ...	Henry, O., 1862-1910.	hathifiles_title
OL1258123W	Mr. Tasker's gods	Theodore Francis Powys	1925	0	4	4	mdp.39015002711466|uc1.$b244160|uc1.b3727226	Mr. Tasker's gods / by Theodore Francis Powys ...	Powys, Theodore Francis, 1875-1953.	hathifiles_title
OL4835484W	Winged seeds	Katharine Susannah Prichard	1950	0	1	0	mdp.39015002710567	Winged seeds.	Prichard, Katharine Susannah, 1884-1969.	hathifiles_title
OL6814054W	Mrs. Radcliffe--her relation towards romanticism	Alida Alberdina Sibbellina Wieten	1926	0	1	1	mdp.39015002714189	Mrs Radcliffe-- her relation towards romanticism; with an ap	Wieten, Alida Alberdina Sibbellina.	hathifiles_title
OL39453807W	The course of true love never did run smooth	Reade, Charles	1896	0	3	3	mdp.39015030708997|uc2.ark:/13960/t7sn06612|pst.000006707903	The course of true love never did run smooth / by Charles Re	Reade, Charles, 1814-1884.	hathifiles_title
OL3906345W	Return to night	Mary Renault	1947	0	1	0	mdp.39015002713603	Return to night.	Renault, Mary.	hathifiles_title
OL15154752W	The trees	Conrad Richter	1940	0	6	0	mdp.39015000688872|uc1.$b666859|uc1.b4087556	The trees / by Conrad Richter.	Richter, Conrad, 1890-1968.	hathifiles_title
OL137367W	The Red Lamp	Mary Roberts Rinehart	1925	0	1	1	mdp.39015030710050	The red lamp / by Mary Roberts Rinehart.	Rinehart, Mary Roberts, 1876-1958.	hathifiles_title
OL32122623W	The crown of wild olive	Ruskin, John	1898	0	16	15	mdp.39015002751736|mdp.39015011043240|pst.000005325306	The crown of wild olive ...	Ruskin, John, 1819-1900.	hathifiles_title
OL28199673W	The Ethics of the dust ; Fiction, fair and foul ; The elements of drawing	Ruskin, John	1890	0	21	21	mdp.39015002751694|mdp.39015002751686|mdp.39015026443286	Ethics of the dust ...	Ruskin, John, 1819-1900.	hathifiles_title
OL19666826W	The banner of the bull	Sabatini, Rafael	1927	0	1	1	mdp.39015002753443	The banner of the bull; three episodes in the career of Cesa	Sabatini, Rafael, 1875-1950.	hathifiles_title
OL8070910W	The nuptials of Corbal	Sabatini, Rafael	1927	0	1	1	mdp.39015002753492	The nuptials of Corbal; and The tyrant, an episode in the ca	Sabatini, Rafael, 1875-1950.	hathifiles_title
OL10537362W	What makes Sammy run?	Budd Schulberg	1941	0	1	0	mdp.39015002719733	What makes Sammy run? / By Budd Schulberg.	Schulberg, Budd.	hathifiles_title
OL15357449W	Black Beauty	Anna Sewell	1894	0	25	21	mdp.39015031312039|wu.89092951672|uc2.ark:/13960/t2b853x3w	Black Beauty : his grooms and companions. / By A. Sewell. Th	Sewell, Anna, 1820-1878.	hathifiles_title
OL5189162W	The Winged Destiny	Fiona Macleod	1910	0	3	3	mdp.39015031311643|uc2.ark:/13960/t1mg7pc3s|nyp.33433069500597	The winged destiny; studies in the spiritual history of the 	Macleod, Fiona, 1855-1905.	hathifiles_title
OL4859101W	Captain from Castile	Shellabarger, Samuel	1945	0	5	0	mdp.39015031301917|mdp.39015040760053|txu.059173023652606	Captain from Castile / by Samuel Shellabarger.	Shellabarger, Samuel, 1888-1954.	hathifiles_title
OL4859091W	Captain from Castile /cby Samuel Shellabarger	Shellabarger, Samuel	1945	0	5	0	mdp.39015031301917|mdp.39015040760053|txu.059173023652606	Captain from Castile / by Samuel Shellabarger.	Shellabarger, Samuel, 1888-1954.	hathifiles_title
OL6529952W	The childhood of Jesus	Geraldine Dorothy Cummins	1937	0	1	0	mdp.39015063881760	The childhood of Jesus / by Geraldine Cummins, with a prefac	Cummins, Geraldine Dorothy, 1890-	hathifiles_title
OL8471476W	Runner of the Mountain Tops	Mabel L. Robinson	1939	0	2	0	uc1.b4098893|mdp.39015062207371	Runner of the mountain tops; the life of Louis Agassiz, by M	Robinson, Mabel Louise.	hathifiles_title
OL32093988W	The story of a shell	John R. Macduff	1882	0	2	2	mdp.39015041154785|nyp.33433010896250	The story of a shell. : A romance of the sea: with some sea 	Macduff, John R. 1818-1895.	hathifiles_title
OL39417517W	Animal heroes	Ernest Thompson Seton	1906	0	7	7	mdp.39015008839014|mdp.39076005086421|gri.ark:/13960/t7rn7cm68	Animal heroes; : being the histories of a cat, a dog, a pige	Seton, Ernest Thompson, 1860-1946.	hathifiles_title
OL17127304W	Wild animals I have known	Ernest Thompson Seton	1913	0	3	3	mdp.39015027612376|mdp.49015001264556|uc1.31822024621401	Wild animals I have known. : With over two hundred drawings 	Seton, Ernest Thompson, 1860-1946.	hathifiles_title
OL7597865W	Paul Bunyan swings his axe	McCormick, Dell J.	1936	0	1	0	mdp.39015069798471	Paul Bunyan swings his axe / by Dell J. McCormick.	McCormick, Dell J., 1892-1949.	hathifiles_title
OL18488507W	Farm animals		1945	0	9	1	mdp.39015006140415|wu.89042027060|wu.89050724723	Farm animals; their breeding, growth, and inheritance / by J	Hammond, John, 1889-1964.	hathifiles_title
OL5745634W	The Progress Of Romance And The History Of Charoba, Queen Of Aegypt	Clara Reeve	1930	0	3	3	rul.39030042590010|rul.39030017105448|inu.30000007087707	The progress of romance and the history of Charoba, Queen of	Reeve, Clara, 1729-1807,	hathifiles_title
OL2022013W	Twilight land	Howard Pyle	1894	0	1	1	nyp.33433076059868	Twilight land.	Pyle, Howard, 1853-1911.	hathifiles_title
OL1251506W	The cherry tree	Bell, Adrian	1932	0	3	1	mdp.39015076434532|uc1.b3796847|iau.31858004356055	The Cherry tree; published by the students at George Washing		hathifiles_title
OL7891621W	Satire in the Victorian novel	Russell, Frances Theresa	1920	0	1	1	mdp.39015030839529	Satire in the Victorian novel / by Frances Theresa Russell .	Russell, Frances Theresa, 1873-1936.	hathifiles_title
OL33139688W	Our Bessie	Carey, Rosa Nouchette	1892	0	3	3	mdp.39015018893324|mdp.39015082161228|umn.31951002096451g	Our Bessie / by Rosa Nouchette Carey.	Carey, Rosa Nouchette, 1840-1909.	hathifiles_title
OL136128W	Trips to the Moon	Lucian	1887	0	1	1	mdp.39015004271493	Trips to the moon / by Lucian ;from the Greek by Thomas Fran	Lucian, of Samosata.	hathifiles_title
OL20542666W	Hereward the Wake	Charles Kingsley	1930	0	2	0	mdp.39015063727120|uc1.31210014899122	Hereward the wake / by Charles Kingsley with Chinese transla	Kingsley, Charles, 1819-1875.	hathifiles_title
OL44189745W	Hereward the Wake	Charles Kingsley	1909	0	5	3	mdp.39015063727120|coo.31924014153088|hvd.32044021227988	Hereward the wake / by Charles Kingsley with Chinese transla	Kingsley, Charles, 1819-1875.	hathifiles_title
OL1174815W	Black August	Dennis Wheatley	1934	0	1	0	mdp.39015073445937	Black August : a novel / by Dennis Wheatley.	Wheatley, Dennis, 1897-1977.	hathifiles_title
OL16525954W	Wild animals I have known and 200 drawings	Ernest Thompson Seton	1899	0	2	2	mdp.39015039600534|umn.319510023980600	Wild animals I have known and 200 drawings, : zbeing the per	Seton, Ernest Thompson, 1860-1946.	hathifiles_title
OL483385W	Stuart Little	E. B. White	1945	0	2	0	mdp.39015005468767|mdp.39015005789600	Stuart Little / pictures by Garth Williams.	White, E. B. 1899-1985.	hathifiles_title
OL43405505W	Lady Chatterley's lover	Lawrence, D. H.	1946	1	1	0	inu.30000003130071	Lady Chatterley's lover / With an introd. by Mark Schorer.	Lawrence, D. H. 1885-1930.	hathifiles_title
OL81180W	Lady Chatterley's Lover	Lawrence, D. H.	1900	0	1	0	inu.30000003130071	Lady Chatterley's lover / With an introd. by Mark Schorer.	Lawrence, D. H. 1885-1930.	hathifiles_title
OL32089315W	Robinson Crusoe	Helen Marion Burnside	1890	0	9	9	mdp.39015078556472|mdp.39015078576330|mdp.39015078554147	Robinson Crusoe.		hathifiles_title
OL6342775W	The two undertakers	Francis Beeding	1933	0	1	0	mdp.39015028410010	The two undertakers / by Francis Beeding.	Beeding, Francis.	hathifiles_title
OL15407178W	Samantha at Saratoga, or, Flirtin' with Fashion	Marietta Holley	1887	0	4	4	mdp.39015028409129|hvd.32044025678848|hvd.rslw32	"Samantha at Saratoga, or, ""Flirtin' with fashion"" / by Josia"	Holley, Marietta, 1836-1926.	hathifiles_title
OL4753583W	Samantha at Saratoga, or, Flirtin' with Fashion	Marietta Holley	1887	0	4	4	mdp.39015028409129|hvd.32044025678848|hvd.rslw32	"Samantha at Saratoga, or, ""Flirtin' with fashion"" / by Josia"	Holley, Marietta, 1836-1926.	hathifiles_title
OL1848739W	Summer half	Angela Mackail Thirkell	1937	0	1	0	mdp.39015029154666	Summer half / by Angela Thirkell.	Thirkell, Angela, 1890-1961.	hathifiles_title
OL44014210W	Summer half	Angela Mackail Thirkell	1949	0	1	0	mdp.39015029154666	Summer half / by Angela Thirkell.	Thirkell, Angela, 1890-1961.	hathifiles_title
OL8663876W	The Boke of Duke Huon of Burdeux	Berners, John Bourchier	1887	0	8	8	mdp.39015010323502|mdp.39015010323346|mdp.39015010323353	The Boke of Duke Huon of Burdeux / done into English by Sir 		hathifiles_title
OL17984406W	The Wars of Alexander	Hoyt N. Duggan	1889	0	1	1	hvd.32044019877273	The wars of Alexander: an alliterative romance translated ch		hathifiles_title
OL16793914W	The wars of Alexander	Anonyma.	1886	0	1	1	hvd.32044019877273	The wars of Alexander: an alliterative romance translated ch		hathifiles_title
OL8663856W	The Laud Troy Book	J. Ernst Wülfing	1902	0	3	3	mdp.39076000790605|uc1.31175038024736|uc1.31175038024744	The Laud Troy book.		hathifiles_title
OL18491557W	Sir Gawain and the Green Knight	Banks, Theodore Howard	1929	0	8	2	uc1.32106001872966|uc1.32106012048077|uc1.32106014772948	Sir Gawain and the Green knight:		hathifiles_title
OL39453869W	Bonnie Prince Charlie	G. A. Henty	1896	0	9	8	miun.apf4914.0001.001|mdp.39015073487244|mdp.39015073486956	Bonnie Prince Charlie : a tale of Fontenoy and Culloden / by	Henty, G. A. 1832-1902.	hathifiles_title
OL42851623W	The heart of jade	Madariaga, Salvador de	1944	0	3	0	mdp.39015028364951|txu.059173024324781|txu.059173005054704	The heart of jade / [by] Salvador de Madariaga.	Madariaga, Salvador de, 1886-1978.	hathifiles_title
OL31960511W	Pontiac, chief of the Ottawas	Edward Sylvester Ellis	1899	0	1	1	njp.32101066458660	Pontiac, chief of the Ottawas: a tale of the siege of Detroi	Ellis, Edward Sylvester, 1840-1916.	hathifiles_title
OL32100170W	The Daisy chain		1887	0	8	8	mdp.39015080936035|hvd.32044040600793|uc1.b3759985	The daisy-chain : twelve songs of childhood : to be sung by 	Lehmann, Liza, 1862-1918.	hathifiles_title
OL42484098W	Dame Care	Hermann Sudermann	1932	0	1	1	mdp.39015055110525	Dame Care / by Hermann Sudermann; translated by Bertha Overb	Sudermann, Hermann, 1857-1928.	hathifiles_title
OL460804W	The Nursing Home Murder	Marsh, Ngaio	1935	0	1	0	mdp.39015008412648	The nursing-home murder / by Ngaio Marsh and Dr. H. Jellett.	Marsh, Ngaio, 1895-1982.	hathifiles_title
OL18025255W	Ben-Hur	Lew Wallace	1887	0	24	20	mdp.39015032494398|mdp.49015000553843|mdp.39015061387778	Ben-Hur : a tale of the Christ / Lew Wallace ; with an intro	Wallace, Lew, 1827-1905.	hathifiles_title
OL11348969W	Ben-Hur	Lew Wallace	1887	0	24	20	mdp.39015032494398|mdp.49015000553843|mdp.39015061387778	Ben-Hur : a tale of the Christ / Lew Wallace ; with an intro	Wallace, Lew, 1827-1905.	hathifiles_title
OL39413279W	Twenty years after	Dumas, Alexandre	1902	0	13	12	mdp.39015032550215|mdp.39076006866607|pst.000005917709	Twenty years after / by Alexander Dumas ; with illus. by Edy	Dumas, Alexandre, 1802-1870.	hathifiles_title
OL181938W	The best short stories of O. Henry	Henry, O.	1945	0	1	0	mdp.39015032100300	The best short stories of O. Henry / selected and with an in	Henry, O., 1862-1910.	hathifiles_title
OL19300123W	Russian short stories	R. S. Townsend	1924	0	4	1	mdp.39015032140694|mdp.39015038157296|uc1.b3940690	Russian short stories / translated, with an introduction by 		hathifiles_title
OL7134585W	Russian short stories	Schweikert, Harry Christian	1919	0	3	1	mdp.39015032140694|mdp.39015038157296|uc1.b3940690	Russian short stories / translated, with an introduction by 		hathifiles_title
OL32753281W	Looking further forward ...	Richard Michaelis	1890	0	2	2	miua.2926728.0001.001|coo1.ark:/13960/t1cj9082z	Looking Further Forward : An Answer to _Looking Backward_, b	Michaelis, Richard, 1839-1909.	hathifiles_title
OL15711295W	Booth and the spirit of Lincoln	Bernie Babcock	1925	0	1	1	mdp.39015030092707	Booth and the spirit of Lincoln; a story of a living dead ma	Babcock, Bernie, 1868-1962.	hathifiles_title
OL2700617W	Strange Stories	Algernon Blackwood	1929	0	1	1	mdp.39015033255707	Strange stories / Algernon Blackwood.	Blackwood, Algernon, 1869-1951.	hathifiles_title
OL1379983W	Ivalu, the Eskimo wife	Peter Freuchen	1935	0	1	0	mdp.39015033366603	Ivalu, the Eskimo wife / by Peter Freuchen ... Translation b	Freuchen, Peter, 1886-1957.	hathifiles_title
OL33189485W	Ivalu, the Eskimo wife	Peter Freuchen	1935	0	1	0	mdp.39015033366603	Ivalu, the Eskimo wife / by Peter Freuchen ... Translation b	Freuchen, Peter, 1886-1957.	hathifiles_title
OL7012122W	Michael Ryan, capitalist	Faxon Franklin Duane Albery	1913	0	1	1	mdp.39015081383203	Michael Ryan, capitalist : a story of labor / by F. F. D. Al	Albery, F. F. D. 1848-1930.	hathifiles_title
OL857112W	The deadlock	V. V. Veresaev	1928	0	3	3	mdp.39015038022201|uc1.$b605008|mdp.39015038033992	The deadlock / by V.V. Viseressaev. Translated from the Russ	Veresaev, V. V. 1867-1945.	hathifiles_title
OL10429258W	Living	Green, Henry	1929	0	5	1	mdp.39015010553710|uc1.b4095566|uc1.32106001986816	Living; a novel.	Green, Henry, 1905-1973.	hathifiles_title
OL13575799W	The silent Don	Sholokhov, Mikhail Aleksandrovich	1946	0	3	0	mdp.39015037283333|mdp.39015037283341|mdp.39015058066062	The silent Don: I. And quiet flows the Don. II. The Don flow	Sholokhov, Mikhail Aleksandrovich, 1905-	hathifiles_title
OL254448W	Allanforth Commune	Findlay Watt	1913	0	2	2	uc2.ark:/13960/t9862dx71|mdp.39015081378633	Allanforth commune : the triumph of socialism / by Findlay W	Watt, Findlay.	hathifiles_title
OL11370008W	Mrs. Andrew Johnson Jones' handmaid	Charlotte Fisher Stellwagen	1912	0	1	1	mdp.39015081382700	Mrs. Andrew Johnson Jones' handmaid / by Charlotte Fisher St	Stellwagen, Charlotte Fisher, 1859-	hathifiles_title
OL21101544W	Coquette	Hannah Webster Foster	1939	0	1	1	inu.32000011259811	The coquette; or, The history of Eliza Wharton. Reproduced f	Foster, Hannah Webster, 1759-1840.	hathifiles_title
OL32093172W	A jolly trip, or, Where we went and what we saw last summer	Allen, Emory Adams	1891	0	1	1	mdp.39015071191699	A jolly trip, or, Where we went and what we saw last summer 	Allen, Emory Adams, 1853-	hathifiles_title
OL19765923W	Winged victory	Moss Hart	1943	0	1	0	uva.x000422183	Winged victory; the air force play by Moss Hart.	Hart, Moss, 1904-1961.	hathifiles_title
OL20371466W	You Know Me Al	Ring Lardner	1946	0	2	0	mdp.39015071557428|uc1.32106005452716	You know me Al : a busher's letters / Ring W. Lardner.	Lardner, Ring, 1885-1933.	hathifiles_title
OL20550313W	The week-end Wodehouse	P. G. Wodehouse	1939	0	1	0	mdp.39015046831668	The week-end Wodehouse.	Wodehouse, P. G. 1881-1975.	hathifiles_title
OL646984W	Autumn Sowing	E. F. Benson	1918	0	4	4	mdp.39015041358758|hvd.32044058258377|hvd.hwimid	An autumn sowing / by E. F. Benson.	Benson, E. F. 1867-1940.	hathifiles_title
OL647133W	Queen Lucia	E. F. Benson	1900	0	4	4	mdp.39015041358766|hvd.32044009722943|nyp.33433074926712	Queen Lucia / by E.F. Benson.	Benson, E. F. 1867-1940.	hathifiles_title
OL25355741W	Night Shift	Maritta Wolff	1942	0	2	0	uc1.b4082749|pur1.32754063345049	Night shift / by Maritta Wolff.	Wolff, Maritta, 1918-2002.	hathifiles_title
OL15145351W	Lord Johnnie	Leslie Turner White	1950	0	2	0	mdp.39015043184392|osu.32435059497701	Lord Johnnie / Leslie Turner White.	White, Leslie Turner, 1903-1967.	hathifiles_title
OL39422256W	The danger trail	James Oliver Curwood	1910	0	4	4	uc1.$b299916|hvd.32044011928538|uc2.ark:/13960/t81j97x64	The danger trail / by James Oliver Curwood.  With illustrati	Curwood, James Oliver, 1878-1927.	hathifiles_title
OL44454933W	Steamboat round the bend	Ben Lucien Burman	1935	0	1	0	mdp.39015042098882	Steamboat round the bend / Ben Lucien Burman ; with sketches	Burman, Ben Lucien, 1895-1984.	hathifiles_title
OL34511165W	White Fang	Jack London	1906	0	14	14	mdp.39015004285071|njp.32101067626554|njp.32101079670608	"White Fang / by Jack London, author of ""The Call of the Wild"	London, Jack, 1876-1916.	hathifiles_title
OL33292091W	The story of Andrea Fields	Elizabeth Seifert	1950	0	1	0	mdp.39015050245730	The story of Andrea Fields : a new novel / by Elizabeth Seif	Seifert, Elizabeth, 1897-1983.	hathifiles_title
OL16743721W	A daughter of Mexico	A. E. Breen	1916	0	5	5	uc2.ark:/13960/t6639mg9t|mdp.39015049694402|uc1.$b111733	A daughter of Mexico; a historical romance founded on docume	Breen, A. E. 1863-1938.	hathifiles_title
OL16068126W	Air service boys flying for victory, or, Bombing the last German stronghold	Charles Amory Beach	1919	0	1	1	mdp.39015050781072	Air service boys flying for victory, or, Bombing the last Ge	Beach, Charles Amory.	hathifiles_title
OL16899256W	The shepherd of the hills	Wright, Harold Bell	1907	0	4	4	mdp.39015050791964|hvd.32044010211779|hvd.32044105623318	The shepherd of the hills / Harold Bell Wright.	Wright, Harold Bell, 1872-1944.	hathifiles_title
OL39023980W	So red the rose	Stark Young	1935	0	3	0	mdp.39015051112673|mdp.39076005080614|uva.x002089505	So red the rose / by Stark Young.	Young, Stark, 1881-1963.	hathifiles_title
OL16048286W	Kitty	Rosamond Marshall	1943	0	2	0	mdp.39015053137298|uc1.l0066331877	Kitty / by Rosamond Marshall ; illustrated with photographs 	Marshall, Rosamond.	hathifiles_title
OL39697215W	Flower of the Dusk	Myrtle Reed	1909	0	4	4	uc2.ark:/13960/t9n29qq3t|mdp.39015056246039|uc1.$b312363	Flower of the dusk / by Myrtle Reed.	Reed, Myrtle, 1874-1911.	hathifiles_title
OL42469578W	The hunting of the snark	Carroll, Lewis	1899	0	8	3	mdp.39015056242723|uc1.b4107242|rul.39030022801718	The hunting of the snark : being a poem in eight fits / writ	Carroll, Lewis, 1832-1898.	hathifiles_title
OL29264887W	A decade of Fantasy and science fiction	Robert P. Mills	1940	0	1	0	mdp.39015056814455	A decade of Fantasy and science fiction / Selected by Robert		hathifiles_title
OL485642W	Western Union	Zane Grey	1939	0	2	0	mdp.39015056817441|uc1.b4095560	Western union / by Zane Grey.	Grey, Zane, 1872-1939.	hathifiles_title
OL10649496W	Fruits of the earth	Frederick Philip Grove	1933	0	1	0	mdp.39015056890505	Fruits of the earth / Frederick Philip Grove ; with an after	Grove, Frederick Philip, 1879-1948.	hathifiles_title
OL7530591W	Tama	Florence Wells	1919	0	1	1	coo1.ark:/13960/t0dv23j5q	Tama : the diary of a Japanese school girl / assembled by Fl		hathifiles_title
OL32033770W	Siddhartha	Hermann Hesse	1948	0	1	0	mdp.39015054070571	Siddhartha / translated by Hilda Rosner.	Hesse, Hermann, 1877-1962.	hathifiles_title
OL12212697W	The twentieth century novel	Joseph Warren Beach	1932	0	6	0	mdp.39015003933366|mdp.39015003933325|mdp.39015003933283	The twentieth century novel; studies in technique / by Josep	Beach, Joseph Warren, 1880-1957.	hathifiles_title
OL24205670W	Experiences of an Irish R.M.	E. OE Somerville	1944	0	1	0	mdp.39015010594201	Experiences of an Irish R.M. / [by] Somerville & Ross.	Somerville, E. Œ. 1858-1949.	hathifiles_title
OL10427176W	Experiences of an Irish R. M.	E. OE Somerville	1944	0	1	0	mdp.39015010594201	Experiences of an Irish R.M. / [by] Somerville & Ross.	Somerville, E. Œ. 1858-1949.	hathifiles_title
OL12288380W	Dawn	Reginald Cheyne Berkeley	1928	0	2	1	mdp.39015047110351|iau.31858046111963	Dawn; a biographical novel of Edith Cavell / by Captain Regi	Berkeley, Reginald, 1890-1935.	hathifiles_title
OL6666505W	The school of femininity	Margaret Lawrence	1936	0	2	0	mdp.39015045693358|uc1.$b29671	The school of femininity; a book for and about women as they	Lawrence, Margaret.	hathifiles_title
OL3923324W	Every one his own way	Edith Franklin Wyatt	1901	0	2	2	mdp.39015050136442|hvd.32044020049771	Every one his own way / by Edith Wyatt.	Wyatt, Edith, 1873-1958.	hathifiles_title
OL3914096W	The sleeping beauty	C. S. Evans	1920	0	1	1	uc2.ark:/13960/t6h12vs1b	The sleeping beauty / told by C.S. Evans ; and illustrated b	Evans, C. S. 1883-1944.	hathifiles_title
OL16620686W	The perfect tribute	Mary Raymond Shipman Andrews	1922	0	3	3	mdp.49015000063785|inu.32000009072705|mdp.39076005076430	The perfect tribute / by Mary Raymond Shipman Andrews.	Andrews, Mary Raymond Shipman, 1860-1936	hathifiles_title
OL13084126W	The perfect tribute	Mary Raymond Andrews	1922	0	3	3	mdp.49015000063785|inu.32000009072705|mdp.39076005076430	The perfect tribute / by Mary Raymond Shipman Andrews.	Andrews, Mary Raymond Shipman, 1860-1936	hathifiles_title
OL16621189W	The perfect tribute	Mary Raymond Shipman Andrews	1920	0	3	3	mdp.49015000063785|inu.32000009072705|mdp.39076005076430	The perfect tribute / by Mary Raymond Shipman Andrews.	Andrews, Mary Raymond Shipman, 1860-1936	hathifiles_title
OL281338W	Fire in the Morning	Spencer, Elizabeth	1948	0	1	1	mdp.49015000503533	Fire in the morning.	Spencer, Elizabeth.	hathifiles_title
OL24318597W	The Scarlet Letter	Nathaniel Hawthorne	1936	0	12	6	mdp.49015000527847|dul1.ark:/13960/t7xm3h52v|uiug.30112002807797	The scarlet letter / By Nathaniel Hawthorne ; with illustrat	Hawthorne, Nathaniel, 1804-1864.	hathifiles_title
OL16611250W	To have and to hold	Johnston, Mary	1900	0	6	4	mdp.49015000538471|nc01.ark:/13960/t7pp06x1w|hvd.hn5lff	To have and to hold / by Mary Johnston, with illustrations b	Johnston, Mary, 1870-1936.	hathifiles_title
OL16829393W	Dorothy Vernon of Haddon Hall	Charles Major	1910	0	3	3	mdp.49015000541525|hvd.hxdlrf|uiug.30112001588935	Dorothy Vernon of Haddon Hall / by Charles Major ; illustrat	Major, Charles, 1856-1913.	hathifiles_title
OL54876W	Penrod	Booth Tarkington	1931	0	2	1	mdp.49015000550609|umn.31951000783211o	Penrod; his complete story ... / by Booth Tarkington ; illus	Tarkington, Booth, 1869-1946.	hathifiles_title
OL32647987W	The hamlet	William Faulkner	1940	0	4	0	uva.x000092954|uva.x000092953|uc1.32106013928996	The hamlet.	Faulkner, William, 1897-1962.	hathifiles_title
OL20729W	The portable Swift	Swift, Jonathan	1948	0	1	0	mdp.49015000744541	The portable Swift / ed., and with an introd., by Carl Van D	Swift, Jonathan, 1667-1745.	hathifiles_title
OL16334764W	Westward ho! or, The voyages and adventures of Sir Amyas Leigh, Knight, of Burrough, in the County of Devon, in the reign of her most glorious majesty, Queen Elizabeth, rendered into modern English	Charles Kingsley	1941	0	1	1	mdp.49015000757725	Westward ho! or, The voyages and adventures of Sir Amyas Lei	Kingsley, Charles, 1819-1875.	hathifiles_title
OL4442839W	Man's Fate (La Condition Humaine)	André Malraux	1934	0	4	0	mdp.49015000780404|mdp.49015001416263|ucbk.ark:/28722/h2sb3xf6r	Man's fate (La condition humaine) / Translated by Haakon M. 	Malraux, André, 1901-1976.	hathifiles_title
OL151847W	When the wind blew	Margaret Wise Brown	1937	0	1	0	mdp.49015000894114	When the wind blew / by Margaret Wise Brown ; pictures by Ge	Brown, Margaret Wise, 1910-1952.	hathifiles_title
OL16057186W	Snow treasure	Marie McSwigan	1942	0	1	0	mdp.49015000902537	Snow treasure / by Marie McSwigan ; illustrated by Mary Rear	McSwigan, Marie.	hathifiles_title
OL18490202W	Snow treasure	Marie McSwigan	1942	0	1	0	mdp.49015000902537	Snow treasure / by Marie McSwigan ; illustrated by Mary Rear	McSwigan, Marie.	hathifiles_title
OL1513718W	Uncle Wiggily's story book	Howard Roger Garis	1921	0	1	0	mdp.49015000909821	Uncle Wiggily's story book / by Howard R. Garis ; with twelv	Garis, Howard Roger, 1873-1962.	hathifiles_title
OL109212W	The Grim Smile of the Five Towns	Bennett, Arnold	1907	0	6	6	mdp.49015000915109|uc1.$b223963|cub.p101092304018	The grim smile of the Five Towns / by Arnold Bennett.	Bennett, Arnold, 1867-1931.	hathifiles_title
OL109158W	The night visitor and other stories	Bennett, Arnold	1931	0	2	0	uc1.b3811079|uc1.$b85947	The night visitor and other stories.	Bennett, Arnold, 1867-1931.	hathifiles_title
OL4717678W	The green fool	Kavanagh, Patrick	1938	0	2	0	mdp.49015000985805|uc1.c046099202	The green fool.	Kavanagh, Patrick, 1904-1967.	hathifiles_title
OL29109959W	Suds in Your Eye	Mary Lasswell	1943	0	2	0	mdp.49015000995481|uc1.$b106115	Suds in your eye / by Mary Lasswell, with illustrations by G	Lasswell, Mary, 1905-1994.	hathifiles_title
OL11383003W	Illyrian spring	Ann Bridge	1935	0	2	0	mdp.49015000996695|uva.x000456600	Illyrian spring / by Ann Bridge.	Bridge, Ann, 1889-1974.	hathifiles_title
OL471610W	The Body in the Library	Agatha Christie	1942	0	1	0	mdp.49015000997016	The body in the library / Agatha Christie.	Christie, Agatha, 1890-1976.	hathifiles_title
OL1381268W	Appleby on Ararat	Michael Innes	1941	0	2	0	mdp.49015001006080|uc1.b4084823	Appleby on Ararat / by Michael Innes (John Innes Mackintosh 	Innes, Michael, 1906-1994.	hathifiles_title
OL42471334W	The haunted bookshop	Christopher Morley	1926	0	4	2	uc1.b3711185|inu.32000011050129|uc1.$b243655	The haunted bookshop / by Christopher Morley ; illustrated b	Morley, Christopher, 1890-1957.	hathifiles_title
OL17966235W	Helena	Evelyn Waugh	1950	0	3	0	mdp.39015062457323|inu.32000002544007|pst.000027634219	Helena, : a novel / by Evelyn Waugh.	Waugh, Evelyn, 1903-1966.	hathifiles_title
OL24830013W	Helena	Evelyn Waugh	1950	0	3	0	mdp.39015062457323|inu.32000002544007|pst.000027634219	Helena, : a novel / by Evelyn Waugh.	Waugh, Evelyn, 1903-1966.	hathifiles_title
OL43995592W	The long journey	Jensen, Johannes V.	1923	0	7	4	mdp.49015001236307|uc1.b3335476|uc1.b3335477	The long journey / [by] Johannes V. Jensen. Translated from 	Jensen, Johannes V. 1873-1950.	hathifiles_title
OL24439246W	The Virginian	Owen Wister	1911	0	14	12	mdp.49015001299107|inu.32000001869769|inu.32000003219617	The Virginian : a horseman of the plains / [by] Owen Wister,	Wister, Owen, 1860-1938.	hathifiles_title
OL18012703W	The Virginian	Owen Wister	1910	0	14	12	mdp.49015001299107|inu.32000001869769|inu.32000003219617	The Virginian : a horseman of the plains / [by] Owen Wister,	Wister, Owen, 1860-1938.	hathifiles_title
OL19662757W	The Virginian	Owen Wister	1912	0	14	12	mdp.49015001299107|inu.32000001869769|inu.32000003219617	The Virginian : a horseman of the plains / [by] Owen Wister,	Wister, Owen, 1860-1938.	hathifiles_title
OL41463649W	Elsie Dinsmore	Martha Finley	1896	0	8	8	mdp.49015001301978|uc2.ark:/13960/t89g5h37f|uc1.b4089029	Elsie Dinsmore / by Martha Finley.	Finley, Martha, 1828-1909.	hathifiles_title
OL108735W	The Tale of Peter Rabbit	Beatrix Potter	1900	0	5	4	mdp.49015001317172|mdp.39015074362339|inu.39000001387062	The tale of Peter Rabbit / by Beatrix Potter.	Potter, Beatrix, 1866-1943.	hathifiles_title
OL44922544W	The tale of Peter Rabbit	Beatrix Potter	1901	0	5	4	mdp.49015001317172|mdp.39015074362339|inu.39000001387062	The tale of Peter Rabbit / by Beatrix Potter.	Potter, Beatrix, 1866-1943.	hathifiles_title
OL19663773W	The invasion from Mars	Hadley Cantril	1947	0	1	0	uc1.$b619053	The invasion from Mars; a study in the psychology of panic. 	Cantril, Hadley, 1906-1969.	hathifiles_title
OL1149275W	Judith Paris	Walpole, Hugh	1931	0	1	0	mdp.49015001330431	Judith Paris : a novel / by Hugh Walpole.	Walpole, Hugh, 1884-1941.	hathifiles_title
OL7205388W	The strike of a sex ; and, Zugassent's discovery, or, After the sex struck	George Noyes Miller	1905	0	1	1	mdp.49015001336917	The strike of a sex : a novel / by George Noyes Miller. Mode	Miller, George Noyes, 1845-1904.	hathifiles_title
OL43889433W	Fortune's fool	Sabatini, Rafael	1924	0	1	1	mdp.49015001341784	Fortune's fool / by Rafael Sabatini.	Sabatini, Rafael, 1875-1950.	hathifiles_title
OL81295W	Sons and Lovers	Lawrence, D. H.	1913	1	9	6	mdp.49015001344473|pst.000006637033|pst.000033048772	Sons and lovers / by D. H. Lawrence ; with an introduction b	Lawrence, D. H. 1885-1930.	hathifiles_title
OL29261792W	Sons and lovers	Lawrence, D. H.	1913	0	9	6	mdp.49015001344473|pst.000006637033|pst.000033048772	Sons and lovers / by D. H. Lawrence ; with an introduction b	Lawrence, D. H. 1885-1930.	hathifiles_title
OL16650231W	Sons and lovers	Lawrence, D. H.	1923	0	4	1	mdp.49015001344473|mdp.39015002139155|mdp.39015046836493	Sons and lovers / by D. H. Lawrence ; with an introduction b	Lawrence, D. H. 1885-1930.	hathifiles_title
OL18003807W	Beasts and saints	Helen Waddell	1934	0	3	0	uc1.32106010933411|inu.32000000983306|uva.x000192922	Beasts and saints; translations by Helen Waddell; woodcuts b	Waddell, Helen, 1889-1965.	hathifiles_title
OL34542376W	The Corpse with the Eerie Eye	R. A. J. Walling	1942	0	2	2	mdp.49015002078799|osu.32435012281853	The corpse with the eerie eye : a Philip Tolefree mystery / 	Walling, R. A. J. 1869-1949.	hathifiles_title
OL17750402W	Lalla Rookh	Moore, Thomas	1890	0	16	16	mdp.49015002377498|uc2.ark:/13960/t46q24d37|uc1.b4104617	Lalla Rookh : an oriental romance / by Thomas Moore.	Moore, Thomas, 1779-1852.	hathifiles_title
OL15822860W	Lalla Rookh	Moore, Thomas	1885	0	20	20	mdp.49015002377498|uc2.ark:/13960/t46q24d37|uc1.b4104617	Lalla Rookh : an oriental romance / by Thomas Moore.	Moore, Thomas, 1779-1852.	hathifiles_title
OL43537866W	The fair maid of Perth	Scott, Walter	1900	0	4	4	mdp.49015002396225|uva.x001902151|coo1.ark:/13960/t7jq1hw7j	The fair maid of Perth : or, St. Valentine's Day, Chronicles	Scott, Walter, 1771-1832.	hathifiles_title
OL863480W	Fair maid of Perth ; and Woodstock	Scott, Walter	1900	0	4	4	mdp.49015002396225|uva.x001902151|coo1.ark:/13960/t7jq1hw7j	The fair maid of Perth : or, St. Valentine's Day, Chronicles	Scott, Walter, 1771-1832.	hathifiles_title
OL39413538W	The Fair maid of Perth	Scott, Walter	1902	0	4	4	mdp.49015002396225|uva.x001902151|coo1.ark:/13960/t7jq1hw7j	The fair maid of Perth : or, St. Valentine's Day, Chronicles	Scott, Walter, 1771-1832.	hathifiles_title
OL318893W	SPIRITS REBELLIOUS	Gibran, Kahlil	1908	0	2	0	mdp.49015002397975|mdp.39076005357913	Spirits rebellious / tr. from the Arabic, and with an introd	Gibran, Kahlil, 1883-1931.	hathifiles_title
OL16826608W	Jack's Ward	Horatio Alger	1909	0	1	1	mdp.49015002676139	Jack's ward / by Horatio Alger, Jr.	Alger, Horatio, Jr., 1832-1899.	hathifiles_title
OL2341588W	Ralph Raymond's heir	Horatio Alger	1892	0	3	2	mdp.49015002676188|mdp.39015082174197|inu.30000114573235	Ralph Raymond's heir / by Horatio Alger, Jr.	Alger, Horatio, Jr., 1832-1899.	hathifiles_title
OL39489850W	With Clive in India, or, The beginnings of an empire	G. A. Henty	1880	0	20	20	mdp.49015002676279|mdp.39015073480298|mdp.39015073480306	With Clive in India, or, The beginnings of an empire / by G.	Henty, G. A. 1832-1902.	hathifiles_title
OL39453826W	With Clive in India, or, the beginnings of an empire	G. A. Henty	1896	0	15	15	mdp.49015002676279|mdp.39015073480298|mdp.39015073480306	With Clive in India, or, The beginnings of an empire / by G.	Henty, G. A. 1832-1902.	hathifiles_title
OL3020836W	The Case of the Constant Suicides	John Dickson Carr	1941	0	1	0	mdp.49015002569300	The case of the constant suicides / John Dickson Carr.	Carr, John Dickson, 1906-1977.	hathifiles_title
OL136627W	Golden gate	Valenti Angelo	1939	0	1	0	mdp.49015002594621	Golden gate / written and illustrated by Valenti Angelo.	Angelo, Valenti, 1897-1982.	hathifiles_title
OL41268631W	Daddy-Long-Legs	Webster, Jean.	1912	0	6	6	hvd.hn1wyk|nc01.ark:/13960/t4jm52h10|uc2.ark:/13960/t6639kp93	Daddy-Long-Legs / by Jean Webster ; with illustrations by th	Webster, Jean, 1876-1916	hathifiles_title
OL31868121W	Daddy Long-Legs	Webster, Jean.	1912	0	6	6	hvd.hn1wyk|nc01.ark:/13960/t4jm52h10|uc2.ark:/13960/t6639kp93	Daddy-Long-Legs / by Jean Webster ; with illustrations by th	Webster, Jean, 1876-1916	hathifiles_title
OL39420877W	Ann Veronica	H. G. Wells	1909	0	3	3	mdp.39015005028835|pst.000003001301|uc1.31822007343619	Ann Veronica : a modern love story / by H.G. Wells.	Wells, H. G. 1866-1946.	hathifiles_title
OL14861130W	In the cage & other tales	James, Henry	1928	0	1	0	uc1.b4451743	In the cage & other tales.	James, Henry, 1843-1916.	hathifiles_title
OL31950347W	When Dewey came to Manila	Otis, James	1899	0	3	3	uc2.ark:/13960/t43r0r09v|coo1.ark:/13960/t0vq3gr9x|uc1.b3331915	When Dewey came to Manila; or, Among the Filipinos, by James	Otis, James, 1848-1912.	hathifiles_title
OL42307979W	Josiah Allen's wife as a P.A. and P.I.	Marietta Holley	1888	0	2	2	miua.4728104.0001.001|uiug.30112032882554	Josiah Allen's wife as a P.A. and P.I. ; Samantha at the Cen	Holley, Marietta, 1836-1926.	hathifiles_title
OL32454289W	Indifferent Children	Auchincloss, Louis.	1947	0	1	0	uc1.$b322930	The indifferent children / by Andrew Lee.	Auchincloss, Louis.	hathifiles_title
OL472165W	Peril at End House	Agatha Christie	1932	0	1	0	mdp.49015002953082	Peril at end house / Agatha Christie.	Christie, Agatha, 1890-1976,	hathifiles_title
OL32091235W	A Christmas at school		1882	0	1	1	mdp.39015082166557	Christmas at school.		hathifiles_title
OL84197W	The single hound	May Sarton	1938	0	3	0	mdp.39015061865310|uc1.$b105543|uc1.32106005359697	The single hound / by May Sarton.	Sarton, May, 1912-1995.	hathifiles_title
OL16078127W	Wild animal ways	Ernest Thompson Seton	1916	0	6	6	mdp.39015061865476|uc2.ark:/13960/t4qj78z2d|uc1.31175005596146	Wild animal ways / by Ernest Thompson Seton ; with 200 drawi	Seton, Ernest Thompson, 1860-1946.	hathifiles_title
OL806813W	The pocket book of modern American short stories	Stern, Philip Van Doren	1943	0	1	0	mdp.39015061866573	The pocket book of modern American short stories / edited, a		hathifiles_title
OL1455031W	Moni the Goat Boy	Spyri, Johanna	1914	0	2	2	mdp.39015061465277|nyp.33333219783772	Moni, the goat boy / by Johanna Spyri ; translated by Clemen	Spyri, Johanna, 1827-1901.	hathifiles_title
OL2703712W	World's great mystery stories	Will Cuppy	1943	0	1	0	mdp.49015002980598	World's great mystery stories : American and English masterp	Cuppy, Will, 1884-1949.	hathifiles_title
OL18405W	The Patchwork Girl of Oz	Baum, L. Frank	1913	0	1	1	hvd.32044011809845	The patchwork girl of Oz / by L. Frank Baum ; illustrated by	Baum, L. Frank 1856-1919	hathifiles_title
OL26122444W	The Calling of Dan Matthews	Harold Bell Wright	1909	0	6	6	uc2.ark:/13960/t5v699j66|mdp.39015061026004|uc1.$b243728	The calling of Dan Matthews / by Harold Bell Wright ... ; wi	Wright, Harold Bell, 1872-1944.	hathifiles_title
OL1418064W	Tarzan of the Apes	Edgar Rice Burroughs	1914	0	3	3	mdp.39015060799502|coo.31924022307601|osu.32435018294363	Tarzan of the apes / Edgar Rice Burroughs.	Burroughs, Edgar Rice, 1875-1950.	hathifiles_title
OL39424127W	Peter and Wendy	J. M. Barrie	1911	0	3	3	umn.31951002060652i|uc2.ark:/13960/t7np1zt9k|inu.39000003505018	Peter and Wendy / by J.M. Barrie.	Barrie, J. M. 1860-1937.	hathifiles_title
OL26460746W	The Tale of Peter Rabbit	Beatrix Potter	1920	0	2	1	mdp.39015074362339|umn.319510008954737	The tale of Peter Rabbit.	Potter, Beatrix, 1866-1943.	hathifiles_title
OL4072393W	The Bobbsey twins on the deep blue sea	Laura Lee Hope	1918	0	2	2	mdp.39015085435397|nyp.33433082305644	The Bobbsey twins on the deep blue sea / by Laura Lee Hope.	Hope, Laura Lee.	hathifiles_title
OL44845514W	The company of Jehu	Dumas, Alexandre	1894	0	5	5	mdp.49015002998939|coo.31924027326358|nyp.33433075819379	The Company of Jehu / by Alexandre Dumas.	Dumas, Alexandre, 1802-1870.	hathifiles_title
OL32089378W	The adventures of Robinson Crusoe of York, mariner	Daniel Defoe	1894	0	1	1	mdp.39015078553495	The adventures of Robinson Crusoe of York, mariner / told fo	Defoe, Daniel, 1661?-1731.	hathifiles_title
OL32096826W	Tom Thumb		1888	0	1	0	coo.31924069999799	Tom Thumb.		hathifiles_title
OL1095512W	Tom Thumb	L. Leslie Brooke	1900	0	1	0	coo.31924069999799	Tom Thumb.		hathifiles_title
OL16886256W	The submarine boys and the smugglers	Victor G. Durham	1912	0	1	1	mdp.39015085433483	The submarine boys and the smugglers : or Breaking up the Ne	Durham, Victor G.	hathifiles_title
OL1492593W	The Mysteries of Paris	Eugène Sue	1892	0	20	20	mdp.39015062475598|pst.000031887045|pst.000031887038	The mysteries of Paris. / By Eugene Sue.	Sue, Eugène, 1804-1857.	hathifiles_title
OL32091248W	The life and strange surprising adventures of Robinson Crusoe	Daniel Defoe	1937	0	4	0	mdp.39015078555557|mdp.39015078555102|mdp.39015078555110	The life and strange surprising adventures of Robinson Cruso	Defoe, Daniel, 1661?-1731.	hathifiles_title
OL17704596W	The midshipman, Marmaduke Merry	William Henry Giles Kingston	1886	0	1	1	mdp.39015063891249	The Midshipman, Marmaduke Merry / by William H. G. Kingston.	Kingston, William Henry Giles, 1814-1880	hathifiles_title
OL15629239W	Hans Brinker, or, The silver skates	Mary Mapes Dodge	1903	0	8	4	mdp.39015085433244|wu.89098020324|wu.89098020308	Hans Brinker, or, The silver skates : a story of life in Hol	Dodge, Mary Mapes, 1830-1905.	hathifiles_title
OL43608326W	Wyandotte	Cooper, James Fenimore	1900	0	2	2	mdp.39015071382579|uc1.b4103774	Wyandotte : past, present, future.		hathifiles_title
OL39455890W	Both sides the border	G. A. Henty	1898	0	4	4	uc2.ark:/13960/t5m902s1g|mdp.39015073487020|mdp.39015073486998	Both sides the border : a tale of Hotspur and Glendower / by	Henty, G. A. 1832-1902.	hathifiles_title
OL39858190W	By England's aid, or, The freeing of the Netherlands (1589-1604)	G. A. Henty	1890	0	4	4	mdp.39015073486881|mdp.39015073486865|mdp.39015073486857	By England's aid, or, The freeing of the Netherlands (1589-1	Henty, G. A. 1832-1902.	hathifiles_title
OL1794598W	The Curse of Carne's Hold	G. A. Henty	1889	0	2	2	mdp.39015073486600|mdp.39015073486592	The curse of Carne's Hold / by G. A. Henty.	Henty, G. A. 1832-1902.	hathifiles_title
OL39446713W	For name and fame, or, Through Afghan passes	G. A. Henty	1890	0	5	5	mdp.39015073484514|uiuo.ark:/13960/t76t4087b|mdp.39015073484126	For name and fame, or, Through Afghan passes / by G.A. Henty	Henty, G. A. 1832-1902.	hathifiles_title
OL39418469W	In freedom's cause	G. A. Henty	1906	0	1	1	mdp.39015073429121	In freedom's cause : a story of Wallace and Bruce / by G. A.	Henty, G. A. 1832-1902.	hathifiles_title
OL40256742W	A Jacobite exile	G. A. Henty	1902	0	3	3	mdp.39015073483888|uc2.ark:/13960/t87h1pk8g|uc1.b3333000	A Jacobite exile : being the adventures of a young Englishma	Henty, G. A. 1832-1902.	hathifiles_title
OL39452885W	A knight of the white cross	G. A. Henty	1895	0	5	5	uc2.ark:/13960/t8tb0zm6f|mdp.39015073483813|uc2.ark:/13960/t2g738v0r	A knight of the White Cross; a tale of the siege of Rhodes. 	Henty, G. A. 1832-1902.	hathifiles_title
OL39456884W	No surrender!	G. A. Henty	1899	0	2	2	uc2.ark:/13960/t18k7577n|mdp.39015073484209	No surrender! : A tale of the rising in La Vendée / by G.A.	Henty, G. A. 1832-1902.	hathifiles_title
OL39446874W	Through the Sikh war	G. A. Henty	1890	0	6	6	mdp.39015073479910|mdp.39015073479902|nyp.33433082305917	Through the Sikh war : a tale of the conquest of the Punjaub	Henty, G. A. 1832-1902.	hathifiles_title
OL39454932W	With Moore at Corunna	G. A. Henty	1897	0	7	7	uc2.ark:/13960/t7mp4wc1w|mdp.39015073480934|mdp.39015073480926	With Moore at Corunna; with 12 illus. by Wal Paget.	Henty, G. A. 1832-1902.	hathifiles_title
OL44897424W	With Wolfe in Canada, or, The winning of a continent	G. A. Henty	1925	0	3	3	nc01.ark:/13960/t07w7g138|mdp.39015073480751|hvd.hnn5hs	With Wolfe in Canada = or, the winning of a continent / by G	Henty, G. A. 1832-1902.	hathifiles_title
OL1794671W	Wulf the Saxon	G. A. Henty	1894	0	7	7	mdp.39015073480793|uiug.30112039592552|mdp.39015073480652	Wulf the Saxon : a story of the Norman conquest / by G.A. He	Henty, G. A. 1832-1902.	hathifiles_title
OL17946813W	The Eskimo twins	Lucy Fitch Perkins	1914	0	5	5	hvd.32044029016045|hvd.hn3lk2|uc2.ark:/13960/t2x34ps4s	The Eskimo twins / by Lucy Fitch Perkins ; illustrated by th	Perkins, Lucy Fitch, 1865-1937	hathifiles_title
OL121244W	Mother West Wind's animal friends	Thornton W. Burgess	1912	0	2	2	mdp.39015085433418|hvd.hn3ljm	Mother West Wind's animal friends / by Thornton W. Burgess ;	Burgess, Thornton W. 1874-1965.	hathifiles_title
OL1794577W	Yarns on the beach	G. A. Henty	1900	0	1	1	mdp.39015073480678	Yarns on the beach : a bundle of tales / by G.A. Henty ; ill	Henty, G. A. 1832-1902.	hathifiles_title
OL32089381W	The Little Robinson and other tales	William and Robert Chambers	1886	0	1	1	mdp.39015078545020	The little Robinson and other tales.		hathifiles_title
OL24517554W	The Log School-House on the Columbia	Hezekiah Butterworth	1893	0	5	5	mdp.39015078571414|uc2.ark:/13960/t06w97d3r|hvd.hn1hk2	The log school-house on the Columbia : a tale of the pioneer	Butterworth, Hezekiah, 1839-1905.	hathifiles_title
OL1202228W	Patty and Azalea	Carolyn Wells	1919	0	1	1	mdp.39015074379820	Patty and Azalea / by Carolyn Wells.	Wells, Carolyn, 1862-1942.	hathifiles_title
OL98774W	The drifting cowboy	Will James	1925	0	2	2	uc1.$b725501|wu.89054843024	The drifting cowboy / by Will James.	James, Will, 1892-1942.	hathifiles_title
OL98765W	My first horse	Will James	1940	0	1	0	wu.89052496668	My first horse / by Siegfried Sassoon, ... [et al.]		hathifiles_title
OL22130290W	The Cecil Aldin book	Cecil Aldin	1932	0	1	0	wu.89053006474	The Cecil Aldin book.	Aldin, Cecil, 1870-1935.	hathifiles_title
OL16611392W	The refraction of the eye	Davis, Achilles Edward	1900	0	7	7	uc2.ark:/13960/t3rv0rd30|hvd.32044045258852|hvd.32044048098099	The refraction of the eye; including a complete treatise on 	Davis, Achilles Edward, 1866-1941.	hathifiles_title
OL44837358W	Loss and gain	John Henry Newman	1891	0	7	7	coo1.ark:/13960/t45q5gt04|wu.89069083673|uc1.b4678502	Loss and gain; the story of a convert.	Newman, John Henry, Saint, 1801-1890.	hathifiles_title
OL32089389W	The Old, old fairy tales	L. Valentine	1890	0	3	3	wu.89094591591|uc2.ark:/13960/t7dr2q54n|uc1.$b281929	The Old old fairy tales / collected and edited by Mrs. Valen		hathifiles_title
OL15528176W	Elise	S. M. M. X.	1896	0	3	3	nc01.ark:/13960/t59c7r49n|wu.89098876998|nyp.33433075872915	Elise : a story of the Civil War / by S. M. M. X.	S. M. M. X.	hathifiles_title
OL3921555W	Mickey Mouse Crusoe	Walt Disney	1936	0	1	0	mdp.39015074251599	Mickey Mouse Crusoe / by Walt Disney.	Disney, Walt, 1901-1966.	hathifiles_title
OL17712764W	Adventures among the Indians	William Henry Giles Kingston	1884	0	5	5	wu.89073163883|umn.31951002116804e|njp.32101068972221	Adventures among the Indians / by W. H. G. Kingston.	Kingston, William Henry Giles, 1814-1880	hathifiles_title
OL32090602W	Danish fairy tales and legends	Hans Christian Andersen	1897	0	2	2	mdp.39015078968651|inu.30000007413424	Danish fairy tales and legends / by Hans Christian Andersen 	Andersen, H. C. 1805-1875.	hathifiles_title
OL16884903W	The store boy, or, The fortunes of Ben Barclay	Horatio Alger	1887	0	2	2	mdp.39015078968339|nc01.ark:/13960/t7mp62009	The store boy, or The fortunes of Ben Barclay / by Horatio A	Alger, Horatio, Jr., 1832-1899.	hathifiles_title
OL32093543W	The store boy, or, The fortunes of Ben Barclay	Horatio Alger	1887	0	2	2	mdp.39015078968339|nc01.ark:/13960/t7mp62009	The store boy, or The fortunes of Ben Barclay / by Horatio A	Alger, Horatio, Jr., 1832-1899.	hathifiles_title
OL16753588W	A history of England	Admiral Paschal. [from old catalog] Stone	1910	0	11	2	mdp.39015078622753|mdp.39015078622795|mdp.39015078622845	A history of England / General ed.: Charles Oman.		hathifiles_title
OL39455746W	Yule logs	G. A. Henty	1898	0	1	1	uc2.ark:/13960/t9p26rn3h	Yule logs / edited by G. A. Henty.		hathifiles_title
OL39416704W	Dick's Desertion; A Boy's Adventures in Canadian Forests. a Tale of the Early Settlement of Ontario, by Marjorie L.C. Pickthall	Marjorie L. C. Pickthall	1905	0	2	2	wu.89098862105|pst.000006706494	Dick's desertion : a boy's adventures in Canadian forests. A	Pickthall, Marjorie L. C. 1883-1922.	hathifiles_title
OL3452701W	Dick's desertion	Marjorie Lowry Christie Pickthall	1900	0	2	2	wu.89098862105|pst.000006706494	Dick's desertion : a boy's adventures in Canadian forests. A	Pickthall, Marjorie L. C. 1883-1922.	hathifiles_title
OL7039535W	A romance of Toronto (founded on fact)	Annie G. Savigny	1888	0	2	2	wu.89098861925|hvd.32044019035336	A romance of Toronto (founded on fact) : a novel / by Annie 	Savigny, Annie G.	hathifiles_title
OL9199722W	A romance of Toronto (founded on fact)	Annie Gregg Savigny	1888	0	2	2	wu.89098861925|hvd.32044019035336	A romance of Toronto (founded on fact) : a novel / by Annie 	Savigny, Annie G.	hathifiles_title
OL23251084W	The Browning boys	Pansy	1886	0	1	1	wu.89098868904	The Browning boys / by Pansy ; illustrated by Horace Petheri	Pansy, 1841-1930.	hathifiles_title
OL33360901W	The Arabian nights	Hale, Edward Everett	1888	0	11	9	hvd.32044019177369|hvd.hn5j5n|uva.x000504084	The Arabian nights : their best-known tales / ed. by Kate Do		hathifiles_title
OL32091519W	The Arabian nights	Helen Marion Burnside	1892	0	11	9	hvd.32044019177369|hvd.hn5j5n|uva.x000504084	The Arabian nights : their best-known tales / ed. by Kate Do		hathifiles_title
OL11472480W	The boys of Columbia High on the diamond	Graham B Forbes	1911	0	1	1	hvd.hn5ht5	The boys of Columbia High on the diamond; or, Winning out by	Forbes, Graham B.	hathifiles_title
OL15697135W	The romance of Gilbert Holmes	Marshall M. Kirkman	1900	0	4	4	uc2.ark:/13960/t91835t9n|uc2.ark:/13960/t9s17v90s|wu.89005369384	The romance of Gilbert Holmes; an historical novel, by Marsh	Kirkman, Marshall M. 1842-1921.	hathifiles_title
OL262390W	The Road to Oz	Baum, L. Frank	1909	0	3	3	hvd.32044011907441|coo1.ark:/13960/t3dz0tg63|nyp.33333081020063	The road to Oz / by L. Frank Baum ; illustrated by John R. N	Baum, L. Frank 1856-1919	hathifiles_title
OL16579075W	The Pony Rider Boys in New Mexico, or, The end of the silver trail	Frank Gee Patchin	1910	0	2	2	mdp.39015082536486|nc01.ark:/13960/t4rj5jp0q	The pony rider boys in New Mexico, or, The end of the silver	Patchin, Frank Gee, 1861-1925.	hathifiles_title
OL32147056W	The fortunes of Philippa Fairfax	Frances Hodgson Burnett	1888	0	1	1	wu.89098013477	The fortunes of Philippa Fairfax / by Frances Hodgson Burnet	Burnett, Frances Hodgson, 1849-1924.	hathifiles_title
OL42470813W	Little Lord Fauntleroy	Frances Hodgson Burnett	1913	0	8	8	wu.89098013766|wu.89098013782|uc2.ark:/13960/t9b56fc15	Little Lord Fauntleroy / by Frances Hodgson Burnett ; [illus	Burnett, Frances Hodgson, 1849-1924.	hathifiles_title
OL32146025W	Through one administration	Frances Hodgson Burnett	1883	0	6	6	wu.89098013915|nyp.33433074937826|osu.32435014847016	Through one administration / by Frances Hodgson Burnett.	Burnett, Frances Hodgson, 1849-1924.	hathifiles_title
OL69662W	The troubles of Queen Silver-bell	Frances Hodgson Burnett	1906	0	2	2	wu.89098013931|hvd.hn6adq	The troubles of Queen Silver-bell / by Queen Crosspatch ; sp	Burnett, Frances Hodgson, 1849-1924.	hathifiles_title
OL12207290W	A modern Argonaut ..	Leela B. Davis	1896	0	1	1	wu.89098018526	A modern Argonaut / by Leela B. Davis.	Davis, Leela B.	hathifiles_title
OL32093261W	The island of gold	William Gordon Stables	1898	0	1	1	wu.89007381072	The island of gold : a sailor's yarn / by Gordon Stables ; w	Stables, Gordon, 1840-1910.	hathifiles_title
OL37923163W	House of A Thousand Candles	Nicholson, Meredith	1905	0	8	8	uc2.ark:/13960/t4hm53167|hvd.hxdm3v|osu.32435018469718	The house of a thousand candles / by Meredith Nicholson ; wi	Nicholson, Meredith, 1866-1947.	hathifiles_title
OL1103998W	With Crockett and Bowie	Munroe, Kirk	1898	0	5	5	uc2.ark:/13960/t4dn4124x|nyp.33433074910955|wu.89007379100	With Crockett and Bowie; or, Fighting for the Lone-star flag	Munroe, Kirk, 1850-1930.	hathifiles_title
OL39451947W	The story of a short life	Juliana Horatia Gatty Ewing	1894	0	9	9	mdp.39015082161020|uc2.ark:/13960/t9c53k735|uc1.$b308293	The story of a short life / by Juliana Horatia Ewing ; illus	Ewing, Juliana Horatia, 1841-1885.	hathifiles_title
OL11565103W	Chastity	Margaret Lanham	1947	0	2	0	inu.30000055052090|iau.31858019971799	Chastity: a study of sexual morality in the English medieval	Lanham, Margaret	hathifiles_title
OL15233475W	The Governor of England	Bowen, Marjorie	1917	0	1	1	inu.32000002425082	The governor of England / by Marjorie Bowen.	Bowen, Marjorie, 1888-1952.	hathifiles_title
OL16466385W	Target	Brett Halliday	1904	0	1	0	inu.30000054753920	The target.		hathifiles_title
OL10343415W	On the marble cliffs	Ernst Jünger	1947	0	3	0	inu.30000007054830|nyp.33433043043482|uc1.b3723996	On the marble cliffs : a novel / by Ernst Juenger ; translat	Jünger, Ernst, 1895-1998	hathifiles_title
OL38508390W	On the marble cliffs	Ernst Jünger	1947	0	3	0	inu.30000007054830|nyp.33433043043482|uc1.b3723996	On the marble cliffs : a novel / by Ernst Juenger ; translat	Jünger, Ernst, 1895-1998	hathifiles_title
OL1219829W	The forty days	Franz Werfel	1934	0	1	0	inu.30000041629753	The forty days / Franz Werfel ; translated from the German b	Werfel, Franz, 1890-1945.	hathifiles_title
OL3020920W	The four false weapons	John Dickson Carr	1942	0	1	0	inu.39000000442405	The four false weapons : being the return of Bencolin / by J	Carr, John Dickson, 1906-1977.	hathifiles_title
OL44438294W	The sea-wolf	Jack London	1930	0	3	3	inu.32000000657439|uva.x030803133|uc1.31210000964724	The sea-wolf / by Jack London.	London, Jack, 1876-1916.	hathifiles_title
OL3426845W	The confessions of a con man as told to Will Irwin	Irwin, Will	1909	0	3	3	uc2.ark:/13960/t07w6854p|inu.30000003292277|uc1.b4095511	The confessions of a con man as told to Will Irwin; illustra	Irwin, Will, 1873-1948.	hathifiles_title
OL17662276W	The happy foreigner	Enid Bagnold	1920	0	2	2	inu.30000011829136|msu.31293103064550	The happy foreigner.	Bagnold, Enid.	hathifiles_title
OL17753287W	The cook and the captive	Yonge, Charlotte Mary	1894	0	1	1	inu.30000000319982	The cook and the captive; or, Attalus the hostage, by Charlo	Yonge, Charlotte Mary, 1823-1901.	hathifiles_title
OL75392W	The daisy chain	Yonge, Charlotte Mary	1881	0	9	9	inu.30000007696051|uc1.b3759985|hvd.hn1jpy	The daisy chain; or, Aspirations; a family chronicle, by the	Yonge, Charlotte Mary, 1823-1901.	hathifiles_title
OL12979668W	Song of the city	Peter Henry Abrahams	1943	0	1	0	inu.30000055891182	Song of the city; a novel.	Abrahams, Peter, 1919-	hathifiles_title
OL76574W	A prince of the captivity	John Buchan	1933	0	2	0	inu.30000041714357|uc1.31210005819568	A prince of the captivity / by John Buchan.	Buchan, John, 1875-1940.	hathifiles_title
OL20109634W	News from Nowhere	Morris, William	1897	0	14	14	dul1.ark:/13960/t2988x91m|inu.32000000113383|uc2.ark:/13960/t94749g3w	News from nowhere; or, An epoch of rest, being some chapters	Morris, William, 1834-1896.	hathifiles_title
OL38754409W	The fall of Constantinople	J. M. Neale	1913	0	2	1	inu.32000004526861|coo.31924028239105	The fall of Constantinople.	Neale, J. M. 1818-1866.	hathifiles_title
OL7185274W	Attack in the desert [by] Michael Home [pseud.]	Christopher Bush	1942	0	2	0	inu.32000002892083|uc1.b4091126	Attack in the desert [by] Michael Home [pseud.]	Bush, Christopher, b. 1885.	hathifiles_title
OL35695219W	Ulysses	James Joyce	1922	1	3	1	inu.30000111060913|inu.30000011424490|ucbk.ark:/28722/h23r0pv23	Ulysses / James Joyce.	Joyce, James, 1882-1941.	hathifiles_title
OL38767940W	Ulysses	Joyce, James	1934	0	2	0	inu.30000111060913|inu.30000011424490	Ulysses / James Joyce.	Joyce, James, 1882-1941.	hathifiles_title
OL86318W	Ulysses	Joyce, James	1914	0	3	1	inu.30000111060913|inu.30000011424490|ucbk.ark:/28722/h23r0pv23	Ulysses / James Joyce.	Joyce, James, 1882-1941.	hathifiles_title
OL472043W	The mysterious Mr Quin	Agatha Christie	1930	0	1	1	inu.30000020640763	The mysterious Mr. Quin / Aghatha Christie.	Christie, Agatha, 1890-1976.	hathifiles_title
OL4917443W	Close Quarters	Michael Francis Gilbert	1947	0	1	0	inu.32000004611473	Close quarters / by Michael Gilbert.	Gilbert, Michael Francis, 1912-2006	hathifiles_title
OL1937666W	Hornblower And The Atropos	C. S. Forester	1920	0	1	0	inu.32000003239136	Hornblower and the Atropos / C. S. Forester.	Forester, C. S. 1899-1966.	hathifiles_title
OL21454633W	Letty Fox	Christina Stead	1946	0	2	0	inu.32000002540997|uc1.b4086521	Letty Fox : her luck / Christina Stead.	Stead, Christina, 1902-1983	hathifiles_title
OL3648110W	Letty Fox	Christina Stead	1947	0	2	0	inu.32000002540997|uc1.b4086521	Letty Fox : her luck / Christina Stead.	Stead, Christina, 1902-1983	hathifiles_title
OL1337078W	Heavy Weather	P. G. Wodehouse	1933	0	1	0	inu.30000035025372	Heavy weather.	Wodehouse, P. G. 1881-1975.	hathifiles_title
OL1337093W	Laughing gas	P. G. Wodehouse	1936	0	1	0	inu.32000007724323	Laughing gas.	Wodehouse, P. G. 1881-1975.	hathifiles_title
OL1337088W	The luck of the Bodkins	P. G. Wodehouse	1935	0	2	0	inu.32000002017020|uva.x001091393	The luck of the Bodkins.	Wodehouse, P. G. 1881-1975.	hathifiles_title
OL1337068W	Uncle Dynamite	P. G. Wodehouse	1948	0	1	0	inu.32000006736120	Uncle Dynamite : [a novel] / by P. G. Wodehouse.	Wodehouse, P. G. 1881-1975	hathifiles_title
OL25168041W	The Woodlanders	Hardy, Thomas	1912	0	8	7	uc2.ark:/13960/t1zc83g7g|inu.32000004672327|uc1.b4105194	The woodlanders; by Thomas Hardy.	Hardy, Thomas, 1840-1928.	hathifiles_title
OL137471W	And be a villain	Rex Stout	1948	0	2	0	uva.x000094847|inu.39000003658130	And be a villain; a Nero Wolfe novel.	Stout, Rex, 1886-1975.	hathifiles_title
OL15320517W	The Father Brown stories	Chesterton, G. K.	1931	0	1	0	inu.30000011897372	The Father Brown stories.	Chesterton, G. K. 1874-1936.	hathifiles_title
OL20433072W	The Paradoxes of Mr. Pond	Chesterton, G. K.	1936	0	1	0	inu.30000035044217	The paradoxes of Mr. Pond / by G. K. Chesterton.	Chesterton, G. K. 1874-1936	hathifiles_title
OL76469W	The scandal of Father Brown	Chesterton, G. K.	1935	0	1	0	inu.32000005550878	The scandal of Father Brown / by G.K. Chesterton.	Chesterton, G. K. 1874-1936.	hathifiles_title
OL9819733W	Collected stories of Katherine Mansfield	Mansfield, Katherine	1945	0	1	0	inu.32000002974469	Collected stories of Katherine Mansfield.	Mansfield, Katherine, 1888-1923.	hathifiles_title
OL32098814W	The blacksmith of Boniface Lane	A. L. O. E.	1895	0	1	1	inu.39000003450728	The blacksmith of Boniface Lane / by A. L. O. E. [i.e. C. M.	A. L. O. E., 1821-1893.	hathifiles_title
OL14877863W	Lord Arthur Savile's crime	Oscar Wilde	1891	0	7	7	inu.32000001376112|uc2.ark:/13960/t73t9g479|coo.31924014157089	Lord Arthur Savile's crime ; The portrait of Mr. W. H. ; and	Wilde, Oscar, 1854-1900.	hathifiles_title
OL43772525W	The happy prince	Oscar Wilde	1940	0	4	2	inu.32000002542050|inu.32000002542183|uiug.30112056541516	The happy prince; a fairy tale by Oscar Wilde.  With a forew	Wilde, Oscar, 1854-1900.	hathifiles_title
OL8269770W	The Happy Prince and other tales	Oscar Wilde	1888	0	6	5	inu.32000007917794|dul1.ark:/13960/t4tj33z0s|coo.31924013571330	The happy prince, and other tales / by Oscar Wilde ; illustr	Wilde, Oscar, 1854-1900.	hathifiles_title
OL39440230W	Marion Fay	Trollope, Anthony	1884	0	8	8	inu.32000009368038|umn.319510019929216|umn.31951001992919t	Marion Fay : a novel / by Anthony Trollope.	Trollope, Anthony, 1815-1882.	hathifiles_title
OL32443964W	Tom, the bootblack; or, The road to success	Horatio Alger	1889	0	2	2	inu.39000003001927|uc2.ark:/13960/t8ff3mn9z	Tom, the bootblack : or, The road to success / by Horatio Al	Alger, Horatio, 1832-1899.	hathifiles_title
OL40252771W	Turn of the Screw	Henry James	1898	1	1	0	inu.32000000869760	The turn of the screw; The Aspern papers [by] Henry James.	James, Henry, 1843-1916.	hathifiles_title
OL41530014W	Turn of the Screw	Henry James	1898	0	1	0	inu.32000000869760	The turn of the screw; The Aspern papers [by] Henry James.	James, Henry, 1843-1916.	hathifiles_title
OL15702529W	Tales of Mystery and Imagination	Poe, Edgar Allan	1921	0	2	1	inu.30000005473438|dul1.ark:/13960/t1pg7wx51	Tales  of mystery and imagination / Edgar Allan Poe ; edited	Poe, Edgar Allan, 1809-1849.	hathifiles_title
OL171615W	Wings	John Monk Saunders	1927	0	51	0	osu.32435052534419|osu.32435052534468|osu.32435052534427	Wings.		hathifiles_title
OL39415450W	Beautiful Joe's paradise	Saunders, Marshall	1904	0	2	2	inu.39000002124068|hvd.hn1fp3	Beautiful Joe's paradise; a sequel to Beautiful Joe, by Mars	Saunders, Marshall, 1861-1947.	hathifiles_title
OL32047460W	Hereward, the last of the English	Charles Kingsley	1889	0	2	2	inu.30000048941474|hvd.hwkqgz	Hereward, the last of the English / by Charles Kingsley.	Kingsley, Charles, 1819-1875.	hathifiles_title
OL43769751W	Hereward	Charles Kingsley	1888	0	4	4	inu.32000007251228|uc1.b4105430|hvd.hn3li9	Hereward : the last of the English / by Charles Kingsley.	Kingsley, Charles, 1819-1875.	hathifiles_title
OL43758709W	Just so stories for little children	Kipling, Rudyard	1913	0	6	6	inu.30000005050855|hvd.32044010340883|nyp.33433082546536	Just so stories for little children ...	Kipling, Rudyard, 1865-1936.	hathifiles_title
OL1667052W	Without my cloak	Kate O'Brien	1931	0	2	0	inu.30000011877366|pst.000005619009	Without my cloak / by Kate O'Brien.	O'Brien, Kate, 1897-1974.	hathifiles_title
OL2456025W	Lark Rise to Candleford	Thompson, Flora.	1945	0	1	0	inu.30000047800143	Lark Rise to Candleford : a trilogy / by Flora Thompson ; wi	Thompson, Flora.	hathifiles_title
OL29263045W	Life story of a little monkey	Ferdynand Antoni Ossendowski	1930	0	1	1	uc1.$b597886	Life story of a little monkey; the diary of the chimpanzee K	Ossendowski, Ferdynand Antoni, 1878-1945	hathifiles_title
OL1242673W	Maigret sits it out	Georges Simenon	1941	0	1	0	uc1.$b603065	Maigret sits it out / Georges Simenon ; translated from the 	Simenon, Georges, 1903-1989.	hathifiles_title
OL1395774W	The children of Guernica	Kesten, Hermann	1939	0	1	0	uc1.$b615623	The children of Guernica; a novel.	Kesten, Hermann, 1900-1996.	hathifiles_title
OL7582814W	Goya	Schneider, Manfred	1936	0	1	0	uc1.$b615692	Goya; a portrait of the artist as a man, by Manfred Schneide	Schneider, Manfred, b. 1884.	hathifiles_title
OL3484406W	The Isles of Sunset	Arthur Christopher Benson	1904	0	1	1	uc1.$b682943	The isles of sunset / by Arthur Christopher Benson.	Benson, Arthur Christopher, 1862-1925.	hathifiles_title
OL77326W	Wait until spring, Bandini	John Fante	1938	0	1	0	uc1.b3116688	Wait until spring, Bandini; a novel, by John Fante	Fante, John, 1909-1983.	hathifiles_title
OL8538071W	Section 558	Julian Hawthorne	1888	0	2	2	uc2.ark:/13960/t7vm44889|uc1.b3124671	Section 558 : or, The fatal letter : from the diary of Inspe	Hawthorne, Julian, 1846-1934.	hathifiles_title
OL39358450W	Selected English Short Stories XIX & XX centuries (Third Series)	Nathaniel Hawthorne	1927	0	1	1	uc1.b3139441	Selected English short stories, XIX & XX centuries (Third se		hathifiles_title
OL16304118W	Stories by foreign authors		1898	0	59	59	uc2.ark:/13960/t21c1v27f|uc2.ark:/13960/t56d5q42h|uc2.ark:/13960/t10p0x84n	Stories by foreign authors.		hathifiles_title
OL16446474W	The honourable gentleman and others	Achmed Abdullah	1919	0	2	2	uc1.b3256435|nyp.33433082175716	The honourable gentleman and others / by Achmed Abdullah.	Abdullah, Achmed, 1881-1945.	hathifiles_title
OL21729457W	Dayspring	Harry Sylvester	1945	0	2	0	uc1.$b800104|uc1.b3295232	Dayspring,	Sylvester, Harry, 1908-	hathifiles_title
OL16735919W	California story book	Marguerite Ogden Steel	1909	0	5	5	uc2.ark:/13960/t6pz53712|uc2.ark:/13960/t4wh2fk59|nyp.33433111603514	California story book.		hathifiles_title
OL16034221W	The strange woman	Williams, Ben Ames	1941	0	2	0	uc1.b3295269|pst.000030286696	The strange woman / Ben Ames Williams.	Williams, Ben Ames, 1889-1953.	hathifiles_title
OL13703286W	Under an alias	H. B. Jeffries	1883	0	2	2	uc2.ark:/13960/t6zw1jb31|uc1.b3324430	Under an alias : a story of war, of love and of Colorado / b	Jeffries, H. B.	hathifiles_title
OL7876614W	Arius the Libyan	Nathan Chapman Kouns	1883	0	4	4	uc2.ark:/13960/t2v40m01d|uc1.b3324551|uc2.ark:/13960/t16m33f1t	Arius the Libyan; a romance of the primitive church, Nathan 	Kouns, Nathan Chapman, 1833-1890.	hathifiles_title
OL17724399W	Dorcas	Kouns, Nathan C.	1911	0	3	3	uc2.ark:/13960/t81j98q99|uc1.b3324552|nyp.33433076094162	Dorcas : the daughter of Faustina / by Nathan C. Kouns.	Kouns, Nathan C. 1833-1890.	hathifiles_title
OL17359547W	The golden dog	Kirby, William	1900	0	7	7	uc2.ark:/13960/t24b35h3d|uc1.b3324584|pst.000002039374	The golden dog : (Le chien d'or) a romance of the days of Lo	Kirby, William, 1817-1906.	hathifiles_title
OL39462277W	The golden dog	William Kirby	1897	0	7	7	uc2.ark:/13960/t24b35h3d|uc1.b3324584|pst.000002039374	The golden dog : (Le chien d'or) a romance of the days of Lo	Kirby, William, 1817-1906.	hathifiles_title
OL273841W	The Casting Away Of Mrs. Lecks And Mrs. Aleshine; The Vizier Of The Two Horned Alexander	Frank R. Stockton	1900	0	9	9	uc2.ark:/13960/t0qr4ww2s|uc1.b3325111|hvd.32044080927817	The casting away of Mrs. Lecks and Mrs. Aleshine / by Frank 	Stockton, Frank R., 1834-1902.	hathifiles_title
OL32089701W	The Squirrel Inn	Frank R. Stockton	1891	0	3	3	uc2.ark:/13960/t1cj8gv3g|uc1.b3325126|uc2.ark:/13960/t10p0x32f	The Squirrel inn / by Frank R. Stockton.	Stockton, Frank R., 1834-1902.	hathifiles_title
OL32090111W	Stories and sketches for the young	Stowe, Harriet Beecher	1897	0	4	4	uc2.ark:/13960/t04x55d91|uc1.b3325134|mdp.39076002211105	Stories and sketches for the young / by Harriet Beecher Stow	Stowe, Harriet Beecher, 1811-1896.	hathifiles_title
OL2340164W	A boyar of the Terrible	Frederick Whishaw	1896	0	2	2	uc2.ark:/13960/t59c71m0w|nyp.33433075767198	A boyar of the Terrible; a romance of the court of Ivan the 	Whishaw, Frederick.	hathifiles_title
OL7136145W	The jay-hawkers	Adela Elizabeth Richards Orpen	1900	0	3	3	uc2.ark:/13960/t2x34nr8v|uc1.b3325648|nc01.ark:/13960/t1wd4nt3v	The jay-hawkers; a story of free soil and border ruffian day	"Orpen, Adela Elizabeth Richards, ""Mrs. G"	hathifiles_title
OL243365W	The beckoning of the wand	Alice Dease	1908	0	4	4	uc2.ark:/13960/t5x63cr9h|hvd.hnznur|nyp.33433069350738	The beckoning of the wand : sketches of a lesser known Irela	Dease, Alice.	hathifiles_title
OL603353W	Fifteen tales	Ivan Alekseevich Bunin	1924	0	2	2	uc1.b4084475|uc1.32106001599833	Fifteen tales / by Ivan Bunin ; [authorised translation from	Bunin, Ivan Alekseevich, 1870-1953.	hathifiles_title
OL1774728W	When peacocks called	Hilda Seligman	1940	0	1	0	uc1.b4084620	When peacocks called.	Seligman, Hilda.	hathifiles_title
OL19807649W	The trail of '98	Robert W. Service	1913	0	8	8	uc2.ark:/13960/t2b85f249|hvd.hn1fv4|uc1.b4084802	The trail of '98; a Northland romance, by Robert W. Service 	Service, Robert W. 1874-1958.	hathifiles_title
OL18382900W	The hearth and eagle	Anya Seton	1948	0	1	0	uc1.b4084803	The hearth and eagle.	Seton, Anya.	hathifiles_title
OL18402874W	Dragonwyck	Anya Seton	1944	0	1	0	uc1.32106002144449	Dragonwyck.	Seton, Anya.	hathifiles_title
OL15397131W	Dragonwyck	Anya Seton	1945	0	1	0	uc1.32106002144449	Dragonwyck.	Seton, Anya.	hathifiles_title
OL121248W	Old Granny Fox	Thornton W. Burgess	1920	0	2	2	uc2.ark:/13960/t6057dp8m|uc1.b4087584	Old Granny Fox / by Thornton W. Burgess ; with illustrations	Burgess, Thornton W. 1874-1965.	hathifiles_title
OL1527216W	The Aztec treasure house for boys	Thomas Allibone Janvier	1918	0	2	2	uc1.b4087601|uc2.ark:/13960/t7vm43j51	The Aztec treasure house for boys; illustrated by Ben Kutche	Janvier, Thomas A. 1849-1913.	hathifiles_title
OL99499W	Five Children and It	E. Nesbit	1905	0	2	1	uc1.b4087889|uc1.31822010433019	Five children and it / by E. Nesbit ; with illustrations by 	Nesbit, E. 1858-1924.	hathifiles_title
OL22285979W	Spooks and spirits and shadowy shapes	Robert L. Doremus	1949	0	1	0	uc1.b4087998	Spooks and spirits and shadowy shapes; illus. by Robert L. D		hathifiles_title
OL3845361W	The right murder	Craig Rice	1941	0	2	0	uc1.b4088394|iau.31858006760098	The right murder / by Craig Rice.	Rice, Craig, 1908-1957.	hathifiles_title
OL16642W	The D.A. cooks a goose	Erle Stanley Gardner	1942	0	1	0	uc1.b4093287	The D.A. cooks a goose / Erle Stanley Gardner.	Gardner, Erle Stanley, 1889-1970.	hathifiles_title
OL22120896W	The maid of the mountain	Jackson Gregory	1925	0	1	1	uc1.b4094444	The maid of the mountain : a romance of the California wilde	Gregory, Jackson, 1882-1943.	hathifiles_title
OL1937771W	The earthly paradise	C. S. Forester	1940	0	1	0	uc1.b4095359	The earthly paradise.	Forester, C. S. 1899-1966.	hathifiles_title
OL485671W	West of the Pecos	Zane Grey	1931	0	1	0	uc1.b4095561	West of the Pecos / Zane Grey.	Grey, Zane, 1872-1939.	hathifiles_title
OL485419W	Code of the West	Zane Grey	1934	0	1	0	uc1.b4095574	Code of the West / by Zane Grey.	Grey, Zane, 1872-1939.	hathifiles_title
OL3020914W	The man who could not shudder	John Dickson Carr	1940	0	1	0	uc1.b4097001	The man who could not shudder / by John Dickson Carr.	Carr, John Dickson, 1906-1977.	hathifiles_title
OL15096904W	Give 'em the ax	Erle Stanley Gardner	1944	0	1	1	uc1.b4097309	Give 'em the ax / by A.A. Fair.	Gardner, Erle Stanley, 1889-1970.	hathifiles_title
OL3739407W	The Country Beyond	James Oliver Curwood	1922	0	4	4	uc1.b4097808|nyp.33433043249139|mdp.39076006255090	The country beyond : a romance of the wilderness / by James 	Curwood, James Oliver, 1878-1927.	hathifiles_title
OL3518880W	Windfall fiddle	Carmer, Carl Lamson	1950	0	1	0	uc1.b4098279	Windfall fiddle; illustrated by Arthur Conrad.	Carmer, Carl Lamson, 1893-1976.	hathifiles_title
OL5952292W	Twig	Elizabeth Orton Jones	1942	0	1	0	uc1.b4098542	Twig / by Elizabeth Orton Jones.	Jones, Elizabeth Orton, 1910-	hathifiles_title
OL6566369W	Four winds farm	Molesworth	1887	0	4	4	uc2.ark:/13960/t8qb9w55s|uc1.b4098570|uva.x000985333	Four winds farm ; and, The children of the castle / by Mrs. 	Molesworth, Mrs., 1839-1921.	hathifiles_title
OL19798106W	Winnebago boy	Mario Scacheri	1937	0	1	0	uc1.b4098741	Winnebago boy / by Mario and Mabel Scacheri.	Scacheri, Mario.	hathifiles_title
OL15718246W	Kildee house	Rutherford G. Montgomery	1949	0	1	0	uc1.b4099038	Kildee house; illustrated by Barbara Cooney.	Montgomery, Rutherford George, 1896-	hathifiles_title
OL8404486W	Kildee House	Montgomery, Rutherford George	1949	0	1	0	uc1.b4099038	Kildee house; illustrated by Barbara Cooney.	Montgomery, Rutherford George, 1896-	hathifiles_title
OL183600W	Long wharf	Pease, Howard	1939	0	1	0	uc1.b4099066	Long Wharf : a story of young San Francisco / by Howard Peas	Pease, Howard, 1894-1974.	hathifiles_title
OL10343876W	Journey cake	Isabella McLennan McMeekin	1942	0	1	0	uc1.b4099109	Journey cake / by Isabel McLennan McMeekin ; illustrated by 	McMeekin, Isabel McLennan, 1895-1973.	hathifiles_title
OL4754884W	Journey cake	Isabel McLennan McMeekin	1942	0	1	0	uc1.b4099109	Journey cake / by Isabel McLennan McMeekin ; illustrated by 	McMeekin, Isabel McLennan, 1895-1973.	hathifiles_title
OL32093841W	Klondike nuggets	Edward Sylvester Ellis	1898	0	2	2	uc2.ark:/13960/t4th8d30v|uc1.b4101476	Klondike nuggets : and how two boys secured them / by E.S. E	Ellis, Edward Sylvester, 1840-1916.	hathifiles_title
OL38916675W	The abbot	Scott, Walter	1893	0	11	11	uc1.b4101689|uc1.b4101690|uc1.b3328908	The abbot / by Sir Walter Scott ; with introductory essay an	Scott, Walter, Sir, 1771-1832.	hathifiles_title
OL32094474W	Ups and downs		1890	0	2	0	uc1.b4101831|wu.89092952720	Ups and downs; a first book about space, by Ethel S. Berkley	Berkley, Ethel S., 1908-	hathifiles_title
OL7468016W	Keturah came 'round the Horn	Ada Claire Darby	1935	0	1	1	uc1.b4101897	Keturah came 'round the Horn : a story of old California / b	Darby, Ada Claire, 1883-1953.	hathifiles_title
OL6810196W	Necessary Nellie	Charlotte Baker	1945	0	1	0	uc1.b4101929	Necessary Nellie; story and pictures by Charlotte Baker.	Baker, Charlotte, 1910-	hathifiles_title
OL8050357W	The Wild Birthday Cake	Lavinia R. Davis	1949	0	1	0	uc1.b4101934	The wild birthday cake; pictures by Hildegard Woodward.	Davis, Lavinia R. 1909-1961.	hathifiles_title
OL249602W	The Isle of Palms	C. M. Newell	1888	0	3	3	uc2.ark:/13960/t9m32q41m|hvd.hxdlx6|uc1.b4102058	The isle of Palms : adventures while wrecking for gold, enco	Newell, C. M. 1821-1900.	hathifiles_title
OL17683546W	Paving the way	Simpson Newland	1899	0	5	4	uc2.ark:/13960/t02z1d52m|uc2.ark:/13960/t6542qr72|pst.000002040233	Paving the way : a romance of the Australian bush / by Simps	Newland, Simpson, 1835-1925.	hathifiles_title
OL15512537W	Between the lines	King, Charles	1888	0	7	7	uc2.ark:/13960/fk8w95134q|uc1.b4102407|nyp.33433076087166	Between the lines; a story of the war, by Captain Charles Ki	King, Charles, 1844-1933.	hathifiles_title
OL29269036W	Loss and gain	John Henry Newman	1911	0	3	3	uc2.ark:/13960/t6g16594f|uc1.b4102443|pst.000015976529	Loss and gain : the story of a convert / by John Henry Cardi	Newman, John Henry, 1801-1890.	hathifiles_title
OL3468637W	Penelope's Experiences in Scotland	Wiggin, Kate Douglas Smith	1900	0	5	5	uc2.ark:/13960/fk58c9rf1p|uc1.b4102477|umn.319510020359260	Penelope's experiences in Scotland; being extracts from the 	Wiggin, Kate Douglas Smith, 1856-1923.	hathifiles_title
OL17723476W	A lodging for the night	Robert Louis Stevenson	1900	0	3	2	uc1.b4102813|iau.31858048216083|osu.32435021489760	A lodging for the night; being a tale concerning one of life	Stevenson, Robert Louis, 1850-1894.	hathifiles_title
OL1091614W	Mehalah	Baring-Gould, S.	1880	0	4	4	uc2.ark:/13960/t88g8sm5b|hvd.hw2jiv|njp.32101067628717	"Mehalah : a story of the salt marshes / by the author of ""Jo"	Baring-Gould, S. 1834-1924.	hathifiles_title
OL4693153W	The mutineer	Louis Becke	1898	0	2	2	uc2.ark:/13960/t2m61pc9x|uc1.b4102891	The mutineer; a romance of Pitcairn Island, by Louis Becke a	Becke, Louis, 1855-1913.	hathifiles_title
OL22309386W	A victorious Union	Optic, Oliver	1894	0	4	4	uc2.ark:/13960/t28913359|coo1.ark:/13960/t5bc4jj0c|uc1.b4102966	A victorious union / by Oliver Optic.	Optic, Oliver, 1822-1897.	hathifiles_title
OL15432616W	A victorious union	Optic, Oliver	1894	0	4	4	uc2.ark:/13960/t28913359|coo1.ark:/13960/t5bc4jj0c|uc1.b4102966	A victorious union / by Oliver Optic.	Optic, Oliver, 1822-1897.	hathifiles_title
OL4885701W	Agatha Webb	Anna Katharine Green	1899	0	3	3	hvd.32044050950179|uc1.b4104310|pst.000006168742	Agatha Webb / by Anna Katharine Green.	Green, Anna Katharine, 1846-1935	hathifiles_title
OL38915995W	Salt-Lake fruit		1889	0	3	3	uc2.ark:/13960/fk4sj19x54|nyp.33433076053671|uiug.30112003615256	Salt-Lake fruit : a latter-day romance / by an American.	Spencer, George E., Mrs.	hathifiles_title
OL12253007W	Salt-lake fruit	Spencer, George E.	1884	0	3	3	uc2.ark:/13960/fk4sj19x54|nyp.33433076053671|uiug.30112003615256	Salt-Lake fruit : a latter-day romance / by an American.	Spencer, George E., Mrs.	hathifiles_title
OL11048672W	Salt-lake fruit	Spencer, George E.	1884	0	3	3	uc2.ark:/13960/fk4sj19x54|nyp.33433076053671|uiug.30112003615256	Salt-Lake fruit : a latter-day romance / by an American.	Spencer, George E., Mrs.	hathifiles_title
OL33320716W	The bee-man of orn	Frank R. Stockton	1915	0	2	2	uc2.ark:/13960/fk3319s85n|uc1.b4104337	The bee-man of Orn : and other fanciful tales / by Frank R. 	Stockton, Frank Richard, 1834-1902.	hathifiles_title
OL17025003W	The devil's own	Randall Parrish	1917	0	4	4	uc2.ark:/13960/fk5h98zp4j|uc1.b4104344|hvd.hn8n9a	The devil's own : a romance of the Black Hawk war / by Randa	Parrish, Randall, 1858-1923.	hathifiles_title
OL7881226W	The land of gold	George G. Spurr	1881	0	2	2	nnc1.1002204371|uc2.ark:/13960/fk0bv79t5v	The land of gold. : A tale of '49, illustrative of early pio	Spurr, George G.	hathifiles_title
OL246666W	The land of gold	George Graham Spurr	1883	0	2	2	nnc1.1002204371|uc2.ark:/13960/fk0bv79t5v	The land of gold. : A tale of '49, illustrative of early pio	Spurr, George G.	hathifiles_title
OL32146648W	In our convent days	Repplier, Agnes	1905	0	4	4	uc2.ark:/13960/fk3st7f13j|hvd.hnpmvg|uc1.b4104596	In our convent days / by Agnes Repplier.	Repplier, Agnes, 1855-1950.	hathifiles_title
OL32276794W	The writings in prose and verse of Rudyard Kipling	Kipling, Rudyard	1920	0	281	268	uc2.ark:/13960/t9t14wx2d|uc2.ark:/13960/t9s17w57s|uc2.ark:/13960/t8df6nh02	The writings in prose and verse of Rudyard Kipling ...	Kipling, Rudyard, 1865-1936.	hathifiles_title
OL32027157W	Woodcraft	Simms, William Gilmore	1888	0	3	3	uc2.ark:/13960/fk4th8bt4g|uc1.b4105139|uva.x000680734	Woodcraft : or, Hawks about the dovecote : a story of the So	Simms, William Gilmore, 1806-1870.	hathifiles_title
OL250721W	Down our way	Mary Jameson Judah	1897	0	2	2	uc2.ark:/13960/fk71v5bw0x|uc1.b4105354	Down our way ; stories of southern and western character, by	Judah, Mary Jameson, 1851-1930.	hathifiles_title
OL3979206W	Traits and confidences	Emily Lawless	1897	0	3	3	uc2.ark:/13960/t3kw59x2j|hvd.32044086831039|uc1.b4105417	Traits and confidences / by the Hon. Emily Lawless.	Lawless, Emily, 1845-1913.	hathifiles_title
OL19667070W	A journal of the plague year	Daniel Defoe	1931	0	8	4	uc1.b4107547|uc1.b3576748|pst.000027954768	A journal of the plague year : written by a citizen who cont	Defoe, Daniel, 1661?-1731.	hathifiles_title
OL32097612W	The nightingale	Hans Christian Andersen	1896	0	1	1	uc2.ark:/13960/t9w097t3v	The nightingale / by Hans Andersen.	Andersen, H. C. 1805-1875.	hathifiles_title
OL32090508W	Child of the regiment		1880	0	2	2	uc2.ark:/13960/t3cz3dk7s|uc1.b4337609	The child of the regiment; comic opera in three acts. Englis	Donizetti, Gaetano, 1797-1848.	hathifiles_title
OL39430013W	The return of Tarzan	Edgar Rice Burroughs	1915	0	1	1	uc1.b4373265	The return of Tarzan / Edgar Rice Burroughs.	Burroughs, Edgar Rice, 1875-1950.	hathifiles_title
OL10560698W	Twenty-six men and a girl	Maksim Gorky	1902	0	1	1	uc1.b4398072	Twenty-six men and a girl / Maxim Gorky ; translated from th	Gorky, Maksim, 1868-1936.	hathifiles_title
OL32096669W	Wolf Ear the Indian	Edward Sylvester Ellis	1898	0	4	4	uc2.ark:/13960/fk0dv1cm10|uc1.b4503986|umn.31951d00044648v	Wolf Ear, the Indian / by Edward S. Ellis.	Ellis, Edward Sylvester, 1840-1916.	hathifiles_title
OL6681368W	In Dixie land; stories of the Reconstruction era	Henrietta R. Palmer	1926	0	1	1	uc1.b4512700	In Dixie land; stories of the reconstruction era, by souther	Palmer, Henrietta Raymer, 1867-	hathifiles_title
OL202750W	Smugglers' Island and the devil fires of San Moros	Clarissa Abia Kneeland	1915	0	1	1	uc1.b4572843	Smugglers Island and the devil fires of San Moros / by Clari	Kneeland, Clarissa Abia, 1878-	hathifiles_title
OL7877492W	Romances of old Japan [rendered into English from Japanese sources] by Madame Yukio Ozaki	Yei Theodora (Ozaki) Ozaki	1920	0	2	2	uc2.ark:/13960/t0vq35f2s|uc1.b4579416	Romances of old Japan [rendered into English from Japanese s	Ozaki, Yei Theodora.	hathifiles_title
OL5464866W	The boys of the Sierras	Hendrik Conscience	1883	0	2	2	uc2.ark:/13960/t9t14vq67|uc1.b4594048	The boys of the Sierras : or, The young gold hunters : a sto	Conscience, Hendrik, 1812-1883.	hathifiles_title
OL11821671W	Great Captain	Honoré Morrow	1930	0	4	2	uc1.b3407777|pst.000028104988|pst.000008245977	Great captain; the Lincoln trilogy of Forever free, With mal	Morrow, Honoré, 1880-1940.	hathifiles_title
OL2341561W	Bound to rise, or, Up the ladder	Horatio Alger	1900	0	2	2	mdp.39015082174064|njp.32101067626158	Bound to rise, or, Up the ladder / by Horatio Alger, Jr.	Alger, Horatio, Jr., 1832-1899.	hathifiles_title
OL32834375W	Adrift in New York, or, Tom and Florence braving the world	Horatio Alger	1904	0	2	2	mdp.39015082174213|nnc2.ark:/13960/t8ff5mp76	Adrift in New York, or, Tom and Florence braving the world /	Alger, Horatio, Jr., 1832-1899.	hathifiles_title
OL39252W	Treve	Albert Payson Terhune	1924	0	1	1	mdp.39076002593668	Treve / by Albert Payson Terhune.	Terhune, Albert Payson, 1872-1942.	hathifiles_title
OL39273W	Lad of Sunnybank	Albert Payson Terhune	1929	0	1	1	mdp.39076002401276	Lad of Sunnybank / by Albert Payson Terhune.	Terhune, Albert Payson, 1872-1942.	hathifiles_title
OL1174184W	No such liberty	Alex Comfort	1941	0	1	0	uc1.$b236083	No such liberty / by Alex Comfort.	Comfort, Alex, 1920-2000.	hathifiles_title
OL10494344W	Seven little Australians	Ethel Turner	1894	0	2	1	uc1.$b236132|uc2.ark:/13960/t4qj7b035	Seven little Australians.	Turner, Ethel Sybil, 1872-1958.	hathifiles_title
OL716361W	The dark daughters	Davies, Rhys	1947	0	1	0	uc1.$b236151	The dark daughters / by Rhys Davies.	Davies, Rhys, 1901-1978.	hathifiles_title
OL5214316W	Red heifer	Frank Dalby Davison	1934	0	1	0	uc1.$b236178	Red heifer : a story of men and cattle / Frank Dalby Davison	Davison, Frank Dalby, 1893-1970.	hathifiles_title
OL18514326W	Travers	Sara Dean	1908	0	3	3	uc1.$b236181|nyp.33433074851613|uiug.30112069972997	Travers : a story of the San Francisco earthquake / by Sara 	Dean, Sara, 1870-	hathifiles_title
OL1213471W	...No hero--this	Deeping, Warwick	1936	0	1	0	uc1.$b236183	No hero--this / by Warwick Deeping.	Deeping, Warwick, 1877-1950.	hathifiles_title
OL32099425W	Johnnie	E. O. Laughlin	1899	0	4	4	umn.31951001632970e|uc2.ark:/13960/t15m6366x|uc1.$b239593	Johnnie; a memory of boyhood,	Laughlin, E. O. 1867-	hathifiles_title
OL43840750W	The victim	Dixon, Thomas	1914	0	7	7	hvd.hwjuff|coo.31924022357812|uc2.ark:/13960/t6m040645	The victim; a romance of the real Jefferson Davis, by Thomas	Dixon, Thomas, Jr., 1864-1946	hathifiles_title
OL460670W	Artists in Crime	Marsh, Ngaio	1938	0	1	0	uc1.$b242691	Artists in crime / Ngaio Marsh.	Marsh, Ngaio, 1895-1982.	hathifiles_title
OL18377572W	Vespers in Vienna	Marshall, Bruce	1947	0	1	0	uc1.$b242696	Vespers in Vienna.	Marshall, Bruce, 1899-1987.	hathifiles_title
OL18805866W	Tell us about the turkey, Jo	Marshall, Alan	1946	0	1	0	uc1.$b242700	Tell us about the turkey, Jo; short stories by Alan Marshall	Marshall, Alan, 1902-	hathifiles_title
OL2535343W	An air that kills	Francis Henry King	1948	0	1	0	uc1.$b242706	An air that kills / by Francis King.	King, Francis Henry.	hathifiles_title
OL17316223W	The toy-shop	Margarita Spalding Gerry	1907	0	7	7	uc2.ark:/13960/fk9571895x|uiuo.ark:/13960/t55d8vj5t|uc1.$b242945	The toy shop; a romantic story of Lincoln the man, by Margar	Gerry, Margarita Spalding, Mrs., 1870-19	hathifiles_title
OL1202890W	The ocean	Hanley, James	1941	0	1	0	uc1.$b242969	The ocean / by James Hanley.	Hanley, James, 1901-	hathifiles_title
OL8729578W	The Spirit of the Time	Robert Smythe Hichens	1925	0	5	5	nyp.33433112047844|uc2.ark:/13960/t9q23tx6j|uc1.$b243176	The spirit of the time / by Robert Hitchens.	Hichens, Robert 1864-1950.	hathifiles_title
OL21512042W	Foreigner	Ralph Connor	1909	0	5	5	uc2.ark:/13960/t5p847j0q|uc1.$b243218|coo1.ark:/13960/t8nc6hf3f	The foreigner : a tale of Saskatchewan / by Ralph Connor [i.	Connor, Ralph, 1860-1937.	hathifiles_title
OL16888550W	The chivalry of Keith Leicester	Robert Allison Hood	1918	0	3	3	uc1.$b243366|nyp.33433112003169|uc2.ark:/13960/t52f7mn78	The chivalry of Keith Leicester : a romance of British Colum	Hood, Robert Allison.	hathifiles_title
OL481983W	The Blackbirder	Dorothy B. Hughes	1943	0	1	1	uc1.$b243374	The Blackbirder / Dorothy B. Hughes.	Hughes, Dorothy B. 1904-1993.	hathifiles_title
OL7030205W	The smoking leg	Metcalfe, John.	1925	0	1	1	uc1.$b243503	The smoking leg : and other stories / by John Metcalfe.	Metcalfe, John, 1891-	hathifiles_title
OL4501707W	Berry and Co.	Dornford Yates	1920	0	4	2	uc1.$b243519|nyp.33433112049360|uc1.aa0003079472	Berry and Co. / Dornford Yates.	Yates, Dornford, 1885-1960.	hathifiles_title
OL4190183W	The story of Ragged Robyn	Onions, Oliver	1945	0	1	0	uc1.$b243637	The story of Ragged Robyn.	Onions, Oliver, 1873-1961.	hathifiles_title
OL16901966W	Oh, you Tex!	Raine, William MacLeod	1920	0	3	3	uc2.ark:/13960/t3513xg60|uc1.$b244036|hvd.hn1g5i	Oh, you Tex! / by William MacLeod Raine.	Raine, William MacLeod, 1871-1954.	hathifiles_title
OL3236974W	The eighth champion of Christendom	Ellis Peters	1945	0	1	0	uc1.$b244045	The eighth champion of Christendom; lame crusade, by Edith P	Peters, Ellis, 1913-1995.	hathifiles_title
OL7581393W	Wild harvest	John M. Oskison	1925	0	1	1	uc1.$b244069	Wild harvest : a novel of transition days in Oklahoma / by J	Oskison, John M. b. 1874.	hathifiles_title
OL7903795W	The fourth queen	Isabel Paterson	1926	0	1	1	uc1.$b244074	The fourth queen / by Isabel Paterson.	Paterson, Isabel.	hathifiles_title
OL3194199W	Mesquite Jenkins, tumbleweed	Clarence Edward Mulford	1932	0	1	0	uc1.$b244128	Mesquite Jenkins, tumbleweed.	Mulford, Clarence Edward, 1883-1956.	hathifiles_title
OL3194196W	Hopalong Cassidy returns	Clarence Edward Mulford	1924	0	2	2	uc1.$b244130|uva.x004172295	Hopalong Cassidy returns / by Clarence E. Mulford.	Mulford, Clarence Edward, 1883-1956.	hathifiles_title
OL3528811W	Reginald, and Reginald in Russia	Saki	1921	0	2	2	uc1.$b244135|cub.p101092302015	"Reginald, and Reginald in Russia / by ""Saki"" (H. H. Munro) ;"	Saki, 1870-1916.	hathifiles_title
OL3979509W	The vicar's daughter	Young, E. H.	1928	0	2	0	uc1.$b244310|cub.p101092312010	The vicar's daughter.	Young, E. H. 1880-1949.	hathifiles_title
OL27977496W	Hetty Dorval	Ethel Wilson	1947	0	1	0	uc1.$b244402	Hetty Dorval / by Ethel Wilson.	Wilson, Ethel, 1888-1980.	hathifiles_title
OL25651562W	Maurice Guest	Richardson, Henry Handel	1930	0	1	0	uc1.$b244485	Maurice Guest.	Richardson, Henry Handel, pseud.	hathifiles_title
OL17724363W	The gringos	B. M. Bower	1913	0	4	4	uc2.ark:/13960/t2z31pn1q|coo1.ark:/13960/t1sf3b690|nyp.33433075744221	The gringos; a story of the old California days in 1849, by 	Bower, B. M., 1874-1940.	hathifiles_title
OL3741149W	The holiday	Stevie Smith	1949	0	15	0	uc1.$b244853|osu.32435067114983|osu.32435067115378	The holiday / Stevie Smith.	Smith, Stevie, 1902-1971.	hathifiles_title
OL4103561W	Last Hope ranch	Charles Alden Seltzer	1925	0	1	1	uc1.$b244902	Last Hope Ranch / by Charles Alden Seltzer.	Seltzer, Charles Alden, 1875-1942.	hathifiles_title
OL43949804W	Miss Bunting	Angela Mackail Thirkell	1945	0	3	0	uc1.$b245047|pst.000062859882|uc1.31210003594494	Miss Bunting : a novel / by Angela Thirkell.	Thirkell, Angela Mackail, 1890-1961.	hathifiles_title
OL54843W	Fascinating Stranger	Booth Tarkington	1923	0	3	3	uc1.$b245138|uc1.b3569283|mdp.39015031304671	The fascinating stranger : and other stories / by Booth Tark	Tarkington, Booth, 1869-1946.	hathifiles_title
OL7581105W	Her heart in her throat	Ethel Lina White	1942	0	1	0	uc1.$b245205	Her heart in her throat.	White, Ethel Lina.	hathifiles_title
OL876402W	Check to your king	Robin Hyde	1936	0	2	0	uc1.$b245220|ufl.31262053960935	Check to your king : the life history of Charles, Baron de T	Hyde, Robin, 1906-1939.	hathifiles_title
OL7893858W	The King's Highway	Madeline Deaderick Willard	1913	0	3	2	uc2.ark:/13960/t1dj59f55|uc1.$b245221|uc1.c101408991	The King's Highway; a romance of the Franciscan order in Alt	Willard, Madeline Deaderick.	hathifiles_title
OL42250931W	A herald of the West	Joseph A. Altsheler	1900	0	6	6	uc2.ark:/13960/t07w69j7g|uc1.$b248036|uc2.ark:/13960/t9w08x645	A herald of the West; an American story of 1811-1815, by Jos	Altsheler, Joseph A. 1862-1919.	hathifiles_title
OL2320084W	The walrus hunters	Robert Michael Ballantyne	1893	0	2	2	uc2.ark:/13960/t0sq8sv1d|uc1.$b248090	The walrus hunters; a romance of the realms of ice.	Ballantyne, R. M. 1825-1894.	hathifiles_title
OL18397302W	Modern essays and stories	Frederick Houk Law	1922	0	5	5	uc1.$b248144|loc.ark:/13960/t0dv23f99|uc2.ark:/13960/t11n82b3q	Modern essays and stories : a book to awaken appreciation of	Law, Frederick Houk, 1871-1957.	hathifiles_title
OL36891805W	Mother Carey's chickens	Kate Douglas Wiggin	1930	0	2	2	uc1.$b248221|nyp.33333023365717	Mother Carey's chickens; a little comedy of home, in three a	Wiggin, Kate Douglas Smith, 1856-1923.	hathifiles_title
OL1487944W	Vendetta	Corelli, Marie	1886	0	4	4	uc2.ark:/13960/t25b01m38|uc2.ark:/13960/t0sq8xw8w|nc01.ark:/13960/t4hm69252	Vendetta: or, The story of one forgotten, by Marie Corelli .	Corelli, Marie, 1855-1924.	hathifiles_title
OL19821707W	The West Wind	Brady, Cyrus Townsend	1912	0	5	5	hvd.hx5c4d|nyp.33433074797881|uc2.ark:/13960/t8gf0qt7n	The West Wind : a story of red men and white in old Wyoming 	Brady, Cyrus Townsend, 1861-1920	hathifiles_title
OL2343168W	With Lyon in Missouri	Byron A. Dunn	1910	0	3	3	uc2.ark:/13960/t4bp00s06|uc1.$b248709|nyp.33433082532189	With Lyon in Missouri / by Byron A. Dunn ... ; with eight il	Dunn, Byron A. 1842-1926.	hathifiles_title
OL39459048W	Tales of the ex-tanks	Clarence Louis Cullen	1900	0	6	6	uc2.ark:/13960/t11n7zm5n|uc1.$b248781|hvd.hxdkpf	Tales of the ex-tanks; a book of hard-luck stories, by Clare	Cullen, Clarence Louis, d. 1922.	hathifiles_title
OL7586627W	A Dream Of A Throne	Charles Fleming Embree	1900	0	3	3	uc2.ark:/13960/t8gf0p980|uc1.$b248815|hvd.hw1vq0	A dream of a throne; the story of a Mexican revolt, by Charl	Embree, Charles Fleming, 1874-1905.	hathifiles_title
OL7055424W	In the golden days	Edna Lyall	1880	0	7	7	uc2.ark:/13960/t6736px28|uc1.$b249522|uc2.ark:/13960/t6542kv9q	In the golden days / by Edna Lyall.	Lyall, Edna, 1857-1903.	hathifiles_title
OL10424568W	By beach and bog-land	Jane Barlow	1905	0	5	5	uc2.ark:/13960/t08w3bh7m|uc1.$b249541|hvd.hnp1qc	By beach and bog-land ; some Irish stories / by Jane Barlow,	Barlow, Jane, 1857?-1917.	hathifiles_title
OL15435706W	Bennie Ben Cree	Arthur Colton	1900	0	3	3	nc01.ark:/13960/t9k36kb49|uc2.ark:/13960/t0ms3kw80|uc1.$b249682	Bennie Ben Cree : being the story of his adventure to southw	Colton, Arthur, 1868-1943.	hathifiles_title
OL32146077W	Mr. Tommy Dove, and other stories	Margaret Deland	1893	0	4	4	uc2.ark:/13960/t5h990m5t|uc1.$b249793|hvd.hxdh1p	Mr. Tommy Dove and other stories / by Margaret Deland.	Deland, Margaret Wade Campbell, 1857-194	hathifiles_title
OL7704226W	Champlain	Harper, J. M.	1908	0	5	5	uc2.ark:/13960/t73t9h518|uc1.$b249815|loc.ark:/13960/t98633j87	Champlain; a drama in three acts, with an introduction entit	Harper, John Murdoch, 1845-	hathifiles_title
OL8776499W	The Lion and the Mouse	Charles Klein	1906	0	4	4	uc2.ark:/13960/t19k46r6g|uc1.$b249857|nyp.33433112003979	The lion and the mouse; a play in four acts, by Charles Klei	Klein, Charles, 1867-1915.	hathifiles_title
OL43301601W	Pembroke; a novel	Mary Eleanor Wilkins Freeman	1894	0	6	6	uc2.ark:/13960/t29883n91|uc1.$b249876|hvd.hwk6s4	Pembroke; a novel, by Mary E. Wilkins ...	Freeman, Mary Eleanor Wilkins, 1852-1930	hathifiles_title
OL7563034W	The technique of novel writing	Basil Hogarth	1934	0	1	0	uc1.$b250295	The technique of novel writing / by Basil Hogarth.	Hogarth, Basil, 1908-	hathifiles_title
OL16659087W	On the wing of occasions	Joel Chandler Harris	1906	0	4	4	uc2.ark:/13960/t3028s344|uc1.$b251161|hvd.hn1ghq	On the wing of occasions.	Harris, Joel Chandler, 1848-1908.	hathifiles_title
OL32091778W	Tales of the home folks in peace and war	Joel Chandler Harris	1898	0	2	2	uc1.$b251164|nyp.33433074850573	Tales of the home folks in peace and war / by Joel Chandler 	Harris, Joel Chandler, 1848-1908.	hathifiles_title
OL17675950W	John Armstrong	Major Greenwood	1898	0	2	2	uc2.ark:/13960/t9c53j37w|uc1.$b251214	John Armstrong : the story of a life / by Major Greenwood.	Greenwood, Major.	hathifiles_title
OL16325586W	Devil stories	Maximilian J. Rudwin	1921	0	6	6	uc2.ark:/13960/t5j96115s|uc1.$b251229|hvd.32044021654926	Devil stories; an anthology, selected and ed., with introduc	Rudwin, Maximilian J. 1885-	hathifiles_title
OL2827148W	The secret valley	Nicholas Size	1929	0	1	1	uc1.$b254951	The secret valley : the real romance of unconquered Lakeland	Size, Nicholas.	hathifiles_title
OL5096503W	Ghosts and marvels	Vere H. Collins	1924	0	1	1	uc1.$b259681	Ghosts and marvels : a selection of uncanny tales from Danie	Collins, Vere H. b. 1872.	hathifiles_title
OL17885130W	The art of fiction ...	Besant, Walter	1902	0	3	3	uc1.$b261542|uc2.ark:/13960/t4sj1dh8g|uc1.31158001616241	The art of fiction.	Besant, Walter, Sir, 1836-1901.	hathifiles_title
OL7037515W	Under the northern lights	Alan Sullivan	1926	0	1	0	uc1.$b267542	Under the northern lights.	Sullivan, Alan, 1868-1947.	hathifiles_title
OL7581297W	A Warwickshire lad	Martin, George Madden	1916	0	3	3	coo1.ark:/13960/t06w9wt9w|uc2.ark:/13960/t48p5z90s|uc1.$b272510	A Warwickshire lad; the story of the boyhood of William Shak	Martin, George (Madden) Mrs. 1866-	hathifiles_title
OL7703279W	Modern short-stories	Margaret Eliza Ashmun	1914	0	8	8	uc2.ark:/13960/t56d5sd7b|uc1.$b272744|loc.ark:/13960/t8z90hv82	Modern short-stories / ed., with an introduction and biograp	Ashmun, Margaret, 1875-1940.	hathifiles_title
OL42871387W	The English novel of to-day	Gerald Gould	1925	0	1	1	uc1.$b275447	The English novel of to-day.	Gould, Gerald, 1885-1936.	hathifiles_title
OL244772W	Victorian novelists	Oliphant, James.	1899	0	2	2	uc2.ark:/13960/t2h70bw82|uc1.$b275465	Victorian novelists.	Oliphant, James.	hathifiles_title
OL17709030W	Madame Margot	Bennett, John	1921	0	5	5	uc2.ark:/13960/t7wm15572|uc1.$b287430|hvd.32044009598434	Madame Margot : a grotesque legend of old Charleston / by Jo	Bennett, John, 1865-1956.	hathifiles_title
OL859572W	Kotto	Hearn, Lafcadio	1902	0	3	3	uc2.ark:/13960/t6639mh98|uc1.$b295054|coo1.ark:/13960/t3rv1424x	Kottō : being Japanese curios, with sundry cobwebs / collect	Hearn, Lafcadio, 1850-1904.	hathifiles_title
OL10649679W	The patrol of the Sun Dance trail	Ralph Connor	1914	0	5	5	uc2.ark:/13960/t52f7mm89|uc1.$b298808|uva.x030751426	The patrol of the Sun Dance trail / by Ralph Connor [pseud.]	Connor, Ralph, 1860-1937.	hathifiles_title
OL17043312W	Dark Valley	Jackson Gregory	1937	0	1	1	uc1.$b298839	Dark valley / Jackson Gregory.	Gregory, Jackson, 1882-1943.	hathifiles_title
OL485412W	The Call of the Canyon	Zane Grey	1921	0	2	2	uc1.$b298853|uiug.30112002647953	The call of the canyon.	Grey, Zane, 1872-1939.	hathifiles_title
OL485519W	The Shepherd of Guadaloupe	Zane Grey	1928	0	1	1	uc1.$b298860	The shepherd of Guadaloupe / Zane Grey.	Grey, Zane, 1872-1939.	hathifiles_title
OL485687W	The Young Forester	Zane Grey	1910	0	2	2	uc1.$b298865|nyp.33433043250343	The young forester / Zane Grey.	Grey, Zane, 1872-1939.	hathifiles_title
OL7135272W	Luck, and other stories	Mary Arden	1927	0	1	1	uc1.$b299581	Luck, and other stories / Mary Arden.	Arden, Mary, 1902?-1931.	hathifiles_title
OL11159316W	The mark of the dead	Aresbys	1929	0	1	1	uc1.$b299582	The mark of the dead / by the Aresbys.	Aresbys, The.	hathifiles_title
OL39433158W	According to orders	F. Britten Austin	1918	0	3	3	uc2.ark:/13960/t7sn04r79|uc1.$b299607|nyp.33433074920616	According to orders.	Austin, F. Britten 1885-1941.	hathifiles_title
OL13738769W	Schoolgirl	Carman Barnes	1929	0	1	1	uc1.$b299646	Schoolgirl / by Carman Barnes.	Barnes, Carman.	hathifiles_title
OL7592218W	Sandy from the Sierras	Barry, Richard Hayes	1906	0	2	2	uc1.$b299650|nyp.33433084128978	Sandy from the Sierras / by Richard Barry; illustrated by Fl	Barry, Richard, b. 1881.	hathifiles_title
OL22125262W	Topsy-turvy	Vernon Bartlett	1927	0	2	2	uc2.ark:/13960/t04x55v4f|uc1.$b299653	Topsy-turvy / Vernon Bartlett ; with drawings by D. Nachshen	Bartlett, Vernon, 1894-1983.	hathifiles_title
OL19805303W	The corner of Harley street	Bashford, H. H.	1911	0	13	13	uc1.$b299655|hvd.hc1bb2|hvd.hc2qbl	The corner of Harley street; being some familiar corresponde	Bashford, H. H. Sir, 1880-1961.	hathifiles_title
OL16208887W	The white terror and the red	Abraham Cahan	1905	0	5	5	uc2.ark:/13960/t0zp3ww1d|uc1.$b299749|dul1.ark:/13960/t6446pj18	The white terror and the red; a novel of revolutionary Russi	Cahan, Abraham, 1860-1951.	hathifiles_title
OL14864525W	The white terror and the red	Abraham Cahan	1905	0	5	5	uc2.ark:/13960/t0zp3ww1d|uc1.$b299749|dul1.ark:/13960/t6446pj18	The white terror and the red; a novel of revolutionary Russi	Cahan, Abraham, 1860-1951.	hathifiles_title
OL16902301W	Old Mole	Cannan, Gilbert	1914	0	5	5	uc2.ark:/13960/t0ns0q38h|uc1.$b299764|uc2.ark:/13960/t4fn12w29	Old Mole; being the surprising adventures in England of Herb	Cannan, Gilbert, 1884-1955.	hathifiles_title
OL17961853W	The land of big rivers	Chisholm, A. M.	1924	0	1	1	uc1.$b299819	The land of big rivers; a story of the Northwest, by A.M. Ch	Chisholm, A. M. b. 1872.	hathifiles_title
OL7588280W	Another country	Helene Du Coudray	1928	0	1	1	uc1.$b300171	Another country / by H. Du Coudray.	Du Coudray, H., 1906-1971.	hathifiles_title
OL7590911W	Cry dance	Coe Smith Hayne	1939	0	1	0	uc1.$b300639	Cry dance; a novel of the American Indian, by Coe Hayne.	Hayne, Coe, 1875-1961.	hathifiles_title
OL2455066W	The passionate year	James Hilton	1924	0	1	1	uc1.$b300879	The passionate year / by James Hilton.	Hilton, James, 1900-1954.	hathifiles_title
OL3864072W	None turn back	Jameson, Storm	1936	0	1	0	uc1.$b300992	None turn back / Storm Jameson.	Jameson, Storm, 1897-1972.	hathifiles_title
OL7093168W	The odor of violets	Baynard Kendrick	1940	0	1	0	uc1.$b301039	The odor of violets / by Baynard Kendrick.	Kendrick, Baynard, 1894-1977.	hathifiles_title
OL3232161W	In Clay and in Bronze: A Study in Personality	Brinsley MacNamara	1920	0	4	4	uc2.ark:/13960/t5p845b44|uc1.$b301780|hvd.hn1iyf	In clay and in bronze : a study in personality / by Brinsley	MacNamara, Brinsley, 1890-1963.	hathifiles_title
OL15745475W	Caravans to Santa Fe	Alida Malkus	1928	0	1	1	uc1.$b301786	Caravans to Santa Fe / by Alida Sims Malkus ; with illustrat	Malkus, Alida, 1895-	hathifiles_title
OL13718580W	The kingdom of content	Grace Thérese Mitchell	1928	0	1	1	uc1.$b301884	The kingdom of content : stories of California in the regime	Mitchell, Grace Thèrese.	hathifiles_title
OL22124750W	Forward Ho!	Perry Newberry	1927	0	1	1	uc1.$b302104	Forward Ho! : a story of the Argonne / by Perry Newberry, wi	Newberry, Perry, 1870-1938.	hathifiles_title
OL2630767W	The goblin woman	Rose Cecil O'Neill	1930	0	1	1	uc1.$b302161	The goblin woman; with drawings by the author.	O'Neill, Rose Cecil, 1874-1944.	hathifiles_title
OL33202180W	Siri Ram revolutionist		1914	0	5	5	uc2.ark:/13960/t6j101240|uc1.$b307394|wu.89095886560	Siri Ram, revolutionist; a transcript from life, 1907-1910.	Candler, Edmund, 1874-1926.	hathifiles_title
OL4489659W	Prelude for war	Leslie Charteris	1938	0	1	0	uc1.$b307396	Prelude for war.	Charteris, Leslie, 1907-1993.	hathifiles_title
OL14866172W	Children of loneliness	Anzia Yezierska	1923	0	1	1	uc1.$b308021	Children of loneliness / by Anzia Yezierska.	Yezierska, Anzia, 1880?-1970.	hathifiles_title
OL28393855W	Hollow Needle	Maurice Le Blanc	1910	0	2	2	uc1.$b311889|nyp.33433075799928	The hollow needle; further adventures of Arsène Lupin.	Leblanc, Maurice, 1864-1941.	hathifiles_title
OL7587779W	High, low and wide open	R. Francis James	1935	0	1	1	uc1.$b312339	High, low and wide open / by R. Francis James.	James, R. Francis, 1903-	hathifiles_title
OL6692471W	This side idolatry	C. E. Bechhofer Roberts	1928	0	1	1	uc1.$b312405	This side idolatry.	Roberts, C. E. Bechhofer 1894-1949.	hathifiles_title
OL2948995W	The people from heaven	John B. Sanford	1943	0	1	0	uc1.$b312452	The people from heaven / by John Sanford.	Sanford, John B., 1904-	hathifiles_title
OL6807382W	The wind	Dorothy Scarborough	1925	0	2	2	uc1.$b312460|osu.32435032138315	The wind / by Dorothy Scarborough.	Scarborough, Dorothy, 1878-1935.	hathifiles_title
OL7255279W	The sheriff of Chispa Loma	Snow, Charles H.	1931	0	1	0	uc1.$b312559	The sheriff of Chispa Loma / Charles H. Snow.	Snow, Charles H. b. 1877.	hathifiles_title
OL39429907W	The prairie wife	Arthur Stringer	1915	0	4	4	uc2.ark:/13960/t40r9r634|uc1.$b312606|nyp.33433075753248	The prairie wife; a novel, by Arthur Stringer ... with illus	Stringer, Arthur, 1874-1950.	hathifiles_title
OL5081404W	The trail of a sourdough	May Kellogg Sullivan	1910	0	4	4	uc2.ark:/13960/t29884p9w|uc1.$b312612|hvd.hxdjjx	The trail of a sourdough; life in Alaska, by May Kellogg Sul	Sullivan, May Kellogg, Mrs.	hathifiles_title
OL23003497W	WAAC		1930	0	1	1	uc1.$b312741	WAAC : the woman's story of the war / Anonymous.		hathifiles_title
OL5436588W	Blue water	Frederick William Wallace	1900	0	2	1	uc1.$b312755|umn.31951002044962v	Blue water : a tale of the deep sea fishermen / by Frederick	Wallace, Frederick William, 1886-1958.	hathifiles_title
OL6726857W	The valiant wife	Wilson, Margaret	1934	0	1	1	uc1.$b312846	The valiant wife / by Margaret Wilson.	Wilson, Margaret, 1882-1973.	hathifiles_title
OL7875817W	Soldier men	Yeo	1917	0	2	2	uc2.ark:/13960/t6ww7c41z|uc1.$b312875	Soldier men / by Yeo.	Yeo, pseud.	hathifiles_title
OL21746595W	Arrogant Beggar	Anzia Yezierska	1928	0	1	1	uc1.$b312876	Arrogant beggar.	Yezierska, Anzia, 1880?-1970.	hathifiles_title
OL38639809W	Life in a garrison town	Fritz Oswald Bilse	1914	0	4	4	uc2.ark:/13960/t03x87d7q|uc1.$b313698|hvd.hn2ic3	Life in a garrison town; the military novel suppressed by th	Bilse, Fritz Oswald, 1878-	hathifiles_title
OL5069852W	Augustus	Günther Birkenfeld	1934	0	1	0	uc1.$b313699	Augustus; a novel by Günther Birkenfeld ... translated from	Birkenfeld, Günther, 1901-	hathifiles_title
OL7781293W	Private Suhren	George von der Vring	1928	0	1	1	uc1.$b313819	Private Suhren; the story of a German rifleman [by] Georg vo	Vring, Georg von der, 1889-1968.	hathifiles_title
OL1171962W	Private Suhren	Georg von der Vring	1928	0	1	1	uc1.$b313819	Private Suhren; the story of a German rifleman [by] Georg vo	Vring, Georg von der, 1889-1968.	hathifiles_title
OL17719962W	Berlin and Sans-Souci	L. Mühlbach	1898	0	8	8	uc2.ark:/13960/t6d21wq69|uc1.$b316428|uc2.ark:/13960/t0wp9wr37	Berlin and Sans-Souci : or, Frederick the Great and his frie	Mühlbach, L. Frau, 1814-1873.	hathifiles_title
OL1794730W	Berlin and Sans-Souci	L. Mühlbach	1899	0	8	8	uc2.ark:/13960/t6d21wq69|uc1.$b316428|uc2.ark:/13960/t0wp9wr37	Berlin and Sans-Souci : or, Frederick the Great and his frie	Mühlbach, L. Frau, 1814-1873.	hathifiles_title
OL10784142W	The reign of the Great Elector	L. Mühlbach	1897	0	10	10	uc2.ark:/13960/t8tb1345q|uc1.$b316432|nnc1.1000489573	The reign of the Great Elector : an historical romance / by 	Mühlbach, L. Frau, 1814-1873.	hathifiles_title
OL29274023W	The Reign of the Great Elector	L. Mühlbach	1912	0	4	4	uc2.ark:/13960/t8tb1345q|uc1.$b316432|uc1.l0057927642	The reign of the Great Elector : an historical romance / by 	Mühlbach, L. Frau, 1814-1873.	hathifiles_title
OL17755522W	The merchant of Berlin	L. Mühlbach	1898	0	5	5	uc2.ark:/13960/t8bg2nm70|uc1.$b316433|uc2.ark:/13960/t71v5df67	The merchant of Berlin : an historical novel / L. Mühlbach [	Mühlbach, L. Frau, 1814-1873.	hathifiles_title
OL29274024W	The Merchant of Berlin	L. Mühlbach	1912	0	3	3	uc2.ark:/13960/t8bg2nm70|uc1.$b316433|uc2.ark:/13960/t71v5df67	The merchant of Berlin : an historical novel / L. Mühlbach [	Mühlbach, L. Frau, 1814-1873.	hathifiles_title
OL29274022W	The Youth of the Great Elector	L. Mühlbach	1912	0	4	4	uc2.ark:/13960/t5t72cj3z|uc1.$b316434|uc2.ark:/13960/t72v2ms3x	The youth of the Great Elector : an historical romance / by 	Mühlbach, L. Frau, 1814-1873.	hathifiles_title
OL17720864W	The youth of the Great Elector	L. Mühlbach	1898	0	9	9	uc2.ark:/13960/t5t72cj3z|uc1.$b316434|uc2.ark:/13960/t72v2ms3x	The youth of the Great Elector : an historical romance / by 	Mühlbach, L. Frau, 1814-1873.	hathifiles_title
OL29274026W	Napoleon and the Queen of Prussia	L. Mühlbach	1912	0	5	5	uc2.ark:/13960/t6vx0b718|uc1.$b316442|uc2.ark:/13960/t46q1v993	Napoleon and The Queen of Prussia : an historical novel / by	Mühlbach, L. 1814-1873.	hathifiles_title
OL34615083W	Catherine de' Medici	Honoré de Balzac	1896	0	8	8	uc2.ark:/13960/t5v69fj4w|uc1.$b317882|hvd.hwjrlc	Catherine dé Medici.	Balzac, Honoré de, 1799-1850.	hathifiles_title
OL20542822W	Sappho	Daudet, Alphonse	1899	0	10	8	uc2.ark:/13960/t9x062s02|uc1.$b317915|hvd.hn1kch	Sappho : to which is added Between the flies and the footlig	Daudet, Alphonse, 1840-1897.	hathifiles_title
OL42639494W	The three guardsmen	Dumas, Alexandre	1902	0	4	4	uc1.$b317928|pst.000029618545|hvd.hn1iy6	The three guardsmen / By Alexander Dumas.	Dumas, Alexandre, 1802-1870.	hathifiles_title
OL43706619W	The three guardsmen	Dumas, Alexandre	1900	0	5	5	uc1.$b317928|pst.000029618545|hvd.hn1iy6	The three guardsmen / By Alexander Dumas.	Dumas, Alexandre, 1802-1870.	hathifiles_title
OL259581W	Louise de la Valliere	Dumas, Alexandre	1902	0	3	1	uc2.ark:/13960/t0wp9z322|uc1.$b317934|uiug.30112004290216	Louise de La Valliere / by Alexander Dumas.	Dumas, Alexandre, 1802-1870.	hathifiles_title
OL7582912W	Short turns	Barry Benefield	1926	0	1	1	uc1.$b322751	Short turns / by Barry Benefield ...	Benefield, Barry, b. 1877.	hathifiles_title
OL17985178W	Lorimer of the Northwest	Harold Bindloss	1909	0	4	4	uc2.ark:/13960/t50g3m970|uc1.$b322771|hvd.hwqwd8	Lorimer of the Northwest / by Harold Bindloss ; with a front	Bindloss, Harold, 1866-1945.	hathifiles_title
OL10441356W	The image of a drawn sword	Jocelyn Brooke	1950	0	1	0	uc1.$b322859	The image of a drawn sword.	Brooke, Jocelyn.	hathifiles_title
OL5065392W	The persimmon tree and other stories	Marjorie Faith Barnard	1950	0	2	0	uc1.b3796983|uc1.$b322946	The Persimmon tree and other stories.	Barnard, Marjorie, 1897-1987.	hathifiles_title
OL5959538W	The goose woman	Beach, Rex	1925	0	1	1	uc1.$b322969	The goose woman : and other stories / by Rex Beach.	Beach, Rex, 1877-1949.	hathifiles_title
OL44949817W	Love	Aminoff, Constance Leonie Caroline Borgström	1925	0	2	2	uc1.$b323044|uc2.ark:/13960/t2n58gn47	Love / by Léonie Aminoff.	Aminoff, Constance Leonie Caroline Borgs	hathifiles_title
OL17670393W	Scattered leaves from a physician's diary	Albert Abrams	1900	0	2	2	uc2.ark:/13960/t7mp4xv5h|uc1.$b28019	Scattered leaves from a physician's diary / by Albert Abrams	Abrams, Albert, 1863-1924.	hathifiles_title
OL7906388W	The technique of fiction writing	Robert Saunders Dowst	1921	0	3	3	uc2.ark:/13960/t5v69bf3t|uc1.$b29724|nyp.33433082514393	The technique of fiction writing / by Robert Saunders Dowst.	Dowst, Robert Saunders, 1890-1959.	hathifiles_title
OL2303023W	The English novel	Alan Chester Valentine	1927	0	1	1	uc1.$b29754	The English novel / by Alan C. Valentine.	Valentine, Alan Chester.	hathifiles_title
OL17956187W	Advanced problems of the fiction writer	John Gallishaw	1931	0	2	2	mdp.39015003939595|uc1.$b29757	Advanced problems of the fiction writer : a discussion of ba	Gallishaw, John, 1890-	hathifiles_title
OL10915111W	Advanced problems of the fiction writer	John Gallishaw	1931	0	2	2	mdp.39015003939595|uc1.$b29757	Advanced problems of the fiction writer : a discussion of ba	Gallishaw, John, 1890-	hathifiles_title
OL7906208W	The road to glory	Frederick Britten Austin	1935	0	1	0	uc1.$b56307	The road to glory; a biographical novel of Napoleon,  by F. 	Austin, F. Britten 1885-1941.	hathifiles_title
OL14996433W	Miss Parkworth and three short stories	Edward Charles Booth	1924	0	1	1	uc1.$b56322	Miss Parkworth and three short stories.	Booth, Edward Charles.	hathifiles_title
OL183375W	Farewell 'Toinette	Bertita Harding	1938	0	2	0	uc1.$b56613|uc1.b3688230	Farewell 'Toinette; a footnote to history, by Bertita Hardin	Harding, Bertita Leonarz.	hathifiles_title
OL10569116W	The trap	Allen Havens	1931	0	1	1	uc1.$b56626	The trap.	Havens, Allen.	hathifiles_title
OL6926191W	The sea witch	Laing, Alexander	1933	1	2	0	uc1.$b56894|uc1.$b103863	The Sea Witch : a narrative of the experiences of Capt. Roge	Laing, Alexander, 1903-1976.	hathifiles_title
OL43338859W	Sea Witch	Laing, Alexander, 1903-1976	1933	0	2	0	uc1.$b56894|uc1.$b103863	The Sea Witch : a narrative of the experiences of Capt. Roge	Laing, Alexander, 1903-1976.	hathifiles_title
OL7590609W	The roofs of Elm Street	William McNally	1936	0	1	1	uc1.$b57020	The roofs of Elm Street : a tale of the Middle West / by Wil	McNally, William, 1891-1967.	hathifiles_title
OL11920884W	Far from home	Robert H Newman	1941	0	1	0	uc1.$b57105	Far from home.	Newman, R. H.	hathifiles_title
OL246166W	The Life of Christopher Columbus	Hale, Edward Everett	1891	0	1	1	hvd.32044020339339	The life of Christopher Columbus : from his own letters and 	Hale, Edward Everett, 1822-1909.	hathifiles_title
OL7543202W	Jean and Fanchon	Virginia Olcott	1931	0	1	1	uc1.$b60314	Jean and Fanchon : children of fair France / by Virginia ; w	Olcott, Virginia.	hathifiles_title
OL10943035W	Lota of the little trees	Beatrix Prior	1936	0	1	0	uc1.$b60317	Lota of the little trees; illustrated by Grace Mallon.	Prior, Beatrix.	hathifiles_title
OL1340643W	We, the accused	Ernest Raymond	1935	0	1	0	uc1.$b63669	We, the accused; a novel.	Raymond, Ernest, 1888-	hathifiles_title
OL19802338W	At a dollar a year	Robert Lovejoy Raymond	1919	0	2	2	uc2.ark:/13960/t7pn90t71|uc1.$b63670	At a dollar a year : ripples on the edge of the maelstrom / 	Raymond, Robert Lovejoy, 1874-	hathifiles_title
OL7594049W	Somewhere to the sea	Kenneth Sheils Reddin	1936	0	1	1	uc1.$b63671	Somewhere to the sea / by Kenneth Reddin.	Reddin, Kenneth Sheils, 1895-1967.	hathifiles_title
OL15468690W	A rebellion	F. Douglas Reville	1912	0	4	4	uc2.ark:/13960/t2697220p|uc1.$b63676|nyp.33433112050939	A rebellion; a story of the Red River uprising; illus. by Pa	Reville, Frederick Douglas, 1866-1944.	hathifiles_title
OL449518W	Army doctor	Elizabeth Seifert	1942	0	1	0	uc1.$b63747	Army doctor.	Seifert, Elizabeth, 1897-	hathifiles_title
OL43482428W	Army doctor	Elizabeth Seifert	1943	0	1	0	uc1.$b63747	Army doctor.	Seifert, Elizabeth, 1897-	hathifiles_title
OL16802384W	Turn Off The Sunshine	Timothy G. Turner	1942	0	1	0	uc1.$b63849	Turn off the sunshine : tales of Los Angeles on the wrong si	Turner, Timothy G. b. 1885.	hathifiles_title
OL7895951W	Turn off the sunshine	Timothy G. Turner	1942	0	1	0	uc1.$b63849	Turn off the sunshine : tales of Los Angeles on the wrong si	Turner, Timothy G. b. 1885.	hathifiles_title
OL2917516W	Unless the wind turns	Walker, Mildred	1941	0	1	0	uc1.$b63869	Unless the wind turns / Mildred Walker.	Walker, Mildred, 1905-1998.	hathifiles_title
OL7454635W	Prima donna	Pitts Sanborn	1929	0	2	2	uc1.$b64069|uc1.$b64068	Prima donna : a novel of the opera / by Pitts Sanborn.	Sanborn, Pitts, 1879-1941.	hathifiles_title
OL7492078W	The wild horses of Iceland	Svend Fleuron	1933	0	1	0	uc1.$b70107	The wild horses of Iceland / by Svend Fleuron ; translated f	Fleuron, Svend, b. 1874.	hathifiles_title
OL789876W	In Midsummer Days and Other Tales	August Strindberg	1913	0	3	3	uc2.ark:/13960/t9571b797|mdp.39015030071156|uc1.$b70891	In midsummer days, and other tales / by August Strindberg ; 	Strindberg, August, 1849-1912.	hathifiles_title
OL485462W	Knights of Range	Zane Grey	1936	0	2	0	uc1.$b71377|uc1.b3688191	Knights of the range.	Grey, Zane, 1872-1939.	hathifiles_title
OL16327609W	The flying poilu	Marcel Nadaud	1918	0	4	4	uc2.ark:/13960/t5x63df30|uc1.$b80878|njp.32101067524874	The flying poilu : a story of aerial warfare / by Marcel Nad	Nadaud, Marcel, b. 1889.	hathifiles_title
OL5015773W	Thirty acres	Ringuet	1940	0	1	0	uc1.$b80879	Thirty acres / Ringuet, translated by Felix and Dorothea Wal	Ringuet, 1895-1960.	hathifiles_title
OL96114W	A volunteer with Pike	Bennet, Robert Ames	1909	0	3	3	uc2.ark:/13960/t57d2rg4j|uc1.$b86003|nyp.33433111598110	A volunteer with Pike; the true narrative of one Dr. John Ro	Bennet, Robert Ames, 1870-1954.	hathifiles_title
OL7435945W	The golden porcupine	Muriel Roy Bolton	1947	0	1	0	uc1.$b86032	The golden porcupine / Muriel Roy Bolton.	Bolton, Muriel Roy.	hathifiles_title
OL4636827W	The gorgeous hussy	Samuel Hopkins Adams	1934	0	1	0	uc1.$b86197	The gorgeous hussy ...	Adams, Samuel Hopkins, 1871-1958.	hathifiles_title
OL19667417W	The Riffian	Coon, Carleton Stevens	1933	0	1	0	uc1.$b86878	The Riffian / by Carleton S. Coon.	Coon, Carleton Stevens, 1904-	hathifiles_title
OL20303317W	The Looking-Glass	William March	1943	0	1	0	uc1.$b87088	The looking-glass /  William March.	March, William, 1893-1954.	hathifiles_title
OL716356W	A time to laugh	Davies, Rhys	1938	0	1	0	uc1.$b87227	A time to laugh / by Rhys Davies.	Davies, Rhys, 1901-1978.	hathifiles_title
OL3255052W	Flowers on the grass	Monica Dickens	1945	0	1	0	uc1.$b100222	Flowers on the grass.	Dickens, Monica, 1915-	hathifiles_title
OL7305457W	San Francisco tales	Charles Caldwell Dobie	1935	0	1	0	uc1.$b100804	San Francisco tales / Charles Caldwell Dobie. Foreword by Ka	Dobie, Charles Caldwell, 1881-1943.	hathifiles_title
OL1197094W	The voyage of Captain Bart	Erskine, John	1943	0	1	0	uc1.$b101622	The voyage of Captain Bart.	Erskine, John, 1879-1951.	hathifiles_title
OL13456178W	Beyond the forest	Stuart Engstrand	1948	0	1	0	uc1.$b101727	Beyond the forest.	Engstrand, Stuart David, 1905-1955.	hathifiles_title
OL11740783W	The case of Kinnear	Robert Allison Hood	1942	0	1	0	uc1.$b102207	The case of Kinnear / by Robert Allison Hood.	Hood, Robert Allison.	hathifiles_title
OL535535W	Mr. Glencannon ignores the war	Guy Gilpatric	1944	0	1	1	uc1.$b102704	Mr. Glencannon ignores the war / by Guy Gilpatric.	Gilpatric, Guy, 1896-1950.	hathifiles_title
OL15140530W	The Gaunt Woman	Edmund Gilligan	1945	0	1	0	uc1.$b102713	The gaunt woman.	Gilligan, Edmund, 1899-	hathifiles_title
OL17012506W	The hollow men	Bruce Hutchison	1944	0	1	0	uc1.$b103226	The hollow men : a novel / by Bruce Hutchison.	Hutchison, Bruce, 1901-	hathifiles_title
OL2939747W	The golden bowl	Frederick Feikema Manfred	1944	0	2	0	uc1.$b103942|uiug.30112001601548	The golden bowl : a novel / by Feike Feikema.	Manfred, Frederick Feikema, 1912-1994.	hathifiles_title
OL12062182W	Woman with a sword	Hollister Noble	1948	0	2	0	uc1.$b103980|uc1.31822038370334	Woman with a sword; the biographical novel of Anna Ella Carr	Noble, Hollister, 1900-	hathifiles_title
OL4978813W	The death of Lord Haw Haw, no. 1 personality of World War no. 2	Elliot Paul	1940	0	1	0	uc1.$b104121	The death of Lord Haw Haw, no.1 personality of world war no.	Paul, Elliot, 1891-1958.	hathifiles_title
OL18442176W	James and Joan	Anne Jackson Fremantle	1948	0	1	1	uc1.$b104198	James and Joan.	Fremantle, Anne Jackson, 1909-2002.	hathifiles_title
OL3385484W	Such is life, being certain extracts from the diary of Tom Collins	Joseph Furphy	1948	0	1	0	uc1.$b104275	Such is life, being certain extracts from the diary of Tom C	Furphy, Joseph, 1843-1912.	hathifiles_title
OL3590593W	Maria Paluna	Blair Niles	1934	0	1	1	uc1.$b104401	Maria Paluna ; a novel / by Blair Niles.	Niles, Blair.	hathifiles_title
OL4469582W	The sea is so wide	Evelyn Sybil Mary Eaton	1943	0	1	0	uc1.$b104441	The sea is so wide / Evelyn Eaton.	Eaton, Evelyn Sybil Mary, 1902-	hathifiles_title
OL8522364W	The Sea is So Wide	Evelyn Sybil Mary Eaton	1943	0	1	0	uc1.$b104441	The sea is so wide / Evelyn Eaton.	Eaton, Evelyn Sybil Mary, 1902-	hathifiles_title
OL21167833W	Prince of Egypt	Dorothy Clarke Wilson	1949	0	1	0	uc1.$b104507	Prince of Egypt.	Wilson, Dorothy Clarke.	hathifiles_title
OL13683062W	State fair	Phillip Duffield Stong	1932	0	1	0	uc1.$b105472	State fair / by Phil Stong.	Stong, Phil, 1899-1957.	hathifiles_title
OL44493401W	The wanderer	Nathan Schachner	1948	0	1	0	uc1.$b105535	The wanderer; a novel of Dante and Beatrice, by Nathan Schac	Schachner, Nathan.	hathifiles_title
OL44216627W	Escape	Ethel Vance	1939	0	1	0	uc1.$b105722	Escape / Ethel Vance.	Vance, Ethel, 1891-	hathifiles_title
OL11335264W	Rain on the wind	Walter Macken	1950	0	1	0	uc1.$b105755	Rain on the wind.	Macken, Walter, 1915-1967.	hathifiles_title
OL15856967W	Thread of scarlet	Williams, Ben Ames	1939	0	1	0	uc1.$b105981	Thread of scarlet.	Williams, Ben Ames, 1889-1953.	hathifiles_title
OL2999155W	The Empress	Carola Oman	1932	0	1	0	uc1.$b106135	The empress / by Carola Oman.	Oman, Carola, 1897-1978.	hathifiles_title
OL6329878W	Three harbours	F. van Wyck Mason	1938	0	1	0	uc1.$b106178	Three harbours / F. van Wyck Mason.	Mason, F. van Wyck 1901-	hathifiles_title
OL243457W	The Jewel City	Ben Macomber	1915	0	5	5	uc2.ark:/13960/t5v699n52|uc1.$b107504|coo1.ark:/13960/t49p3md7x	The jewel city: its planning and achievement; its architectu	Macomber, Ben, 1876-	hathifiles_title
OL17704622W	Apples of Sodom	Rosetta Luce] [Gilchrist	1883	0	2	2	uc2.ark:/13960/t52f7n66c|uc1.$b111412	Apples of Sodom; a story of Mormon life.	Gilchrist, Rosetta Luce.	hathifiles_title
OL3469688W	The later women novelists, 1744-1818	B. G. MacCarthy	1938	0	1	0	uc1.$b112279	The later women novelists, 1744-1818.	MacCarthy, B. G.	hathifiles_title
OL10490808W	The later women novelists, 1744-1818	Bridget G. MacCarthy	1947	0	1	0	uc1.$b112279	The later women novelists, 1744-1818.	MacCarthy, B. G.	hathifiles_title
OL20966868W	Darkness and dawn, or, Scenes in the days of Nero	F. W. Farrar	1891	0	3	3	uc1.$b112761|uc1.$b112762|hvd.hnpehv	Darkness and dawn, or, Scenes in the days of Nero : an histo	Farrar, F. W. 1831-1903.	hathifiles_title
OL32146644W	Darkness and dawn, or, Scenes in the days of Nero	F. W. Farrar	1895	0	3	3	uc1.$b112761|uc1.$b112762|hvd.hnpehv	Darkness and dawn, or, Scenes in the days of Nero : an histo	Farrar, F. W. 1831-1903.	hathifiles_title
OL171578W	Golden tales of New England	May Lamberton Becker	1931	0	1	0	uc1.$b116189	Golden tales of New England / selected with an introduction 	Becker, May Lamberton, 1873-1958.	hathifiles_title
OL7577742W	Real dogs	Charles Wright Gray	1926	0	1	1	uc1.$b116682	Real dogs; an anthology of short stories, edited by Charles 	Gray, Charles Wright.	hathifiles_title
OL7679892W	Nathan Hale, patriot	Martha Mann	1944	0	1	0	uc1.$b117325	Nathan Hale, patriot / by Martha Mann. Illustrated by Victor	Mann, Martha.	hathifiles_title
OL15392002W	The flamingo feather	Munroe, Kirk	1898	0	2	2	uc2.ark:/13960/t9765d66z|uc1.$b117328	The Flamingo Feather.	Munroe, Kirk.	hathifiles_title
OL6217069W	T-model Tommy	Stephen W. Meader	1938	0	1	0	uc1.$b117339	T-model Tommy / by Stephen W. Meader.  Illustrated by Edward	Meader, Stephen W. 1892-1977.	hathifiles_title
OL39447190W	The adventures of Captain Hatteras	Jules Verne	1890	0	2	1	uc1.$b117776|wu.89006930945	The adventures of Captain Hatteras / both volumes completed 	Verne, Jules, 1828-1905.	hathifiles_title
OL2697880W	The flight of the eagle	O'Grady, Standish	1897	0	4	4	uc2.ark:/13960/t2f768g71|uc1.$b119595|wu.89099766701	The flight of the eagle.	O'Grady, Standish, 1846-1928.	hathifiles_title
OL16077989W	The dangerous age	Karin Michaëlis	1912	0	2	2	uc2.ark:/13960/t8tb11h5t|uc1.$b139216	The dangerous age : letters & fragments from a woman's diary	Michaëlis, Karin, 1872-1950.	hathifiles_title
OL36908547W	The days of the king	Bruno Frank	1942	0	1	0	uc1.$b164441	The days of the king : a novel / by Bruno Frank ; translated	Frank, Bruno, 1887-1945.	hathifiles_title
OL6593138W	Writing detective and mystery fiction	A. S. Burack	1945	0	1	0	uc1.b3477229	Writing detective and mystery fiction / edited by A.S. Burac	Burack, A. S. 1908-	hathifiles_title
OL6678930W	The English novel from Chaucer to Galsworthy	Robert Henry Underwood Bloor	1935	0	1	0	uc1.b3477264	The English novel from Chaucer to Galsworthy.	Bloor, Robert Henry Underwood.	hathifiles_title
OL2341618W	Charlie Codman's cruise	Horatio Alger	1894	0	3	3	uc1.b3478029|nc01.ark:/13960/t6058k32j|nyp.33433088679190	Charlie Codman's cruise; or, A young sailor's pluck.	Alger, Horatio, 1832-1899.	hathifiles_title
OL16913011W	Digging for gold	Horatio Alger	1892	0	2	2	uc1.b3478030|hvd.hnqexn	Digging for gold; a story of California by Horatio Alger.	Alger, Horatio, 1832-1899.	hathifiles_title
OL5792991W	Moderns and near-moderns	William Chislett	1928	0	1	1	uc1.b3543141	Moderns and near-moderns; essays on Henry James, Stockton, S	Chislett, William, jr.	hathifiles_title
OL14863214W	A Horseman in the Sky / A Watcher by the Dead / The Man and the Snake	Bierce, Ambrose	1920	0	2	2	hvd.hxdhq1|uc1.b3547268	A horseman in the sky : a watcher by the dead : the man and 	Bierce, Ambrose, 1842-1914?	hathifiles_title
OL3941392W	Dilemmas; stories and studies in sentiment	Ernest Christopher Dowson	1915	0	3	3	uc1.b3548241|nyp.33433042850168|ien.35556007020449	Dilemmas : stories and studies in sentiment.	Dowson, Ernest Christopher, 1867-1900.	hathifiles_title
OL32134082W	Castle Dangerous	Scott, Walter	1894	0	3	3	uc1.b3549037|uc2.ark:/13960/t9668k47f|hvd.32044086799517	Castle dangerous / by Sir Walter Scott, bart. ; with introdu	Scott, Walter, Sir, 1771-1832.	hathifiles_title
OL39442102W	Castle dangerous	Scott, Walter	1886	0	3	3	uc1.b3549037|uc2.ark:/13960/t9668k47f|hvd.32044086799517	Castle dangerous / by Sir Walter Scott, bart. ; with introdu	Scott, Walter, Sir, 1771-1832.	hathifiles_title
OL17718888W	Si Klegg	John McElroy	1912	0	4	4	uc2.ark:/13960/t3pv6bv5g|uc1.b3549775|uc2.ark:/13960/t80k2754p	Si Klegg; his transformation from a raw recruit to a veteran	McElroy, John, 1846-1929.	hathifiles_title
OL6561010W	Si Klegg; Si and Shorty	John McElroy	1915	0	4	4	uc2.ark:/13960/t3pv6bv5g|uc1.b3549775|uc2.ark:/13960/t80k2754p	Si Klegg; his transformation from a raw recruit to a veteran	McElroy, John, 1846-1929.	hathifiles_title
OL22849582W	Trial of John Jasper, lay precentor of Cloisterham Cathedral in the County of Kent, for the murder of Edwin Drood, engineer	Chesterton, G. K.	1914	0	2	2	uc2.ark:/13960/t6251r046|uc1.b3550144	Trial of John Jasper, lay precentor of Cloisterham Cathedral		hathifiles_title
OL32093194W	Six little princesses and what they turned into	E. Prentiss	1898	0	2	2	uc2.ark:/13960/t6057p64q|uc1.b3550192	Six little princesses and what they turned into : and other 	Prentiss, E. 1818-1878.	hathifiles_title
OL41644823W	Julian Home	Frederic Farrar	1913	0	2	2	uc2.ark:/13960/t7vm4ch9t|uc1.b3578378	Julian Home; a tale of college life.	Farrar, F. W. 1831-1903.	hathifiles_title
OL17697866W	Julian Home	Frederic William Farrar	1897	0	2	2	uc2.ark:/13960/t7vm4ch9t|uc1.b3578378	Julian Home; a tale of college life.	Farrar, F. W. 1831-1903.	hathifiles_title
OL36436045W	The luck of Roaring Camp	Bret Harte	1923	0	2	1	uc1.b3578756|uc1.31822025507781	The Luck of Roaring Camp:, and other sketches / by Bret Hart	Harte, Bret, 1836-1902.	hathifiles_title
OL6196425W	The were-wolf	Clemence Housman	1895	0	4	4	uc2.ark:/13960/t79s1w773|uc1.b3578834|coo1.ark:/13960/t0bv81f56	The were-wolf / by Clemence Housman ; with six illustrations	Housman, Clemence.	hathifiles_title
OL7134219W	Red Cloud, the solitary Sioux	Butler, William Francis	1882	0	6	6	uc2.ark:/13960/t0dv1nv4h|nyp.33433107874970|uc1.b3579146	Red Cloud, the solitary Sioux; a story of the Great Prairie.	Butler, William Francis, Sir, 1838-1910.	hathifiles_title
OL16601982W	The household of Sir Thos. More	Anne Manning	1901	0	3	3	uc2.ark:/13960/t72v2p15v|uc1.b3581524|wu.89100300557	The household of Sir Thos. More : with an introduction by th	Manning, Anne, 1807-1879.	hathifiles_title
OL32823336W	Tonda	Warren K. Moorehead	1904	0	3	3	hvd.hxdl7u|uc2.ark:/13960/t50g3j759|uc1.b3581581	Tonda; a story of the Sioux, by Warren K. Moorehead.	Moorehead, Warren K. 1866-1939	hathifiles_title
OL1795802W	The lost Pibroch, and other Sheiling stories	Neil Munro	1903	0	1	1	uc1.b3581597	The lost pibroch, and other sheiling stories.	Munro, Neil, 1864-1930.	hathifiles_title
OL485477W	The Man of the Forest	Zane Grey	1920	0	6	6	uc2.ark:/13960/t5fb4x73x|uc1.b3688192|hvd.32044080908650	The man of the forest / Zane Grey.	Grey, Zane, 1872-1939.	hathifiles_title
OL3045987W	Interim	Dorothy Miller Richardson	1919	0	16	0	uc1.b3760458|uc1.b3760459|uc1.b3760460	Interim		hathifiles_title
OL163697W	The woman who had imagination	H. E. Bates	1934	0	1	0	uc1.b3796814	The woman who had imagination : and other stories	Bates, H. E. 1905-1974.	hathifiles_title
OL8664803W	The overlanders	Birtles, Dora	1946	0	2	0	uc1.b3810764|inu.30000004352112	The overlanders : a novel / by Dora Birtles.	Birtles, Dora, 1904-	hathifiles_title
OL455625W	Tales, Sketches, and other papers	Nathaniel Hawthorne	1883	0	3	3	uc2.ark:/13960/t70v8bx70|uc1.b3863239|hvd.32044010441376	Tales, sketches, and other papers / by Nathaniel Hawthorne ;	Hawthorne, Nathaniel, 1804-1864.	hathifiles_title
OL2536260W	Twenty thousand streets under the sky	Hamilton, Patrick	1935	0	2	0	uc1.b3872919|uva.x001105808	Twenty thousand streets under the sky : a London trilogy / b	Hamilton, Patrick, 1904, March 17-1962.	hathifiles_title
OL2047669W	Simonetta Perkins	L. P. Hartley	1925	0	1	0	uc1.b3872937	Simonetta Perkins / by L. P. Hartley	Hartley, L. P. 1895-1972.	hathifiles_title
OL17308462W	The lamplighter	Maria S. Cummins	1892	0	12	11	uc1.b3908997|uc2.ark:/13960/t9862d880|coo1.ark:/13960/t9q24h18h	The lamplighter / by Maria S. Cummins.	Cummins, Maria S. 1827-1866.	hathifiles_title
OL19433194W	Victorian and Edwardian poets	W. H. Auden	1950	0	1	0	uc1.b3927773	Victorian and Edwardian poets : Tennyson to Yeats / [edited 	Auden, W. H. 1907-1973.	hathifiles_title
OL2380459W	The Black Gulf	Konstantin Paustovsky	1946	0	1	0	uc1.b3936670	The Black Gulf / by K. Paustovsky ; translated from the Russ	Paustovsky, Konstantin, 1892-1968.	hathifiles_title
OL240335W	English Fairy Tales	Joseph Jacobs	1890	0	3	2	hvd.32044024186231|umn.31951000912781g|iau.31858012930610	English fairy tales / collected by Joseph Jacobs. Illustrate	Jacobs, Joseph, 1854-1916	hathifiles_title
OL3490627W	The sowing of swords, or, The soul of the 'sixties	Elizabeth Avery Meriwether	1910	0	1	1	wu.89097999775	The sowing of swords, or, The soul of the 'sixties / by Hann	Meriwether, Elizabeth Avery, 1824-1917.	hathifiles_title
OL1296611W	Downfall	Zalman Shneour	1944	0	1	0	uc1.$b474063	Downfall / Zalman Shneour.	Shneour, Zalman, 1886-1959.	hathifiles_title
OL6699502W	The adventures of Odysseus	Marvin, Francis Sydney	1900	0	1	1	inu.30000041618392	The adventures of Odysseus / retold in English by F.S. Marvi	Marvin, Francis Sydney, 1863-1943.	hathifiles_title
OL15299477W	The pastoral loves of Daphnis and Chloe	Longus.	1934	0	2	0	inu.30000054442391|uc1.31158010941713	The pastoral loves of Daphnis and Chloe / done into English 	Longus.	hathifiles_title
OL15638749W	The pastoral loves of Daphnis and Chloe	Longus.	1934	0	2	0	inu.30000054442391|uc1.31158010941713	The pastoral loves of Daphnis and Chloe / done into English 	Longus.	hathifiles_title
OL17766059W	The octoroon	Braddon, M. E.	1900	0	2	2	inu.39000005544056|uc1.31175035208613	The octoroon / by M.E. Braddon.	Braddon, M. E. 1835-1915	hathifiles_title
OL159961W	Caravan	Smith, Eleanor Furneaux	1942	0	7	0	uiug.30112064229245|inu.30000108648803|inu.30000108648811	Caravan.		hathifiles_title
OL262496W	A Study in Scarlet	Doyle, Arthur Conan	1887	0	9	8	uva.x000179309|mdp.39015086851097|mdp.39015086848747	A study in scarlet ; The valley of fear / by A. Conan Doyle.	Doyle, Arthur Conan, 1859-1930	hathifiles_title
OL44261371W	A Study in scarlet	Doyle, Arthur Conan	1888	0	9	8	uva.x000179309|mdp.39015086851097|mdp.39015086848747	A study in scarlet ; The valley of fear / by A. Conan Doyle.	Doyle, Arthur Conan, 1859-1930	hathifiles_title
OL15841966W	The case of the Baker Street irregulars	Anthony Boucher	1940	0	1	0	mdp.39015050001257	The case of the Baker Street irregulars / by Anthony Boucher	Boucher, Anthony, 1911-1968.	hathifiles_title
OL19681879W	The Case of the Baker Street Irregulars	Anthony Boucher	1940	0	1	0	mdp.39015050001257	The case of the Baker Street irregulars / by Anthony Boucher	Boucher, Anthony, 1911-1968.	hathifiles_title
OL32874109W	Little journeys to the homes of English authors	Hubbard, Elbert	1899	0	17	17	uc1.aa0016202855|hvd.hw266j|uc1.31822038198966	Little journeys to the homes of English authors : William Mo	Hubbard, Elbert, 1856-1915.	hathifiles_title
OL43787664W	Tales of Sherlock Holmes	Doyle, Arthur Conan	1910	0	5	5	uva.x000179312|hvd.32044019087527|hvd.hwhs86	Tales of Sherlock Holmes / by Sir A. Conan Doyle.	Doyle, Arthur Conan, 1859-1930	hathifiles_title
OL22214043W	Tales of Sherlock Holmes	Doyle, Arthur Conan	1932	0	1	1	uva.x000179312	Tales of Sherlock Holmes / by Sir A. Conan Doyle.	Doyle, Arthur Conan, 1859-1930	hathifiles_title
OL33150351W	Tales of Sherlock Holmes	Doyle, Arthur Conan	1915	0	3	3	uva.x000179312|uc1.32106001934816|nyp.33433081858973	Tales of Sherlock Holmes / by Sir A. Conan Doyle.	Doyle, Arthur Conan, 1859-1930	hathifiles_title
OL7795218W	Methods for the examination of milk ; for chemists, physicians and hygienists	Paul Sommerfeld	1901	0	3	3	wu.89042090365|coo.31924001176480|coo1.ark:/13960/t4qj7zx08	Methods for the examination of milk; for chemists, physician	Sommerfeld, Paul.	hathifiles_title
OL98762W	Horses I've known	Will James	1929	0	1	0	wu.89092952837	Horses I've known / Will James ; illustrated by the author.	James, Will, 1892-1942.	hathifiles_title
OL17760322W	Black Beauty	Anna Sewell	1911	0	10	6	wu.89092951672|njp.32101025286947|mdp.39076002790348	Black Beauty : the autobiography of a horse / by Anna Sewell	Sewell, Anna, 1820-1878.	hathifiles_title
OL20155770W	Black Beauty	Anna Sewell	1905	0	16	12	wu.89092951672|uc2.ark:/13960/t2b853x3w|njp.32101025286947	Black Beauty : the autobiography of a horse / by Anna Sewell	Sewell, Anna, 1820-1878.	hathifiles_title
OL17768549W	Black Beauty	Anna Sewell	1897	0	23	19	wu.89092951672|uc2.ark:/13960/t2b853x3w|njp.32101025286947	Black Beauty : the autobiography of a horse / by Anna Sewell	Sewell, Anna, 1820-1878.	hathifiles_title
OL16049194W	Black Beauty	Anna Sewell	1915	0	9	5	wu.89092951672|njp.32101025286947|mdp.39076002790348	Black Beauty : the autobiography of a horse / by Anna Sewell	Sewell, Anna, 1820-1878.	hathifiles_title
OL32090725W	Our horses		1880	0	3	2	wu.89095327334|mmet.ark:/13960/t6b287728|mmet.ark:/13960/t9w09487c	Our horses / by Lionel Edwards.	Edwards, Lionel, 1878-1966.	hathifiles_title
OL7055852W	The lure of the kelpie	Helen Drever	1937	0	1	0	inu.39000005798983	The lure of the kelpie : fairy and folk tales of the Highlan	Drever, Helen.	hathifiles_title
OL2384808W	'Round the yule-log	Asbjørnsen, Peter Christen	1895	0	1	0	inu.39000005820282	Round the yule log : Norwegian folk and fairy tales / by P. 	Asbjørnsen, Peter Christen, 1812-1885.	hathifiles_title
OL44854578W	The snow image	Nathaniel Hawthorne	1900	0	3	3	pst.000043557097|osu.32435064715808|uva.x000211868	The snow image / by Nathaniel Hawthorne; with illustrations 	Hawthorne, Nathaniel, 1804-1864.	hathifiles_title
OL6831584W	Boone of the wilderness	Daniel Henderson	1921	0	2	2	pst.000005333899|nyp.33433076079668	Boone of the wilderness.	Henderson, Daniel, 1880-1955.	hathifiles_title
OL20923303W	The Turquoise	Anya Seton	1946	0	1	0	pst.000000547574	The turquoise.	Seton, Anya.	hathifiles_title
OL24713131W	The turquoise	Anya Seton	1946	0	1	0	pst.000000547574	The turquoise.	Seton, Anya.	hathifiles_title
OL17986304W	Red Cloud, the solitary Sioux	Butler, W. F.	1892	0	3	3	pst.000005485307|uva.x001131469|hvd.hn24f5	Red Cloud, the solitary Sioux : a story of the great prairie	Butler, William Francis, Sir, 1838-1910.	hathifiles_title
OL12858028W	Ethne	Louise Frances Story Field	1887	0	1	1	pst.000006375850	Ethne / being a truthful historie of the great and final set	Field, E. M., Mrs., b. 1856.	hathifiles_title
OL788035W	Collected stories	Mansfield, Katherine	1945	0	1	0	pst.000011159582	Collected stories.	Mansfield, Katherine, 1888-1923.	hathifiles_title
OL7766063W	The life and death of Cleopatra	[Aimery de Pierrebourg, Marguerite (Thomas-Galline)	1924	0	1	1	pst.000009885585	The life and death of Cleopatra / by Claude Ferval [pseud.] 	Aimery de Pierrebourg, Marguerite (Thoma	hathifiles_title
OL44770860W	Dead man's rock	Quiller-Couch, Arthur Thomas	1928	0	1	1	pst.000005315437	Dead man's rock : a romance.	Quiller-Couch, Arthur, 1863-1944.	hathifiles_title
OL44189573W	The Black dwarf ; and A legend of Montrose	Scott, Walter	1893	0	7	7	pst.000013772697|uiug.30112038175417|aeu.ark:/13960/t87h35r88	Black dwarf ; Old mortality. From the last rev. ed., contain	Scott, Walter, 1771-1832.	hathifiles_title
OL2799304W	That enchantress	Doris Leslie	1950	0	1	0	pst.000005418633	That enchantress.	Leslie, Doris.	hathifiles_title
OL2779741W	A town like Alice	Nevil Shute	1950	0	1	0	pst.000001408348	A town like Alice / by Nevil Shute [pseud.].	Shute, Nevil, 1899-1960.	hathifiles_title
OL2681015W	A Millionaire of Yesterday	E. Phillips Oppenheim	1906	0	2	2	pst.000005428762|umn.31951d027673241	A millionaire of yesterday / by E. Phillips Oppenheim.	Oppenheim, E. Phillips 1866-1946.	hathifiles_title
OL8125120W	The Emperor's candlesticks	Orczy, Emmuska Orczy	1908	0	1	0	pst.000005428885	The emperor's candlesticks / [by] Baroness Orczy ...	Orczy, Emmuska Orczy, Baroness, 1865-194	hathifiles_title
OL4790458W	Ordinary families	E. Arnot Robertson	1933	0	1	0	pst.000005339648	Ordinary families / by E. Arnot Robertson.	Robertson, E. Arnot 1903-1961.	hathifiles_title
OL15226532W	Carib queens	Charles E. Waterman	1935	0	2	2	pst.000005442492|txu.059173025246435	Carib queens / by Charles E. Waterman.	Waterman, Charles E. b. 1858.	hathifiles_title
OL43214078W	Drink to yesterday	Manning Coles	1941	0	2	0	pst.000005602322|osu.32435010404267	Drink to yesterday.	Coles, Manning.	hathifiles_title
OL20955661W	Now with the morning star	Thomas Kernan	1944	0	1	0	pst.000005616510	Now with the morning star.	Kernan, Thomas, 1903-1975	hathifiles_title
OL15392876W	The murderer is a fox	Ellery QUEEN	1945	0	1	0	pst.000000188890	The murderer is a fox / a novel by Ellery Queen.	Queen, Ellery.	hathifiles_title
OL7591348W	Bride of the rain god	T. A. Willard	1930	0	2	2	pst.000005711147|txu.059173025246366	Bride of the rain god : princess of Chichen-Itza, the sacred	Willard, T. A. 1862-1943.	hathifiles_title
OL3046244W	Irish short stories	George A. Birmingham	1932	0	1	0	pst.000017646925	Irish short stories / edited with an introduction by George 	Birmingham, George A., 1865-1950	hathifiles_title
OL1890178W	Murder must wait	Arthur William Upfield	1940	0	1	0	pst.000022972484	Murder must wait / by Arthur W. Upfield. The big ear, by Ste	Upfield, Arthur William, 1888-1964.	hathifiles_title
OL14857780W	The Ellery Queen omnibus	Ellery QUEEN	1930	0	4	2	pst.000015582225|osu.32435056831761|uva.x000762625	The Ellery Queen omnibus.	Queen, Ellery.	hathifiles_title
OL43146800W	The man that corrupted Hadleyburg	Mark Twain	1917	0	3	3	pst.000058388792|inu.39000001292254|uva.x004508565	The man that corrupted Hadleyburg : and other stories / by M	Twain, Mark, 1835-1910.	hathifiles_title
OL7579988W	Alice in Orchestralia	Ernest La Prade	1925	0	2	2	pst.000059707561|mdp.39076002521024	Alice in Orchestralia / by Ernest La Prade; foreword by Walt	La Prade, Ernest, 1889-1969.	hathifiles_title
OL17747078W	Tales of the Argonauts, and other sketches	Bret Harte	1903	0	3	3	pst.000059700517|hvd.hx59jy|uc2.ark:/13960/t52f7kf37	Tales of the Argonauts, and other sketches / by Bret Harte.	Harte, Bret, 1836-1902.	hathifiles_title
OL19772594W	He knew Lincoln	Ida M. Tarbell	1907	0	11	11	hvd.hx2wcs|pst.000059701842|loc.ark:/13960/t6n018d1w	He knew Lincoln / by Ida M. Tarbell	Tarbell, Ida M. 1857-1944	hathifiles_title
OL182657W	The animals of Farmer Jones	Leah Gale	1942	0	1	0	pst.000044977788	The animals of Farmer Jones / by Leah Gale ; pictures by Ric	Gale, Leah.	hathifiles_title
OL20153236W	East Goes West	Younghill Kang	1937	0	2	0	pst.000049260687|uc1.32106000245693	East goes West.	Kang, Younghill, 1903-1972.	hathifiles_title
OL23216461W	Don Quixote	Miguel de Cervantes Saavedra	1930	0	1	0	pst.000027621653	Don Quixote / Edited and abridged by Susan S. Sheridan.		hathifiles_title
OL43157758W	Don Quixote	Miguel de Cervantes Saavedra	1914	0	1	0	pst.000027621653	Don Quixote / Edited and abridged by Susan S. Sheridan.		hathifiles_title
OL39431998W	The son of Tarzan	Edgar Rice Burroughs	1917	0	3	3	pst.000030856387|mdp.39015088628642|osu.32435017963299	The son of Tarzan.	Burroughs, Edgar Rice, 1875-1950.	hathifiles_title
OL29265925W	Ashenden	W. Somerset Maugham	1947	0	1	0	pst.000021106644	Ashenden / W. Somerset Maugham.	Maugham, W. Somerset 1874-1965.	hathifiles_title
OL44783691W	Ashenden	W. Somerset Maugham	1936	0	1	0	pst.000021106644	Ashenden / W. Somerset Maugham.	Maugham, W. Somerset 1874-1965.	hathifiles_title
OL20643149W	Tales and Sketches	Nathaniel Hawthorne	1900	0	2	2	pst.000050317431|uc1.b5604917	Tales and sketches.	Hawthorne, Nathaniel, 1804-1864.	hathifiles_title
OL5203428W	Tales of terror	Boris Karloff	1943	0	1	0	pst.000027462249	Tales of terror / selected, with an introduction, by Boris K		hathifiles_title
OL1164756W	God's Little Acre	Caldwell, Erskine	1933	0	5	0	pst.000029583027|uc1.32106006284076|umn.319510016214628	God's little acre.	Caldwell, Erskine, 1903-1987	hathifiles_title
OL18852639W	Restoration and Augustan poets	W. H. Auden	1950	0	1	0	pst.000008632609	Restoration and Augustan poets : Milton to Goldsmith / edite	Auden, W. H. 1907-1973	hathifiles_title
OL6324162W	Old Yeller	Fred Gipson	1920	0	1	0	pst.000033445007	Old Yeller / by Fred Gipson.	Gipson, Fred, 1908-1973.	hathifiles_title
OL5362129W	The strong city	Taylor Caldwell	1942	0	1	0	pst.000019739649	The strong city.	Caldwell, Taylor, 1900-1985	hathifiles_title
OL32089746W	Rip Van Winkle and other sketches	Irving, Washington	1882	0	1	1	pst.000028448822	Rip Van Winkle, and other sketches / by Washington Irving; e	Irving, Washington, 1783-1859.	hathifiles_title
OL7898079W	One hundred world's best novels condensed	Edwin Atkins Grozier	1931	0	1	0	pst.000029279067	One hundred world's best novels condensed / edited by Edwin 		hathifiles_title
OL15962913W	Three famous murder novels	Cerf, Bennett	1945	0	1	0	pst.000029279036	Three famous murder novels : complete and unabridged / Selec		hathifiles_title
OL18330888W	Three Famous Murder Novels	Cerf, Bennett	1941	0	1	0	pst.000029279036	Three famous murder novels : complete and unabridged / Selec		hathifiles_title
OL11186975W	Hurrah for America	Alice Reese	1898	0	1	1	wu.89098004955	Hurrah for America : a tale of Welsh life / By Alice Reese.	Reese, Alice.	hathifiles_title
OL19544411W	Miss Minerva on the old plantation	Emma Speed Sampson	1923	0	1	1	wu.89098007404	Miss Minerva on the old plantation / by Emma Speed Sampson ;	Sampson, Emma Speed, 1868-1947.	hathifiles_title
OL18188568W	Fiction writers on fiction writing	Arthur Sullivant Hoffman	1923	0	1	1	uc1.32106006898701	Fiction writers on fiction writing; advice, opinions and a s	Hoffman, Arthur Sullivant, b. 1876.	hathifiles_title
OL286542W	Psmith Journalist	P. G. Wodehouse	1915	0	1	1	uc1.32106019071916	Psmith, journalist / by P. G. Wodehouse.	Wodehouse, P. G. 1881-1975.	hathifiles_title
OL115017W	The millennium	Upton Sinclair	1924	0	2	2	uc1.32106002145750|osu.32435009230343	The millennium; a comedy of the year 2000,	Sinclair, Upton, 1878-1968.	hathifiles_title
OL44821994W	The man in the iron mask	Dumas, Alexandre	1930	0	2	1	uc1.32106013262693|uva.x000233989	The man in the iron mask; with an introd. by Sidney Dark.	Dumas, Alexandre, 1802-1870.	hathifiles_title
OL44756764W	The man in the iron mask	Dumas, Alexandre	1900	0	3	2	uc1.32106013262693|pst.000017848619|uva.x000233989	The man in the iron mask; with an introd. by Sidney Dark.	Dumas, Alexandre, 1802-1870.	hathifiles_title
OL4754294W	Grim journey	Hoffman Birney	1934	0	1	0	uc1.32106015189126	Grim journey; the story of the adventures of the emigrating 	Birney, Hoffman, 1891-1958.	hathifiles_title
OL52195W	The food of the gods and how it came to earth	H. G. Wells	1900	0	2	2	uc1.32106001959946|chi.56942846	The food of the gods and how it came to earth,	Wells, H. G. 1866-1946.	hathifiles_title
OL76528W	Adventures of Richard Hannay	John Buchan	1919	0	1	1	uc1.32106001972410	Adventures of Richard Hannay.	Buchan, John, 1875-1940.	hathifiles_title
OL21170134W	Till we have faces	C. S. Lewis	1901	0	1	0	uc1.32106001997300	Till we have faces; a myth retold.	Lewis, C. S. 1898-1963.	hathifiles_title
OL39014566W	Bayou folk	Kate Chopin	1894	0	3	3	uc1.32106002063532|mdp.39015016768288|pst.000004758198	Bayou folk,	Chopin, Kate, 1851-1904.	hathifiles_title
OL7424557W	Cathedral in the sun	Fisher, Anne B.	1940	0	1	0	uc1.32106012927130	Cathedral in the Sun.	Fisher, Anne B. 1898-	hathifiles_title
OL14857743W	Twentieth century detective stories	Ellery QUEEN	1948	0	1	0	uc1.32106001692778	Twentieth century detective stories,	Queen, Ellery.	hathifiles_title
OL43662938W	Assignment in Brittany	Helen MacInnes	1943	0	2	0	mdp.39015048899499|uc1.32106001999520	Assignment in Brittany / by Helen MacInnes.	MacInnes, Helen, 1907-1985.	hathifiles_title
OL17500W	Black Heart and White Heart	H. Rider Haggard	1900	0	3	3	uiug.30112046416423|nyp.33433074850383|uc1.32106001937835	Black heart and white heart : and other stories / by H. Ride	Haggard, H. Rider 1856-1925.	hathifiles_title
OL276410W	The jolly corner	James, Henry	1918	0	2	2	uc2.ark:/13960/t7br8n23n|uc1.32106002073796	The jolly corner / by Henry James.	James, Henry, 1843-1916.	hathifiles_title
OL6607298W	The favourites of Louis XIV	Ernest Alfred Vizetelly	1912	0	1	1	uc1.32106000340726	The favourites of Louis XIV / by Le petit homme rouge [i.e. 	Vizetelly, Ernest Alfred, 1853-1922.	hathifiles_title
OL38665162W	The regent's daughter	Dumas, Alexandre	1894	0	9	9	hvd.hwjzfg|uc1.32106014888553|uva.x030742956	The regent's daughter.	Dumas, Alexandre, 1802-1870	hathifiles_title
OL16888405W	Sailors knots	W. W. Jacobs	1909	0	5	5	uc2.ark:/13960/t8rb73c60|nyp.33433105402782|uc1.32106001942413	Sailors' knots / with 12 illustrations by Will Owen.	Jacobs, W. W. 1863-1943.	hathifiles_title
OL42503790W	Collected short stories of E.M. Forster	E. M. Forster	1947	0	1	0	uc1.32106014703505	Collected short stories of E.M. Forster	Forster, E. M. 1879-1970	hathifiles_title
OL44390329W	Almayer's folly	Conrad, Joseph	1947	0	1	0	uc1.32106014381062	Almayer's folly : a story of an eastern river, and Tales of 	Conrad, Joseph, 1857-1924	hathifiles_title
OL34726252W	Jane Eyre	Brontë, Charlotte	1950	0	1	0	uc1.32106014547282	Jane Eyre / by Charlotte Brontë ; with wood engravings by F	Brontë, Charlotte, 1816-1855	hathifiles_title
OL13049709W	The king's arrow	H. A. Cody	1922	0	1	1	uc1.b2796044	The King's arrow : a tale of the United Empire loyalists / b	Cody, H. A. 1872-1948.	hathifiles_title
OL6058782W	The King's Arrow	H. A. Cody	1922	0	1	1	uc1.b2796044	The King's arrow : a tale of the United Empire loyalists / b	Cody, H. A. 1872-1948.	hathifiles_title
OL16739421W	Stories of the maple land		1898	0	2	2	uc2.ark:/13960/t9v123481|hvd.hnuu2y	Stories of the maple land : tales of the early days of Canad	Young, Katherine A.	hathifiles_title
OL19668737W	Son of the valley	Tunis, John Roberts	1949	0	1	0	umn.31951000891526w	Son of the valley / John R. Tunis.	Tunis, John Roberts, 1889-1975.	hathifiles_title
OL4223261W	Son of the valley	Tunis, John Roberts	1949	0	1	0	umn.31951000891526w	Son of the valley / John R. Tunis.	Tunis, John Roberts, 1889-1975.	hathifiles_title
OL43127159W	The camp at Westlands	Marjorie Hill Allee	1941	0	1	0	umn.31951000891669a	The camp at Westlands	Allee, Marjorie Hill, 1890-	hathifiles_title
OL2264989W	The amazing journey of David Ingram	Eric Philbrook Kelly	1949	0	1	0	umn.31951000782681s	The amazing journey of David Ingram;	Kelly, Eric Philbrook, 1884-1960.	hathifiles_title
OL79648W	There still are buffalo	Clark, Ann Nolan	1942	0	1	1	umn.31951d02953009l	There still are buffalo / by Ann Clark ; illustrated by Andr	Clark, Ann Nolan, 1896-1995.	hathifiles_title
OL194472W	Told under the Blue umbrella	Association for Childhood Education International. Literature Committee.	1933	0	1	0	umn.31951000781782r	Told under the blue umbrella; new stories for new children,	Association for Childhood Education Inte	hathifiles_title
OL44225413W	A tale of two kings	Saul Saphire	1935	0	1	1	inu.39000002780893	A tale of two kings; a modern novelization of the lives and 	Saphire, Saul, 1895-1974.	hathifiles_title
OL7757928W	... Victory	Léonie Aminoff	1925	0	7	7	wu.89066170929|uiug.30112088069031|uiug.30112088069015	Victory : Jackson County, Minnesota in the World War.		hathifiles_title
OL6918142W	Panuck, Eskimo sled dog	Fred Machetanz	1939	0	1	0	umn.31951000782869a	Panuck, Eskimo sled dog,	Machetanz, Frederick.	hathifiles_title
OL18514348W	Stories told for revenue only		1893	0	2	2	umn.31951002315845r|nyp.33433107645933	Stories told for revenue only / by St. Paul press club. Cont	St. Paul Press Club (Saint Paul, Minn.).	hathifiles_title
OL20542841W	Holiday	Wesley Dennis	1946	0	15	0	umn.319510007822753|osu.32435067114983|osu.32435067115378	Holiday;	Dennis, Wesley.	hathifiles_title
OL17990379W	St. Mawr, and The man who died	Lawrence, D. H.	1928	0	1	1	umn.31951p00185770m	St. Mawr, and The man who died.	Lawrence, D. H. 1885-1930	hathifiles_title
OL36973W	Egyptian tales	Petrie, W. M. Flinders	1913	0	1	1	umn.319510023343446	Egyptian tales : translated from the papyri, second series X	Petrie, W. M. Flinders Sir, 1853-1942.	hathifiles_title
OL44754882W	Oliver Twist	Charles Dickens	1950	0	2	0	pst.000022904386|pst.000030491588	Oliver Twist / by Charles Dickens ; adapted by Mabel Dodge H	Dickens, Charles, 1812-1870.	hathifiles_title
OL5299359W	The codfish musket	Agnes Danforth Hewes	1936	0	1	0	pst.000061263208	The codfish musket / by Agnes Danforth Hewes ; illustrated b	Hewes, Agnes Danforth.	hathifiles_title
OL7761221W	The torch bearers	Bernard G. Marshall	1923	0	1	0	pst.000022641786	Torch-bearers : the Woman's Christian Temperance Union of So		hathifiles_title
OL41061144W	Call of the Blood	Robert Smythe Hichens	1906	0	3	3	pst.000006678180|uva.x001309196|uva.x030765374	The call of the blood / by Robert Hichens.	Hichens, Robert Smythe, 1864-1950.	hathifiles_title
OL128228W	The Great Big Fire Engine Book	Tibor Gergely	1950	0	1	0	pst.000054326606	The great big fire engine book / pictures by Tibor Gergely.		hathifiles_title
OL3235627W	Snipp, Snapp, Snurr, and the big surprise	Maj Lindman	1937	0	2	1	pst.000033546438|umn.31951000957708d	Snipp, Snapp, Snurr, and the big surprise.	Lindman, Maj.	hathifiles_title
OL52188W	Floor games	H. G. Wells	1911	0	2	1	wu.89091073585|loc.ark:/13960/t18k85c89	"Floor games / a companion volume to ""Little Wars"". by H.G. W"	Wells, H. G. 1866-1946	hathifiles_title
OL21021573W	Bel-Ami	Guy de Maupassant	1924	0	5	3	inu.32000002753269|inu.32000001998733|uc1.31822023797590	Bel-Ami / Guy de Maupassant ; translated by Eric Sutton ; li	Maupassant, Guy de, 1850-1893.	hathifiles_title
OL42516882W	Waverley	Scott, Walter	1912	0	5	5	inu.30000041668876|uiug.30112042025707|hvd.32044051071777	Waverley / by Sir Walter Scott.	Scott, Walter, Sir, 1771-1832.	hathifiles_title
OL28615259W	Long Night	Stanley John Weymann	1903	0	5	5	inu.30000011866302|coo.31924013569557|coo.31924071142834	The long night / by Stanley Weyman.	Weyman, Stanley John, 1855-1928.	hathifiles_title
OL36629W	The parasites	Du Maurier, Daphne	1949	0	3	0	inu.32000002906495|osu.32435004035630|uva.x000178527	The parasites.	Du Maurier, Daphne, 1907-1989	hathifiles_title
OL4092658W	The Foundling	Georgette Heyer	1948	0	2	0	inu.30000007705985|uva.x000025870	The foundling.	Heyer, Georgette, 1902-1974.	hathifiles_title
OL1521819W	The story of little black Quasha	Helen Bannerman	1908	0	1	0	inu.30000005036201	The story of Little Black Quasha.	Bannerman, Helen, 1862-1946.	hathifiles_title
OL1521821W	The story of Little Black Mingo	Helen Bannerman	1900	0	2	1	inu.30000005036144|wau.39352059505156	The story of Little Black Mingo.	Bannerman, Helen, 1862-1946.	hathifiles_title
OL7665344W	A Place in the Sun	Frank E. Fenton	1942	0	1	0	inu.39000001140099	A Place in the sun : screenplay / by Michael Wilson and Harr		hathifiles_title
OL246968W	Valentino	Astor, William Waldorf Astor	1885	0	7	7	hvd.hwssd4|hvd.hwssd3|uc2.ark:/13960/t8kd1rh13	Valentino : an historical romance of the sixteenth century i	Astor, William Waldorf Astor, Viscount, 	hathifiles_title
OL17683118W	Miss Livingston's companion	Dillon, Mary	1911	0	3	3	hvd.hn1pxf|nyp.33433074810114|uc2.ark:/13960/t54f1n03k	Miss Livingston's companion; a love story of old New York, b	Dillon, Mary	hathifiles_title
OL2523230W	Doctor Huguet	Ignatius Donnelly	1891	0	3	3	coo1.ark:/13960/t06w9x50f|uc2.ark:/13960/t6pz5213x|uc1.a0005423140	Doctor Huguet; a novel, by Edmund Boisgilbert, M.D. (Ignatiu	Donnelly, Ignatius, 1831-1901.	hathifiles_title
OL7889098W	Tales from a dugout	Empey, Arthur Guy.	1918	0	3	3	uc2.ark:/13960/t8gf0np33|nyp.33433082486188|uc2.ark:/13960/t0vq2sr79	Tales from a dugout / by Arthur Guy Empey.	Empey, Arthur Guy, 1883-1963.	hathifiles_title
OL32872580W	Lady Lee	H. L. Ensign	1902	0	2	2	osu.32435017776634|uc2.ark:/13960/t3vt1hv2d	Lady Lee : and other animal stories / by Hermon Lee Ensign ;	Ensign, H. L. 1849-1899.	hathifiles_title
OL37518680W	Skiddoo!	George V. Hobart	1906	0	1	1	uc2.ark:/13960/t9z03073p	Skiddoo!	Hobart, George V. 1867-1926.	hathifiles_title
OL195483W	In defiance of the king	Chauncey C. Hotchkiss	1895	0	5	5	uva.x030795369|uc2.ark:/13960/t3vt1h083|nyp.33433112008721	In defiance of the king : a romance of the American Revoluti	Hotchkiss, Chauncey C. 1852-1920.	hathifiles_title
OL5175705W	Captain Zillner	Rudolf Jeremias Kreutz	1919	0	3	3	uc2.ark:/13960/t0pr7qv3k|uc2.ark:/13960/t4xg9hs8w|uc1.$b473424	Captain Zillner : a human document / by Rudolf Jeremias Kreu	Kreutz, Rudolf Jeremias, 1876-1949.	hathifiles_title
OL5175706W	Captain Zillner; a human document	Rudolf Jeremias Kreutz	1919	0	3	3	uc2.ark:/13960/t0pr7qv3k|uc2.ark:/13960/t4xg9hs8w|uc1.$b473424	Captain Zillner : a human document / by Rudolf Jeremias Kreu	Kreutz, Rudolf Jeremias, 1876-1949.	hathifiles_title
OL7711545W	Short stories of the new America, interpreting the America of this age to high school boys and girls	Laselle, Mary Augusta	1919	0	3	3	uc2.ark:/13960/t02z1331h|hvd.hx5eaq|nyp.33433082295274	Short stories of the new America, interpreting the America o	Laselle, Mary Augusta, 1860-	hathifiles_title
OL7877048W	A freelance in Kashmir	MacMunn, George Fletcher	1914	0	4	4	uc2.ark:/13960/t3kw5846r|uc1.a0006766265|uc2.ark:/13960/t9s17w66r	A freelance in Kashmir;	MacMunn, George Fletcher, 1869-	hathifiles_title
OL7783582W	Doom of Washakim	Thomas C. Rice	1899	0	3	3	uc2.ark:/13960/t8cf9k56g|osu.32435017957739|nyp.33433076048739	Doom of Washakim; a chapter in King Philip's war,	Rice, Thomas Cary.	hathifiles_title
OL7874834W	Doom of Washakim	Thomas Cary Rice	1899	0	3	3	uc2.ark:/13960/t8cf9k56g|osu.32435017957739|nyp.33433076048739	Doom of Washakim; a chapter in King Philip's war,	Rice, Thomas Cary.	hathifiles_title
OL7904254W	On the Spanish main	Herbert Strang	1907	0	1	1	uc2.ark:/13960/t8nc5tg2r	On the Spanish main,	Strang, Herbert, pseud.	hathifiles_title
OL4876067W	The Cid Campeador	Antonio de Trueba	1895	0	1	1	uc2.ark:/13960/t6nz81h05	The Cid Campeador;	Trueba, Antonio de, 1819-1889.	hathifiles_title
OL1799213W	Lyddy	Eugenia Jones Bacon	1898	0	3	3	uc2.ark:/13960/t7jq0tf91|uc1.a0013727821|nc01.ark:/13960/t6h13sw4p	Lyddy: a tale of the old South, by Eugenia J. Bacon.	Bacon, Eugenia Jones, Mrs., b. 1840.	hathifiles_title
OL17656516W	Oldfield	Nancy Huston Banks	1902	0	3	3	uc2.ark:/13960/t95718c2t|hvd.hn1nn2|nyp.33433074825658	Oldfield; a Kentucky tale of the last century, by Nancy Hust	Banks, Nancy Huston.	hathifiles_title
OL31882235W	When Boston braved the king	William Eleazar Barton	1899	0	3	3	hvd.hxdgzs|uc2.ark:/13960/t07w67b50|nnc1.0046234144	When Boston braved the king : a story of tea-party times / b	Barton, William E. 1861-1930.	hathifiles_title
OL2341682W	Walter Sherwood's Probation	Horatio Alger	1897	0	3	3	uc2.ark:/13960/t2h70896n|wu.89006163067|nyp.33433088677723	Walter Sherwood's probation; or, Cool head and warm heart, b	Alger, Horatio, 1832-1899.	hathifiles_title
OL16855756W	The guns of Europe	Joseph A. Altsheler	1915	0	2	2	uc2.ark:/13960/t5n873f8d|njp.32101063580086	The guns of Europe / by Joseph A. Altsheler.	Altsheler, Joseph A. 1862-1919.	hathifiles_title
OL32100770W	Hans Andersen's fairy tales	Hans Christian Andersen	1895	0	3	2	uc2.ark:/13960/t0rr1s95j|pst.000029364398|mdp.39015088642106	Hans Andersen's fairy tales / with ill. by W. Heath Robinson	Andersen, H. C. 1805-1875.	hathifiles_title
OL17687349W	Saved as by fire	Arthur, T. S.	1882	0	4	4	uc2.ark:/13960/t7qn5zx0c|hvd.32044088986732|osu.32435018583971	Saved as by fire : a story illustrating how one of nature's 	Arthur, T. S. 1809-1885.	hathifiles_title
OL20644500W	The tin soldier	Irene Temple Bailey	1921	0	2	2	uc2.ark:/13960/t8jd4r302|nyp.33433082485933	The tin soldier / by Temple Bailey ; illustrations by F. Vau	Bailey, Temple, 1860?-1953.	hathifiles_title
OL17997405W	The bridge of the gods	Frederic Homer Balch	1924	0	2	2	uc2.ark:/13960/t4gm82390|osu.32435004111332	The bridge of the gods : a romance of Indian Oregon / by F.H	Balch, Frederic Homer, 1861-1891.	hathifiles_title
OL28614114W	Auction Block	Beach, Rex	1914	0	4	4	hvd.hn6qda|nyp.33433074837299|uc2.ark:/13960/t9765b626	The auction block : a novel of New York life / by Rex Beach 	Beach, Rex, 1877-1949.	hathifiles_title
OL13795074W	An archer with Columbus	Charles E. [from old catalog] Brimblecom	1893	0	2	2	uc2.ark:/13960/t3cz32m2p|loc.ark:/13960/t57d38613	An archer with Columbus / by Charles E. Brimblecom.	Brimblecom, Charles E.	hathifiles_title
OL31891722W	In the boyhood of Lincoln	Hezekiah Butterworth	1892	0	8	8	uc2.ark:/13960/t8df6m219|uiuo.ark:/13960/t9h41s114|coo.31924032770350	In the boyhood of Lincoln; a tale of the Tunker schoolmaster	Butterworth, Hezekiah, 1839-1905.	hathifiles_title
OL16755820W	In the boyhood of Lincoln	Hezekiah Butterworth	1896	0	8	8	uc2.ark:/13960/t8df6m219|uiuo.ark:/13960/t9h41s114|coo.31924032770350	In the boyhood of Lincoln; a tale of the Tunker schoolmaster	Butterworth, Hezekiah, 1839-1905.	hathifiles_title
OL243969W	Lord Edward Fitzgerald	M. McDonnell Bodkin	1896	0	2	2	uc2.ark:/13960/t6ww78k1j|njp.32101066455260	Lord Edward Fitzgerald; a historical romance, with illus. by	Bodkin, M. McDonnell 1850-1933.	hathifiles_title
OL10470173W	The hero of Panama	F. S. Brereton	1912	0	1	1	uc2.ark:/13960/t7zk57t2s	The hero of Panama : a tale of the great canal / by F.S. Bre	Brereton, F. S. b. 1872.	hathifiles_title
OL10470178W	With the Dyaks of Borneo	F. S. Brereton	1905	0	2	2	uc2.ark:/13960/t0qr4qh6q|coo1.ark:/13960/t96690p50	With the Dyaks of Borneo : a tale of the head hunters / by C	Brereton, F. S. b. 1872.	hathifiles_title
OL17760430W	Rab and his friends	Brown, John	1894	0	6	6	uc2.ark:/13960/t44q7s65n|nyp.33433074930748|uiug.30112069191051	Rab and his friends / by John Brown.	Brown, John, 1810-1882.	hathifiles_title
OL17658268W	Rab and his friends	Brown, John	1909	0	2	2	uc2.ark:/13960/t44q7s65n|wu.89087906038	Rab and his friends / by John Brown.	Brown, John, 1810-1882.	hathifiles_title
OL2525163W	Drives and puts	Walter Camp	1899	0	2	2	umn.31951002041627o|uc2.ark:/13960/t2z31q23g	Drives and puts : a book of golf stories / by Walter Camp an	Camp, Walter, 1859-1925.	hathifiles_title
OL42872042W	Daughters of the revolution and their times, 1769-1776	Charles Carleton Coffin	1895	0	7	7	uc2.ark:/13960/t4dn4098k|hvd.hwqtu1|hvd.rsl1b6	Daughters of the revolution and their times, 1769-1776; a hi	Coffin, Charles Carleton, 1823-1896.	hathifiles_title
OL7902259W	Out where the world begins	Abe Cory	1921	0	2	2	uc2.ark:/13960/t2m61dc65|osu.32435018325928	Out where the world begins; a story of a far country, by Abe	Cory, Abram Edward, 1873-1952.	hathifiles_title
OL1799949W	Craque ... ... O'Doom	Mary Hartwell Catherwood	1881	0	2	2	uc2.ark:/13960/t11n7zx65|coo.31924022051373	Craque ... ... O'Doom / Mary Hartwell Catherwood.	Catherwood, Mary Hartwell, 1847-1902.	hathifiles_title
OL1617392W	Witch Winnie in Venice, and the alchemist's story	Elizabeth W. Champney	1897	0	1	1	uc2.ark:/13960/t79s1np4k	Witch Winnie in Venice and the alchemist's story / by Elizab	Champney, Elizabeth W. 1850-1922.	hathifiles_title
OL17762112W	The Enemy	George Randolph Chester	1915	0	5	5	uc2.ark:/13960/t1kh0gj7v|osu.32435018158337|nyp.33433074812029	The enemy.	Chester, George Randolph, 1869-1924.	hathifiles_title
OL213994W	Andersonville violets	Herbert W. Collingwood	1889	0	2	2	nc01.ark:/13960/t9669286x|uc2.ark:/13960/t72v2dr6f	Andersonville violets : a story of northern and southern lif	Collingwood, Herbert W. 1857-1927.	hathifiles_title
OL39430955W	The men who wrought	Ridgwell Cullum	1916	0	3	3	uva.x030748830|uc2.ark:/13960/t5k932s95|nyp.33433074954599	The men who wrought / by Ridgwell Cullum ...	Cullum, Ridgwell, 1867-	hathifiles_title
OL832097W	A wonder book of old romance	Darton, F. J. Harvey	1907	0	1	1	uc2.ark:/13960/t7zk5719v	A wonder book of old romance / by F.J. Harvey Darton ;  illu	Darton, F. J. Harvey	hathifiles_title
OL43865655W	Van Bibber, and others	Davis, Richard Harding	1920	0	6	6	uc2.ark:/13960/t2r49gk1v|hvd.hxdiv3|hvd.hxdivp	Van Bibber and others / by Richard Harding Davis ; with an i	Davis, Richard Harding, 1864-1916.	hathifiles_title
OL16731185W	Americans all	John Merritte Driver	1911	0	2	2	uc2.ark:/13960/t8sb3xq3r|hvd.hn3h1k	Americans all; a romance of the great war, by John Merritte 	Driver, J. M. 1858-1918.	hathifiles_title
OL10613868W	Ganton & Co	Arthur Jerome Eddy	1908	0	4	4	uc2.ark:/13960/t3513v634|hvd.32044011398245|hvd.32044105627673	Ganton & Co.; a story of Chicago commercial and social life,	Eddy, Arthur Jerome, 1859-1920.	hathifiles_title
OL37492312W	An ambitious woman	Edgar Fawcett	1883	0	3	3	uc2.ark:/13960/t96689760|njp.32101067643815|uva.x002650203	An ambitious woman; a novel, by Edgar Fawcett.	Fawcett, Edgar, 1847-1904.	hathifiles_title
OL43128636W	Captain Desmond, V.C.	Maud Diver	1907	0	3	3	uc2.ark:/13960/t9c53h90s|nyp.33433074968136|chi.14044909	Captain Desmond, V.C. / by Maud Diver.	Diver, Maud, 1867-1945.	hathifiles_title
OL34955938W	Desmond's daughter	Maud Diver	1916	0	1	1	uc2.ark:/13960/t1rf5n38b	Desmond's daughter / by Maud Diver.	Diver, Maud, 1867-1945.	hathifiles_title
OL11074909W	An Egyptian princess	Georg Ebers	1900	0	3	3	uc2.ark:/13960/t4xg9h302|njp.32101068763224|hvd.hn1ljf	An Egyptian princess / George Ebers.	Ebers, Georg, 1837-1898.	hathifiles_title
OL15994901W	Beulah	Augusta J. Evans	1900	0	2	2	uc2.ark:/13960/t86h4fk0j|hvd.hn1m3v	Beulah / by Augusta J. Evans.	Evans, Augusta J. 1835-1909.	hathifiles_title
OL39443366W	We and the world	Juliana Horatia Gatty Ewing	1887	0	8	8	uc1.l0070893532|uc2.ark:/13960/t95719x0f|umn.319510009271673	We and the world : a book for boys / by Juliana Horatia Ewin	Ewing, Juliana Horatia, 1841-1885.	hathifiles_title
OL19555341W	Stanford stories	Charles Kellogg Field	1913	0	2	2	hvd.32044019656842|uc2.ark:/13960/t11n7xz1s	Stanford stories : tales of a young university / by Charles 	Field, Charles K. 1873-	hathifiles_title
OL42572879W	Elsie and the Raymonds	Martha Finley	1890	0	1	1	uc2.ark:/13960/t7mp4w83h	Elsie and the Raymonds / by Martha Finley.	Finley, Martha, 1828-1909.	hathifiles_title
OL42572884W	Elsie yachting with the Raymonds	Martha Finley	1890	0	2	2	umn.31951000888746p|uc2.ark:/13960/t27941537	Elsie yachting with the Raymonds.	Finley, Martha, 1828-1909.	hathifiles_title
OL12415476W	Elsie's children	Martha Finley	1889	0	3	3	nc01.ark:/13960/t9281d64m|uc2.ark:/13960/t0qr4nv1z|uc1.aa0000332965	"Elsie's children : a sequel to ""Elsie's motherhood"" / by Mar"	Finley, Martha, 1828-1909.	hathifiles_title
OL39442962W	Elsie's friends at Woodburn	Martha Finley	1887	0	1	1	uc2.ark:/13960/t8cf9jx5f	Elsie's friends at Woodburn / by Martha Finley.	Finley, Martha, 1828-1909.	hathifiles_title
OL42572828W	Elsie's kith and kin	Martha Finley	1889	0	2	2	uc2.ark:/13960/t3gx45630|mdp.39076002648280	Elsie's kith and kin / by Martha Finley.	Finley, Martha, 1828-1909.	hathifiles_title
OL39489702W	Elsie's widowhood	Martha Finley	1880	0	4	4	uc2.ark:/13960/t9c53gh02|nyp.33433082530506|hvd.hn1f1r	"Elsie's widowhood : a sequel to ""Elsie's children"" / by Mart"	Finley, Martha, 1828-1909.	hathifiles_title
OL39446838W	Elsie's womanhood	Martha Finley	1890	0	2	2	uc2.ark:/13960/t2x34nn6j|uc1.aa0014804371	"Elsie's womanhood : a sequel to ""Elsie's girlhood"" / by Mart"	Finley, Martha, 1828-1909.	hathifiles_title
OL42571864W	Mildred's new daughter	Martha Finley	1896	0	2	2	uc2.ark:/13960/t59c6sj16|hvd.hn5hu3	Mildred's new daughter / by Martha Finley.	Finley, Martha, 1828-1909.	hathifiles_title
OL16901826W	The saint	Antonio Fogazzaro	1906	0	7	7	uc2.ark:/13960/t28914h34|uva.x002177917|wu.89005067186	The saint / by Antonio Fogazzaro ; tr. from the Italian by M	Fogazzaro, Antonio, 1842-1911.	hathifiles_title
OL39434859W	Peter Jackson, cigar merchant	Gilbert Frankau	1919	0	3	3	uc2.ark:/13960/t9z030x9j|osu.32435012440764|pst.000005406883	Peter Jackson, cigar merchant : a romance of married life / 	Frankau, Gilbert, 1884-1952.	hathifiles_title
OL1528643W	The second Dandy Chater	Tom Gallon	1900	0	2	2	uc2.ark:/13960/t5s758f17|umn.31951002129833m	The second Dandy Chater / by Tom Gallon.	Gallon, Tom, 1866-1914.	hathifiles_title
OL17960500W	The heart of a hero	Morice Gerard	1913	0	1	1	uc2.ark:/13960/t41r6qh1z	The heart of a hero / by Morice Gerard.	Gerard, Morice, 1856-1929.	hathifiles_title
OL255260W	The heart of a hero	Morice Gerard	1913	0	1	1	uc2.ark:/13960/t41r6qh1z	The heart of a hero / by Morice Gerard.	Gerard, Morice, 1856-1929.	hathifiles_title
OL15512546W	A wedding in war-time	Emory J. Haynes	1889	0	5	5	uc2.ark:/13960/t15m63j2g|nc01.ark:/13960/t7mp5nc0w|njp.32101073308270	A wedding in war-time / by Emory J. Haynes.	Haynes, Emory James, 1847-1914.	hathifiles_title
OL32873693W	Jack Harkaway and his son's adventures in China	Bracebridge Hemyng	1892	0	4	4	uva.x030825950|uc2.ark:/13960/t3rv0f58j|umn.31951000891348u	Jack Harkaway and his son's adventures in China / by Braceri	Hemyng, Bracebridge, 1841-1901.	hathifiles_title
OL32872969W	Jack Harkaway at Oxford	Bracebridge Hemyng	1880	0	1	1	uc2.ark:/13960/t7cr5pv03	Jack Harkaway at Oxford / by Bracebridge Hemyng.	Hemyng, Bracebridge, 1841-1901.	hathifiles_title
OL7714047W	Stair-building and the steel square	Hodgson, Frederick Thomas	1910	0	1	1	uc2.ark:/13960/t2s46j47x	Stair-building and The steel square; a manual of practical i	Hodgson, Fred. T. 1836-1919.	hathifiles_title
OL7587316W	The Passover	Howard, Clifford	1910	0	2	2	osu.32435017805649|uc2.ark:/13960/t5h991m76	The Passover : (an interpretation) / by Clifford Howard ..	Howard, Clifford, 1868-	hathifiles_title
OL16329464W	John Van Buren, politician		1905	0	2	2	uc2.ark:/13960/t4sj1rz2j|hvd.hn1hpe	John Van Buren, politician; a novel of to-day.		hathifiles_title
OL17684046W	Georgina's service stars	Annie F. Johnston	1920	0	2	2	uc2.ark:/13960/t56d5pq36|hvd.hwrbrh	Georgina's service stars / by Annie Fellows Johnston ; illus	Johnston, Annie F. 1863-1931.	hathifiles_title
OL2337282W	The iron game	Keenan, Henry F.	1891	0	5	5	uc2.ark:/13960/t6b27rb2f|uc2.ark:/13960/t7cr5q047|nc01.ark:/13960/t39z9z84k	The iron game : a story of interest to all / by Henry F. Kee	Keenan, Henry F. 1850-1928.	hathifiles_title
OL243181W	The Silver Maple	Marian Keith	1906	0	1	1	uc2.ark:/13960/t4cn70t9m	The silver maple : a story of upper Canada / by Marian Keith	Keith, Marian.	hathifiles_title
OL247882W	The Luck of the Mounted	Ralph S. Kendall	1920	0	3	3	osu.32435007943889|uc2.ark:/13960/t9w08zm3g|nyp.33433074871728	The luck of the Mounted : a tale of the Royal Northwest Moun	Kendall, Ralph Selwood, 1878-	hathifiles_title
OL3121007W	Lords of the North, fur traders--Northwest	Laut, Agnes C.	1900	0	1	1	uc2.ark:/13960/t8tb0zg2q	Lords of the North, fur traders--Northwest / by Agnes C. Lau	Laut, Agnes C. 1871-1936.	hathifiles_title
OL7717586W	Randvar the songsmith	Ottilie A. Liljencrantz	1906	0	3	3	hvd.hn3glc|uc2.ark:/13960/t4th8bw29|nyp.33433082299235	Randvar the songsmith : a romance of Norumbega / by Ottilie 	Liljencrantz, Ottilie A. 1876-1910.	hathifiles_title
OL32095839W	The Storm's gift		1889	0	2	2	uc2.ark:/13960/t9862c44v|nyp.33433043403058	The storm's gift / by C.E. Linton.	Linton, C. E. 1865?-1930.	hathifiles_title
OL8522603W	Letters from a self-made merchant to his son	Lorimer, George Horace	1901	0	13	13	uc2.ark:/13960/t77s7jg1v|hvd.hn7uqu|uva.x002150570	Letters from a self-made merchant to his son.	Lorimer, George Horace, 1868-1937.	hathifiles_title
OL32935068W	The vermilion box	Lucas, E. V.	1921	0	2	2	uc2.ark:/13960/t7hq3vq4f|uiug.30112049746081	The vermilion box.	Lucas, E. V. 1868-1938.	hathifiles_title
OL10856378W	The captain of the Janizaries	James Meeks Ludlow	1890	0	9	9	uc2.ark:/13960/t8kd1sx5t|hvd.hn1giw|uc2.ark:/13960/t1gh9cr4b	The captain of the Janizaries : a story of the times of Scan	Ludlow, James M. 1841-1932.	hathifiles_title
OL16847865W	The trail of the Grand Seigneur	Olin L. Lyman	1903	0	2	2	uc2.ark:/13960/t9f47jq5s|hvd.hn1j46	The trail of the Grand Seigneur / by Olin L. Lyman ; with co	Lyman, Olin L. b. 1873.	hathifiles_title
OL7892251W	Mark Everard	Magee, Knox.	1901	0	2	2	nyp.33433076025133|uc2.ark:/13960/t3707wx28	Mark Everard : a romance / by Knox Magee.	Magee, Knox.	hathifiles_title
OL248661W	Mark Everard	Knox Magee	1901	0	2	2	nyp.33433076025133|uc2.ark:/13960/t3707wx28	Mark Everard : a romance / by Knox Magee.	Magee, Knox.	hathifiles_title
OL3928270W	The little king	Charles Major	1910	0	1	1	uc2.ark:/13960/t41r6pw4x	The little king : a story of the childhood of Louis XIV, kin	Major, Charles, 1856-1913.	hathifiles_title
OL16768092W	An old London nosegay	Beatrice Marshall	1903	0	1	1	uc2.ark:/13960/t8rb6z48s	An old London nosegay : gathered from the daybook of Mistres	Marshall, Beatrice.	hathifiles_title
OL10330049W	Woodbourne	Mayo, Joseph	1884	0	4	4	uc2.ark:/13960/t0bv7b193|uc2.ark:/13960/t4sj1kb89|uc1.b3327152	Woodbourne : a novel of the Revolutionary period in Virginia	Mayo, Joseph.	hathifiles_title
OL8432755W	Cuddy's baby	Margaret Hill McCarter	1907	0	1	1	uc2.ark:/13960/t3zs2mt9j	Cuddy's baby : a story of Kansas folks / Margaret Hill McCar	McCarter, Margaret Hill, 1860-1938.	hathifiles_title
OL7897586W	Blue Eye	F. G. Mock	1905	0	5	5	uc2.ark:/13960/t3jw86z8g|hvd.hxdmtn|uc2.ark:/13960/t6m041q87	Blue Eye; a story of the people of the plains, by Ogal Alla 	Mock, Fred G., b. 1861.	hathifiles_title
OL33307672W	Beyond the palaeocrystic sea; or, The legend of Halfjord	A. S. Morton	1895	0	2	2	uc2.ark:/13960/t5z60cg4p|umn.31951002096292a	Beyond the palaeocrystic sea; or, The legend of Halfjord, by	Morton, A. S.	hathifiles_title
OL16875681W	The minister of police	Henry Mountjoy	1912	0	2	2	uc2.ark:/13960/t8x923m2h|hvd.hn3glz	The minister of police / by Henry Mountjoy ; illustrated by 	Mountjoy, Henry.	hathifiles_title
OL32089786W	Canoemates	Munroe, Kirk	1893	0	2	2	uc2.ark:/13960/t4cn6zs9c|hvd.hn1ji7	Canoemates; a story of the Florida Reef and Everglades, by K	Munroe, Kirk, 1850-1930.	hathifiles_title
OL22309365W	Taken by the enemy	Optic, Oliver	1889	0	5	5	nc01.ark:/13960/t1mg8rb41|uc2.ark:/13960/t6445j08f|nyp.33433082529656	Taken by the enemy / by Oliver Optic ; with illustrations.	Optic, Oliver, 1822-1897.	hathifiles_title
OL7896101W	Under golden skies, or, In the new Eldorado	Osborne, D. C.	1898	0	3	3	nc01.ark:/13960/t6m044g1z|uc2.ark:/13960/t19k4608k|nyp.33433075752844	Under golden skies, or, In the new Eldorado : a story of sou	Osborne, D. C., Mrs.	hathifiles_title
OL77756W	Rainbow Valley	L. M. Montgomery	1919	0	1	1	uc2.ark:/13960/t49p2xz21	Rainbow valley / by L.M. Montgomery.	Montgomery, L. M. 1874-1942.	hathifiles_title
OL142236W	The footprint, and other stories	Morris, Gouverneur	1919	0	2	2	uc2.ark:/13960/t0ks6j472|hvd.hn5pba	The footprint, and other stories / by Gouverneur Morris.	Morris, Gouverneur, 1876-1953.	hathifiles_title
OL16764574W	Mr. Sweet Potatoes		1899	0	1	1	uc2.ark:/13960/t4cn70j0p	Mr. Sweet Potatoes : and other stories.		hathifiles_title
OL31980478W	At war with Pontiac; or, The totem of the bear	Munroe, Kirk	1896	0	2	2	uc2.ark:/13960/t3fx75s3f|uva.x030826110	At war with Pontiac : or, The totem of the bear; a tale of r	Munroe, Kirk, 1850-1930.	hathifiles_title
OL17716775W	Our homes	Mary Dwinell Chellis	1881	0	2	2	uc2.ark:/13960/t0tq5rh44|uc1.a0013476288	Our homes : their cares and duties, joys and sorrows / edite		hathifiles_title
OL38756448W	The garden of swords	Max Pemberton	1899	0	7	7	uc2.ark:/13960/t95719v8d|hvd.hn3h3v|nyp.33433075766125	The garden of swords / by Max Pemberton.	Pemberton, Max, Sir, 1863-1950.	hathifiles_title
OL33310233W	The shadow on the sea	Pemberton, Max	1907	0	2	2	uc2.ark:/13960/t2b85505k|hvd.hn1gfa	The shadow on the sea; a tale of strange happenings.	Pemberton, Max, Sir, 1863-1950.	hathifiles_title
OL16775351W	Ponce de Leon		1910	0	6	6	txu.059173025247165|uc2.ark:/13960/t7zk57p4z|uc2.ark:/13960/t88g8vf3z	Ponce de Leon; the rise of the Argentine Republic. By an est		hathifiles_title
OL16288131W	Ponce de Leon	William Pilling	1910	0	6	6	txu.059173025247165|uc2.ark:/13960/t7zk57p4z|uc2.ark:/13960/t88g8vf3z	Ponce de Leon; the rise of the Argentine Republic. By an est		hathifiles_title
OL10420127W	The Willoughby captains	Talbot Baines Reed	1895	0	1	1	uc2.ark:/13960/t6d21t32g	The Willoughby captains / Talbot Baines Reed.	Reed, Talbot Baines, 1852-1893.	hathifiles_title
OL11079768W	Mr. Durant of Salt Lake City	Benjamin E Rich	1893	0	5	5	uc2.ark:/13960/t26970b1x|osu.32435018538439|uc2.ark:/13960/t25b01r8g	"Mr. Durant of Salt Lake City : ""that Mormon"" / by Ben E. Ric"	Rich, Ben. E. 1855-1913.	hathifiles_title
OL36531498W	Uncle Lisha's shop	Rowland Evans Robinson	1914	0	2	2	uc2.ark:/13960/t70v8b31b|uiug.30112111042351	Uncle Lisha's shop : life in a corner of Yankeeland / by Row	Robinson, Rowland Evans, 1833-1900.	hathifiles_title
OL12199170W	The Carolinians	Annie L. Sloan	1904	0	2	2	osu.32435017782434|uc2.ark:/13960/t2z31pm75	The Carolinians : an old-fashioned love story of stirring ti	Sloan, Annie L. 1861-	hathifiles_title
OL2361184W	Dad in politics and other stories	Steele Rudd	1908	0	1	1	uc2.ark:/13960/t13n22s89	Dad in politics and other stories / by Steel Rudd [A. H. Dav	Rudd, Steele, 1868-1935.	hathifiles_title
OL43938567W	Mary Magdalen	Edgar Saltus	1896	0	2	2	uc2.ark:/13960/t92806q6f|uc1.31822003505682	Mary Magdalen; a chronicle, by Edgar Saltus.	Saltus, Edgar, 1855-1921.	hathifiles_title
OL17961376W	Princess Sukey	Saunders, Marshall	1905	0	2	2	uc2.ark:/13960/t5p845r9x|nyp.33433082284518	Princess Sukey : the story of a pigeon and her human friends	Saunders, Marshall, 1861-1947.	hathifiles_title
OL43729166W	Count Robert of Paris	Scott, Walter	1880	0	16	16	uc2.ark:/13960/t5q817r7z|uc2.ark:/13960/t72v2fs4b|coo1.ark:/13960/t9t15kc5b	Count Robert of Paris / by Sir Walter Scott.	Scott, Walter, Sir, 1771-1832.	hathifiles_title
OL1500839W	Stories from my attic	Scudder, Horace Elisha	1884	0	2	2	uc2.ark:/13960/t3st7gn00|loc.ark:/13960/t6446j900	"Stories from my attic / by the author of ""Dream-children"" an"	Scudder, Horace Elisha, 1838-1902.	hathifiles_title
OL2338832W	The pot of gold	Edward R. Shaw	1888	0	1	1	uc2.ark:/13960/t84j0bm5c	The pot of gold : and other poems / by Amelie Shaw.	Shaw, Amelie.	hathifiles_title
OL996418W	A gentleman vagabond	Francis Hopkinson Smith	1897	0	4	4	uc2.ark:/13960/t4wh2fw3c|hvd.hx5sja|hvd.hn1ffv	A gentleman vagabond : and some others / by F. Hopkinson Smi	Smith, Francis Hopkinson, 1838-1915.	hathifiles_title
OL4516524W	The exploits of Juve	Pierre Souvestre	1916	0	1	1	uc2.ark:/13960/t0000197m	The exploits of Juve; being the second of the series of the 	Souvestre, Pierre, 1874-1914.	hathifiles_title
OL34655818W	Philip Winwood	Robert Neilson Stephens	1900	0	8	8	uc2.ark:/13960/t73t9ds13|uc2.ark:/13960/t3bz61m9g|hvd.hnl32g	Philip Winwood : a sketch of the domestic history of an Amer	Stephens, Robert Neilson, 1867-1906.	hathifiles_title
OL13139964W	Mistress Brent: A Story of Lord Baltimore's Colony in 1638	Lucy Meacham Thruston	1901	0	3	3	uc2.ark:/13960/t0ms3kw42|hvd.rsl2aj|nyp.33433076092901	Mistress Brent; a story of Lord Baltimore's colony in 1638, 	Thruston, Lucy Meacham (Kidd), Mrs., 186	hathifiles_title
OL33431992W	Frank Merriwell's brother, or, The greatest triumph of all	Burt L. Standish	1901	0	1	1	uc2.ark:/13960/t9q23rp6k	Frank Merriwell's brother, or, The greatest triumph of all /	Standish, Burt L., 1866-1945.	hathifiles_title
OL33431790W	Frank Merriwell's champions	Burt L. Standish	1904	0	2	2	uc2.ark:/13960/t7mp4xd46|mdp.39076002700354	Frank Merriwell's champions / by Burt L. Standish.	Standish, Burt L., 1866-1945.	hathifiles_title
OL33431983W	Frank Merriwell's hunting tour	Burt L. Standish	1903	0	1	1	uc2.ark:/13960/t3gx45490	Frank Merriwell's hunting tour / by Burt L. Standish [i.e. G	Standish, Burt L., 1866-1945.	hathifiles_title
OL32089242W	Chumley's post	William O. Stoddard	1897	0	3	3	uc2.ark:/13960/t5j962461|uc1.b3331878|hvd.hn1rih	Chumley's post : a story of the pawnee trail / by William O.	Stoddard, William Osborn, 1835-1925.	hathifiles_title
OL7588609W	Thankful Rest	Annie S. Swan	1881	0	1	1	uc2.ark:/13960/t53f4nm20	Thankful rest : a tale / by Annie S. Swan.	Swan, Annie S., 1859-1943.	hathifiles_title
OL6672130W	Rose Cottingham	Syrett, Netta.	1916	0	3	3	uc2.ark:/13960/t6f18vf3g|uiug.30112041834174|nyp.33433075753412	Rose Cottingham : a novel / Syrett Netta.	Syrett, Netta.	hathifiles_title
OL16333632W	Too many women	Duncan Schwann	1910	0	1	1	uc2.ark:/13960/t8mc8v59b	Too many women : a bachelor's story.		hathifiles_title
OL15676042W	The bar-sinister	Jeannette H. Walworth	1885	0	1	1	uc2.ark:/13960/t86h4fh2m	The bar-sinister; a social study ...	Walworth, Jeannette Ritchie Hadermann, 1	hathifiles_title
OL22223519W	Ah Moy	Lu Wheat	1908	0	3	3	coo1.ark:/13960/t84j12q1v|nyp.33433075964001|uc2.ark:/13960/t16m33f3s	Ah Moy : the story of a Chinese girl / by Lu Wheat ; illustr	Wheat, Lu, Mrs.	hathifiles_title
OL1518038W	The Man Who Knew	Edgar Wallace	1918	0	3	3	uc2.ark:/13960/t0ft8g492|nyp.33433075755409|hvd.hnnz8w	The man who knew / by Edgar Wallace.	Wallace, Edgar, 1875-1932.	hathifiles_title
OL18001572W	The prince of India	Lewis Wallace	1893	0	4	4	uc2.ark:/13960/t2k64b175|wu.89010450328|uc2.ark:/13960/t9f47kp3s	The prince of India; or, why Constantinople fell, by Lew Wal	Wallace, Lew, 1827-1905.	hathifiles_title
OL39812354W	Dorothy the Puritan	Augusta Campbell Watson	1893	0	4	4	uc2.ark:/13960/t0zp3w281|coo1.ark:/13960/t62525w5p|nyp.33433076073539	Dorothy the puritan; the story of strange delusion.	Watson, Augusta Campbell, b. 1862.	hathifiles_title
OL17686885W	The shadow of Hilton Fernbrook	Atha Westbury	1896	0	2	2	uc2.ark:/13960/t1gh9dk6g|pst.000006722654	The shadow of Hilton Fernbrook : love versus hypnotism : a l	Westbury, Atha.	hathifiles_title
OL32089789W	"Grandma's stories and anecdotes of ""ye olden times"""	Mary Xavier	1899	0	1	1	uc2.ark:/13960/t9d50hq67	"Grandma's stories and anecdotes of ""Ye olden times"" : incide"	X., S. M.	hathifiles_title
OL21088474W	Hungry Hearts	Anzia Yezierska	1920	0	3	3	uc2.ark:/13960/t9m32pv1m|uc1.aa0011442274|iau.31858006817492	Hungry hearts / by Anzia Yezierska.	Yezierska, Anzia, 1880?-1970.	hathifiles_title
OL10420910W	The clever woman of the family	Yonge, Charlotte Mary	1881	0	2	2	njp.32101007619032|uc2.ark:/13960/t12n5126b	The clever woman of the family.	Yonge, Charlotte M. 1823-1901.	hathifiles_title
OL3581432W	Tom Swift and His Giant Cannon	Victor Appleton	1913	0	2	2	uc2.ark:/13960/t01z4284m|mdp.39076002271844	Tom Swift and his giant cannon : or, The longest shots on re	Appleton, Victor.	hathifiles_title
OL13124929W	Tom Swift and His War Tank: Or, Doing His Bit for Uncle Sam	Victor Appleton	1918	0	3	3	uc2.ark:/13960/t2891205j|hvd.hn5iaa|nyp.33433082526181	Tom Swift and his war tank : or, Doing his bit for Uncle Sam	Appleton, Victor.	hathifiles_title
OL139828W	Action Front	Boyd Cable	1916	0	2	2	uc2.ark:/13960/t7np20046|loc.ark:/13960/t11n8kw71	Action front / by Boyd Cable.	Cable, Boyd, 1878-1943.	hathifiles_title
OL1617351W	Howling Wolf and his trick-pony	Elizabeth W. Champney	1888	0	2	2	uc2.ark:/13960/t2h70b09w|uc1.a0006054670	Howling Wolf and his trick-pony / by Mrs. Lizzie W. Champney	Champney, Elizabeth W. 1850-1922.	hathifiles_title
OL2339042W	Tales of our coast	S. R. Crockett	1896	0	5	5	uc2.ark:/13960/t0zp3wc3n|hvd.hn1i1x|uc2.ark:/13960/t8mc8sk6f	Tales of our coast / by S. R. Crockett, [et,al.].	Crockett, S. R. 1860-1914.	hathifiles_title
OL16202212W	Jock of the bushveld	Fitzpatrick, James Percy	1911	0	2	1	uc2.ark:/13960/t75t3j897|uva.x004172669	Jock of the bushveld / by Sir Percy Fitzpatrick ; illustrate	Fitzpatrick, James Percy, Si, 1862-1931.	hathifiles_title
OL99487W	Black Sheep's gold	Beatrice Ethel Grimshaw	1920	0	1	1	uc2.ark:/13960/t11n81157	Black Sheep's gold / by Beatrice Grimshaw.	Grimshaw, Beatrice Ethel.	hathifiles_title
OL254848W	The crimson conquest	Charles Bradford Hudson	1907	0	2	2	hvd.hw2bzz|uc2.ark:/13960/t0wp9td1z	The crimson conquest; a romance of Pizarro and Peru, by Char	Hudson, Charles Bradford.	hathifiles_title
OL1798947W	The Silent House	Fergus Hume	1907	0	2	2	uc2.ark:/13960/t0ks6m143|njp.32101063580581	The silent house / by Fergus Hume.	Hume, Fergus, 1859-1932.	hathifiles_title
OL16329974W	Little pilgrims at Plymouth	Frances A. Humphrey	1890	0	2	2	uc2.ark:/13960/t4rj4bz89|uiug.30112002858956	Little pilgrims at Plymouth / by Frances A. Humphrey.	Humphrey, Frances A.	hathifiles_title
OL749598W	By order of the company	Johnston, Mary	1900	0	3	3	uc2.ark:/13960/t8x922744|uiug.30112000897972|hvd.hn5lf8	By order of the company / by Mary Johnston.	Johnston, Mary, 1870-1936.	hathifiles_title
OL16756192W	In the land of the golden plume	David Lawson Johnstone	1894	0	1	1	uc2.ark:/13960/t3pv6bz88	In the land of the golden plume : a tale of adventure / by D	Johnstone, David Lawson.	hathifiles_title
OL39455895W	Alton Locke ...	Charles Kingsley	1898	0	9	9	uc2.ark:/13960/t87h1h91f|uiug.30112047664666|uiug.30112048444670	Alton Locke : tailor and poet ; an autobiography / by Charle	Kingsley, Charles, 1819-1875.	hathifiles_title
OL32093780W	Sintram and his companions	La Motte-Fouqué, Friedrich Heinrich Karl	1883	0	3	3	uc2.ark:/13960/t4vh5g41s|njp.32101066909068|nc01.ark:/13960/t42r4xx8r	Sintram and his companions / by De La Motte Fouqué ; a new 	La Motte-Fouqué, Friedrich Heinrich Kar	hathifiles_title
OL7598751W	Mary Powell & Deborah's diary	Anne Manning	1908	0	2	2	uc2.ark:/13960/t5gb21g0d|njp.32101065863720	Mary Powell & Deborah's diary.	Manning, Anne, 1807-1879.	hathifiles_title
OL1795799W	Erchie, My Droll Friend	Neil Munro	1904	0	1	1	uc2.ark:/13960/t7mp4zj9t	Erchie, my droll friend / by Hugh Foulis [i.e. N. Munro]	Munro, Neil, 1864-1930.	hathifiles_title
OL15352851W	The boys of 1745 at the capture of Louisbourg	Otis, James	1895	0	2	2	uc2.ark:/13960/t5q817035|hvd.hw2du4	The boys of 1745 at the capture of Louisbourg / by James Oti	Otis, James, 1848-1912.	hathifiles_title
OL2107257W	Bransford of Rainbow Range	Eugene Manlove Rhodes	1920	0	1	1	uc2.ark:/13960/t6c24r785	Bransford of Rainbow Range / by Eugene Manlove Rhodes ; fron	Rhodes, Eugene Manlove, 1869-1934.	hathifiles_title
OL247766W	The adventures of Louis de Rougemont	Louis de Rougemont	1899	0	1	1	uc2.ark:/13960/t07w69q48	The adventures of Louis de Rougemont / as told by himself ; 	Rougemont, Louis de, 1847-1921.	hathifiles_title
OL195695W	An Island Heroine	Mary Breck Sleight	1898	0	2	2	hvd.hx5slx|uc2.ark:/13960/t13n20j5w	An island heroine; the story of a daughter of the Revolution	Sleight, Mary B.	hathifiles_title
OL22068672W	In the permanent way	Flora Annie Webster Steel	1897	0	4	4	uc2.ark:/13960/t3gx4772s|chi.75342937|uc2.ark:/13960/t3kw5h366	In the permanent way : and other stories / by Flora Annie St	Steel, Flora Annie Webster, 1847-1929.	hathifiles_title
OL220890W	Mary, the queen of the House of David and mother of Jesus	Walsh, A. Stewart (Alexander Stewart), 1841-1918	1889	0	3	3	uc2.ark:/13960/t77s7jb6g|uiug.30112001322897|uiug.30112001322905	Mary, the queen of the house of David, and the mother of Jes	Walsh, A. Stewart 1841-1918.	hathifiles_title
OL15354214W	Mary, the queen of the House of David and mother of Jesus	A. Stewart Walsh	1888	0	3	3	uc2.ark:/13960/t77s7jb6g|uiug.30112001322897|uiug.30112001322905	Mary, the queen of the house of David, and the mother of Jes	Walsh, A. Stewart 1841-1918.	hathifiles_title
OL16855908W	On the blockade	Optic, Oliver	1893	0	8	8	uc2.ark:/13960/t7tm73f8z|hvd.hn1qsu|coo1.ark:/13960/t6n01qg15	On the blockade / by Oliver Optic [i.e. W. T. Adams].	Optic, Oliver, 1822-1897.	hathifiles_title
OL22075137W	On the blockade	Optic, Oliver	1891	0	8	8	uc2.ark:/13960/t7tm73f8z|hvd.hn1qsu|coo1.ark:/13960/t6n01qg15	On the blockade / by Oliver Optic [i.e. W. T. Adams].	Optic, Oliver, 1822-1897.	hathifiles_title
OL1528705W	The spy company	Archibald Clavering Gunter	1902	0	3	3	osu.32435017038621|uc2.ark:/13960/t9t14vh71|msu.31293500313030	The spy company; a story of the Mexican war, by Archibald Cl	Gunter, Archibald Clavering, 1847-1907.	hathifiles_title
OL276451W	The Altar of the Dead	James, Henry	1915	0	3	3	uc2.ark:/13960/t7rn30x29|uva.x000023158|umn.31951002045607a	The altar of the dead : The beast in the jungle; The birthpl	James, Henry, 1843-1916.	hathifiles_title
OL3685260W	Jack Derringer	Basil Lubbock	1906	0	2	2	uc2.ark:/13960/t5w669w0z|osu.32435008725947	Jack Derringer : a tale of deep water / by Basil Lubbock.	Lubbock, Basil, 1876-1944.	hathifiles_title
OL17960068W	The maiden & married life of Mary Powell (afterwards Mistress Milton)	Anne Manning	1898	0	2	2	uc2.ark:/13960/t1jh3hh7n|nyp.33433074895545	The maiden & married life of Mary Powell, afterwards Mistres	Manning, Anne, 1807-1879.	hathifiles_title
OL38512666W	Boscobel	Ainsworth, William Harrison	1890	0	3	3	uc2.ark:/13960/t2z31t138|uc1.aa0006067797|uc2.ark:/13960/t8v985258	Boscobel; or, The royal oak.	Ainsworth, William Harrison, 1805-1882.	hathifiles_title
OL32089704W	Sweetheart travellers	S. R. Crockett	1895	0	2	2	uc2.ark:/13960/t6nz8539s|njp.32101063606774	Sweetheart travellers : a child's book for children, for wom	Crockett, S. R. 1860-1914.	hathifiles_title
OL11074913W	The emperor	Georg Ebers	1881	0	11	11	uc2.ark:/13960/t1xd0tq4v|hvd.hwdrqe|hvd.hwdrqd	The emperor : a romance / by Georg Ebers ; [translated] from	Ebers, Georg, 1837-1898.	hathifiles_title
OL35386803W	Impressions of Theophrastus Such	George Eliot	1908	0	1	1	uc2.ark:/13960/t3pv6f93k	Impressions of Theophrastus Such : miscellaneous essays / Ge	Eliot, George, 1819-1880.	hathifiles_title
OL39451959W	The boss of Taroomba	E. W. Hornung	1894	0	4	4	uc2.ark:/13960/t9474d92d|wu.89005052121|coo.31924013627025	The boss of Taroomba.	Hornung, E. W. 1866-1921.	hathifiles_title
OL31434608W	Simon Called Peter	Robert Keable	1921	0	5	5	uc2.ark:/13960/t9g44qd6g|chi.36004896|nyp.33433074871348	Simon called Peter / Robert Keable.	Keable, Robert, 1887-1927.	hathifiles_title
OL36069523W	Sowers	Henry Seton Merriman	1897	0	6	6	uc2.ark:/13960/t3kw5dj4t|hvd.hwp3n7|nyp.33433112050517	The sowers; a novel, by Henry Seton Merriman [pseud.] ...	Merriman, Henry Seton, 1862-1903.	hathifiles_title
OL20958358W	Rabbi Saunderson	Ian Maclaren	1898	0	2	2	uc2.ark:/13960/t1ng4n10m|uc1.aa0003688819	Rabbi Saunderson / by Ian Maclaren ; with twelve illustratio	Maclaren, Ian, 1850-1907.	hathifiles_title
OL15865137W	Mr. Midshipman Easy	Frederick Marryat	1917	0	2	2	uc2.ark:/13960/t2g73cw5v|mdp.39015088626331	Mr. Midshipman Easy.	Marryat, Frederick, 1792-1848.	hathifiles_title
OL17659254W	Effie Ogilvie	Margaret Oliphant	1886	0	4	4	uc2.ark:/13960/t86h4jx3q|uc2.ark:/13960/t6m04fp1c|osu.32435021103569	Effie Ogilvie: the story of a young life / by Mrs. Oliphant.	Oliphant, Mrs. 1828-1897.	hathifiles_title
OL17655595W	Sketches and travels in London	Thackeray, William Makepeace	1883	0	1	1	uc2.ark:/13960/t8z898d11	Sketches and travels in London; Notes of a journey from Corn	Thackeray, William Makepeace, 1811-1863.	hathifiles_title
OL150779W	Pastorals of Dorset	M. E. Francis	1901	0	3	3	uc2.ark:/13960/t3jw8b51f|hvd.hn5btk|nyp.33433074929823	Pastorals of Dorset / by M. E. Francis (Mrs. Francis Blundel	Francis, M. E., d. 1930.	hathifiles_title
OL15011597W	How Canada was won	F. S. Brereton	1908	0	1	1	uc2.ark:/13960/t7cr5rs1h	How Canada was won : a tale of Wolfe and Quebec / by Captain	Brereton, F. S. b. 1872.	hathifiles_title
OL17602386W	Each and all	Jane] [Andrews	1896	0	6	6	uc2.ark:/13960/t0zp42q04|uc1.aa0004801106|nyp.33433082524533	"Each and all : a companion to ""The seven little sisters who "	Andrews, Jane, 1833-1887.	hathifiles_title
OL15232703W	The Hispaniola plate (1683-1893)	Bloundelle-Burton, John Edward	1895	0	3	3	uc2.ark:/13960/t82j6gz6n|uc1.b3322434|hvd.hnp18f	The Hispaniola plate (1683-1893).	Bloundelle-Burton, John Edward, 1850-191	hathifiles_title
OL7895851W	The Hispaniola plate (1683-1893)	Bloundelle-Burton, John Edward	1895	0	3	3	uc2.ark:/13960/t82j6gz6n|uc1.b3322434|hvd.hnp18f	The Hispaniola plate (1683-1893).	Bloundelle-Burton, John Edward, 1850-191	hathifiles_title
OL13791871W	The light heart	Hewlett, Maurice Henry	1920	0	3	3	uc2.ark:/13960/t75t3pg64|uc2.ark:/13960/t8kd1x671|njp.32101068168572	The light heart,	Hewlett, Maurice Henry, 1881-	hathifiles_title
OL398847W	Grisly Grissell, or, The laidly lady of Whitburn	Yonge, Charlotte Mary	1894	0	1	1	uc2.ark:/13960/t11n84h67	Grisly Grissell, or, The laidly lady of Whitburn : a tale of	Yonge, Charlotte Mary, 1823-1901.	hathifiles_title
OL39451243W	Grisly Grissell, or, The laidly lady of Whitburn	Charlotte M. Yonge	1893	0	1	1	uc2.ark:/13960/t11n84h67	Grisly Grissell, or, The laidly lady of Whitburn : a tale of	Yonge, Charlotte Mary, 1823-1901.	hathifiles_title
OL6674388W	Dartmoor	Maurice H. Hervey	1895	0	1	1	uc2.ark:/13960/t9g44r44b	Dartmoor.	Hervey, Maurice H.	hathifiles_title
OL1490118W	John Marchmont's legacy	Braddon, M. E.	1892	0	3	3	uc1.b3327130|uc2.ark:/13960/t22b92h9q|njp.32101065836221	"John Marchmont's legacy / by M. E. Braddon ; Author of ""Lady"	Braddon, M. E. 1835-1915.	hathifiles_title
OL139099W	The camp of refuge	MacFarlane, Charles	1897	0	4	4	nyp.33433104214527|uiug.30112049760181|uc2.ark:/13960/t81j9g743	The camp of refuge / ed. with introd. and notes by George La	MacFarlane, Charles, 1799-1858.	hathifiles_title
OL75444W	The Young Step-Mother	Yonge, Charlotte Mary	1881	0	2	2	nyp.33433105944338|uc2.ark:/13960/t08w3gn6k	The young step-mother; illustrated by Marion Huxley.	Yonge, Charlotte M. 1823-1901.	hathifiles_title
OL27976732W	Glugs of Gosh	C. J. Dennis	1917	0	3	3	uc2.ark:/13960/t80k2ms2b|nyp.33433112056936|pst.000006229504	The glugs of Gosh / by C.J. Dennis ; with illustrations by H	Dennis, C. J. 1876-1938.	hathifiles_title
OL39413264W	Barnaby Lee	John Bennett	1902	0	5	5	uc2.ark:/13960/t9571bj0x|hvd.hn1m9t|nyp.33433074829031	Barnaby Lee / by John Bennett ; with illustrations by Clyde 	Bennett, John, 1865-1956.	hathifiles_title
OL1132768W	The thousand and one quarters of an hour (Tartarian tales)	Thomas-Simon Gueullette	1897	0	3	3	uva.x004992063|uc2.ark:/13960/t9571h68c|hvd.hn6cs3	The thousand and one quarters of an hour (Tartarian tales).	Gueullette, Thomas-Simon, 1683-1766.	hathifiles_title
OL16899629W	The Baron's sons	Jókai, Mór	1901	0	4	4	uc2.ark:/13960/t2v40xk9m|nyp.33433070244508|uc2.ark:/13960/t48p5zg8w	The baron's sons; a romance of the Hungarian revolution of 1	Jókai, Mór, 1825-1904.	hathifiles_title
OL16589529W	The merchant vessel	Nordhoff, Charles	1884	0	4	4	hvd.hnw1j1|uiug.30112055199357|uc2.ark:/13960/t6h133c8m	The merchant vessel / by Chas. Nordhoff.	Nordhoff, Charles, 1830-1901	hathifiles_title
OL7869119W	The theology of modern fiction, being the twenty-sixth Fernley lecture delivered in Liverpool, July, 1896	Thomas Gunn Selby	1896	0	5	5	uc2.ark:/13960/t6931182m|mdp.39015003935619|njp.32101074759612	The theology of modern fiction being the twenty-sixth Fernle	Selby, Thomas G. 1846-1910.	hathifiles_title
OL17669251W	On the face of the waters	Flora Annie Webster Steel	1896	0	8	8	uc2.ark:/13960/t43r1751d|hvd.hn1bnh|umn.31951002301766d	On the face of the waters; a tale of the mutiny, by Flora An	Steel, Flora Annie Webster, 1847-1929.	hathifiles_title
OL32038447W	Tales from McClure's		1898	0	12	12	nyp.33433082294343|uc2.ark:/13960/t0gt5tt4x|hvd.hn61g2	Tales from McClure's; Adventure ...		hathifiles_title
OL18508153W	Tales from McClure's	Octave Thanet	1901	0	12	12	nyp.33433082294343|uc2.ark:/13960/t0gt5tt4x|hvd.hn61g2	Tales from McClure's; Adventure ...		hathifiles_title
OL10607845W	The romance cycle of Charlemagne and his peers	Jessie Laidlay Weston	1901	0	2	2	pst.000022912831|uc2.ark:/13960/t2x350300	The romance cycle of Charlemagne and his peers / by Jessie L	Weston, Jessie Laidlay, 1850-1928.	hathifiles_title
OL32146598W	The Marne	Edith Wharton	1918	0	3	3	uc2.ark:/13960/t8qb9wj7p|uc1.aa0014831630|njp.32101068605771	The Marne : a tale of the war / by Edith Wharton.	Wharton, Edith, 1862-1937.	hathifiles_title
OL24423177W	Unknown to history	Yonge, Charlotte Mary	1893	0	5	5	uc2.ark:/13960/t3mw2jt47|uiug.30112048523994|hvd.hwpam4	Unknown to history : a story of the captivity of Mary of Sco	Yonge, Charlotte Mary, 1823-1901.	hathifiles_title
OL17703676W	Unknown to history	Yonge, Charlotte Mary	1901	0	5	5	uc2.ark:/13960/t3mw2jt47|uiug.30112048523994|hvd.hwpam4	Unknown to history : a story of the captivity of Mary of Sco	Yonge, Charlotte Mary, 1823-1901.	hathifiles_title
OL43500911W	The chevalier d'Harmental	Dumas, Alexandre	1900	0	2	2	uc2.ark:/13960/t1dj5jw2f|wu.89016077919	The Chevalier d'Harmental / by Alexandre Dumas.	Dumas, Alexandre, 1802-1870.	hathifiles_title
OL38735225W	Waterloo	Emile Erckmann	1903	0	4	4	uc2.ark:/13960/t19k4jf72|uva.x030749023|uc1.31970027632527	Waterloo : a sequel to the conscript of 1813 / translated fr	Erckmann, Emile, 1822-1899.	hathifiles_title
OL1491463W	Whitefriars	Robinson, Emma	1909	0	2	2	uc2.ark:/13960/t1zc84v9s|coo1.ark:/13960/t0pr8bd04	Whitefriars; or, The days of Charles the Second.	Robinson, Emma, 1814-1890.	hathifiles_title
OL33135205W	The Congo rovers	Harry Collingwood	1886	0	1	1	uc2.ark:/13960/t7rn3cs8z	The Congo rovers; a story of the slave squadron, by Harry Co	Collingwood, Harry, 1851-1922.	hathifiles_title
OL18533224W	Graves at Kilmorna	Patrick Augustine Sheehan	1915	0	3	3	uc2.ark:/13960/t6qz2g82q|hvd.32044018784082|coo1.ark:/13960/t6n01q393	The graves at Kilmorna; a story of '67, by the Rev. Canon P.	Sheehan, Patrick Augustine, 1852-1913.	hathifiles_title
OL863471W	Count Robert of Paris and The surgeon's daughter	Scott, Walter	1913	0	1	1	uc2.ark:/13960/t6tx3jq68	Count Robert of Paris and The surgeon's daughter.	Scott, Walter, Sir, 1771-1832.	hathifiles_title
OL24432478W	Beyond the Marshes	Ralph Connor	1900	0	3	3	uc2.ark:/13960/t12n5c072|coo.31924013243229|inu.30000111986430	Beyond the Marshes,	Connor, Ralph, 1860-1937.	hathifiles_title
OL7304571W	Ginger; selected passages in the military career of Pte	Wyndham, Horace	1916	0	2	2	uc2.ark:/13960/t53f50287|nyp.33433006751196	Ginger; selected passages in the military career of Pte. (Gi	Wyndham, Horace, b. 1875.	hathifiles_title
OL12285292W	Battle days	Arthur Fetterless	1918	0	1	1	uc2.ark:/13960/t54f2124w	Battle days,	Fetterless, Arthur.	hathifiles_title
OL12918092W	The navy eternal, which is the navy-that-floats, the navy-that-flies and the navy-under-the-sea	Bartimeus	1918	0	1	1	uc2.ark:/13960/t38059v3c	The navy eternal, which is the navy-that-floats, the navy-th	Bartimeus.	hathifiles_title
OL12291740W	Billie Impett & Doris	Eustace Ainsworth	1918	0	1	1	uc2.ark:/13960/t53f50198	Billie Impett & Doris / by Eustace Ainsworth.	Ainsworth, Eustace.	hathifiles_title
OL21640523W	Romantic Quest	Hoxie Neale Fairchild	1931	0	1	0	uc1.b3546529	The romantic quest,	Fairchild, Hoxie Neale, b. 1894.	hathifiles_title
OL1933247W	The vortex	José Eustasio Rivera	1935	0	10	0	uc1.b3645070|uc1.b3645071|uc1.b3645072	The Vortex.		hathifiles_title
OL32146524W	The love of Parson Lord	Mary Eleanor Wilkins Freeman	1900	0	4	4	hvd.hwk6s5|uc1.b3863232|pst.000006073893	The love of Parson Lord : and other stories / by Mary E. Wil	Freeman, Mary Eleanor Wilkins, 1852-1930	hathifiles_title
OL44189578W	Anne of Geierstein	Scott, Walter	1894	0	7	7	uc2.ark:/13960/t5h998b5j|uc1.b3865809|mdp.39015063951167	Anne of Geierstein.	Scott, Walter, Sir, 1771-1832.	hathifiles_title
OL44645702W	The two admirals	Cooper, James Fenimore	1900	0	9	9	uc2.ark:/13960/t6sx6fb1h|uc1.b3909013|uc2.ark:/13960/t46q1tq2p	The two admirals.	Cooper, James Fenimore, 1789-1851.	hathifiles_title
OL116986W	Brampton sketches	Claflin, Mary B.	1890	0	3	3	hvd.32044013686076|uc2.ark:/13960/t9w09560h|uc1.b3321963	Brampton sketches : old-time New England life / by Mary B. C	Claflin, Mary B. 1825-1896,	hathifiles_title
OL12588978W	In his own hand	Banks, George Linnaeus	1887	0	3	3	uc1.b3322305|uc1.b3322306|uc1.b3322307	In his own hand / by Mrs. G. Linnæus Banks.	Banks, G. Linnaeus Mrs., 1821-1897.	hathifiles_title
OL250336W	By order of the prophet	Alfred H. Henry	1902	0	4	4	uc2.ark:/13960/t3fx7c893|uc2.ark:/13960/t6833p92c|uc1.b3322733	By order of the prophet; a tale of Utah, by Alfred H. Henry.	Henry, Alfred H. b. 1865.	hathifiles_title
OL39458965W	Deerfoot on the prairies	Edward Sylvester Ellis	1900	0	2	2	uc2.ark:/13960/t13n20z39|uc1.b3331823	Deerfoot on the prairies / by Edward S. Ellis ; illustrated 	Ellis, Edward Sylvester, 1840-1916.	hathifiles_title
OL17966803W	The last war trail	Edward Sylvester Ellis	1891	0	2	2	uc2.ark:/13960/t38056643|uc1.b3331827	The last war trail / by Edward S. Ellis.	Ellis, Edward Sylvester, 1840-1916.	hathifiles_title
OL5305923W	The white gauntlet	Mayne Reid	1891	0	3	3	uc2.ark:/13960/t3gx4dg4z|uiug.30112083236528|uiug.30112070553919	The white gauntlet : a novel / by Captain Mayne Reid.	Reid, Mayne, 1818-1883.	hathifiles_title
OL15515518W	Robin's recruit	A. G. Plympton	1893	0	2	2	uc2.ark:/13960/t00z78b3b|uc1.b3331856	Robin's recruit / by A. G. Plympton ; illustrated by the aut	Plympton, A. G. 1852-	hathifiles_title
OL15513179W	From school to battlefield	King, Charles	1899	0	5	5	nc01.ark:/13960/t6m04x124|uc2.ark:/13960/t6348hv06|hvd.hwkn53	From school to battlefield : a story of the war days / by Ch	King, Charles, 1844-1933.	hathifiles_title
OL1501496W	Up and down the Nile	Optic, Oliver	1894	0	2	2	uc2.ark:/13960/t1jh3nj1v|uc1.b3331921	Up and down the Nile; or, Young adventurers in Africa, by Ol	Optic, Oliver, 1822-1897.	hathifiles_title
OL32089926W	Grettir the outlaw	S. Baring-Gould	1890	0	1	1	uc1.b3331927	Grettir the outlaw : a story of Iceland / by S. Baring-Gould		hathifiles_title
OL1798470W	Yankee ships and Yankee sailors	James Barnes	1906	0	3	3	uc2.ark:/13960/t4th8m831|uc1.b3331931|nyp.33433082524160	Yankee ships and Yankee sailors : tales of 1812 / by James B	Barnes, James, 1866-1936.	hathifiles_title
OL32090008W	Prince little boy	S. Weir Mitchell	1888	0	2	2	uc2.ark:/13960/t9474gt9b|uc1.b3331948	Prince little boy : and other tales of fairy-land / by S. We	Mitchell, S. Weir 1829-1914.	hathifiles_title
OL32089924W	Rick Dale	Munroe, Kirk	1896	0	4	4	hvd.hn5nsp|uc2.ark:/13960/t1sf2mt33|uc1.b3331951	Rick,Dale; a story of the northwest coast, by Kirk Munroe ..	Munroe, Kirk, 1850-1930	hathifiles_title
OL15970174W	Life in the far West	C. H. Simpson	1896	0	1	1	uc2.ark:/13960/t6rx94p4j	Life in the far West : or A detective's thrilling adventures	Simpson, C. H.	hathifiles_title
OL15532376W	The boy in gray	George Gilman Smith	1894	0	4	4	nc01.ark:/13960/t6m04x39d|uc2.ark:/13960/t9765k88w|uc1.b3326047	The boy in gray : a story of the war / by Geo. G. Smith.	Smith, George Gilman, 1836-1913.	hathifiles_title
OL10330137W	Lang syne	Mary Stuart Harrison Smith	1890	0	4	4	uc2.ark:/13960/t6542t33v|uc1.b3326095|uva.x030785525	Lang syne; or, The wards of Mount Vernon; a tale of the revo	Smith, Mary Stuart Harrison, b. 1834.	hathifiles_title
OL1529156W	The pearl divers and Crusoes of the Sargasso Sea	William Gordon Stables	1896	0	2	2	uc2.ark:/13960/t1vd6xj50|uc1.b3326410	The pearl divers and Crusoes of the Sargasso Sea / by Gordon	Stables, Gordon, 1840-1910.	hathifiles_title
OL10330023W	Re-told tales of the hills and shores of Maine	Henrietta Gould Rowe	1892	0	2	2	uc2.ark:/13960/t2p55p02d|uc1.b3327195	Re-told tales of the hills and shores of Maine / By Mrs. H. 	Rowe, Henrietta Gould, 1835-	hathifiles_title
OL24944900W	Dynevor terrace	Yonge, Charlotte Mary	1888	0	6	6	uc2.ark:/13960/t20c51z6w|uc1.b3327265|njp.32101067487510	Dynevor Terrace : or, The clue of life / Charlotte M. Yonge 	Yonge, Charlotte M. 1823-1901.	hathifiles_title
OL7868620W	The nine swords of Morales	Meyer, George Homer.	1905	0	2	2	uc2.ark:/13960/t50g3j76s|uc1.b3327381	The nine swords of Morales; the story of an old-time Califor	Meyer, George Homer, 1858-1926.	hathifiles_title
OL12210884W	None but the brave	Hamblen Sears	1902	0	3	3	uc2.ark:/13960/t1fj2bb8v|hvd.hn1wdq|uc1.b3327400	None but the brave / by Hamblen Sears.	Sears, Joseph Hamblen, 1865-1946.	hathifiles_title
OL10723209W	A swordsman of the brigade	Michael O'Hanrahan	1914	0	2	2	uc2.ark:/13960/t0bv7k35z|uc1.b3327520	A swordsman of the brigade / by Micheal O hAnnrachain.	O'Hanrahan, Michael, 1877-1916.	hathifiles_title
OL17642651W	The Rose of Paradise	Howard Pyle	1894	0	2	2	hvd.hn3gps|uc1.b3327627	The rose of paradise : being a detailed ... / by Howard Pyle	Pyle, Howard, 1853-1911	hathifiles_title
OL2032401W	With Taylor on the Rio Grande	Edward Stratemeyer	1901	0	1	1	uc1.b3332991	With Taylor on the Rio Grande.	Stratemeyer, Edward, 1862-1930.	hathifiles_title
OL21393963W	Tomorrow Is Forever	Gwen Bristow	1944	0	1	0	uc1.b3346099	Tomorrow is forever.	Bristow, Gwen, 1903-1980.	hathifiles_title
OL4608089W	Possession	Mazo De la Roche	1923	0	1	1	uc1.b3346547	Possession / by Mazo De La Roche.	De la Roche, Mazo, 1879-1961.	hathifiles_title
OL16765894W	Elder Northfield's home	Jennie Bartlett Switzer	1882	0	5	5	uc2.ark:/13960/t3kw5h42q|chi.41973157|uc1.b3328952	Elder Northfield's home; or, Sacrificed on the Mormon altar;	Switzer, Jennie Bartlett.	hathifiles_title
OL42503996W	The tragic comedians	Meredith, George	1910	0	5	5	uc2.ark:/13960/t2m61m73d|uc1.b3328987|coo.31924013524149	The tragic comedians .	Meredith, George, 1828-1909.	hathifiles_title
OL1418248W	Tarzan and the Jewels of Opar	Edgar Rice Burroughs	1916	0	5	5	uc2.ark:/13960/t46q1t155|umn.31951d000293612|nyp.33433074848700	Tarzan and the jewels of Opar / by Edgar Rice Burroughs ; wi	Burroughs, Edgar Rice, 1875-1950.	hathifiles_title
OL25681529W	Matriarch	Stern, G. B.	1928	0	2	1	uc1.b3342084|osu.32435058063694	The matriarch : a play in a prologue and three acts / by G. 	Stern, G. B. 1890-1973.	hathifiles_title
OL1940790W	Dogs in an Omnibus	Stern, G. B.	1942	0	1	0	uc1.b3122363	Dogs in an omnibus / by G. B. Stern. With frontispiece and i	Stern, G. B. 1890-1973.	hathifiles_title
OL10451459W	Return to Coolami	Eleanor Dark	1936	0	1	0	uc1.b3115633	The return to Coolami; a novel by Eleanor Dark.	Dark, Eleanor, 1901-	hathifiles_title
OL9032270W	The Coming of the Friars	Augustus Jessop	1930	0	3	3	wu.89064359755|wu.89095771721|mdp.39015031922209	The coming of the Friars / Augustus Jessopp.	Jessopp, Augustus, 1823-1914.	hathifiles_title
OL43915942W	Modern women in love	Christina Stead	1947	0	1	0	uc1.$b777016	Modern women in love; sixty twentieth-century masterpieces o	Stead, Christina, 1902-1983.	hathifiles_title
OL43280955W	Modern women in love	Christina Stead	1945	0	1	0	uc1.$b777016	Modern women in love; sixty twentieth-century masterpieces o	Stead, Christina, 1902-1983.	hathifiles_title
OL43576681W	Ingo	Freytag, Gustav	1900	0	1	1	pst.000002060408	Ingo / adpated and edited by Otto Siepmann.	Freytag, Gustav, 1816-1895.	hathifiles_title
OL32146735W	The reef	Edith Wharton	1912	0	8	8	hvd.32044014495444|nyp.33433076079064|uc2.ark:/13960/t5x63cb37	The reef; a novel, by Edith Wharton ...	Wharton, Edith, 1862-1937	hathifiles_title
OL12199800W	Cowboy life on the sidetrack	Frank Benton	1903	0	2	2	uc2.ark:/13960/t1td9p57z|uc1.$b112632	Cowboy life on the sidetrack : being an extremely humorous a	Benton, Frank.	hathifiles_title
OL4771367W	Children of the northlights	Ingri D'Aulaire	1935	0	1	0	pst.000033662312	Children of the northlights / [by] Ingri & Edgar Parin d'Aul	D'Aulaire, Ingri, 1904-1980	hathifiles_title
OL2957124W	George Washington, boy leader	Augusta Stevenson	1942	0	1	0	pst.000025152111	George Washington, boy leader. / Illustrated by E. Joseph Dr	Stevenson, Augusta.	hathifiles_title
OL7685721W	Link to the North	Gladdis Joy Tranter	1946	0	1	0	uc1.$b724105	Link to the North.	Tranter, Gladdis Joy, 1902-	hathifiles_title
OL39450083W	Character sketches of romance, fiction and the drama	Brewer, Ebenezer Cobham	1892	0	30	30	uc1.32106017212009|uc1.32106020450505|uc1.32106020450513	Character sketches of romance, fiction and the drama.	Brewer, Ebenezer Cobham, 1810-1897.	hathifiles_title
OL16494137W	Mandrake	Oliver Sherry	1929	0	5	0	mdp.39015086408112|mdp.39015086408120|mdp.39015086408104	Mandrake.		hathifiles_title
OL1337092W	Eggs, beans and crumpets	P. G. Wodehouse	1940	0	1	0	uc1.32106006606922	Eggs, beans and crumpets.	Wodehouse, P. G. 1881-1975.	hathifiles_title
OL2858605W	Escal-Vigor	Georges Eekhoud	1899	0	1	1	wu.89098513484	Escal vigor : a novel from the French of Georges Eekhoud / A	Eekhoud, Georges, 1854-1927.	hathifiles_title
OL32093807W	The garden behind the moon	Howard Pyle	1895	0	3	3	pst.000033029290|nyp.33433074806260|nyp.33433076059793	The garden behind the moon : a real story of the moon angel 	Pyle, Howard, 1853-1911.	hathifiles_title
OL15262192W	The bushranger's sweetheart	Hume Nisbet	1893	0	1	1	pst.000000284967	Bushranger's sweetheart : an Australian romannce / by Hume N	Nisbet, Hume, 1849-1921?	hathifiles_title
OL11448247W	Martin Brook	Morgan Bates	1901	0	2	2	nnc1.1002157683|nc01.ark:/13960/t4nk3sz4s	Martin Brook; a novel, by Morgan Bates.	Bates, Morgan.	hathifiles_title
OL11760885W	Martin Brook	Morgan Bates	1901	0	2	2	nnc1.1002157683|nc01.ark:/13960/t4nk3sz4s	Martin Brook; a novel, by Morgan Bates.	Bates, Morgan.	hathifiles_title
OL148550W	Shams; or, Uncle Ben's experience with hyprocrites	John Smith Draper	1899	0	4	4	nnc1.1002185130|hvd.hwqtxs|uiuc.2620751	Shams: Uncle Ben's experience with hypocrites... By John S.D	Draper, John Smith.	hathifiles_title
OL5203642W	Loom of Destiny	Arthur Stringer	1899	0	1	1	nnc1.1002206366	The loom of destiny.	Stringer, Arthur, 1874-1950.	hathifiles_title
OL17724479W	Paul Judson	Edward B. Pollard	1905	0	1	1	nnc1.1002210533	Paul Judson.	Pollard, Edward B.	hathifiles_title
OL17642585W	Our radicals	Fred Burnaby	1889	0	5	4	uiuo.ark:/13960/t06w9mz1h|uiuo.ark:/13960/t74t6w73v|chi.13600550	Our radicals : a tale of love and politics / by Fred Burnaby	Burnaby, Fred, 1842-1885.	hathifiles_title
OL17674365W	Our radicals	Fred Burnaby	1886	0	5	4	uiuo.ark:/13960/t06w9mz1h|uiuo.ark:/13960/t74t6w73v|chi.13600550	Our radicals : a tale of love and politics / by Fred Burnaby	Burnaby, Fred, 1842-1885.	hathifiles_title
OL7891358W	In the choir of Westminster Abbey	Emma Marshall	1899	0	3	3	coo.31924013521871|nnc1.1002326922|uc1.31175032466016	In the choir of Westminster Abbey; a story of Henry Purcell'	Marshall, Emma, 1830-1899.	hathifiles_title
OL15621396W	"""In the world celestial"""	T. A. Bland	1905	0	1	1	nnc1.cr60139269	In the world celestial / by T.A. Bland ... ; with an introdu	Bland, Thomas Augustus.	hathifiles_title
OL32069554W	Ninety-three	Victor Hugo	1888	0	7	6	umn.319510023825397|coo.31924027302730|umn.31951002382540m	Ninety-three ; Bug Jargal ; Claude Gueux.	Hugo, Victor, 1802-1885.	hathifiles_title
OL39442105W	Ninety-three	Victor Hugo	1886	0	7	6	umn.319510023825397|coo.31924027302730|umn.31951002382540m	Ninety-three ; Bug Jargal ; Claude Gueux.	Hugo, Victor, 1802-1885.	hathifiles_title
OL42756541W	"""Ninety-three"""	Victor Hugo	1887	0	7	6	umn.319510023825397|coo.31924027302730|umn.31951002382540m	Ninety-three ; Bug Jargal ; Claude Gueux.	Hugo, Victor, 1802-1885.	hathifiles_title
OL17965444W	Barbara Heck	William Henry Withrow	1897	0	2	2	nyp.33433075770226|umn.31951002057200o	Barbara Heck : a tale of early Methodism / by W.H. Withrow.	Withrow, W. H. 1839-1908.	hathifiles_title
OL17750140W	Barbara Heck	W. H. Withrow	1895	0	2	2	nyp.33433075770226|umn.31951002057200o	Barbara Heck : a tale of early Methodism / by W.H. Withrow.	Withrow, W. H. 1839-1908.	hathifiles_title
OL15465877W	Barbara Heck	W. H. Withrow	1895	0	2	2	nyp.33433075770226|umn.31951002057200o	Barbara Heck : a tale of early Methodism / by W.H. Withrow.	Withrow, W. H. 1839-1908.	hathifiles_title
OL43339W	The Vintage Turgenev	Ivan Sergeevich Turgenev	1950	0	3	0	uva.x000240015|uva.x000093495|inu.30000076444284	The Vintage Turgenev; translated from the Russian by Harry S	Turgenev, Ivan Sergeevich, 1818-1883.	hathifiles_title
OL37250393W	The Chorus Girl and Other Stories / The Darling and Other Stories	Chekhov, Anton Pavlovich	1920	0	1	1	inu.32000007557194	The chorus girl and other stories; and The Darling, and othe	Chekhov, Anton Pavlovich, 1860-1904.	hathifiles_title
OL17724432W	The downfall	Emile Zola	1892	0	8	8	hvd.hw1y5r|hvd.hw1y6e|nyp.33433075837637	The downfall; tr. from the French, with a critical essay by 	Zola, Émile, 1840-1902	hathifiles_title
OL43184993W	The downfall	Emile Zola	1892	0	8	8	hvd.hw1y5r|hvd.hw1y6e|nyp.33433075837637	The downfall; tr. from the French, with a critical essay by 	Zola, Émile, 1840-1902	hathifiles_title
OL24428243W	Last fairy tales	Édouard Laboulaye	1884	0	3	3	uc2.ark:/13960/t7rn35h4z|uc1.$b596816|uva.x001173559	Last fairy tales / by Édouard Laboulaye ; authorized transla	Laboulaye, Édouard, 1811-1883.	hathifiles_title
OL12610953W	The great Debureau	František Kožík	1940	0	1	0	uc1.$b594494	The great Debureau / by Francis Kozik ; translated by Dora R	Kožík, František, 1909-	hathifiles_title
OL3818106W	The great Debureau	František Kožík	1940	0	1	0	uc1.$b594494	The great Debureau / by Francis Kozik ; translated by Dora R	Kožík, František, 1909-	hathifiles_title
OL17663822W	Stories of humble friends	Katharine Pyle	1902	0	5	5	uva.x030800570|hvd.32044097066187|coo1.ark:/13960/t22b9kn87	Stories of humble friends,	Pyle, Katharine, -1938	hathifiles_title
OL32089768W	A stroll on a marsh	M. C. Cooke	1895	0	2	2	osu.32435050451905|nyp.33433010837924	A stroll on a marsh : in search of wild flowers / by Uncle M	Cooke, M. C. 1825-1914.	hathifiles_title
OL1252084W	A country-side chronicle	S. L. Bensusan	1907	0	2	2	nyp.33433007631165|msu.31293029466368	A country-side chronicle : leaves from the diary of an idle 	Bensusan, S. L. 1872-1958.	hathifiles_title
OL17938519W	The great round world	Julia Truitt Bishop	1897	0	4	4	nyp.33433082423744|nyp.33433000191480|nyp.33433000191498	Great round world.		hathifiles_title
OL16751506W	The Graysons	Edward Eggleston	1905	0	2	2	nyp.33433043128390|umn.31951002022792g	The Graysons: a story of Abraham Lincoln. By Edward Egglesto	Eggleston, Edward, 1837-1902.	hathifiles_title
OL17753798W	Grimm's animal stories	Wilhelm Grimm	1909	0	1	1	nyp.33433040160370	Grimm's animal stories / by Wilhelm & Jakob Grimm, translati	Grimm, Wilhelm, 1786-1859.	hathifiles_title
OL7859721W	Life in the Wabash Valley	G. F. Coburn	1907	0	1	1	nyp.33433043309156	Life in the Wabash Valley; a story of the pioneers and their	Coburn, G. F. 1841-	hathifiles_title
OL7709572W	Wolves of the Sea	Randall Parrish	1918	0	1	1	nyp.33433040912283	Wolves of the sea; being a tale of the colonies from the man	Parrish, Randall, 1858-1923.	hathifiles_title
OL15481010W	Enemies in the rear	Francis T. Hoover	1895	0	2	2	nc01.ark:/13960/t4vh6bc81|nyp.33433043813942	Enemies in the rear; or, A golden circle squared. A story of	Hoover, Francis T. 1841-1921.	hathifiles_title
OL10724679W	When he dwelt with us	Margaret B. Downing	1913	0	2	2	nyp.33433068247984|yale.39002043864389	When he dwelt with us / Margaret B. Downing.	Downing, Margaret B. 1867-1931.	hathifiles_title
OL16076768W	Mr. World and Miss Church-member	Harris, W. S.	1903	0	4	4	nyp.33433068268907|uva.x030788073|hvd.hw26xy	Mr. World and Miss Church-Member : A twentieth century alleg	Harris, W. S. b. 1865.	hathifiles_title
OL21165503W	The singing weaver, and other stories	Julius Frederick Seebach	1917	0	1	1	nyp.33433070292747	The singing weaver and other stories : hero tales of the Ref	Seebach, Julius F. b. 1869.	hathifiles_title
OL121257W	Mother West Wind's children	Thornton W. Burgess	1911	0	2	2	nyp.33433064202744|osu.32435053352100	Mother West Wind's children / by Thornton W. Burgess ; illus	Burgess, Thornton W. 1874-1965.	hathifiles_title
OL1792890W	Zigzag journeys in the Levant, with a Talmudist story-teller	Hezekiah Butterworth	1885	0	1	1	nyp.33433081584967	Zigzag journeys in the Levant, with a Talmudist story-teller	Butterworth, Hezekiah, 1839-1905.	hathifiles_title
OL38578614W	Buried alive; or, Ten years of penal servitude in Siberia	Fyodor Mikhaylovich Dostoyevsky	1881	0	2	2	hvd.32044024302747|nyp.33433073355640	Buried alive; or, Ten years penal servitude in Siberia, by F	Dostoyevsky, Fyodor, 1821-1881	hathifiles_title
OL96111W	L.P.M	J. Stewart Barney	1915	0	1	1	nyp.33433082485966	L.P.M. : the end of the Great War / by J. Stewart Barney ; w	Barney, J. Stewart d. 1925.	hathifiles_title
OL16095791W	The future of the novel	Meredith Starr	1921	0	3	3	hvd.hx79tp|nyp.33433082527080|loc.ark:/13960/t7rn3r82w	The future of the novel : famous authors on their methods; a	Starr, Meredith	hathifiles_title
OL20658251W	Modern short-stories	Margaret Eliza Ashmun	1920	0	3	3	nyp.33433082520440|hvd.32044081500167|uiug.30112124711430	Modern short stories : a book for high schools / edited with		hathifiles_title
OL2341609W	The young circus rider, or, The mystery of Robert Rudd	Horatio Alger	1883	0	1	1	nyp.33433082523949	The young circus rider, or, The mystery of Robert Rudd / by 	Alger, Horatio, 1832-1899.	hathifiles_title
OL7892073W	The Outdoor Chums	Quincy Allen	1911	0	1	1	nyp.33433082523931	The outdoor chums : or, The first tour of the Rod, Gun and C	Allen, Quincy.	hathifiles_title
OL54411W	King Arthur's Knights	Henry Gilbert	1900	0	1	1	nyp.33433082513239	King Arthur's knights; the tales retold for boys and girls b	Gilbert, Henry, 1868-	hathifiles_title
OL32099421W	Sarah Dillard's ride	Otis, James	1898	0	3	3	nyp.33433082357587|nc01.ark:/13960/t5bc52q82|hvd.hn1ri6	Sarah Dillard's ride : a story of the Carolinas in 1780 / By	Otis, James, 1848-1912.	hathifiles_title
OL39452932W	Elsie at the world's fair	Martha Finley	1895	0	1	1	nyp.33433082530597	Elsie at the World's fair / by Martha Finley.	Finley, Martha, 1828-1909.	hathifiles_title
OL42572957W	Elsie at the World's fair	Martha Finley	1895	0	1	1	nyp.33433082530597	Elsie at the World's fair / by Martha Finley.	Finley, Martha, 1828-1909.	hathifiles_title
OL32850160W	Elsie at the World's Fair	Martha Finley	1894	0	1	1	nyp.33433082530597	Elsie at the World's fair / by Martha Finley.	Finley, Martha, 1828-1909.	hathifiles_title
OL39438534W	Grandmother Elsie	Martha Finley	1882	0	2	2	hvd.hn5hir|nyp.33433082530522	Grandmother Elsie: a sequel to Elsie's widowhood. By Martha 	Finley, Martha, 1828-1909	hathifiles_title
OL17081920W	Sundown Songs	Richards, Laura Elizabeth Howe	1899	0	2	2	nyp.33433082230578|uva.x004851803	Sundown songs / by Laura E. Richards.	Richards, Laura Elizabeth Howe, 1850-194	hathifiles_title
OL22310246W	Things will take a turn	Beatrice Harraden	1889	0	3	3	nyp.33433082345780|nyp.33433082345772|umn.319510021336582	Things will take a turn : a story for children / by Beatrice	Harraden, Beatrice, 1864-1936.	hathifiles_title
OL27105353W	Dave Dashaway and His Hydroplane	Roy Rockwood	1913	0	1	1	nyp.33433082184379	Dave Dashaway and his hydroplane : or, daring adventures ove	Rockwood, Roy.	hathifiles_title
OL24916444W	Captain Phil	Martha McCannon Thomas	1884	0	1	1	nyp.33433082180542	Captain Phil; a boy's experience in the western army during 	Thomas, Martha McCannon, 1823-	hathifiles_title
OL4892998W	The boy allies under two flags, or, Sweeping the enemy from the sea	Drake, Robert L.	1915	0	1	1	nyp.33433082539713	The boy allies under two flags, or, Sweeping the enemy from 	Drake, Robert L., 1887-	hathifiles_title
OL1793348W	Three young continentals	Everett T. Tomlinson	1896	0	1	1	nyp.33433082289244	Three young continentals : a story of the American revolutio	Tomlinson, Everett T. 1859-1931.	hathifiles_title
OL1529192W	Two young patriots	Tomlinson, Everett Titsworth	1898	0	1	1	nyp.33433082289236	Two young patriots; or, Boys of the frontier; a story of Bur	Tomlinson, Everett T. 1859-1931.	hathifiles_title
OL17693741W	The young rangers	Everett T. Tomlinson	1906	0	1	1	nyp.33433082284161	The young rangers : a story of the conquest of Canada / by E	Tomlinson, Everett T. 1859-1931.	hathifiles_title
OL17680191W	Isabel	Nelson, William	1884	0	1	1	uva.x030808538	Isabel : or, Influence.		hathifiles_title
OL33169631W	Isabel; a tale of the Mexican banditti	William Nelson	1884	0	1	1	uva.x030808538	Isabel : or, Influence.		hathifiles_title
OL32089678W	Imaginotions	Tudor Jenks	1894	0	1	1	nyp.33433082357967	Imaginotions; truthless tales by Tudor Jenks.	Jenks, Tudor, 1857-1922.	hathifiles_title
OL32089759W	The boys' revolt	Otis, James	1894	0	4	4	hvd.hn2gc2|hvd.hn2gc1|nyp.33433082357645	The boys' revolt; a story of the street arabs of New York, b	Otis, James, 1848-1912	hathifiles_title
OL32095453W	Neal, the miller	Otis, James	1895	0	1	1	nyp.33433082357595	Neal, the miller : a son of liberty / by James Otis.	Otis, James, 1848-1912.	hathifiles_title
OL1522093W	The Real America in Romance	Edwin Markham	1909	0	36	36	iau.31858011053976|iau.31858011053984|iau.31858011053992	The Real America in romance : an authentic history of Americ		hathifiles_title
OL7872555W	The coming of the white men	Wade, Mary Hazelton Blanchard, 1860-1936.	1905	0	1	1	nyp.33433081963179	The coming of the white men; stories of how our country was 	Wade, Mary Hazelton Blanchard, 1860-1936	hathifiles_title
OL32098341W	The little colonel	Annie F. Johnston	1897	0	3	3	nyp.33433082361936|osu.32435056826100|chi.35423457	The little Colonel / by Annie Fellows-Johnston ; illustrated	Johnston, Annie F. 1863-1931.	hathifiles_title
OL44534567W	Stories of the South	Marston & Company Sampson Low	1893	0	3	3	uc2.ark:/13960/fk6nz81213|nyp.33433082293972|hvd.32044020441580	Stories of the South.		hathifiles_title
OL17695439W	"""Don't give up the ship!"""	Charles S. Wood	1912	0	1	1	nyp.33433081968533	Don't give up the ship! / by Charles S. Wood.	Wood, Charles S. 1845-1912.	hathifiles_title
OL7717025W	Don't give up the ship!	Charles S. Wood	1922	0	1	1	nyp.33433081968533	Don't give up the ship! / by Charles S. Wood.	Wood, Charles S. 1845-1912.	hathifiles_title
OL2032421W	On the Trail of Pontiac	Edward Stratemeyer	1904	0	1	1	nyp.33433082257092	On the trail of Pontiac : or, The pioneer boys of the Ohio /	Stratemeyer, Edward, 1862-1930.	hathifiles_title
OL7527851W	June gold	Waldron Baily	1922	0	3	3	osu.32435076161447|nc01.ark:/13960/t6g161h7x|nyp.33433074801246	June gold / by Waldron Baily ; frontispiece by Paul Stahr.	Baily, Waldron, 1871-	hathifiles_title
OL16888237W	The reservation	Asa P. Brooks	1907	0	1	1	nyp.33433081936340	The reservation : a romance of the pioneer days of Minnesota	Brooks, Asa P. b. 1868.	hathifiles_title
OL19588078W	For Maryland's honor	Lloyd Tilghman Everett	1922	0	2	2	hvd.hxdkux|nyp.33433074832209	For Maryland's honor : a story of the war for Southern indep	Everett, Lloyd T. 1875-	hathifiles_title
OL12181531W	The unstrung bow	David O. Batchelor	1910	0	1	1	nyp.33433074824370	The unstrung bow : a story of conquest / by David O. Batchel	Batchelor, David O. 1865-	hathifiles_title
OL7538446W	When love calls men to arms	Stephen Chalmers	1910	0	2	2	hvd.hn1m97|nyp.33433074809066	When love calls men to arms : an autobiography of love and a	Chalmers, Stephen, 1880-1935	hathifiles_title
OL22309360W	Stand by the Union	Optic, Oliver	1892	0	2	2	nyp.33433082170444|hvd.hwqrnk	Stand by the Union / by Oliver Optic [pseud.]	Optic, Oliver, 1822-1897.	hathifiles_title
OL16883605W	Stand by the Union	Optic, Oliver	1894	0	2	2	nyp.33433082170444|hvd.hwqrnk	Stand by the Union / by Oliver Optic [pseud.]	Optic, Oliver, 1822-1897.	hathifiles_title
OL5693648W	Three daughters of the confederacy	Brady, Cyrus Townsend	1905	0	1	1	nyp.33433074807680	Three daughters of the confederacy; the story of their loves	Brady, Cyrus Townsend, 1861-1920.	hathifiles_title
OL4328744W	Moonblight and Six feet of romance	Daniel Carter Beard	1892	0	2	2	hvd.hn1bsf|nyp.33433084129158	Moonblight and Six feet of romance / by Dan. Beard ; with il	Beard, Daniel Carter, 1850-1941	hathifiles_title
OL2340765W	Robespierre	Ange Galdemar	1899	0	2	2	coo1.ark:/13960/t52f89c6v|nyp.33433076087034	Robespierre; the story of Victorien Sardou's play adapted an	Galdemar, Ange.	hathifiles_title
OL96001W	Txleama	J. A. Knowlton	1892	0	2	2	nyp.33433076094451|osu.32435018552844	Txleama : a tale of ancient Mexico / by J. A. Knowlton.	Knowlton, J. A.	hathifiles_title
OL20643545W	A bluegrass cavalier	Litsey, Edwin Carlile	1922	0	1	1	nyp.33433076074610	A bluegrass cavalier / by Edwin Carlile Litsey.	Litsey, Edwin Carlile, 1874-1970.	hathifiles_title
OL43701045W	The exiles	Davis, Richard Harding	1903	0	6	6	hvd.32044050645217|nyp.33433074843370|pst.000009792043	The exiles : and other stories / by Richard Harding Davis.	Davis, Richard Harding, 1864-1916	hathifiles_title
OL18058481W	Slaves of the lamp	Bronson-Howard, George	1917	0	2	2	hvd.hn1d9m|nyp.33433076092422	Slaves of the lamp : being the adventures of Yorke Norroy in	Bronson-Howard, George, 1883-1922.	hathifiles_title
OL9803902W	The Heart Of Washington	Dorothea Heness Knox	1909	0	1	1	nyp.33433076051915	The heart of Washington / by Dorothea Heness Knox.	Knox, Dorothea Heness.	hathifiles_title
OL16899181W	The city of delight	Miller, Elizabeth	1908	0	2	2	nyp.33433076046014|nyp.33433076046006	The city of delight : a love drama of the siege and fall of 	Miller, Elizabeth Jane, 1878-	hathifiles_title
OL16875621W	Saul of Tarsus	Miller, Elizabeth	1906	0	2	2	hvd.hn3gru|nyp.33433076046022	Saul of Tarsus; a tale of the early Christians, by Elizabeth	Miller, Elizabeth, 1878-1961	hathifiles_title
OL12432394W	The bugles of Gettysburg	La Salle (Corbell) Pickett	1913	0	3	3	hvd.hxdape|uc2.ark:/13960/t3jw86x3m|nyp.33433076048804	The bugles of Gettysburg / by Lasalle Corbell Pickett (Mrs. 	Pickett, La Salle Corbell, 1848-1931	hathifiles_title
OL8524650W	Red Rock	Page, Thomas Nelson	1912	0	7	7	hvd.hn1iwb|nyp.33433076053556|wu.89013483268	Red rock : a chronicle of reconstruction / By Thomas Nelson 	Page, Thomas Nelson, 1853-1922	hathifiles_title
OL137389W	The Case of Jennie Brice	Mary Roberts Rinehart	1915	0	1	1	nyp.33433076053762	The case of Jennie Brice / by Mary Roberts Rinehart ... ; il	Rinehart, Mary Roberts, 1876-1958.	hathifiles_title
OL32014588W	Marching against the Iroquois	Everett T. Tomlinson	1906	0	2	2	hvd.hnnuxy|nyp.33433076091697	Marching against the Iroquois / by Everett T. Tomlinson ...	Tomlinson, Everett T. 1859-1931	hathifiles_title
OL15737762W	The Klondike clan	Young, Samuel Hall	1916	0	3	3	uc1.$b312881|coo1.ark:/13960/t6vx0x90q|nyp.33433074797469	The Klondike clan; a tale of the great stampede, by S. Hall 	Young, Samuel Hall, 1847-1927.	hathifiles_title
OL19577365W	The girl and the game	Jesse Lynch Williams	1908	0	2	2	hvd.32044058215112|nyp.33433076058324	The girl and the game : and other college stories / by Jesse	Williams, Jesse Lynch, 1871-1929	hathifiles_title
OL32027187W	King Washington	Adelaide Skeel	1898	0	2	2	hvd.hx5si9|nyp.33433076039720	King Washington; a romance of the Hudson Highlands. By Adela	Skeel, Adelaide.	hathifiles_title
OL16863901W	Josiah Allen on the woman question	Marietta Holley	1914	0	2	2	hvd.rsmksx|nyp.33433074790985	Josiah Allen on the woman question / by Marietta Holley.	Holley, Marietta, 1836-1926.	hathifiles_title
OL7584797W	Her provincial cousin	Edith Elmer Wood	1893	0	1	1	nyp.33433074795323	Her provincial cousin; the story of Brittany, by Edith Elmer	Wood, Edith Elmer, 1871-1945.	hathifiles_title
OL1527984W	Raoul and Iron Hand	May Halsey Miller	1898	0	1	1	nyp.33433076045859	Raoul and Iron Hand; or, Winning the golden spurs, a tale of	Miller, May Halsey, 1865-	hathifiles_title
OL39455051W	The young newspaper scout	Forrest Crissey	1897	0	2	2	osu.32435002277838|nyp.33433082531439	The young newspaper scout : an interesting narrative of a bo	Crissey, Forrest, 1864-1943.	hathifiles_title
OL7105530W	The young newspaper scout	Crissey, Forrest	1895	0	2	2	osu.32435002277838|nyp.33433082531439	The young newspaper scout : an interesting narrative of a bo	Crissey, Forrest, 1864-1943.	hathifiles_title
OL7565652W	Boston inside out!	Morgan, Henry	1880	0	2	2	nyp.33433076045180|chi.18512171	Boston inside out: a story of real life.	Morgan, Henry, 1825-1884.	hathifiles_title
OL22071569W	The confession of a rebellious wife		1910	0	2	2	hvd.hn1jni|nyp.33433074846670	The confession of a rebellious wife.		hathifiles_title
OL7479741W	The passport invisible	Perley Poore Sheehan	1917	0	1	1	nyp.33433076082209	The passport invisible / by Perley Poore Sheehan ...	Sheehan, Perley Poore, 1875-1943.	hathifiles_title
OL3194211W	Hopalong Cassidy	Clarence Edward Mulford	1910	0	2	2	nyp.33433076050024|hvd.32044019991363	Hopalong Cassidy / by Clarence E. Mulford.	Mulford, Clarence Edward, 1883-1956.	hathifiles_title
OL32094595W	Mildred's inheritance	Annie F. Johnston	1909	0	1	1	nyp.33433082348867	Mildred's inheritance; Just her way; Ann's own way; by Annie	Johnston, Annie F. 1863-1931.	hathifiles_title
OL16621465W	The counsel assigned	Mary Raymond Shipman Andrews	1918	0	3	3	nyp.33433082174537|hvd.hx2we1|umn.319510023996380	The counsel assigned ...	Andrews, Mary Raymond Shipman, d. 1936.	hathifiles_title
OL17661857W	Massasoit	Alma Holman Burton	1896	0	1	1	nyp.33433074847751	Massasoit; a romantic story of the Indians of New England [b	Burton, Alma Holman.	hathifiles_title
OL17648032W	In sight of the goddess	Harriet Riddle Davis	1895	0	2	2	uc1.$b287429|nyp.33433074840814	In sight of the goddess; a tale of Washington life, by Harri	Davis, Harriet Riddle.	hathifiles_title
OL39014546W	A night in Acadie	Kate Chopin	1897	0	3	3	nc01.ark:/13960/t4cn8790t|nyp.33433074941026|uc2.ark:/13960/t9k35n34m	A night in Acadie / by Kate Chopin.	Chopin, Kate, 1850-1904.	hathifiles_title
OL1065758W	A bid for fortune, or, Dr. Nikola's vendetta	Guy Newell Boothby	1895	0	2	2	uc1.$b358728|nyp.33433074940135	A bid for fortune, or Dr. Nikola's vendetta / by Guy Boothby	Boothby, Guy Newell, 1867-1905.	hathifiles_title
OL1065777W	The Lust of Hate	Guy Newell Boothby	1898	0	4	4	uc1.$b358697|nyp.33433074940184|nyp.33433112046606	The lust of hate / by Guy Boothby ; illustrated by Stanley L	Boothby, Guy Newell, 1867-1905.	hathifiles_title
OL1528548W	A maid of the frontier	Henry Spofford Canfield	1898	0	1	1	nyp.33433074935036	A maid of the frontier.	Canfield, Henry Spofford, 1858-	hathifiles_title
OL17713174W	A maid of the frontier	Henry Spofford Canfield	1898	0	1	1	nyp.33433074935036	A maid of the frontier.	Canfield, Henry Spofford, 1858-	hathifiles_title
OL1528392W	Independence: A Story of the Revolution	John Roy Musick	1893	0	2	2	nyp.33433076060544|coo1.ark:/13960/t5gb2nr89	Independence; a story of the revolution, by John R. Musick .	Musick, John R. 1849-1901.	hathifiles_title
OL16781950W	The soul of Abe Lincoln	Bernie Babcock	1923	0	1	1	nyp.33433074920699	Soul of Abe Lincoln / Bernie Babcock.	Babcock, Bernie, 1868-1962.	hathifiles_title
OL2340196W	The angel of the covenant	J. Maclaren Cobban	1898	0	2	2	nyp.33433074947007|hvd.hnp176	The angel of the covenant : memoirs of the early career of t	Cobban, J. Maclaren 1849-1903.	hathifiles_title
OL12945382W	Izolda	J. W. Fuller	1902	0	2	2	hvd.hn1bvq|nyp.33433074853783	Izolda : a Magyar romance / by J.W. Fuller.	Fuller, J. W. 1871-	hathifiles_title
OL16900149W	The law-breakers	Ridgwell Cullum	1914	0	2	2	nyp.33433074954763|hvd.hn5m67	The law-breakers / by Ridgwell Cullum.	Cullum, Ridgwell, 1867-1943.	hathifiles_title
OL1085093W	On the other side of the latch	Sara Jeannette Duncan	1901	0	1	1	nyp.33433074944368	On the other side of the latch / by Sara Jeannette Duncan (M	Duncan, Sara Jeannette, 1861-1922.	hathifiles_title
OL4429446W	Harbor tales down north	Norman Duncan	1918	0	1	1	hvd.hn3pbt	Harbor tales down north / by Norman Duncan ... ; with an app	Duncan, Norman, 1871-1916.	hathifiles_title
OL1103190W	Cranford, and other tales	Gaskell, Elizabeth Cleghorn	1886	0	2	2	nyp.33433074857453|hvd.hwjwby	Cranford and other tales / by Mrs. Gaskell.	Gaskell, Elizabeth Cleghorn, 1810-1865.	hathifiles_title
OL17670227W	The vicar	Joseph Hatton	1898	0	1	1	nyp.33433074857859	The Vicar : a novel / by Joseph Hatton.	Hatton, Joseph, 1841-1907.	hathifiles_title
OL1114914W	When rogues fall out	Joseph Hatton	1899	0	1	1	nyp.33433074857867	When rogues fall out : a romance of old London / by Joseph H	Hatton, Joseph, 1841-1907.	hathifiles_title
OL7903339W	Leaves from an Argonaut's note book	Theodore Elden Jones	1905	0	5	5	uc2.ark:/13960/t9q23s71r|hvd.hx567y|nyp.33433074866074	Leaves from an Argonaut's note book; a collection of holiday	Jones, T. E. 1830-1907.	hathifiles_title
OL13701227W	The master of the Red Buck and the Bay Doe	William Laurie Hill	1913	0	2	2	nc01.ark:/13960/t5k93706g|nyp.33433074870688	The master of the Red Buck and the Bay Doe : a story of Whig	Hill, William Laurie, b. 1835.	hathifiles_title
OL1126681W	The Dear Irish Girl	Tynan, Katharine	1899	0	1	1	nyp.33433074870845	The dear Irish girl / by Katharine Tynan.	Tynan, Katharine, 1861-1931.	hathifiles_title
OL1352107W	The Nebuly Coat	John Meade Falkner	1904	0	3	3	nyp.33433075760847|umn.31951002077832b|uiug.30112000931763	The nebuly coat.	Falkner, John Meade, 1858-1932.	hathifiles_title
OL6356624W	Walter	Emma Leslie	1880	0	1	1	nyp.33433074878566	Walter : a tale of the times of Wesley / by Emma Leslie.	Leslie, Emma.	hathifiles_title
OL16093095W	Joan, the curate	Florence Warden	1899	0	1	1	nyp.33433074863444	Joan, the curate.	Warden, Florence, 1857-1929.	hathifiles_title
OL33213103W	Hagar of the pawn-shop	Fergus Hume	1898	0	1	1	nyp.33433074861562	Hagar of the pawn-shop.	Hume, Fergus, 1859-1932.	hathifiles_title
OL40593521W	Secret Inheritance	B. Farjeon	1887	0	5	5	uiuo.ark:/13960/t15m6kn52|uiuo.ark:/13960/t2v413d6c|nyp.33433075761050	A secret inheritance / by B.L. Farjeon. 1	Farjeon, B. L. 1833-1903.	hathifiles_title
OL39434439W	Benton of the Royal Mounted	Ralph S. Kendall	1919	0	2	2	hvd.hnuu3k|nyp.33433074871710	Benton of the Royal Mounted : a tale of the Royal Northwest 	Kendall, Ralph S. 1878-	hathifiles_title
OL890430W	Kirsteen	Margaret Oliphant	1890	0	8	8	hvd.32044086835402|coo1.ark:/13960/t2697q090|nyp.33433074866470	Kirsteen; the story of a Scotch family seventy years ago, by	Oliphant, Mrs. 1828-1897	hathifiles_title
OL12246697W	The Belle Islers	Richard Brinsley Newman	1908	0	2	2	nyp.33433074856539|hvd.hwrb1t	The Belle Islers : a novel / by Richard Brinsley Newman ; il	Newman, Richard Brinsley, pseud., 1861-1	hathifiles_title
OL2844075W	Purple Springs	Nellie L. McClung	1921	0	2	2	nyp.33433074893649|uiug.30112002978275	Purple springs / by Nellie L. McClung.	McClung, Nellie L., 1873-1951.	hathifiles_title
OL16739576W	A great treason		1883	0	5	5	hvd.hnpeaw|hvd.hnpeav|nyp.33433074895834	A great treason; a story of the war of independence, By Mary	Marks, Mary A. M.	hathifiles_title
OL286345W	The Nest of the Sparrowhawk	Orczy, Emmuska Orczy	1909	0	1	1	nyp.33433075744874	The nest of the sparrowhawk : a romance of the XVIIth centur	Orczy, Emmuska Orczy, Baroness, 1865-194	hathifiles_title
OL1253285W	The Scarlet Pimpernel	Orczy, Emmuska Orczy	1900	1	5	5	osu.32435001720028|nyp.33433075744890|coo.31924013659606	The Scarlet Pimpernel / by Baroness Orczy.	Orczy, Emmuska Orczy, Baroness, 1865-194	hathifiles_title
OL39420873W	The white trail	Alexander Macdonald	1909	0	1	1	nyp.33433074875984	The white trail; A story of the early days of Klondike. Illu	MacDonald, Alexander, 1878-	hathifiles_title
OL7575512W	Side issues	Jeffery E. Jeffery	1920	0	2	2	nyp.33433074895305|hvd.hxdlsq	Side issues / by Jeffery E. Jeffery.	Jeffery, Jeffery E., 1887-	hathifiles_title
OL6922477W	My sword for Lafayette	Pemberton, Max	1906	0	2	2	hvd.hn1elk|nyp.33433075765192	My sword for Lafayette; being the story of a great friendshi	Pemberton, Max, Sir, 1863-1950.	hathifiles_title
OL44478758W	The black dwarf, and A Legend of Montrose	Scott, Walter	1898	0	1	1	nyp.33433075743421	The black dwarf, and A legend of Montrose.	Scott, Walter, Sir, 1771-1832.	hathifiles_title
OL16581174W	Aunt Dice	Nina Hill Robinson	1897	0	2	2	hvd.32044020396891|nc01.ark:/13960/t4qj8hm07	Aunt Dice: the story of a faithful slave. [By] Nina Hill Rob	Robinson, Nina Hill	hathifiles_title
OL17962990W	Roger Davis, Loyalist	Frank Baird	1900	0	1	1	nyp.33433074920913	Roger Davis, Loyalist.	Baird, Frank.	hathifiles_title
OL16906804W	The sailor	J. C. Snaith	1916	0	4	3	hvd.hn5qua|nyp.33433075751713|umn.31951002098929f	The sailor / by J.C. Snaith ; illustrated by W.A. Hottinger.	Snaith, J. C. 1876-1936.	hathifiles_title
OL3799842W	Count Bunker	J. Storer Clouston	1907	0	2	2	nyp.33433074946801|hvd.hn5b26	Count Bunker; being a bald yet veracious chronicle containin	Clouston, J. Storer 1870-1944.	hathifiles_title
OL12990620W	With rifle and bayonet	F. S. Brereton	1900	0	1	1	nyp.33433074930532	With rifle and bayonet; a story of the Boer war, by Captain 	Brereton, F. S. b. 1872.	hathifiles_title
OL8512294W	The People of the Ruins	Shanks, Edward	1920	0	3	3	dul1.ark:/13960/t5db8qq9t|hvd.hnn6jm|nyp.33433075746812	The people of the ruins : a story of the English revolution 	Shanks, Edward, 1892-1953.	hathifiles_title
OL408755W	The Light brigade in Spain; or, The last fight of Sir John Moore	Herbert Strang	1904	0	1	1	nyp.33433075752653	The Light brigade in Spain; or, The last fight of Sir John M	Strang, Herbert.	hathifiles_title
OL33456324W	The drums of war	H. De Vere Stacpoole	1910	0	1	1	nyp.33433075751382	The drums of war / by H. de Vere Stacpoole.	Stacpoole, H. De Vere 1863-1951.	hathifiles_title
OL38918167W	The friend of the people	Mary C. Rowsell	1894	0	1	1	nyp.33433075723522	The friend of the people; a tale of the reign of terror, by 	Rowsell, Mary C.	hathifiles_title
OL219530W	The Bald-knobbers	Clyde Edwin Tuck	1910	0	1	1	nyp.33433075756621	The Bald Knobbers : a romantic and historical novel / by Cly	Tuck, Clyde Edwin.	hathifiles_title
OL3901442W	The Fire Within	Patricia Wentworth	1913	0	1	1	nyp.33433075767446	The fire within / by Patricia Wentworth.	Wentworth, Patricia.	hathifiles_title
OL15365468W	Neville Trueman, the pioneer preacher	W. H. Withrow	1880	0	1	1	nyp.33433075770242	Neville Trueman, the pioneer preacher : a tale of the war of	Withrow, W. H. 1839-1908.	hathifiles_title
OL32090910W	The elf-errant	Moira O'Neill	1895	0	2	2	hvd.hxcr3v|nyp.33433074922950	The elf-errant / by Moira O'Neill ; illustrated by W.E.F. Br	O'Neill, Moira.	hathifiles_title
OL12181582W	The colonel and the Quaker	F. von A. Cabeen	1906	0	1	1	nyp.33433074945183	The colonel and the Quaker / by F. von A. Cabeen ...	Cabeen, F. von A.	hathifiles_title
OL16766420W	The heavenly twins	Sarah Grand	1893	0	9	9	nyp.33433074866249|uiuo.ark:/13960/t06w9vd17|uiuo.ark:/13960/t8kd2d676	The heavenly twins ...	Grand, Sarah.	hathifiles_title
OL6552106W	Hogan, M.P	May Laffan	1881	0	2	2	nyp.33433074857891|hvd.hn5ff6	"Hogan, M.P.; a novel by the author of ""Flitters, Tatters and"	Laffan, May.	hathifiles_title
OL1126661W	The great captain	Tynan, Katharine	1902	0	1	1	nyp.33433074870779	The great captain: a story of the days of Sir Walter Raleigh	Tynan, Katharine, 1861-1931.	hathifiles_title
OL3452704W	The worker in sandalwood	Marjorie Lowry Christie Pickthall	1914	0	2	1	nyp.33433075766398|pst.000006706517	The worker in sandalwood.	Pickthall, Marjorie L. C. 1883-1922.	hathifiles_title
OL17660854W	Mona Maclean, medical student	Travers, Graham	1892	0	1	1	nyp.33433084128275	Mona Maclean, medical student; a novel, by Graham Travers [p	Travers, Graham, 1859-1918.	hathifiles_title
OL15551225W	The Princes of Peele	Westall, William	1892	0	2	2	nc01.ark:/13960/t87h2d09d|nyp.33433075767388	The Princes of Peele / by William Westall.	Westall, William, 1835-1903.	hathifiles_title
OL6917568W	Peter Bosten	Preston, Jack	1915	0	3	3	njp.32101079836662|nyp.33433074938501|uc2.ark:/13960/t6j100125	Peter Bosten; a story about realities, by John Preston [pseu	Preston, Jack, 1888-	hathifiles_title
OL43585906W	Chevalier de Maison-Rouge	Dumas, Alexandre	1894	0	5	5	nyp.33433075819395|uc1.b4844130|coo1.ark:/13960/t2z32cp1t	The Chevalier de Maison-Rouge ; to which is added Sylvandire	Dumas, Alexandre, 1802-1870.	hathifiles_title
OL32090001W	Johnny Nut and the golden goose	Charles Deulin	1887	0	2	2	coo1.ark:/13960/t6pz5s78q|nyp.33433075818769	Johnny Nut and the golden goose. / Done into English by Andr	Deulin, Charles, 1827-1887.	hathifiles_title
OL4748124W	A gentlewoman of France	René Boylesve	1916	0	2	2	umn.31951002083340a|nyp.33433075820039	A gentlewoman of France / tr. by Aphra Wilson.	Boylesve, René, 1867-1926.	hathifiles_title
OL32146910W	Kathie's three wishes	Amanda M. Douglas	1881	0	1	1	nyp.33433082531744	Kathie's three wishes / by Amanda M. Douglas.	Douglas, Amanda Minnie, 1831-1916.	hathifiles_title
OL20424280W	The peacock and the wishing-fairy, and other stories	Corinne Ingraham	1921	0	1	1	nyp.33433082348966	The peacock and the wishing-fairy and other stories / by Cor	Ingraham, Corinne, 1887-	hathifiles_title
OL243869W	Afloat on the Flood	Lawrence J. Leslie	1915	0	1	1	nyp.33433082346069	Afloat on the flood / by Lawrence J. Leslie.	Leslie, Lawrence J.	hathifiles_title
OL1657955W	A peep behind the scenes	Walton, O. F.	1881	0	2	2	nyp.33433081962056|oxu1.601960954	A peep behind the scenes / by Catherine Augusta Walton.	Walton, D. F., Mrs.	hathifiles_title
OL12199611W	The MacGregors	Marshall Home	1901	0	1	1	nyp.33433076075617	The MacGregors / by Marshall Home.	Home, Marshall.	hathifiles_title
OL16878477W	The vice admiral of the blue	Roland Burnham Molineux	1903	0	2	2	hvd.hxdmta|nyp.33433076044860	The vice admiral of the blue : a biographical romance : supp	Molineux, Roland Burnham	hathifiles_title
OL18384191W	Fish yarns	Muller, J. W.	1904	0	1	1	nyp.33433076060528	Fish yarns : and other salt water tales / by Cap'n Hawser.	Muller, J. W. 1867-1930.	hathifiles_title
OL7582318W	John Vytal	Payson, William Farquhar	1901	0	2	2	nc01.ark:/13960/t2t43qc4v|nyp.33433076050941	John Vytal : a tale of the lost colony / by William Farquhar	Payson, William Farquhar, 1876-1939.	hathifiles_title
OL17780916W	Bethany	Thomas E. Watson	1904	0	3	3	nyp.33433076073612|hvd.32044080957137|uiug.30112001320511	Bethany : a story of the old South / by Thomas E. Watson.	Watson, Thomas E. 1856-1922.	hathifiles_title
OL12200506W	The effendi	Florence Brooks Whitehouse	1904	0	1	1	nyp.33433076046584	The effendi : a romance of the Soudan / by Florence Brooks W	Whitehouse, Florence Brooks.	hathifiles_title
OL22106111W	The treasure of Golden Cap	Copplestone, Bennet	1922	0	1	1	nyp.33433074873609	The treasure of Golden Cap : a romance of West Dorset / by B	Copplestone, Bennet, 1867-1932.	hathifiles_title
OL12516397W	Stillman Gott	Edwin Day Sibley	1902	0	2	2	hvd.hx5q7q|nyp.33433075744064	Stillman Gott : farmer and fisherman / by Edwin Day Sibley.	Sibley, Edwin Day.	hathifiles_title
OL7640936W	Rhoda of the Underground	Florence Finch Kelly	1909	0	1	1	nyp.33433076067465	Rhoda of the Underground / by Florence Finch Kelly ; with il	Kelly, Florence Finch, 1858-1939.	hathifiles_title
OL6611220W	Goody Two Shoes	Charles Welsh	1881	0	4	4	nyp.33433082304043|hvd.hw2fuz|uc2.ark:/13960/t53f4ms96	Goody Two-Shoes; a facsimile reproduction of the edition of 		hathifiles_title
OL7008575W	Tom Slade at Black Lake	Fitzhugh, Percy Keese	1920	0	1	1	nyp.33433082302609	Tom Slade at Black Lake / by Percy Keese Fitzhugh ; illustra	Fitzhugh, Percy Keese, 1876-1950.	hathifiles_title
OL15654092W	The first capture	Harry Castlemon	1900	0	2	2	hvd.hn5i2t|nyp.33433082302807	The first capture; or, Hauling down the flag of England, by 	Castlemon, Harry, 1842-1915	hathifiles_title
OL15848309W	The first capture	Harry Castlemon	1900	0	2	2	hvd.hn5i2t|nyp.33433082302807	The first capture; or, Hauling down the flag of England, by 	Castlemon, Harry, 1842-1915	hathifiles_title
OL16025821W	The first capture	Harry Castlemon	1900	0	2	2	hvd.hn5i2t|nyp.33433082302807	The first capture; or, Hauling down the flag of England, by 	Castlemon, Harry, 1842-1915	hathifiles_title
OL43962614W	The boy scouts under fire in Mexico	Howard Payson	1914	0	1	1	nyp.33433082304159	The boy scouts under fire in Mexico / by Lieut. Howard Payso	Payson, Howard.	hathifiles_title
OL17678544W	Redskins and colonists	G. A. Henty	1905	0	1	1	nyp.33433082306212	Redskins and colonists : or, A boy's adventures in the early	Henty, G. A. 1832-1902.	hathifiles_title
OL15293333W	Bernardo & Laurette	Marguerite Bouvet	1901	0	1	1	nyp.33433082300330	Bernardo & Laurette; being the story of two little people of	Bouvet, Marguerite.	hathifiles_title
OL17669104W	The defense of Fort Henry	Otis, James	1900	0	1	1	umn.31951000888759g	The defense of Fort Henry : a story of Wheeling Creek in 177	Otis, James, 1848-1912.	hathifiles_title
OL32090964W	Ezra Jordan's escape from the massacre at Fort Loyall	Otis, James	1895	0	1	1	hvd.hw1zuy	Ezra Jordan's escape from the massacre at Fort Loyall / by J	Otis, James, 1848-1912.	hathifiles_title
OL7889357W	Tom Burton	N. J. W. Le Cato	1888	0	3	3	nc01.ark:/13960/t1sf3cq18|nyp.33433076069651|uc1.b4698045	Tom Burton; or, The days of '61. By N.J.W. Le Cato.	Le Cato, N. J. W. b. 1835.	hathifiles_title
OL7904454W	Mito Yashiki, a tale of old Japan	Maclay, Arthur Collins	1890	0	4	4	ia.ark:/13960/t2v45fm38|nyp.33433074808852|coo1.ark:/13960/t7jq1j85x	Mito Yashiki, a tale of old Japan; being a feudal romance de	Maclay, Arthur Collins, 1853-1930.	hathifiles_title
OL17665580W	With ring of shield ...	Knox Magee	1900	0	2	2	hvd.hn1jrr|nyp.33433076025125	With ring of shield / by Knox Magee ; Ill. by F.A. Carter.	Magee, Knox.	hathifiles_title
OL248662W	With Ring of Shield	Knox Magee	1900	0	2	2	hvd.hn1jrr|nyp.33433076025125	With ring of shield / by Knox Magee ; Ill. by F.A. Carter.	Magee, Knox.	hathifiles_title
OL247335W	Port O\' Gold	Louis John Stellman	1922	0	1	1	nyp.33433076021512	Port o'gold : a history-romance of the San Francisco Argonau	Stellman, Louis J. 1877-1961.	hathifiles_title
OL255710W	Affairs of State	Stevenson, Burton Egbert	1906	0	2	2	hvd.hxdiax|nyp.33433076062797	Affairs of state; being an account of certain surprising adv	Stevenson, Burton Egbert, 1872-1962	hathifiles_title
OL11474741W	The story of Oswald Page	Edwin A Flynn	1918	0	1	1	nyp.33433076065642	The story of Oswald Page; a boy from Arizona.	Flynn, Edwin A.	hathifiles_title
OL24306W	The talking leaves	William Osborn Stoddard	1882	0	4	4	hvd.hn36u1|hvd.hn62ke|nyp.33433076063571	The talking leaves : an Indian story / by William O. Stoddar	Stoddard, William O., 1835-1925	hathifiles_title
OL16523484W	With the Black Prince	William Osborn Stoddard	1898	0	2	2	hvd.hw1xui|nyp.33433076063563	With the Black Prince / by William O. Stoddard.	Stoddard, William O., 1835-1925	hathifiles_title
OL32089982W	With the Black Prince	William O. Stoddard	1898	0	2	2	hvd.hw1xui|nyp.33433076063563	With the Black Prince / by William O. Stoddard.	Stoddard, William O., 1835-1925	hathifiles_title
OL32100772W	Eileen's journey	Ernest Arthur Jelf	1899	0	1	1	nyp.33433082333182	Eileen's journey; history in fairyland, by Ernest Arthur Jel	Jelf, Ernest Arthur, b. 1868.	hathifiles_title
OL628368W	Prince Jan, St. Bernard	Forrestine C. Hooker	1921	0	2	2	hvd.hn2gdu|nyp.33433076023500	Prince Jan, St. Bernard : how a dog from the Land of Snow ma	Hooker, Forrestine C. 1867-1932	hathifiles_title
OL16872004W	Janet of Kootenay	Evah McKowan	1919	0	1	1	nyp.33433076025448	Janet of Kootenay; life, love and laughter in an Arcady of t	McKowan, Evah.	hathifiles_title
OL566990W	The Magic Egg and Other Stories	Frank R. Stockton	1907	0	2	2	nyp.33433076063175|umn.31951001633943c	The magic egg, and other stories ...	Stockton, Frank Richard, 1834-1902.	hathifiles_title
OL286343W	I Will Repay	Orczy, Emmuska Orczy	1900	0	3	3	nyp.33433075723910|coo.31924013659556|umn.31951d027777821	I will repay : a romance / by the Baroness Orczy.	Orczy, Emmuska Orczy, Baroness, 1865-194	hathifiles_title
OL17876983W	The flower of destiny	William Dana Orcutt	1906	0	1	1	nyp.33433076023047	The flower of destiny : an episode / by William Dana Orcutt 	Orcutt, William Dana, 1870-1953.	hathifiles_title
OL4136800W	The flower of destiny	William Dana Orcutt	1905	0	1	1	nyp.33433076023047	The flower of destiny : an episode / by William Dana Orcutt 	Orcutt, William Dana, 1870-1953.	hathifiles_title
OL12190462W	The backwoodsman	H. A. Stanley	1901	0	2	2	hvd.hw1xu7|nyp.33433076022601	The backwoodsman; the autobiography of a Continental on the 	Stanley, Hiram Alonzo, 1859-	hathifiles_title
OL2341610W	The young explorer, or, Among the Sierras	Horatio Alger	1880	0	2	2	nyp.33433082523881|uc1.31175032870720	The young explorer, or, Among the Sierras.	Alger, Horatio, 1832-1899.	hathifiles_title
OL20974133W	Sweet first-fruits	Muir, William	1893	0	1	1	nyp.33433081892964	Sweet first-fruits : a tale of the nineteenth century on the		hathifiles_title
OL15852857W	Chanticleer	Roger Duvoisin	1947	0	19	0	dul1.ark:/13960/t9474nm87|dul1.ark:/13960/t0gt5vc50|dul1.ark:/13960/t36119505	The Chanticleer		hathifiles_title
OL8722850W	Altiora Peto	Oliphant, Laurence	1884	0	8	8	uiuo.ark:/13960/t9474zg09|uiuo.ark:/13960/t55d9cw5w|uva.x030764985	Altiora Peto / by Laurence Oliphant. 1	Oliphant, Laurence, 1829-1888.	hathifiles_title
OL39440028W	"The ""Assommoir."""	Emile Zola	1884	0	2	2	uiuo.ark:/13960/t5cc0z277|uiuc.5031208_001	"The ""Assommoir"" : (The prelude to ""Nana"") : a realistic nove"	Zola, Emile, 1840-1902.	hathifiles_title
OL17663834W	Beatrice and Benedick	Hawley Smart	1891	0	5	5	uiuo.ark:/13960/t1ng58v44|uiuo.ark:/13960/t23b6pf8z|hvd.hnt4h9	Beatrice and Benedick : a romance of the Crimea / by Hawley 	Smart, Hawley, 1833-1893.	hathifiles_title
OL17199478W	"""Benefits forgot"""	Honoré Morrow	1914	0	4	4	hvd.hx2wcn|coo1.ark:/13960/t4pk0z70p|uc2.ark:/13960/t5gb1z257	Benefits forgot : a story of Lincoln and mother love / by Ho	Morrow, Honoré, 1880-1940	hathifiles_title
OL9433528W	Bush-Life In Queensland	A. C. Grant	1881	0	4	4	uiuo.ark:/13960/t49p3f891|uiuo.ark:/13960/t6j10fb4j|hvd.hw2oft	Bush-life in Queensland : or, John West's colonial experienc	Grant, Alexander Charles.	hathifiles_title
OL16678033W	Life and times of Jesus as related by Thomas Didymus	Clarke, James Freeman	1887	0	5	5	yale.39002088679528|hvd.ah42eg|loc.ark:/13960/t8kd3280z	Life and times of Jesus as related by Thomas Didymus.	Clarke, James Freeman, 1810-1888.	hathifiles_title
OL22074591W	A baker's dozen	Faye Huntington	1892	0	1	1	uva.x030444593	A baker's dozen : thirteen stories to tell and to read aloud		hathifiles_title
OL121250W	The Adventures of Chatterer the Red Squirrel	Thornton W. Burgess	1915	0	1	1	mdp.39015083449507	The adventures of Chatterer the red squirrel / by Thornton W	Burgess, Thornton W. 1874-1965.	hathifiles_title
OL121243W	The adventures of Sammy Jay	Thornton W. Burgess	1915	0	2	2	mdp.39015083449465|nyp.33433089073930	The adventures of Sammy Jay / by Thornton W. Burgess ; with 	Burgess, Thornton W. 1874-1965.	hathifiles_title
OL16897737W	Reminiscences of a ranchman	Edgar Beecher Bronson	1908	0	1	1	njp.32101020127930	Reminiscences of a ranchman.	Bronson, Edgar Beecher, 1856-1917.	hathifiles_title
OL32090991W	Adventures of two youths in a journey to Egypt and the Holy Land	Thomas Wallace Knox	1883	0	1	1	njp.32101026804235	Adventures of two youths in a journey to Egypt and the Holy 	Knox, Thomas Wallace, 1835-1896.	hathifiles_title
OL16678464W	Fighting the Saracens	G. A. Henty	1892	0	1	1	njp.32101041603265	Fighting the Saracens; or, The boy knight, by G.A. Henty ...	Henty, G. A. 1832-1902.	hathifiles_title
OL17710595W	Gorgo	Charles Kelsey Gaines	1903	0	4	4	hvd.hx5cf2|njp.32101045351960|coo1.ark:/13960/t6f19j128	Gorgo : a romance of old Athens / by Charles Kelsey Gaines .	Gaines, Charles Kelsey, 1854-1943	hathifiles_title
OL7643683W	Flight	Omre, Arthur	1940	0	107	0	nyp.33433116602891|nyp.33433108237649|nyp.33433108237631	Flight : a journal devoted to the interests, practice, and p		hathifiles_title
OL1522215W	The eagle's eye	Courtney Ryley Cooper	1918	0	1	1	njp.32101055306771	The eagle's eye : a true story of the imperial German govern	Cooper, Courtney Ryley, 1886-1940.	hathifiles_title
OL15248316W	The lotus woman	Nathan Gallizier	1922	0	1	1	njp.32101055632416	The lotus woman; a romance of Byzantine Constantinople. Illu	Gallizier, Nathan, 1866-1927.	hathifiles_title
OL24120W	The Strange Case of Dr. Jekyll and Mr. Hyde	Robert Louis Stevenson	1950	0	2	0	osu.32435073889818|nyp.33333081195840	Strange case of Dr. Jekyll and Mr. Hyde / Robert Louis Steve	Stevenson, Robert Louis, 1850-1894.	hathifiles_title
OL22708002W	Strange Case of Dr Jekyll and Mr Hyde	Robert Louis Stevenson	1932	0	3	1	osu.32435073889818|coo.31924016709523|nyp.33333081195840	Strange case of Dr. Jekyll and Mr. Hyde / Robert Louis Steve	Stevenson, Robert Louis, 1850-1894.	hathifiles_title
OL4545329W	Donkey-donkey	Roger Duvoisin	1933	0	1	0	uva.x000469843	Donkey-donkey,	Duvoisin, Roger, 1900-1980.	hathifiles_title
OL32089937W	Stepping stones	T. Symmons	1889	0	14	8	njp.32101063578205|nyp.33433003136185|nyp.33433003135864	Stepping stones.		hathifiles_title
OL32096775W	The children in the wood		1897	0	2	2	njp.32101063603748|mcg.ark:/13960/t3hx30955	Children in the wood.		hathifiles_title
OL1115076W	A voyage round the world	William Henry Giles Kingston	1884	0	1	1	njp.32101063604357	A voyage round the world; a book for boys.	Kingston, William Henry Giles, 1814-1880	hathifiles_title
OL33136405W	Stories of Rochester	Frances M. Logan	1914	0	1	1	njp.32101063604415	Stories of Rochester / by M. Frances Logan.	Logan, M. Frances.	hathifiles_title
OL42571833W	Mildred's boys and girls	Martha Finley	1890	0	4	4	hvd.hn5f8z|hvd.hn5hjp|hvd.hn5ich	Mildred's boys and girls : a sequel to Mildred's married lif	Finley, Martha, 1828-1909	hathifiles_title
OL12546114W	All expenses paid	Norman Gale	1896	0	1	1	njp.32101063691446	All expenses paid.	Gale, Norman, 1862-1942.	hathifiles_title
OL7906207W	In action	Frederick Britten Austin	1913	0	1	1	njp.32101064786484	In action : studies in war / by F. Britten Austin.	Austin, F. Britten 1885-1941.	hathifiles_title
OL7539579W	The Half-back	Ralph Henry Barbour	1899	0	3	3	njp.32101064787185|uva.x001083471|osu.32435052837077	The half-back; a story of school, football, and golf, by Ral	Barbour, Ralph Henry, 1870-1944.	hathifiles_title
OL7653632W	Within The Law	Bayard Veiller	1917	0	4	4	uc2.ark:/13960/fk7tm72g6r|nyp.33433104214998|njp.32101064791427	Within the law; a melodrama in four acts.	Veiller, Bayard, 1869-1943.	hathifiles_title
OL17670541W	Irish pastorals	Shan F. Bullock	1901	0	2	2	hvd.32044004446126|njp.32101066121144	Irish pastorals / by Shan F. Bullock.	Bullock, Shan F., 1865-1935	hathifiles_title
OL7769554W	General Claxton	C. H. Hanford	1917	0	1	1	njp.32101066122274	General Claxton : a novel / by C.H. Hanford.	Hanford, C. H. 1849-1926.	hathifiles_title
OL10710786W	The heir to Grand-Pré	John Frederic Herbin	1907	0	2	2	hvd.hn5fhs|njp.32101066122803	The heir to Grand-Pré.	Herbin, John Frederic, 1860-1923	hathifiles_title
OL12520851W	The O'Donnells of Glen cottage	D. P. Conyngham	1881	0	1	1	njp.32101066457829	The O'Donnells of Glen Cottage; a tale of the famine years i	Conyngham, David Power, 1840-1883.	hathifiles_title
OL15476303W	Tom Clifton, or, Western boys in Grant and Sherman's army, '61-'65	Goss, Warren Lee	1892	0	3	3	nc01.ark:/13960/t5t736b7h|hvd.hn1sab|njp.32101066459866	Tom Clifton, or, Western boys in Grant and Sherman's army, '	Goss, Warren Lee, 1835-1925.	hathifiles_title
OL17689964W	Guy Rivers	Simms, William Gilmore	1885	0	4	4	uc2.ark:/13960/t84j0ch3g|uc1.$b441042|njp.32101067176295	Guy Rivers; a tale of Georgia, by W. Gilmore Simms.	Simms, William Gilmore, 1806-1870.	hathifiles_title
OL1337112W	The Little Nugget	P. G. Wodehouse	1914	0	6	4	njp.32101067187680|umn.31951002001434n|uva.x000594124	The little nugget / by P. G. Wodehouse ; illustrations by Wi	Wodehouse, P. G. 1881-1975.	hathifiles_title
OL7023480W	A handbook on story writing	Williams, Blanche Colton	1917	0	3	3	mdp.39015003937938|njp.32101067474260|uiug.30112014045675	A handbook on story writing / by Blanche Colton Williams ...	Williams, Blanche Colton, 1879-1944.	hathifiles_title
OL17006005W	Adrift in New York	Horatio Alger	1900	0	2	2	njp.32101067626174|uc1.31822025940602	Adrift in New York / by Horatio Alger, Jr.	Alger, Horatio, Jr., 1832-1899.	hathifiles_title
OL1526582W	Marcus King, Mormon	Nephi Anderson	1900	0	5	5	njp.32101067626638|njp.32101067626646|uc1.b4381194	Marcus King, Mormon / by Nephi Anderson.	Anderson, Nephi, 1865-1923.	hathifiles_title
OL19653385W	Marcus King, Mormon	Nephi Anderson	1908	0	4	4	njp.32101067626638|njp.32101067626646|uc1.b4381194	Marcus King, Mormon / by Nephi Anderson.	Anderson, Nephi, 1865-1923.	hathifiles_title
OL1526573W	The boys of Springtown	Nephi Anderson	1920	0	1	1	njp.32101067627115	The boys of Springtown : with special reference to William W	Anderson, Nephi, 1865-1923.	hathifiles_title
OL1797196W	An African Millionaire	Grant Allen	1897	0	2	2	njp.32101067627412|uiug.30112037331284	An African millionaire.	Allen, Grant, 1848-1899.	hathifiles_title
OL1526586W	Story of Chester Lawrence	Nephi Anderson	1913	0	1	1	njp.32101067627750	Story of Chester Lawrence : being the completed account of o	Anderson, Nephi, 1865-1923.	hathifiles_title
OL7749830W	The great experience	Julia Farr	1920	0	1	1	njp.32101067643765	The great experience / by Julia Farr ...	Farr, Julia.	hathifiles_title
OL485406W	Betty Zane	Zane Grey	1903	0	4	4	uc1.$b358462|uc2.ark:/13960/t54f1n40x|njp.32101067645232	Betty Zane / by Zane Grey ; illustrations by Louis F. Grant.	Grey, Zane, 1872-1939.	hathifiles_title
OL32089890W	The four MacNicols	Black, William	1882	0	2	2	hvd.hn35pn|njp.32101067707073	The four MacNicols / by William Black.	Black, William, 1841-1898	hathifiles_title
OL4693185W	Under tropic skies	Louis Becke	1904	0	1	1	njp.32101067707685	Under tropic skies.	Becke, Louis, 1855-1913.	hathifiles_title
OL13141067W	At home with the Jardines	Lilian Bell	1904	0	3	3	hvd.hxdhpw|njp.32101067707727|osu.32435017825621	At home with the Jardines / by Lillian Bell.	Bell, Lilian, 1867-1929.	hathifiles_title
OL17682219W	Paston Carew, millionaire and miser	E. Lynn Linton	1886	0	5	5	njp.32101068142148|njp.32101068142155|njp.32101068142163	Paston Carew, millionaire and miser; a novel ...	Linton, E. Lynn 1822-1898.	hathifiles_title
OL45285W	From London to Land's End	Daniel Defoe	1888	0	1	1	njp.32101068150729	From London to Land's End/ by Daniel Defoe, and Two letters 	Defoe, Daniel, 1661?-1731.	hathifiles_title
OL1518386W	The Man from Archangel	Doyle, Arthur Conan	1899	0	1	1	njp.32101068150943	The man from Archangel / by A. Conan Doyle.	Doyle, Arthur Conan, 1859-1930.	hathifiles_title
OL17529W	Montezuma's daughter	H. Rider Haggard	1893	0	9	9	njp.32101068152949|coo.31924013476589|coo.31924064975810	Montezuma's daughter ...	Haggard, H. Rider 1856-1925.	hathifiles_title
OL1130025W	"Hereward the Wake, ""Last of the English"""	Charles Kingsley	1893	0	4	4	njp.32101068153335|hvd.32044024298341|hvd.hn3nal	"Hereward the Wake, ""Last of the English."""	Kingsley, Charles, 1819-1875.	hathifiles_title
OL22124763W	Sunny shores, or, Young America in Italy and Austria	Optic, Oliver	1902	0	2	2	njp.32101068162872|hvd.hn1k9j	Sunny shores, or, Young America in Italy and Austria : a sto	Optic, Oliver, 1822-1897.	hathifiles_title
OL17996862W	Runnymede and Lincoln fair	John George Edgar	1908	0	2	2	njp.32101068177540|iau.31858024270781	Runnymede and Lincoln Fair; a story of the great charter, by	Edgar, John G. 1834-1864.	hathifiles_title
OL10489535W	The shadow of Ashlydyat	Wood, Henry	1898	0	3	3	njp.32101068574308|rul.39030027868167|rul.39030027868118	The shadow of Ashlydyat / by Mrs. Henry Wood.	Wood, Henry, Mrs., 1814-1887.	hathifiles_title
OL5885458W	Maurice, or, The red jar	Jersey, Margaret Elizabeth Leigh Child-Villiers	1894	0	1	1	njp.32101068970167	Maurice, or, the red jar : a tale of magic and adventure for	Jersey, Margaret Elizabeth Leigh Child-V	hathifiles_title
OL7717659W	Two loyal lovers	Elizabeth Winthrop Johnson	1890	0	1	1	njp.32101068970274	Two loyal lovers; a romance, by Elizabeth Winthrop Johnson .	Johnson, Elizabeth Winthrop.	hathifiles_title
OL989260W	The seven wives of Bluebeard	Anatole France	1925	0	1	1	njp.32101071990020	The seven wives of Bluebeard / by Anatole France.	France, Anatole, 1844-1924.	hathifiles_title
OL43015060W	"""Jena"" or ""Sedan""?"	Franz Adam Beyerlein	1914	0	1	1	wu.89067915140	'Jena' or 'Sedan'? / from the German of Franz Adam Beyerlein	Beyerlein, Franz Adam, 1871-1949.	hathifiles_title
OL54147W	Tom Sawyer, Detective	Mark Twain	1897	0	1	1	wu.89099774077	Tom Sawyer, detective : and other stories / by Mark Twain.	Twain, Mark, 1835-1910.	hathifiles_title
OL44337476W	The white sister	Crawford, F. Marion	1909	0	6	5	wu.89099777542|coo.31924021988260|osu.32435006217905	The white sister / by F. Marion Crawford.	Crawford, F. Marion 1854-1909.	hathifiles_title
OL2023395W	Mischief in the lane	August William Derleth	1944	0	1	0	wu.89099781411	Mischief in the lane.	Derleth, August William, 1909-1971.	hathifiles_title
OL10540620W	Black Bethlehem	Lettice Cooper	1947	0	1	0	wu.89099775991	Black Bethlehem.	Cooper, Lettice Ulpha, 1897-	hathifiles_title
OL1123899W	Maria Edgeworth, selections from her works	Edgeworth, Maria	1915	0	2	2	wu.89099923005|coo1.ark:/13960/t0jt0746m	Maria Edgeworth, selections from her works / with an introdu	Edgeworth, Maria, 1767-1849.	hathifiles_title
OL16614101W	The tom cat	Harris, Frank	1928	0	1	1	wu.89099757312	The tom-cat : an apologue / by Frank Harris.	Harris, Frank, 1855-1931.	hathifiles_title
OL7122786W	A woman is witness	Lothar, Ernst	1941	0	1	0	uc1.$b473470	A woman is witness; a Paris diary. Translated by Barrows Mus	Lothar, Ernst, pseud.	hathifiles_title
OL1400700W	Victorian tales for girls	Marghanita Laski	1947	0	1	0	uc1.$b470338	Victorian tales for girls / edited with an introduction by M		hathifiles_title
OL17780145W	Bohemian life	Henri Murger	1899	0	1	1	njp.32101073392910	Bohemian life / Henri Murger.	Murger, Henri, 1822-1861.	hathifiles_title
OL54868W	Looking forward	Booth Tarkington	1926	0	2	2	njp.32101073758326|hvd.32044136027984	Looking forward.		hathifiles_title
OL22124361W	The animal story book		1901	0	8	5	hvd.hn245z|njp.32101074760420|hvd.hw1xyt	The animal story book.	Lang, Andrew, 1844-1912	hathifiles_title
OL16762513W	"The ""Manuscript Found"""	Solomon Spaulding	1886	0	3	3	njp.32101074888841|hvd.32044014400717|uc2.ark:/13960/t3gx47s6w	"The ""manuscript found"" : manuscript story / by Rev. Solomon "	Spaulding, Solomon, 1761-1816.	hathifiles_title
OL16762517W	"The ""manuscript found"""	Solomon Spaulding	1885	0	3	3	njp.32101074888841|hvd.32044014400717|uc2.ark:/13960/t3gx47s6w	"The ""manuscript found"" : manuscript story / by Rev. Solomon "	Spaulding, Solomon, 1761-1816.	hathifiles_title
OL1526580W	The castle builder	Nephi Anderson	1909	0	1	1	njp.32101079836159	The castle builder.	Anderson, Nephi, 1865-1923.	hathifiles_title
OL7458324W	Timbers for the temple	Smith, Elbert A.	1922	0	2	2	njp.32101079836290|uc2.ark:/13960/t5w66d13f	Timbers for the temple; a story of old Nauvoo in days of her	Smith, Elbert A., 1871-1959.	hathifiles_title
OL44087170W	Under Salisbury spire in the days of George Herbert	Emma Marshall	1896	0	2	2	njp.32101063870081|uva.x030736350	Under Salisbury spire, in the days of George Herbert; the re	Marshall, Emma, 1830-1899.	hathifiles_title
OL44729416W	The message	M. E. Northwall	1926	0	11	0	iau.31858045828039|iau.31858045827965|iau.31858045827957	Message.		hathifiles_title
OL7041298W	A Pullet on the Midden	Rachel Knappett	1947	0	1	0	coo.31924001005549	A pullet on the midden.	Knappett, Rachel.	hathifiles_title
OL32100764W	A flat iron for a farthing, or, Some passages in the life of an only son	Juliana Horatia Gatty Ewing	1896	0	3	3	mdp.39015083454689|hvd.hn66kj|hvd.hn3h5t	A flat iron for a farthing, or, Some passages in the life of	Ewing, Juliana Horatia, 1841-1885.	hathifiles_title
OL16243597W	The spinning wheel	Angela Du Maurier	1940	0	1	0	coo.31924084802382	Spinning wheel.		hathifiles_title
OL19669326W	Yeast	Charles Kingsley	1928	0	4	2	coo.31924059807283|umn.319510003273582|uc1.31822042770230	Yeast; dried yeasts and their derivatives,		hathifiles_title
OL42862621W	The tale of two bad mice	Beatrix Potter	1904	0	2	1	mdp.39015083455249|uva.x000469711	The tale of two bad mice / by Beatrix Potter.	Potter, Beatrix, 1866-1943.	hathifiles_title
OL33120783W	The open door	Housman, Laurence	1925	0	10	7	wu.89099759672|nyp.33433096941921|nyp.33433096941939	The open door / by Laurence Housman ; illus. by Alec Buchels	Housman, Laurence, 1865-1959.	hathifiles_title
OL38729932W	Great laughter	Fannie Hurst	1936	0	1	0	wu.89099760266	Great laughter / Fannie Hurst.	Hurst, Fannie, 1889-1968.	hathifiles_title
OL32032952W	The trumpeter of Krakow	Eric P. Kelly	1944	0	1	1	wu.89100335066	The trumpeter of Krakow : a tale of the fifteenth century / 	Kelly, Eric Philbrook, 1884-1960.	hathifiles_title
OL2799295W	Wreath for Arabella	Doris Leslie	1948	0	1	1	wu.89100338961	Wreath for Arabella / by Doris Leslie.	Leslie, Doris.	hathifiles_title
OL12246704W	Hester of the Grants	Theodora Peck	1905	0	3	3	wu.89099767170|uiug.30112003413959|osu.32435075940866	Hester of the Grants: a romance of old Bennington, by Theodo	Peck, Theodora Agnes, 1882-1964.	hathifiles_title
OL39428889W	The magic forest	Stewart Edward White	1914	0	2	2	wu.89099248338|umn.31951000888285z	The magic forest,: a modern fairy story, by Stewart Edward W	White, Stewart Edward, 1873-1946.	hathifiles_title
OL3571663W	The viking heart	Laura Goodman Salverson	1923	0	1	1	wu.89099785016	The viking heart / by Laura Goodman Salverson.	Salverson, Laura Goodman, 1890-	hathifiles_title
OL5340819W	The avatars	George William Russell	1933	0	2	1	mdp.39015002752676|uc1.$b441099	The avatars; a futurist fantasy / by A.E.	Russell, George William, 1867-1935.	hathifiles_title
OL1492982W	Zenobia, Queen of Palmyra	Ware, William	1892	0	2	2	njp.32101064753104|uc2.ark:/13960/t41r6nf17	Zenobia, queen of Palmyra; a tale of the Roman empire in the	Ware, William, 1797-1852.	hathifiles_title
OL32873742W	The rye house plot, or, Ruth, the conspirator's daughter	George W. M. Reynolds	1880	0	1	1	njp.32101065854455	The Rye house plot or, Ruth, the conspirator's daughter / wi	Reynolds, George William MacArchur, 1814	hathifiles_title
OL162846W	The Mott Street Poker Club	Alfred Trumble	1889	0	2	2	njp.32101064283599|pst.000006696474	The Mott Street Poker Club : the secretary's minutes / illus	Trumble, Alfred.	hathifiles_title
OL24955000W	The heiress of Kilorgan	Sadlier, J.	1884	0	1	1	njp.32101065835322	The heiress of Kilorgan; or, Evenings with the old Geraldine	Sadlier, J., Mrs., 1820-1903.	hathifiles_title
OL3370577W	The first book of Krab	Parry, Edward Abbott	1897	0	1	1	njp.32101064710401	The first book of Krab : Christmas stories for young and old	Parry, Edward Abbott, Sir, 1863-1943.	hathifiles_title
OL16888967W	Billy-boy	John Luther Long	1906	0	1	1	nc01.ark:/13960/t5k948b8q	Billy-boy : a study in responsibilities  / by John Luther Lo	Long, John Luther, 1861-1927.	hathifiles_title
OL11235684W	A Welsh witch	Allen Raine	1902	0	2	2	njp.32101065702878|nyp.33433102565003	A Welsh witch : a romance of rough places / by Allen Raine.	Raine, Allen, 1836-1908.	hathifiles_title
OL42292494W	Friendship's offering	A. E. Fisher	1908	0	2	2	uc2.ark:/13960/t74t6g67c|hvd.hnblxs	Friendship's offering.		hathifiles_title
OL32089925W	The clocks of Rondaine and other stories	Frank R. Stockton	1892	0	1	1	uc2.ark:/13960/t91835950	The Clocks of rondaine, and other stories / by Frank R. Stoc	Stockton, Frank R., 1834-1902.	hathifiles_title
OL7717652W	Little almond blossoms	Jessie Juliet Knox	1907	0	1	1	uc2.ark:/13960/t2r49h19z	Little almond blossoms : a book of Chinese stories for child	Knox, Jessie Juliet.	hathifiles_title
OL3750796W	The  great Pike's Peak rush	Sabin, Edwin L.	1917	0	2	2	uc2.ark:/13960/t3fx74s31|uc1.31822038206702	The great Pike's Peak rush : or, Terry in the new gold field	Sabin, Edwin L. 1870-1952.	hathifiles_title
OL16743741W	David of Juniper Gulch	Shuey, Lillian Hinman	1894	0	2	2	uc2.ark:/13960/t9q23s568|uc1.31175035210825	David of Juniper Gulch: a story of the placer regions of Cal	Shuey, Lillian Hinman, 1853-1921.	hathifiles_title
OL8756503W	Buffalo Bill And The Overland Trail	Sabin, Edwin L.	1914	0	3	2	uc2.ark:/13960/t8rb6x46d|uc1.31175030890282|nyp.33333081193100	Buffalo Bill and the overland trail : being the story of how	Sabin, Edwin L. 1870-1952.	hathifiles_title
OL2393522W	Overshadowed	Sutton Elbert Griggs	1901	0	1	1	uc2.ark:/13960/t4xg9g41k	Overshadowed : a novel / by Sutton E. Griggs.	Griggs, Sutton E. 1872-1933.	hathifiles_title
OL1514923W	Raggedy Andy Stories	Johnny Gruelle	1920	0	1	1	hvd.hn3c8m	Raggedy Andy stories : introducing the little rag brother of	Gruelle, Johnny, 1880-1938	hathifiles_title
OL32093913W	Beauty and the Beast	Constance Haslewood	1890	0	2	2	uc2.ark:/13960/t1sf2n441|nc01.ark:/13960/t2r50n87q	Beauty and the beast.		hathifiles_title
OL32097959W	Goody Two-Shoes	Goldsmith, Oliver	1888	0	1	1	uc2.ark:/13960/t53f4ms96	Goody Two-Shoes.		hathifiles_title
OL32097214W	Red Riding Hood	Robert Muller	1880	0	1	1	uc2.ark:/13960/t5w66b96n	Red Riding Hood.		hathifiles_title
OL11243745W	So shall they reap	John Bennett	1944	0	1	0	umn.31951001631170f	So shall they reap,	Bennett, John, 1907-	hathifiles_title
OL16829101W	Light	Henri Barbussse	1919	0	57	26	hvd.hxfy7s|hvd.hxrrv5|hvd.hxrrv6	Light.		hathifiles_title
OL43047777W	Mainly horses	Rhys, Ernest	1929	0	1	1	wu.89099026601	Mainly horses / edited by Ernest Rhys and C. A. Dawson-Scott		hathifiles_title
OL6100437W	With a high heart	Adèle De Leeuw	1945	0	1	0	wu.89098269251	With a high heart / by Adele de Leeuw.	De Leeuw, Adèle, 1899-	hathifiles_title
OL92775W	Bull-dog Drummond	H. C. McNeile	1925	0	3	3	wu.89100300003|uva.x002412967|hvd.hw2ci0	Bull-dog Drummond / by Herman Cyril McNeile.	McNeile, H. C. 1888-1937.	hathifiles_title
OL16084999W	Dorian	Nephi Anderson	1921	0	1	1	njp.32101067627099	Dorian / by Nephi Anderson ...	Anderson, Nephi, 1865-1923.	hathifiles_title
OL1793627W	A princess of the hills	Harrison, Burton	1901	0	1	1	njp.32101072040106	A princess of the hills : an Italian romance / by Mrs. Burto	Harrison, Burton, Mrs., 1843-1920.	hathifiles_title
OL17034639W	Danesbury House	Wood, Henry	1893	0	3	3	njp.32101065605329|uiuo.ark:/13960/t5bc9230n|uc1.31210007111782	Danesbury house ...	Wood, Henry, Mrs., 1814-1887.	hathifiles_title
OL32872246W	Danesbury House	Wood, Henry	1893	0	3	3	njp.32101065605329|uiuo.ark:/13960/t5bc9230n|uc1.31210007111782	Danesbury house ...	Wood, Henry, Mrs., 1814-1887.	hathifiles_title
OL17819807W	The little duke: Richard the Fearless	Yonge, Charlotte Mary	1881	0	9	8	osu.32435005111422|pst.000005337880|coo.31924013577311	The little duke; or, Richard the Fearless.	Yonge, Charlotte M. 1823-1901.	hathifiles_title
OL6672118W	Cupid and Mr. Pepys	Syrett, Netta.	1923	0	1	1	uc1.a0001267392	Cupid and Mr. Pepys : a romance of the days of the great dia	Syrett, Netta.	hathifiles_title
OL17715159W	In the Seven Mountains	Henry W. Shoemaker	1913	0	1	1	hvd.hxcp5z	In the Seven Mountains : legends collected in central Pennsy	Shoemaker, Henry W. 1880-	hathifiles_title
OL271701W	Carette of Sark	Oxenham, John	1907	0	2	2	uiug.30112055268889|iau.31858024403135	Carette of Sark /  by John Oxenham ; with sixteen ill. from 	Oxenham, John, 1852-1941.	hathifiles_title
OL22162982W	Three prize murders	Edith Howie	1941	0	1	0	pst.000005373307	Three prize murders.		hathifiles_title
OL3852119W	The man who lost his head	Claire Huchet Bishop	1942	0	1	0	pst.000004526155	The man who lost his head / by Claire Huchet Bishop, illustr	Bishop, Claire Huchet.	hathifiles_title
OL151830W	The wonderful house	Margaret Wise Brown	1950	0	1	0	pst.000005447022	The wonderful house. / Illustrated by J. P. Miller.	Brown, Margaret Wise, 1910-1952.	hathifiles_title
OL7582947W	Siberian gold	Theodore Acland Harper	1927	0	1	1	pst.000006082062	Siberian gold / by Theodore Aclan Harper; in collaboration w	Harper, Theodore Acland, 1871-1942.	hathifiles_title
OL15854250W	The four friends	Eleanor Hoffmann	1946	0	1	0	pst.000005445790	The four friends / Illustrated by Jim Ponter.	Hoff, Carol.	hathifiles_title
OL22134848W	The old goat	Tiffany Thayer	1937	0	1	0	pst.000006181888	The old goat : a simple picture of home life in America. [il	Thayer, Tiffany, 1902-1959.	hathifiles_title
OL1226320W	The Rose of London: the life, career and character of Jane Shore, the mistress of King Edward the Fourth	Guy Paget	1937	0	1	0	uga1.32108006163425	The Rose of London: the life, career and character of Jane S	Paget, Guy, 1886-1952.	hathifiles_title
OL42468548W	Wessex tales	Hardy, Thomas	1920	0	1	0	uc1.b4880813	Wessex tales : that is to say: The three strangers, A tradit	Hardy, Thomas, 1840-1928.	hathifiles_title
OL20813W	Pictures of war	Crane, Stephen	1898	0	4	4	uc1.b4363495|uc2.ark:/13960/t0ms3kh1p|uc1.b5491694	Pictures of war.	Crane, Stephen, 1871-1900.	hathifiles_title
OL13004789W	The Chinese earth	Ts ung-wen Shen	1947	0	1	0	uc1.b4396719	The Chinese earth; stories, by Shen Tsengwen. Translated by 	Shen, Congwen, 1902-1988	hathifiles_title
OL3490493W	The Chinese earth	Tsʻung-wen Shen	1947	0	1	0	uc1.b4396719	The Chinese earth; stories, by Shen Tsengwen. Translated by 	Shen, Congwen, 1902-1988	hathifiles_title
OL26880333W	Tanglewood Tales	Nathaniel Hawthorne	1931	0	4	1	uc1.31970004764285|uc1.b4445888|uc1.31210001397098	Tanglewood tales / Nathaniel Hawthorne ; with an introductio	Hawthorne, Nathaniel, 1804-1864	hathifiles_title
OL16087190W	The great mistake	Mary Roberts Rinehart	1940	0	1	0	uva.x001181187	The great mistake,	Rinehart, Mary Roberts, 1876-1958.	hathifiles_title
OL3020890W	Seeing is believing	John Dickson Carr	1941	0	3	0	wu.89083298638|umn.31951d023094740|osu.32435002891828	Seeing is believing : Americans go visiting in the Soviet Un		hathifiles_title
OL20642841W	Grandfather's Chair / Mosses from an Old Manse	Nathaniel Hawthorne	1900	0	8	8	loc.ark:/13960/t7wm1mn1t|uva.x030223968|wu.89008425472	Grandfather's chair; a history for youth, by Nathaniel Hawth	Hawthorne, Nathaniel, 1804-1864.	hathifiles_title
OL16735057W	The boy Lincoln	William Osborn Stoddard	1912	0	1	1	loc.ark:/13960/t1hh6nt2r	The boy Lincoln.		hathifiles_title
OL39349875W	Antoine of Oregon	Otis, James	1912	0	1	1	loc.ark:/13960/t49p3d92p	Antoine of Oregon; a story of the Oregon trail,	Otis, James, 1848-1912.	hathifiles_title
OL1527042W	Antoine of Oregon	Otis, James	1912	0	1	1	loc.ark:/13960/t49p3d92p	Antoine of Oregon; a story of the Oregon trail,	Otis, James, 1848-1912.	hathifiles_title
OL17617660W	Hoistah, an Indian girl	Barrett, S. M.	1913	0	1	1	loc.ark:/13960/t3tt58x2m	Hoistah, an Indian girl,	Barrett, S. M. b. 1865.	hathifiles_title
OL532398W	The Affair at the Semiramis Hotel	Mason, A. E. W.	1917	0	1	1	loc.ark:/13960/t5p84xd63	The affair at the Semiramis hotel,	Mason, A. E. W. 1865-1948.	hathifiles_title
OL15532716W	Pictures and poems of the Pike's peak region	Ernest Whitney	1890	0	1	1	loc.ark:/13960/t3126pb52	Pictures and poems of the Pike's peak region.	Whitney, Ernest, 1858-1893.	hathifiles_title
OL13800153W	With Columbus in America	Stanislaus] [Jezewski	1892	0	1	1	loc.ark:/13960/t2f76qz47	With Columbus in America; a novel,	[Jezewski, Stanislaus], 1855-1913. [from	hathifiles_title
OL17370153W	The story of Idylls of the King	Tennyson, Alfred Tennyson	1912	0	1	1	loc.ark:/13960/t2g740032	The story of Idylls of the king,	Tennyson, Alfred Tennyson, Baron, 1809-1	hathifiles_title
OL108856W	Synopses of Dickens's novels	J. Walker McSpadden	1904	0	2	2	loc.ark:/13960/t2q53546g|uc1.31175035207797	Synopses of Dickens's novels,	McSpadden, J. Walker 1874-1960.	hathifiles_title
OL15432557W	Eight [i. e. Nine] selections from the Sketch book	Irving, Washington	1900	0	1	1	loc.ark:/13960/t8ff4jr4f	Eight [i. e. Nine] selections from the Sketch book,	Irving, Washington, 1783-1859.	hathifiles_title
OL5005456W	The boy travellers in South America	Thomas Wallace Knox	1886	0	2	2	loc.ark:/13960/t3cz41f4c|hvd.hn5i5n	The boy travellers in South America;	Knox, Thomas Wallace, 1835-1896. [from o	hathifiles_title
OL32090971W	True stories of great Americans for young Americans	Brooks, Elbridge Streeter	1897	0	2	2	loc.ark:/13960/t84j0vr8t|hvd.hn2zyy	True stories of great Americans for young Americans; telling	Brooks, Elbridge Streeter, 1847-1902.	hathifiles_title
OL1617389W	Three Vassar girls at home	Elizabeth W. Champney	1887	0	3	3	loc.ark:/13960/t75t41r3s|mdp.39076002287873|nyp.33433115689204	Three Vassar girls at home; a holiday trip of three college 	Champney, Elizabeth W. 1850-1922.	hathifiles_title
OL18801443W	Her Navajo lover	Will H. Robinson	1903	0	1	1	loc.ark:/13960/t3805k08w	Her Navajo lover / by W.H. Robinson.	Robinson, William Henry, 1867-	hathifiles_title
OL14877860W	The Duchess of Padua	Oscar Wilde	1905	0	5	5	loc.ark:/13960/t75t49h2g|hvd.32044019567742|coo1.ark:/13960/t5fb5mv63	The Duchess of Padua,	Wilde, Oscar, 1854-1900.	hathifiles_title
OL14868540W	Boots at the Holly-Tree Inn	Charles Dickens	1882	0	1	1	loc.ark:/13960/t8v98pw57	"Boots at the ""Holly tree inn,"""	Dickens, Charles, 1812-1870.	hathifiles_title
OL13792154W	The Mail and express fourth of July prize stories and poems	Mail and express, New York	1888	0	1	1	loc.ark:/13960/t6j10f873	The Mail and express fourth of July prize stories and poems,	Mail and express, New York. [from old ca	hathifiles_title
OL15326628W	The woman who came at night	Barton, Bruce	1914	0	2	2	loc.ark:/13960/t8qc0j91f|uiug.30112001990982	The woman who came at night; being the experiences of a mini	[Barton, Bruce], 1886-1967.	hathifiles_title
OL7871986W	The dreamer	Mary Newton Stanard	1909	0	2	2	loc.ark:/13960/t3cz3tc8j|uva.x000193882	The dreamer : a romantic rendering of the life-story of Edga	Stanard, Mary Newton, 1865-1929.	hathifiles_title
OL15377551W	Louisiana and Texas for the winter tourist ...		1911	0	1	1	loc.ark:/13960/t9378491t	Louisiana and Texas for the winter tourist ...		hathifiles_title
OL455456W	The snow-image, The Great stone-face, Little Daffydowndilly	Nathaniel Hawthorne	1898	0	1	1	loc.ark:/13960/t9b571w38	The snow-image, The Great stone-face, Little Daffydowndilly,	Hawthorne, Nathaniel, 1804-1864.	hathifiles_title
OL15363420W	Stories of the French revolution	Montgomery, Walter,	1893	0	1	1	loc.ark:/13960/t82j7618k	Stories of the French revolution,	Montgomery, Walter, [from old catalog]	hathifiles_title
OL5656060W	Kennesaw's bombardment, or, How the sharpshooters woke up the batteries	Brown, Joseph M.	1890	0	2	2	loc.ark:/13960/t9k369m71|nc01.ark:/13960/t6252734q	Kennesaw's bombardment, or, How the sharpshooters woke up th	Brown, Joseph M., 1851-1932.	hathifiles_title
OL1657942W	Christie, the King's servant	Walton, O. F.	1890	0	1	1	mdp.39015088626752	"Christie, the King's servant : a sequel to ""Christie's old o"	Walton, O. F., Mrs.	hathifiles_title
OL12199444W	The prisoners of war	Archibald McCowan	1901	0	2	1	wu.89059404228|uiug.30112063003583	The prisoners of war : a reminiscence of the Rebellion / by 	McCowan, Archibald.	hathifiles_title
OL32088594W	Jack and the bean-stalk	Tennyson, Hallam Tennyson	1886	0	1	1	uc2.ark:/13960/t13n22v9p	Jack and the bean-stalk; English hexameters by Hallam Tennys	Tennyson, Hallam Tennyson, Baron, 1852-1	hathifiles_title
OL32091107W	Last words	Juliana Horatia Gatty Ewing	1891	0	2	2	mdp.39015087956457|hvd.hn66kq	Last words : a final collection of stories / by Juliana Hora	Ewing, Juliana Horatia, 1841-1885.	hathifiles_title
OL32092529W	Jack the giant killer		1889	0	4	4	mdp.39015088612588|umn.31951000895616b|umn.31951000780108w	Jack the giant killer / by Richard Doyle.	Doyle, Richard, 1824-1883.	hathifiles_title
OL32090753W	Jack the giant killer		1880	0	5	5	mdp.39015088612588|umn.31951000895616b|umn.31951000780108w	Jack the giant killer / by Richard Doyle.	Doyle, Richard, 1824-1883.	hathifiles_title
OL3919498W	The twins and Tabiffa	Constance Heward	1923	0	1	1	umn.319510009553407	The twins and Tabiffa.	Heward, Constance.	hathifiles_title
OL44935W	A Changed Man	Hardy, Thomas	1913	0	2	2	uva.x000192390|pst.000011607083	A changed man,	Hardy, Thomas, 1840-1928.	hathifiles_title
OL32098073W	With the dream-maker	John Habberton	1898	0	1	1	uva.x030749328	With the dream-maker / by John Habberton ; illustrated by J.	Habberton, John, 1842-1921.	hathifiles_title
OL22130541W	The little warrior	P. G. Wodehouse	1923	0	2	2	uva.x004041436|uva.x000205751	The little warrior,	Wodehouse, P. G. 1881-1975.	hathifiles_title
OL19679486W	Penelope's Irish experiences	Wiggin, Kate Douglas Smith	1901	0	2	2	uva.x000366763|coo.31924072558111	Penelope's Irish experiences,	Wiggin, Kate Douglas Smith, 1856-1923.	hathifiles_title
OL39417443W	The blue cockade	Williams, Flora (McDonald)	1905	0	2	2	uva.x001086102|osu.32435071217178	The blue cockade : a story of the confederacy / by Flora McD	Williams, Flora McDonald, 1842-1930.	hathifiles_title
OL12200527W	The blue cockade	Flora McDonald Williams	1905	0	2	2	uva.x001086102|osu.32435071217178	The blue cockade : a story of the confederacy / by Flora McD	Williams, Flora McDonald, 1842-1930.	hathifiles_title
OL39428876W	The house of pride and other tales of Hawaii	John Griffith London	1914	0	4	4	uva.x000206348|umn.31951002361831s|pst.000006096533	The house of pride, and other tales of Hawaii.	London, Jack, 1876-1916.	hathifiles_title
OL137397W	The After House	Mary Roberts Rinehart	1914	0	2	2	uva.x001534919|hvd.hxdmde	The after house; a story of love, mystery and a private yach	Rinehart, Mary Roberts, 1876-1958.	hathifiles_title
OL7736780W	Between the lines on the American front	Franklin T. Ames	1919	0	2	2	uva.x030802623|coo1.ark:/13960/t98633330	Between the lines on the American front: a boys' story of th	Ames, Franklin T., pseud.	hathifiles_title
OL22069021W	A bag of stories	Warner, Anna Bartlett	1883	0	3	3	uva.x030826027|uva.x001140228|hvd.hn5f9x	A bag of stories,	Warner, Anna Bartlett, 1824-1915.	hathifiles_title
OL33138016W	The jolly rover	J. T. Trowbridge	1882	0	2	2	hvd.hn28fb|uva.x030743265	The jolly rover / by J.T. Trowbridge.	Trowbridge, J. T. 1827-1916.	hathifiles_title
OL17985671W	The wandering dog	Saunders, Marshall	1916	0	1	1	uva.x000856712	The wandering dog; adventures of a fox-terrier,	Saunders, Marshall, 1861-1947.	hathifiles_title
OL6926251W	The place of animals in human thought	Martinengo-Cesaresco, Evelyn Lilian Hazeldine Carrington	1909	0	2	2	nyp.33433080062908|uva.x000875762	The place of animals in human thought.	Martinengo-Cesaresco, Evelyn Lilian Haze	hathifiles_title
OL19553556W	The Menehunes	Emily Foster Day	1905	0	3	3	uc2.ark:/13960/t9d50k886|uva.x004520770|loc.ark:/13960/t18k85733	The Menehunes; their adventures with the fisherman and how t	Day, Emily Foster.	hathifiles_title
OL39454775W	The horoscope	Dumas, Alexandre	1897	0	3	3	uva.x030742958|hvd.32044105239180|umn.31951002117910a	The horoscope / by Alexander Dumas. Tr. from the French by M	Dumas, Alexandre, 1802-1870.	hathifiles_title
OL1064175W	Daddy's girl	L. T. Meade	1900	0	1	1	uva.x004729360	Daddy's girl : and Consuelo's quest of happiness / by L. T. 	Meade, L. T., 1844-1914	hathifiles_title
OL7030018W	Penshurst Castle in the time of Sir Philip Sidney	Emma Marshall	1894	0	3	3	uva.x004507134|hvd.hn1spq|uga1.32108006314507	Penshurst Castle in the time of Sir Philip Sidney / by Emma 	Marshall, Emma, 1830-1899.	hathifiles_title
OL2530535W	John Holden, unionist	De Leon, T. C.	1893	0	1	1	uva.x030749403	John Holden, unionist : a romance of the days of Forrest's r	De Leon, T. C. 1839-1914.	hathifiles_title
OL6818345W	Swift fawn	Mary Hazelton Blanchard Wade	1916	0	1	1	uva.x030743268	Swift fawn : the little foundling.	Wade, Mary H., 1860-1936	hathifiles_title
OL1102675W	The young gunbearer	Browne, George Waldo	1900	0	1	1	uva.x030802555	The young gunbearer : a tale of the neutral ground, Acadia, 	Browne, George Waldo, 1851-1930.	hathifiles_title
OL2288673W	The Green Eyes of Bast	Sax Rohmer	1920	0	3	3	uva.x000875655|hvd.32044086905015|coo.31924013235548	The green eyes of Bast / by Sax Rohmer [pseud.] ...	Rohmer, Sax, 1883-1959.	hathifiles_title
OL16739092W	A soldier of Manhattan		1897	0	3	3	uva.x002185484|hvd.hn1vre|ien.35556006176135	A soldier of Manhattan : and his adventures at Ticonderoga a	Altsheler, Joseph A. 1862-1919.	hathifiles_title
OL1795172W	A soldier of Manhattan	Joseph A. Altsheler	1897	0	3	3	uva.x002185484|hvd.hn1vre|ien.35556006176135	A soldier of Manhattan : and his adventures at Ticonderoga a	Altsheler, Joseph A. 1862-1919.	hathifiles_title
OL16523510W	The first cruiser out	William Osborn Stoddard	1898	0	1	1	uva.x004282538	The first cruiser out : a Cuban war story ; Visitors at Gram	Stoddard, William O., 1835-1925	hathifiles_title
OL32090047W	The Swiss family Robinson, or, The adventures of a shipwrecked family on an uninhabited island near New Guinea	Johann David Wyss	1888	0	1	1	uva.x001818303	The Swiss family Robinson, or, The adventures of a shipwreck	Wyss, Johann David, 1743-1818.	hathifiles_title
OL141852W	Dr. Le Baron and his daughters	Jane G. Austin	1890	0	2	2	uiuo.ark:/13960/t5cc4ct82|uva.x030749361	Dr. Le Baron and his daughters : a story of the Old Colony /	Austin, Jane G. 1831-1894.	hathifiles_title
OL7133770W	That boy o'mine	Nina Hill Robinson	1908	0	1	1	uva.x030803652	"That boy o' mine / by the author of ""Aunt Dice."""	Robinson, Nina Hill.	hathifiles_title
OL205339W	Grasshopper Green and the meadow-mice	Rae, John	1922	0	1	1	uva.x000596426	Grasshopper green and the meadow-mice / written and illus. b	Rae, John, 1882-1963.	hathifiles_title
OL17775366W	The Best Short Stories of 1915	O'Brien, Edward Joseph Harrington	1916	0	1	1	uva.x000596476	The best short stories of 1915 : and the yearbook of the Ame		hathifiles_title
OL95927W	Beyond the great south wall	Frank Savile	1901	0	2	2	uva.x030787959|hvd.32044080925902	Beyond the great south wall: the secret of the Antarctic / b	Savile, Frank	hathifiles_title
OL38768222W	The page of the Duke of Savoy	Dumas, Alexandre	1896	0	7	7	uva.x030825534|pst.000029558766|pst.000029557660	The page of the Duke of Savoy / by Alexandre Dumas.	Dumas, Alexandre, 1802-1870.	hathifiles_title
OL12181485W	Tuckahoe	Francis Elizabeth Scott Bagby	1907	0	1	1	uva.x002008762	Tuckahoe; a collection of Indian stories and legends, by Mrs	Bagby, Francis Elizabeth Scott.	hathifiles_title
OL32090636W	The courteous knight and other tales	E. Edwardson	1899	0	1	1	uva.x002649839	The courteous knight and other tales : borrowed from Spenser	Edwardson, E.	hathifiles_title
OL6572066W	Out of the darkness, or, diabolism and destiny	John Wesley Grant	1909	0	2	2	uiug.30112014088766|uva.x001866470	Out of the darkness, or, Diabolism and destiny / by J.W. Gra	Grant, John Wesley, 1850-	hathifiles_title
OL7015368W	The green graves of Balgowrie	Jane Helen Findlater	1896	0	2	1	uva.x004506780|hvd.hnp97e	The green graves of Balgowrie / by Jane Helen Findlater.	Findlater, Jane Helen, 1866-1946.	hathifiles_title
OL18039233W	The quest of John Chapman	Newell Dwight Hillis	1913	0	2	2	uva.x000983539|coo1.ark:/13960/t40s0bh34	The quest of John Chapman : the story of a forgotten hero / 	Hillis, Newell Dwight, 1858-1929.	hathifiles_title
OL32092098W	The story of a coral necklace	Robina F. Hardy	1889	0	1	1	uva.x030825961	The story of a coral necklace / by Robina F. Hardy ; with il	Hardy, Robina F.	hathifiles_title
OL43024989W	Alice McDonald	J B Logan	1901	0	1	1	uva.x001280936	Alice McDonald : or, The heroine of principle : a story of t	Logan, J. B. -1878	hathifiles_title
OL32100021W	Jacob & the raven	Frances Mary Peard	1896	0	1	1	uva.x030826085	Jacob & the raven : with other stories for children / by Fra	Peard, Frances Mary, 1835-1923.	hathifiles_title
OL4072572W	The Moving Picture Girls Under the Palms	Laura Lee Hope	1914	0	1	1	uva.x000937297	The moving picture girls under the palms : or; Lost in the w	Hope, Laura Lee.	hathifiles_title
OL42932643W	Rodolphus	Abbott, Jacob	1880	0	1	1	uva.x004282843	Rodolphus : a Franconia story. Illustrated.	Abbott, Jacob, 1803-1879.	hathifiles_title
OL42571809W	Mildred at home	Martha Finley	1890	0	1	1	uva.x000450207	Mildred at home : a sequel to Mildred's married life  / by M	Finley, Martha, 1828-1909.	hathifiles_title
OL7427433W	My South sea island	Eric Muspratt	1931	0	2	0	pst.000019138053|iau.31858048845121	My South sea island.	Muspratt, Eric, 1899-	hathifiles_title
OL31971259W	Heart of Darkness	Conrad, Joseph	1899	1	1	0	pst.000027630099	Heart of darkness : and The secret sharer / with an introduc	Conrad, Joseph, 1857-1924.	hathifiles_title
OL29000391W	Heart of Darkness	Conrad, Joseph	1899	0	1	0	pst.000027630099	Heart of darkness : and The secret sharer / with an introduc	Conrad, Joseph, 1857-1924.	hathifiles_title
OL38663W	Heart of Darkness	Conrad, Joseph	1899	0	1	0	pst.000027630099	Heart of darkness : and The secret sharer / with an introduc	Conrad, Joseph, 1857-1924.	hathifiles_title
OL23987517W	The story of Grettir the Strong	Eiríkr Magnússon	1901	0	2	2	mdp.39015088639334|uc1.c056902500	The story of Grettir the Strong / by Allen French.		hathifiles_title
OL7639213W	The nightingale (a life of Chopin)	Marjorie Strachey	1925	0	1	1	umn.31951002185454e	The nightingale (a life of Chopin)	Strachey, Marjorie.	hathifiles_title
OL472269W	Surprise endings by Hercule Poirot	Agatha Christie	1936	0	1	0	mdp.39076005032938	Surprise endings by Hercule Poirot.	Christie, Agatha, 1890-1976.	hathifiles_title
OL4481455W	The magic bow	Manuel Komroff	1940	0	1	0	mdp.39076006088392	The magic bow; a romance of Paganini.	Komroff, Manuel, 1890-1974.	hathifiles_title
OL32045782W	The magic bow	Manuel Komroff	1940	0	1	0	mdp.39076006088392	The magic bow; a romance of Paganini.	Komroff, Manuel, 1890-1974.	hathifiles_title
OL22233179W	Rogues' gallery	Ellery QUEEN	1945	0	1	0	mdp.39076006275007	Rogues' gallery; the great criminals of modern fiction.	Queen, Ellery.	hathifiles_title
OL500583W	The four-story mistake	Elizabeth Enright	1942	0	1	0	mdp.39076001173801	The four-story mistake / written and illustrated by Elizabet	Enright, Elizabeth, 1909-1968.	hathifiles_title
OL80945W	Brat Farrar	Tey, Josephine	1949	0	3	0	mdp.39076001173827|uva.x000214009|cub.u183033554240	Brat Farrar / Josephine Tey.	Tey, Josephine, 1896 or 1897-1952.	hathifiles_title
OL1546011W	Memoirs of a donkey	Ségur, Sophie	1924	0	1	1	mdp.39076002155369	Memoirs of a donkey / by Madame de Ségur ; translated from t	Ségur, Sophie, comtesse de, 1799-1874.	hathifiles_title
OL32094024W	Daddy's boy	L. T. Meade	1898	0	1	1	mdp.39076002160104	Daddy's boy / by L.T. Meade ; illustrated by Laura Troubridg	Meade, L. T., 1844-1914.	hathifiles_title
OL7671433W	The little woman wanted noise	Val Teal	1943	0	1	0	mdp.39076002170426	The little woman wanted noise / by Val Teal ; pictures by Ro	Teal, Val.	hathifiles_title
OL7053798W	Watchdog	Laura Bannon	1948	0	1	1	mdp.39076002401011	Watchdog / story and pictures by Laura Bannon.	Bannon, Laura.	hathifiles_title
OL5898196W	Uncle Swithin's inventions	Wheaton Phillips Webb	1947	0	1	1	mdp.39076002170574	Uncle Swithin's inventions / story by Wheaton P. Webb ; draw	Webb, Wheaton Phillips, 1911-	hathifiles_title
OL15404300W	Old, old tales retold	Frederick Richardson	1923	0	2	2	mdp.39076002183015|uiug.30112066761617	Old old tales retold : eight best-beloved folk stories for c		hathifiles_title
OL32090113W	That football game	Francis James Finn	1897	0	1	1	mdp.39076002717705	That football game : and what came of it / by Francis J. Fin	Finn, Francis J. 1859-1928.	hathifiles_title
OL32093892W	Nutcracker and mouse king	Hoffmann, E. T. A.	1892	0	1	1	mdp.39076002202336	Nutcracker and mouse king ; and, The educated cat / from the	Hoffmann, E. T. A. 1776-1822.	hathifiles_title
OL7334264W	The red canoe	Harriet Evatt	1940	0	1	0	mdp.39076002212574	The red canoe / by Harriet Evatt.	Evatt, Harriet, 1895-1983.	hathifiles_title
OL32097384W	Happy holidays		1884	0	1	1	mdp.39076002191422	Happy holidays / by Frances G. Wickes ; pictures by Gertrude	Wickes, Frances G. 1875-1967.	hathifiles_title
OL5099027W	The Lark on the Wing	Elfrida Vipont	1950	0	1	0	mdp.39076002191786	The lark on the wing / by Elfrida Vipont ; illustrated by Sa	Vipont, Elfrida, 1902-1992.	hathifiles_title
OL39411592W	The house-boat on the St. Lawrence	Everett T. Tomlinson	1901	0	1	1	mdp.39076002192180	The house-boat on the St. Lawrence / by Everett T. Tomlinson	Tomlinson, Everett T. 1859-1931.	hathifiles_title
OL16870181W	Risen from the ranks	Horatio Alger	1910	0	2	2	coo.31924074596630|iau.31858040922357	Risen from the ranks; or, Harry Walton's success.	Alger, Horatio, Jr., 1832-1899.	hathifiles_title
OL7479311W	Princess of Yucatan	Alice Alison Lide	1939	0	1	1	mdp.39076002197130	Princess of Yucatan / by Alice Alison Lide ; illustrated by 	Lide, Alice Alison, 1890-1956.	hathifiles_title
OL6832190W	Sleigh bells for Windy Foot	Frances Frost	1948	0	1	0	mdp.39076002197627	Sleigh bells for Windy Foot / by Frances Frost ; illustrated	Frost, Frances, 1905-1959.	hathifiles_title
OL3913546W	Adventures of Arab	Louis Slobodkin	1946	0	1	0	mdp.39076002197692	The adventures of Arab / Louis Slobodkin.	Slobodkin, Louis, 1903-1975.	hathifiles_title
OL7547963W	Little Jeanne of France	Madeline Brandeis	1929	0	1	1	mdp.39076002245541	Little Jeanne of France / by Madeline Brandeis ; photographi	Brandeis, Madeline, 1897-1937.	hathifiles_title
OL7479310W	Pearls of fortune	Alice Alison Lide	1931	0	1	0	mdp.39076002242118	Pearls of fortune / by Alice Alison Lide and Margaret Alison	Lide, Alice Alison, 1890-1956.	hathifiles_title
OL2678063W	The Fair American	Elizabeth Jane Coatsworth	1940	0	1	0	mdp.39076002193667	The Fair American / by Elizabeth Coatsworth ; pictures by He	Coatsworth, Elizabeth, 1893-1986.	hathifiles_title
OL549985W	Lobo, Rag, and Vixen and pictures	Ernest Thompson Seton	1899	0	1	1	mdp.39076002196132	Lobo, Rag, and Vixen and pictures : being the personal histo	Seton, Ernest Thompson, 1860-1946.	hathifiles_title
OL7166097W	Bambino the clown	Georges Schreiber	1947	0	1	0	mdp.39076002195407	Bambino the clown / by Georges Schreiber.	Schreiber, Georges, 1904-1977.	hathifiles_title
OL32849741W	Three Vassar girls on the Rhine	Elizabeth W. Champney	1887	0	1	1	mdp.39076002287881	Three Vassar girls on the Rhine : a holiday trip of three co	Champney, Elizabeth W. 1850-1922.	hathifiles_title
OL3581422W	Tom Swift and his Sky Racer	Victor Appleton	1911	0	1	1	mdp.39076002194574	Tom Swift and his sky racer : or, the quickest flight on rec	Appleton, Victor.	hathifiles_title
OL15840526W	Tom Swift in the caves of ice	Victor Appleton	1911	0	1	1	mdp.39076002194608	Tom Swift in the caves of ice : or, the wreck of the airship	Appleton, Victor.	hathifiles_title
OL17983905W	Knight of the wilderness	Maxine Shore	1943	0	1	0	mdp.39076002266067	Knight of the wilderness : the story of Alexander Mackenzie 	Shore, Maxine.	hathifiles_title
OL15739978W	Lardy the Great	Reed Fulton	1932	0	1	0	mdp.39076002266281	Lardy the Great / by Reed Fulton.	Fulton, Reed.	hathifiles_title
OL4785079W	Black Falcon	Armstrong Sperry	1949	0	1	0	mdp.39076002314917	Black Falcon : a story of piracy and Old New Orleans / writt	Sperry, Armstrong, 1897-1976.	hathifiles_title
OL44081798W	Frankenstein, or, the modern Prometheus	Mary Wollstonecraft Shelley	1899	0	2	2	mdp.39076005079566|cub.p103022807015	Frankenstein, or, The modern Prometheus / by Mrs. Shelley.	Shelley, Mary Wollstonecraft, 1797-1851.	hathifiles_title
OL2992034W	Stories of my home folks	Stephens, C. A.	1926	0	1	1	mdp.39076005080218	Stories of my home folks.	Stephens, C. A. 1844-1931.	hathifiles_title
OL16278713W	The old tobacco shop	William Bowen	1921	0	2	2	mdp.39076002449382|nc01.ark:/13960/t48p71g0m	The old tobacco shop : a true account of what befell a littl	Bowen, William, 1877-1937.	hathifiles_title
OL7547968W	The Little Swiss Wood Carver	Madeline Brandeis	1929	0	1	1	mdp.39076002449309	The little Swiss wood-carver / by Madeline Brandeis; photogr	Brandeis, Madeline, 1897-1937.	hathifiles_title
OL12104220W	The adventures of Monkey	Chʻeng-en Wu	1944	0	2	0	coo.31924023404324|mdp.39076002271786	The adventures of Monkey / adapted from the translation made		hathifiles_title
OL7479304W	Aztec drums	Alice Alison Lide	1938	0	1	0	mdp.39076002271976	Aztec drums / by Alice Alison Lide ; illustrated by Carlos S	Lide, Alice Alison, 1890-1956.	hathifiles_title
OL7540137W	Jane's island	Marjorie Hill Allee	1931	0	1	0	mdp.39076002272065	Jane's island / by Marjorie Hill Allee ; with illustrations 	Allee, Marjorie Hill, 1890-1945.	hathifiles_title
OL4892387W	The boy allies with Marshall Foch, or, The closing days of the Great World War	Clair W. Hayes	1919	0	1	1	mdp.39076002274277	The boy allies with Marshall Foch, or, The closing days of t	Hayes, Clair W. 1887-	hathifiles_title
OL2678141W	The boy with the parrot	Elizabeth Jane Coatsworth	1930	0	2	1	mdp.39076002580467|umn.319510008885441	The boy with the parrot : a story of Guatemala / by Elizabet	Coatsworth, Elizabeth, 1893-1986.	hathifiles_title
OL19670841W	Heidi	Spyri, Johanna	1945	0	2	0	mdp.39076002580483|pst.000028372639	Heidi / adapted from the original story by Johanna Spyri ; p	Spyri, Johanna, 1827-1901.	hathifiles_title
OL32090120W	Old nursery stories	Sarah Catherine Martin	1892	0	1	1	mdp.39076002595473	Old nursery stories.		hathifiles_title
OL4341611W	Little Grey Rabbit's party	Uttley, Alison	1937	0	1	0	mdp.39076002595689	Little Grey Rabbit's party / by Alison Uttley ; pictures by 	Uttley, Alison, 1884-1976.	hathifiles_title
OL6810108W	Honey of the Nile	Erick Berry	1938	0	1	0	mdp.39076002598006	Honey of the Nile / by Erick Berry [i.e. A.C. Best] ; illust	Berry, Erick, 1892-1974.	hathifiles_title
OL6590091W	Story in America, 1933-1934	Whit Burnett	1934	0	1	0	mdp.39076002945983	Story in America, 1933-1934 : thirty-four selections from th		hathifiles_title
OL1970099W	The clockwork twin	Walter R. Brooks	1937	0	1	0	mdp.39076002598188	The clockwork twin / by Walter R. Brooks ; with illustration	Brooks, Walter R., 1886-1958.	hathifiles_title
OL3348147W	Jungle babies	Osa Johnson	1930	0	1	1	mdp.39076002604549	Jungle babies / by Mrs. Martin Johnson ; with 21 illustratio	Johnson, Osa, 1894-1953.	hathifiles_title
OL32088397W	The story of a puppet, or, The adventures of Pinocchio	Carlo Collodi	1892	0	1	1	mdp.39076002596604	The story of a puppet, or, The adventures of Pinocchio / by 	Collodi, Carlo, 1826-1890.	hathifiles_title
OL7896465W	With Cortes the conqueror	Virginia Cruse Watson	1917	0	1	1	mdp.39076002604655	With Cortes the conqueror / by Virginia Watson ; with illust	Watson, Virginia, 1872-	hathifiles_title
OL220258W	The bunny stories	John Howard Jewett	1892	0	1	1	mdp.39076002629751	The bunny stories : for young people / by John Howard Jewett	Jewett, John Howard, 1843-1925.	hathifiles_title
OL32088672W	The Monkey that would not kill	Drummond, Henry	1898	0	2	2	mdp.39076002621642|nyp.33333219848732	The monkey that would not kill / by Henry Drummond ; with si	Drummond, Henry, 1851-1897.	hathifiles_title
OL7133787W	Fifer-boy of the Boston siege	Rand, Edward A.	1900	0	1	1	mdp.39076002621873	Fifer-boy of the Boston siege / by Edward A. Rand.	Rand, Edward A. 1837-1903.	hathifiles_title
OL14848603W	Coming through the rye	Grace Livingston Hill	1926	0	1	1	mdp.39076002647803	Coming through the rye / by Grace Livingston Hill.	Hill, Grace Livingston, 1865-1947.	hathifiles_title
OL42571784W	Mildred's married life	Martha Finley	1890	0	1	1	mdp.39076002648363	Mildred's married life : a sequel to Mildred and Elsie / by 	Finley, Martha, 1828-1909.	hathifiles_title
OL32100728W	The house of surprises	L. T. Meade	1896	0	1	1	mdp.39076002657281	The house of surprises : a story for girls / by L.T. Meade.	Meade, L. T., 1844-1914.	hathifiles_title
OL6455642W	The white leader	Constance Lindsay Skinner	1926	0	1	1	mdp.39076002658016	The White Leader / by Constance Lindsay Skinner ; illustrati	Skinner, Constance Lindsay, 1877-1939.	hathifiles_title
OL34044480W	Dave Dawson with the Commandos	Robert Bowen	1942	0	1	1	mdp.39076002631138	Dave Dawson with the commandos / by R. Sidney Bowen.	Bowen, Robert Sidney, 1900-1977.	hathifiles_title
OL4893691W	Frank Merriwell's Bravery	Burt L. Standish	1903	0	2	2	mdp.39076002700347|hvd.32044119762094	Frank Merriwell's bravery / by Burt L. Standish.	Standish, Burt L., 1866-1945.	hathifiles_title
OL7477712W	Varsity letter	Reck, Franklin Mering	1942	0	1	0	mdp.39076002720089	Varsity letter / by Franklin M. Reck.	Reck, Franklin M. 1896-1965.	hathifiles_title
OL5057540W	Cherry Ames, Student Nurse	Helen Wells	1946	0	1	0	mdp.39076002789779	Cherry Ames, student nurse / by Helen Wells.	Wells, Helen, 1910-1986.	hathifiles_title
OL15396387W	Cherry Ames, Veterans' Nurse	Helen Wells	1946	0	1	0	mdp.39076002789829	Cherry Ames, veterans' nurse / by Helen Wells.	Wells, Helen, 1910-1986.	hathifiles_title
OL15147003W	Mr. Popper's Penguins	Richard Atwater	1938	0	2	0	mdp.39076001737886|uva.x000386840	Mr. Popper's penguins / by Richard and Florence Atwater ; il	Atwater, Richard.	hathifiles_title
OL462098W	The Peter Pan picture book	J. M. Barrie	1907	0	1	0	mdp.39076002775158	The Peter Pan picture book : the picture story is based on t	Barrie, J. M. 1860-1937.	hathifiles_title
OL4892386W	The boy allies with Haig in Flanders, or, The fighting Canadians of Vimy Ridge	Clair W. Hayes	1918	0	1	1	mdp.39076002790066	The boy allies with Haig in Flanders, or, The fighting Canad	Hayes, Clair W. 1887-	hathifiles_title
OL4892385W	The boy allies under the Stars and Stripes, or, Leading the American troops to the firing line	Clair W. Hayes	1918	0	1	1	mdp.39076002790116	The boy allies under the Stars and Stripes, or, Leading the 	Hayes, Clair W. 1887-	hathifiles_title
OL7577781W	Where's Patsy?	Marjorie Poppleton	1946	0	1	0	mdp.39076002885510	Where's Patsy? / story and pictures by Marjorie Poppleton.	Poppleton, Marjorie.	hathifiles_title
OL12936095W	The last Abbot	A. F Webling	1944	0	1	0	uc1.$b808645	The last Abbot / A.F. Webling.	Webling, A. F. 1876-	hathifiles_title
OL28614152W	Tante	Anne Douglas Sedgwick	1912	0	1	0	uc1.$b805668	Tante,	Sedgwick, Anne Douglas, 1873-1935.	hathifiles_title
OL7857887W	Rebekah	Jones, M. P.	1889	0	3	3	uc1.$b807276|uc2.ark:/13960/t10p0x29c|umn.31951002001985m	Rebekah : a tale of three cities / by M.P. Jones.	Jones, M. P.	hathifiles_title
OL5464892W	Off to California	Hendrik Conscience	1885	0	1	1	uc1.$b807481	Off to California : a tale of the gold country / adapted fro	Conscience, Hendrik, 1812-1883.	hathifiles_title
OL12184678W	The glass crutch	James Alonzo Bishop	1945	0	1	0	uc1.$b803555	The glass crutch : the biographical novel of William Wynne W	Bishop, Jim, 1907-1987.	hathifiles_title
OL12489416W	The last slaver	George S. King	1933	0	1	0	uc1.$b799410	The last slaver / by George S. King.	King, George S. 1878-	hathifiles_title
OL6326572W	For this my glory	Paul Dayton Bailey	1940	0	1	1	uc1.$b800517	For this my glory,	Bailey, Paul, 1906-1987.	hathifiles_title
OL9437747W	So immortal a flower	Roberts, Cecil	1944	0	2	0	uc1.$b795583|coo.31924013217652	So immortal a flower / Cecil Roberts.	Roberts, Cecil, 1892-1976.	hathifiles_title
OL505708W	Introduction to modern English and American literature	W. Somerset Maugham	1943	0	1	0	uc1.$b683694	Introduction to modern English and American literature.	Maugham, W. Somerset 1874-1965.	hathifiles_title
OL2170624W	The hunter of the Pamirs	Georgiĭ Tushkan	1944	0	1	0	uc1.$b662550	The hunter of the Pamirs; a novel of adventure in Soviet Cen	Tushkan, Georgiĭ.	hathifiles_title
OL16747271W	English prose fiction, including translations	San Francisco Public Library	1897	0	3	3	uc1.$b658917|uc1.b4523851|uc2.ark:/13960/t8v98c99t	English prose fiction, including translations.	San Francisco Public Library.	hathifiles_title
OL485428W	The Dude Ranger	Zane Grey	1931	0	3	1	uc1.$b358699|ufl.31262047386999|ufl.31262047386973	The dude ranger / Zane Grey.	Grey, Zane, 1872-1939.	hathifiles_title
OL485647W	Majesty's Rancho	Zane Grey	1937	0	1	0	uc1.$b358709	Majesty's rancho / Zane Grey.	Grey, Zane, 1872-1939.	hathifiles_title
OL485547W	Twin Sombreros	Zane Grey	1940	0	1	0	uc1.$b358710	Twin Sombreros / Zane Grey.	Grey, Zane, 1872-1939.	hathifiles_title
OL485680W	Robbers' roost	Zane Grey	1930	0	1	0	uc1.$b358712	Robbers' roost / Zane Grey.	Grey, Zane, 1872-1939.	hathifiles_title
OL11477670W	The blue and the gray, or, The Civil War as seen by a boy	A. R. White	1898	0	1	1	wu.89077596773	The blue and the gray, or, The Civil War as seen by a boy : 	White, A. R.	hathifiles_title
OL43354123W	The English novel	Saintsbury, George	1927	0	2	2	mdp.39015030839503|uc1.b4306617	The English novel / by George Saintsbury--.	Saintsbury, George, 1845-1933.	hathifiles_title
OL1792878W	Zigzag journeys in the great Northwest, or, A trip to the American Switzerland	Hezekiah Butterworth	1890	0	1	1	uc1.b4499160	Zigzag journeys in the great Northwest, or, A trip to the Am	Butterworth, Hezekiah, 1839-1905.	hathifiles_title
OL4394439W	The boys' book of whalers	A. Hyatt Verrill	1922	0	3	3	uc1.$b271914|loc.ark:/13960/t88g9fk16|osu.32435050457191	Boys' book of whalers / by A. Hyatt Verrill ; with illustrat	Verrill, A. Hyatt 1871-1954.	hathifiles_title
OL18520936W	Brother Petroc's return	S. M. C.	1937	0	1	0	uc1.$b298693	Brother Petroc's return / by Emmet Lavery; an adaptation of 	Lavery, Emmet, 1902-1986.	hathifiles_title
OL15719287W	L' assommoir =	Emile Zola	1882	0	2	1	uc1.$b318007|uva.x000212409	L'assommoir : a realistic novel / by Emile Zola ; translated	Zola, Émile, 1840-1902.	hathifiles_title
OL1794933W	Six essays on the responsibilities of the novelist	Frank Norris	1949	0	1	1	uc1.$b31311	Six essays on the responsibilities of the novelist.	Norris, Frank, 1870-1902.	hathifiles_title
OL17967078W	All the trumpets sounded	William George Hardy	1939	0	1	0	uc1.$b100794	All the trumpets sounded : novel based on the life of Moses 	Hardy, W. G. 1895-1979.	hathifiles_title
OL6404775W	All the trumpets sounded	W. G. Hardy	1942	0	1	0	uc1.$b100794	All the trumpets sounded : novel based on the life of Moses 	Hardy, W. G. 1895-1979.	hathifiles_title
OL32047509W	Drums along the Mohawk	Wat Dumaux Edmonds	1942	0	2	0	uc1.b3687674|umn.31951000782327a	Drums along the Mohawk,	Edmonds, Walter Dumaux, 1903-1998.	hathifiles_title
OL485546W	The Trail Driver	Zane Grey	1936	0	1	0	uc1.b3688195	The trail driver / by Zane Grey.	Grey, Zane, 1872-1939.	hathifiles_title
OL44440699W	Joan and Peter	H. G. Wells	1926	0	1	0	uc1.b3759966	Joan and Peter; the story of an education; by H. G. Wells.	Wells, H. G. 1866-1946.	hathifiles_title
OL7536190W	Mad Sir Peter	Dilnot, Frank	1932	0	1	0	umn.31951002135106v	Mad Sir Peter.	Dilnot, Frank, 1875-	hathifiles_title
OL37110W	His monkey wife, or, Married to a chimp	Collier, John	1930	0	1	0	uc1.b3810600	His monkey wife, or, Married to a chimp / John Collier.	Collier, John, 1901-1980.	hathifiles_title
OL1165465W	Isles of despair	Ion Llewellyn Idriess	1947	0	1	0	uc1.b3821383	Isles of despair.	Idriess, Ion Llewellyn, 1890-	hathifiles_title
OL32090992W	The boy travellers in Australasia	Thomas Wallace Knox	1889	0	2	2	uc1.b3821529|hvd.hn5i5x	The boy travellers in Australasia; adventures of two youths 	Knox, Thomas Wallace, 1835-1896.	hathifiles_title
OL4608105W	Mary Wakefield	Mazo De la Roche	1949	0	1	0	uc1.b3834653	Mary Wakefield.	De la Roche, Mazo, 1879-1961.	hathifiles_title
OL4608106W	Whiteoaks of Jalna	Mazo De la Roche	1929	0	1	0	uc1.b3834656	Whiteoaks of Jalna.	De la Roche, Mazo, 1879-1961.	hathifiles_title
OL11955935W	Old Memyl laughs last	I︠U︡riĭ Rytkhėu	1900	0	1	0	uc1.b5117614	Old Memyl laughs last; short stories. [Translated by D. Rott	Rytkhėu, I︠U︡riĭ, 1930-2008.	hathifiles_title
OL25010647W	The Gold-Bug and Other Tales	Poe, Edgar Allan	1900	0	2	2	njp.32101078297270|uva.x004228025	Gold-bug and other tales.	Poe, Edgar Allan, 1809-1849.	hathifiles_title
OL8070930W	The black swan	Sabatini, Rafael	1932	0	14	8	uc1.b2917160|uc1.b2917161|uc1.b2917162	The Black swan		hathifiles_title
OL7986954W	The Inferno	Barbusse, Henri	1932	0	2	0	uc1.31210017701606|uc1.31210009379171	Inferno.		hathifiles_title
OL108760W	The tale of Mr. Tod	Beatrix Potter	1911	0	1	1	mdp.39015088647147	The tale of Mr. Tod / by Beatrix Potter.	Potter, Beatrix, 1866-1943.	hathifiles_title
OL32146507W	Partners	Margaret Deland	1913	0	16	1	coo.31924054450345|coo.31924054450352|coo.31924054450360	Partners.		hathifiles_title
OL44408762W	Partners	Louise Platt Hauck	1929	0	16	1	coo.31924054450345|coo.31924054450352|coo.31924054450360	Partners.		hathifiles_title
OL471947W	The Big Four	Agatha Christie	1927	0	2	0	mdp.35112101180646|uc1.31210001083235	The Big four : Churchill, Roosevelt, Stalin [and] Chiang Kai		hathifiles_title
OL43633796W	The tale of Mr. Jeremy Fisher	Beatrix Potter	1906	0	4	3	mdp.39015089582574|ucw.ark:/13960/t53f53t3x|hvd.hwg1mf	The tale of Mr. Jeremy Fisher / by Beatrix Potter.	Potter, Beatrix, 1866-1943.	hathifiles_title
OL5215795W	The Aeneid for boys and girls told from Virgil in simple language	Church, Alfred John	1908	0	1	1	inu.30000011772377	The Aeneid for boys and girls told from Virgil in simple lan	Church, Alfred John, 1829-1912.	hathifiles_title
OL32045906W	Bride of a thousand cedars	Bruce Lancaster	1939	0	1	0	inu.30000109066260	Bride of a thousand cedars : a novel of Bermuda / by Bruce L	Lancaster, Bruce, 1896-1963.	hathifiles_title
OL17876178W	Bonnie Belmont	John Salisbury Cochran	1907	0	1	1	osu.32435017994930	Bonnie Belmont : a historical romance of the days of slavery	Cochran, John S. 1841-1926.	hathifiles_title
OL11049206W	Bonnie Belmont	John Salisbury Cochran	1907	0	1	1	osu.32435017994930	Bonnie Belmont : a historical romance of the days of slavery	Cochran, John S. 1841-1926.	hathifiles_title
OL4226560W	Gods' man	Lynd Ward	1929	0	1	1	uc1.31822005732359	Gods' man : a novel in woodcuts / by Lynd Ward.	Ward, Lynd, 1905-1985,	hathifiles_title
OL6619358W	Circus animals	Elizabeth Gale	1924	0	1	1	uc1.31822035082858	Circus animals : puzzle pictures for boys and girls		hathifiles_title
OL8729588W	The Garden of Allah	Robert Smythe Hichens	1920	0	2	2	uc1.31822031023344|osu.32435001719855	The Garden of Allah : Arizona, California		hathifiles_title
OL32100787W	Original travels and surprising adventures of Baron Munchausen	Alfred Crowquill	1889	0	1	1	uc1.31822038200796	Original travels and surprising adventures of Baron Munchaus		hathifiles_title
OL7479200W	Charcoal	Lloyd Coe	1946	0	1	0	umn.31951d01635330d	Charcoal : from portable kilns and fixed instalations.		hathifiles_title
OL1065770W	Pharos	Guy Newell Boothby	1899	0	2	0	chi.102027839|uc1.31158006686322	Pharos; quarterly journal of the Federation of Cremation Aut		hathifiles_title
OL7875966W	Andrew Bentley	Walter Scott Brown	1900	0	3	3	nc01.ark:/13960/t42r4mh6p|uc2.ark:/13960/t3028q06x|uc1.b4701451	Andrew Bentley; or, How he retrieved his honor. A story of t	Browne, Walter Scott.	hathifiles_title
OL7896353W	Annie Laurie and Azalea	Peattie, Elia Wilkinson	1913	0	1	1	nc01.ark:/13960/t17m09v1v	Annie Laurie and Azalea / by Elia W. Peattie ; illustrations	Peattie, Elia Wilkinson, 1862-1935.	hathifiles_title
OL32090031W	The battle of New York	William O. Stoddard	1892	0	2	2	nc01.ark:/13960/t2p56cd4d|hvd.hn2gcf	The battle of New York; a story for all young people, by Wil	Stoddard, William Osborn, 1835-1925.	hathifiles_title
OL15436398W	Battling for Atlanta	Byron A. Dunn	1900	0	1	1	nc01.ark:/13960/t6252dc89	Battling for Atlanta / by Byron A. Dunn.	Dunn, Byron A. 1842-1926.	hathifiles_title
OL12207284W	Belleview	Jno. E. Davis	1889	0	1	1	nc01.ark:/13960/t02z1tw3g	Belleview : a story of the south from 1860 to 1865 / by Jno.	Davis, Jno. E.	hathifiles_title
OL15512552W	Belleview	Jno. E. Davis	1889	0	1	1	nc01.ark:/13960/t02z1tw3g	Belleview : a story of the south from 1860 to 1865 / by Jno.	Davis, Jno. E.	hathifiles_title
OL15512560W	Bond and free	Ellen M. Ingraham	1882	0	2	2	nc01.ark:/13960/t95721m1z|hvd.hw2c3m	Bond and free; a tale of the South. By Grace Lintner [pseud.	Ingraham, Ellen M., 1832-1917.	hathifiles_title
OL15432617W	A boy trooper with Sheridan	Stanton P. Allen	1899	0	1	1	nc01.ark:/13960/t4jm31z9h	A boy trooper with Sheridan / by Stanton P. Allen.	Allen, Stanton P., 1849-1901.	hathifiles_title
OL16736584W	Cavalry Sam, or, The raiders of the Shenandoah	Mark Wilton	1882	0	1	1	nc01.ark:/13960/t3223j33g	Cavalry Sam, or, The raiders of the Shenandoah : a thrilling	Wilton, Mark, 1852-1929.	hathifiles_title
OL15512548W	Etowah	Francis Fontaine	1887	0	1	1	nc01.ark:/13960/t0jt08f43	Etowah : a romance of the Confederacy / by Francis Fontaine.	Fontaine, Francis, 1844-1901.	hathifiles_title
OL15434877W	Farragut's scout ringlets, or, The brand of the Mississippi	Cal. de Castro	1892	0	1	1	nc01.ark:/13960/t1dj66v46	Farragut's scout ringlets, or, The brand of the Mississippi 	Castro, Cal. de.	hathifiles_title
OL16748766W	The fatal carbine, or, A harvest of death	Walter Wilmot	1885	0	1	1	nc01.ark:/13960/t97663r4t	The fatal carbine, or, A harvest of death : a story of Cedar	Wilmot, Walter.	hathifiles_title
OL32093489W	For life and liberty	William Gordon Stables	1896	0	2	2	nc01.ark:/13960/t1hh7b15j|chi.57002054	For life and liberty : a story of battle by land and sea / b	Stables, Gordon, 1840-1910.	hathifiles_title
OL16749963W	Fremont the Pathfinder, or, Bullet and bayonet on Missouri battlefields	Mark Wilton	1887	0	1	1	nc01.ark:/13960/t1mg87k9c	Fremont the Pathfinder, or, Bullet and bayonet on Missouri b	Wilton, Mark, 1852-1929.	hathifiles_title
OL15532290W	The Gilead guards	Scott, O. W.	1891	0	2	2	nc01.ark:/13960/t1gj0947t|osu.32435067912543	The Gilead guards : a story of war-times in a New England to	Scott, O. W., Mrs., 1843-1920.	hathifiles_title
OL225620W	The heirs of St. Kilda	Moore, John W.	1881	0	2	2	nc01.ark:/13960/t3hx1c02g|chi.088063383	The heirs of St. Kilda : a story of the Southern past / by J	Moore, John W. 1833-1906.	hathifiles_title
OL6693486W	How Zach came to college	J. G. Clinkscales	1903	0	1	1	nc01.ark:/13960/t3vt1pn0t	How Zach came to college / by J.G. Clinkscales.	Clinkscales, J. G. 1855-1942.	hathifiles_title
OL15513218W	An initial experience and other stories	King, Charles	1895	0	1	1	nc01.ark:/13960/t19k54k59	An initial experience and other stories / edited by Charles 		hathifiles_title
OL200489W	Iola, or, Facing the truth	J. Pressley Barrett	1886	0	1	1	nc01.ark:/13960/t5z60jf68	Iola, or, Facing the truth / by J. Pressley Barrett.	Barrett, J. Pressley 1852-1924.	hathifiles_title
OL15435709W	The legionaries	Henry Scott Clark	1899	0	1	1	nc01.ark:/13960/t0vq3qk7m	The legionaries : a story of a great raid / by Henry Scott C	Clark, Henry Scott, 1856-	hathifiles_title
OL12210036W	The legionaries	Henry Scott Clark	1899	0	1	1	nc01.ark:/13960/t0vq3qk7m	The legionaries : a story of a great raid / by Henry Scott C	Clark, Henry Scott, 1856-	hathifiles_title
OL15430391W	A lieutenant at eighteen	Optic, Oliver	1896	0	2	2	nc01.ark:/13960/t3dz11g02|umn.319510008965186	A lieutenant at eighteen / by Oliver Optic [pseud.].	Optic, Oliver, 1822-1897.	hathifiles_title
OL23361599W	A lieutenant at eighteen	Optic, Oliver	1896	0	2	2	nc01.ark:/13960/t3dz11g02|umn.319510008965186	A lieutenant at eighteen / by Oliver Optic [pseud.].	Optic, Oliver, 1822-1897.	hathifiles_title
OL15515233W	The lost army	Thomas Wallace Knox	1899	0	2	2	nc01.ark:/13960/t0rr2nb28|osu.32435015602378	The lost army / by Thomas W. Knox.	Knox, Thomas Wallace, 1835-1896.	hathifiles_title
OL16762109W	A maid of the mountains	Dorothy C. Paine	1906	0	1	1	nc01.ark:/13960/t9h41rd81	A maid of the mountains / by Dorothy C. Paine.	Paine, Dorothy C.	hathifiles_title
OL1799328W	Marcy, the blockade-runner	Harry Castlemon	1891	0	1	1	nc01.ark:/13960/t89g5pf9z	Marcy, the blockade-runner / by Harry Castlemon ; four illus	Castlemon, Harry, 1842-1915.	hathifiles_title
OL13701775W	Only a factory boy	Ethel Thomas	1914	0	1	1	nc01.ark:/13960/t2s46pr3q	Only a factory boy ; and, From ball room to weave room / by 	Thomas, Ethel, 1870-1970.	hathifiles_title
OL16770283W	On Shiloh's field, or, Fighting Kit of Kentucky	Ward Edwards	1889	0	1	1	nc01.ark:/13960/t42r4fw33	On Shiloh's field, or, Fighting Kit of Kentucky : a story of	Edwards, Ward.	hathifiles_title
OL15436442W	The opposite house	Nataly von Eschstruth	1894	0	1	1	nc01.ark:/13960/t74t7cx8d	The opposite house : a novel / Tr. from the German of Nataly	Eschstruth, Nataly von, b. 1860.	hathifiles_title
OL16774312W	Phil, the scout, or, A fight for Beauregard's Dispatches	Ilian Verne	1887	0	1	1	nc01.ark:/13960/t5h99rd57	Phil, the scout, or, A fight for Beauregard's Dispatches : A	Verne, Ilian.	hathifiles_title
OL7410057W	Reuben Delton, preacher	S. O'H Dickson	1900	0	1	1	nc01.ark:/13960/t4hm57v6n	"Reuben Delton, preacher : a sequel to ""The story of Marthy"" "	Dickson, S. O'H.	hathifiles_title
OL15432435W	The Sailor boy, or, Jack Somers in the Navy	Optic, Oliver	1893	0	2	2	nc01.ark:/13960/t7np2v717|hvd.hn3gg9	The Sailor boy, or, Jack Somers in the Navy : a story of the	Optic, Oliver, 1822-1897.	hathifiles_title
OL15512556W	Shenandoah, or, The horizon's bar	Frederick G. Gedney	1890	0	1	1	nc01.ark:/13960/t3gx4x811	Shenandoah, or, The horizon's bar : a story of the war / Fre	Gedney, Frederick G.	hathifiles_title
OL13703062W	Tar heel tales	H. E. C. Bryant	1910	0	2	2	nc01.ark:/13960/t4th8j45c|osu.32435064821473	"Tar Heel tales / by H.E.C. Bryant, ""Red Buck""."	Bryant, H. E. C. b. 1873.	hathifiles_title
OL15231530W	Texar's revenge, or, North against South (Nord contre Sud)	Jules Verne	1888	0	1	1	nc01.ark:/13960/t4dn4rt11	Texar's revenge, or, North against South (Nord contre Sud) :	Verne, Jules, 1828-1905.	hathifiles_title
OL12210100W	Then and now, or, Hope's first school	Zillah Raymond	1883	0	2	2	nc01.ark:/13960/t0zp4220m|mdp.39015063949773	Then and now, or, Hope's first school / by Zillah Raymond.	Raymond, Zillah.	hathifiles_title
OL16785181W	Tony Tibbits	Walter Wilmot	1884	0	1	1	nc01.ark:/13960/t86h55z5z	Tony Tibbits : the Union drummer boy / by Walter Wilmot.	Wilmot, Walter.	hathifiles_title
OL6608007W	Traitor and loyalist, or, The man who found his country	Henry Kitchell Webster	1912	0	1	1	nc01.ark:/13960/t11n84f6b	Traitor and loyalist, or, The man who found his country / by	Webster, Henry Kitchell, 1875-1932.	hathifiles_title
OL7723431W	Under Greene's banner, or, The boy heroes of 1781	T. C. Harbaugh	1904	0	1	1	nc01.ark:/13960/t6736t87t	Under Greene's banner, or, The boy heroes of 1781 / by T.C. 	Harbaugh, T. C. 1849-1924.	hathifiles_title
OL15512557W	Will Newton, the young volunteer	T. Gerrish	1884	0	1	1	nc01.ark:/13960/t2p565t87	Will Newton, the young volunteer / by T. Gerrish.	Gerrish, Theodore, 1846-1923.	hathifiles_title
OL32010577W	Yankee doodle Dixie	J. V. Ryals	1891	0	2	2	nc01.ark:/13960/t0jt08v8d|coo1.ark:/13960/t7jq1j59h	Yankee doodle Dixie; or, Love the light of life. An historic	Ryals, J. V.	hathifiles_title
OL36933249W	Erewhon, or, Over the range	Butler, Samuel	1880	0	7	7	dul1.ark:/13960/t86h57c0r|chi.35387434|uc1.ax0002490498	Erewhon, or, Over the range / by Samuel Butler.	Butler, Samuel, 1835-1902.	hathifiles_title
OL17959853W	The sorcery shop	Robert Blatchford	1907	0	3	3	dul1.ark:/13960/t6g16nq72|pst.000006654191|msu.31293104818483	The sorcery shop: an impossible romance, by Robert Blatchfor	Blatchford, Robert, 1851-1943.	hathifiles_title
OL7426017W	Greylock and the robins	Thomas Pendelton Robinson	1946	0	1	0	mdp.39076002197825	Greylock and the robins / by Tom Robinson ; illustrated by R	Robinson, Thomas P. 1878-	hathifiles_title
OL13788997W	Contemporary novels and novelists	University of Missouri. School of Mines and Metallurgy. Library.	1921	0	2	2	uc2.ark:/13960/t0bv7q87t|uc1.b4613171	Contemporary novels and novelists: a list of references to b	University of Missouri. School of Mines 	hathifiles_title
OL7699208W	The Web of Days	Edna L. Mooney Lee	1947	0	1	0	pst.000010161272	The web of days.	Lee, Edna L. (Mooney), 1890-	hathifiles_title
OL3543838W	Great-grandfather in the honey tree	Sam Swayne	1949	0	1	0	mdp.39015008466305	Great-grandfather in the honey tree / written and illustrate	Swayne, Sam.	hathifiles_title
OL3194180W	The coming of Hopalong Cassidy	Clarence Edward Mulford	1913	0	1	1	loc.ark:/13960/t6ww88r53	The coming of Hopalong Cassidy / Clarence E. Mulford.	Mulford, Clarence Edward, 1883-1956.	hathifiles_title
OL15670137W	Instruction book for drafting and cutting dresses, basques, sacks, coats, etc	A. McDowell	1885	0	1	1	loc.ark:/13960/t3hx25f3p	Instruction book for drafting and cutting dresses, basques, 	McDowell, A. [from old catalog]	hathifiles_title
OL43797009W	An object of pity, or, The man Haggard	Robert Louis Stevenson	1892	0	1	1	loc.ark:/13960/t86h5gb44	An object of pity, or, The man Haggard / by Robert Louis Ste	Stevenson, Robert Louis, 1850-1894.	hathifiles_title
OL15678241W	The Sapphire Story Book	Penrhyn Wingfield Coussens	1917	0	2	2	loc.ark:/13960/t7xk94v83|loc.ark:/13960/t4wh3f02m	The sapphire story book; stories of the sea,	Coussens, Penrhyn Wingfield, 1873- [from	hathifiles_title
OL15726757W	Southern authors in poetry and prose	Kata Alma Orgain	1908	0	1	1	loc.ark:/13960/t08w48s5s	Southern authors in poetry and prose,	Orgain, Kata Alma. [from old catalog]	hathifiles_title
OL32094132W	Stories from the Faerie queene	Mary Macleod	1897	0	1	1	loc.ark:/13960/t1tf0qz7m	Stories from the Faerie queene.	Macleod, Mary, d. 1914. [from old catalo	hathifiles_title
OL15815222W	Story of The tempest	Leonora Orem	1910	0	1	1	loc.ark:/13960/t8mc9tj2v	Story of The tempest,	Orem, Leonora, 1884- [from old catalog]	hathifiles_title
OL15850913W	Sydney Carton	James W. Harkins	1900	0	1	1	loc.ark:/13960/t7hq4v23t	Sydney Carton : a tale of two cities ...	Harkins, James W., d. 1910. [from old ca	hathifiles_title
OL32097850W	The Three bears		1900	0	5	4	loc.ark:/13960/t9r21vc4c|umn.319510008916026|uva.x000533551	The three bears...	Thomason, Caroline Wasson, b. 1887.	hathifiles_title
OL32097962W	The Three bears		1893	0	5	4	loc.ark:/13960/t9r21vc4c|umn.319510008916026|uva.x000533551	The three bears...	Thomason, Caroline Wasson, b. 1887.	hathifiles_title
OL32097883W	The Three bears		1900	0	5	4	loc.ark:/13960/t9r21vc4c|umn.319510008916026|uva.x000533551	The three bears...	Thomason, Caroline Wasson, b. 1887.	hathifiles_title
OL15687777W	Through artics and tropics	Harry W. French	1892	0	1	1	loc.ark:/13960/t20c5sm70	Through artics and tropics : around the world by a new path 	French, Harry W. 1854-	hathifiles_title
OL273463W	The Works of Edgar Allan Poe in Five Volumes	Poe, Edgar Allan	1903	0	4	4	uiug.30112076048559|uga1.32108003767673|uga1.32108008402029	The works of Edgar Allan Poe in five volumes.	Poe, Edgar Allan, 1809-1849.	hathifiles_title
OL33284754W	Famous stories by famous authors	Norma Helen Deming	1925	0	1	1	umn.31951001624376m	Famous stories by famous authors,	Deming, Norma Helen,	hathifiles_title
OL6308779W	A guide to the best fiction	Baker, Ernest Albert	1913	0	1	1	umn.319510020029136	A guide to the best fiction.	Baker, Ernest Albert, 1869-1941.	hathifiles_title
OL7427797W	Polly Masson	Moore, William Henry	1919	0	2	2	nyp.33433112049915|umn.319510020589366	Polly Masson / by William H. Moore.	Moore, William Henry, 1872-	hathifiles_title
OL2032317W	On to Pekin	Edward Stratemeyer	1905	0	1	1	umn.319510023978358	On to Pekin;	Stratemeyer, Edward, 1862-1930.	hathifiles_title
OL42503626W	The wept of Wish-ton-Wish	Cooper, James Fenimore	1890	0	4	4	uc2.ark:/13960/t0bv7b62z|uc1.b4701461|nyp.33433112154582	The wept of wish-ton-wish / James Fenimore Cooper.	Cooper, James Fenimore, 1789-1851.	hathifiles_title
OL1114567W	The short-story, medieval and modern	Hart, Walter Morris	1915	0	2	2	uc2.ark:/13960/t6251vn5f|uc1.b4713611	The short-story, medieval and modern : syllabus and bibliogr	Hart, Walter Morris, 1872-1964.	hathifiles_title
OL7869909W	My sword for Sarsfield	Randal William McDonnell	1920	0	1	1	wu.89005060132	My sword for Sarsfield : a story of the Jacobite War in Irel	McDonnell, Randal 1870-	hathifiles_title
OL1099911W	The Lottery Ticket	Jules Verne	1889	0	1	1	wu.89006931364	The lottery ticket ; and The begum's fortune / by Jules Vern	Verne, Jules, 1828-1905.	hathifiles_title
OL1439327W	Morning star	Negri, Ada	1930	0	1	0	osu.32435063807887	Morning star : a little Pueblo girl --		hathifiles_title
OL5298303W	The king with two faces	Mary Elizabeth Coleridge	1897	0	3	3	uc1.aa0006257588|coo.31924064992278|coo.31924013597319	The king with two faces / by M. E. Coleridge.	Coleridge, Mary E. 1861-1907.	hathifiles_title
OL2850114W	Deadwood Dick on deck, or, Calamity Jane, the heroine of Whoop-up	Wheeler, Edward L.	1885	0	1	1	coo.31924022221711	Deadwood Dick on deck, or, Calamity Jane, the heroine of Who	Wheeler, Edward Lytton.	hathifiles_title
OL2234028W	Times of Charles XII	Zacharias Topelius	1884	0	2	2	coo.31924026331474|uiuo.ark:/13960/t3rv60v11	Times of Charles XII / by Z. Topelius ; translated from the 	Topelius, Zacharias, 1818-1898.	hathifiles_title
OL32093542W	Light on shadowed paths	Arthur, T. S.	1891	0	1	1	umn.31951002088131u	Light on shadowed paths.	Arthur, T. S. 1809-1885.	hathifiles_title
OL38590634W	The grey man	S. R. Crockett	1896	0	2	2	coo.31924013468560|coo.31924064970019	The grey man.	Crockett, S. R. 1859-1914.	hathifiles_title
OL2527347W	The Acolhuans	Beatty, John	1902	0	1	1	umn.31951002029513b	The Acolhuans : a narrative of sojourn and adventure among t	Beatty, John, 1828-1914.	hathifiles_title
OL22526547W	Hartly House, Calcutta	Macfarlane, John	1908	0	1	1	wu.89031674609	Hartly House, Calcutta : a novel of the days of Warren Hasti		hathifiles_title
OL1490108W	Vixen	Braddon, M. E.	1890	0	2	2	uc1.31158011761037|cub.u183037353604	Vixen : a novel / by the author of 'Lady Audley's secret,' '	Braddon, M. E. 1835-1915.	hathifiles_title
OL44367387W	The pirate	Scott, Walter	1898	0	4	4	uc1.31158008073420|uiug.30112013032542|hvd.32044014167126	The pirate / by Sir Walter Scott.	Scott, Walter, Sir, 1771-1832.	hathifiles_title
OL29269196W	The Pirate	Scott, Walter	1898	0	4	4	uc1.31158008073420|uiug.30112013032542|hvd.32044014167126	The pirate / by Sir Walter Scott.	Scott, Walter, Sir, 1771-1832.	hathifiles_title
OL85864W	Dracula's guest, and other weird stories	Bram Stoker	1914	0	1	1	uc1.31158000564988	Dracula's guest, and other weird stories.	Stoker, Bram, 1847-1912.	hathifiles_title
OL16648954W	In the boyhood of Lincoln	Hezekiah Butterworth	1905	0	1	1	uiuo.ark:/13960/t54f2wt7j	In the boyhood of Lincoln : a tale of the Tunker schoolmaste	Butterworth, Hezekiah, 1839-1905.	hathifiles_title
OL16755822W	In the boyhood of Lincoln	Hezekiah Butterworth	1901	0	1	1	uiuo.ark:/13960/t54f2wt7j	In the boyhood of Lincoln : a tale of the Tunker schoolmaste	Butterworth, Hezekiah, 1839-1905.	hathifiles_title
OL16648959W	In the boyhood of Lincoln	Hezekiah Butterworth	1907	0	1	1	uiuo.ark:/13960/t54f2wt7j	In the boyhood of Lincoln : a tale of the Tunker schoolmaste	Butterworth, Hezekiah, 1839-1905.	hathifiles_title
OL16755821W	In the boyhood of Lincoln	Hezekiah Butterworth	1908	0	1	1	uiuo.ark:/13960/t54f2wt7j	In the boyhood of Lincoln : a tale of the Tunker schoolmaste	Butterworth, Hezekiah, 1839-1905.	hathifiles_title
OL27761171W	In his steps today	Charles M. Sheldon	1948	0	1	0	uiuo.ark:/13960/t8kd2z94q	In His steps today / by Charles M. Sheldon.	Sheldon, Charles Monroe, 1857-1946.	hathifiles_title
OL7720808W	Kumokie, a bride of old Korea	Ellasue Canter Wagner	1922	0	2	2	uc1.b5295264|ia.ark:/13960/t8jd8qn29	Kumokie, a bride of old Korea : a love story of the Orient /	Wagner, Ellasue Canter.	hathifiles_title
OL16707472W	Vice versa, or, A lesson to fathers	Anstey, F.	1882	0	2	2	uc1.b5324873|osu.32435008003576	Vice versa, or, A lesson to fathers / by F. Anstey.	Anstey, F., 1856-1934.	hathifiles_title
OL16784066W	Tales of the R.I.C.		1921	0	2	2	bc.ark:/13960/t51g13j22|nyp.33433107899746	Tales of the R.I.C.		hathifiles_title
OL3490801W	Lincoln	Lucy Foster Madison	1928	0	2	1	uiuo.ark:/13960/t83j4nb1s|uga1.32108052976332	Lincoln / by Lucy Foster Madison ; illustrated and decorated	Madison, Lucy (Foster) 1865-1932.	hathifiles_title
OL10800241W	The Lincoln stories of Honore  Morrow	Honoré Morrow	1938	0	1	0	uiuo.ark:/13960/t1xd22p23	The Lincoln stories of Honoré Morrow : containing Benefits f	Morrow, Honoré, 1880-1940.	hathifiles_title
OL24059258W	The trail of the white wolf, or, The doom of the Delawares	Charles Asbury Robinson	1903	0	1	1	inu.30000114593233	The trail of the white wolf, or, The doom of the Delawares :	Robinson, Charles Asbury.	hathifiles_title
OL17694596W	A traitor in London	Fergus Hume	1900	0	1	1	wu.89014040836	A traitor in London / by Fergus Hume.	Hume, Fergus, 1859-1932.	hathifiles_title
OL31455959W	The war of the worlds	H. G. Wells	1938	0	1	0	wu.89089971543	The war of the worlds / by H. G. Wells.	Wells, H. G. 1866-1946.	hathifiles_title
OL39456959W	Fix bay'nets!, or The regiment in the hills	George Manville Fenn	1899	0	1	1	wu.89004717807	Fix bay'nets! Or, The regiment in the hills.	Fenn, George Manville, 1831-1909.	hathifiles_title
OL40665192W	Grif	B. Farjeon	1898	0	1	1	wu.89004692489	Grif; a story of Australian life.	Farjeon, B. L. 1833-1903.	hathifiles_title
OL10649682W	The settler	Ralph Connor	1909	0	1	1	wu.89005035233	The settler : a tale of Saskatchewan / by Ralph Connor [i.e.	Connor, Ralph, 1860-1937.	hathifiles_title
OL15262191W	A bush girl's romance	Hume Nisbet	1895	0	2	2	wu.89006383699|uiug.30112052950299	A bush girl's romance.	Nisbet, Hume, 1849-1921.	hathifiles_title
OL39419594W	The elusive pimpernel	Orczy, Emmuska Orczy	1908	0	1	1	wu.89001431436	The elusive pimpernel / by Baroness Orczy.	Orczy, Emmuska Orczy, Baroness, 1865-194	hathifiles_title
OL16707658W	While the billy boils	Henry Lawson	1896	0	4	4	wu.89005371356|wu.89005371364|hvd.hwx33q	While the billy boils / by Henry Lawson.	Lawson, Henry, 1867-1922.	hathifiles_title
OL1230163W	While the Billy Boils	Henry Lawson	1905	0	4	4	wu.89005371356|wu.89005371364|hvd.hwx33q	While the billy boils / by Henry Lawson.	Lawson, Henry, 1867-1922.	hathifiles_title
OL5215840W	Heroes of chivalry and romance	Church, Alfred John	1898	0	2	2	wu.89007384415|hvd.32044089117550	Heroes of chivalry and romance; by the Rev. A. J. Church ...	Church, Alfred John, 1829-1912.	hathifiles_title
OL2341654W	Do and dare, or, A brave boy's fight for fortune	Horatio Alger	1900	0	1	1	wu.89006970677	Do and dare, or, A brave boy's fight for fortune / by Horati	Alger, Horatio, 1832-1899.	hathifiles_title
OL17623000W	Elizabeth's campaign	Ward, Humphry	1919	0	1	1	umn.31951002294205r	Elizabeth's campaign / by Mrs. Humphry Ward ; frontispiece i	Ward, Humphry, Mrs., 1851-1920.	hathifiles_title
OL7558795W	Conquistador	E. J. Craine	1931	0	22	0	ufl1.ark:/13960/t7qn6rt5b|ufl1.ark:/13960/t3320kc63|ufl1.ark:/13960/t7jq1mc4m	Conquistador / Canal Zone Junior College.		hathifiles_title
OL11189125W	Bogus Hollow	Benjamin Franklin Buchanan	1901	0	1	1	umn.31951002065849a	Bogus Hollow : a tale of the blue jeans town and vicinity.	Buchanan, Benjamin Franklin.	hathifiles_title
OL7846851W	Strenuous animals	Edwin J. Webster	1904	0	1	1	umn.319510023207000	Strenuous animals / veracious tales by Edwin J. Webster; ill	Webster, Edwin J.	hathifiles_title
OL43619752W	Little Miss Peggy	Molesworth	1887	0	1	1	nc01.ark:/13960/t47q02t2v	Little Miss Peggy; only a nursery story, by Mrs. Molesworth 	Molesworth, Mrs., 1839-1921.	hathifiles_title
OL32090850W	Zigzag journeys on the Mediterranean	Hezekiah Butterworth	1893	0	2	2	uc2.ark:/13960/t8x92fc4g|nc01.ark:/13960/t5t73fg76	Zigzag journeys on the Mediterranean.	Butterworth, Hezekiah, 1839-1905.	hathifiles_title
OL16581442W	Fa Tien	Annie M. Piercy	1896	0	1	1	nc01.ark:/13960/t8bg3s98g	Fa Tien : a Chinese love story / by Annie M. Piercy.	Piercy, Annie M.	hathifiles_title
OL2032318W	On to Pekin, or, Old glory in China	Edward Stratemeyer	1900	0	2	2	nc01.ark:/13960/t8sb56w4j|coo1.ark:/13960/t1tf0bs3w	On to Pekin, or, Old glory in China / by Edward Stratemeyer 	Stratemeyer, Edward, 1862-1930.	hathifiles_title
OL16512967W	Dolly and Molly and the farmer man	Elizabeth Gordon	1914	0	1	1	nc01.ark:/13960/t3029x78w	Dolly and Molly and the farmer man / by Elizabeth Gordon ; p	Gordon, Elizabeth, 1866-1922.	hathifiles_title
OL16512954W	City cousins	Helen Ashe Hays	1885	0	1	1	nc01.ark:/13960/t8hd8ww9k	City cousins : a story for children / by Mrs. W.J. Hays.	Hays, Helen Ashe.	hathifiles_title
OL3581435W	Tom Swift Among the Fire Fighters	Victor Appleton	1921	0	1	1	nc01.ark:/13960/t1mg8ms84	Tom Swift among the fire fighters : or, Battling with flames	Appleton, Victor.	hathifiles_title
OL1527008W	Lobster catchers	Otis, James	1900	0	3	3	coo.31924022492593|nc01.ark:/13960/t20c6293q|hvd.hwdezm	Lobster catchers; a story of the coast of Maine. By James Ot	Otis, James, 1848-1912.	hathifiles_title
OL16581343W	Painting and drawing book	Beatrix Potter	1915	0	1	1	nc01.ark:/13960/t02z2b60n	Painting and drawing book : with Tale of Peter Rabbit / by B	Potter, Beatrix, 1866-1943.	hathifiles_title
OL32090615W	Little lad Jamie	Mary D. Brine	1895	0	1	1	nc01.ark:/13960/t39034j9q	Little lad Jamie / by Mary D. Brine.	Brine, Mary D.	hathifiles_title
OL32090591W	The young ditch rider	Whitson, John Harvey	1899	0	2	2	nc01.ark:/13960/t4wh3qd86|mdp.39015085433293	The young ditch rider; a story of the plains, to which is ad	Whitson, John Harvey, 1854-1936.	hathifiles_title
OL18629578W	Three girls in a flat	Enid Yandell	1892	0	3	3	nc01.ark:/13960/t9087dj57|uiuo.ark:/13960/t76t10s2h|osu.32435018473173	Three girls in a flat; illustrated by Helen M. Armstrong, A.	Yandell, Enid.	hathifiles_title
OL16482509W	Joe Bently : naval cadet	H. H. Clark	1889	0	2	2	nc01.ark:/13960/t0zp53593|hvd.hn1fh5	Joe Bently : naval cadet / by H.H. Clark.	Clark, H. H. b. 1845.	hathifiles_title
OL2341651W	Young Captain Jack or, The Son of a Soldier	Horatio Alger	1901	0	1	1	nc01.ark:/13960/t9j39s044	Young Captain Jack, or, The son of a soldier / by Horatio Al	Alger, Horatio, 1832-1899.	hathifiles_title
OL18660294W	Diddie, Dumps, and Tot, or, Plantation child-life	Pyrnelle, Louise Clarke.	1882	0	1	1	nc01.ark:/13960/t1ng5vd88	Diddie, Dumps, and Tot, or, Plantation child-life / by Louis	Pyrnelle, Louise Clarke.	hathifiles_title
OL15511261W	Diddie, Dumps, and Tot, or, Plantation child-life	Louise Clarke Pyrnelle	1882	0	1	1	nc01.ark:/13960/t1ng5vd88	Diddie, Dumps, and Tot, or, Plantation child-life / by Louis	Pyrnelle, Louise Clarke.	hathifiles_title
OL32092533W	Story of Robin Hood		1889	0	1	1	nc01.ark:/13960/t74t7r16b	The story of Robin Hood / profusely illustrated.		hathifiles_title
OL32096026W	The Story of Robin Hood		1897	0	1	1	nc01.ark:/13960/t74t7r16b	The story of Robin Hood / profusely illustrated.		hathifiles_title
OL38818253W	The silver cross, or, The carpenter of Nazareth	Eugène Sue	1899	0	2	2	osu.32435003861481|umn.31951m01437315v	The silver cross = or, The carpenter of Nazareth; a tale of 	Sue, Eugène, 1804-1857.	hathifiles_title
OL44977523W	Dombey and son	Charles Dickens	1911	0	4	4	pst.000065314623|uiug.30112042036753|hvd.32044086819828	Dombey and son / [by] Charles Dickens.	Dickens, Charles, 1812-1870.	hathifiles_title
OL33140548W	The adventures of Tom Sawyer	Mark Twain	1943	0	4	0	pst.000004209294|pst.000047347984|uva.x000944195	The adventures of Tom Sawyer / by Mark Twain [pseud.] Illust	Twain, Mark, 1835-1910.	hathifiles_title
OL3837725W	The annulet of gilt	Phoebe Atwood Taylor	1938	0	1	0	pst.000030282704	The annulet of gilt : an Asey Mayo mystery / by Phoebe Atwoo	Taylor, Phoebe Atwood.	hathifiles_title
OL6096681W	Tryst	Elswyth Thane	1939	0	1	0	pst.000013167851	Tryst.	Thane, Elswyth, 1900-1984	hathifiles_title
OL806822W	The moonlight traveler	Stern, Philip Van Doren	1943	0	3	0	rul.39030009504277|rul.39030020531309|pst.000018715903	The moonlight traveler : great tales of fantasy and imaginat		hathifiles_title
OL44636987W	The Countess de Charny	Dumas, Alexandre	1900	0	1	1	pst.000029618385	The Countess de Charny.	Dumas, Alexandre, 1802-1870.	hathifiles_title
OL15150144W	Raggedy Ann stories	Johnny Gruelle	1947	0	2	0	pst.000033669700|pst.000026345840	Raggedy Ann stories / written and illustrated by Johnny Grue	Gruelle, Johnny, 1880-1938.	hathifiles_title
OL466157W	Tim & Lucy go to sea	Ardizzone, Edward	1938	0	1	0	pst.000023576780	Tim & Lucy go to sea / by Edward Ardizzone.	Ardizzone, Edward, 1900-1979.	hathifiles_title
OL6621633W	Fabulous voyager	Richard Morgan Kain	1947	0	1	0	pst.000027249277	Fabulous voyager : James Joyce's Ulysses.	Kain, Richard M. 1908-1990	hathifiles_title
OL43939040W	Rip Van Winkle	Irving, Washington	1922	0	3	1	pst.000028248934|uva.x000734355|uiug.30112041574804	Rip Van Winkle : a history of the Kaatskills / by Diedrich K	Irving, Washington, 1783-1859.	hathifiles_title
OL4727614W	Fury	Henry Kuttner	1947	0	2	0	pst.000018715736|uva.x000285753	Fury / by Henry Kuttner ; foreword by Groff Conklin.	Kuttner, Henry.	hathifiles_title
OL38966422W	The mask of Fu-Manchu	Sax Rohmer	1932	0	1	0	pst.000010189177	The mask of Fu Manchu / by Sax Rohmer [i.e. Arthur Sarsfield	Rohmer, Sax, 1883-1959.	hathifiles_title
OL137494W	Too Many Women	Rex Stout	1947	0	1	0	pst.000012691494	Too many women : a Nero Wolfe novel / by Rex Stout.	Stout, Rex, 1886-1975.	hathifiles_title
OL1131814W	Ghost stories	John Hampden	1939	0	1	0	pst.000009864269	Ghost stories / selected with an introd. by John Hampden.	Hampden, John, 1898-1974	hathifiles_title
OL16534411W	Jataka tales re-told	Ellen C. Babbitt	1912	0	1	1	pst.000001649925	Jataka tales re-told / by Ellen C. Babbitt; with illustratio		hathifiles_title
OL11974149W	The token	Edith Jessie Archibald Archibald	1930	0	1	1	pst.000005340675	The token : a tale of Cape Breton Island in the days before 	Archibald, Edith Jessie (Archibald), 185	hathifiles_title
OL19625475W	Chinese river	Frederick Anthony] [Edwards	1937	0	1	1	pst.000020371494	Chinese river / J. Van Dyke [i.e. F. A. Edwards].	Edwards, Frederick Anthony, 1896-	hathifiles_title
OL13346589W	Lion & lily	John C.J Hodgson	1935	0	1	0	pst.000005411023	Lion & lily : a story of New France / Illus. by Pauline Lari	Hodgson, John C. J., 1892-	hathifiles_title
OL5325242W	Bright days in the old plantation time	Mary Ross Banks	1882	0	2	2	pst.000005996209|hvd.hn1cfj	Bright days in the old plantation time / By Mary Ross Banks 	Banks, Mary Ross, 1846-	hathifiles_title
OL7704310W	Andros of Ephesus	J. E. Copus	1910	0	1	1	osu.32435018434977	Andros of Ephesus : a tale of early Christianity / by the Re	Copus, J. E. 1854-1915.	hathifiles_title
OL7680753W	Three diggers	Percy Clarke	1889	0	1	1	pst.000006660406	Three diggers : a tale of the Australian 'fifties.	Clarke, Percy.	hathifiles_title
OL17962606W	The rock and the river	Ralph Connor	1931	0	2	0	pst.000006672591|osu.32435011145166	The rock and the river : a romance of Quebec / by Ralph Conn	Connor, Ralph, 1860-1937.	hathifiles_title
OL15357340W	Lion, the mastiff	Annie G. Savigny	1900	0	1	1	pst.000006711825	Lion, the mastiff : from life / Introd. P. Gaven.	Savigny, Annie Gregg, d1901.	hathifiles_title
OL15514205W	The captain of Company K	Joseph Kirkland	1891	0	1	1	pst.000006092924	The captain of Company K / by Joseph Kirkland; illustrated f	Kirkland, Joseph, 1830-1894.	hathifiles_title
OL16895322W	The camp in the foot-hills, or, Oscar on horseback	Harry Castlemon	1893	0	1	1	pst.000005909803	The camp in the foot-hills, or, Oscar on horseback / by Harr	Castlemon, Harry, 1842-1915.	hathifiles_title
OL8729584W	The Londoners	Robert Smythe Hichens	1898	0	7	7	pst.000005343867|uiug.30112047686792|hvd.32044051735199	The Londoners.	Hichens, Robert 1864-1950	hathifiles_title
OL77780W	The golden road	L. M. Montgomery	1910	0	1	1	pst.000022417626	The golden road / by L.M. Montgomery ; with frontispiece in 	Montgomery, L. M. 1874-1942.	hathifiles_title
OL5721568W	The city of the King	Susan E. Wallace	1903	0	1	1	pst.000053011763	The city of the King : what the child Jesus saw and heard / 	Wallace, Susan E. 1830-1907.	hathifiles_title
OL37515495W	The hundred days	Max Pemberton	1905	0	4	4	pst.000004712381|pst.000001776034|nyp.33433106907946	The hundred days / by Max Pemberton.	Pemberton, Max, Sir, 1863-1950.	hathifiles_title
OL38470659W	Lords of the North	Laut, Agnes C.	1900	0	2	2	pst.000005618545|umn.31951002416781f	Lords of the North : a romance of the Northwest.	Laut, Agnes C. 1871-1936.	hathifiles_title
OL7874212W	In the days of William the Conqueror	Eve March Tappan	1901	0	1	1	pst.000005649358	In the days of William the Conqueror / by Eva March Tappan .	Tappan, Eva March, 1854-1930.	hathifiles_title
OL22315822W	Sir Cleges	Jessie Laidlay Weston	1902	0	1	1	pst.000006224929	Sir Cleges : Sir Libeaus Desconus / Two old English metrical		hathifiles_title
OL38920430W	A fountain sealed	Besant, Walter	1898	0	1	1	coo.31924013434661	A fountain sealed.	Besant, Walter, 1836-1901.	hathifiles_title
OL17683336W	Ninette	Charlotte Louisa Hawkins] [Dempster	1888	0	1	1	coo.31924013470350	"Ninette; an idyll of Provence, by the author of ""Véra,"" ""Bl"	Dempster, Charlotte Louisa Hawkins, 1835	hathifiles_title
OL121265W	The Adventures of Reddy Fox	Thornton W. Burgess	1913	0	1	1	coo.31924075697437	The adventures of Reddy Fox / by Thornton W. Burgess ; with 	Burgess, Thornton W. 1874-1965.	hathifiles_title
OL75422W	The Chaplet of Pearls or the White And Black Ribaumont	Yonge, Charlotte Mary	1889	0	2	2	umn.31951002000427p|osu.32435031560394	The chaplet of pearls, or, The white and black Ribaumont / b	Yonge, Charlotte M. 1823-1901.	hathifiles_title
OL4693152W	The Jalasco brig	Louis Becke	1902	0	2	2	umn.31951002359981b|hvd.hnnzk2	The Jalasco brig / by Louis Becke.	Becke, Louis, 1855-1913.	hathifiles_title
OL1336891W	Love among the chickens / by P. G. Wodehouse	P. G. Wodehouse	1908	0	1	1	umn.31951002415437z	Love among the chickens,	Wodehouse, P. G. 1881-1975.	hathifiles_title
OL1113780W	The Autobiography of a Quack and the Case of George Dedlow	S. Weir Mitchell	1900	0	1	1	umn.31951002397895q	The autobiography of a quack and The case of George Dedlow,	Mitchell, S. Weir 1829-1914.	hathifiles_title
OL7899973W	The study of a novel	Seldon Lincoln Whitcomb	1905	0	1	1	umn.31951002402524p	The study of a novel,	Whitcomb, Selden Lincoln, 1866-1930.	hathifiles_title
OL37019756W	The coming race	Lytton, Edward Bulwer Lytton	1888	0	2	2	umn.31951002096583z|uiug.30112069158886	The coming race.	Lytton, Edward Bulwer Lytton, Baron, 180	hathifiles_title
OL42707026W	What Diantha did	Gilman, Charlotte Perkins	1912	0	2	2	umn.319510019997249|coo1.ark:/13960/t5j96qr1j	What Diantha did : a novel.	Gilman, Charlotte Perkins, 1860-1935.	hathifiles_title
OL144811W	The Faith of Men	Jack London	1914	0	3	3	uc2.ark:/13960/t6f18sz1d|umn.31951002362393l|iau.31858006413771	Faith of men.	London, Jack, 1876-1916.	hathifiles_title
OL507317W	The long arm	Mary Eleanor Wilkins Freeman	1895	0	1	1	umn.319510023803161	The long arm / by Mary E. Wilkins, and other detective stori	Freeman, Mary Eleanor Wilkins, 1852-1930	hathifiles_title
OL4678167W	Stories of the East	Woolf, Leonard	1921	0	1	1	umn.31951002045533d	Stories of the East.	Woolf, Leonard, 1880-1969.	hathifiles_title
OL36428242W	The pioneers, or, The sources of the Susquehanna	Cooper, James Fenimore	1898	0	2	2	umn.31951001996026c|hvd.hn3gxe	The pioneers, or, The sources of the Susquehanna / by J. Fen	Cooper, James Fenimore, 1789-1851.	hathifiles_title
OL42236261W	The hermit and the wild woman	Edith Wharton	1908	0	2	2	umn.319510020461499|hvd.hwpae3	The hermit and the wild woman : and other stories / Ethan Fr	Wharton, Edith, 1862-1937.	hathifiles_title
OL5114597W	Just sixteen	Susan Coolidge	1889	0	1	1	umn.31951002105822n	Just sixteen / by Susan Coolidge.	Coolidge, Susan, 1835-1905.	hathifiles_title
OL33138018W	The satin-wood box	J. T. Trowbridge	1886	0	1	1	pst.000005593262	The satin-wood box : Old lady Hemenway's legacy / by J. T. T	Trowbridge, J. T. 1827-1916.	hathifiles_title
OL38753316W	The tragic comedians	Meredith, George	1916	0	3	3	coo.31924013524149|hvd.32044086834447|uga1.32108020340587	The tragic comedians: a study in a well-known story.	Meredith, George, 1828-1909.	hathifiles_title
OL44143097W	Wee Willie Winkie and other child stories ...	Kipling, Rudyard	1889	0	2	2	uc1.31175035118622|uc1.31175035208456	Wee Willie Winkie, and other child stories / by Rudyard Kipl	Kipling, Rudyard, 1865-1936.	hathifiles_title
OL16784054W	Tales of Muscovy and the Ukraine	G. B. H. Bishop	1916	0	2	2	nyp.33433107874830|umn.31951002122518t	Tales of Muscovy and the Ukraine / by G.B.H. Bishop.	Bishop, G. B. H.	hathifiles_title
OL7892383W	Tales of Muscovy and the Ukraine	G. B. H. Bishop	1916	0	2	2	nyp.33433107874830|umn.31951002122518t	Tales of Muscovy and the Ukraine / by G.B.H. Bishop.	Bishop, G. B. H.	hathifiles_title
OL200236W	It's up to you	George V. Hobart	1902	0	2	2	umn.319510023211067|rul.390300044964530	It's up to you : a story of domestic bliss / by Hugh McHugh 	Hobart, George V. 1867-1926.	hathifiles_title
OL32091427W	Grandma's happy hour	Henry Kinnersley	1892	0	1	1	mdp.39015091083876	Grandma's happy hour.		hathifiles_title
OL24981459W	Rocky Mountain Sam	Nathan D.] [from old catalog Urner	1890	0	1	1	coo.31924022206837	Rocky Mountain Sam; or, The windspecter of the Black-Feet, b	Urner, Nathan D.	hathifiles_title
OL23888529W	Lottie's birthday		1880	0	1	1	coo.31924075938930	Lottie's birthday.		hathifiles_title
OL1115105W	Twice lost	William Henry Giles Kingston	1884	0	3	3	pst.000005315260|umn.31951000897024q|uiug.30112047667818	Twice lost : A story of shipwreck, and adventure in the wild	Kingston, William Henry Giles, 1814-1880	hathifiles_title
OL25345873W	Over the Pass	Frederick Palmer	1912	0	2	2	pst.000005632176|coo1.ark:/13960/t8nc6hq8f	Over the pass / by Frederick Palmer...	Palmer, Frederick, 1873-1958.	hathifiles_title
OL39369W	The Quest of the Missing Map	Carolyn Keene	1942	0	1	0	uva.x004196800	The quest of the missing map / by Carolyn Keene ; illustrate	Keene, Carolyn.	hathifiles_title
OL17985643W	Spanish John	McLennan, William	1898	0	1	1	pst.000005423859	Spanish John : being a memoir, now first published in comple	McLennan, William, 1856-	hathifiles_title
OL31824935W	Uncle Tom's cabin, or, Life among the lowly	Stowe, Harriet Beecher	1897	0	2	2	uc1.31175030440674|bc.ark:/13960/t0kt1xm2x	Uncle Tom's cabin, or, Life among the lowly / by Harriet Bee	Stowe, Harriet Beecher, 1811-1896.	hathifiles_title
OL32096985W	Boys wanted	J. L. Nye	1897	0	1	1	uc1.31175035181323	Boys wanted : have you a boy to spare?		hathifiles_title
OL6706376W	Strangers within our gates	J. S. Woodsworth	1909	0	2	2	umn.31951002305578u|umn.31951p01139222j	Strangers within our gates; or coming Canadians. by James S.	Woodsworth, J. S. 1874-1942.	hathifiles_title
OL1528575W	Country cousins	Deland, Ellen Douglas	1913	0	1	1	umn.319510019945610	Country cousins.	Deland, Ellen Douglas, 1860-1923.	hathifiles_title
OL5158158W	"""Buy your own cherries!"""	John William Kirton	1900	0	1	1	uc1.31175035188955	Buy your own cherries : and other tales / John W. Kirton.	Kirton, John William, 1831-1892.	hathifiles_title
OL32146064W	R.J.'s mother and some other people	Margaret Deland	1908	0	1	1	uc1.a0001324789	R. J.'s mother, and some other people / by Margaret Deland.	Deland, Margaret, 1857-1945.	hathifiles_title
OL1518053W	The Angel of Terror	Edgar Wallace	1923	0	2	2	uc1.a0001347962|osu.32435002776649	The angel of terror / [by] Edgar Wallace.	Wallace, Edgar, 1875-1932.	hathifiles_title
OL5436579W	The shack locker	Frederick William Wallace	1916	0	2	2	uiuc.163153_001|uiug.30112083023686	The shack locker : yarns of the deep sea fishing fleets / by	Wallace, Frederick William, 1886-1958.	hathifiles_title
OL4885703W	The forsaken inn	Anna Katharine Green	1889	0	3	3	umn.319510022836719|osu.32435003780962|hvd.hx5a4l	The forsaken inn : a novel / by Anna Katharine Green.	Green, Anna Katharine, 1846-1935.	hathifiles_title
OL4885897W	Bunyip land	George Manville Fenn	1885	0	2	2	umn.31951001999194c|uiug.30112045832257	Bunyip Land : the story of a wild journey in New Guinea, wit	Fenn, George Manville, 1831-1909.	hathifiles_title
OL259571W	Massacres of the South	Dumas, Alexandre	1910	0	1	1	umn.319510013155809	Massacres of the South : [Alexandre Dumas].	Dumas, Alexandre, 1802-1870.	hathifiles_title
OL7430134W	We were the rats	Lawson Glassop	1944	0	1	0	mdp.39015031237335	We were the rats / by Lawson Glassop.	Glassop, Lawson.	hathifiles_title
OL43203870W	Frenchman's creek	Du Maurier, Daphne	1942	0	1	0	mdp.39015000672421	Frenchman's creek.	Du Maurier, Daphne, 1907-1989.	hathifiles_title
OL7757920W	Ambition	Léonie Aminoff	1923	0	1	1	uiug.30112087532336	Ambition; a journal of inspiration to self help.		hathifiles_title
OL19346608W	Ambition	Léonie Aminoff	1923	0	1	1	uiug.30112087532336	Ambition; a journal of inspiration to self help.		hathifiles_title
OL16102874W	Control of aquatic and ditchbank weeds	Alden Springer Crafts	1949	0	2	2	uc2.ark:/13960/t11n9399z|uc1.31210019609260	Control of aquatic and ditchbank weeds / Alden S. Crafts.	Crafts, Alden S. 1897-1990.	hathifiles_title
OL890443W	Chronicles of Carlingford	Margaret Oliphant	1897	0	1	1	osu.32435001908425	Chronicles of Carlingford.	Oliphant, Mrs. 1828-1897.	hathifiles_title
OL17780181W	Gwynett of Thornhaugh	Frederick W. Hayes	1900	0	1	1	osu.32435010640472	Gwynett of Thornhaugh : a romance / by Frederick W. Hayes.	Hayes, Frederick W. 1848-1918.	hathifiles_title
OL35553789W	The bravest of the brave	G. A. Henty	1895	0	3	3	osu.32435002781334|uiug.30112001816609|uiug.30112041658383	The bravest of the brave : or, With Peterborough in Spain / 	Henty, G. A. 1832-1902.	hathifiles_title
OL15233455W	The sword decides	Bowen, Marjorie	1908	0	1	1	osu.32435002700755	The sword decides : a chronicle of a queen in the Dark Ages 	Bowen, Marjorie, 1888-1952.	hathifiles_title
OL16872602W	In city and camp	Otis, James	1886	0	2	2	osu.32435007072465|coo1.ark:/13960/t7xk8wd3k	In city and camp / by James Otis, Kate Foote, Mary Hartwell 		hathifiles_title
OL5201663W	They Laugh That Win	Effie Adelaide Rowlands	1899	0	1	1	osu.32435008490955	They laugh that win / by Effie Adelaide Rowlands [i.e. E. A.	Rowlands, Effie Adelaide, 1866-1936.	hathifiles_title
OL1528617W	The heart of Old Hickory	Will Allen Dromgoole	1895	0	1	1	osu.32435008527004	The heart of Old Hickory ; and other stories of Tennessee / 	Dromgoole, Will Allen, 1860-1934.	hathifiles_title
OL39456842W	In the year of Waterloo	Oliver Vernon Caine	1899	0	1	1	osu.32435031562366	In the year of Waterloo / by O.V. Caine.	Caine, Oliver Vernon, 1862-	hathifiles_title
OL75481W	The Caged Lion	Yonge, Charlotte Mary	1885	0	2	2	osu.32435010559813|uc1.31822023446768	The caged lion; illustrated by W. J. Hennessy.	Yonge, Charlotte M. 1823-1901.	hathifiles_title
OL7731852W	The lost Mameluke	David M. Beddoe	1913	0	1	1	osu.32435016548174	The lost Mameluke : a tale of Egypt / by David M. Beddoe.	Beddoe, David M.	hathifiles_title
OL17753070W	A Provence rose	Ouida	1894	0	1	1	osu.32435013801840	"A Provence rose / by Louisa de la Ramé (""Ouida"") ; illustra"	Ouida, 1839-1908.	hathifiles_title
OL16677903W	Hurlbut's story of Jesus for young and old	Jesse Lyman Hurlbut	1915	0	3	3	osu.32435014487037|loc.ark:/13960/t1rf6wk9c|hvd.ah43al	Hurlbut's Story of Jesus for young and old : a complete life	Hurlbut, Jesse Lyman, 1843-1930.	hathifiles_title
OL15233491W	I will maintain	Bowen, Marjorie	1910	0	2	2	osu.32435011737897|uiug.30112041413300	I will maintain / by Marjorie Bowen.	Bowen, Marjorie, 1888-1952.	hathifiles_title
OL44203207W	Michael Strogoff, the courier of the czar	Jules Verne	1900	0	1	1	osu.32435012335063	Michael Strogoff, the courier of the czar / By Jules Verne.	Verne, Jules, 1828-1905.	hathifiles_title
OL44824542W	Remember the Maine	William Gordon Stables	1899	0	1	1	uc1.31175035209199	Remember the Maine : a story of the Spanish-American War / b	Stables, Gordon, 1840-1910.	hathifiles_title
OL17985676W	Is it just? --	Minnie Smith	1911	0	1	1	uc1.31175035209959	Is it just? / by Minnie Smith.	Smith, Minnie.	hathifiles_title
OL12496010W	Is it just?	Minnie Smith	1911	0	1	1	uc1.31175035209959	Is it just? / by Minnie Smith.	Smith, Minnie.	hathifiles_title
OL17772188W	Stories from Italy	G. S. Godkin	1897	0	2	2	pst.000006672300|uiug.30112045858831	Stories from Italy.	Godkin, Georgina Sarah.	hathifiles_title
OL15211505W	An object of pity	Robert Louis Stevenson	1892	0	1	1	pst.000026800639	An object of pity; or, The man Haggard / by Robert Louis Ste	Stevenson, Robert Louis, 1850-1894.	hathifiles_title
OL43660418W	The forty-five	Dumas, Alexandre	1900	0	1	1	pst.000003849651	The forty-five... / by Alexandre Dumas...	Dumas, Alexandre, 1802-1870.	hathifiles_title
OL8721568W	Clorinda Walks in Heaven	A. E. Coppard	1926	0	2	2	pst.000006661885|chi.087959939	Clorinda walks in heaven.	Coppard, A. E. 1878-1957.	hathifiles_title
OL5414763W	The take off	David Beaty	1949	0	1	0	uma.ark:/13960/t40s0k344	Take off.		hathifiles_title
OL16707868W	The dream of Chicago	Brown, Arthur]	1889	0	1	1	loc.ark:/13960/t3ws9vm1x	The dream of Chicago.	[Brown, Arthur], of Chicago. [from old c	hathifiles_title
OL32092277W	The Children of the kingdom		1882	0	1	1	loc.ark:/13960/t5cc25b8j	Children of the kingdom.	Fernekees, Beatrice [M] [from old catalo	hathifiles_title
OL32092275W	The Children of the kingdom		1881	0	1	1	loc.ark:/13960/t5cc25b8j	Children of the kingdom.	Fernekees, Beatrice [M] [from old catalo	hathifiles_title
OL16641488W	Moody's child stories as related by Dwight Lyman Moody in his revival work in Europe and America	Dwight Lyman Moody	1900	0	1	1	loc.ark:/13960/t18k8fk5v	Moody's child stories as related by Dwight Lyman Moody in hi	Moody, Dwight Lyman, 1837-1899.	hathifiles_title
OL16678043W	God in business	Latham, Henry J.,	1895	0	1	1	loc.ark:/13960/t4fn2b602	God in business.	Latham, Henry J., [from old catalog]	hathifiles_title
OL16835278W	Karmenia, or, What the spirit told me	Lyman E. Stowe	1918	0	1	1	loc.ark:/13960/t10p29m0h	Karmenia, or, What the spirit told me : truth stranger than 	Stowe, Lyman E., 1843-	hathifiles_title
OL496539W	THE NEW TESTAMENT HISTORY	Smith, William	1890	0	1	1	loc.ark:/13960/t3fx8n28m	The New Testament history ...	Smith, William, 1813-1893.	hathifiles_title
OL452152W	Moody's anecdotes and illustrations	Dwight Lyman Moody	1896	0	2	2	loc.ark:/13960/t14n0hr79|uiuc.941213	Moody's anecdotes and illustrations.	Moody, Dwight Lyman, 1837-1899.	hathifiles_title
OL16849430W	Moody's anecdotes and illustrations	Dwight Lyman Moody	1896	0	2	2	loc.ark:/13960/t14n0hr79|uiuc.941213	Moody's anecdotes and illustrations.	Moody, Dwight Lyman, 1837-1899.	hathifiles_title
OL3750793W	General Crook and the fighting Apaches	Sabin, Edwin L.	1918	0	2	2	uc2.ark:/13960/t81j98c6c|uc1.31175030926540	General Crook and the fighting Apaches : treating also of th	Sabin, Edwin L. 1870-1952.	hathifiles_title
OL11911698W	The prose voyage imaginaire before 1800	Ralph Earle Tieje	1917	0	1	1	uiuo.ark:/13960/t3rv2zz4w	The prose voyage imaginaire before 1800 : an historical and 	Tieje, Ralph Earle, 1887-	hathifiles_title
OL2337719W	1914	Oxenham, John	1916	0	1	1	uc1.31175035643595	1914 / by C. W.	C. W.	hathifiles_title
OL32097357W	Puss in Boots	R. André	1888	0	3	3	mcg.ark:/13960/t13n3st5c|mcg.ark:/13960/t9t17k80b|hvd.32044089047047	Puss in Boots.		hathifiles_title
OL32090677W	Puss in Boots	Sarah Noble Ives	1880	0	3	3	mcg.ark:/13960/t13n3st5c|mcg.ark:/13960/t9t17k80b|hvd.32044089047047	Puss in Boots.		hathifiles_title
OL398860W	The little Duke, or, Richard the Fearless	Yonge, Charlotte Mary	1910	0	1	1	uiug.30112056952168	The little Duke, or, Richard the Fearless / by Charlotte M. 	Yonge, Charlotte Mary, 1823-1901.	hathifiles_title
OL279292W	The works of Geoffrey Chaucer and others	Chaucer, Geoffrey	1905	0	1	1	uiug.30112081989441	The works of Geoffrey Chaucer and others : being a reproduct	Chaucer, Geoffrey, d. 1400.	hathifiles_title
OL1793384W	Tecumseh's young braves	Everett T. Tomlinson	1897	0	1	1	uiug.30112001325007	Tecumseh's young braves; a story of the Creek War, by Everet	Tomlinson, Everett T. 1859-1931.	hathifiles_title
OL15515140W	Tecumseh's young braves	Everett T. Tomlinson	1897	0	1	1	uiug.30112001325007	Tecumseh's young braves; a story of the Creek War, by Everet	Tomlinson, Everett T. 1859-1931.	hathifiles_title
OL2339038W	Rose of the wilderness	S. R. Crockett	1909	0	1	1	uiug.30112041742450	Rose of the wilderness / by S.R. Crockett.	Crockett, S. R. 1860-1914.	hathifiles_title
OL17662950W	In honour's cause	George Manville Fenn	1896	0	1	1	uiug.30112045832521	In honour's cause : a tale of the days of George the first /	Fenn, George Manville, 1831-1909.	hathifiles_title
OL7581300W	Emmy Lou	Martin, George Madden	1902	0	9	8	uiug.30112001602298|uc1.$b301811|hvd.32044014810394	Emmy Lou : her book & heart / by George Madden Martin ; and 	Martin, George Madden, 1866-1936.	hathifiles_title
OL10649676W	Breaking the record	Ralph Connor	1903	0	1	1	uiug.30112002666540	Breaking the record / Ralph Connor.	Connor, Ralph, 1860-1937.	hathifiles_title
OL20956954W	The pillar of fire, or, Israel in bondage	J. H. Ingraham	1910	0	1	1	uiug.30112002844766	The pillar of fire, or, Israel in bondage / by Rev. J.H. Ing	Ingraham, J. H. 1809-1860.	hathifiles_title
OL67218W	The king of Folly Island and other people	Sarah Orne Jewett	1888	0	2	2	uiug.30112002926613|uiug.30112002926621	The king of Folly Island, and other people.	Jewett, Sarah Orne, 1849-1909.	hathifiles_title
OL15262197W	Eight bells	Hume Nisbet	1892	0	12	1	uiug.30112039554677|nyp.33433006793339|nyp.33433006793347	Eight bells : a tale of the sea and of the cannibals of New 	Nisbet, Hume, 1849-1921?	hathifiles_title
OL44285196W	Gathering clouds	Frederic William Farrar	1895	0	1	1	uiug.30112045831853	Gathering clouds : a tale of the days of St. Chrysostom / by	Farrar, Frederic William, 1831-1903.	hathifiles_title
OL44241075W	The starling	Macleod, Norman	1890	0	1	1	uiug.30112049773812	The starling : a Scotch story / by Norman Macleod.	Macleod, Norman, 1812-1872.	hathifiles_title
OL43945102W	Vanity!	Rita	1900	0	1	1	uiuo.ark:/13960/t3gx7jz9f	"Vanity! : the confessions of a court modiste / by ""Rita""."	Rita.	hathifiles_title
OL503453W	The Field of Glory	Henryk Sienkiewicz	1906	0	1	1	uiug.30112080202689	The field of glory / by Henry Sienkiewicz.	Sienkiewicz, Henryk, 1846-1916.	hathifiles_title
OL17756672W	The field of glory	Henryk Sienkiewicz	1906	0	1	1	uiug.30112080202689	The field of glory / by Henry Sienkiewicz.	Sienkiewicz, Henryk, 1846-1916.	hathifiles_title
OL1066447W	Great Catherine	Bernard Shaw	1915	0	1	1	osu.32435075049486	Great Catherine; a thumb-nail sketch of court life in St. Pe	Shaw, Bernard, 1856-1950.	hathifiles_title
OL17755544W	Ruth of the U.S.A.	Edwin Balmer	1919	0	2	2	osu.32435052836848|osu.32435076161736	Ruth of the U.S.A. / by Edwin Balmer ; illustrated by Harold	Balmer, Edwin, 1883-1959.	hathifiles_title
OL1526975W	Andy's ward	Otis, James	1896	0	1	1	osu.32435058030610	Andy's ward / by James Otis [pseud.]	Otis, James, 1848-1912.	hathifiles_title
OL24982876W	The secret of the reef	Harold Bindloss	1914	0	1	1	osu.32435009733429	The secret of the reef.	Bindloss, Harold, 1866-1945.	hathifiles_title
OL17985181W	The secret of the reef	Harold Bindloss	1914	0	1	1	osu.32435009733429	The secret of the reef.	Bindloss, Harold, 1866-1945.	hathifiles_title
OL1085090W	Vernon's aunt; being the Oriental experiences of Miss Lavinia Moffat	Sara Jeannette Duncan	1895	0	1	1	osu.32435000910109	Vernon's aunt; being the Oriental experiences of Miss Lavini	Duncan, Sara Jeannette, 1861-1922.	hathifiles_title
OL1492630W	The gold hunters in Europe	William Henry Thomes	1884	0	1	1	uiug.30112003176242	The gold hunters in Europe; or The dead alive, by William H.	Thomes, William Henry, 1824-1895.	hathifiles_title
OL17617446W	Far past the frontier	James A. Braden	1902	0	1	1	uiug.30112037884431	Far past the frontier / by James A. Braden ; illustrated by 	Braden, James A. 1872-1955.	hathifiles_title
OL2320019W	The Lonely Island	Robert Michael Ballantyne	1880	0	1	1	uiug.30112040256593	The lonely island; or, The refuge of the mutineers.	Ballantyne, R. M. 1825-1894.	hathifiles_title
OL2320064W	The Young Trawler	Robert Michael Ballantyne	1884	0	1	1	uiug.30112040257500	The young trawler : a story of life and death and rescue on 	Ballantyne, R. M. 1825-1894.	hathifiles_title
OL15262054W	High life in France under the republic	Eustace Clare Grenville Murray	1885	0	3	3	coo1.ark:/13960/t60583t3n|uiug.30112052944227|hvd.hn1tlr	High life in France under the republic: social and satirical	Murray, Eustace Clare Grenville, 1824-18	hathifiles_title
OL2226869W	St. Jude's	Ian Maclaren	1907	0	1	1	uiug.30112056527747	St. Jude's / by Ian Maclaren [i.e. J. Watson] : with 11 illu	Maclaren, Ian, 1850-1907.	hathifiles_title
OL16901052W	St. Jude's	Ian Maclaren	1907	0	1	1	uiug.30112056527747	St. Jude's / by Ian Maclaren [i.e. J. Watson] : with 11 illu	Maclaren, Ian, 1850-1907.	hathifiles_title
OL1172791W	Essays and Tales	Joseph Addison	1888	0	3	3	uiug.30112075403938|hvd.hn6658|chi.28403170	Essays and tales / by Joseph Addison.	Addison, Joseph, 1672-1719.	hathifiles_title
OL16737972W	The Hunted outlaw, or, Donald Morrison, the Canadian Rob Roy		1889	0	1	1	aeu.ark:/13960/t0tq69x7z	The Hunted outlaw, or, Donald Morrison, the Canadian Rob Roy		hathifiles_title
OL2539243W	The golden dog (Le chien d'or) a romance of the days of Louis Quinze in Quebec	Kirby, William	1896	0	4	4	aeu.ark:/13960/t9960779h|aeu.ark:/13960/t9960784j|uiug.30112002933346	The golden dog (Le chien d'or) a romance of the days of Loui	Kirby, William, 1817-1906	hathifiles_title
OL7877059W	Red Cloud, the solitary Sioux, A story of the great prairie	C. B. Butler	1892	0	1	1	aeu.ark:/13960/t6349bh7d	Red Cloud, the solitary Sioux a story of the great prairie /	Butler, W. F. Sir, 1838-1910	hathifiles_title
OL16330040W	Looking forward, the strange experience of the Rev. Fergus McCheyne	Hugh Pedley	1913	0	1	1	aeu.ark:/13960/t35159k17	Looking forward the strange experience of the Rev. Fergus Mc	Pedley, Hugh, 1852-1923.	hathifiles_title
OL749597W	Prisoners of hope, a tale of Colonial Virginia	Johnston, Mary	1898	0	1	1	aeu.ark:/13960/t91848z4n	Prisoners of hope a tale of colonial Virginia / by Mary John	Johnston, Mary, 1870-1936.	hathifiles_title
OL16874158W	Colonel Crockett's co-operative Christmas	Rupert Hughes	1906	0	1	1	aeu.ark:/13960/t8md05w2d	Colonel Crockett's co-operative Christmas	Hughes, Rupert, 1872-1956.	hathifiles_title
OL33167868W	Buffalo Bill and his adventures in the West	Ned Buntline	1886	0	1	1	hvd.32044013338561	Buffalo Bill and his adventures in the West / by Ned Buntlin	Buntline, Ned, 1822 or 1823-1886	hathifiles_title
OL39414341W	The little white bird, or, Adventures in Kensington gardens	J. M. Barrie	1903	0	1	1	hvd.32044014276547	The little white bird, or, Adventures in Kensington gardens 	Barrie, J. M. 1860-1937	hathifiles_title
OL2339060W	The surprising adventures of Sir Toady Lion	S. R. Crockett	1897	0	1	1	hvd.32044020055174	The surprising adventures of Sir Toady Lion : with those of 	Crockett, S. R. 1860-1914.	hathifiles_title
OL16512928W	Uncle Remus and the little boy	Joel Chandler Harris	1910	0	1	1	hvd.32044014216063	Uncle Remus and the little boy / by Joel Chandler Harris; il	Harris, Joel Chandler, 1848-1908	hathifiles_title
OL7876936W	Irish life in Irish fiction	Krans, Horatio Sheafe	1903	0	1	1	coo1.ark:/13960/t2r50694b	Irish life in Irish fiction ....	Krans, Horatio Sheafe, 1872-1952.	hathifiles_title
OL7880137W	Lost Indian magic	Moon, Grace (Purdie)	1918	0	1	1	hvd.32044013658315	Lost Indian magic; a mystery story of the red man as he live	Moon, Grace Purdie, -1947.	hathifiles_title
OL1253281W	Lord Tony's Wife	Orczy, Emmuska Orczy	1917	0	1	1	hvd.32044013015144	Lord Tony's wife; an adventure of the Scarlet pimpernel, by 	Orczy, Emmuska Orczy, Baroness, 1865-194	hathifiles_title
OL457727W	Sevastopol and other military tales	Tolstoy, Leo	1901	0	2	2	hvd.32044011599990|hvd.hndpa1	Sevastopol and other military tales / Leo Tolstoy ; translat	Tolstoy, Leo, graf, 1828-1910	hathifiles_title
OL38590714W	Sevastopol and other military tales	Tolstoy, Leo	1901	0	2	2	hvd.32044011599990|hvd.hndpa1	Sevastopol and other military tales / Leo Tolstoy ; translat	Tolstoy, Leo, graf, 1828-1910	hathifiles_title
OL14877871W	The Canterville Ghost	Oscar Wilde	1887	0	2	2	hvd.32044014463608|coo1.ark:/13960/t0ks7815t	The Canterville ghost : an amusing chronicle of the tribulat	Wilde, Oscar, 1854-1900	hathifiles_title
OL2341605W	Tom Turner's Legacy	Horatio Alger	1902	0	1	1	hvd.32044013004429	Tom Turner's legacy / by Horatio Alger, Jr.	Alger, Horatio, 1832-1899.	hathifiles_title
OL262391W	Glinda of Oz	Baum, L. Frank	1920	0	1	1	hvd.32044010476851	Glinda of Oz : in which are related the exciting experiences	Baum, L. Frank 1856-1919	hathifiles_title
OL15532251W	An episode in the doings of the dualized	Eveleen Laura Mason	1898	0	1	1	hvd.32044019326636	An episode in the doings of the dualized / by Eveleen Laura 	Mason, Eveleen Laura, 1838-	hathifiles_title
OL13135172W	Nemorama the Nautchnee, a story of India	Edwin MacMinn	1890	0	1	1	hvd.32044038434122	Nemorama the Nautchnee, a story of India.	MacMinn, Edwin, 1851-	hathifiles_title
OL32094603W	The Two roses		1884	0	1	1	hvd.32044040450959	The two roses : comedy opera in two acts / founded upon Dr. 	Engländer, Ludwig, 1853-1914,	hathifiles_title
OL32092334W	The Two roses		1891	0	1	1	hvd.32044040450959	The two roses : comedy opera in two acts / founded upon Dr. 	Engländer, Ludwig, 1853-1914,	hathifiles_title
OL67224W	A white heron, and other stories	Sarah Orne Jewett	1886	0	2	2	hvd.32044036502219|iau.31858021656008	A white heron and other stories / By Sarah Orne Jewett.	Jewett, Sarah Orne, 1849-1909	hathifiles_title
OL863660W	Waverley, or, 'Tis sixty years since ; Woodstock, or, The cavalier	Scott, Walter	1880	0	14	14	hvd.32044050773290|hvd.32044051055739|hvd.hn3lh6	Waverley, or, 'Tis sixty years since / by Sir Walter Scott ;	Scott, Walter, 1771-1832	hathifiles_title
OL32146990W	Po-no-kah	Mary Mapes Dodge	1902	0	1	1	hvd.32044058268228	Po-no-kah; an Indian tale of long ago, by Mary Mapes Dodge .	Dodge, Mary Mapes, 1830-1905	hathifiles_title
OL39458728W	Sindbad the sailor	Fred S. Howard	1900	0	1	1	hvd.32044058273483	Sindbad the sailor : and, Ali Baba and the forty thieves / i		hathifiles_title
OL1127666W	The Ancestors of Peter Atherly and Other Tales	Bret Harte	1900	0	1	1	hvd.32044080909518	The ancestors of Peter Atherly, and other tales; by Bret Har	Harte, Bret, 1836-1902.	hathifiles_title
OL20921W	Silas Marner, The lifted veil, Brother Jacob	George Eliot	1880	0	4	4	hvd.32044086823929|uiug.30112002740873|uc1.c004076406	Silas Marner. The lifted veil. Brother Jacob.	Eliot, George, 1819-1880	hathifiles_title
OL18409W	The Emerald City of Oz	Baum, L. Frank	1910	0	2	2	uc1.c038428556|hvd.32044080897010	The Emerald City of Oz / by L. Frank Baum, author of The roa	Baum, L. Frank 1856-1919,	hathifiles_title
OL7197559W	In old Alabama	Anne Hobson	1903	0	1	1	hvd.32044080911209	In old Alabama : being the chronicles of Miss Mouse, the Lit	Hobson, Anne	hathifiles_title
OL16326957W	Eventful narratives	Robert Aveson	1887	0	3	3	coo1.ark:/13960/t5q81wg6r|uc2.ark:/13960/t1rf5p02h|hvd.32044086435013	Eventful narratives ... / designed for the instruction and e		hathifiles_title
OL13810065W	Sons of vengeance	Joseph S. [from old catalog] Malone	1903	0	1	1	hvd.32044080917552	Sons of vengeance; a tale of the Cumberland highlanders, by 	Malone, Joseph S.	hathifiles_title
OL43614250W	A son of Satsuma, or, With Perry in Japan	Kirk Munroe	1901	0	2	2	hvd.32044080919293|coo.31924090735121	A son of Satsuma,or With Perry in Japan.	Munroe, Kirk, 1850-1930	hathifiles_title
OL2032372W	A young volunteer in Cuba	Edward Stratemeyer	1898	0	1	1	hvd.32044086965043	A young volunteer in Cuba; or, Fighting for the single star 	Stratemeyer, Edward, 1862-1930	hathifiles_title
OL30039W	The Louisa Alcott Reader	Louisa May Alcott	1908	0	1	1	hvd.32044097041347	The Louisa Alcott reader : a supplementary reader for the fo	Alcott, Louisa May, 1832-1888	hathifiles_title
OL32091093W	Original English as written by our little ones at school	Henry J. Barker	1889	0	1	1	hvd.32044096984901	Original English as written by our little ones at school.	Barker, Henry J. 1852-1934.	hathifiles_title
OL2341638W	Phil, the fiddler, or, The story of a young street musician	Horatio Alger	1900	0	1	1	uiug.30112001820866	Phil, the fiddler, or, The story of a young street musician 	Alger, Horatio, 1832-1899.	hathifiles_title
OL9786228W	The isle of lies	M. P. Shiel	1911	0	1	1	uiug.30112002739024	The isle of lies / by M.P. Shiel.	Shiel, M. P. 1865-1947.	hathifiles_title
OL17919407W	Mr. Durant of Salt Lake City	Rich, Ben. E.	1899	0	2	2	uc2.ark:/13960/t00z7141s|uiug.30112041978245	"Mr. Durant of Salt Lake City : ""that Mormon"" / by Ben E. Ric"	Rich, Ben. E. 1855-1913.	hathifiles_title
OL43889392W	The story of Richard Doubledick	Charles Dickens	1913	0	1	1	uc1.b5615597	The story of Richard Doubledick / by Charles Dickens ; with 	Dickens, Charles, 1812-1870.	hathifiles_title
OL22130961W	Karma	A. P. Sinnett	1886	0	2	2	hvd.ah5bgg|iau.31858024254819	Karma : a novel / by A.P. Sinnett.	Sinnett, A. P. 1840-1921.	hathifiles_title
OL32863951W	Love, and all about it	Frank Richardson	1908	0	1	1	hvd.hn1fyg	Love and all about it.	Richardson, Frank 1870-1917	hathifiles_title
OL32093842W	Untold tales of the past	Beatrice Harraden	1897	0	1	1	hvd.hn2gcb	Untold tales of the past / by Beatrice Harraden ; with drawi	Harraden, Beatrice, 1864-1936.	hathifiles_title
OL41304480W	Depot Master	Joseph C. Lincoln	1910	0	2	2	hvd.hn5lxj|uva.x004992948	The depot master / by Joseph C. Lincoln ... ; illustrated.	Lincoln, Joseph Crosby, 1870-1944	hathifiles_title
OL14938029W	Mystery Tales of Edgar Allan Poe	Poe, Edgar Allan	1907	0	1	1	hvd.hn3g7k	Mystery tales of Edgar Allan Poe / With an introduction by G	Poe, Edgar Allan, 1809-1849	hathifiles_title
OL32146704W	The making of a fortune	Harriet Elizabeth Prescott Spofford	1911	0	2	2	hvd.hn1mz8|coo1.ark:/13960/t9w09mx28	The making of a fortune; a romance, by Harriet Prescott Spof	Spofford, Harriet Elizabeth Prescott, 18	hathifiles_title
OL7562581W	The Day of Days	Louis Joseph Vance	1917	0	2	2	hvd.hn5sby|nyp.33433112011535	The day of days : an extravaganza / by Louis Joseph Vance ..	Vance, Louis Joseph, 1879-1933	hathifiles_title
OL15430383W	Brave old salt, or, Life on the quarter deck	Optic, Oliver	1892	0	1	1	hvd.hn5hu2	Brave Old Salt, or, Life on the quarter deck : a story of th	Optic, Oliver, 1822-1897.	hathifiles_title
OL22075184W	Outward bound, or, Young America afloat	Optic, Oliver	1894	0	1	1	hvd.hn5htz	Outward bound, or, Young America afloat : a story of travel 	Optic, Oliver, 1822-1897.	hathifiles_title
OL11527354W	Zodiac stories	Blanche Mary Channing	1890	0	1	1	hvd.hn2gck	Zodiac stories.	Channing, Blanche Mary, 1863-1902.	hathifiles_title
OL5215816W	To the lions	Church, Alfred John	1889	0	1	1	hvd.hn1mb9	To the lions : a tale of the early Christians / by the Rev. 	Church, Alfred John, 1829-1912.	hathifiles_title
OL17690506W	Mr. Pisistratus Brown, M. P. in the Highlands	Black, William	1883	0	1	1	hvd.hn2z7s	Mr. Pisistratus Brown, M.P., in the Highlands.	Black, William, 1841-1898	hathifiles_title
OL17668902W	The justice of the king	Hamilton Drummond	1911	0	3	3	hvd.hn1vkz|hvd.hn3gyb|uga1.32108036397951	The justice of the king / by Hamilton Drummond.	Drummond, Hamilton, 1857-1935	hathifiles_title
OL7586624W	A heart of flame	Charles Fleming Embree	1901	0	1	1	hvd.hn1m38	A heart of flame / by Charles Fleming Embree ... ; the illus	Embree, Charles Fleming, 1874-1905	hathifiles_title
OL44765523W	Jan of the windmill	Juliana Horatia Gatty Ewing	1900	0	6	6	hvd.hn387c|hvd.hn66kp|hvd.hn1wss	Jan of the windmill : A story of the plains / By Juliana Hor	Ewing, Juliana Horatia, 1841-1885	hathifiles_title
OL1794841W	John of Strathbourne	R. D. Chetwode	1898	0	1	1	hvd.hn1qap	John of Strathbourne; a romance of the days of Francis I.	Chetwode, R. D.	hathifiles_title
OL4122234W	Small Helps for To-Day	Imogen Clark	1892	0	1	1	hvd.hn6k7a	Small helps for to-day.	Clark, Imogen	hathifiles_title
OL1527724W	Love thrives in war	Mary Catherine Crowley	1903	0	1	1	hvd.hn1n7u	Love thrives in war; a romance of the frontier in 1812. Illu	Crowley, Mary Catherine.	hathifiles_title
OL15230188W	The king's story book	George Laurence Gomme	1897	0	1	1	hvd.hn5ict	The king's story book: being historical stories picturing th	Gomme, George Laurence, 1853-1916	hathifiles_title
OL19427184W	The Queen's story book	George Laurence Gomme	1898	0	1	1	hvd.hn5icu	Queen's story book; historical stories picturing the reigns 	Gomme, George Laurence, 1853-1916	hathifiles_title
OL5848174W	Aguinaldo's hostage	H. Irving Hancock	1900	0	2	2	hvd.hn1qql|coo1.ark:/13960/t4gm8rf3v	Aguinaldo's hostage; or, Dick Carson's captivity among the F	Hancock, H. Irving 1868-1922	hathifiles_title
OL4892994W	The boy allies at Jutland, or, The greatest naval battle of history	Drake, Robert L.	1917	0	1	1	hvd.hn5hpn	The boy allies at Jutland, or, The greatest naval battle of 	Drake, Robert L., 1887-	hathifiles_title
OL4892384W	The boy allies on the Somme, or, Courage and bravery rewarded	Clair W. Hayes	1917	0	1	1	hvd.hn3hnf	The boy allies on the Somme, or, Courage and bravery rewarde	Hayes, Clair W. 1887-	hathifiles_title
OL7200286W	The little red doe	Chauncey J. Hawkins	1915	0	1	1	hvd.hn245u	The little red doe / by Chauncey J. Hawkins, with illustrati	Hawkins, Chauncey J. 1875-1930	hathifiles_title
OL1126640W	The Queen's Page	Tynan, Katharine	1900	0	1	1	hvd.hn6htb	The queen's page; a story of the days of Charles I of Englan	Tynan, Katharine, 1861-1931	hathifiles_title
OL32098414W	An island refuge	Otis, James	1895	0	1	1	hvd.hn1bnb	An island refuge; Casco Bay in 1676, by James Otis.	Otis, James, 1848-1912.	hathifiles_title
OL1527040W	The wreck of the circus	Otis, James	1897	0	2	2	hvd.hn5i23|hvd.hx568z	The wreck of the circus.	Otis, James, 1725-1783	hathifiles_title
OL5005489W	The boy travellers on the Congo	Thomas Wallace Knox	1887	0	1	1	hvd.hn5i5w	The boy travellers on the Congo; adventures of two youths in	Knox, Thomas Wallace, 1835-1896	hathifiles_title
OL7716289W	Redney McGaw	Arthur Emerson McFarlane	1909	0	1	1	hvd.hn1l1h	Redney McGaw : a story of the big show and the cheerful spir	McFarlane, Arthur E.	hathifiles_title
OL2339805W	In old France and new	McLennan, William	1900	0	1	1	hvd.hn5bc3	In old France and new / by William McLennan.	McLennan, William, 1856-1904	hathifiles_title
OL32094009W	The copper princess	Munroe, Kirk	1898	0	1	1	hvd.hn5nsm	The Copper Princess; a story of Lake Superior mines, by Kirk	Munroe, Kirk, 1850-1930	hathifiles_title
OL3586127W	The S.S. Glory	Frederick Niven	1916	0	1	1	hvd.hn1gkb	The S.S. Glory / illus. by Fred Holmes.	Niven, Frederick, 1878-1944	hathifiles_title
OL5301599W	Blennerhassett or The Decrees of Fate	Charles Felton Pidgin	1901	0	1	1	hvd.hn8n72	Blennerhassett, or, The decrees of fate : a romance founded 	Pidgin, Charles Felton, 1844-1923	hathifiles_title
OL12728629W	A country lawyer	Henry A. Shute	1911	0	1	1	hvd.hn1fv7	A country lawyer / by Henry A. Shute.	Shute, Henry A. 1856-1943.	hathifiles_title
OL5432272W	A dissatisfied soul and A prophetic romancer	Annie Trumbull Slosson	1908	0	2	2	hvd.hn1m1b|coo1.ark:/13960/t7br9bt6m	A dissatisfied soul and A prophetic romancer / by Annie Trum	Slosson, Annie Trumbull, 1838-1926	hathifiles_title
OL32147582W	The black mask, or, Bonnie Orielle's lovers	Annie L. Smith	1906	0	1	1	hvd.hn1en3	The black mask, or, Bonnie Orielle's lovers / by Annie L. Sm	Smith, Annie L. 1836-	hathifiles_title
OL39422142W	The cruise of the Snowbird	Gordon Stables	1880	0	1	1	hvd.hn1jdh	The cruise of the Snowbird : a story of arctic adventure / b	Stables, Gordon, 1840-1910.	hathifiles_title
OL2032306W	First at the North Pole, or, Two boys in the Arctic Circle	Edward Stratemeyer	1909	0	1	1	hvd.hn1jcp	First at the North Pole, or, Two boys in the Arctic Circle /	Stratemeyer, Edward, 1862-1930	hathifiles_title
OL7538244W	In the Days of Alfred the Great	Eva March Tappan	1900	0	2	2	hvd.hn5i2b|mcg.ark:/13960/t10p4ts4n	In the days of Alfred the Great / by Eva March Tappan ; illu	Tappan, Eva March, 1854-1930	hathifiles_title
OL17768557W	Scouting with Daniel Boone	Everett T. Tomlinson	1914	0	1	1	hvd.hn1vtr	Scouting with Daniel Boone / by Everett T. Tomlinson ; illus	Tomlinson, Everett T. 1859-1931.	hathifiles_title
OL15515257W	Two young patriots, or, Boys of the frontier	Everett T. Tomlinson	1898	0	1	1	hvd.hn2gcg	Two young patriots, or, Boys of the frontier : a story of Bu	Tomlinson, Everett T. 1859-1931.	hathifiles_title
OL32098588W	The iron chain and the golden	A. L. O. E.	1893	0	2	2	hvd.hn2all|uc1.aa0003692654	The iron chain and the golden / by A. L. O. E.	A. L. O. E., 1821-1893	hathifiles_title
OL199569W	The Camp Fire Girls at Sunrise Hill	Margaret O'Bannon Womack Vandercook	1913	0	1	1	hvd.hn5huc	The Camp Fire Girls at Sunrise Hill / by Margaret Vandercook	Vandercook, Margaret, 1876-	hathifiles_title
OL32089829W	Little Jarvis	Molly Elliot Seawell	1890	0	2	2	hvd.hn5i1y|hvd.hn2gc8	Little Jarvis.	Seawell, Molly Elliot, 1860-1916.	hathifiles_title
OL7039569W	Between earth and sky and other strange stories of deliverance	Edward William Thomson	1897	0	1	1	hvd.hn5h7y	Between earth and sky, and other strange stories of delivera	Thomson, Edward William, 1849-1924	hathifiles_title
OL1337100W	The Head of Kay's	P. G. Wodehouse	1922	0	1	1	hvd.hn1kew	The head of Kay's.	Wodehouse, P. G. 1881-1975	hathifiles_title
OL16717859W	The professor's children	Fowler, Edith Henrietta	1897	0	1	1	hvd.hn2gey	The professor's children / by Edith Henrietta Fowler ; with 	Fowler, Edith Henrietta, 1865-1944	hathifiles_title
OL39450027W	The burning of Rome; or, A story of Nero's days	Church, Alfred John	1892	0	2	2	hvd.hnp3wp|chi.087909617	The burning of Rome : or, a story of the days of Nero / by t	Church, Alfred John, 1829-1912	hathifiles_title
OL1796387W	Darkness and dawn, or, Scenes in the days of Nero	Frederic William Farrar	1897	0	1	1	hvd.hnpehv	Darkness and dawn, or, Scenes in the days of Nero : an histo	Farrar, F. W. 1831-1903	hathifiles_title
OL1115108W	Adventures of Dick Onslow in the Far West	William Henry Giles Kingston	1882	0	1	1	hvd.hnnq2z	Adventures of Dick Onslow in the Far West / by William H. G.	Kingston, William Henry Giles, 1814-1880	hathifiles_title
OL11285441W	Esarhaddon	Tolstoy, Leo	1904	0	1	1	hvd.hndp9y	Esarhaddon : and other tales / by Leo Tolstoy; tr. by Louise	Tolstoy, Leo, graf, 1828-1910	hathifiles_title
OL4693165W	Tessa ; The trader's wife	Louis Becke	1901	0	1	1	hvd.hnnvph	Tessa ; The trader's wife / by Louis Becke.	Becke, Louis, 1855-1913.	hathifiles_title
OL15237986W	Ralph in the switch tower	Allen Chapman	1907	0	1	1	hvd.hnja4h	Ralph in the switch tower : or, Clearing the track / by Alle	Chapman, Allen	hathifiles_title
OL15237990W	Ralph on the overland express	Allen Chapman	1910	0	1	1	hvd.hnja4f	Ralph on the overland express : or, The trials and triumphs 	Chapman, Allen.	hathifiles_title
OL4117472W	The king of the broncos, and other stories of New Mexico	Charles Fletcher Lummis	1900	0	1	1	hvd.hnqjv2	The king of the broncos and other stories of New Mexico / by	Lummis, Charles Fletcher, 1859-1928.	hathifiles_title
OL113680W	"""Wa-pee Moos-tooch"""	John McDougall	1908	0	1	1	hvd.hnjbeb	"""Wa-pee Moos-tooch""; or, ""White Buffalo"", the hero of a hund"	McDougall, John, 1842-1917	hathifiles_title
OL39454724W	Baffling the blockade	J. Macdonald Oxley	1897	0	1	1	hvd.hnjbvj	Baffling the blockade / by J. Macdonald Oxley.	Oxley, J. Macdonald 1855-1907	hathifiles_title
OL32152070W	The works of Sir Walter Scott, bart	Scott, Walter	1907	0	18	18	hvd.hw1yak|hvd.hw1yj4|hvd.hw1yba	The works of Sir Walter Scott, bart.	Scott, Walter, 1771-1832	hathifiles_title
OL12246708W	Nicanor, teller of tales	C. Bryson Taylor	1906	0	1	1	hvd.hw1y8m	Nicanor, teller of tales; a story of Roman Britain, by C. Br	Taylor, C. Bryson, 1880-	hathifiles_title
OL1127870W	Condensed novels and stories	Bret Harte	1882	0	1	1	hvd.hw23nr	Condensed novels and stories.	Harte, Bret, 1836-1902.	hathifiles_title
OL32090969W	The new fairy book	Andrews, William	1895	0	1	1	hvd.hw273h	The new fairy book.	Andrews, William, 1848-1908	hathifiles_title
OL17690889W	A Narragansett peer	George Appleton	1901	0	1	1	hvd.hw3fog	A Narragansett peer; a historic romance of southern New Engl	Appleton, George.	hathifiles_title
OL16734604W	The book of adventure		1901	0	1	1	hvd.hw1z90	The book of adventure; ed. by Nathan Haskell Dole ...		hathifiles_title
OL22124359W	The book of adventure		1901	0	1	1	hvd.hw1z90	The book of adventure; ed. by Nathan Haskell Dole ...		hathifiles_title
OL7884200W	"""Bobbie"""	Kate Lee Langley Bosher	1899	0	2	2	hvd.hw2bsz|umn.31951000934319f	"""Bobbie"" / by Kate Cairns."	Bosher, Kate Langley, 1865-1932.	hathifiles_title
OL12660042W	Popular romances of the Middle Ages	Cox, George W.	1880	0	1	1	hvd.hw2eg4	Popular romances of the Middle Ages / by Sir George W. Cox a	Cox, George W. 1827-1902	hathifiles_title
OL16535129W	Popular romances of the Middle Ages	Cox, George W.	1882	0	1	1	hvd.hw2eg4	Popular romances of the Middle Ages / by Sir George W. Cox a	Cox, George W. 1827-1902	hathifiles_title
OL17670812W	Popular romances of the Middle Ages	Cox, George W.	1880	0	1	1	hvd.hw2eg4	Popular romances of the Middle Ages / by Sir George W. Cox a	Cox, George W. 1827-1902	hathifiles_title
OL44159277W	The Conspirators, or, The chevalier d'Harmental	Dumas, Alexandre	1900	0	1	1	hvd.hw1xd0	The conspirators, or, The Chevalier D'Harmental.	Dumas, Alexandre, 1802-1870	hathifiles_title
OL10325176W	Tecumseh, chief of the Shawanoes	Edward Sylvester Ellis	1898	0	2	2	uva.x000363164|hvd.hw1vq6	Tecumseh, chief of the Shawanoes : a tale of the War of 1812	Ellis, Edward Sylvester, 1840-1916,	hathifiles_title
OL11687084W	The mysteries of Montreal	Ch Führer	1881	0	1	1	hvd.hw265i	The mysteries of Montreal; being recollections of a female p	Führer, Ch.	hathifiles_title
OL32090965W	The captain's children	D. P. Sanford	1881	0	1	1	hvd.hw22co	The captain's children / Mrs. D.P. Sanford.	Sanford, D. P., Mrs.	hathifiles_title
OL7467201W	Gold-seeking on the Dalton trail	Thompson, Arthur R.	1900	0	2	2	hvd.hw1x79|uc2.ark:/13960/t3513v82j	Gold-seeking on the Dalton trail; being the adventures of tw	Thompson, Arthur R. 1872-	hathifiles_title
OL13798981W	The pioneers of Nashville, and of Tennessee ..	Charles. [from old catalog] May	1880	0	1	1	hvd.hwhj84	The pioneers of Nashville, and of Tennessee : what they were	May, Charles	hathifiles_title
OL15011604W	Under the Chinese dragon	F. S. Brereton	1912	0	1	1	hvd.hwtwmw	Under the Chinese dragon : a tale of Mongolia / by Captain F	Brereton, F. S. 1872-	hathifiles_title
OL28610790W	Just Folks	Edgar A. Guest	1917	0	1	1	hvd.hwxs3i	Just folks / by Edgar A. Guest.	Guest, Edgar A. 1881-1959	hathifiles_title
OL1227905W	The English novel and the principle of its development	Sidney Lanier	1883	0	1	1	hvd.hwxy7e	The English novel and the principle of its development.	Lanier, Sidney, 1842-1881	hathifiles_title
OL6282696W	My footlight husband	Alan Dale	1893	0	1	1	hvd.hx5pbc	My footlight husband : a story of the stage / by Alan Dale.	Dale, Alan, 1861-1928.	hathifiles_title
OL227684W	Annette, the Metis Spy	Joseph Edmund Collins	1886	0	1	1	hvd.hwqw33	Annette, the Metis spy : a heroine of the N.W. Rebellion / b	Collins, J. E. 1855-1892	hathifiles_title
OL7886992W	A son of destiny	Mary Cornelia Francis	1902	0	2	2	hvd.hx5ejl|nyp.33433111626937	A son of destiny : the story of Andrew Jackson / by Mary C. 	Francis, Mary C.	hathifiles_title
OL32090947W	Nim and Cum	Catharine Brooks Yale	1895	0	1	1	hvd.hx4z65	Nim and Cum ; and the Wonder-head stories / by Catharine Bro	Yale, Catharine Brooks, 1818-1900	hathifiles_title
OL4917037W	Nim and Cum ; and the Wonder-head stories	Catharine Brooks Yale	1895	0	1	1	hvd.hx4z65	Nim and Cum ; and the Wonder-head stories / by Catharine Bro	Yale, Catharine Brooks, 1818-1900	hathifiles_title
OL17645233W	Commissioner Hume	C. W. Bardeen	1899	0	1	1	hvd.hx6hxb	Commissioner Hume : a story of New York schools / by C.W.B. 	Bardeen, C. W. 1847-1924	hathifiles_title
OL17648248W	The reclamation of Wales	Ivan Morgan Merlinjones	1913	0	1	1	hvd.hxdii6	The reclamation of Wales : a patriotic romance founded on fa	Merlinjones, Ivan Morgan.	hathifiles_title
OL2498401W	The priest and the man; or, Abelard and Heloisa	William Wilberforce Newton	1883	0	1	1	hvd.hxdm2g	The priest and the man; or, Abelard and Heloisa. A novel.	Newton, William Wilberforce, 1843-1914.	hathifiles_title
OL32088691W	A little colonial dame	Agnes Carr Sage	1898	0	2	2	hvd.hxdn29|coo1.ark:/13960/t3nw0188b	A little colonial dame : a story of old Manhattan Island / b	Sage, Agnes Carr.	hathifiles_title
OL20116613W	Torchy As A Pa	Sewell Ford	1920	0	1	1	osu.32435017615881	Torchy as a pa / by Sewell Ford.	Ford, Sewell, 1868-1946.	hathifiles_title
OL15347059W	Bayard's courier	B. K. Benson	1902	0	1	1	osu.32435017938259	Bayard's courier : a story of love and adventure in the cava	Benson, B. K. 1845-	hathifiles_title
OL17717042W	Sir Walter of Kent	Julius A. Lewis	1902	0	1	1	osu.32435018499020	Sir Walter of Kent : a truthful history of three centuries a	Lewis, Julius A.	hathifiles_title
OL11250419W	In the coils, or, The coming conflict	Edwin Brown Graham	1882	0	1	1	osu.32435076162643	"In the coils, or, The coming conflict / by ""a fanatic"""	Graham, Edwin Brown.	hathifiles_title
OL6571961W	Bond and free	Grace Lintner	1882	0	1	1	osu.32435018078303	Bond and free : a tale of the South / by Grace Lintner.	Lintner, Grace, 1832-1919.	hathifiles_title
OL253810W	Muriel Sterling	A. Irene Jewell	1900	0	3	3	osu.32435018196154|uc1.$b799506|uc2.ark:/13960/t86h4dh7m	Muriel Sterling : a tale of the African veldt / by Mrs. Flet	Jewell, A. Irene.	hathifiles_title
OL1793710W	A runaway couple	Oliver Lowrey	1898	0	1	1	osu.32435018396606	A runaway couple : a story of New York society / by Oliver L	Lowrey, Oliver.	hathifiles_title
OL11535513W	Who is responsible?	William A Smith	1883	0	1	1	osu.32435017899576	Who is responsible? : a story of American Western life / by 	Smith, William A., pastor.	hathifiles_title
OL7098780W	Out at Twinnett's	John Habberton	1890	0	1	1	osu.32435076153410	Out at Twinnett's; or, Gnawing a file.  A story of Wall Stre	Habberton, John, 1842-1921.	hathifiles_title
OL17670328W	At Brown's	Jean Kate Ludlum	1890	0	1	1	osu.32435018233296	At Brown's; an Adirondack story, by Jean Kate Ludlum.	Ludlum, Jean Kate.	hathifiles_title
OL16800097W	The bride of the tomb; and, Queenie's terrible secret	Miller, Alex. McVeigh	1883	0	1	1	osu.32435018529180	The bride of the tomb; or, Lancelot Darling's betrothed, by 	Miller, Alexander McVeigh, Mrs.	hathifiles_title
OL15608573W	'Lisbeth	Carrie E. S. Twing	1901	0	1	1	osu.32435018020685	'Lisbeth : a story of two worlds / by Carrie E.S. Twing.	Twing, Carrie E. S. 1844-	hathifiles_title
OL11186234W	The corduroy road	Anna C. Dunham	1909	0	3	3	osu.32435070194600|osu.32435018539320|osu.32435025623679	The corduroy road : a tale of pioneer life in the Middle Wes	Dunham, Anna C. 1846-	hathifiles_title
OL17660518W	Big John Baldwin	Wilson J. Vance	1909	0	1	1	osu.32435018058644	Big John Baldwin : extracts from the journal of an officer o	Vance, Wilson J.	hathifiles_title
OL2032370W	Young explorers of the Isthmus	Edward Stratemeyer	1903	0	1	1	osu.32435011137882	Young explorers of the Isthmus : or, American boys in Centra	Stratemeyer, Edward, 1862-1930.	hathifiles_title
OL7754501W	A bridal trip in a prairie schooner	Gilbert Guest	1921	0	1	1	osu.32435017645037	A bridal trip in a prairie schooner : a novel / by Gilbert G	Guest, Gilbert.	hathifiles_title
OL33137602W	The gods of mars	Edgar Rice Burroughs	1918	0	1	1	osu.32435018600130	The gods of Mars / by Edgar Rice Burroughs ; frontispiece by	Burroughs, Edgar Rice, 1875-1950.	hathifiles_title
OL12181650W	In the land of to-morrow	J. P. Cranke	1910	0	1	1	osu.32435018132720	In the land of to-morrow / by J.P. Cranke.	Cranke, J. P.	hathifiles_title
OL5962592W	The rustler	Frances McElrath	1902	0	1	1	osu.32435017803701	The rustler : a tale of love and war in Wyoming / by Frances	McElrath, Frances.	hathifiles_title
OL2337408W	Old Plantation Days	Martha S. Gielow	1902	0	1	1	dul1.ark:/13960/t1vf0f212	Old plantation days / by Martha S. Gielow ...	Gielow, Martha S. 1854?-1933.	hathifiles_title
OL1796476W	The flower that grew in the sand	Ella Higginson	1896	0	1	1	osu.32435018211920	The flower that grew in the sand : and other stories / by El	Higginson, Ella, 1862-1940.	hathifiles_title
OL7752846W	The possum hunters	James William Slade	1920	0	1	1	osu.32435017910670	The possum hunters : a story of the tobacco war in Kentucky 	Slade, James William, 1877-	hathifiles_title
OL12190325W	Rival Caesars	Desmond Dilg	1903	0	1	1	osu.32435018208231	Rival Caesars : a romance of ambition, love and war : being 	Dilg, Desmond.	hathifiles_title
OL4605862W	The runaway place	Eaton, Walter Prichard	1909	0	2	2	osu.32435018533000|coo1.ark:/13960/t9k36bz0j	The runaway place : a May idyl of Manhattan / by Walter Pric	Eaton, Walter Prichard, 1878-1957.	hathifiles_title
OL13802395W	The legend of McNutt	W[illiam] L[ee] Anderson	1902	0	1	1	osu.32435075958223	The legend of McNutt : a story of early home life and Christ	Anderson, William Lee, 1867-	hathifiles_title
OL1795188W	The Guns of Bull Run	Joseph A. Altsheler	1914	0	1	1	osu.32435017694134	The guns of Bull Run; a story of the civil war's eve, by Jos	Altsheler, Joseph A. 1862-1919.	hathifiles_title
OL32098372W	Good stories		1882	0	3	3	osu.32435058049461|osu.32435018389254|iau.31858024423380	Good stories.		hathifiles_title
OL32098377W	Good stories		1890	0	3	3	osu.32435058049461|osu.32435018389254|iau.31858024423380	Good stories.		hathifiles_title
OL32098102W	Good stories		1885	0	3	3	osu.32435058049461|osu.32435018389254|iau.31858024423380	Good stories.		hathifiles_title
OL32098356W	Good stories		1888	0	3	3	osu.32435058049461|osu.32435018389254|iau.31858024423380	Good stories.		hathifiles_title
OL231210W	Wellesley stories	Grace Louise Cook	1901	0	1	1	osu.32435017994369	Wellesley stories / by Grace Louise Cook.	Cook, Grace Louise.	hathifiles_title
OL18401216W	Fighting under the Southern cross	Claude H. Wetmore	1901	0	1	1	osu.32435017674045	Fighting under the Southern cross : a story of the Chile-Per	Wetmore, Claude Hazeltine, 1862-1944.	hathifiles_title
OL5297516W	The Gun-Brand	James B. Hendryx	1917	0	1	1	osu.32435018101733	The gun-brand / by James B. Hendryx.	Hendryx, James B. 1880-1963.	hathifiles_title
OL12182032W	The wizard of the Damavant	Joseph Richardson Parke	1910	0	1	1	osu.32435017878190	The wizard of the Damavant : a tale of the Crusades / by J. 	Parke, J. Richardson.	hathifiles_title
OL7853951W	Lorna Carswell	Comer L[eonard] Peek	1906	0	1	1	osu.32435018228718	Lorna Carswell : a story of the South / by Comer L. Peek ; f	Peek, Comer L. 1851-	hathifiles_title
OL2508117W	The false entry	C. W. Bardeen	1905	0	1	1	osu.32435017709486	The false entry : and other stories about schools / by C.W. 	Bardeen, C. W. 1847-1924.	hathifiles_title
OL18485838W	The waist of the world	James Hampton Lee	1906	0	1	1	osu.32435017690744	The waist of the world : a circle into the great empyrean on	Lee, James Hampton, 1876-	hathifiles_title
OL11330458W	Wah-see-ola, the light of the tribes at the meeting waters	Julia M. Baker Stapleford	1905	0	1	1	osu.32435017759648	Wah-see-ola, the light of the tribes at the meeting waters /	Stapleford, Julia M. Baker.	hathifiles_title
OL32146342W	The twelve great diamonds	Jane G. Austin	1892	0	1	1	osu.32435018067058	The twelve great diamonds : a novel / by Jane G. Austin ..	Austin, Jane G. 1831-1894.	hathifiles_title
OL10711812W	Dimitrios and Irene; or, The conquest of Constantinople	Charles Warren Currier	1894	0	1	1	osu.32435017915349	Dimitrios and Irene : or, The conquest of Constantinople, a 	Currier, Charles Warren.	hathifiles_title
OL32095690W	Charley Hope's testament	Emma Leslie	1882	0	1	1	osu.32435054743083	Charley Hope's testament.		hathifiles_title
OL32147592W	The perfect Lord	Helen Bigelow Merriman	1891	0	1	1	osu.32435054741921	The perfect Lord / by Helen Bigelow Merriman.	Merriman, Helen Bigelow, 1844-	hathifiles_title
OL5009862W	West and East	Laura Coates Reed	1892	0	1	1	osu.32435062084736	West and East : an Algerian romance / by Laura Coates Reed.	Reed, Laura Coates.	hathifiles_title
OL32091052W	Little Arthur at the zoo, and the animals he saw there	Mary Seymour	1892	0	1	1	osu.32435060585338	Little Arthur at the zoo, and the animals he saw there / by 	Seymour, Mary, active 1880-1896.	hathifiles_title
OL32091039W	Little Arthur at the zoo, and the birds he saw there	Mary Seymour	1892	0	1	1	osu.32435062098389	Little Arthur at the zoo, and the birds he saw there / by Ma	Seymour, Mary, active 1880-1896.	hathifiles_title
OL32092539W	A Tired wheel		1880	0	1	1	osu.32435069600708	A Tired wheel.		hathifiles_title
OL32091050W	Across the common after wild flowers	M. C. Cooke	1895	0	1	1	osu.32435050451897	Across the common after wild flowers / by Uncle Matt.	Cooke, M. C. 1825-1914.	hathifiles_title
OL32091063W	Down the lane and back in search of wild flowers	M. C. Cooke	1895	0	1	1	osu.32435050451954	Down the lane and back in search of wild flowers / by Uncle 	Cooke, M. C. 1825-1914.	hathifiles_title
OL32098405W	Through the copse	M. C. Cooke	1895	0	1	1	osu.32435050451947	Through the copse : another ramble after flowers with Uncle 	Cooke, M. C. 1825-1914.	hathifiles_title
OL5001315W	The butterfly babies' book	Elizabeth Gordon	1914	0	1	1	osu.32435065340036	The butterfly babies' book / by Elizabeth Gordon ; illustrat	Gordon, Elizabeth, 1866-1922.	hathifiles_title
OL11369871W	Mother bird stories	William F O'Donnell	1909	0	2	2	osu.32435065275349|coo1.ark:/13960/t46q2hx7f	Mother bird stories : a book of the best bird stories that m	O'Donnell, William F.	hathifiles_title
OL32091044W	Rambles among the wild flowers	M. C. Cooke	1898	0	1	1	osu.32435050452143	Rambles among the wild flowers : a book for the young / by M	Cooke, M. C. 1825-1914.	hathifiles_title
OL32146636W	The Tory lover	Sarah Orne Jewett	1902	0	1	1	osu.32435053551602	The Tory lover / by Sarah Orne Jewett.	Jewett, Sarah Orne, 1849-1909.	hathifiles_title
OL43498573W	The Tory lover	Sarah Orne Jewett	1901	0	1	1	osu.32435053551602	The Tory lover / by Sarah Orne Jewett.	Jewett, Sarah Orne, 1849-1909.	hathifiles_title
OL4870953W	A damphool in the Kentucky legislature	H. C. (Henry Clinton) Kennedy	1909	0	1	1	osu.32435053533154	A damphool in the Kentucky legislature / by H.C. Kennedy .	Kennedy, H. C. 1871-	hathifiles_title
OL12181754W	Teddy in darkest Africa, or, the daring exploits of Bwana-Tumbo	Coggs	1910	0	1	1	osu.32435078755121	Teddy in darkest Africa, or, The daring exploits of Bwana-Tu	Coggs, Dr.	hathifiles_title
OL10353532W	Among Jews	M. Salmonsen	1907	0	1	1	osu.32435063282941	Among Jews : sketches / by M. Salmonsen ... ; with a preface	Salmonsen, M. 1843-1913.	hathifiles_title
OL7742367W	Short stories for high schools	Nellie Octavia Plee	1916	0	1	1	osu.32435067906461	Short stories for high schools / edited with introduction an		hathifiles_title
OL15251762W	The devil's letters to Mary MacLane	MacLane, Mary, 1881-1929.	1903	0	1	1	osu.32435069482271	The devil's letters to Mary MacLane / by himself.	MacLane, Mary, 1881-1929.	hathifiles_title
OL7709670W	Arrows of ambition	A. F. Hochwalt	1907	0	1	1	osu.32435075846733	Arrows of ambition : a romance of the Thirty Years' War / by	Hochwalt, A. F. 1869-	hathifiles_title
OL12190580W	His sister	Mary W. Brownson	1904	0	1	1	osu.32435074508417	His sister / by Mary W. Brownson .	Brownson, Mary W.	hathifiles_title
OL7836889W	From behind the veil	Andrew J. Arthur	1901	0	1	1	osu.32435078750270	From behind the veil / by Andrew J. Arthur .	Arthur, Andrew J.	hathifiles_title
OL33426599W	The phantom city	Westall, William	1889	0	1	1	osu.32435078737889	The phantom city : a volcanic romance / by William Westall.	Westall, William, 1835-1903.	hathifiles_title
OL7749593W	David the hero	Lowrie, Sarah Dickson	1903	0	1	1	osu.32435082223017	David the hero / by Sarah Dickson Lowrie .	Lowrie, Sarah Dickson, 1870-1957.	hathifiles_title
OL24325743W	The Long Roll	Mary Johnston	1911	0	2	2	uiug.30112002869847|uiug.30112002869854	The long roll / by Mary Johnston.	Johnston, Mary, 1870-1936.	hathifiles_title
OL3192163W	The man from Snowy River	Paterson, A. B.	1900	0	1	1	uiug.30112002946611	The Man from Snowy River : and other verses / by A. B. Pater	Paterson, A. B. 1864-1941.	hathifiles_title
OL17683041W	Brenda's cousin at Radcliffe	Helen Leah Reed	1907	0	1	1	uiug.30112003432991	Brenda's cousin at Radcliffe; a story for girls, by Helen Le	Reed, Helen Leah, 1860?-1926.	hathifiles_title
OL17961913W	The maid of the whispering hills	Vingie E. Roe	1913	0	1	1	nyp.33433112010677	The maid of the whispering hills / by Vingie E. Roe ; illust	Roe, Vingie E. 1879-1958.	hathifiles_title
OL17721267W	Egle e	W. R. H. Trowbridge	1902	0	1	1	nyp.33433112009943	Eglée.	Trowbridge, W. R. H. 1866-1938.	hathifiles_title
OL7723610W	The lady of Shenipsit	Frederic P. Ladd	1910	0	1	1	nyp.33433112006113	The lady of Shenipsit : a novel of New England / by Frederic	Ladd, Frederic Pierpont, 1870-1947.	hathifiles_title
OL1128000W	The Heritage of Dedlow Marsh and Other Tales	Bret Harte	1889	0	1	1	nyp.33433112004084	The heritage of Dedlow Marsh, and other tales / by Bret Hart	Harte, Bret, 1836-1902.	hathifiles_title
OL44747503W	On the old trail	Bret Harte	1902	0	1	1	nyp.33433112005057	On the old trail / by Bret Harte.	Harte, Bret, 1836-1902.	hathifiles_title
OL16772696W	Chita	Hearn, Lafcadio	1912	0	4	4	nyp.33433112002518|chi.088047793|uc2.ark:/13960/t3qv3cj8g	Chita; a memory of Last Island.	Hearn, Lafcadio, 1850-1904.	hathifiles_title
OL9273529W	The stucco house	Gilbert Cannan	1917	0	1	1	nyp.33433112072909	The stucco house; a novel, by Gilbert Cannan ...	Cannan, Gilbert, 1884-1955.	hathifiles_title
OL42741393W	The wandering heir	Reade, Charles	1883	0	1	1	nyp.33433112051465	The wandering heir; a matter-of-fact romance ...	Reade, Charles, 1814-1884.	hathifiles_title
OL12114300W	Flemington	Violet Jacob	1911	0	1	1	nyp.33433112048677	Flemington / by Violet Jacob.	Jacob, Violet, 1863-1946.	hathifiles_title
OL4146848W	Waysiders	Seumas O'Kelly	1917	0	3	3	nyp.33433112048289|chi.087982720|chi.087982712	Waysiders : stories of Connacht / by Seumas O'Kelly.	O'Kelly, Seumas, 1881-1918.	hathifiles_title
OL17655835W	The young navigators, or, The foreign cruise of the Maud	Optic, Oliver	1894	0	1	1	umn.319510008972840	The young navigators, or, The foreign cruise of the Maud / b	Optic, Oliver, 1822-1897.	hathifiles_title
OL22075130W	Watch and wait, or, The young fugitives	Optic, Oliver	1893	0	1	1	umn.319510008957248	Watch and wait, or, the young fugitives : a story for young 	Optic, Oliver, 1822-1897.	hathifiles_title
OL32094100W	Who killed Cock Robin?	F. Carruthers Gould	1896	0	2	2	umn.319510008882809|oxu1.605441876	Who killed Cock Robin : and other stories.		hathifiles_title
OL42741440W	Jane Seton	Grant, James	1884	0	1	1	uiug.30112046409782	Jane Seton : or, The king's advocate, a Scottish historical 	Grant, James, 1822-1887.	hathifiles_title
OL3825319W	Jane Seton	Grant, James	1884	0	1	1	uiug.30112046409782	Jane Seton : or, The king's advocate, a Scottish historical 	Grant, James, 1822-1887.	hathifiles_title
OL7030015W	Kensington palace in the days of Queen Mary II	Emma Marshall	1895	0	1	1	uiug.30112051352976	Kensington palace in the days of Queen Mary II : a story / b	Marshall, Emma, 1830-1899.	hathifiles_title
OL32873998W	Paul's perils		1890	0	1	1	osu.32435079859922	"Paul's perils / [By the author of ""The Knightriders,"" ""Rankl"		hathifiles_title
OL32873341W	Jack-o'-the-Cudgel, or, The hero of a hundred fights		1894	0	1	1	osu.32435079864112	Jack-o'-the-cudgel, or, The hero of a hundred fights.		hathifiles_title
OL22309358W	Snug harbor, or, The Champlain mechanics	Optic, Oliver	1894	0	1	1	umn.31951000897240k	Snug harbor, or, The Champlain mechanics / by Oliver Optic.	Optic, Oliver, 1822-1897.	hathifiles_title
OL22065985W	Snug harbor, or, The Champlain mechanics	Optic, Oliver	1884	0	1	1	umn.31951000897240k	Snug harbor, or, The Champlain mechanics / by Oliver Optic.	Optic, Oliver, 1822-1897.	hathifiles_title
OL1501487W	Snug Harbor, or, the Champlain mechanics	Optic, Oliver	1884	0	1	1	umn.31951000897240k	Snug harbor, or, The Champlain mechanics / by Oliver Optic.	Optic, Oliver, 1822-1897.	hathifiles_title
OL85090W	A study of woman	Honoré de Balzac	1900	0	1	1	iau.31858001132483	A study of woman ; Another study of woman ; La Grande Bretèc	Balzac, Honoré de, 1799-1850.	hathifiles_title
OL2341634W	In search of treasure	Horatio Alger	1907	0	2	2	uc1.b000973371|uc2.ark:/13960/t2z31nt7f	In search of treasure.	Alger, Horatio, Jr., 1832-1899.	hathifiles_title
OL243063W	Men in war	Adolf Andreas Latzko	1918	0	1	1	uc1.b000894575	Men in war / [Andreas Latzko].	Latzko, Andreas, 1876-1943.	hathifiles_title
OL86320W	Dubliners	Joyce, James	1914	1	7	6	bc.ark:/13960/t5q84bb6g|uc2.ark:/13960/t7np22n2k|chi.14693217	Dubliners / by James Joyce.	Joyce, James, 1882-1941.	hathifiles_title
OL1793314W	The boys with Old Hickory	Everett T. Tomlinson	1898	0	1	1	umn.31951000783233e	The boys with Old Hickory / by Everett T. Tomlinson.	Tomlinson, Everett T. 1859-1931.	hathifiles_title
OL17746020W	An American Robinson Crusoe for American boys and girls	Samuel B. Allison	1918	0	1	1	umn.31951000781845t	An American Robinson Crusoe for American boys and girls.	Allison, Samuel Buell, 1861-	hathifiles_title
OL33249820W	The merry pilgrimage	Merriam Sherwood	1927	0	1	1	umn.31951000784752l	The merry pilgrimage.		hathifiles_title
OL39371157W	The Boston tea party	Henry C. Watson	1888	0	1	1	umn.31951000785638e	The Boston tea party.	Watson, Henry Clay, 1831-1869.	hathifiles_title
OL39435441W	Tarzan the untamed	Edgar Rice Burroughs	1920	0	1	1	umn.31951000891201o	Tarzan the untamed.	Burroughs, Edgar Rice, 1875-1950.	hathifiles_title
OL39440982W	The two Elsies	Martha Finley	1885	0	1	1	umn.31951000926084c	The two Elsies.	Finley, Martha, 1828-1909.	hathifiles_title
OL16826388W	The young adventurer	Horatio Alger	1900	0	1	1	umn.31951000898188r	The young adventurer; or, Tom's trip across the plains.	Alger, Horatio, Jr., 1832-1899.	hathifiles_title
OL32827481W	For the children's hour	Bailey, Carolyn Sherwin	1919	0	2	2	umn.31951000955387h|coo1.ark:/13960/t4th93g1x	For the children's hour.	Bailey, Carolyn Sherwin, 1875-1961,	hathifiles_title
OL43881668W	The first of May	John R. Wise	1881	0	1	1	umn.31951001306644a	The first of May ; a fairy masque / presented in a series of	Wise, John Richard de Capel, 1831-1890.	hathifiles_title
OL15155044W	Uncle Wiggily on the farm	Howard Roger Garis	1922	0	1	1	umn.31951d01736899h	Uncle Wiggily on the farm / by Howard R. Garis ; illustrated	Garis, Howard Roger, 1873-1962.	hathifiles_title
OL13593095W	Sketches of lowly life in a great city	Michael Angelo Woolf	1899	0	3	3	umn.31951d03409110n|coo1.ark:/13960/t6tx3x288|gri.ark:/13960/t47q2jj4s	Sketches of lowly life in a great city.	Woolf, Michael Angelo, 1837-1899.	hathifiles_title
OL1937517W	Men Are Only Human	Robins, Denise	1933	0	1	0	umn.31951002133209v	Men are only human.	Robins, Denise, 1897-1985.	hathifiles_title
OL36919W	Quattrocentisteria	Hewlett, Maurice Henry	1898	0	1	1	uiug.30112047652752	Quattrocentisteria : how Sandro Botticelli saw Simonetta in 	Hewlett, Maurice Henry, 1861-1923.	hathifiles_title
OL44865378W	Quattrocentisteria; how Sandro Botticelli saw Simonetta in the spring	Hewlett, Maurice Henry	1900	0	1	1	uiug.30112047652752	Quattrocentisteria : how Sandro Botticelli saw Simonetta in 	Hewlett, Maurice Henry, 1861-1923.	hathifiles_title
OL44845850W	Quattrocentisteria	Hewlett, Maurice Henry	1913	0	1	1	uiug.30112047652752	Quattrocentisteria : how Sandro Botticelli saw Simonetta in 	Hewlett, Maurice Henry, 1861-1923.	hathifiles_title
OL6189494W	A garden by the sea	Forrest Reid	1918	0	2	2	umn.31951001999608b|hvd.hnp8kt	A garden by the sea : stories and sketches / by Forrest Reid	Reid, Forrest, 1875-1947.	hathifiles_title
OL4631244W	Babes in the wood	Caldecott, Randolph	1882	0	1	1	umn.31951p01139601b	The babes in the wood / R. Caldecott.	Caldecott, Randolph, 1846-1886.	hathifiles_title
OL32092054W	Dear little Marchioness	A. Tracy	1895	0	2	2	umn.31951002058796w|chi.088080432	Dear little Marchioness : a story of a child's faith and lov		hathifiles_title
OL17688955W	Bows of white ribbon	Georgenia J. Luke Koppke	1899	0	1	1	umn.31951002463176h	Bows of white ribbon; a romance of the Spanish-American war.	Koppke, Georgenia Josephine Luke.	hathifiles_title
OL32089564W	Stories of heroic deeds	James Johonnot	1887	0	1	1	uc1.$b284459	Stories of heroic deeds : for boys and girls / by James Joho	Johonnot, James, 1823-1888.	hathifiles_title
OL863000W	Heart	Edmondo De Amicis	1901	0	7	7	uiug.30112114871954|uiug.30112114871962|uiug.30112033602316	Heart : a journal for the study of the circulation ...		hathifiles_title
OL6834257W	Floyd's flowers	Floyd, Silas Xavier	1905	0	2	2	umn.31951000947017a|emu.010000878657	Floyd's flowers; or, Duty and beauty for colored children : 	Floyd, Silas Xavier, 1869-1923.	hathifiles_title
OL17754981W	The re-appearing (Il est ressuscite !)	Charles Morice	1911	0	1	1	chi.087628936	The re-appearing (Il est ressuscité) : a vision of Christ i	Morice, Charles, 1861-1919	hathifiles_title
OL1797586W	Elsie's Holidays at Roselands	Martha Finley	1889	0	1	1	coo1.ark:/13960/t6c25fj9b	Elsie's holidays at Roselands : a sequel to Elsie Dinsmore /	Finley, Martha, 1828-1909.	hathifiles_title
OL35407949W	Peter Pan And Wendy	J. M. Barrie	1925	0	1	1	coo1.ark:/13960/t1gj0270w	Peter Pan and Wendy / by J. M. Barrie ; illustrated in colou	Barrie, J. M. 1860-1937.	hathifiles_title
OL163333W	Great characters of fiction	Mary Elizabeth Townsend	1893	0	1	1	coo1.ark:/13960/t3417hr8s	Great characters of fiction.	Townsend, Mary E.	hathifiles_title
OL32098285W	Tamed	William O. Stoddard	1895	0	1	1	coo1.ark:/13960/t44q8g23j	Tamed : and other stories for girls / by William O. Stoddard	Stoddard, William O., 1835-1925.	hathifiles_title
OL7892396W	The legends of Parsifal	Ford, Mary H.	1904	0	2	2	coo1.ark:/13960/t0ms4941t|coo.31924064295813	The legends of Parsifal.	Ford, Mary Hanford Finney, 1856-	hathifiles_title
OL1236270W	Lord Fairfax	Cooke, John Esten	1896	0	3	3	coo1.ark:/13960/t7vm4th96|uva.x030794998|uga1.32108003739185	Lord Fairfax; or, The master of Greenway court. By John Este	Cooke, John Esten, 1830-1886.	hathifiles_title
OL67216W	Betty Leicester's Christmas	Sarah Orne Jewett	1899	0	1	1	coo1.ark:/13960/t4cn7pw9s	Betty Leicester's Christmas / by Sarah Orne Jewett.	Jewett, Sarah Orne, 1849-1909.	hathifiles_title
OL17596880W	Philip Seymour	James F. M'Gaw	1908	0	1	1	coo1.ark:/13960/t7zk5ww7z	Philip Seymour : or, Pioneer life in Richland county, Ohio ;	M'Gaw, James Franklin, 1823-1872.	hathifiles_title
OL7977597W	The house in the water	Roberts, Charles George Douglas	1908	0	2	2	coo1.ark:/13960/t9d516h5q|osu.32435060585486	The house in the water; a book of animal stories, by Charles	Roberts, Charles G. D., Sir, 1860-1943.	hathifiles_title
OL1792872W	A zigzag journey in the sunny South, or, Wonder tales of early American history	Hezekiah Butterworth	1886	0	1	1	coo1.ark:/13960/t00z7rm84	A zigzag journey in the sunny South, or, Wonder tales of ear	Butterworth, Hezekiah, 1839-1905.	hathifiles_title
OL33138353W	A zigzag journey in the sunny South, or, Wonder tales of early American history	Hezekiah Butterworth	1887	0	1	1	coo1.ark:/13960/t00z7rm84	A zigzag journey in the sunny South, or, Wonder tales of ear	Butterworth, Hezekiah, 1839-1905.	hathifiles_title
OL32098626W	A day with the harriers	Burnand, F. C.	1885	0	1	1	mmet.ark:/13960/t1rf64z8q	"A day with the harriers : an extract from ""Happy thoughts""  "	Burnand, F. C. 1836-1917.	hathifiles_title
OL45611W	Selections	Henry Fielding	1923	0	2	1	mmet.ark:/13960/t2d805b1v|hvd.32044011680501	[Selections].		hathifiles_title
OL11583976W	The strike at Shane's	American Humane Education Society	1893	0	1	1	mmet.ark:/13960/t9n304k3x	The strike at Shane's : a prize story of Indiana.		hathifiles_title
OL17657156W	A creature of the night	Fergus Hume	1891	0	1	1	nc01.ark:/13960/t2k65s35v	A creature of the night : an Italian enigma / by Fergus Hume	Hume, Fergus, 1859-1932.	hathifiles_title
OL17702652W	A slaver's adventures on land and sea	William Henry Thomes	1889	0	1	1	uc1.aa0002697969	A slaver's adventures on land and sea.	Thomes, William Henry, 1824-1895.	hathifiles_title
OL33139917W	A lodging for the night	Robert Louis Stevenson	1908	0	2	1	iau.31858048216083|osu.32435021489760	A lodging for the night : a story of Francis Villon.	Stevenson, Robert Louis, 1850-1894.	hathifiles_title
OL17656212W	Boy scouts at sea	Arthur Astor Carey	1918	0	1	1	iau.31858024241386	Boy scouts at sea; or, A chronicle of the B. S. S. Bright Wi	Carey, Arthur Astor, 1857-	hathifiles_title
OL44704414W	Oak and iron	James Beardsley Hendryx	1925	0	2	2	osu.32435068877448|osu.32435056662612	Oak and iron : of these be the breed of the North / by James	Hendryx, James B. 1880-1963.	hathifiles_title
OL5102208W	Think fast, Mr. Moto	John P. Marquand	1937	0	1	0	osu.32435012836037	Think fast, Mr. Moto / John P. Marquand.	Marquand, John P. 1893-1960.	hathifiles_title
OL38988748W	Star against star	Gawen Brownrigg	1936	0	1	0	osu.32435005721022	Star against star.	Brownrigg, Gawen, 1911-	hathifiles_title
OL6605530W	Red Randall at Midway	Robert Sidney Bowen	1944	0	2	0	osu.32435052976693|osu.32435052976743	Red Randall at Midway / by R. Sidney Bowen ..	Bowen, Robert Sidney, 1900-1977.	hathifiles_title
OL485451W	Wyoming	Zane Grey	1920	0	2	0	osu.32435056572654|ufl.31262088722961	Wyoming.	Grey, Zane, 1872-1939.	hathifiles_title
OL7607025W	Rhumbo	L. A. Watkins	1937	0	1	0	osu.32435059287607	Rhumbo / L.A. Watkins ; illustrated by Jacob Landau.	Watkins, L. A. 1884-	hathifiles_title
OL77781W	Emily of New Moon	L. M. Montgomery	1923	0	1	1	osu.32435078642469	Emily of new moon / by L.M. Montgomery.	Montgomery, L. M. 1874-1942.	hathifiles_title
OL4137458W	Four Lost Ladies	Palmer, Stuart	1949	0	2	1	osu.32435009532185|hvd.hwnye4	Four lost ladies / Stuart Palmer.	Palmer, Stuart, 1905-1968.	hathifiles_title
OL217628W	Children of the fog	Carmel Haden Guest	1927	0	1	1	osu.32435006194278	Children of the fog : a novel of Southwark / by Carmel Haden	Guest, Carmel Goldsmid, Mrs.	hathifiles_title
OL1166799W	London Bridge is falling	Philip Lindsay	1934	0	1	0	osu.32435009848102	London Bridge is falling.	Lindsay, Philip, 1906-	hathifiles_title
OL17960148W	The brook Kerith	Moore, George	1937	0	2	1	osu.32435013891627|uc1.b4679042	The brook Kerith : a Syrian story / by George Moore.	Moore, George, 1852-1933.	hathifiles_title
OL3930837W	Animals of a sagebrush ranch	Alice Day Pratt	1931	0	1	0	osu.32435050794957	Animals of a sagebrush ranch / by Alice Day Pratt ; illustra	Pratt, Alice Day.	hathifiles_title
OL17921091W	The animal parade	Arthur I. Gates	1939	0	1	0	osu.32435066120478	Animal parade / pictures by Sari.		hathifiles_title
OL17690443W	Four-footed friends: stories of animals and children	"Anna (Harris) ""Mrs. Huntington Smith."" Smith"	1912	0	1	1	osu.32435068137892	Four footed friends.		hathifiles_title
OL7105696W	Blackberry winter	Peter Ash	1934	0	1	1	osu.32435050517994	Blackberry winter / Peter Ash.	Ash, Peter, 1883-1943.	hathifiles_title
OL7421534W	Murder in Paris	Alice Campbell	1930	0	1	1	osu.32435053555983	Murder in Paris / by Alice Campbell .	Campbell, Alice, 1887-	hathifiles_title
OL765540W	The black spaniel mystery	Betty Cavanna	1945	0	1	0	osu.32435055409098	The black spaniel mystery / Betty Cavanna ; illustrated by G	Cavanna, Betty, 1909-2001.	hathifiles_title
OL44644781W	Folio on Florence White	Will Oursler	1942	0	1	0	osu.32435055411144	Folio on Florence White / by Will Oursler.	Oursler, Will, 1913-1985.	hathifiles_title
OL235338W	Thieves Like Us	Anderson, Edward	1937	0	1	1	osu.32435055410898	Thieves like us / by Edward Anderson.	Anderson, Edward, 1905-1969.	hathifiles_title
OL5202795W	Wild grape	Louise Platt Hauck	1931	0	1	1	osu.32435056652076	Wild grape : a novel of the Ozarks / by Louise Platt Hauck.	Hauck, Louise Platt, 1883-1943.	hathifiles_title
OL7606556W	Daphne Deane	Grace Livingston Hill	1937	0	1	0	osu.32435056658073	Daphne Deane : a novel / [by] Grace Livingston Hill.	Hill, Grace Livingston, 1865-1947.	hathifiles_title
OL14848561W	Homing	Grace Livingston Hill	1938	0	1	0	osu.32435056657869	Homing / Grace Livingston Hill.	Hill, Grace Livingston, 1865-1947.	hathifiles_title
OL14848613W	Maris	Grace Livingston Hill	1938	0	1	0	osu.32435056564974	Maris / [by] Grace Livingston Hill.	Hill, Grace Livingston, 1865-1947.	hathifiles_title
OL7373828W	The sinister shadow	Holt, Henry	1934	0	1	1	osu.32435056674088	The sinister shadow : a case for Inspector Silver, C.I.D., N	Holt, Henry, 1881-1955.	hathifiles_title
OL1455041W	Cornelli	Spyri, Johanna	1920	0	1	1	osu.32435058063520	Cornelli : by Johanna Spyri / translated by Louise Brooks.	Spyri, Johanna, 1827-1901.	hathifiles_title
OL7563306W	Wings of destiny	George Weston	1929	0	1	1	osu.32435059292235	Wings of destiny / by George Weston.	Weston, George, 1880-	hathifiles_title
OL3921930W	Mickey Mouse	Walt Disney	1933	0	1	0	osu.32435080012149	Mickey Mouse / by Walt Disney.	Disney, Walt, 1901-1966.	hathifiles_title
OL5916177W	A Latin-quarter courtship, and other stories	Henry Harland	1889	0	1	1	iau.31858024214037	A Latin-quarter courtship, and other stories.	Harland, Henry, 1861-1905.	hathifiles_title
OL5684558W	Madam Sapphira	Edgar Saltus	1893	0	2	2	dul1.ark:/13960/t04x8w12j|uc1.31822030573794	Madam Sapphira : a Fifth Avenue story / by Edgar Saltus.	Saltus, Edgar, 1855-1921.	hathifiles_title
OL7593051W	Morningside heights	Mason Woolford	1936	0	1	0	nnc2.ark:/13960/t4vh84b8v	Morningside Heights.		hathifiles_title
OL7566729W	New York	Nat J. Ferber	1929	0	7	3	nnc2.ark:/13960/t1pg4f831|nnc2.ark:/13960/t5r80rq46|nnc2.ark:/13960/t3nw2741d	New York : being an introduction to an unpublished manuscrip		hathifiles_title
OL15550184W	Shelter	Marguerite Steen	1942	0	1	0	nnc2.ark:/13960/t86h74w1g	Shelter.		hathifiles_title
OL6674162W	Shelter	Marguerite Steen	1941	0	1	0	nnc2.ark:/13960/t86h74w1g	Shelter.		hathifiles_title
OL3901452W	The Red Lacquer Case	Patricia Wentworth	1924	0	1	1	uiug.30112001790028	The red lacquer case / by Patricia Wentworth.	Wentworth, Patricia.	hathifiles_title
OL17880029W	The exploits of Kesho Naik, dacoit	Cox, Edmund Charles	1912	0	2	2	chi.21083272|nc01.ark:/13960/t6m10zs9m	The exploits of Kesho Naik, dacoit / by Sir Edmund C. Cox, b	Cox, Edmund Charles, Sir, bart., 1856-	hathifiles_title
OL286540W	The Pothunters	P. G. Wodehouse	1902	0	1	1	chi.11284878	The pothunters / by P. G Wodehouse.	Wodehouse, P. G. 1881-1975	hathifiles_title
OL45290W	Memoirs of a Cavalier or a Military Journal of the Wars in Germany, And the Wars in England. from the Year 1632 to the Year 1648	Daniel Defoe	1927	0	1	1	chi.18320802	Memoirs of a cavalier, or, a military journal of the wars in	Defoe, Daniel, 1661?-1731	hathifiles_title
OL17717959W	Kentucky folks and some others	Davis, Frankie (Parker)	1900	0	1	1	chi.14569298	Kentucky folks and some others / by Frankie Parker Davis.	Davis, Frankie Parker.	hathifiles_title
OL43195960W	Evelina's garden	Mary Eleanor Wilkins Freeman	1899	0	1	1	chi.31568179	Evelina's garden.	Freeman, Mary Eleanor Wilkins, 1852-1930	hathifiles_title
OL472715W	The Mysterious Affair at Styles	Agatha Christie	1920	0	2	2	msu.31293101397226|cub.u183043989421	The mysterious affair at Styles : a detective story / by Aga	Christie, Agatha, 1890-1976.	hathifiles_title
OL17711195W	Virginia	Maie Dove] [from old catalog Day	1899	0	1	1	msu.31293011075615	Virginia ; its agricultural and industrial resources.		hathifiles_title
OL29265403W	Violina or Poland and liberty	Mary Ives Todd	1904	0	1	1	msu.31293014074037	Violina, or, Poland and liberty : a romance / by Mary Ives T	Todd, Mary Ives, b. 1849.	hathifiles_title
OL14993530W	The outline of mythology	Bulfinch, Thomas	1913	0	1	1	uc1.ax0000672279	The outline of mythology: The age of fable, The age of chiva	Bulfinch, Thomas, 1796-1867.	hathifiles_title
OL37516862W	Dr. Nikola's experiment	Guy Boothby	1899	0	1	1	uc1.ax0002500262	Dr. Nikola's experiment / by Guy Boothby.	Boothby, Guy, 1867-1905.	hathifiles_title
OL16696W	The case of the howling dog	Erle Stanley Gardner	1934	0	2	0	iau.31858007084613|uiug.30112076048799	The case of the howling dog.	Gardner, Erle Stanley, 1889-1970.	hathifiles_title
OL16745W	The case of the cautious coquette; The case of the crimson kiss; The case of the crying swallow	Erle Stanley Gardner	1949	0	3	0	iau.31858007085073|umn.319510016359610|uva.x000462406	The case of the cautious coquette.	Gardner, Erle Stanley, 1889-1970.	hathifiles_title
OL16638W	The Case of the Silent Partner	Erle Stanley Gardner	1940	0	2	0	iau.31858023153681|osu.32435055407506	The case of the silent partner.	Gardner, Erle Stanley, 1889-1970.	hathifiles_title
OL16657W	The Case of the One-Eyed Witness	Erle Stanley Gardner	1950	0	1	0	iau.31858007083177	The case of the one-eyed witness.	Gardner, Erle Stanley, 1889-1970.	hathifiles_title
OL16695W	The case of the half-wakened wife	Erle Stanley Gardner	1945	0	1	0	iau.31858007084696	The case of the half-wakened wife; a Perry Mason mystery.	Gardner, Erle Stanley, 1889-1970.	hathifiles_title
OL16637W	The Case of the Perjured Parrot	Erle Stanley Gardner	1939	0	2	0	iau.31858001963911|osu.32435055410005	The case of the perjured parrot / Erle Stanley Gardner.	Gardner, Erle Stanley, 1889-1970.	hathifiles_title
OL10537270W	The woman of Rome	Moravia, Alberto	1949	0	4	0	mdp.39015008727334|uva.x030166335|rul.39030015875570	The woman of Rome / Translated from the Italian by Lydia Hol	Moravia, Alberto, 1907-1990.	hathifiles_title
OL2344465W	Midshipman Jack	Norton, Charles Ledyard	1897	0	1	1	umn.31951002098284z	Midshipman Jack / illustrated by George Gibbs.	Norton, Charles Ledyard, 1837-1909.	hathifiles_title
OL7593415W	At the end of a Texas rope	Caddo Cameron	1938	0	1	0	umn.319510020820003	At the end of a Texas rope.	Cameron, Caddo.	hathifiles_title
OL17768209W	The pursuit of the Apache chief	Everett T. Tomlinson	1920	0	1	1	umn.31951000954790h	The pursuit of the Apache chief : a story of the campaign ag	Tomlinson, Everett T. 1859-1931.	hathifiles_title
OL7150023W	Until the day break	Sallie Lee Bell	1950	0	1	0	umn.319510023625131	Until the day break : a novel of the time of Christ.	Bell, Salle Lee.	hathifiles_title
OL10324222W	The joyous friar; the story of Fra Filippo Lippi	Arthur James Anderson	1927	0	2	2	umn.31951001604505d|uva.x002683379	The joyous friar ; the story of Fra Filippo Lippi.	Anderson, A. J. 1863-	hathifiles_title
OL7583049W	The husband of Mary	Elizabeth Dillingham Hart	1935	0	1	1	umn.31951001633645k	The husband of Mary.	Hart, Elizabeth Dillingham.	hathifiles_title
OL17960563W	The V plan	Graham Seton Hutchison	1941	0	1	0	umn.319510020435862	The V plan / by Graham Seton (Lt.-Colonel G. S. Hutchison...	Hutchison, Graham Seton, 1890-1946.	hathifiles_title
OL6566410W	The cuckoo clock and The tapestry room	Molesworth	1893	0	1	1	umn.319510024037357	The cuckoo clock and The tapestry room.	Molesworth, Mrs., 1842-1921.	hathifiles_title
OL4796808W	Corpse de ballet	Lucy Michaella Cores	1944	0	1	0	umn.319510021022763	Corpse de ballet.	Cores, Lucy Michaella, 1914-	hathifiles_title
OL19663750W	Westward ho!	Charles Kingsley	1936	0	4	2	umn.31951001270845v|uva.x006143440|uva.x000765609	Westward ho : a handbook for the exhibition of the same name		hathifiles_title
OL7583147W	Full fare for a corpse	Tech Davis	1937	0	1	0	umn.319510019945327	Full fare for a corpse : murder on a transcontinental train 	Davis, Tech.	hathifiles_title
OL98769W	Uncle Bill	Will James	1932	0	1	0	umn.31951002053764y	Uncle Bill : a tale of two kids and a cowboy / by Will James	James, Will, 1892-1942.	hathifiles_title
OL7634681W	The highlander	Paul Allan Curtis	1937	0	2	2	umn.319510016321556|nyp.33433084519655	The highlander.	Curtis, Paul Allan, 1889-	hathifiles_title
OL16243595W	Reveille	Angela Du Maurier	1950	0	1	0	nc01.ark:/13960/t1xd2qz0k	The reveille.		hathifiles_title
OL6675566W	Welcome	Isabel Constance Clarke	1942	0	1	0	txu.059173017887900	Welcome; bienvenidos a México.		hathifiles_title
OL7568477W	Rowena Teena Tot and the blackberries	Fannie Burgheim Blumberg	1934	0	1	1	umn.31951000898195u	Rowena, Teena, Tot and the blackberries / illustrated by Mar	Blumberg, Fannie Burgheim, 1894-1964.	hathifiles_title
OL7334078W	Call the Yard!	Hugh Clevely	1931	0	1	0	umn.31951p00925878i	Call the yard!.	Clevely, Hugh, 1898-1964.	hathifiles_title
OL7627766W	Peter the wild boy	Catherine Mary Tennant	1938	0	1	1	umn.31951002116677v	Peter the wild boy / with decorations by Hawke.	Tennant, Catherine Mary, 1897-	hathifiles_title
OL7505125W	The Madonna of the barricades, being the memoirs of George, Lord Chertsey, 1847-1848-1849	Strachey, John St. Loe	1925	0	1	1	umn.31951002015739b	The Madonna of the barricades, being the memoirs of George, 	Strachey, John St. Loe, 1860-1927.	hathifiles_title
OL4508471W	Inspector Frost in the city	H. Maynard Smith	1930	0	1	1	umn.31951002120091d	Inspector Frost in the city.	Smith, H. Maynard 1869-1949.	hathifiles_title
OL1479599W	The education of a burro	Dorothy Childs Hogner	1936	0	1	1	umn.319510008957620	The education of a burro / pictures by Nils Hogner.	Hogner, Dorothy Childs.	hathifiles_title
OL5600814W	Beckoning Dream	Berckman, Evelyn.	1940	0	1	0	umn.319510016366366	The beckoning dream.	Berckman, Evelyn.	hathifiles_title
OL22134002W	The man of the storm	Ethel Hueston	1936	0	1	0	umn.319510021036314	The man of the storm : a romance of Colter who discovered Ye	Hueston, Ethel, 1887-	hathifiles_title
OL5096783W	The brittle glass	Norah Lofts	1942	0	1	0	umn.31951002057319z	The brittle glass.	Lofts, Norah, 1904-1983.	hathifiles_title
OL7789202W	Sunrise of the Menominees	Phebe Jewell Nichols	1930	0	1	0	umn.31951002095471f	Sunrise of the Menominees : a story of Wisconsin Indians ...	Nichols, Phebe Jewell.	hathifiles_title
OL11369953W	Injuns comin'!	M. Winston Pearson	1935	0	1	1	umn.31951000783014q	Injuns comin'! / by M. Winston Pearson and Franklin H. Bulli	Pearson, M. Winston 1876-	hathifiles_title
OL15156340W	Wilderness nurse	Marguerite Mooers Marshall	1950	0	1	0	umn.31951002063891l	Wilderness nurse.	Marshall, Marguerite Mooers, 1887-1964.	hathifiles_title
OL1213451W	The shield of love	Deeping, Warwick	1940	0	1	0	umn.31951002067356n	The shield of love.	Deeping, Warwick, 1877-1950.	hathifiles_title
OL7651117W	The Vagabond king	Justin H. McCarthy	1929	0	1	1	umn.31951002005706w	The vagabond king : photoplay title of If I were King / by J	McCarthy, Justin H. 1860-1936.	hathifiles_title
OL7053799W	Watchdog, story and pictures	Laura Bannon	1948	0	1	0	umn.319510007819035	Watchdog, story and pictures.	Bannon, Laura.	hathifiles_title
OL437805W	The Brooklyn murders	G. D. H. Cole	1923	0	1	1	osu.32435007302094	The Brooklyn murders.	Cole, G. D. H. 1889-1959.	hathifiles_title
OL5587431W	The Master's golden years	Oxenham, John	1932	0	1	0	osu.32435012756680	The master's golden years / John Oxenham.	Oxenham, John, 1852-1941.	hathifiles_title
OL111985W	Two faces of love	Stone, Irving	1944	0	1	0	osu.32435011128469	Two faces of love; Lust for life [and] Immortal wife.	Stone, Irving, 1903-1989.	hathifiles_title
OL10343109W	Realism and reality	Anaïs Nin	1946	0	2	0	osu.32435002562015|uc1.b000736277	Realism and reality / Anaïs Nin.	Nin, Anaïs, 1903-1977.	hathifiles_title
OL5198282W	Lillian Simmons, or, The conflict of sections	Otis M. Shackelford	1915	0	2	2	osu.32435016379489|uiug.30112012907736	Lillian Simmons, or the conflict of sections : a story / by 	Shackelford, Otis M., 1871-	hathifiles_title
OL11920861W	Make mine Maclain: The silent whistle, Melody in death, The murderer who wanted more	Baynard Kendrick	1947	0	1	0	osu.32435005150446	Make mine Maclain: The silent whistle, Melody in death, The 	Kendrick, Baynard, 1894-1977.	hathifiles_title
OL16466381W	Murder wears a mummer's mask	Brett Halliday	1943	0	1	0	osu.32435012494613	Murder wears a mummer's mask / by Brett Halliday.	Halliday, Brett.	hathifiles_title
OL7593469W	Shuddering castle	Wilbur Finley Fauley	1936	0	1	1	osu.32435009517756	Shuddering castle / by Wilbur Fawley.	Fauley, Wilbur Finley, 1872-1942.	hathifiles_title
OL4489640W	The Avenging Saint	Leslie Charteris	1931	0	2	0	osu.32435007138860|uva.x000025312	The avenging Saint / Leslie Charteris.	Charteris, Leslie, 1907-1993.	hathifiles_title
OL4489644W	Follow the Saint	Leslie Charteris	1938	0	1	0	osu.32435005334446	Follow the Saint / Leslie Charteris.	Charteris, Leslie, 1907-1993.	hathifiles_title
OL7420982W	Masterpieces of adventure	Nella Braddy Henney	1921	0	4	0	osu.32435072742612|osu.32435072742604|osu.32435072738990	Masterpieces of adventure / ed. by Nella Braddy.	Henney, Nella Braddy, 1894-	hathifiles_title
OL17964170W	Trumpets at dawn	Cyril Beverly Harris	1944	0	1	0	osu.32435004780045	Trumpets at dawn.	Harris, Cyril, 1891-	hathifiles_title
OL9418663W	The Hidden Portal	Garnett Weston	1946	0	1	1	osu.32435016805574	The hidden portal.	Weston, Garnett.	hathifiles_title
OL6355103W	The heritage	Stevenson, Burton Egbert	1902	0	3	0	osu.32435014432348|nyp.33433084408180|nyp.33433091994669	Heritage : a play in honor of the 75th anniversary of the fo		hathifiles_title
OL12141196W	Swamp water	Vereen Bell	1941	0	1	1	osu.32435055405294	Swamp water / by Vereen Bell.	Bell, Vereen, 1911-1944.	hathifiles_title
OL6334857W	Swamp water	Vereen Bell	1941	0	1	1	osu.32435055405294	Swamp water / by Vereen Bell.	Bell, Vereen, 1911-1944.	hathifiles_title
OL5362636W	Suddenly a corpse	Harold Q. Masur	1949	0	1	0	osu.32435055406813	Suddenly a corpse : a Scott Jordan story / by Harold Q. Masu	Masur, Harold Q., 1909-2005.	hathifiles_title
OL5204303W	A Losing Game	Freeman Wills Crofts	1941	0	1	0	osu.32435055406581	A losing game : an Inspector French mystery / by Freeman Wil	Crofts, Freeman Wills, 1879-1957.	hathifiles_title
OL16744W	The case of the sulky girl	Erle Stanley Gardner	1933	0	1	0	osu.32435055407456	The case of the sulky girl / by Erle Stanley Gardner.	Gardner, Erle Stanley, 1889-1970.	hathifiles_title
OL26641W	Spiderweb trail	Eugene Cunningham	1940	0	1	0	osu.32435055407134	Spiderweb trail.	Cunningham, Eugene, 1896-1957.	hathifiles_title
OL14848310W	Sundown Jim	Ernest Haycox	1938	0	1	0	osu.32435055407035	Sundown Jim / Ernest Haycox.	Haycox, Ernest, 1899-1950.	hathifiles_title
OL1238542W	Checkmate to murder	E. C. R. Lorac	1944	0	1	0	osu.32435055408793	Checkmate to murder / E.C.R. Lorac.	Lorac, E. C. R. 1894-	hathifiles_title
OL16466387W	Tickets for death	Brett Halliday	1941	0	1	0	osu.32435055408710	Tickets for death / Brett Halliday.	Halliday, Brett.	hathifiles_title
OL22244438W	Outlaw on horseback	Will Ermine	1946	0	1	0	osu.32435055411169	Outlaw on horseback / Will Ermine.	Ermine, Will, 1888-1979.	hathifiles_title
OL22425358W	Riders of the night	Eugene Cunningham	1932	0	1	0	osu.32435055410740	Riders of the night / by Eugene Cunningham.	Cunningham, Eugene, 1896-1957.	hathifiles_title
OL15009553W	Riders of the night	Eugene Cunningham	1932	0	1	0	osu.32435055410740	Riders of the night / by Eugene Cunningham.	Cunningham, Eugene, 1896-1957.	hathifiles_title
OL2345918W	Donkey John of the Toy valley	Margaret Warner Morley	1938	0	2	2	osu.32435058020066|uva.x030743202	Donkey John of the Toy Valley / by Margaret Warner Morley ; 	Morley, Margaret Warner, 1858-1923.	hathifiles_title
OL8008459W	The Murder of My Aunt	Richard Hull	1934	0	1	0	osu.32435072723810	The murder of my aunt / by Richard Hull.	Hull, Richard, 1896-1973.	hathifiles_title
OL16673W	The case of the smoking chimney	Erle Stanley Gardner	1943	0	1	0	osu.32435080038896	The case of the smoking chimney / by Erle Stanley Gardner.	Gardner, Erle Stanley, 1889-1970.	hathifiles_title
OL11334231W	Gusta	Sally Kelsey	1944	0	1	1	umn.31951000897216h	Gusta : a story of the Virgin islands / by Sally and Luman K	Kelsey, Sally.	hathifiles_title
OL254484W	Across the plains in '54	Manford Allen Nott	1905	0	3	3	umn.31951002300017n|uc2.ark:/13960/t78s4nj6k|uc2.ark:/13960/t7kp7xm0s	Across the plains in '54 : a story for young people of early	Nott, Manford Allen.	hathifiles_title
OL10801475W	Pilot Jack Knight	Anita Melva Anderson	1950	0	1	1	umn.31951000959163j	Pilot Jack Knight.	Anderson, A. M. 1906-	hathifiles_title
OL2344277W	Uncle Remus, his songs and sayings	Joel Chandler Harris	1909	0	1	0	umn.31951000782537z	Uncle Remus, his songs and sayings.	Harris, Joel Chandler, 1848-1908.	hathifiles_title
OL2272814W	The Jews of Barnow	Karl Emil Franzos	1883	0	2	2	uiuo.ark:/13960/t2895zv13|uiuo.ark:/13960/t4fn5z01f	The Jews of Barnow; stories by Karl Emil Franzos, translated	Franzos, Karl Emil, 1848-1904.	hathifiles_title
OL6832205W	The book of baby beasts	Florence Emily Hardy	1900	0	1	1	osu.32435066990219	The book of baby beasts / pictures in colour by E. J. Detmol	Hardy, Florence Emily, 1881-1937.	hathifiles_title
OL5110841W	Samadhi	Will Levington Comfort	1927	0	1	1	umn.31951002297290v	Samadhi : a novel.	Comfort, Will Levington, 1878-1932.	hathifiles_title
OL38994622W	God have mercy on me!	Marjorie Erskine Smith	1931	0	1	0	umn.319510021236871	God have mercy on me! : from the diaries of a lost soul / by	Smith, Marjorie, 1900-	hathifiles_title
OL39444838W	Christmas with Grandma Elsie	Martha Finley	1888	0	1	1	umn.319510008886227	Christmas with Grandma Elsie.	Finley, Martha, 1828-1909.	hathifiles_title
OL32093769W	Tony Drum	Edwin Pugh	1898	0	1	1	uiug.30112069651062	Tony Drum : a cockney boy / by Edwin Pugh ; with ten coloure	Pugh, Edwin, 1874-1930.	hathifiles_title
OL11852655W	Marguerite	William Alexander Campbell	1907	0	1	0	uiug.30112052890453	Marguerite.		hathifiles_title
OL5007726W	Tony Sarg's book of animals	Tony Sarg	1925	0	1	1	umn.319510009311346	Tony Sarg's book of animals.	Sarg, Tony, 1880-	hathifiles_title
OL7364067W	Midshipman Davy Jones	Raymond John Toner	1938	0	1	0	umn.31951000895527a	Midshipman Davy Jones : being the log of his adventures aboa	Toner, Raymond John.	hathifiles_title
OL15852913W	Donkey beads	Anna Ratzesberger	1938	0	1	0	umn.31951000783045f	Donkey beads ; a tale of a Persian donkey.	Ratzesberger, Anna.	hathifiles_title
OL7774208W	The pirate's treasure	Wilson, Edward A.	1926	0	1	1	umn.31951000931185p	The pirate's treasure : or, The strange adventures of Jack A	Wilson, Edward A. 1886-1970.	hathifiles_title
OL7582546W	Boomba lives in Africa	Singer, Caroline	1935	0	1	0	umn.319510007831388	Boomba lives in Africa / by Caroline Singer and Cyrus LeRoy 	Singer, Caroline, 1888-1963.	hathifiles_title
OL7135398W	Boomba lives in Africa	Singer, Caroline	1935	0	1	0	umn.319510007831388	Boomba lives in Africa / by Caroline Singer and Cyrus LeRoy 	Singer, Caroline, 1888-1963.	hathifiles_title
OL17920978W	Animals are fun	Arthur I. Gates	1940	0	1	0	umn.31951000955108b	Animals are fun.	Gates, Arthur I. 1890-1972.	hathifiles_title
OL22285486W	Red Fox of the Kinapoo	William Marshall Rush	1949	0	1	0	umn.319510008954931	Red fox of the Kinapoo / illus. by Charles Banks Wilson.	Rush, William Marshall, 1887-	hathifiles_title
OL7558084W	Peppi, the duck	Rhea Wells	1927	0	1	1	umn.31951000938809e	Peppi, the duck / written and illustrated by Rhea Wells.	Wells, Rhea.	hathifiles_title
OL6347569W	The Bar X golf course	Ross Santee	1933	0	1	0	uiug.30112003482384	The Bar X golf course / written and illustrated by Ross Sant	Santee, Ross, 1889-1965.	hathifiles_title
OL4489748W	The Saint in Miami	Leslie Charteris	1940	0	1	0	uiug.30112041673408	The Saint in Miami / Leslie Charteris.	Charteris, Leslie, 1907-	hathifiles_title
OL19664342W	All in fun	Allen Churchill	1940	0	2	0	uiug.30112004632128|uiug.30112040538545	All in fun.	Churchill, Allen, 1911-	hathifiles_title
OL116132W	A little maid of Virginia	Alice Turner Curtis	1922	0	1	1	umn.31951000782229a	A little maid of Virginia.	Curtis, Alice Turner.	hathifiles_title
OL17983923W	South from Hudson Bay	Ethel C. Brill	1932	0	2	2	umn.31951000782021y|umn.31951000553574k	South from Hudson Bay.	Brill, Ethel C. 1877-	hathifiles_title
OL16870876W	Within the enemy's lines	Optic, Oliver	1894	0	1	1	uiuo.ark:/13960/t5n925q3v	Within the enemy's lines / by Oliver Optic.	Optic, Oliver, 1822-1897.	hathifiles_title
OL7625686W	The upward trail	Dineh Bi'kis	1935	0	1	1	txa.taeb156602	The upward trail.		hathifiles_title
OL32850012W	Zigzag journeys in the Orient	Hezekiah Butterworth	1882	0	1	1	uiuo.ark:/13960/t76t5p39q	Zigzag journeys in the Orient : the Adriatic to the Baltic :	Butterworth, Hezekiah, 1839-1905.	hathifiles_title
OL1517852W	Blue Hand	Edgar Wallace	1923	0	1	1	umn.31951001996184u	Blue hand.	Wallace, Edgar, 1875-1932.	hathifiles_title
OL17688343W	On guard!	True, John Preston	1902	0	1	1	nnc2.ark:/13960/t5z63zf3x	On guard		hathifiles_title
OL7550897W	Harmony	Mary Gaunt	1933	0	1	1	uc1.$c199254	Harmony		hathifiles_title
OL29276619W	The quiet light, a novel	De Wohl, Louis	1950	0	1	0	osu.32435000887273	The quiet light, a novel.	De Wohl, Louis, 1903-1961.	hathifiles_title
OL9687548W	Latter Howe	Doreen Wallace	1935	0	1	0	osu.32435007778996	Latter Howe / by Doreen Wallace.	Wallace, Doreen, 1897-1989.	hathifiles_title
OL4879656W	North Star	King, Rufus	1925	0	1	1	osu.32435056854524	North Star : a dog story of the Canadian Northwest / by Rufu	King, Rufus, b. 1893.	hathifiles_title
OL7423088W	Mountain pony and the elkhorn mystery	Henry V. Larom	1950	0	1	0	osu.32435057539272	Mountain pony and the elkhorn mystery / Henry V. Larom ; ill	Larom, Henry V.	hathifiles_title
OL14851684W	When Hearts Are Light Again	Emilie baker Loring	1943	0	1	0	osu.32435057555690	When hearts are light again / Emilie Loring.	Loring, Emilie Baker.	hathifiles_title
OL6329829W	The Hongkong airbase murders	F. van Wyck Mason	1938	0	1	0	osu.32435058010778	The Hongkong airbase murders.	Mason, F. van Wyck 1901-1978.	hathifiles_title
OL1528807W	Polly Pepper's book	Margaret Sidney	1927	0	1	1	osu.32435058061847	Polly Pepper's book / Margaret Sidney [pseud.]	Sidney, Margaret, 1844-1924.	hathifiles_title
OL17607213W	Pollyanna of the orange blossoms	Harriet Lummis Smith	1924	0	1	1	osu.32435058062977	Pollyanna of the orange blossoms / by Harriet Lummis Smith.	Smith, Harriet L.	hathifiles_title
OL7751007W	Eight panes of glass	Simpson, Robert	1924	0	1	1	osu.32435058061946	Eight panes of glass / by Robert Simpson.	Simpson, Robert, 1886-1934.	hathifiles_title
OL43625200W	Exit the prince	Lucy Poate Stebbins	1935	0	1	1	osu.32435058063934	Exit the prince / Lucy Poate Stebbins.	Stebbins, Lucy Poate, 1866-1958.	hathifiles_title
OL44972169W	The black shadow	E. L. Thurston	1934	0	1	1	osu.32435059273680	The black shadow / by Ernest L. Thurston.	Thurston, Ernest L. 1873-	hathifiles_title
OL44912848W	Tongues of flame	E. L. Thurston	1934	0	1	1	osu.32435059273730	Tongues of flame / by Ernest L. Thurston.	Thurston, Ernest L. 1873-	hathifiles_title
OL17686761W	Scouting with Kit Carson	Everett T. Tomlinson	1916	0	1	0	osu.32435059274696	Scouting with Kit Carson / by Everett T. Tomlinson ; illustr	Tomlinson, Everett T. 1859-1931.	hathifiles_title
OL43345622W	The Silver Bar mystery	W. C. Tuttle	1933	0	1	1	osu.32435059274456	The Silver Bar mystery / by W. C. Tuttle.	Tuttle, W. C. 1883-1969.	hathifiles_title
OL17370445W	Momotaro	David Thompson	1885	0	1	1	gri.ark:/13960/t9964r290	Momotaro.		hathifiles_title
OL17370567W	The Matsuyama mirror		1886	0	1	1	gri.ark:/13960/t3519699s	The Matsuyama mirror / told to children by Mrs. T.H. James.		hathifiles_title
OL812051W	The Little Wooden Doll	Margery Williams Bianco	1925	0	1	1	umn.31951000954964a	The little wooden doll.	Bianco, Margery Williams, 1881-1944.	hathifiles_title
OL2700597W	Dudley & Gilderoy, a nonsense	Algernon Blackwood	1929	0	2	2	umn.31951001991402z|uva.x000595686	Dudley & Gilderoy, a nonsense.	Blackwood, Algernon, 1869-1951.	hathifiles_title
OL7556317W	Mario and the Chuna	Esther Greenacre Hall	1940	0	1	0	umn.31951000912563q	Mario and the chuna ; a boy and a bird of the Argentine.	Hall, Esther Greenacre.	hathifiles_title
OL15154208W	The three bears	Rojankovsky, Feodor	1948	0	1	0	umn.319510008916026	The three bears / with drawings by L. Leslie Brooke.		hathifiles_title
OL16049633W	Gems of the world's best classics	Jones, Llewellyn	1929	0	2	1	uva.x030797218|cub.u183043191840	Gems of the world's best classics : a collection of complete	Jones, Llewellyn, 1884-1961,	hathifiles_title
OL6565503W	The prince of poisoners	Ladbroke Lionel Day Black	1932	0	1	1	uva.x030735525	The prince of poisoners / by Ladbroke Black.	Black, Ladbroke Lionel Day, 1877-	hathifiles_title
OL1190393W	Cressida's first lover	Lindsay, Jack	1931	0	1	0	uva.x001752202	Cressida's first lover,	Lindsay, Jack, 1900-1990	hathifiles_title
OL42710773W	Bardelys the Magnificent	Sabatini, Rafael	1924	0	1	1	uva.x000329651	Bardelys the Magnificent:	Sabatini, Rafael, 1875-1950.	hathifiles_title
OL7885473W	Dominion	Presland, John	1925	0	1	1	uva.x030795162	Dominion : a novel of Cecil Rhodes and South Africa / by Joh	Presland, John.	hathifiles_title
OL42468264W	The wallet of Kai Lung	Ernest Bramah	1923	0	1	1	uva.x002694842	The wallet of Kai Lung / by Ernest Bramah	Bramah, Ernest, 1868-1942.	hathifiles_title
OL10591257W	Death at Swaythling Court	Alfred W Stewart	1926	0	2	2	uva.x000619232|cub.p103052006014	Death at Swaythling court,	Stewart, Alfred W. 1880-1947	hathifiles_title
OL29373034W	Maker of Heavenly Trousers	Daniele Varè	1937	0	1	0	uva.x000238368	The maker of heavenly trousers / Daniele Varè.	Varè, Daniele, 1890-	hathifiles_title
OL11234702W	The soldier and the gentlewoman	Hilda Vaughan	1932	0	1	0	uva.x001536079	The soldier and the gentlewoman / by Hilda Vaughan.	Vaughan, Hilda, 1892-1985.	hathifiles_title
OL4924684W	The robbery at Rudwick House	Victor L. Whitechurch	1929	0	1	1	uva.x000740745	The robbery at Rudwick House / by Victor L. Whitechurch.	Whitechurch, Victor L. 1868-1933.	hathifiles_title
OL44014568W	Saint errant	Leslie Charteris	1948	0	1	0	uva.x000097765	Saint errant.	Charteris, Leslie, 1907-1993	hathifiles_title
OL4489665W	Saint Errant	Leslie Charteris	1948	0	1	0	uva.x000097765	Saint errant.	Charteris, Leslie, 1907-1993	hathifiles_title
OL4489747W	The Saint Sees It Through	Leslie Charteris	1946	0	1	0	uva.x000097932	The Saint sees it through / Leslie Charteris.	Charteris, Leslie, 1907-1993,	hathifiles_title
OL4925079W	When Last I Died	Gladys Mitchell	1941	0	1	0	uva.x000239320	When last I died / by Gladys Mitchell.	Mitchell, Gladys, 1901-1983.	hathifiles_title
OL2986868W	The runner	Ralph Connor	1929	0	2	1	uva.x000180324|osu.32435008753949	The runner / by Ralph Connor.	Connor, Ralph, 1860-1937,	hathifiles_title
OL24955260W	The hidden years	Oxenham, John	1925	0	2	2	uva.x000964090|ia.ark:/13960/s2wwvr61jr9	The hidden years,	Oxenham, John, 1852-1941.	hathifiles_title
OL42869277W	My lady Pokahontas, a true relation of Virginia	Cooke, John Esten	1907	0	1	1	uva.x030794999	My lady Pokahontas, a true relation of Virginia.	Cooke, John Esten, 1830-1886.	hathifiles_title
OL7185331W	The Case of the Tudor Queen	Christopher Bush	1938	0	1	0	uva.x000833615	The case of the Tudor queen / by Christopher Bush.	Bush, Christopher, 1885-1973.	hathifiles_title
OL1336980W	Golf Without Tears	P. G. Wodehouse	1924	0	1	1	uva.x002304170	Golf without tears / by P.G. Wodehouse.	Wodehouse, P. G. 1881-1975.	hathifiles_title
OL181933W	Best stories of O. Henry	Henry, O.	1945	0	1	0	uva.x000889416	Best stories of O. Henry	Henry, O., 1862-1910.	hathifiles_title
OL35001927W	Magnificent obsession	Douglas, Lloyd C.	1938	0	2	0	uva.x000273237|uva.x001872808	Magnificent obsession / by Lloyd C. Douglas.	Douglas, Lloyd C. 1877-1951.	hathifiles_title
OL7592921W	Cardinal sins	Elizabeth Maury Coombs	1936	0	1	1	uva.x000496979	Cardinal sins / by Elizabeth Maury Coombs.	Coombs, Elizabeth Maury.	hathifiles_title
OL481986W	The Cross-eyed bear	Dorothy B. Hughes	1940	0	1	0	uva.x000598776	The Cross-eyed bear / by Dorothy B. Hughes.	Hughes, Dorothy B. 1904-1983.	hathifiles_title
OL14857828W	The Siamese twin mystery	Ellery QUEEN	1933	0	2	0	uva.x000672745|hvd.hwptbs	The Siamese twin mystery / Ellery Queen.	Queen, Ellery,	hathifiles_title
OL15147885W	No bugles tonight	Bruce Lancaster	1948	0	1	0	uva.x001645529	No bugles tonight / by Bruce Lancaster.	Lancaster, Bruce, 1896-1963.	hathifiles_title
OL7633963W	Spirit of the wild rosebush	Albert J. Laughon	1938	0	1	1	uva.x030796700	Spirit of the wild rosebush; a novel of the pioneer period o	Laughon, Albert J.	hathifiles_title
OL17689486W	The key of the Holy house	Lee, Albert	1899	0	1	1	uva.x030786423	The key of the holy house : a romance of old Antwerp / by Al	Lee, Albert, 1858-	hathifiles_title
OL7714573W	The key of the holy house	Lee, Albert	1899	0	1	1	uva.x030786423	The key of the holy house : a romance of old Antwerp / by Al	Lee, Albert, 1858-	hathifiles_title
OL11159113W	The holy lover	Oemler, Marie Conway	1927	0	1	1	uva.x000236215	The holy lover,	Oemler, Marie Conway, 1879-1932.	hathifiles_title
OL20961306W	The holy lover	Marie Conway Oemler	1927	0	1	1	uva.x000236215	The holy lover,	Oemler, Marie Conway, 1879-1932.	hathifiles_title
OL11252927W	Man cannot tell	Philip Lightfoot Scruggs	1942	0	1	0	uva.x002670891	Man cannot tell	Scruggs, Philip Lightfoot, 1898-	hathifiles_title
OL15430340W	Out of Control / Too Many Suspects / An Eye for an Eye	Baynard Kendrick	1945	0	1	0	uva.x000239294	Out of control.	Kendrick, Baynard, b. 1894.	hathifiles_title
OL7590332W	The red cord	Thomas Grant Springer	1925	0	1	1	uva.x030801505	The red cord : a romance of China / by Thomas Grant Springer	Springer, Thomas Grant, 1873-1943.	hathifiles_title
OL5958050W	Stories to read at Christmas	Elsie Singmaster	1940	0	1	0	uva.x002008639	Stories to read at Christmas.	Singmaster, Elsie.	hathifiles_title
OL34675345W	Exit	Wright, Harold Bell	1930	0	1	1	uva.x002707132	Exit / by Harold Bell Wright.	Wright, Harold Bell, 1872-1944.	hathifiles_title
OL175017W	Murder in Shinbone Alley	Helen Reilly	1940	0	1	0	uva.x000981300	Murder in Shinbone alley ...	Reilly, Helen.	hathifiles_title
OL1449087W	Doctor Dolittle's post office	Hugh Lofting	1923	0	1	1	uva.x002562566	Doctor Dolittle's post office,	Lofting, Hugh, 1886-1947.	hathifiles_title
OL1479844W	Blaze and the forest fire	Anderson, C. W.	1938	0	1	0	uva.x000497444	Blaze and the forest fire,	Anderson, C. W. 1891-1971.	hathifiles_title
OL7509548W	Pit pony	Nina Lloyd Banning	1947	0	1	0	uva.x000442810	Pit pony;	Banning, Nina Lloyd.	hathifiles_title
OL6810106W	Penny-whistle	Erick Berry	1930	0	1	1	uva.x000497450	Penny-Whistle.	Berry, Erick, 1892-1974	hathifiles_title
OL6926066W	Taffy's foal	Elisa Bialk	1949	0	1	0	uva.x030796770	Taffy's foal;	Bialk, Elisa.	hathifiles_title
OL11842825W	Bashful fifteen	L. T. Meade	1892	0	1	1	uva.x001053407	Bashful fifteen,	Meade, L. T., 1844-1914	hathifiles_title
OL17659029W	Little Doctor Victoria	Louise Carnahan	1899	0	1	1	uva.x000925204	Little Doctor Victoria; a southern story for boys and girls.	Carnahan, Louise.	hathifiles_title
OL106043W	The little fire engine	Greene, Graham	1950	0	1	0	uva.x000442630	The little fire engine;	Greene, Graham, 1904-1991.	hathifiles_title
OL39160W	The Hidden Staircase	Carolyn Keene	1930	0	1	1	uva.x002672602	The hidden staircase,	Keene, Carolyn.	hathifiles_title
OL39322W	Nancy's Mysterious Letter	Carolyn Keene	1932	0	1	0	uva.x000335939	Nancy's mysterious letter,	Keene, Carolyn.	hathifiles_title
OL24817281W	A Child's Book of Country Stories	Ada M. Skinner	1925	0	1	1	uva.x030743326	A child's book of country stories.	Skinner, Ada M. 1878-	hathifiles_title
OL38732307W	Argosies of empire	Ralph Edgar Bailey	1947	0	1	0	uva.x030797472	Argosies of empire; the adventures of great sea captains of 	Bailey, Ralph Edgar, 1893-	hathifiles_title
OL33165972W	Children of other lands	Mary Entwistle	1928	0	1	1	uva.x030803575	Children of other lands,	Entwistle, Mary, 1878-	hathifiles_title
OL121236W	Buster Bear's twins	Thornton W. Burgess	1923	0	1	1	uva.x001863066	Buster Bear's twins,	Burgess, Thornton W. 1874-1965.	hathifiles_title
OL476819W	The Christopher Robin story book	A. A. Milne	1929	0	1	1	uva.x000444232	The Christopher Robin story book,	Milne, A. A. 1882-1956.	hathifiles_title
OL17907570W	The pocket Bible	Eugene Sue	1910	0	2	0	uva.x030787501|cub.u183006797087	The pocket Bible : the King James version of the Old and New		hathifiles_title
OL22481257W	Louisiana in the short story	Lizzie Carter McVoy	1940	0	1	0	uva.x030789974	Louisiana in the short story,	McVoy, Lizzie Carter,	hathifiles_title
OL5303714W	Anderby Wold	Winifred Holtby	1923	0	1	0	uva.x000173421	Anderby Wold / by Winifred Holtby.	Holtby, Winifred, 1898-1935.	hathifiles_title
OL17539651W	Anderby Wold	Winifred Holtby	1923	0	1	0	uva.x000173421	Anderby Wold / by Winifred Holtby.	Holtby, Winifred, 1898-1935.	hathifiles_title
OL32093653W	A bunch of cherries	L. T. Meade	1898	0	1	1	uva.x030826039	A bunch of cherries : a story of Cherry Court School / by Mr	Meade, L. T., 1844-1914	hathifiles_title
OL39257W	A dog named Chips	Albert Payson Terhune	1931	0	1	0	uva.x000613279	A dog named Chips; the life and adventures of a mongrel scam	Terhune, Albert Payson, 1872-1942.	hathifiles_title
OL33136473W	Mary Jane's country home	Clara Ingram Judson	1922	0	1	1	uva.x030796568	Mary Jane's country home.	Judson, Clara Ingram, 1879-1960.	hathifiles_title
OL29276298W	Short stories of de Maupassant	Guy de Maupassant	1941	0	1	0	uva.x001597690	Short stories of de Maupassant : including The necklace, Lov	Maupassant, Guy de, 1850-1893.	hathifiles_title
OL1937645W	The Captain from Connecticut	C. S. Forester	1941	0	2	0	uva.x000141787|uva.x000888952	The captain from Connecticut / C.S. Forester.	Forester, C. S. 1899-1966.	hathifiles_title
OL9440127W	Kerry	Grace Livingston Hill	1931	0	1	0	uva.x000473044	Kerry.	Hill, Grace Livingston, 1865-1947.	hathifiles_title
OL16675W	The D.A. calls it murder	Erle Stanley Gardner	1937	0	1	0	uva.x000457789	The D.A. calls it murder.	Gardner, Erle Stanley, 1889-1970.	hathifiles_title
OL11315382W	The gleam in the north	D. K. Broster	1927	0	2	0	uva.x002077880|osu.32435012622296	The gleam in the north : a sequel to The flight of the heron	Broster, D. K.	hathifiles_title
OL7425911W	Community nurse	Lucy Agnes Hancock	1944	0	1	1	uva.x030788070	Community nurse.	Hancock, Lucy Agnes.	hathifiles_title
OL17626181W	Slovenly Peter	Hoffmann, Heinrich	1900	0	5	4	uva.x001130322|uva.x000335135|nyp.33333219838824	Slovenly Peter : or, Cheerful stories and funny pictures for	Hoffmann, Heinrich, 1809-1894.	hathifiles_title
OL47908W	The secret of the caves	Franklin W. Dixon	1929	0	1	0	uva.x000762052	The secret of the caves.	Dixon, Franklin W.	hathifiles_title
OL7629067W	A shipment for Susannah	Eleanor Weakley Nolen	1938	0	1	0	uva.x030743205	A shipment for Susannah / pictures by Erick Berry.	Nolen, Eleanor Weakley.	hathifiles_title
OL137489W	Where There's a Will	Rex Stout	1940	0	1	0	uva.x000375027	Where there's a will : a Nero Wolfe mystery.	Stout, Rex, 1886-1975.	hathifiles_title
OL32100697W	Moral tales for young people	Edgeworth, Maria	1892	0	1	1	uva.x000298614	Moral tales for young people / by Maria Edgeworth.	Edgeworth, Maria, 1768-1849	hathifiles_title
OL44949277W	Scoop	Evelyn Waugh	1949	0	1	0	uva.x000242149	Scoop / [by] Evelyn Waugh.	Waugh, Evelyn, 1903-1966.	hathifiles_title
OL8070939W	The Strolling Saint	Sabatini, Rafael	1925	0	1	1	uva.x030795143	The strolling saint : being the confessions of the high and 	Sabatini, Rafael, 1875-1950.	hathifiles_title
OL44635762W	The valley of ghosts	Edgar Wallace	1923	0	1	1	uva.x000540877	The valley of ghosts.	Wallace, Edgar, 1875-1932.	hathifiles_title
OL43806390W	The dream detective	Sax Rohmer	1925	0	1	1	uva.x000240022	The dream detective : being some account of the methods of M	Rohmer, Sax, 1883-1959.	hathifiles_title
OL1517797W	Portrait of a Spy	E. Temple Thurston	1928	0	1	1	uva.x002265384	Portrait of a spy ; a novel.	Thurston, E. Temple 1879-1933.	hathifiles_title
OL1418241W	The Outlaw of Torn	Edgar Rice Burroughs	1914	0	1	0	uva.x000317616	The outlaw of Torn / Edgar Rice Burroughs.	Burroughs, Edgar Rice, 1875-1950.	hathifiles_title
OL16643W	The D A draws a circle	Erle Stanley Gardner	1939	0	1	0	uva.x000465624	The D. A. draws a circle.	Gardner, Erle Stanley, 1889-1970.	hathifiles_title
OL16747W	The case of the velvet claws	Erle Stanley Gardner	1933	0	1	0	uva.x000457784	The case of the velvet claws.	Gardner, Erle Stanley, 1889-1970.	hathifiles_title
OL7441106W	Harvard Has a Homicide	Fuller, Timothy	1936	0	1	0	uva.x000833469	Harvard has a homicide.	Fuller, Timothy, 1914-	hathifiles_title
OL4879649W	The Lesser Antilles case	King, Rufus	1934	0	1	0	uva.x000843050	The lesser Antilles case.	King, Rufus, 1893-1966	hathifiles_title
OL10537540W	Bony and the Kelly gang	Arthur William Upfield	1940	0	1	0	uva.x001665072	Bony and the Kelly gang.	Upfield, Arthur W. 1888-1964	hathifiles_title
OL7761512W	Evangeline of Ole Virginia	R. M. Ely	1923	0	1	1	uva.x004884804	Evangeline of ole Virginia / by R. M. Ely.	Ely, R. M., 1875-	hathifiles_title
OL2989411W	Hanged for a sheep	Frances Louise Davis Lockridge	1942	0	1	0	uva.x000222019	Hanged for a sheep / by Frances & Richard Lockridge. Bats fl	Lockridge, Frances Louise Davis.	hathifiles_title
OL3926769W	Frequent Hearses	Edmund Crispin	1950	0	1	0	uva.x000822958	Frequent hearses; a detective story, by Edmund Crispin [pseu	Crispin, Edmund, 1921-1978.	hathifiles_title
OL1518391W	Sherlock Holmes Detective Stories	Doyle, Arthur Conan	1900	0	1	0	uva.x000787901	Sherlock Holmes detective stories.	Doyle, Arthur Conan, 1859-1930	hathifiles_title
OL24265343W	Cherry Ames, flight nurse	Helen Wells	1945	0	1	0	uva.x004176779	Cherry Ames, flight nurse / by Helen Wells.	Wells, Helen, 1910-1986	hathifiles_title
OL39778W	The Mystery of the Tolling Bell	Carolyn Keene	1946	0	1	0	uva.x004196786	Mystery of the tolling bell / by Carolyn Keene.	Keene, Carolyn.	hathifiles_title
OL472130W	N or M?	Agatha Christie	1941	0	1	0	uva.x004169233	N or M? : the new mystery / by Agatha Christie.	Christie, Agatha, 1890-1976.	hathifiles_title
OL9077397W	The Adventures of Ellery Queen	Ellery QUEEN	1934	0	1	0	uva.x000597008	The adventures of Ellery Queen.	Queen, Ellery.	hathifiles_title
OL40200W	Vengeance is mine	Mickey Spillane	1950	0	1	0	uva.x000338138	Vengeance is mine / by Mickey Spillane.	Spillane, Mickey, 1918-2006.	hathifiles_title
OL7437254W	Daughter of time	Nelia Gardner White	1942	0	1	0	uva.x000073173	Daughter of time : the life of Katherine Mansfield in novel 	White, Nelia Gardner, 1894-1957.	hathifiles_title
OL191942W	Great tales of terror and the supernatural	Herbert A. Wise	1944	0	1	0	uva.x000545976	Great tales of terror and the supernatural / ed. by Herbert 	Wise, Herbert Alvin,	hathifiles_title
OL4711681W	Modern short stories	Hadfield, John	1939	0	1	0	uva.x000232317	Modern short stories.	Hadfield, John, 1907-	hathifiles_title
OL42216994W	The empress might-have-been	Octave Aubry	1927	0	1	1	uva.x000488484	The empress might-have-been; the love story of Marie Valevsk	Aubry, Octave, 1881-1946.	hathifiles_title
OL6810097W	The winged girl of Knossos	Erick Berry	1933	0	1	0	uva.x030463049	The winged girl of Knossos / by Erick Berry ; with illustrat	Berry, Erick, 1892-1974	hathifiles_title
OL15549635W	Black ivory	Polan Banks	1926	0	1	1	uva.x000543914	Black ivory / by Polan Banks.	Banks, Polan, 1906-1984	hathifiles_title
OL5287620W	Blood upon the snow	Hilda Lawrence	1944	0	1	0	uva.x030797337	Blood upon the snow / by Hilda Lawrence. They never say when	Lawrence, Hilda.	hathifiles_title
OL4608103W	Whiteoak heritage	Mazo De la Roche	1940	0	1	0	uva.x000400381	Whiteoak heritage ; The Whiteoak brothers: Jalna-1923 ; Jaln	De la Roche, Mazo, 1879-1961.	hathifiles_title
OL10421923W	The surprising adventures of Baron Munchausen	Rudolf Erich Raspe	1930	0	1	1	uva.x001176310	The surprising adventures of Baron Munchausen / illustrated 		hathifiles_title
OL5185423W	The Southerner	Dixon, Thomas	1925	0	19	15	uva.x030599820|uva.x030599819|uva.x030599818	The Southerner.		hathifiles_title
OL1521406W	Earthworms in Europe	Upson, William Hazlett	1931	0	1	0	uva.x000271093	Earthworms in Europe; Alexander Botts makes the old world tr	Upson, William Hazlett, 1891-1975.	hathifiles_title
OL44892620W	A variety of weapons	King, Rufus	1943	0	1	0	uva.x001496122	A variety of weapons / Rufus King.	King, Rufus, 1893-1966	hathifiles_title
OL10591260W	Tragedy at Ravensthorpe	Alfred W Stewart	1927	0	1	1	uva.x000672946	Tragedy at Ravensthorpe / by J.J. Connington [i.e. A.W. Stew	Stewart, Alfred W. 1880-1947	hathifiles_title
OL27321890W	In His Steps	Charles M. Sheldon	1935	0	1	1	uva.x000987963	"In His steps : ""What would Jesus do?"" / by Charles M. Sheldo"	Sheldon, Charles M., 1857-1946	hathifiles_title
OL5819477W	The man who mastered time	Ray Cummings	1929	0	1	1	uva.x030557498	The man who mastered time / by Ray Cummings.	Cummings, Ray.	hathifiles_title
OL15737386W	Look away, look away	Leslie Turner White	1943	0	1	0	uva.x000474475	Look away, look away /	White, Leslie Turner, 1903-1967	hathifiles_title
OL4102814W	Fire	Armine Von Tempski	1929	0	4	4	osu.32435022849319|iau.31858034827356|uva.x001046138	Fire!!		hathifiles_title
OL25843914W	Ladder	Jack R. Pyle	1913	0	4	0	uva.x002150364|uva.x002150366|uc1.31210008414227	The Ladder.		hathifiles_title
OL42479707W	The battle-ground	Ellen Anderson Gholson Glasgow	1929	0	1	0	uva.x001219882	The battle-ground / Ellen Glasgow.	Glasgow, Ellen Anderson Gholson, 1873-19	hathifiles_title
OL20107725W	Great Stories of All Nations	Maxim Lieber	1927	0	1	0	uva.x001043362	Great stories of all nations; one hundred sixty complete sho	Lieber, Maxim,	hathifiles_title
OL7626819W	Great stories of all nations	Maxim Lieber	1927	0	1	0	uva.x001043362	Great stories of all nations; one hundred sixty complete sho	Lieber, Maxim,	hathifiles_title
OL182361W	Dangerous by nature	Manning Coles	1950	0	1	0	uva.x000500717	Dangerous by nature / by Manning Coles ; The hidden and the 	Coles, Manning.	hathifiles_title
OL18382926W	Deeper the heritage	Muriel Elwood	1947	0	1	0	uva.x000234823	Deeper the heritage / by Muriel Elwood.	Elwood, Muriel, 1902-1976	hathifiles_title
OL178507W	The white queen	William Stearns Davis	1925	0	1	1	uva.x030557499	The white queen; a tale of the youth of St. Louis, King of F	Davis, William Stearns, 1877-1930.	hathifiles_title
OL273476W	A Descent into the Maelstrom	Poe, Edgar Allan	1920	0	1	0	uva.x000192329	A descent into the maelstrom; illustrations by Charles McCur	Poe, Edgar Allan, 1809-1849.	hathifiles_title
OL11273252W	Mister Penny	Marie Hall Ets	1935	0	1	0	uva.x006114311	Mister Penny / story and pictures by Marie Hall Ets.	Ets, Marie Hall, 1895-1984	hathifiles_title
OL39458877W	Bunny's friends	Amy Le Feuvre	1900	0	1	1	uva.x030826093	Bunny's friends / by Amy Le Feuvre.	Le Feuvre, Amy.	hathifiles_title
OL6101352W	The house of happiness and other stories	Dell, Ethel M.	1927	0	1	1	uva.x000929827	The house of happiness and other stories / by Ethel M. Dell.	Dell, Ethel M. 1881-1939.	hathifiles_title
OL20106W	Collected dog stories	Kipling, Rudyard	1934	0	1	0	uva.x001201001	Collected dog stories / by Rudyard Kipling; illustrated by G	Kipling, Rudyard, 1865-1936.	hathifiles_title
OL3581344W	Tom Swift and His Great Oil Gusher	Victor Appleton	1924	0	1	1	uva.x001497563	Tom Swift and his great oil gusher : or, The treasure of Gob	Appleton, Victor.	hathifiles_title
OL32097842W	The Three little pigs		1890	0	1	0	uva.x000613581	Three little pigs; story and illustrations by the staff of W		hathifiles_title
OL32443957W	Struggling upward	Horatio Alger	1910	0	1	0	uva.x000526835	Struggling upward; and other works by Horatio Alger, jr., wi	Alger, Horatio, Jr., 1832-1899	hathifiles_title
OL3581326W	Tom Swift and his airline express	Victor Appleton	1926	0	1	1	uva.x000826784	Tom Swift and his airline express; or, From ocean to ocean b	Appleton, Victor.	hathifiles_title
OL33139217W	Tom Swift and his airline express	Victor Appleton	1926	0	1	1	uva.x000826784	Tom Swift and his airline express; or, From ocean to ocean b	Appleton, Victor.	hathifiles_title
OL32097130W	A puzzling pair	Amy Le Feuvre	1898	0	1	1	uva.x030796536	A puzzling pair / by Amy Le Feuvre ; illustrated by Eveline 	Le Feuvre, Amy.	hathifiles_title
OL212683W	Knights of the air	Escott Lynn	1918	0	2	1	uva.x000993483|mcg.ark:/13960/t9t21d15m	Knights of the air / herausgegeben von Karl Arns.		hathifiles_title
OL17699074W	Crown jewels	Harriet B. McKeever	1883	0	1	1	uiuo.ark:/13960/t6wx2sd3x	Crown Jewels : or, Gems of literature art and music : being 		hathifiles_title
OL34379772W	Master Plan	Cathy Sanders	1923	0	1	1	uiug.30112088878142	The master plan : recreational development Sardis Lake, Litt		hathifiles_title
OL5213532W	Grain	Robert J. C. Stead	1926	0	1	1	osu.32435066954827	Grain : guide for organizing local cooperative marketing ass		hathifiles_title
OL44451177W	The flight of the shadow	MacDonald, George	1891	0	1	1	uc1.31210003332283	The flight of the shadow / George MacDonald.	MacDonald, George, 1824-1905.	hathifiles_title
OL17667434W	Aurora Floyd	Braddon, M. E.	1883	0	1	1	uc1.31210001963774	"Aurora Floyd : a novel / by the author of ""Lady Audley's sec"	Braddon, M. E. 1835-1915.	hathifiles_title
OL44975999W	Sad cypress	Agatha Christie	1940	0	1	0	uc1.31210013876741	Sad cypress : a Poirot mystery / Agatha Christie.	Christie, Agatha, 1890-1976.	hathifiles_title
OL471870W	Sad Cypress	Agatha Christie	1939	0	1	0	uc1.31210013876741	Sad cypress : a Poirot mystery / Agatha Christie.	Christie, Agatha, 1890-1976.	hathifiles_title
OL19665856W	The beloved returns	Thomas Mann	1940	0	1	0	uc1.31210003109152	The beloved returns : Lotte in Weimar / Thomas Mann ; transl	Mann, Thomas, 1875-1955.	hathifiles_title
OL726756W	The symbol and the saint	Eugene Field	1886	0	1	1	umn.31951001995767b	The symbol and the saint.	Field, Eugene, 1850-1895.	hathifiles_title
OL10427461W	The beautiful visit	Howard, Elizabeth Jane.	1950	0	2	0	uc1.c049756970|uc1.31822017283482	The beautiful visit.	Howard, Elizabeth Jane.	hathifiles_title
OL76576W	The blanket of the dark	John Buchan	1931	0	1	0	uc1.c042578218	The blanket of the dark / John Buchan.	Buchan, John, 1875-1940.	hathifiles_title
OL17783819W	To the Stars	Patricia Robins	1944	0	3	0	uiug.30112109637006|uiug.30112109636982|uiug.30112109636990	To the stars / Kansas Industrial Development Commission.		hathifiles_title
OL17960175W	The caged lion	Yonge, Charlotte Mary	1901	0	1	1	uc1.31822023446768	The caged lion / by Charlotte M. Yonge ; illustrated by W.J.	Yonge, Charlotte M. 1823-1901	hathifiles_title
OL2460934W	The dark tunnel	Macdonald, Ross	1944	0	1	0	uc1.31822006946578	The dark tunnel / Kenneth Millar	Macdonald, Ross, 1915-1983	hathifiles_title
OL7133796W	All aboard for sunrise lands	Rand, Edward A.	1882	0	1	1	uc1.31822043018217	All aboard for sunrise lands : a trip through California, ac	Rand, Edward A. 1837-1903	hathifiles_title
OL3581421W	Tom Swift and His Photo Telephone	Victor Appleton	1914	0	1	1	uc1.a0007466766	Tom Swift and his photo telephone : or, The picture that sav	Appleton, Victor.	hathifiles_title
OL3364105W	The wind boy	Ethel Cook Eliot	1923	0	1	0	umn.31951000782331j	The Wind Boy.	Eliot, Ethel Cook, 1890-1972.	hathifiles_title
OL43387780W	Laura	Vera Caspary	1943	0	1	0	umn.319510020186439	Laura / Vera Caspary.	Caspary, Vera, 1899-1987.	hathifiles_title
OL22128256W	The Indian twins	Lucy Fitch Perkins	1930	0	1	1	umn.31951p00546941c	The Indian twins / by Lucy Fitch Perkins ; illustrated by th	Perkins, Lucy Fitch, 1865-1937.	hathifiles_title
OL18513343W	Peter Abelard	Helen Waddell	1933	0	1	0	uiug.30112033601185	Peter Abelard : a novel / by Helen Waddell.	Waddell, Helen, 1889-1965.	hathifiles_title
OL33160522W	Winesburg, Ohio	Sherwood Anderson	1946	0	1	0	dul1.ark:/13960/t3vt8045w	Winesburg, Ohio : a group of tales of Ohio small-town life /	Anderson, Sherwood, 1876-1941.	hathifiles_title
OL16268585W	The Labour pilgrim's progress	H. T. Muggeridge	1908	0	1	1	uiuo.ark:/13960/t49p9f21r	The Labour Pilgrim's progress / H.T. Muggeridge.	Muggeridge, H. T.	hathifiles_title
OL7655418W	Life in America	Gladys Eliot Mansir	1941	0	2	0	uiug.30112011471486|uiug.30112097471384	Life in America.		hathifiles_title
OL3739385W	The ancient highway	James Oliver Curwood	1925	0	1	1	osu.32435012378139	The ancient highway.	Curwood, James Oliver, 1878-1927.	hathifiles_title
OL11186231W	California gold-field scenes	Robert W Bigham	1886	0	2	2	uc2.ark:/13960/t6445j031|uiug.30112002095070	California gold-field scenes: selections from Quien Sabe's g	Bigham, Robert W.	hathifiles_title
OL7154778W	Under the avalanche	W. J. Gordon	1887	0	1	1	uc2.ark:/13960/t5r78c329	Under the avalanche : a tale of the Sierra Nevada / by W.J. 	Gordon, W. J.	hathifiles_title
OL16787446W	A vineyard story	Estella Wight	1921	0	1	1	uc2.ark:/13960/t20c4w74g	A vineyard story.	Wight, Estella.	hathifiles_title
OL7886882W	A reasonable service	Grace Baughman Keairnes	1922	0	1	1	uc2.ark:/13960/t00002h86	A reasonable service; a story of practical Zionic ideals.	Keairnes, Grace Baughman.	hathifiles_title
OL16328302W	A girl from Mexico	R. B. Townshend	1914	0	1	1	uc2.ark:/13960/t17m06g3n	A girl from Mexico / by R. B. Townshend.	Townshend, R. B. 1846-1923.	hathifiles_title
OL1529162W	To Greenland and the Pole	William Gordon Stables	1890	0	3	3	mdp.39015031463642|uc2.ark:/13960/t07w6b25n|hvd.hn3jkb	To Greenland and the Pole; a story of adventure in the Arcti	Stables, Gordon, 1840-1910.	hathifiles_title
OL32093518W	To Greenland and the Pole	William Gordon Stables	1895	0	3	3	mdp.39015031463642|uc2.ark:/13960/t07w6b25n|hvd.hn3jkb	To Greenland and the Pole; a story of adventure in the Arcti	Stables, Gordon, 1840-1910.	hathifiles_title
OL1458218W	The prodigal calf	Agnes Morley Cleaveland	1916	0	1	1	uc2.ark:/13960/t15m64r2k	The prodigal calf / Agnes Morley Cleaveland and Eugene Manlo	Cleaveland, Agnes Morley, 1874-	hathifiles_title
OL99541W	The Enchanted Castle	E. Nesbit	1907	0	1	1	uc2.ark:/13960/t3st7kx4r	The enchanted castle / by E. Nesbit ; with 47 ill. by H.R. M	Nesbit, E. 1858-1924.	hathifiles_title
OL7571457W	Keeper of the wolves	Norma Bicknell Mansfield	1934	0	1	0	uiug.30112001601860	Keeper of the wolves / by Norma Bicknell Mansfield.	Mansfield, Norma Bicknell.	hathifiles_title
OL13720454W	...Webs in the sky	Marjorie Roberts	1940	0	1	1	uiug.30112003610844	...Webs in the sky.	Roberts, Marjorie.	hathifiles_title
OL29263797W	A Treasury of modern humor	Allen Churchill	1941	0	1	0	uiug.30112004632136	A treasury of modern humor; all in fun, edited by Allen Chur	Churchill, Allen, 1911-	hathifiles_title
OL15154729W	A treasury of modern humor	Allen Churchill	1944	0	1	0	uiug.30112004632136	A treasury of modern humor; all in fun, edited by Allen Chur	Churchill, Allen, 1911-	hathifiles_title
OL1337130W	The Adventures of Sally	P. G. Wodehouse	1922	0	3	2	umn.31951p00598418n|iau.31858006710564|uiug.30112002828702	The adventures of Sally / P.G. Wodehouse.	Wodehouse, P. G. 1881-1975.	hathifiles_title
OL13340217W	Salvage	Ethel M Wood	1945	0	1	1	pst.000071998169	Salvage : history of the Salvage Division of the National Pr		hathifiles_title
OL15262200W	The Queen's desire	Hume Nisbet	1894	0	1	1	uc1.aa0000677757	The queen's desire : a romance of the Indian mutiny / by Hum	Nisbet, Hume, 1849-1923.	hathifiles_title
OL16907836W	Ninety-three	Victor Hugo	1902	0	2	1	nc01.ark:/13960/t99614j1t|osu.32435072016827	Ninety-three : Bug Jargal. Claude Gueux / by Victor Hugo.	Hugo, Victor, 1802-1885.	hathifiles_title
OL19666093W	Ninety-three	Victor Hugo	1902	0	2	1	nc01.ark:/13960/t99614j1t|osu.32435072016827	Ninety-three : Bug Jargal. Claude Gueux / by Victor Hugo.	Hugo, Victor, 1802-1885.	hathifiles_title
OL24954648W	Hanover, or, The persecution of the lowly	Jack Thorne	1901	0	1	1	nc01.ark:/13960/t3wt00v24	Hanover, or, The persecution of the lowly : a story of the W	Thorne, Jack, 1863?-1941.	hathifiles_title
OL7500269W	The honored guest	Sara Elizabeth Gosselink	1947	0	1	0	nc01.ark:/13960/t2j68s68g	Honored guest : for singing schools, singing conventions, et		hathifiles_title
OL32146079W	The rising tide	Margaret Deland	1916	0	1	1	uc1.c2673690	Rising Tide		hathifiles_title
OL7149888W	Murder in Fiji	John W. Vandercook	1936	0	1	0	uiug.30112002878491	Murder in Fiji.	Vandercook, John W. 1902-1963.	hathifiles_title
OL17880173W	The achievements of John Carruthers	Cox, Edmund Charles	1911	0	1	1	nc01.ark:/13960/t9t21vr2z	The achievements of John Carruthers / by Sir Edmund C. Cox.	Cox, Edmund Charles, Sir, 1856-	hathifiles_title
OL7555874W	Reap the wild wind	Thelma Strabel	1941	0	1	0	uiug.30112003184170	Reap the wild wind / Thelma Strabel ; with a foreword by Cec	Strabel, Thelma.	hathifiles_title
OL15962929W	The happy alienist	Smith, Wallace	1936	0	1	1	uiug.30112003191886	The happy alienist; a Viennese caprice, by Wallace Smith.	Smith, Wallace, 1888-1937	hathifiles_title
OL2700642W	John Silence	Algernon Blackwood	1908	0	1	1	uc1.31822006901516	John Silence : Physician extraordinary	Blackwood, Algernon, 1869-1951	hathifiles_title
OL44238051W	Deep river	Wood, Clement	1934	0	1	0	mdp.39015099308184	Deep river : Negro spiritual.		hathifiles_title
OL15433955W	The Folded Leaf / Dark Legend	William Maxwell	1945	0	1	0	uc1.31210001831690	The folded leaf; Dark Legend by William Maxwell.	Maxwell, William, 1908-2000.	hathifiles_title
OL44862192W	The folded leaf	William Maxwell	1945	0	1	0	uc1.31210001831690	The folded leaf; Dark Legend by William Maxwell.	Maxwell, William, 1908-2000.	hathifiles_title
OL1452647W	Passion and society	Rougemont, Denis de	1940	0	1	0	uiuc.2825055	Passion and society / by Denis de Rougemont ; translated by 	Rougemont, Denis de, 1906-1985	hathifiles_title
OL10427552W	The builders	Ellen Anderson Gholson Glasgow	1919	0	1	1	nc01.ark:/13960/t7hr1gk0r	The builders / by Ellen Glasgow.	Glasgow, Ellen Anderson Gholson, 1873-19	hathifiles_title
OL39690549W	Builders	Ellen Glasgow	1919	0	1	1	nc01.ark:/13960/t7hr1gk0r	The builders / by Ellen Glasgow.	Glasgow, Ellen Anderson Gholson, 1873-19	hathifiles_title
OL17644824W	For the stars and stripes	Everett T. Tomlinson	1909	0	1	1	nc01.ark:/13960/t7wm8t474	For the stars and stripes / by Everett T. Tomlinson ; illust	Tomlinson, Everett T. 1859-1931.	hathifiles_title
OL35483987W	In African forest and jungle	Paul B. Du Chaillu	1909	0	1	1	uiug.30112084335386	In African forest and jungle / by Paul Du Chaillu ; illustra	Du Chaillu, Paul B. 1835-1903.	hathifiles_title
OL17085674W	In African forest and jungle	Paul B. Du Chaillu	1903	0	2	2	uiug.30112084335386|nyp.33333120711599	In African forest and jungle / by Paul Du Chaillu ; illustra	Du Chaillu, Paul B. 1835-1903.	hathifiles_title
OL1890168W	Death of a swagman	Arthur William Upfield	1945	0	1	0	uc1.b5207405	Death of a swagman.	Upfield, Arthur W. 1888-1964.	hathifiles_title
OL15720146W	The blood of the martyrs	Naomi Mitchison	1948	0	2	0	osu.32435002733848|uc1.b4708646	The blood of the martyrs / by Naomi Mitchison.	Mitchison, Naomi, 1897-1999.	hathifiles_title
OL683092W	The blood of the martyrs	Naomi Mitchison	1939	0	2	0	osu.32435002733848|uc1.b4708646	The blood of the martyrs / by Naomi Mitchison.	Mitchison, Naomi, 1897-1999.	hathifiles_title
OL4092663W	The Black Moth	Georgette Heyer	1921	0	1	1	uc1.31158003129433	The Black Moth / Georgette Heyer.	Heyer, Georgette, 1902-1974.	hathifiles_title
OL4092680W	The Grand Sophy	Georgette Heyer	1950	0	1	0	uc1.31158008434093	The grand Sophy / by Georgette Heyer.	Heyer, Georgette, 1902-1974.	hathifiles_title
OL1822241W	The Naked and the Dead	Mailer, Norman.	1948	0	2	0	uc1.31158001379592|uc1.31158011105870	The naked and the dead.	Mailer, Norman.	hathifiles_title
OL32046854W	The naked and the dead	Mailer, Norman.	1948	0	2	0	uc1.31158001379592|uc1.31158011105870	The naked and the dead.	Mailer, Norman.	hathifiles_title
OL4881211W	The crimson trail of Joaquin Murieta	Ernest Klette	1928	0	1	1	uc1.b000321982	The crimson trail of Joaquin Murieta / by Ernest Klette.	Klette, Ernest.	hathifiles_title
OL36511972W	American Writers	Edwin L. Miller	1933	0	1	0	uiug.30112001247839	American writers / by Tom Peete Cross [et al.]		hathifiles_title
OL4955629W	There are dead men in Manhattan	John Roeburt	1946	0	1	0	uiug.30112102161756	There are dead men in Manhattan : a Jigger Moran story / by 	Roeburt, John.	hathifiles_title
OL4868137W	Scattergood Baines returns	Clarence Budington Kelland	1938	0	1	1	uc1.b5528386	Scattergood Baines returns / by Clarence Budington Kelland.	Kelland, Clarence Budington, 1881-1964.	hathifiles_title
OL2023428W	Sign of fear	August William Derleth	1935	0	1	0	uiug.30112002544986	Sign of fear : a Judge Peck mystery / by August W. Derleth.	Derleth, August William, 1909-1971.	hathifiles_title
OL3659758W	Lila & Colette	Catulle Mendès	1931	0	1	0	uc1.31210005474901	Lila & Colette.	Mendès, Catulle, 1841-1909.	hathifiles_title
OL1937781W	Death to the French	C. S. Forester	1932	0	1	0	osu.32435003448180	Death to the French.	Forester, C. S. 1899-1966.	hathifiles_title
OL11619993W	The Case with Nine Solutions	Alfred W Stewart	1929	0	1	0	uc1.31210006455883	The case with nine solutions / by J.J. Connington.	Stewart, Alfred W. 1880-1947.	hathifiles_title
OL10334626W	Wander birds	Eric Walter White	1934	0	1	0	uc1.31210007274275	Wander birds / Eric Walter White ; with ten silhouettes cut 	White, Eric Walter, 1905-1985.	hathifiles_title
OL1337077W	Doctor Sally	P. G. Wodehouse	1932	0	1	0	uc1.31210009589704	Doctor Sally / by P. G. Wodehouse.	Wodehouse, P. G. 1881-1975	hathifiles_title
OL1337096W	The small bachelor	P. G. Wodehouse	1927	0	2	2	uc1.31210000883015|uc1.31822011632643	The small bachelor.	Wodehouse, P. G. 1881-1975.	hathifiles_title
OL4080098W	Death in the wrong room	Anthony Gilbert	1947	0	1	0	osu.32435010349348	Death in the wrong room / by Anthony Gilbert [i.e. L. B. Mal	Gilbert, Anthony, 1899-1973.	hathifiles_title
OL10470143W	A gallant grenadier	F. S. Brereton	1902	0	2	2	osu.32435010856888|hvd.hn1sba	A gallant grenadier : a tale of the Crimean War / by Captain	Brereton, F. S. 1872-	hathifiles_title
OL22132859W	Regards to Broadway	Donald Henderson Clarke	1935	0	1	0	osu.32435013381447	Regards to Broadway / by Donald Henderson Clarke.	Clarke, Donald Henderson, 1887-1958.	hathifiles_title
OL1197133W	The scarlet beast	Francis Gerárd	1934	0	1	0	osu.32435015484702	The scarlet beast.	Gerárd, Francis, 1905-	hathifiles_title
OL16037851W	This, my brother	Argye M. Briggs	1950	0	2	1	osu.32435016526642|coo.31924022295798	This, my brother / by Argye M. Briggs.	Briggs, Argye M.	hathifiles_title
OL17985220W	Why stay we here?	Godwin, George	1930	0	1	1	osu.32435015259591	Why stay we here? / By George Godwin.	Godwin, George, 1889-1974.	hathifiles_title
OL3261449W	This is Catholic fiction	Gable, Mariella	1948	0	1	0	hvd.hn9b15	This is Catholic fiction.	Gable, Mariella, 1899-1985	hathifiles_title
OL5197970W	The overland trail	Kauffman, Reginald Wright	1927	0	2	2	hvd.hw1x8a|cub.p101120703009	The overland trail : a tale of '49 / by Reginald Wright Kauf	Kauffman, Reginald Wright, 1877-1959.	hathifiles_title
OL16137760W	Master J. Spraggles, his version of Robinson Crusoe as narrated & depicted to his school fellows at Dr. Tickeltoby's Academy	Daniel Defoe	1880	0	1	1	hvd.hn2gn7	Master J.Spraggles, his version of Robinson Crusoe. As narra		hathifiles_title
OL6924546W	Dreams and delights	L. Adams Beck	1926	0	1	1	hvd.hnqmdu	Dreams and delights.	Beck, L. Adams -1931.	hathifiles_title
OL17117173W	The Treasure of Ho	L. Adams Beck	1924	0	1	1	hvd.hnqmdk	The treasure of Ho; a romance.	Beck, L. Adams -1931.	hathifiles_title
OL3901343W	The Case Is Closed	Patricia Wentworth	1937	0	1	0	hvd.hn5sdn	The case is closed.	Wentworth, Patricia.	hathifiles_title
OL3163390W	The maid Silja	Frans Eemil Sillanpää	1933	0	1	0	hvd.32044005047881	The maid Silja.	Sillanpää, F. E. 1888-1964	hathifiles_title
OL15234888W	Fiction, fair and foul	Ruskin, John	1880	0	1	1	hvd.32044105387757	Fiction - fair and foul.	Ruskin, John, 1819-1900	hathifiles_title
OL43572215W	The surgeon's daughter	Scott, Walter	1900	0	1	1	hvd.hn2p31	The surgeon's daughter.	Scott, Walter, 1771-1832	hathifiles_title
OL44009510W	Surprise stories	Marjorie Hardy	1926	0	2	2	uc1.l0075962183|uc1.l0075962175	Surprise stories / by Marjorie Hardy ; illustrated by Lucill	Hardy, Marjorie, 1888-	hathifiles_title
OL32096542W	The Story of the three little pigs	McLoughlin Bros	1892	0	1	1	uc1.31210000474112	The story of the three little pigs / with drawings by L. Les		hathifiles_title
OL3528417W	Brut	Layamon	1924	0	1	0	uc1.b000852513	The Brut; or, The chronicles of England, edited from ms. Rau		hathifiles_title
OL16094634W	Each bright river	Mildred Masterson McNeilly	1950	0	1	0	uiug.30112003237739	Each bright river.	McNeilly, Mildred Masterson	hathifiles_title
OL2777768W	Donovan's Brain	Curt Siodmak	1942	0	1	0	ppt.ssfcbz201808000112	Donovan's brain / by Curt Siodmak.	Siodmak, Curt, 1902-2000	hathifiles_title
OL46390W	The Foundation Trilogy	Isaac Asimov	1950	0	1	0	ppt.ssfcbz201710000325	The foundation trilogy : three classics of science fiction /	Asimov, Isaac, 1920-1992	hathifiles_title
OL24265769W	Forty fathoms deep	Ion L. Idriess	1937	0	1	0	uc1.31822012326179	Forty fathoms deep : pearl divers and sea rovers in Australi	Idriess, Ion L. 1890-1979	hathifiles_title
OL1165470W	Forty fathoms deep	Ion Llewellyn Idriess	1937	0	1	0	uc1.31822012326179	Forty fathoms deep : pearl divers and sea rovers in Australi	Idriess, Ion L. 1890-1979	hathifiles_title
OL1795811W	The new road	Neil Munro	1914	0	2	1	uc1.b5047077|coo.31924013528892	New road : directions in European art and letters, number 4 		hathifiles_title
OL17986449W	The sacrifice of the Shannon	Albert Hickman	1911	0	1	1	hvd.hn1hxy	The sacrifice of the shannon.	Hickman, William Albert, 1877-	hathifiles_title
OL30684W	Under Calvin's spell	Deborah Alcock	1910	0	1	1	hvd.hw1wp2	Under Calvin's spell; a tale of the heroic times in old Gene	Alcock, Deborah.	hathifiles_title
OL15931460W	Boy Scouts with Joffre, or, In the trenches in Belgium	V. T. Sherman	1915	0	1	1	hvd.hn5hua	Boy Scouts with Joffre, or, In the trenches in Belgium / by 	Sherman, V. T.	hathifiles_title
OL7424168W	Murder by prescription	Jonathan Stagge	1938	0	2	0	hvd.hwpt65|hvd.hwpt64	Murder by prescription : a Dr. Westlake mystery / by Jonatha	Stagge, Jonathan.	hathifiles_title
OL137363W	The album	Mary Roberts Rinehart	1933	0	1	0	hvd.hn6izf	The album.	Rinehart, Mary Roberts, 1876-1958	hathifiles_title
OL12460671W	Spirit fire	Lereine Ballantyne	1932	0	1	1	hvd.hn1fxq	Spirit fire: a story of the Petun Indians, by Lereine Ballan	Ballantyne, Lereine Hoffman, 1891-	hathifiles_title
OL3020871W	The Plague Court murders	John Dickson Carr	1934	0	1	0	hvd.hn2s5c	The plague court murders / by Carter Dickson.	Carr, John Dickson, 1906-1977	hathifiles_title
OL19622314W	The canyon of the green death	F. R. Buckley	1923	0	1	1	hvd.hxdknl	The canyon of the green death.	Buckley, F. R. 1896-1976.	hathifiles_title
OL7359074W	Hell cat	Idabel Williams	1934	0	1	1	hvd.hn1z7n	Hell cat.	Williams, Idabel.	hathifiles_title
OL3899801W	Queer people such as goblins, giants, merry-men and monarchs, and their kweer kapers	Palmer Cox	1888	0	1	1	hvd.hn6k9b	Queer people, such as goblins, giants, merry-men and monarch	Cox, Palmer, 1840-1924	hathifiles_title
OL43752283W	The headmistress	Angela Mackail Thirkell	1944	0	1	0	hvd.hwp4ux	The headmistress.	Thirkell, Angela, 1890-1961	hathifiles_title
OL45628W	A journey from this world to the next and A voyage to Lisbon	Henry Fielding	1893	0	1	1	hvd.hwjv5j	A journey from this world to the next and A voyage to Lisbon	Fielding, Henry, 1707-1754	hathifiles_title
OL470417W	The Glass Slipper	Mignon Good Eberhart	1938	0	1	0	hvd.hn3l1i	The glass slipper / Mignon G. Eberhart.	Eberhart, Mignon G. 1899-1996	hathifiles_title
OL24062263W	The Polish Jew	Erckmann-Chatrian	1885	0	2	1	hvd.hn1f12|nyp.33433075452866	"The Polish Jew : the original work upon which the play of ""T"	Erckmann-Chatrian	hathifiles_title
OL1064174W	The Time of roses	L. T. Meade	1900	0	1	1	hvd.hn1jr5	The time of roses; a story for girls, by L.T. Meade.	Meade, L.T., 1854-1914.	hathifiles_title
OL44894773W	Evangeline; a romance of Acadia	Henry Wadsworth Longfellow	1929	0	2	1	hvd.hn3q8r|pur1.32754003594250	Evangeline / Henry Wadsworth Longfellow.	Longfellow, Henry Wadsworth, 1807-1882	hathifiles_title
OL16747033W	An enchanted garden	Molesworth	1892	0	1	1	hvd.hn6fpx	An enchanted garden; fairy stories. Illustrated by W.J. Henn	Molesworth, Mrs., 1839-1921	hathifiles_title
OL22095690W	Palmetto	Stella G. S. Perry	1920	0	1	1	hvd.hn1ji3	Palmetto : the romance of a Louisiana girl / by Stella G. S.	Perry, Stella G. S. 1877-	hathifiles_title
OL24856766W	The Triumph of McLean	George Goodchild	1933	0	1	0	hvd.hn6qbg	The triumph of McLean.	Goodchild, George, 1888-1969	hathifiles_title
OL37010464W	The what-to-do club	Helen Campbell	1886	0	1	1	hvd.hn35yw	The what-to-do club : a story for girls / by Helen Campbell.	Campbell, Helen, 1839-1918.	hathifiles_title
OL2341669W	The young acrobat of the Great North American Circus	Horatio Alger	1899	0	1	1	hvd.hn4nur	The young acrobat of the great North American circus / by Ho	Alger, Horatio, 1832-1899.	hathifiles_title
OL17686573W	Mahetible Hopkins on her travels	Elder, D. H.	1886	0	1	1	hvd.hn3lfg	Mahetible Hopkins on her travels / this book is written by M	Elder, D. H., Mrs.	hathifiles_title
OL44742259W	Dividend on death	Brett Halliday	1939	0	1	0	hvd.hwnx5l	Dividend on death : a Michael Shayne mystery / by Brett Hall	Halliday, Brett	hathifiles_title
OL1937576W	Second Best	Robins, Denise	1931	0	1	0	hvd.hn1e2y	Second best / by Denise Robins.	Robins, Denise, 1897-	hathifiles_title
OL12995999W	The next time	Louis J Walsh	1922	0	1	1	hvd.hnp4i7	The next time; a story of 'forty-eight.	Walsh, Louis J., 1880-1942	hathifiles_title
OL24464526W	Chronicles of the Canongate	Scott, Walter	1903	0	1	1	hvd.hn1k6p	Chronicles of the Canongate; first series.	Scott, Walter, 1771-1832	hathifiles_title
OL7716199W	Silhouette of Mary Ann	Buckrose, J. E.	1931	0	1	0	osu.32435008863755	Silhouette of Mary Ann : a novel about George Eliot / by J.E	Buckrose, J. E., 1868-1931.	hathifiles_title
OL7015278W	Historical romance of the American Negro	Fowler, Charles H.	1902	0	1	1	nyp.33433080444429	Historical romance of the American Negro / by Charles H. Fow	Fowler, Charles Henry, 1837-1908.	hathifiles_title
OL5285699W	The teddy bear that prowled at night	Edna Groff Deihl	1924	0	1	1	nyp.33433079089482	The teddy bear that prowled at night / story by Edna Groff D	Deihl, Edna Groff, 1881-1935.	hathifiles_title
OL24294496W	Raggedy Ann in the deep deep woods	Johnny Gruelle	1930	0	1	0	nyp.33433092908387	Raggedy Ann in the deep deep woods / written and illustrated	Gruelle, Johnny, 1880-1938.	hathifiles_title
OL1514915W	Raggedy Ann in the deep deep woods	Johnny Gruelle	1930	0	1	0	nyp.33433092908387	Raggedy Ann in the deep deep woods / written and illustrated	Gruelle, Johnny, 1880-1938.	hathifiles_title
OL1514918W	Raggedy Ann and Andy and the Nice Fat Policeman	Johnny Gruelle	1942	0	2	0	nyp.33433092907371|ufl.31262046430319	Raggedy Ann and Andy and the nice fat policeman / by Johnny 	Gruelle, Johnny, 1880-1938.	hathifiles_title
OL10813680W	Tara's family	Boris Leont £evich Gorbatov	1944	0	1	0	mdp.39015063084522	Tara's family / by Boris Gorbatov ; translated from the Russ	Gorbatov, Boris Leontevich, 1908-1954.	hathifiles_title
OL4122312W	Green money	D. E. Stevenson	1939	0	1	0	osu.32435011635612	Green money .	Stevenson, D. E. 1892-1973.	hathifiles_title
OL32363923W	Green Money	D. E. Stevenson	1939	0	1	0	osu.32435011635612	Green money .	Stevenson, D. E. 1892-1973.	hathifiles_title
OL104233W	Sun in the morning	Elizabeth Cadell	1950	0	1	0	osu.32435055317119	Sun in the morning / illustrated by Mildred Coughlin McNutt.	Cadell, Elizabeth.	hathifiles_title
OL2385381W	South Pacific	Michener, James A.	1920	0	4	0	uc1.31822033609686|uc1.31822033634494|uc1.31822033609744	South Pacific : the monthly notes of the Australian School o		hathifiles_title
OL7425263W	Ridin' the rainbow	Taylor, Rosemary	1944	0	1	0	uiug.30112003177299	Ridin' the rainbow; father's life in Tucson, by Rosemary Tay	Taylor, Rosemary, b. 1899.	hathifiles_title
OL44920W	The Romantic Adventures of a Milkmaid	Hardy, Thomas	1883	0	1	1	rul.39030038555407	The romantic adventures of a milkmaid / by Thomas Hardy.	Hardy, Thomas, 1840-1928.	hathifiles_title
OL23253670W	The romantic adventures of a milkmaid	Hardy, Thomas	1884	0	1	1	rul.39030038555407	The romantic adventures of a milkmaid / by Thomas Hardy.	Hardy, Thomas, 1840-1928.	hathifiles_title
OL5887360W	Mr. Clerihew, wine merchant	Allen, H. Warner	1933	0	1	0	mcg.ark:/13960/t24b9xf9s	Mr. Clerihew, wine merchant / by H. Warner Allen.	Allen, H. Warner 1881-1968.	hathifiles_title
OL43596931W	The D'Arblay mystery	R. Austin Freeman	1926	0	1	1	gri.ark:/13960/s2gsbc96gjq	The D'Arblay mystery / by R. Austin Freeman.	Freeman, R. Austin 1862-1943.	hathifiles_title
OL32089996W	W.V. her book	William Canton	1896	0	1	1	uga1.32108010769324	W.V., her book : and various verses / by William Canton.	Canton, William, 1845-1926.	hathifiles_title
OL7031749W	My book house	Olive Beaupré Miller	1950	0	7	0	iau.31858056037066|iau.31858056037017|iau.31858056037033	My book house / edited by Olive Beaupré Miller.		hathifiles_title
OL7545775W	Out of the rough	Shaw, Joseph T.	1934	0	1	0	iau.31858006793396	Out of the rough / by Joseph T. Shaw.	Shaw, Joseph Thompson, 1874-	hathifiles_title
OL39429939W	The talisman	Anna T. Sadlier	1915	0	5	1	iau.31858046263913|iau.31858046263905|cub.u183021651735	Talisman.		hathifiles_title
OL20867246W	Outpost	Adam Baker	1925	0	1	0	iau.31858045116914	The Outpost.		hathifiles_title
OL38005926W	Outpost	Howard Swindle	1920	0	1	0	iau.31858045116914	The Outpost.		hathifiles_title
OL7632613W	Modern stories of the open air	Hadfield, John	1938	0	1	0	iau.31858005785054	Modern stories of the open air / by H.E.Bates, Adrian Bell, 	Hadfield, G. J.	hathifiles_title
OL7791306W	The omnibus of adventure: complete stories by Pushkin, Clark Russell, Zola, Stevenson, Doyle, Kipling, Merimee, Tolstoy, Conrad, Haggard, Collins, R. H. Davis, Melville, Dumas, Poe, Hope, de Maupassant and others	John R. Colter	1930	0	1	1	iau.31858006055416	The omnibus of adventure ; complete stories by Pushkin, Clar	[Colter,John R.],	hathifiles_title
OL38761515W	Civilisation, 1914-1918	Duhamel, Georges	1919	0	1	1	iau.31858008209458	Civilisation 1914-1918 / by Georges Duhamel; tr. from the Fr	Duhamel, Georges, 1884-1966.	hathifiles_title
OL15220086W	The D.A. holds a candle	Erle Stanley Gardner	1938	0	1	0	iau.31858001950629	The D. A. holds a candle / by Erle Stanley Gardner.	Gardner, Erle Stanley, 1889-1970.	hathifiles_title
OL1161369W	Dawn	S. Fowler Wright	1929	0	1	0	iau.31858046111963	Dawn.		hathifiles_title
OL32097974W	A round robin	M. A. Hoyer	1891	0	3	3	uiug.30112109595923|uiug.30112109595931|uiug.30112055977174	Round robin / Dennison Manufacturing Company.		hathifiles_title
OL5910014W	Parts unknown	Frances Parkinson Keyes	1938	0	1	0	osu.32435009900465	Parts unknown / a novel by Frances Parkinson Keyes.	Keyes, Frances Parkinson, 1885-1970.	hathifiles_title
OL17707688W	The centurion	Adolphe Basile Routhier	1910	0	3	3	uiug.30112115063817|uiug.30112115063825|uiuo.ark:/13960/s26fv3tt704	The Centurion.		hathifiles_title
OL200970W	The centurion	A. B. Routhier	1910	0	3	3	uiug.30112115063817|uiug.30112115063825|uiuo.ark:/13960/s26fv3tt704	The Centurion.		hathifiles_title
OL1127978W	Selected Stories of Bret Harte	Bret Harte	1946	0	1	0	uc1.31158003927273	Selected stories of Bret Harte : the Luck of Roaring camp, T	Harte, Bret, 1836-1902.	hathifiles_title
OL4082491W	California ranger	Tex Holt	1946	0	1	1	uc1.$c1023	The California ranger : Region Five / U.S. Dept. of Agricult		hathifiles_title
OL16888954W	With the Indians in the Rockies	James Willard Schultz	1912	0	1	1	uc1.31822025025057	With the Indians in the Rockies / by James Willard Schultz ;	Schultz, James Willard, 1859-1947,	hathifiles_title
OL3020856W	The hollow man	John Dickson Carr	1935	0	1	0	uc1.c039588538	The hollow man / by John Dickson Carr.	Carr, John Dickson, 1906-1977.	hathifiles_title
OL32146508W	The voice	Margaret Deland	1912	0	2	1	uiug.30112100626321|nyp.33433115598769	The voice / annual of the graduating class of : William McKi		hathifiles_title
OL7549142W	Shanghai Jim	Frank L. Packard	1928	0	1	1	iau.31858004929604	Shanghai Jim / by Frank L. Packard.	Packard, Frank Lucius, 1877-	hathifiles_title
OL4546120W	The Magic Pudding	Norman Lindsay	1936	0	1	0	iau.31858006593564	The magic pudding ; being the adventures of Bunyip Bluegum a	Lindsay, Norman, 1879-1969.	hathifiles_title
OL1937772W	The happy return	C. S. Forester	1937	0	1	0	iau.31858006813236	The happy return.	Forester, C. S. 1899-1966.	hathifiles_title
OL7558043W	Saraband for dead lovers	Simpson, Helen	1935	0	1	0	pur1.32754060318700	Saraband for dead lovers : the film and its production at Ea		hathifiles_title
OL2957081W	George Carver	Augusta Stevenson	1944	0	1	0	pur1.32754063642163	George Carver : boy scientist / by Augusta Stevenson ; illus	Stevenson, Augusta.	hathifiles_title
OL472542W	The Secret of Chimneys	Agatha Christie	1925	0	1	1	uc1.31822019849454	The secret of chimneys.	Christie, Agatha, 1890-1976.	hathifiles_title
OL535189W	The Bird in the Tree	Goudge, Elizabeth	1940	0	1	0	uc1.31822036163277	The bird in the tree / Elizabeth Goudge.	Goudge, Elizabeth, 1900-1984.	hathifiles_title
OL8445008W	The Way of the Scarlet Pimpernel	Orczy, Emmuska Orczy	1933	0	1	0	uc1.31822010233849	The way of the Scarlet Pimpernel / by Baroness Orczy.	Orczy, Emmuska Orczy, Baroness, 1865-194	hathifiles_title
OL472549W	The Man in the Brown Suit	Agatha Christie	1924	0	1	1	uc1.31822027367002	The man in the brown suit / by Agatha Christie	Christie, Agatha, 1890-1976,	hathifiles_title
OL1491928W	On the Suwanee River	Opie Percival Read	1895	0	1	1	hvd.hxdp52	On the Suwanee River; a romance, by Opie Read.	Read, Opie, 1852-1939	hathifiles_title
OL1381246W	Death at the president's lodging	Michael Innes	1936	0	1	0	uga1.32108012601970	Death at the President's lodging / by Michael Innes.	Innes, Michael, 1906-1994,	hathifiles_title
OL1515153W	Cruises and cargoes	W. W. Jacobs	1934	0	1	0	uga1.32108011875195	Cruises and cargoes : a W.W. Jacobs omnibus.	Jacobs, W. W. 1863-1943.	hathifiles_title
OL7564216W	Fiction writing self-taught	Arthur Sullivant Hoffman	1939	0	1	1	uc1.31822004789822	Fiction writing self-taught : a new approach / by Arthur Sul	Hoffman, Arthur Sullivant, 1876-	hathifiles_title
OL3837706W	The Deadly Sunshade	Phoebe Atwood Taylor	1940	0	1	0	uiug.30112097521550	The deadly sunshade / by Phoebe Atwood Taylor.	Taylor, Phoebe Atwood, 1909-1976.	hathifiles_title
OL16740W	The case of the stuttering bishop	Erle Stanley Gardner	1936	0	1	0	uiug.30112097521840	The case of the stuttering bishop / Erle Stanley Gardner.	Gardner, Erle Stanley, 1889-1970,	hathifiles_title
OL16691W	The case of the dangerous dowager	Erle Stanley Gardner	1937	0	1	0	uiug.30112097521949	The case of the dangerous dowager / Erle Stanley Gardner.	Gardner, Erle Stanley, 1889-1970.	hathifiles_title
OL16706W	The case of the substitute face	Erle Stanley Gardner	1938	0	1	0	uiug.30112097521923	The case of the substitute face / by Erle Stanley Gardner.	Gardner, Erle Stanley, 1889-1970,	hathifiles_title
OL32095190W	The children's primer	Cyr, Ellen M.	1897	0	2	2	hvd.32044097063036|hvd.32044097064828	The children's primer.	Cyr, Ellen M., -1920.	hathifiles_title
OL43975592W	Oberland	Dorothy Miller Richardson	1927	0	1	1	osu.32435016343014	Oberland / by Dorothy M. Richardson.	Richardson, Dorothy M. 1873-1957.	hathifiles_title
OL7781579W	"Cornish grammar and supplement to ""Some short stories in the Cornish language"""	Hal Wyn	1927	0	1	1	uc1.c006121393	"Cornish grammar and supplement to ""Some short stories in the"	Wyn, Hal.	hathifiles_title
OL2507045W	Emmanuel	John Joseph Keane	1915	0	1	1	ia.ark:/13960/t6641239k	Emmanuel : a Christmas carol service for children.		hathifiles_title
OL17717729W	Emmanuel	William Forbes Cooley	1889	0	1	1	ia.ark:/13960/t6641239k	Emmanuel : a Christmas carol service for children.		hathifiles_title
OL19899W	Just So Stories	Kipling, Rudyard	1922	0	1	1	nyp.33333080932912	Just so stories / by Rudyard Kipling.	Kipling, Rudyard, 1865-1936.	hathifiles_title
OL5779971W	Green rushes	Maurice Walsh	1935	0	1	0	nyp.33333196517110	Green rushes / by Maurice Walsh.	Walsh, Maurice, 1879-1964.	hathifiles_title
OL3072669W	Son of Heaven	Der Ling	1935	0	1	1	nyp.33333209743521	Son of Heaven / by Princess Der Ling.	De Ling, Princess.	hathifiles_title
OL33137077W	Mr. Crow and the whitewash	Albert Bigelow Paine	1917	0	1	1	nyp.33333219782394	Mr. Crow and the whitewash : hollow tree stories / by Albert	Paine, Albert Bigelow, 1861-1937.	hathifiles_title
OL7544084W	Captain Fair-and-Square	William Heyliger	1916	0	1	1	nyp.33333219782790	Captain Fair-and-Square / William Heiliger ; illustrations b	Heyliger, William, 1884-1955.	hathifiles_title
OL6818332W	Old colony days	Mary Hazelton Blanchard Wade	1906	0	1	1	nyp.33333219792237	Old colony days : stories of the first settlers and how our 	Wade, Mary H., 1860-1936.	hathifiles_title
OL17696555W	Old colony days	Mary H. Wade	1906	0	1	1	nyp.33333219792237	Old colony days : stories of the first settlers and how our 	Wade, Mary H., 1860-1936.	hathifiles_title
OL531749W	Tales from Chaucer	Chaucer, Geoffrey	1930	0	1	1	nyp.33333219824303	Tales from Chaucer: the Canterbury tales / done into prose b	Chaucer, Geoffrey, -1400.	hathifiles_title
OL1799494W	How Mr. Rabbit lost his tail	Albert Bigelow Paine	1910	0	1	1	nyp.33333219836539	How Mr. Rabbit lost his tail / by Albert Bigelow Paine ; ill	Paine, Albert Bigelow, 1861-1937.	hathifiles_title
OL1799496W	Making up with Mr. Dog	Albert Bigelow Paine	1900	0	1	1	nyp.33333219836547	Making up with Mr. Dog / by Albert Bigelow Paine ; illustrat	Paine, Albert Bigelow, 1861-1937.	hathifiles_title
OL7769100W	Dream boats and other stories	Dugald Stewart Walker	1918	0	1	1	nyp.33333219840010	Dream boats and other stories / by Dugald Stewart Walker.	Walker, Dugald Stewart, 1883-1937,	hathifiles_title
OL7571276W	Dragon flies	Donal Hamilton Haines	1919	0	1	1	nyp.33333219847478	Dragon flies : a tale of the flying service.	Haines, Donal Hamilton.	hathifiles_title
OL43380415W	The trial of William Tinkling	Charles Dickens	1913	0	1	1	nyp.33333219847601	The trial of William Tinkling : written by himself at the ag	Dickens, Charles, 1812-1870.	hathifiles_title
OL256331W	White-ear and Peter	Neils Heiberg	1912	0	1	1	nyp.33333219848096	White-ear and Peter : the story of a fox and a fox-terrier /	Heiberg, Neils.	hathifiles_title
OL42931848W	A child's dream of a star	Charles Dickens	1899	0	1	1	nyp.33333219848740	Child's dream of a star.	Dickens, Charles, 1812-1870.	hathifiles_title
OL45396W	The House in the Wood	Grimm Brothers.	1909	0	1	1	nyp.33433017770177	The house in the wood : and other old fairy stories / [Jacob		hathifiles_title
OL2870628W	Light from heaven	Christmas Carol Kauffman	1948	0	1	1	nyp.33433044972192	Light from heaven.	Kauffmann, Christmas Carol, 1901-1969.	hathifiles_title
OL4762238W	The jungle man and his animals	Carveth Wells	1925	0	1	1	nyp.33433050728298	The jungle man and his animals / by Carveth Wells ; with pic	Wells, Carveth, 1887-	hathifiles_title
OL7874125W	Tillicums of the trail	George Charles Fraser Pringle	1922	0	1	1	nyp.33433067359343	Tillicums of the trail : being Klondike yarns told to Canadi	Pringle, George Charles Fraser, 1873-194	hathifiles_title
OL17720871W	Stolen treasure	Howard Pyle	1907	0	1	1	nyp.33433080068004	Stolen treasure / by Howard Pyle ; illustrated by the author	Pyle, Howard, 1853-1911.	hathifiles_title
OL1514908W	Raggedy Ann's magical wishes	Johnny Gruelle	1928	0	1	0	nyp.33433090574751	Raggedy Ann's magical wishes / by Johnny Gruelle ; illustrat	Gruelle, Johnny, 1880-1938.	hathifiles_title
OL2041040W	Frosty the Snow Man	Annie North Bedford	1950	0	1	0	nyp.33433092824832	Frosty the snow man : adapted from the song of the same name	Bedford, Annie North, 1915-	hathifiles_title
OL1514907W	Raggedy Ann's lucky pennies	Johnny Gruelle	1932	0	1	0	nyp.33433092908403	Raggedy Ann's lucky pennies / written and illustrated by Joh	Gruelle, Johnny, 1880-1938.	hathifiles_title
OL17676860W	Oliver Hastings, V. C.	Escott Lynn	1916	0	1	1	nyp.33433099348538	Oliver Hastings, V.C. : a realistic story of the Great War /	Lynn, Escott.	hathifiles_title
OL17754884W	Sister's vocation, and other girls' stories	Josephine Dodge Daskam Bacon	1900	0	1	1	nyp.33433102903246	Sister's vocation, and other girls' stories / by Josephine D	Bacon, Josephine Daskam, 1876-1961.	hathifiles_title
OL2341608W	The young book agent, or, Frank Hardy's road to success	Horatio Alger	1905	0	1	1	nyp.33433115791422	The young book agent ,or, Frank Hardy's road to success / by	Alger, Horatio, 1832-1899.	hathifiles_title
OL32852981W	Children's stories in American literature, 1660-1860	Henrietta Christian Wright	1901	0	1	1	nyp.33433111604694	Children's stories in American literature, 1660-1860.	Wright, Henrietta Christian, -1899.	hathifiles_title
OL15435939W	The young volunteer	Joseph E. Crowell	1899	0	1	1	nyp.33433111608067	The young volunteer : the everyday experiences of a soldier 	Crowell, Joseph Edgar, 1844-	hathifiles_title
OL235341W	The young volunteer	Joseph Edgar Crowell	1906	0	1	1	nyp.33433111608067	The young volunteer : the everyday experiences of a soldier 	Crowell, Joseph Edgar, 1844-	hathifiles_title
OL7053182W	With Cossack and car in Galicia	Tom Bevan	1917	0	1	1	nyp.33433106218674	With Cossack and car in Galicia.	Bevan, Tom, 1868-	hathifiles_title
OL39458115W	The queen of the Pirate Isle	Bret Harte	1900	0	1	0	nyp.33433106411618	The queen of the Pirate Isle / Ill. by Kate Greenaway.	Harte, Bret, 1836-1902.	hathifiles_title
OL32102008W	Open the door!	Osbert Sitwell	1941	0	1	0	nyp.33433048348373	Open the door! : a volume of stories / by Osbert Sitwell.	Sitwell, Osbert, 1892-1969.	hathifiles_title
OL43295827W	Open the door!	Osbert Sitwell	1942	0	1	0	nyp.33433048348373	Open the door! : a volume of stories / by Osbert Sitwell.	Sitwell, Osbert, 1892-1969.	hathifiles_title
OL1481224W	Conquest	Jack O'Connor	1930	0	1	0	nyp.33433094084526	Conquest.		hathifiles_title
OL44408764W	The green light	Louise Landon	1931	0	2	2	nyp.33433109935340|nyp.33433109935332	Green light ...		hathifiles_title
OL7588480W	Phineas Kahn	Simon Blumenfeld	1937	0	1	0	nyp.33433020367920	Phineas Kahn; portrait of an immigrant, by Simon Blumenfeld.	Blumenfeld, Simon.	hathifiles_title
OL7871716W	H.M.S. -	Bower, John Graham	1918	0	1	0	nyp.33433106214434	"H. M. S. -----  / by ""Klaxon"" [pseud.]"	Bower, John Graham, 1886-1940.	hathifiles_title
OL3901414W	Spotlight	Patricia Wentworth	1947	0	86	0	nyp.33433019407893|nyp.33433019407901|nyp.33433019407919	The spotlight.		hathifiles_title
OL22129442W	The loop		1931	0	1	1	uiug.30112033794840	The Loop.		hathifiles_title
OL15519718W	The romance of Guy of Warwick	Julius Zupitza	1883	0	2	2	osu.32435068042811|uc1.31175013635209	The romance of Guy of Warwick / ed. from the Auchinleck ms. 		hathifiles_title
OL449566W	Surgeon in charge	Elizabeth Seifert	1942	0	1	0	uiug.30112108177780	Surgeon in charge / by Elizabeth Seifert.	Seifert, Elizabeth, 1897-1983.	hathifiles_title
OL44414354W	Surgeon in charge	Elizabeth Seifert	1945	0	1	0	uiug.30112108177780	Surgeon in charge / by Elizabeth Seifert.	Seifert, Elizabeth, 1897-1983.	hathifiles_title
OL43792844W	Blazing tumbleweed	Peter Ash	1931	0	1	0	osu.32435007689300	Blazing tumbleweed / by Peter Ash.	Ash, Peter, 1883-1943.	hathifiles_title
OL11315377W	Ships in the bay!	D. K. Broster	1931	0	1	0	osu.32435070525704	Ships in the bay! / Dorothy Kathleen Broster; map end papers	Broster, D. K.	hathifiles_title
OL7110673W	A book with seven seals	Agnes Maud Mary Douton	1928	0	1	1	uiug.30112041411221	A book with seven seals / with a preface by Hugh Walpole.	Douton, Agnes Maud Mary.	hathifiles_title
OL166497W	The Prestige	Christopher Priest	1901	0	2	0	nyp.33433102550880|nyp.33433105294072	Prestige.		hathifiles_title
OL2774374W	Ballerina	Barbara Willard	1932	0	1	0	nyp.33433012389213	Ballerina.	Willard, Barbara.	hathifiles_title
OL17607719W	The Back Number	Evelyn Everett-Green	1926	0	2	0	cub.p107381314004|cub.p107381311010	Back number : Nevada Historical Society quarterly.		hathifiles_title
OL7714506W	The promotion	John Marvin Dean	1906	0	1	0	cub.p108162202004	Promotion.		hathifiles_title
OL15062619W	Dracula	Martin Harry Greenberg	1922	1	1	0	cub.p101011701047	Dracula : the vampire play in three acts / dramatized by Ham		hathifiles_title
OL94835W	The oasis	McCarthy, Mary	1949	0	1	0	cub.u183021651345	Oasis.		hathifiles_title
OL1800079W	The adventures of Cyrano de Bergerac	Louis Gallet	1898	0	1	1	cub.p201202312002	The adventures of Cyrano de Bergerac / translated from the F	Gallet, Louis, 1835-1898.	hathifiles_title
OL6720450W	John Brown's body	Gordon Boshell	1942	0	1	0	cub.u183072258598	John Brown's body / arr. by Walter Bergmann.		hathifiles_title
OL3370575W	Don Quixote of the Mancha	Parry, Edward Abbott	1925	0	1	0	cub.p101100509009	Don Quixote of the Mancha / retold by Judge Parry ; illustra	Parry, Edward Abbott, Sir, 1863-1943.	hathifiles_title
OL2719115W	The Toff on board	Creasey, John.	1949	0	1	0	cub.u183051415216	The Toff on board : the 21st book of the Toff / John Creasey	Creasey, John.	hathifiles_title
OL2535377W	To the dark tower	Francis Henry King	1946	0	1	0	cub.p101131505005	To the dark tower / a novel by Francis King.	King, Francis, 1923-2011.	hathifiles_title
OL5804006W	A Scarlet Pansy	Robert Scully	1933	0	1	1	cub.u183038081268	A scarlet pansy / by Robert Scully.	Scully, Robert, active 1932-1952.	hathifiles_title
OL7679827W	Ma Wei slope	West, Keith	1944	0	1	0	cub.p103042808013	Ma Wei slope : a novel of the T'ang dynasty / Keith West.	West, Keith, 1893-1954.	hathifiles_title
OL23932776W	The flesh and the devil	Howard Horner	1929	0	1	0	cub.u183033516284	Flesh and the devil / by Elbur Ford, pseud. [i.e. Eleanor Hi		hathifiles_title
OL1517994W	The Northing Tramp	Edgar Wallace	1926	0	1	1	cub.u183051442386	The northing tramp / by Edgar Wallace.	Wallace, Edgar, 1875-1932.	hathifiles_title
OL2719144W	Triumph for Inspector West	Creasey, John.	1948	0	1	0	cub.u183038590526	Triumph for Inspector West / by John Creasey.	Creasey, John.	hathifiles_title
OL1518012W	Bones in London	Edgar Wallace	1900	0	1	1	cub.u183039164124	Bones in London / by Edgar Wallace.	Wallace, Edgar, 1875-1932.	hathifiles_title
OL1937789W	Mr. Midshipman Hornblower	C. S. Forester	1920	0	1	0	pur1.32754076578081	Mr. Midshipman Hornblower / by C.S. Forester.	Forester, C. S. 1899-1966.	hathifiles_title
OL43485292W	A master workman's oath, or, Coralie the unfortunate	Laura Jean Libbey	1892	0	1	1	osu.32435017948977	A master workman's oath, or, Coralie the unfortunate : a lov	Libbey, Laura Jean, 1862-1924.	hathifiles_title
OL44036045W	Cousins	Bellamy Partridge	1925	0	1	1	osu.32435054211792	Cousins / by Bellamy Partridge.	Partridge, Bellamy, 1877-1960.	hathifiles_title
OL37023676W	The new life	John Coleridge	1942	0	1	0	nyp.33433114973815	New life; a Jewish pictorial monthly.		hathifiles_title
OL12330859W	Next year	Harry Pick	1928	0	1	1	coo.31924013244201	Next year; a semi-historical account of the exploits and exp	Pick, Harry.	hathifiles_title
OL21166062W	His last week	John William George Ward	1928	0	1	1	ia.ark:/13960/s2wdsfr077r	His last week.	Ward, J. W. G. 1879-	hathifiles_title
OL20543096W	Young eagles	Betz, Eva K.	1947	0	1	0	uiug.30112117674355	Young eagles / by Eva K. Betz ; ill. by June Driscoll.	Betz, Eva K. 1897-	hathifiles_title
OL17691362W	The yellow pearl	Adeline M. Teskey	1911	0	1	1	coo.31924023989068	The yellow pearl : a story of the East and the West / by Ade	Teskey, Adeline Margaret.	hathifiles_title
OL14848572W	Sunrise	Grace Livingston Hill	1937	0	2	0	ufl.31262053235817|ufl.31262053235767	Sunrise.		hathifiles_title
OL5886556W	Orlando, the marmalade cat	Kathleen Hale	1938	0	2	0	nyp.33333080899277|nyp.33333080899285	Orlando, the marmalade cat; his silver wedding.	Hale, Kathleen.	hathifiles_title
OL15942707W	Jorge's journey	Alice Curtis Desmond	1942	0	1	0	nyp.33333081038453	Jorge's journey : a story of the coffee country of Brazil / 	Desmond, Alice Curtis, 1897-	hathifiles_title
OL16028092W	Here, Suzy!	Verna Hills Bayley	1948	0	1	0	nyp.33333081152486	Here, Suzy! / by Vera Hills ; illustrated by Marion Downer.	Bayley, Verna Hills.	hathifiles_title
OL6440525W	Pedro the potter	Idella Purnell Stone	1938	0	1	0	nyp.33333080761063	Pedro, the potter; illustrated by Nils Hogner.	Stone, Idella Purnell, 1901-	hathifiles_title
OL4286491W	The singing wood	Florence Crannell Means	1937	0	1	0	nyp.33333024229722	The singing wood; a college story [by] Florence Crannell Mea	Means, Florence Crannell, 1891-	hathifiles_title
OL20074383W	Shoddy	Dan B. Brummitt	1928	0	1	1	uiug.30112002415450	Shoddy / by Dan Brummitt.	Brummitt, Dan B. 1867-1939.	hathifiles_title
OL1089935W	Brother man	Phillpotts, Eden	1926	0	1	1	coo.31924013535673	Brother man.	Phillpotts, Eden, 1862-1960.	hathifiles_title
OL6591243W	His Majesty the King	Cosmo Hamilton	1926	0	1	1	coo.31924013622935	His Majesty the king; being the chronicle of certain hours i	Hamilton, Cosmo, 1872?-1942.	hathifiles_title
OL19668022W	The Penobscot man	Fannie Hardy Eckstorm	1931	0	1	0	coo.31924022383016	The Penobscot man.	Eckstorm, Fannie Hardy, 1865-1946.	hathifiles_title
OL22202293W	Augustus helps the navy	Le Grand	1942	0	1	0	nyp.33333081246379	Augustus helps the navy / by Le Grand [i.e. L. Henderson].	Le Grand.	hathifiles_title
OL3244567W	King of Wreck island	Cooney, Barbara	1941	0	1	0	nyp.33333080883388	King of Wreck island / written and illustrated by Barbara Co	Cooney, Barbara, 1917-2000.	hathifiles_title
OL33136434W	Pigwiggen	Arnrid Johnston	1942	0	1	0	nyp.33333140061199	Pigwiggen: his dashing career / by Arnrid Johnston.	Johnston, Arnrid, 1895-	hathifiles_title
OL7438181W	The green sprig	Kate Gambold Dyer	1950	0	1	0	nyp.33333081017515	The green sprig.	Dyer, Kate Gambold.	hathifiles_title
OL7424249W	The sun trail	Merritt Parmelee Allen	1943	0	1	0	nyp.33333080751338	The sun trail ... / decorations by Lee Townsend.	Allen, Merritt Parmalee, 1892-1954.	hathifiles_title
OL1795186W	The Lords of the Wild	Joseph A. Altsheler	1919	0	1	0	nyp.33333081249217	The lords of the wild / by Joseph A. Altsheler.	Altsheler, Joseph A. 1862-1919.	hathifiles_title
OL3244566W	The Kellyhorns	Cooney, Barbara	1942	0	1	0	nyp.33333080883370	The Kellyhorns; written and illus. by Barbara Cooney.	Cooney, Barbara, 1917-2000.	hathifiles_title
OL6919984W	The singing wood	Frazer	1931	0	1	0	nyp.33333081063642	The singing wood; ill. by H.M. Brock.	Frazer, Lilly Grove, Lady.	hathifiles_title
OL11190118W	Messenger to the pharaoh	Thames Ross Williamson	1937	0	1	0	nyp.33333060419724	Messenger to the pharaoh; a story of ancient Egypt, by De Wo	Williamson, Thames, 1894-	hathifiles_title
OL1524098W	The golden door	Levinger, Elma Ehrlich	1947	0	1	0	nyp.33333080927094	The golden door; stories of the Jews who had a part in the m	Levinger, Elma Ehrlich, 1887-	hathifiles_title
OL19766472W	Tom Brown's schooldays	Hughes, Thomas	1949	0	1	0	nyp.33333080937705	Tom Brown's schooldays.	Hughes, Thomas, 1822-1896.	hathifiles_title
OL4633710W	Cue for treason	Geoffrey Trease	1940	0	1	0	nyp.33333060373509	Cue for treason.	Trease, Geoffrey, 1909-	hathifiles_title
OL15861527W	Ann Lawrence of old New York ...	Gladys Malvern	1947	0	1	0	nyp.33333089288365	Ann Lawrence of old New York / by Gladys Malvern ; illustrat	Malvern, Gladys.	hathifiles_title
OL253162W	Guld, The Cavern King	Mary Lydia Branch	1919	0	1	1	nyp.33333081249324	Guld, the cavern king / by Mary L.B. Branch ; illustrations 	Branch, Mary Lydia, 1840-1922.	hathifiles_title
OL1795181W	Apache Gold	Joseph A. Altsheler	1913	0	1	0	nyp.33333080751429	Apache gold : a story of the strange Southwest / by Joseph A	Altsheler, Joseph A. 1862-1919.	hathifiles_title
OL42299681W	Doctor Dolittle's garden	Hugh Lofting	1928	0	1	0	nyp.33333016461077	Doctor Dolittle's garden.	Lofting, Hugh, 1886-1947.	hathifiles_title
OL1449080W	Doctor Dolittle's garden	Hugh Lofting	1927	0	1	0	nyp.33333016461077	Doctor Dolittle's garden.	Lofting, Hugh, 1886-1947.	hathifiles_title
OL35342063W	Frost in May	Antonia White	1939	0	1	0	uiug.30112056535153	Frost in May / Antonia White.	White, Antonia, 1899-1980.	hathifiles_title
OL17750154W	A legend of Montrose	Scott, Walter	1893	0	1	1	uiug.30112042023215	A legend of Montrose / by Sir Walter Scott ; edited with int	Scott, Walter, 1771-1832.	hathifiles_title
OL863523W	Legend of Montrose	Scott, Walter	1906	0	1	1	uiug.30112042023215	A legend of Montrose / by Sir Walter Scott ; edited with int	Scott, Walter, 1771-1832.	hathifiles_title
OL39418081W	A legend of Montrose	Scott, Walter	1885	0	1	1	uiug.30112042023215	A legend of Montrose / by Sir Walter Scott ; edited with int	Scott, Walter, 1771-1832.	hathifiles_title
OL863524W	Legend of Montrose ; The talisman and The antiquary	Scott, Walter	1900	0	1	1	uiug.30112042023215	A legend of Montrose / by Sir Walter Scott ; edited with int	Scott, Walter, 1771-1832.	hathifiles_title
OL341143W	Cithaeron dialogues	Edward John Thompson	1924	0	1	1	uiug.30112039572729	Cithaeron dialogues / by Edward Thompson.	Thompson, Edward John, 1886-1946.	hathifiles_title
OL121251W	The Adventures Of Mr. Mocker	Thornton W. Burgess	1914	0	1	0	nyp.33333081078913	The adventures of Mr. Mocker.	Burgess, Thornton W. 1874-1965.	hathifiles_title
OL42515033W	Israel Potter	Herman Melville	1925	0	1	1	uiug.30112003257976	Israel Potter : his fifty years of exile / by Herman Melvill	Melville, Herman, 1819-1891.	hathifiles_title
OL137487W	The second confession	Rex Stout	1949	0	1	0	uiug.30112000935319	The second confession : a Nero Wolfe novel / by Rex Stout.	Stout, Rex, 1886-1975.	hathifiles_title
OL4463259W	Green for danger	Christianna Brand	1944	0	1	0	coo.31924070350826	Green for danger / by Christianna Brand.	Brand, Christianna, 1907-1988.	hathifiles_title
OL43963376W	Boulevard	Katharine Haviland Taylor	1934	0	1	0	nyp.33433084479348	The Boulevard / official journal of the Sixth Avenue Associa		hathifiles_title
OL485553W	Valley of Wild Horses	Zane Grey	1927	0	1	1	ufl.31262088740567	Valley of wild horses / Zane Grey.	Grey, Zane, 1872-1939.	hathifiles_title
OL7594454W	Lawrence in the blue	Gurney Slade	1936	0	1	0	ufl.31262091919885	Lawrence in the blue / by Gurney Slade.	Slade, Gurney.	hathifiles_title
OL18478639W	The raindrop		1910	0	1	1	ufl.31262020920541	The Raindrop : a collection of entertaining stories for youn		hathifiles_title
OL5813227W	Good field, no hit	Duane Decker	1947	0	1	0	ufl.31262048230956	Good field, no hit / Duane Decker.	Decker, Duane Walter, 1910-	hathifiles_title
OL24847913W	Raggedy Ann in Cookie Land	Johnny Gruelle	1931	0	1	0	ufl.31262046408802	Raggedy Ann in Cookie Land / by Johnny Gruelle.	Gruelle, Johnny, 1880-1938.	hathifiles_title
OL1514914W	Raggedy Ann in Cookie Land	Johnny Gruelle	1931	0	1	0	ufl.31262046408802	Raggedy Ann in Cookie Land / by Johnny Gruelle.	Gruelle, Johnny, 1880-1938.	hathifiles_title
OL9357351W	Representative short-stories	Amanda M. Ellis	1928	0	1	1	osu.32435002719003	Representative short-stories / edited by Amanda M. Ellis .	Ellis, Amanda M. 1898-1969,	hathifiles_title
OL535198W	The Middle Window	Goudge, Elizabeth	1920	0	1	0	osu.32435014019749	The middle window / [by] Elizabeth Goudge.	Goudge, Elizabeth, 1900-1984.	hathifiles_title
OL18432088W	Tudor underground	Denis Meadows	1950	0	1	1	coo.31924013650316	Tudor underground.	Meadows, Denis.	hathifiles_title
OL4481016W	The covered wagon	May Yonge McNeer	1944	0	1	0	nyp.33433084430820	The Covered wagon.		hathifiles_title
OL7595668W	The Chequers	James Runciman	1888	0	2	0	nyp.33433006970937|nyp.33433006970929	The Chequers; a yearbook of the 34th Division.		hathifiles_title
OL455628W	Selected Tales and Sketches	Nathaniel Hawthorne	1950	0	1	0	coo.31924022222206	Selected tales and sketches; introd. by Hyatt H. Waggoner.	Hawthorne, Nathaniel, 1804-1864.	hathifiles_title
OL5203136W	The House of Disappearance	J. Jefferson Farjeon	1927	0	1	1	uva.x031766203	The house of disappearance,	Farjeon, J. Jefferson 1883-1955.	hathifiles_title
OL2870447W	Pirates at play	Violet Keppel Trefusis	1950	0	1	0	nyp.33433044005282	Pirates at play / by Violet Trefusis.	Trefusis, Violet, 1894-1972.	hathifiles_title
OL38982469W	Avalon	Albert J. Foster	1890	0	2	2	nyp.33433007211893|nyp.33433007211901	Avalon : a tale of the last days of Glastonbury Abbey / by A	Foster, Albert John, 1844-	hathifiles_title
OL27763655W	The fall of Constantinople	J. M. Neale	1920	0	1	0	coo.31924028239105	The Fall of Constantinople : a symposium held at the School 		hathifiles_title
OL7590330W	The Californian	Thomas Grant Springer	1936	0	1	0	nyp.33433006660884	The Californian; for the California way of life.		hathifiles_title
OL1454271W	Falcons of France	Nordhoff, Charles	1929	0	1	1	rul.39030011527811	Falcons of France : a tale of youth and the air / by Charles	Nordhoff, Charles, 1887-1947.	hathifiles_title
OL1337047W	Louder and funnier	P. G. Wodehouse	1932	0	1	0	rul.390300037254720	Louder and funnier.	Wodehouse, P. G. 1881-1975.	hathifiles_title
OL1057160W	Mr. Sampath	Rasipuram Krishnaswamy Narayan	1949	0	1	0	rul.390300037289970	Mr. Sampath / By R.K. Narayan.	Narayan, R. K., 1906-2001	hathifiles_title
OL7539799W	Owd Bob	Ollivant, Alfred	1898	0	1	1	rul.39030045637370	Owd Bob,	Ollivant, Alfred	hathifiles_title
OL39489844W	Chiushingura, or, The loyal league	Izumo Takeda	1880	0	1	1	rul.39030009457955	Chiushingura, or, The loyal league : a Japanese romance / tr	Takeda, Izumo, 1691-1756.	hathifiles_title
OL5152771W	Eurasia	Veronica King	1907	0	1	1	coo.31924075056220	Eurasia : a tale of Shanghai life / by Veronica and Paul Kin	King, Veronica.	hathifiles_title
OL22128279W	Great short stories of the war	H. Cotton Minchin	1930	0	1	0	nyp.33433106218039	Great short stories of the war : England, France, Germany, A		hathifiles_title
