work_id	htid_count	oclc_variants	title_htrc	date_htrc	prob80_max	englishpct_max	htids	wk_norm	match_method	match_score
OL100195W	1	1	Free and other stories	1918	0.84	1.0	uc2.ark+=13960=fk6542jp2m	/works/OL100195W	oclc	
OL100203W	1	1	Sister Carrie	1917	0.9	1.0	uc2.ark+=13960=t1hh6d619	/works/OL100203W	oclc	
OL100236W	2	1	Jennie Gerhardt;	1911	0.84	1.0	mdp.39015004283498|uc2.ark+=13960=t3513vn8c	/works/OL100236W	oclc	
OL100237W	2	1	The financier;	1912	0.84	1.0	uc1.b4097964|uc2.ark+=13960=fk7gq6rg60	/works/OL100237W	oclc	
OL10059W	1	1	One of Cleopatra's nights	1890	0.54	1.0	uva.x001049400	/works/OL10059W	oclc	
OL101016W	2	1	The strangers' banquet	1919	0.88	1.0	mdp.39015051144932|nyp.33433074861836	/works/OL101016W	oclc	
OL101027W	1	1	The foolish matrons	1920	0.89	1.0	nyp.33433074862495	/works/OL101027W	oclc	
OL101034W	4	1	Messer Marco Polo	1921	0.71	1.0	mdp.39015031225728|mdp.49015000924275|nyp.33433074861844|uc2.ark+=13960=t7br8sw13	/works/OL101034W	oclc	
OL101106W	1	1	Virginia of Virginia	1888	0.81	1.0	uc1.b3326448	/works/OL101106W	oclc	
OL101172W	2	1	Big timber;	1916	0.89	1.0	nyp.33433076038805|uc2.ark+=13960=t8cf9m19j	/works/OL101172W	oclc	
OL101174W	2	1	Burned bridges	1919	0.89	0.999	nyp.33433076038789|uc2.ark+=13960=t2j67970w	/works/OL101174W	oclc	
OL101680W	1	1	Portia;	1883	0.88	1.0	njp.32101067646826	/works/OL101680W	oclc	
OL101695W	1	1	A little rebel	1890	0.88	0.999	mdp.39015062474864	/works/OL101695W	oclc	
OL10323746W	2	1	Fortuna	1898	0.55	1.0	nyp.33433074842257|uc1.b3578733	/works/OL10323746W	oclc	
OL10326441W	2	1	The story of Antonio	1911	0.55	1.0	nnc1.cr61099228|uc2.ark+=13960=t85h7n70c	/works/OL10326441W	oclc	
OL10329910W	3	1	Gold, gold, in Cariboo: a story of adventure in British Columbia	1894	0.86	1.0	nyp.33433075766653|uc1.b3327559|uc2.ark+=13960=t9765kf5p	/works/OL10329910W	oclc	
OL10330131W	2	1	Off to Klondyke;	1898	0.81	1.0	uc1.b3326409|uc2.ark+=13960=t34172k66	/works/OL10330131W	oclc	
OL10330192W	1	1	Border lances	1886	0.89	1.0	uc2.ark+=13960=t3dz0bf8t	/works/OL10330192W	oclc	
OL103375W	2	2	Illumination	1896	0.9	1.0	uc2.ark+=13960=t3bz62w61|mdp.39015018404783	/works/OL103375W	oclc	
OL103378W	4	1	The Copperhead	1893	0.89	1.0	mdp.39015060490110|nc01.ark+=13960=t74t7cz9b|nyp.33433076090863|uc1.b3578396	/works/OL103378W	oclc	
OL103380W	2	1	Marsena	1894	0.88	1.0	mdp.39015060490128|nc01.ark+=13960=t6ww85s0w	/works/OL103380W	oclc	
OL103385W	2	1	Marsena	1894	0.88	1.0	mdp.39015060490128|nc01.ark+=13960=t6ww85s0w	/works/OL103385W	oclc	
OL103386W	2	1	In the sixties	1897	0.89	1.0	mdp.39015007023677|uc1.b3322083	/works/OL103386W	oclc	
OL103390W	2	2	Seth's brother's wife	1886	0.89	1.0	uc1.b3322087|uc2.ark+=13960=t1fj2b771	/works/OL103390W	oclc	
OL103393W	2	1	The market-place	1899	0.9	1.0	mdp.39015063551611|nyp.33433076090905	/works/OL103393W	oclc	
OL10347019W	2	1	The adventures of Captain Mago;	1889	0.89	0.999	uc1.b80673|uc2.ark+=13960=t2h70c14b	/works/OL10347019W	oclc	
OL10365583W	1	1	The land of gold	1881	0.88	1.0	nnc1.1002204371	/works/OL10365583W	oclc	
OL10424864W	21	1	Novels of the sisters Brontë	1905	0.9	1.0	mdp.39015001788531|mdp.39015021774651|mdp.39015039759207|mdp.39015065957337|mdp.39015066586796|mdp.39015066586804|mdp.39015066586945|mdp.39015066586952|mdp.39015066586960|mdp.39015066587091|mdp.39015066587109|wu.89001093756|wu.89001262823|wu.89001262831|wu.89001262856|wu.89001262864|wu.89001262872|wu.89001262880|wu.89001262898|wu.89001262906|wu.89001262914	/works/OL10424864W	oclc	
OL10427177W	4	1	Further experiences of an Irish R. M	1908	0.88	1.0	mdp.39015006974003|nyp.33433075751655|uc2.ark+=13960=t77s7jp40|uc2.ark+=13960=t77s7mb7s	/works/OL10427177W	oclc	
OL104377W	1	1	The twenty-fourth of June	1914	0.89	1.0	mdp.39015063950235	/works/OL104377W	oclc	
OL10444804W	2	1	The two friends, and other stories	1921	0.9	1.0	uc1.b3962318|uc2.ark+=13960=t2j67kx9h	/works/OL10444804W	oclc	
OL10449613W	6	5	The blue bird	1911	0.86	1.0	uc1.b4099144|uc2.ark+=13960=t3fx7fp1f|mdp.39015010764317|mdp.39015029494583|mdp.49015000779273|nyp.33433075811350	/works/OL10449613W	oclc	
OL104559W	4	1	Rodmoor	1916	0.9	1.0	mdp.39015002709973|nyp.33433075873327|uc1.b4089300|uc2.ark+=13960=t1bk1ds53	/works/OL104559W	oclc	
OL104598W	4	1	Wood and stone	1915	0.89	1.0	mdp.39015002711185|nyp.33433075873319|uc1.b4089223|uc2.ark+=13960=t3125xz07	/works/OL104598W	oclc	
OL104643W	4	1	Miss Muffet's Christmas party	1902	0.86	0.999	mdp.39015063512746|nc01.ark+=13960=t0dv2kx1h|uc1.b4088073|uc2.ark+=13960=t7kp7vp2t	/works/OL104643W	oclc	
OL1059442W	1	1	True tales for my grandsons	1883	0.89	1.0	uc1.b248197	/works/OL1059442W	oclc	
OL106159W	2	1	The dragon of Wantley	1892	0.87	1.0	mdp.39015067088115|uc1.b4597297	/works/OL106159W	oclc	
OL106161W	3	1	The new Swiss family Robinson	1922	0.55	1.0	loc.ark+=13960=t3514vk6w|uc2.ark+=13960=fk21c1tk7z|umn.31951001638215k	/works/OL106161W	oclc	
OL106163W	1	1	The Virginian;	1904	0.89	1.0	mdp.39015010962929	/works/OL106163W	oclc	
OL1061650W	1	1	God and woman	1921	0.89	1.0	uc2.ark+=13960=t5x63f746	/works/OL1061650W	oclc	
OL1061651W	3	1	The face of the world	1919	0.85	1.0	mdp.39015030018249|uc1.$b479369|uc2.ark+=13960=t09w0c79k	/works/OL1061651W	oclc	
OL1061654W	3	1	Life	1920	0.84	1.0	mdp.39015030017902|uc1.b3118191|uc2.ark+=13960=t6sx67d1x	/works/OL1061654W	oclc	
OL1061657W	2	2	Treacherous ground	1920	0.89	1.0	uc2.ark+=13960=t1wd3st91|uiuo.ark+=13960=t2n58gm1b	/works/OL1061657W	oclc	
OL1061661W	4	3	The power of a lie	1908	0.89	1.0	uiuo.ark+=13960=t7fq9th7f|mdp.39015011325233|uc2.ark+=13960=t2n58gf13|uc2.ark+=13960=t8rb6zq9w	/works/OL1061661W	oclc	
OL1061662W	2	2	The great hunger	1920	0.83	1.0	uc2.ark+=13960=t9t14xz7p|mdp.39015030017837	/works/OL1061662W	oclc	
OL106166W	3	1	A journey in search of Christmas	1904	0.86	0.999	mdp.39015063976354|nyp.33433074795158|nyp.33433074795166	/works/OL106166W	oclc	
OL106168W	2	1	Red men and white	1896	0.88	1.0	njp.32101079836100|nyp.33433081749834	/works/OL106168W	oclc	
OL106172W	1	1	The Jimmyjohn boss, and other stories	1900	0.89	1.0	mdp.39015063975901	/works/OL106172W	oclc	
OL106173W	3	1	Lady Baltimore	1906	0.84	1.0	mdp.39015036778382|uc1.b3569321|uc2.ark+=13960=t9f47jb2d	/works/OL106173W	oclc	
OL1063780W	1	1	Red robe and grey robe; or, Richelieu defied;	1901	0.89	1.0	uc2.ark+=13960=t7rn34m5c	/works/OL1063780W	oclc	
OL1064284W	1	1	Arsène Lupin versus Herlock Sholmes	1910	0.9	1.0	mdp.39015069330739	/works/OL1064284W	oclc	
OL1064287W	1	1	The hollow needle	1910	0.86	1.0	nyp.33433075799928	/works/OL1064287W	oclc	
OL1064333W	2	1	The count's millions	1913	0.9	1.0	uc2.ark+=13960=t9g44jr2z|uiuo.ark+=13960=t3qv3g034	/works/OL1064333W	oclc	
OL1064385W	2	1	Danesbury house	1893	0.89	1.0	mdp.39015009231732|wu.89002332658	/works/OL1064385W	oclc	
OL1065761W	1	1	A crime of the under-seas	1905	0.89	1.0	uc1.$b358725	/works/OL1065761W	oclc	
OL1065767W	2	1	A millionaire's love story	1901	0.89	1.0	njp.32101066454362|nyp.33433074940218	/works/OL1065767W	oclc	
OL1065779W	2	1	'Farewell, Nikola.'	1901	0.83	1.0	njp.32101066120120|uc2.ark+=13960=t9f47kt61	/works/OL1065779W	oclc	
OL1065952W	3	3	Cashel Byron's profession	1909	0.84	1.0	uc2.ark+=13960=t9m32rt8c|uc2.ark+=13960=t04x5755s|mdp.39015031311619	/works/OL1065952W	oclc	
OL1066071W	2	1	The irrational knot	1918	0.82	1.0	nyp.33433075747000|uc2.ark+=13960=t06w98z59	/works/OL1066071W	oclc	
OL1066453W	3	2	An unsocial socialist	1917	0.82	1.0	nyp.33433075746275|uc2.ark+=13960=t3rv0gv40|mdp.39015007694493	/works/OL1066453W	oclc	
OL1066935W	3	1	The reign of law	1900	0.89	1.0	mdp.39015014459955|uc2.ark+=13960=t7gq6sf0x|wu.89072357940	/works/OL1066935W	oclc	
OL1067590W	7	5	The scapegoat	1897	0.89	1.0	uc2.ark+=13960=t3tt4mg6g|mdp.39015039722270|uiuo.ark+=13960=t0qr53m1k|uiuo.ark+=13960=t4hm5hr35|uva.x030809061|uc2.ark+=13960=t6nz85m5k|nyp.33433074938584	/works/OL1067590W	oclc	
OL1067592W	4	3	The manxman	1894	0.9	1.0	uc2.ark+=13960=t2m61hb1j|uc1.b3579150|uc2.ark+=13960=t0ns0w38k|uc2.ark+=13960=t8hd7rz3j	/works/OL1067592W	oclc	
OL10688273W	2	2	Old Creole days	1906	0.88	1.0	uc1.b3550115|uc2.ark+=13960=t17m04t77	/works/OL10688273W	oclc	
OL1069636W	2	2	A young girl's diary	1921	0.81	1.0	mdp.39015010677816|uc2.ark+=13960=t9h41r976	/works/OL1069636W	oclc	
OL10703597W	1	1	America Kelsey	1915	0.7	0.999	uc1.$b799965	/works/OL10703597W	oclc	
OL10704801W	2	1	The bill-toppers, by André Castaigne; with illustrations by the author	1909	0.89	1.0	nyp.33433075820310|uc2.ark+=13960=t0vq2tt1q	/works/OL10704801W	oclc	
OL10707375W	3	1	Salt Lake;	1922	0.89	0.999	njp.32101067887081|nyp.33433075806962|uc2.ark+=13960=t7jq0ww1t	/works/OL10707375W	oclc	
OL10710305W	1	1	The Aztec treasure house	1890	0.89	0.999	mdp.39015059422140	/works/OL10710305W	oclc	
OL10712984W	1	1	Kobiety (Women);	1920	0.88	1.0	uc2.ark+=13960=t6tx3849s	/works/OL10712984W	oclc	
OL10717064W	2	1	The last abbot of Glastonbury	1886	0.89	1.0	uc1.b3321304|uc2.ark+=13960=t15m69b3r	/works/OL10717064W	oclc	
OL107199W	1	1	King-errant	1912	0.83	1.0	uc2.ark+=13960=t21c23089	/works/OL107199W	oclc	
OL107216W	2	2	On the face of the waters;	1897	0.89	1.0	uc2.ark+=13960=t43r1751d|mdp.39015002646134	/works/OL107216W	oclc	
OL10722970W	2	1	The teacher's Robinson Crusoe;	1910	0.8	1.0	uc2.ark+=13960=t8bg2x80f|umn.31951000781846r	/works/OL10722970W	oclc	
OL107236W	1	1	King of the air;	1907	0.82	1.0	uc2.ark+=13960=t88g8hn40	/works/OL107236W	oclc	
OL107238W	1	1	Rob the ranger	1907	0.85	0.998	mdp.39076002658008	/works/OL107238W	oclc	
OL107247W	1	1	Humphrey Bold	1909	0.89	1.0	uc2.ark+=13960=t3805079g	/works/OL107247W	oclc	
OL107418W	4	2	The emigrant ship	1893	0.9	1.0	uc2.ark+=13960=t58c9sk4x|uiuo.ark+=13960=t15m6vw1k|uiuo.ark+=13960=t1jh46p9h|uiuo.ark+=13960=t49p3q177	/works/OL107418W	oclc	
OL107434W	2	1	The frozen pirate	1887	0.9	1.0	uiuo.ark+=13960=t03x8wg41|uiuo.ark+=13960=t85h85b3r	/works/OL107434W	oclc	
OL107435W	1	1	Master Rockafellar's voyage	1913	0.88	0.998	uc2.ark+=13960=t9x063s7v	/works/OL107435W	oclc	
OL107437W	1	1	A sailor's sweetheart	1897	0.84	1.0	uva.x002264999	/works/OL107437W	oclc	
OL107440W	1	1	The yarn of Old Harbour Town	1905	0.89	1.0	uc2.ark+=13960=t3222x87t	/works/OL107440W	oclc	
OL107867W	3	1	Elizabeth's campaign	1918	0.89	1.0	mdp.39015063973286|nyp.33433075763817|uc2.ark+=13960=t6251pg4n	/works/OL107867W	oclc	
OL107881W	4	2	Lady Merton, colonist	1910	0.9	1.0	mdp.39015063973344|nyp.33433075764229|uc2.ark+=13960=t77s7rq5d|uc2.ark+=13960=t9862h54z	/works/OL107881W	oclc	
OL107885W	12	3	The history of David Grieve	1893	0.9	1.0	uc1.b3325265|uc1.b3325266|uc1.b3325267|uc2.ark+=13960=t7fq9vt8c|uc2.ark+=13960=t9571dg58|uiuo.ark+=13960=t6m04t34r|uiuo.ark+=13960=t6nz8vw1h|uiuo.ark+=13960=t9r21n79h|mdp.39015050610073|nyp.33433075764252|uc2.ark+=13960=t2t43rb1c|uc2.ark+=13960=t9765dw4z	/works/OL107885W	oclc	
OL107887W	2	1	'Missing,'	1917	0.89	1.0	nyp.33433075764211|uc2.ark+=13960=t39z91b5s	/works/OL107887W	oclc	
OL107891W	8	2	Marcella	1894	0.9	1.0	mdp.39015010949793|mdp.39015027815441|nyp.33433075764104|nyp.33433075764112|uc2.ark+=13960=t6nz84g5c|uiuo.ark+=13960=t7np2qv1n|uiuo.ark+=13960=t9s18n69p|uc2.ark+=13960=t0dv1rs5b	/works/OL107891W	oclc	
OL108456W	2	1	Scaramouche;	1921	0.87	1.0	uc1.b4090081|uc2.ark+=13960=t6n012w63	/works/OL108456W	oclc	
OL1084971W	1	1	Captain Mansana & Mothers hands	1897	0.88	1.0	uc2.ark+=13960=t1rf5nq8d	/works/OL1084971W	oclc	
OL1084976W	1	1	Mary	1909	0.89	1.0	nyp.33433075849954	/works/OL1084976W	oclc	
OL1084997W	4	3	A happy boy	1882	0.89	1.0	uc2.ark+=13960=t73t9h397|umn.31951d01315984z|uc1.b4740529|uc2.ark+=13960=t8v981c83	/works/OL1084997W	oclc	
OL1085021W	2	1	Pierre & Joseph	1920	0.79	1.0	nyp.33433075806731|uc2.ark+=13960=t4cn71p8r	/works/OL1085021W	oclc	
OL1085067W	2	1	The marriage of Mademoiselle Gimel	1913	0.88	1.0	nyp.33433075806715|uc2.ark+=13960=t1qf8mh46	/works/OL1085067W	oclc	
OL1085104W	1	1	Cousin Cinderella	1908	0.89	0.999	nyp.33433074944434	/works/OL1085104W	oclc	
OL1085106W	2	1	The simple adventures of a memsahib	1893	0.89	1.0	mdp.39015012319177|wu.89098861651	/works/OL1085106W	oclc	
OL1085108W	1	1	The imperialist	1904	0.83	1.0	nyp.33433074944376	/works/OL1085108W	oclc	
OL1085111W	4	1	An American girl in London	1891	0.89	1.0	mdp.39015063546942|nyp.33433074944442|uc1.b248494|uc2.ark+=13960=t6348k996	/works/OL1085111W	oclc	
OL1085112W	6	1	A social departure	1890	0.72	1.0	nc01.ark+=13960=t36117g68|nc01.ark+=13960=t78s4s51w|nyp.33433000631980|uc1.b3321293|uc2.ark+=13960=t7rn37p9f|wu.89098879166	/works/OL1085112W	oclc	
OL1087215W	3	1	The story of Alexander	1894	0.78	1.0	mdp.39015029768572|njp.32101063578189|wu.89051206076	/works/OL1087215W	oclc	
OL108735W	1	1	The tale of Peter Rabbit	1904	0.56	0.983	mdp.39015083455223	/works/OL108735W	oclc	
OL108764W	1	1	The tale of Johnny Town-mouse	1918	0.54	0.975	mdp.39015089581832	/works/OL108764W	oclc	
OL108852W	1	1	Stories of Robin Hood & his merry outlaws	1904	0.87	1.0	uc2.ark+=13960=t77s7n59x	/works/OL108852W	oclc	
OL1088653W	3	1	The career of a nihilist	1889	0.83	1.0	mdp.39015031002739|mdp.39015066228951|uc1.32106008609544	/works/OL1088653W	oclc	
OL1088770W	2	2	The blue fairy book	1889	0.88	1.0	uc2.ark+=13960=t0wp9v52q|nc01.ark+=13960=t9281fb0w	/works/OL1088770W	oclc	
OL1088786W	3	1	The disentanglers	1902	0.89	1.0	mdp.39015048883865|uc1.b3579170|uc2.ark+=13960=t2w37rr9d	/works/OL1088786W	oclc	
OL1088798W	1	1	The grey fairy book	1900	0.83	1.0	uva.x002453551	/works/OL1088798W	oclc	
OL1088821W	4	3	A monk of Fife	1896	0.9	1.0	mdp.39015048883907|uc2.ark+=13960=t1dj5dq8f|uc1.b3324330|uc2.ark+=13960=t2g73gd9r	/works/OL1088821W	oclc	
OL1088823W	1	1	Much darker days	1884	0.76	0.999	nyp.33433074872775	/works/OL1088823W	oclc	
OL1088835W	4	2	Old friends	1892	0.87	0.988	mdp.39015059420946|uc2.ark+=13960=t6154gr8h|njp.32101013147549|uc2.ark+=13960=t9w090q24	/works/OL1088835W	oclc	
OL1088837W	1	1	The olive fairy book	1907	0.89	1.0	mdp.39015054036796	/works/OL1088837W	oclc	
OL1088838W	1	1	The Orange fairy book	1906	0.88	0.995	nyp.33433068197957	/works/OL1088838W	oclc	
OL1088888W	1	1	The yellow fairy book	1894	0.89	1.0	uc2.ark+=13960=t0dv1d45p	/works/OL1088888W	oclc	
OL1088954W	3	1	In the wrong paradise	1886	0.9	1.0	mdp.39015048883873|mdp.39015048883881|uc2.ark+=13960=t9j38r93w	/works/OL1088954W	oclc	
OL1088959W	2	1	The red book of animal stories	1899	0.55	1.0	nyp.33433043995699|uc2.ark+=13960=t7mp4wh7k	/works/OL1088959W	oclc	
OL1088989W	2	1	The mark of Cain	1886	0.89	1.0	mdp.39015048883915|uc2.ark+=13960=t4sj1g55c	/works/OL1088989W	oclc	
OL1089177W	4	2	The paladins of Edwin the Great	1896	0.64	1.0	nnc1.1000393819|nyp.33433074895818|uc1.$b751330|uc2.ark+=13960=t8w956m8g	/works/OL1089177W	oclc	
OL1089857W	3	2	Eudocia	1921	0.84	1.0	nyp.33433075766711|uc2.ark+=13960=t14m94m14|uc2.ark+=13960=t7cr5rk1t	/works/OL1089857W	oclc	
OL1089948W	2	1	The fun of the fair	1909	0.88	1.0	mdp.39015063936135|uc2.ark+=13960=t3416zp3g	/works/OL1089948W	oclc	
OL1089952W	3	1	The human boy and the war	1916	0.84	1.0	mdp.39015063946589|nyp.33433075769525|uc2.ark+=13960=t6qz27r3k	/works/OL1089952W	oclc	
OL1090028W	4	2	The human boy	1900	0.89	1.0	nc01.ark+=13960=t5m919w2k|uc1.b266650|uc2.ark+=13960=t9f47p933|uc2.ark+=13960=t73t9gt97	/works/OL1090028W	oclc	
OL1090044W	3	1	Children of the mist	1899	0.9	1.0	mdp.39015023068813|nyp.33433075766539|uc2.ark+=13960=t1jh3g17z	/works/OL1090044W	oclc	
OL1090085W	1	1	Thirty more famous stories retold	1905	0.78	0.999	uva.x001271265	/works/OL1090085W	oclc	
OL1090701W	1	1	Castle Omeragh	1903	0.89	0.995	uc1.l0063791321	/works/OL1090701W	oclc	
OL1090706W	1	1	Fanny's first novel	1913	0.89	1.0	uc2.ark+=13960=t6154kz6g	/works/OL1090706W	oclc	
OL1090719W	1	1	Nell Gwyn--comedian;	1901	0.88	1.0	nyp.33433074904958	/works/OL1090719W	oclc	
OL1090732W	1	1	"Discovering ""Evelina"";"	1913	0.89	1.0	njp.32101065844308	/works/OL1090732W	oclc	
OL1090736W	2	1	Love alone is lord	1905	0.84	1.0	nyp.33433074910344|uc2.ark+=13960=t4bn9zx8h	/works/OL1090736W	oclc	
OL1090737W	2	1	The love that prevailed	1907	0.9	1.0	nyp.33433074910351|uc2.ark+=13960=t8w952p96	/works/OL1090737W	oclc	
OL1090738W	1	1	A nest of linnets	1901	0.89	1.0	nyp.33433074904966	/works/OL1090738W	oclc	
OL1090746W	2	1	The Jessamy bride	1906	0.8	1.0	nyp.33433074904941|uc2.ark+=13960=t18k7874f	/works/OL1090746W	oclc	
OL109135W	5	2	Denry the audacious	1911	0.89	1.0	nyp.33433074928973|mdp.39015031225611|nyp.33433074928965|uc1.b3875169|uc2.ark+=13960=t8cf9q761	/works/OL109135W	oclc	
OL1091532W	6	1	The Gaverocks;	1887	0.86	1.0	uc1.b248451|uc1.b248452|uc1.b248453|uiuo.ark+=13960=t75t3wr7p|uiuo.ark+=13960=t7mp59c4p|uiuo.ark+=13960=t9b56v15k	/works/OL1091532W	oclc	
OL109153W	1	1	The Grand Babylon Hotel	1902	0.89	1.0	mdp.49015000914888	/works/OL109153W	oclc	
OL1091549W	3	1	The queen of love	1894	0.86	1.0	uiuo.ark+=13960=t07w6p56m|uiuo.ark+=13960=t18k7kz90|uiuo.ark+=13960=t3611b029	/works/OL1091549W	oclc	
OL1091572W	2	1	Perpetua	1897	0.89	1.0	mdp.39015039351344|nyp.33433074823042	/works/OL1091572W	oclc	
OL1091574W	1	1	Urith;	1891	0.83	0.999	uc2.ark+=13960=t6xw4gz33	/works/OL1091574W	oclc	
OL1091588W	4	2	Kitty alone	1894	0.9	1.0	uiuo.ark+=13960=t0vq3775c|uiuo.ark+=13960=t2891gv3r|uiuo.ark+=13960=t7kp89597|njp.32101067628725	/works/OL1091588W	oclc	
OL109165W	4	2	Lilian	1922	0.89	1.0	nyp.33433074926464|uc2.ark+=13960=t1td9t02z|mdp.39015031225199|uc1.$b792429	/works/OL109165W	oclc	
OL109199W	2	1	Whom God hath joined	1911	0.83	1.0	njp.32101068138252|uc2.ark+=13960=t4vh5jc84	/works/OL109199W	oclc	
OL109201W	3	1	The lion's share	1916	0.9	1.0	mdp.39015031225207|nyp.33433074926472|uc2.ark+=13960=t9959jk0f	/works/OL109201W	oclc	
OL109210W	3	1	These twain	1915	0.9	1.0	mdp.39015004743947|nyp.33433074926589|uc2.ark+=13960=t27941d98	/works/OL109210W	oclc	
OL109214W	2	1	The pretty lady	1918	0.9	0.998	nyp.33433074926548|uc2.ark+=13960=t6833r49b	/works/OL109214W	oclc	
OL109218W	4	2	Clayhanger	1910	0.9	1.0	mdp.39015003497438|mdp.39015001664369|nyp.33433074928957|uc1.b4097436	/works/OL109218W	oclc	
OL1092218W	1	1	A staircase of stories	1920	0.88	1.0	nyp.33433088074525	/works/OL1092218W	oclc	
OL109221W	3	2	The matador of the Five Towns, and other stories	1912	0.89	1.0	uc2.ark+=13960=t6057wc8c|nyp.33433074926498|uc2.ark+=13960=t7dr2sh01	/works/OL109221W	oclc	
OL109223W	5	1	Mr. Prohack	1922	0.89	1.0	mdp.39015025130165|mdp.39015031227633|nyp.33433074926506|uc1.b3811078|uc2.ark+=13960=t71v5cb31	/works/OL109223W	oclc	
OL109226W	3	1	Tales of the five towns	1905	0.86	1.0	inu.32000001172271|mdp.49015000916339|njp.32101007865775	/works/OL109226W	oclc	
OL109227W	7	3	Buried alive;	1910	0.86	1.0	nyp.33433074928932|uc2.ark+=13960=t22b9109k|mdp.39015060438564|mdp.39015060438572|mdp.39015060438580|nyp.33433074928940|uc2.ark+=13960=t8bg2mm3n	/works/OL109227W	oclc	
OL109228W	4	2	The roll-call	1918	0.89	1.0	uc1.b3811084|mdp.39015019774952|nyp.33433074926563|uc2.ark+=13960=t2k64gd1v	/works/OL109228W	oclc	
OL109229W	1	1	The ghost	1907	0.79	1.0	nyp.33433074928981	/works/OL109229W	oclc	
OL109230W	2	1	Hilda Lessways	1911	0.9	1.0	mdp.39015004743954|nyp.33433074926423	/works/OL109230W	oclc	
OL109231W	1	1	Leonora	1910	0.9	1.0	mdp.39015031225223	/works/OL109231W	oclc	
OL109232W	5	3	The regent;	1913	0.89	1.0	uc2.ark+=13960=t88g8mj8t|mdp.39015031225140|nyp.33433074926514|uc2.ark+=13960=t48p5xj8c|mdp.39015008816954	/works/OL109232W	oclc	
OL109233W	7	4	Anna of the five towns	1902	0.89	1.0	uc2.ark+=13960=t77s7kp6c|mdp.49015000914425|uva.x002027383|uc2.ark+=13960=t6154j42c|mdp.39015004933142|nyp.33433074928890|nyp.33433074928882	/works/OL109233W	oclc	
OL109236W	5	4	The old wives' tale	1911	0.89	1.0	uva.x000364836|uc2.ark+=13960=t1zc7xg33|coo.31924013586932|coo.31924065004404|nyp.33433074926530	/works/OL109236W	oclc	
OL1092920W	1	1	A weak woman	1911	0.89	1.0	mdp.39015031228722	/works/OL1092920W	oclc	
OL1093208W	1	1	The fur traders of the West, or, Adventures among the redskins	1896	0.88	1.0	nnc1.1002390256	/works/OL1093208W	oclc	
OL1094245W	5	4	"Vera, the medium; ""Miss Civilization"""	1908	0.88	1.0	wu.89099779894|mdp.39015063546249|uc2.ark+=13960=t0qr4nv6c|uc1.b3561864|nyp.33433074843164	/works/OL1094245W	oclc	
OL1094254W	3	1	Her first appearance	1901	0.82	1.0	nyp.33433074843305|uc2.ark+=13960=t3222rn9n|uc2.ark+=13960=t3hx16159	/works/OL1094254W	oclc	
OL1094603W	3	1	Mrs. Warren's daughter;	1920	0.83	1.0	mdp.39015030755410|nyp.33433074865464|uc2.ark+=13960=t9d50pg5p	/works/OL1094603W	oclc	
OL1094908W	2	1	Kami-no-michi	1910	0.67	0.999	mdp.39015041610695|uc2.ark+=13960=t40r9q932	/works/OL1094908W	oclc	
OL1096566W	4	3	The valley of shadows	1909	0.72	0.999	uiuo.ark+=13960=t00001h5b|uc2.ark+=13960=fk83j39n2w|uva.x000609795|uc1.31158004914536	/works/OL1096566W	oclc	
OL109804W	1	1	Christmas at Thompson Hall;	1894	0.85	1.0	mdp.39015005917128	/works/OL109804W	oclc	
OL109811W	1	1	Why Frau Frohmann raised her prices, and other stories	1882	0.83	1.0	inu.32000000662744	/works/OL109811W	oclc	
OL109831W	3	1	The fixed period	1882	0.81	1.0	dul1.ark+=13960=t16m3zq84|dul1.ark+=13960=t3qv47t8s|inu.32000009368012	/works/OL109831W	oclc	
OL1098394W	4	1	The three Mulla-mulgars	1919	0.82	1.0	mdp.39015065534730|nyp.33433082531447|uc1.b4087604|uc2.ark+=13960=t35145g5s	/works/OL1098394W	oclc	
OL1098497W	3	2	The return	1922	0.89	1.0	mdp.39015011331801|uc2.ark+=13960=t5db7zs8r|uc2.ark+=13960=t45q4v61q	/works/OL1098497W	oclc	
OL1098501W	4	2	Memoirs of a midget	1921	0.89	1.0	mdp.39015048709714|mdp.39015010296823|nyp.33433074963772|uc2.ark+=13960=t3cz3776r	/works/OL1098501W	oclc	
OL1098653W	2	2	A freelance in Kashmir;	1914	0.84	0.999	uc2.ark+=13960=t3kw5846r|uc2.ark+=13960=t9s17w66r	/works/OL1098653W	oclc	
OL109872W	4	2	The duke's children	1903	0.89	1.0	uc1.b4715032|uc1.b4715034|uva.x000470377|uva.x000470381	/works/OL109872W	oclc	
OL1099873W	1	1	To the sun?	1895	0.89	0.999	njp.32101021185879	/works/OL1099873W	oclc	
OL1099980W	1	1	An Antarctic mystery	1899	0.56	1.0	mdp.39015046862747	/works/OL1099980W	oclc	
OL1100441W	5	1	In Lincoln's chair	1920	0.58	1.0	mdp.39015059502396|nyp.33433076080542|uc2.ark+=13960=fk0ms3k234|uiuo.ark+=13960=t4nk3d51g|yale.39002002937002	/works/OL1100441W	oclc	
OL1100449W	3	1	Father Abraham	1909	0.54	0.997	mdp.39015059502586|uc2.ark+=13960=fk3cz32c35|uiuo.ark+=13960=t06w9d20w	/works/OL1100449W	oclc	
OL1100457W	3	1	The rising of the tide;	1919	0.87	1.0	mdp.39015039414852|nyp.33433082484431|uc2.ark+=13960=t5bc3v575	/works/OL1100457W	oclc	
OL1100465W	11	4	He knew Lincoln	1909	0.82	1.0	loc.ark+=13960=t6d222483|mdp.39015059502404|loc.ark+=13960=t2x34x21t|loc.ark+=13960=t8bg2t19d|uc2.ark+=13960=fk3dz0389c|uc2.ark+=13960=t2z31sg07|loc.ark+=13960=t3gx4f747|loc.ark+=13960=t6n018d1w|nyp.33433082348545|uiuo.ark+=13960=t4th8cv47|yale.39002002934264	/works/OL1100465W	oclc	
OL1100758W	1	1	At the sign of the guillotine	1895	0.88	0.998	nyp.33433075752265	/works/OL1100758W	oclc	
OL1101306W	1	1	The Nugents of Carriconna	1891	0.83	1.0	mdp.39015063923570	/works/OL1101306W	oclc	
OL1101429W	3	1	Omega: the last days of the world	1894	0.89	1.0	nyp.33433075827018|uc1.b3755125|uc2.ark+=13960=t5m902w1t	/works/OL1101429W	oclc	
OL1101503W	1	1	The column of dust	1909	0.86	1.0	uc2.ark+=13960=t6rx9645p	/works/OL1101503W	oclc	
OL1102112W	4	1	Forgotten tales of long ago	1906	0.83	1.0	mdp.39015066694392|nc01.ark+=13960=t8gf1wm4z|uc1.b3331940|uc2.ark+=13960=t4pk0gp6m	/works/OL1102112W	oclc	
OL1102191W	3	1	Over Bemerton's	1908	0.67	1.0	mdp.39015031241394|nyp.33433074878913|uc2.ark+=13960=t48p5xv6f	/works/OL1102191W	oclc	
OL1102678W	1	1	Two American boys in Hawaii	1899	0.58	0.999	nyp.33433082300868	/works/OL1102678W	oclc	
OL1103596W	5	3	Multitude and solitude	1916	0.9	1.0	mdp.39015014498516|nyp.33433074893367|uc2.ark+=13960=t6j108p1h|uc2.ark+=13960=t6rx9884t|uc2.ark+=13960=t28914k9x	/works/OL1103596W	oclc	
OL1103743W	2	2	Martin Hyde, the duke's messenger	1910	0.89	1.0	uc2.ark+=13960=t0gt5hs8p|uc2.ark+=13960=t7tm74b43	/works/OL1103743W	oclc	
OL1103755W	2	2	A book of discoveries	1910	0.87	0.999	uc2.ark+=13960=t0bv7cx38|njp.32101068600954	/works/OL1103755W	oclc	
OL1103769W	2	1	A tarpaulin muster	1919	0.83	1.0	mdp.39015030705977|uc2.ark+=13960=t5z60f76b	/works/OL1103769W	oclc	
OL1103779W	2	2	Captain Margaret;	1908	0.9	1.0	nyp.33433074893326|uc2.ark+=13960=t13n21z3q	/works/OL1103779W	oclc	
OL1103793W	3	1	Jim Davis	1912	0.89	1.0	mdp.39015011905224|nyp.33433074893466|uc2.ark+=13960=t1qf8mz1k	/works/OL1103793W	oclc	
OL1103990W	1	1	In pirate waters;	1898	0.88	1.0	nyp.33433074910930	/works/OL1103990W	oclc	
OL1104000W	2	2	At war with Pontiac;	1895	0.85	1.0	uva.x030826110|uc2.ark+=13960=t3fx75s3f	/works/OL1104000W	oclc	
OL1104006W	1	1	For the mikado;	1905	0.73	0.999	nyp.33433076060957	/works/OL1104006W	oclc	
OL1104008W	2	1	Raftmates	1921	0.89	1.0	uc1.b3326476|uc2.ark+=13960=t9k35nx3w	/works/OL1104008W	oclc	
OL1104012W	1	1	The belt of seven totems;	1902	0.88	1.0	uc2.ark+=13960=t3513w069	/works/OL1104012W	oclc	
OL1104013W	2	1	Derrick Sterling;	1888	0.89	1.0	uc1.b308305|uc2.ark+=13960=t73t9jb0f	/works/OL1104013W	oclc	
OL1104062W	1	1	Fishpingle;	1917	0.88	1.0	nyp.33433075762124	/works/OL1104062W	oclc	
OL1104064W	1	1	Her son	1907	0.89	1.0	uc2.ark+=13960=t74t6gt1j	/works/OL1104064W	oclc	
OL1104079W	2	1	Quinneys'	1914	0.83	1.0	uc1.b3326059|uc2.ark+=13960=t4kk9d07s	/works/OL1104079W	oclc	
OL1104247W	4	2	Love's legend	1914	0.87	1.0	uc1.b3548189|uc2.ark+=13960=t6833x99n|nyp.33433075727325|uc2.ark+=13960=t2988523b	/works/OL1104247W	oclc	
OL1104248W	1	1	One immortality	1909	0.88	1.0	uc2.ark+=13960=t6pz53m4f	/works/OL1104248W	oclc	
OL1105155W	1	1	Carmen	1896	0.87	0.997	mdp.39015008145461	/works/OL1105155W	oclc	
OL1105276W	2	1	Karma	1917	0.63	1.0	uc1.b3937928|uc2.ark+=13960=t2r49s592	/works/OL1105276W	oclc	
OL1105525W	2	1	The convictions of Christopher Sterling;	1919	0.81	1.0	nyp.33433074927173|nyp.33433082486006	/works/OL1105525W	oclc	
OL1106261W	3	2	Alice and a family	1915	0.89	1.0	mdp.39015059418312|uc1.b3346887|wu.89099924656	/works/OL1106261W	oclc	
OL1106367W	1	1	The three adventurers	1911	0.84	1.0	nyp.33433079897520	/works/OL1106367W	oclc	
OL11068500W	2	1	Marie de France;	1901	0.62	1.0	mdp.39015008394358|uc2.ark+=13960=t39z9d56k	/works/OL11068500W	oclc	
OL1106859W	1	1	Naval occasions and some traits of the sailor-man	1915	0.81	0.999	uc2.ark+=13960=t9z032670	/works/OL1106859W	oclc	
OL1106861W	3	2	The navy eternal	1918	0.67	1.0	mdp.39015063955556|uc2.ark+=13960=t0tq5tr7j|uc2.ark+=13960=t38059v3c	/works/OL1106861W	oclc	
OL1107314W	2	2	Cuentos ticos	1908	0.63	1.0	uc2.ark+=13960=t9k35v146|mdp.39015060459438	/works/OL1107314W	oclc	
OL1107398W	1	1	The land of pluck;	1894	0.65	0.999	uva.x000414637	/works/OL1107398W	oclc	
OL1107400W	2	2	Donald and Dorothy	1883	0.89	1.0	nyp.33433082531587|mdp.39015063512258	/works/OL1107400W	oclc	
OL1107603W	6	1	Authors digest;	1908	0.83	1.0	uc2.ark+=13960=t0gt5kc65|uc2.ark+=13960=t1bk1bp9v|uc2.ark+=13960=t4fn16c27|uc2.ark+=13960=t5k935g7d|uc2.ark+=13960=t70v8fv7b|uc2.ark+=13960=t76t0nc0n	/works/OL1107603W	oclc	
OL1107956W	3	1	A Japanese romance	1904	0.84	1.0	mdp.39015063514148|uc1.b3322406|uc2.ark+=13960=t8mc9154c	/works/OL1107956W	oclc	
OL1109044W	7	2	Over the teacups	1891	0.89	1.0	mdp.39015024470943|mdp.39015030745312|mdp.39015063931441|uc1.b156079|uc1.b3293434|uc1.b3293435|uva.x001850702	/works/OL1109044W	oclc	
OL1109137W	1	1	The little gold miners of the Sierras	1886	0.82	0.999	uc2.ark+=13960=t4vh5dc32	/works/OL1109137W	oclc	
OL1109156W	2	1	'49, the gold-seeker of the Sierras	1884	0.79	1.0	mdp.39015000614845|uc2.ark+=13960=t4cn6z89n	/works/OL1109156W	oclc	
OL1109747W	1	1	The conscript	1903	0.83	1.0	mdp.39015030866001	/works/OL1109747W	oclc	
OL1112026W	3	1	The Bath comedy;	1900	0.89	1.0	mdp.39015063524949|nyp.33433074941836|nyp.33433074942255	/works/OL1112026W	oclc	
OL1112037W	1	1	The star dreamer;	1903	0.88	1.0	nyp.33433074941943	/works/OL1112037W	oclc	
OL1112049W	1	1	Panther's cub	1911	0.89	1.0	uc2.ark+=13960=t4fn12p52	/works/OL1112049W	oclc	
OL1112052W	2	1	"""My merry Rockhurst"""	1907	0.83	1.0	uc2.ark+=13960=t6n01475x|uva.x030765276	/works/OL1112052W	oclc	
OL1112055W	5	3	The pride of Jennico	1914	0.89	1.0	njp.32101063605313|uc1.b323551|uc2.ark+=13960=t4bp01948|mdp.39015063524840|uc2.ark+=13960=t1pg1nr25	/works/OL1112055W	oclc	
OL1112725W	1	1	The autobiography & deliverance of Mark Rutherford	1899	0.66	1.0	njp.32101065598821	/works/OL1112725W	oclc	
OL1112728W	2	2	Clara Hopgood	1896	0.89	1.0	uc2.ark+=13960=t4xg9tm3z|njp.32101065599001	/works/OL1112728W	oclc	
OL1112739W	3	1	More pages from a journal	1910	0.53	1.0	mdp.39015064415071|uc1.b4107684|uc2.ark+=13960=t54f1s47z	/works/OL1112739W	oclc	
OL1113675W	2	1	Forbes of Harvard	1894	0.9	1.0	nyp.33433076084163|uc2.ark+=13960=t0pr7mx0s	/works/OL1113675W	oclc	
OL1113688W	3	2	Time and chance;	1921	0.84	1.0	umn.31951002184465e|mdp.39015063932092|uc2.ark+=13960=t9z02zx2c	/works/OL1113688W	oclc	
OL1113743W	2	1	Hugh Wynne, free Quaker	1905	0.89	1.0	mdp.39015013935278|uc2.ark+=13960=t23b5wh9f	/works/OL1113743W	oclc	
OL1113776W	5	2	In war time	1905	0.9	1.0	mdp.39015029764308|mdp.39015030709664|uc2.ark+=13960=t05x26561|nc01.ark+=13960=t0ft9646p|uc1.b4103031	/works/OL1113776W	oclc	
OL1113778W	1	1	A venture in 1777	1908	0.81	1.0	uc1.b3327347	/works/OL1113778W	oclc	
OL1113783W	3	1	Little stories	1903	0.84	0.999	mdp.39015019148439|nyp.33433076046089|uc2.ark+=13960=t8gf0pb2j	/works/OL1113783W	oclc	
OL1113785W	4	3	The adventures of François	1905	0.89	1.0	mdp.39015031297552|uc2.ark+=13960=t41r6p353|uc2.ark+=13960=t0rr1pp38|uc2.ark+=13960=t5n873g5d	/works/OL1113785W	oclc	
OL1113786W	2	1	The autobiography of a quack	1900	0.77	0.999	uc2.ark+=13960=t3804z84q|uc2.ark+=13960=t9j38m53f	/works/OL1113786W	oclc	
OL1113789W	3	2	Mr. Kris Kringle;	1904	0.84	0.999	mdp.39015059412562|uc2.ark+=13960=t4jm23r4v|uc1.b3331947	/works/OL1113789W	oclc	
OL1113790W	3	1	The Red city;	1908	0.89	1.0	mdp.39015030709623|nyp.33433076046063|uc2.ark+=13960=fk7rn30m6t	/works/OL1113790W	oclc	
OL1113796W	6	3	Hugh Wynne, free Quaker	1900	0.9	1.0	mdp.39015030709680|uc1.32106015697896|uc1.32106019583837|uc1.b3327353|uc1.b3327354|uva.x004529780	/works/OL1113796W	oclc	
OL1113882W	1	1	The call of the soil	1919	0.61	0.999	nyp.33433075806939	/works/OL1113882W	oclc	
OL1115054W	1	1	Peter Trawl	1882	0.89	0.999	uc2.ark+=13960=t4pk08w98	/works/OL1115054W	oclc	
OL1115112W	2	2	The three midshipmen;	1906	0.89	1.0	mdp.39015063891322|nyp.33433082345939	/works/OL1115112W	oclc	
OL1117816W	2	1	As others saw Him;	1895	0.88	1.0	uc2.ark+=13960=t86h4fq29|yale.39002043864439	/works/OL1117816W	oclc	
OL1117819W	1	1	Europa's fairy book	1916	0.71	0.999	mdp.39015031991063	/works/OL1117819W	oclc	
OL1117831W	1	1	The book of wonder voyages;	1919	0.71	1.0	uc2.ark+=13960=t6639mk95	/works/OL1117831W	oclc	
OL1117832W	2	1	More Celtic fairy tales;	1894	0.79	1.0	nyp.33433068197999|wu.89017100926	/works/OL1117832W	oclc	
OL1117853W	2	1	Sussex gorse	1916	0.9	1.0	mdp.39015063976503|uc2.ark+=13960=t7kp7xj8r	/works/OL1117853W	oclc	
OL1117880W	3	2	The tramping Methodist	1922	0.89	1.0	mdp.39015059419104|nyp.33433074871389|uc2.ark+=13960=t11n8116q	/works/OL1117880W	oclc	
OL1117901W	2	1	Joanna Godden	1922	0.83	1.0	nyp.33433074871363|uc2.ark+=13960=t6zw1hc70	/works/OL1117901W	oclc	
OL1118216W	1	1	Under the yoke;	1912	0.88	1.0	uc2.ark+=13960=t4pk0d46m	/works/OL1118216W	oclc	
OL11185862W	1	1	Silas Jackson's wrongs	1889	0.88	1.0	njp.32101065857086	/works/OL11185862W	oclc	
OL1120518W	3	1	Under fire;	1917	0.67	1.0	nyp.33433082478599|uc1.b4065392|uc2.ark+=13960=t1dj59149	/works/OL1120518W	oclc	
OL1123497W	2	1	His people	1906	0.67	1.0	uc2.ark+=13960=t07w6906t|uva.x030740387	/works/OL1123497W	oclc	
OL1123502W	2	1	Scottish stories	1914	0.74	1.0	mdp.39015030746484|uc1.b3322562	/works/OL1123502W	oclc	
OL1124023W	3	2	Tales from Maria Edgeworth;	1908	0.88	1.0	uc2.ark+=13960=t3125sm7g|mdp.39015065528765|nc01.ark+=13960=t7fr0xw5k	/works/OL1124023W	oclc	
OL1124031W	4	2	Castle Rackrent, and The absentee	1917	0.87	1.0	mdp.39015063919495|mdp.39076005004929|uc1.b4105174|uc2.ark+=13960=t4vh5gf5r	/works/OL1124031W	oclc	
OL11251651W	2	1	Bourru, soldier of France	1919	0.74	1.0	uc1.$b582102|uc2.ark+=13960=t7dr2wx90	/works/OL11251651W	oclc	
OL1127790W	1	1	A protégée of Jack Hamlin's, and other stories	1894	0.83	1.0	nyp.33433076076706	/works/OL1127790W	oclc	
OL1127858W	2	1	Barker's luck	1896	0.83	1.0	njp.32101018263028|uc2.ark+=13960=t04x54q47	/works/OL1127858W	oclc	
OL112788W	2	2	The colonel's dream	1905	0.89	1.0	mdp.39015066920219|nc01.ark+=13960=t50g4wj3w	/works/OL112788W	oclc	
OL1127910W	3	1	A Sappho of Green springs	1891	0.89	1.0	njp.32101071961732|uc1.b4545569|uc2.ark+=13960=t0gt5fx37	/works/OL1127910W	oclc	
OL1127966W	3	2	Barker's luck	1896	0.83	1.0	njp.32101018263028|uc2.ark+=13960=t04x54q47|uc2.ark+=13960=t7hq3t22j	/works/OL1127966W	oclc	
OL112796W	3	2	The conjure woman	1900	0.89	0.953	inu.30000105000149|nc01.ark+=13960=t5j965w64|nc01.ark+=13960=t89g6f86r	/works/OL112796W	oclc	
OL1127973W	1	1	Trent's trust, and other stories	1903	0.89	1.0	mdp.39015063921087	/works/OL1127973W	oclc	
OL1127977W	3	2	The heritage of Dedlow Marsh	1889	0.89	1.0	uc1.b251151|uc1.b251152|nyp.33433076071491	/works/OL1127977W	oclc	
OL112797W	3	2	The house behind the cedars	1901	0.89	1.0	nc01.ark+=13960=t7hq4034d|uc2.ark+=13960=t5x63bg3m|nc01.ark+=13960=t7cr7221k	/works/OL112797W	oclc	
OL1127983W	2	2	Susy;	1900	0.9	1.0	uc2.ark+=13960=t6qz23210|uc2.ark+=13960=t6n010v1d	/works/OL1127983W	oclc	
OL1127987W	3	2	Colonel Starbottle's client	1892	0.89	1.0	nyp.33433076088172|uc2.ark+=13960=t70v8b67k|uc2.ark+=13960=t84j0c45h	/works/OL1127987W	oclc	
OL1127988W	3	2	In the Carquinez woods	1883	0.89	1.0	nyp.33433076071475|uc1.b251155|uc2.ark+=13960=t3610wt9p	/works/OL1127988W	oclc	
OL1127994W	3	2	A first family of Tasajara	1892	0.89	1.0	nyp.33433076071533|uc2.ark+=13960=t3qv3cb2w|uc2.ark+=13960=t02z15s38	/works/OL1127994W	oclc	
OL1127996W	5	3	Mr. Jack Hamlin's mediation, and other stories	1899	0.89	1.0	nyp.33433074857883|uc2.ark+=13960=t18k75t6s|mdp.39015028970401|nyp.33433074858170|uc2.ark+=13960=t88g8gp1k	/works/OL1127996W	oclc	
OL1127999W	2	1	Frontier stories	1887	0.89	1.0	loc.ark+=13960=t90874q4p|mdp.39015014554532	/works/OL1127999W	oclc	
OL1128001W	1	1	In a hollow of the hills	1895	0.89	1.0	uc2.ark+=13960=t7mp4ws94	/works/OL1128001W	oclc	
OL1128002W	2	2	The queen of the Pirate Isle	1886	0.83	0.998	uc2.ark+=13960=t57d2rd92|uc2.ark+=13960=t3nv9b48b	/works/OL1128002W	oclc	
OL1128004W	1	1	Under the redwoods	1901	0.84	1.0	uc2.ark+=13960=t58c9sc1s	/works/OL1128004W	oclc	
OL1128005W	1	1	Openings in the old trail	1902	0.88	0.998	uc2.ark+=13960=t03x84h2d	/works/OL1128005W	oclc	
OL1128007W	1	1	Tales of trail and town	1898	0.8	1.0	uc2.ark+=13960=t8ff3n574	/works/OL1128007W	oclc	
OL1128009W	2	2	The crusade of the Excelsior	1887	0.83	1.0	uc2.ark+=13960=t0000076t|uc2.ark+=13960=t2c825194	/works/OL1128009W	oclc	
OL1128010W	2	2	A Phyllis of the Sierras ; and, A drift from Redwood camp	1888	0.89	1.0	mdp.39015030141470|uc2.ark+=13960=t6833nv7j	/works/OL1128010W	oclc	
OL1128012W	4	2	A ward of the Golden Gate	1890	0.89	1.0	uc2.ark+=13960=t93776p4n|mdp.39015063921111|nyp.33433076076342|uc1.b3578759	/works/OL1128012W	oclc	
OL1128013W	1	1	Maruja	1885	0.89	1.0	uc2.ark+=13960=t1ng4h41s	/works/OL1128013W	oclc	
OL1128014W	2	1	On the frontier	1884	0.89	1.0	uc2.ark+=13960=t6tx35v32|uva.x000990761	/works/OL1128014W	oclc	
OL1128015W	5	2	A waif of the plains	1890	0.82	1.0	mdp.39015024521489|nyp.33433076076722|uc2.ark+=13960=t84j0bs5m|njp.32101068599081|uc2.ark+=13960=t75t3h434	/works/OL1128015W	oclc	
OL1128016W	1	1	The bell-ringer of Angel's, and other stories	1894	0.89	0.999	uc2.ark+=13960=t3nv99p64	/works/OL1128016W	oclc	
OL1128017W	3	1	Clarence	1895	0.9	1.0	nc01.ark+=13960=t39z9z57p|nyp.33433076088198|uc1.b251180	/works/OL1128017W	oclc	
OL1128020W	2	2	By shore and sedge	1885	0.89	1.0	uc2.ark+=13960=t72v2dd7f|uc2.ark+=13960=t8pc2v34c	/works/OL1128020W	oclc	
OL1128022W	5	3	Three partners;	1897	0.9	1.0	uc2.ark+=13960=t49p2wp02|uc1.b3322626|mdp.39015063921079|nyp.33433076076359|uc2.ark+=13960=t1qf8jr7z	/works/OL1128022W	oclc	
OL1128024W	3	2	Cressy	1889	0.9	1.0	uc1.b251181|mdp.49015002241561|uc2.ark+=13960=t79s1mp7m	/works/OL1128024W	oclc	
OL1128026W	2	2	Sally Dows	1893	0.89	1.0	uc2.ark+=13960=t02z13c2k|uc2.ark+=13960=t46q1sz5v	/works/OL1128026W	oclc	
OL1128849W	1	1	The fugitives	1900	0.89	1.0	njp.32101066105261	/works/OL1128849W	oclc	
OL1128859W	2	1	Painted Rock;	1907	0.83	1.0	uc1.b3327174|uc2.ark+=13960=t7np25c5p	/works/OL1128859W	oclc	
OL1129279W	1	1	Johnny Blossom	1912	0.87	1.0	uc2.ark+=13960=t0tq5rq8r	/works/OL1129279W	oclc	
OL1129546W	1	1	In the village of Viger	1896	0.77	1.0	uc2.ark+=13960=t9r21052c	/works/OL1129546W	oclc	
OL1130391W	5	2	Blazed trail stories, and Stories of the wild life	1904	0.89	1.0	mdp.39015050981805|nyp.33433076046337|nyp.33433076046360|mdp.39015063974276|uc2.ark+=13960=t04x57023	/works/OL1130391W	oclc	
OL1130392W	2	2	Gold	1913	0.84	1.0	uc2.ark+=13960=t4pk0c14w|nyp.33433076062045	/works/OL1130392W	oclc	
OL1130393W	3	1	The mystery	1907	0.83	1.0	mdp.39015030857968|nyp.33433076061989|uc2.ark+=13960=t6542km83	/works/OL1130393W	oclc	
OL1130401W	2	1	The gray dawn	1915	0.89	1.0	uc1.b4083049|uc2.ark+=13960=t6rx94p13	/works/OL1130401W	oclc	
OL1130402W	1	1	The leopard woman	1916	0.88	1.0	nyp.33433076062029	/works/OL1130402W	oclc	
OL1130406W	2	1	The sign at six	1912	0.89	0.999	mdp.39015063974680|nyp.33433076061930	/works/OL1130406W	oclc	
OL1130411W	4	2	Arizona nights	1907	0.88	1.0	mdp.39015063974284|nyp.33433076038797|uc1.b3727412|uc2.ark+=13960=t5bc3v518	/works/OL1130411W	oclc	
OL1130412W	3	3	The blazed trail	1902	0.89	1.0	uc1.b3727413|nyp.33433076046345|mdp.39015058344485	/works/OL1130412W	oclc	
OL1131730W	4	1	The collectors;	1912	0.85	1.0	loc.ark+=13960=t84j1c27z|mdp.39015059371438|uc2.ark+=13960=t8mc8sx8w|wu.89056202898	/works/OL1131730W	oclc	
OL1132243W	1	1	The royal marine;	1894	0.82	1.0	mdp.39015063938099	/works/OL1132243W	oclc	
OL1132258W	3	1	The story of a story	1893	0.88	1.0	mdp.39015063937927|uc1.b4380147|uc2.ark+=13960=t7np1x941	/works/OL1132258W	oclc	
OL1132260W	1	1	With my friends;	1891	0.62	1.0	uc2.ark+=13960=t1xd0r31h	/works/OL1132260W	oclc	
OL1132269W	1	1	Vignettes of Manhattan	1894	0.89	0.999	uc1.b156386	/works/OL1132269W	oclc	
OL1132282W	3	1	Vistas of New York	1912	0.88	1.0	mdp.39015063938214|nyp.33433076052129|uc2.ark+=13960=t3rv0dk6j	/works/OL1132282W	oclc	
OL1132287W	2	2	Tom Paulding ;	1842	0.89	1.0	mdp.39015063937919|uc1.b3550027	/works/OL1132287W	oclc	
OL1132769W	4	1	The transmigrations of the Mandarin Fum-Hoam (Chinese tales)	1894	0.82	1.0	inu.30000118589179|mdp.39015065818364|uc1.b183882|uc2.ark+=13960=t4mk67r3t	/works/OL1132769W	oclc	
OL1132773W	7	2	The Thousand and one quarters of an hour	1893	0.89	1.0	inu.30000115249751|inu.32000007744883|nyp.33433075821938|uc1.b74498|uc2.ark+=13960=t3222w49k|uc2.ark+=13960=t9571h68c|uva.x004992063	/works/OL1132773W	oclc	
OL1132870W	44	2	The lock and key library: classic mystery and detective stories;	1909	0.85	1.0	coo.31924088479757|coo.31924088479765|coo.31924088479773|coo.31924088479781|coo.31924088479799|coo.31924088479807|coo.31924088479815|mdp.39015030375987|mdp.39015030375995|mdp.39015030376001|mdp.39015030376019|mdp.39015030376027|mdp.39015030376035|mdp.39015030376043|mdp.39015030376050|mdp.39015030376068|uc1.$b449068|uc1.32106015162644|uc1.b3123611|uc1.b3123612|uc1.b3123613|uc1.b3123614|uc1.b3123615|uc1.b3123616|uc1.b3123617|uc1.b3123618|uc2.ark+=13960=t0pr7n71q|uc2.ark+=13960=t2w37mf1v|uc2.ark+=13960=t3hx16c1v|uc2.ark+=13960=t4pk07q5p|uc2.ark+=13960=t5k931x9j|uc2.ark+=13960=t5r786d47|uc2.ark+=13960=t77s7jp7f|uc2.ark+=13960=t8jd4qn2s|uc2.ark+=13960=t8v980p39|umn.31951d00537512c|umn.31951d00537513a|umn.31951d005375148|nyp.33433082520127|nyp.33433082520135|nyp.33433082520150|nyp.33433082520168|nyp.33433082520176|nyp.33433082520184	/works/OL1132870W	oclc	
OL1132871W	3	1	Love is a spirit;	1896	0.89	1.0	mdp.39015059377922|mdp.39015063024940|uc2.ark+=13960=t8jd4qt5g	/works/OL1132871W	oclc	
OL1132877W	2	1	Six cent Sam's	1893	0.83	1.0	nyp.33433076087802|uc2.ark+=13960=t00000234	/works/OL1132877W	oclc	
OL1132884W	2	1	Love - or a name ;	1885	0.8	1.0	nyp.33433076087828|uc1.b3124670	/works/OL1132884W	oclc	
OL1133478W	3	1	Bevis	1882	0.84	1.0	uiuo.ark+=13960=t0wq0gd7n|uiuo.ark+=13960=t7tm7qq42|uiuo.ark+=13960=t9h427g45	/works/OL1133478W	oclc	
OL11369991W	1	1	Chico	1922	0.8	0.934	umn.31951002320121g	/works/OL11369991W	oclc	
OL1137433W	2	2	General Bramble	1922	0.82	1.0	nyp.33433082485305|uc2.ark+=13960=t48p60h65	/works/OL1137433W	oclc	
OL113754W	2	1	She blowsl and sparm at that !	1922	0.79	1.0	nyp.33433076064231|uc2.ark+=13960=t7pn92073	/works/OL113754W	oclc	
OL1137667W	1	1	Civilisation, 1914-1918	1919	0.88	1.0	uc2.ark+=13960=t8ff3pq7q	/works/OL1137667W	oclc	
OL1137668W	2	1	Civilization, 1914-1917	1919	0.83	1.0	mdp.39015029766204|nyp.33433070300219	/works/OL1137668W	oclc	
OL11382740W	3	1	Scarlet and hyssop;	1902	0.89	1.0	mdp.39015041449144|nyp.33433074926993|uc1.$b792395	/works/OL11382740W	oclc	
OL11388591W	2	1	The book of the short story	1920	0.52	1.0	mdp.39015030995628|uc2.ark+=13960=t9f47kw1h	/works/OL11388591W	oclc	
OL1139067W	1	1	The precipice	1916	0.89	1.0	uc2.ark+=13960=t9h41xr35	/works/OL1139067W	oclc	
OL1140929W	1	1	The picture of Las Cruces	1896	0.83	1.0	uva.x002579481	/works/OL1140929W	oclc	
OL1140935W	1	1	The land of the sun;	1894	0.61	0.999	nyp.33433076086259	/works/OL1140935W	oclc	
OL1142308W	1	1	Two alike	1918	0.88	0.999	nyp.33433074811377	/works/OL1142308W	oclc	
OL1142424W	1	1	The appeal to the serpent ; or, Life in an ancient Buddhist city	1889	0.88	1.0	uc2.ark+=13960=t0ft8sk7n	/works/OL1142424W	oclc	
OL1145604W	1	1	Queer stories for boys and girls	1884	0.8	1.0	mdp.39015031228821	/works/OL1145604W	oclc	
OL1145608W	1	1	The faith doctor;	1891	0.8	1.0	uc1.b4103981	/works/OL1145608W	oclc	
OL1145615W	6	3	The Graysons: a story of Illinois	1888	0.89	1.0	uc1.b4103979|uc2.ark+=13960=t7dr2pz4j|mdp.39015031228839|nc01.ark+=13960=t42r4fd3t|uc2.ark+=13960=t6ww77h8m|uiuo.ark+=13960=t7hq40657	/works/OL1145615W	oclc	
OL1145618W	2	2	The Hoosier School-boy	1883	0.89	1.0	uc2.ark+=13960=t0ns0mq2f|nc01.ark+=13960=t3nw0hr4g	/works/OL1145618W	oclc	
OL1146636W	2	1	The vanguard	1904	0.82	1.0	mdp.39015063917044|uc2.ark+=13960=t9v11x79d	/works/OL1146636W	oclc	
OL1148248W	3	2	Love's cross-currents	1905	0.87	1.0	mdp.39015057200985|uc2.ark+=13960=t2q52hb7d|uc2.ark+=13960=t9v11zr3n	/works/OL1148248W	oclc	
OL114913W	1	1	The mysteries of Marseilles	1895	0.9	1.0	uc2.ark+=13960=t7vm45z0t	/works/OL114913W	oclc	
OL1149227W	3	2	The Duchess of Wrexe, her decline and death;	1914	0.9	1.0	uva.x000896263|mdp.39015063959657|uc2.ark+=13960=t9g44mj04	/works/OL1149227W	oclc	
OL1149229W	3	2	Fortitude;	1913	0.9	1.0	uc2.ark+=13960=t6nz83s7z|mdp.39015013138352|nyp.33433075764005	/works/OL1149229W	oclc	
OL1149257W	5	2	The captives	1920	0.9	1.0	mdp.39015063959640|nyp.33433075755193|uc1.b3295276|uc2.ark+=13960=t9g44n18p|uc2.ark+=13960=t9377c977	/works/OL1149257W	oclc	
OL1149270W	2	1	Jeremy	1919	0.89	1.0	mdp.39015063973229|uc2.ark+=13960=t23b6282c	/works/OL1149270W	oclc	
OL1149271W	3	3	The prelude to adventure	1912	0.89	1.0	uc2.ark+=13960=t7pn9180w|mdp.39015018647829|uc2.ark+=13960=t9474b398	/works/OL1149271W	oclc	
OL1149273W	3	2	The wooden horse	1914	0.89	1.0	uc2.ark+=13960=t92808c97|mdp.39015006567971|uc2.ark+=13960=t5t72dk7r	/works/OL1149273W	oclc	
OL1149276W	3	1	The dark forest	1916	0.84	0.997	mdp.39015004829753|nyp.33433082484381|uc2.ark+=13960=t4cn71z6c	/works/OL1149276W	oclc	
OL114970W	3	1	Love's pilgrimage	1911	0.89	1.0	nyp.33433076039779|uc1.b4088972|uc2.ark+=13960=fk0ks6j264	/works/OL114970W	oclc	
OL115004W	2	2	The journal of Arthur Stirling	1903	0.58	1.0	nnc1.cu58379797|nyp.33433076039738	/works/OL115004W	oclc	
OL115020W	3	2	They call me Carpenter;	1922	0.83	1.0	uc1.b4088967|uc2.ark+=13960=t02z13b24|mdp.39015030711827	/works/OL115020W	oclc	
OL115046W	3	2	Damaged goods;	1913	0.87	1.0	nyp.33433076039746|uc2.ark+=13960=t0gt5fm93|mdp.39015010682808	/works/OL115046W	oclc	
OL115051W	1	1	A captain of industry	1906	0.87	1.0	nyp.33433076039753	/works/OL115051W	oclc	
OL115055W	5	2	Prince Hagen	1903	0.82	1.0	njp.32101067176402|uc2.ark+=13960=t53f4mm8g|nyp.33433076039654|uc1.b4089008|uc2.ark+=13960=fk6vx06d43	/works/OL115055W	oclc	
OL115060W	2	1	Manassas;	1904	0.78	1.0	mdp.49015002542257|uc2.ark+=13960=t1cj87z9t	/works/OL115060W	oclc	
OL115067W	2	2	King Coal;	1917	0.87	1.0	nyp.33433076039761|uc2.ark+=13960=t41r6nx9c	/works/OL115067W	oclc	
OL115068W	2	1	The metropolis	1908	0.84	1.0	mdp.39015030711926|mdp.49015002552421	/works/OL115068W	oclc	
OL115069W	1	1	The moneychangers	1908	0.89	1.0	mdp.49015002553718	/works/OL115069W	oclc	
OL115073W	4	1	Jimmie Higgins;	1919	0.74	1.0	mdp.39015073390992|mdp.49015002553726|pst.000028680673|uc2.ark+=13960=t3416tv4j	/works/OL115073W	oclc	
OL1151529W	4	1	Boys and men;	1900	0.89	1.0	mdp.39015004759158|nyp.33433076064728|uc1.b265022|uc2.ark+=13960=t7xk8627r	/works/OL1151529W	oclc	
OL1153007W	2	2	Kanga Creek;	1922	0.81	0.998	uc1.b3834713|uc2.ark+=13960=t0sq8w44p	/works/OL1153007W	oclc	
OL1154817W	1	1	The crock of gold	1912	0.82	1.0	mdp.39015031308953	/works/OL1154817W	oclc	
OL1157451W	4	1	Friar's lantern	1906	0.64	1.0	mdp.39015030740792|nyp.33433074944400|uc1.b3321294|uc2.ark+=13960=t6zw19j7r	/works/OL1157451W	oclc	
OL116134W	1	1	A little maid of Massachusetts colony	1915	0.82	1.0	nyp.33433082520945	/works/OL116134W	oclc	
OL1162816W	2	2	The Red knight	1921	0.89	1.0	uc2.ark+=13960=t5cc0zx3h|mdp.39015030113735	/works/OL1162816W	oclc	
OL1164734W	4	1	Rootabaga stories	1922	0.79	1.0	mdp.39015002758475|mdp.39015018287048|nc01.ark+=13960=t3st8pq36|nyp.33433076043185	/works/OL1164734W	oclc	
OL1165332W	1	1	Nixola of Wall Street	1919	0.84	1.0	nyp.33433074859723	/works/OL1165332W	oclc	
OL1165842W	2	1	The messenger	1919	0.89	1.0	nyp.33433076054901|uc2.ark+=13960=t4sj1b585	/works/OL1165842W	oclc	
OL1165870W	1	1	The magnetic north	1904	0.89	1.0	uc2.ark+=13960=fk4th8bt6h	/works/OL1165870W	oclc	
OL116651W	1	1	How it came about stories	1921	0.81	1.0	uc2.ark+=13960=t3804zf8w	/works/OL116651W	oclc	
OL116653W	2	1	Lige Mounts	1922	0.89	1.0	mdp.39015035971731|uc2.ark+=13960=t6qz2389j	/works/OL116653W	oclc	
OL1167546W	5	2	Sinister street	1913	0.89	1.0	uc2.ark+=13960=t07w6qj3h|uc2.ark+=13960=t1qf91x3f|mdp.39015000641699|mdp.39015002142183|mdp.39015012884543	/works/OL1167546W	oclc	
OL1167547W	3	1	Sylvia & Michael;	1919	0.83	1.0	mdp.49015000992736|uc1.b3866770|uc2.ark+=13960=t75t3jr62	/works/OL1167547W	oclc	
OL11676542W	1	1	Arthurian romances	1914	0.71	0.99	mdp.39015005348829	/works/OL11676542W	oclc	
OL1168758W	3	2	The goose man	1922	0.84	1.0	mdp.39015063701489|uc2.ark+=13960=t9571c30h|mdp.39015030045291	/works/OL1168758W	oclc	
OL116936W	2	1	The broken wall;	1911	0.79	1.0	mdp.39015038066950|njp.32101041987544	/works/OL116936W	oclc	
OL116942W	1	1	Sanctus Spiritus and company	1919	0.88	1.0	njp.32101068603701	/works/OL116942W	oclc	
OL116943W	1	1	Uncle Joe's Lincoln	1918	0.63	1.0	uiuo.ark+=13960=t2m61dc84	/works/OL116943W	oclc	
OL116990W	2	1	Who's the patriot?	1886	0.84	1.0	mdp.39015063973682|nc01.ark+=13960=t9183xc7z	/works/OL116990W	oclc	
OL116993W	2	1	Lisbeth Wilson;	1895	0.89	1.0	nyp.33433074833686|uc2.ark+=13960=t1gh9cx33	/works/OL116993W	oclc	
OL117000W	3	2	The politician	1910	0.88	1.0	uc2.ark+=13960=t7mp4zb8n|nyp.33433076051519|uc2.ark+=13960=t02z15z40	/works/OL117000W	oclc	
OL117042W	3	1	Kate Meredith, financier	1906	0.89	1.0	mdp.39015059405368|mdp.39015063819174|uc2.ark+=13960=t09w0bf5x	/works/OL117042W	oclc	
OL1171819W	3	2	The Bettesworth book;	1911	0.85	1.0	uc2.ark+=13960=t9k35qt0x|inu.39000005786780|mdp.39015063760147	/works/OL1171819W	oclc	
OL1172090W	2	1	The Red cross barge	1916	0.83	1.0	njp.32101065858209|uc2.ark+=13960=t87h1tb1m	/works/OL1172090W	oclc	
OL1172110W	3	1	Good old Anna	1916	0.9	1.0	mdp.39015063940376|nyp.33433074878764|uc2.ark+=13960=t54f1ph27	/works/OL1172110W	oclc	
OL1172207W	1	1	The fear of living (La peur de vivre)	1913	0.86	0.999	nyp.33433075819692	/works/OL1172207W	oclc	
OL117351W	3	1	The story of young Abraham Lincoln	1915	0.74	0.999	loc.ark+=13960=t7np2645z|nyp.33433082349899|uiuo.ark+=13960=t3cz3846t	/works/OL117351W	oclc	
OL1175619W	2	1	The garden of romance	1897	0.79	1.0	mdp.39015030910411|nyp.33433082520507	/works/OL1175619W	oclc	
OL1176743W	5	2	Amaryllis at the fair	1911	0.89	1.0	uc1.b3579109|uc2.ark+=13960=t1zc8214s|mdp.39015055237476|nyp.33433074867072|uc2.ark+=13960=t6833t82k	/works/OL1176743W	oclc	
OL1176752W	5	2	The dewy morn;	1900	0.9	1.0	uc1.b3324466|nyp.33433074867098|nyp.33433074867106|uc2.ark+=13960=t3fx78z7v|uc2.ark+=13960=t5db81s03	/works/OL1176752W	oclc	
OL1176757W	2	1	Greene Ferne farm	1880	0.89	1.0	mdp.39015059422025|nyp.33433074867486	/works/OL1176757W	oclc	
OL1176782W	2	1	Wood magic	1881	0.88	1.0	uc2.ark+=13960=t6g15v68x|uc2.ark+=13960=t7dr2q69h	/works/OL1176782W	oclc	
OL1176822W	1	1	After London; or, Wild England	1911	0.76	0.999	uc2.ark+=13960=t05x2777t	/works/OL1176822W	oclc	
OL117868W	1	1	A Sydney-side Saxon	1891	0.89	1.0	uc1.b249658	/works/OL117868W	oclc	
OL117870W	2	2	The squatter's dream	1890	0.89	1.0	mdp.39015030948015|uc2.ark+=13960=t1bk1bt28	/works/OL117870W	oclc	
OL117871W	5	2	The miner's right	1893	0.9	1.0	uc1.b3321927|uc2.ark+=13960=t9n29xz1g|uiuo.ark+=13960=t2891gh2s|uiuo.ark+=13960=t2f76mz7f|uiuo.ark+=13960=t8gf13197	/works/OL117871W	oclc	
OL117873W	4	3	Robbery under arms;	1895	0.89	1.0	uc2.ark+=13960=t9t15092z|uc1.b3321414|uc2.ark+=13960=t3vt1r042|njp.32101067631224	/works/OL117873W	oclc	
OL11788082W	2	1	Andreas Hofer	1893	0.66	1.0	uc2.ark+=13960=t3ws8qr44|uva.x030809070	/works/OL11788082W	oclc	
OL11837490W	1	1	Romola	1889	0.9	1.0	mdp.39015063522349	/works/OL11837490W	oclc	
OL118898W	1	1	Miss Ludington's sister	1884	0.89	1.0	njp.32101013147952	/works/OL118898W	oclc	
OL118930W	2	1	The flood	1911	0.78	0.997	nyp.33433075837827|uc2.ark+=13960=t3cz37k0b	/works/OL118930W	oclc	
OL118935W	1	1	The fat and the thin =	1896	0.87	1.0	uva.x000274833	/works/OL118935W	oclc	
OL118959W	2	1	Paris	1898	0.83	1.0	mdp.39015014588159|mdp.39015053160845	/works/OL118959W	oclc	
OL118960W	3	1	Rome	1896	0.73	1.0	mdp.39015005713345|mdp.39015007013041|nyp.33433075837587	/works/OL118960W	oclc	
OL118967W	1	1	Truth	1912	0.74	1.0	uc2.ark+=13960=t2z31r99x	/works/OL118967W	oclc	
OL118968W	2	1	The dream	1907	0.82	1.0	mdp.39015005766749|uiuo.ark+=13960=t8w95424j	/works/OL118968W	oclc	
OL118978W	1	1	Lourdes	1897	0.9	1.0	nyp.33433075837728	/works/OL118978W	oclc	
OL118979W	1	1	Pot-Bouille	1882	0.81	1.0	njp.32101074875707	/works/OL118979W	oclc	
OL119059W	1	1	From the West to the West	1905	0.86	0.999	nyp.33433074848023	/works/OL119059W	oclc	
OL11914036W	2	1	Westward ho!	1906	0.89	1.0	coo.31924010379075|uc1.$b400527	/works/OL11914036W	oclc	
OL11925635W	2	1	Coo-oo-ee!	1916	0.86	1.0	njp.32101074161884|uc2.ark+=13960=t9t151602	/works/OL11925635W	oclc	
OL1196765W	2	1	The willing horse;	1921	0.86	1.0	nyp.33433074927314|uc2.ark+=13960=t4vh5dx56	/works/OL1196765W	oclc	
OL12016277W	1	1	From over the border, or light on the normal life of man	1890	0.88	1.0	nyp.33433004008680	/works/OL12016277W	oclc	
OL1202093W	1	1	A chain of evidence	1912	0.88	0.993	nyp.33433076076136	/works/OL1202093W	oclc	
OL1202172W	2	2	Two little women and treasure house	1916	0.89	0.999	uc2.ark+=13960=t2794291g|nyp.33433081963864	/works/OL1202172W	oclc	
OL1202222W	1	1	Patty at home	1904	0.88	0.999	nyp.33433076073935	/works/OL1202222W	oclc	
OL1202225W	1	1	Marjorie's Maytime	1911	0.82	0.999	nyp.33433081962890	/works/OL1202225W	oclc	
OL1202227W	2	1	Marjorie's new friend	1909	0.89	0.999	nyp.33433081962908|uc2.ark+=13960=t9668bh41	/works/OL1202227W	oclc	
OL1202230W	1	1	Patty's suitors	1914	0.89	0.999	mdp.39015074379879	/works/OL1202230W	oclc	
OL1202232W	1	1	Marjorie's vacation	1907	0.83	0.999	uc2.ark+=13960=t6zw1bg4t	/works/OL1202232W	oclc	
OL12104150W	3	1	The purple land	1916	0.89	1.0	mdp.39015059413438|mdp.49015000982802|mdp.39015002387408	/works/OL12104150W	oclc	
OL121230W	1	1	The adventures of Old Man Coyote	1916	0.86	0.999	nyp.33433064202819	/works/OL121230W	oclc	
OL121231W	1	1	The Burgess animal book for children	1920	0.71	0.997	nyp.33433082300793	/works/OL121231W	oclc	
OL121233W	1	1	"Mother West Wind ""how"" stories"	1916	0.83	0.998	njp.32101074760446	/works/OL121233W	oclc	
OL121237W	1	1	"Mother West Wind ""when"" stories"	1917	0.86	1.0	nyp.33433064202736	/works/OL121237W	oclc	
OL121239W	1	1	The adventures of Grandfather Frog	1915	0.86	0.999	nyp.33433064202785	/works/OL121239W	oclc	
OL121240W	1	1	The adventures of old Mr. Toad	1916	0.87	1.0	nyp.33433064202801	/works/OL121240W	oclc	
OL121245W	1	1	"Mother West Wind ""why"" stories"	1915	0.88	0.999	mdp.39015082535421	/works/OL121245W	oclc	
OL121247W	1	1	The adventures of Unc' Billy Possum	1914	0.81	1.0	uc2.ark+=13960=t8pc2xt91	/works/OL121247W	oclc	
OL1213460W	1	1	Bertrand of Brittany	1908	0.9	1.0	njp.32101064788530	/works/OL1213460W	oclc	
OL1217986W	4	2	One man's initiation--1917	1920	0.84	1.0	mdp.39015001790107|uc2.ark+=13960=fk7pn8xt9r|njp.32101047478050|uc2.ark+=13960=t77s7jg7r	/works/OL1217986W	oclc	
OL1217993W	1	1	Three soldiers	1921	0.84	1.0	nyp.33433082486238	/works/OL1217993W	oclc	
OL12181714W	1	1	The Ridgefield Tavern;	1908	0.5	1.0	nyp.33433074846985	/works/OL12181714W	oclc	
OL12182016W	1	1	Why Doctor Dobson became a quack, and other stories	1910	0.77	1.0	uva.x030788359	/works/OL12182016W	oclc	
OL12186140W	1	1	Alkibiades	1905	0.77	1.0	njp.32101077785028	/works/OL12186140W	oclc	
OL1219515W	2	2	Captain Desmond, V.C	1910	0.89	1.0	nyp.33433074968235|uc2.ark+=13960=t9c53h90s	/works/OL1219515W	oclc	
OL1219519W	1	1	Lilamani	1911	0.88	1.0	uc2.ark+=13960=t9f47kq37	/works/OL1219519W	oclc	
OL1219522W	4	1	Far to seek;	1921	0.89	1.0	mdp.39015063512415|nyp.33433074968128|uc1.b3144346|uc2.ark+=13960=t9v11zd4n	/works/OL1219522W	oclc	
OL12199229W	1	1	The boy and the outlaw	1904	0.89	0.957	mdp.39015074366066	/works/OL12199229W	oclc	
OL1220040W	1	1	A boy of Bruges	1918	0.78	0.999	uva.x030024401	/works/OL1220040W	oclc	
OL12200507W	1	1	The god of things	1902	0.88	1.0	nyp.33433076046576	/works/OL12200507W	oclc	
OL1220141W	2	1	None but the brave	1902	0.89	1.0	uc1.b3327400|uc2.ark+=13960=t1fj2bb8v	/works/OL1220141W	oclc	
OL12206601W	1	1	Margaret Salisbury	1894	0.89	0.999	wu.89097996086	/works/OL12206601W	oclc	
OL12207353W	1	1	The Tory maid;	1889	0.88	1.0	nnc1.1002205505	/works/OL12207353W	oclc	
OL12207783W	1	1	The strike in the B--- Mill	1887	0.84	1.0	dul1.ark+=13960=t2p55vm31	/works/OL12207783W	oclc	
OL12209024W	1	1	A white guard to Satan;	1900	0.81	0.999	nyp.33433074847876	/works/OL12209024W	oclc	
OL12209513W	1	1	Destiny	1898	0.89	0.999	wu.89098018823	/works/OL12209513W	oclc	
OL12211226W	1	1	1860-1865	1892	0.89	1.0	uva.x000990010	/works/OL12211226W	oclc	
OL12264405W	1	1	The mud larks	1919	0.79	0.999	uc2.ark+=13960=t1gh9qp71	/works/OL12264405W	oclc	
OL1227871W	6	3	The boy's King Arthur;	1900	0.88	1.0	uc1.31158003115986|uc1.31158003165916|uc2.ark+=13960=t07w68930|inu.32000007572409|uc1.b60321|uc2.ark+=13960=t9r211862	/works/OL1227871W	oclc	
OL1227872W	2	2	Knightly legends of Wales; or, The boy's Mabinogion	1884	0.73	1.0	pst.000001195705|nyp.33433074924501	/works/OL1227872W	oclc	
OL12293779W	1	1	From chart house to bush hut	1920	0.87	1.0	uc2.ark+=13960=t1gh9q61v	/works/OL12293779W	oclc	
OL1229492W	3	1	The bloody chasm	1881	0.89	1.0	mdp.39015007019253|nc01.ark+=13960=t4vh64x6r|uc1.b4104352	/works/OL1229492W	oclc	
OL1230162W	1	1	Joe Wilson and his mates	1902	0.8	0.999	uc2.ark+=13960=t42r4203w	/works/OL1230162W	oclc	
OL1235115W	1	1	Frozen justice;	1922	0.85	0.999	uc2.ark+=13960=t9n29rx8b	/works/OL1235115W	oclc	
OL1236294W	2	1	The Virginia Bohemians;	1880	0.87	1.0	uc1.b112054|uc2.ark+=13960=t4sj1d326	/works/OL1236294W	oclc	
OL1236312W	1	1	My lady Pokahontas	1885	0.79	0.999	mdp.39015035457368	/works/OL1236312W	oclc	
OL12366526W	3	2	Loukis Laras;	1881	0.69	0.983	nyp.33433081616603|mdp.39015024920368|uc2.ark+=13960=t6251nt2r	/works/OL12366526W	oclc	
OL1236820W	1	1	The most beautiful thing in the world	1905	0.79	1.0	nyp.33433076080625	/works/OL1236820W	oclc	
OL12372649W	22	1	The Indian stories of F. W. Bain	1913	0.71	1.0	inu.30000115299301|inu.30000121005601|inu.30000121005619|inu.30000121005627|inu.30000121005635|inu.30000121005643|inu.30000121005650|inu.30000121005668|inu.30000121005676|inu.30000121005684|mdp.39015070192276|mdp.39015070192284|mdp.39015070192292|mdp.39015070192300|mdp.39015070192318|mdp.39015070192326|mdp.39015070192334|mdp.39015070192342|mdp.39015070192359|mdp.39015070192367|mdp.39015070192375|mdp.39015070192383	/works/OL12372649W	oclc	
OL1238119W	4	1	Adam & Eve & Pinch me	1922	0.89	1.0	mdp.39015030734266|nyp.33433074942552|uc1.b3459411|uc2.ark+=13960=t5k93661b	/works/OL1238119W	oclc	
OL1252585W	3	1	The black spaniel, and other stories	1905	0.9	1.0	mdp.39015059377492|nyp.33433074870472|uc2.ark+=13960=t09w09d4k	/works/OL1252585W	oclc	
OL1252616W	4	2	The garden of Allah	1904	0.9	1.0	mdp.39015059377633|mdp.49015002772011|uc2.ark+=13960=t9571c024|uc2.ark+=13960=t3mw2bz4j	/works/OL1252616W	oclc	
OL1252617W	3	1	The green carnation	1894	0.79	1.0	uc1.b4094445|uc2.ark+=13960=t59c6sv0r|uva.x000211882	/works/OL1252617W	oclc	
OL1253242W	1	1	Flower o' the lily;	1919	0.86	1.0	mdp.39015004187681	/works/OL1253242W	oclc	
OL1253244W	1	1	The heart of a woman	1911	0.89	1.0	nyp.33433075723894	/works/OL1253244W	oclc	
OL1253247W	1	1	In Mary's reign	1907	0.89	1.0	nyp.33433075727291	/works/OL1253247W	oclc	
OL1253255W	2	1	Nicolette;	1922	0.89	1.0	mdp.39015004185602|uc2.ark+=13960=t9r20v31z	/works/OL1253255W	oclc	
OL1253268W	2	2	The bronze eagle;	1915	0.86	1.0	uc2.ark+=13960=t6445kd5s|nyp.33433075744858	/works/OL1253268W	oclc	
OL1253274W	1	1	A son of the people;	1906	0.88	0.999	nyp.33433075744908	/works/OL1253274W	oclc	
OL1253282W	1	1	The man in the corner	1909	0.84	0.999	uc2.ark+=13960=t4qj79t1j	/works/OL1253282W	oclc	
OL126162W	1	1	Spanish castles by the Rhine;	1897	0.88	0.999	nyp.33433076066228	/works/OL126162W	oclc	
OL1266359W	1	1	Doctor Syn;	1915	0.89	1.0	mdp.39015005003275	/works/OL1266359W	oclc	
OL1267508W	1	1	The inevitable book	1922	0.87	1.0	nyp.33433076065147	/works/OL1267508W	oclc	
OL12710785W	1	1	The man in grey;	1918	0.88	1.0	mdp.39015039644995	/works/OL12710785W	oclc	
OL12716340W	3	1	The Bishop of Cottontown;	1906	0.89	1.0	mdp.39015063937406|uc1.b3326155|uc2.ark+=13960=t76t0j910	/works/OL12716340W	oclc	
OL12750062W	1	1	Flute and violin, and other Kentucky tales and romances	1900	0.87	0.999	nnc1.0036681504	/works/OL12750062W	oclc	
OL12781W	3	2	Alexander's bridge	1922	0.89	1.0	nyp.33433074810049|uc1.32106014703109|uc2.ark+=13960=t2c82566x	/works/OL12781W	oclc	
OL12795W	2	1	O pioneers!	1913	0.89	1.0	mdp.39015005089597|uc2.ark+=13960=t0zp3ww0x	/works/OL12795W	oclc	
OL1280135W	1	1	The secret of the Marne;	1918	0.85	1.0	mdp.39015030223849	/works/OL1280135W	oclc	
OL1280138W	2	1	A life at stake	1919	0.88	1.0	nyp.33433082486063|uc2.ark+=13960=t9t14wn39	/works/OL1280138W	oclc	
OL1280139W	1	1	The ordeal by fire;	1917	0.89	1.0	uc2.ark+=13960=t2k64c829	/works/OL1280139W	oclc	
OL12826W	1	1	Youth and the bright Medusa	1920	0.89	1.0	uc2.ark+=13960=t78s4kj2t	/works/OL12826W	oclc	
OL12830W	2	1	One of ours	1922	0.89	1.0	mdp.39015008779871|mdp.39015046358001	/works/OL12830W	oclc	
OL1284505W	1	1	St. Peter's umbrella;	1901	0.89	1.0	mdp.39015065135488	/works/OL1284505W	oclc	
OL1285567W	2	1	The master	1895	0.84	1.0	mdp.39015030113404|uc2.ark+=13960=t11n7z639	/works/OL1285567W	oclc	
OL1285581W	1	1	The serio-comic governess	1904	0.76	1.0	nyp.33433075861199	/works/OL1285581W	oclc	
OL1285599W	1	1	The king of schnorrers;	1894	0.8	1.0	nnc1.0038018446	/works/OL1285599W	oclc	
OL1285613W	1	1	Ghetto comedies	1907	0.89	1.0	mdp.39015006980315	/works/OL1285613W	oclc	
OL1285614W	3	2	The old maids' club	1892	0.8	1.0	uc2.ark+=13960=t8jd4qp46|nyp.33433075861264|uc2.ark+=13960=t1dj58z5g	/works/OL1285614W	oclc	
OL1285618W	4	2	Jinny the carrier	1919	0.89	1.0	mdp.39015030113495|nyp.33433075861694|uc1.b3327220|uc2.ark+=13960=t76t0rv1n	/works/OL1285618W	oclc	
OL1285623W	4	2	"""They that walk in darkness"";"	1899	0.9	1.0	nyp.33433084128226|mdp.39015030719457|nyp.33433075861744|uc2.ark+=13960=t9j38vb7h	/works/OL1285623W	oclc	
OL1285628W	1	1	The big bow mystery	1895	0.9	1.0	uc1.b4105364	/works/OL1285628W	oclc	
OL1285630W	2	1	The grey wig	1903	0.88	1.0	mdp.39015030113370|uc2.ark+=13960=t9q23x67v	/works/OL1285630W	oclc	
OL1285632W	5	3	Dreamers of the Ghetto	1898	0.9	1.0	nyp.33433075861710|uc1.b3327218|uc2.ark+=13960=t6057jv90|uc2.ark+=13960=t58c9v44x|mdp.39015006978814	/works/OL1285632W	oclc	
OL1285635W	4	4	Children of the Ghetto;	1895	0.9	1.0	uva.x030802125|uc2.ark+=13960=t71v5hk2b|nnc1.0038018454|uva.x030802124	/works/OL1285635W	oclc	
OL128787W	1	1	Alabama sketches	1902	0.89	0.999	nyp.33433076050784	/works/OL128787W	oclc	
OL12886461W	1	1	Raffles;	1901	0.88	1.0	wu.89005052071	/works/OL12886461W	oclc	
OL129482W	3	1	The struggle	1906	0.59	1.0	nc01.ark+=13960=t4xg9mm01|nyp.33433076080567|uc2.ark+=13960=t8z89324x	/works/OL129482W	oclc	
OL1297986W	2	1	The war, Madame	1917	0.87	1.0	mdp.39015032042080|uc2.ark+=13960=t2q52fw68	/works/OL1297986W	oclc	
OL1299740W	1	1	Stories and pictures	1906	0.8	1.0	mdp.39015029752386	/works/OL1299740W	oclc	
OL1307496W	1	1	Professor Lovdahl;	1904	0.84	1.0	mdp.39015030039658	/works/OL1307496W	oclc	
OL1307513W	2	1	Tales of two countries;	1891	0.8	1.0	mdp.39015030026846|uc2.ark+=13960=t14m94805	/works/OL1307513W	oclc	
OL1308207W	2	1	The dangerous age;	1911	0.87	1.0	nyp.33433081603593|uc2.ark+=13960=t6c24rh2v	/works/OL1308207W	oclc	
OL13087059W	1	1	The fur-seal's tooth;	1894	0.89	1.0	mdp.39015059413198	/works/OL13087059W	oclc	
OL13094166W	3	1	The fair Mississippian;	1908	0.89	1.0	mdp.39015063941333|nyp.33433074910989|uc2.ark+=13960=t88g8gz91	/works/OL13094166W	oclc	
OL13098584W	1	1	China in legend and story	1907	0.64	0.999	nyp.33433082440094	/works/OL13098584W	oclc	
OL13098723W	1	1	The cloister and the hearth;	1922	0.83	1.0	uva.x001689789	/works/OL13098723W	oclc	
OL13102577W	3	1	Blind alley;	1919	0.83	1.0	mdp.39015024220546|nyp.33433082485586|uc2.ark+=13960=t13n20z0v	/works/OL13102577W	oclc	
OL13102957W	1	1	The real thing	1893	0.89	1.0	mdp.39015047675379	/works/OL13102957W	oclc	
OL13102959W	1	1	The siege of London ; The Pension Beaurepas and The point of view	1883	0.89	1.0	uc2.ark+=13960=t56d5qb45	/works/OL13102959W	oclc	
OL13105684W	1	1	Cashel Byron's profession	1901	0.73	1.0	mdp.39015031311593	/works/OL13105684W	oclc	
OL13106030W	1	1	Moon-calf;	1921	0.89	1.0	mdp.39015003632430	/works/OL13106030W	oclc	
OL13107874W	2	1	In the palace of the king;	1900	0.89	1.0	nyp.33433074816905|uc1.b3548225	/works/OL13107874W	oclc	
OL13108193W	2	1	A league of justice, or, Is it right to rob robbers?	1893	0.87	1.0	uc1.b51330|uc2.ark+=13960=t6g15wm58	/works/OL13108193W	oclc	
OL13110885W	2	1	Little Mr. Thimblefinger and his queer country;	1897	0.88	0.999	uc2.ark+=13960=t2794114x|uva.x030447107	/works/OL13110885W	oclc	
OL13115055W	2	2	The arrow of gold;	1921	0.89	1.0	uc2.ark+=13960=t8nc5wm88|mdp.39015065980669	/works/OL13115055W	oclc	
OL13116894W	1	1	Short stories	1915	0.8	1.0	mdp.39015030764669	/works/OL13116894W	oclc	
OL13118269W	1	1	The Jessamy bride	1898	0.89	1.0	nyp.33433074904933	/works/OL13118269W	oclc	
OL13119843W	2	1	Columbia	1891	0.89	1.0	loc.ark+=13960=t11n8gb9k|nyp.33433076060882	/works/OL13119843W	oclc	
OL13120285W	1	1	Yankee ships and Yankee sailors:--Tales of 1812	1897	0.88	1.0	nyp.33433082524178	/works/OL13120285W	oclc	
OL13126716W	1	1	An echo of passion	1882	0.87	1.0	mdp.39015063923216	/works/OL13126716W	oclc	
OL13130215W	2	1	Zeph. A posthumous story	1885	0.83	1.0	inu.32000011197300|uc1.b4105441	/works/OL13130215W	oclc	
OL13131739W	1	1	The story of exploration and adventure in the frozen seas	1896	0.87	1.0	nyp.33433000574040	/works/OL13131739W	oclc	
OL13132146W	2	1	The golden dog (Le chien d'or)	1897	0.89	1.0	uc1.b3579164|uc2.ark+=13960=t39z98r8h	/works/OL13132146W	oclc	
OL13136259W	2	1	Strangers at the gate;	1902	0.89	1.0	mdp.39015011951673|uc2.ark+=13960=t1jh3f22k	/works/OL13136259W	oclc	
OL13144329W	1	1	Daisy, the autobiography of a cat	1900	0.89	0.998	nyp.33433076063373	/works/OL13144329W	oclc	
OL13144755W	1	1	The homeward trail	1916	0.84	1.0	nyp.33433074801089	/works/OL13144755W	oclc	
OL13144923W	3	1	Constance Trescot	1905	0.84	1.0	nyp.33433076046154|uc1.b3327305|uc2.ark+=13960=t84j0cd34	/works/OL13144923W	oclc	
OL13149465W	1	1	The drums of war	1910	0.88	0.998	nyp.33433075751382	/works/OL13149465W	oclc	
OL1315930W	3	1	The woman in black	1913	0.89	1.0	mdp.39015002170317|mdp.39015011022582|nyp.33433074939186	/works/OL1315930W	oclc	
OL13173151W	3	2	The kiss, and other stories	1908	0.89	1.0	mdp.39015020809144|mdp.39015013871879|njp.32101067866481	/works/OL13173151W	oclc	
OL13179260W	2	1	Mademoiselle Ixe	1891	0.89	1.0	mdp.39015030182763|nyp.33433074857958	/works/OL13179260W	oclc	
OL1320923W	1	1	Temptations;	1919	0.88	1.0	uc2.ark+=13960=t03x8b330	/works/OL1320923W	oclc	
OL13342888W	1	1	The Capsina;	1899	0.89	1.0	nyp.33433074926779	/works/OL13342888W	oclc	
OL13342896W	1	1	The fascinating Mrs. Halton	1910	0.84	1.0	njp.32101064787706	/works/OL13342896W	oclc	
OL1337087W	2	1	The little warrior	1920	0.84	1.0	uva.x000205751|uva.x004041436	/works/OL1337087W	oclc	
OL1337091W	2	1	Three men and a maid	1922	0.84	1.0	mdp.39015005719326|nyp.33433075762272	/works/OL1337091W	oclc	
OL1337116W	1	1	The prince and Betty	1912	0.89	1.0	mdp.39015062495349	/works/OL1337116W	oclc	
OL1340645W	1	1	Tell England;	1922	0.88	1.0	uc2.ark+=13960=t6ww7bz4r	/works/OL1340645W	oclc	
OL1341577W	2	1	Bourru, soldier of France	1919	0.74	1.0	uc1.$b582102|uc2.ark+=13960=t7dr2wx90	/works/OL1341577W	oclc	
OL134328W	1	1	Savrola;	1900	0.89	1.0	uc1.b299821	/works/OL134328W	oclc	
OL1344552W	1	1	Ditte, daughter of Man	1921	0.89	1.0	uc2.ark+=13960=t03x8g73f	/works/OL1344552W	oclc	
OL1347401W	2	1	Heritage	1919	0.89	0.999	mdp.39015002753120|uc2.ark+=13960=t73t9h33b	/works/OL1347401W	oclc	
OL1347407W	2	2	The heir;	1922	0.83	1.0	mdp.39015002753138|uc2.ark+=13960=t4qj7bk0b	/works/OL1347407W	oclc	
OL1349271W	2	2	Tarr	1918	0.88	1.0	mdp.39015011506139|uc1.32106005857609	/works/OL1349271W	oclc	
OL1352095W	2	2	The lost stradivarius	1896	0.86	1.0	njp.32101067643559|uc2.ark+=13960=t3nv9pj00	/works/OL1352095W	oclc	
OL135778W	2	2	Rollo's journey to Cambridge	1887	0.54	1.0	mdp.39015018029408|nyp.33433074799325	/works/OL135778W	oclc	
OL1360411W	1	1	Uncle Moses;	1920	0.82	1.0	mdp.39015024566492	/works/OL1360411W	oclc	
OL136587W	1	1	The Sahara	1921	0.71	1.0	uc2.ark+=13960=t5cc12s4t	/works/OL136587W	oclc	
OL136609W	2	1	Madame Chrysanthème	1897	0.9	1.0	uc1.b317827|uc2.ark+=13960=t2k64fq5d	/works/OL136609W	oclc	
OL136613W	1	1	An Iceland fisherman	1902	0.87	1.0	uc2.ark+=13960=t73t9k23q	/works/OL136613W	oclc	
OL13702733W	1	1	Sir Bevill	1904	0.88	1.0	uc2.ark+=13960=t17m0bg1b	/works/OL13702733W	oclc	
OL13704970W	2	1	Bush-life in Queensland	1881	0.7	1.0	uiuo.ark+=13960=t49p3f891|uiuo.ark+=13960=t6j10fb4j	/works/OL13704970W	oclc	
OL13707318W	2	1	John Bull's adventures in the fiscal wonderland	1904	0.81	0.999	mdp.39015020167139|uc2.ark+=13960=t7xk89t5w	/works/OL13707318W	oclc	
OL137351W	3	1	The truce of God	1920	0.86	1.0	mdp.39015067235294|uc2.ark+=13960=t9959d27f|uc2.ark+=13960=t9w08x90k	/works/OL137351W	oclc	
OL137354W	4	2	Bab	1917	0.88	1.0	nyp.33433076053820|uva.x001181105|mdp.39015002717968|uc2.ark+=13960=t4th8f77f	/works/OL137354W	oclc	
OL137376W	2	1	Where there's a will	1912	0.89	1.0	mdp.39015063950003|uc2.ark+=13960=t0zp3zt4s	/works/OL137376W	oclc	
OL137378W	3	2	Tish	1916	0.89	1.0	mdp.39015011882977|nyp.33433076047947|uc2.ark+=13960=t3nv9bd02	/works/OL137378W	oclc	
OL137380W	2	1	Love stories	1919	0.84	1.0	uc1.b3122335|uc2.ark+=13960=t9f47jb9s	/works/OL137380W	oclc	
OL137381W	3	2	More Tish	1921	0.89	1.0	mdp.39015063950029|nyp.33433076053804|uc2.ark+=13960=t87h1fc4z	/works/OL137381W	oclc	
OL137382W	3	1	When a man marries	1909	0.83	1.0	mdp.39015002717604|mdp.39015002717612|uc2.ark+=13960=t1qf8js9c	/works/OL137382W	oclc	
OL137385W	3	1	Long live the king!	1917	0.85	1.0	mdp.39015020840529|nyp.33433076053812|uc2.ark+=13960=t55d8nw4b	/works/OL137385W	oclc	
OL137391W	3	1	The amazing interlude	1918	0.84	1.0	mdp.39015002717745|nyp.33433076053838|uc2.ark+=13960=t8df6mj3j	/works/OL137391W	oclc	
OL137393W	2	1	The Street of seven stars	1914	0.9	0.999	nyp.33433076047954|uc2.ark+=13960=t8cf9js26	/works/OL137393W	oclc	
OL137394W	3	1	K	1915	0.9	1.0	nyp.33433076053770|pst.000063457766|uc2.ark+=13960=t8kd1th0f	/works/OL137394W	oclc	
OL137395W	2	1	The man in lower ten	1909	0.84	1.0	mdp.39015025019079|uc2.ark+=13960=t6tx36h30	/works/OL137395W	oclc	
OL137396W	2	2	The circular staircase	1908	0.89	1.0	njp.32101068602307|uc2.ark+=13960=t3707xt9q	/works/OL137396W	oclc	
OL1375564W	3	1	Parsival	1915	0.79	1.0	mdp.39015031628467|uc1.b4088751|uc2.ark+=13960=t6d21vp5z	/works/OL1375564W	oclc	
OL1375596W	1	1	Atlantis;	1912	0.89	1.0	mdp.49015001204594	/works/OL1375596W	oclc	
OL13786730W	1	1	The robber count	1890	0.84	1.0	uiuo.ark+=13960=t1kh0v959	/works/OL13786730W	oclc	
OL13787222W	1	1	Alma mater	1921	0.8	0.995	nyp.33433084129737	/works/OL13787222W	oclc	
OL137878W	2	2	In His steps;	1899	0.7	1.0	inu.32000002989350|mdp.39015020107242	/works/OL137878W	oclc	
OL137881W	1	1	Modern pagans	1917	0.79	1.0	uc2.ark+=13960=t12n50h4s	/works/OL137881W	oclc	
OL137884W	1	1	The heart of the world;	1905	0.72	1.0	njp.32101067175453	/works/OL137884W	oclc	
OL137891W	1	1	In His steps;	1899	0.69	1.0	inu.32000002989350	/works/OL137891W	oclc	
OL13790990W	1	1	Hoof beats from Virginia & other lands	1912	0.76	1.0	njp.32101068168465	/works/OL13790990W	oclc	
OL13795947W	4	1	Tales of a vanishing river	1920	0.69	1.0	loc.ark+=13960=t1vd74m1t|mdp.39015027062119|uc1.b4502010|uc2.ark+=13960=t9n300f01	/works/OL13795947W	oclc	
OL13796151W	2	1	The toy shop;	1908	0.82	0.999	uc2.ark+=13960=fk9571895x|uiuo.ark+=13960=t55d8vj5t	/works/OL13796151W	oclc	
OL13802051W	1	1	Boy scouts in the Philippines;	1911	0.83	1.0	mdp.39015000598626	/works/OL13802051W	oclc	
OL13809188W	1	1	Another flock of girls	1890	0.88	0.998	nyp.33433076049711	/works/OL13809188W	oclc	
OL138095W	2	1	Ponce de Leon	1910	0.79	1.0	uc2.ark+=13960=t7zk57p4z|uc2.ark+=13960=t88g8vf3z	/works/OL138095W	oclc	
OL1381165W	5	3	Esther Waters	1899	0.9	1.0	nyp.33433074910070|njp.32101073308783|uc1.b3326149|uc2.ark+=13960=t7br8wb34|njp.32101017879931	/works/OL1381165W	oclc	
OL1381200W	1	1	A drama in muslin	1886	0.87	1.0	mdp.39015014435716	/works/OL1381200W	oclc	
OL1381201W	2	1	Fragments from Héloïse & Abélard	1921	0.53	0.978	uc2.ark+=13960=t08w3gp9g|wu.89092530088	/works/OL1381201W	oclc	
OL1381218W	4	2	The untilled field	1903	0.89	1.0	nyp.33433074910195|uc2.ark+=13960=t13n2329s|njp.32101068585221|uc2.ark+=13960=t7vm4gd68	/works/OL1381218W	oclc	
OL1381220W	5	2	A mummer's wife	1917	0.9	1.0	nyp.33433074910161|uc1.b4103035|uc2.ark+=13960=t8w953v6d|mdp.39015053574474|uc2.ark+=13960=t23b62b9n	/works/OL1381220W	oclc	
OL1381221W	2	1	The lake	1906	0.84	1.0	uc1.b4103021|uc2.ark+=13960=t3gx4679r	/works/OL1381221W	oclc	
OL1381223W	4	3	The brook Kerith;	1916	0.85	1.0	uc2.ark+=13960=t6pz54q08|uc1.b3326147|mdp.39015008456900|uc2.ark+=13960=t0gt5th1f	/works/OL1381223W	oclc	
OL139191W	1	1	Granny's wonderful chair and its tales of fairy times	1916	0.79	0.998	nc01.ark+=13960=t8pc40q4v	/works/OL139191W	oclc	
OL140447W	2	2	Miss Träumerei	1895	0.89	1.0	nyp.33433084129497|uc2.ark+=13960=t43r0q815	/works/OL140447W	oclc	
OL140452W	1	1	Mammy Rosie	1904	0.89	0.999	nc01.ark+=13960=t8z89pg69	/works/OL140452W	oclc	
OL141122W	1	1	The belted seas	1905	0.88	1.0	uc2.ark+=13960=t6g15vm6b	/works/OL141122W	oclc	
OL141322W	1	1	Jan, a dog, and a romance	1915	0.87	1.0	nyp.33433074958418	/works/OL141322W	oclc	
OL1417907W	1	1	At the earth's core	1922	0.89	1.0	nyp.33433074848692	/works/OL1417907W	oclc	
OL1417916W	1	1	The beasts of Tarzan	1916	0.88	1.0	wu.89039191218	/works/OL1417916W	oclc	
OL1418112W	1	1	Tarzan the untamed	1920	0.83	1.0	uc2.ark+=13960=t10p0wz08	/works/OL1418112W	oclc	
OL1418187W	1	1	A princess of Mars	1917	0.82	1.0	uc2.ark+=13960=t2794143s	/works/OL1418187W	oclc	
OL141821W	1	1	Dr. Le Baron and his daughter	1890	0.9	1.0	njp.32101067628550	/works/OL141821W	oclc	
OL1418238W	1	1	The mucker	1921	0.88	1.0	nyp.33433074848643	/works/OL1418238W	oclc	
OL1418246W	1	1	Jungle tales of Tarzan	1919	0.88	1.0	nyp.33433074848650	/works/OL1418246W	oclc	
OL1418248W	1	1	Tarzan and the jewels of Opar	1918	0.84	1.0	uva.x000241745	/works/OL1418248W	oclc	
OL1418249W	2	2	The return of Tarzan	1915	0.89	1.0	uva.x000422870|uc1.b3264458	/works/OL1418249W	oclc	
OL1418250W	1	1	The son of Tarzan	1918	0.89	1.0	njp.32101068596491	/works/OL1418250W	oclc	
OL141864W	2	1	David Alden's daughter	1892	0.83	1.0	nyp.33433082248455|uc2.ark+=13960=t23b5x55f	/works/OL141864W	oclc	
OL141883W	3	3	A nameless nobleman	1909	0.89	1.0	nyp.33433082248497|uc2.ark+=13960=t21c1vt3c|uc1.b248106	/works/OL141883W	oclc	
OL141886W	3	1	Betty Alden	1891	0.89	1.0	mdp.39015063548013|nyp.33433082248448|uc1.b4105323	/works/OL141886W	oclc	
OL141891W	6	3	Standish of Standish	1895	0.89	1.0	uc1.b248102|uc1.b248103|wu.89098866296|wu.89098866312|njp.32101067628493|mdp.39015005617033	/works/OL141891W	oclc	
OL142025W	2	1	Short stories of America	1921	0.72	1.0	mdp.39015036002874|uc2.ark+=13960=t5t72860s	/works/OL142025W	oclc	
OL142224W	2	1	Aladdin O'Brien	1902	0.89	1.0	mdp.39015063945581|uc2.ark+=13960=t1wd3q529	/works/OL142224W	oclc	
OL142404W	2	1	Where the pavement ends	1921	0.89	1.0	mdp.39015024384441|uc1.b3727820	/works/OL142404W	oclc	
OL1425198W	3	1	The wish	1895	0.89	1.0	mdp.39015057251756|uc1.b614029|uc2.ark+=13960=t8pc30n2m	/works/OL1425198W	oclc	
OL142709W	2	1	Vassar stories	1900	0.88	1.0	uc1.b249221|uc2.ark+=13960=t3513xh8d	/works/OL142709W	oclc	
OL142888W	2	1	Stories of the old missions of California	1917	0.77	1.0	nyp.33433074810965|uc2.ark+=13960=t9s17v797	/works/OL142888W	oclc	
OL1430184W	2	1	The surprises of life	1920	0.56	0.999	mdp.39015033188353|uc2.ark+=13960=t91836169	/works/OL1430184W	oclc	
OL143178W	3	1	Stanford stories;	1900	0.81	1.0	nyp.33433082530118|uc1.b244262|uc2.ark+=13960=t2j679x39	/works/OL143178W	oclc	
OL143518W	1	1	Mission tales in the days of the dons	1909	0.81	1.0	uc2.ark+=13960=t2m61cq1t	/works/OL143518W	oclc	
OL1437468W	3	1	The adventurous Simplicissimus	1912	0.67	1.0	uc1.$b609402|uc2.ark+=13960=t3qv3j54p|uva.x000207902	/works/OL1437468W	oclc	
OL1437985W	1	1	After the divorce	1905	0.89	1.0	uc2.ark+=13960=t9m32rz66	/works/OL1437985W	oclc	
OL1438015W	1	1	The woman & the priest	1922	0.83	1.0	uc2.ark+=13960=t6639wq6t	/works/OL1438015W	oclc	
OL144260W	1	1	The day of prosperity	1902	0.75	1.0	dul1.ark+=13960=t1jh4718x	/works/OL144260W	oclc	
OL1446178W	2	1	Seldwyla folks;	1919	0.88	1.0	pst.000012029501|uc2.ark+=13960=t9c53mh54	/works/OL1446178W	oclc	
OL144694W	3	1	The Republic of the Southern Cross, and other stories	1913	0.66	1.0	dul1.ark+=13960=t17m0z01h|mdp.39015003528661|uc2.ark+=13960=t41r6qp2p	/works/OL144694W	oclc	
OL144722W	3	1	On the Makaloa mat	1919	0.87	1.0	mdp.39015004287739|nyp.33433076076086|wu.89088299839	/works/OL144722W	oclc	
OL144771W	6	1	The game	1905	0.87	1.0	mdp.39015010219627|uc1.b3595162|uc1.b4105442|uc2.ark+=13960=fk4sj19x6n|uc2.ark+=13960=t3319t71v|wu.89005057542	/works/OL144771W	oclc	
OL144788W	3	1	The house of pride	1912	0.87	1.0	mdp.39015048894243|uc1.b4102227|uc2.ark+=13960=fk9z02zs4t	/works/OL144788W	oclc	
OL144791W	3	1	Love of life, and other stories	1907	0.82	1.0	mdp.39015005450922|uc1.b4102220|uc2.ark+=13960=fk8w951357	/works/OL144791W	oclc	
OL144798W	3	2	John Barleycorn	1913	0.66	1.0	mdp.39015071646546|njp.32101068154085|uc2.ark+=13960=t5h990987	/works/OL144798W	oclc	
OL144799W	4	2	Michael, brother of Jerry	1917	0.9	1.0	uc1.b4102219|uva.x001705067|mdp.39015017673990|nyp.33433076076102	/works/OL144799W	oclc	
OL144801W	3	1	The turtles of Tasman	1916	0.86	1.0	mdp.39015048893989|uc1.b4102260|uc2.ark+=13960=fk6736mf65	/works/OL144801W	oclc	
OL144810W	1	1	The cruise of the Dazzler	1918	0.88	1.0	njp.32101079670590	/works/OL144810W	oclc	
OL144812W	1	1	A daughter of the snows	1902	0.89	1.0	inu.32000000658031	/works/OL144812W	oclc	
OL144814W	3	1	Jerry of the islands	1917	0.9	1.0	nyp.33433076076060|uc1.b4102226|uc2.ark+=13960=fk9765b15x	/works/OL144814W	oclc	
OL144817W	3	2	The son of the wolf	1900	0.89	1.0	uc2.ark+=13960=fk01z41s21|mdp.39015005291763|uc2.ark+=13960=t3028qb2g	/works/OL144817W	oclc	
OL144818W	2	1	Tales of the fish patrol	1905	0.87	1.0	uc1.b4102262|uc2.ark+=13960=fk1ng4gr6n	/works/OL144818W	oclc	
OL144820W	1	1	Adventure	1911	0.89	1.0	mdp.39015005588507	/works/OL144820W	oclc	
OL144821W	3	3	Burning Daylight	1913	0.88	1.0	mdp.39076006266220|mdp.39015065985627|uva.x001752216	/works/OL144821W	oclc	
OL144822W	3	2	Martin Eden	1908	0.9	1.0	uc1.31158010724424|uc2.ark+=13960=t9t14vd9n|uva.x000675421	/works/OL144822W	oclc	
OL144824W	2	1	The sea-wolf	1916	0.89	1.0	mdp.39015005373629|uva.x000208558	/works/OL144824W	oclc	
OL144980W	2	1	The lightning conductor discovers America	1916	0.82	0.999	mdp.39015031495552|nyp.33433075770697	/works/OL144980W	oclc	
OL144983W	2	1	The princess passes	1905	0.88	1.0	mdp.39015035798670|nyp.33433075772610	/works/OL144983W	oclc	
OL1449868W	1	1	Children of the forest;	1904	0.82	0.999	nyp.33433081747952	/works/OL1449868W	oclc	
OL1449872W	3	1	My dogs in the Northland	1902	0.72	1.0	mdp.39015064489340|nyp.33433066643424|uc2.ark+=13960=t56d5qj6t	/works/OL1449872W	oclc	
OL1449880W	2	1	Algonquin Indian tales	1903	0.82	0.999	uc2.ark+=13960=t72v2dq03|yale.39002002898204	/works/OL1449880W	oclc	
OL144988W	4	1	Everyman's land	1918	0.81	1.0	mdp.39015063973732|nyp.33433075768667|uc1.b4102926|uc2.ark+=13960=t5j961v04	/works/OL144988W	oclc	
OL144990W	1	1	Lady Betty across the water	1906	0.88	1.0	nyp.33433075768568	/works/OL144990W	oclc	
OL145000W	2	2	The lightning conductor;	1905	0.87	1.0	mdp.39015065655980|uc2.ark+=13960=t11n7zm26	/works/OL145000W	oclc	
OL145489W	1	1	A Newport aquarelle	1883	0.86	1.0	uc1.b248764	/works/OL145489W	oclc	
OL145496W	2	1	Two in Italy	1905	0.87	0.999	njp.32101066458611|uc2.ark+=13960=t72v2dq8z	/works/OL145496W	oclc	
OL1455028W	2	1	Mäzli	1921	0.84	1.0	mdp.39015017929939|uc2.ark+=13960=t6251hb58	/works/OL1455028W	oclc	
OL1455038W	1	1	Moni the goat boy, and other stories;	1906	0.88	1.0	uc2.ark+=13960=t9c53m08v	/works/OL1455038W	oclc	
OL1455042W	3	2	Heidi	1901	0.89	1.0	nyp.33433082257084|mdp.39015027228330|uva.x001817552	/works/OL1455042W	oclc	
OL1456228W	2	1	My little boy	1906	0.87	1.0	uc1.b4104131|uc2.ark+=13960=t52f7nz29	/works/OL1456228W	oclc	
OL1456229W	1	1	Two-Legs	1906	0.87	1.0	uc2.ark+=13960=t06w97j03	/works/OL1456229W	oclc	
OL145660W	2	1	The boy with the U. S. survey	1909	0.89	1.0	nyp.33433082297403|uc2.ark+=13960=t6348h03f	/works/OL145660W	oclc	
OL1456890W	2	1	The tour	1920	0.83	1.0	mdp.39015030123650|uc2.ark+=13960=t5db7wg4z	/works/OL1456890W	oclc	
OL1456911W	3	2	The inevitable	1921	0.84	1.0	uc2.ark+=13960=t4sj1gt9t|mdp.39015030123692|uc2.ark+=13960=t40r9pw6q	/works/OL1456911W	oclc	
OL1456913W	2	1	Psyche	1908	0.7	1.0	uc2.ark+=13960=t6tx38090|uiuo.ark+=13960=t0cv4fn26	/works/OL1456913W	oclc	
OL1456916W	1	1	Ecstasy	1919	0.83	0.999	uc2.ark+=13960=t8ff3th7p	/works/OL1456916W	oclc	
OL1458276W	3	1	To arms!	1918	0.77	1.0	mdp.39015066643639|nyp.33433082484449|uc2.ark+=13960=t9183621b	/works/OL1458276W	oclc	
OL1464615W	1	1	Holiday tales	1897	0.68	0.999	uc2.ark+=13960=t87h1fd1z	/works/OL1464615W	oclc	
OL1464619W	2	1	The busted ex-Texan and other stories	1890	0.86	1.0	mdp.39015063941150|uc1.b3327060	/works/OL1464619W	oclc	
OL1464622W	2	1	Daylight land;	1888	0.87	1.0	mdp.39015070265957|nyp.33433076054463	/works/OL1464622W	oclc	
OL146503W	1	1	True story of the lost shackle;	1897	0.87	0.999	uc1.b249683	/works/OL146503W	oclc	
OL146887W	2	1	While Paris laughed;	1918	0.89	1.0	mdp.39015063944220|uc1.b3327380	/works/OL146887W	oclc	
OL146891W	2	1	The quaint companions	1903	0.89	1.0	nyp.33433074897475|uc2.ark+=13960=t19k47080	/works/OL146891W	oclc	
OL146893W	1	1	The worldlings	1919	0.84	1.0	uc2.ark+=13960=t43r0vm19	/works/OL146893W	oclc	
OL146895W	5	1	Cynthia	1919	0.9	1.0	mdp.39015059371867|mdp.39015063819356|nyp.33433074897376|uc1.b4102878|uc2.ark+=13960=t16m3dr60	/works/OL146895W	oclc	
OL146905W	8	2	The actor-manager	1919	0.89	1.0	mdp.39015059371891|mdp.39015063819273|uc1.b3327175|uc2.ark+=13960=t9t14z36d|mdp.39015013758191|nyp.33433074971395|uc1.b3581545|uc2.ark+=13960=t7zk5g78z	/works/OL146905W	oclc	
OL146906W	5	2	Conrad in quest of his youth	1916	0.9	1.0	mdp.39015059371875|uc1.b4102873|uc2.ark+=13960=t9g44n208|mdp.39015063819364|nyp.33433074897343	/works/OL146906W	oclc	
OL1471742W	4	2	Stringtown on the pike;	1900	0.89	0.999	nc01.ark+=13960=t5db8tt1j|nyp.33433076074685|uc2.ark+=13960=t87h1f707|uc2.ark+=13960=t6c24r677	/works/OL1471742W	oclc	
OL1471750W	1	1	Warwick of the Knobs;	1901	0.77	0.999	nyp.33433076074263	/works/OL1471750W	oclc	
OL1472616W	2	1	Nuova	1920	0.79	1.0	nyp.33433082359427|wu.89098873284	/works/OL1472616W	oclc	
OL147280W	4	2	The man with the iron hand	1922	0.82	1.0	uc2.ark+=13960=t91837z4v|loc.ark+=13960=t7vm4j59d|uc1.b3291744|uc2.ark+=13960=t4bp0175v	/works/OL147280W	oclc	
OL1482633W	1	1	The open door	1914	0.9	1.0	nyp.33433074806385	/works/OL1482633W	oclc	
OL148383W	1	1	Towards morning	1918	0.84	1.0	nyp.33433075873517	/works/OL148383W	oclc	
OL148385W	1	1	The rajah's people	1910	0.81	1.0	uc2.ark+=13960=t5r787m0d	/works/OL148385W	oclc	
OL148441W	2	1	Blue Aloes;	1919	0.89	1.0	nyp.33433075752935|uc2.ark+=13960=t3319tk4s	/works/OL148441W	oclc	
OL148444W	1	1	Wild honey	1914	0.88	1.0	uc2.ark+=13960=t5x63cq16	/works/OL148444W	oclc	
OL148445W	2	1	Poppy	1910	0.9	1.0	nyp.33433075752695|uc2.ark+=13960=t0cv4d117	/works/OL148445W	oclc	
OL14848627W	1	1	The finding of Jasper Holt	1916	0.88	1.0	nyp.33433076064058	/works/OL14848627W	oclc	
OL14848628W	1	1	A voice in the wilderness	1916	0.89	1.0	nyp.33433076064488	/works/OL14848628W	oclc	
OL14848634W	2	1	The man of the desert	1914	0.89	1.0	uc1.b3322395|uc2.ark+=13960=t88g8h02h	/works/OL14848634W	oclc	
OL14848636W	2	1	The girl from Montana	1922	0.83	1.0	nyp.33433076064041|uc2.ark+=13960=t34179g96	/works/OL14848636W	oclc	
OL14861069W	3	1	The real thing	1922	0.89	1.0	mdp.39015014580529|mdp.39015030034345|uc2.ark+=13960=t6c24rx3q	/works/OL14861069W	oclc	
OL14861114W	4	3	Tales of three cities	1884	0.9	1.0	mdp.39015031241980|uc2.ark+=13960=t3902099j|njp.32101038909790|uc2.ark+=13960=t3707xh3s	/works/OL14861114W	oclc	
OL14861161W	3	2	The other house	1897	0.84	1.0	njp.32101068599685|uc2.ark+=13960=t0wp9ts1w|uc2.ark+=13960=t8qb9vv8s	/works/OL14861161W	oclc	
OL14864519W	2	1	The white terror and the red;	1905	0.9	1.0	njp.32101066121409|uc2.ark+=13960=t0zp3ww1d	/works/OL14864519W	oclc	
OL14864527W	1	1	Yekl;	1896	0.87	1.0	uc2.ark+=13960=t9k35p017	/works/OL14864527W	oclc	
OL14866179W	2	2	Hungry hearts	1920	0.89	1.0	uc2.ark+=13960=t3hx16w03|uc2.ark+=13960=t9m32pv1m	/works/OL14866179W	oclc	
OL14868600W	1	1	Charming children of Dickens' stories	1906	0.82	1.0	mdp.39015018605678	/works/OL14868600W	oclc	
OL14869812W	1	1	A Dickens reader	1911	0.74	0.999	loc.ark+=13960=t6b28rn6s	/works/OL14869812W	oclc	
OL14869981W	1	1	Character portraits from Dickens	1907	0.83	1.0	loc.ark+=13960=t2g73xw02	/works/OL14869981W	oclc	
OL14870084W	1	1	Great expectations	1904	0.84	1.0	mdp.39015010803388	/works/OL14870084W	oclc	
OL1487393W	1	1	The strange adventures of a house-boat	1888	0.84	1.0	njp.32101067707198	/works/OL1487393W	oclc	
OL1487395W	5	2	Sunrise: a story of these times	1881	0.9	1.0	uc2.ark+=13960=t05x2j80m|uc2.ark+=13960=t1tf01406|uc2.ark+=13960=t9280jf9f|nyp.33433074940523|uc2.ark+=13960=t13n26w6b	/works/OL1487395W	oclc	
OL1487405W	6	1	White heather	1885	0.89	1.0	mdp.39015063747995|mdp.39015063748001|mdp.39015063748019|uc2.ark+=13960=t89g5vq27|uc2.ark+=13960=t9862qq53|uc2.ark+=13960=t9j38zx2z	/works/OL1487405W	oclc	
OL1487417W	7	2	White wings	1880	0.89	1.0	uc1.b3321900|uc1.b3321901|uc1.b3321902|uc2.ark+=13960=t3kw5mh8s|uc2.ark+=13960=t58d0491z|uc2.ark+=13960=t6c253v97|uc2.ark+=13960=t0ks6wz7z	/works/OL1487417W	oclc	
OL1487499W	6	1	Dorothy Forster	1884	0.89	1.0	uc1.b254668|uc1.b254669|uc1.b254670|uiuo.ark+=13960=t0ms40h0j|uiuo.ark+=13960=t5h99d66w|uiuo.ark+=13960=t8gf12w8j	/works/OL1487499W	oclc	
OL1487501W	4	2	A fountain sealed	1897	0.89	1.0	uc1.$b484013|uc2.ark+=13960=t1td9s83m|mdp.39015063522331|uc2.ark+=13960=t6zw1h35f	/works/OL1487501W	oclc	
OL1487535W	4	2	The rebel queen;	1893	0.9	1.0	mdp.39015063942703|uiuo.ark+=13960=t22b9b93f|uiuo.ark+=13960=t39z9g788|uiuo.ark+=13960=t5bc48z0f	/works/OL1487535W	oclc	
OL1487538W	5	2	The world went very well then	1888	0.89	1.0	uc1.b247328|uc2.ark+=13960=t9668ck3v|uiuo.ark+=13960=t10p1bb0z|uiuo.ark+=13960=t6640131x|uiuo.ark+=13960=t9s187v3b	/works/OL1487538W	oclc	
OL1487542W	1	1	For faith and freedom	1903	0.55	1.0	uc2.ark+=13960=t83j3d13f	/works/OL1487542W	oclc	
OL1487543W	9	2	The ivory gate	1892	0.9	1.0	uc1.b3321924|uc1.b3321925|uc1.b3321926|uiuo.ark+=13960=t2b85jn7m|uiuo.ark+=13960=t2g73pg2r|uiuo.ark+=13960=t7np2c71f|dul1.ark+=13960=t5bc4n77z|mdp.39015063942562|nyp.33433074939731	/works/OL1487543W	oclc	
OL1487721W	11	1	Alas!	1890	0.84	1.0	njp.32101067630879|njp.32101067630887|njp.32101067630895|uc1.b4104685|uc1.b4104686|uc1.b4104687|uc2.ark+=13960=t0tq5wj5q|uc2.ark+=13960=t4gm8j30f|uc2.ark+=13960=t5gb23099|uiuo.ark+=13960=t4zg6x20r|uiuo.ark+=13960=t7sn0g57t	/works/OL1487721W	oclc	
OL1487722W	2	1	Dear Faustina	1897	0.88	1.0	uc1.b3321964|uc2.ark+=13960=t1dj5hp5s	/works/OL1487722W	oclc	
OL1487732W	2	1	Belinda	1899	0.9	0.999	uc1.b248891|uc2.ark+=13960=t1td9qp73	/works/OL1487732W	oclc	
OL14877882W	1	1	Salome	1907	0.53	0.997	loc.ark+=13960=t4jm2xr4s	/works/OL14877882W	oclc	
OL1487843W	2	1	Orion, the gold beater;	1896	0.9	0.999	uc1.b248936|uc2.ark+=13960=t5h99251w	/works/OL1487843W	oclc	
OL1487845W	2	1	The gun-maker of Moscow	1890	0.83	1.0	uc1.b248932|uc2.ark+=13960=t4gm84b8g	/works/OL1487845W	oclc	
OL1487929W	4	2	Ardath	1889	0.9	1.0	uiuo.ark+=13960=t4sj1ss4p|uiuo.ark+=13960=t7xk8mz00|uiuo.ark+=13960=t8cg01k08|nyp.33433034410229	/works/OL1487929W	oclc	
OL1487943W	2	1	The sorrows of Satan;	1896	0.89	1.0	mdp.39015013738334|uc1.b4104774	/works/OL1487943W	oclc	
OL1487959W	1	1	Ziska	1897	0.82	1.0	uc2.ark+=13960=t06w9712b	/works/OL1487959W	oclc	
OL1487967W	1	1	God's good man	1904	0.88	1.0	mdp.39015063547494	/works/OL1487967W	oclc	
OL1487972W	4	2	Holy orders	1908	0.81	1.0	uc2.ark+=13960=t0tq5tg2j|mdp.39015063547502|nyp.33433081580841|uc2.ark+=13960=t4mk6d36t	/works/OL1487972W	oclc	
OL1487975W	4	2	"""Temporal power"";"	1902	0.88	1.0	nyp.33433074944277|uc2.ark+=13960=t1fj2fq62|mdp.39015063547569|uc2.ark+=13960=t8qc00q16	/works/OL1487975W	oclc	
OL1487980W	3	3	A romance of two worlds	1886	0.89	1.0	uiuo.ark+=13960=t7cr65585|uc2.ark+=13960=t56d5v444|mdp.39015014851789	/works/OL1487980W	oclc	
OL1488315W	1	1	How and why stories	1921	0.76	0.995	uc1.b3331961	/works/OL1488315W	oclc	
OL1489081W	1	1	Hilda Strafford;	1897	0.88	0.999	mdp.39015033909956	/works/OL1489081W	oclc	
OL1489145W	1	1	The Georgians;	1904	0.9	1.0	njp.32101068178928	/works/OL1489145W	oclc	
OL1489150W	5	1	Northern Georgia sketches	1900	0.89	1.0	nc01.ark+=13960=t7gq80z0w|nyp.33433076071707|uc1.b249265|uc2.ark+=13960=t88g8gz4m|wu.89088297718	/works/OL1489150W	oclc	
OL1489154W	2	1	An unofficial patriot	1894	0.89	1.0	mdp.39015046494517|nc01.ark+=13960=t8jd5nn49	/works/OL1489154W	oclc	
OL1489382W	1	1	It is the law	1887	0.89	1.0	uc2.ark+=13960=t9t14xc6k	/works/OL1489382W	oclc	
OL1489999W	1	1	Philip Meyer's scheme	1892	0.85	1.0	mdp.39015063941655	/works/OL1489999W	oclc	
OL1490114W	3	1	The fatal three	1888	0.89	1.0	uiuo.ark+=13960=t2m62224d|uiuo.ark+=13960=t8bg37099|uiuo.ark+=13960=t9d515s4d	/works/OL1490114W	oclc	
OL1490125W	1	1	The Venetians;	1893	0.84	1.0	uc2.ark+=13960=t0gt5ng6b	/works/OL1490125W	oclc	
OL14905113W	1	1	Gulliver's travels	1914	0.76	1.0	mdp.39015013426542	/works/OL14905113W	oclc	
OL14910771W	38	2	The writings of Mark Twain	1899	0.89	1.0	inu.30000111808386|inu.30000111808436|inu.30000111808451|inu.30000111808469|inu.30000111808501|inu.30000111808527|inu.30000111808535|inu.30000111808543|inu.30000111808550|inu.30000111808568|uc1.$b557622|uc1.$b557623|uc1.b3548382|uc1.b3548383|uc1.b3548384|uc1.b3548385|uc1.b3548386|uc1.b3548387|uc1.b3548388|uc1.b3548389|uc1.b3548390|uc1.b3548391|uc1.b3548392|uc1.b3548393|uc1.b3548394|uc1.b3548395|uc1.b3548396|uc1.b3548397|uc1.b3548398|uc1.b3548399|uc1.b3548400|uc1.b3548401|uva.x000313458|uva.x000313463|uva.x000498588|uva.x000944273|uva.x004123000|uva.x004466903	/works/OL14910771W	oclc	
OL1491770W	2	1	The gray and the blue	1884	0.8	1.0	nc01.ark+=13960=t87h26t0b|nyp.33433076043045	/works/OL1491770W	oclc	
OL1491809W	3	3	A young girl's wooing	1884	0.9	1.0	mdp.39015050791733|njp.32101065710467|uc2.ark+=13960=t1wd3q30f	/works/OL1491809W	oclc	
OL1491813W	2	1	The hornet's nest	1892	0.88	1.0	mdp.39015063952884|uc2.ark+=13960=t48p5vt65	/works/OL1491813W	oclc	
OL1491816W	2	1	Miss Lou	1888	0.89	1.0	nc01.ark+=13960=t9x06qk3p|uc2.ark+=13960=t74t6fm1f	/works/OL1491816W	oclc	
OL1491922W	1	1	The waters of Caney Fork;	1898	0.89	1.0	mdp.39015070222867	/works/OL1491922W	oclc	
OL1491924W	2	1	"""By the eternal"";"	1906	0.88	1.0	mdp.39015013150928|uc2.ark+=13960=t6vx06n2g	/works/OL1491924W	oclc	
OL1491930W	2	1	An American in New York;	1905	0.88	1.0	mdp.39015063820347|uc2.ark+=13960=t6h12wj3k	/works/OL1491930W	oclc	
OL1491931W	2	1	Bolanyo;	1897	0.89	0.999	mdp.39015059420342|uc1.b4102784	/works/OL1491931W	oclc	
OL1491932W	3	1	In the Alamo	1900	0.89	1.0	mdp.39015070226264|nyp.33433075900716|uc2.ark+=13960=t55d8pq31	/works/OL1491932W	oclc	
OL1491939W	3	1	A Yankee from the West;	1898	0.89	1.0	mdp.39015070222875|nyp.33433076048176|uc1.$b803424	/works/OL1491939W	oclc	
OL1491940W	2	1	The carpetbagger;	1899	0.84	1.0	nc01.ark+=13960=t9p27pg9q|uc1.b3325734	/works/OL1491940W	oclc	
OL1491943W	2	1	A Kentucky colonel	1890	0.89	1.0	mdp.39015070226249|uc1.b4102836	/works/OL1491943W	oclc	
OL1491945W	2	1	My young master;	1895	0.89	1.0	mdp.39015059502669|uc2.ark+=13960=t6j09wr7t	/works/OL1491945W	oclc	
OL1491948W	3	1	An Arkansas planter	1896	0.89	1.0	mdp.39015059420359|uc2.ark+=13960=t2s46hg51|uc2.ark+=13960=t6g15tt73	/works/OL1491948W	oclc	
OL1492269W	1	1	For life and love	1893	0.82	1.0	uc2.ark+=13960=t1td9pd2p	/works/OL1492269W	oclc	
OL1492280W	1	1	Prince Schamyl's wooing	1892	0.86	1.0	uc1.b3327344	/works/OL1492280W	oclc	
OL1492282W	2	1	Delilah of Harlem	1893	0.89	1.0	uc1.b4104329|uc2.ark+=13960=t38050456	/works/OL1492282W	oclc	
OL14924549W	2	1	Character and comment	1889	0.79	1.0	mdp.39015031236956|uc1.b4451691	/works/OL14924549W	oclc	
OL14924690W	2	1	Their husbands' wives	1906	0.87	1.0	mdp.39015012335546|uc2.ark+=13960=fk7hq3sc63	/works/OL14924690W	oclc	
OL1492507W	2	1	Eutaw	1890	0.75	1.0	njp.32101067176279|uc1.b4105153	/works/OL1492507W	oclc	
OL1492544W	2	1	Guy Rivers;	1890	0.78	1.0	njp.32101067176295|uc1.$b441042	/works/OL1492544W	oclc	
OL1492552W	1	1	The abbatial crosier;	1908	0.8	1.0	nyp.33433075851265	/works/OL1492552W	oclc	
OL1492569W	1	1	The gold sickle;	1904	0.52	1.0	mdp.39015010692690	/works/OL1492569W	oclc	
OL1492575W	1	1	The iron trevet;	1906	0.67	1.0	uc2.ark+=13960=t43r0s94w	/works/OL1492575W	oclc	
OL1492600W	1	1	The poniard's hilt;	1907	0.62	1.0	nyp.33433075843304	/works/OL1492600W	oclc	
OL1492608W	2	1	The silver cross;	1909	0.8	1.0	njp.32101010179917|uc2.ark+=13960=t49p2xs8p	/works/OL1492608W	oclc	
OL1492611W	1	1	The brass bell;	1916	0.66	1.0	mdp.39015033494348	/works/OL1492611W	oclc	
OL1492632W	1	1	Manila romance, or, Life in the East Indies	1898	0.89	1.0	mdp.39015008709415	/works/OL1492632W	oclc	
OL1492643W	2	1	The belle of Australia;	1883	0.89	1.0	nyp.33433076092638|uc2.ark+=13960=t3610wn3j	/works/OL1492643W	oclc	
OL1492652W	2	1	Milly: at love's extremes;	1901	0.84	1.0	nyp.33433076042633|uc2.ark+=13960=t2q52fr0k	/works/OL1492652W	oclc	
OL1492663W	1	1	The boys' book of sports, and outdoor life	1886	0.5	1.0	uc1.b4503881	/works/OL1492663W	oclc	
OL1492666W	1	1	His second campaign	1883	0.9	1.0	mdp.39015063961273	/works/OL1492666W	oclc	
OL1492681W	1	1	Stories of the Cherokee hills	1898	0.88	1.0	nc01.ark+=13960=t10p1vp14	/works/OL1492681W	oclc	
OL1492683W	4	3	Alice of old Vincennes	1900	0.89	1.0	uc2.ark+=13960=t1mg7g187|nyp.33433076080732|mdp.39015004288406|uc2.ark+=13960=t8pc2v12h	/works/OL1492683W	oclc	
OL1492739W	1	1	The Manhattaners;	1895	0.89	0.999	uc2.ark+=13960=t09w09440	/works/OL1492739W	oclc	
OL1492740W	4	2	With sword and crucifix	1902	0.89	1.0	uc2.ark+=13960=t75t3gm7x|nyp.33433076041478|uc1.b4102937|uc2.ark+=13960=t7fq9rv4n	/works/OL1492740W	oclc	
OL1492745W	3	1	Katy of Catoctin;	1886	0.9	1.0	mdp.39015063927068|nc01.ark+=13960=t2m624g15|uc2.ark+=13960=t9j38m55d	/works/OL1492745W	oclc	
OL1492773W	2	1	Tales of the Chesapeake	1880	0.87	1.0	mdp.39015063927084|nyp.33433074792643	/works/OL1492773W	oclc	
OL1492891W	1	1	Under the stars and bars	1883	0.89	1.0	nc01.ark+=13960=t1rf6c48v	/works/OL1492891W	oclc	
OL1492912W	1	1	A lost hero	1891	0.79	0.993	uc2.ark+=13960=t6g15vp48	/works/OL1492912W	oclc	
OL1492913W	1	1	Loveliness;	1899	0.8	1.0	mdp.39015063959715	/works/OL1492913W	oclc	
OL1492937W	1	1	Comrades	1911	0.81	0.995	nyp.33433076057409	/works/OL1492937W	oclc	
OL1492939W	2	2	The Madonna of the tubs	1895	0.86	1.0	mdp.39015013155323|uc2.ark+=13960=t1gh9bk2q	/works/OL1492939W	oclc	
OL1492946W	2	1	The master of the magicians	1890	0.9	1.0	mdp.39015021285864|uc2.ark+=13960=t1wd3qh8p	/works/OL1492946W	oclc	
OL1492949W	4	1	The supply at Saint Agatha's	1896	0.84	1.0	mdp.39015011233577|uc2.ark+=13960=t4bp05k31|uc2.ark+=13960=t6pz5424p|wu.89006526321	/works/OL1492949W	oclc	
OL14938101W	1	1	Selections from the prose tales of Edgar Allan Poe	1914	0.62	1.0	uva.x000178881	/works/OL14938101W	oclc	
OL1494211W	2	1	Memoirs of a millionaire	1890	0.89	1.0	mdp.39015063945441|uc2.ark+=13960=t9p26s436	/works/OL1494211W	oclc	
OL14942956W	3	2	The call of the wild	1903	0.82	1.0	njp.32101067626562|uc2.ark+=13960=t6j10952p|uva.x000208565	/works/OL14942956W	oclc	
OL1497681W	12	1	The complete writings of Charles Dudley Warner	1904	0.83	1.0	coo.31924022208676|coo.31924022208684|coo.31924022208692|coo.31924022208700|mdp.39015050979460|mdp.39015050979627|mdp.39015050979775|mdp.39015050979783|uc1.b3312003|uc1.b3312004|uc1.b3562384|uc1.b3562385	/works/OL1497681W	oclc	
OL1497686W	2	1	A little journey in the world	1889	0.9	1.0	nyp.33433076073448|uc1.b4102301	/works/OL1497686W	oclc	
OL1497766W	2	1	Bonnyborough	1886	0.88	1.0	nyp.33433076061773|uc1.b3327277	/works/OL1497766W	oclc	
OL1497770W	1	1	Homespun yarns	1887	0.89	1.0	uc2.ark+=13960=t5x63bg7j	/works/OL1497770W	oclc	
OL1499727W	2	1	A dream of empire, or, The house of Blennerhassett	1901	0.8	1.0	uc1.b3325351|uc2.ark+=13960=t9959f18w	/works/OL1499727W	oclc	
OL1499733W	2	1	A dream of empire, or, The house of Blennerhassett	1901	0.8	1.0	uc1.b3325351|uc2.ark+=13960=t9959f18w	/works/OL1499733W	oclc	
OL15002030W	1	1	The battle of New York;	1892	0.88	1.0	nc01.ark+=13960=t2p56cd4d	/works/OL15002030W	oclc	
OL15002032W	1	1	The captain's boat	1894	0.89	1.0	nyp.33433082289954	/works/OL15002032W	oclc	
OL15002048W	1	1	Ned, the son of Webb	1900	0.9	1.0	uc2.ark+=13960=t2988600d	/works/OL15002048W	oclc	
OL1500292W	1	1	The supreme surrender	1901	0.83	1.0	nyp.33433076024243	/works/OL1500292W	oclc	
OL1500838W	2	1	Mr. Bodley abroad	1881	0.87	0.999	uc2.ark+=13960=t6833nv81|wu.89007380546	/works/OL1500838W	oclc	
OL1500842W	1	1	The Bodleys afoot	1880	0.77	0.999	uc1.b4517756	/works/OL1500842W	oclc	
OL15009828W	1	1	A hole in the wall	1899	0.82	0.987	mdp.39076002885627	/works/OL15009828W	oclc	
OL15011499W	2	1	Comrade Yetta	1913	0.89	1.0	nyp.33433074815576|uc2.ark+=13960=t4th8cs4b	/works/OL15011499W	oclc	
OL15011596W	1	1	The hero of Panama	1912	0.89	1.0	uc2.ark+=13960=t7zk57t2s	/works/OL15011596W	oclc	
OL15011606W	1	1	With Allenby in Palestine	1920	0.81	1.0	mdp.39015063548260	/works/OL15011606W	oclc	
OL1501449W	1	1	American boys afloat;	1893	0.88	1.0	nyp.33433082529730	/works/OL1501449W	oclc	
OL1501469W	1	1	A lieutenant at eighteen	1895	0.89	1.0	uc2.ark+=13960=t15m62f4p	/works/OL1501469W	oclc	
OL1501482W	1	1	Plane and plank;	1898	0.89	1.0	uc2.ark+=13960=t4vh5cz19	/works/OL1501482W	oclc	
OL1501511W	2	1	An undivided union	1899	0.89	1.0	nc01.ark+=13960=t3vt2f31m|nyp.33433082529813	/works/OL1501511W	oclc	
OL1501512W	3	1	At the front	1897	0.89	1.0	mdp.39015063740545|nc01.ark+=13960=t77s8gg79|nyp.33433066603790	/works/OL1501512W	oclc	
OL1501532W	1	1	Down South;	1881	0.89	1.0	uc2.ark+=13960=t7gq6rr6f	/works/OL1501532W	oclc	
OL1501553W	1	1	Stand by the Union	1891	0.89	1.0	nyp.33433082170444	/works/OL1501553W	oclc	
OL1501555W	2	1	On the blockade	1890	0.89	1.0	njp.32101068162898|uc2.ark+=13960=t7tm73f8z	/works/OL1501555W	oclc	
OL1501556W	2	1	Taken by the enemy	1888	0.89	1.0	nyp.33433082529656|uc2.ark+=13960=t6445j08f	/works/OL1501556W	oclc	
OL1501558W	3	2	Fighting for the right	1892	0.88	1.0	nc01.ark+=13960=t2d803n7z|nc01.ark+=13960=t6n01xd3q|nyp.33433066603832	/works/OL1501558W	oclc	
OL1501560W	4	2	Within the enemy's lines	1889	0.89	0.999	nyp.33433082529649|uc1.b4102976|nc01.ark+=13960=t14m9sf84|nyp.33433066603808	/works/OL1501560W	oclc	
OL1502874W	2	1	An incident	1899	0.82	1.0	uc1.b248766|uc2.ark+=13960=t9j38ph85	/works/OL1502874W	oclc	
OL15031788W	2	1	Smoke Bellew	1912	0.89	1.0	uc1.b3581470|uc2.ark+=13960=fk6445hr63	/works/OL15031788W	oclc	
OL1503447W	1	1	The Jessica letters	1904	0.8	1.0	nyp.33433076045131	/works/OL1503447W	oclc	
OL1503605W	2	1	Attraction of the compass;	1916	0.88	1.0	nyp.33433074810874|uc2.ark+=13960=t1dj5955k	/works/OL1503605W	oclc	
OL15039096W	2	1	Out for the coin	1903	0.83	1.0	mdp.39015063931581|uc2.ark+=13960=t7xk85c4x	/works/OL15039096W	oclc	
OL1504048W	2	1	Nigger;	1922	0.89	1.0	mdp.39015063976057|nyp.33433074795265	/works/OL1504048W	oclc	
OL15040856W	3	1	A little princess;	1905	0.89	1.0	mdp.39015012328574|uva.x000598151|wu.89098013634	/works/OL15040856W	oclc	
OL1504363W	4	1	Shelley's elopement;	1918	0.86	1.0	mdp.39015059403967|mdp.39015063921160|nyp.33433076076680|uc2.ark+=13960=t3qv3db3s	/works/OL1504363W	oclc	
OL1504559W	1	1	The idol of Paris;	1922	0.83	1.0	uc2.ark+=13960=t8sb41m8f	/works/OL1504559W	oclc	
OL1505910W	3	1	A guest at the Ludlow, and other stories	1897	0.89	1.0	mdp.39015059410137|uc1.b3334598|uva.x001083066	/works/OL1505910W	oclc	
OL150780W	2	2	In a North country village	1897	0.89	1.0	uc2.ark+=13960=t3513xx2w|uva.x030804040	/works/OL150780W	oclc	
OL15104785W	18	1	The novels and tales of Henry James	1907	0.84	1.0	mdp.39076006242056|mdp.39076006242064|uc1.32106005736027|uc1.32106005736035|uc1.32106005755126|uc1.32106006079823|uc1.32106006088212|uc1.32106006090127|uc1.32106006218223|uc1.32106006335829|uc1.32106006354440|uc1.32106006414012|uc1.32106006456468|uc1.32106006456476|uc1.32106008618396|uc1.32106019582862|uc1.32106019582870|uc1.32106019582888	/works/OL15104785W	oclc	
OL15109366W	1	1	The steppe, and other stories	1915	0.82	1.0	mdp.39015018616576	/works/OL15109366W	oclc	
OL1512172W	2	1	The new June	1909	0.87	1.0	mdp.39015063936507|uc2.ark+=13960=t40r9p16h	/works/OL1512172W	oclc	
OL1512331W	2	1	The nine-tenths	1911	0.89	1.0	nyp.33433076022999|uc2.ark+=13960=t6sx6723d	/works/OL1512331W	oclc	
OL1512332W	1	1	Pay envelopes;	1911	0.87	1.0	uc2.ark+=13960=t6g15vn0w	/works/OL1512332W	oclc	
OL15127479W	9	3	Many inventions	1919	0.9	1.0	mdp.39015000623820|mdp.39015000623838|mdp.39015000623861|uc1.b3324486|uc2.ark+=13960=t6tx3dr24|mdp.39015000623853|nyp.33433074866272|uc1.b3324369|uc2.ark+=13960=t9g44sj1p	/works/OL15127479W	oclc	
OL15127746W	6	3	Traffics and discoveries	1904	0.81	1.0	mdp.39015019976045|nyp.33433074866488|mdp.39015014776317|mdp.39015031242897|nyp.33433074866496|uc1.b4658797	/works/OL15127746W	oclc	
OL15127849W	14	3	[Works of Rudyard Kipling]	1899	0.83	1.0	wu.89081877441|wu.89081877458|mdp.39015066709703|mdp.39015066709711|mdp.39015066709851|mdp.39015066709869|mdp.39015066709877|mdp.39015066710123|mdp.39015066710131|mdp.39015066710149|mdp.39015066710297|mdp.39015066710446|wu.89001039791|wu.89001039809	/works/OL15127849W	oclc	
OL1512914W	1	1	Life in the hills of Kentucky	1890	0.89	1.0	mdp.39015063915493	/works/OL1512914W	oclc	
OL1512951W	2	1	Pine Knot; a story of Kentucky life	1900	0.88	1.0	nc01.ark+=13960=t6j10ts3f|uc2.ark+=13960=t3222rg02	/works/OL1512951W	oclc	
OL1512955W	2	1	When Boston braved the king;	1899	0.89	1.0	nnc1.0046234144|uc2.ark+=13960=t07w67b50	/works/OL1512955W	oclc	
OL1512966W	1	1	A hero in homespun;	1901	0.87	1.0	nyp.33433084128903	/works/OL1512966W	oclc	
OL1513642W	1	1	Dick Hamilton's steam yacht, or, A young millionaire and the kidnappers	1911	0.87	0.999	nyp.33433082303755	/works/OL1513642W	oclc	
OL1513670W	2	1	Tom Swift and his motor boat	1910	0.88	1.0	nyp.33433082526199|uc2.ark+=13960=t0js9hx2c	/works/OL1513670W	oclc	
OL15136945W	6	4	The crime of Sylvestre Bonnard	1922	0.84	1.0	uc2.ark+=13960=t3610zn0x|uc2.ark+=13960=t47p8x35x|mdp.39015030372406|uc1.32106001743803|uc1.b4363775|uc2.ark+=13960=t78s4ns57	/works/OL15136945W	oclc	
OL1513717W	2	1	The Curlytops at Uncle Frank's ranch	1918	0.89	1.0	nyp.33433082303284|uc2.ark+=13960=t21c1vz92	/works/OL1513717W	oclc	
OL1514090W	1	1	Homo sapiens;	1915	0.83	1.0	mdp.39015027365348	/works/OL1514090W	oclc	
OL151430W	1	1	Sylvie and Bruno	1889	0.89	1.0	mdp.39015057979646	/works/OL151430W	oclc	
OL151439W	1	1	Sylvie and Bruno concluded	1893	0.87	0.999	uc2.ark+=13960=t6ww7b09m	/works/OL151439W	oclc	
OL1514922W	1	1	Raggedy Ann stories	1918	0.86	1.0	uva.x002185187	/works/OL1514922W	oclc	
OL1515129W	6	4	Many cargoes	1903	0.89	1.0	uc2.ark+=13960=t25b01k7r|mdp.39015005100113|uc2.ark+=13960=t77s7k78h|njp.32101063581068|uc2.ark+=13960=t2r49mt81|uc2.ark+=13960=t16m37p5j	/works/OL1515129W	oclc	
OL1515159W	3	2	More cargoes	1898	0.89	1.0	uc1.b243808|uc2.ark+=13960=t2g73cp4p|mdp.39015005082410	/works/OL1515159W	oclc	
OL1515163W	3	3	The skipper's wooing	1897	0.89	1.0	uc2.ark+=13960=t6c24wh11|uc2.ark+=13960=t48p5x76c|mdp.39015005076792	/works/OL1515163W	oclc	
OL1515164W	4	3	Captains all	1905	0.89	1.0	uc2.ark+=13960=t3ws8p73h|njp.32101063581050|uc2.ark+=13960=t02z14c9c|uva.x000460558	/works/OL1515164W	oclc	
OL1515169W	2	1	Night watches	1914	0.89	1.0	mdp.39015005082402|uc2.ark+=13960=t3tt4hn0k	/works/OL1515169W	oclc	
OL1515171W	3	3	The lady of the barge	1902	0.89	1.0	uc2.ark+=13960=t30292p8c|mdp.39015005100097|uc2.ark+=13960=t42r3pj34	/works/OL1515171W	oclc	
OL1515172W	4	2	Deep waters	1919	0.83	1.0	mdp.39015005100154|nyp.33433074865167|uc2.ark+=13960=t46q1vv6t|uc2.ark+=13960=t7cr5w176	/works/OL1515172W	oclc	
OL1515173W	4	3	Dialstone Lane	1904	0.89	1.0	uc1.b4094397|uc2.ark+=13960=t1jh3g676|mdp.39015005102317|uc2.ark+=13960=t1vd6sm38	/works/OL1515173W	oclc	
OL1515174W	3	1	Light freights	1901	0.86	1.0	mdp.39015005100105|uc2.ark+=13960=t40r9td25|uva.x001533867	/works/OL1515174W	oclc	
OL1515175W	3	3	At Sunwich port	1902	0.9	1.0	uc2.ark+=13960=t9183bp50|nyp.33433074867296|uc2.ark+=13960=t6n011v3s	/works/OL1515175W	oclc	
OL1515176W	4	3	Ship's company	1911	0.89	1.0	mdp.39015005082329|uc2.ark+=13960=t9c53hb07|nyp.33433074865415|uc2.ark+=13960=t7fq9w40z	/works/OL1515176W	oclc	
OL1515177W	4	2	Odd craft	1906	0.89	1.0	uc1.b4094360|uc2.ark+=13960=t22b95x6w|mdp.39015005082436|uc2.ark+=13960=t2j67bp80	/works/OL1515177W	oclc	
OL1515178W	2	2	Short cruises	1907	0.89	1.0	uc2.ark+=13960=t7rn33249|mdp.39015059407968	/works/OL1515178W	oclc	
OL1515473W	1	1	The shining adventure	1916	0.88	1.0	nyp.33433074847538	/works/OL1515473W	oclc	
OL15160671W	8	1	Greatest short stories	1915	0.84	1.0	nyp.33433082519996|nyp.33433082520002|nyp.33433082520010|nyp.33433082520028|nyp.33433082520036|nyp.33433082520044|nyp.33433082520051|nyp.33433082520077	/works/OL15160671W	oclc	
OL15176339W	1	1	The American claimant	1898	0.88	0.981	mdp.39015018600646	/works/OL15176339W	oclc	
OL1517764W	1	1	Children of the dear Cotswolds	1918	0.88	0.999	uc2.ark+=13960=t6pz53m10	/works/OL1517764W	oclc	
OL1517770W	2	1	Miss Esperance and Mr. Wycherly	1908	0.89	1.0	nyp.33433074851019|uc2.ark+=13960=t0xp6wj9m	/works/OL1517770W	oclc	
OL1517974W	1	1	The book of all power	1920	0.89	1.0	uc2.ark+=13960=t14m93151	/works/OL1517974W	oclc	
OL1517998W	2	1	The secret house	1919	0.89	1.0	nyp.33433075755375|uc2.ark+=13960=t28913g8p	/works/OL1517998W	oclc	
OL1518000W	2	2	Tam o' the scoots	1919	0.75	1.0	uc2.ark+=13960=t0xp7770r|uc2.ark+=13960=t6ww78z2z	/works/OL1518000W	oclc	
OL15184079W	6	3	The $30,000 bequest	1906	0.75	1.0	uc1.b4719573|uc2.ark+=13960=fk71v5bv6j|nyp.33433074842380|uc2.ark+=13960=t9959dn34|mdp.39015047754505|uc2.ark+=13960=fk4vh5cq0h	/works/OL15184079W	oclc	
OL15187391W	2	1	The happy prince	1907	0.75	0.999	uc1.b4102113|uc2.ark+=13960=t4sj1nd43	/works/OL15187391W	oclc	
OL15188919W	1	1	A garland for girls	1887	0.88	1.0	nyp.33433082529789	/works/OL15188919W	oclc	
OL15189381W	2	2	Seventeen	1916	0.84	1.0	uc1.b4084371|mdp.49015000550633	/works/OL15189381W	oclc	
OL1519184W	1	1	Those black diamond men;	1902	0.87	1.0	uc2.ark+=13960=t6251g19r	/works/OL1519184W	oclc	
OL1519404W	2	1	Luca Sarto;	1920	0.89	1.0	nyp.33433074808605|uc2.ark+=13960=t24b2xb7t	/works/OL1519404W	oclc	
OL1519650W	4	2	The London venture	1919	0.88	1.0	mdp.39076002870140|mdp.39015025107411|nyp.33433074947809|uc2.ark+=13960=t0tq5ww0s	/works/OL1519650W	oclc	
OL1520801W	1	1	Stories for every holiday	1918	0.83	1.0	nyp.33433082524517	/works/OL1520801W	oclc	
OL15212577W	4	2	Marching men	1917	0.89	1.0	njp.32101068580792|uc2.ark+=13960=t75t3gr0b|mdp.39015011677401|uc2.ark+=13960=fk1td9n70k	/works/OL15212577W	oclc	
OL15212579W	2	1	Windy McPherson's son	1922	0.84	1.0	uc1.b4381200|uc2.ark+=13960=fk7xk8538w	/works/OL15212579W	oclc	
OL1521311W	2	1	Almanzar	1918	0.88	1.0	mdp.39015053747104|nyp.33433074843339	/works/OL1521311W	oclc	
OL1521838W	1	1	Azalea's silver web	1915	0.89	1.0	nc01.ark+=13960=t6154mw1k	/works/OL1521838W	oclc	
OL1521852W	1	1	Sarah Brewster's relatives	1916	0.87	0.997	mdp.39076002630916	/works/OL1521852W	oclc	
OL1521859W	2	1	Azalea;	1912	0.87	1.0	nc01.ark+=13960=t3vt1nz0f|uc2.ark+=13960=t5s758c6r	/works/OL1521859W	oclc	
OL1521860W	2	1	The newcomers	1917	0.82	1.0	nyp.33433076051121|uc2.ark+=13960=t16m3503s	/works/OL1521860W	oclc	
OL1522142W	3	1	Three of a kind;	1908	0.86	1.0	mdp.39015063752078|nyp.33433074848619|uc2.ark+=13960=t6qz24c8t	/works/OL1522142W	oclc	
OL1522170W	1	1	The Golden rule Dollivers	1913	0.87	0.999	nyp.33433074853759	/works/OL1522170W	oclc	
OL15222294W	1	1	The tame fox	1896	0.89	1.0	wu.89092953181	/works/OL15222294W	oclc	
OL15222772W	2	1	In those days;	1915	0.83	1.0	mdp.39015024580345|uc2.ark+=13960=t10p1065f	/works/OL15222772W	oclc	
OL1522301W	1	1	The cat and the cherub	1896	0.88	0.999	njp.32101063690265	/works/OL1522301W	oclc	
OL15223688W	2	1	Waitful watching, or, Uncle Sam and the fight in Dame Europa's school	1916	0.81	1.0	inu.32000010020255|uc2.ark+=13960=t0rr1r13k	/works/OL15223688W	oclc	
OL152241W	1	1	The crux	1911	0.88	1.0	uc2.ark+=13960=t22b8w678	/works/OL152241W	oclc	
OL15225341W	2	1	Catherine de Ḿedici	1894	0.54	1.0	uc1.b317882|uc2.ark+=13960=t5v69fj4w	/works/OL15225341W	oclc	
OL15225512W	2	1	A great man of the provinces in Paris	1893	0.89	1.0	uc1.b317868|uc2.ark+=13960=t17m07w2z	/works/OL15225512W	oclc	
OL15230747W	1	1	Further adventures of Nils, from the Swedish of Selma Lagerlöf;	1911	0.84	1.0	uc1.b4087839	/works/OL15230747W	oclc	
OL15230749W	3	1	Jerusalem;	1915	0.83	1.0	mdp.39015005161669|uc2.ark+=13960=t2m61f22m|uva.x000853598	/works/OL15230749W	oclc	
OL15233432W	1	1	Kings-at-arms	1919	0.85	1.0	mdp.39015063521416	/works/OL15233432W	oclc	
OL15233473W	1	1	God and the king	1912	0.82	0.999	uc2.ark+=13960=t8sb4034c	/works/OL15233473W	oclc	
OL15233487W	1	1	The Master of Stair	1907	0.88	1.0	uc2.ark+=13960=t00001m7n	/works/OL15233487W	oclc	
OL15233496W	2	1	The viper of Milan;	1906	0.83	1.0	nyp.33433074929138|uc2.ark+=13960=t2h70cb2d	/works/OL15233496W	oclc	
OL15235301W	1	1	Nadir Shah	1908	0.84	0.999	njp.32101068177342	/works/OL15235301W	oclc	
OL15239340W	3	1	Life's little ironies;	1894	0.89	1.0	mdp.39015013250512|mdp.39015051149642|uva.x000946791	/works/OL15239340W	oclc	
OL1524105W	1	1	Jewish holyday stories;	1918	0.83	1.0	uc2.ark+=13960=t5k933t8j	/works/OL1524105W	oclc	
OL15241476W	2	1	Nineteen impressions	1918	0.79	1.0	mdp.39015038755420|uc2.ark+=13960=t0pr7pk7h	/works/OL15241476W	oclc	
OL15241488W	1	1	An imperfect mother	1920	0.89	1.0	uc2.ark+=13960=t5cc0wz15	/works/OL15241488W	oclc	
OL15241491W	5	2	Revolution, a novel	1921	0.89	1.0	mdp.39015059407711|uc2.ark+=13960=t7xk86x50|dul1.ark+=13960=t9w09r109|nyp.33433074939251|uc2.ark+=13960=t5s757911	/works/OL15241491W	oclc	
OL15241494W	1	1	The Wonder	1917	0.88	1.0	uc2.ark+=13960=t3kw58021	/works/OL15241494W	oclc	
OL15241975W	1	1	The Scarlet shadow	1907	0.61	1.0	mdp.39015005295855	/works/OL15241975W	oclc	
OL15242831W	1	1	Tommy Wideawake	1903	0.86	0.999	nyp.33433074936794	/works/OL15242831W	oclc	
OL15242867W	2	1	The Valiants of Virginia	1912	0.89	0.999	nyp.33433076047962|uc2.ark+=13960=t9x05z46t	/works/OL15242867W	oclc	
OL15242868W	3	1	The castaway;	1904	0.89	1.0	mdp.39015063955812|uc2.ark+=13960=t0ft8f13d|uc2.ark+=13960=t1qf8kq5z	/works/OL15242868W	oclc	
OL15243612W	2	2	The crime of Sylvestre Bonnard (member of the Institute)	1906	0.89	1.0	uc2.ark+=13960=t4dn42r87|uc2.ark+=13960=t12n5280j	/works/OL15243612W	oclc	
OL15243620W	1	1	The gods are athirst	1922	0.84	1.0	uva.x000234965	/works/OL15243620W	oclc	
OL15243621W	4	3	The red lily	1910	0.89	1.0	uc1.32106001743928|nyp.33433075833610|uc2.ark+=13960=t3xs5n85p|uc2.ark+=13960=t4rj49c1w	/works/OL15243621W	oclc	
OL15246300W	2	1	Seeing England with Uncle John	1908	0.69	1.0	mdp.39015022742491|nyp.33433075905814	/works/OL15246300W	oclc	
OL15246302W	2	2	Seeing France with Uncle John	1906	0.89	1.0	uc2.ark+=13960=t4fn1478h|uc2.ark+=13960=t3cz32f7v	/works/OL15246302W	oclc	
OL15246303W	1	1	Susan Clegg and her neighbors' affairs	1906	0.88	1.0	uc2.ark+=13960=t05x25h3n	/works/OL15246303W	oclc	
OL15246791W	1	1	Hermann and Thusnelda;	1907	0.57	1.0	nyp.33433082256672	/works/OL15246791W	oclc	
OL15247772W	1	1	Basset	1910	0.84	1.0	uc2.ark+=13960=t2r49vf9g	/works/OL15247772W	oclc	
OL15248313W	1	1	The court of Lucifer	1920	0.86	1.0	njp.32101063691636	/works/OL15248313W	oclc	
OL15249202W	2	1	Tales of two countries	1914	0.82	1.0	mdp.39015028011164|uc2.ark+=13960=t6930pk9h	/works/OL15249202W	oclc	
OL1525020W	1	1	Nicholas Blood, candidate	1890	0.89	1.0	mdp.39015035540783	/works/OL1525020W	oclc	
OL15251873W	1	1	His brother's keeper, or, Christian stewardship	1896	0.78	1.0	nyp.33433076082183	/works/OL15251873W	oclc	
OL15251876W	1	1	"""Jesus is here!"""	1914	0.81	1.0	mdp.39015063952702	/works/OL15251876W	oclc	
OL15252399W	1	1	The making of a man	1884	0.89	1.0	nyp.33433074800891	/works/OL15252399W	oclc	
OL15252721W	1	1	The blond beast	1918	0.84	1.0	uc2.ark+=13960=t2r49hq8f	/works/OL15252721W	oclc	
OL15257677W	1	1	Antinous;	1882	0.78	1.0	mdp.39015013096113	/works/OL15257677W	oclc	
OL15258972W	1	1	Captain Scraggs; or, The green pea pirates	1919	0.83	1.0	mdp.39015030700671	/works/OL15258972W	oclc	
OL15259338W	1	1	The riddle of the night	1915	0.88	1.0	uc1.b3322329	/works/OL15259338W	oclc	
OL15261148W	1	1	Cartagena;	1898	0.9	1.0	uc1.b112239	/works/OL15261148W	oclc	
OL15261328W	2	1	The fearsome island	1896	0.87	1.0	nyp.33433074866660|uc2.ark+=13960=t6833qn85	/works/OL15261328W	oclc	
OL15262045W	1	1	In the days of Washington;	1896	0.74	1.0	uc2.ark+=13960=t0qr4pz26	/works/OL15262045W	oclc	
OL15262348W	1	1	The great proconsul. The memoirs of Mrs. Hester Ward, formerly in the family of the Honble. Warren Hastings, esq., late governor-general of India	1904	0.67	1.0	uc2.ark+=13960=t6h12z304	/works/OL15262348W	oclc	
OL15263556W	1	1	No. 13 Washington square	1914	0.89	1.0	mdp.39015063949187	/works/OL15263556W	oclc	
OL15263557W	2	1	Children of the whirlwind	1921	0.89	1.0	nyp.33433076044472|uc2.ark+=13960=t2v40m75g	/works/OL15263557W	oclc	
OL1526480W	1	1	Out of bondage	1905	0.86	1.0	njp.32101036283461	/works/OL1526480W	oclc	
OL1526489W	1	1	Uncle Lisha's outing	1897	0.89	1.0	uc2.ark+=13960=t5db7w24k	/works/OL1526489W	oclc	
OL1526490W	3	1	Sam Lovel's boy	1901	0.82	1.0	njp.32101068767217|nyp.33433082284716|uc2.ark+=13960=t9r20wt7p	/works/OL1526490W	oclc	
OL1526491W	1	1	Uncle Lisha's shop	1887	0.81	1.0	uc1.b3327086	/works/OL1526491W	oclc	
OL1526574W	1	1	A daughter of the North	1915	0.88	1.0	njp.32101067627107	/works/OL1526574W	oclc	
OL1526575W	1	1	John St. John	1917	0.74	1.0	njp.32101067627081	/works/OL1526575W	oclc	
OL1526578W	1	1	Romance of a missionary	1919	0.86	0.999	njp.32101067627768	/works/OL1526578W	oclc	
OL1526588W	1	1	Dorian	1921	0.86	1.0	njp.32101067627099	/works/OL1526588W	oclc	
OL1526682W	1	1	Mountain-land	1906	0.86	1.0	mdp.39015073311212	/works/OL1526682W	oclc	
OL15266961W	1	1	The boardwalk	1920	0.82	1.0	uc2.ark+=13960=t3pv6bh9x	/works/OL15266961W	oclc	
OL1526698W	2	1	Athalie	1915	0.85	0.999	nyp.33433074809132|uc2.ark+=13960=t55d8pp7h	/works/OL1526698W	oclc	
OL1526705W	1	1	The little red foot	1921	0.87	1.0	uc2.ark+=13960=t4kk9669z	/works/OL1526705W	oclc	
OL1526718W	2	1	The girl Philippa	1916	0.89	1.0	nyp.33433074809389|nyp.33433074941919	/works/OL1526718W	oclc	
OL1526719W	3	1	The haunts of men	1898	0.89	0.998	nc01.ark+=13960=t7sn0zv9j|njp.32101063605479|uc1.b3322481	/works/OL1526719W	oclc	
OL1526726W	2	2	The red republic	1895	0.9	1.0	uc2.ark+=13960=t9x05z112|nyp.33433074809447	/works/OL1526726W	oclc	
OL1526728W	2	1	A young man in a hurry	1904	0.89	1.0	mdp.39015063550027|uc2.ark+=13960=t2x34mw3t	/works/OL1526728W	oclc	
OL1526734W	2	2	Lorraine	1898	0.89	1.0	nyp.33433074809488|mdp.39015039485449	/works/OL1526734W	oclc	
OL1526735W	1	1	The maids of Paradise;	1903	0.88	0.999	uc2.ark+=13960=t21c1tt9v	/works/OL1526735W	oclc	
OL1526737W	1	1	Special messenger	1909	0.87	1.0	uc2.ark+=13960=t52f7kb0f	/works/OL1526737W	oclc	
OL1526738W	3	2	Who goes there!	1915	0.88	1.0	njp.32101063605578|uc2.ark+=13960=t9474889p|nyp.33433074809397	/works/OL1526738W	oclc	
OL1526740W	1	1	Ashes of empire;	1898	0.77	1.0	uc1.b248495	/works/OL1526740W	oclc	
OL1526742W	4	2	The Common law	1911	0.9	1.0	mdp.39015012332626|nyp.33433074809256|uc1.b3322479|uc2.ark+=13960=t3804zn8k	/works/OL1526742W	oclc	
OL1526747W	4	2	Barbarians	1917	0.89	1.0	njp.32101063605388|uc2.ark+=13960=t0zp3w10q|uc1.b3322477|uc2.ark+=13960=t1hh6d50c	/works/OL1526747W	oclc	
OL1526748W	4	2	Cardigan;	1901	0.9	1.0	mdp.39015063753746|uc1.b3561840|njp.32101067937571|uc2.ark+=13960=t6vx06g3q	/works/OL1526748W	oclc	
OL15269096W	4	3	The tragedy of Pudd'nhead Wilson	1894	0.89	1.0	nyp.33433074940903|mdp.39015031806535|uc2.ark+=13960=t3513vw33|mdp.39015010692963	/works/OL15269096W	oclc	
OL1526963W	2	1	The ranche on the Oxhide;	1913	0.87	1.0	nyp.33433082357736|uva.x030825982	/works/OL1526963W	oclc	
OL1526967W	2	1	A pioneer from Kentucky;	1898	0.73	1.0	mdp.39015031239265|nyp.33433076081920	/works/OL1526967W	oclc	
OL1526971W	1	1	The adventures of a country boy at a country fair	1893	0.89	1.0	nyp.33433082357637	/works/OL1526971W	oclc	
OL1526979W	1	1	The boy spies of Philadelphia	1897	0.89	1.0	nyp.33433082357652	/works/OL1526979W	oclc	
OL1526980W	1	1	The boy spies with the regulators	1901	0.71	1.0	nyp.33433082357660	/works/OL1526980W	oclc	
OL1526993W	1	1	A cruise with Paul Jones	1899	0.86	0.999	mdp.39076002630312	/works/OL1526993W	oclc	
OL1527009W	1	1	The minute boys of Boston	1910	0.65	1.0	nyp.33433082347729	/works/OL1527009W	oclc	
OL1527014W	1	1	Neal, the miller	1895	0.84	1.0	nyp.33433082357595	/works/OL1527014W	oclc	
OL1527018W	1	1	"""Our uncle the major"""	1901	0.85	1.0	nyp.33433082547468	/works/OL1527018W	oclc	
OL1527020W	1	1	Sarah Dillard's ride	1899	0.86	1.0	nyp.33433082357587	/works/OL1527020W	oclc	
OL1527046W	3	1	Corporal 'Lige's recruit	1898	0.87	1.0	nyp.33433082348768|uc1.b308301|uc2.ark+=13960=t9v120r1g	/works/OL1527046W	oclc	
OL1527052W	2	1	Off Santiago with Sampson	1899	0.85	1.0	uc1.b3331913|uc2.ark+=13960=t9k35nf62	/works/OL1527052W	oclc	
OL1527059W	1	1	When Dewey came to Manila	1899	0.86	1.0	uc1.b3331915	/works/OL1527059W	oclc	
OL1527073W	2	1	Mr. Stubbs's brother;	1882	0.89	0.997	nyp.33433082547476|uc2.ark+=13960=t3416vd9j	/works/OL1527073W	oclc	
OL1527074W	1	1	Toby Tyler	1881	0.88	0.999	nyp.33433082347679	/works/OL1527074W	oclc	
OL1527144W	1	1	On fighting decks in 1812	1899	0.89	1.0	nyp.33433082531538	/works/OL1527144W	oclc	
OL1527225W	1	1	Stories of old New Spain	1891	0.89	0.999	uc2.ark+=13960=t91834r7c	/works/OL1527225W	oclc	
OL1527226W	1	1	In great waters	1901	0.81	0.997	uc2.ark+=13960=t4nk37973	/works/OL1527226W	oclc	
OL1527229W	3	2	Santa Fé's partner	1907	0.82	1.0	uc2.ark+=13960=t3dz03d2k|nyp.33433076072168|uc2.ark+=13960=t89g5hw2b	/works/OL1527229W	oclc	
OL1527231W	2	2	Color studies	1885	0.89	1.0	wu.89005048756|uc1.b3324245	/works/OL1527231W	oclc	
OL1527233W	2	2	The Aztec treasure house	1890	0.89	1.0	mdp.39015059422140|uc1.l0051158624	/works/OL1527233W	oclc	
OL1527242W	1	1	The emperor;	1913	0.89	1.0	mdp.39015039330488	/works/OL1527242W	oclc	
OL1527246W	1	1	The king;	1913	0.84	1.0	mdp.39015067196843	/works/OL1527246W	oclc	
OL1527249W	1	1	The prince;	1913	0.87	1.0	mdp.39015067196850	/works/OL1527249W	oclc	
OL1527253W	1	1	The romance of Alexander the prince;	1909	0.86	1.0	mdp.39015030155173	/works/OL1527253W	oclc	
OL1527261W	1	1	The romance of Alexander and Roxana	1909	0.8	1.0	nyp.33433081638250	/works/OL1527261W	oclc	
OL1527262W	1	1	The romance of Alexander the king	1909	0.76	1.0	wu.89100336544	/works/OL1527262W	oclc	
OL1527266W	3	1	The romance of Gilbert Holmes;	1900	0.89	0.999	uc2.ark+=13960=t91835t9n|uc2.ark+=13960=t9s17v90s|wu.89005369384	/works/OL1527266W	oclc	
OL1527438W	3	1	By the marshes of Minas	1900	0.89	1.0	mdp.39015023536157|uc1.b3327167|uc2.ark+=13960=t3vt1k06z	/works/OL1527438W	oclc	
OL1527441W	1	1	Jim;	1919	0.88	0.999	uc2.ark+=13960=t9r20tz27	/works/OL1527441W	oclc	
OL1527443W	5	2	Barbara Ladd	1902	0.89	1.0	uc1.b3327166|uc2.ark+=13960=t33201p70|mdp.39015002718164|nyp.33433081604278|uc2.ark+=13960=t9z030t96	/works/OL1527443W	oclc	
OL1527521W	1	1	A country idyl	1898	0.8	0.998	uc2.ark+=13960=t8cf9kz8r	/works/OL1527521W	oclc	
OL1527586W	3	2	The master of the strong hearts;	1910	0.89	1.0	mdp.39015006950888|nyp.33433067329353|uc1.b111963	/works/OL1527586W	oclc	
OL1527594W	2	1	A boy of the first empire	1895	0.82	1.0	njp.32101067630408|uc2.ark+=13960=t6nz8174h	/works/OL1527594W	oclc	
OL1527723W	1	1	In treaty with honor;	1906	0.86	1.0	nyp.33433074845797	/works/OL1527723W	oclc	
OL1527725W	2	1	The heroine of the Strait;	1902	0.87	0.998	mdp.39015011423228|uc2.ark+=13960=t5p84519h	/works/OL1527725W	oclc	
OL1527726W	2	1	A daughter of New France;	1901	0.89	1.0	mdp.39015013505477|uc2.ark+=13960=t39020g5v	/works/OL1527726W	oclc	
OL1527751W	1	1	The chatelaine of the roses;	1897	0.88	1.0	nyp.33433074848585	/works/OL1527751W	oclc	
OL1527774W	1	1	The disappearance of John Longworthy	1890	0.84	1.0	nnc1.1002186551	/works/OL1527774W	oclc	
OL1527785W	1	1	The life around us	1885	0.76	1.0	uc2.ark+=13960=t9h41kr0k	/works/OL1527785W	oclc	
OL1527865W	2	1	Aurora the Magnificent	1917	0.89	1.0	mdp.39015063547999|uc2.ark+=13960=t6154j990	/works/OL1527865W	oclc	
OL1527908W	1	1	The boy geologist	1907	0.78	1.0	nyp.33433082547435	/works/OL1527908W	oclc	
OL1527978W	1	1	A Georgian actress	1900	0.8	0.995	uc2.ark+=13960=t5j962372	/works/OL1527978W	oclc	
OL1527981W	1	1	The Washingtonians	1902	0.82	1.0	uc2.ark+=13960=t1wd3r12x	/works/OL1527981W	oclc	
OL1527982W	2	1	Mademoiselle de Berny;	1897	0.84	1.0	uc2.ark+=13960=t7fq9qr2x|wu.89098854441	/works/OL1527982W	oclc	
OL1527983W	1	1	Ye lyttle Salem maide	1898	0.81	1.0	uc2.ark+=13960=t2s46hc3q	/works/OL1527983W	oclc	
OL1527986W	3	1	Tuen, slave and empress	1898	0.83	1.0	nnc1.cr60012960|uc1.b3326188|uc2.ark+=13960=t9h41tm4m	/works/OL1527986W	oclc	
OL1528042W	1	1	Over here stories	1918	0.81	1.0	nyp.33433082484563	/works/OL1528042W	oclc	
OL1528057W	1	1	The heiress of Kilorgan; or, Evenings with the old Geraldines	1902	0.81	1.0	njp.32101065835322	/works/OL1528057W	oclc	
OL1528072W	1	1	McCarthy More	1900	0.69	1.0	njp.32101065835348	/works/OL1528072W	oclc	
OL1528095W	1	1	Abandoning an adopted farm	1894	0.77	0.999	uc2.ark+=13960=t8sb3xh6h	/works/OL1528095W	oclc	
OL1528402W	1	1	The grapes of wrath	1901	0.77	1.0	nyp.33433076023930	/works/OL1528402W	oclc	
OL15284727W	1	1	Myths and motherplays	1895	0.81	0.992	uc2.ark+=13960=t6zw1bb22	/works/OL15284727W	oclc	
OL1528514W	1	1	The four Corners in California	1907	0.89	1.0	njp.32101066164722	/works/OL1528514W	oclc	
OL1528534W	1	1	A daughter of freedom;	1900	0.88	1.0	njp.32101066164730	/works/OL1528534W	oclc	
OL1528536W	1	1	The four Corners abroad	1909	0.89	0.999	uc2.ark+=13960=t25b00j10	/works/OL1528536W	oclc	
OL1528541W	1	1	A revolutionary maid;	1899	0.88	1.0	uc2.ark+=13960=t9j38m64c	/works/OL1528541W	oclc	
OL1528543W	1	1	A heroine of 1812	1901	0.88	1.0	njp.32101066120294	/works/OL1528543W	oclc	
OL1528587W	2	1	A successful venture	1897	0.89	1.0	njp.32101064788423|uc2.ark+=13960=t3707zg1s	/works/OL1528587W	oclc	
OL1528611W	1	1	The fortunes of the fellow	1898	0.85	0.944	mdp.39076002225584	/works/OL1528611W	oclc	
OL1528618W	1	1	The heart of Old Hickory and other stories of Tennessee	1895	0.88	0.97	nyp.33433074848502	/works/OL1528618W	oclc	
OL1528634W	1	1	The cruise of the make-believes	1907	0.88	1.0	uc2.ark+=13960=t25b00s0n	/works/OL1528634W	oclc	
OL1528673W	4	2	The reds of the Midi	1896	0.9	1.0	mdp.39015033826382|uc1.b254626|uc2.ark+=13960=t3ws8kk3r|njp.32101077740403	/works/OL1528673W	oclc	
OL1528697W	1	1	The changing pulse of Madame Touraine	1905	0.88	1.0	njp.32101067633576	/works/OL1528697W	oclc	
OL1528708W	2	1	Don Balasco of Key West;	1896	0.74	1.0	uc1.b112380|uc2.ark+=13960=t27943354	/works/OL1528708W	oclc	
OL1528711W	1	1	A princess of Paris;	1894	0.89	1.0	uc2.ark+=13960=t58c9sp1t	/works/OL1528711W	oclc	
OL1528713W	2	1	Bob Covington	1897	0.89	0.998	uc1.b249414|uc2.ark+=13960=t2k64dc03	/works/OL1528713W	oclc	
OL1528714W	2	2	A Florida enchantment	1891	0.89	0.998	uc2.ark+=13960=t5db7x906|uc1.b249400	/works/OL1528714W	oclc	
OL1528716W	1	1	My Japanese prince	1904	0.86	1.0	uc2.ark+=13960=t83j3bh0f	/works/OL1528716W	oclc	
OL1528721W	1	1	Mr. Potter of Texas ;	1895	0.65	1.0	uc2.ark+=13960=t0js9h82v	/works/OL1528721W	oclc	
OL1528775W	3	2	Making over Martha	1913	0.89	1.0	uc2.ark+=13960=t3zs2kn9w|nyp.33433076074677|uc2.ark+=13960=t5k931q5x	/works/OL1528775W	oclc	
OL1528785W	3	3	Five little Peppers and how they grew	1909	0.89	1.0	uc2.ark+=13960=t6ww7b699|mdp.39015024483136|uc2.ark+=13960=t6348hv44	/works/OL1528785W	oclc	
OL1528794W	1	1	Five little Peppers midway	1893	0.89	0.999	uc2.ark+=13960=t1xd0rw7q	/works/OL1528794W	oclc	
OL1528814W	1	1	The judges' cave;	1900	0.89	1.0	nyp.33433074879051	/works/OL1528814W	oclc	
OL1528815W	1	1	A little maid of Boston town	1910	0.87	0.986	mdp.39076002607468	/works/OL1528815W	oclc	
OL1528818W	1	1	Our Davie Pepper	1916	0.84	0.999	uc2.ark+=13960=t21c1v37w	/works/OL1528818W	oclc	
OL1528824W	2	1	Five little Peppers at school	1903	0.9	1.0	uc1.b4088273|uc2.ark+=13960=fk3fx74335	/works/OL1528824W	oclc	
OL1528826W	2	2	Five little Peppers grown up	1893	0.89	0.999	uc2.ark+=13960=t2q52fv79|nyp.33433082548268	/works/OL1528826W	oclc	
OL15300751W	2	1	The son of a servant	1913	0.74	1.0	mdp.39015055052214|uc2.ark+=13960=t3qv3kn5v	/works/OL15300751W	oclc	
OL15301658W	2	2	The valley of the moon	1913	0.9	1.0	uc2.ark+=13960=t49p2xg56|uc2.ark+=13960=t3qv3d77c	/works/OL15301658W	oclc	
OL15301659W	4	2	The mutiny of the Elsinore	1914	0.86	1.0	nyp.33433081602876|uc1.b4102217|uc2.ark+=13960=fk0gt5fd0f|uva.x000197189	/works/OL15301659W	oclc	
OL15308487W	1	1	The brethren of Mount Atlas	1891	0.88	1.0	dul1.ark+=13960=t3vt2bt5q	/works/OL15308487W	oclc	
OL15323645W	1	1	Two true California stories	1883	0.89	1.0	nyp.33433044801284	/works/OL15323645W	oclc	
OL15336996W	3	1	Mooswa	1900	0.83	1.0	nyp.33433074854658|uc1.b249880|uc2.ark+=13960=t8w952167	/works/OL15336996W	oclc	
OL15352802W	1	1	Number 49 Tinkham Street	1895	0.89	1.0	wu.89098014814	/works/OL15352802W	oclc	
OL15353515W	1	1	The new Gulliver and other stories	1912	0.8	0.999	dul1.ark+=13960=t0qr5jw3h	/works/OL15353515W	oclc	
OL15358780W	1	1	The island of anarchy	1887	0.86	1.0	dul1.ark+=13960=t6834jn51	/works/OL15358780W	oclc	
OL1537000W	1	1	In story-land	1895	0.87	0.999	wu.89098884224	/works/OL1537000W	oclc	
OL1537051W	1	1	The house of the sphinx	1907	0.85	1.0	nyp.33433074847892	/works/OL1537051W	oclc	
OL1539023W	1	1	Dr. Tam O'Shanter	1921	0.87	1.0	nyp.33433076054802	/works/OL1539023W	oclc	
OL15409W	1	1	Heather and snow	1893	0.84	0.998	nyp.33433074875927	/works/OL15409W	oclc	
OL15411713W	5	1	"Tales from ""Blackwood."""	1889	0.9	1.0	uc2.ark+=13960=t20c4xb66|uc2.ark+=13960=t3hx19j1b|uc2.ark+=13960=t5bc3xz0x|uc2.ark+=13960=t6h13098g|uc2.ark+=13960=t81j9cd7j	/works/OL15411713W	oclc	
OL15414W	1	1	Warlock O'Glenwarlock;	1881	0.88	1.0	uc1.b4105368	/works/OL15414W	oclc	
OL1541765W	1	1	Clair de lune	1913	0.72	0.998	uc2.ark+=13960=t0wp9tb8f	/works/OL1541765W	oclc	
OL1541804W	1	1	The little house in the woods	1918	0.87	0.999	uc2.ark+=13960=t25b01p4n	/works/OL1541804W	oclc	
OL15419362W	4	1	An American girl in London	1891	0.89	1.0	mdp.39015063546942|nyp.33433074944442|uc1.b248494|uc2.ark+=13960=t6348k996	/works/OL15419362W	oclc	
OL15421W	1	1	Mary Marston	1890	0.84	1.0	uc1.b4102464	/works/OL15421W	oclc	
OL15425W	2	1	There and back	1891	0.84	1.0	nyp.33433074875562|uc1.b4104370	/works/OL15425W	oclc	
OL15430392W	1	1	In the saddle	1895	0.89	1.0	nc01.ark+=13960=t20c5qz27	/works/OL15430392W	oclc	
OL15430394W	1	1	Brother against brother;	1894	0.89	1.0	nc01.ark+=13960=t5n881h2z	/works/OL15430394W	oclc	
OL15431768W	2	1	The autobiography of Shakespeare	1911	0.73	1.0	njp.32101068144953|uc2.ark+=13960=t5w66cv5r	/works/OL15431768W	oclc	
OL15434831W	2	1	Smith's battery	1898	0.86	1.0	nc01.ark+=13960=t1mg8d70m|nyp.33433074810841	/works/OL15434831W	oclc	
OL15435940W	1	1	Adventures of a fair rebel	1891	0.89	1.0	nc01.ark+=13960=t4dn4xh0k	/works/OL15435940W	oclc	
OL154396W	1	1	The lost valley	1921	0.89	1.0	uc2.ark+=13960=t1qf8m664	/works/OL154396W	oclc	
OL15439W	2	1	What's mine's mine	1886	0.89	1.0	uc1.$b349058|uc2.ark+=13960=t4gm84w4q	/works/OL15439W	oclc	
OL15440W	1	1	Donal Grant	1883	0.81	1.0	uc1.b4102471	/works/OL15440W	oclc	
OL1544813W	1	1	Nobody's girl	1922	0.83	1.0	uva.x001870245	/works/OL1544813W	oclc	
OL1544982W	5	2	Parisian points of view	1894	0.88	0.999	mdp.39015039506467|mdp.39015066078752|uc1.b317754|nyp.33433075826259|uc2.ark+=13960=t3319vq40	/works/OL1544982W	oclc	
OL1546018W	1	1	The adventures of a donkey;	1880	0.89	0.997	uc2.ark+=13960=t9r20tg2z	/works/OL1546018W	oclc	
OL1546079W	3	1	Within an inch of his life	1915	0.89	1.0	mdp.39015034104169|uc2.ark+=13960=t2w37mb7d|uc2.ark+=13960=t6vx06q7s	/works/OL1546079W	oclc	
OL15468749W	1	1	The house opposite	1902	0.89	0.999	njp.32101068971876	/works/OL15468749W	oclc	
OL1547669W	2	1	Benoit Castain	1916	0.83	1.0	njp.32101069158465|uc2.ark+=13960=t75t3jh9c	/works/OL1547669W	oclc	
OL15508230W	2	1	Think and thank	1890	0.88	1.0	uc1.b3321284|uc2.ark+=13960=t01z42834	/works/OL15508230W	oclc	
OL1551142W	1	1	Felicitas	1903	0.87	0.999	wu.89049670433	/works/OL1551142W	oclc	
OL15513193W	2	1	The iron game	1891	0.89	1.0	nc01.ark+=13960=t39z9z84k|njp.32101068970902	/works/OL15513193W	oclc	
OL15515111W	2	1	Sweet revenge	1897	0.89	1.0	nc01.ark+=13960=t9r21r70d|nyp.33433076046246	/works/OL15515111W	oclc	
OL15516229W	1	1	Red Rock;	1900	0.9	1.0	nyp.33433076050016	/works/OL15516229W	oclc	
OL155256W	3	2	Miss Minerva and William Green Hill	1909	0.83	1.0	nyp.33433074863378|uc2.ark+=13960=t6ww78n99|uc2.ark+=13960=t9280709w	/works/OL155256W	oclc	
OL15532015W	1	1	From dust to ashes	1895	0.88	1.0	nc01.ark+=13960=t7tm8177b	/works/OL15532015W	oclc	
OL15551202W	2	1	God's war	1899	0.61	1.0	nc01.ark+=13960=t76t1g68k|njp.32101064670571	/works/OL15551202W	oclc	
OL15555126W	1	1	The blockade runner	1896	0.9	1.0	nc01.ark+=13960=t4vh6bm47	/works/OL15555126W	oclc	
OL15578053W	1	1	First love	1907	0.82	1.0	mdp.39015008640982	/works/OL15578053W	oclc	
OL15605702W	2	1	Grania	1892	0.84	1.0	uiuo.ark+=13960=t5cc1kf13|uiuo.ark+=13960=t7dr3f11g	/works/OL15605702W	oclc	
OL1562121W	1	1	Matka and Kotik;	1897	0.84	0.998	uc2.ark+=13960=t4gm82p9m	/works/OL1562121W	oclc	
OL1562123W	3	2	The story of Matka	1910	0.7	1.0	mdp.39015063920386|uc2.ark+=13960=t0pr7nq8c|nyp.33433008282059	/works/OL1562123W	oclc	
OL156667W	1	1	A night out	1909	0.81	0.999	uc2.ark+=13960=t7cr5q73w	/works/OL156667W	oclc	
OL156879W	2	1	The new fraternity;	1916	0.84	1.0	nyp.33433076088248|uc2.ark+=13960=t9x06245z	/works/OL156879W	oclc	
OL15693026W	2	1	The bridal march	1882	0.89	1.0	uc2.ark+=13960=t4nk3b64j|wu.89089201776	/works/OL15693026W	oclc	
OL15697867W	1	1	Highly colored	1920	0.89	1.0	uva.x000987042	/works/OL15697867W	oclc	
OL15698347W	3	1	The Cossacks;	1888	0.89	1.0	nyp.33433073356481|uc1.b318961|uc2.ark+=13960=t1xd0vw6g	/works/OL15698347W	oclc	
OL15700091W	1	1	Per Hallström	1922	0.85	0.998	mdp.39015030064581	/works/OL15700091W	oclc	
OL15719007W	1	1	Wakulla;	1913	0.83	1.0	uva.x001229300	/works/OL15719007W	oclc	
OL15746810W	39	2	German fiction	1917	0.85	1.0	uc1.b4068611|njp.32101054938236|njp.32101054938244|njp.32101054938251|njp.32101054938269|njp.32101054938277|njp.32101054938285|njp.32101054938293|njp.32101054938301|njp.32101054938319|njp.32101054938327|njp.32101054938335|njp.32101054938343|njp.32101054938350|njp.32101054938368|njp.32101054938376|njp.32101054938384|njp.32101054938392|njp.32101054938400|njp.32101054938418|njp.32101054938426|uc2.ark+=13960=t02z17t9f|uc2.ark+=13960=t04x58683|uc2.ark+=13960=t05x2bh5p|uc2.ark+=13960=t08w3f60f|uc2.ark+=13960=t0js9r006|uc2.ark+=13960=t2f76cf89|uc2.ark+=13960=t2h70f76t|uc2.ark+=13960=t35142v40|uc2.ark+=13960=t3cz37g5d|uc2.ark+=13960=t44q7zr9t|uc2.ark+=13960=t4zg6nj4n|uc2.ark+=13960=t5v69g63b|uc2.ark+=13960=t72v2jx1x|uc2.ark+=13960=t7pn94m13|uc2.ark+=13960=t8gf0w58p|uc2.ark+=13960=t8rb73925|uc2.ark+=13960=t8sb43m9r|uc2.ark+=13960=t9d50q92d	/works/OL15746810W	oclc	
OL15749416W	2	1	Frontier stories	1887	0.89	1.0	loc.ark+=13960=t90874q4p|mdp.39015014554532	/works/OL15749416W	oclc	
OL1579286W	1	1	A hero of our time	1916	0.88	0.999	uc1.b5296851	/works/OL1579286W	oclc	
OL15844326W	1	1	Noa-Noa	1919	0.63	0.999	yale.39002009214207	/works/OL15844326W	oclc	
OL15849063W	2	2	Ursule Mirouët	1897	0.89	1.0	uc2.ark+=13960=t2d797c35|uc2.ark+=13960=t09w0bs1g	/works/OL15849063W	oclc	
OL15856842W	1	1	A story-teller's pack	1897	0.9	0.999	uc1.b3325127	/works/OL15856842W	oclc	
OL1586933W	2	1	Democracy	1919	0.85	1.0	nyp.33433074959978|uc2.ark+=13960=t7jq0wm36	/works/OL1586933W	oclc	
OL1590469W	1	1	A pillar of salt	1901	0.88	1.0	mdp.39015063941937	/works/OL1590469W	oclc	
OL1590475W	3	2	The taste of apples	1913	0.9	1.0	nyp.33433076069503|mdp.39015063942083|uc2.ark+=13960=t10p0z81m	/works/OL1590475W	oclc	
OL1595671W	1	1	Rab and his friends and other dogs and men	1890	0.5	1.0	uc2.ark+=13960=t82j6bb7d	/works/OL1595671W	oclc	
OL15984722W	2	1	At the emperor's wish;	1905	0.88	1.0	uc2.ark+=13960=t75t3hr55|uva.x030742129	/works/OL15984722W	oclc	
OL16066813W	1	1	Old Fritz and the new era	1907	0.82	1.0	uc2.ark+=13960=t9r20v080	/works/OL16066813W	oclc	
OL16102222W	1	1	The queen of Appalachia	1901	0.87	1.0	dul1.ark+=13960=t3708qx2k	/works/OL16102222W	oclc	
OL16102236W	2	1	Attraction of the compass;	1912	0.87	1.0	dul1.ark+=13960=t0xp7p33s|nyp.33433074808449	/works/OL16102236W	oclc	
OL16102275W	1	1	The rice mills of Port Mystery	1892	0.88	1.0	dul1.ark+=13960=t2x35g97v	/works/OL16102275W	oclc	
OL16102313W	1	1	The scarlet empire	1906	0.84	1.0	dul1.ark+=13960=t3vt2bh65	/works/OL16102313W	oclc	
OL1617347W	1	1	A daughter of the Huguenots	1901	0.79	1.0	mdp.39076002266356	/works/OL1617347W	oclc	
OL1617350W	2	1	Great-grandmother's girls in New Mexico, 1670-1680	1888	0.89	0.999	inu.39000002764871|loc.ark+=13960=t7vm4m44c	/works/OL1617350W	oclc	
OL1617369W	2	1	Three Vassar girls in Switzerland	1890	0.88	1.0	loc.ark+=13960=t0sq9jx47|wu.89098856586	/works/OL1617369W	oclc	
OL1617370W	1	1	Three Vassar girls in the Holy land	1892	0.87	0.999	loc.ark+=13960=t57d3jz2r	/works/OL1617370W	oclc	
OL1617377W	2	1	Anneke	1900	0.89	1.0	uc2.ark+=13960=t48p5ww4h|wu.89098014681	/works/OL1617377W	oclc	
OL1617381W	2	1	Margarita;	1902	0.89	1.0	njp.32101063605636|uc2.ark+=13960=t0ft8gz7v	/works/OL1617381W	oclc	
OL1617382W	2	1	Romance of old Belgium	1915	0.64	0.998	nyp.33433074811450|uc2.ark+=13960=t2f769d5k	/works/OL1617382W	oclc	
OL1617385W	1	1	Romance of the Bourbon châteaux	1903	0.72	0.997	uc2.ark+=13960=t4mk6cf5d	/works/OL1617385W	oclc	
OL1617387W	1	1	Rosemary and rue	1881	0.88	0.998	nyp.33433074811955	/works/OL1617387W	oclc	
OL1617390W	2	1	Three Vassar girls in South America	1885	0.65	1.0	nc01.ark+=13960=t07w6kq33|wu.89098878499	/works/OL1617390W	oclc	
OL1617391W	1	1	Witch Winnie at Versailles	1895	0.78	0.997	uc2.ark+=13960=t9s17v500	/works/OL1617391W	oclc	
OL1617748W	1	1	The Jesuit's ring;	1887	0.8	1.0	uva.x030741673	/works/OL1617748W	oclc	
OL1617865W	2	2	Rifle, rod, and gun in California;	1889	0.89	1.0	uc2.ark+=13960=t0ms3km7x|mdp.39015064001079	/works/OL1617865W	oclc	
OL1618858W	1	1	Dan of Millbrook	1894	0.83	1.0	nyp.33433074947148	/works/OL1618858W	oclc	
OL1618862W	3	1	Daughters of the revolution and their times, 1769-1776;	1895	0.6	1.0	njp.32101066457126|uc1.$b798990|uc2.ark+=13960=t4dn4098k	/works/OL1618862W	oclc	
OL1619918W	2	1	Pine and palm	1887	0.9	1.0	uc1.b248930|uc2.ark+=13960=t03x8619b	/works/OL1619918W	oclc	
OL162042W	1	1	The cave twins	1916	0.87	0.999	wu.89070585153	/works/OL162042W	oclc	
OL162046W	1	1	The Japanese twins	1912	0.88	0.999	umn.31951000912690j	/works/OL162046W	oclc	
OL162047W	1	1	The Swiss twins	1922	0.87	1.0	uc2.ark+=13960=t7zk56775	/works/OL162047W	oclc	
OL162049W	1	1	The Belgian twins	1917	0.87	0.998	uc2.ark+=13960=t3mw2bj26	/works/OL162049W	oclc	
OL162050W	1	1	The Scotch twins	1919	0.87	0.99	mdp.39076002154784	/works/OL162050W	oclc	
OL162052W	2	1	The Eskimo twins	1914	0.8	0.999	uc2.ark+=13960=t2x34ps4s|uva.x002015397	/works/OL162052W	oclc	
OL162053W	2	1	The French twins	1918	0.87	0.999	nc01.ark+=13960=t6b28zq5p|uc2.ark+=13960=t00z71t9m	/works/OL162053W	oclc	
OL162103W	1	1	An incarnation of the snow	1908	0.7	1.0	uc2.ark+=13960=t2x34pz03	/works/OL162103W	oclc	
OL162105W	3	1	A digit of the moon and other love stories from the Hindoo;	1905	0.84	1.0	mdp.39015063525755|nyp.33433074920806|uc2.ark+=13960=t7tm74719	/works/OL162105W	oclc	
OL1622789W	2	1	The social cancer;	1912	0.77	0.999	nyp.33433075866735|uc2.ark+=13960=t59c6v02b	/works/OL1622789W	oclc	
OL16246212W	1	1	The complete short stories of Guy de Maupassant	1903	0.85	1.0	mdp.39015033410633	/works/OL16246212W	oclc	
OL16269918W	1	1	The flower princess	1904	0.84	1.0	nyp.33433079545814	/works/OL16269918W	oclc	
OL16278601W	2	1	Atlantic narratives;	1918	0.86	1.0	mdp.39015058691125|uc2.ark+=13960=t6057f54c	/works/OL16278601W	oclc	
OL16278676W	1	1	Luke Walton	1910	0.89	1.0	nc01.ark+=13960=t3mw3fg3d	/works/OL16278676W	oclc	
OL16278986W	1	1	A lost hero	1891	0.7	0.991	nyp.33433076073372	/works/OL16278986W	oclc	
OL16281W	1	1	Stray papers	1901	0.5	1.0	mdp.39015062978146	/works/OL16281W	oclc	
OL16284083W	1	1	"""Moses"";"	1903	0.59	1.0	uc2.ark+=13960=t8kd1s403	/works/OL16284083W	oclc	
OL16286043W	1	1	The Musgrove ranch	1888	0.88	1.0	uc2.ark+=13960=t3901zs34	/works/OL16286043W	oclc	
OL16289734W	2	1	Sforza	1889	0.88	1.0	nyp.33433082173265|uc2.ark+=13960=t8hd7pc2m	/works/OL16289734W	oclc	
OL16290829W	1	1	Six prize Hawaiian stories of the Kilohana Art League	1899	0.87	1.0	uc2.ark+=13960=t00z7111f	/works/OL16290829W	oclc	
OL16304117W	5	2	Stories of the army	1894	0.88	1.0	mdp.39015059901523|nyp.33433082293949|mdp.39015059901531|uc2.ark+=13960=t3222rq63|uc2.ark+=13960=t6348h64m	/works/OL16304117W	oclc	
OL16304942W	2	1	Subdued southern nobility	1882	0.9	1.0	njp.32101067640829|uc2.ark+=13960=t10p0wv6t	/works/OL16304942W	oclc	
OL16312657W	2	1	The home and the world	1919	0.8	1.0	mdp.39015008551015|mdp.39015055590288	/works/OL16312657W	oclc	
OL16313209W	1	1	The Sturdy oak;	1917	0.89	0.999	uc2.ark+=13960=t45q4st4d	/works/OL16313209W	oclc	
OL16313660W	2	1	The witch of Salem; or, Credulity run mad	1893	0.89	1.0	njp.32101041380468|uc2.ark+=13960=t26970b2d	/works/OL16313660W	oclc	
OL16313666W	3	1	With Sam Houston in Texas;	1916	0.53	1.0	nnc1.1002218054|uc1.$b725926|uc2.ark+=13960=t9z03077m	/works/OL16313666W	oclc	
OL16313818W	1	1	Yule logs	1898	0.89	1.0	uc2.ark+=13960=t9p26rn3h	/works/OL16313818W	oclc	
OL16317122W	1	1	The Best short stories of 1917	1918	0.83	1.0	uc2.ark+=13960=t9p26ts72	/works/OL16317122W	oclc	
OL16317645W	1	1	Boy's book of the army	1907	0.86	0.999	uc2.ark+=13960=t1xd0tp3x	/works/OL16317645W	oclc	
OL16317917W	1	1	The Brighton boys in the Argonne Forest	1920	0.83	1.0	nyp.33433082532064	/works/OL16317917W	oclc	
OL16318110W	1	1	The broncho rider boys along the border	1914	0.89	1.0	nyp.33433082303110	/works/OL16318110W	oclc	
OL16324748W	1	1	A Colorado colonel and other sketches	1901	0.84	1.0	uc1.b3687479	/works/OL16324748W	oclc	
OL16326006W	2	1	Eleven possible cases	1891	0.88	1.0	uc1.$b382267|uc2.ark+=13960=t2b856p2h	/works/OL16326006W	oclc	
OL16326522W	1	1	Skipper Worse	1885	0.8	0.998	mdp.39015030026887	/works/OL16326522W	oclc	
OL163267W	2	1	Apron-strings	1917	0.84	1.0	nyp.33433076068943|uc2.ark+=13960=t7br8r556	/works/OL163267W	oclc	
OL16327071W	1	1	Fairview boys at Light-house Cove, or, Carried out to sea	1914	0.86	1.0	nyp.33433082304282	/works/OL16327071W	oclc	
OL16327086W	1	1	Fairview boys at Camp Mystery, or, The old hermit and his secret	1914	0.87	1.0	nyp.33433082304274	/works/OL16327086W	oclc	
OL163273W	2	2	The poor little rich girl	1913	0.84	1.0	uc2.ark+=13960=t2d797s9f|uva.x004614893	/works/OL163273W	oclc	
OL16329054W	1	1	If I were the king	1911	0.81	0.997	nyp.33433082347505	/works/OL16329054W	oclc	
OL16329353W	1	1	The invasion of France in 1814;	1900	0.9	1.0	njp.32101067522985	/works/OL16329353W	oclc	
OL16329802W	3	1	Library of the world's best mystery and detective stories	1908	0.83	1.0	wu.89004183901|wu.89004183935|wu.89004183943	/works/OL16329802W	oclc	
OL16330055W	2	1	Loveday's history	1884	0.89	0.999	uc1.b251221|uc2.ark+=13960=t1fj2cw6g	/works/OL16330055W	oclc	
OL16332353W	1	1	The river motor boat boys on the Mississippi, or, On the trail to the gulf	1913	0.89	1.0	nyp.33433082304100	/works/OL16332353W	oclc	
OL16332378W	1	1	The river motor boat boys on the St. Lawrence, or, The lost channel	1913	0.89	1.0	nyp.33433082304092	/works/OL16332378W	oclc	
OL1633253W	3	1	The secret of the Australian desert	1896	0.75	1.0	mdp.39015078569608|uc1.b249741|uc2.ark+=13960=t0bv7b859	/works/OL1633253W	oclc	
OL16332842W	1	1	The short-story;	1907	0.8	1.0	mdp.39015030995941	/works/OL16332842W	oclc	
OL16333153W	2	1	Stories from English history	1897	0.86	0.999	uc1.b54689|uc2.ark+=13960=t0wp9w24r	/works/OL16333153W	oclc	
OL16333415W	1	1	The tale of Jolly Robin	1917	0.84	0.999	nyp.33433082524566	/works/OL16333415W	oclc	
OL16333421W	1	1	The tale of Solomon Owl	1917	0.81	1.0	nyp.33433082524863	/works/OL16333421W	oclc	
OL16333428W	1	1	The tale of Buster Bumblebee	1918	0.87	0.998	nyp.33433082524848	/works/OL16333428W	oclc	
OL16333640W	1	1	The totem of Black Hawk	1914	0.83	1.0	uiuo.ark+=13960=t5r787x3w	/works/OL16333640W	oclc	
OL16420066W	1	1	On fortune's road	1902	0.88	1.0	nyp.33433076051063	/works/OL16420066W	oclc	
OL16446473W	1	1	A book of short stories;	1918	0.6	1.0	uva.x030797255	/works/OL16446473W	oclc	
OL16459277W	1	1	'A439'	1900	0.79	1.0	nyp.33433082269550	/works/OL16459277W	oclc	
OL164631W	1	1	Confessions of a Macedonian bandit	1909	0.79	1.0	njp.32101041610765	/works/OL164631W	oclc	
OL16466944W	20	1	Short story classics (American)	1905	0.88	1.0	mdp.39015057226451|mdp.39015057226592|mdp.39015057226600|mdp.39015057226618|mdp.39015057226626|nyp.33433082295043|nyp.33433082295050|nyp.33433082295068|nyp.33433082295282|nyp.33433082295290|uc1.b3037983|uc1.b3037984|uc1.b3037985|uc1.b3037986|uc1.b3037987|uc1.b3335535|uc1.b3335536|uc1.b3335537|uc1.b3335538|uc1.b3335539	/works/OL16466944W	oclc	
OL1654057W	1	1	The conscript; a story of the French war of 1813	1898	0.74	1.0	uc2.ark+=13960=t5h99247b	/works/OL1654057W	oclc	
OL1654074W	1	1	"The plébiscite, or, A miller's story of the war, by one of the 7,500,000 who voted ""Yes"""	1898	0.71	1.0	uc2.ark+=13960=t41r70w1k	/works/OL1654074W	oclc	
OL1654083W	1	1	Madame Thérèse; or, The volunteers of '92;	1898	0.89	1.0	mdp.39015065817036	/works/OL1654083W	oclc	
OL1654085W	2	1	The plébiscite;	1901	0.6	1.0	mdp.39015028987702|uc2.ark+=13960=t1cj88x3w	/works/OL1654085W	oclc	
OL1654087W	1	1	The blockade of Phalsburg;	1898	0.83	1.0	uc2.ark+=13960=t55d8r653	/works/OL1654087W	oclc	
OL1654089W	2	1	The plébiscite or, a miller's story of the war	1911	0.7	1.0	uc2.ark+=13960=t38051603|uva.x001213251	/works/OL1654089W	oclc	
OL16550979W	1	1	The little lame prince and his traveling cloak	1900	0.79	0.999	nc01.ark+=13960=t2c83cq13	/works/OL16550979W	oclc	
OL1656798W	3	1	Valentin, and Number seventeen	1895	0.81	1.0	nyp.33433074866983|uc1.b3326175|uc2.ark+=13960=t78s4tj8m	/works/OL1656798W	oclc	
OL16579074W	1	1	Diddie, Dumps, and Tot, or, Plantation child-life	1882	0.88	0.992	nc01.ark+=13960=t1ng5vd88	/works/OL16579074W	oclc	
OL16579081W	2	1	Camp mates in Michigan	1913	0.89	1.0	mdp.39015071616127|nc01.ark+=13960=t4gm99h1s	/works/OL16579081W	oclc	
OL16581810W	1	1	The wind in the willows	1913	0.89	1.0	nc01.ark+=13960=t1ng5r868	/works/OL16581810W	oclc	
OL16583913W	1	1	The black horse	1908	0.85	1.0	nc01.ark+=13960=t3bz7954x	/works/OL16583913W	oclc	
OL16583930W	1	1	Robinson Crusoe, in words of one syllable	1900	0.81	0.999	nc01.ark+=13960=t16m4bv9b	/works/OL16583930W	oclc	
OL16583951W	1	1	Heroes every child should know	1907	0.55	1.0	nc01.ark+=13960=t9v134v87	/works/OL16583951W	oclc	
OL16583952W	1	1	Masterman ready	1909	0.88	1.0	nc01.ark+=13960=t0ns1vn8q	/works/OL16583952W	oclc	
OL16583990W	1	1	Strange stories of the Civil War	1907	0.75	1.0	nc01.ark+=13960=t9z047j11	/works/OL16583990W	oclc	
OL16612723W	1	1	Wild roses;	1916	0.88	1.0	njp.32101068177037	/works/OL16612723W	oclc	
OL16621178W	1	1	The perfect tribute	1912	0.56	1.0	mdp.39015063739828	/works/OL16621178W	oclc	
OL16621180W	1	1	The perfect tribute	1914	0.59	1.0	mdp.39015006949914	/works/OL16621180W	oclc	
OL16621196W	1	1	The counsel assigned	1914	0.68	0.999	nyp.33433082174537	/works/OL16621196W	oclc	
OL16632418W	2	1	Under MacArthur in Luzon	1901	0.89	1.0	nc01.ark+=13960=t5gb3777h|nyp.33433082180591	/works/OL16632418W	oclc	
OL16632419W	1	1	On to Pekin, or, Old glory in China	1900	0.75	1.0	nc01.ark+=13960=t8sb56w4j	/works/OL16632419W	oclc	
OL16648956W	1	1	In the boyhood of Lincoln;	1893	0.7	1.0	njp.32101068175148	/works/OL16648956W	oclc	
OL16657207W	2	1	A girl of the Limberlost	1909	0.89	1.0	mdp.39015080461604|nc01.ark+=13960=t8md02q6v	/works/OL16657207W	oclc	
OL16659081W	1	1	On the wing of occasions	1904	0.88	1.0	uc2.ark+=13960=t3028s344	/works/OL16659081W	oclc	
OL166765W	2	2	The privateersman	1888	0.88	1.0	uc2.ark+=13960=t6930qc0w|uc2.ark+=13960=t4sj1c32s	/works/OL166765W	oclc	
OL16691576W	1	1	The revelation in the mountain	1909	0.73	1.0	wu.89077009413	/works/OL16691576W	oclc	
OL166968W	2	1	Injury and insult	1887	0.89	1.0	uc1.b319108|uc2.ark+=13960=t2k64fx6k	/works/OL166968W	oclc	
OL166970W	3	2	The house of the dead;	1915	0.81	1.0	mdp.39015005579415|njp.32101067866705|nyp.33433073355640	/works/OL166970W	oclc	
OL166973W	4	3	The idiot	1887	0.9	1.0	nyp.33433078795170|inu.30000093654642|uva.x000029753|uva.x000535907	/works/OL166973W	oclc	
OL16727287W	2	1	According to orders	1919	0.86	1.0	nyp.33433074920616|uc2.ark+=13960=t7sn04r79	/works/OL16727287W	oclc	
OL16730348W	2	1	Adventures with Indians	1908	0.82	0.999	nyp.33433044126138|uc2.ark+=13960=t2v40kz40	/works/OL16730348W	oclc	
OL16730786W	1	1	The aliens	1886	0.9	1.0	uc2.ark+=13960=t3707x19d	/works/OL16730786W	oclc	
OL16730924W	1	1	A man for the ages	1919	0.89	1.0	mdp.49015000507567	/works/OL16730924W	oclc	
OL16732368W	1	1	An adventure with the Apaches	1901	0.84	1.0	nyp.33433075806764	/works/OL16732368W	oclc	
OL16732594W	1	1	Aristocracy	1888	0.79	0.999	uc2.ark+=13960=t2t43jx3g	/works/OL16732594W	oclc	
OL16732996W	1	1	Atlantic narratives;	1918	0.82	1.0	uc2.ark+=13960=t6b27r33s	/works/OL16732996W	oclc	
OL16733430W	1	1	Barbara's heritage;	1899	0.89	1.0	uc2.ark+=13960=t41r6pt22	/works/OL16733430W	oclc	
OL16733540W	1	1	Battlewrack	1917	0.8	1.0	uc2.ark+=13960=t9n29t025	/works/OL16733540W	oclc	
OL16736996W	1	1	Chattanooga	1891	0.81	1.0	uc2.ark+=13960=t09w0960z	/works/OL16736996W	oclc	
OL16737101W	2	1	Chickamauga	1892	0.89	1.0	nc01.ark+=13960=t12n5xc64|njp.32101065839761	/works/OL16737101W	oclc	
OL16739365W	1	1	The days of Mohammed	1897	0.89	1.0	uc2.ark+=13960=t3513vb6c	/works/OL16739365W	oclc	
OL16741477W	1	1	Colonel Carter of Cartersville	1897	0.88	1.0	nnc1.1002222680	/works/OL16741477W	oclc	
OL16741491W	1	1	Colonial Days	1881	0.9	1.0	uc2.ark+=13960=t6tx35q19	/works/OL16741491W	oclc	
OL16741553W	1	1	Columbus and Beatriz	1892	0.89	0.999	loc.ark+=13960=t3029783n	/works/OL16741553W	oclc	
OL16742887W	1	1	Cossack fairy tales and folk-tales	1894	0.83	1.0	uc2.ark+=13960=t1jh3f42g	/works/OL16742887W	oclc	
OL16743313W	2	1	Cuentos de California	1904	0.86	1.0	nyp.33433082295498|uc2.ark+=13960=t0tq66b73	/works/OL16743313W	oclc	
OL16744617W	3	1	A desperate character, etc	1920	0.83	1.0	mdp.39015009377626|uc1.b3961984|uc2.ark+=13960=t8df6wg6d	/works/OL16744617W	oclc	
OL16745436W	1	1	The disappearance syndicate and Senator Stanley's story. [Also, Napoleon Wolff and his newspaper of the future]	1894	0.88	0.999	uc2.ark+=13960=t89g5tb2w	/works/OL16745436W	oclc	
OL16745700W	2	1	Dodo wonders--	1921	0.84	1.0	njp.32101064787714|uc2.ark+=13960=t3125vp2s	/works/OL16745700W	oclc	
OL16745862W	2	1	The dragon's daughter	1912	0.88	1.0	mdp.39015030719226|uc2.ark+=13960=t5s757j4m	/works/OL16745862W	oclc	
OL16747001W	2	1	Emma McChesney & co	1915	0.89	1.0	mdp.39015002725631|uva.x001423204	/works/OL16747001W	oclc	
OL16747253W	5	1	The English novel before the nineteenth century;	1915	0.73	1.0	loc.ark+=13960=t9086tn4p|mdp.39015032397880|mdp.39015059374945|mdp.39015063799335|uc2.ark+=13960=t6pz57z14	/works/OL16747253W	oclc	
OL16748373W	2	1	The Eyrie	1905	0.62	0.991	nc01.ark+=13960=t82j6gg2f|nyp.33433076059470	/works/OL16748373W	oclc	
OL16749213W	2	1	The first lady in the land; or, When Dolly Todd took boarders	1912	0.89	1.0	nyp.33433074843172|uc2.ark+=13960=t8nc5v68g	/works/OL16749213W	oclc	
OL16749609W	2	1	The forge of Clohogue	1912	0.89	1.0	uc1.b3326498|uc2.ark+=13960=t50g3rq4k	/works/OL16749609W	oclc	
OL16749989W	1	1	The friar of Wittenberg	1914	0.82	1.0	nnc1.cr61143707	/works/OL16749989W	oclc	
OL16751595W	1	1	The Great push	1917	0.79	0.999	wu.89100114016	/works/OL16751595W	oclc	
OL16752717W	2	1	The heritage of unrest	1901	0.89	1.0	nyp.33433076054042|uc2.ark+=13960=t18k7584n	/works/OL16752717W	oclc	
OL16752718W	1	1	The heritage of unrest	1901	0.89	1.0	uc2.ark+=13960=t1fj2bc4c	/works/OL16752718W	oclc	
OL16752826W	1	1	The hidden treasure of Rasmola	1920	0.74	1.0	loc.ark+=13960=t9474zm03	/works/OL16752826W	oclc	
OL16752874W	1	1	The highroad	1904	0.83	1.0	uc2.ark+=13960=t3513v97d	/works/OL16752874W	oclc	
OL16755823W	2	1	In the brave days of old	1898	0.83	0.998	uc2.ark+=13960=t43r0rk61|wu.89098028426	/works/OL16755823W	oclc	
OL16755873W	2	1	In the days of Jefferson	1900	0.88	1.0	ncs1.ark+=13960=t49p3pq3v|njp.32101068175155	/works/OL16755873W	oclc	
OL16755877W	2	1	In the days of St. Clair;	1902	0.9	1.0	nyp.33433076023393|uc2.ark+=13960=t5gb2092q	/works/OL16755877W	oclc	
OL16756433W	3	1	In the ring	1886	0.9	1.0	uiuo.ark+=13960=t2988w55b|uiuo.ark+=13960=t5q81zg6k|uiuo.ark+=13960=t8v98sn3c	/works/OL16756433W	oclc	
OL16756670W	1	1	Into the night	1909	0.89	0.997	nyp.33433076089881	/works/OL16756670W	oclc	
OL16757131W	1	1	Jack North's treasure hunt	1907	0.89	1.0	nyp.33433082284732	/works/OL16757131W	oclc	
OL16757497W	1	1	John Van Buren, politician;	1905	0.87	1.0	uc2.ark+=13960=t4sj1rz2j	/works/OL16757497W	oclc	
OL16757881W	1	1	A Kentucky cardinal, and Aftermath	1900	0.75	0.999	njp.32101067627339	/works/OL16757881W	oclc	
OL16757995W	1	1	King or knave, which wins?	1899	0.89	1.0	uc2.ark+=13960=t6k06zv37	/works/OL16757995W	oclc	
OL16758586W	2	1	The land of strong men	1919	0.89	1.0	njp.32101068166105|uc2.ark+=13960=t4sj1c83h	/works/OL16758586W	oclc	
OL16760167W	1	1	Letters of a V.A.D	1918	0.85	1.0	uc2.ark+=13960=t6d21wp4w	/works/OL16760167W	oclc	
OL16761079W	3	1	A Lincoln conscript	1909	0.89	1.0	uc1.b3578698|uc2.ark+=13960=t7cr5p96t|uiuo.ark+=13960=t6154mx0j	/works/OL16761079W	oclc	
OL16761384W	3	1	A little garrison;	1904	0.81	1.0	mdp.39015030173994|nyp.33433075738173|uc2.ark+=13960=t1ng4j37n	/works/OL16761384W	oclc	
OL16763806W	2	1	Miss Amerikanka;	1918	0.64	1.0	nyp.33433076069404|uc2.ark+=13960=t5cc0wp8z	/works/OL16763806W	oclc	
OL16764115W	2	1	The monk's pardon	1883	0.88	1.0	nyp.33433075815401|uc2.ark+=13960=t3610xk51	/works/OL16764115W	oclc	
OL16764674W	1	1	A Muslim Sir Galahad	1913	0.77	0.999	nyp.33433074851985	/works/OL16764674W	oclc	
OL16764800W	3	1	Mystic romances of the blue and the grey	1883	0.89	1.0	nc01.ark+=13960=t6g16kt1p|njp.32101067629996|nyp.33433081936290	/works/OL16764800W	oclc	
OL16765821W	1	1	No rose without a thorn and other tales	1886	0.89	1.0	nyp.33433074909635	/works/OL16765821W	oclc	
OL16773461W	1	1	The padre's little caretaker	1913	0.72	0.998	uc2.ark+=13960=fk9d50gk46	/works/OL16773461W	oclc	
OL16775603W	3	1	Potash & Perlmutter;	1911	0.9	1.0	mdp.39015063928066|nyp.33433074864939|uc2.ark+=13960=t5n875k05	/works/OL16775603W	oclc	
OL16777155W	1	1	The queen's man;	1905	0.89	1.0	nyp.33433075771885	/works/OL16777155W	oclc	
OL16778933W	2	1	Rex's adventures among the Olympics	1903	0.86	1.0	uc1.b3326412|uc2.ark+=13960=t43r0zh0q	/works/OL16778933W	oclc	
OL16781920W	3	1	The son of a star	1888	0.89	1.0	uc2.ark+=13960=t0ft8jq05|uc2.ark+=13960=t23b61k3g|uc2.ark+=13960=t2d799m15	/works/OL16781920W	oclc	
OL16781921W	3	1	The son of a star	1888	0.89	1.0	uiuo.ark+=13960=t05x2z05d|uiuo.ark+=13960=t2988vc44|uiuo.ark+=13960=t2r50801p	/works/OL16781921W	oclc	
OL16782617W	3	1	Stanfield Hall	1888	0.9	1.0	uiuo.ark+=13960=t3tt58n02|uiuo.ark+=13960=t6k07r268|uiuo.ark+=13960=t97664r09	/works/OL16782617W	oclc	
OL16782967W	1	1	Stories by English authors;	1896	0.88	0.998	uc2.ark+=13960=t2t43kn58	/works/OL16782967W	oclc	
OL16782986W	1	1	Stories of comedy	1875	0.89	1.0	uc2.ark+=13960=t39020z73	/works/OL16782986W	oclc	
OL16782987W	1	1	Stories of fortune	1875	0.87	0.999	uc2.ark+=13960=t9j38nd4g	/works/OL16782987W	oclc	
OL16782988W	1	1	Stories of exile	1914	0.68	0.994	uc2.ark+=13960=t4rj4bc4r	/works/OL16782988W	oclc	
OL16782990W	1	1	Stories of intellect	1874	0.72	1.0	uc2.ark+=13960=t1bk1817j	/works/OL16782990W	oclc	
OL16782992W	1	1	Stories of Jesus the Christ	1919	0.72	1.0	uc2.ark+=13960=t7cr5t22d	/works/OL16782992W	oclc	
OL16783001W	1	1	Stories of tragedy	1874	0.71	1.0	uc2.ark+=13960=t1jh3fd7g	/works/OL16783001W	oclc	
OL16783161W	1	1	The strange adventures of a whale's tooth	1919	0.81	1.0	uc2.ark+=13960=t0dv1f87v	/works/OL16783161W	oclc	
OL16784071W	2	1	Tales of wartime France	1918	0.85	1.0	njp.32101072366246|uc2.ark+=13960=t8gf0ph76	/works/OL16784071W	oclc	
OL16785047W	1	1	Times of Gustaf Adolf	1883	0.77	1.0	uc2.ark+=13960=t5fb51x6z	/works/OL16785047W	oclc	
OL16785152W	2	1	Tom Burton;	1888	0.89	1.0	nc01.ark+=13960=t1sf3cq18|nyp.33433076069651	/works/OL16785152W	oclc	
OL16785219W	2	1	The torrents of spring, etc	1906	0.84	1.0	uc1.b3961997|uc2.ark+=13960=t0ks6tz55	/works/OL16785219W	oclc	
OL16785483W	1	1	Travers	1907	0.88	1.0	nyp.33433074851613	/works/OL16785483W	oclc	
OL16786466W	1	1	Twelve stories and a dream	1903	0.79	1.0	uc2.ark+=13960=t6zw1n353	/works/OL16786466W	oclc	
OL16786708W	1	1	... Under the crown, American history;	1909	0.55	0.998	loc.ark+=13960=t3jw8sv85	/works/OL16786708W	oclc	
OL16787810W	2	1	The ward of King Canute;	1903	0.89	1.0	mdp.39015065780507|uc2.ark+=13960=t6736nr6j	/works/OL16787810W	oclc	
OL16788419W	3	1	The wild heart	1922	0.88	1.0	mdp.39015063096088|nyp.33433011006008|uc2.ark+=13960=t56d5qz66	/works/OL16788419W	oclc	
OL16789041W	1	1	Yankee doodle Dixie;	1890	0.68	1.0	nc01.ark+=13960=t0jt08v8d	/works/OL16789041W	oclc	
OL167911W	3	1	Gold, gold, in Cariboo: a story of adventure in British Columbia	1894	0.86	1.0	nyp.33433075766653|uc1.b3327559|uc2.ark+=13960=t9765kf5p	/works/OL167911W	oclc	
OL16792239W	1	1	Reminiscences of Isaac and Sukey, slaves of B.F. Moore, of Raleigh, N.C	1907	0.69	0.977	nc01.ark+=13960=t80k3kd0d	/works/OL16792239W	oclc	
OL1681919W	2	1	Memoirs of the Countess Cosel	1902	0.83	1.0	mdp.39015074808711|uc2.ark+=13960=t3nv9c44t	/works/OL1681919W	oclc	
OL1681990W	1	1	Count Brühl	1911	0.89	1.0	njp.32101067471506	/works/OL1681990W	oclc	
OL1681992W	2	1	The Jew	1890	0.9	1.0	uc1.b598857|uc2.ark+=13960=t6542qj00	/works/OL1681992W	oclc	
OL16825699W	1	1	Modern short-stories	1914	0.73	1.0	uc2.ark+=13960=t56d5sd7b	/works/OL16825699W	oclc	
OL16849563W	1	1	The Merchant of Venice	1914	0.89	1.0	njp.32101049722091	/works/OL16849563W	oclc	
OL16865487W	1	1	Little bronze playfellows;	1915	0.7	0.991	njp.32101063604688	/works/OL16865487W	oclc	
OL16871401W	2	1	Solomon Crow's Christmas pockets	1896	0.81	1.0	uc1.b3550806|uc2.ark+=13960=t5t72hr96	/works/OL16871401W	oclc	
OL16883326W	1	1	Oblomov	1915	0.82	1.0	mdp.39015004196716	/works/OL16883326W	oclc	
OL16903042W	2	1	When wilderness was king;	1904	0.88	1.0	uc1.b3325469|uc2.ark+=13960=t5fb4xv5z	/works/OL16903042W	oclc	
OL16907101W	1	1	Peg Woffington	1892	0.89	1.0	njp.32101068602042	/works/OL16907101W	oclc	
OL16908159W	1	1	Cuba libre ;	1906	0.7	0.999	mdp.39015029064758	/works/OL16908159W	oclc	
OL16909245W	1	1	The call from the past	1910	0.88	1.0	njp.32101065837294	/works/OL16909245W	oclc	
OL16910568W	1	1	Under MacArthur in Luzon;	1901	0.89	1.0	mdp.39015035933517	/works/OL16910568W	oclc	
OL17025443W	1	1	The scout	1890	0.89	1.0	uc1.b3327437	/works/OL17025443W	oclc	
OL17028818W	2	1	Black Rock: a tale of the Selkirks	1900	0.89	1.0	nyp.33433074864129|uva.x030751423	/works/OL17028818W	oclc	
OL17029009W	1	1	In the days of Washington;	1897	0.89	1.0	nyp.33433076089857	/works/OL17029009W	oclc	
OL17031613W	1	1	Nora Creina	1892	0.84	1.0	nyp.33433074871280	/works/OL17031613W	oclc	
OL17033111W	1	1	Red men and white	1895	0.82	0.999	uc1.b243707	/works/OL17033111W	oclc	
OL17033660W	3	1	The book of Carlotta;	1911	0.88	1.0	mdp.39015060438556|nyp.33433074928924|uc2.ark+=13960=t40r9ng8w	/works/OL17033660W	oclc	
OL171042W	1	1	The Harmons;	1917	0.88	1.0	uc2.ark+=13960=t6833ng45	/works/OL171042W	oclc	
OL171744W	1	1	Recollections of the old quarter	1902	0.8	0.999	njp.32101066459635	/works/OL171744W	oclc	
OL1718928W	2	2	Saddles and lariats;	1912	0.82	1.0	mdp.39015063945037|nnc1.1002193833	/works/OL1718928W	oclc	
OL1718929W	1	1	A crooked trail;	1911	0.84	1.0	wu.89041983792	/works/OL1718929W	oclc	
OL172196W	1	1	The flying Mercury	1910	0.87	1.0	nyp.33433076083769	/works/OL172196W	oclc	
OL17271458W	1	1	Men of iron	1919	0.89	1.0	nc01.ark+=13960=t8kd30p10	/works/OL17271458W	oclc	
OL17292631W	1	1	A Klondike picnic	1898	0.85	0.999	uc1.31822038205597	/works/OL17292631W	oclc	
OL17329689W	1	1	Shams	1899	0.65	1.0	nnc1.1002185130	/works/OL17329689W	oclc	
OL17355921W	3	1	Adventures of Roger L'Estrange	1896	0.89	1.0	mdp.39015016798061|uc1.b282437|uc2.ark+=13960=fk9g44jb98	/works/OL17355921W	oclc	
OL17362972W	1	1	Beautiful Joe	1898	0.89	1.0	mdp.39015036769316	/works/OL17362972W	oclc	
OL17370044W	1	1	A Kent squire;	1900	0.89	1.0	nyp.33433074853254	/works/OL17370044W	oclc	
OL17374399W	1	1	A burgher Quixote	1903	0.83	1.0	nyp.33433074940622	/works/OL17374399W	oclc	
OL17420114W	1	1	The man in the jury box	1921	0.89	0.998	nyp.33433076054695	/works/OL17420114W	oclc	
OL17437W	4	2	Finished	1917	0.89	1.0	uc2.ark+=13960=t3513xr34|mdp.39015028758483|uc1.b3322584|uc2.ark+=13960=t34172c51	/works/OL17437W	oclc	
OL17438W	1	1	The ancient Allan	1920	0.87	1.0	nyp.33433074850425	/works/OL17438W	oclc	
OL17445W	3	2	Child of storm	1913	0.89	1.0	mdp.39015036042912|uc1.b3322583|uc2.ark+=13960=t0rr1s80p	/works/OL17445W	oclc	
OL17454W	1	1	Pearl-maiden;	1903	0.86	0.999	nyp.33433074850110	/works/OL17454W	oclc	
OL17460W	2	2	Allan and the holy flower	1915	0.89	1.0	nyp.33433074850433|inu.32000000663122	/works/OL17460W	oclc	
OL17465W	2	1	Allan Quatermain	1887	0.78	1.0	uc1.b3322582|uc2.ark+=13960=t5n87bg3b	/works/OL17465W	oclc	
OL17477W	1	1	The spirit of Bambatse	1906	0.83	1.0	uc2.ark+=13960=t6tx3b05w	/works/OL17477W	oclc	
OL17479W	2	1	Benita	1906	0.88	1.0	nyp.33433074850417|uc2.ark+=13960=t4gm82j5w	/works/OL17479W	oclc	
OL17482W	1	1	Lysbeth;	1901	0.89	0.999	nyp.33433074850235	/works/OL17482W	oclc	
OL17492W	1	1	The yellow god, an idol of Africa	1909	0.83	1.0	uc2.ark+=13960=t14m95v3n	/works/OL17492W	oclc	
OL17497W	2	1	Beatrice	1890	0.88	1.0	njp.32101067633915|uc2.ark+=13960=t2w37rd2j	/works/OL17497W	oclc	
OL17499W	2	2	Doctor Therne	1898	0.88	0.999	uc2.ark+=13960=t6sx6939k|nyp.33433074850409	/works/OL17499W	oclc	
OL175035W	1	1	Q.E.D	1922	0.89	1.0	nyp.33433075768865	/works/OL175035W	oclc	
OL17506W	1	1	Morning Star	1910	0.88	1.0	nyp.33433074850128	/works/OL17506W	oclc	
OL17507W	2	2	The wanderer's necklace	1914	0.85	1.0	nyp.33433074862941|inu.32000000663320	/works/OL17507W	oclc	
OL17512W	2	1	Marie	1912	0.88	1.0	uc1.31158003843991|uc2.ark+=13960=t14m9426c	/works/OL17512W	oclc	
OL17514W	3	1	Dawn	1884	0.9	1.0	mdp.39015039648053|mdp.39015039648061|mdp.39015039648079	/works/OL17514W	oclc	
OL17517W	2	1	Swallow;	1899	0.9	1.0	nyp.33433074850342|uc2.ark+=13960=t43r0sr6p	/works/OL17517W	oclc	
OL17518W	5	2	When the world shook;	1919	0.89	1.0	mdp.39015063918653|nyp.33433074862974|uc1.$b408723|uc2.ark+=13960=t9z032g5m|uc2.ark+=13960=t04x58z7g	/works/OL17518W	oclc	
OL17523W	3	2	The brethren	1904	0.89	1.0	nyp.33433074850391|mdp.39015024655634|uc2.ark+=13960=t1fj29r2x	/works/OL17523W	oclc	
OL17524W	3	2	Moon of Israel	1918	0.88	1.0	mdp.39015063918604|nyp.33433074850466|uc2.ark+=13960=t48p5z71c	/works/OL17524W	oclc	
OL17532W	1	1	She and Allan	1921	0.89	0.999	nyp.33433074850367	/works/OL17532W	oclc	
OL17533W	1	1	The world's desire	1890	0.88	0.999	inu.32000000663387	/works/OL17533W	oclc	
OL176065W	1	1	Little novels	1887	0.86	1.0	uiuo.ark+=13960=t42r4j18j	/works/OL176065W	oclc	
OL176068W	6	1	The black robe	1881	0.89	1.0	mdp.39015031105581|mdp.39015031105599|mdp.39015031105607|uiuo.ark+=13960=t78s51d95|uiuo.ark+=13960=t8ff42s62|uiuo.ark+=13960=t8gf13p69	/works/OL176068W	oclc	
OL176075W	5	2	Jezebel's daughter	1880	0.89	1.0	uiuo.ark+=13960=t0gt5ww8k|uiuo.ark+=13960=t2x353998|uiuo.ark+=13960=t47p9953s|uc1.b4104334|uc2.ark+=13960=t9b56rb8t	/works/OL176075W	oclc	
OL176079W	9	2	Heart and science;	1883	0.9	1.0	uiuo.ark+=13960=t3611h84x|uiuo.ark+=13960=t3nv9xs20|uiuo.ark+=13960=t9j397c9v|mdp.39015063542123|mdp.39015063542131|mdp.39015063542149|uc1.b4104606|uc1.b4104607|uc1.b4104608	/works/OL176079W	oclc	
OL17619965W	1	1	"""A Marine, Sir!"""	1921	0.8	1.0	nyp.33433074811047	/works/OL17619965W	oclc	
OL17629155W	1	1	The sword of the old frontier	1905	0.89	1.0	uva.x030805976	/works/OL17629155W	oclc	
OL17639460W	1	1	The Birds' Christmas Carol	1893	0.84	1.0	mdp.39015058663801	/works/OL17639460W	oclc	
OL17647099W	1	1	Hiram Golf's religion	1893	0.67	1.0	njp.32101068178613	/works/OL17647099W	oclc	
OL17655511W	1	1	The right knock	1903	0.64	1.0	nyp.33433076091069	/works/OL17655511W	oclc	
OL17673507W	3	2	A Tallahassee girl	1882	0.9	1.0	mdp.39015063964251|nyp.33433076080724|wu.89000839357	/works/OL17673507W	oclc	
OL17679866W	2	1	The rose of old St. Louis	1904	0.81	1.0	uc1.b3548237|uc2.ark+=13960=t58c9sc66	/works/OL17679866W	oclc	
OL17688914W	1	1	Their canoe trip	1889	0.87	1.0	nyp.33433076025885	/works/OL17688914W	oclc	
OL176911W	1	1	The boy captive of the Texas Mier expedition	1909	0.7	0.999	uc2.ark+=13960=t2m61bx32	/works/OL176911W	oclc	
OL1769366W	2	1	Hindupore	1909	0.84	1.0	uc1.b3581566|uc2.ark+=13960=t5cc14c3s	/works/OL1769366W	oclc	
OL1770434W	3	1	Hawaiian idylls of love and death	1908	0.62	1.0	inu.39000003100513|mdp.39015016373527|nyp.33433043829021	/works/OL1770434W	oclc	
OL17705372W	1	1	With Joffre on the battle line	1915	0.88	0.999	uc2.ark+=13960=t08w3b13d	/works/OL17705372W	oclc	
OL17706029W	3	1	The silent sea	1892	0.85	1.0	uiuo.ark+=13960=t06w9zb3j|uiuo.ark+=13960=t60585839|uiuo.ark+=13960=t7fr0gp03	/works/OL17706029W	oclc	
OL1770772W	2	1	Kari	1922	0.8	1.0	mdp.39015066624936|uc2.ark+=13960=t4fn12212	/works/OL1770772W	oclc	
OL1774376W	5	2	The heroine in bronze	1912	0.88	1.0	uc1.b3322221|uc2.ark+=13960=t2v40t75z|mdp.39015063739935|uc2.ark+=13960=t46q1sw7x|uc2.ark+=13960=t9m32p365	/works/OL1774376W	oclc	
OL1774378W	3	1	Summer in Arcady;	1896	0.88	1.0	mdp.39015039343390|nyp.33433082171194|uc1.b248038	/works/OL1774378W	oclc	
OL1774379W	2	1	Two gentlemen of Kentucky	1899	0.6	0.998	nyp.33433082171152|uc1.b286472	/works/OL1774379W	oclc	
OL1774382W	3	1	The Kentucky warbler	1918	0.77	1.0	mdp.39015063739919|nyp.33433082171210|uc2.ark+=13960=t7zk56x55	/works/OL1774382W	oclc	
OL1774384W	4	2	Flute and violin	1891	0.89	1.0	nyp.33433082168802|uc2.ark+=13960=t77s7jg0c|njp.32101063579955|uc2.ark+=13960=t79s1m79r	/works/OL1774384W	oclc	
OL1774385W	4	2	Flute and violin, and other Kentucky tales and romances	1897	0.89	1.0	nyp.33433082168794|njp.32101063579971|nyp.33433082168810|uc2.ark+=13960=t3901zr07	/works/OL1774385W	oclc	
OL1774388W	5	2	The bride of the mistletoe	1909	0.81	0.997	mdp.39015030843380|nyp.33433082173125|uc2.ark+=13960=t7br8nv2g|nyp.33433082173117|uc2.ark+=13960=t81j97z15	/works/OL1774388W	oclc	
OL1774392W	3	1	The mettle of the pasture	1903	0.88	1.0	mdp.39015063739901|nyp.33433081638185|uc2.ark+=13960=t59c6t900	/works/OL1774392W	oclc	
OL1774393W	5	4	The choir invisible	1897	0.89	1.0	mdp.39015063740164|nyp.33433082168851|nyp.33433082168836|mdp.39015063740057|njp.32101063579948	/works/OL1774393W	oclc	
OL1774394W	4	4	A Kentucky cardinal	1895	0.75	1.0	mdp.39015030127974|nyp.33433082171251|nyp.33433082171244|mdp.39015030843422	/works/OL1774394W	oclc	
OL177487W	1	1	Snow-blind	1921	0.88	1.0	nyp.33433074847728	/works/OL177487W	oclc	
OL177488W	4	2	The branding iron	1919	0.89	1.0	njp.32101066121037|nyp.33433074848510|uc2.ark+=13960=t6nz82j20|uc2.ark+=13960=t2z31rr69	/works/OL177488W	oclc	
OL17758792W	2	2	Freckles	1904	0.89	1.0	inu.32000011573245|mdp.39015080462586	/works/OL17758792W	oclc	
OL17760245W	2	1	Shipmates in sunshine;	1904	0.77	1.0	coo.31924013526193|coo.31924061794974	/works/OL17760245W	oclc	
OL17770630W	1	1	The raven;	1909	0.89	1.0	mdp.39015063980422	/works/OL17770630W	oclc	
OL17773997W	1	1	Wolfine	1915	0.83	1.0	nyp.33433074795281	/works/OL17773997W	oclc	
OL17775184W	1	1	Paul and Persis;	1883	0.87	1.0	nyp.33433074815428	/works/OL17775184W	oclc	
OL17778233W	2	1	The house of Lynch	1919	0.84	1.0	mdp.39015063819265|nyp.33433074897350	/works/OL17778233W	oclc	
OL17779796W	2	1	The garden of Allah	1904	0.84	1.0	coo.31924013625805|coo.31924064995495	/works/OL17779796W	oclc	
OL17784429W	3	1	Marjorie Daw	1908	0.79	0.997	mdp.39015050030603|nyp.33433082170915|uc2.ark+=13960=t52f7kf2r	/works/OL17784429W	oclc	
OL17789147W	1	1	Popular tales	1895	0.9	1.0	mdp.39015001612012	/works/OL17789147W	oclc	
OL178512W	2	1	"""God wills it!"""	1901	0.78	1.0	nyp.33433074843354|uc2.ark+=13960=t7zk57m5j	/works/OL178512W	oclc	
OL178515W	1	1	Belshazzar	1902	0.79	0.999	uc2.ark+=13960=t6g15vp0b	/works/OL178515W	oclc	
OL17852137W	1	1	Captain Lucy and Lieutenant Bob	1920	0.89	1.0	nyp.33433082548045	/works/OL17852137W	oclc	
OL1792834W	1	1	The patriot schoolmaster;	1894	0.86	1.0	mdp.39015004313964	/works/OL1792834W	oclc	
OL1792851W	1	1	The wampum belt;	1896	0.61	1.0	njp.32101068175163	/works/OL1792851W	oclc	
OL1792853W	1	1	Zigzag journeys in India; or, The antipodes of the Far East	1887	0.87	0.993	uva.x004726117	/works/OL1792853W	oclc	
OL1792861W	1	1	A heroine of the wilderness;	1906	0.74	1.0	uiuo.ark+=13960=t6736nx0w	/works/OL1792861W	oclc	
OL1792862W	2	1	In the days of Audubon	1901	0.55	1.0	uc1.b3321471|uc2.ark+=13960=t1hh6cn9k	/works/OL1792862W	oclc	
OL1792864W	1	1	Lost in Nicaragua;	1898	0.53	0.998	uc2.ark+=13960=t3qv3g992	/works/OL1792864W	oclc	
OL1792871W	1	1	The young McKinley;	1905	0.61	1.0	nyp.33433082344924	/works/OL1792871W	oclc	
OL1792891W	2	1	Brother Jonathan	1903	0.76	1.0	mdp.39015063522992|uc2.ark+=13960=t2z31qb4j	/works/OL1792891W	oclc	
OL1792894W	4	2	In the boyhood of Lincoln	1892	0.88	1.0	uc1.b3321472|uc2.ark+=13960=t8df6m219|uiuo.ark+=13960=t9h41s114|uva.x000855488	/works/OL1792894W	oclc	
OL1792896W	1	1	The log school-house on the Columbia;	1890	0.66	1.0	uc2.ark+=13960=t06w97d3r	/works/OL1792896W	oclc	
OL1793029W	1	1	To arms!	1898	0.89	0.999	nyp.33433074921010	/works/OL1793029W	oclc	
OL1793060W	2	1	The grenadier;	1898	0.6	0.994	nyp.33433074832258|uc2.ark+=13960=t8rb6z43c	/works/OL1793060W	oclc	
OL1793062W	1	1	Brinton Eliot	1902	0.87	0.999	uc2.ark+=13960=t8rb6xg3f	/works/OL1793062W	oclc	
OL1793105W	3	2	Cape Cod folks	1881	0.89	1.0	mdp.39015027539991|njp.32101069166450|uc2.ark+=13960=t3kw5805g	/works/OL1793105W	oclc	
OL1793143W	2	1	John Ingerfield	1894	0.89	1.0	mdp.39015011710061|uc2.ark+=13960=t83j3gn2v	/works/OL1793143W	oclc	
OL1793153W	3	1	The observations of Henry	1901	0.81	1.0	mdp.39015047636884|nyp.33433074863873|uc2.ark+=13960=t9862j09j	/works/OL1793153W	oclc	
OL1793159W	2	1	Sketches in lavender, blue, and green	1897	0.89	1.0	mdp.39015005150282|uc2.ark+=13960=t8mc8tc9m	/works/OL1793159W	oclc	
OL1793164W	2	2	Three men in a boat	1890	0.9	1.0	uc2.ark+=13960=t9j38ns0g|mdp.39015000590714	/works/OL1793164W	oclc	
OL1793190W	2	1	Told after supper	1891	0.78	1.0	uc1.b3324431|uc2.ark+=13960=t0ks6sh0h	/works/OL1793190W	oclc	
OL1793191W	1	1	Tommy & Co	1904	0.89	1.0	njp.32101068970050	/works/OL1793191W	oclc	
OL1793197W	4	1	Novel notes	1893	0.83	1.0	mdp.39015005293462|nyp.33433074863881|uc1.b3324606|uc2.ark+=13960=t7qn60w8k	/works/OL1793197W	oclc	
OL1793198W	3	1	All roads lead to calvary	1919	0.9	1.0	mdp.39015031325270|uc1.b3324462|uc2.ark+=13960=t0xp6wk54	/works/OL1793198W	oclc	
OL1793199W	4	2	They and I	1909	0.89	1.0	mdp.39015005150290|nyp.33433074865043|uc2.ark+=13960=t6639tr7x|njp.32101073308288	/works/OL1793199W	oclc	
OL1793226W	1	1	Paul Kelver	1902	0.89	1.0	mdp.39015031325312	/works/OL1793226W	oclc	
OL1793231W	1	1	Malvina of Brittany	1916	0.82	1.0	njp.32101073308205	/works/OL1793231W	oclc	
OL1793336W	2	1	The red chief	1905	0.89	1.0	nyp.33433082288972|uva.x000946706	/works/OL1793336W	oclc	
OL1793350W	1	1	Under colonial colors;	1902	0.83	1.0	nyp.33433082288980	/works/OL1793350W	oclc	
OL1793360W	1	1	The young sharpshooter at Antietam	1914	0.86	1.0	uiuo.ark+=13960=t8kd2x38j	/works/OL1793360W	oclc	
OL1793378W	1	1	Washington's young aids	1897	0.88	0.999	mdp.39076002195423	/works/OL1793378W	oclc	
OL1793394W	1	1	Mistress Content Cradock	1899	0.89	1.0	nyp.33433076042195	/works/OL1793394W	oclc	
OL1793397W	1	1	A Christmas accident	1897	0.88	1.0	uc2.ark+=13960=t7dr2r26p	/works/OL1793397W	oclc	
OL1793620W	1	1	The Carlyles;	1905	0.89	1.0	mdp.39015009218861	/works/OL1793620W	oclc	
OL1793622W	1	1	The count and the congressman	1908	0.89	1.0	nyp.33433076088123	/works/OL1793622W	oclc	
OL1793635W	2	1	An edelweiss of the Sierras	1892	0.76	1.0	uc1.b251168|wu.89088300645	/works/OL1793635W	oclc	
OL1793641W	2	1	Short stories	1893	0.81	1.0	nyp.33433082294764|uc2.ark+=13960=t7mp4w713	/works/OL1793641W	oclc	
OL1793642W	2	1	A son of the Old Dominion	1897	0.76	1.0	uc2.ark+=13960=t0cv4cf16|uc2.ark+=13960=t16m3651g	/works/OL1793642W	oclc	
OL1793646W	2	1	Bar Harbor days	1887	0.88	0.999	nyp.33433076088016|uc2.ark+=13960=t0ks6j91d	/works/OL1793646W	oclc	
OL1793647W	2	1	A daughter of the South	1892	0.89	1.0	nyp.33433076088115|uc2.ark+=13960=t48p5vw3m	/works/OL1793647W	oclc	
OL1793649W	1	1	The merry maid of Arcady, His Lordship, and other stories	1897	0.84	1.0	uc2.ark+=13960=t5s75718t	/works/OL1793649W	oclc	
OL1793651W	1	1	The anglomaniacs	1890	0.9	1.0	uc2.ark+=13960=t1mg7fz8x	/works/OL1793651W	oclc	
OL1793653W	4	1	Flower de Hundred;	1890	0.89	1.0	mdp.39015028746124|nc01.ark+=13960=t7jq1kj8c|nyp.33433076088107|uc1.b251169	/works/OL1793653W	oclc	
OL1793656W	3	2	A Virginia cousin	1899	0.83	1.0	nyp.33433076088024|uc2.ark+=13960=t3028pt1v|uc2.ark+=13960=t6m040r3v	/works/OL1793656W	oclc	
OL1793667W	1	1	The book of nature myths	1902	0.79	0.999	uc2.ark+=13960=t8sb40x9j	/works/OL1793667W	oclc	
OL1793749W	2	1	The dominant strain	1903	0.89	1.0	nyp.33433076049836|uc2.ark+=13960=t1zc7rw0z	/works/OL1793749W	oclc	
OL1793759W	1	1	By the good Sainte Anne	1904	0.88	1.0	nyp.33433076049851	/works/OL1793759W	oclc	
OL1793760W	2	2	Teddy, her book	1898	0.82	1.0	uc2.ark+=13960=t1ng4gt2t|nyp.33433076049893	/works/OL1793760W	oclc	
OL1793763W	2	1	On the firing line	1905	0.89	1.0	nyp.33433076049828|uc2.ark+=13960=t4fn12c0m	/works/OL1793763W	oclc	
OL1793764W	1	1	Phebe, her profession;	1900	0.88	1.0	nyp.33433076048242	/works/OL1793764W	oclc	
OL1793849W	1	1	Janet, a poor heiress	1882	0.89	1.0	nyp.33433082520739	/works/OL1793849W	oclc	
OL1794133W	2	1	The gospel writ in steel;	1898	0.82	1.0	nc01.ark+=13960=t50g4g36j|nyp.33433075749667	/works/OL1794133W	oclc	
OL1794139W	2	1	The king's agent	1902	0.9	1.0	nyp.33433075749683|uc2.ark+=13960=t54f1pf7r	/works/OL1794139W	oclc	
OL1794140W	1	1	Cromwell's own;	1899	0.9	1.0	uc2.ark+=13960=t5x63gg76	/works/OL1794140W	oclc	
OL1794174W	1	1	The doomsman	1906	0.87	0.999	nyp.33433076063431	/works/OL1794174W	oclc	
OL1794391W	2	1	In the bundle of time	1893	0.77	1.0	mdp.39015059395726|nyp.33433074828801	/works/OL1794391W	oclc	
OL1794398W	1	1	The pagans	1884	0.83	0.999	mdp.39015059395742	/works/OL1794398W	oclc	
OL1794418W	1	1	Miss Bagg's secretary	1892	0.89	1.0	uc2.ark+=13960=t6736p23j	/works/OL1794418W	oclc	
OL1794423W	1	1	A West Point wooing	1899	0.89	0.999	uc2.ark+=13960=t5q816q54	/works/OL1794423W	oclc	
OL1794433W	1	1	The opened shutters;	1906	0.88	1.0	mdp.39015063517372	/works/OL1794433W	oclc	
OL1794435W	2	1	A sane lunatic	1882	0.88	1.0	nyp.33433074848346|uc2.ark+=13960=t1pg1k92h	/works/OL1794435W	oclc	
OL1794437W	2	1	The wise woman	1895	0.89	1.0	mdp.39015063541273|uc2.ark+=13960=t5fb4zh3x	/works/OL1794437W	oclc	
OL1794439W	2	2	Jewel's story book	1904	0.9	1.0	nnc1.cr60083018|uva.x030802536	/works/OL1794439W	oclc	
OL1794440W	2	1	Jewel;	1903	0.89	1.0	nyp.33433074848304|uc2.ark+=13960=t59c6sd1d	/works/OL1794440W	oclc	
OL1794473W	2	1	Mr. Carteret and others	1910	0.87	1.0	nyp.33433074859343|uc2.ark+=13960=t9n29rx2f	/works/OL1794473W	oclc	
OL1794474W	1	1	The boomerang	1918	0.89	1.0	uc2.ark+=13960=t6f18t779	/works/OL1794474W	oclc	
OL1794475W	1	1	Gallops	1898	0.88	1.0	njp.32101071962029	/works/OL1794475W	oclc	
OL1794476W	1	1	Gallops 2	1920	0.83	0.998	uc2.ark+=13960=t00000x97	/works/OL1794476W	oclc	
OL1794485W	2	1	Beric the Briton	1893	0.88	1.0	mdp.39015073487202|uc2.ark+=13960=t39z9254g	/works/OL1794485W	oclc	
OL1794488W	4	3	Bonnie Prince Charlie	1907	0.89	1.0	uc2.ark+=13960=t4zg6n378|mdp.39015073486972|mdp.39015073486980|mdp.39015073486964	/works/OL1794488W	oclc	
OL1794493W	5	3	By conduct and courage;	1904	0.82	1.0	uc2.ark+=13960=t2w37md98|uc1.b4713681|mdp.39015073486949|mdp.39015073487095|uc2.ark+=13960=t04x5650z	/works/OL1794493W	oclc	
OL1794494W	8	4	By England's aid, or, The freeing of the Netherlands (1589-1604)	1900	0.89	1.0	mdp.39015073486840|mdp.39015073486857|mdp.39015073486865|uc2.ark+=13960=t0cv4c167|mdp.39015073486899|uc2.ark+=13960=t4kk9682g|mdp.39015073486832|mdp.39015073486931	/works/OL1794494W	oclc	
OL1794496W	3	3	By pike and dyke	1890	0.89	1.0	mdp.39015073487574|uc1.b3548456|uc2.ark+=13960=t85h7f06n	/works/OL1794496W	oclc	
OL1794500W	1	1	Captain Bayley's heir	1910	0.88	1.0	mdp.39015073478839	/works/OL1794500W	oclc	
OL1794508W	2	1	For name and fame, or, Through Afghan passes	1880	0.89	1.0	mdp.39015023998449|uc2.ark+=13960=t4qj79t7f	/works/OL1794508W	oclc	
OL1794510W	2	1	For the temple;	1887	0.88	1.0	nyp.33433082539549|uc2.ark+=13960=t8bg2j390	/works/OL1794510W	oclc	
OL1794528W	3	2	St. Bartholomew's eve;	1893	0.89	1.0	uc2.ark+=13960=t7dr2q662|mdp.39015073479340|mdp.39015073479357	/works/OL1794528W	oclc	
OL1794541W	3	1	With Cochrane the dauntless	1896	0.87	1.0	mdp.39015073480132|nyp.33433082547575|uc2.ark+=13960=t2c82660f	/works/OL1794541W	oclc	
OL1794578W	3	2	The bravest of the brave, or, With Peterborough in Spain	1887	0.89	1.0	mdp.39015073487038|nyp.33433082345814|mdp.39015073487053	/works/OL1794578W	oclc	
OL1794579W	2	1	The lion of St. Mark	1903	0.61	1.0	mdp.39015073484084|uc2.ark+=13960=t09w0bk9n	/works/OL1794579W	oclc	
OL1794597W	2	1	The young midshipman	1890	0.89	1.0	mdp.39015073478995|nyp.33433082547583	/works/OL1794597W	oclc	
OL1794599W	3	2	Held fast for England;	1891	0.89	1.0	uc1.b3548457|uc2.ark+=13960=t1rf5vf1x|mdp.39015073428966	/works/OL1794599W	oclc	
OL1794600W	5	2	On the Irrawaddy;	1897	0.89	1.0	mdp.39015019158644|mdp.39015073484142|uc2.ark+=13960=t7np1xg0b|mdp.39015073484159|nyp.33433082305826	/works/OL1794600W	oclc	
OL1794602W	2	1	With Clive in India, or, The beginnings of an empire	1894	0.89	1.0	mdp.39015073480264|mdp.39015073480272	/works/OL1794602W	oclc	
OL1794607W	3	2	A roving commission, or, Through the black insurrection of Hayti	1900	0.88	1.0	mdp.39015073479324|nc01.ark+=13960=t9s191z5j|uc2.ark+=13960=t4mk67409	/works/OL1794607W	oclc	
OL1794612W	1	1	The cornet of horse	1897	0.89	1.0	mdp.39015073486550	/works/OL1794612W	oclc	
OL1794613W	3	1	In Greek waters	1892	0.51	1.0	mdp.39015073428834|nc01.ark+=13960=t39036902|uc2.ark+=13960=t36111h29	/works/OL1794613W	oclc	
OL1794614W	3	2	In the hands of the cave-dwellers	1902	0.89	1.0	mdp.39015073429519|uc2.ark+=13960=t7fq9s82g|mdp.39015073429048	/works/OL1794614W	oclc	
OL1794617W	1	1	In the Irish brigade	1901	0.51	1.0	mdp.39015073429352	/works/OL1794617W	oclc	
OL1794619W	3	2	With Roberts to Pretoria;	1901	0.51	1.0	uc2.ark+=13960=t4dn40w7q|mdp.39015073480942|uc2.ark+=13960=t7rn3139b	/works/OL1794619W	oclc	
OL1794621W	2	1	Condemned as a nihilist	1892	0.87	1.0	mdp.39015073479548|nyp.33433082547518	/works/OL1794621W	oclc	
OL1794624W	6	2	The young colonists	1890	0.89	1.0	mdp.39015073480561|mdp.39015073480579|mdp.39015073481338|uc1.b308299|uc2.ark+=13960=t85h7hf2c|uc2.ark+=13960=t5cc0vd9f	/works/OL1794624W	oclc	
OL1794625W	2	2	Among Malay pirates;	1899	0.89	1.0	nyp.33433082345285|uc2.ark+=13960=t9c53fw7z	/works/OL1794625W	oclc	
OL1794627W	3	3	Maori and Settler	1890	0.89	1.0	uc2.ark+=13960=t1rf5n201|mdp.39015073483995|uc2.ark+=13960=t50g3jx6r	/works/OL1794627W	oclc	
OL1794629W	3	2	Through the Sikh war	1893	0.88	1.0	mdp.39015073479902|nyp.33433082305917|mdp.39015073479910	/works/OL1794629W	oclc	
OL1794632W	1	1	With Frederick the Great	1898	0.87	1.0	mdp.39015073480157	/works/OL1794632W	oclc	
OL1794635W	2	2	Facing death;	1882	0.89	1.0	nyp.33433082548235|uc2.ark+=13960=t3610wg0v	/works/OL1794635W	oclc	
OL1794637W	5	2	Through Russian snows;	1895	0.89	1.0	njp.32101068178407|uc1.b3333004|uc2.ark+=13960=t7mp4wk03|mdp.39015073479985|uc2.ark+=13960=t2q52h31c	/works/OL1794637W	oclc	
OL1794640W	2	2	At Aboukir and Acre	1898	0.88	1.0	mdp.39015073487103|mdp.39015073487111	/works/OL1794640W	oclc	
OL1794641W	5	3	By right of conquest, or, With Cortez in Mexico	1900	0.9	1.0	mdp.39015073478854|mdp.39015073479068|mdp.39015073487673|mdp.39015073479076|uc2.ark+=13960=t1td9np0w	/works/OL1794641W	oclc	
OL1794642W	3	2	A march on London;	1897	0.87	1.0	uc2.ark+=13960=t9086c77c|mdp.39015073484324|uc2.ark+=13960=t4bn9xm82	/works/OL1794642W	oclc	
OL1794643W	2	1	Redskin and cow-boy;	1919	0.89	1.0	uc1.b4717740|uc2.ark+=13960=t9p26r50s	/works/OL1794643W	oclc	
OL1794645W	1	1	St. George for England;	1884	0.88	1.0	uc2.ark+=13960=t89g5h85q	/works/OL1794645W	oclc	
OL1794650W	4	2	The dash for Khartoum;	1891	0.88	1.0	njp.32101017993237|mdp.39015073486618|mdp.39015073486626|uc2.ark+=13960=t6445j20g	/works/OL1794650W	oclc	
OL1794652W	5	2	Orange and green	1888	0.85	1.0	mdp.39015073484308|mdp.39015073484316|uc2.ark+=13960=t4dn41r7b|mdp.39015073479589|uc2.ark+=13960=t1fj29r4w	/works/OL1794652W	oclc	
OL1794653W	2	2	The Queen's cup	1898	0.9	1.0	uc2.ark+=13960=t8bg2kg5d|uc2.ark+=13960=t1fj2c24r	/works/OL1794653W	oclc	
OL1794655W	1	1	A Jacobite exile;	1893	0.87	1.0	nyp.33433082305842	/works/OL1794655W	oclc	
OL1794657W	1	1	The treasure of the Incas;	1902	0.5	1.0	uc2.ark+=13960=t90864d48	/works/OL1794657W	oclc	
OL1794661W	1	1	Friends though divided	1890	0.89	1.0	mdp.39015073484407	/works/OL1794661W	oclc	
OL1794664W	4	2	A knight of the White cross	1895	0.88	1.0	mdp.39015073483664|uc2.ark+=13960=t2g738v0r|mdp.39015073483813|uc2.ark+=13960=t8tb0zm6f	/works/OL1794664W	oclc	
OL1794667W	2	2	One of the 28th	1900	0.89	1.0	mdp.39015073484357|uc2.ark+=13960=t40r9p18g	/works/OL1794667W	oclc	
OL1794669W	1	1	Winning his spurs	1891	0.89	1.0	mdp.39015073480371	/works/OL1794669W	oclc	
OL1794673W	3	2	At Agincourt;	1913	0.87	1.0	uc1.b3332206|uc2.ark+=13960=t9668jm79|mdp.39015073487129	/works/OL1794673W	oclc	
OL1794675W	3	2	Under Drake's flag	1890	0.89	1.0	mdp.39015039579787|mdp.39015073479746|mdp.39015073479712	/works/OL1794675W	oclc	
OL1794676W	2	2	Won by the sword;	1899	0.89	1.0	uc2.ark+=13960=t82j69f2x|mdp.39015073480777	/works/OL1794676W	oclc	
OL1794677W	5	3	The young buglers	1890	0.89	1.0	mdp.39015073480694|uc2.ark+=13960=t6736p260|mdp.39015073480702|mdp.39015073480603|uc2.ark+=13960=t4sj1ck22	/works/OL1794677W	oclc	
OL1794680W	3	2	By sheer pluck	1896	0.87	1.0	njp.32101041380724|mdp.39015073478862|mdp.39015073478870	/works/OL1794680W	oclc	
OL1794682W	2	2	In the heart of the Rockies;	1894	0.84	1.0	njp.32101042586535|uc2.ark+=13960=t4mk67377	/works/OL1794682W	oclc	
OL1794686W	3	2	With Moore at Corunna	1898	0.87	1.0	mdp.39015073480934|uc2.ark+=13960=t7mp4wc1w|mdp.39015073480926	/works/OL1794686W	oclc	
OL1794707W	2	2	Madame Butterfly;	1904	0.88	1.0	uc2.ark+=13960=t2z31pp72|njp.32101067176352	/works/OL1794707W	oclc	
OL1794733W	2	1	The daughter of an empress;	1893	0.83	1.0	uc2.ark+=13960=t7vm45q53|uva.x030809072	/works/OL1794733W	oclc	
OL1794735W	2	1	Berlin and Sans-Souci	1905	0.81	0.998	mdp.39015064541439|uc2.ark+=13960=t11n81d93	/works/OL1794735W	oclc	
OL1794739W	2	2	The reign of the Great Elector	1900	0.84	1.0	uc2.ark+=13960=t2b856d0z|nnc1.1000489573	/works/OL1794739W	oclc	
OL1794742W	1	1	The youth of the Great Elector	1914	0.89	1.0	uc2.ark+=13960=t72v2ms3x	/works/OL1794742W	oclc	
OL1794743W	2	2	Andreas Hofer	1893	0.89	1.0	uc2.ark+=13960=t5x63f765|uc2.ark+=13960=t0rr1xr9z	/works/OL1794743W	oclc	
OL1794753W	3	3	Napoleon and the Queen of Prussia	1893	0.89	1.0	uc2.ark+=13960=t1xd0t99w|uc2.ark+=13960=t6pz54k2f|uc2.ark+=13960=t6f18wh67	/works/OL1794753W	oclc	
OL1794771W	1	1	A son of the Carolinas	1898	0.87	1.0	wu.89098007586	/works/OL1794771W	oclc	
OL1794774W	2	1	The world's rough hand;	1898	0.72	1.0	mdp.39015058538078|uc1.b304844	/works/OL1794774W	oclc	
OL1794917W	7	4	The octopus	1906	0.9	1.0	uc2.ark+=13960=t5v69984n|njp.32101068155538|nyp.33433082126081|uc1.32106002078084|uc1.32106005837494|uc2.ark+=13960=t7rn31c2j|uc1.b4103994	/works/OL1794917W	oclc	
OL1794919W	4	2	The pit;	1906	0.89	1.0	uc1.b3549009|uc2.ark+=13960=t0vq2t56m|mdp.39015005481349|mdp.39015008988134	/works/OL1794919W	oclc	
OL1794925W	3	1	Vandover and the brute	1914	0.89	1.0	nyp.33433076060163|uc1.b4104057|uc2.ark+=13960=t52f7mb39	/works/OL1794925W	oclc	
OL1794926W	3	3	A man's woman	1900	0.89	1.0	uc1.32106002078076|uc2.ark+=13960=t93777b8h|uc2.ark+=13960=t73t9dt9d	/works/OL1794926W	oclc	
OL1794941W	2	1	The joyous miracle	1906	0.7	0.997	mdp.39015005643831|nyp.33433068244239	/works/OL1794941W	oclc	
OL1794947W	2	2	Blix	1899	0.89	1.0	uc2.ark+=13960=t2z31ph5v|nyp.33433076022874	/works/OL1794947W	oclc	
OL1794948W	1	1	Moran of the Lady Letty	1898	0.89	1.0	uva.x001006898	/works/OL1794948W	oclc	
OL1795011W	1	1	The jewel of Ynys Galon, being a hitherto unprinted chapter in the history of the sea rovers	1895	0.81	1.0	uc2.ark+=13960=t86h4gh7f	/works/OL1795011W	oclc	
OL1795015W	1	1	For the white rose of Arno	1896	0.88	1.0	uc2.ark+=13960=t1xd0sg9q	/works/OL1795015W	oclc	
OL1795077W	2	1	My poor relations	1905	0.84	1.0	nyp.33433075780290|uc2.ark+=13960=t7xk8j666	/works/OL1795077W	oclc	
OL1795079W	1	1	The price of Lis Doris	1909	0.84	1.0	mdp.39015030007861	/works/OL1795079W	oclc	
OL1795081W	2	1	Brothers all;	1909	0.9	1.0	uc1.b3327359|uc2.ark+=13960=t2x34w31v	/works/OL1795081W	oclc	
OL1795125W	5	2	David Harum;	1899	0.89	1.0	mdp.39015063974904|uc1.b4104246|uc1.b4374152|uc1.l0063558613|uc2.ark+=13960=t8jd4r51f	/works/OL1795125W	oclc	
OL1795155W	1	1	The candidate;	1905	0.9	1.0	uc2.ark+=13960=t88g8g68p	/works/OL1795155W	oclc	
OL1795158W	1	1	The guns of Europe	1915	0.88	0.997	uc2.ark+=13960=t5n873f8d	/works/OL1795158W	oclc	
OL1795161W	2	1	In circling camps;	1900	0.9	1.0	nc01.ark+=13960=t5h99x04f|njp.32101063580110	/works/OL1795161W	oclc	
OL1795162W	1	1	The last rebel	1900	0.82	1.0	nc01.ark+=13960=t9c54cw9g	/works/OL1795162W	oclc	
OL1795168W	1	1	Before the dawn	1903	0.84	1.0	uc2.ark+=13960=t6251gr76	/works/OL1795168W	oclc	
OL1795169W	3	1	Guthrie of the Times	1915	0.84	1.0	mdp.39015025946206|njp.32101063580094|uc2.ark+=13960=t5z60fk1d	/works/OL1795169W	oclc	
OL1795170W	2	1	The keepers of the trail	1916	0.89	1.0	uc1.b3548452|uc2.ark+=13960=t1cj8hm28	/works/OL1795170W	oclc	
OL1795171W	1	1	The quest of the four	1911	0.84	0.999	uc1.b3123621	/works/OL1795171W	oclc	
OL1795175W	1	1	The last of the chiefs;	1912	0.89	1.0	nyp.33433082523816	/works/OL1795175W	oclc	
OL1795177W	2	1	The sun of Saratoga	1897	0.84	1.0	uc1.b248035|uc2.ark+=13960=t6639nz43	/works/OL1795177W	oclc	
OL1795179W	2	2	A herald of the West;	1898	0.89	1.0	uc2.ark+=13960=t9w08x645|uc2.ark+=13960=t07w69j7g	/works/OL1795179W	oclc	
OL1795182W	1	1	In hostile red	1904	0.83	1.0	uc2.ark+=13960=t9571916p	/works/OL1795182W	oclc	
OL1795184W	2	2	The hosts of the air;	1920	0.89	1.0	uc2.ark+=13960=t87h1fc5f|njp.32101063580102	/works/OL1795184W	oclc	
OL1795189W	1	1	The hunters of the hills;	1916	0.82	1.0	uva.x001123897	/works/OL1795189W	oclc	
OL1795191W	1	1	The masters of the peaks;	1918	0.89	1.0	mdp.39015025947717	/works/OL1795191W	oclc	
OL1795195W	1	1	The guns of Shiloh;	1914	0.79	1.0	uc2.ark+=13960=t28912854	/works/OL1795195W	oclc	
OL1795196W	1	1	The rulers of the lakes;	1917	0.83	1.0	uc2.ark+=13960=t4mk6679k	/works/OL1795196W	oclc	
OL1795198W	1	1	The rock of Chickamauga;	1915	0.88	1.0	nyp.33433082523808	/works/OL1795198W	oclc	
OL1795200W	1	1	The Texan star	1912	0.84	0.999	uc2.ark+=13960=t4pk09c70	/works/OL1795200W	oclc	
OL1795202W	1	1	The Texan scouts;	1921	0.89	1.0	uc2.ark+=13960=t5w66b89n	/works/OL1795202W	oclc	
OL1795238W	1	1	Negro tales	1912	0.85	1.0	nyp.33433074794003	/works/OL1795238W	oclc	
OL1795249W	2	1	A Mexican ranch;	1894	0.83	0.999	nyp.33433074854807|uc2.ark+=13960=t79s1nd3h	/works/OL1795249W	oclc	
OL1795257W	1	1	Jackanapes	1887	0.64	0.999	nyp.33433082533856	/works/OL1795257W	oclc	
OL1795284W	3	2	The peace egg and a Christmas mumming play	1896	0.78	1.0	uc2.ark+=13960=t7br8nz4s|uc1.b3546504|uc2.ark+=13960=t9377gh0s	/works/OL1795284W	oclc	
OL1795289W	1	1	Lob Lie-by-the fire; or, The luck of Lingborough	1885	0.86	0.999	mdp.39015047764322	/works/OL1795289W	oclc	
OL1795293W	3	3	A great emergency & other tales	1908	0.82	1.0	uc2.ark+=13960=t5z60ct07|uc2.ark+=13960=t1sf2nc5n|nyp.33433082533807	/works/OL1795293W	oclc	
OL1795297W	2	1	A great emergency	1897	0.87	1.0	uc1.b308290|uc2.ark+=13960=t5fb4xc46	/works/OL1795297W	oclc	
OL1795302W	6	5	The story of a short life	1887	0.89	1.0	uc1.b4101487|nyp.33433082531553|uc2.ark+=13960=t2s46j886|uc1.b308293|uc2.ark+=13960=t9c53k735|nyp.33433082530621	/works/OL1795302W	oclc	
OL1795303W	2	2	Jackanapes	1893	0.86	0.999	nyp.33433082531579|nc01.ark+=13960=t88g9p96x	/works/OL1795303W	oclc	
OL1795312W	1	1	Otto the knight	1891	0.84	1.0	uc1.b249219	/works/OL1795312W	oclc	
OL1795314W	2	1	We all	1891	0.83	1.0	uc1.b3578398|uc2.ark+=13960=t0tq61j48	/works/OL1795314W	oclc	
OL1795318W	2	1	The heart of toil	1901	0.88	1.0	uc1.b4104274|uc2.ark+=13960=fk54f1mv5t	/works/OL1795318W	oclc	
OL1795320W	3	2	Knitters in the sun	1915	0.84	1.0	uc2.ark+=13960=fk70v8b07w|nc01.ark+=13960=t7sn0ss26|nyp.33433076090640	/works/OL1795320W	oclc	
OL1795321W	2	1	The lion's share	1907	0.89	1.0	mdp.39015063916202|uc1.b3322093	/works/OL1795321W	oclc	
OL1795322W	1	1	The missionary sheriff;	1897	0.82	1.0	uc1.b249225	/works/OL1795322W	oclc	
OL1795324W	4	1	The man of the hour	1905	0.88	1.0	mdp.39015063916210|nyp.33433076090566|nyp.33433081638243|uc2.ark+=13960=t1jh3f11n	/works/OL1795324W	oclc	
OL1795325W	3	2	Stories of a western town	1893	0.88	1.0	nc01.ark+=13960=t5h99x52q|uc1.b249217|uc1.b4353853	/works/OL1795325W	oclc	
OL1795326W	4	2	A book of true lovers	1897	0.88	1.0	mdp.39015063917085|nyp.33433076090921|uc2.ark+=13960=t1jh3ds6h|uc1.b249233	/works/OL1795326W	oclc	
OL1795361W	2	1	Other main-travelled roads	1910	0.89	1.0	nyp.33433076068992|uc1.b4104270	/works/OL1795361W	oclc	
OL1795408W	2	1	The forester's daughter	1914	0.89	1.0	mdp.39015059722036|nyp.33433076069073	/works/OL1795408W	oclc	
OL1795410W	1	1	A spoil of office	1897	0.89	0.999	uc2.ark+=13960=t87h1f904	/works/OL1795410W	oclc	
OL1795416W	1	1	The Moccasin Ranch	1909	0.76	0.999	nyp.33433076069016	/works/OL1795416W	oclc	
OL1795422W	3	1	The light of the star;	1904	0.89	1.0	mdp.39015003682013|uc1.b4104265|uc2.ark+=13960=t2h70835g	/works/OL1795422W	oclc	
OL1795425W	2	1	The trail of the goldseekers;	1906	0.76	1.0	uc1.b3315520|uc2.ark+=13960=t80k27v0q	/works/OL1795425W	oclc	
OL1795428W	4	1	Money magic	1907	0.89	1.0	mdp.39015003700443|nyp.33433076069008|uc1.b4104263|uc2.ark+=13960=fk0sq8qf2r	/works/OL1795428W	oclc	
OL1795431W	3	2	Cavanagh, forest ranger	1910	0.89	1.0	uc1.b3322697|mdp.39015003682112|mdp.39015059722044	/works/OL1795431W	oclc	
OL1795434W	2	1	Wayside courtships	1897	0.82	1.0	njp.32101068598307|uc1.b3561877	/works/OL1795434W	oclc	
OL1795435W	1	1	Boy life on the prairie	1899	0.68	1.0	njp.32101068598315	/works/OL1795435W	oclc	
OL1795439W	1	1	Hesper;	1903	0.89	1.0	uc1.b3561872	/works/OL1795439W	oclc	
OL1795440W	1	1	Prairie folks	1899	0.8	1.0	uc1.b4104266	/works/OL1795440W	oclc	
OL1795442W	1	1	Rose of Dutcher's Coolly	1895	0.9	1.0	uc2.ark+=13960=t3707x24f	/works/OL1795442W	oclc	
OL1795444W	2	2	The captain of the Gray-horse troop;	1902	0.89	0.999	nyp.33433076069099|uc2.ark+=13960=fk75t3gf2n	/works/OL1795444W	oclc	
OL1795445W	5	2	Main-travelled roads	1918	0.88	1.0	mdp.39015000644289|mdp.39015003681924|mdp.39015062066181|nyp.33433081890810|uc1.b4407858	/works/OL1795445W	oclc	
OL1795566W	2	1	Later Pratt portraits	1911	0.88	1.0	nyp.33433076090459|uc2.ark+=13960=t6348kb5q	/works/OL1795566W	oclc	
OL1795568W	2	1	A Venetian June	1896	0.88	0.999	nyp.33433076090426|uc1.b287390	/works/OL1795568W	oclc	
OL1795569W	4	3	Pratt portraits	1908	0.89	1.0	uc2.ark+=13960=t7pn91948|mdp.39015048960523|uc2.ark+=13960=t3dz03h3d|uc2.ark+=13960=t1xd0r65s	/works/OL1795569W	oclc	
OL1795570W	1	1	Peak and prairie;	1894	0.89	1.0	uc1.b287453	/works/OL1795570W	oclc	
OL1795607W	3	1	A mountain-white heroine	1889	0.67	1.0	nc01.ark+=13960=t3hx1cd8r|nyp.33433074856273|uc2.ark+=13960=t04x54p96	/works/OL1795607W	oclc	
OL1795664W	1	1	A flame of fire;	1903	0.79	1.0	nyp.33433074868260	/works/OL1795664W	oclc	
OL1795680W	1	1	The sword of the Lord;	1909	0.88	1.0	wu.89097239107	/works/OL1795680W	oclc	
OL1795699W	1	1	Good-bye, proud world	1903	0.84	0.998	nyp.33433075849558	/works/OL1795699W	oclc	
OL1795709W	1	1	The story of Lawrence Garthe	1894	0.89	1.0	njp.32101068972072	/works/OL1795709W	oclc	
OL1795795W	3	1	Bud;	1907	0.89	1.0	nyp.33433074910906|uc1.b3581593|uc2.ark+=13960=t0wp9vn20	/works/OL1795795W	oclc	
OL1795810W	2	1	John Splendid;	1898	0.9	1.0	uc1.b3581596|uc2.ark+=13960=t89g5w351	/works/OL1795810W	oclc	
OL1795813W	2	1	Gilian the dreamer	1899	0.84	1.0	uc1.b3581595|uc2.ark+=13960=t1vd6zc74	/works/OL1795813W	oclc	
OL1795828W	2	1	Against human nature	1895	0.9	1.0	nc01.ark+=13960=t9f47pw9m|uva.x000826998	/works/OL1795828W	oclc	
OL1795839W	1	1	A vacation in a buggy	1887	0.87	0.999	wu.89098003585	/works/OL1795839W	oclc	
OL1795841W	2	1	Dally	1891	0.89	0.999	uc2.ark+=13960=t7mp4wj0n|wu.89098003270	/works/OL1795841W	oclc	
OL1795879W	1	1	John Ermine of the Yellowstone	1913	0.87	1.0	uc2.ark+=13960=t2q52pq4z	/works/OL1795879W	oclc	
OL1795880W	2	1	The way of an Indian	1906	0.77	1.0	mdp.39015030710852|uc2.ark+=13960=t5j961h71	/works/OL1795880W	oclc	
OL1795881W	2	1	Crooked trails;	1898	0.88	1.0	uc1.b3325700|wu.89052490505	/works/OL1795881W	oclc	
OL1796043W	2	2	Mr. Isaacs	1885	0.9	0.999	uc2.ark+=13960=t74t6ft90|uc1.b3321316	/works/OL1796043W	oclc	
OL1796061W	2	1	The heart of Rome	1904	0.84	1.0	mdp.39015031486114|uc1.b3321314	/works/OL1796061W	oclc	
OL1796069W	1	1	The undesirable governess	1910	0.89	1.0	njp.32101068168218	/works/OL1796069W	oclc	
OL1796072W	2	1	An American politician, a novel	1885	0.73	1.0	nyp.33433074816996|uc2.ark+=13960=t86h4df1t	/works/OL1796072W	oclc	
OL1796078W	6	3	Via crucis	1900	0.89	1.0	mdp.49015000516444|mdp.39015059395072|mdp.39015059413099|nyp.33433074817200|uc2.ark+=13960=t2b853v0j|uc2.ark+=13960=t2z31nx5t	/works/OL1796078W	oclc	
OL1796079W	1	1	Arethusa	1919	0.88	1.0	uc2.ark+=13960=t3tt4gv58	/works/OL1796079W	oclc	
OL1796082W	3	1	Love in idleness	1894	0.89	1.0	mdp.39015059394489|nyp.33433082002787|uc1.b248387	/works/OL1796082W	oclc	
OL1796087W	2	1	Man overboard!	1903	0.84	0.999	mdp.39015059394497|uc2.ark+=13960=t87h1g377	/works/OL1796087W	oclc	
OL1796093W	5	4	Fair Margaret	1905	0.9	1.0	uc1.b3578337|uc2.ark+=13960=t28912s4c|uva.x030749227|nyp.33433074816897|mdp.39015059394406	/works/OL1796093W	oclc	
OL1796094W	2	1	Katharine Lauderdale	1894	0.84	1.0	mdp.39015059394430|mdp.39015059394448	/works/OL1796094W	oclc	
OL1796095W	2	2	Little city of hope	1907	0.83	1.0	uc2.ark+=13960=t47p8v334|mdp.39015059394471	/works/OL1796095W	oclc	
OL1796101W	3	2	With the immortals	1888	0.88	1.0	mdp.39015059395106|uc1.b248836|mdp.39015059395114	/works/OL1796101W	oclc	
OL1796102W	2	1	The primadonna	1907	0.89	1.0	uc1.b3321317|uc2.ark+=13960=t1cj88k5c	/works/OL1796102W	oclc	
OL1796105W	2	1	A cigarette-maker's romance	1890	0.89	1.0	mdp.39015059394349|uc1.b248395	/works/OL1796105W	oclc	
OL1796107W	3	2	In the palace of the king;	1919	0.9	1.0	mdp.39015059394422|njp.32101068167970|nyp.33433081978318	/works/OL1796107W	oclc	
OL1796111W	7	3	Zoroaster	1893	0.89	1.0	mdp.39015059395130|uc1.b3561859|mdp.39015059395122|uc1.b3908991|nyp.33433074817168|uc1.b3321324|uc2.ark+=13960=t9t15384q	/works/OL1796111W	oclc	
OL1796112W	4	2	Marietta;	1906	0.89	1.0	uc2.ark+=13960=t2z31r518|mdp.39015059395155|mdp.39015059395163|uc1.b3561846	/works/OL1796112W	oclc	
OL1796115W	3	2	The children of the king;	1892	0.83	1.0	mdp.39015059394323|mdp.39015059394331|uc1.b248372	/works/OL1796115W	oclc	
OL1796120W	1	1	The witch of Prague	1892	0.82	1.0	nyp.33433074817176	/works/OL1796120W	oclc	
OL1796123W	3	2	An American politician	1884	0.89	1.0	mdp.39015063749637|mdp.39015063749645|uc1.b3321311	/works/OL1796123W	oclc	
OL1796135W	1	1	Black Partridge, or, The fall of Fort Dearborn	1906	0.86	0.993	mdp.39076002495906	/works/OL1796135W	oclc	
OL1796176W	1	1	A jaunt through Java	1888	0.86	0.999	nyp.33433082531256	/works/OL1796176W	oclc	
OL1796177W	1	1	A jaunt through Java	1888	0.86	0.999	nyp.33433082531256	/works/OL1796177W	oclc	
OL1796217W	1	1	Red plume	1900	0.9	1.0	nyp.33433082530720	/works/OL1796217W	oclc	
OL1796270W	2	1	The great cattle trail	1894	0.89	1.0	uc1.b3331826|uc2.ark+=13960=t6vx06w4k	/works/OL1796270W	oclc	
OL1796275W	1	1	The hunters of the Ozark	1887	0.79	0.999	njp.32101066458637	/works/OL1796275W	oclc	
OL1796287W	1	1	Off the reservation;	1908	0.83	1.0	nyp.33433082531082	/works/OL1796287W	oclc	
OL1796289W	1	1	Osceola, chief of the Seminoles;	1899	0.72	0.999	nyp.33433082530852	/works/OL1796289W	oclc	
OL1796291W	1	1	Pontiac, chief of the Ottawas	1897	0.88	0.999	njp.32101066458660	/works/OL1796291W	oclc	
OL1796303W	1	1	... Camp-fire and wigwam	1885	0.81	0.999	uc2.ark+=13960=t1gh9bt0w	/works/OL1796303W	oclc	
OL1796308W	1	1	... Ned in the block-house	1883	0.77	1.0	nyp.33433082531157	/works/OL1796308W	oclc	
OL1796309W	1	1	On the trail of Geronimo	1889	0.89	1.0	nyp.33433082530977	/works/OL1796309W	oclc	
OL1796312W	1	1	Red Jacket	1900	0.89	0.999	nyp.33433082530662	/works/OL1796312W	oclc	
OL1796313W	3	2	The river fugitives	1900	0.89	1.0	uc1.b168816|uc2.ark+=13960=t8kd1rh51|nyp.33433082531025	/works/OL1796313W	oclc	
OL1796314W	1	1	The round-up;	1908	0.79	1.0	nyp.33433082530837	/works/OL1796314W	oclc	
OL1796316W	1	1	The story of Red Feather	1908	0.62	1.0	nyp.33433082530811	/works/OL1796316W	oclc	
OL1796320W	1	1	The young scout	1895	0.7	1.0	nyp.33433082530761	/works/OL1796320W	oclc	
OL1796347W	2	1	Gathering clouds	1895	0.89	1.0	mdp.39015063918307|yale.39002032067556	/works/OL1796347W	oclc	
OL1796411W	1	1	Darkness and dawn;	1891	0.89	1.0	uc2.ark+=13960=t8z895c4s	/works/OL1796411W	oclc	
OL1796489W	2	1	From the land of the snow pearls;	1902	0.88	1.0	uc1.b3322391|uc2.ark+=13960=t5bc3v58n	/works/OL1796489W	oclc	
OL1796507W	3	1	The pleasant ways of St. Médard	1916	0.86	1.0	mdp.39015030754330|nyp.33433074792734|uc2.ark+=13960=t5x63cb94	/works/OL1796507W	oclc	
OL1796511W	1	1	Monsieur Motte	1888	0.89	1.0	nyp.33433074873617	/works/OL1796511W	oclc	
OL1796512W	2	1	Tales of a time and place	1892	0.89	1.0	nc01.ark+=13960=t56d6nd8j|uc1.b3326162	/works/OL1796512W	oclc	
OL1796514W	4	2	Balcony stories	1893	0.87	1.0	nyp.33433076067085|njp.32101013094188|uc2.ark+=13960=t1vd6p99w|uc2.ark+=13960=t6h12vp10	/works/OL1796514W	oclc	
OL1796555W	3	2	Stories new and old;	1915	0.85	1.0	mdp.39015059387731|mdp.39015062994614|mdp.39015059387814	/works/OL1796555W	oclc	
OL1796625W	2	1	The making of Thomas Barton	1913	0.89	1.0	nyp.33433074920483|uc2.ark+=13960=t2794284g	/works/OL1796625W	oclc	
OL1796627W	2	2	An adventurer of the North	1896	0.89	1.0	mdp.39015060797969|uc2.ark+=13960=t78s4mm3m	/works/OL1796627W	oclc	
OL1796640W	1	1	The chief factor	1893	0.87	1.0	nyp.33433075748917	/works/OL1796640W	oclc	
OL1796641W	3	2	Cumner's son	1910	0.84	1.0	nyp.33433075748925|uc2.ark+=13960=t88g8hn02|uc2.ark+=13960=t6xw4bj13	/works/OL1796641W	oclc	
OL1796671W	2	1	Pierre and his people	1894	0.88	1.0	nyp.33433075749097|uc2.ark+=13960=t5r787j3z	/works/OL1796671W	oclc	
OL1796766W	2	1	The march of the White guard	1901	0.85	1.0	mdp.39015063945532|nyp.33433075749030	/works/OL1796766W	oclc	
OL1796769W	3	1	Northern lights	1909	0.87	1.0	mdp.39015063945607|nyp.33433075749022|uc2.ark+=13960=t53f4td69	/works/OL1796769W	oclc	
OL1796780W	4	2	The lane that had no turning	1900	0.89	1.0	mdp.39015063945839|nyp.33433075748974|uva.x030750893|uc2.ark+=13960=t3pv6d091	/works/OL1796780W	oclc	
OL1796781W	2	2	The world for sale;	1916	0.89	1.0	nyp.33433075749238|uc1.b3325470	/works/OL1796781W	oclc	
OL1796783W	2	2	The battle of the strong;	1898	0.89	1.0	uc2.ark+=13960=t6g15w00s|mdp.39015063945557	/works/OL1796783W	oclc	
OL1796785W	3	3	When Valmond came to Pontiac	1895	0.89	1.0	mdp.39015020058551|uc2.ark+=13960=t53f4rp3m|uc2.ark+=13960=t89g5qc3k	/works/OL1796785W	oclc	
OL1796786W	4	3	A Romany of the snows	1896	0.9	1.0	mdp.39015063945474|nyp.33433075749121|uc2.ark+=13960=t7cr5qd4m|nyp.33433075749147	/works/OL1796786W	oclc	
OL1796789W	2	2	The seats of the mighty;	1890	0.89	1.0	mdp.39015059406689|uc2.ark+=13960=t7tm7f93w	/works/OL1796789W	oclc	
OL1796811W	1	1	Captain Shays;	1897	0.89	0.999	mdp.39015063956117	/works/OL1796811W	oclc	
OL1796824W	2	2	Chalmette;	1898	0.88	1.0	uc2.ark+=13960=t47p8tq67|uc2.ark+=13960=t7qn6009d	/works/OL1796824W	oclc	
OL1796826W	2	1	The scarlet coat	1896	0.88	1.0	mdp.39015060573220|nyp.33433076043441	/works/OL1796826W	oclc	
OL1796845W	1	1	The flight of Georgiana;	1905	0.89	0.999	uc2.ark+=13960=t75t3ht33	/works/OL1796845W	oclc	
OL1796847W	2	1	The road to Paris;	1898	0.64	1.0	nyp.33433076021710|uc2.ark+=13960=t6n010f11	/works/OL1796847W	oclc	
OL1796849W	3	1	A gentleman player;	1899	0.89	1.0	nyp.33433076021744|uc2.ark+=13960=t1pg1hr7x|uc2.ark+=13960=t3hx16445	/works/OL1796849W	oclc	
OL1796850W	2	1	The continental dragoon;	1898	0.88	1.0	nyp.33433076021850|uc2.ark+=13960=t83j39p1r	/works/OL1796850W	oclc	
OL1796851W	3	1	Philip Winwood	1900	0.89	1.0	nyp.33433076021728|uc2.ark+=13960=t3bz61m9g|uc2.ark+=13960=t73t9ds13	/works/OL1796851W	oclc	
OL1796852W	3	2	An enemy to the king;	1897	0.9	1.0	uc2.ark+=13960=t6d21t54b|nyp.33433076021751|uc2.ark+=13960=t8kd1r59g	/works/OL1796852W	oclc	
OL1796854W	2	1	Tales from Bohemia	1908	0.88	1.0	mdp.39015063954773|uc2.ark+=13960=t43r0rf48	/works/OL1796854W	oclc	
OL1796927W	1	1	A prince of good fellows	1902	0.89	1.0	mdp.39015065531991	/works/OL1796927W	oclc	
OL1796932W	2	1	The speculations of John Steele	1905	0.89	1.0	mdp.39015055406170|nyp.33433074932322	/works/OL1796932W	oclc	
OL1796933W	1	1	The triumphs of Eugène Valmont	1906	0.84	1.0	mdp.39015020213396	/works/OL1796933W	oclc	
OL1796934W	1	1	The measure of the rule	1908	0.9	1.0	njp.32101064787045	/works/OL1796934W	oclc	
OL1796936W	3	2	A Chicago princess	1904	0.89	1.0	mdp.39015063548245|nyp.33433074932264|uc2.ark+=13960=t12n5111g	/works/OL1796936W	oclc	
OL1796944W	1	1	The sword maker	1910	0.81	1.0	njp.32101064787037	/works/OL1796944W	oclc	
OL1796949W	3	2	In the midst of alarms;	1900	0.84	1.0	njp.32101064787052|uc2.ark+=13960=t24b30k2r|uc2.ark+=13960=t03x86h84	/works/OL1796949W	oclc	
OL1797031W	1	1	The Mormon of the Little Manitou Island;	1916	0.84	1.0	mdp.39015011441774	/works/OL1797031W	oclc	
OL1797138W	2	1	Wednesday the tenth	1890	0.87	1.0	inu.39000003820516|uc2.ark+=13960=t1qf8kx83	/works/OL1797138W	oclc	
OL1797199W	1	1	Ancestors;	1907	0.9	1.0	mdp.39015018048077	/works/OL1797199W	oclc	
OL1797227W	2	1	The doomswoman;	1901	0.88	1.0	mdp.39015063753712|nyp.33433082173596	/works/OL1797227W	oclc	
OL1797229W	1	1	Los cerritos	1890	0.89	1.0	njp.32101064786260	/works/OL1797229W	oclc	
OL1797235W	4	2	Before the gringo came	1915	0.89	1.0	nyp.33433082173661|uc2.ark+=13960=t3gx45m6t|mdp.39015063753530|uc2.ark+=13960=t5m903200	/works/OL1797235W	oclc	
OL1797240W	3	2	His fortunate grace, etc	1904	0.88	1.0	uc2.ark+=13960=t6g15v12s|mdp.39015063753704|uc2.ark+=13960=t90864493	/works/OL1797240W	oclc	
OL1797242W	4	1	Julia France and her times;	1912	0.9	1.0	mdp.39015063753688|nyp.33433082173570|uc1.b3582832|uc2.ark+=13960=t04x55d53	/works/OL1797242W	oclc	
OL1797244W	2	1	Perch of the devil	1914	0.89	1.0	mdp.39015005207033|uc2.ark+=13960=t6ww7883g	/works/OL1797244W	oclc	
OL1797245W	3	1	Transplanted;	1919	0.89	1.0	mdp.39015064438669|nyp.33433082251855|uc2.ark+=13960=t85h7ch8h	/works/OL1797245W	oclc	
OL1797252W	7	2	The aristocrats;	1902	0.83	1.0	mdp.39015063516739|nyp.33433082173687|nyp.33433082173695|uc1.b3322232|uc2.ark+=13960=t0000152d|uc2.ark+=13960=t0ft8fg18|wu.89098865884	/works/OL1797252W	oclc	
OL1797253W	1	1	The bell in the fog	1905	0.86	1.0	mdp.39015063753522	/works/OL1797253W	oclc	
OL1797254W	2	2	Rezánov	1906	0.84	1.0	wu.89098866098|uc2.ark+=13960=t8kd1rc6q	/works/OL1797254W	oclc	
OL1797255W	4	1	Sleeping fires;	1922	0.89	1.0	mdp.39015063753647|nyp.33433082251848|uc1.b3582833|uc2.ark+=13960=t41r6p74d	/works/OL1797255W	oclc	
OL1797258W	3	1	The white morning;	1918	0.75	1.0	nyp.33433082248398|uc2.ark+=13960=t3222sb53|wu.89098866130	/works/OL1797258W	oclc	
OL1797260W	4	2	The avalanche	1919	0.88	1.0	uc2.ark+=13960=t95718d66|mdp.39015011949289|nyp.33433082173679|uc2.ark+=13960=t04x54k5x	/works/OL1797260W	oclc	
OL1797263W	1	1	The valiant runaways;	1898	0.89	1.0	uc1.b248098	/works/OL1797263W	oclc	
OL1797264W	3	2	The Californians	1898	0.89	1.0	njp.32101064786278|nyp.33433082173653|uc2.ark+=13960=t42r3pb8v	/works/OL1797264W	oclc	
OL1797267W	7	3	American wives and English husbands;	1901	0.9	1.0	mdp.39015011949362|nyp.33433082173711|wu.89098869449|nyp.33433082173729|uc2.ark+=13960=t3fx7486r|wu.89098869522|uc2.ark+=13960=t18k75695	/works/OL1797267W	oclc	
OL1797268W	3	1	The sisters-in-law;	1921	0.87	1.0	mdp.39015063753662|nyp.33433082251830|uc2.ark+=13960=fk2697019z	/works/OL1797268W	oclc	
OL1797269W	1	1	The splendid idle forties;	1902	0.89	0.998	mdp.39015005125573	/works/OL1797269W	oclc	
OL1797270W	5	3	Senator North	1900	0.9	1.0	uva.x004011480|uc2.ark+=13960=t1hh6cc4k|wu.89098866031|uc1.b3322244|uc2.ark+=13960=t86h4f64j	/works/OL1797270W	oclc	
OL1797271W	4	2	The conqueror;	1902	0.7	1.0	mdp.39015063753720|nyp.33433082173646|uc1.b3322234|uc2.ark+=13960=t7vm4486b	/works/OL1797271W	oclc	
OL1797323W	4	3	Folks from Dixie	1922	0.88	1.0	mdp.39015011913533|uc2.ark+=13960=t6k06xk56|nyp.33433074930011|uc1.b3578488	/works/OL1797323W	oclc	
OL1797341W	1	1	The sport of the gods	1902	0.89	0.999	mdp.39015066034508	/works/OL1797341W	oclc	
OL1797345W	4	3	The uncalled;	1898	0.86	1.0	uc1.b4582042|uc1.b3578490|mdp.39015012913631|uc2.ark+=13960=t3804z12m	/works/OL1797345W	oclc	
OL1797359W	2	1	The love of Landry	1900	0.89	1.0	uc1.b3578489|uc2.ark+=13960=t1zc7sr2j	/works/OL1797359W	oclc	
OL1797366W	1	1	The heart of Happy Hollow	1904	0.82	1.0	mdp.39015031233037	/works/OL1797366W	oclc	
OL1797559W	1	1	Elsie and her namesakes	1905	0.84	0.999	uc2.ark+=13960=t1qf8jr4h	/works/OL1797559W	oclc	
OL1797564W	2	1	Elsie's young folks in peace and war	1900	0.9	1.0	nyp.33433082530530|uc2.ark+=13960=t1vd6pb1g	/works/OL1797564W	oclc	
OL1797573W	2	1	Elsie on the Hudson and elsewhere	1898	0.89	0.999	nyp.33433082530266|uc2.ark+=13960=t6n010h6b	/works/OL1797573W	oclc	
OL1797575W	2	1	Elsie's winter trip	1902	0.86	0.999	nyp.33433082530498|uc2.ark+=13960=t8sb3xm7b	/works/OL1797575W	oclc	
OL1797577W	1	1	Mildred at home	1884	0.89	1.0	uc2.ark+=13960=t6542jv7b	/works/OL1797577W	oclc	
OL1797580W	2	2	Elsie's widowhood;	1880	0.88	1.0	nyp.33433082530506|uc2.ark+=13960=t9c53gh02	/works/OL1797580W	oclc	
OL1797589W	2	2	Elsie's new relations	1911	0.89	1.0	uc2.ark+=13960=t8w95196d|nyp.33433082530464	/works/OL1797589W	oclc	
OL1797590W	2	2	The two Elsies	1913	0.9	0.999	uc2.ark+=13960=t92806d7w|nyp.33433082530571	/works/OL1797590W	oclc	
OL1797591W	1	1	Elsie's children	1905	0.89	0.999	uc2.ark+=13960=t0qr4nv1z	/works/OL1797591W	oclc	
OL1797594W	2	1	Elsie at Nantucket	1912	0.83	1.0	uc2.ark+=13960=t73t9dw4w|uva.x000450206	/works/OL1797594W	oclc	
OL1797596W	1	1	Grandmother Elsie	1882	0.84	1.0	nyp.33433082530522	/works/OL1797596W	oclc	
OL1797597W	2	1	Holidays at Roselands;	1898	0.9	1.0	uc2.ark+=13960=t0ks6jz4c|uva.x000936847	/works/OL1797597W	oclc	
OL1797598W	2	2	Elsie's womanhood	1875	0.9	1.0	nyp.33433082530548|uc2.ark+=13960=t2x34nn6j	/works/OL1797598W	oclc	
OL1797739W	1	1	In the days of Drake	1897	0.89	0.999	uc2.ark+=13960=t9r215m9n	/works/OL1797739W	oclc	
OL1797750W	6	1	When Charles the First was king	1892	0.89	1.0	njp.32101067644649|njp.32101067644656|njp.32101067644664|uiuo.ark+=13960=t3902h405|uiuo.ark+=13960=t47p9c42p|uiuo.ark+=13960=t9377qx8x	/works/OL1797750W	oclc	
OL1797752W	1	1	The paradise mystery	1920	0.89	0.999	nyp.33433075728596	/works/OL1797752W	oclc	
OL1797754W	1	1	Scarhaven keep	1922	0.89	0.998	nyp.33433075728570	/works/OL1797754W	oclc	
OL1797861W	3	2	The great K. & A. train-robbery	1901	0.88	1.0	nyp.33433076066004|uc2.ark+=13960=t3901zq0s|uc2.ark+=13960=t6057dd43	/works/OL1797861W	oclc	
OL1797863W	2	1	Tattle-tales of Cupid	1898	0.55	1.0	njp.32101063690778|uc1.b249768	/works/OL1797863W	oclc	
OL1797864W	3	2	Wanted - a chaperon	1902	0.81	1.0	uc2.ark+=13960=t2s46j303|mdp.39015063928090|uc1.b3322072	/works/OL1797864W	oclc	
OL1797866W	5	2	Janice Meredith;	1899	0.9	1.0	nyp.33433075727846|mdp.39015063869104|mdp.39015063869294|uc1.b3322063|uc1.b4353846	/works/OL1797866W	oclc	
OL1798096W	2	1	I am the king;	1898	0.87	1.0	njp.32101064791054|uc2.ark+=13960=t0rr1qt1h	/works/OL1798096W	oclc	
OL1798097W	1	1	The sword of justice	1899	0.89	1.0	uc2.ark+=13960=t0bv7c35g	/works/OL1798097W	oclc	
OL1798109W	3	1	A son of the ages	1914	0.86	1.0	nyp.33433076073588|uc1.b4104242|uc2.ark+=13960=fk6g15tp6g	/works/OL1798109W	oclc	
OL1798112W	1	1	These are my jewels	1902	0.82	1.0	uc2.ark+=13960=t1rf5n131	/works/OL1798112W	oclc	
OL1798115W	4	2	The story of Ab	1897	0.89	1.0	loc.ark+=13960=t9572012d|nyp.33433076073570|uc1.b4104241|uc2.ark+=13960=fk7rn30m8v	/works/OL1798115W	oclc	
OL1798368W	1	1	The Carringtons of High Hill;	1919	0.87	1.0	uc2.ark+=13960=t51g0jj22	/works/OL1798368W	oclc	
OL1798401W	3	2	Judith: a chronicle of old Virginia	1883	0.89	1.0	uc1.b3325209|uva.x002178143|uc2.ark+=13960=t78s4mc9c	/works/OL1798401W	oclc	
OL1798437W	1	1	Frontier stories	1898	0.89	1.0	nyp.33433076061088	/works/OL1798437W	oclc	
OL1798438W	2	1	The last spike, and other railroad stories	1906	0.76	1.0	nyp.33433076061062|uc2.ark+=13960=fk7dr2pq1x	/works/OL1798438W	oclc	
OL1798440W	2	1	Snow on the headlight;	1899	0.78	1.0	nyp.33433076061054|uc2.ark+=13960=t4fn11510	/works/OL1798440W	oclc	
OL1798450W	1	1	For King or country;	1896	0.89	1.0	nyp.33433074800719	/works/OL1798450W	oclc	
OL1798462W	1	1	A loyal traitor;	1899	0.89	0.998	nnc1.cu58305297	/works/OL1798462W	oclc	
OL1798469W	3	2	A Princetonian;	1901	0.89	1.0	mdp.39015039419141|nyp.33433084129844|uc2.ark+=13960=t3vt1j11k	/works/OL1798469W	oclc	
OL1798471W	1	1	Yankee ships and Yankee sailors:--Tales of 1812	1897	0.88	1.0	nyp.33433082524178	/works/OL1798471W	oclc	
OL1798472W	1	1	Drake and his yeomen;	1899	0.89	1.0	nyp.33433074800628	/works/OL1798472W	oclc	
OL1798515W	2	1	The lion's whelp;	1901	0.86	1.0	njp.32101067628980|uc2.ark+=13960=t3mw28n55	/works/OL1798515W	oclc	
OL1798517W	2	1	A maid of old New York	1911	0.87	1.0	nyp.33433084129927|uc2.ark+=13960=t0ns0m20z	/works/OL1798517W	oclc	
OL1798521W	2	1	Michael and Theodora;	1892	0.88	0.999	nyp.33433074800347|uc2.ark+=13960=t96689b4c	/works/OL1798521W	oclc	
OL1798522W	3	1	Paul and Christina	1887	0.89	1.0	njp.32101067628964|nyp.33433084129901|uc2.ark+=13960=t1gh9bg7s	/works/OL1798522W	oclc	
OL1798523W	1	1	The preacher's daughter	1892	0.89	1.0	wu.89098869969	/works/OL1798523W	oclc	
OL1798528W	1	1	Trinity bells	1899	0.89	0.998	uc2.ark+=13960=t6vx06m02	/works/OL1798528W	oclc	
OL1798531W	2	1	I, thou and the other one;	1898	0.9	1.0	nyp.33433074833470|uc2.ark+=13960=t8tb0zv91	/works/OL1798531W	oclc	
OL1798536W	2	1	Between two loves	1889	0.9	1.0	mdp.39015063552098|nyp.33433074800362	/works/OL1798536W	oclc	
OL1798542W	2	1	Prisoners of conscience	1897	0.88	1.0	nyp.33433074800313|uc2.ark+=13960=t5cc0v917	/works/OL1798542W	oclc	
OL1798546W	1	1	Remember the Alamo	1888	0.89	1.0	nyp.33433074800420	/works/OL1798546W	oclc	
OL1798547W	7	3	The bow of orange ribbon	1886	0.89	1.0	wu.89098869605|mdp.39015029714345|nyp.33433074800354|uc2.ark+=13960=t3416th23|nyp.33433082294400|uc1.b112598|uc2.ark+=13960=t7vm45g2h	/works/OL1798547W	oclc	
OL1798548W	2	1	A daughter of Fife	1886	0.67	1.0	nyp.33433084130008|uc2.ark+=13960=t8nc5t11f	/works/OL1798548W	oclc	
OL1798549W	2	1	Scottish sketches	1883	0.88	1.0	nyp.33433074800404|uc2.ark+=13960=t9g44jr9b	/works/OL1798549W	oclc	
OL1798553W	1	1	The Hallam succession	1887	0.89	1.0	uc2.ark+=13960=t82j68v1d	/works/OL1798553W	oclc	
OL1798628W	2	1	A bundle of life	1894	0.88	1.0	njp.32101066458520|uc2.ark+=13960=t9183700c	/works/OL1798628W	oclc	
OL1798637W	3	2	Robert Orange	1900	0.9	1.0	nyp.33433074949185|uc2.ark+=13960=t3qv3kq1t|mdp.39015063547668	/works/OL1798637W	oclc	
OL1798638W	3	2	The dream and the business	1906	0.84	1.0	nyp.33433074949136|nyp.33433074949144|uc2.ark+=13960=t9m32r036	/works/OL1798638W	oclc	
OL1798661W	1	1	A Klondike picnic	1898	0.85	0.999	uc1.31822038205597	/works/OL1798661W	oclc	
OL1798789W	1	1	The widow O'Callaghan's boys	1898	0.83	1.0	uc2.ark+=13960=t84j0dc52	/works/OL1798789W	oclc	
OL1798826W	3	1	Stingaree	1907	0.89	1.0	uc1.b3324339|uc2.ark+=13960=t1vd6x96b|uc2.ark+=13960=t2z31s811	/works/OL1798826W	oclc	
OL1798837W	3	2	Tiny Luttrell	1900	0.9	1.0	uc2.ark+=13960=t7xk8b042|uiuo.ark+=13960=t2n59475k|uiuo.ark+=13960=t6m04pt9x	/works/OL1798837W	oclc	
OL1798840W	2	2	The camera fiend	1911	0.89	1.0	uc2.ark+=13960=t2b858j50|uc2.ark+=13960=t27945v9r	/works/OL1798840W	oclc	
OL1798843W	6	4	Raffles: further adventures of the amateur cracksman	1910	0.89	1.0	uc1.b4102356|uc2.ark+=13960=t3126228g|uc2.ark+=13960=t3222zd90|uc2.ark+=13960=t9m32ts78|mdp.39015006984440|uc2.ark+=13960=t5n87863x	/works/OL1798843W	oclc	
OL1798844W	4	2	Witching hill	1913	0.89	1.0	nyp.33433074872338|uc2.ark+=13960=t9f47kp86|uc2.ark+=13960=t8nc6969q|wu.89005052014	/works/OL1798844W	oclc	
OL1798895W	1	1	Aladdin in London;	1892	0.89	0.999	nyp.33433074861976	/works/OL1798895W	oclc	
OL1798906W	1	1	The green mummy	1908	0.89	1.0	uc1.b3324254	/works/OL1798906W	oclc	
OL1799010W	1	1	The only woman in the town	1898	0.88	0.999	uc2.ark+=13960=t6f18t71d	/works/OL1799010W	oclc	
OL1799019W	1	1	The golden-breasted kootoo	1899	0.85	0.996	uc2.ark+=13960=t1sf2q64r	/works/OL1799019W	oclc	
OL1799035W	3	2	Narcissa, or, The road to Rome ;	1894	0.85	1.0	uc2.ark+=13960=t1cj87v61|uva.x030743232|nyp.33433076047699	/works/OL1799035W	oclc	
OL1799059W	2	1	Hildegarde's home	1892	0.89	0.999	nyp.33433082297007|uc2.ark+=13960=t1vd6pn01	/works/OL1799059W	oclc	
OL1799063W	3	1	Mrs. Tree	1902	0.89	1.0	nc01.ark+=13960=t0wq12m7r|nyp.33433082231121|uc2.ark+=13960=t6g15tz7w	/works/OL1799063W	oclc	
OL1799065W	2	1	Nautilus	1895	0.85	1.0	mdp.39015063949880|nyp.33433082231147	/works/OL1799065W	oclc	
OL1799067W	1	1	Queen Hildegarde;	1889	0.89	0.999	uc2.ark+=13960=t7tm72x4w	/works/OL1799067W	oclc	
OL1799069W	2	1	Rita	1900	0.88	0.999	uc1.b308311|uc2.ark+=13960=t35140f8q	/works/OL1799069W	oclc	
OL1799076W	1	1	Fernley House	1901	0.83	0.998	uc2.ark+=13960=t88g8g892	/works/OL1799076W	oclc	
OL1799078W	1	1	Hildegarde's harvest	1897	0.89	1.0	uc2.ark+=13960=t3610wg2t	/works/OL1799078W	oclc	
OL1799081W	3	1	Margaret Montfort	1898	0.89	1.0	nyp.33433076048358|uc1.b308308|wu.89007380157	/works/OL1799081W	oclc	
OL1799082W	3	1	Marie	1894	0.87	1.0	nyp.33433082230651|uc1.b60305|uc2.ark+=13960=t4hm5374z	/works/OL1799082W	oclc	
OL1799084W	1	1	Three Margarets	1897	0.83	0.999	uc1.b308312	/works/OL1799084W	oclc	
OL1799087W	1	1	Hildegarde's neighbors	1895	0.89	1.0	uc1.b4099140	/works/OL1799087W	oclc	
OL1799088W	1	1	Peggy	1899	0.89	1.0	uc1.b308309	/works/OL1799088W	oclc	
OL1799090W	1	1	Five mice in a mouse-trap : by the Man in the Moon, done in vernacular, from the lunacular	1880	0.88	0.998	nyp.33433082230909	/works/OL1799090W	oclc	
OL1799162W	2	2	The castaway;	1908	0.89	1.0	nnc1.1002214989|uc2.ark+=13960=t0qr4r29r	/works/OL1799162W	oclc	
OL1799163W	4	1	Hearts courageous	1902	0.89	1.0	mdp.39015031301701|nyp.33433076047814|nyp.33433082132717|uc2.ark+=13960=t6zw1dq96	/works/OL1799163W	oclc	
OL1799165W	1	1	Smoking flax	1897	0.89	1.0	nyp.33433076047582	/works/OL1799165W	oclc	
OL1799167W	3	2	The Valiants of Virginia	1912	0.89	0.999	nyp.33433076047962|uc2.ark+=13960=t9x05z46t|uc2.ark+=13960=t8tb11r2h	/works/OL1799167W	oclc	
OL1799186W	1	1	Oddities in southern life and character;	1883	0.73	0.999	uc2.ark+=13960=t57d2r118	/works/OL1799186W	oclc	
OL1799212W	2	1	Lyddy: a tale of the old South	1898	0.89	1.0	nc01.ark+=13960=t6h13sw4p|uc2.ark+=13960=t7jq0tf91	/works/OL1799212W	oclc	
OL1799272W	3	1	Omar, the tentmaker;	1899	0.89	1.0	mdp.39015063512290|nyp.33433074808373|uc2.ark+=13960=t7fq9qw0r	/works/OL1799272W	oclc	
OL1799302W	1	1	The first capture;	1909	0.88	1.0	nyp.33433082302807	/works/OL1799302W	oclc	
OL1799309W	2	1	The missing pocket-book	1895	0.89	1.0	nyp.33433082303029|wu.89088297411	/works/OL1799309W	oclc	
OL1799314W	1	1	The rod and gun club	1883	0.89	1.0	nyp.33433082303045	/works/OL1799314W	oclc	
OL1799316W	2	1	Rodney the partisan	1890	0.89	1.0	nc01.ark+=13960=t53f5c705|uc2.ark+=13960=t23b5ww8w	/works/OL1799316W	oclc	
OL1799329W	1	1	Marcy, the refugee	1892	0.88	1.0	nyp.33433082302765	/works/OL1799329W	oclc	
OL1799330W	2	1	The mystery of Lost River Canyon	1896	0.88	1.0	uc1.b135521|uc2.ark+=13960=t4vh5d579	/works/OL1799330W	oclc	
OL1799406W	1	1	Joscelyn Vernon	1898	0.88	1.0	nyp.33433076094477	/works/OL1799406W	oclc	
OL1799411W	1	1	Alicia;	1898	0.69	0.998	nyp.33433076069693	/works/OL1799411W	oclc	
OL1799501W	2	1	The bread line	1900	0.89	1.0	nyp.33433076050321|uc2.ark+=13960=fk6b27q425	/works/OL1799501W	oclc	
OL1799504W	1	1	"""Peanut"";"	1913	0.85	1.0	uc2.ark+=13960=t39020043	/works/OL1799504W	oclc	
OL1799508W	3	1	Dwellers in Arcady	1919	0.87	1.0	nyp.33433076050362|uc1.b3325449|uc2.ark+=13960=t7pn8zs7s	/works/OL1799508W	oclc	
OL1799515W	1	1	The hollow tree and deep woods book	1901	0.83	0.998	uva.x030800564	/works/OL1799515W	oclc	
OL1799517W	1	1	The Arkansaw bear;	1902	0.61	0.997	uc2.ark+=13960=t6154fb96	/works/OL1799517W	oclc	
OL1799658W	3	2	Monk and knight;	1891	0.89	1.0	mdp.39015063617685|mdp.39015063931292|uc2.ark+=13960=t5cc0xm13	/works/OL1799658W	oclc	
OL17996789W	1	1	Afar in the forest	1892	0.89	0.999	nnc1.cu58447903	/works/OL17996789W	oclc	
OL1799740W	1	1	Carita	1898	0.88	1.0	nyp.33433076050891	/works/OL1799740W	oclc	
OL1799745W	2	1	The sons of Ham	1895	0.88	1.0	uc1.$b802300|uc2.ark+=13960=t3jw8722b	/works/OL1799745W	oclc	
OL1799751W	2	1	In the Okefenokee;	1895	0.84	1.0	mdp.39015063977824|nc01.ark+=13960=t1ng5fk4m	/works/OL1799751W	oclc	
OL1799764W	1	1	Alone in China, and other stories	1896	0.62	0.999	njp.32101009175322	/works/OL1799764W	oclc	
OL1799899W	1	1	Tom Moore	1902	0.88	1.0	nyp.33433076044050	/works/OL1799899W	oclc	
OL1799938W	4	1	Old Kaskaskia	1893	0.88	1.0	mdp.39015063517125|nyp.33433074810205|uc1.b248399|uc2.ark+=13960=t2n58d347	/works/OL1799938W	oclc	
OL1799939W	2	1	The queen of the swamp	1899	0.83	1.0	uc1.b248401|uc2.ark+=13960=t0ft8gz2f	/works/OL1799939W	oclc	
OL1799944W	1	1	Spanish Peggy	1899	0.76	0.999	uiuo.ark+=13960=t5m90862t	/works/OL1799944W	oclc	
OL1799948W	3	1	(The) chase of Saint-Castin and other stories of the French in the new world	1894	0.89	1.0	uc1.b3578750|uc1.b798740|uc2.ark+=13960=t2g737g4b	/works/OL1799948W	oclc	
OL1799950W	4	2	The white islander	1900	0.88	1.0	uc1.b248450|uc2.ark+=13960=t58c9tw2d|mdp.39015063516176|uc2.ark+=13960=t84j0bn3v	/works/OL1799950W	oclc	
OL1799951W	2	1	The spirit of an Illinois town	1897	0.87	1.0	mdp.39015063516465|uc1.b248410	/works/OL1799951W	oclc	
OL1799952W	1	1	Mackinac and lake stories	1899	0.81	1.0	uc1.b3322476	/works/OL1799952W	oclc	
OL1799953W	2	1	The story of Tonty	1890	0.89	1.0	mdp.39015063516457|uiuo.ark+=13960=t0ht2j24x	/works/OL1799953W	oclc	
OL1799955W	2	1	The romance of Dollard	1889	0.89	1.0	mdp.39015063516184|uc2.ark+=13960=t28911x6q	/works/OL1799955W	oclc	
OL1799956W	1	1	The lady of Fort St. John	1891	0.89	1.0	uc1.b248398	/works/OL1799956W	oclc	
OL1799959W	2	2	Lazarre	1901	0.88	1.0	uc2.ark+=13960=t4sj1b66n|mdp.39015063525011	/works/OL1799959W	oclc	
OL1799987W	2	1	Henry in the war;	1899	0.88	1.0	nc01.ark+=13960=t7dr3nf6r|nyp.33433082547427	/works/OL1799987W	oclc	
OL1799995W	1	1	Famous Indian chiefs I have known	1908	0.67	0.998	uc1.31158001376481	/works/OL1799995W	oclc	
OL1800004W	2	1	Adobeland stories	1899	0.89	0.999	nyp.33433076049653|uc2.ark+=13960=t5w66js0h	/works/OL1800004W	oclc	
OL1800154W	1	1	San Salvador	1892	0.89	1.0	dul1.ark+=13960=t6g16q923	/works/OL1800154W	oclc	
OL1800199W	1	1	The hunter cats of Connorloa	1884	0.77	1.0	njp.32101067647154	/works/OL1800199W	oclc	
OL1800209W	1	1	Between whiles	1887	0.84	0.999	uc1.b3579097	/works/OL1800209W	oclc	
OL1800220W	5	2	Ramona	1900	0.9	1.0	uva.x000443953|uva.x000445677|wu.89097995153|wu.89097995179|wu.89097995203	/works/OL1800220W	oclc	
OL1801032W	4	2	Spiritual adventures	1908	0.83	1.0	nyp.33433075753719|uc1.b4616553|uc2.ark+=13960=t7vm46104|mdp.39015031304903	/works/OL1801032W	oclc	
OL18011369W	3	2	The story of Ida	1883	0.77	1.0	uc1.b3546731|mdp.39015063740172|njp.32101063579872	/works/OL18011369W	oclc	
OL18020318W	1	1	St. Elmo	1900	0.83	1.0	mdp.39015005618072	/works/OL18020318W	oclc	
OL18022894W	3	1	New Canterbury tales	1901	0.82	1.0	mdp.39015063923547|nyp.33433074863147|uc2.ark+=13960=t13n22873	/works/OL18022894W	oclc	
OL18029342W	3	1	Rebecca of Sunnybrook farm	1903	0.89	1.0	uc1.b3549033|uc2.ark+=13960=t79s1mz76|uva.x001179325	/works/OL18029342W	oclc	
OL18029954W	2	1	American pep	1918	0.83	1.0	nyp.33433076063548|uc2.ark+=13960=t2c825v9w	/works/OL18029954W	oclc	
OL18032675W	1	1	The talking thrush	1899	0.77	1.0	uc2.ark+=13960=t8pc33q75	/works/OL18032675W	oclc	
OL18032736W	1	1	The seamy side;	1906	0.86	1.0	mdp.39015005021582	/works/OL18032736W	oclc	
OL18035048W	2	1	Blennerhassett;	1901	0.84	1.0	uc2.ark+=13960=t1td9qn84|uc2.ark+=13960=t9c53gj3z	/works/OL18035048W	oclc	
OL18035356W	1	1	Kathie's peculiar views	1884	0.89	1.0	nyp.33433076033897	/works/OL18035356W	oclc	
OL18035497W	2	1	Think and thank	1890	0.88	1.0	uc1.b3321284|uc2.ark+=13960=t01z42834	/works/OL18035497W	oclc	
OL18036252W	1	1	In colonial times;	1899	0.85	1.0	mdp.39015025926380	/works/OL18036252W	oclc	
OL18037233W	1	1	Spanish, Italian and Oriental tales	1909	0.87	1.0	mdp.39015046841352	/works/OL18037233W	oclc	
OL18038693W	1	1	The novels of Mrs. Aphra Behn;	1905	0.79	1.0	mdp.39015066064588	/works/OL18038693W	oclc	
OL18039715W	1	1	Captain Pete of Cortesana	1909	0.88	1.0	nyp.33433075767495	/works/OL18039715W	oclc	
OL18041070W	2	1	In old Bellaire	1906	0.83	1.0	njp.32101064788894|nyp.33433074811138	/works/OL18041070W	oclc	
OL18042989W	2	1	Grapes of wrath	1917	0.88	1.0	mdp.39015063914660|nyp.33433082486196	/works/OL18042989W	oclc	
OL18044776W	1	1	A friend with the countersign	1901	0.89	1.0	njp.32101064787755	/works/OL18044776W	oclc	
OL18044804W	2	1	Centuries apart	1894	0.89	1.0	dul1.ark+=13960=t3rv1766x|nyp.33433074929302	/works/OL18044804W	oclc	
OL18048105W	1	1	Thyra Varrick	1903	0.89	1.0	njp.32101067628923	/works/OL18048105W	oclc	
OL18048868W	1	1	A carpet knight	1885	0.84	1.0	uc2.ark+=13960=t6sx6622h	/works/OL18048868W	oclc	
OL18050676W	1	1	The romance of Tristan & Iseult	1913	0.81	1.0	uc2.ark+=13960=t3tt4kp2t	/works/OL18050676W	oclc	
OL18061187W	1	1	Amanda; a daughter of the Mennonites	1921	0.83	0.999	nyp.33433076054364	/works/OL18061187W	oclc	
OL18069596W	1	1	Befo' de war;	1888	0.84	1.0	mdp.39015048883162	/works/OL18069596W	oclc	
OL18077380W	2	1	Folk-tales of Napoleon: Napoleonder from the Russian;	1902	0.54	1.0	loc.ark+=13960=t6737h428|wu.89092537430	/works/OL18077380W	oclc	
OL18077382W	4	1	Stories by English authors	1896	0.88	1.0	nyp.33433074909577|nyp.33433074909585|nyp.33433074909593|nyp.33433074909601	/works/OL18077382W	oclc	
OL18077767W	1	1	A first fleet family	1896	0.89	1.0	uc1.b249100	/works/OL18077767W	oclc	
OL18078091W	1	1	Blennerhassett;	1901	0.84	1.0	mdp.39015063924792	/works/OL18078091W	oclc	
OL18079962W	2	1	Doctor Luke of the Labrador	1904	0.87	1.0	mdp.39015063916939|uc2.ark+=13960=t00z7114w	/works/OL18079962W	oclc	
OL18083585W	1	1	The wooing of Sheila	1901	0.89	0.997	nyp.33433075741912	/works/OL18083585W	oclc	
OL18084699W	1	1	The tin soldier	1919	0.89	1.0	nyp.33433082485917	/works/OL18084699W	oclc	
OL18086657W	3	1	Berlin and Sans-Souci;	1899	0.81	0.998	njp.32101035855525|nyp.33433075739916|uc2.ark+=13960=t0wp9wr37	/works/OL18086657W	oclc	
OL18088511W	1	1	Colonel Carter's Christmas ; The romance of an old-fashioned gentleman	1911	0.87	1.0	uc2.ark+=13960=t0bv79z7t	/works/OL18088511W	oclc	
OL18088578W	1	1	Types of the short story;	1913	0.61	1.0	mdp.39015003938597	/works/OL18088578W	oclc	
OL18090383W	1	1	In the shadow of the Alamo	1906	0.74	0.999	uc2.ark+=13960=t1ng4jw6g	/works/OL18090383W	oclc	
OL18091309W	1	1	The black opal	1921	0.87	1.0	inu.30000000209332	/works/OL18091309W	oclc	
OL18091328W	1	1	Red Rock; a chronicle of reconstruction	1909	0.9	1.0	nyp.33433076053556	/works/OL18091328W	oclc	
OL18094157W	2	1	Renaud of Montauban;	1897	0.78	1.0	njp.32101073306928|uc2.ark+=13960=t6xw4c306	/works/OL18094157W	oclc	
OL18094547W	2	1	The story of a bad boy	1895	0.89	1.0	mdp.39015033521405|uc1.b4087872	/works/OL18094547W	oclc	
OL18094599W	1	1	"That affair at ""The Cedars"""	1921	0.89	0.999	mdp.39015063962255	/works/OL18094599W	oclc	
OL18094992W	1	1	Before the dawn	1887	0.81	1.0	nnc1.1002185687	/works/OL18094992W	oclc	
OL18095479W	2	2	The captain of Company K	1891	0.89	0.999	nc01.ark+=13960=t0ks7gv14|njp.32101063606873	/works/OL18095479W	oclc	
OL18095480W	1	1	The three things;	1915	0.77	1.0	njp.32101063580193	/works/OL18095480W	oclc	
OL18096437W	1	1	A Round table of the representative Irish and English Catholic novelists	1897	0.88	1.0	uc2.ark+=13960=t7tm7f069	/works/OL18096437W	oclc	
OL18098619W	1	1	Off the highway	1904	0.89	1.0	nyp.33433076033939	/works/OL18098619W	oclc	
OL18100734W	2	1	The quest of John Chapman	1904	0.88	1.0	inu.39000005925412|uc1.b3548176	/works/OL18100734W	oclc	
OL18101195W	1	1	The history of the forty vezirs	1886	0.74	0.993	uc2.ark+=13960=t80k28w0k	/works/OL18101195W	oclc	
OL18101978W	1	1	My people	1918	0.82	0.999	uc2.ark+=13960=t3222t23z	/works/OL18101978W	oclc	
OL18103286W	1	1	To have and to hold	1900	0.89	1.0	mdp.39015004288042	/works/OL18103286W	oclc	
OL18104555W	1	1	Patroon van Volkenberg	1900	0.82	1.0	uc2.ark+=13960=t6m04bd3h	/works/OL18104555W	oclc	
OL18105296W	1	1	Bobby in search of a birthday	1916	0.84	1.0	nyp.33433076046188	/works/OL18105296W	oclc	
OL18105769W	1	1	Through the heart of Tibet	1910	0.89	1.0	njp.32101065714592	/works/OL18105769W	oclc	
OL18105839W	2	1	Banner bearers;	1920	0.84	1.0	mdp.39015063933553|nyp.33433076076318	/works/OL18105839W	oclc	
OL18106253W	2	1	The second wooing of Salina Sue	1905	0.87	0.999	mdp.39015063759750|nyp.33433076086457	/works/OL18106253W	oclc	
OL18106609W	1	1	Cape Cod folks	1904	0.88	1.0	uc2.ark+=13960=t5w66dc0g	/works/OL18106609W	oclc	
OL18107122W	1	1	Outposts of the fleet;	1917	0.88	1.0	mdp.39015063936622	/works/OL18107122W	oclc	
OL18107478W	1	1	Yekl;	1896	0.87	1.0	uc2.ark+=13960=t9k35p017	/works/OL18107478W	oclc	
OL18107903W	2	1	The love of an unknown soldier	1918	0.81	1.0	nyp.33433082485370|uc2.ark+=13960=t39021g4s	/works/OL18107903W	oclc	
OL18109581W	2	1	The great English short-story writers	1910	0.79	1.0	mdp.39015005876274|mdp.39015053155274	/works/OL18109581W	oclc	
OL18113038W	19	1	Short story classics (Foreign)	1907	0.82	1.0	mdp.39015059899248|mdp.39015059899255|mdp.39015059899263|mdp.39015059899271|mdp.39015059899289|nyp.33433066585617|nyp.33433082520317|nyp.33433082520325|nyp.33433082520333|uc1.b3028631|uc1.b3028632|uc1.b3028633|uc1.b3028634|uc1.b3028635|uc2.ark+=13960=t29883639|uc2.ark+=13960=t2n58d46n|uc2.ark+=13960=t6xw48n7h|uc2.ark+=13960=t77s7jp8x|uc2.ark+=13960=t8mc8sf0r	/works/OL18113038W	oclc	
OL18113125W	1	1	None of self and all of thee;	1889	0.76	0.999	mdp.39015062951481	/works/OL18113125W	oclc	
OL18115627W	1	1	Blennerhassett;	1901	0.84	1.0	uc2.ark+=13960=t6154fc66	/works/OL18115627W	oclc	
OL18115629W	1	1	A friend of Cæsar;	1900	0.89	1.0	mdp.39015063546272	/works/OL18115629W	oclc	
OL18116149W	1	1	Under fire;	1897	0.84	1.0	nyp.33433076054471	/works/OL18116149W	oclc	
OL18117715W	1	1	First-class men	1904	0.83	1.0	njp.32101068777224	/works/OL18117715W	oclc	
OL18118169W	1	1	The Hillyars and the Burtons	1895	0.89	1.0	nyp.33433074877162	/works/OL18118169W	oclc	
OL18119231W	1	1	Bruce	1920	0.74	0.999	ien.35556027600675	/works/OL18119231W	oclc	
OL18121917W	2	1	Holden with cords;	1883	0.7	1.0	uc1.b265844|uc2.ark+=13960=t3fx76r7b	/works/OL18121917W	oclc	
OL18124455W	2	1	The nurse's story	1915	0.79	1.0	nyp.33433082486071|uc2.ark+=13960=t3610w13g	/works/OL18124455W	oclc	
OL18124941W	1	1	War stories	1919	0.88	1.0	njp.32101035466299	/works/OL18124941W	oclc	
OL18126973W	1	1	Johnny Nut and the golden goose	1887	0.85	0.988	nyp.33433075818769	/works/OL18126973W	oclc	
OL18127571W	1	1	The yellow war	1905	0.69	1.0	nyp.33433082442447	/works/OL18127571W	oclc	
OL18127572W	1	1	The Kentuckian	1905	0.88	1.0	nyp.33433076023385	/works/OL18127572W	oclc	
OL18127783W	1	1	Rupert of Hentzau	1898	0.84	1.0	nyp.33433074853155	/works/OL18127783W	oclc	
OL18127906W	1	1	When we were boys;	1890	0.76	1.0	uc1.b149281	/works/OL18127906W	oclc	
OL18128813W	1	1	Humbled pride	1893	0.88	1.0	njp.32101064710153	/works/OL18128813W	oclc	
OL18134411W	1	1	Days of the colonists	1922	0.7	0.999	nyp.33433082345913	/works/OL18134411W	oclc	
OL18134718W	1	1	The Jessamy bride	1900	0.9	1.0	mdp.39015059412497	/works/OL18134718W	oclc	
OL18136041W	5	1	International short stories	1910	0.88	1.0	mdp.39015061865914|nyp.33433066585583|nyp.33433066585591|nyp.33433066585609|umn.31951001624699y	/works/OL18136041W	oclc	
OL18136445W	1	1	The old Peabody pew	1907	0.85	0.999	wu.89006933691	/works/OL18136445W	oclc	
OL18136890W	2	1	Other fools and their doings	1880	0.79	1.0	nc01.ark+=13960=t05x2rh1q|uc1.b3578456	/works/OL18136890W	oclc	
OL181719W	1	1	The unwilling vestal;	1918	0.87	1.0	mdp.39015011390856	/works/OL181719W	oclc	
OL181720W	1	1	Andivius Hedulio;	1921	0.84	1.0	mdp.39015039396091	/works/OL181720W	oclc	
OL181721W	5	1	El supremo;	1916	0.89	1.0	mdp.39015063974102|nyp.33433076046857|uc1.b3435109|uc1.b3727410|uc2.ark+=13960=t56d5qk9q	/works/OL181721W	oclc	
OL181923W	11	5	Strictly business	1910	0.89	1.0	uc2.ark+=13960=t5m902j4s|uva.x030833208|nyp.33433075769962|uc1.b3546513|uc1.b3569216|uc2.ark+=13960=t0rr1qg7x|mdp.39015002708041|mdp.39015002708058|uva.x030832517|mdp.39015002708074|uc2.ark+=13960=t80k27f29	/works/OL181923W	oclc	
OL181924W	5	4	The voice of the city;	1913	0.88	1.0	uc2.ark+=13960=t0sq8rt02|wu.89006958011|uc2.ark+=13960=t9w08x36s|uc1.b3346971|mdp.39015002708009	/works/OL181924W	oclc	
OL181941W	8	5	The trimmed lamp, and other stories of the four million	1917	0.89	1.0	mdp.39015002707969|mdp.39015066057988|uc2.ark+=13960=t4sj1c96d|mdp.39015030710902|uva.x030833211|nnc1.0030451302|uva.x030557434|uc1.b3346970	/works/OL181941W	oclc	
OL181946W	1	1	Waifs and strays, twelve stories	1919	0.52	1.0	uva.x030131891	/works/OL181946W	oclc	
OL181948W	5	4	Heart of the west	1920	0.84	1.0	mdp.39015002708389|nyp.33433076053465|uva.x030557433|uc2.ark+=13960=t8kd1r91d|uc2.ark+=13960=t8z893s3v	/works/OL181948W	oclc	
OL181949W	9	5	Roads of destiny	1918	0.89	1.0	uc1.b3553060|uc1.b3569214|uc2.ark+=13960=t4hm53q9n|mdp.39015061865922|uc2.ark+=13960=t0000026k|uva.x030832516|uc1.$b803449|njp.32101017453174|mdp.39015002708157	/works/OL181949W	oclc	
OL181950W	5	3	Whirligigs	1910	0.89	1.0	mdp.39015002707928|mdp.39015002707902|uc2.ark+=13960=t0js9hf3k|nyp.33433076053440|uc2.ark+=13960=t8x92268m	/works/OL181950W	oclc	
OL181954W	5	4	The gentle grafter	1908	0.86	1.0	uc2.ark+=13960=t70v8bz3h|uc1.b3862347|uc2.ark+=13960=t1hh6d46t|mdp.39015002708363|nyp.33433076053499	/works/OL181954W	oclc	
OL181955W	9	5	Rolling stones	1913	0.68	1.0	uc1.b4721013|uc2.ark+=13960=t0pr7mt6b|mdp.39015002708116|nyp.33433076059231|uc2.ark+=13960=t23b5wk8v|mdp.39015002708124|mdp.49015000549247|uva.x004286483|nnc1.1002211475	/works/OL181955W	oclc	
OL181957W	8	6	Cabbages and kings	1912	0.88	1.0	mdp.49015000549155|uc2.ark+=13960=t16m33c5v|uva.x004373575|uc2.ark+=13960=t1td9n999|mdp.39015019087207|uva.x030131896|uc2.ark+=13960=t6b27qb40|uva.x030832514	/works/OL181957W	oclc	
OL181958W	6	4	Sixes and sevens	1919	0.89	1.0	nyp.33433076059223|uc2.ark+=13960=t07w68h7m|mdp.39015002708017|mdp.39015002708025|uc1.b3346932|dul1.ark+=13960=t2v41g826	/works/OL181958W	oclc	
OL181959W	6	3	Options	1909	0.89	1.0	mdp.39015002708421|mdp.39015002708439|uc1.b3346930|uc2.ark+=13960=t2c825g70|uc2.ark+=13960=t4sj1c95x|uva.x004840951	/works/OL181959W	oclc	
OL181960W	11	5	The four million	1918	0.89	1.0	uc1.b3553061|uc2.ark+=13960=t3707xs8s|mdp.39015061866342|uc2.ark+=13960=t13n20j1z|mdp.39015005024511|uva.x002743462|uva.x030833220|mdp.39015002708322|nnc1.0022248951|uc2.ark+=13960=t0ms3k79z|uc2.ark+=13960=t2f766j16	/works/OL181960W	oclc	
OL1820122W	2	1	The fur bringers	1920	0.88	1.0	nyp.33433075727689|uc2.ark+=13960=t3dz04t0d	/works/OL1820122W	oclc	
OL18216362W	1	1	One hundred merrie and delightsome stories, right pleasaunte to relate in all goodly companie by way of joyance and jollity;	1899	0.82	1.0	wu.89008324873	/works/OL18216362W	oclc	
OL18286494W	2	1	A girl of Virginia	1902	0.89	1.0	nyp.33433076092810|uc2.ark+=13960=t74t6h51f	/works/OL18286494W	oclc	
OL18305428W	2	1	Travels of a lady's maid	1908	0.86	1.0	nyp.33433076058670|uc2.ark+=13960=t8cf9mc15	/works/OL18305428W	oclc	
OL18312886W	2	1	Her brother's letters;	1906	0.82	0.999	nyp.33433076065055|uc2.ark+=13960=t9959fc4f	/works/OL18312886W	oclc	
OL18320244W	1	1	Towards the gulf;	1887	0.89	1.0	njp.32101032399501	/works/OL18320244W	oclc	
OL1833189W	3	1	Fables	1896	0.86	1.0	mdp.39015009129472|mdp.39015063960473|mdp.39015031301107	/works/OL1833189W	oclc	
OL18354625W	1	1	Club stories	1915	0.77	0.999	umn.31951001627957n	/works/OL18354625W	oclc	
OL1836077W	1	1	Dew and mildew	1912	0.6	0.999	uc2.ark+=13960=t38051533	/works/OL1836077W	oclc	
OL1836094W	1	1	Snake and sword	1914	0.87	0.999	uc2.ark+=13960=t5v69dd17	/works/OL1836094W	oclc	
OL1837777W	1	1	The story of Scotch	1916	0.54	0.998	uva.x030800568	/works/OL1837777W	oclc	
OL1838548W	2	1	Sisters	1922	0.83	1.0	nyp.33433076023948|uc2.ark+=13960=t1dj5d855	/works/OL1838548W	oclc	
OL1838883W	1	1	Neighbors	1914	0.81	1.0	uc2.ark+=13960=t7vm4c60f	/works/OL1838883W	oclc	
OL1838892W	1	1	Out of Mulberry Street;	1898	0.7	1.0	nc01.ark+=13960=t80k2w32p	/works/OL1838892W	oclc	
OL18391W	1	1	The last Egyptian;	1908	0.88	1.0	nyp.33433076069966	/works/OL18391W	oclc	
OL18395W	1	1	John Dough and the cherub	1906	0.83	0.999	uc2.ark+=13960=t26970r57	/works/OL18395W	oclc	
OL184051W	2	1	Seth Way;	1917	0.88	1.0	mdp.39015059410442|uc2.ark+=13960=t7sn0201q	/works/OL184051W	oclc	
OL18411145W	1	1	The covered wagon	1922	0.9	1.0	mdp.39015063923851	/works/OL18411145W	oclc	
OL18424924W	2	1	Mary Powell & Deborah's diary	1908	0.85	1.0	njp.32101065863720|uc2.ark+=13960=t5gb21g0d	/works/OL18424924W	oclc	
OL184852W	3	1	Professor Latimer's progress;	1918	0.86	1.0	mdp.39015063976842|nyp.33433076062805|uc2.ark+=13960=t0ms3m74z	/works/OL184852W	oclc	
OL18503149W	1	1	Her Highness;	1910	0.83	1.0	nnc1.1000028029	/works/OL18503149W	oclc	
OL18521604W	5	1	The inside of the cup	1913	0.87	1.0	mdp.39015008098199|mdp.39015008167051|nyp.33433074812227|uc1.b3321942|uc2.ark+=13960=t5j961j3j	/works/OL18521604W	oclc	
OL185892W	2	1	North and south of Tweed;	1913	0.62	1.0	uc1.$b755675|uc2.ark+=13960=t6xw4fs00	/works/OL185892W	oclc	
OL1868637W	1	1	New waggings of old tales	1888	0.87	1.0	mdp.39015030847290	/works/OL1868637W	oclc	
OL1868642W	1	1	Toppleton's client;	1893	0.82	1.0	njp.32101066478114	/works/OL1868642W	oclc	
OL1868643W	1	1	The autobiography of Methuselah	1909	0.77	1.0	uc1.b3332870	/works/OL1868643W	oclc	
OL1868646W	1	1	The dreamers, a club	1899	0.6	0.997	nyp.33433074814389	/works/OL1868646W	oclc	
OL1868649W	1	1	In camp with a tin soldier	1892	0.88	1.0	uc2.ark+=13960=t5s757b3f	/works/OL1868649W	oclc	
OL1868652W	1	1	The mantel-piece minstrels	1896	0.86	0.999	mdp.39015030856986	/works/OL1868652W	oclc	
OL1868656W	1	1	Andiron tales	1906	0.78	0.999	nyp.33433082524665	/works/OL1868656W	oclc	
OL1868659W	1	1	The genial idiot	1908	0.8	0.999	uc2.ark+=13960=fk8hd7p88w	/works/OL1868659W	oclc	
OL1868660W	1	1	The idiot	1895	0.89	0.999	mdp.39015066053854	/works/OL1868660W	oclc	
OL1868665W	2	1	The booming of Acre Hill	1900	0.88	1.0	nyp.33433074814371|uc2.ark+=13960=fk1hh6c66d	/works/OL1868665W	oclc	
OL1868667W	1	1	The idiot at home	1900	0.88	0.982	uc2.ark+=13960=fk05x25c26	/works/OL1868667W	oclc	
OL1868668W	2	1	Jack and the check book	1911	0.83	0.999	nyp.33433082524459|uc2.ark+=13960=t9765b842	/works/OL1868668W	oclc	
OL1868673W	2	1	The inventions of the idiot	1904	0.83	1.0	njp.32101066477777|uc2.ark+=13960=fk5p84451p	/works/OL1868673W	oclc	
OL1868674W	2	1	Mr. Munchausen;	1901	0.81	1.0	nyp.33433074816640|uc1.b3332875	/works/OL1868674W	oclc	
OL1868675W	2	1	Over the plum-pudding	1901	0.84	1.0	mdp.39015030847357|uc1.b3332898	/works/OL1868675W	oclc	
OL1868678W	2	2	Coffee and repartee	1899	0.86	0.999	uc2.ark+=13960=t57d2qv61|nyp.33433084129711	/works/OL1868678W	oclc	
OL1868679W	1	1	R. Holmes & Co	1906	0.88	0.999	uc2.ark+=13960=fk7dr2pp7j	/works/OL1868679W	oclc	
OL1868681W	1	1	Paste jewels	1897	0.87	0.999	mdp.39015030847365	/works/OL1868681W	oclc	
OL1868682W	3	1	Alice in Blunderland	1907	0.79	1.0	dul1.ark+=13960=t8bg2zt1h|loc.ark+=13960=t8tb1zp0t|uc2.ark+=13960=t43r0qv47	/works/OL1868682W	oclc	
OL1868683W	3	1	A rebellious heroine	1896	0.89	1.0	mdp.39015054077410|nyp.33433084129679|uc1.b248078	/works/OL1868683W	oclc	
OL1868684W	3	1	The water ghost	1894	0.89	0.999	mdp.39015030847340|nyp.33433084129661|uc2.ark+=13960=t3vt1h12n	/works/OL1868684W	oclc	
OL1868686W	5	4	Ghosts I have met and some others	1902	0.89	1.0	uc2.ark+=13960=t3rv0db8c|uva.x001496047|mdp.39015066051874|wu.89069113231|uc1.b4101711	/works/OL1868686W	oclc	
OL1868687W	3	2	The enchanted typewriter	1899	0.87	0.998	nyp.33433074816608|uc1.l0063361513|mdp.39015030856978	/works/OL1868687W	oclc	
OL1868688W	5	4	The pursuit of the house-boat	1897	0.89	1.0	uc2.ark+=13960=t87h1f980|mdp.39015030847316|uc1.b4101708|uc2.ark+=13960=t28911z1r|nyp.33433074800867	/works/OL1868688W	oclc	
OL1868689W	3	3	A house-boat on the Styx;	1902	0.87	0.999	uc2.ark+=13960=t2794152r|nyp.33433074800883|nyp.33433074816681	/works/OL1868689W	oclc	
OL187578W	2	1	Provincial types in American fiction	1907	0.76	1.0	mdp.39015003750299|uc2.ark+=13960=t4qj79403	/works/OL187578W	oclc	
OL187621W	1	1	The misadventures of three good boys	1914	0.84	1.0	uc2.ark+=13960=t6930pc0g	/works/OL187621W	oclc	
OL187622W	1	1	"Plupy ""the real boy"""	1911	0.88	0.998	nyp.33433082284617	/works/OL187622W	oclc	
OL187625W	2	1	Brite and fair	1920	0.89	1.0	nyp.33433082284062|uc2.ark+=13960=t2f766d3c	/works/OL187625W	oclc	
OL187626W	2	1	"""Sequil"";"	1904	0.83	1.0	nc01.ark+=13960=t5k94968b|uc2.ark+=13960=t9x05z12j	/works/OL187626W	oclc	
OL187628W	3	1	The real diary of the worst farmer	1920	0.58	1.0	mdp.39015063975745|nyp.33433082256961|uc2.ark+=13960=t4pk07c75	/works/OL187628W	oclc	
OL187629W	4	2	The real diary of a real boy	1917	0.77	1.0	uc1.b3146371|uc2.ark+=13960=t9f47r731|uc1.b4721666|uc2.ark+=13960=fk6j09wg1v	/works/OL187629W	oclc	
OL187759W	2	1	Revolt	1919	0.78	1.0	mdp.39015073391313|nyp.33433076025315	/works/OL187759W	oclc	
OL1878146W	1	1	The Shagganappi	1913	0.88	1.0	uc2.ark+=13960=t6348pw6m	/works/OL1878146W	oclc	
OL188068W	1	1	Patchwork;	1920	0.84	0.999	uc2.ark+=13960=t48p5w57j	/works/OL188068W	oclc	
OL1898092W	3	1	The unpublishable memoirs	1917	0.68	1.0	mdp.39015014164688|nyp.33433076043474|uc2.ark+=13960=t29883081	/works/OL1898092W	oclc	
OL191504W	2	1	The conquest	1914	0.8	1.0	nyp.33433074927124|uc2.ark+=13960=t3805035r	/works/OL191504W	oclc	
OL191505W	1	1	The cross and the hammer;	1912	0.75	1.0	uc2.ark+=13960=t20c4tb6z	/works/OL191505W	oclc	
OL1917131W	4	2	The basket woman	1904	0.88	1.0	mdp.39015003620591|mdp.39015024079637|uc2.ark+=13960=t08w38z26|uc2.ark+=13960=t95719531	/works/OL1917131W	oclc	
OL1917143W	1	1	Isidro	1905	0.89	1.0	mdp.39015063930534	/works/OL1917143W	oclc	
OL1917170W	2	1	The green bough;	1913	0.78	0.998	nyp.33433068249691|uc2.ark+=13960=t1sf2n84t	/works/OL1917170W	oclc	
OL1917184W	3	1	The ford	1917	0.89	1.0	mdp.39015021275899|nyp.33433084130107|uc1.b4411007	/works/OL1917184W	oclc	
OL1917190W	2	1	Outland	1919	0.89	1.0	uc1.b3582834|uc2.ark+=13960=t1fj2bb7c	/works/OL1917190W	oclc	
OL1917192W	2	1	The trail book	1918	0.87	0.999	mdp.39015006957255|nyp.33433082525860	/works/OL1917192W	oclc	
OL1917193W	3	2	A woman of genius	1917	0.9	1.0	inu.30000010407140|mdp.39015005210607|nyp.33433084130081	/works/OL1917193W	oclc	
OL1917573W	3	1	Tales of Languedoc	1896	0.8	1.0	inu.30000115299475|nyp.33433068186430|uc2.ark+=13960=t45q4s45x	/works/OL1917573W	oclc	
OL191771W	1	1	With Cortes the conqueror	1917	0.85	0.999	uc2.ark+=13960=t02z14130	/works/OL191771W	oclc	
OL192011W	3	1	A New England childhood	1916	0.82	1.0	mdp.39015000538507|uc1.b3576528|uc2.ark+=13960=t3ws8jn56	/works/OL192011W	oclc	
OL192121W	2	1	Prudence of the parsonage	1915	0.89	1.0	nyp.33433076084072|uc2.ark+=13960=t8v981h7d	/works/OL192121W	oclc	
OL19220W	4	1	Home fires in France,,cby Dorothy Canfield	1918	0.81	1.0	mdp.39015014645272|nyp.33433082485578|uc1.b4095340|uc2.ark+=13960=t3fx74877	/works/OL19220W	oclc	
OL19229W	2	1	The squirrel-cage	1922	0.89	1.0	mdp.39015063514551|njp.32101067644458	/works/OL19229W	oclc	
OL19231W	1	1	The brimming cup	1921	0.89	1.0	mdp.39015063930682	/works/OL19231W	oclc	
OL19234W	2	2	The bent twig	1915	0.89	1.0	mdp.49015000587163|mdp.39015033538755	/works/OL19234W	oclc	
OL19235W	7	4	Understood Betsy	1917	0.89	1.0	mdp.39015030032554|nc01.ark+=13960=t5m91901f|uc2.ark+=13960=fk53f4kz46|inu.30000111984435|uc2.ark+=13960=t6h12ws1r|nyp.33433082302708|wu.89006531560	/works/OL19235W	oclc	
OL193156W	2	1	Crag-nest	1897	0.83	1.0	nc01.ark+=13960=t0cv5943p|njp.32101068177698	/works/OL193156W	oclc	
OL1940374W	6	5	Trilby	1894	0.89	0.998	mdp.39015006977899|nyp.33433074967153|uc2.ark+=13960=t6tx3858r|uc2.ark+=13960=t7rn31489|mdp.39015005346062|mdp.39015004288505	/works/OL1940374W	oclc	
OL1940391W	3	1	The Martian;	1897	0.89	0.996	mdp.39015063916921|uc1.b248729|uc2.ark+=13960=t0pr7nc4z	/works/OL1940391W	oclc	
OL1946579W	1	1	Knights of Araby	1917	0.87	0.999	uc1.b3347020	/works/OL1946579W	oclc	
OL1946592W	1	1	The house of Islâm	1906	0.89	1.0	uc2.ark+=13960=t6rx95n7z	/works/OL1946592W	oclc	
OL194735W	1	1	The Comrade in white	1916	0.69	0.999	uc2.ark+=13960=t5gb2148s	/works/OL194735W	oclc	
OL1953753W	2	1	Daughters of Nijo	1904	0.89	1.0	mdp.39015030198637|wu.89095151676	/works/OL1953753W	oclc	
OL1953758W	1	1	Marion	1916	0.89	1.0	nyp.33433084130594	/works/OL1953758W	oclc	
OL1953759W	3	2	The heart of Hyacinth	1903	0.88	1.0	mdp.39015028093691|nyp.33433084130370|nyp.33433084130388	/works/OL1953759W	oclc	
OL1953762W	1	1	Miss Numè of Japan;	1899	0.82	1.0	uc2.ark+=13960=t02z14b0k	/works/OL1953762W	oclc	
OL1953765W	2	1	A Japanese blossom	1906	0.88	1.0	nyp.33433084130602|uc2.ark+=13960=t5h990m1w	/works/OL1953765W	oclc	
OL1953767W	2	1	Tama	1910	0.88	0.999	mdp.39015026764079|uc2.ark+=13960=t3319sd25	/works/OL1953767W	oclc	
OL1953768W	2	2	A Japanese nightingale	1901	0.89	1.0	mdp.39015030198629|uc2.ark+=13960=t1vd6qg44	/works/OL1953768W	oclc	
OL195398W	1	1	A Muramasa blade;	1887	0.86	0.999	mdp.39015068093841	/works/OL195398W	oclc	
OL195440W	2	1	Addison Broadhurst, master merchant;	1913	0.88	1.0	nyp.33433074805247|uc2.ark+=13960=t5s758f74	/works/OL195440W	oclc	
OL195484W	1	1	Betsy Ross	1901	0.88	0.999	nyp.33433076064967	/works/OL195484W	oclc	
OL195486W	2	1	A colonial free-lance	1897	0.82	0.999	nyp.33433076064959|uc2.ark+=13960=t7xk8559n	/works/OL195486W	oclc	
OL195505W	2	1	Order no. 11	1904	0.89	1.0	uc1.b3326411|uc2.ark+=13960=t83j3bs4z	/works/OL195505W	oclc	
OL195516W	2	1	Will Shakespeare's little lad	1897	0.83	1.0	loc.ark+=13960=t8pc3nq1w|uc2.ark+=13960=t82j6b14x	/works/OL195516W	oclc	
OL195541W	1	1	Mademoiselle Celeste;	1910	0.89	1.0	nyp.33433076066798	/works/OL195541W	oclc	
OL19554210W	1	1	An earthen mold	1914	0.72	1.0	nyp.33433074815675	/works/OL19554210W	oclc	
OL19554813W	1	1	'That very Mab'	1885	0.76	1.0	nyp.33433074922398	/works/OL19554813W	oclc	
OL19556637W	1	1	The span o' life;	1899	0.89	0.998	nyp.33433074896196	/works/OL19556637W	oclc	
OL19561945W	1	1	Wild apples	1918	0.83	1.0	nyp.33433074942578	/works/OL19561945W	oclc	
OL19564170W	2	1	The entering wedge;	1904	0.68	1.0	mdp.39015040637459|nyp.33433074895313	/works/OL19564170W	oclc	
OL19569333W	2	1	The car of destiny	1907	0.89	1.0	nyp.33433075768584|uc2.ark+=13960=t3707z476	/works/OL19569333W	oclc	
OL195696W	2	1	Shenandoah, love and war in the valley of Virginia 1861-5	1912	0.57	1.0	nnc1.1002248751|uc2.ark+=13960=t3dz03g9v	/works/OL195696W	oclc	
OL19570502W	1	1	Rachel Craig	1888	0.89	1.0	nyp.33433075873731	/works/OL19570502W	oclc	
OL19572026W	1	1	Anne Boleyn	1912	0.89	1.0	nyp.33433074853528	/works/OL19572026W	oclc	
OL195736W	2	2	The yellow circle	1909	0.89	1.0	uc2.ark+=13960=t3pv6cp64|nyp.33433076056849	/works/OL195736W	oclc	
OL195778W	2	1	1812;	1912	0.83	1.0	loc.ark+=13960=t6h13375c|loc.ark+=13960=t89g5qk2s	/works/OL195778W	oclc	
OL19581254W	1	1	The lure of the leopard skin	1921	0.77	0.999	nyp.33433076079171	/works/OL19581254W	oclc	
OL195862W	1	1	The bugles of Gettysburg	1913	0.87	0.998	nyp.33433076048804	/works/OL195862W	oclc	
OL19587284W	1	1	Marching against the Iroquois	1906	0.84	0.999	nyp.33433076091697	/works/OL19587284W	oclc	
OL195883W	2	1	When dreams come true	1912	0.86	1.0	nyp.33433074815113|uc2.ark+=13960=t4qj7887v	/works/OL195883W	oclc	
OL195884W	2	1	The heart of an orphan	1912	0.81	1.0	mdp.39015030727963|uc2.ark+=13960=t5cc0v81s	/works/OL195884W	oclc	
OL195885W	2	1	The hieroglyphics of love	1906	0.78	1.0	nyp.33433074810403|uc2.ark+=13960=t07w6863n	/works/OL195885W	oclc	
OL195958W	1	1	The secret memoirs of Bertha Krupp	1916	0.68	1.0	uc2.ark+=13960=t0ns0qv2g	/works/OL195958W	oclc	
OL19598945W	1	1	Maid of the Mohawk	1906	0.89	1.0	nyp.33433076048218	/works/OL19598945W	oclc	
OL196008W	1	1	The house of the misty star;	1915	0.83	1.0	njp.32101037987375	/works/OL196008W	oclc	
OL196009W	3	1	Little Sister Snow	1909	0.86	1.0	mdp.39015063939048|nyp.33433076075682|uc2.ark+=13960=t8x922z70	/works/OL196009W	oclc	
OL196010W	3	1	The lady and Sada San;	1912	0.88	1.0	mdp.39015063938891|nyp.33433076081961|uc2.ark+=13960=t9571971z	/works/OL196010W	oclc	
OL19601170W	1	1	Maid of Athens	1906	0.88	1.0	nyp.33433076025422	/works/OL19601170W	oclc	
OL196011W	1	1	The lady of the decoration	1908	0.88	1.0	uc2.ark+=13960=t1dj58m9x	/works/OL196011W	oclc	
OL19603327W	1	1	The wager	1902	0.88	1.0	nyp.33433074896162	/works/OL19603327W	oclc	
OL19604290W	1	1	The belle of the Bluegrass Country	1906	0.86	0.999	nyp.33433076053135	/works/OL19604290W	oclc	
OL196091W	2	1	Log-cabin yarns of the Rocky Mountains	1912	0.75	1.0	nyp.33433076049372|uc2.ark+=13960=t1cj8h153	/works/OL196091W	oclc	
OL19618662W	1	1	Tan and Teckle	1908	0.78	1.0	nyp.33433082300850	/works/OL19618662W	oclc	
OL196301W	1	1	Melindy	1912	0.88	1.0	nyp.33433076049398	/works/OL196301W	oclc	
OL196420W	2	1	In king's houses;	1898	0.9	1.0	uc2.ark+=13960=t6348h278|wu.89098022221	/works/OL196420W	oclc	
OL196602W	1	1	Thirteen;	1887	0.89	1.0	nyp.33433076079684	/works/OL196602W	oclc	
OL19663503W	2	1	Robinson Crusoe	1920	0.89	1.0	mdp.39076002192107|nc01.ark+=13960=t6c25z89z	/works/OL19663503W	oclc	
OL196806W	1	1	The wrestler of Philippi	1914	0.89	1.0	nyp.33433076023252	/works/OL196806W	oclc	
OL19690327W	4	1	The Virginians	1911	0.89	1.0	njp.32101042783967|njp.32101067178267|uc2.ark+=13960=t1jh3s889|uc2.ark+=13960=t1sf30h0j	/works/OL19690327W	oclc	
OL196938W	2	1	Fortune's boats	1900	0.89	1.0	nyp.33433076094139|uc2.ark+=13960=t5bc3vn7f	/works/OL196938W	oclc	
OL19697266W	2	1	The Newcomes	1910	0.88	1.0	njp.32101041284983|njp.32101076785177	/works/OL19697266W	oclc	
OL197175W	2	1	Cross trails;	1914	0.89	1.0	nyp.33433075767073|uc2.ark+=13960=t2n58hf8w	/works/OL197175W	oclc	
OL197179W	1	1	The settler;	1907	0.89	0.999	uc2.ark+=13960=t76t0j86z	/works/OL197179W	oclc	
OL197188W	2	2	Cleek's government cases	1917	0.89	1.0	mdp.39015063919065|nyp.33433076071582	/works/OL197188W	oclc	
OL197189W	1	1	Cleek the man of the forty faces, or Cleek, the master detective	1918	0.9	1.0	nyp.33433074852926	/works/OL197189W	oclc	
OL197225W	1	1	The devil's admiral	1913	0.88	1.0	uc2.ark+=13960=t4vh5cs31	/works/OL197225W	oclc	
OL1972816W	3	1	Christopher and Columbus	1919	0.9	1.0	mdp.39015063953148|uc1.b3549670|uc2.ark+=13960=t0gt5qd49	/works/OL1972816W	oclc	
OL1972822W	1	1	The Princess Priscilla's fortnight	1905	0.89	0.999	njp.32101068585858	/works/OL1972822W	oclc	
OL1972831W	1	1	Fräulein Schmidt and Mr. Anstruther	1907	0.84	1.0	njp.32101068585833	/works/OL1972831W	oclc	
OL1972832W	2	1	In the mountains	1920	0.89	0.999	nyp.33433074869029|uc2.ark+=13960=t0ks6n12j	/works/OL1972832W	oclc	
OL1972835W	2	1	The adventures of Elizabeth in Rügen	1904	0.89	1.0	mdp.39015030693462|nyp.33433075731988	/works/OL1972835W	oclc	
OL1972838W	4	3	The caravaners	1909	0.88	1.0	uc2.ark+=13960=t55d8qz61|uc1.b3325742|uc2.ark+=13960=t8x92984g|uc2.ark+=13960=t4wh2kc1b	/works/OL1972838W	oclc	
OL1972839W	4	2	The pastor's wife	1914	0.9	1.0	mdp.39015035824955|uc1.b3327308|uc2.ark+=13960=t46q1zh0p|mdp.39015035824948	/works/OL1972839W	oclc	
OL1972840W	3	3	Elizabeth and her German garden	1900	0.89	1.0	nnc1.0113278851|mdp.39015039396083|uc2.ark+=13960=t6348km1c	/works/OL1972840W	oclc	
OL197474W	1	1	The lure of the Black Hills	1916	0.84	0.999	nyp.33433082345921	/works/OL197474W	oclc	
OL197476W	1	1	The silver island of the Chippewa	1913	0.86	0.999	uc2.ark+=13960=t6154f68x	/works/OL197476W	oclc	
OL197477W	2	1	The threat of Sitting Bull	1920	0.88	1.0	uc1.b3331929|uc2.ark+=13960=t4fn18f7c	/works/OL197477W	oclc	
OL197479W	2	1	The birds' convention	1913	0.78	1.0	uc1.b3272184|uc2.ark+=13960=t1bk18092	/works/OL197479W	oclc	
OL197545W	2	1	The opening door	1913	0.89	1.0	nyp.33433076065782|uc2.ark+=13960=t3dz03c43	/works/OL197545W	oclc	
OL197567W	1	1	The kite trust	1900	0.9	0.999	uc2.ark+=13960=t3xs5kh8f	/works/OL197567W	oclc	
OL19765306W	3	1	Potash & Perlmutter;	1911	0.9	1.0	mdp.39015063928066|nyp.33433074864939|uc2.ark+=13960=t5n875k05	/works/OL19765306W	oclc	
OL19768030W	1	1	The great push;	1916	0.79	0.999	uc2.ark+=13960=t2p55j48f	/works/OL19768030W	oclc	
OL1977006W	1	1	Lo, and behold ye!	1919	0.85	1.0	mdp.39015030704533	/works/OL1977006W	oclc	
OL1977015W	1	1	The bewitched fiddle	1900	0.89	0.999	nyp.33433074896204	/works/OL1977015W	oclc	
OL1977021W	2	2	A lad of the O'Friels	1903	0.87	1.0	nyp.33433074902770|uc2.ark+=13960=t4hm57804	/works/OL1977021W	oclc	
OL1977023W	2	1	The red poocher	1903	0.67	0.999	nyp.33433074902754|uc2.ark+=13960=t3cz34f1s	/works/OL1977023W	oclc	
OL1977029W	3	1	Yourself and the neighbours	1914	0.89	1.0	mdp.39015030704525|nyp.33433074902713|uc2.ark+=13960=t4mk69z6s	/works/OL1977029W	oclc	
OL1977031W	3	1	Through the turf smoke	1899	0.89	1.0	inu.39000005822239|nyp.33433074902721|uc2.ark+=13960=t47p8v10s	/works/OL1977031W	oclc	
OL19771504W	1	1	The biography of a grizzly and 75 drawings	1900	0.87	1.0	mdp.39015065541008	/works/OL19771504W	oclc	
OL197769W	2	1	The helmet of Navarre;	1901	0.89	1.0	mdp.39015063927985|nyp.33433076054968	/works/OL197769W	oclc	
OL197805W	3	1	"The man who one day a year would go ""eelin',"" and some other little college things--mostly athletic"	1913	0.67	1.0	mdp.39015063585205|nyp.33433075998579|uc2.ark+=13960=t72v2fh4r	/works/OL197805W	oclc	
OL197835W	2	1	Within the law	1913	0.88	1.0	nyp.33433074840350|uc2.ark+=13960=t9b56fn3q	/works/OL197835W	oclc	
OL197984W	2	1	Hell's playground	1912	0.86	1.0	nyp.33433076039118|uc2.ark+=13960=t6b27q754	/works/OL197984W	oclc	
OL198028W	2	1	The white quiver	1913	0.68	1.0	nyp.33433076043169|uc2.ark+=13960=t0sq8qp96	/works/OL198028W	oclc	
OL19803255W	1	1	Bob Thorpe, sky fighter in Italy	1920	0.88	1.0	nyp.33433082486030	/works/OL19803255W	oclc	
OL19803387W	1	1	The bridge of time	1919	0.89	1.0	nyp.33433076072903	/works/OL19803387W	oclc	
OL19803750W	3	1	California story book	1909	0.87	1.0	uc1.b3295253|uc2.ark+=13960=t4wh2fk59|uc2.ark+=13960=t6pz53712	/works/OL19803750W	oclc	
OL19804574W	1	1	The city of delight	1908	0.87	0.999	nyp.33433076046014	/works/OL19804574W	oclc	
OL19806691W	1	1	Dmitri	1890	0.82	1.0	wu.89087921805	/works/OL19806691W	oclc	
OL19807986W	1	1	Fighting with Fremont;	1910	0.88	1.0	uc2.ark+=13960=t1dj59h33	/works/OL19807986W	oclc	
OL19812638W	2	2	The life and death of Cormac the skald	1902	0.56	0.999	uc2.ark+=13960=t7fq9tp3r|mdp.39015046408160	/works/OL19812638W	oclc	
OL19812950W	1	1	The luck of the Dudley Grahams	1907	0.89	0.999	nyp.33433076094170	/works/OL19812950W	oclc	
OL19813029W	1	1	The maid of Mirabelle	1920	0.86	0.998	nyp.33433076054828	/works/OL19813029W	oclc	
OL198143W	2	1	Poverty grass	1886	0.88	1.0	nyp.33433081639795|uc2.ark+=13960=t88g8j474	/works/OL198143W	oclc	
OL19814455W	1	1	Mr. Salt	1903	0.89	1.0	nyp.33433076051071	/works/OL19814455W	oclc	
OL19814550W	1	1	My strange life;	1915	0.83	1.0	nyp.33433076054380	/works/OL19814550W	oclc	
OL19814743W	1	1	The neutral ground	1922	0.87	0.999	nyp.33433076089014	/works/OL19814743W	oclc	
OL19817448W	1	1	The Quaker boy;	1910	0.73	1.0	mdp.39015063549151	/works/OL19817448W	oclc	
OL19819465W	2	1	Skippy Bedelle	1922	0.83	1.0	mdp.39015065985601|nyp.33433076072390	/works/OL19819465W	oclc	
OL1982504W	1	1	The ranch at the Wolverine	1914	0.89	0.999	uc2.ark+=13960=t3pv6dm74	/works/OL1982504W	oclc	
OL1982512W	2	1	The Flying U's last stand	1915	0.89	1.0	nyp.33433075744247|uc2.ark+=13960=t6930pv93	/works/OL1982512W	oclc	
OL1982519W	1	1	Flying U ranch	1914	0.89	1.0	uc2.ark+=13960=t0wp9t783	/works/OL1982519W	oclc	
OL1982530W	4	2	The heritage of the Sioux	1916	0.89	1.0	uc2.ark+=13960=t9v11zc1r|nyp.33433076039183|nyp.33433076039191|uc2.ark+=13960=t19k48772	/works/OL1982530W	oclc	
OL1982531W	1	1	The phantom herd	1916	0.88	1.0	nyp.33433076038854	/works/OL1982531W	oclc	
OL1982535W	1	1	Casey Ryan	1921	0.82	1.0	uc2.ark+=13960=t3dz03h4w	/works/OL1982535W	oclc	
OL1982537W	1	1	The gringos	1913	0.89	1.0	uc2.ark+=13960=t1cj87x20	/works/OL1982537W	oclc	
OL1982538W	3	2	Lonesome land	1912	0.89	1.0	nyp.33433076039217|uc2.ark+=13960=t7np1x782|uc2.ark+=13960=t3xs5pc8w	/works/OL1982538W	oclc	
OL198287W	1	1	Onoqua	1892	0.88	1.0	nyp.33433081748208	/works/OL198287W	oclc	
OL198328W	1	1	Tom Strong, Lincoln's scout	1919	0.63	0.999	uiuo.ark+=13960=t3bz6705z	/works/OL198328W	oclc	
OL198330W	2	1	There she blows!	1909	0.9	1.0	nyp.33433076079288|uc2.ark+=13960=t2j67938z	/works/OL198330W	oclc	
OL198383W	2	1	Rich men's children	1906	0.9	1.0	mdp.39015012336619|nyp.33433076066525	/works/OL198383W	oclc	
OL198384W	2	1	Treasure and trouble therewith	1917	0.84	1.0	nyp.33433076066467|uc2.ark+=13960=t6xw4bn1f	/works/OL198384W	oclc	
OL198385W	2	2	The pioneer	1905	0.88	1.0	uc1.b3579005|uc2.ark+=13960=t6m04058n	/works/OL198385W	oclc	
OL19842W	1	1	"""Captains courageous"""	1915	0.82	0.999	uc2.ark+=13960=t6j10585t	/works/OL19842W	oclc	
OL198630W	1	1	Running Fox	1918	0.89	0.999	nyp.33433082547310	/works/OL198630W	oclc	
OL198632W	1	1	The White Wolf	1921	0.89	1.0	nyp.33433082547336	/works/OL198632W	oclc	
OL198648W	2	2	Mothering on Perilous	1915	0.88	1.0	mdp.39015011391383|uc2.ark+=13960=t6tx38r7w	/works/OL198648W	oclc	
OL198798W	1	1	The widow <to say nothing of the man>	1908	0.81	0.999	uc2.ark+=13960=t81j97x26	/works/OL198798W	oclc	
OL198909W	1	1	The n'th foot in war	1906	0.52	1.0	nyp.33433081762704	/works/OL198909W	oclc	
OL19903W	1	1	Just so stories for little children	1902	0.87	1.0	nc01.ark+=13960=t34182040	/works/OL19903W	oclc	
OL199048W	2	1	The Comstock club	1891	0.89	1.0	mdp.39015012319342|nyp.33433074856364	/works/OL199048W	oclc	
OL199049W	1	1	The wedge of gold	1893	0.89	1.0	uc1.b3322532	/works/OL199049W	oclc	
OL1991752W	1	1	Silver and gold;	1919	0.89	0.997	uc2.ark+=13960=t5p845302	/works/OL1991752W	oclc	
OL19926W	1	1	The second jungle book	1895	0.76	1.0	mdp.39015000623424	/works/OL19926W	oclc	
OL19928205W	1	1	Heidi	1922	0.89	0.999	nc01.ark+=13960=t5t73hd8m	/works/OL19928205W	oclc	
OL199328W	2	1	Antony Gray--gardener	1917	0.83	0.998	nyp.33433074915582|uc2.ark+=13960=t5cc0wr7c	/works/OL199328W	oclc	
OL1995134W	1	1	Ole mammy's torment	1897	0.86	1.0	uc2.ark+=13960=t1wd3qn70	/works/OL1995134W	oclc	
OL1995141W	1	1	The three weavers	1905	0.55	0.988	mdp.39015020108778	/works/OL1995141W	oclc	
OL1995143W	1	1	Georgina of the rainbows	1916	0.89	1.0	uc2.ark+=13960=t77s7kk7h	/works/OL1995143W	oclc	
OL1995144W	1	1	Georgina's service stars	1918	0.88	0.999	uc2.ark+=13960=t56d5pq36	/works/OL1995144W	oclc	
OL1995145W	1	1	The giant scissors	1911	0.87	0.999	nyp.33433082333067	/works/OL1995145W	oclc	
OL1995146W	2	1	In league with Israel;	1896	0.89	1.0	nyp.33433076072325|uc2.ark+=13960=t5bc3tv5r	/works/OL1995146W	oclc	
OL1995154W	3	1	The Little Colonel's knight comes riding	1907	0.84	1.0	nc01.ark+=13960=t15m7b04j|uc2.ark+=13960=t7rn31f8b|uva.x030825979	/works/OL1995154W	oclc	
OL1995155W	3	1	Mary Ware	1908	0.89	1.0	nc01.ark+=13960=t6c260s3k|uc2.ark+=13960=t4hm53k7w|uva.x000923034	/works/OL1995155W	oclc	
OL1995157W	3	1	Mary Ware's promised land	1912	0.88	1.0	nyp.33433082359872|uc2.ark+=13960=t2f766m32|uva.x000336835	/works/OL1995157W	oclc	
OL1995160W	1	1	Joel: a boy of Galilee	1918	0.87	1.0	nyp.33433082348859	/works/OL1995160W	oclc	
OL1995162W	2	1	Two little knights of Kentucky	1899	0.87	1.0	uc2.ark+=13960=t2t43kr5m|uva.x004256944	/works/OL1995162W	oclc	
OL1995165W	2	2	Travelers five along life's highway	1911	0.86	1.0	uc2.ark+=13960=t02z1480p|nyp.33433076072317	/works/OL1995165W	oclc	
OL1995166W	1	1	The Little colonel stories	1909	0.89	1.0	uc2.ark+=13960=t6pz52r97	/works/OL1995166W	oclc	
OL1995167W	1	1	The little Colonel	1905	0.87	0.999	nyp.33433082361936	/works/OL1995167W	oclc	
OL199594W	2	1	Chance in chains;	1914	0.82	1.0	nyp.33433074859905|uc2.ark+=13960=t6k079s3v	/works/OL199594W	oclc	
OL19963204W	1	1	Short stories by California authors	1885	0.88	1.0	uc2.ark+=13960=t6nz81p88	/works/OL19963204W	oclc	
OL199973W	2	1	Anne Severn and the Fieldings	1922	0.83	1.0	mdp.39015030712049|nyp.33433075756316	/works/OL199973W	oclc	
OL199994W	2	1	The judgement of Eve	1907	0.87	1.0	nyp.33433075765341|uc2.ark+=13960=t22b8xq5f	/works/OL199994W	oclc	
OL199995W	1	1	Mary Olivier	1919	0.84	1.0	uc2.ark+=13960=t6ww7f54p	/works/OL199995W	oclc	
OL199998W	3	2	Life and death of Harriett Frean	1922	0.88	1.0	nyp.33433075765333|uc2.ark+=13960=t6xw4bx6f|uc2.ark+=13960=t0js9k568	/works/OL199998W	oclc	
OL200000W	3	1	The helpmate	1907	0.9	1.0	mdp.39015020221217|nyp.33433075765358|uc2.ark+=13960=t9668br64	/works/OL200000W	oclc	
OL200006W	4	2	The tree of heaven	1918	0.89	1.0	mdp.39015006992419|nyp.33433075756480|nyp.33433075756498|uc2.ark+=13960=t2v40xv96	/works/OL200006W	oclc	
OL200007W	2	1	Mr. Waddington of Wyck	1921	0.89	1.0	nyp.33433075765267|uc2.ark+=13960=t50g3q80d	/works/OL200007W	oclc	
OL200008W	2	2	The divine fire	1905	0.9	1.0	uc2.ark+=13960=t47p8x240|uc2.ark+=13960=t9c53zs7t	/works/OL200008W	oclc	
OL2000576W	1	1	The librarian at play	1911	0.83	1.0	uc2.ark+=13960=t3pv6dr2h	/works/OL2000576W	oclc	
OL2000696W	2	1	Jethro Bacon of Sandwich ; The weaker sex	1902	0.88	1.0	mdp.39015029736793|nyp.33433076022403	/works/OL2000696W	oclc	
OL2000719W	3	2	King Noanett;	1896	0.89	1.0	mdp.39015018029044|nyp.33433076022486|uc2.ark+=13960=t9j38mf0k	/works/OL2000719W	oclc	
OL200118W	1	1	Plantation stories of old Louisiana	1914	0.85	0.999	uc2.ark+=13960=t00z71p8b	/works/OL200118W	oclc	
OL20012W	3	1	The incarnation of Krishna Mulvaney	1899	0.87	1.0	uc2.ark+=13960=t0000335s|uva.x001795849|uva.x004538496	/works/OL20012W	oclc	
OL200193W	2	1	The game of Doeg;	1914	0.89	1.0	mdp.39015063919339|nyp.33433076088669	/works/OL200193W	oclc	
OL200239W	3	1	Back to the woods;	1903	0.77	1.0	mdp.39015016435789|uc2.ark+=13960=t0vq2sg3s|uc2.ark+=13960=t20c4ss3x	/works/OL200239W	oclc	
OL200240W	2	1	Dinkelspiel's letters to Looey	1908	0.72	0.997	njp.32101067645794|uc2.ark+=13960=t0js9jv3c	/works/OL200240W	oclc	
OL200241W	2	1	John Henry	1901	0.68	0.999	nyp.33433074790563|uc2.ark+=13960=t6k06zc9v	/works/OL200241W	oclc	
OL200281W	2	1	Tales of old Toronto	1909	0.81	1.0	uc1.b3325590|uc2.ark+=13960=t3mw2hz8j	/works/OL200281W	oclc	
OL200347W	1	1	God save the king	1901	0.89	1.0	nyp.33433076076201	/works/OL200347W	oclc	
OL20038W	3	1	Soldier tales	1896	0.66	1.0	njp.32101015317694|uc1.b4105126|uc2.ark+=13960=t6542qd44	/works/OL20038W	oclc	
OL200470W	2	1	Mrs. M'Lerie	1904	0.52	0.999	nyp.33433074927439|uc2.ark+=13960=t3nv9c923	/works/OL200470W	oclc	
OL200473W	2	1	Oh! Christina!	1909	0.77	1.0	uc2.ark+=13960=t8x926j3b|uva.x002220807	/works/OL200473W	oclc	
OL200477W	2	1	The call of the East;	1914	0.88	1.0	nyp.33433074854641|uc2.ark+=13960=t0gt5jn1x	/works/OL200477W	oclc	
OL200648W	1	1	The sergeant of Fort Toronto	1914	0.83	1.0	umn.31951002011639z	/works/OL200648W	oclc	
OL20080W	2	1	Mulvaney stories	1897	0.82	1.0	njp.32101068153491|uc2.ark+=13960=t6rx9gx97	/works/OL20080W	oclc	
OL20083W	5	4	Under the deodars, The phantom 'rickshaw, Wee Willie Winkie	1920	0.89	1.0	uva.x000316548|uc1.31158002379567|uc2.ark+=13960=t0ms3np65|mdp.39015030140423|njp.32101079670574	/works/OL20083W	oclc	
OL200916W	1	1	By earthquake and fire, or, The checkered romance of two generations	1914	0.9	1.0	uc1.$b802956	/works/OL200916W	oclc	
OL20093W	2	1	The drums of the fore and aft	1899	0.8	1.0	nyp.33433074866405|uc2.ark+=13960=t45q4tc40	/works/OL20093W	oclc	
OL200992W	2	1	Across the salt seas;	1897	0.89	1.0	njp.32101066455179|uc2.ark+=13960=t3dz04r3z	/works/OL200992W	oclc	
OL200996W	1	1	Claire	1903	0.86	1.0	njp.32101068170024	/works/OL200996W	oclc	
OL2010204W	2	1	Love letters of Bill to Mable;	1919	0.75	0.999	loc.ark+=13960=t5db8q674|uc2.ark+=13960=t4nk3fj5r	/works/OL2010204W	oclc	
OL2010212W	2	1	"""Thats me all over, Mable"""	1919	0.7	1.0	loc.ark+=13960=t1qf9677g|mdp.39015063883709	/works/OL2010212W	oclc	
OL2010213W	3	1	Dere Mable--	1918	0.62	1.0	loc.ark+=13960=t7wm1rw7h|mdp.39015049237780|uc2.ark+=13960=t71v5gq17	/works/OL2010213W	oclc	
OL20103W	5	2	Abaft the funnel	1909	0.88	1.0	uc1.$b400530|uc2.ark+=13960=t6154j36v|mdp.39015008381090|uc1.b3579125|uc2.ark+=13960=t59c72k2t	/works/OL20103W	oclc	
OL20104W	3	2	The brushwood boy	1907	0.81	0.998	mdp.39015031243127|uc2.ark+=13960=t2s46rg10|uc2.ark+=13960=t1cj8n00w	/works/OL20104W	oclc	
OL201055W	1	1	The girl at Big Loon post	1916	0.88	1.0	nyp.33433076040702	/works/OL201055W	oclc	
OL20108W	7	3	Soldiers three	1899	0.87	1.0	mdp.39015004722628|mdp.39015012890516|mdp.39015031242962|nyp.33433074873658|uc1.b3579156|nyp.33433074866355|uc2.ark+=13960=t2w37pn1c	/works/OL20108W	oclc	
OL20109W	3	3	Soldier stories	1906	0.88	1.0	nnc1.cu58495398|mdp.39015046486695|uva.x001640967	/works/OL20109W	oclc	
OL201109W	1	1	Hand-clasp of the East and West	1914	0.86	1.0	nyp.33433076047913	/works/OL201109W	oclc	
OL20111W	8	5	Life's handicap	1919	0.89	1.0	uc1.b3324367|uc1.b3550263|uc2.ark+=13960=t6833wj5f|mdp.39015014291523|uc1.b4105114|mdp.39015003631903|uc2.ark+=13960=t7vm45z57|nyp.33433074866298	/works/OL20111W	oclc	
OL20140W	2	2	Indian tales	1899	0.78	1.0	uc2.ark+=13960=t3hx1jr1x|mdp.39015003874016	/works/OL20140W	oclc	
OL20143W	1	1	In black and white	1899	0.7	1.0	uc2.ark+=13960=t6nz8ds5q	/works/OL20143W	oclc	
OL20149W	5	4	The naulahka;	1897	0.89	1.0	inu.32000002862268|mdp.39015000623879|mdp.39015000623887|uc2.ark+=13960=t6445mf3p|uc2.ark+=13960=t9m32s75q	/works/OL20149W	oclc	
OL20156W	7	2	Actions and reactions	1909	0.82	1.0	mdp.39015031243143|uc1.b3324363|uc2.ark+=13960=t3125zp7f|mdp.39015022219300|uc1.32106019430328|uc1.b4380738|uc2.ark+=13960=t26972s41	/works/OL20156W	oclc	
OL201583W	1	1	The heart of Uncle Terry	1915	0.9	1.0	nyp.33433076061005	/works/OL201583W	oclc	
OL201587W	3	1	Rockhaven	1902	0.82	0.999	nyp.33433076060593|uc2.ark+=13960=t28911x0t|uc2.ark+=13960=t8hd7ph9s	/works/OL201587W	oclc	
OL20161W	5	3	Rewards and fairies	1911	0.85	1.0	uc1.b3579154|mdp.39015000623465|mdp.39015000623622|mdp.39015031242988|uc1.b5189622	/works/OL20161W	oclc	
OL20162W	10	5	The day's work	1915	0.89	1.0	uva.x004246177|mdp.39015031243101|nyp.33433074866744|nyp.33433074866751|uc1.$b698012|uc1.b3579152|uc1.b4105347|uc2.ark+=13960=t72v2qf1q|mdp.39015031243093|uc1.$b698013	/works/OL20162W	oclc	
OL201636W	1	1	Tales of the turf	1922	0.59	0.999	nyp.33433076090400	/works/OL201636W	oclc	
OL201645W	3	2	The rim of the desert	1915	0.89	1.0	nyp.33433082174685|uc2.ark+=13960=t4zg6km94|uc2.ark+=13960=t3xs5m61f	/works/OL201645W	oclc	
OL20165W	2	1	Puck of Pook's Hill	1906	0.84	1.0	uc1.b3324602|uc2.ark+=13960=t7tm79n46	/works/OL20165W	oclc	
OL20169W	4	4	The light that failed	1917	0.9	1.0	uc2.ark+=13960=t90868h9p|mdp.39015000622236|mdp.39015054194389|uc2.ark+=13960=t02z1gb73	/works/OL20169W	oclc	
OL20170W	11	8	Plain tales from the hills	1899	0.89	1.0	uc1.b3324600|uc2.ark+=13960=t1qf8ss5b|mdp.39015000623507|nyp.33433074866959|mdp.39015000623747|njp.32101068153475|nyp.33433074866686|uc1.b4104962|uva.x001175711|uva.x000859596|uc2.ark+=13960=t5h99140j	/works/OL20170W	oclc	
OL2019796W	1	1	Iola Leroy, or, Shadows uplifted	1892	0.89	1.0	njp.32101066122597	/works/OL2019796W	oclc	
OL202000W	1	1	Uncle Jeremiah and his neighbors at the St. Louis exposition	1904	0.88	1.0	uc2.ark+=13960=t07w67f3c	/works/OL202000W	oclc	
OL2020124W	3	1	The reign of Queen Isyl	1903	0.89	1.0	nyp.33433074847611|uc1.b3328887|uc2.ark+=13960=t8hd7q73q	/works/OL2020124W	oclc	
OL2020128W	2	1	The heart line;	1907	0.9	1.0	nyp.33433074847652|uc1.b4381441	/works/OL2020128W	oclc	
OL2020130W	1	1	The Picaroons	1904	0.82	1.0	uc2.ark+=13960=t8mc8s64j	/works/OL2020130W	oclc	
OL2020131W	4	2	A little sister of destiny	1906	0.83	1.0	uc1.$b800608|uc2.ark+=13960=t7rn31k1r|nyp.33433074847603|uc2.ark+=13960=t02z1304m	/works/OL2020131W	oclc	
OL2020280W	2	2	Darby O'Gill and the good people	1915	0.83	1.0	uc2.ark+=13960=t9w08zz7w|inu.39000005759670	/works/OL2020280W	oclc	
OL2021950W	3	3	Men of iron	1892	0.89	1.0	uc1.b4099131|mdp.39015010354879|uc2.ark+=13960=t2j679b83	/works/OL2021950W	oclc	
OL2021957W	2	1	Otto of the silver hand	1888	0.88	1.0	uc1.b4099135|uc2.ark+=13960=t71v5cc8w	/works/OL2021957W	oclc	
OL2021969W	3	1	The ruby of Kishmoor	1908	0.83	0.999	mdp.39015047653764|uc1.b3331853|uc2.ark+=13960=t25b00372	/works/OL2021969W	oclc	
OL2021990W	2	1	Rejected of men;	1903	0.86	1.0	nyp.33433076059876|uc2.ark+=13960=fk8z892w3q	/works/OL2021990W	oclc	
OL2021995W	1	1	The Rose of Paradise	1888	0.89	1.0	uc2.ark+=13960=t43r0r41s	/works/OL2021995W	oclc	
OL2022006W	1	1	Pepper & salt;	1913	0.76	1.0	uc2.ark+=13960=t1fj2bf7q	/works/OL2022006W	oclc	
OL2022008W	4	2	The story of Jack Ballister's fortunes;	1922	0.89	1.0	nyp.33433076059801|nc01.ark+=13960=t9765h736|uc1.b4099119|uc2.ark+=13960=t8z893d2f	/works/OL2022008W	oclc	
OL2022009W	3	1	The story of Sir Launcelot and his companions	1907	0.82	1.0	uc1.b4087792|uc2.ark+=13960=t0ns0mc7c|uva.x002015465	/works/OL2022009W	oclc	
OL2022011W	1	1	Howard Pyle's Book of pirates	1921	0.71	0.998	mdp.39076002221641	/works/OL2022011W	oclc	
OL202243W	1	1	Grace Harlowe's overland riders on the great American desert	1921	0.88	1.0	nyp.33433082302989	/works/OL202243W	oclc	
OL202311W	1	1	The Isle of Whispers;	1910	0.87	1.0	nyp.33433074848239	/works/OL202311W	oclc	
OL202321W	1	1	Gleams of scarlet	1915	0.89	1.0	uc2.ark+=13960=t8mc8tx3w	/works/OL202321W	oclc	
OL2024401W	2	2	The private tutor	1904	0.89	1.0	njp.32101067630135|uc2.ark+=13960=t3804zp1n	/works/OL2024401W	oclc	
OL202458W	3	1	The Claybornes;	1902	0.87	1.0	mdp.39015063949435|uc2.ark+=13960=t14m91f24|uc2.ark+=13960=t5h98zw3n	/works/OL202458W	oclc	
OL202460W	1	1	Robert Tournay;	1900	0.89	1.0	nyp.33433076053523	/works/OL202460W	oclc	
OL20258902W	1	1	Her father's daughter	1921	0.9	1.0	mdp.39015024235114	/works/OL20258902W	oclc	
OL202687W	2	1	Colonel Berry's challenge;	1915	0.89	1.0	uc1.$b399185|uc2.ark+=13960=t7wm15553	/works/OL202687W	oclc	
OL202984W	1	1	Carroll O'Donoghue	1881	0.84	1.0	uc2.ark+=13960=t5h990w8v	/works/OL202984W	oclc	
OL2032293W	3	1	The campaign of the jungle;	1900	0.84	1.0	mdp.39015001704199|mdp.39015048784154|nc01.ark+=13960=t2j68kf84	/works/OL2032293W	oclc	
OL2032303W	1	1	Defending his flag;	1907	0.83	1.0	nyp.33433044802118	/works/OL2032303W	oclc	
OL2032313W	2	1	Marching on Niagara	1902	0.87	1.0	nyp.33433079891028|uc2.ark+=13960=t7hq3sq53	/works/OL2032313W	oclc	
OL2032360W	2	1	Under Scott in Mexico	1909	0.88	1.0	nc01.ark+=13960=t19k5g800|nyp.33433044087025	/works/OL2032360W	oclc	
OL2032414W	3	1	For the liberty of Texas	1909	0.84	1.0	nc01.ark+=13960=t9w106g4c|uc1.b4105360|uc2.ark+=13960=fk0ks6j29p	/works/OL2032414W	oclc	
OL203332W	1	1	An Algonquin maiden;	1887	0.89	1.0	mdp.39015063516200	/works/OL203332W	oclc	
OL203379W	2	1	The wolf-cub	1918	0.82	1.0	nyp.33433074811195|uc2.ark+=13960=t9s17vp8k	/works/OL203379W	oclc	
OL203469W	3	2	Simon called Peter	1921	0.89	1.0	njp.32101068971017|uc2.ark+=13960=t9g44qd6g|nyp.33433074871348	/works/OL203469W	oclc	
OL203471W	3	2	The mother of all living;	1922	0.89	1.0	nyp.33433074871330|uc2.ark+=13960=t2q52hs8q|uc2.ark+=13960=t6zw1cg85	/works/OL203471W	oclc	
OL203657W	1	1	The romance of St. Sacrement	1912	0.78	0.999	nyp.33433076081615	/works/OL203657W	oclc	
OL203943W	3	1	The lords of dawn ;	1916	0.7	0.999	nyp.33433074880877|uc2.ark+=13960=t19k46t3x|uc2.ark+=13960=t4xg9gf04	/works/OL203943W	oclc	
OL204067W	2	1	Children of the desert	1917	0.89	1.0	nyp.33433074810858|uc2.ark+=13960=t56d5s20g	/works/OL204067W	oclc	
OL204291W	1	1	The short-story;	1916	0.51	1.0	uc2.ark+=13960=t6nz83n2r	/works/OL204291W	oclc	
OL20430552W	1	1	The Princess Casamassima	1886	0.9	1.0	nyp.33433082294657	/works/OL20430552W	oclc	
OL204413W	1	1	Out where the world begins;	1921	0.88	0.996	uc2.ark+=13960=t2m61dc65	/works/OL204413W	oclc	
OL204414W	1	1	The trail to the hearts of men;	1916	0.76	0.998	uc2.ark+=13960=t8pc2w339	/works/OL204414W	oclc	
OL204528W	2	1	The romance of labor;	1916	0.72	1.0	uc1.b3556272|uc2.ark+=13960=t79s1w26c	/works/OL204528W	oclc	
OL205124W	2	1	Manders	1899	0.89	0.999	nyp.33433074936869|uc2.ark+=13960=t2q52gq5z	/works/OL205124W	oclc	
OL20542715W	1	1	Our mammy and other stories	1906	0.87	0.999	uva.x001397161	/works/OL20542715W	oclc	
OL20549856W	2	1	The household of Sir Thomas More	1909	0.76	0.999	uc1.$b441026|uc2.ark+=13960=t6vx09g3z	/works/OL20549856W	oclc	
OL205506W	3	1	The purple heights	1920	0.89	1.0	mdp.39015063947025|nyp.33433076022908|uc2.ark+=13960=t8qb9wv86	/works/OL205506W	oclc	
OL205756W	2	1	The issue;	1907	0.89	1.0	nyp.33433074968912|uc2.ark+=13960=t7qn6121v	/works/OL205756W	oclc	
OL205790W	2	1	The scar that tripled;	1918	0.73	0.999	njp.32101064629429|uc2.ark+=13960=t5n874j47	/works/OL205790W	oclc	
OL205817W	1	1	A romance of the Sawtooth	1917	0.86	0.998	nyp.33433076044811	/works/OL205817W	oclc	
OL205866W	2	1	Hiwa;	1900	0.76	1.0	nyp.33433074808423|uc2.ark+=13960=t47p8ts64	/works/OL205866W	oclc	
OL205947W	1	1	The devil's cradle	1918	0.89	1.0	uc2.ark+=13960=t1td9pk3d	/works/OL205947W	oclc	
OL205950W	2	1	Law and outlaw	1921	0.89	1.0	nyp.33433075743975|uc2.ark+=13960=t8bg2k54w	/works/OL205950W	oclc	
OL205953W	1	1	Salt of the earth	1917	0.89	1.0	uc2.ark+=13960=t0ht2hx56	/works/OL205953W	oclc	
OL206141W	1	1	The Shelleys of Georgia	1917	0.9	1.0	nyp.33433076065139	/works/OL206141W	oclc	
OL206272W	1	1	Castel del Monte	1910	0.75	0.999	uc2.ark+=13960=t73t9gx07	/works/OL206272W	oclc	
OL206273W	1	1	The sorceress of Rome	1907	0.85	1.0	uc2.ark+=13960=t1bk16v3j	/works/OL206273W	oclc	
OL206274W	2	1	Under the witches' moon;	1917	0.86	1.0	nyp.33433074855051|uc2.ark+=13960=t9p26qs2d	/works/OL206274W	oclc	
OL20647219W	2	1	The novels of Jane Austen	1906	0.84	1.0	uva.x000197018|uva.x000197024	/works/OL20647219W	oclc	
OL20654946W	3	1	Stickeen	1909	0.77	1.0	mdp.39015028563800|mdp.39015028571605|mdp.39015066057251	/works/OL20654946W	oclc	
OL206588W	2	1	"""Who follows in their train?"" A Syrian romance"	1917	0.71	1.0	nyp.33433076023724|uc2.ark+=13960=t90863w63	/works/OL206588W	oclc	
OL206621W	1	1	Conquerors all	1917	0.89	1.0	uc2.ark+=13960=t2j67946f	/works/OL206621W	oclc	
OL20662941W	2	1	The descent of man, and other stories	1914	0.84	1.0	uc2.ark+=13960=t93776q62|wu.89099247587	/works/OL20662941W	oclc	
OL2068250W	2	1	The patriot =	1906	0.89	1.0	mdp.39015033545958|nyp.33433075799118	/works/OL2068250W	oclc	
OL2068279W	2	1	The sinner	1907	0.89	1.0	mdp.39015008486568|uc2.ark+=13960=t6542m42b	/works/OL2068279W	oclc	
OL2068285W	3	1	Daniele Cortis	1890	0.9	1.0	uc1.$b450426|uc2.ark+=13960=t4nk39f5r|uiuo.ark+=13960=t0ks6mz46	/works/OL2068285W	oclc	
OL2068287W	3	2	The saint	1906	0.85	1.0	uc2.ark+=13960=t28914h34|uva.x002177917|uc2.ark+=13960=t54f1qr95	/works/OL2068287W	oclc	
OL20686W	1	1	Gulliver's travels	1886	0.63	1.0	mdp.39015078566067	/works/OL20686W	oclc	
OL206914W	3	1	Over the hookah;	1896	0.9	1.0	mdp.39015067196736|uc1.b4210517|uc2.ark+=13960=t79s1ng2x	/works/OL206914W	oclc	
OL207091W	1	1	Bardell v. Pickwick;	1902	0.63	0.998	uc2.ark+=13960=t16m37d6f	/works/OL207091W	oclc	
OL207262W	1	1	Slavery	1905	0.86	1.0	mdp.39015059423056	/works/OL207262W	oclc	
OL207857W	1	1	The spoilers of the valley	1921	0.89	1.0	nyp.33433075757579	/works/OL207857W	oclc	
OL207860W	2	1	The girl of O. K. Valley	1919	0.88	1.0	nyp.33433075757553|uc2.ark+=13960=t58c9t183	/works/OL207860W	oclc	
OL207896W	1	1	The rule of might;	1918	0.62	1.0	uc2.ark+=13960=t9474cf57	/works/OL207896W	oclc	
OL207956W	1	1	The little lame prince and his traveling cloak	1909	0.87	0.947	mdp.39015085351081	/works/OL207956W	oclc	
OL20801W	1	1	The Little Regiment, and other episodes of the American Civil War	1896	0.81	1.0	uc1.b4374292	/works/OL20801W	oclc	
OL208057W	1	1	H. M. S. -----	1918	0.87	1.0	njp.32101066120039	/works/OL208057W	oclc	
OL20805W	1	1	The open boat and other stories	1898	0.86	1.0	njp.32101068597242	/works/OL20805W	oclc	
OL20822W	1	1	The open boat	1898	0.81	1.0	nyp.33433074817069	/works/OL20822W	oclc	
OL20829W	3	1	Men, women and boats	1921	0.81	1.0	mdp.39015031228417|nyp.33433074817077|uc1.b4107520	/works/OL20829W	oclc	
OL208302W	3	1	By an unknown disciple	1919	0.81	1.0	mdp.39015063881828|uc2.ark+=13960=t6pz5204z|yale.39002043864454	/works/OL208302W	oclc	
OL20831W	6	2	Active service	1901	0.9	1.0	mdp.39015014183431|mdp.39015031228391|nyp.33433074817085|uc1.b4582034|uc1.b3321306|wu.89004872388	/works/OL20831W	oclc	
OL20835W	1	1	Wounds in the rain;	1900	0.89	1.0	uva.x000497410	/works/OL20835W	oclc	
OL208365W	2	1	Madam Constantia;	1919	0.82	1.0	nyp.33433074942461|uc2.ark+=13960=t8w951802	/works/OL208365W	oclc	
OL20836W	1	1	George's mother	1896	0.88	1.0	uc2.ark+=13960=t8pc2vb7z	/works/OL20836W	oclc	
OL208374W	2	1	Mothers of men	1919	0.89	1.0	nyp.33433076072689|uc2.ark+=13960=t9c53fs26	/works/OL208374W	oclc	
OL208418W	2	1	Testore	1916	0.82	1.0	nyp.33433074935218|uc2.ark+=13960=t8rb6z66q	/works/OL208418W	oclc	
OL208452W	1	1	White and black	1922	0.89	1.0	uc2.ark+=13960=t8sb4022z	/works/OL208452W	oclc	
OL208453W	2	1	The second bullet	1919	0.89	1.0	nyp.33433076054653|uc2.ark+=13960=t7gq6t396	/works/OL208453W	oclc	
OL208500W	1	1	Birds of a feather	1919	0.82	1.0	uc2.ark+=13960=t5w66fg83	/works/OL208500W	oclc	
OL208597W	1	1	Russian chaps	1916	0.84	0.997	uc2.ark+=13960=t7hq3sv1z	/works/OL208597W	oclc	
OL208616W	2	1	The Swallow;	1919	0.89	1.0	njp.32101068177235|uc2.ark+=13960=t6ww78z00	/works/OL208616W	oclc	
OL208678W	1	1	From baseball to Boches	1918	0.87	1.0	nyp.33433081573028	/works/OL208678W	oclc	
OL209003W	1	1	Nick Putzel;	1881	0.88	0.999	uc2.ark+=13960=t79s1mt9c	/works/OL209003W	oclc	
OL209125W	1	1	Uncle Zeb & his friends	1919	0.87	0.999	nyp.33433082303235	/works/OL209125W	oclc	
OL20934W	2	1	Scenes of clerical life	1899	0.89	1.0	uiuo.ark+=13960=t3320md5g|uiuo.ark+=13960=t5q82059s	/works/OL20934W	oclc	
OL209384W	1	1	A pound of cure	1894	0.88	1.0	nyp.33433074833645	/works/OL209384W	oclc	
OL209387W	3	1	The house of a merchant prince;	1883	0.84	1.0	njp.32101067706927|nyp.33433079897942|uc2.ark+=13960=t9f47hj92	/works/OL209387W	oclc	
OL209389W	1	1	The yellow snake	1888	0.83	1.0	uc2.ark+=13960=t91834v7q	/works/OL209389W	oclc	
OL20947679W	1	1	The story of the Grail and the passing of Arthur	1910	0.71	1.0	uva.x002014207	/works/OL20947679W	oclc	
OL20950217W	1	1	The psychic trio, or, Nations reconciled	1919	0.76	1.0	nyp.33433074811625	/works/OL20950217W	oclc	
OL209575W	1	1	Carmichael	1907	0.89	1.0	nyp.33433076023906	/works/OL209575W	oclc	
OL209747W	3	1	The lone scout, a tale of the United States Public health service	1920	0.82	1.0	nnc2.ark+=13960=t2x35hp95|nyp.33433074811054|uc2.ark+=13960=t9z030b6g	/works/OL209747W	oclc	
OL209788W	2	1	Letters from G. G	1909	0.75	1.0	uc2.ark+=13960=t7np1x903|uc2.ark+=13960=t89g5hr8f	/works/OL209788W	oclc	
OL209901W	1	1	The riddle of the frozen flame	1920	0.89	1.0	uc2.ark+=13960=t09w0914n	/works/OL209901W	oclc	
OL210381W	1	1	The luck of the mounted;	1920	0.83	1.0	nyp.33433074871728	/works/OL210381W	oclc	
OL2103976W	4	2	Not counting the cost	1895	0.89	1.0	uiuo.ark+=13960=t2g73vr9s|uiuo.ark+=13960=t7dr3b84t|uiuo.ark+=13960=t85h80x39|uc2.ark+=13960=t6b283822	/works/OL2103976W	oclc	
OL210435W	1	1	The door of the unreal	1920	0.87	1.0	nyp.33433074939996	/works/OL210435W	oclc	
OL210545W	5	1	Life at Laurel Town in Anglo-Saxon Kansas	1920	0.61	1.0	loc.ark+=13960=t01z52k03|mdp.39015063961638|nyp.33433081785747|uc2.ark+=13960=t3fx76b31|uc2.ark+=13960=t9c53gk1f	/works/OL210545W	oclc	
OL210607W	2	1	The life of a foxhound	1890	0.88	1.0	uc1.b3327391|uc2.ark+=13960=t26977g42	/works/OL210607W	oclc	
OL210667W	3	1	The bride of Mission San José;	1920	0.89	1.0	mdp.39015063546504|nyp.33433074840913|uc2.ark+=13960=t2m61cr18	/works/OL210667W	oclc	
OL210718W	1	1	The door of the double dragon	1920	0.89	1.0	nyp.33433074833322	/works/OL210718W	oclc	
OL2107263W	1	1	Good men and true	1914	0.81	1.0	nnc1.cu58366229	/works/OL2107263W	oclc	
OL2107267W	4	2	West is west	1917	0.87	1.0	uc1.$b405110|uc2.ark+=13960=t6057f51x|mdp.39015070223311|uc2.ark+=13960=t4zg6gq59	/works/OL2107267W	oclc	
OL2107271W	3	1	Stepsons of light	1921	0.86	1.0	mdp.39015070223303|uc1.b4105314|uc2.ark+=13960=fk8bg2ht27	/works/OL2107271W	oclc	
OL2107273W	2	1	Copper Streak Trail	1922	0.81	1.0	nyp.33433076048515|uc2.ark+=13960=t56d5qm19	/works/OL2107273W	oclc	
OL21104317W	1	1	The skeleton key	1919	0.87	1.0	uc2.ark+=13960=t9668ct8d	/works/OL21104317W	oclc	
OL211224W	2	1	Bill's mistake	1921	0.88	1.0	nyp.33433074799069|uc2.ark+=13960=t6qz23t1v	/works/OL211224W	oclc	
OL211293W	2	1	The grinding;	1921	0.9	1.0	nyp.33433074847587|uc2.ark+=13960=t3pv6cp5n	/works/OL211293W	oclc	
OL211336W	1	1	The band-wagon	1921	0.8	1.0	nyp.33433074854799	/works/OL211336W	oclc	
OL211352W	3	1	Shake-speares sweetheart	1905	0.87	1.0	nyp.33433076062623|uc2.ark+=13960=t06w97f4p|wu.89006966352	/works/OL211352W	oclc	
OL211378W	1	1	Father Ralph	1913	0.89	1.0	uc2.ark+=13960=t5t72927s	/works/OL211378W	oclc	
OL211460W	2	1	Claudio and Anita	1921	0.81	0.999	uc1.b3324207|uc2.ark+=13960=t52f7m176	/works/OL211460W	oclc	
OL211519W	2	1	Riders up!	1922	0.88	1.0	uc1.b3346069|uc2.ark+=13960=t9377g25c	/works/OL211519W	oclc	
OL211520W	2	1	The gift of Paul Clermont	1921	0.79	1.0	nyp.33433082485883|uc2.ark+=13960=t7gq6t269	/works/OL211520W	oclc	
OL211522W	1	1	Twenty-four unusual stories for boys and girls	1921	0.77	0.989	umn.31951000781746v	/works/OL211522W	oclc	
OL211546W	1	1	Ned	1907	0.84	0.983	uc2.ark+=13960=t9s17tz2v	/works/OL211546W	oclc	
OL211603W	1	1	The elephant god	1921	0.88	1.0	nyp.33433074942420	/works/OL211603W	oclc	
OL211679W	1	1	The night tide	1920	0.88	1.0	uc2.ark+=13960=t58c9vp1n	/works/OL211679W	oclc	
OL211781W	2	1	The gold bug story book	1906	0.85	1.0	uc1.b3549851|uc2.ark+=13960=t3rv0f32r	/works/OL211781W	oclc	
OL211982W	3	2	Way of revelation;	1921	0.88	1.0	uc2.ark+=13960=t4gm8dn8t|nyp.33433075760813|uc2.ark+=13960=t6c24sz9g	/works/OL211982W	oclc	
OL212029W	2	1	Famous stories from foreign countries	1921	0.78	0.999	mdp.39015031025482|uc2.ark+=13960=t0wp9wm5d	/works/OL212029W	oclc	
OL212039W	1	1	Philip Seymour;	1902	0.79	1.0	nyp.33433076082472	/works/OL212039W	oclc	
OL212506W	1	1	Under Canadian skies;	1922	0.8	1.0	nyp.33433074810700	/works/OL212506W	oclc	
OL212544W	2	1	The Queen of Sheba	1922	0.71	1.0	nyp.33433074802095|uc2.ark+=13960=t3ws8kr7x	/works/OL212544W	oclc	
OL212562W	2	1	Rhesa	1922	0.89	1.0	nyp.33433082003272|uc2.ark+=13960=t91836633	/works/OL212562W	oclc	
OL212622W	2	1	Jungle tales;	1922	0.79	1.0	nyp.33433070293331|uc2.ark+=13960=t06w9778x	/works/OL212622W	oclc	
OL212854W	5	1	The cruise of the Kawa;	1921	0.66	1.0	mdp.39015033616304|mdp.39015040601174|nyp.33433074813670|uc2.ark+=13960=t91835m51|uc2.ark+=13960=t93776r51	/works/OL212854W	oclc	
OL212855W	4	1	My northern exposure;	1922	0.84	1.0	loc.ark+=13960=t29893h84|mdp.39015070463040|nyp.33433074813688|uc2.ark+=13960=t77s7k56n	/works/OL212855W	oclc	
OL213135W	2	1	The trouble at Pinelands ;	1922	0.84	1.0	nc01.ark+=13960=t72v2kj8s|nyp.33433076055031	/works/OL213135W	oclc	
OL213181W	1	1	Witch-doctors	1922	0.6	0.999	nyp.33433074937255	/works/OL213181W	oclc	
OL2131939W	3	2	Emmanuel Burden, merchant of Thames St., in the City of London, exporter of hardware	1915	0.72	0.999	uc2.ark+=13960=t3513z153|nyp.33433074928833|uc2.ark+=13960=t8sb4349g	/works/OL2131939W	oclc	
OL2131947W	4	1	The four men;	1912	0.71	1.0	mdp.39015011684902|njp.32101064787789|uc2.ark+=13960=t7tm7d10f|uc2.ark+=13960=t92807g2s	/works/OL2131947W	oclc	
OL2132064W	3	2	The mercy of Allah	1922	0.89	1.0	uc2.ark+=13960=t2h70mw0h|mdp.39015008919329|uc2.ark+=13960=t2x34qs5p	/works/OL2132064W	oclc	
OL2132163W	1	1	The Girondin	1912	0.9	1.0	njp.32101067707842	/works/OL2132163W	oclc	
OL213702W	1	1	Brown of Harvard	1907	0.82	0.998	nyp.33433074806740	/works/OL213702W	oclc	
OL214718W	1	1	Love in the backwoods	1897	0.88	1.0	njp.32101065839548	/works/OL214718W	oclc	
OL214744W	1	1	Representative short stories	1917	0.75	1.0	nnc1.cu58249281	/works/OL214744W	oclc	
OL214785W	2	1	Erin Mor	1892	0.81	0.999	nyp.33433074930524|uc1.b28477	/works/OL214785W	oclc	
OL214825W	2	1	The lure o'gold	1904	0.88	1.0	uc1.b3327384|uc2.ark+=13960=t8w952218	/works/OL214825W	oclc	
OL214901W	1	1	A winter of content	1922	0.83	0.999	loc.ark+=13960=t7zk5pw3j	/works/OL214901W	oclc	
OL215164W	2	1	Yone Santo	1888	0.89	1.0	mdp.39015010805441|uc2.ark+=13960=t82j6945b	/works/OL215164W	oclc	
OL215736W	3	1	Montlivet	1906	0.89	1.0	mdp.39015005621191|nyp.33433076033947|uc2.ark+=13960=t6d21s11p	/works/OL215736W	oclc	
OL215876W	2	1	At the emperor's wish;	1905	0.88	1.0	uc2.ark+=13960=t75t3hr55|uva.x030742129	/works/OL215876W	oclc	
OL215960W	2	1	Gentlemen at arms	1918	0.8	1.0	nyp.33433074915921|uc2.ark+=13960=t8bg2m73q	/works/OL215960W	oclc	
OL2160368W	2	1	In old Narragansett;	1898	0.88	1.0	njp.32101010112512|uc2.ark+=13960=t8mc8ss5n	/works/OL2160368W	oclc	
OL216454W	2	1	Six stories and some verses	1896	0.89	0.999	loc.ark+=13960=t5w66zr7d|nyp.33433076068216	/works/OL216454W	oclc	
OL2178917W	1	1	John March	1894	0.89	1.0	inu.32000001394248	/works/OL2178917W	oclc	
OL2178919W	2	1	Lovers of Louisiana (to-day)	1918	0.88	1.0	mdp.39015012102995|uc2.ark+=13960=t6348hs85	/works/OL2178919W	oclc	
OL2178920W	4	1	"""Posson Jone"" and Père Raphaël;"	1909	0.85	0.999	mdp.39015059376445|mdp.39015063779840|nyp.33433074852199|uc2.ark+=13960=t79s1n28f	/works/OL2178920W	oclc	
OL2178923W	4	1	Gideon's band;	1914	0.9	1.0	mdp.39015059376361|nyp.33433074852165|uc1.b4105124|uc2.ark+=13960=fk90863s13	/works/OL2178923W	oclc	
OL2178926W	2	1	Kincaid's battery	1908	0.88	1.0	mdp.39015028305723|uc2.ark+=13960=t29883p04	/works/OL2178926W	oclc	
OL2178927W	3	1	Strange true stories of Louisiana	1889	0.89	1.0	inu.39000005935585|mdp.39015005354504|uc1.b4105010	/works/OL2178927W	oclc	
OL2178929W	7	3	The cavalier	1909	0.89	1.0	uc1.b3579147|uc2.ark+=13960=fk4zg6gc9r|nyp.33433074852132|mdp.39015011947309|mdp.39015063779790|uc2.ark+=13960=t0tq5rf85|wu.89071076632	/works/OL2178929W	oclc	
OL2178931W	2	1	Strong hearts	1899	0.82	1.0	mdp.39015059376320|nyp.33433074851910	/works/OL2178931W	oclc	
OL2178932W	3	2	Madame Delphine	1907	0.89	1.0	mdp.39015037392050|mdp.39015030736238|uc2.ark+=13960=t90864900	/works/OL2178932W	oclc	
OL2178933W	2	2	Bonaventure	1888	0.84	1.0	uc2.ark+=13960=t0pr7mx6p|nc01.ark+=13960=t8qc0mr70	/works/OL2178933W	oclc	
OL2178934W	3	2	Dr. Sevier	1885	0.89	1.0	mdp.39015028305640|nc01.ark+=13960=t5n87vc6n|uc2.ark+=13960=t9w08x804	/works/OL2178934W	oclc	
OL2178935W	6	4	The Grandissimes	1886	0.89	1.0	uc2.ark+=13960=t6sx65984|uc1.32106002063169|uc2.ark+=13960=fk2w37kx1m|uva.x000134749|mdp.39015008798202|uc2.ark+=13960=t7pn8xx18	/works/OL2178935W	oclc	
OL2180488W	2	1	The story of a Hida craftsman (Hida no takumi monogatari)	1912	0.83	1.0	inu.30000121036499|mdp.39015017651798	/works/OL2180488W	oclc	
OL218164W	3	2	Ben-Beor	1892	0.9	1.0	uc2.ark+=13960=t6251g493|uc1.b3321701|uc2.ark+=13960=t6057dn7p	/works/OL218164W	oclc	
OL2181966W	2	1	Souls divided	1919	0.89	1.0	uc1.$b453984|uc2.ark+=13960=t0ht2kc89	/works/OL2181966W	oclc	
OL2181978W	1	1	The conquest of Rome	1906	0.82	1.0	uc2.ark+=13960=t4rj4cw7b	/works/OL2181978W	oclc	
OL2181981W	2	1	The land of Cockayne;	1901	0.85	1.0	mdp.39015008968797|uc2.ark+=13960=t9b56gc3j	/works/OL2181981W	oclc	
OL218449W	2	1	Wulnoth the wanderer;	1908	0.86	1.0	nyp.33433076081904|uc2.ark+=13960=t9x05z05j	/works/OL218449W	oclc	
OL218861W	1	1	The tale of old Mr. Crow	1917	0.87	1.0	nyp.33433082524897	/works/OL218861W	oclc	
OL21905195W	1	1	Mrs. Raffles;	1905	0.87	0.999	uc2.ark+=13960=t5p844k98	/works/OL21905195W	oclc	
OL219249W	1	1	A slave of circumstances	1888	0.82	1.0	uc2.ark+=13960=t3707z99d	/works/OL219249W	oclc	
OL219613W	1	1	Not all the king's horses;	1896	0.87	1.0	nyp.33433076092760	/works/OL219613W	oclc	
OL219684W	1	1	The days of Lamb and Coleridge;	1895	0.84	0.999	mdp.39015063939857	/works/OL219684W	oclc	
OL22064584W	2	1	The golden chain	1903	0.84	0.997	nyp.33433076054067|uc2.ark+=13960=t6445jw45	/works/OL22064584W	oclc	
OL22065600W	1	1	The knitting of the souls;	1904	0.83	1.0	nnc1.1000016608	/works/OL22065600W	oclc	
OL22065622W	1	1	The highroad	1904	0.83	1.0	uc2.ark+=13960=t3513v97d	/works/OL22065622W	oclc	
OL22065725W	2	1	Stories of New York	1894	0.88	1.0	mdp.39015012335553|nyp.33433082293998	/works/OL22065725W	oclc	
OL22066396W	1	1	The digressions of Polly	1905	0.88	0.999	nyp.33433076043383	/works/OL22066396W	oclc	
OL22067053W	14	1	Stories by foreign authors	1898	0.82	1.0	nyp.33433082513767|nyp.33433082513775|nyp.33433082514211|nyp.33433082514229|nyp.33433082514237|nyp.33433082514245|nyp.33433082514252|uc1.b3139702|uc1.b3139703|uc1.b3139704|uc1.b3139705|uc1.b3139706|uc1.b3139707|uc1.b3139708	/works/OL22067053W	oclc	
OL22067163W	1	1	Told in the Rockies	1897	0.9	1.0	nyp.33433074822911	/works/OL22067163W	oclc	
OL22067249W	1	1	Choy Susan, and other stories	1885	0.89	1.0	uc1.b3151813	/works/OL22067249W	oclc	
OL22067273W	1	1	Courtship by command	1895	0.88	1.0	njp.32101067707545	/works/OL22067273W	oclc	
OL22067377W	1	1	A superfluous woman	1894	0.89	1.0	uc2.ark+=13960=t4kk96c4s	/works/OL22067377W	oclc	
OL22067416W	1	1	Pleasant Waters: a story of southern life and character	1888	0.8	1.0	nyp.33433074843198	/works/OL22067416W	oclc	
OL22067557W	1	1	The noble birth and gallant atchievements of that remarkable outlaw Robin Hood	1906	0.54	0.999	njp.32101067921153	/works/OL22067557W	oclc	
OL22067983W	1	1	Justina	1886	0.88	1.0	uc2.ark+=13960=t5gb2019h	/works/OL22067983W	oclc	
OL22068340W	2	1	Eunice Lathrop, spinster	1882	0.83	1.0	nyp.33433076023070|uc2.ark+=13960=t9g44kk62	/works/OL22068340W	oclc	
OL22068402W	2	1	The martyr of Golgotha	1887	0.89	1.0	uc1.b296422|uc1.b296423	/works/OL22068402W	oclc	
OL22068603W	1	1	King Washington;	1898	0.89	1.0	nyp.33433076039720	/works/OL22068603W	oclc	
OL22068655W	1	1	Senator Intrigue and Inspector Noseby	1894	0.87	1.0	uc2.ark+=13960=t03x8444f	/works/OL22068655W	oclc	
OL22068959W	1	1	The exploits of a physician detective	1908	0.89	1.0	uc2.ark+=13960=t10p0zf5s	/works/OL22068959W	oclc	
OL22069028W	1	1	Ralph Ranscomb, banker	1908	0.78	1.0	nyp.33433076023278	/works/OL22069028W	oclc	
OL22069078W	1	1	John;	1896	0.89	1.0	nyp.33433074805494	/works/OL22069078W	oclc	
OL22069852W	2	1	Skid Puffer;	1910	0.88	1.0	nyp.33433076039647|uc2.ark+=13960=t3jw88d3q	/works/OL22069852W	oclc	
OL22071102W	1	1	The four Corners in camp	1910	0.83	1.0	uva.x030802559	/works/OL22071102W	oclc	
OL22071121W	1	1	The horsemen of the plains;	1910	0.89	1.0	mdp.39015025946156	/works/OL22071121W	oclc	
OL22071545W	1	1	One night in Bethlehem	1910	0.59	1.0	nyp.33433074958582	/works/OL22071545W	oclc	
OL22074287W	2	1	Maria Chapdelaine, a tale of the Lake St. John country	1921	0.89	1.0	mdp.39015030659869|uc1.32106001770475	/works/OL22074287W	oclc	
OL22077618W	1	1	The lady elect;	1913	0.87	0.998	nyp.33433076053101	/works/OL22077618W	oclc	
OL22079234W	1	1	Traffic in souls	1914	0.52	1.0	nyp.33433084129760	/works/OL22079234W	oclc	
OL22082798W	1	1	The trail of Black Hawk	1915	0.89	1.0	nyp.33433082178223	/works/OL22082798W	oclc	
OL22084218W	1	1	Adventures in thrift	1916	0.82	1.0	uc2.ark+=13960=t6n010m4q	/works/OL22084218W	oclc	
OL22088974W	1	1	The new Gethsemane	1917	0.73	1.0	njp.32101063691081	/works/OL22088974W	oclc	
OL22089245W	1	1	The lure of the Mississippi	1917	0.83	0.999	wu.89088299813	/works/OL22089245W	oclc	
OL22090441W	2	1	Tales of wartime France	1918	0.85	1.0	njp.32101072366246|uc2.ark+=13960=t8gf0ph76	/works/OL22090441W	oclc	
OL22091481W	1	1	No more war!	1917	0.68	1.0	njp.32101062165970	/works/OL22091481W	oclc	
OL22091631W	1	1	Lumbering on the Cumberland	1887	0.87	1.0	nyp.33433081936415	/works/OL22091631W	oclc	
OL22092323W	1	1	Cap'n Jonah's fortune	1919	0.89	0.999	nyp.33433082003082	/works/OL22092323W	oclc	
OL220924W	1	1	In the Louisiana lowlands;	1900	0.89	1.0	nyp.33433076052111	/works/OL220924W	oclc	
OL22095239W	1	1	On a passing frontier;	1920	0.82	1.0	njp.32101068142031	/works/OL22095239W	oclc	
OL22095539W	1	1	In the trenches	1920	0.8	0.999	nyp.33433076066327	/works/OL22095539W	oclc	
OL22096220W	2	1	The joy in work;	1920	0.86	1.0	nyp.33433082294350|uc2.ark+=13960=t6rx94v8q	/works/OL22096220W	oclc	
OL22098838W	1	1	At the front	1921	0.76	1.0	uva.x030802556	/works/OL22098838W	oclc	
OL22099019W	1	1	Nancy; her life and death	1921	0.8	0.999	nyp.33433074808407	/works/OL22099019W	oclc	
OL22099180W	1	1	Topless towers;	1921	0.83	1.0	nnc1.1002141930	/works/OL22099180W	oclc	
OL220999W	4	1	In the wake of war;	1900	0.9	1.0	nc01.ark+=13960=t02z21g9v|uc1.b3327533|uc2.ark+=13960=t1sf2nt02|uc2.ark+=13960=t6nz81j2k	/works/OL220999W	oclc	
OL221005W	2	1	Eshek the oppressor	1902	0.89	1.0	nnc1.1002176963|uc2.ark+=13960=t7np1zj90	/works/OL221005W	oclc	
OL22102366W	1	1	With La Salle the explorer	1922	0.89	0.999	uc2.ark+=13960=t3mw29h2b	/works/OL22102366W	oclc	
OL221024W	1	1	Braddock;	1893	0.88	0.999	nyp.33433076060924	/works/OL221024W	oclc	
OL221025W	3	1	A century too soon;	1893	0.68	1.0	nnc1.cu58325115|nyp.33433076060577|uc2.ark+=13960=t45q4rx7s	/works/OL221025W	oclc	
OL221027W	1	1	Pocahontas;	1893	0.87	1.0	nyp.33433076054448	/works/OL221027W	oclc	
OL221028W	9	1	The real America in romance	1912	0.68	0.997	mdp.39076005658708|mdp.39076005658716|mdp.39076005658724|mdp.39076005658732|mdp.39076005658740|mdp.39076005658757|mdp.39076005658765|mdp.39076005658773|mdp.39076005658807	/works/OL221028W	oclc	
OL221031W	2	1	Union;	1894	0.88	1.0	nc01.ark+=13960=t1fj3866n|uc2.ark+=13960=t40r9mn6r	/works/OL221031W	oclc	
OL221032W	1	1	Estevan;	1892	0.67	1.0	uc2.ark+=13960=t9m32nx70	/works/OL221032W	oclc	
OL221034W	1	1	Saint Augustine;	1892	0.88	1.0	uc2.ark+=13960=t1zc7s28g	/works/OL221034W	oclc	
OL221035W	1	1	The Pilgrims	1894	0.51	0.999	uc2.ark+=13960=t4xg9fk5x	/works/OL221035W	oclc	
OL221036W	1	1	Sustained honor;	1893	0.88	0.999	uc2.ark+=13960=t4vh5f16f	/works/OL221036W	oclc	
OL221072W	1	1	A royal enchantress;	1900	0.88	1.0	nyp.33433074811476	/works/OL221072W	oclc	
OL221092W	1	1	A downrenter's son	1902	0.89	1.0	mdp.39015063550944	/works/OL221092W	oclc	
OL221100W	2	1	Over grass-grown trails	1900	0.87	1.0	uc1.b3327370|uc2.ark+=13960=t3513wh80	/works/OL221100W	oclc	
OL221103W	3	1	North Carolina sketches;	1900	0.89	1.0	nc01.ark+=13960=t17m09h97|nyp.33433074813225|uc2.ark+=13960=t51g0jc96	/works/OL221103W	oclc	
OL221151W	4	1	The Darlingtons	1900	0.9	1.0	nc01.ark+=13960=t1kh0m75h|nyp.33433076050289|uc1.b298716|uc2.ark+=13960=t5fb4xw00	/works/OL221151W	oclc	
OL22123542W	2	1	Mistress Brent;	1901	0.89	1.0	nyp.33433076092901|uc2.ark+=13960=t0ms3kw42	/works/OL22123542W	oclc	
OL22123727W	1	1	The cripple of Nuremberg	1900	0.83	0.999	wu.89098015365	/works/OL22123727W	oclc	
OL22124773W	1	1	The boy and the baron	1902	0.87	0.992	mdp.39076002192123	/works/OL22124773W	oclc	
OL2226861W	1	1	Graham of Claverhouse	1907	0.72	1.0	uc2.ark+=13960=t1kh0gn38	/works/OL2226861W	oclc	
OL2226875W	4	1	Young barbarians	1901	0.87	1.0	mdp.39015063964285|nyp.33433082178207|uc1.b4104243|uc2.ark+=13960=t8df6x775	/works/OL2226875W	oclc	
OL2226878W	2	1	The days of auld lang syne	1896	0.81	1.0	nyp.33433075747463|uc2.ark+=13960=t4wh2jv35	/works/OL2226878W	oclc	
OL22316236W	1	1	Elizabeth Schuyler	1903	0.66	1.0	nyp.33433076022692	/works/OL22316236W	oclc	
OL2231701W	4	2	Artie	1896	0.89	0.999	uc2.ark+=13960=t05x25m11|wu.89098526213|mdp.39015004050673|uc1.b248243	/works/OL2231701W	oclc	
OL2231710W	2	1	Pink Marsh	1897	0.88	1.0	mdp.39015034111834|nyp.33433082170360	/works/OL2231710W	oclc	
OL2231715W	5	2	In Babel	1903	0.83	1.0	uc1.l0068512433|uc2.ark+=13960=t7fq9rc7t|mdp.39015059386071|uc1.b3562016|uc2.ark+=13960=t8hd7q765	/works/OL2231715W	oclc	
OL22356W	8	3	Erewhon revisited twenty years later	1920	0.78	1.0	loc.ark+=13960=t3jw8x500|mdp.39015051142241|uc1.b4107927|uc2.ark+=13960=t35142414|mdp.39015051142233|uc1.b4107917|uc2.ark+=13960=t2j67f89b|dul1.ark+=13960=t8ff4fm2f	/works/OL22356W	oclc	
OL22372W	5	2	The way of all flesh	1908	0.76	1.0	uc1.b3579144|uc2.ark+=13960=t2c82dr60|mdp.39015051144288|uc1.b4105125|uc2.ark+=13960=t7hq3tn44	/works/OL22372W	oclc	
OL2243954W	2	1	Hempfield;	1915	0.89	1.0	mdp.39015030847472|uc2.ark+=13960=t1qf8jn5n	/works/OL2243954W	oclc	
OL2243957W	7	6	Adventures in contentment	1907	0.88	1.0	uc2.ark+=13960=t77s7jg68|mdp.39015012295310|mdp.39015030849007|nnc1.1002155575|uc2.ark+=13960=t0qr4nr3k|nyp.33433074790217|nyp.33433074790241	/works/OL2243957W	oclc	
OL2254066W	2	2	The lost boy	1914	0.83	1.0	uc2.ark+=13960=t8ff3ng6p|njp.32101067486769	/works/OL2254066W	oclc	
OL2254075W	2	1	The broken soldier and the maid of France	1919	0.83	1.0	mdp.39015063960135|nyp.33433082484845	/works/OL2254075W	oclc	
OL2254101W	2	2	Fisherman's luck	1899	0.87	1.0	nyp.33433066630587|nyp.33433074824834	/works/OL2254101W	oclc	
OL2254108W	2	1	The mansion	1911	0.84	1.0	mdp.39015057075627|uc2.ark+=13960=t3vt1gz5s	/works/OL2254108W	oclc	
OL2254110W	3	1	The blue flower	1902	0.83	1.0	njp.32101067486827|nyp.33433076041544|uc1.b3569309	/works/OL2254110W	oclc	
OL2254112W	1	1	The ruling passion;	1901	0.86	0.999	nyp.33433076042260	/works/OL2254112W	oclc	
OL2254114W	2	1	The first Christmas tree	1897	0.76	1.0	mdp.39015064415048|nyp.33433076040660	/works/OL2254114W	oclc	
OL2254120W	1	1	The story of the other wise man	1896	0.78	0.999	uc1.b3326070	/works/OL2254120W	oclc	
OL2254754W	1	1	This way to Christmas	1916	0.79	1.0	mdp.39015011955427	/works/OL2254754W	oclc	
OL225691W	1	1	Soltaire;	1902	0.78	1.0	uc2.ark+=13960=t5p844948	/works/OL225691W	oclc	
OL226080W	1	1	The Toltec savior;	1901	0.59	1.0	uc2.ark+=13960=t0cv4cc38	/works/OL226080W	oclc	
OL226409W	1	1	The welding	1907	0.85	1.0	nyp.33433076025414	/works/OL226409W	oclc	
OL226410W	1	1	When the land was young;	1901	0.89	1.0	uc2.ark+=13960=t3fx7466v	/works/OL226410W	oclc	
OL226445W	1	1	The backwoodsman;	1901	0.89	1.0	nyp.33433076022601	/works/OL226445W	oclc	
OL226502W	2	1	Called to the field;	1906	0.89	1.0	nyp.33433076081789|uc2.ark+=13960=t5h99196p	/works/OL226502W	oclc	
OL226512W	1	1	Where the sugar maple grows	1901	0.84	1.0	wu.89101452092	/works/OL226512W	oclc	
OL226529W	1	1	The misadventures of Marjory	1908	0.9	1.0	uc2.ark+=13960=t5q816p5p	/works/OL226529W	oclc	
OL226530W	2	1	Ralph Marlowe	1901	0.89	1.0	mdp.39015065441423|nyp.33433076023377	/works/OL226530W	oclc	
OL226532W	2	1	The sign of the prophet;	1901	0.9	1.0	nyp.33433076023351|uc2.ark+=13960=t7tm74142	/works/OL226532W	oclc	
OL226535W	1	1	An old dusty's story	1901	0.84	1.0	uc2.ark+=13960=t1ng4mk2b	/works/OL226535W	oclc	
OL226690W	2	1	The making of a country home	1901	0.83	1.0	mdp.39015063974193|uc2.ark+=13960=t39020k37	/works/OL226690W	oclc	
OL226733W	2	1	Metzerott	1889	0.89	1.0	mdp.39015016423082|uc1.b4102943	/works/OL226733W	oclc	
OL226825W	1	1	The decline and fall of Samuel Sawbones, M.D., on the Klondike	1900	0.86	1.0	njp.32101066592559	/works/OL226825W	oclc	
OL226853W	1	1	Eastover court house;	1901	0.84	1.0	uva.x001181165	/works/OL226853W	oclc	
OL226854W	2	1	Nell Gwynne of old Drury	1901	0.89	1.0	nyp.33433074968326|uc2.ark+=13960=t17m06w0k	/works/OL226854W	oclc	
OL226900W	2	1	The red anvil	1902	0.83	1.0	nyp.33433076081557|uc2.ark+=13960=t90863v6n	/works/OL226900W	oclc	
OL226915W	2	1	A Maryland manor;	1901	0.9	1.0	njp.32101067643302|uc2.ark+=13960=t3qv3cf27	/works/OL226915W	oclc	
OL226916W	2	1	For the blue and gold;	1901	0.83	1.0	mdp.39015063942141|nyp.33433074787866	/works/OL226916W	oclc	
OL226918W	2	1	Every inch a king	1901	0.88	1.0	uc2.ark+=13960=t8gf0pq10|uva.x030801563	/works/OL226918W	oclc	
OL226942W	1	1	A Colorado colonel and other sketches	1901	0.84	1.0	uc1.b3687479	/works/OL226942W	oclc	
OL2271458W	1	1	Maurice Guest	1908	0.9	1.0	uc2.ark+=13960=t6ww7b205	/works/OL2271458W	oclc	
OL2271460W	1	1	The getting of wisdom	1910	0.89	1.0	uc2.ark+=13960=t8w953j0g	/works/OL2271460W	oclc	
OL227503W	1	1	Young Howson's wife	1902	0.88	1.0	nyp.33433076073554	/works/OL227503W	oclc	
OL227660W	2	1	Judith of the plains;	1903	0.89	1.0	uc1.b3325599|uc2.ark+=13960=t09w09w5b	/works/OL227660W	oclc	
OL227744W	1	1	Margaret Tudor;	1901	0.87	1.0	uc2.ark+=13960=t3tt4g50w	/works/OL227744W	oclc	
OL227788W	2	1	As I saw it	1902	0.88	1.0	nyp.33433076025570|uc2.ark+=13960=t0bv7bs0m	/works/OL227788W	oclc	
OL227890W	2	2	In the country God forgot;	1906	0.88	1.0	uc2.ark+=13960=t6pz54d83|uc2.ark+=13960=t6c24rc41	/works/OL227890W	oclc	
OL227906W	2	1	Incaland	1902	0.84	0.996	uc1.b3325342|uc2.ark+=13960=t9862cw37	/works/OL227906W	oclc	
OL227917W	2	1	My friend Annabel Lee	1903	0.81	1.0	mdp.39015053141621|uc2.ark+=13960=t06w9773h	/works/OL227917W	oclc	
OL228018W	1	1	Not on the chart;	1902	0.83	1.0	nnc1.1002191652	/works/OL228018W	oclc	
OL228019W	2	1	Oldfield;	1902	0.9	1.0	nyp.33433074825658|uc2.ark+=13960=t95718c2t	/works/OL228019W	oclc	
OL228072W	1	1	Old Blackfriars;	1902	0.88	1.0	uva.x030736348	/works/OL228072W	oclc	
OL228089W	2	1	Daniel Trentworthy	1889	0.89	1.0	nnc1.1002189801|uiuo.ark+=13960=t6736p063	/works/OL228089W	oclc	
OL228097W	1	1	Mistress Dorothy of Haddon Hall	1902	0.83	0.998	uc2.ark+=13960=t81j99d29	/works/OL228097W	oclc	
OL228226W	1	1	The cult of the purple rose;	1902	0.72	0.999	nyp.33433076011901	/works/OL228226W	oclc	
OL228350W	3	1	A gentleman of the South;	1903	0.88	1.0	mdp.39015063543527|nyp.33433074815154|uc2.ark+=13960=t4mk66d0g	/works/OL228350W	oclc	
OL228476W	2	1	The heart of the doctor	1902	0.88	1.0	uc2.ark+=13960=t39021716|uva.x002449163	/works/OL228476W	oclc	
OL228478W	1	1	Ghetto silhouettes	1902	0.84	1.0	uc2.ark+=13960=t7fq9rj2n	/works/OL228478W	oclc	
OL228672W	1	1	Charles Killbuck;	1902	0.66	1.0	mdp.39015065653928	/works/OL228672W	oclc	
OL228699W	1	1	Fifty famous people	1912	0.88	1.0	uc2.ark+=13960=fk5v698m1s	/works/OL228699W	oclc	
OL228713W	4	3	The story of Roland and the peers of Charlemagne	1913	0.8	1.0	uc2.ark+=13960=t51g0k74d|uc1.b4087186|uc2.ark+=13960=t7br8nz8q|uva.x001407443	/works/OL228713W	oclc	
OL228717W	1	1	The story of Siegfried	1888	0.73	1.0	uc2.ark+=13960=t5t728656	/works/OL228717W	oclc	
OL228723W	1	1	Fifty famous stories retold	1896	0.79	1.0	uc2.ark+=13960=t26974971	/works/OL228723W	oclc	
OL228729W	1	1	Whether white or black, a man	1898	0.89	1.0	wu.89098019201	/works/OL228729W	oclc	
OL228739W	1	1	The Wild Rose of the Beaver	1886	0.79	1.0	nyp.33433074878384	/works/OL228739W	oclc	
OL228774W	1	1	Cap'n Titus	1902	0.76	1.0	nyp.33433076043250	/works/OL228774W	oclc	
OL2288155W	1	1	The suttee of Safa ;	1913	0.82	1.0	uc2.ark+=13960=t0ks6md22	/works/OL2288155W	oclc	
OL2288674W	2	1	The quest of the sacred slipper	1914	0.88	0.999	nyp.33433075763957|nyp.33433076057391	/works/OL2288674W	oclc	
OL2288675W	1	1	The hand of Fu-Manchu;	1917	0.89	0.998	nyp.33433076057433	/works/OL2288675W	oclc	
OL2288677W	1	1	The yellow claw	1915	0.89	0.999	njp.32101068574563	/works/OL2288677W	oclc	
OL2288681W	1	1	The golden scorpion	1920	0.83	1.0	uc2.ark+=13960=t0ks6jm2x	/works/OL2288681W	oclc	
OL2288682W	2	1	Tales of Chinatown	1922	0.89	1.0	nyp.33433076073273|uc2.ark+=13960=t53f4mf0c	/works/OL2288682W	oclc	
OL2288683W	1	1	Bat wing	1921	0.89	0.999	nyp.33433076073745	/works/OL2288683W	oclc	
OL2288684W	1	1	The insidious Dr. Fu-Manchu	1913	0.89	1.0	uva.x004887684	/works/OL2288684W	oclc	
OL229032W	1	1	Frescati	1909	0.77	1.0	uva.x001397214	/works/OL229032W	oclc	
OL229428W	1	1	To the end of the trail	1902	0.89	0.998	nyp.33433076054315	/works/OL229428W	oclc	
OL229582W	1	1	Lajla	1888	0.76	1.0	nyp.33433075849418	/works/OL229582W	oclc	
OL229798W	1	1	Heroes of chivalry	1903	0.8	0.999	uc2.ark+=13960=t08w3cn7t	/works/OL229798W	oclc	
OL229809W	1	1	Daughters of darkness in sunny India	1903	0.88	0.999	nyp.33433074852868	/works/OL229809W	oclc	
OL230069W	1	1	Joachim's daughter	1903	0.73	1.0	uc2.ark+=13960=t0zp3xf10	/works/OL230069W	oclc	
OL2303229W	1	1	Short rations	1899	0.88	1.0	njp.32101067644441	/works/OL2303229W	oclc	
OL230497W	1	1	Tuckahoe;	1903	0.87	1.0	uva.x030580506	/works/OL230497W	oclc	
OL230553W	2	1	The ancient landmark	1905	0.84	1.0	nyp.33433076073364|uc2.ark+=13960=t76t0jz1h	/works/OL230553W	oclc	
OL2311651W	1	1	From the land of princes	1904	0.56	1.0	uc2.ark+=13960=t7xk89r6g	/works/OL2311651W	oclc	
OL231303W	1	1	Rescued from fiery death;	1904	0.81	1.0	umn.31951001636527b	/works/OL231303W	oclc	
OL231368W	3	1	A courier of empire;	1904	0.75	1.0	mdp.39015059505183|uc1.b3332864|uc2.ark+=13960=t9m32xb66	/works/OL231368W	oclc	
OL231473W	1	1	Parlous times ;	1900	0.85	1.0	uc2.ark+=13960=t9t14wn4s	/works/OL231473W	oclc	
OL231580W	1	1	Paths crossing	1908	0.81	1.0	nyp.33433076068463	/works/OL231580W	oclc	
OL231795W	1	1	Arnaud's masterpiece;	1897	0.87	1.0	nyp.33433076069974	/works/OL231795W	oclc	
OL2319464W	2	1	Buddhist stories	1913	0.83	1.0	mdp.39015025356752|uc2.ark+=13960=t4wh2h41c	/works/OL2319464W	oclc	
OL2319923W	1	1	The battery and the boiler, or, Adventures in the laying of submarine electric cables	1882	0.89	1.0	uc2.ark+=13960=t0ks6p45r	/works/OL2319923W	oclc	
OL2320411W	1	1	Iosagran	1918	0.8	1.0	mdp.39015014331808	/works/OL2320411W	oclc	
OL232330W	2	1	The Ojibway;	1904	0.87	1.0	mdp.39015010938184|uc2.ark+=13960=t16m3439m	/works/OL232330W	oclc	
OL232332W	3	1	The wolverine;	1904	0.88	1.0	mdp.39015006960614|uc1.b3324336|uc2.ark+=13960=t3125s10g	/works/OL232332W	oclc	
OL232357W	1	1	Ande Trembath	1905	0.79	1.0	uc2.ark+=13960=t8w953c07	/works/OL232357W	oclc	
OL232372W	1	1	La Gran Quibira	1904	0.69	1.0	uc2.ark+=13960=t3rv0dz8f	/works/OL232372W	oclc	
OL232373W	3	1	Fata Morgana;	1904	0.89	1.0	mdp.39015063524881|nyp.33433075820328|uc2.ark+=13960=t0pr7nx25	/works/OL232373W	oclc	
OL232411W	1	1	Hope Hathaway	1904	0.89	1.0	uc2.ark+=13960=t55d8s45m	/works/OL232411W	oclc	
OL232412W	2	1	Marjie of the lower ranch	1903	0.83	1.0	nyp.33433076060320|uc2.ark+=13960=t9g44jc8x	/works/OL232412W	oclc	
OL232591W	1	1	The buccaneers	1904	0.83	1.0	njp.32101063580664	/works/OL232591W	oclc	
OL232691W	3	1	Henry Ashton	1903	0.55	1.0	dul1.ark+=13960=t8jd5j41w|mdp.39015073389341|uc2.ark+=13960=fk6930p76c	/works/OL232691W	oclc	
OL232764W	3	1	A tale of the kloster	1904	0.73	1.0	njp.32101063607012|nyp.33433044726374|pst.000002036519	/works/OL232764W	oclc	
OL233135W	2	1	Stories of old Oregon	1905	0.68	1.0	uc2.ark+=13960=t11n7zn91|yale.39002006516604	/works/OL233135W	oclc	
OL233399W	1	1	The De Wiltons of Virginia	1904	0.73	1.0	nyp.33433075821458	/works/OL233399W	oclc	
OL233522W	1	1	Wallannah	1902	0.88	1.0	nc01.ark+=13960=t44q7x57t	/works/OL233522W	oclc	
OL2337099W	1	1	The tenting of the Tillicums;	1906	0.82	1.0	uva.x030802635	/works/OL2337099W	oclc	
OL233718W	2	1	Prisoners of fortune	1907	0.78	1.0	nnc1.1002202824|uc2.ark+=13960=t9m32p48k	/works/OL233718W	oclc	
OL2337409W	2	1	The light on the hill;	1915	0.86	0.999	nyp.33433076069438|uc2.ark+=13960=t8tb10s9x	/works/OL2337409W	oclc	
OL2337459W	1	1	The mystery of Witch-Face Mountain, and other stories	1895	0.89	0.999	uc2.ark+=13960=t7vm43q4s	/works/OL2337459W	oclc	
OL2337460W	3	1	The ordeal;	1912	0.88	1.0	mdp.39015063941309|nyp.33433074911011|uc2.ark+=13960=t3fx7520k	/works/OL2337460W	oclc	
OL2337463W	2	1	The raid of the guerilla	1912	0.89	1.0	mdp.39015063941283|uc2.ark+=13960=t6zw1b17f	/works/OL2337463W	oclc	
OL2337464W	3	1	The storm centre;	1905	0.89	1.0	mdp.39015063941267|nyp.33433074911003|uc2.ark+=13960=t9x05zv3s	/works/OL2337464W	oclc	
OL2337469W	3	1	The despot of Broomsedge Cove	1889	0.89	1.0	mdp.39015062210292|uc1.b3325437|uc1.b798874	/works/OL2337469W	oclc	
OL2337470W	2	1	His vanished star	1894	0.9	1.0	mdp.39015063941325|uc2.ark+=13960=t3rv0dd0d	/works/OL2337470W	oclc	
OL2337473W	3	1	The story of Duciehurst;	1914	0.89	1.0	mdp.39015063941101|nyp.33433074911243|uc2.ark+=13960=t2h70918f	/works/OL2337473W	oclc	
OL2337474W	4	2	The story of old Fort Loudon	1906	0.9	1.0	uc2.ark+=13960=t1gh9c38r|mdp.39015063941119|nyp.33433076060890|uc2.ark+=13960=t89g5v01b	/works/OL2337474W	oclc	
OL2337477W	3	1	"In the ""Stranger people's"" country;"	1891	0.9	1.0	mdp.39015030152030|uc1.b4104041|uc2.ark+=13960=t06w96h7m	/works/OL2337477W	oclc	
OL2337479W	2	2	In the Tennessee mountains;	1885	0.82	1.0	uva.x002015843|uc2.ark+=13960=t1cj87w4h	/works/OL2337479W	oclc	
OL2337480W	3	2	Down the ravine	1889	0.89	1.0	nyp.33433076060510|uc2.ark+=13960=t3zs2kr8r|mdp.39015063941341	/works/OL2337480W	oclc	
OL2337481W	3	1	The frontiersmen	1904	0.84	1.0	mdp.39015030915485|uc1.32106002077920|uc2.ark+=13960=t5q816066	/works/OL2337481W	oclc	
OL2337701W	5	2	With edged tools	1894	0.89	1.0	uiuo.ark+=13960=t4xh0848d|uiuo.ark+=13960=t6640d648|uiuo.ark+=13960=t8v98sv32|uc1.$b400497|uc2.ark+=13960=t1gh9fm3w	/works/OL2337701W	oclc	
OL2338127W	1	1	A broken sword	1905	0.85	1.0	uc2.ark+=13960=t8df6m308	/works/OL2338127W	oclc	
OL2338132W	2	1	Comrades in arms;	1904	0.89	1.0	mdp.39015063930286|uc2.ark+=13960=t3hx1634q	/works/OL2338132W	oclc	
OL2338139W	2	1	Norman Holt;	1901	0.88	1.0	mdp.39015063930385|uc2.ark+=13960=t8nc5tt08	/works/OL2338139W	oclc	
OL2338142W	2	1	Tonio	1906	0.89	1.0	uc1.b3326471|uc2.ark+=13960=t6b27r26s	/works/OL2338142W	oclc	
OL2338146W	4	2	Captain Dreams	1895	0.87	1.0	nc01.ark+=13960=t1wd4nr8c|nyp.33433082294541|uc2.ark+=13960=t89g5h36z|uc1.b3327574	/works/OL2338146W	oclc	
OL2338148W	3	1	A conquering corps badge	1902	0.87	1.0	nyp.33433074876610|uc1.b3324445|uc2.ark+=13960=t9571hg60	/works/OL2338148W	oclc	
OL2338150W	4	1	The general's double;	1898	0.9	1.0	mdp.39015063930328|nc01.ark+=13960=t2c83384d|nyp.33433076094899|uc1.b4102409	/works/OL2338150W	oclc	
OL2338151W	1	1	"""Laramie"";"	1889	0.88	1.0	nyp.33433076067119	/works/OL2338151W	oclc	
OL2338153W	3	1	Ray's daughter;	1901	0.9	1.0	mdp.39015030754439|uc1.b3326466|uc2.ark+=13960=t6nz82077	/works/OL2338153W	oclc	
OL2338154W	1	1	Starlight ranch, and other stories of army life on the frontier	1890	0.76	1.0	njp.32101063581811	/works/OL2338154W	oclc	
OL2338156W	3	1	A trooper Galahad	1899	0.88	1.0	njp.32101063581829|nyp.33433076067002|uc1.b3327065	/works/OL2338156W	oclc	
OL2338158W	1	1	A war-time wooing;	1900	0.88	1.0	mdp.39015049860219	/works/OL2338158W	oclc	
OL2338159W	2	1	A wounded name	1898	0.9	1.0	nyp.33433074876644|nyp.33433076066962	/works/OL2338159W	oclc	
OL233815W	1	1	Under Brazillian skies	1908	0.71	1.0	nc01.ark+=13960=t15m67d1v	/works/OL233815W	oclc	
OL2338160W	3	1	An Apache princess	1903	0.89	1.0	mdp.39015059422975|uc1.b3579115|uc2.ark+=13960=fk6154f28h	/works/OL2338160W	oclc	
OL2338161W	1	1	Between the lines;	1899	0.69	1.0	uc1.b4102407	/works/OL2338161W	oclc	
OL2338163W	3	1	A daughter of the Sioux;	1903	0.89	1.0	mdp.39015064439196|uc1.b3324446|uc2.ark+=13960=t9z030r2x	/works/OL2338163W	oclc	
OL2338164W	1	1	Foes in ambush	1892	0.89	1.0	uc2.ark+=13960=t0rr1r60c	/works/OL2338164W	oclc	
OL2338165W	3	2	Found in the Philippines;	1899	0.89	1.0	njp.32101063581779|uc1.b3324216|uc2.ark+=13960=t5db7wz66	/works/OL2338165W	oclc	
OL2338166W	3	1	From school to battlefield	1899	0.89	1.0	nc01.ark+=13960=t6m04x124|nyp.33433082347380|uc1.b3331918	/works/OL2338166W	oclc	
OL2338168W	3	1	The iron brigade;	1902	0.79	1.0	mdp.39015063930344|nyp.33433074967021|uc2.ark+=13960=t6pz52w8j	/works/OL2338168W	oclc	
OL2338170W	3	1	The rock of Chickamauga	1907	0.78	1.0	njp.32101063581795|uc1.b3326467|uc2.ark+=13960=t14m91v11	/works/OL2338170W	oclc	
OL2338174W	2	2	Warrior Gap	1897	0.89	1.0	njp.32101063581852|mdp.39015058673396	/works/OL2338174W	oclc	
OL2338175W	2	1	Cadet days;	1894	0.89	1.0	mdp.39015038689306|uc1.b3327577	/works/OL2338175W	oclc	
OL2338177W	4	2	Captain Blake	1891	0.9	1.0	njp.32101063581746|uc1.b3324419|mdp.39015063930260|uc2.ark+=13960=t2k649z4d	/works/OL2338177W	oclc	
OL2338178W	2	2	Kitty's conquest	1884	0.89	1.0	nc01.ark+=13960=t0wq0rv7s|uc1.b3324420	/works/OL2338178W	oclc	
OL2338183W	1	1	Marion's faith	1887	0.73	1.0	uc2.ark+=13960=t7cr5p078	/works/OL2338183W	oclc	
OL2338184W	2	1	An army wife	1896	0.89	1.0	mdp.39015063930229|uc2.ark+=13960=t9g44jh0v	/works/OL2338184W	oclc	
OL2338290W	1	1	Cleared for action, a story of the Spanish-American war of 1898;	1899	0.88	1.0	nyp.33433082171095	/works/OL2338290W	oclc	
OL2338300W	1	1	The north Pacific	1905	0.67	0.999	uc2.ark+=13960=t1vd6r264	/works/OL2338300W	oclc	
OL2338304W	1	1	Kelp	1888	0.89	0.999	nyp.33433082171079	/works/OL2338304W	oclc	
OL2338312W	3	2	In old New York;	1900	0.9	1.0	uc2.ark+=13960=t11n7zv5s|uc1.b248458|uc2.ark+=13960=t4fn13f98	/works/OL2338312W	oclc	
OL2338313W	2	2	The sign of the cross	1897	0.89	1.0	nyp.33433074936901|uc2.ark+=13960=t7sn02r03	/works/OL2338313W	oclc	
OL2338342W	1	1	The voyage of the Arrow	1906	0.87	1.0	nyp.33433076083678	/works/OL2338342W	oclc	
OL2338343W	1	1	The chief mate's yarns	1912	0.9	1.0	nyp.33433076083686	/works/OL2338343W	oclc	
OL2338344W	1	1	The cruise of the Petrel	1906	0.87	0.999	uva.x030800692	/works/OL2338344W	oclc	
OL2338345W	1	1	The wreck of the Conemaugh	1900	0.89	1.0	nyp.33433076083694	/works/OL2338345W	oclc	
OL2338348W	1	1	Richard Judkins' wooing;	1898	0.83	1.0	uc2.ark+=13960=t7vm4509m	/works/OL2338348W	oclc	
OL2338350W	1	1	The wind-jammers	1903	0.88	1.0	nyp.33433076083660	/works/OL2338350W	oclc	
OL2338351W	3	1	The black barque;	1905	0.89	1.0	uc1.b3322586|uc2.ark+=13960=t07w68377|uva.x001201243	/works/OL2338351W	oclc	
OL2338416W	2	1	The conscript mother	1916	0.87	1.0	nyp.33433076082308|uc2.ark+=13960=t4bn9xj7p	/works/OL2338416W	oclc	
OL2338420W	2	1	Love's dilemmas	1898	0.81	1.0	mdp.39015022213311|nyp.33433076080336	/works/OL2338420W	oclc	
OL2338427W	4	1	The memoirs of an American citizen	1905	0.84	1.0	mdp.39015010564444|nyp.33433076082357|uc1.b4104015|uc2.ark+=13960=t6b27rc5b	/works/OL2338427W	oclc	
OL2338429W	4	2	The common lot	1904	0.89	1.0	wu.89073539553|mdp.39015063942760|nyp.33433076082316|uc2.ark+=13960=t0zp3w41j	/works/OL2338429W	oclc	
OL2338492W	1	1	Bat;	1912	0.89	1.0	nyp.33433076051568	/works/OL2338492W	oclc	
OL2338493W	1	1	Broadway Jones from the play of George M. Cohan	1913	0.84	1.0	nyp.33433076051576	/works/OL2338493W	oclc	
OL2338501W	2	1	Lizette;	1902	0.88	1.0	nyp.33433076051592|uc2.ark+=13960=t76t0hn4h	/works/OL2338501W	oclc	
OL2338637W	1	1	The admiral's caravan	1909	0.8	0.997	uc2.ark+=13960=t1pg1jp9d	/works/OL2338637W	oclc	
OL2338639W	1	1	The River syndicate and other stories	1899	0.89	1.0	njp.32101065102566	/works/OL2338639W	oclc	
OL2338662W	1	1	The Mormon prophet	1899	0.82	1.0	njp.32101068176641	/works/OL2338662W	oclc	
OL2338680W	1	1	A maid of Japan	1905	0.88	0.999	nyp.33433076091242	/works/OL2338680W	oclc	
OL2338740W	1	1	The binding of the strong;	1908	0.88	1.0	uc2.ark+=13960=t6ww77c3d	/works/OL2338740W	oclc	
OL2338747W	1	1	A lily of France	1901	0.89	0.999	uc2.ark+=13960=t6zw1993p	/works/OL2338747W	oclc	
OL2338749W	1	1	The quiet king;	1896	0.89	0.999	nyp.33433076052491	/works/OL2338749W	oclc	
OL2338806W	1	1	Mifanwy	1897	0.89	1.0	njp.32101065702886	/works/OL2338806W	oclc	
OL233880W	1	1	The romance of gentle Will	1905	0.89	1.0	uc2.ark+=13960=t0ks6k21p	/works/OL233880W	oclc	
OL2338847W	1	1	The battle months of George Daurella	1916	0.9	1.0	nyp.33433074810288	/works/OL2338847W	oclc	
OL2338871W	1	1	Hugh Gwyeth;	1899	0.9	1.0	uc2.ark+=13960=t6639mx28	/works/OL2338871W	oclc	
OL2338874W	1	1	Soldier Rigdale;	1899	0.89	1.0	uc2.ark+=13960=t7dr2pt76	/works/OL2338874W	oclc	
OL2338922W	1	1	Painted veils	1920	0.79	1.0	uc2.ark+=13960=t50g3hb57	/works/OL2338922W	oclc	
OL2338924W	4	2	Melomaniacs	1902	0.88	1.0	mdp.39015059413636|nyp.33433074816053|nyp.33433082181870|uc2.ark+=13960=t25b00p85	/works/OL2338924W	oclc	
OL2338961W	1	1	Claudia Hyde	1894	0.89	0.999	nyp.33433074833538	/works/OL2338961W	oclc	
OL2338965W	2	1	A Georgian bungalow	1900	0.86	1.0	nyp.33433074800750|uc2.ark+=13960=t5v698s9c	/works/OL2338965W	oclc	
OL2339023W	3	1	The gray man	1896	0.84	1.0	njp.32101063606667|uc2.ark+=13960=t5q819804|uva.x001586422	/works/OL2339023W	oclc	
OL2339032W	1	1	Maid Margaret of Galloway	1905	0.88	0.999	nyp.33433074947478	/works/OL2339032W	oclc	
OL2339045W	1	1	The cherry ribband;	1905	0.86	0.999	uc2.ark+=13960=t9k35s14c	/works/OL2339045W	oclc	
OL2339052W	1	1	May Margaret	1905	0.82	1.0	uc2.ark+=13960=t3mw2dn3v	/works/OL2339052W	oclc	
OL2339064W	1	1	The white plume	1906	0.89	0.999	uc2.ark+=13960=t6154gm0v	/works/OL2339064W	oclc	
OL2339065W	1	1	The adventurer in Spain	1904	0.82	1.0	njp.32101063606600	/works/OL2339065W	oclc	
OL2339067W	3	2	The firebrand	1901	0.9	1.0	nyp.33433074949730|uc2.ark+=13960=t6vx0dt45|uva.x001606706	/works/OL2339067W	oclc	
OL2339069W	3	2	Joan of the sword hand	1900	0.9	1.0	uc2.ark+=13960=t5t72cs52|mdp.39015063548849|nyp.33433074949714	/works/OL2339069W	oclc	
OL2339071W	3	2	The men of the mountain	1909	0.89	1.0	njp.32101063606709|nyp.33433074949847|uc2.ark+=13960=t9765g856	/works/OL2339071W	oclc	
OL2339074W	5	2	The standard bearer	1898	0.88	1.0	nyp.33433074949904|uc2.ark+=13960=t2q52kh41|mdp.39015063547353|nyp.33433074947494|uc2.ark+=13960=t4wh2jp2f	/works/OL2339074W	oclc	
OL2339076W	1	1	The white plumes of Navarre	1906	0.89	1.0	uc2.ark+=13960=t3ws8ns38	/works/OL2339076W	oclc	
OL2339083W	1	1	Patsy	1913	0.81	1.0	uc2.ark+=13960=t8kd1w448	/works/OL2339083W	oclc	
OL2339089W	5	3	The men of the moss-hags;	1905	0.89	1.0	nyp.33433074949839|mdp.39015063548765|uc2.ark+=13960=t7br8vh9v|nyp.33433074947452|uc2.ark+=13960=t24b32c1d	/works/OL2339089W	oclc	
OL2339092W	3	2	Strong Mac	1904	0.82	1.0	uc2.ark+=13960=t7dr2ts20|nyp.33433074941083|uc2.ark+=13960=t3mw2c15b	/works/OL2339092W	oclc	
OL2339229W	1	1	Modern short stories	1921	0.75	0.999	uc2.ark+=13960=t82j6d90d	/works/OL2339229W	oclc	
OL2339367W	3	1	Christmas roses	1920	0.89	1.0	mdp.39015063959939|uc2.ark+=13960=t18k75x26|uva.x000536066	/works/OL2339367W	oclc	
OL2339721W	2	1	East and West;	1892	0.89	1.0	mdp.39015063548633|uc1.b249243	/works/OL2339721W	oclc	
OL2339726W	3	1	The new Harry and Lucy	1892	0.89	1.0	njp.32101067633766|uc2.ark+=13960=t3xs5jw3j|uc2.ark+=13960=t84j0bp58	/works/OL2339726W	oclc	
OL233973W	1	1	Where copper was king	1905	0.86	1.0	nyp.33433074806369	/works/OL233973W	oclc	
OL2339939W	2	1	The child of Urbino, and Moufflou	1900	0.86	1.0	uc1.b248712|uc2.ark+=13960=t6nz83h2z	/works/OL2339939W	oclc	
OL233996W	1	1	Mrs. Alderman Casey	1905	0.74	1.0	uc2.ark+=13960=t53f4m25v	/works/OL233996W	oclc	
OL2340033W	5	2	Moths	1881	0.9	1.0	mdp.39015053654946|uc2.ark+=13960=t06w98v9w|uiuo.ark+=13960=t15m6pq8n|uiuo.ark+=13960=t58d0cw6w|uiuo.ark+=13960=t77s85r4q	/works/OL2340033W	oclc	
OL2340056W	1	1	Castle Foam;	1880	0.88	1.0	uc2.ark+=13960=t17m0567k	/works/OL2340056W	oclc	
OL2340060W	4	1	The lance of Kanana;	1916	0.8	1.0	mdp.39015065525407|mdp.39015066904973|uc1.b4089033|uc2.ark+=13960=t6639m241	/works/OL2340060W	oclc	
OL2340064W	1	1	1791: a tale of San Domingo	1890	0.89	1.0	mdp.39015029465518	/works/OL2340064W	oclc	
OL2340068W	1	1	Uncle Sam and the Negro in 1920	1906	0.71	1.0	njp.32101066459114	/works/OL2340068W	oclc	
OL2340078W	1	1	A girl of grit;	1899	0.89	0.999	nyp.33433074859830	/works/OL2340078W	oclc	
OL2340165W	1	1	Moscow;	1905	0.86	1.0	uc2.ark+=13960=t6ww7977c	/works/OL2340165W	oclc	
OL2340174W	1	1	The adventures of a freshman	1899	0.88	0.999	uc1.b245213	/works/OL2340174W	oclc	
OL2340177W	1	1	The stolen story	1899	0.8	1.0	uc2.ark+=13960=t2n58f49h	/works/OL2340177W	oclc	
OL2340180W	1	1	The girl and the game	1908	0.85	1.0	nyp.33433076058324	/works/OL2340180W	oclc	
OL2340182W	1	1	Princeton stories	1895	0.88	1.0	uc1.b245214	/works/OL2340182W	oclc	
OL2340241W	4	2	A selection from the world's greatest short stories	1918	0.81	1.0	uc1.$b395661|uc2.ark+=13960=t59c6wc73|nyp.33433082504196|uc2.ark+=13960=t7dr31881	/works/OL2340241W	oclc	
OL2340258W	1	1	On the knees of the gods	1908	0.89	0.999	uc2.ark+=13960=t53f4ng7m	/works/OL2340258W	oclc	
OL2340320W	1	1	On the edge of the empire	1899	0.89	1.0	nyp.33433074865449	/works/OL2340320W	oclc	
OL2340328W	2	1	The terrible twins	1913	0.83	1.0	nyp.33433074865050|uc2.ark+=13960=t9x060f74	/works/OL2340328W	oclc	
OL2340335W	2	1	The intellectual Miss Lamb	1906	0.8	0.999	nyp.33433076067077|uc2.ark+=13960=t2697c555	/works/OL2340335W	oclc	
OL2340352W	2	1	The star of love	1909	0.85	1.0	mdp.39015063513983|uc2.ark+=13960=t1vd6pb00	/works/OL2340352W	oclc	
OL2340353W	2	1	Stephen	1896	0.89	1.0	uc2.ark+=13960=t0tq5sz1x|uva.x030796292	/works/OL2340353W	oclc	
OL2340358W	2	1	The singular Miss Smith	1904	0.89	1.0	nyp.33433075849574|uc2.ark+=13960=t7fq9qp6z	/works/OL2340358W	oclc	
OL2340360W	1	1	Titus, a comrade of the cross	1895	0.88	1.0	wu.89097993836	/works/OL2340360W	oclc	
OL2340361W	3	1	Paul, a herald of the cross	1897	0.89	1.0	uc2.ark+=13960=t3nv99n6p|wu.89100336163|yale.39002051303908	/works/OL2340361W	oclc	
OL2340363W	2	1	The transfiguration of Miss Philura	1901	0.69	1.0	mdp.39015063513991|uc2.ark+=13960=t3029302x	/works/OL2340363W	oclc	
OL2340471W	2	1	The court of love	1906	0.81	1.0	uc1.b3321928|uc2.ark+=13960=t05x2dk8v	/works/OL2340471W	oclc	
OL2340478W	2	1	Margaret Warrener	1901	0.9	1.0	mdp.39015063525086|uc1.b3322050	/works/OL2340478W	oclc	
OL2340482W	2	1	The one-footed fairy	1911	0.85	1.0	uc1.b3331818|uc2.ark+=13960=t0xp73g3p	/works/OL2340482W	oclc	
OL2340489W	2	1	The black drop	1919	0.9	1.0	mdp.39015063543774|uc2.ark+=13960=t01z41v4t	/works/OL2340489W	oclc	
OL2340493W	3	1	The Mannerings	1903	0.89	1.0	mdp.39015063525078|uc1.b3321930|uc2.ark+=13960=t4wh2fk4t	/works/OL2340493W	oclc	
OL2340499W	1	1	High noon	1904	0.84	1.0	uc2.ark+=13960=t91835m2k	/works/OL2340499W	oclc	
OL2340503W	2	1	Vanishing points	1913	0.89	1.0	njp.32101066120898|uc2.ark+=13960=t5bc3wq0c	/works/OL2340503W	oclc	
OL2340505W	1	1	Tiverton tales	1899	0.83	1.0	nyp.33433081936456	/works/OL2340505W	oclc	
OL2340506W	5	2	Meadow-grass;	1895	0.89	1.0	nyp.33433074807961|uc2.ark+=13960=t9b56dt03|mdp.39015062689347|uc1.b249587|uc2.ark+=13960=t9959g93g	/works/OL2340506W	oclc	
OL2340530W	3	1	Mooswa	1900	0.83	1.0	nyp.33433074854658|uc1.b249880|uc2.ark+=13960=t8w952167	/works/OL2340530W	oclc	
OL2340538W	2	1	The outcasts	1901	0.81	1.0	nyp.33433082303193|uc2.ark+=13960=fk18k74x7p	/works/OL2340538W	oclc	
OL2340540W	1	1	Brave hearts	1904	0.88	1.0	nyp.33433074854666	/works/OL2340540W	oclc	
OL2340541W	2	1	Red Meekins	1921	0.89	1.0	nyp.33433074854740|uc2.ark+=13960=t8v981t7f	/works/OL2340541W	oclc	
OL2340544W	3	2	The Saʺ-zada tales	1905	0.79	1.0	pst.000006670603|inu.39000005710376|nyp.33433074853866	/works/OL2340544W	oclc	
OL2340712W	1	1	Mrs. Tregaskiss;	1895	0.89	1.0	uc2.ark+=13960=t77s7js7s	/works/OL2340712W	oclc	
OL2340876W	3	1	The elder's people	1920	0.89	1.0	mdp.39015034751894|uc1.b3326457|uc2.ark+=13960=t7qn67525	/works/OL2340876W	oclc	
OL2340902W	1	1	A scarlet poppy	1894	0.89	1.0	mdp.39015039252070	/works/OL2340902W	oclc	
OL234108W	2	1	Leaves from an Argonaut's note book	1905	0.88	1.0	nyp.33433074866074|uc2.ark+=13960=t9q23s71r	/works/OL234108W	oclc	
OL2341215W	1	1	Madame de Maurescamp	1889	0.89	1.0	nyp.33433075818249	/works/OL2341215W	oclc	
OL2341349W	2	1	The pedagogues;	1899	0.83	1.0	mdp.39015000546237|nyp.33433076048937	/works/OL2341349W	oclc	
OL2341355W	1	1	The son decides	1918	0.84	0.999	nyp.33433082485677	/works/OL2341355W	oclc	
OL2341361W	1	1	Harding of St. Timothy's	1906	0.88	1.0	uc2.ark+=13960=t54f1ph5p	/works/OL2341361W	oclc	
OL2341388W	2	1	The best American tales	1907	0.75	1.0	mdp.39015059901689|uc2.ark+=13960=t1bk17q16	/works/OL2341388W	oclc	
OL2341412W	1	1	Vengeance of the female	1899	0.88	0.998	nyp.33433076061690	/works/OL2341412W	oclc	
OL2341566W	1	1	Facing the world; or, The haps and mishaps of Harry Vane	1890	0.89	1.0	uc2.ark+=13960=t1dj5992x	/works/OL2341566W	oclc	
OL2341612W	1	1	The young musician	1906	0.89	0.999	njp.32101067626760	/works/OL2341612W	oclc	
OL2341645W	2	1	The store boy; or, The fortunes of Ben Barclay	1910	0.84	1.0	uc1.b3477059|uc2.ark+=13960=t00000h4f	/works/OL2341645W	oclc	
OL2341685W	2	2	The Erie train boy	1900	0.88	1.0	njp.32101067626141|nyp.33433082526041	/works/OL2341685W	oclc	
OL2341701W	1	1	Adrift in New York, or, Tom and Florence braving the world	1904	0.89	1.0	mdp.39015082174213	/works/OL2341701W	oclc	
OL2341703W	1	1	In a new world	1893	0.89	0.997	uc2.ark+=13960=t6445jr3w	/works/OL2341703W	oclc	
OL2341709W	1	1	Struggling upward, or, Luke Larkin's luck	1890	0.89	1.0	nyp.33433082526223	/works/OL2341709W	oclc	
OL2341751W	3	1	The dwelling-place of light	1917	0.9	1.0	mdp.39015004288331|nyp.33433074812243|uc2.ark+=13960=t58c9sd55	/works/OL2341751W	oclc	
OL2341756W	7	2	A far country	1915	0.9	1.0	mdp.39015004288158|mdp.39015031222311|mdp.39015053128313|nyp.33433074812235|uc2.ark+=13960=t6sx65k77|uc1.31158006981723|uc2.ark+=13960=t7wm14d88	/works/OL2341756W	oclc	
OL2341792W	5	3	Richard Carvel	1907	0.89	1.0	uc2.ark+=13960=t0ks6j83x|mdp.39015004288471|uc1.b3962029|uc2.ark+=13960=t0ht2gj4c|mdp.49015000509472	/works/OL2341792W	oclc	
OL2341841W	2	1	Mr. Keegan's elopement	1903	0.81	1.0	mdp.39015008098173|nyp.33433074812151	/works/OL2341841W	oclc	
OL2341850W	5	2	The crossing	1903	0.9	1.0	uc2.ark+=13960=fk0000004w|mdp.39015050822843|nyp.33433074812292|nyp.33433074812383|uc2.ark+=13960=t7wm14d0d	/works/OL2341850W	oclc	
OL2341851W	4	2	Mr. Crewe's career	1908	0.89	1.0	mdp.39015004288364|uc1.$b400504|uc2.ark+=13960=t6xw49546|nyp.33433074812219	/works/OL2341851W	oclc	
OL2341852W	3	3	Coniston	1906	0.89	1.0	uc2.ark+=13960=t72v2cw1d|mdp.39015004288067|uc2.ark+=13960=t19k4613m	/works/OL2341852W	oclc	
OL2341853W	3	3	The celebrity	1905	0.88	1.0	uc2.ark+=13960=t49p2xc0f|uc2.ark+=13960=t0ht2gh7c|wu.89004913216	/works/OL2341853W	oclc	
OL2341858W	3	3	The crisis	1905	0.89	1.0	pst.000028367130|mdp.39015031222345|uc2.ark+=13960=t5m904803	/works/OL2341858W	oclc	
OL2341886W	3	1	Would Christ belong to a labor union?	1900	0.85	1.0	dul1.ark+=13960=t1tf0gt6f|nnc1.cr59993138|uc2.ark+=13960=t07w67z14	/works/OL2341886W	oclc	
OL2341904W	2	1	Windy Creek	1899	0.89	1.0	uc1.b312651|uc2.ark+=13960=t85h7h49q	/works/OL2341904W	oclc	
OL2341977W	2	1	A man-at-arms;	1898	0.89	1.0	nyp.33433076044233|uc2.ark+=13960=t57d2rz78	/works/OL2341977W	oclc	
OL2341979W	2	1	The Son of a Tory	1901	0.88	1.0	mdp.39015035891491|uc2.ark+=13960=t1qf8jt2f	/works/OL2341979W	oclc	
OL2342006W	2	1	White butterflies	1900	0.88	1.0	nyp.33433074843073|uc2.ark+=13960=t5gb1zz0g	/works/OL2342006W	oclc	
OL2342046W	2	1	The natural man;	1902	0.64	1.0	dul1.ark+=13960=t71v6834h|uc2.ark+=13960=t8x92303x	/works/OL2342046W	oclc	
OL2342115W	1	1	How to cook husbands	1898	0.89	1.0	uc2.ark+=13960=t4kk95k5j	/works/OL2342115W	oclc	
OL2342139W	1	1	A Puritan wooing;	1898	0.89	1.0	nyp.33433074812110	/works/OL2342139W	oclc	
OL2342140W	1	1	An unknown patriot	1899	0.89	1.0	nc01.ark+=13960=t1td9tj5k	/works/OL2342140W	oclc	
OL2342143W	2	1	Friend or foe;	1900	0.82	1.0	uc1.b248937|uc2.ark+=13960=t85h7ft10	/works/OL2342143W	oclc	
OL2342174W	3	1	Free to serve	1897	0.9	1.0	mdp.39015063949781|nyp.33433076049869|uc2.ark+=13960=t6ww7cm0r	/works/OL2342174W	oclc	
OL2342175W	2	1	In castle and colony	1899	0.9	1.0	mdp.39015063949799|uc2.ark+=13960=t16m33q8s	/works/OL2342175W	oclc	
OL2342176W	1	1	Visiting the sin;	1900	0.9	1.0	uc1.b3727250	/works/OL2342176W	oclc	
OL2342195W	1	1	A continental cavalier;	1899	0.86	0.999	nyp.33433076044399	/works/OL2342195W	oclc	
OL2342240W	2	1	The sixth sense	1899	0.89	1.0	nyp.33433076063837|uc2.ark+=13960=t9w08x87h	/works/OL2342240W	oclc	
OL2342243W	2	1	Jimty, and others	1898	0.89	1.0	nyp.33433076063860|uc2.ark+=13960=t1sf2mk10	/works/OL2342243W	oclc	
OL2342687W	3	1	The black Homer of Jimtown	1900	0.72	0.993	nc01.ark+=13960=t8z89vr1j|uc1.b798879|uc2.ark+=13960=t78s4kd1j	/works/OL2342687W	oclc	
OL2342729W	1	1	"""Bobbie"""	1899	0.88	1.0	nc01.ark+=13960=t8sb4vr7p	/works/OL2342729W	oclc	
OL2342909W	3	1	The adventures of Mabel	1916	0.88	1.0	mdp.39015067085210|uc1.b3331855|uc2.ark+=13960=t84j0kx0w	/works/OL2342909W	oclc	
OL2342928W	2	1	Among the night people	1902	0.82	0.999	mdp.39076002573900|uc2.ark+=13960=t6k06z557	/works/OL2342928W	oclc	
OL2342931W	3	2	Among the meadow people	1897	0.8	1.0	uc1.b263055|uc2.ark+=13960=t6c24tm5g|uc2.ark+=13960=t52f7kw2k	/works/OL2342931W	oclc	
OL2343091W	1	1	In Piccadilly	1903	0.8	1.0	nyp.33433075749725	/works/OL2343091W	oclc	
OL2343160W	1	1	Scouting for Sheridan	1918	0.88	1.0	nyp.33433082532221	/works/OL2343160W	oclc	
OL2343161W	2	1	The scout of Pea Ridge	1911	0.87	1.0	uc1.b3331835|uc2.ark+=13960=t4vh5n65p	/works/OL2343161W	oclc	
OL2343164W	1	1	Battling for Atlanta	1917	0.79	1.0	nyp.33433082531967	/works/OL2343164W	oclc	
OL2343165W	4	2	On General Thomas's staff	1907	0.89	1.0	uc1.b3324441|uc2.ark+=13960=t3gx45z2c|nc01.ark+=13960=t1gj08q6j|njp.32101064789306	/works/OL2343165W	oclc	
OL2343166W	1	1	Raiding with Morgan	1903	0.75	0.998	nnc1.1002185504	/works/OL2343166W	oclc	
OL2343167W	1	1	From Atlanta to the sea	1901	0.75	1.0	njp.32101064789314	/works/OL2343167W	oclc	
OL2343229W	1	1	Under the cactus flag;	1899	0.88	0.995	nyp.33433076025844	/works/OL2343229W	oclc	
OL2343271W	1	1	A bride of Japan	1898	0.88	1.0	mdp.39015063546298	/works/OL2343271W	oclc	
OL2343305W	3	3	Crittenden;	1920	0.89	1.0	mdp.39015043589087|uc2.ark+=13960=t1qf8kg88|uc2.ark+=13960=t90866234	/works/OL2343305W	oclc	
OL2343306W	2	2	Hell fer sartain	1897	0.88	0.998	uc1.b300288|mdp.39015043589061	/works/OL2343306W	oclc	
OL2343314W	8	5	A Cumberland vendetta;	1904	0.89	1.0	nyp.33433075741235|nyp.33433076091184|uc2.ark+=13960=t4kk94v47|mdp.39015003676577|uc2.ark+=13960=t9d50hs5n|uc1.b242875|njp.32101063691024|uc2.ark+=13960=t4xg9h46d	/works/OL2343314W	oclc	
OL2343316W	3	2	A knight of the Cumberland	1906	0.86	1.0	mdp.39015063549045|nyp.33433076091192|uc2.ark+=13960=t0dv1dj71	/works/OL2343316W	oclc	
OL2343318W	4	2	Erskine Dale, pioneer	1920	0.89	1.0	uc2.ark+=13960=t2k64fz7h|mdp.39015063549185|nyp.33433074787981|uc2.ark+=13960=t0qr4ph0d	/works/OL2343318W	oclc	
OL2343319W	3	1	The trail of the lonesome pine	1908	0.89	1.0	mdp.39015011402230|nyp.33433076091234|uc2.ark+=13960=t0ms3k90h	/works/OL2343319W	oclc	
OL2343320W	3	1	Christmas eve on Lonesome	1904	0.84	1.0	njp.32101063691057|nyp.33433075740773|uc2.ark+=13960=t9765b950	/works/OL2343320W	oclc	
OL2343322W	2	1	The heart of the hills	1913	0.9	1.0	mdp.39015063549037|uc2.ark+=13960=t03x84h4c	/works/OL2343322W	oclc	
OL2343324W	6	5	The Kentuckians;	1913	0.89	1.0	mdp.39015003676569|mdp.39015063549359|njp.32101063691032|uc2.ark+=13960=t5q81578w|nyp.33433076091218|uc2.ark+=13960=t5j961h6j	/works/OL2343324W	oclc	
OL2343325W	3	2	The little shepherd of Kingdom Come	1903	0.89	1.0	mdp.39015004288414|uc2.ark+=13960=t2794111g|uva.x030741963	/works/OL2343325W	oclc	
OL2343405W	2	1	Jack among the Indians, or, A boy's summer on the buffalo plains	1900	0.89	1.0	uc1.b3332191|uc2.ark+=13960=t4dn47k1p	/works/OL2343405W	oclc	
OL2343410W	2	1	The punishment of the stingy	1901	0.88	1.0	mdp.39015003932335|uc2.ark+=13960=t4mk66f3c	/works/OL2343410W	oclc	
OL2343422W	1	1	Pawnee hero stories and folk-tales	1889	0.54	1.0	inu.30000055882736	/works/OL2343422W	oclc	
OL2343424W	3	1	Blackfoot lodge tales;	1892	0.56	0.999	uc1.32106000557105|uc1.b4101968|uc2.ark+=13960=t57d2qj41	/works/OL2343424W	oclc	
OL234343W	2	1	The squatter sovereign	1883	0.88	1.0	mdp.39015059413511|nyp.33433076084403	/works/OL234343W	oclc	
OL2343641W	1	1	Only the governess	1890	0.9	1.0	uc2.ark+=13960=t5w66rs7c	/works/OL2343641W	oclc	
OL2343727W	1	1	The bachelor's Christmas	1906	0.85	1.0	mdp.39015063549839	/works/OL2343727W	oclc	
OL2343728W	3	1	The bachelor's Christmas, and other stories	1895	0.89	1.0	mdp.39015065758073|nyp.33433076089006|uc1.b249872	/works/OL2343728W	oclc	
OL2343729W	2	2	Face to face	1886	0.9	1.0	uc2.ark+=13960=t5fb4x531|uc2.ark+=13960=t3ws8jx2b	/works/OL2343729W	oclc	
OL2343731W	1	1	The king's men;	1884	0.88	1.0	mdp.39015009240030	/works/OL2343731W	oclc	
OL2343734W	2	1	A romantic young lady	1886	0.89	1.0	mdp.39015063551660|uc2.ark+=13960=t6n01078q	/works/OL2343734W	oclc	
OL2343738W	5	1	The orchid	1905	0.89	1.0	mdp.39015005148351|nyp.33433074970850|uc2.ark+=13960=t22b8xz5k|uc2.ark+=13960=t3804zk57|wu.89095151932	/works/OL2343738W	oclc	
OL2343881W	2	2	The hole in the wall	1902	0.89	1.0	uc2.ark+=13960=t80k2kt3v|uc2.ark+=13960=t9n29vm8j	/works/OL2343881W	oclc	
OL2343882W	3	2	A child of the Jago	1906	0.89	1.0	pst.000004397137|mdp.39015055066743|uc1.b4105458	/works/OL2343882W	oclc	
OL2343883W	4	2	Martin Hewitt, investigator	1907	0.88	1.0	uc1.b4105459|uc2.ark+=13960=t54f1zj3g|mdp.39015063945862|uc2.ark+=13960=t9959rx0d	/works/OL2343883W	oclc	
OL2343884W	6	3	Tales of mean streets	1921	0.89	1.0	mdp.39015025821243|mdp.39015031292868|nyp.33433074915194|uc1.b4105460|uc2.ark+=13960=t8v980q5q|uc2.ark+=13960=t7qn6bx1s	/works/OL2343884W	oclc	
OL2343907W	2	1	The powers at play	1899	0.89	1.0	mdp.39015059406630|nyp.33433076049315	/works/OL2343907W	oclc	
OL2343930W	5	2	The Gam, being a group of whaling stories	1899	0.78	1.0	uc1.b3327164|yale.39002029711133|uc1.b3327165|uc2.ark+=13960=t13n21f0j|yale.39002030978622	/works/OL2343930W	oclc	
OL2343943W	1	1	Averages;	1899	0.89	1.0	nyp.33433074812136	/works/OL2343943W	oclc	
OL2344145W	2	1	Diomed;	1899	0.9	1.0	uc1.b3325242|uc2.ark+=13960=t5s75g23r	/works/OL2344145W	oclc	
OL2344146W	1	1	The lion's skin	1905	0.73	1.0	uva.x001911841	/works/OL2344146W	oclc	
OL2344249W	3	1	Gabriel Tolliver	1902	0.88	1.0	mdp.39015016441308|uc1.b3578743|uc2.ark+=13960=t9r20tc33	/works/OL2344249W	oclc	
OL2344253W	3	1	The kidnapping of President Lincoln	1909	0.88	1.0	mdp.39015031239083|uc2.ark+=13960=t3vt1hs2h|uiuo.ark+=13960=t0tq5t74c	/works/OL2344253W	oclc	
OL2344266W	1	1	A plantation printer;	1892	0.87	0.992	njp.32101068598943	/works/OL2344266W	oclc	
OL2344294W	3	1	The story of Aaron (so named) the son of Ben Ali, told by his friends and acquaintances	1896	0.88	0.999	mdp.39015031238614|nyp.33433082548060|uva.x030741966	/works/OL2344294W	oclc	
OL2344298W	3	1	The bishop and the boogerman	1909	0.82	1.0	njp.32101068179124|uc1.b3324229|uc2.ark+=13960=t4fn11z4r	/works/OL2344298W	oclc	
OL2344302W	2	1	The shadow between his shoulder-blades	1909	0.85	1.0	mdp.39015019152530|nyp.33433076088404	/works/OL2344302W	oclc	
OL2344303W	3	1	Uncle Remus returns	1918	0.87	0.991	nc01.ark+=13960=t8df7t74v|nyp.33433074790860|uva.x000531849	/works/OL2344303W	oclc	
OL2344305W	1	1	Aaron in the wildwoods	1898	0.81	0.999	nyp.33433082547161	/works/OL2344305W	oclc	
OL2344309W	3	2	Plantation pageants	1899	0.89	0.999	njp.32101068598935|nyp.33433074850565|uc2.ark+=13960=t8bg2jp7n	/works/OL2344309W	oclc	
OL2344312W	2	2	Balaam and his master	1891	0.89	0.999	mdp.39015051142282|uc2.ark+=13960=t6j09wp4g	/works/OL2344312W	oclc	
OL2344313W	3	2	Free Joe	1887	0.87	0.993	njp.32101068598927|uc2.ark+=13960=t9h41kv79|uc2.ark+=13960=t20c4ss2f	/works/OL2344313W	oclc	
OL2344316W	2	2	Daddy Jake the runaway	1896	0.88	1.0	uc1.b3578742|uva.x002613715	/works/OL2344316W	oclc	
OL2344317W	1	1	Little Mr. Thimblefinger and his queer country	1922	0.83	0.998	nyp.33433082345855	/works/OL2344317W	oclc	
OL2344318W	3	1	A little Union scout	1904	0.87	1.0	mdp.39015051142274|nyp.33433076088362|uc2.ark+=13960=t0qr4pk47	/works/OL2344318W	oclc	
OL2344319W	1	1	Mingo, and other sketches in black and white	1884	0.89	0.999	uc2.ark+=13960=t9086446n	/works/OL2344319W	oclc	
OL2344320W	3	1	Mr. Rabbit at home	1895	0.89	1.0	mdp.39015016441316|nyp.33433076088289|nyp.33433082548078	/works/OL2344320W	oclc	
OL2344323W	3	2	The chronicles of Aunt Minervy Ann	1912	0.88	1.0	uva.x000947157|mdp.39015019152548|nyp.33433074896360	/works/OL2344323W	oclc	
OL2344324W	2	1	On the plantation;	1892	0.87	0.996	mdp.39015014750296|nc01.ark+=13960=t8rb7v510	/works/OL2344324W	oclc	
OL2344326W	2	1	Mingo	1912	0.89	0.999	nyp.33433076088347|uc2.ark+=13960=t81j98n9d	/works/OL2344326W	oclc	
OL2344327W	7	2	On the wing of occasions;	1900	0.89	1.0	inu.30000118321490|mdp.39015031238622|nc01.ark+=13960=t7rn3z888|nyp.33433076088305|uc2.ark+=13960=t24b2xc78|uiuo.ark+=13960=t35141w3j|uc2.ark+=13960=t3028s344	/works/OL2344327W	oclc	
OL2344328W	2	1	Tales of the home folks in peace and war	1898	0.89	0.998	mdp.39015051152844|uc2.ark+=13960=t76t0j13c	/works/OL2344328W	oclc	
OL2344329W	2	2	Free Joe, and other Georgian sketches	1887	0.82	0.988	uc2.ark+=13960=t55d8pn4m|uc2.ark+=13960=t4bp05h72	/works/OL2344329W	oclc	
OL2344330W	2	1	Told by Uncle Remus;	1905	0.89	0.994	mdp.39015004946037|uva.x004782692	/works/OL2344330W	oclc	
OL2344331W	2	1	Uncle Remus and his friends;	1892	0.79	0.956	nyp.33433074813175|uva.x000275026	/works/OL2344331W	oclc	
OL2344332W	3	2	Nights with Uncle Remus	1911	0.88	1.0	inu.39000005882936|mdp.39015065535026|uc2.ark+=13960=t29883c22	/works/OL2344332W	oclc	
OL2344333W	1	1	Uncle Remus, his songs and his sayings	1908	0.85	0.915	uc2.ark+=13960=t9571949g	/works/OL2344333W	oclc	
OL2344338W	1	1	The cat	1905	0.88	1.0	nyp.33433082348990	/works/OL2344338W	oclc	
OL2344376W	4	1	Those about Trench	1916	0.89	1.0	mdp.39015035865917|nyp.33433074787775|uc2.ark+=13960=t54f1mx4r|uc2.ark+=13960=t7cr5p059	/works/OL2344376W	oclc	
OL2344409W	2	1	Empire builders	1907	0.89	1.0	mdp.39015055406196|uc2.ark+=13960=t5h990n4s	/works/OL2344409W	oclc	
OL2344412W	2	1	The master of Appleby;	1902	0.87	1.0	nyp.33433076075708|uc2.ark+=13960=t1fj2c276	/works/OL2344412W	oclc	
OL2344414W	1	1	The quickening	1906	0.89	1.0	nyp.33433076075716	/works/OL2344414W	oclc	
OL2344429W	1	1	The private wire to Washington	1919	0.88	1.0	nyp.33433076024805	/works/OL2344429W	oclc	
OL2344457W	4	2	The man on the box	1904	0.88	1.0	nyp.33433076024854|uc1.b3581514|uc2.ark+=13960=t22b8wd9x|wu.89005633748	/works/OL2344457W	oclc	
OL2344460W	1	1	Arms and the woman	1899	0.89	0.999	wu.89005633698	/works/OL2344460W	oclc	
OL2344464W	1	1	Jack Benson's log; or, Afloat with the flag in '61	1895	0.89	1.0	nc01.ark+=13960=t9n30nj45	/works/OL2344464W	oclc	
OL2344488W	4	2	Down to the sea	1905	0.89	1.0	njp.32101017960244|uc1.b3327182|uc2.ark+=13960=t40r9nb45|uva.x030749486	/works/OL2344488W	oclc	
OL2344494W	1	1	The wreck of the Titan;	1914	0.83	1.0	mdp.39015002741299	/works/OL2344494W	oclc	
OL2344496W	3	3	Masters of men;	1914	0.89	1.0	mdp.39015024269220|uc2.ark+=13960=t43r0q980|uc2.ark+=13960=t0xp6v808	/works/OL2344496W	oclc	
OL234451W	2	1	The third daughter	1906	0.87	1.0	mdp.39015040034251|uc2.ark+=13960=t0js9js7d	/works/OL234451W	oclc	
OL2344575W	2	1	"""At you-all's house"";"	1898	0.89	1.0	nyp.33433074828249|uva.x030748978	/works/OL2344575W	oclc	
OL2344806W	3	1	The house of the wizard	1899	0.89	1.0	mdp.39015063963386|uc2.ark+=13960=t16m33860|uc2.ark+=13960=t2c824p59	/works/OL2344806W	oclc	
OL2344961W	1	1	Barbara's heritage;	1899	0.89	1.0	uc2.ark+=13960=t41r6pt22	/works/OL2344961W	oclc	
OL2344977W	1	1	The jugglers	1911	0.87	1.0	nyp.33433076029945	/works/OL2344977W	oclc	
OL2344991W	2	1	Despotism and democracy;	1903	0.89	1.0	nnc1.cu58377832|uc2.ark+=13960=t4xg9gd8j	/works/OL2344991W	oclc	
OL2344997W	1	1	Little Jarvis	1890	0.84	0.999	nyp.33433076029952	/works/OL2344997W	oclc	
OL2345006W	1	1	Betty's Virginia Christmas	1914	0.88	1.0	uc2.ark+=13960=t7fq9s473	/works/OL2345006W	oclc	
OL2345012W	2	1	The lively adventures of Gavin Hamilton	1899	0.89	1.0	uc1.b3331861|uc2.ark+=13960=t82j6j40t	/works/OL2345012W	oclc	
OL2345013W	2	1	Francezka	1902	0.88	1.0	nyp.33433076044308|uc2.ark+=13960=t44q7rw56	/works/OL2345013W	oclc	
OL2345107W	1	1	No heroes	1893	0.86	1.0	wu.89104495569	/works/OL2345107W	oclc	
OL2345109W	4	2	Guenn;	1884	0.9	1.0	mdp.39015006966363|uc2.ark+=13960=t0wp9t726|uc1.b3324352|uc2.ark+=13960=t23b64k5p	/works/OL2345109W	oclc	
OL2345118W	2	1	Dionysius the weaver's heart's dearest	1899	0.9	1.0	mdp.39015063927266|uc2.ark+=13960=t3qv3cb6t	/works/OL2345118W	oclc	
OL2345209W	1	1	The log of a sea-waif	1899	0.81	0.999	mdp.39015030852969	/works/OL2345209W	oclc	
OL2345238W	2	1	Lafitte of Louisiana	1902	0.83	1.0	mdp.39015006955242|uc2.ark+=13960=t9b56fq05	/works/OL2345238W	oclc	
OL2345240W	4	3	From kingdom to colony	1899	0.89	1.0	nyp.33433074811468|uc2.ark+=13960=t2891235w|uc2.ark+=13960=t4wh2h26w|uc2.ark+=13960=t3125qk6q	/works/OL2345240W	oclc	
OL2345242W	1	1	Bruno	1908	0.77	0.999	nyp.33433082531371	/works/OL2345242W	oclc	
OL2345257W	3	1	The black wolf's breed	1899	0.79	1.0	njp.32101064788928|nyp.33433074811245|uc2.ark+=13960=t78s4mb0k	/works/OL2345257W	oclc	
OL2345260W	1	1	King Mombo	1902	0.73	1.0	uc2.ark+=13960=t83j3b105	/works/OL2345260W	oclc	
OL2345278W	2	1	The world of the great forest	1900	0.89	1.0	uc1.b3332928|uc2.ark+=13960=t8kd20j1t	/works/OL2345278W	oclc	
OL2345279W	1	1	Ivar the viking;	1910	0.81	1.0	mdp.39015063916889	/works/OL2345279W	oclc	
OL2345351W	4	2	The martial adventures of Henry and me	1918	0.63	1.0	loc.ark+=13960=t2m626876|mdp.39015030857760|nyp.33433082484407|uc2.ark+=13960=t7jq0v77s	/works/OL2345351W	oclc	
OL2345353W	2	1	Stratagems and spoils;	1901	0.71	1.0	mdp.39015030857752|uc2.ark+=13960=t92805p72	/works/OL2345353W	oclc	
OL2345358W	2	1	A certain rich man	1909	0.89	1.0	nyp.33433075767800|nyp.33433076046659	/works/OL2345358W	oclc	
OL2345359W	3	3	The court of Boyville	1910	0.88	1.0	uc2.ark+=13960=t1xd0rv2v|mdp.39015050606147|uc2.ark+=13960=t1rf5md60	/works/OL2345359W	oclc	
OL2345360W	4	3	In our town	1907	0.75	1.0	mdp.39015050981995|uc2.ark+=13960=t7zk58d96|uc1.b4451283|uc2.ark+=13960=t5r78688c	/works/OL2345360W	oclc	
OL2345362W	1	1	The real issue	1896	0.88	1.0	uc2.ark+=13960=t8z89379k	/works/OL2345362W	oclc	
OL2345404W	1	1	Adam Shuffler	1901	0.86	1.0	uc2.ark+=13960=t7zk56x0r	/works/OL2345404W	oclc	
OL2345525W	1	1	Unc' Edinburg;	1895	0.73	0.991	uc2.ark+=13960=t4zg6gm7x	/works/OL2345525W	oclc	
OL2345528W	3	1	Among the camps;	1891	0.79	1.0	mdp.39015065549159|uc1.b3325192|uc2.ark+=13960=t9j38v96k	/works/OL2345528W	oclc	
OL2345533W	3	1	Polly	1894	0.83	1.0	mdp.39015063935798|nyp.33433076060148|uc2.ark+=13960=t96689c3b	/works/OL2345533W	oclc	
OL2345541W	2	2	Gordon Keith	1909	0.84	1.0	uva.x030805981|mdp.39015063946241	/works/OL2345541W	oclc	
OL2345543W	2	1	The land of the spirit	1913	0.86	1.0	mdp.39015063935749|uc2.ark+=13960=t82j69m63	/works/OL2345543W	oclc	
OL2345546W	3	1	Tommy Trot's visit to Santa Claus	1908	0.85	1.0	nc01.ark+=13960=t0ft9p380|uc1.b3331843|uc2.ark+=13960=t1wd3qh19	/works/OL2345546W	oclc	
OL2345547W	3	1	Two prisoners, by Thomas Nelson Page; illustrated in color by Virginia Keep	1903	0.85	1.0	mdp.39015063998333|uc1.b4105474|uc2.ark+=13960=fk0000007f	/works/OL2345547W	oclc	
OL2345548W	3	1	Under the crust	1907	0.83	1.0	mdp.39015063998267|nyp.33433076050404|uc2.ark+=13960=t92805s6x	/works/OL2345548W	oclc	
OL2345549W	2	2	Marse Chan	1892	0.83	0.996	uc1.b3569207|nyp.33433076060189	/works/OL2345549W	oclc	
OL2345554W	4	3	Elsket, and other stories	1891	0.88	1.0	uc2.ark+=13960=t3hx16661|nyp.33433076060221|uc1.b3325446|mdp.39015065549167	/works/OL2345554W	oclc	
OL2345555W	3	3	Pastime stories	1894	0.89	1.0	mdp.39015063935814|uva.x030805805|nyp.33433076060130	/works/OL2345555W	oclc	
OL2345556W	2	1	The burial of the guns	1894	0.89	1.0	uc1.b3325720|uc2.ark+=13960=t7jq0ts81	/works/OL2345556W	oclc	
OL2345561W	2	1	Two little Confederates	1888	0.87	1.0	mdp.39015030765500|nc01.ark+=13960=t02z1vb27	/works/OL2345561W	oclc	
OL2345562W	4	3	Red Rock	1898	0.9	1.0	uc1.b3569209|inu.32000011206143|mdp.39015030910668|nc01.ark+=13960=t6d22qq35	/works/OL2345562W	oclc	
OL2345563W	5	4	In ole Virginia	1904	0.88	1.0	uc2.ark+=13960=t2w37m772|nyp.33433071394625|uc1.b3569204|uc1.b4102048|mdp.39015034584055	/works/OL2345563W	oclc	
OL2345577W	2	1	The shadow of victory;	1903	0.89	1.0	nyp.33433076049935|uc2.ark+=13960=t76t0j96d	/works/OL2345577W	oclc	
OL2345581W	1	1	Love letters of a musician	1900	0.83	1.0	nyp.33433074791660	/works/OL2345581W	oclc	
OL2345582W	4	1	A weaver of dreams	1911	0.89	1.0	mdp.39015063948619|nyp.33433076049984|uc2.ark+=13960=t2599zc6t|uc2.ark+=13960=t88g8g479	/works/OL2345582W	oclc	
OL2345583W	3	2	Master of the vineyard	1910	0.89	1.0	nyp.33433076049968|uc2.ark+=13960=t7wm14b10|uc2.ark+=13960=t87h1f726	/works/OL2345583W	oclc	
OL2345586W	2	1	Later love letters of a musician	1900	0.85	0.993	mdp.39015028903543|uc2.ark+=13960=t2w37m70p	/works/OL2345586W	oclc	
OL2345587W	1	1	Flower of the dusk	1908	0.89	0.999	uc2.ark+=13960=t9n29qq3t	/works/OL2345587W	oclc	
OL2345590W	2	2	Old rose and silver	1909	0.89	1.0	nyp.33433076049943|uc2.ark+=13960=t0xp6vz9k	/works/OL2345590W	oclc	
OL2345669W	1	1	Matouchon	1895	0.89	1.0	nyp.33433082524053	/works/OL2345669W	oclc	
OL2345716W	2	1	The dragon painter	1906	0.86	1.0	njp.32101063690281|uc2.ark+=13960=t2s46j848	/works/OL2345716W	oclc	
OL2345757W	2	1	The last recruit of Clare's	1897	0.81	1.0	nyp.33433074871678|wu.89005367800	/works/OL2345757W	oclc	
OL2345769W	1	1	The favor of princes	1899	0.88	0.999	nyp.33433076024540	/works/OL2345769W	oclc	
OL2345844W	2	2	Ben Comee;	1922	0.88	1.0	mdp.39015063511011|uc2.ark+=13960=t1td9qg8w	/works/OL2345844W	oclc	
OL2345853W	1	1	Cœur d'Alene	1894	0.8	1.0	njp.32101067644839	/works/OL2345853W	oclc	
OL2345854W	2	1	The desert and the sown	1902	0.89	1.0	njp.32101063690844|uc2.ark+=13960=t2794116w	/works/OL2345854W	oclc	
OL2345857W	1	1	A picked company;	1912	0.89	1.0	uc2.ark+=13960=t8gf0p25d	/works/OL2345857W	oclc	
OL2345859W	2	1	The valley road	1915	0.89	1.0	uc2.ark+=13960=t0cv4cd27|wu.89098025125	/works/OL2345859W	oclc	
OL2345866W	1	1	The Led-Horse claim	1911	0.87	0.999	uc2.ark+=13960=fk4mk65g48	/works/OL2345866W	oclc	
OL2345904W	1	1	The secret witness	1917	0.89	1.0	nyp.33433076094527	/works/OL2345904W	oclc	
OL2345906W	1	1	The Yellow dove	1915	0.84	1.0	uva.x030809990	/works/OL2345906W	oclc	
OL2345947W	1	1	Harvard stories;	1893	0.88	0.999	uc1.b18003	/works/OL2345947W	oclc	
OL2345948W	1	1	Smith Brunt;	1899	0.89	1.0	nyp.33433076053309	/works/OL2345948W	oclc	
OL2345953W	1	1	In the smoke of war;	1895	0.89	1.0	nyp.33433075873129	/works/OL2345953W	oclc	
OL2345960W	1	1	"""Love and quiet life"";"	1894	0.82	1.0	uc2.ark+=13960=t5t72d125	/works/OL2345960W	oclc	
OL2345961W	1	1	English country life	1911	0.81	1.0	uc2.ark+=13960=t2p55rt9c	/works/OL2345961W	oclc	
OL2346054W	2	1	The first Christmas;	1899	0.86	1.0	mdp.39015063959483|nyp.33433076061070	/works/OL2346054W	oclc	
OL2346107W	1	1	All among the lighthouses;	1886	0.81	0.999	nyp.33433066340203	/works/OL2346107W	oclc	
OL2346126W	1	1	Mr. Tommy Dove	1893	0.89	1.0	nyp.33433074811682	/works/OL2346126W	oclc	
OL2346130W	4	1	Partners	1913	0.85	1.0	mdp.39015018062003|nyp.33433074811708|uc1.b3578360|uc2.ark+=13960=t6j09xd7r	/works/OL2346130W	oclc	
OL2346134W	3	1	An Old Chester secret	1920	0.88	1.0	mdp.39015059378490|nyp.33433074811518|uc2.ark+=13960=t3513w12t	/works/OL2346134W	oclc	
OL2346145W	1	1	The way to peace	1910	0.85	0.999	mdp.39015016440730	/works/OL2346145W	oclc	
OL2346146W	1	1	Where the laborers are few	1909	0.85	0.998	uc2.ark+=13960=t4xg9gf3k	/works/OL2346146W	oclc	
OL2346149W	3	2	Around old Chester	1917	0.9	1.0	mdp.39015060430553|nyp.33433074811666|uc2.ark+=13960=t6sx65j88	/works/OL2346149W	oclc	
OL2346153W	4	2	The vehement flame	1922	0.9	1.0	uc2.ark+=13960=t4vh5ff1d|mdp.39015016442835|nyp.33433074811740|uc2.ark+=13960=t1wd3qz14	/works/OL2346153W	oclc	
OL2346154W	2	2	Old Chester tales	1898	0.89	1.0	uc1.b3325429|mdp.39015063023678	/works/OL2346154W	oclc	
OL2346155W	2	1	A business venture in Los Angeles; or, A Christian optimist	1899	0.89	1.0	nyp.33433074968284|uc2.ark+=13960=t5s757g56	/works/OL2346155W	oclc	
OL2346219W	1	1	A genuine girl	1896	0.88	1.0	nyp.33433074972419	/works/OL2346219W	oclc	
OL2346220W	2	1	A javelin of fate	1905	0.84	1.0	nyp.33433074787684|uc2.ark+=13960=t2z31nw0z	/works/OL2346220W	oclc	
OL2346221W	2	1	A pretty tory;	1899	0.88	1.0	nyp.33433074787619|uc2.ark+=13960=t1ng4gz0n	/works/OL2346221W	oclc	
OL2346223W	1	1	Her Washington season	1884	0.88	1.0	nyp.33433074787692	/works/OL2346223W	oclc	
OL2346226W	2	1	An unwilling maid;	1897	0.88	0.999	njp.32101068141959|uc2.ark+=13960=t2f766c0g	/works/OL2346226W	oclc	
OL2346364W	1	1	Holly and pizen	1899	0.87	0.999	nyp.33433076062920	/works/OL2346364W	oclc	
OL2346372W	2	1	Aunt Amity's silver wedding	1909	0.87	0.997	nyp.33433076062854|uc2.ark+=13960=fk4jm23p49	/works/OL2346372W	oclc	
OL2346381W	2	1	The river's children	1904	0.86	0.999	nyp.33433076086473|uc2.ark+=13960=fk6445hr84	/works/OL2346381W	oclc	
OL2346383W	2	1	Solomon Crow's Christmas pockets	1896	0.81	1.0	uc1.b3550806|uc2.ark+=13960=t5t72hr96	/works/OL2346383W	oclc	
OL2346384W	2	1	The story of Babette	1894	0.88	1.0	nyp.33433076063316|uc2.ark+=13960=t3tt4gt88	/works/OL2346384W	oclc	
OL2346386W	3	1	George Washington Jones	1903	0.89	1.0	nyp.33433076062938|uc1.b4104369|uc2.ark+=13960=fk72v2cr8p	/works/OL2346386W	oclc	
OL2346388W	3	1	In Simpkinsville;	1897	0.88	1.0	mdp.39015063977147|nyp.33433076063266|uc1.b3325163	/works/OL2346388W	oclc	
OL2346428W	2	1	Kelea	1900	0.89	1.0	mdp.39015048785763|uc2.ark+=13960=t1dj59p0w	/works/OL2346428W	oclc	
OL2346430W	1	1	Don Cosme;	1899	0.89	1.0	njp.32101067178705	/works/OL2346430W	oclc	
OL2346478W	2	1	The Congressman's wife	1903	0.89	1.0	nc01.ark+=13960=t17m0sj42|uc2.ark+=13960=t9862d90k	/works/OL2346478W	oclc	
OL2346494W	1	1	Their shadows before ;	1899	0.83	1.0	uc1.b119856	/works/OL2346494W	oclc	
OL234651W	3	2	Doctor Cavallo	1895	0.89	1.0	uc2.ark+=13960=t6348k04r|nyp.33433084129554|uc1.b111393	/works/OL234651W	oclc	
OL234652W	1	1	The bridge of the gods;	1890	0.61	1.0	nnc1.1002155460	/works/OL234652W	oclc	
OL234754W	3	1	An idyl of war-times	1890	0.89	1.0	nc01.ark+=13960=t41r7dc3s|nyp.33433074835657|uc1.b249523	/works/OL234754W	oclc	
OL234779W	2	1	A story from Pullmantown	1894	0.85	1.0	uc1.b281117|uiuo.ark+=13960=t5r787j8c	/works/OL234779W	oclc	
OL234802W	2	1	Col. Judson of Alabama, or, A Southerner's experience at the North	1892	0.89	1.0	nyp.33433074837414|uc2.ark+=13960=t5s757377	/works/OL234802W	oclc	
OL234844W	2	1	Side show studies	1906	0.87	0.999	njp.32101045239850|uc2.ark+=13960=t13n21f5z	/works/OL234844W	oclc	
OL234913W	3	1	In the shadow of the pines;	1906	0.81	0.999	njp.32101046513238|nyp.33433082295456|uc2.ark+=13960=t1cj87t72	/works/OL234913W	oclc	
OL234947W	1	1	The Rover boys on land and sea	1903	0.89	0.999	uc2.ark+=13960=t01z4230f	/works/OL234947W	oclc	
OL234959W	1	1	The Rover boys in the mountains	1902	0.88	1.0	uc2.ark+=13960=t4jm23z9z	/works/OL234959W	oclc	
OL234978W	3	2	The siege of Norwich Castle;	1893	0.89	0.999	uc2.ark+=13960=t71v5j33z|uc1.b112587|uc2.ark+=13960=t1wd3s53m	/works/OL234978W	oclc	
OL235028W	1	1	On common ground	1906	0.88	1.0	nyp.33433076049620	/works/OL235028W	oclc	
OL235139W	1	1	The Musgrove ranch	1888	0.88	1.0	uc2.ark+=13960=t3901zs34	/works/OL235139W	oclc	
OL235211W	3	2	The apple of discord	1907	0.89	1.0	uc2.ark+=13960=t4vh5fb0k|nyp.33433076061229|uc2.ark+=13960=t1fj2f13n	/works/OL235211W	oclc	
OL235212W	2	2	Blindfolded	1906	0.89	1.0	uc2.ark+=13960=t47p8vp9n|nyp.33433076061211	/works/OL235212W	oclc	
OL235282W	1	1	Wicked city	1906	0.6	1.0	uc2.ark+=13960=t2j679w88	/works/OL235282W	oclc	
OL235293W	1	1	A fortune hunter;	1888	0.89	1.0	uc1.$b800584	/works/OL235293W	oclc	
OL235337W	1	1	Camp fire stories	1896	0.73	1.0	njp.32101067627131	/works/OL235337W	oclc	
OL235357W	1	1	A Fisher girl of France	1892	0.89	1.0	uc2.ark+=13960=t6348j660	/works/OL235357W	oclc	
OL235592W	1	1	The regicides;	1896	0.89	1.0	uc2.ark+=13960=t55d8q557	/works/OL235592W	oclc	
OL235784W	2	1	The young mandarin;	1896	0.59	1.0	uc1.b3548230|uc2.ark+=13960=t0sq90d8t	/works/OL235784W	oclc	
OL235814W	1	1	Old New-England days	1887	0.9	1.0	njp.32101068167368	/works/OL235814W	oclc	
OL235865W	2	1	A Kentucky chronicle	1906	0.76	1.0	nyp.33433076068372|uc2.ark+=13960=t77s7jc7d	/works/OL235865W	oclc	
OL235866W	2	1	Casa Grande	1906	0.89	1.0	nyp.33433076062813|uc2.ark+=13960=t6833ng83	/works/OL235866W	oclc	
OL235916W	1	1	Under Pontius Pilate;	1906	0.74	0.979	nyp.33433076044191	/works/OL235916W	oclc	
OL235992W	3	1	Chunda	1906	0.83	1.0	nyp.33433076070063|uc1.b3579167|uc2.ark+=13960=t03x8ct3t	/works/OL235992W	oclc	
OL236053W	1	1	The devil worshipper	1908	0.89	1.0	uc2.ark+=13960=t8rb6wn6q	/works/OL236053W	oclc	
OL2361182W	1	1	The romance of Runnibede	1920	0.88	1.0	uc2.ark+=13960=t57d2w26s	/works/OL2361182W	oclc	
OL2361185W	2	1	On an Australian farm	1911	0.84	0.998	uc2.ark+=13960=t81j9db15|wu.89004873576	/works/OL2361185W	oclc	
OL2361186W	1	1	The poor parson	1907	0.78	0.999	uc2.ark+=13960=t6m043x3b	/works/OL2361186W	oclc	
OL2361188W	1	1	On our selection!	1903	0.88	1.0	uc2.ark+=13960=t08w3dk4w	/works/OL2361188W	oclc	
OL236162W	1	1	The last lady of Mulberry	1900	0.82	0.999	uc2.ark+=13960=t95719p66	/works/OL236162W	oclc	
OL236245W	1	1	Annals of Brookdale	1881	0.89	1.0	njp.32101069166393	/works/OL236245W	oclc	
OL236403W	1	1	A patriot's strategy	1895	0.9	1.0	nc01.ark+=13960=t0ft9c44s	/works/OL236403W	oclc	
OL236430W	1	1	The Beechwood tragedy	1889	0.88	0.999	nyp.33433076076391	/works/OL236430W	oclc	
OL236439W	1	1	The Haydocks' testimony	1890	0.76	1.0	uc2.ark+=13960=t0qr4nz19	/works/OL236439W	oclc	
OL236781W	2	1	The fate of Madame La Tour;	1881	0.89	1.0	mdp.39015035457095|uc2.ark+=13960=t6g15ts65	/works/OL236781W	oclc	
OL236786W	1	1	How I escaped;	1888	0.89	1.0	nc01.ark+=13960=t7fr0h791	/works/OL236786W	oclc	
OL236823W	1	1	A beautiful bird without a name, or, A true Kentucky girl	1883	0.89	1.0	uc2.ark+=13960=t94748x96	/works/OL236823W	oclc	
OL236908W	1	1	Up the Matterhorn in a boat	1897	0.88	1.0	nyp.33433076059777	/works/OL236908W	oclc	
OL236944W	1	1	Peak's Island	1892	0.89	1.0	uc2.ark+=13960=t6057dg40	/works/OL236944W	oclc	
OL237000W	3	2	The gun-bearer	1894	0.89	1.0	uc2.ark+=13960=t8rb70g25|nc01.ark+=13960=t8sb4w80f|nyp.33433076054018	/works/OL237000W	oclc	
OL237049W	1	1	Not included in a sheepskin;	1907	0.78	1.0	uc2.ark+=13960=t4dn40795	/works/OL237049W	oclc	
OL237087W	2	1	The romance of a Jesuit mission;	1897	0.88	1.0	uc1.b3327337|uc2.ark+=13960=t6b27zd0v	/works/OL237087W	oclc	
OL237096W	2	1	Nah-nee-ta	1886	0.61	1.0	nyp.33433081680005|uc2.ark+=13960=t48p5w77f	/works/OL237096W	oclc	
OL237186W	2	1	Virginia Dare	1892	0.81	1.0	nc01.ark+=13960=t3zs2s00h|wu.89098008121	/works/OL237186W	oclc	
OL2371978W	1	1	Hunts with Jorrocks	1908	0.87	0.999	nyp.33433066630553	/works/OL2371978W	oclc	
OL2371986W	1	1	Mr. Jorrocks' lectors	1910	0.79	1.0	wu.89054838180	/works/OL2371986W	oclc	
OL237214W	1	1	A border Leander	1893	0.88	0.999	nyp.33433076029770	/works/OL237214W	oclc	
OL237216W	1	1	A lone star bo-peep	1885	0.89	1.0	uc2.ark+=13960=t7zk56b9g	/works/OL237216W	oclc	
OL237218W	1	1	"""Zulma"""	1897	0.9	1.0	nc01.ark+=13960=t77s8h27b	/works/OL237218W	oclc	
OL237550W	1	1	Under the ban;	1898	0.89	1.0	nyp.33433075753230	/works/OL237550W	oclc	
OL237648W	1	1	Adrift	1889	0.89	1.0	nyp.33433074806724	/works/OL237648W	oclc	
OL237684W	3	1	Jack Horner;	1890	0.81	1.0	nc01.ark+=13960=t9x06qk45|nyp.33433076081730|uc2.ark+=13960=t84j0cx3v	/works/OL237684W	oclc	
OL237686W	1	1	Homoselle	1881	0.89	1.0	mdp.39015063973823	/works/OL237686W	oclc	
OL237691W	1	1	That man from Wall street	1908	0.89	1.0	uc2.ark+=13960=t3kw57w85	/works/OL237691W	oclc	
OL237749W	2	1	Coffee and a love affair;	1908	0.85	1.0	mdp.39015063964277|uc2.ark+=13960=t75t3gp1x	/works/OL237749W	oclc	
OL237773W	1	1	The irresistible current	1908	0.89	1.0	uc2.ark+=13960=t08w38301	/works/OL237773W	oclc	
OL237842W	1	1	It might be	1896	0.89	1.0	dul1.ark+=13960=t9j39gp6b	/works/OL237842W	oclc	
OL237904W	1	1	What I do not know of farming	1908	0.75	0.999	nyp.33433074920178	/works/OL237904W	oclc	
OL237984W	1	1	An Adirondack idyl	1893	0.89	1.0	nyp.33433076041734	/works/OL237984W	oclc	
OL238059W	1	1	A silver baron	1896	0.9	1.0	njp.32101064752049	/works/OL238059W	oclc	
OL238180W	1	1	Chronicles of a Kentucky settlement	1897	0.89	1.0	mdp.39015063959129	/works/OL238180W	oclc	
OL238191W	3	1	Kin-da-shon's wife;	1892	0.89	1.0	mdp.39015063964624|uc1.b3325285|wu.89098853658	/works/OL238191W	oclc	
OL238193W	1	1	Juleps and clover	1898	0.89	1.0	uc2.ark+=13960=t3610wh66	/works/OL238193W	oclc	
OL238202W	1	1	The Russian refugee;	1887	0.84	0.999	uc2.ark+=13960=t39z91f4n	/works/OL238202W	oclc	
OL238224W	2	1	College days;	1894	0.82	1.0	njp.32101065605402|uc2.ark+=13960=t5z60cd1b	/works/OL238224W	oclc	
OL238228W	1	1	The wilderness and the rose;	1890	0.81	1.0	mdp.39015011958199	/works/OL238228W	oclc	
OL238240W	3	1	Chronicles of Manuel Alanus;	1908	0.85	1.0	uc1.b3327260|uc2.ark+=13960=t4jm24m8d|uc2.ark+=13960=t89g5r61s	/works/OL238240W	oclc	
OL2384809W	3	2	Fairy tales from the far North	1897	0.88	1.0	mdp.39015002328204|mdp.39015065530670|uc2.ark+=13960=t5q81nb81	/works/OL2384809W	oclc	
OL238524W	2	1	Death Valley Slim, and other stories	1909	0.77	1.0	nyp.33433075861975|uc2.ark+=13960=t7kp7w54g	/works/OL238524W	oclc	
OL238577W	2	1	The rule of three	1909	0.84	1.0	nyp.33433074847827|uc2.ark+=13960=t16m34r8n	/works/OL238577W	oclc	
OL238679W	2	1	A half-breed dance, and other far western stories	1909	0.6	0.999	uc1.b3324632|uc2.ark+=13960=t23b5wv4h	/works/OL238679W	oclc	
OL238680W	1	1	That affair in Philadelphia	1909	0.75	1.0	nyp.33433074851498	/works/OL238680W	oclc	
OL238681W	1	1	Homespun	1909	0.89	1.0	nyp.33433076060346	/works/OL238681W	oclc	
OL2389757W	4	1	What never happened;	1917	0.9	1.0	mdp.39015012260850|nyp.33433068044019|uc1.b4398233|uc2.ark+=13960=t43r10b9m	/works/OL2389757W	oclc	
OL239168W	1	1	The cats' convention	1909	0.75	1.0	nyp.33433082523790	/works/OL239168W	oclc	
OL239246W	1	1	The travels of Phoebe Ann	1908	0.9	1.0	uc2.ark+=13960=t3hx1832k	/works/OL239246W	oclc	
OL239316W	3	2	Tourist tales of California	1909	0.88	0.998	nyp.33433076087539|uc2.ark+=13960=t6nz8220r|uc2.ark+=13960=t44q7r57r	/works/OL239316W	oclc	
OL239446W	1	1	Itoma	1909	0.68	0.994	nnc1.1000058629	/works/OL239446W	oclc	
OL239519W	2	1	Prince Izon;	1910	0.89	0.998	nyp.33433076067457|uc2.ark+=13960=t7pn8z12h	/works/OL239519W	oclc	
OL239648W	1	1	The book of a bachelor	1910	0.86	0.999	uc2.ark+=13960=t49p2zb2c	/works/OL239648W	oclc	
OL239746W	2	2	Hoof and claw	1914	0.88	1.0	uc2.ark+=13960=t7mp4zx5t|uc1.b5034682	/works/OL239746W	oclc	
OL239749W	1	1	In the morning of time	1919	0.84	1.0	uva.x000497580	/works/OL239749W	oclc	
OL239751W	1	1	More kindred of the wild	1911	0.82	1.0	wu.89090350323	/works/OL239751W	oclc	
OL239758W	1	1	Children of the wild	1913	0.89	1.0	wu.89006934509	/works/OL239758W	oclc	
OL239760W	2	2	The watchers of the trails	1904	0.83	0.999	uc2.ark+=13960=t3kw58v27|uc2.ark+=13960=t18k7602h	/works/OL239760W	oclc	
OL239761W	2	2	Earth's enigmas	1903	0.89	1.0	uva.x001892961|mdp.39015035073405	/works/OL239761W	oclc	
OL239762W	2	1	The haunters of the silences;	1907	0.82	0.999	mdp.39015064489316|uc2.ark+=13960=t40r9nm2s	/works/OL239762W	oclc	
OL239763W	5	3	The heart of the ancient wood	1906	0.89	1.0	mdp.39015063953098|uc2.ark+=13960=t0cv4kh8z|mdp.39015063952207|uc1.b3327168|uc2.ark+=13960=t2r49qs0z	/works/OL239763W	oclc	
OL239764W	3	2	The kindred of the wild	1902	0.88	1.0	mdp.39015065541040|uc2.ark+=13960=t55d8pd9w|uc2.ark+=13960=t4bn9z67m	/works/OL239764W	oclc	
OL239771W	1	1	Red Fox;	1905	0.79	1.0	mdp.39015063953080	/works/OL239771W	oclc	
OL239772W	1	1	The feet of the furtive	1913	0.84	0.999	uc2.ark+=13960=t1hh6d75p	/works/OL239772W	oclc	
OL239773W	3	2	A sister to Evangeline;	1900	0.89	1.0	uc1.32106001949723|uc2.ark+=13960=t7np1zh5m|mdp.39015002718552	/works/OL239773W	oclc	
OL239889W	2	1	Northern trails;	1905	0.81	1.0	nyp.33433010950990|uc2.ark+=13960=t9t14w194	/works/OL239889W	oclc	
OL239901W	3	1	The Christmas angel	1910	0.77	1.0	mdp.39015022365756|uc1.b4098201|uc2.ark+=13960=t83j3n534	/works/OL239901W	oclc	
OL240025W	2	1	Luna Benamor	1919	0.79	1.0	mdp.39015027221566|uc2.ark+=13960=t0cv4nq9z	/works/OL240025W	oclc	
OL240029W	2	1	The shadow of the cathedral;	1919	0.55	1.0	mdp.39015062937027|mdp.39015063056926	/works/OL240029W	oclc	
OL240030W	3	1	La bodega	1919	0.88	1.0	mdp.39015039546414|uc1.$b455534|uc1.b4368781	/works/OL240030W	oclc	
OL240205W	2	1	The prince of India, or, Why Constantinople fell	1893	0.89	1.0	mdp.39015063602521|mdp.39015065779418	/works/OL240205W	oclc	
OL240336W	3	1	Indian fairy tales	1892	0.82	1.0	mdp.39015003973230|uc1.b280618|uc2.ark+=13960=t8gf0r77f	/works/OL240336W	oclc	
OL240337W	5	1	Celtic fairy tales	1892	0.82	1.0	inu.30000061592568|mdp.39015016866181|nyp.33433068198005|uc2.ark+=13960=t6736mz1d|uva.x000879599	/works/OL240337W	oclc	
OL24034W	11	9	Treasure Island	1906	0.88	1.0	mdp.39015055344371|uva.x001328518|uva.x000335879|mdp.39015016924444|mdp.39015063961869|mdp.39015080491858|uc1.b3146421|uc2.ark+=13960=t8df6tf7m|mdp.39015063961885|mdp.39015063961877|uva.x000597959	/works/OL24034W	oclc	
OL240589W	2	1	The last hope	1904	0.84	1.0	uc1.$b400526|uc2.ark+=13960=t5j963m2s	/works/OL240589W	oclc	
OL240590W	6	4	The slave of the lamp	1897	0.89	1.0	uc2.ark+=13960=t5fb52r9k|uiuo.ark+=13960=t46q2md0k|uiuo.ark+=13960=t9p27j96c|uc1.b4105375|uc2.ark+=13960=t1fj2n242|umn.31951002132076t	/works/OL240590W	oclc	
OL240591W	3	2	The sowers	1899	0.89	1.0	mdp.39015063949245|uc1.b4110171|uc2.ark+=13960=t3kw5dj4t	/works/OL240591W	oclc	
OL240594W	3	2	The isle of unrest	1899	0.89	1.0	uc1.b3327365|uc2.ark+=13960=t78s4rp2p|uc2.ark+=13960=t8rb78g0h	/works/OL240594W	oclc	
OL240595W	2	1	The velvet glove	1901	0.81	1.0	uc1.$b400494|uc2.ark+=13960=t1ng4vx0r	/works/OL240595W	oclc	
OL240596W	2	2	The vultures	1902	0.89	1.0	uc2.ark+=13960=t3902bs13|uc1.$b400496	/works/OL240596W	oclc	
OL240598W	3	1	In Kedar's tents	1897	0.84	1.0	uc1.b3327364|uc2.ark+=13960=t80k2cr20|uva.x030751012	/works/OL240598W	oclc	
OL240599W	2	1	Roden's corner	1898	0.84	1.0	uc2.ark+=13960=t0vq2w86s|uva.x030751013	/works/OL240599W	oclc	
OL240600W	3	2	Barlasch of the Guard	1903	0.89	1.0	uc1.b3327363|uc2.ark+=13960=t2j67pb75|mdp.39015063949146	/works/OL240600W	oclc	
OL240789W	1	1	The children's book	1890	0.76	1.0	njp.32101063603870	/works/OL240789W	oclc	
OL240824W	6	1	The founding of a nation;	1915	0.83	1.0	mdp.39015074815203|mdp.39015074815211|uc2.ark+=13960=t2w37pr64|uc2.ark+=13960=t8qb9zg7m|yale.39002009581225|yale.39002070863031	/works/OL240824W	oclc	
OL24112W	1	1	A lodging for the night;	1902	0.75	1.0	uc1.b4102813	/works/OL24112W	oclc	
OL241289W	1	1	The phantoms of the foot-bridge, and other stories	1895	0.89	1.0	mdp.39015063941291	/works/OL241289W	oclc	
OL241304W	5	2	The prophet of the Great Smoky Mountains	1901	0.84	1.0	uc1.b4104040|uc2.ark+=13960=t43r0rb00|mdp.39015030041613|nc01.ark+=13960=t17m0951w|uc2.ark+=13960=t0dv1cw4n	/works/OL241304W	oclc	
OL24136W	3	1	The dynamiter	1895	0.89	1.0	njp.32101068604246|uc1.b3331976|uc2.ark+=13960=t35143h3f	/works/OL24136W	oclc	
OL24137W	3	3	The merry men, and other tales and fables	1903	0.88	1.0	mdp.39015008934294|mdp.39015008255252|uva.x000181295	/works/OL24137W	oclc	
OL24140W	4	1	Island nights' entertainments	1917	0.82	1.0	mdp.39015031301073|mdp.39015048898947|uc1.b4104053|uc2.ark+=13960=t9q24357v	/works/OL24140W	oclc	
OL24141W	33	3	The works of Robert Louis Stevenson	1904	0.84	1.0	uc1.b4716477|uc1.b4716478|uc1.b4716479|mdp.39015009061345|mdp.39015048900123|uc2.ark+=13960=t01z4f43w|uc2.ark+=13960=t3zs2zq00|uc2.ark+=13960=t50g3wh32|uc2.ark+=13960=t5s75m18c|uc2.ark+=13960=t7sn0dv9x|uva.x000181170|uva.x000181171|uva.x000181172|uva.x000181173|uva.x000181174|uc1.b3564781|uc1.b3564782|uc1.b3564783|uc1.b3564784|uc1.b3564785|uc1.b3564787|uc1.b3564788|uc1.b3564789|uc1.b3564790|uc1.b3567387|uc1.b3567388|uc1.b3567389|uc2.ark+=13960=t2w38378q|uc2.ark+=13960=t33208q8t|uc2.ark+=13960=t42r45h4b|uc2.ark+=13960=t4zg6zs50|uc2.ark+=13960=t55d95423|uc2.ark+=13960=t9s189r0c	/works/OL24141W	oclc	
OL24142W	8	3	St. Ives;	1897	0.9	1.0	mdp.39015063961752|uc1.b3331984|uc2.ark+=13960=t2988b585|nyp.33433075752588|uc2.ark+=13960=t57d2w88f|mdp.39015063961760|uc1.b3187734|uc2.ark+=13960=t58d00d3m	/works/OL24142W	oclc	
OL24144W	5	2	Weir of Hermiston	1896	0.86	1.0	mdp.39015001341497|mdp.39015031301016|uc2.ark+=13960=t9f47m304|nyp.33433076052772|uc1.b4538492	/works/OL24144W	oclc	
OL24146W	3	3	The wrecker	1891	0.89	1.0	nnc1.1002389673|mdp.39015063964681|uc1.b4102254	/works/OL24146W	oclc	
OL24149W	2	2	Prince Otto	1901	0.89	1.0	uc2.ark+=13960=t6rx98g7z|mdp.39015048898921	/works/OL24149W	oclc	
OL24150W	5	3	The wrong box	1921	0.88	1.0	uc2.ark+=13960=t5s759531|uva.x000181459|nyp.33433075752968|uc1.b4102335|uc2.ark+=13960=t08w3ds14	/works/OL24150W	oclc	
OL241517W	2	1	The great impersonation	1920	0.89	1.0	mdp.39015011935346|uc2.ark+=13960=t4kk9mx8v	/works/OL241517W	oclc	
OL24151W	2	2	The ebb tide	1894	0.88	1.0	mdp.39015063960507|uc1.b3862830	/works/OL24151W	oclc	
OL241576W	2	1	Bog-myrtle and peat;	1895	0.65	1.0	uc1.b248837|uc2.ark+=13960=t8qb9xs4s	/works/OL241576W	oclc	
OL241578W	2	1	The raiders	1894	0.88	1.0	mdp.39015063551363|uc2.ark+=13960=t0bv7fw25	/works/OL241578W	oclc	
OL24158W	3	2	New Arabian nights	1914	0.89	1.0	uc2.ark+=13960=t8nc5wk1f|uva.x000071016|ien.35556007041916	/works/OL24158W	oclc	
OL24161W	4	3	The black arrow	1880	0.89	1.0	mdp.39015065546130|mdp.39015010452350|uc1.b3331975|uc2.ark+=13960=t34172m36	/works/OL24161W	oclc	
OL24163W	7	3	Catriona	1893	0.9	1.0	mdp.39015014660255|nyp.33433075752760|uc1.b4107541|uc2.ark+=13960=t3dz07x8v|uc1.b4107544|mdp.39015083455033|nyp.33433075752000	/works/OL24163W	oclc	
OL24164W	1	1	The master of Ballantrae	1890	0.83	1.0	uc1.b4102814	/works/OL24164W	oclc	
OL24166W	4	3	Kidnapped	1905	0.88	1.0	inu.30000011848441|inu.32000000341778|uva.x000181265|uc2.ark+=13960=t9474d36n	/works/OL24166W	oclc	
OL241866W	1	1	The fifth of November;	1898	0.89	0.999	uc2.ark+=13960=t5cc0wg2c	/works/OL241866W	oclc	
OL241897W	1	1	The lieutenant and others	1916	0.83	1.0	uc2.ark+=13960=t6b27sj31	/works/OL241897W	oclc	
OL241898W	1	1	No Man's Land	1917	0.78	1.0	mdp.39015023145207	/works/OL241898W	oclc	
OL241901W	2	1	Michael Cassidy, sergeant	1916	0.64	1.0	mdp.39015063943875|nyp.33433082485362	/works/OL241901W	oclc	
OL24219W	2	2	Democracy	1882	0.76	1.0	uiuo.ark+=13960=t8sb41f1t|uc1.32106002061296	/works/OL24219W	oclc	
OL24229W	2	1	The city of masks	1918	0.88	1.0	mdp.39015063941598|nyp.33433076075963	/works/OL24229W	oclc	
OL24230W	2	2	Cowardice court	1906	0.88	1.0	uc1.$b800065|nyp.33433076075955	/works/OL24230W	oclc	
OL24232W	2	1	The man from Brodney's	1908	0.89	1.0	mdp.39015063941481|nyp.33433076081128	/works/OL24232W	oclc	
OL24234W	2	2	Nedra	1905	0.88	1.0	uc2.ark+=13960=t10p0ww68|mdp.39015063941473	/works/OL24234W	oclc	
OL242389W	1	1	Mr. Paul	1921	0.84	1.0	uc2.ark+=13960=t78s4p168	/works/OL242389W	oclc	
OL24238W	1	1	Truxton King;	1909	0.89	1.0	nyp.33433076075880	/works/OL24238W	oclc	
OL24239W	2	1	West wind drift	1920	0.87	1.0	nyp.33433076075872|uc2.ark+=13960=t1wd3qz6j	/works/OL24239W	oclc	
OL24240W	1	1	The alternative	1909	0.86	1.0	mdp.39015063941622	/works/OL24240W	oclc	
OL24241W	2	1	The butterfly man	1910	0.85	1.0	nyp.33433076075971|uc2.ark+=13960=t88g8g32f	/works/OL24241W	oclc	
OL24244W	1	1	A fool and his money	1913	0.9	1.0	uc2.ark+=13960=t04x54m99	/works/OL24244W	oclc	
OL24246W	2	1	Green fancy	1917	0.83	1.0	nyp.33433076075567|uc2.ark+=13960=t22b8vn3r	/works/OL24246W	oclc	
OL24250W	3	1	Castle Craneycrow	1902	0.9	1.0	mdp.39015056877106|mdp.39015063941630|uc2.ark+=13960=t5p847f68	/works/OL24250W	oclc	
OL24251W	3	2	Her weight in gold	1912	0.86	1.0	nyp.33433076075559|uc2.ark+=13960=t6d21w68j|uc2.ark+=13960=t6ww77s48	/works/OL24251W	oclc	
OL24256W	3	2	The Sherrods	1903	0.89	1.0	nyp.33433076076003|wu.89005059530|mdp.39015063941465	/works/OL24256W	oclc	
OL24257W	1	1	What's-his-name	1911	0.83	1.0	uc2.ark+=13960=t53f4m45r	/works/OL24257W	oclc	
OL24258W	1	1	Beverly of Graustark	1904	0.89	1.0	uc2.ark+=13960=t7br8n136	/works/OL24258W	oclc	
OL24259W	1	1	Brewster's millions	1902	0.88	1.0	inu.30000114424744	/works/OL24259W	oclc	
OL24260W	6	2	Graustark	1901	0.89	1.0	nyp.33433076075575|uc1.b4102521|uc2.ark+=13960=t7gq6sr2x|uc2.ark+=13960=t7jq0x33w|mdp.39015030760691|uc2.ark+=13960=t19k4644f	/works/OL24260W	oclc	
OL24293W	4	1	The boy Lincoln	1905	0.73	1.0	loc.ark+=13960=t0wq02z6c|loc.ark+=13960=t2k64kq6j|mdp.39015030765526|uiuo.ark+=13960=t6j10319s	/works/OL24293W	oclc	
OL24294W	1	1	Chumley's post;	1895	0.9	1.0	uc1.b3331878	/works/OL24294W	oclc	
OL24296050W	1	1	The romance of Tristan and Iseult	1904	0.78	1.0	njp.32101079513584	/works/OL24296050W	oclc	
OL242976W	2	1	Struck a lead	1883	0.62	1.0	uc2.ark+=13960=t19k4748s|uiuo.ark+=13960=t1zc7v20f	/works/OL242976W	oclc	
OL243018W	1	1	A lord of lands	1908	0.61	1.0	dul1.ark+=13960=t2w381z9s	/works/OL243018W	oclc	
OL24302W	2	1	The lost gold of the Montezumas	1898	0.88	1.0	uc1.b3332988|uc2.ark+=13960=t5p84cm3q	/works/OL24302W	oclc	
OL24311W	1	1	The heart of it;	1880	0.89	1.0	uc2.ark+=13960=t8mc8sg25	/works/OL24311W	oclc	
OL24315W	1	1	Two Arrows;	1886	0.81	0.999	nyp.33433082257365	/works/OL24315W	oclc	
OL243190W	3	1	Tin-types taken in the streets of New York;	1890	0.89	1.0	mdp.39015030150554|uc2.ark+=13960=t06w96h07|uc2.ark+=13960=t6h12vs8q	/works/OL243190W	oclc	
OL243207W	3	1	Under fire;	1917	0.67	1.0	nyp.33433082478599|uc1.b4065392|uc2.ark+=13960=t1dj59149	/works/OL243207W	oclc	
OL243303W	2	1	Dan Russell the fox	1911	0.87	1.0	uc1.b4088652|uc2.ark+=13960=t40r9tv6x	/works/OL243303W	oclc	
OL243373W	1	1	Blue Eye;	1905	0.87	1.0	uc2.ark+=13960=t3jw86z8g	/works/OL243373W	oclc	
OL243374W	1	1	The iron game	1891	0.84	1.0	uc2.ark+=13960=t6b27rb2f	/works/OL243374W	oclc	
OL24351306W	1	1	Marjorie in command	1910	0.88	0.999	nyp.33433081963005	/works/OL24351306W	oclc	
OL243812W	1	1	The Flamingo Feather	1915	0.83	1.0	uc2.ark+=13960=t9765d66z	/works/OL243812W	oclc	
OL2441349W	1	1	Calvary	1922	0.89	1.0	uc2.ark+=13960=t1mg7jj3c	/works/OL2441349W	oclc	
OL24422111W	1	1	The castaways, or, On the Florida reefs	1888	0.86	1.0	mdp.39015078571695	/works/OL24422111W	oclc	
OL24426757W	1	1	Glengarry school days	1902	0.89	1.0	uc2.ark+=13960=t3tt4k95b	/works/OL24426757W	oclc	
OL24428342W	2	1	Samantha among the colored folks	1898	0.82	0.998	nyp.33433074809785|uc2.ark+=13960=t15m6305r	/works/OL24428342W	oclc	
OL244377W	3	2	The legionaries	1899	0.89	1.0	uc2.ark+=13960=t2n58cv36|nyp.33433074818810|uc2.ark+=13960=t39z90q4t	/works/OL244377W	oclc	
OL24441731W	1	1	Looking forward	1913	0.71	1.0	umn.31951002014780j	/works/OL24441731W	oclc	
OL244479W	2	1	Stage land;	1890	0.67	1.0	mdp.39015063754967|uc2.ark+=13960=t7np2012p	/works/OL244479W	oclc	
OL24452694W	2	1	The stories Polly Pepper told to the five little Peppers in the little brown house	1899	0.89	1.0	uc2.ark+=13960=t80k27v8k|wu.89097998470	/works/OL24452694W	oclc	
OL244531W	3	1	Mr. Foley of Salmon	1907	0.8	1.0	nyp.33433074840590|uc2.ark+=13960=t1cj8871z|uc2.ark+=13960=t3ws8hx4w	/works/OL244531W	oclc	
OL244890W	1	1	At a winter's fire	1899	0.89	1.0	nyp.33433074935127	/works/OL244890W	oclc	
OL245340W	2	1	Captured by the Navajos	1904	0.87	1.0	njp.32101068166758|uc2.ark+=13960=t4rj49535	/works/OL245340W	oclc	
OL245396W	2	1	Double harness	1904	0.89	1.0	uc1.b3322628|uc2.ark+=13960=t3qv3mg51	/works/OL245396W	oclc	
OL245502W	1	1	Mr. Durant of Salt Lake City	1893	0.86	1.0	uc2.ark+=13960=t26970b1x	/works/OL245502W	oclc	
OL2455400W	3	1	The millionaire	1915	0.88	1.0	mdp.39015003528695|nyp.33433067265805|uc2.ark+=13960=t5p849h22	/works/OL2455400W	oclc	
OL245676W	1	1	The rose of the wilderness;	1901	0.69	1.0	uc2.ark+=13960=t75t3gn8v	/works/OL245676W	oclc	
OL245953W	7	4	Barabbas	1901	0.9	1.0	ien.35556007012321|uc2.ark+=13960=t6k06z45s|uc1.b3321288|uc2.ark+=13960=t57d2zk9s|uiuo.ark+=13960=t22b9bc59|uiuo.ark+=13960=t7tm7j845|uiuo.ark+=13960=t87h1x13s	/works/OL245953W	oclc	
OL245961W	3	1	The thrall of Leif the Lucky	1902	0.9	1.0	mdp.39015063942315|nyp.33433075785745|uc2.ark+=13960=t07w6768n	/works/OL245961W	oclc	
OL2459822W	1	1	Bohemia in London	1907	0.5	0.998	uc2.ark+=13960=t7tm74x18	/works/OL2459822W	oclc	
OL246149W	2	1	Crusoe in New York	1880	0.89	1.0	mdp.39015078571448|uc1.b249231	/works/OL246149W	oclc	
OL246173W	2	1	Old Squire;	1903	0.83	1.0	njp.32101064787748|nyp.33433004008672	/works/OL246173W	oclc	
OL2462434W	1	1	The tenant of Wildfell hall	1922	0.89	1.0	mdp.39015008993712	/works/OL2462434W	oclc	
OL246261W	3	1	The pride of Palomar	1921	0.89	1.0	mdp.39015025133664|uc1.$b799453|uc1.b3710726	/works/OL246261W	oclc	
OL2463035W	2	1	The Swiss family Robinson, or, The adventures of a shipwrecked family on an uninhabited isle near New Guinea	1909	0.85	0.999	mdp.39015078574715|mdp.39015078574855	/works/OL2463035W	oclc	
OL246364W	2	2	The ne'er-do-well	1911	0.89	1.0	nyp.33433074837356|mdp.39015030855822	/works/OL246364W	oclc	
OL246504W	1	1	The second deluge	1912	0.67	1.0	uc2.ark+=13960=t9h41k936	/works/OL246504W	oclc	
OL246553W	1	1	The girl scout pioneers; or, Winning the first B.C	1920	0.83	1.0	nyp.33433082303714	/works/OL246553W	oclc	
OL246827W	2	1	A colonial free-lance	1897	0.82	0.999	nyp.33433076064959|uc2.ark+=13960=t7xk8559n	/works/OL246827W	oclc	
OL246828W	2	1	In defiance of the king	1895	0.82	0.999	uc2.ark+=13960=t3vt1h083|uc2.ark+=13960=t4kk94m9h	/works/OL246828W	oclc	
OL247042W	7	3	The bar sinister	1920	0.88	1.0	uc1.b3578352|uc2.ark+=13960=t6f18tr0n|uc1.b3909003|mdp.39015022368180|mdp.39015048712445|nyp.33433074843222|uc1.b3561977	/works/OL247042W	oclc	
OL247045W	3	1	The consul	1911	0.73	0.999	mdp.39015011823518|nyp.33433074843529|uc1.$b807230	/works/OL247045W	oclc	
OL247056W	1	1	Stories for boys	1891	0.87	0.999	uc1.b249785	/works/OL247056W	oclc	
OL247065W	5	2	The White mice	1909	0.89	1.0	mdp.39015031228037|nyp.33433074843214|uc1.b3325373|uc1.b3561865|uc2.ark+=13960=t9m32pt2n	/works/OL247065W	oclc	
OL247067W	4	3	The scarlet car; The Princess Aline	1910	0.88	1.0	mdp.39015048712155|uc2.ark+=13960=t9c53j43d|pst.000009792104|uc2.ark+=13960=t13n21g6w	/works/OL247067W	oclc	
OL247071W	3	1	Cinderella, and other stories	1896	0.88	1.0	mdp.39015025367593|mdp.39015031228557|uc1.b249492	/works/OL247071W	oclc	
OL247075W	6	4	Soldiers of fortune	1902	0.89	1.0	nyp.33433074843388|nyp.33433074845995|uc1.b3325372|uc2.ark+=13960=t5j960n3g|uc1.b3578357|uc2.ark+=13960=t9959p11d	/works/OL247075W	oclc	
OL247078W	3	2	The exiles and other stories	1918	0.89	1.0	uc1.b3561861|wu.89099779761|uc1.b3324239	/works/OL247078W	oclc	
OL247079W	5	3	Captain Macklin	1902	0.89	1.0	mdp.39015051338856|uc2.ark+=13960=t3pv6bf8j|uc2.ark+=13960=t5db7w69s|uc2.ark+=13960=t21c1x26s|pst.000009792036	/works/OL247079W	oclc	
OL247080W	2	2	The Red Cross girl	1916	0.88	1.0	wu.89099779811|mdp.39015063546231	/works/OL247080W	oclc	
OL247081W	3	3	Van Bibber and others	1892	0.89	1.0	mdp.39015031228177|uc2.ark+=13960=t2r49gk1v|uc1.b3546424	/works/OL247081W	oclc	
OL247082W	5	3	The lion and the unicorn	1905	0.88	1.0	mdp.39015011823575|uc2.ark+=13960=t3416t83f|mdp.39076001816037|uc2.ark+=13960=t6m03zg3g|mdp.39015031228243	/works/OL247082W	oclc	
OL247084W	4	2	The king's jackal	1903	0.87	0.999	mdp.39076001816029|uc2.ark+=13960=t6833nj3k|mdp.39015048712411|nyp.33433074951348	/works/OL247084W	oclc	
OL247086W	3	3	Gallegher	1905	0.89	1.0	mdp.39015063546223|uc2.ark+=13960=t9765b38r|uc1.b3561863	/works/OL247086W	oclc	
OL247115W	3	1	Selected Polish tales	1921	0.83	1.0	mdp.39015008541370|mdp.39015028685645|mdp.39015049761797	/works/OL247115W	oclc	
OL247396W	2	1	The Shan Van Vocht	1889	0.9	1.0	uc1.b3326499|uc2.ark+=13960=t6xw4hm31	/works/OL247396W	oclc	
OL247437W	3	1	The woman who lost him, and tales of the army frontier	1913	0.88	1.0	nyp.33433074893706|uc1.b3581497|uc2.ark+=13960=fk3pv6bb61	/works/OL247437W	oclc	
OL247941W	1	1	Told at Tuxedo	1887	0.87	1.0	uc2.ark+=13960=t05x25x12	/works/OL247941W	oclc	
OL24794877W	2	2	The sampo;	1912	0.83	0.998	uva.x000982048|nyp.33433068187404	/works/OL24794877W	oclc	
OL2480213W	1	1	The magic story of success	1914	0.71	1.0	mdp.39015027615056	/works/OL2480213W	oclc	
OL248265W	3	1	Madame Sans-Gêne	1895	0.9	1.0	njp.32101064470444|nyp.33433075799761|uc2.ark+=13960=t8cf9n569	/works/OL248265W	oclc	
OL248876W	2	1	The shadow of the war	1884	0.89	1.0	njp.32101065709758|uc2.ark+=13960=t5j960r3t	/works/OL248876W	oclc	
OL249076W	1	1	The boy broker, or, Among the kings of Wall Street	1888	0.89	1.0	uc2.ark+=13960=t6057d92s	/works/OL249076W	oclc	
OL2492689W	1	1	The gate of the kiss;	1902	0.8	0.999	nyp.33433074852678	/works/OL2492689W	oclc	
OL249306W	2	1	The awakening of Helena Richie	1906	0.89	0.999	nyp.33433074812466|uc2.ark+=13960=t5r786w50	/works/OL249306W	oclc	
OL249393W	3	2	Greyfriars Bobby	1912	0.74	1.0	mdp.39015027550535|nyp.33433082248414|uc2.ark+=13960=t0cv4c542	/works/OL249393W	oclc	
OL249412W	3	3	John Inglesant	1903	0.89	1.0	uc2.ark+=13960=t52f7m88t|uiuo.ark+=13960=t9z03rv69|uc1.b4105426	/works/OL249412W	oclc	
OL24947136W	1	1	Embarrassments	1896	0.78	1.0	nnc1.cu58354093	/works/OL24947136W	oclc	
OL24950997W	1	1	The flute of the gods	1909	0.83	1.0	mdp.39015012346386	/works/OL24950997W	oclc	
OL2495578W	2	1	Bold Robin Hood and his outlaw band	1912	0.87	1.0	njp.32101068585395|uc2.ark+=13960=t7pn8zw55	/works/OL2495578W	oclc	
OL24959597W	1	1	In the valley	1907	0.8	1.0	nnc1.0026683725	/works/OL24959597W	oclc	
OL24963072W	2	1	The last war trail	1889	0.89	1.0	uc1.b3331827|uc2.ark+=13960=t38056643	/works/OL24963072W	oclc	
OL24969579W	1	1	The motor boys in the clouds	1910	0.83	0.999	mdp.39076002631542	/works/OL24969579W	oclc	
OL24970887W	1	1	Nights with Uncle Remus;	1889	0.9	0.944	mdp.39015000551872	/works/OL24970887W	oclc	
OL249812W	1	1	The Bittermeads mystery	1922	0.88	0.999	nyp.33433075873137	/works/OL249812W	oclc	
OL24981550W	1	1	The romance of King Arthur and his knights of the Round Table	1917	0.66	1.0	nyp.33433082514542	/works/OL24981550W	oclc	
OL24994332W	1	1	Vittoria	1914	0.88	0.999	uc2.ark+=13960=t7br9110p	/works/OL24994332W	oclc	
OL250350W	1	1	Dead men tell no tales	1899	0.89	1.0	uc2.ark+=13960=t2t43q19s	/works/OL250350W	oclc	
OL250352W	5	3	The amateur cracksman	1902	0.88	1.0	nyp.33433074876339|uc1.b4711428|uc2.ark+=13960=t8rb7954t|uc2.ark+=13960=t6542qk5v|mdp.39015007003935	/works/OL250352W	oclc	
OL250353W	1	1	A thief in the night	1905	0.89	1.0	uc2.ark+=13960=t5bc40398	/works/OL250353W	oclc	
OL250433W	2	1	My debut in journalism and other odd happenings	1892	0.89	1.0	nyp.33433076049109|uc1.b4101417	/works/OL250433W	oclc	
OL250461W	1	1	Seven little Australians	1912	0.81	0.999	uc2.ark+=13960=t4qj7b035	/works/OL250461W	oclc	
OL2504698W	3	1	Canadian stories	1918	0.78	1.0	loc.ark+=13960=t9z03n96w|mdp.39015059405293|nyp.33433074869045	/works/OL2504698W	oclc	
OL250558W	1	1	The enchanted golf clubs	1920	0.73	0.999	nyp.33433074895321	/works/OL250558W	oclc	
OL25065525W	2	1	The Yoke	1904	0.81	0.999	nyp.33433076046030|uc2.ark+=13960=t0ks6j44m	/works/OL25065525W	oclc	
OL2508119W	1	1	John Brody's astral body	1908	0.84	1.0	nyp.33433084129869	/works/OL2508119W	oclc	
OL2508126W	1	1	Ruby Floyd's temptation	1915	0.87	0.999	nyp.33433074823034	/works/OL2508126W	oclc	
OL2508135W	1	1	The cloak room thief	1906	0.83	1.0	uc2.ark+=13960=t9571np0f	/works/OL2508135W	oclc	
OL2508141W	1	1	The trial balance	1913	0.88	1.0	nyp.33433082524194	/works/OL2508141W	oclc	
OL2508143W	1	1	The woman trustee : and other stories about schools	1904	0.87	1.0	uc2.ark+=13960=t17m06m8v	/works/OL2508143W	oclc	
OL2508895W	2	1	A league of justice, or, Is it right to rob robbers?	1893	0.87	1.0	uc1.b51330|uc2.ark+=13960=t6g15wm58	/works/OL2508895W	oclc	
OL250908W	1	1	The high history of the Holy Graal	1898	0.53	1.0	uc2.ark+=13960=t1vd6s60f	/works/OL250908W	oclc	
OL2509635W	2	1	John Charáxes	1889	0.88	1.0	nc01.ark+=13960=t0ks7970h|njp.32101068168309	/works/OL2509635W	oclc	
OL2510413W	2	1	A Washington winter	1883	0.89	1.0	njp.32101068166956|uc2.ark+=13960=t1jh3f83r	/works/OL2510413W	oclc	
OL251700W	2	1	D'Arcy of the Guards; or, The fortunes of war	1899	0.88	1.0	nyp.33433076044670|uc2.ark+=13960=t8mc8tz78	/works/OL251700W	oclc	
OL2518067W	1	1	Buck Jones at Annapolis	1907	0.88	1.0	uc2.ark+=13960=t7br8pf4g	/works/OL2518067W	oclc	
OL251972W	2	1	The Big-Horn treasure	1897	0.89	0.995	nyp.33433074861778|uc1.b248568	/works/OL251972W	oclc	
OL252014W	2	1	Maple range	1882	0.9	1.0	nyp.33433074800693|uc2.ark+=13960=t4xg9fm0z	/works/OL252014W	oclc	
OL2522633W	1	1	California three hundred and fifty years ago	1888	0.88	1.0	uc1.b112032	/works/OL2522633W	oclc	
OL2523226W	1	1	Cæsar's column	1890	0.89	1.0	dul1.ark+=13960=t79s2dz54	/works/OL2523226W	oclc	
OL2523229W	1	1	The golden bottle, or, The story of Ephraim Benezet of Kansas	1892	0.88	1.0	dul1.ark+=13960=t5p84z36g	/works/OL2523229W	oclc	
OL252355W	2	1	Across Texas	1893	0.89	1.0	uc1.b3331829|uc2.ark+=13960=t4hm5b76t	/works/OL252355W	oclc	
OL252418W	1	1	The auroraphone	1890	0.83	1.0	nyp.33433074846472	/works/OL252418W	oclc	
OL2525150W	1	1	Frank Armstrong at Queens	1911	0.87	1.0	nyp.33433082521018	/works/OL2525150W	oclc	
OL2526664W	1	1	Felice Constant, or, The master passion	1904	0.88	1.0	nyp.33433076021793	/works/OL2526664W	oclc	
OL2527201W	2	1	The Quakeress	1905	0.89	1.0	nyp.33433074812409|uc2.ark+=13960=t1pg1k90j	/works/OL2527201W	oclc	
OL2527349W	2	1	McLean	1904	0.88	1.0	mdp.39015030855475|uc2.ark+=13960=t8tb0zd6r	/works/OL2527349W	oclc	
OL252779W	1	1	The man who dared	1899	0.82	1.0	uc2.ark+=13960=t0tq5rr7q	/works/OL252779W	oclc	
OL2529324W	1	1	The story of Phaedrus;	1914	0.84	1.0	uc2.ark+=13960=t54f1n695	/works/OL2529324W	oclc	
OL2529390W	1	1	Quaker Ben	1911	0.77	0.999	nyp.33433074893623	/works/OL2529390W	oclc	
OL2529393W	2	1	The Latimers;	1898	0.9	1.0	mdp.39015012312495|uc1.b3325496	/works/OL2529393W	oclc	
OL2529828W	2	1	Knights in fustian;	1900	0.89	1.0	nc01.ark+=13960=t3kw66g3b|nyp.33433076094071	/works/OL2529828W	oclc	
OL2529829W	2	1	On the We-a trail	1903	0.88	0.999	nyp.33433074967047|uc2.ark+=13960=t6sx64v5f	/works/OL2529829W	oclc	
OL25298364W	1	1	Tales	1909	0.56	1.0	uva.x000178879	/works/OL25298364W	oclc	
OL253247W	1	1	The white chief of the Ottawa	1903	0.66	1.0	nyp.33433074942099	/works/OL253247W	oclc	
OL253478W	1	1	The fairy-folk of Blue Hill	1895	0.89	1.0	uc1.$b408728	/works/OL253478W	oclc	
OL253870W	2	1	The maid of Mirabelle	1920	0.86	1.0	uc2.ark+=13960=t3qv3dv8x|uva.x000854287	/works/OL253870W	oclc	
OL2539255W	2	1	The golden dog (Le chien d'or)	1897	0.89	1.0	uc1.b3579164|uc2.ark+=13960=t39z98r8h	/works/OL2539255W	oclc	
OL254062W	2	2	Sanine	1916	0.84	1.0	njp.32101071958985|mdp.39015005029767	/works/OL254062W	oclc	
OL254209W	1	1	A busy year at the old squire's	1922	0.81	1.0	uc2.ark+=13960=t9h41km75	/works/OL254209W	oclc	
OL254292W	1	1	Macon Moore, the southern detective	1881	0.69	1.0	uc2.ark+=13960=t4fn1182t	/works/OL254292W	oclc	
OL254305W	1	1	The golden book of Venice;	1900	0.6	1.0	uc2.ark+=13960=t4xg9fs63	/works/OL254305W	oclc	
OL254332W	2	1	Two wilderness voyagers;	1902	0.89	1.0	njp.32101068175411|uc2.ark+=13960=t15m62q48	/works/OL254332W	oclc	
OL254727W	1	1	"""Georgie,"""	1906	0.88	0.999	uc2.ark+=13960=t57d2rs90	/works/OL254727W	oclc	
OL2550850W	1	1	The woman's story	1889	0.89	0.999	uc2.ark+=13960=t7vm4467x	/works/OL2550850W	oclc	
OL255269W	2	1	Before the dawn;	1901	0.76	1.0	nyp.33433076022841|uc2.ark+=13960=t6vx08216	/works/OL255269W	oclc	
OL2556414W	1	1	Danbury Rodd, aviator	1910	0.89	1.0	nyp.33433076060072	/works/OL2556414W	oclc	
OL2556432W	3	1	The last shot	1914	0.9	1.0	mdp.39015063946670|nyp.33433076060064|uc2.ark+=13960=t7br8nv8c	/works/OL2556432W	oclc	
OL2556442W	2	1	The ways of the service	1901	0.89	1.0	nyp.33433076060031|uc2.ark+=13960=t6f18vc61	/works/OL2556442W	oclc	
OL255716W	1	1	The mystery of the Boule cabinet;	1912	0.88	1.0	mdp.39015063960531	/works/OL255716W	oclc	
OL255719W	1	1	A soldier of Virginia;	1901	0.85	0.999	uc2.ark+=13960=t6h12vq2x	/works/OL255719W	oclc	
OL255978W	3	1	A master of craft	1900	0.84	1.0	nyp.33433074867015|uc1.b244986|uc2.ark+=13960=t9f47ks91	/works/OL255978W	oclc	
OL256118W	3	1	Geber;	1900	0.82	1.0	njp.32101064787631|nyp.33433074835749|uc2.ark+=13960=t4gm81z6b	/works/OL256118W	oclc	
OL256384W	6	3	Both sides the border	1898	0.89	1.0	mdp.39015073486998|nyp.33433082547096|uc1.b3332207|uc2.ark+=13960=t9f47rv8h|mdp.39015073487020|uc2.ark+=13960=t5m902s1g	/works/OL256384W	oclc	
OL256385W	1	1	Jack Archer	1884	0.89	1.0	nyp.33433082547856	/works/OL256385W	oclc	
OL256386W	4	2	The young Carthaginian	1887	0.9	1.0	nyp.33433082306063|nyp.33433082547567|mdp.39015073480512|mdp.39015073480520	/works/OL256386W	oclc	
OL256387W	4	1	With Lee in Virginia	1890	0.88	1.0	mdp.39015073480066|mdp.39015073480124|mdp.39015073480876|nc01.ark+=13960=t43r1gf3v	/works/OL256387W	oclc	
OL257073W	2	1	Guinea gold	1912	0.84	1.0	nyp.33433074859780|uc2.ark+=13960=t7qn6336j	/works/OL257073W	oclc	
OL2571501W	1	1	Stories of the wars of the Jews	1900	0.87	0.998	uc2.ark+=13960=t5db81995	/works/OL2571501W	oclc	
OL257193W	1	1	Katie of birdland;	1917	0.79	1.0	uc2.ark+=13960=t2q52gh2t	/works/OL257193W	oclc	
OL257247W	2	1	The romance of Swedenborg's life	1890	0.72	1.0	uc1.b272197|uc2.ark+=13960=t25b01x39	/works/OL257247W	oclc	
OL2575591W	2	2	The great quest;	1922	0.89	1.0	uc2.ark+=13960=t17m0792b|njp.32101066123066	/works/OL2575591W	oclc	
OL25773504W	1	1	Romola	1909	0.87	1.0	uc1.b4101350	/works/OL25773504W	oclc	
OL260291W	3	1	What's mine's mine	1886	0.89	1.0	uiuo.ark+=13960=t0jt05v28|uiuo.ark+=13960=t75t4542w|uiuo.ark+=13960=t80k2wj2h	/works/OL260291W	oclc	
OL2607364W	2	2	Siri Ram, revolutionist;	1922	0.86	1.0	uc2.ark+=13960=t6j101240|uc2.ark+=13960=t40r9p709	/works/OL2607364W	oclc	
OL2607365W	2	1	Abdication	1922	0.66	1.0	nyp.33433074935226|uc2.ark+=13960=t56d5rv7r	/works/OL2607365W	oclc	
OL261828W	3	1	Potterism	1920	0.87	1.0	mdp.39015054188837|nyp.33433074875265|uc2.ark+=13960=t6rx96g74	/works/OL261828W	oclc	
OL261833W	3	2	Dangerous ages	1921	0.89	1.0	uc2.ark+=13960=t1kh0hd22|nyp.33433074875059|uc2.ark+=13960=t3jw89j6c	/works/OL261833W	oclc	
OL262384W	1	1	The sea fairies	1911	0.89	1.0	njp.32101067629780	/works/OL262384W	oclc	
OL2624004W	3	1	The dawn-builder	1911	0.84	1.0	mdp.39015008607940|nyp.33433076023328|uc2.ark+=13960=t6nz84c4j	/works/OL2624004W	oclc	
OL2624006W	2	1	The lonesome trail	1907	0.89	1.0	uc1.b3176724|uc2.ark+=13960=t4hm53r4p	/works/OL2624006W	oclc	
OL2624011W	2	1	Life's lure	1914	0.89	1.0	nyp.33433076023310|uc2.ark+=13960=t77s7nj5x	/works/OL2624011W	oclc	
OL2624018W	3	1	The river and I	1910	0.75	0.999	loc.ark+=13960=t1zc8862j|nyp.33433081818431|uc2.ark+=13960=t9959qp77	/works/OL2624018W	oclc	
OL262421W	1	1	Adventures of Sherlock Holmes	1892	0.89	1.0	mdp.39015049217741	/works/OL262421W	oclc	
OL262452W	3	1	His last bow	1917	0.89	1.0	nyp.33433074968045|uc1.32106001934923|uc2.ark+=13960=t1qf8kq11	/works/OL262452W	oclc	
OL262454W	1	1	The hound of the Baskervilles	1921	0.89	1.0	mdp.39015062324325	/works/OL262454W	oclc	
OL262455W	4	2	Rodney Stone	1896	0.9	1.0	uc2.ark+=13960=t5q816v6d|mdp.39015063957164|uc1.b3578474|uc2.ark+=13960=t4th8fn89	/works/OL262455W	oclc	
OL262460W	1	1	The lost world	1912	0.8	1.0	njp.32101064789157	/works/OL262460W	oclc	
OL262463W	2	2	Memoirs of Sherlock Holmes	1894	0.89	1.0	uc1.32106001934964|uc2.ark+=13960=t6nz82w3z	/works/OL262463W	oclc	
OL262473W	2	2	The mystery of Cloomber	1895	0.89	1.0	uc2.ark+=13960=t39020s4d|uva.x000937934	/works/OL262473W	oclc	
OL262477W	1	1	The return of Sherlock Holmes	1905	0.89	0.999	uc2.ark+=13960=t45q4tp5h	/works/OL262477W	oclc	
OL262498W	2	2	A study in scarlet	1904	0.88	1.0	njp.32101068151313|coo.31924012099044	/works/OL262498W	oclc	
OL262501W	2	2	The tragedy of the Korosko	1898	0.9	1.0	uc1.b3578479|mdp.39015063957321	/works/OL262501W	oclc	
OL262502W	4	2	Uncle Bernac	1897	0.89	1.0	uc1.b111897|uc2.ark+=13960=t7qn61w23|mdp.39015033602817|uc2.ark+=13960=t44q7rg3v	/works/OL262502W	oclc	
OL262505W	1	1	The valley of fear	1914	0.89	1.0	nyp.33433074968649	/works/OL262505W	oclc	
OL262517W	2	1	The Croxley master	1907	0.85	1.0	mdp.39015063573227|uc2.ark+=13960=t3513xh5z	/works/OL262517W	oclc	
OL262546W	5	4	Round the red lamp;	1904	0.89	1.0	uc2.ark+=13960=t2g739x9d|uc1.b4104767|uc1.b3578475|uc2.ark+=13960=t1jh3p882|njp.32101013265762	/works/OL262546W	oclc	
OL262564W	2	2	The parasite	1894	0.87	0.999	mdp.39015036865205|inu.32000006175071	/works/OL262564W	oclc	
OL262574W	1	1	The Stark Munro letters	1895	0.87	1.0	inu.32000013179256	/works/OL262574W	oclc	
OL262581W	2	1	The exploits of Brigadier Gerard	1902	0.9	0.999	uc1.b4110032|uc2.ark+=13960=t53f4xn56	/works/OL262581W	oclc	
OL262583W	2	2	Sir Nigel	1906	0.89	1.0	uva.x000600414|mdp.39015047642387	/works/OL262583W	oclc	
OL262588W	1	1	Micah Clarke	1892	0.89	1.0	uc2.ark+=13960=t2d798400	/works/OL262588W	oclc	
OL262591W	7	3	The refugees	1893	0.9	1.0	uiuo.ark+=13960=t2988xr4w|uiuo.ark+=13960=t49p3rf71|uiuo.ark+=13960=t53f5g07n|mdp.39015063957313|nyp.33433074968680|uc1.b248742|uc2.ark+=13960=t46q1w638	/works/OL262591W	oclc	
OL262595W	1	1	The adventures of Gerard	1903	0.88	1.0	uc1.b3578367	/works/OL262595W	oclc	
OL262596W	1	1	The poison belt	1913	0.86	1.0	uva.x001689900	/works/OL262596W	oclc	
OL2635291W	4	1	The golden fleece and the heroes who lived before Achilles	1921	0.84	1.0	mdp.39015024362215|nc01.ark+=13960=t2b869x09|uc1.b4098884|uc2.ark+=13960=t55d8p836	/works/OL2635291W	oclc	
OL2635346W	3	1	The boy apprenticed to an enchanter	1920	0.81	1.0	loc.ark+=13960=t8x92qh8h|uc1.b3868727|uc2.ark+=13960=t81j9jf72	/works/OL2635346W	oclc	
OL2635364W	1	1	The boy who knew what the birds said	1920	0.77	0.999	uc2.ark+=13960=t2q52ft0g	/works/OL2635364W	oclc	
OL2635379W	1	1	The king of Ireland's son	1921	0.83	1.0	mdp.39015009156541	/works/OL2635379W	oclc	
OL2639862W	1	1	Lone Bull's mistake	1918	0.87	0.999	nyp.33433076044167	/works/OL2639862W	oclc	
OL2639869W	1	1	Running Eagle	1919	0.83	1.0	uva.x000596453	/works/OL2639869W	oclc	
OL2639877W	1	1	The war-trail fort	1921	0.88	1.0	njp.32101079836324	/works/OL2639877W	oclc	
OL2639888W	1	1	The trail of the Spanish horse	1922	0.88	1.0	njp.32101064627357	/works/OL2639888W	oclc	
OL2639892W	1	1	The gold cache	1917	0.88	1.0	nyp.33433076044175	/works/OL2639892W	oclc	
OL2639893W	1	1	The quest of the fish-dog skin	1913	0.88	0.999	nyp.33433022847069	/works/OL2639893W	oclc	
OL2646750W	2	2	Cheerful, by request	1918	0.89	1.0	mdp.39015003346916|uc2.ark+=13960=t9r20td9f	/works/OL2646750W	oclc	
OL2646754W	3	1	The girls	1921	0.89	1.0	njp.32101013098304|uc1.b4097383|uc2.ark+=13960=fk6rx93q7b	/works/OL2646754W	oclc	
OL2646759W	3	1	Dawn O'Hara, the girl who laughed	1911	0.89	1.0	mdp.39015002725607|uc2.ark+=13960=t4fn11x7r|uva.x000179675	/works/OL2646759W	oclc	
OL2646760W	3	1	Half portions	1920	0.9	1.0	mdp.39015002725698|uc1.b3687767|uc2.ark+=13960=t7rn31j95	/works/OL2646760W	oclc	
OL2646763W	1	1	Personality plus;	1914	0.85	0.998	nyp.33433074807896	/works/OL2646763W	oclc	
OL2646764W	3	2	Gigolo	1922	0.89	1.0	nyp.33433074807904|uc1.b3687764|uc2.ark+=13960=t81j99563	/works/OL2646764W	oclc	
OL2646765W	1	1	Fanny herself	1917	0.88	1.0	uc2.ark+=13960=t2x34q741	/works/OL2646765W	oclc	
OL2646766W	1	1	Roast beef, medium;	1913	0.88	0.999	mdp.39015002725490	/works/OL2646766W	oclc	
OL2646771W	4	3	Buttered side down;	1912	0.88	1.0	mdp.39015003345280|uc1.b3122343|uc2.ark+=13960=t84j0cd72|uc1.32106002106513	/works/OL2646771W	oclc	
OL26668762W	1	1	Jo's boys, and how they turned out	1886	0.89	1.0	uc2.ark+=13960=t7vm44344	/works/OL26668762W	oclc	
OL2670598W	1	1	Pennsylvania stories	1899	0.88	0.999	uc1.b312337	/works/OL2670598W	oclc	
OL267110W	1	1	The Kreutzer sonata	1890	0.59	1.0	uva.x000415636	/works/OL267110W	oclc	
OL267124W	4	1	Sebastopol	1887	0.69	1.0	mdp.39015042016108|nyp.33433068033681|nyp.33433078795451|uc2.ark+=13960=t75t3m587	/works/OL267124W	oclc	
OL267170W	1	1	Twenty-three tales	1906	0.87	1.0	coo.31924014425056	/works/OL267170W	oclc	
OL267174W	4	1	Iván Ilyitch, and other stories	1887	0.78	1.0	mdp.39015050319212|uc1.32106006449984|uc1.b320514|uc2.ark+=13960=t9h41q602	/works/OL267174W	oclc	
OL2681002W	2	1	The double life of Mr. Alfred Burton	1913	0.89	0.999	nyp.33433074961743|uc2.ark+=13960=t09w0bn3n	/works/OL2681002W	oclc	
OL2681005W	2	1	The master mummer	1904	0.89	1.0	nyp.33433074969142|uc2.ark+=13960=t6154gr2m	/works/OL2681005W	oclc	
OL2681014W	1	1	The cinema murder	1917	0.89	1.0	nyp.33433074961289	/works/OL2681014W	oclc	
OL2681017W	1	1	The great Prince Shan	1922	0.89	1.0	uc2.ark+=13960=t7sn01t31	/works/OL2681017W	oclc	
OL2681020W	2	1	The profiteers	1921	0.88	1.0	nyp.33433075745004|uc2.ark+=13960=t6m040w5m	/works/OL2681020W	oclc	
OL2681026W	2	1	A prince of sinners	1903	0.89	1.0	mdp.39015063924875|uc2.ark+=13960=t8x923n7c	/works/OL2681026W	oclc	
OL2681027W	2	1	The avenger	1908	0.89	1.0	mdp.39015063936804|nyp.33433074961677	/works/OL2681027W	oclc	
OL2681028W	1	1	The box with broken seals	1919	0.88	1.0	uc2.ark+=13960=t7wm18x6p	/works/OL2681028W	oclc	
OL2681029W	2	2	Peter Ruff and the Double-four	1912	0.89	1.0	uc2.ark+=13960=t7cr65388|nyp.33433075744981	/works/OL2681029W	oclc	
OL2681030W	1	1	The yellow crayon	1903	0.89	1.0	uc2.ark+=13960=t2s46jt6d	/works/OL2681030W	oclc	
OL2681033W	1	1	The great secret	1907	0.87	0.999	nyp.33433074969027	/works/OL2681033W	oclc	
OL2681034W	2	2	The devil's paw	1920	0.87	1.0	uc2.ark+=13960=t4bp00078|nyp.33433074961750	/works/OL2681034W	oclc	
OL2681036W	2	1	The pawns count	1918	0.83	1.0	nyp.33433075744957|uc2.ark+=13960=t9d50j52j	/works/OL2681036W	oclc	
OL26911292W	1	1	Gloriana, or, The revolution of 1900	1890	0.53	1.0	dul1.ark+=13960=t7br9fz74	/works/OL26911292W	oclc	
OL2697756W	1	1	Knocknagow	1887	0.9	1.0	uc2.ark+=13960=t4sj1c69h	/works/OL2697756W	oclc	
OL2697869W	1	1	In the wake of King James	1915	0.89	1.0	uc2.ark+=13960=t3pv6ck0w	/works/OL2697869W	oclc	
OL2697877W	1	1	Finn and his companions	1921	0.71	1.0	uc2.ark+=13960=t0cv4hx90	/works/OL2697877W	oclc	
OL2700567W	4	2	Karma	1918	0.57	0.999	njp.32101066164839|uc1.b3322415|uc2.ark+=13960=t1ng4r069|uc2.ark+=13960=t1vd6pg2r	/works/OL2700567W	oclc	
OL2700626W	3	2	The promise of air	1918	0.84	1.0	uc2.ark+=13960=t1bk19657|mdp.39015030851805|nyp.33433074940754	/works/OL2700626W	oclc	
OL2700644W	2	1	The garden of survival	1919	0.82	1.0	mdp.39015051348913|uc2.ark+=13960=t9t14vn7t	/works/OL2700644W	oclc	
OL2700645W	1	1	The extra day	1915	0.83	1.0	uc2.ark+=13960=t8cf9mv4w	/works/OL2700645W	oclc	
OL2700647W	2	1	The empty house	1915	0.89	1.0	uc1.b3578940|uc2.ark+=13960=t9h41vd2c	/works/OL2700647W	oclc	
OL2700648W	2	2	A prisoner in fairyland (the book that 'Uncle Paul' wrote)	1913	0.84	1.0	uva.x030751450|uc2.ark+=13960=t9s181c7h	/works/OL2700648W	oclc	
OL2700649W	1	1	The human chord	1916	0.84	1.0	njp.32101066164854	/works/OL2700649W	oclc	
OL2700650W	2	1	The centaur	1916	0.88	1.0	uc1.b4104043|uc2.ark+=13960=t26970k0k	/works/OL2700650W	oclc	
OL2703163W	3	1	Cattle brands	1906	0.86	1.0	mdp.39015033517015|uc1.b3321792|uc2.ark+=13960=t6736ng8x	/works/OL2703163W	oclc	
OL2703165W	1	1	Wells brothers	1911	0.54	1.0	uc2.ark+=13960=t2f768q56	/works/OL2703165W	oclc	
OL2703166W	1	1	A Texas matchmaker	1904	0.82	1.0	mdp.39015063740461	/works/OL2703166W	oclc	
OL2703167W	2	1	The outlet	1905	0.68	1.0	mdp.39015063740347|uc1.b3578804	/works/OL2703167W	oclc	
OL2703168W	3	1	The log of a cowboy;	1903	0.66	1.0	nyp.33433082175625|uc1.b3547194|uc2.ark+=13960=t3nv99n37	/works/OL2703168W	oclc	
OL2705030W	1	1	My Lady Laughter	1904	0.9	1.0	uc2.ark+=13960=t3bz62q8r	/works/OL2705030W	oclc	
OL27064817W	2	2	The voyage out	1920	0.89	1.0	mdp.39015066060529|uc1.b4082740	/works/OL27064817W	oclc	
OL2708339W	2	1	Suzanna;	1922	0.83	1.0	nyp.33433074853676|uc2.ark+=13960=t75t3hc6q	/works/OL2708339W	oclc	
OL2709972W	2	1	Diverging roads	1919	0.84	1.0	nyp.33433076069990|uc2.ark+=13960=t70v8dd4n	/works/OL2709972W	oclc	
OL2713457W	2	1	Maid Marian and Crotchet castle	1895	0.51	1.0	mdp.39015065980651|nyp.33433075765820	/works/OL2713457W	oclc	
OL2729460W	3	1	Children of the market place	1922	0.56	1.0	mdp.39015013443166|mdp.39015030707072|nyp.33433076052095	/works/OL2729460W	oclc	
OL2729924W	2	1	On the road to Arden	1909	0.88	1.0	nyp.33433076045495|uc2.ark+=13960=t5v699x7m	/works/OL2729924W	oclc	
OL2729926W	2	1	The spirit of the pines	1906	0.79	0.999	nyp.33433076045479|uc2.ark+=13960=t9w08zb9s	/works/OL2729926W	oclc	
OL27304718W	1	1	The heart of Rome	1903	0.83	0.999	coo.31924021967165	/works/OL27304718W	oclc	
OL2731616W	1	1	Dormie one	1917	0.88	1.0	nyp.33433076059116	/works/OL2731616W	oclc	
OL2731621W	1	1	Henry of Navarre, Ohio	1914	0.88	1.0	nyp.33433076058761	/works/OL2731621W	oclc	
OL2732184W	3	1	Tales of the Maine coast	1894	0.83	1.0	nyp.33433081936399|uc2.ark+=13960=t0ft8dk73|uc2.ark+=13960=t3319sh4g	/works/OL2732184W	oclc	
OL2732186W	1	1	The boy settlers	1919	0.88	1.0	uc2.ark+=13960=t3319t43g	/works/OL2732186W	oclc	
OL27332W	6	4	The bread-winners;	1883	0.9	1.0	uc1.b3862900|nyp.33433074853239|uc1.b4102403|uc2.ark+=13960=fk1dj58h5t|mdp.39015035035974|uc2.ark+=13960=t0qr4nx3t	/works/OL27332W	oclc	
OL2735086W	3	1	The revolt of the oyster	1922	0.89	1.0	loc.ark+=13960=t47p9mx0x|nyp.33433074805833|uc2.ark+=13960=t2p55fg8p	/works/OL2735086W	oclc	
OL273540W	2	1	The works of Edgar Allan Poe	1903	0.53	1.0	uc2.ark+=13960=t26970w32|uc2.ark+=13960=t78s4kz45	/works/OL273540W	oclc	
OL273560W	5	2	The works of Edgar Allan Poe	1903	0.6	1.0	uc2.ark+=13960=t26970w32|uc2.ark+=13960=t78s4kz45|mdp.39015001793689|mdp.39015001793754|mdp.39015008695937	/works/OL273560W	oclc	
OL2737488W	2	1	The co-citizens	1915	0.87	1.0	mdp.39015031238929|nyp.33433076071665	/works/OL2737488W	oclc	
OL2737490W	2	1	A circuit rider's widow	1916	0.6	1.0	nyp.33433076071673|uc2.ark+=13960=t76t0j840	/works/OL2737490W	oclc	
OL2737491W	1	1	A circuit rider's wife	1910	0.74	1.0	njp.32101042738177	/works/OL2737491W	oclc	
OL276317W	1	1	The awkward age	1908	0.89	1.0	uc2.ark+=13960=t3jw8718s	/works/OL276317W	oclc	
OL276321W	1	1	The Bostonians;	1886	0.9	1.0	uc2.ark+=13960=t5j96177f	/works/OL276321W	oclc	
OL276325W	2	1	Confidence	1880	0.9	1.0	mdp.39015001591158|mdp.39015065815667	/works/OL276325W	oclc	
OL276326W	1	1	Daisy Miller & An international episode	1892	0.89	1.0	uc2.ark+=13960=t8nc5th3p	/works/OL276326W	oclc	
OL276338W	6	2	The golden bowl	1909	0.9	1.0	uc2.ark+=13960=t1dj58r7r|uc2.ark+=13960=t45q4s31j|uc2.ark+=13960=t87h1fc3g|uva.x000319019|uva.x000335534|uva.x000926858	/works/OL276338W	oclc	
OL276344W	2	1	A landscape painter	1919	0.88	1.0	mdp.39015031241220|mdp.39015047675395	/works/OL276344W	oclc	
OL276365W	4	2	The portrait of a lady	1909	0.85	1.0	mdp.39015000527054|mdp.39015005325165|mdp.39015062063469|uva.x000023136	/works/OL276365W	oclc	
OL276378W	3	2	The siege of London ;	1883	0.89	1.0	uc2.ark+=13960=t45q4s00q|mdp.39015011324038|uc1.b3328901	/works/OL276378W	oclc	
OL276379W	3	2	The spoils of Poynton	1897	0.89	1.0	uc2.ark+=13960=t6639m659|uc1.b4698029|uc2.ark+=13960=t41r6nn3w	/works/OL276379W	oclc	
OL276382W	3	1	Stories revived	1885	0.89	1.0	uc1.b3328903|uc1.b3328904|uc1.b3328905	/works/OL276382W	oclc	
OL276385W	9	3	The tragic muse	1918	0.9	1.0	mdp.39015012203561|mdp.39015047636892|uc2.ark+=13960=t0xp6vx0s|uc2.ark+=13960=t3610wv6p|mdp.39015066681431|mdp.39015066681597|uc1.b4105111|uc1.b4105112|uc2.ark+=13960=t1pg1j44t	/works/OL276385W	oclc	
OL276395W	4	2	Washington square	1901	0.84	1.0	mdp.39015003631754|uc2.ark+=13960=t3hx16k40|uc2.ark+=13960=t6m03zb83|uc2.ark+=13960=t78s4kp33	/works/OL276395W	oclc	
OL276397W	8	2	The wings of the dove	1902	0.89	1.0	uc1.b4105122|uc1.b4105123|uc2.ark+=13960=fk50g3h853|uc2.ark+=13960=fk8pc2tq9r|nyp.33433076072234|nyp.33433076072242|uc1.b4105108|uc2.ark+=13960=fk04x54f6p	/works/OL276397W	oclc	
OL276409W	3	2	The ivory tower	1917	0.87	1.0	mdp.39015059717820|mdp.39015049493359|uc2.ark+=13960=t4qj78s82	/works/OL276409W	oclc	
OL276417W	3	2	The soft side	1900	0.89	1.0	mdp.39015001514713|uc1.b3328902|uc2.ark+=13960=t3cz33833	/works/OL276417W	oclc	
OL276418W	3	3	Terminations ; The death of the lion ; the coxon fund ; The middle years ; The altar of the daed	1895	0.88	1.0	nnc1.cu58347046|uc1.b3328959|nyp.33433062552470	/works/OL276418W	oclc	
OL276428W	1	1	The lesson of the master, The marriages, The pupil, Brooksmith, The solution, Sir Edmund Orme	1892	0.83	1.0	uva.x001863446	/works/OL276428W	oclc	
OL276432W	5	2	The outcry	1911	0.89	1.0	uc2.ark+=13960=t80k27j15|mdp.39015031241063|nyp.33433076065337|uc1.b4105502|uc2.ark+=13960=fk9b56dq3h	/works/OL276432W	oclc	
OL276435W	1	1	The sacred fount	1901	0.9	1.0	uc2.ark+=13960=t3319sx79	/works/OL276435W	oclc	
OL276462W	2	1	The pupil	1916	0.87	0.999	mdp.39015047675353|uc2.ark+=13960=t1vd6pd4t	/works/OL276462W	oclc	
OL276466W	3	2	In the cage	1898	0.85	1.0	pst.000002028965|uc2.ark+=13960=t4vh5dd3h|uc2.ark+=13960=t56d5pq4p	/works/OL276466W	oclc	
OL276467W	4	2	The reverberator	1888	0.89	1.0	mdp.39015019191363|nyp.33433082294889|uc1.$b441030|mdp.39015047637767	/works/OL276467W	oclc	
OL276469W	1	1	What Maisie knew	1897	0.89	1.0	uc2.ark+=13960=t5q815q1s	/works/OL276469W	oclc	
OL276470W	4	1	The ambassadors	1909	0.89	1.0	uc2.ark+=13960=t58c9rp6t|uc2.ark+=13960=t9h41kf7x|uva.x000023141|uva.x000023142	/works/OL276470W	oclc	
OL2771649W	1	1	The vice admiral of the blue	1903	0.83	1.0	nyp.33433076044860	/works/OL2771649W	oclc	
OL27754813W	1	1	Callista, a tale of the third century	1895	0.77	1.0	wu.89097213813	/works/OL27754813W	oclc	
OL27755744W	1	1	Through Luther to liberty	1915	0.82	1.0	wu.89099785750	/works/OL27755744W	oclc	
OL2775770W	2	1	Oh, money! money!	1918	0.88	0.999	nyp.33433076059082|uc2.ark+=13960=t15m62b69	/works/OL2775770W	oclc	
OL2775799W	1	1	Miss Billy	1911	0.89	1.0	uc2.ark+=13960=t5m903w74	/works/OL2775799W	oclc	
OL2775800W	4	1	Mary Marie	1920	0.88	1.0	mdp.39015016749262|nc01.ark+=13960=t82j7j78d|nyp.33433076059587|uc2.ark+=13960=t8hd7pb5m	/works/OL2775800W	oclc	
OL2775803W	2	1	Dawn	1919	0.84	1.0	nyp.33433076059645|uc2.ark+=13960=t2g738v17	/works/OL2775803W	oclc	
OL2775805W	2	1	Just David	1916	0.89	0.999	nyp.33433076059637|uc2.ark+=13960=t3125qn73	/works/OL2775805W	oclc	
OL278134W	1	1	The duel, and other stories	1916	0.83	1.0	mdp.39015003962027	/works/OL278134W	oclc	
OL278135W	3	1	The house with the mezzanine, &. other stories	1917	0.89	1.0	mdp.39015004982362|mdp.39015007058475|mdp.49015000493636	/works/OL278135W	oclc	
OL278143W	5	4	The darling	1917	0.88	1.0	uc2.ark+=13960=t3pv6f86k|mdp.39015003451401|uc1.b4084534|nyp.33433067269823|uc2.ark+=13960=t8pc2xf8m	/works/OL278143W	oclc	
OL278145W	5	2	The lady with the dog	1919	0.84	1.0	uc2.ark+=13960=t9862hv4x|mdp.39015020822238|uc1.$b624628|uc1.32106006424078|uc2.ark+=13960=t3rv0k37t	/works/OL278145W	oclc	
OL278146W	5	3	The party, and other stories	1917	0.85	1.0	uc1.32106001600045|uc2.ark+=13960=t02z19b52|uc2.ark+=13960=t8z89ck4z|mdp.39015003533059|uc1.b4084451	/works/OL278146W	oclc	
OL278147W	1	1	The wife, and other stories	1918	0.85	1.0	uc1.b4084528	/works/OL278147W	oclc	
OL27834207W	3	2	The return of the soldier	1918	0.82	1.0	loc.ark+=13960=t1mg86h4n|mdp.39015008628714|mdp.39015008846985	/works/OL27834207W	oclc	
OL278688W	1	1	A dream of John Ball	1908	0.72	1.0	uc2.ark+=13960=t8df6p55d	/works/OL278688W	oclc	
OL2790437W	1	1	The tang	1921	0.84	1.0	uc2.ark+=13960=t4vh5f50b	/works/OL2790437W	oclc	
OL2796069W	2	1	Dorothy Day	1911	0.72	1.0	nyp.33433074787635|uc2.ark+=13960=t5j96257z	/works/OL2796069W	oclc	
OL2796076W	2	1	Maya;	1901	0.86	1.0	mdp.39015013162543|uva.x002706884	/works/OL2796076W	oclc	
OL2818047W	2	1	Cameron of Lochiel	1905	0.79	1.0	nyp.33433075808687|uc2.ark+=13960=t0qr4rz3h	/works/OL2818047W	oclc	
OL28252W	1	1	The monarch of dreams	1887	0.8	0.997	mdp.39015031235800	/works/OL28252W	oclc	
OL2831513W	2	1	French mediaeval romances from the lays of Marie de France, tr. by Eugene Mason	1911	0.8	1.0	mdp.39015024469945|uc2.ark+=13960=t02z15h64	/works/OL2831513W	oclc	
OL28434610W	1	1	The valley of decision;	1902	0.84	1.0	nyp.33433076074503	/works/OL28434610W	oclc	
OL2844076W	1	1	Sowing seeds in Danny	1908	0.88	1.0	uc2.ark+=13960=t6f18ts5h	/works/OL2844076W	oclc	
OL2848247W	3	2	Amusing Irish tales	1889	0.89	1.0	uc1.b3578752|uc2.ark+=13960=t8df6vt4h|mdp.39015002186834	/works/OL2848247W	oclc	
OL2848257W	12	2	The works of William Carleton	1881	0.9	1.0	nyp.33433074935176|nyp.33433074935184|uiuo.ark+=13960=t14m9fz4s|uiuo.ark+=13960=t3kw5p88g|uiuo.ark+=13960=t5gb2cf9f|mdp.39015030326816|mdp.39015030326832|nyp.33433074935168|uc2.ark+=13960=t5cc1918s|uc2.ark+=13960=t9z03dq6c|uva.x030576776|uva.x030576777	/works/OL2848257W	oclc	
OL28570037W	3	2	The wind in the willows	1913	0.89	1.0	nyp.33433008281192|mdp.39015008859509|nyp.33433074864111	/works/OL28570037W	oclc	
OL28612W	1	1	The quest of the silver fleece;	1911	0.84	1.0	mdp.39015031233243	/works/OL28612W	oclc	
OL2871334W	1	1	Chapel	1916	0.89	1.0	nyp.33433074874664	/works/OL2871334W	oclc	
OL288720W	2	2	Twenty-six and one	1902	0.8	1.0	mdp.39015014280161|mdp.39015003535609	/works/OL288720W	oclc	
OL288765W	2	1	Fomá Gordyéeff	1901	0.83	1.0	mdp.39015028028788|nyp.33433067272322	/works/OL288765W	oclc	
OL288846W	4	2	Mother	1920	0.85	1.0	uc1.b4082504|uc2.ark+=13960=t8df6x103|nyp.33433067272074|uiuo.ark+=13960=t84j0fb8g	/works/OL288846W	oclc	
OL288933W	3	2	Foma Gordeyev	1901	0.89	1.0	uc2.ark+=13960=t1vd6w348|uc1.b4087032|uc2.ark+=13960=t49p36v3v	/works/OL288933W	oclc	
OL288958W	3	1	The outcasts, and other stories	1905	0.81	1.0	mdp.39015028011206|nyp.33433067272298|uc1.32106001601159	/works/OL288958W	oclc	
OL288997W	3	1	Orlóff and his wife;	1901	0.89	1.0	mdp.39015004142223|mdp.49015000495615|nyp.33433067272306	/works/OL288997W	oclc	
OL289005W	3	1	Stories of the steppe	1918	0.72	1.0	mdp.39015011802249|uc1.$b662157|uc2.ark+=13960=t89g5q54c	/works/OL289005W	oclc	
OL289026W	5	1	Creatures that once were men	1918	0.79	1.0	mdp.39015003535674|mdp.39015005605053|mdp.39015011029645|mdp.49015000495839|uc2.ark+=13960=t5p84b66c	/works/OL289026W	oclc	
OL289031W	3	1	The spy;	1908	0.85	1.0	mdp.39015065303078|uc1.32106006986217|uc2.ark+=13960=t1rf5rd4p	/works/OL289031W	oclc	
OL2895523W	2	1	The watcher and other weird stories	1894	0.88	1.0	uc1.b3324575|uc2.ark+=13960=t6k075m3z	/works/OL2895523W	oclc	
OL2895544W	5	1	The Purcell papers	1880	0.89	1.0	uc1.b250124|uc1.b250125|uc1.b250126|uiuo.ark+=13960=t2j681j7c|uiuo.ark+=13960=t44q8gh1d	/works/OL2895544W	oclc	
OL2899534W	1	1	Three crosses	1921	0.82	1.0	uc2.ark+=13960=t36110241	/works/OL2899534W	oclc	
OL2904831W	3	2	"Corporal Si Klegg and his ""pard"""	1900	0.89	1.0	uc1.b3548177|uc2.ark+=13960=t9f47sc4q|loc.ark+=13960=t5v69vz47	/works/OL2904831W	oclc	
OL29115502W	1	1	Beasts and super-beasts	1914	0.83	1.0	mdp.39015032333562	/works/OL29115502W	oclc	
OL2920687W	1	1	The pilot's voice	1916	0.84	1.0	nyp.33433074863360	/works/OL2920687W	oclc	
OL2921108W	3	1	The middle five	1900	0.89	1.0	nyp.33433081690798|uc1.b263211|uc2.ark+=13960=fk6930p907	/works/OL2921108W	oclc	
OL29269201W	1	1	Woodstock;	1909	0.73	1.0	mdp.39015039356186	/works/OL29269201W	oclc	
OL29309W	1	1	Golden fleece	1903	0.87	1.0	nyp.33433076049026	/works/OL29309W	oclc	
OL29311W	1	1	Her Serene Highness;	1902	0.81	0.999	uc1.$b358467	/works/OL29311W	oclc	
OL29313W	4	2	Susan Lenox	1917	0.9	1.0	mdp.39015059378169|mdp.39015059378276|nnc1.0022671838|nnc1.0022671846	/works/OL29313W	oclc	
OL29317W	3	1	George Helm	1912	0.89	1.0	mdp.39015063945987|uc1.b4103062|uc2.ark+=13960=t7cr5q25m	/works/OL29317W	oclc	
OL29318W	3	2	The hungry heart	1909	0.9	1.0	uc2.ark+=13960=t5z60dt6j|uc1.b3327560|uc2.ark+=13960=t6542sx74	/works/OL29318W	oclc	
OL29321W	1	1	The social secretary	1905	0.66	0.999	nnc1.1002210371	/works/OL29321W	oclc	
OL29322W	2	2	The husband's story	1910	0.89	1.0	wu.89099769580|uc1.$b358469	/works/OL29322W	oclc	
OL29323W	1	1	The master-rogue;	1903	0.89	1.0	mdp.39015063946126	/works/OL29323W	oclc	
OL29325W	3	1	White magic;	1910	0.89	1.0	mdp.39015063945961|uc1.b3327564|uc2.ark+=13960=t01z42r0z	/works/OL29325W	oclc	
OL29326W	4	1	Light-fingered gentry	1907	0.89	1.0	mdp.39015063946274|nnc1.cu58329161|nyp.33433076049091|uc2.ark+=13960=t47p8vk8t	/works/OL29326W	oclc	
OL29327W	1	1	The fortune hunter	1906	0.88	1.0	mdp.39015010946021	/works/OL29327W	oclc	
OL29328W	3	1	The plum tree	1905	0.88	1.0	nyp.33433076049166|uc1.b4103058|uc2.ark+=13960=t0ns0n446	/works/OL29328W	oclc	
OL29330W	1	1	The price she paid	1912	0.9	1.0	uc1.$b358690	/works/OL29330W	oclc	
OL29331W	2	1	The conflict;	1911	0.83	1.0	mdp.39015000545445|nyp.33433076049331	/works/OL29331W	oclc	
OL29332W	3	2	The fashionable adventures of Joshua Craig;	1909	0.89	1.0	mdp.39015063946282|uc2.ark+=13960=t21c1tv8t|nyp.33433076049034	/works/OL29332W	oclc	
OL29333W	2	1	The second generation	1916	0.84	1.0	uc1.b3327563|uc2.ark+=13960=t9959dr8w	/works/OL29333W	oclc	
OL29334W	1	1	The cost	1904	0.89	1.0	nyp.33433076049141	/works/OL29334W	oclc	
OL29335W	3	2	The grain of dust	1911	0.9	1.0	nyp.33433076049018|uc1.b4103057|uc2.ark+=13960=t6445k11x	/works/OL29335W	oclc	
OL29336W	2	1	The deluge	1905	0.89	1.0	mdp.39015058573703|nyp.33433076049505	/works/OL29336W	oclc	
OL2981503W	3	1	The Duke of Stockbridge;	1900	0.9	1.0	mdp.39015004259126|nyp.33433082294418|uc2.ark+=13960=t1ng4hq79	/works/OL2981503W	oclc	
OL2981506W	1	1	Looking backward, 2000-1887	1888	0.9	1.0	dul1.ark+=13960=t66401k8k	/works/OL2981506W	oclc	
OL2986870W	2	1	The foreigner	1909	0.89	1.0	njp.32101042850303|nyp.33433074864459	/works/OL2986870W	oclc	
OL2986872W	2	2	The patrol of the Sun Dance trail	1914	0.88	1.0	mdp.39015034807985|uc2.ark+=13960=t52f7mm89	/works/OL2986872W	oclc	
OL2986873W	3	1	Corporal Cameron of the North West mounted police;	1912	0.9	1.0	mdp.39015063549441|nyp.33433074859996|uc2.ark+=13960=t3222sw77	/works/OL2986873W	oclc	
OL2986875W	1	1	Glengarry school days;	1902	0.89	1.0	mdp.39015059377930	/works/OL2986875W	oclc	
OL2986877W	3	1	The sky pilot in No man's land	1919	0.89	1.0	mdp.39015059407935|nyp.33433082485537|uc2.ark+=13960=t1sf2nv4f	/works/OL2986877W	oclc	
OL2986878W	3	1	The major	1917	0.86	1.0	mdp.39015063549607|nyp.33433074864442|uc2.ark+=13960=t4rj4bj8x	/works/OL2986878W	oclc	
OL2986879W	2	1	The man from Glengarry;	1901	0.89	1.0	mdp.39015012342070|uc2.ark+=13960=t28913c1z	/works/OL2986879W	oclc	
OL2986880W	4	3	The prospector;	1904	0.9	1.0	uc2.ark+=13960=t26972107|mdp.39015056199717|nyp.33433074856398|uc2.ark+=13960=t75t3hz6b	/works/OL2986880W	oclc	
OL2986881W	6	2	The sky pilot	1899	0.89	1.0	nyp.33433074860002|uc2.ark+=13960=t13n2599r|mdp.39015059378094|mdp.39015066623300|uc1.b298809|uc2.ark+=13960=t35140t37	/works/OL2986881W	oclc	
OL2991413W	1	1	Lachmi Bai Rani of Jhansi	1901	0.87	1.0	uc2.ark+=13960=t9959d91p	/works/OL2991413W	oclc	
OL29925W	1	1	The curious book of birds	1903	0.86	1.0	uc2.ark+=13960=t3vt1h84r	/works/OL29925W	oclc	
OL29931W	2	1	The book of saints and friendly beasts	1900	0.89	0.999	uc2.ark+=13960=t9b56g747|wu.89007384340	/works/OL29931W	oclc	
OL30011W	1	1	The candy country	1900	0.85	0.996	njp.32101076123999	/works/OL30011W	oclc	
OL3001582W	4	2	The trail of '98;	1911	0.9	1.0	uc1.b4084802|uc2.ark+=13960=t2b85f249|nyp.33433075746457|uc2.ark+=13960=t77s7q639	/works/OL3001582W	oclc	
OL30027W	1	1	May flowers	1899	0.79	0.997	uc1.b238499	/works/OL30027W	oclc	
OL30033W	1	1	Jack and Jill	1907	0.84	1.0	uva.x000234979	/works/OL30033W	oclc	
OL30053009W	2	1	Swann's way	1922	0.89	1.0	mdp.39015004647742|uva.x000317563	/works/OL30053009W	oclc	
OL3026094W	2	1	Destination Chungking	1912	0.58	1.0	mdp.39015005580520|wu.89097346159	/works/OL3026094W	oclc	
OL3037866W	1	1	The judgment of peace;	1919	0.87	1.0	uc2.ark+=13960=t02z13w3s	/works/OL3037866W	oclc	
OL3037867W	4	1	Men in war	1918	0.8	1.0	mdp.39015022185501|nyp.33433082485388|uc1.b4084775|uc2.ark+=13960=t21c1xb8b	/works/OL3037867W	oclc	
OL3045976W	1	1	Pointed roofs	1919	0.82	0.996	nyp.33433075872352	/works/OL3045976W	oclc	
OL3045983W	4	2	Backwater	1919	0.84	1.0	mdp.39015002715038|nyp.33433075872337|uc1.b3047254|uc2.ark+=13960=t5r787t41	/works/OL3045983W	oclc	
OL3045984W	2	2	Deadlock	1921	0.89	1.0	uc2.ark+=13960=t2k64gm5g|uc2.ark+=13960=t9959fp9w	/works/OL3045984W	oclc	
OL3045986W	3	3	Honeycomb	1917	0.89	1.0	uc2.ark+=13960=t38053k96|coo.31924013216837|nyp.33433075872345	/works/OL3045986W	oclc	
OL3045988W	4	2	The tunnel	1919	0.89	1.0	mdp.39015002714957|uc2.ark+=13960=t94749s2f|njp.32101017393073|uc2.ark+=13960=t5m907411	/works/OL3045988W	oclc	
OL3046276W	3	1	Our casualty, and other stories	1918	0.88	1.0	mdp.39015063918984|nyp.33433074852801|uc2.ark+=13960=t2r49jt48	/works/OL3046276W	oclc	
OL3046296W	2	2	Minnie's bishop	1915	0.89	0.999	mdp.39015063918968|uc2.ark+=13960=t05x26w11	/works/OL3046296W	oclc	
OL3046314W	1	1	The search party	1909	0.87	1.0	njp.32101066122720	/works/OL3046314W	oclc	
OL3046318W	3	1	The red hand of Ulster	1912	0.84	1.0	mdp.39015063919008|uc1.b3578857|uc2.ark+=13960=t04x56035	/works/OL3046318W	oclc	
OL3046320W	3	2	The northern iron	1909	0.89	1.0	njp.32101066122746|mdp.39015063918992|uc2.ark+=13960=t4pk0fj4f	/works/OL3046320W	oclc	
OL3046321W	2	1	Spanish gold	1912	0.84	1.0	njp.32101066122712|uc2.ark+=13960=t39z93054	/works/OL3046321W	oclc	
OL3046991W	3	2	Ten tales	1890	0.89	1.0	mdp.39015033399893|uc2.ark+=13960=t23b5zv69|uc1.b317690	/works/OL3046991W	oclc	
OL3048023W	1	1	Hidden power	1881	0.7	1.0	mdp.39015003696625	/works/OL3048023W	oclc	
OL30685W	1	1	The czar	1885	0.72	0.999	nnc1.cu58402500	/works/OL30685W	oclc	
OL30687W	2	1	By far Euphrates	1897	0.9	1.0	uc1.b3322726|uc2.ark+=13960=t6qz2b21w	/works/OL30687W	oclc	
OL30688W	1	1	The Spanish brothers	1891	0.89	0.999	uc2.ark+=13960=t40s0065x	/works/OL30688W	oclc	
OL308923W	3	2	The hungry stones	1916	0.87	1.0	uc2.ark+=13960=t7wm1709m|loc.ark+=13960=t7vm4tx83|mdp.39015019801052	/works/OL308923W	oclc	
OL3101104W	3	1	The real dope	1919	0.83	1.0	loc.ark+=13960=t9g45cg92|mdp.39015000630213|uc2.ark+=13960=t6vx1082f	/works/OL3101104W	oclc	
OL3101106W	3	1	Treat 'em rough	1918	0.84	0.999	loc.ark+=13960=t3kw5wq1d|mdp.39015000630338|uc2.ark+=13960=t1sf2r00j	/works/OL3101106W	oclc	
OL3101115W	1	1	You know me Al	1916	0.74	1.0	uc2.ark+=13960=t9p26r87h	/works/OL3101115W	oclc	
OL3121033W	3	2	Heralds of empire;	1913	0.85	1.0	uc1.b2798387|uc2.ark+=13960=t0gt5gc01|uc2.ark+=13960=t2v40t68z	/works/OL3121033W	oclc	
OL31345986W	1	1	To have and to hold	1900	0.9	1.0	nc01.ark+=13960=t7pp06x1w	/works/OL31345986W	oclc	
OL31353067W	1	1	Sybil; or, The two nations	1905	0.83	1.0	mdp.39015003970335	/works/OL31353067W	oclc	
OL3142697W	1	1	Maria Chapdelaine;	1922	0.82	0.999	mdp.39015065818422	/works/OL3142697W	oclc	
OL314445W	1	1	Tales of Bengal	1922	0.78	1.0	uc2.ark+=13960=t4dn41z8h	/works/OL314445W	oclc	
OL31478483W	3	1	The book of wonder voyages	1896	0.74	1.0	inu.39000005759522|mdp.39015062217206|mdp.39015078545749	/works/OL31478483W	oclc	
OL3148236W	1	1	Capel Sion	1917	0.76	1.0	uc2.ark+=13960=t18k77b3w	/works/OL3148236W	oclc	
OL3148238W	1	1	My neighbors;	1920	0.87	0.999	uc2.ark+=13960=t2j67bj29	/works/OL3148238W	oclc	
OL3148240W	2	1	My neighbours	1919	0.88	1.0	mdp.39015059404098|uc2.ark+=13960=t3pv6dr6f	/works/OL3148240W	oclc	
OL3150599W	1	1	Billy Whiskers' kids	1903	0.78	0.998	mdp.39076002618614	/works/OL3150599W	oclc	
OL31527219W	1	1	Stand by the Union	1891	0.89	1.0	nyp.33433082170444	/works/OL31527219W	oclc	
OL31580898W	1	1	Jack, the fire dog	1903	0.82	1.0	nyp.33433081963930	/works/OL31580898W	oclc	
OL31583300W	6	2	Janice Meredith	1899	0.9	1.0	nyp.33433076065980|nyp.33433076065998|mdp.39015063869104|mdp.39015063869294|uc1.b3322063|uc1.b4353846	/works/OL31583300W	oclc	
OL31747412W	2	1	The silence of Colonel Bramble	1920	0.79	0.967	uc2.ark+=13960=t9c53k26c|uva.x000476704	/works/OL31747412W	oclc	
OL3190327W	1	1	The usurper	1884	0.83	0.999	uc2.ark+=13960=t57d2rw6w	/works/OL3190327W	oclc	
OL3192164W	2	1	Three elephant power, and other stories	1917	0.81	1.0	mdp.39015031298568|uc2.ark+=13960=t9z03c04k	/works/OL3192164W	oclc	
OL3194192W	1	1	The Bar-20 three	1921	0.83	1.0	uc2.ark+=13960=t8hd7pk7q	/works/OL3194192W	oclc	
OL3194202W	1	1	Bar-20 days	1911	0.9	1.0	mdp.39015039749430	/works/OL3194202W	oclc	
OL3194205W	1	1	The man from Bar 20;	1918	0.84	1.0	uc2.ark+=13960=t76t0kr74	/works/OL3194205W	oclc	
OL3194210W	4	2	The coming of Cassidy and the others	1913	0.88	1.0	mdp.39015018288830|mdp.39015063944170|nyp.33433076050412|uc2.ark+=13960=t3nv9cj65	/works/OL3194210W	oclc	
OL3194212W	2	2	Bar-20, being a record of certain happenings that occurred in the otherwise peaceful lives of one Hopalong Cassidy and his companions on the range	1907	0.89	1.0	mdp.39015017961411|uc2.ark+=13960=t7np1xw4n	/works/OL3194212W	oclc	
OL31949047W	3	1	Robert Elsmere	1888	0.89	1.0	mdp.39015063973443|mdp.39015063973450|mdp.39015063973468	/works/OL31949047W	oclc	
OL31983245W	1	1	The magic flute;	1920	0.77	1.0	mdp.39015047760064	/works/OL31983245W	oclc	
OL32019617W	1	1	The colonel's money	1888	0.89	0.998	nyp.33433074888920	/works/OL32019617W	oclc	
OL32019822W	1	1	The adventures of David Vane and David Crane	1889	0.89	1.0	mdp.39015063927548	/works/OL32019822W	oclc	
OL32022423W	1	1	The little heroine of poverty flat;	1893	0.77	1.0	uva.x004123310	/works/OL32022423W	oclc	
OL32038876W	1	1	Stories of the South	1893	0.88	0.998	nyp.33433082293972	/works/OL32038876W	oclc	
OL32043938W	1	1	The awakening of Helena Richie	1906	0.84	1.0	mdp.39015012372374	/works/OL32043938W	oclc	
OL32045858W	1	1	Marching with Morgan;	1909	0.8	1.0	nnc1.1002162407	/works/OL32045858W	oclc	
OL32048826W	1	1	A silent witness;	1905	0.55	0.999	nnc1.1002200643	/works/OL32048826W	oclc	
OL32048982W	1	1	My lady of doubt	1911	0.89	0.998	nyp.33433076060452	/works/OL32048982W	oclc	
OL32051332W	1	1	The Little Regiment	1897	0.84	1.0	mdp.39015031228409	/works/OL32051332W	oclc	
OL32056960W	1	1	Kenneth;	1887	0.82	1.0	nnc1.1002335891	/works/OL32056960W	oclc	
OL32085540W	1	1	Mike	1916	0.89	1.0	mdp.39015041310445	/works/OL32085540W	oclc	
OL32089862W	1	1	A little daughter of liberty	1899	0.84	0.999	nyp.33433076054844	/works/OL32089862W	oclc	
OL32089896W	1	1	Straight on	1891	0.83	1.0	njp.32101068990553	/works/OL32089896W	oclc	
OL32093827W	2	1	The Kanter girls	1895	0.89	1.0	mdp.39015063547916|nyp.33433082300579	/works/OL32093827W	oclc	
OL3219242W	2	1	Captain Jinks, hero	1902	0.84	1.0	mdp.39015073389861|uc2.ark+=13960=t9862c131	/works/OL3219242W	oclc	
OL32277784W	1	1	Tom Swift and his electric locomotive, or, Two miles a minute on the rails	1922	0.82	0.971	mdp.39076002271810	/works/OL32277784W	oclc	
OL3232172W	2	1	The clanking of chains	1920	0.87	1.0	mdp.39015059774995|uc2.ark+=13960=t6930sh10	/works/OL3232172W	oclc	
OL3232173W	1	1	The valley of the squinting windows	1919	0.89	1.0	uc2.ark+=13960=t2x34nz6k	/works/OL3232173W	oclc	
OL3265383W	1	1	Ayame-san	1892	0.89	1.0	nyp.33433074910971	/works/OL3265383W	oclc	
OL3282796W	3	2	Dorothy South;	1902	0.81	1.0	njp.32101072772849|uc2.ark+=13960=t7gq6rr5z|uc2.ark+=13960=t5x63dv4v	/works/OL3282796W	oclc	
OL3282800W	2	1	Irene of the mountains	1909	0.89	1.0	njp.32101064789504|nyp.33433074848551	/works/OL3282800W	oclc	
OL3282806W	2	2	Love is the sum of it all;	1907	0.88	1.0	uc2.ark+=13960=t3jw8972d|nyp.33433074848684	/works/OL3282806W	oclc	
OL3282816W	1	1	The bale marked Circle X	1902	0.87	1.0	uiuo.ark+=13960=t79s2s251	/works/OL3282816W	oclc	
OL3282818W	3	1	A daughter of the South	1905	0.89	1.0	mdp.39015063920725|uc2.ark+=13960=t0js9h90b|uva.x030749044	/works/OL3282818W	oclc	
OL3282823W	1	1	Jack Shelby	1906	0.89	1.0	nyp.33433082530910	/works/OL3282823W	oclc	
OL3282831W	2	1	A Carolina cavalier;	1901	0.87	1.0	mdp.39015054500957|uc2.ark+=13960=t2w37m43s	/works/OL3282831W	oclc	
OL3282836W	1	1	Two gentlemen of Virginia	1908	0.88	1.0	uc2.ark+=13960=t4hm53m8t	/works/OL3282836W	oclc	
OL3282837W	2	1	Westover of Wanalah;	1910	0.84	1.0	nyp.33433074848668|uc2.ark+=13960=t1ng4k69c	/works/OL3282837W	oclc	
OL3282842W	4	2	The master of Warlock	1903	0.83	1.0	mdp.39015063918539|nyp.33433074964093|uc2.ark+=13960=t21c1tz09|uc2.ark+=13960=t1hh6fb01	/works/OL3282842W	oclc	
OL3282843W	3	2	Southern soldier stories	1910	0.88	1.0	uc1.b3322029|mdp.39015063918547|nc01.ark+=13960=t0rr2mz6v	/works/OL3282843W	oclc	
OL32835614W	1	1	The women's conquest of New-York	1894	0.85	0.998	nyp.33433074867379	/works/OL32835614W	oclc	
OL3284329W	1	1	Shadows and sunbeams and other stories	1881	0.78	1.0	nyp.33433074791314	/works/OL3284329W	oclc	
OL32872613W	2	1	The flame of life	1900	0.89	1.0	mdp.39076006886704|nyp.33433075859375	/works/OL32872613W	oclc	
OL33039814W	2	1	Oddities in Southern life and character	1882	0.74	0.999	nc01.ark+=13960=t8pc31h27|uva.x000616061	/works/OL33039814W	oclc	
OL33075768W	1	1	The history of over sea;	1902	0.6	1.0	nyp.33433082513387	/works/OL33075768W	oclc	
OL33115504W	2	1	Héloïse and Abélard	1921	0.75	1.0	nyp.33433074910369|nyp.33433074910377	/works/OL33115504W	oclc	
OL33115507W	2	1	Lewis Seymour and some women	1917	0.89	1.0	mdp.39015053679836|nyp.33433074910120	/works/OL33115507W	oclc	
OL33118085W	1	1	Stories of Jesus the Christ	1919	0.72	1.0	uc2.ark+=13960=t7cr5t22d	/works/OL33118085W	oclc	
OL33120621W	2	1	The light heart	1920	0.81	1.0	njp.32101068168572|uc2.ark+=13960=t75t3pg64	/works/OL33120621W	oclc	
OL33122299W	2	1	Sailor's knots	1909	0.82	0.998	nyp.33433074865399|uc2.ark+=13960=t5j962r25	/works/OL33122299W	oclc	
OL33124549W	1	1	In the wilds of Africa	1881	0.89	1.0	nnc1.0067273459	/works/OL33124549W	oclc	
OL33133695W	1	1	A victorious union	1894	0.89	1.0	nc01.ark+=13960=t5q823b6t	/works/OL33133695W	oclc	
OL33133740W	1	1	Captain Lucy's flying ace	1920	0.89	1.0	uva.x030796586	/works/OL33133740W	oclc	
OL33135652W	1	1	"""Behind time,"""	1886	0.79	1.0	njp.32101068972668	/works/OL33135652W	oclc	
OL33135942W	1	1	Robinson Crusoe	1884	0.83	1.0	mdp.39015078556456	/works/OL33135942W	oclc	
OL33137110W	1	1	Under the tamaracks, or, A summer with General Grant at the Thousand Islands	1896	0.89	1.0	nyp.33433081936373	/works/OL33137110W	oclc	
OL33137413W	1	1	The tales of Mother Goose	1901	0.85	1.0	nc01.ark+=13960=t12n67355	/works/OL33137413W	oclc	
OL33137422W	1	1	That little Smith girl	1899	0.85	1.0	wu.89098003056	/works/OL33137422W	oclc	
OL33137445W	1	1	Dorothy and her friends	1899	0.89	0.999	nyp.33433082539770	/works/OL33137445W	oclc	
OL33137482W	1	1	Ross Grant on the trail	1917	0.89	0.998	uc1.31822038206512	/works/OL33137482W	oclc	
OL33137558W	1	1	Under Dewey at Manila, or, The war fortunes of a castaway	1899	0.88	1.0	nyp.33433079891010	/works/OL33137558W	oclc	
OL33138331W	1	1	Young folks' whys and wherefores	1883	0.87	0.987	mdp.39076002846595	/works/OL33138331W	oclc	
OL33139425W	1	1	Charles O'Malley	1897	0.84	0.999	uc2.ark+=13960=t2t43kd0q	/works/OL33139425W	oclc	
OL33139447W	1	1	Feats on the fjord	1910	0.87	1.0	njp.32101017595818	/works/OL33139447W	oclc	
OL33146690W	1	1	A New York family, a novel. ... With thirty six illustrations by Thomas Nast and others	1891	0.84	1.0	njp.32101067643856	/works/OL33146690W	oclc	
OL33148987W	1	1	Adventures among the Indians	1880	0.82	0.999	njp.32101066459908	/works/OL33148987W	oclc	
OL33162168W	1	1	Manitou	1881	0.88	1.0	nyp.33433084128838	/works/OL33162168W	oclc	
OL33166519W	1	1	Just so stories for little children	1921	0.82	1.0	inu.30000005050855	/works/OL33166519W	oclc	
OL33166546W	1	1	Little folks of other lands	1882	0.82	0.996	nnc1.cr00334871	/works/OL33166546W	oclc	
OL33167324W	1	1	The cruise of the Dazzler	1902	0.82	1.0	uc1.b3589908	/works/OL33167324W	oclc	
OL33168423W	1	1	Stories for children	1912	0.85	0.996	nnc1.cu13186353	/works/OL33168423W	oclc	
OL33170712W	2	1	After the flood	1911	0.81	1.0	mdp.39015013766814|uc2.ark+=13960=t5j960w62	/works/OL33170712W	oclc	
OL33171166W	1	1	Stories of childhood	1875	0.82	0.98	nnc1.cu13159577	/works/OL33171166W	oclc	
OL33172586W	3	2	The pocket-rifle	1882	0.83	1.0	nyp.33433082284187|uc2.ark+=13960=t81j9h74h|uva.x030826033	/works/OL33172586W	oclc	
OL33261702W	1	1	The hindered hand: or, The reign of the repressionist	1905	0.83	1.0	uc2.ark+=13960=t3st7fn12	/works/OL33261702W	oclc	
OL3335380W	1	1	South wind	1921	0.82	1.0	mdp.39015019792335	/works/OL3335380W	oclc	
OL3343177W	2	1	Tompkins, and other folks;	1885	0.88	1.0	uc1.b248711|uc2.ark+=13960=t0wp9wj9f	/works/OL3343177W	oclc	
OL3372513W	1	1	The colonials	1906	0.82	1.0	nyp.33433076090947	/works/OL3372513W	oclc	
OL3372543W	3	2	The colonials;	1901	0.88	1.0	uc2.ark+=13960=t8jd4rr6g|mdp.39015063536331|uc1.b3322095	/works/OL3372543W	oclc	
OL338692W	1	1	Ruhainah	1886	0.88	1.0	uc2.ark+=13960=t9765cs08	/works/OL338692W	oclc	
OL3388989W	1	1	The three impostors;	1895	0.8	1.0	nyp.33433074876164	/works/OL3388989W	oclc	
OL3389028W	3	3	The secret glory	1922	0.57	1.0	uc2.ark+=13960=t9w092r89|uc1.b3581515|uc2.ark+=13960=t3vt1kk2n	/works/OL3389028W	oclc	
OL3389031W	4	3	The hill of dreams	1907	0.89	1.0	inu.32000009070048|uc2.ark+=13960=t05x2602v|uc2.ark+=13960=t2b856c8c|uc2.ark+=13960=t6639p95g	/works/OL3389031W	oclc	
OL339622W	2	2	The old missionary	1897	0.59	1.0	uc2.ark+=13960=t0ns0pf2p|mdp.39015049001418	/works/OL339622W	oclc	
OL342783W	3	1	Malayan monochromes	1913	0.81	1.0	mdp.39015031221552|nyp.33433074946660|uc2.ark+=13960=t0gt5jj41	/works/OL342783W	oclc	
OL342786W	2	1	In a corner of Asia;	1899	0.89	1.0	njp.32101063605941|uc1.b304321	/works/OL342786W	oclc	
OL345046W	1	1	Selected English short stories (nineteenth century)	1920	0.77	1.0	mdp.39015019108615	/works/OL345046W	oclc	
OL3459529W	1	1	Marie Grubbe	1917	0.79	1.0	njp.32101007901612	/works/OL3459529W	oclc	
OL34598157W	1	1	The friar of Wittenberg	1914	0.82	1.0	nnc1.cr61143707	/works/OL34598157W	oclc	
OL3462383W	1	1	The forged note ;	1915	0.89	1.0	mdp.39015010964354	/works/OL3462383W	oclc	
OL3462388W	2	1	The homesteader	1917	0.9	1.0	nyp.33433076059314|uc2.ark+=13960=t8ff3n663	/works/OL3462388W	oclc	
OL3462389W	1	1	The conquest	1913	0.62	0.998	loc.ark+=13960=t9r21t21g	/works/OL3462389W	oclc	
OL34682973W	1	1	Marie Grubbe	1918	0.81	1.0	uc2.ark+=13960=t3417400h	/works/OL34682973W	oclc	
OL3468612W	1	1	Robinetta	1911	0.88	0.999	nyp.33433075767545	/works/OL3468612W	oclc	
OL3468618W	4	1	Susanna and Sue	1909	0.88	1.0	mdp.39015063928165|nc01.ark+=13960=t6sx7fd28|nyp.33433082290549|uc2.ark+=13960=t0ht2h69q	/works/OL3468618W	oclc	
OL3468630W	4	1	The romance of a Christmas card	1916	0.85	1.0	mdp.39015016749429|nc01.ark+=13960=t79s2ws1r|nyp.33433076074396|uc2.ark+=13960=t2d795h4m	/works/OL3468630W	oclc	
OL3468632W	2	1	The diary of a goose girl	1902	0.81	1.0	mdp.39015033208359|uc2.ark+=13960=t7dr2qb7b	/works/OL3468632W	oclc	
OL3468635W	1	1	The village watch-tower	1895	0.88	1.0	nyp.33433076062110	/works/OL3468635W	oclc	
OL3468638W	4	4	Penelope's progress	1898	0.89	1.0	uc1.b3146409|uc2.ark+=13960=t90864w9z|mdp.39015034613136|uc1.b3327463	/works/OL3468638W	oclc	
OL3468639W	3	1	Rose o' the river	1905	0.87	0.999	mdp.39015063958998|nyp.33433084129372|uc2.ark+=13960=t25b0038j	/works/OL3468639W	oclc	
OL3468640W	4	2	Mother Carey's chickens	1911	0.89	1.0	nc01.ark+=13960=t6g174h24|nyp.33433076062078|uc2.ark+=13960=t0wp9v25t|mdp.39015030642675	/works/OL3468640W	oclc	
OL3468641W	1	1	Penelope's English experiences	1900	0.86	0.997	uc2.ark+=13960=t8mc8sw0k	/works/OL3468641W	oclc	
OL3468642W	1	1	Penelope's postscripts;	1915	0.69	1.0	mdp.39015063958972	/works/OL3468642W	oclc	
OL3468644W	5	2	The old Peabody pew	1907	0.86	1.0	mdp.39015056242715|uc1.$b440738|uc2.ark+=13960=t3028qn5z|wu.89006933683|uc2.ark+=13960=t4gm82t1j	/works/OL3468644W	oclc	
OL3468646W	2	1	Timothy's quest;	1895	0.83	1.0	nyp.33433076074370|uc2.ark+=13960=t5p844v6d	/works/OL3468646W	oclc	
OL3468647W	1	1	Homespun tales	1909	0.88	1.0	mdp.39015055051919	/works/OL3468647W	oclc	
OL3468649W	4	1	New chronicles of Rebecca	1907	0.88	1.0	mdp.39015011418103|nyp.33433076062060|uc1.b4102534|uc2.ark+=13960=t3fx74440	/works/OL3468649W	oclc	
OL3468650W	6	3	Polly Oliver's problem	1900	0.83	1.0	uc2.ark+=13960=t1rf5mc0n|mdp.39015063958980|nyp.33433082290259|uc2.ark+=13960=t5x63bx3f|uc1.$b405108|uc2.ark+=13960=t7vm44c2r	/works/OL3468650W	oclc	
OL3468651W	2	1	The birds' Christmas carol	1912	0.75	0.999	uc2.ark+=13960=t92806708|uva.x000490928	/works/OL3468651W	oclc	
OL3468652W	4	2	Rebecca of Sunnybrook farm	1903	0.89	1.0	uc1.b3549033|uc2.ark+=13960=t79s1mz76|uva.x001179325|mdp.39015017929921	/works/OL3468652W	oclc	
OL3472204W	2	1	The golden flood	1905	0.79	1.0	mdp.39015039343267|uc2.ark+=13960=t46q1t174	/works/OL3472204W	oclc	
OL3472207W	2	1	Sampson Rock, of Wall street;	1907	0.9	1.0	mdp.39015039343259|nyp.33433076090020	/works/OL3472207W	oclc	
OL3472214W	1	1	The plunderers	1916	0.89	1.0	mdp.39015035528622	/works/OL3472214W	oclc	
OL3484332W	3	2	The altar fire	1907	0.54	1.0	uc2.ark+=13960=t1dj5gj3m|nyp.33433074926647|uc2.ark+=13960=t3jw8910r	/works/OL3484332W	oclc	
OL3484367W	2	1	Watersprings	1913	0.83	0.998	mdp.39015030745965|nyp.33433074926704	/works/OL3484367W	oclc	
OL3484418W	3	1	The child of the dawn	1912	0.8	1.0	mdp.39015031224473|nyp.33433074926670|uc2.ark+=13960=t21c1wt29	/works/OL3484418W	oclc	
OL3490799W	1	1	A daughter of the Union	1903	0.83	1.0	nnc1.cu58320768	/works/OL3490799W	oclc	
OL3509167W	2	2	Barnaby Lee	1902	0.88	0.999	uc2.ark+=13960=t9571bj0x|nyp.33433074829031	/works/OL3509167W	oclc	
OL3509168W	2	2	Master Skylark;	1897	0.89	0.998	uc2.ark+=13960=t9v11zc9m|uc2.ark+=13960=t9t14xq62	/works/OL3509168W	oclc	
OL3521009W	1	1	From fjord to prairie;	1916	0.9	1.0	wu.89005042304	/works/OL3521009W	oclc	
OL3521604W	1	1	His excellency =	1897	0.81	1.0	uc2.ark+=13960=t9183bj18	/works/OL3521604W	oclc	
OL3521701W	3	1	The socialist and the prince	1903	0.89	0.999	inu.32000011048974|uc2.ark+=13960=t3cz34m0j|uc2.ark+=13960=t6251gn0g	/works/OL3521701W	oclc	
OL3527268W	1	1	Clover and blue grass	1916	0.86	0.999	nyp.33433076022791	/works/OL3527268W	oclc	
OL3527273W	2	1	Sally Ann's experience	1910	0.73	1.0	nyp.33433076022783|uc2.ark+=13960=t6rx94103	/works/OL3527273W	oclc	
OL3527275W	3	2	Aunt Jane of Kentucky	1907	0.87	1.0	mdp.39015059431042|uc2.ark+=13960=t13n20m0c|nyp.33433076022809	/works/OL3527275W	oclc	
OL35275419W	2	1	Lovers of Louisiana (to-day)	1918	0.88	1.0	mdp.39015012102995|uc2.ark+=13960=t6348hs85	/works/OL35275419W	oclc	
OL3528747W	1	1	Reginald in Russia, and other sketches	1910	0.87	1.0	mdp.39015019950834	/works/OL3528747W	oclc	
OL3528790W	2	1	When William came;	1914	0.86	1.0	mdp.39015004974807|uc2.ark+=13960=t59c6sn1j	/works/OL3528790W	oclc	
OL3528803W	2	1	Reginald	1922	0.88	1.0	mdp.39015019950826|nyp.33433074922208	/works/OL3528803W	oclc	
OL3528809W	1	1	The Westminster Alice	1902	0.77	0.999	uc1.b4735095	/works/OL3528809W	oclc	
OL35351590W	1	1	Hereward the Wake	1909	0.68	1.0	njp.32101007907080	/works/OL35351590W	oclc	
OL35554140W	2	1	Winston of the prairie	1907	0.89	1.0	nyp.33433074939871|uc2.ark+=13960=t6g15xp3m	/works/OL35554140W	oclc	
OL3564321W	155	2	The novels of Charles Lever	1894	0.9	1.0	inu.30000115190013|inu.30000115190039|inu.30000115190047|inu.30000115190054|inu.30000115190070|inu.30000115190088|inu.30000115294930|inu.30000115294948|inu.30000115294955|inu.30000115294963|inu.30000115294971|inu.30000115294989|inu.30000115294997|inu.30000118961824|inu.30000118961832|inu.30000118961840|inu.30000118961857|inu.30000118961865|inu.30000118961873|inu.30000118961881|inu.30000118961899|inu.30000118961907|inu.30000118961915|inu.30000118961923|inu.30000118961931|inu.30000118961949|inu.30000118961956|inu.30000118961964|inu.30000118961972|inu.30000118961980|inu.30000118961998|inu.30000118962004|inu.30000118962012|inu.30000118962020|inu.30000118962038|inu.30000118962046|inu.30000118962053|mdp.39015002384181|mdp.39015002384199|mdp.39015002384207|mdp.39015002384215|mdp.39015002384223|mdp.39015002384231|mdp.39015002384249|mdp.39015002384256|mdp.39015002384264|mdp.39015002384272|mdp.39015002384280|mdp.39015002384298|mdp.39015002384306|mdp.39015002384314|mdp.39015002384322|mdp.39015002384330|mdp.39015002384348|mdp.39015002384355|mdp.39015002384363|mdp.39015002384371|mdp.39015002384389|mdp.39015002384397|mdp.39015002384405|mdp.39015002384413|mdp.39015002384421|mdp.39015002384439|mdp.39015002384447|mdp.39015002384488|mdp.39015002384496|mdp.39015002384504|mdp.39015002384512|mdp.39015002384520|mdp.39015002384538|mdp.39015002384546|mdp.39015002384553|mdp.39015002384561|mdp.39015002384579|mdp.39015002384587|mdp.39015002384595|nyp.33433067295364|nyp.33433067295372|nyp.33433067295414|nyp.33433067295422|nyp.33433067295430|nyp.33433067295455|nyp.33433067295471|nyp.33433067295489|nyp.33433067295497|nyp.33433067295505|nyp.33433067295513|nyp.33433067295521|nyp.33433067295539|nyp.33433067295547|nyp.33433067295554|nyp.33433067295562|nyp.33433067295570|nyp.33433067295588|nyp.33433067295596|nyp.33433067295604|nyp.33433067295612|nyp.33433067295620|nyp.33433067295638|nyp.33433067295646|nyp.33433067295653|nyp.33433067295661|nyp.33433067295687|nyp.33433067295695|nyp.33433067295703|nyp.33433067295729|nyp.33433067295737|nyp.33433067295745|uva.x030825495|uva.x030825496|uva.x030825497|uva.x030825498|uva.x030825499|inu.30000118962061|inu.30000118962079|inu.32000006460911|inu.32000007045968|inu.32000007046016|inu.32000007046024|inu.32000007046123|inu.32000007046206|mdp.39015013743581|mdp.39015067178676|mdp.39015067178700|mdp.39015067178718|mdp.39015067178726|mdp.39015067178734|mdp.39015067178742|mdp.39015067178874|mdp.39015067178882|mdp.39015067178890|mdp.39015067179054|mdp.39015067179062|mdp.39015067179070|mdp.39015067179088|mdp.39015067179096|mdp.39015067179104|mdp.39015067179112|mdp.39015067179120|mdp.39015067179138|mdp.39015067179203|mdp.39015067179211|mdp.39015067179229|mdp.39015067179237|mdp.39015067179245|mdp.39015067179252|mdp.39015067179260|mdp.39015067179278|mdp.39015067179286|mdp.39015067179294|mdp.39015067179302|mdp.39015067179310|mdp.39015067179328|mdp.39015067179336|mdp.39015067179344	/works/OL3564321W	oclc	
OL35715W	2	1	Twenty-nine tales from the French	1922	0.81	0.999	mdp.39015004705102|uc2.ark+=13960=t1kh0h92q	/works/OL35715W	oclc	
OL3572830W	1	1	The kings of Carrick	1890	0.79	1.0	uc2.ark+=13960=t8nc5w47h	/works/OL3572830W	oclc	
OL3581398W	1	1	Tom Swift and his submarine boat, or, Under the ocean for sunken treasure	1910	0.89	1.0	uc2.ark+=13960=t1vd6pv35	/works/OL3581398W	oclc	
OL3581419W	2	1	Tom Swift and his electric rifle =	1911	0.82	1.0	mdp.39076002271828|uc2.ark+=13960=t9w08xq8t	/works/OL3581419W	oclc	
OL3581429W	1	1	Tom Swift in captivity =	1912	0.89	1.0	uc2.ark+=13960=t2c82578b	/works/OL3581429W	oclc	
OL3581431W	1	1	Tom Swift and his aerial warship =	1915	0.83	1.0	nc01.ark+=13960=t9m33ts3q	/works/OL3581431W	oclc	
OL3581433W	1	1	Tom Swift and his great searchlight;	1912	0.88	1.0	uc2.ark+=13960=t9x05zc21	/works/OL3581433W	oclc	
OL3581434W	2	1	Tom Swift and his war tank	1918	0.89	1.0	nyp.33433082526181|uc2.ark+=13960=t2891205j	/works/OL3581434W	oclc	
OL3581436W	2	1	Tom Swift and his air glider;	1912	0.82	1.0	nyp.33433082525795|uc2.ark+=13960=t3fx74t5f	/works/OL3581436W	oclc	
OL3581437W	1	1	Tom Swift and his air scout	1919	0.89	0.999	uc2.ark+=13960=t77s7jz6j	/works/OL3581437W	oclc	
OL3581438W	1	1	Tom Swift and his wireless message	1911	0.88	0.997	uc2.ark+=13960=t8cf9kp9n	/works/OL3581438W	oclc	
OL3581439W	2	1	Tom Swift and his airship	1910	0.89	1.0	nyp.33433082525787|uc2.ark+=13960=t4cn6zx95	/works/OL3581439W	oclc	
OL36402W	3	1	The page of the Duke of Savoy	1894	0.89	1.0	uc1.b2501870|uc1.b2501871|uc2.ark+=13960=t9086675b	/works/OL36402W	oclc	
OL3640515W	2	1	The title market	1909	0.89	1.0	mdp.39015041026108|uc2.ark+=13960=t5p845s5f	/works/OL3640515W	oclc	
OL36437939W	1	1	Robinetta	1911	0.89	1.0	mdp.39015013473007	/works/OL36437939W	oclc	
OL36521128W	2	2	The egoist;	1916	0.89	1.0	mdp.39015016889944|ien.35556007035918	/works/OL36521128W	oclc	
OL36522038W	1	1	The first men in the moon	1901	0.84	1.0	njp.32101021206436	/works/OL36522038W	oclc	
OL36529994W	1	1	Rebecca of Sunnybrook farm	1910	0.88	0.999	uva.x002267220	/works/OL36529994W	oclc	
OL3674769W	1	1	The house of the black ring	1905	0.88	0.999	nyp.33433076060726	/works/OL3674769W	oclc	
OL36769716W	1	1	The joy of life	1915	0.89	1.0	uc2.ark+=13960=t74t6hh9s	/works/OL36769716W	oclc	
OL3678627W	1	1	Stories of the maple land	1898	0.88	1.0	uc2.ark+=13960=t9v123481	/works/OL3678627W	oclc	
OL3686120W	1	1	Christowell	1882	0.9	1.0	inu.32000001359217	/works/OL3686120W	oclc	
OL3686123W	4	2	Dariel	1897	0.9	1.0	uc1.b112634|uc2.ark+=13960=t3ws8x26m|uc2.ark+=13960=t4pk09d21|nyp.33433074940804	/works/OL3686123W	oclc	
OL3686142W	8	5	Mary Anerley	1880	0.9	1.0	mdp.39015030851755|mdp.39015030851763|mdp.39015030851771|wu.89099908741|uc1.b249618|uc2.ark+=13960=t3513xj3f|uc2.ark+=13960=t58c9zp3v|nnc1.cu54759919	/works/OL3686142W	oclc	
OL3686144W	1	1	Slain by the Doones	1895	0.84	1.0	njp.32101067707446	/works/OL3686144W	oclc	
OL3686152W	5	3	Springhaven;	1889	0.89	1.0	uc1.b3322426|uc2.ark+=13960=t2z321j88|uc2.ark+=13960=t47p96h0k|uc2.ark+=13960=t87h1t00n|njp.32101067707453	/works/OL3686152W	oclc	
OL3686163W	3	1	Tales from the telling-house	1896	0.89	1.0	nyp.33433074940846|uc1.b3322427|uc2.ark+=13960=t51g0rd75	/works/OL3686163W	oclc	
OL3686166W	4	2	Perlycross	1894	0.9	1.0	uc2.ark+=13960=t9765j88g|mdp.39015026502982|uc1.b249566|uc2.ark+=13960=t6j09zz4w	/works/OL3686166W	oclc	
OL36881W	4	1	The light heart	1920	0.87	1.0	mdp.39015031235545|nyp.33433074863089|uc1.b3322485|uc2.ark+=13960=t4vh5gq98	/works/OL36881W	oclc	
OL36894W	4	2	Gudrid the Fair;	1918	0.88	1.0	mdp.39015031235511|nyp.33433074863055|mdp.39015063932183|uc2.ark+=13960=t2h70dm6b	/works/OL36894W	oclc	
OL36899W	4	2	The outlaw	1919	0.89	1.0	uc2.ark+=13960=t3kw5fq4g|mdp.39015031237194|nyp.33433074870449|uc2.ark+=13960=t5w66jq2k	/works/OL36899W	oclc	
OL36917W	4	2	Mrs. Lancelot	1912	0.84	1.0	nyp.33433074863139|uc2.ark+=13960=t4pk08x0c|mdp.39015063923539|uc2.ark+=13960=t6tx3ck6d	/works/OL36917W	oclc	
OL36938W	6	1	The queen's quair;	1904	0.89	1.0	mdp.39015031237186|mdp.39015063911633|nyp.33433074870423|nyp.33433074870431|uc1.b4103187|uc2.ark+=13960=t09w0cr2x	/works/OL36938W	oclc	
OL36950W	2	2	New Canterbury tales	1901	0.88	1.0	uc2.ark+=13960=t5m90555k|uc2.ark+=13960=t0gt5kx1x	/works/OL36950W	oclc	
OL36952W	8	5	The life and death of Richard Yea-and-Nay	1901	0.89	1.0	mdp.39015031235503|nyp.33433074863071|uc1.b3322767|uc2.ark+=13960=t7qn66z22|uc1.b3322486|uc2.ark+=13960=t03x8bs9v|mdp.39015031297982|uc2.ark+=13960=t5x63jg14	/works/OL36952W	oclc	
OL36954W	2	1	Little novels of Italy	1899	0.89	1.0	uc1.b3865742|uc2.ark+=13960=t92808c4t	/works/OL36954W	oclc	
OL36956W	3	1	The forest lovers;	1898	0.84	0.999	nyp.33433074863014|uc2.ark+=13960=t5fb50q0z|wu.89081829186	/works/OL36956W	oclc	
OL3713397W	2	1	William, an Englishman	1920	0.89	1.0	nyp.33433074852728|uc2.ark+=13960=t7np1zm8d	/works/OL3713397W	oclc	
OL37140074W	1	1	A dead man's diary	1894	0.58	0.998	nnc1.cr59990007	/works/OL37140074W	oclc	
OL3715482W	1	1	The Tory's daughter	1888	0.89	1.0	uc2.ark+=13960=t4jm23z4j	/works/OL3715482W	oclc	
OL37208W	1	1	The autobiography of an ex-colored man	1912	0.7	0.999	coo.31924022491033	/works/OL37208W	oclc	
OL3739394W	2	1	Back to God's country	1920	0.89	1.0	nyp.33433074840558|uc2.ark+=13960=t9x05zt78	/works/OL3739394W	oclc	
OL3739401W	1	1	Isobel	1913	0.89	1.0	mdp.39015022364882	/works/OL3739401W	oclc	
OL3739405W	2	1	The golden snare	1921	0.88	1.0	mdp.39015022477122|nyp.33433074840699	/works/OL3739405W	oclc	
OL3739408W	2	2	Flower of the north	1912	0.89	1.0	uc2.ark+=13960=t06w98j10|nyp.33433074840657	/works/OL3739408W	oclc	
OL3739410W	1	1	Philip Steele of the Royal Northwest mounted police	1911	0.88	1.0	nyp.33433074846365	/works/OL3739410W	oclc	
OL3739411W	1	1	The wolf hunters	1908	0.89	1.0	uc2.ark+=13960=t21c1vk6p	/works/OL3739411W	oclc	
OL3739413W	1	1	The gold hunters	1909	0.89	0.999	uc2.ark+=13960=t4wh2dw0h	/works/OL3739413W	oclc	
OL3739415W	3	1	The grizzly king	1918	0.88	1.0	mdp.39015063545324|nyp.33433074840681|uc2.ark+=13960=t09w0d606	/works/OL3739415W	oclc	
OL3739416W	1	1	The honor of the big snows	1911	0.88	1.0	nyp.33433074846373	/works/OL3739416W	oclc	
OL3739419W	2	1	Kazan	1914	0.89	1.0	mdp.39015005386282|uc2.ark+=13960=t7gq6sz2m	/works/OL3739419W	oclc	
OL3739420W	1	1	Nomads of the North	1919	0.89	1.0	uc2.ark+=13960=t48p5xw00	/works/OL3739420W	oclc	
OL3739422W	4	2	The flaming forest	1921	0.89	1.0	njp.32101064788340|uc2.ark+=13960=t2794118v|nyp.33433074840665|uc1.b4097817	/works/OL3739422W	oclc	
OL3739423W	3	2	Baree	1917	0.89	1.0	mdp.49015000668443|mdp.39015063545050|uc2.ark+=13960=t6057f53w	/works/OL3739423W	oclc	
OL37468569W	1	1	"""Quo vadis."""	1897	0.69	1.0	njp.32101074898295	/works/OL37468569W	oclc	
OL3750797W	2	1	The great Pike's Peak rush	1917	0.89	1.0	uc1.31822038206702|uc2.ark+=13960=t3fx74s31	/works/OL3750797W	oclc	
OL3750800W	1	1	The magic mashie and other golfish stories	1902	0.79	1.0	umn.319510020676862	/works/OL3750800W	oclc	
OL3750822W	2	1	The boy settler; or, Terry in the new West	1916	0.89	1.0	uc1.b3331881|uc2.ark+=13960=t76t0ht6q	/works/OL3750822W	oclc	
OL3750825W	1	1	Lost with Lieutenant Pike	1919	0.83	1.0	uc2.ark+=13960=t6445jc0h	/works/OL3750825W	oclc	
OL3750827W	3	1	On the plains with Custer;	1913	0.71	1.0	mdp.39015006951043|uc2.ark+=13960=t07w67f1d|uc2.ark+=13960=t5h98zt09	/works/OL3750827W	oclc	
OL3750831W	2	1	Opening the west with Lewis and Clark	1917	0.84	1.0	nyp.33433076053572|uc2.ark+=13960=t2599zr8q	/works/OL3750831W	oclc	
OL37525W	1	1	The master-girl	1910	0.84	0.999	uc2.ark+=13960=t05x25t64	/works/OL37525W	oclc	
OL3753287W	1	1	The squatter and the don	1885	0.81	1.0	nyp.33433074938386	/works/OL3753287W	oclc	
OL37538824W	1	1	Koradine	1897	0.9	1.0	wu.89098851280	/works/OL37538824W	oclc	
OL3773681W	1	1	A drum's story	1909	0.6	1.0	nyp.33433081764130	/works/OL3773681W	oclc	
OL3783260W	1	1	The call of the offshore wind	1918	0.88	1.0	nyp.33433076050503	/works/OL3783260W	oclc	
OL3783261W	1	1	Campus days	1912	0.83	1.0	nyp.33433076050495	/works/OL3783261W	oclc	
OL3783265W	1	1	First down, Kentucky!	1921	0.84	1.0	uva.x030826105	/works/OL3783265W	oclc	
OL3783288W	1	1	College years	1909	0.89	1.0	nyp.33433076050339	/works/OL3783288W	oclc	
OL3783293W	3	1	Ships across the sea;	1920	0.89	1.0	mdp.39015063946746|nyp.33433076050479|uc2.ark+=13960=t90864q9q	/works/OL3783293W	oclc	
OL37990571W	1	1	Judy of York Hill	1922	0.89	1.0	mdp.39076002271869	/works/OL37990571W	oclc	
OL3799841W	2	1	The lunatic at large	1905	0.83	1.0	nyp.33433074946835|uc2.ark+=13960=t59c6vb2t	/works/OL3799841W	oclc	
OL3799843W	1	1	The man from the clouds	1919	0.89	1.0	nyp.33433074946843	/works/OL3799843W	oclc	
OL37998858W	1	1	What happened to Barbara	1907	0.88	0.999	uc2.ark+=13960=t7gq6t31b	/works/OL37998858W	oclc	
OL380242W	2	1	The pool in the desert	1903	0.83	1.0	nnc1.cu58309926|uc2.ark+=13960=t0sq8rs70	/works/OL380242W	oclc	
OL38085291W	2	1	The Hoosier school master;	1913	0.85	1.0	mdp.39015008494604|uc2.ark+=13960=fk4pk07740	/works/OL38085291W	oclc	
OL3812734W	1	1	Tales from the Ægean	1894	0.88	1.0	mdp.39015058551337	/works/OL3812734W	oclc	
OL3839478W	2	1	Caprice	1917	0.78	1.0	njp.32101068598174|uc1.$b794738	/works/OL3839478W	oclc	
OL38464024W	1	1	My mother's girlhood	1904	0.62	1.0	wu.89098855414	/works/OL38464024W	oclc	
OL38573691W	1	1	Hypatia;	1902	0.76	1.0	uc1.32106001943817	/works/OL38573691W	oclc	
OL38573734W	1	1	Ch'un-kwang	1905	0.8	0.998	umn.31951002085561k	/works/OL38573734W	oclc	
OL38581109W	5	3	The history of Henry Esmond, esq.;	1908	0.84	1.0	nnc1.cu58500472|uc1.l0066333493|mdp.39015013159440|uc1.b4104169|uc2.ark+=13960=t5n87dw5h	/works/OL38581109W	oclc	
OL38604410W	1	1	The merchant of Berlin	1887	0.89	1.0	nnc1.cu50263412	/works/OL38604410W	oclc	
OL38630W	2	2	Almayer's folly;	1915	0.89	0.999	mdp.39015065980735|mdp.39015038065663	/works/OL38630W	oclc	
OL38634W	3	2	An outcast of the islands	1920	0.89	1.0	uva.x000098172|uc1.b3321995|uc2.ark+=13960=t0qr4wv0c	/works/OL38634W	oclc	
OL3863778W	2	1	The house by the river	1921	0.9	1.0	nyp.33433074858204|uc2.ark+=13960=t2x34pf7r	/works/OL3863778W	oclc	
OL3863781W	3	2	The secret battle	1919	0.86	1.0	uc2.ark+=13960=t0vq2vj8x|mdp.39015018598444|uc2.ark+=13960=t9t14xm19	/works/OL3863781W	oclc	
OL3863910W	3	3	Major Vigoureaux	1907	0.84	1.0	uc2.ark+=13960=t5gb2328q|uc2.ark+=13960=t08w3g41f|nyp.33433075874796	/works/OL3863910W	oclc	
OL3863928W	1	1	The splendid spur;	1914	0.89	1.0	uc2.ark+=13960=t3xs5q29r	/works/OL3863928W	oclc	
OL3863944W	4	2	Nicky-Nan, reservist	1915	0.88	1.0	mdp.39015063946639|uc1.b3327640|uc2.ark+=13960=t3bz67t85|nyp.33433075873194	/works/OL3863944W	oclc	
OL3863960W	3	2	The laird's luck	1901	0.89	1.0	mdp.39015063946498|nyp.33433075874804|uc2.ark+=13960=t8w957k0k	/works/OL3863960W	oclc	
OL3863975W	3	2	The ship of stars;	1899	0.89	1.0	uc1.b3325725|nyp.33433075873228|uc2.ark+=13960=t1cj8d33s	/works/OL3863975W	oclc	
OL3863978W	3	2	The blue pavilions	1891	0.82	1.0	uc1.b4104140|uc2.ark+=13960=t6930tw2t|nyp.33433075873038	/works/OL3863978W	oclc	
OL3863980W	1	1	Old fires and profitable ghosts;	1900	0.83	1.0	uc2.ark+=13960=t8z899881	/works/OL3863980W	oclc	
OL3863983W	6	3	True Tilda	1909	0.89	1.0	uc2.ark+=13960=t77s7rn5h|mdp.39015063946472|nyp.33433075873079|uc2.ark+=13960=t2s46nq1w|uc1.b4102810|uc2.ark+=13960=t5z60pw8q	/works/OL3863983W	oclc	
OL3863992W	6	2	Fort Amity	1904	0.89	1.0	mdp.39015063946217|uc1.b3327635|uc2.ark+=13960=t2k64k49c|uc2.ark+=13960=t9668hk5g|njp.32101065703736|uc2.ark+=13960=t1fj2d54h	/works/OL3863992W	oclc	
OL3863995W	4	2	Hetty Wesley	1908	0.85	1.0	uc2.ark+=13960=t7pn93h96|mdp.39015002713363|nyp.33433075874812|uc2.ark+=13960=t51g0sk4c	/works/OL3863995W	oclc	
OL38672W	4	1	Stories of Red Hanrahan ;	1914	0.88	1.0	mdp.39015008531355|njp.32101067487593|uc1.b4104177|uc2.ark+=13960=t1fj2n204	/works/OL38672W	oclc	
OL38677284W	3	1	Winesburg, Ohio;	1919	0.88	1.0	mdp.39015000608102|mdp.39015002136250|mdp.39015049642039	/works/OL38677284W	oclc	
OL38687610W	1	1	The emperor	1881	0.89	1.0	nyp.33433075738983	/works/OL38687610W	oclc	
OL38692245W	1	1	The glass	1849	0.85	1.0	njp.32101068972270	/works/OL38692245W	oclc	
OL38700W	1	1	Nostromo;	1922	0.89	1.0	mdp.39015047659654	/works/OL38700W	oclc	
OL38705058W	1	1	The pirate	1906	0.72	1.0	mdp.39015027383903	/works/OL38705058W	oclc	
OL3870774W	1	1	Penruddock of the White Lambs	1902	0.83	0.999	nyp.33433074812318	/works/OL3870774W	oclc	
OL38712591W	1	1	Peg Woffington	1907	0.77	1.0	mdp.39015063948965	/works/OL38712591W	oclc	
OL38712599W	1	1	The boy hunters of the Mississippi	1912	0.57	1.0	njp.32101065853507	/works/OL38712599W	oclc	
OL38712771W	1	1	The monastery	1910	0.7	0.999	njp.32101067173631	/works/OL38712771W	oclc	
OL38728527W	5	1	Weird tid-bits	1888	0.82	1.0	nnc1.0022035958|nnc1.0040976017|nnc1.0040976025|nnc1.0111708131|nnc1.0113307762	/works/OL38728527W	oclc	
OL38731051W	4	1	Cease firing	1912	0.73	1.0	mdp.39015059429871|nyp.33433076072291|uc1.b4091368|uc2.ark+=13960=t3st7f68m	/works/OL38731051W	oclc	
OL38731768W	2	1	The pilgrim's shell ; or, Fergan the quarryman, a tale from the feudal times	1904	0.67	1.0	nnc1.cu53315774|umn.31951002103950o	/works/OL38731768W	oclc	
OL38732189W	1	1	The conqueror;	1903	0.57	0.999	coo.31924022020741	/works/OL38732189W	oclc	
OL38732325W	2	1	Vergilius;	1904	0.89	1.0	mdp.39015030845641|uc2.ark+=13960=t5m903904	/works/OL38732325W	oclc	
OL38733902W	1	1	Penelope's suitors	1887	0.82	1.0	mdp.39015059375926	/works/OL38733902W	oclc	
OL38735415W	1	1	Madame Thérèse	1903	0.89	1.0	nnc1.cu53417658	/works/OL38735415W	oclc	
OL38736122W	3	1	Extract from Captain Stormfield's visit to heaven	1909	0.87	1.0	dul1.ark+=13960=t3jw91p86|uc1.b4102282|uc2.ark+=13960=t9x05xw9q	/works/OL38736122W	oclc	
OL38738929W	1	1	The spy of Yorktown;	1905	0.79	1.0	nnc1.1002205599	/works/OL38738929W	oclc	
OL38740W	3	2	Tales of unrest	1900	0.89	1.0	uc1.b3582599|uc2.ark+=13960=t8cf9tz8n|nyp.33433074942909	/works/OL38740W	oclc	
OL38743925W	1	1	Bolanyo	1902	0.88	1.0	nyp.33433076048192	/works/OL38743925W	oclc	
OL38744676W	1	1	Agatha Webb	1899	0.84	1.0	uc1.b4104310	/works/OL38744676W	oclc	
OL38751344W	1	1	The abbot;	1910	0.78	0.999	nnc1.0314979470	/works/OL38751344W	oclc	
OL38758412W	1	1	Love stories	1919	0.89	1.0	mdp.39015030710027	/works/OL38758412W	oclc	
OL38761628W	1	1	The queen's necklace	1895	0.9	1.0	uva.x030825518	/works/OL38761628W	oclc	
OL38763W	3	2	Victory	1921	0.88	1.0	mdp.49015000941907|uc2.ark+=13960=t4qj7mg7p|inu.32000009188204	/works/OL38763W	oclc	
OL38768651W	2	1	The downfall	1914	0.76	1.0	mdp.39015000587173|uc2.ark+=13960=t52f7q23z	/works/OL38768651W	oclc	
OL38771W	3	1	Within the tides	1916	0.89	1.0	mdp.39015030742939|uc1.b3325360|uc2.ark+=13960=t1cj8gv9c	/works/OL38771W	oclc	
OL38778W	1	1	Youth	1903	0.84	1.0	uc2.ark+=13960=t23b68929	/works/OL38778W	oclc	
OL38815W	4	2	The Nigger of the Narcissus; a tale of the forecastle	1916	0.89	1.0	mdp.39015010701590|mdp.39015038916741|uc1.b3582843|uc2.ark+=13960=t9m32z401	/works/OL38815W	oclc	
OL38827W	3	1	The shadow line	1917	0.82	1.0	mdp.39015049892089|nyp.33433074942974|uc2.ark+=13960=t6n01c29h	/works/OL38827W	oclc	
OL38837W	1	1	The secret rose	1897	0.89	1.0	uc1.b4101692	/works/OL38837W	oclc	
OL38876W	4	3	Typhoon	1916	0.89	1.0	njp.32101068581642|mdp.39015013302610|mdp.39015013305290|mdp.39015030734464	/works/OL38876W	oclc	
OL38920170W	1	1	The splendid spur	1893	0.88	1.0	nyp.33433075873103	/works/OL38920170W	oclc	
OL38920296W	3	1	Judith Shakespeare;	1884	0.83	1.0	nyp.33433081604344|nyp.33433081604534|nyp.33433081604542	/works/OL38920296W	oclc	
OL38920503W	1	1	Stradella	1909	0.89	1.0	mdp.39015013785160	/works/OL38920503W	oclc	
OL38932W	2	2	Falk;	1914	0.89	1.0	mdp.39015066173447|nyp.33433064528791	/works/OL38932W	oclc	
OL38956090W	2	1	Jaya	1914	0.89	1.0	mdp.39015031237897|yale.39002054595658	/works/OL38956090W	oclc	
OL38960843W	1	1	Reformed robbers	1899	0.87	0.999	nnc1.cr59919566	/works/OL38960843W	oclc	
OL38962313W	1	1	The village watch-tower	1896	0.88	1.0	mdp.39015063928181	/works/OL38962313W	oclc	
OL38986365W	1	1	The Cossacks	1888	0.89	1.0	nyp.33433073356499	/works/OL38986365W	oclc	
OL38992643W	4	1	An Egyptian princess	1880	0.9	1.0	mdp.39015035933913|mdp.39015035933921|uc1.b3145625|uc1.b3145626	/works/OL38992643W	oclc	
OL38994778W	1	1	Three children of Galilee	1896	0.73	0.999	nnc1.cr60127988	/works/OL38994778W	oclc	
OL38998263W	1	1	The custom of the country: tales of new Japan	1902	0.88	1.0	nyp.33433076094923	/works/OL38998263W	oclc	
OL39001480W	1	1	The child of the Ganges;	1890	0.89	1.0	yale.39002023889174	/works/OL39001480W	oclc	
OL39008W	2	1	'Twixt land and sea	1912	0.89	1.0	mdp.39015016879820|uva.x000939353	/works/OL39008W	oclc	
OL3901446W	2	1	A marriage under the terror	1910	0.89	1.0	nyp.33433075767438|uc2.ark+=13960=t3bz6567s	/works/OL3901446W	oclc	
OL39014555W	1	1	Virginia	1913	0.9	1.0	njp.32101068598570	/works/OL39014555W	oclc	
OL39031W	1	1	The inheritors	1901	0.89	1.0	mdp.39015010763251	/works/OL39031W	oclc	
OL39059W	1	1	Romance	1904	0.83	1.0	nc01.ark+=13960=t28925t0h	/works/OL39059W	oclc	
OL39075W	2	2	A set of six	1920	0.88	0.999	mdp.39015008642657|uc2.ark+=13960=t2c82hq3b	/works/OL39075W	oclc	
OL39081W	3	2	The rescue	1920	0.89	1.0	uc1.b3321998|mdp.39015005010809|nyp.33433074942958	/works/OL39081W	oclc	
OL39084W	3	2	The arrow of gold;	1921	0.89	1.0	uc2.ark+=13960=t8nc5wm88|uc1.b3321994|uc2.ark+=13960=t1bk1dq94	/works/OL39084W	oclc	
OL39093W	2	2	Chance	1913	0.89	1.0	mdp.39015008040225|mdp.39015030727054	/works/OL39093W	oclc	
OL39096W	3	1	The mirror of the sea	1906	0.61	1.0	inu.32000005571718|loc.ark+=13960=t3cz42508|uc2.ark+=13960=t4bp00561	/works/OL39096W	oclc	
OL39108W	1	1	The secret agent	1907	0.87	0.996	uc2.ark+=13960=t24b3010m	/works/OL39108W	oclc	
OL3923323W	1	1	True love;	1903	0.88	1.0	nyp.33433074806328	/works/OL3923323W	oclc	
OL3928049W	1	1	A daughter of the dons	1914	0.84	1.0	uc2.ark+=13960=t2w37mk24	/works/OL3928049W	oclc	
OL3928052W	1	1	Gunsight Pass	1921	0.89	1.0	uc2.ark+=13960=t9571bp2p	/works/OL3928052W	oclc	
OL3928057W	3	2	The big-town round-up	1920	0.89	1.0	nyp.33433076059611|uc2.ark+=13960=t0pr7q57j|uc2.ark+=13960=t2r49hw0t	/works/OL3928057W	oclc	
OL3928058W	2	1	A Texas ranger	1911	0.89	1.0	nyp.33433043461189|uc2.ark+=13960=t16m35k2x	/works/OL3928058W	oclc	
OL3928059W	1	1	The Yukon trail;	1917	0.89	1.0	uc2.ark+=13960=t9v11x187	/works/OL3928059W	oclc	
OL39280W	1	1	Further adventures of Lad	1922	0.88	1.0	nyp.33433075768923	/works/OL39280W	oclc	
OL3928269W	2	1	A gentle knight of old Brandenburg	1909	0.89	1.0	nyp.33433074902887|uc2.ark+=13960=t5gb2081s	/works/OL3928269W	oclc	
OL3928277W	1	1	Uncle Tom Andy Bill;	1908	0.88	1.0	uc2.ark+=13960=t71v5fw12	/works/OL3928277W	oclc	
OL3928278W	1	1	The touchstone of fortune;	1912	0.87	1.0	uc2.ark+=13960=t6pz53g2p	/works/OL3928278W	oclc	
OL3928279W	3	1	A forest hearth;	1903	0.84	1.0	mdp.39015063943974|nyp.33433076024946|uc2.ark+=13960=t7fq9qt58	/works/OL3928279W	oclc	
OL3928281W	1	1	The bears of Blue River	1908	0.83	0.999	uc2.ark+=13960=t5bc3tf7b	/works/OL3928281W	oclc	
OL3928282W	3	1	Yolanda	1905	0.77	1.0	mdp.39015063943826|uc2.ark+=13960=t0qr4ns7z|wu.89004841938	/works/OL3928282W	oclc	
OL3928283W	4	3	When knighthood was in flower;	1899	0.88	1.0	uva.x004198712|mdp.39015004288133|nyp.33433076051303|uc1.b3550216	/works/OL3928283W	oclc	
OL39284W	2	1	Lad: a dog	1919	0.89	1.0	uc1.b4087201|uc2.ark+=13960=t54f1nc40	/works/OL39284W	oclc	
OL39286W	1	1	Bruce	1920	0.84	1.0	mdp.39015063963451	/works/OL39286W	oclc	
OL392951W	1	1	Jean-Christophe in Paris	1911	0.69	1.0	uc2.ark+=13960=t0tq5v092	/works/OL392951W	oclc	
OL3937648W	1	1	Dumb-bell of Brookfield	1917	0.86	1.0	uc2.ark+=13960=t3902181n	/works/OL3937648W	oclc	
OL3937652W	2	1	Blister Jones	1913	0.8	1.0	nyp.33433076065618|uc2.ark+=13960=t9d50hw0k	/works/OL3937652W	oclc	
OL39435435W	1	1	Dead man's gold	1920	0.88	0.999	nyp.33433074848155	/works/OL39435435W	oclc	
OL39438557W	2	1	The Freres;	1882	0.9	1.0	mdp.39015063939394|nyp.33433074849294	/works/OL39438557W	oclc	
OL39520W	1	1	Monday or Tuesday	1921	0.8	1.0	mdp.39015001800351	/works/OL39520W	oclc	
OL3956094W	1	1	Don Tarquinio	1905	0.85	0.999	uc2.ark+=13960=t7xk8992q	/works/OL3956094W	oclc	
OL39571W	2	2	Night and day	1920	0.85	1.0	mdp.39015014365145|mdp.39015000610488	/works/OL39571W	oclc	
OL3967807W	2	1	Juniata memories;	1916	0.63	0.999	njp.32101072318254|uc2.ark+=13960=t0bv7mf1x	/works/OL3967807W	oclc	
OL3967808W	1	1	North Mountain mementos;	1920	0.67	1.0	uc2.ark+=13960=t3028sh7z	/works/OL3967808W	oclc	
OL3967810W	2	1	South Mountain sketches;	1920	0.81	1.0	uc2.ark+=13960=t3028sh31|uva.x000546618	/works/OL3967810W	oclc	
OL3967811W	1	1	More Pennsylvania mountain stories	1912	0.83	1.0	uc2.ark+=13960=t9f47j96w	/works/OL3967811W	oclc	
OL3967813W	2	1	Tales of the Bald Eagle Mountainsin Central Pennsylvania	1912	0.81	1.0	uc2.ark+=13960=t5p84526h|yale.39002015296198	/works/OL3967813W	oclc	
OL3971856W	1	1	That Christmas in Peace Haven and Three Eyes	1916	0.78	1.0	njp.32101067645190	/works/OL3971856W	oclc	
OL3971872W	1	1	The harvest of the sea;	1905	0.79	1.0	nyp.33433074859731	/works/OL3971872W	oclc	
OL3971876W	2	1	Labrador days;	1919	0.89	1.0	mdp.39015063552270|uc2.ark+=13960=t1xd0t733	/works/OL3971876W	oclc	
OL3971882W	2	1	Tales of the Labrador	1916	0.88	1.0	mdp.39015063553468|uc2.ark+=13960=t4pk0d55k	/works/OL3971882W	oclc	
OL3971885W	4	1	Down North on the Labrador	1911	0.83	1.0	loc.ark+=13960=t0ht3dw5w|mdp.39015011951772|uc2.ark+=13960=t13n22v0b|yale.39002024997737	/works/OL3971885W	oclc	
OL3979205W	1	1	Grania	1892	0.88	1.0	mdp.39015063933272	/works/OL3979205W	oclc	
OL3979207W	1	1	Maelcho	1894	0.89	1.0	njp.32101068972809	/works/OL3979207W	oclc	
OL3979208W	2	1	With Essex in Ireland;being extracts from a diary kept in Ireland during the year 1599	1890	0.9	1.0	mdp.39015063932985|uc2.ark+=13960=t5m906m1w	/works/OL3979208W	oclc	
OL3979210W	2	1	Hurrish	1888	0.89	1.0	njp.32101068972817|uc2.ark+=13960=t4dn4191m	/works/OL3979210W	oclc	
OL40001620W	1	1	Andronike	1899	0.89	1.0	nyp.33433081616124	/works/OL40001620W	oclc	
OL40063706W	1	1	Tales of the South	1912	0.85	1.0	njp.32101065705897	/works/OL40063706W	oclc	
OL4014985W	1	1	In the line	1905	0.88	1.0	nyp.33433082532031	/works/OL4014985W	oclc	
OL4019985W	1	1	Cyparissus;	1897	0.82	1.0	nyp.33433075737597	/works/OL4019985W	oclc	
OL4020000W	2	1	Prusias;	1884	0.89	1.0	njp.32101064140336|njp.32101064140344	/works/OL4020000W	oclc	
OL4020007W	2	1	Quintus Claudius;	1882	0.9	1.0	uiuo.ark+=13960=t4sj1dv41|uiuo.ark+=13960=t6n01326r	/works/OL4020007W	oclc	
OL4028515W	4	1	The Charles men	1920	0.82	1.0	mdp.39015005600187|mdp.39015005600195|uc2.ark+=13960=t7tm75f4v|uc2.ark+=13960=t85h7gc8z	/works/OL4028515W	oclc	
OL40292833W	2	1	The strangers' banquet	1919	0.88	1.0	mdp.39015051144932|nyp.33433074861836	/works/OL40292833W	oclc	
OL4072351W	1	1	The Bobbsey twins on a houseboat	1915	0.83	1.0	nyp.33433082332044	/works/OL4072351W	oclc	
OL4072355W	1	1	The Bobbsey twins on Blueberry Island	1917	0.83	1.0	nyp.33433082332077	/works/OL4072355W	oclc	
OL4072428W	1	1	Bunny Brown and his sister Sue giving a show	1919	0.88	0.999	nc01.ark+=13960=t3224135m	/works/OL4072428W	oclc	
OL4072532W	1	1	The outdoor girls at Rainbow Lake	1913	0.89	1.0	nyp.33433082344916	/works/OL4072532W	oclc	
OL4072555W	1	1	The moving picture girls at Oak Farm, or, Queer happenings while taking rural plays	1914	0.89	1.0	nyp.33433082344882	/works/OL4072555W	oclc	
OL4072557W	1	1	The Outdoor Girls in army service, or, Doing their bit for the soldier boys	1918	0.87	1.0	nyp.33433082333216	/works/OL4072557W	oclc	
OL4072558W	1	1	The outdoor girls in a winter camp	1913	0.88	1.0	nyp.33433082343264	/works/OL4072558W	oclc	
OL4072559W	1	1	The outdoor girls in Florida	1913	0.81	1.0	nyp.33433082333190	/works/OL4072559W	oclc	
OL4072565W	1	1	The story of a candy rabbit	1920	0.87	1.0	nyp.33433082354196	/works/OL4072565W	oclc	
OL4072566W	1	1	The story of a plush bear	1921	0.86	1.0	nyp.33433082354220	/works/OL4072566W	oclc	
OL4072575W	1	1	The outdoor girls at the Hostess House ;	1919	0.89	0.999	uc2.ark+=13960=t50g3m16x	/works/OL4072575W	oclc	
OL4072578W	2	1	The Bobbsey twins at home	1916	0.89	1.0	nyp.33433082332051|uva.x000238415	/works/OL4072578W	oclc	
OL4072580W	1	1	The outdoor girls in a motor car;	1913	0.83	1.0	nyp.33433082344890	/works/OL4072580W	oclc	
OL4072582W	1	1	The story of a nodding donkey	1921	0.85	1.0	nyp.33433082354204	/works/OL4072582W	oclc	
OL4072588W	1	1	The Bobbsey twins in a great city	1917	0.88	1.0	nyp.33433082305636	/works/OL4072588W	oclc	
OL4072597W	2	1	The Bobbsey twins in the great west	1920	0.88	1.0	nyp.33433082305628|uva.x000677513	/works/OL4072597W	oclc	
OL4072599W	1	1	The Bobbsey twins at school	1913	0.83	1.0	nyp.33433082332028	/works/OL4072599W	oclc	
OL4072600W	1	1	The Bobbsey twins at Snow Lodge	1913	0.89	0.983	mdp.39076002195167	/works/OL4072600W	oclc	
OL4072602W	1	1	The Bobbsey twins in Washington	1919	0.88	1.0	nyp.33433082344874	/works/OL4072602W	oclc	
OL4072603W	1	1	The Bobbsey twins at Meadow Brook	1915	0.82	1.0	nyp.33433082332036	/works/OL4072603W	oclc	
OL4072605W	1	1	The Bobbsey twins at the seashore	1907	0.88	1.0	nyp.33433082332010	/works/OL4072605W	oclc	
OL407429W	2	1	Guinea gold	1912	0.84	1.0	nyp.33433074859780|uc2.ark+=13960=t7qn6336j	/works/OL407429W	oclc	
OL408709W	1	1	Young people's Pilgrim's progress	1914	0.54	1.0	loc.ark+=13960=t1bk1w50d	/works/OL408709W	oclc	
OL408719W	1	1	A prince of dreamers	1909	0.88	1.0	uc1.b3326439	/works/OL408719W	oclc	
OL4087569W	3	2	Futility;	1922	0.88	1.0	mdp.39015003928952|uc2.ark+=13960=t6sx6716d|nyp.33433074856786	/works/OL4087569W	oclc	
OL408999W	1	1	The captain's wife	1903	0.89	1.0	mdp.39015063953858	/works/OL408999W	oclc	
OL409019W	1	1	The romance of a midshipman	1898	0.89	1.0	mdp.39015063953940	/works/OL409019W	oclc	
OL4090269W	1	1	The breaking in of a yachtsman's wife	1908	0.87	0.999	mdp.39015019641409	/works/OL4090269W	oclc	
OL4090270W	2	1	The ninth man	1920	0.84	1.0	mdp.39015016768312|uc2.ark+=13960=t6zw1b92m	/works/OL4090270W	oclc	
OL4090273W	2	1	Autobiography of an elderly woman	1911	0.89	1.0	uc1.$b436723|uc2.ark+=13960=t42r3q473	/works/OL4090273W	oclc	
OL4093129W	4	1	Our Phil	1889	0.87	0.999	mdp.39015068383630|nyp.33433074851563|uc1.b249638|uc2.ark+=13960=t9p26t443	/works/OL4093129W	oclc	
OL4093410W	2	1	Unveiling a parallel	1893	0.89	1.0	dul1.ark+=13960=t2f772s6g|uc2.ark+=13960=t7wm1484j	/works/OL4093410W	oclc	
OL4093412W	1	1	Beatrice of Bayou Têche	1895	0.84	1.0	njp.32101068970639	/works/OL4093412W	oclc	
OL40946456W	3	1	Three men on wheels	1900	0.89	1.0	mdp.39015011581371|uc1.b3820252|uc2.ark+=13960=t0ft8f10z	/works/OL40946456W	oclc	
OL409565W	2	1	The marriage of William Ashe; a novel	1905	0.88	1.0	nyp.33433075764062|nyp.33433075764070	/works/OL409565W	oclc	
OL4104767W	3	2	The moon pool	1919	0.89	0.999	uc1.31158002048287|uc2.ark+=13960=t4sj1b32c|nyp.33433074901772	/works/OL4104767W	oclc	
OL4106584W	1	1	At the mercy of Tiberius	1887	0.83	1.0	uc1.b4102283	/works/OL4106584W	oclc	
OL4107420W	1	1	Rosaleen among the artists	1921	0.89	0.999	nyp.33433076064694	/works/OL4107420W	oclc	
OL4108776W	4	2	The young visiters;	1919	0.83	0.999	uc2.ark+=13960=t3xs5n992|mdp.39015005308633|nyp.33433074947825|uc2.ark+=13960=t4bp0150j	/works/OL4108776W	oclc	
OL411226W	2	1	A changed man, The waiting supper	1913	0.84	1.0	mdp.39015014318631|mdp.39015051149816	/works/OL411226W	oclc	
OL4117486W	4	2	The enchanted burro	1897	0.88	1.0	nyp.33433076024615|mdp.39015063942356|uc1.b3581484|uc2.ark+=13960=fk1bk16q5v	/works/OL4117486W	oclc	
OL4117487W	2	2	The king of the broncos	1897	0.89	1.0	uc2.ark+=13960=t22b8wg5w|nyp.33433076024607	/works/OL4117487W	oclc	
OL4117488W	2	1	A New Mexico David	1891	0.57	1.0	nyp.33433076075898|uc1.b3688440	/works/OL4117488W	oclc	
OL412367W	2	1	Pope Jacynth & other fantastic tales	1907	0.76	1.0	mdp.39015010963455|uva.x000378353	/works/OL412367W	oclc	
OL41296W	2	1	Lords of the housetops;	1921	0.82	0.999	mdp.39015058640213|nyp.33433082527023	/works/OL41296W	oclc	
OL4132503W	1	1	Nemorama the Nautchnee	1891	0.61	0.999	uc2.ark+=13960=t5k933238	/works/OL4132503W	oclc	
OL413435W	30	2	The man that corrupted Hadleyburg, and other stories and essays	1917	0.89	1.0	mdp.39015005394526|nyp.33433074842406|uc1.$b557622|uc1.$b557623|uc1.b3548382|uc1.b3548383|uc1.b3548384|uc1.b3548385|uc1.b3548386|uc1.b3548387|uc1.b3548388|uc1.b3548389|uc1.b3548390|uc1.b3548391|uc1.b3548392|uc1.b3548393|uc1.b3548394|uc1.b3548395|uc1.b3548396|uc1.b3548397|uc1.b3548398|uc1.b3548399|uc1.b3548400|uc1.b3548401|uva.x000313458|uva.x000313463|uva.x000498588|uva.x000944273|uva.x004123000|uva.x004466903	/works/OL413435W	oclc	
OL413631W	39	1	The writings of Mark Twain [pseud.]	1899	0.89	1.0	mdp.49015000484999|mdp.49015002157239|mdp.49015002157247|mdp.49015002157262|mdp.49015002157270|mdp.49015002157288|mdp.49015002157296|mdp.49015002157304|mdp.49015002157320|mdp.49015002157338|mdp.49015002157346|mdp.49015002157353|mdp.49015002157361|mdp.49015002157379|mdp.49015002157387|mdp.49015002157395|mdp.49015002157403|mdp.49015002157411|mdp.49015002157429|mdp.49015002157437|mdp.49015002426469|njp.32101068149739|njp.32101068149747|njp.32101068149754|njp.32101068150018|njp.32101068150026|njp.32101068150034|njp.32101068150042|njp.32101068150059|njp.32101068150067|njp.32101068150075|njp.32101068150083|njp.32101068150091|njp.32101068150109|njp.32101068150117|njp.32101068150125|uc1.b4719528|uc1.b4719538|uc1.b4719542	/works/OL413631W	oclc	
OL4136815W	2	1	The Madonna of sacrifice;	1913	0.78	1.0	mdp.39015063937190|uc2.ark+=13960=t9862cn4k	/works/OL4136815W	oclc	
OL4136826W	5	2	Robert Cavelier	1904	0.88	1.0	mdp.39015063922390|uc2.ark+=13960=t7tm74c51|mdp.39015063937182|uc2.ark+=13960=t6k06zw45|uiuo.ark+=13960=t9z031j2n	/works/OL4136826W	oclc	
OL41369354W	1	1	Sorosis	1902	0.66	1.0	coo.31924085805301	/works/OL41369354W	oclc	
OL4143290W	1	1	Endura	1885	0.79	1.0	uc1.b3326145	/works/OL4143290W	oclc	
OL4146834W	2	2	The golden barque and The weaver's grave	1920	0.83	1.0	uc2.ark+=13960=t8v98231j|uc2.ark+=13960=t1dj5bx7t	/works/OL4146834W	oclc	
OL4146835W	1	1	The lady of Deerpark	1917	0.87	1.0	uc2.ark+=13960=t42r3sj79	/works/OL4146835W	oclc	
OL415356W	1	1	Odysseus, the hero of Ithaca	1898	0.87	0.999	uc2.ark+=13960=t6639mm1r	/works/OL415356W	oclc	
OL4190188W	1	1	The debit account	1913	0.88	1.0	nyp.33433074961644	/works/OL4190188W	oclc	
OL4190189W	1	1	Mushroom town	1914	0.89	1.0	uc2.ark+=13960=t9r20ts01	/works/OL4190189W	oclc	
OL4190190W	2	2	In accordance with the evidence	1912	0.88	1.0	mdp.39015063562550|uc2.ark+=13960=t52f7nh0h	/works/OL4190190W	oclc	
OL4198320W	1	1	Aladdin of London;	1907	0.89	1.0	nyp.33433075766026	/works/OL4198320W	oclc	
OL42217903W	1	1	Kottō	1902	0.59	0.998	uc2.ark+=13960=t6639mh98	/works/OL42217903W	oclc	
OL42372987W	2	1	A man for the ages;	1922	0.88	1.0	mdp.39015059389430|nyp.33433082266267	/works/OL42372987W	oclc	
OL42378W	1	1	Her father's daughter	1921	0.89	1.0	nyp.33433076059157	/works/OL42378W	oclc	
OL42379W	3	1	A daughter of the land	1918	0.89	1.0	mdp.39015020087865|nyp.33433076059165|uc2.ark+=13960=t9w08x24c	/works/OL42379W	oclc	
OL42380W	2	2	Laddie	1913	0.9	1.0	mdp.39015024235080|nyp.33433076059140	/works/OL42380W	oclc	
OL42381W	2	2	The song of the cardinal	1915	0.87	1.0	uc2.ark+=13960=t4xg9fn1w|uc2.ark+=13960=fk3jw86s1r	/works/OL42381W	oclc	
OL42382W	4	2	Michael O'Halloran	1916	0.9	1.0	mdp.39015033609374|nyp.33433076059132|mdp.39015065815659|uc2.ark+=13960=t4zg6hs06	/works/OL42382W	oclc	
OL42383W	3	2	The harvester	1911	0.9	1.0	uc2.ark+=13960=t5n874k55|nyp.33433075873640|uc1.b4103059	/works/OL42383W	oclc	
OL42385W	3	2	At the foot of the rainbow	1916	0.8	1.0	inu.30000011846866|uc2.ark+=13960=t73t9f02p|nyp.33433075873384	/works/OL42385W	oclc	
OL4242080W	1	1	A boy on a farm, at work and at play	1903	0.77	1.0	uva.x001862873	/works/OL4242080W	oclc	
OL42468244W	1	1	Green mansions;	1916	0.81	1.0	uva.x001133361	/works/OL42468244W	oclc	
OL42469109W	3	2	The voice of the city;	1913	0.87	1.0	uc2.ark+=13960=t0sq8rt02|wu.89006958011|uva.x030833214	/works/OL42469109W	oclc	
OL42470244W	2	1	Lavengro	1893	0.9	1.0	uc1.b3322013|uc2.ark+=13960=t9d50qq95	/works/OL42470244W	oclc	
OL42470997W	1	1	The red cross girl	1919	0.87	1.0	nyp.33433074843719	/works/OL42470997W	oclc	
OL42471247W	1	1	Daisy Miller	1909	0.83	1.0	mdp.39015047866010	/works/OL42471247W	oclc	
OL42471542W	2	2	Penrod	1914	0.89	1.0	pst.000059709107|uc2.ark+=13960=t2t43k226	/works/OL42471542W	oclc	
OL42483749W	1	1	History of Rasselas	1887	0.87	1.0	mdp.39015063920659	/works/OL42483749W	oclc	
OL42487714W	2	1	The man of the hour	1905	0.89	1.0	mdp.39015063916228|uc1.b4353763	/works/OL42487714W	oclc	
OL42487735W	2	1	The heart of toil	1901	0.88	1.0	uc1.b4104274|uc2.ark+=13960=fk54f1mv5t	/works/OL42487735W	oclc	
OL42491185W	1	1	The story of Sylvie and Bruno	1904	0.82	1.0	nc01.ark+=13960=t2f77dk20	/works/OL42491185W	oclc	
OL42513693W	2	1	Hypatia;	1881	0.89	1.0	mdp.39015035126534|mdp.39015035126542	/works/OL42513693W	oclc	
OL42514043W	2	2	Lord Jim, a romance	1920	0.89	1.0	ien.35556035964451|uva.x000098164	/works/OL42514043W	oclc	
OL42514382W	1	1	Catherine de ́Medici	1902	0.56	0.995	uc1.31158004170782	/works/OL42514382W	oclc	
OL42516056W	6	1	A Connecticut Yankee in King Arthur's Court	1917	0.88	1.0	mdp.39015002206988|mdp.39015029391094|mdp.39015031222519|mdp.39015038083740|mdp.39015066052682|uc1.32106002064027	/works/OL42516056W	oclc	
OL42516547W	2	1	The siege of London	1882	0.89	1.0	mdp.39015011324038|uc1.b3328901	/works/OL42516547W	oclc	
OL42516933W	4	1	The life and adventures of Robinson Crusoe, mariner, of Hull	1882	0.81	1.0	mdp.39015078552604|mdp.39015078552612|nyp.33433074911888|nyp.33433074911896	/works/OL42516933W	oclc	
OL42517029W	1	1	The Luck of Roaring Camp	1920	0.76	1.0	uc1.b4103185	/works/OL42517029W	oclc	
OL42517269W	1	1	Marguerite de Valois	1889	0.89	1.0	uc1.b4065413	/works/OL42517269W	oclc	
OL42517291W	2	1	The three musketeers	1893	0.89	1.0	uc1.b4065727|uc1.b4065988	/works/OL42517291W	oclc	
OL42517559W	1	1	Marion Fay	1882	0.83	0.998	uc1.b4103986	/works/OL42517559W	oclc	
OL4255947W	1	1	The awakening of Hezekiah Jones	1916	0.58	1.0	uc2.ark+=13960=t5fb4xm9r	/works/OL4255947W	oclc	
OL4255949W	2	1	"""89"	1888	0.9	1.0	mdp.39015043499055|nc01.ark+=13960=t0bv88p8p	/works/OL4255949W	oclc	
OL4255954W	2	1	John Eax and Mamelon;	1882	0.89	1.0	mdp.39015043541187|nc01.ark+=13960=t3805490p	/works/OL4255954W	oclc	
OL4255959W	2	1	Out of the sunset sea	1893	0.9	1.0	nyp.33433076058555|uc2.ark+=13960=t75t3gp89	/works/OL4255959W	oclc	
OL4255963W	1	1	Pactolus Prime	1890	0.89	1.0	uc2.ark+=13960=t84j0cs4j	/works/OL4255963W	oclc	
OL4255972W	2	1	Button's inn	1887	0.89	1.0	mdp.39015065809850|nyp.33433076042328	/works/OL4255972W	oclc	
OL4255973W	2	1	Hot plowshares	1883	0.9	1.0	mdp.39015063974011|nc01.ark+=13960=t8gf1f26c	/works/OL4255973W	oclc	
OL4255977W	2	1	Bricks without straw	1880	0.89	1.0	mdp.39015030716479|nc01.ark+=13960=t6b28c502	/works/OL4255977W	oclc	
OL42572644W	1	1	Elsie Dinsmore	1893	0.89	1.0	nyp.33433082530290	/works/OL42572644W	oclc	
OL42572967W	1	1	Elsie's journey on inland waters	1890	0.89	1.0	mdp.39015065534870	/works/OL42572967W	oclc	
OL42600572W	5	3	Whirligigs	1910	0.89	1.0	njp.32101032335901|uc2.ark+=13960=fk7zk5600v|uva.x030833207|mdp.39015002707902|uc2.ark+=13960=t0js9hf3k	/works/OL42600572W	oclc	
OL42662449W	1	1	Red men and white	1895	0.89	1.0	nyp.33433074805619	/works/OL42662449W	oclc	
OL42663093W	1	1	Selections from Bracebridge Hall	1910	0.57	1.0	mdp.39015031240396	/works/OL42663093W	oclc	
OL42686686W	1	1	Uncle Tom's tenement	1888	0.9	1.0	uc1.b3327118	/works/OL42686686W	oclc	
OL42695133W	1	1	Twice-told tales	1882	0.9	1.0	uc1.b3863247	/works/OL42695133W	oclc	
OL42742592W	1	1	The adventures of Tom Sawyer	1917	0.83	1.0	mdp.49015002392919	/works/OL42742592W	oclc	
OL4275206W	1	1	The induna's wife	1898	0.88	1.0	nyp.33433074902093	/works/OL4275206W	oclc	
OL4275208W	3	1	The sign of the spider	1897	0.8	1.0	nyp.33433074902184|uc1.b3327327|uc2.ark+=13960=t0js9hp27	/works/OL4275208W	oclc	
OL42802462W	1	1	The forayers	1890	0.9	1.0	uc1.$b441040	/works/OL42802462W	oclc	
OL42807759W	1	1	Told under a white oak tree	1922	0.68	0.992	uc1.31158012853171	/works/OL42807759W	oclc	
OL42816395W	1	1	Mohammed Ali and his house	1905	0.76	1.0	mdp.39015064541637	/works/OL42816395W	oclc	
OL42829440W	1	1	George Christy;	1885	0.87	1.0	mdp.39015018398647	/works/OL42829440W	oclc	
OL42840568W	2	1	Dartmoor idylls	1896	0.89	1.0	mdp.39015063525862|wu.89094356367	/works/OL42840568W	oclc	
OL42859714W	2	1	Mary, Mary	1917	0.81	1.0	uva.x000241895|uva.x000536558	/works/OL42859714W	oclc	
OL42865308W	2	1	Alice-for-short;	1912	0.9	1.0	mdp.39015063942026|uc2.ark+=13960=t6b27s285	/works/OL42865308W	oclc	
OL42903293W	1	1	The seats of the mighty;	1896	0.84	1.0	nyp.33433081580866	/works/OL42903293W	oclc	
OL42910541W	1	1	Polly's pension plans	1917	0.83	0.998	nyp.33433076050792	/works/OL42910541W	oclc	
OL42918103W	1	1	Callista	1885	0.73	1.0	uc2.ark+=13960=t3319v559	/works/OL42918103W	oclc	
OL42930684W	1	1	The innocence of Father Brown	1911	0.89	1.0	wu.89004995056	/works/OL42930684W	oclc	
OL42933206W	1	1	Two bites at a cherry ;	1894	0.88	1.0	nyp.33433082170824	/works/OL42933206W	oclc	
OL42935216W	1	1	Strange stories	1884	0.83	1.0	njp.32101067627362	/works/OL42935216W	oclc	
OL42950678W	1	1	Rezánov	1906	0.87	1.0	njp.32101064786625	/works/OL42950678W	oclc	
OL4298913W	1	1	My boy in Khaki;	1918	0.82	1.0	mdp.39015018022882	/works/OL4298913W	oclc	
OL43016111W	1	1	Cosmopolis;	1893	0.82	1.0	uc2.ark+=13960=t6n012f0c	/works/OL43016111W	oclc	
OL43016316W	1	1	The iron year	1914	0.74	1.0	mdp.39015039779270	/works/OL43016316W	oclc	
OL43023854W	2	1	The buffalo runners	1891	0.89	1.0	uc1.b248074|uc2.ark+=13960=t1mg7hr82	/works/OL43023854W	oclc	
OL43063801W	1	1	Shepherds of the wild	1922	0.84	1.0	uc2.ark+=13960=t45q4w417	/works/OL43063801W	oclc	
OL43108498W	2	1	The devil's own	1917	0.89	1.0	uc1.b4104344|uc2.ark+=13960=fk5h98zp4j	/works/OL43108498W	oclc	
OL4312237W	2	1	The mirage of the many	1910	0.89	1.0	nyp.33433076073695|uc2.ark+=13960=t7sn01q26	/works/OL4312237W	oclc	
OL43126167W	1	1	Caleb Cottontail; his adventures in search of the cotton plant	1921	0.79	1.0	uva.x030800550	/works/OL43126167W	oclc	
OL4313508W	2	1	Reuben Sachs;	1888	0.89	1.0	dul1.ark+=13960=t3708t61x|njp.32101068141850	/works/OL4313508W	oclc	
OL4315761W	2	1	Our manifold nature;	1894	0.87	1.0	mdp.39015024460365|uc1.b4102114	/works/OL4315761W	oclc	
OL4315762W	1	1	The Beth book	1897	0.9	1.0	mdp.39015007001368	/works/OL4315762W	oclc	
OL4315763W	1	1	Ideala	1890	0.89	1.0	uc2.ark+=13960=t0dv1ds4q	/works/OL4315763W	oclc	
OL4315764W	2	1	The heavenly twins	1893	0.9	1.0	mdp.39015004288059|nyp.33433074864699	/works/OL4315764W	oclc	
OL43163746W	1	1	Ashes of empire	1898	0.89	0.999	njp.32101063605370	/works/OL43163746W	oclc	
OL43172786W	2	2	The gilded age;	1915	0.89	1.0	mdp.39015031222584|mdp.39015031222568	/works/OL43172786W	oclc	
OL43180187W	1	1	The black arrow	1888	0.79	0.999	nyp.33433075764526	/works/OL43180187W	oclc	
OL43215274W	1	1	At good old Siwash	1911	0.89	1.0	mdp.39015005337665	/works/OL43215274W	oclc	
OL4322161W	1	1	The four-pools mystery	1908	0.89	0.999	uc2.ark+=13960=t9c53fp2v	/works/OL4322161W	oclc	
OL4322168W	3	3	Just Patty	1911	0.89	1.0	mdp.39015005195659|uc2.ark+=13960=t1bk19479|nc01.ark+=13960=t7rn49f3m	/works/OL4322168W	oclc	
OL4322174W	1	1	When Patty went to college	1903	0.83	0.999	uc2.ark+=13960=t0bv7c69r	/works/OL4322174W	oclc	
OL4322176W	5	2	Dear enemy	1915	0.89	1.0	mdp.39015019921512|uc2.ark+=13960=t86h4gn6r|uva.x000421951|mdp.39015012351097|nyp.33433076072788	/works/OL4322176W	oclc	
OL4322177W	1	1	Daddy-Long-Legs	1912	0.83	0.997	nyp.33433076072853	/works/OL4322177W	oclc	
OL43226113W	1	1	Holiday Stories for Young People	1896	0.79	1.0	njp.32101064072489	/works/OL43226113W	oclc	
OL43234743W	1	1	The amateur cracksman	1899	0.88	1.0	nyp.33433074876388	/works/OL43234743W	oclc	
OL43335W	1	1	A reckless character	1907	0.77	0.999	mdp.39015008467311	/works/OL43335W	oclc	
OL4333980W	1	1	Prinsloo of Prinsloosdorp	1899	0.87	1.0	uc2.ark+=13960=t54f1xw7g	/works/OL4333980W	oclc	
OL43341W	1	1	The novels of Ivan Turgenev	1920	0.84	1.0	inu.39000001036560	/works/OL43341W	oclc	
OL43358W	5	2	Dream tales, and prose poems	1897	0.88	1.0	uc1.32106001598496|uc1.b3962145|uc1.b3981859|uc2.ark+=13960=t1hh6p464|uva.x000673981	/works/OL43358W	oclc	
OL43359W	4	4	The diary of a superfluous man	1899	0.9	1.0	uc1.b3961966|uc2.ark+=13960=t4hm5930q|uc1.l0061262135|uc2.ark+=13960=t6833vm9v	/works/OL43359W	oclc	
OL43365W	5	3	Rudin	1900	0.86	1.0	uc2.ark+=13960=t39028h63|uc1.b3962030|uc2.ark+=13960=t8v98931f|uc1.b3961992|uc2.ark+=13960=t39z99d4h	/works/OL43365W	oclc	
OL43369W	1	1	Memoirs of a sportsman	1903	0.84	1.0	uc2.ark+=13960=t0cv4k462	/works/OL43369W	oclc	
OL43402030W	2	1	The wisdom of Father Brown	1915	0.89	1.0	mdp.39015030724929|nyp.33433074941042	/works/OL43402030W	oclc	
OL43403300W	2	1	Under the great seal	1893	0.72	1.0	nyp.33433074857842|uc2.ark+=13960=t6154h16j	/works/OL43403300W	oclc	
OL43406346W	1	1	The spy on the submarine; or, Over and under the sea	1918	0.89	1.0	nyp.33433076060387	/works/OL43406346W	oclc	
OL43449133W	1	1	Their wedding journey	1880	0.88	1.0	mdp.39015030751021	/works/OL43449133W	oclc	
OL43451853W	2	1	Stronger than death;	1890	0.84	1.0	mdp.39015053665561|nyp.33433075833693	/works/OL43451853W	oclc	
OL43505344W	1	1	Latitude 19,̊	1898	0.83	1.0	wu.89098017676	/works/OL43505344W	oclc	
OL43536816W	2	1	The plébiscite;	1900	0.9	1.0	njp.32101067522993|nyp.33433075818744	/works/OL43536816W	oclc	
OL43545856W	1	1	Tales from Dickens	1905	0.87	1.0	nyp.33433074969381	/works/OL43545856W	oclc	
OL43561197W	1	1	Two sides of the face;	1903	0.89	0.999	uc2.ark+=13960=t5s75kx4p	/works/OL43561197W	oclc	
OL43570732W	1	1	The sacred fount	1901	0.8	0.999	uc2.ark+=13960=t8qb9w924	/works/OL43570732W	oclc	
OL43614133W	1	1	The Radio boys on secret service duty	1922	0.87	1.0	uva.x001120774	/works/OL43614133W	oclc	
OL43627730W	1	1	St. Bartholomew's eve	1893	0.88	1.0	mdp.39015073479365	/works/OL43627730W	oclc	
OL43631960W	1	1	St. Valentine's day;	1908	0.64	0.995	mdp.39015063951225	/works/OL43631960W	oclc	
OL43633678W	1	1	Tom Sawyer abroad, Tom Sawyer, detective	1906	0.78	0.999	uva.x030802530	/works/OL43633678W	oclc	
OL43659W	4	1	Marius the Epicurean	1885	0.62	1.0	mdp.39015000541691|mdp.39015000541709|mdp.39015000541717|mdp.39015000541725	/works/OL43659W	oclc	
OL43675W	4	1	Gaston de Latour;	1896	0.89	1.0	coo.31924013532498|mdp.39015000541980|nyp.33433075749634|uc2.ark+=13960=t9h41n594	/works/OL43675W	oclc	
OL43688W	2	1	Imaginary portraits	1887	0.86	1.0	mdp.39015000541642|mdp.39015025860936	/works/OL43688W	oclc	
OL43702611W	1	1	The four million	1914	0.83	1.0	uva.x030832515	/works/OL43702611W	oclc	
OL43720185W	1	1	Starbrace	1909	0.89	1.0	mdp.39015059502651	/works/OL43720185W	oclc	
OL4374192W	3	1	The adventures of Maya the bee	1922	0.82	1.0	uc1.b4086469|uc2.ark+=13960=t45q4tb0m|umn.31951000392680g	/works/OL4374192W	oclc	
OL43746763W	1	1	Hira Singh;	1918	0.75	1.0	uc2.ark+=13960=t73t9j03d	/works/OL43746763W	oclc	
OL43746947W	2	1	A voice in the wilderness	1916	0.9	1.0	uc1.b3322396|uc2.ark+=13960=t3804z70b	/works/OL43746947W	oclc	
OL43769146W	1	1	Aspects of fiction	1885	0.59	0.981	njp.32101074759687	/works/OL43769146W	oclc	
OL43808803W	1	1	Marion's faith	1886	0.89	1.0	nyp.33433076067127	/works/OL43808803W	oclc	
OL43816171W	1	1	On the old Kearsarge	1919	0.79	1.0	njp.32101066120542	/works/OL43816171W	oclc	
OL43824427W	1	1	"""Another Juanita,"""	1893	0.9	1.0	uc2.ark+=13960=t1bk17c64	/works/OL43824427W	oclc	
OL43856984W	2	1	The diary of a U-boat commander	1920	0.67	1.0	uc1.b4096956|uc2.ark+=13960=t88g8sg5j	/works/OL43856984W	oclc	
OL43900431W	2	1	Vestigia	1884	0.82	1.0	uc2.ark+=13960=t0xp6wf6t|uva.x000450179	/works/OL43900431W	oclc	
OL4390500W	1	1	The house in Dormer Forest	1921	0.89	1.0	nyp.33433075757819	/works/OL4390500W	oclc	
OL4390503W	1	1	Gone to earth	1917	0.9	1.0	uc2.ark+=13960=t9s17xn03	/works/OL4390503W	oclc	
OL43917808W	1	1	The purple parasol	1905	0.86	1.0	nyp.33433076081102	/works/OL43917808W	oclc	
OL43921739W	1	1	The chantry priest of Barnet ;	1885	0.89	0.998	nyp.33433074970777	/works/OL43921739W	oclc	
OL4393182W	1	1	Kit's woman; a Cornish idyll	1907	0.87	1.0	uc2.ark+=13960=t9862fb3w	/works/OL4393182W	oclc	
OL43950309W	1	1	Pride of Jennico;	1898	0.89	1.0	nyp.33433074941778	/works/OL43950309W	oclc	
OL43991467W	1	1	In the palace of the king;	1901	0.83	1.0	coo.31924021967116	/works/OL43991467W	oclc	
OL43994815W	1	1	In hostile red	1900	0.89	1.0	nyp.33433082174743	/works/OL43994815W	oclc	
OL43998000W	1	1	Seen and heard before and after 1914	1916	0.87	0.999	nyp.33433075727226	/works/OL43998000W	oclc	
OL43998022W	1	1	Six to sixteen	1886	0.88	1.0	mdp.39015009215792	/works/OL43998022W	oclc	
OL44007462W	1	1	The two admirals	1884	0.9	1.0	nyp.33433081978342	/works/OL44007462W	oclc	
OL44029917W	2	1	Phineas Redux	1913	0.76	1.0	uva.x000423259|uva.x000423303	/works/OL44029917W	oclc	
OL44041250W	2	1	From Snowdon to the sea	1894	0.89	1.0	uc1.b3325098|uc2.ark+=13960=t4hm5b126	/works/OL44041250W	oclc	
OL44046186W	1	1	Grettir the outlaw	1890	0.87	1.0	uc1.b3331927	/works/OL44046186W	oclc	
OL44087475W	6	1	Wormwood	1890	0.83	1.0	njp.32101066458249|njp.32101066458256|njp.32101066458264|uc1.b3321290|uc1.b3321291|uc1.b3321292	/works/OL44087475W	oclc	
OL44192513W	2	1	The tragic comedians;	1881	0.82	1.0	mdp.39015014607702|nyp.33433074897293	/works/OL44192513W	oclc	
OL44214524W	1	1	The governor of England	1913	0.64	1.0	inu.32000002425082	/works/OL44214524W	oclc	
OL44220413W	1	1	Marama;	1913	0.83	0.999	nyp.33433075752943	/works/OL44220413W	oclc	
OL44277048W	1	1	Our mutual friend	1898	0.83	1.0	inu.30000132098298	/works/OL44277048W	oclc	
OL44287475W	1	1	John Caldigate	1911	0.89	1.0	uva.x000210366	/works/OL44287475W	oclc	
OL4429173W	1	1	A clerk of Oxford	1898	0.9	1.0	uc2.ark+=13960=t4th8qw59	/works/OL4429173W	oclc	
OL4429286W	2	2	Lorimer of the Northwest	1909	0.89	1.0	nyp.33433074939574|uc2.ark+=13960=t50g3m970	/works/OL4429286W	oclc	
OL4429293W	2	1	Northwest!	1922	0.89	1.0	nyp.33433074939616|uc2.ark+=13960=t0ks6kx1w	/works/OL4429293W	oclc	
OL4429305W	1	1	Alton of Somasco;	1906	0.89	0.998	uc2.ark+=13960=t9d50hv9g	/works/OL4429305W	oclc	
OL4429307W	1	1	The buccaneer farmer	1918	0.84	1.0	uc2.ark+=13960=t03x8b18h	/works/OL4429307W	oclc	
OL4429448W	1	1	The soul of the street;	1900	0.87	1.0	mdp.39015063916947	/works/OL4429448W	oclc	
OL4429453W	2	1	The adventures of Billy Topsail	1906	0.89	1.0	uc1.b4088057|uc2.ark+=13960=t09w09f60	/works/OL4429453W	oclc	
OL4429456W	1	1	The suitable child	1909	0.83	0.999	uc2.ark+=13960=t9x05xz46	/works/OL4429456W	oclc	
OL4429457W	1	1	The way of the sea	1903	0.67	1.0	nyp.33433022469690	/works/OL4429457W	oclc	
OL4429471W	1	1	Air service boys over the Atlantic	1920	0.82	1.0	nyp.33433082524202	/works/OL4429471W	oclc	
OL4429556W	1	1	The dough boys	1918	0.71	1.0	mdp.39015023145231	/works/OL4429556W	oclc	
OL4429561W	2	1	The brown brethren	1917	0.88	1.0	mdp.39015063934221|uc2.ark+=13960=t5t72ct3j	/works/OL4429561W	oclc	
OL4429563W	2	1	Glenmornan	1918	0.88	1.0	mdp.39015023170247|uc2.ark+=13960=t8qb9wt97	/works/OL4429563W	oclc	
OL4429569W	3	2	Children of the dead end;	1914	0.89	1.0	uc2.ark+=13960=t9c53g23p|mdp.39015025935969|uc2.ark+=13960=t2r49hk6p	/works/OL4429569W	oclc	
OL4429571W	3	1	The rat-pit	1915	0.89	1.0	nyp.33433074875596|nyp.33433074875661|uc2.ark+=13960=t8hd7r50s	/works/OL4429571W	oclc	
OL4429572W	3	2	The red horizon	1916	0.84	1.0	uc2.ark+=13960=t1td9v03v|mdp.39015063934213|uc2.ark+=13960=t2988414z	/works/OL4429572W	oclc	
OL4429633W	4	1	A woman of Shawmut;	1891	0.88	1.0	nyp.33433074808464|uc2.ark+=13960=t2s46h898|uc2.ark+=13960=t3bz61m04|wu.89088294368	/works/OL4429633W	oclc	
OL44302552W	1	1	The color of his soul	1903	0.88	1.0	nyp.33433076023914	/works/OL44302552W	oclc	
OL44305091W	3	1	Brewster's millions	1903	0.89	1.0	mdp.39015022388139|uc1.b3325498|uc2.ark+=13960=t9n29qp98	/works/OL44305091W	oclc	
OL44306076W	1	1	Jerry the blunderer	1896	0.83	1.0	nyp.33433081962965	/works/OL44306076W	oclc	
OL44314576W	2	1	Place and power	1903	0.8	1.0	njp.32101063691115|uva.x030765282	/works/OL44314576W	oclc	
OL44330669W	1	1	His father's son;	1895	0.89	1.0	mdp.39015063938024	/works/OL44330669W	oclc	
OL44357695W	1	1	Romances of old Japan	1919	0.8	1.0	mdp.39015030694536	/works/OL44357695W	oclc	
OL443706W	2	1	Foursquare	1922	0.89	1.0	mdp.39015063949997|nyp.33433076048499	/works/OL443706W	oclc	
OL44377677W	1	1	Anna Karénina	1914	0.84	1.0	mdp.39015065242235	/works/OL44377677W	oclc	
OL44394176W	1	1	The pilgrimage of the Ben Beriah	1899	0.79	0.999	uc2.ark+=13960=t0ms3rt3r	/works/OL44394176W	oclc	
OL4439417W	1	1	Ungava Bob	1907	0.78	1.0	uc2.ark+=13960=t9862d518	/works/OL4439417W	oclc	
OL44406881W	1	1	Dear old Wales	1912	0.72	1.0	nyp.33433074970694	/works/OL44406881W	oclc	
OL44415394W	1	1	Margaret Moncrieffe, the first love of Aaron Burr	1900	0.76	1.0	inu.30000029282336	/works/OL44415394W	oclc	
OL44435278W	1	1	As it was written	1900	0.84	1.0	uc2.ark+=13960=t14m91m3v	/works/OL44435278W	oclc	
OL4445498W	2	1	Happy Valley;	1916	0.89	1.0	nyp.33433076044902|uc2.ark+=13960=t9668b25p	/works/OL4445498W	oclc	
OL44463852W	9	1	The novels of Jane Austen	1905	0.89	1.0	mdp.39015008833520|mdp.39015008883160|mdp.39015011031633|mdp.39015020731686|mdp.39015034352685|mdp.39015035313009|uva.x000197061|uva.x000197062|uva.x000682745	/works/OL44463852W	oclc	
OL44494811W	1	1	The Aztec treasure house for boys	1918	0.84	0.999	uc2.ark+=13960=t7vm43j51	/works/OL44494811W	oclc	
OL44504811W	1	1	The adventures of Grandfather Frog	1920	0.87	0.996	coo.31924052468489	/works/OL44504811W	oclc	
OL44509348W	1	1	News from the duchy	1913	0.85	0.999	uc2.ark+=13960=t6057s29k	/works/OL44509348W	oclc	
OL4452211W	1	1	Benefits forgot;	1917	0.8	1.0	uiuo.ark+=13960=t15m63x2d	/works/OL4452211W	oclc	
OL4456530W	1	1	The Klondike clan;	1916	0.88	0.999	nyp.33433074797469	/works/OL4456530W	oclc	
OL4458107W	2	1	Consequences	1919	0.89	1.0	mdp.39015010695024|uc2.ark+=13960=t6b27sg15	/works/OL4458107W	oclc	
OL4458114W	1	1	The war-workers	1918	0.88	1.0	nyp.33433082486212	/works/OL4458114W	oclc	
OL4461762W	1	1	Quest	1922	0.89	1.0	nyp.33433076084429	/works/OL4461762W	oclc	
OL44621764W	1	1	Evan Harrington	1914	0.9	1.0	mdp.39015030707304	/works/OL44621764W	oclc	
OL44626680W	1	1	The heart's highway	1900	0.89	1.0	nyp.33433076090970	/works/OL44626680W	oclc	
OL44638955W	2	1	Ekkehard	1911	0.82	1.0	mdp.39015030108727|uc1.b4088366	/works/OL44638955W	oclc	
OL44639824W	2	1	The bravest of the brave, or, With Peterborough in Spain	1900	0.89	1.0	mdp.39015039579654|mdp.39015073487046	/works/OL44639824W	oclc	
OL44641672W	2	1	The varmint;	1910	0.89	1.0	mdp.39015017934392|uc2.ark+=13960=t3tt4m99p	/works/OL44641672W	oclc	
OL44651286W	1	1	The girl of the golden West	1911	0.84	1.0	uc2.ark+=13960=t12n50h0v	/works/OL44651286W	oclc	
OL44656353W	1	1	Redskin and cow-boy	1892	0.87	1.0	mdp.39015073479423	/works/OL44656353W	oclc	
OL44678483W	1	1	The tiger of Mysore;	1890	0.9	1.0	mdp.39015017686273	/works/OL44678483W	oclc	
OL4470396W	1	1	How Private Geo. W. Peck put down the rebellion	1887	0.9	1.0	nc01.ark+=13960=t0cv54c47	/works/OL4470396W	oclc	
OL4470514W	1	1	Mystery at Geneva;	1922	0.8	1.0	uc2.ark+=13960=t9h41nk9h	/works/OL4470514W	oclc	
OL44705305W	1	1	Mary Marston	1881	0.89	0.999	nyp.33433074875711	/works/OL44705305W	oclc	
OL4472890W	1	1	The diary of a shirtwaist striker	1910	0.85	1.0	mdp.39015073391321	/works/OL4472890W	oclc	
OL44763296W	1	1	The archbishop and the lady	1900	0.9	1.0	nyp.33433074845771	/works/OL44763296W	oclc	
OL44781892W	6	1	Hereward the Wake, 'last of the English'	1881	0.89	1.0	mdp.39015019061723|mdp.39015049860292|nyp.33433074876867|nyp.33433074876875|uc1.b3865861|uc1.b3865862	/works/OL44781892W	oclc	
OL44797633W	1	1	The young midshipman	1890	0.89	1.0	mdp.39015073478748	/works/OL44797633W	oclc	
OL44828573W	1	1	The fortunes of a free-lance	1904	0.67	1.0	nyp.33433074872916	/works/OL44828573W	oclc	
OL44859807W	2	1	Alton Locke	1911	0.74	1.0	uc1.$b441043|uc2.ark+=13960=t87h1h91f	/works/OL44859807W	oclc	
OL44882388W	2	1	Robert Emmet	1909	0.87	1.0	mdp.39015063920238|uc2.ark+=13960=t23b5wt3k	/works/OL44882388W	oclc	
OL44891888W	1	1	Aunt Hepsy's foundling	1887	0.89	1.0	nyp.33433074873211	/works/OL44891888W	oclc	
OL44922W	2	1	A changed man	1913	0.8	1.0	mdp.39015025813778|nyp.33433074852603	/works/OL44922W	oclc	
OL44933302W	1	1	Two soldiers	1909	0.89	1.0	mdp.39015063930401	/works/OL44933302W	oclc	
OL44951245W	2	1	The claim jumpers	1905	0.89	1.0	mdp.39015065801949|nyp.33433035150758	/works/OL44951245W	oclc	
OL44965993W	2	1	The new Eden	1892	0.88	1.0	mdp.39015059405335|nyp.33433074868914	/works/OL44965993W	oclc	
OL44973864W	2	1	The old contemptibles	1919	0.85	0.999	uc1.b3144887|wu.89100103746	/works/OL44973864W	oclc	
OL44978796W	1	1	Agénor de Mauléon	1897	0.89	0.998	nyp.33433075819171	/works/OL44978796W	oclc	
OL44984W	3	3	A group of noble dames	1919	0.89	1.0	uva.x000336288|uc2.ark+=13960=t7np22w0r|nyp.33433074851142	/works/OL44984W	oclc	
OL44986W	5	2	Jude the obscure	1895	0.9	1.0	mdp.39015013406494|uc1.32106001938080|uc1.b4380732|mdp.39015065708557|uc2.ark+=13960=t7gq6x06n	/works/OL44986W	oclc	
OL44989W	4	1	The well-beloved;	1897	0.89	1.0	mdp.39015005277879|nyp.33433074852611|uc1.b3578734|uc1.b4105007	/works/OL44989W	oclc	
OL44993W	8	3	The trumpet-major, John Loveday	1905	0.89	1.0	mdp.39015065524905|uva.x004854920|uiuo.ark+=13960=t2891xh63|uiuo.ark+=13960=t2m626t6w|uiuo.ark+=13960=t5w676591|nyp.33433074852595|uc1.b3322349|uc2.ark+=13960=t14m91v0j	/works/OL44993W	oclc	
OL4499986W	4	1	Androniké, the heroine of the Greek revolution	1897	0.64	1.0	mdp.39015025957203|nyp.33433081616116|uc1.$b728538|uc2.ark+=13960=t2v40r735	/works/OL4499986W	oclc	
OL45038W	2	1	The rough road	1918	0.89	1.0	mdp.39015048889318|nyp.33433074879606	/works/OL45038W	oclc	
OL45054W	4	1	The red planet	1917	0.88	1.0	mdp.39015025358592|mdp.39015048889284|nyp.33433074879663|uc2.ark+=13960=t84j0ds6x	/works/OL45054W	oclc	
OL4511091W	1	1	Father Lambert's family	1888	0.89	1.0	nyp.33433084129729	/works/OL4511091W	oclc	
OL4516522W	1	1	A nest of spies	1918	0.84	1.0	mdp.39015038705995	/works/OL4516522W	oclc	
OL4520877W	2	1	In the land of extremes	1909	0.89	1.0	njp.32101068179090|uc2.ark+=13960=t6zw19s7w	/works/OL4520877W	oclc	
OL4551999W	3	2	In London;	1922	0.82	1.0	uc2.ark+=13960=t3319vq1j|uc2.ark+=13960=t02z1317h|uc2.ark+=13960=t1zc7s993	/works/OL4551999W	oclc	
OL455239W	2	2	Little masterpieces	1897	0.85	1.0	uc2.ark+=13960=t7pn8z31x|mdp.39015005548261	/works/OL455239W	oclc	
OL455300W	2	1	In colonial days	1906	0.75	1.0	nyp.33433076087760|uc1.b3549051	/works/OL455300W	oclc	
OL455452W	1	1	The seven vagabonds	1916	0.76	0.997	mdp.39015031235347	/works/OL455452W	oclc	
OL455513W	1	1	Colonial stories	1897	0.86	1.0	uc2.ark+=13960=t5w66bd41	/works/OL455513W	oclc	
OL45553W	3	2	Lost diaries	1913	0.72	1.0	uc2.ark+=13960=t6n014p7q|mdp.39015011310185|uc2.ark+=13960=t0qr4rn4z	/works/OL45553W	oclc	
OL455556W	1	1	Tales of the White Hills, and sketches	1889	0.86	1.0	mdp.39015031235321	/works/OL455556W	oclc	
OL455577W	2	1	The Dolliver romance	1883	0.79	1.0	uc1.b3863249|uc2.ark+=13960=t2f768j5z	/works/OL455577W	oclc	
OL455651W	3	1	Doctor Grimshawe's secret;	1883	0.9	1.0	mdp.39015010200833|nyp.33433076076375|uc2.ark+=13960=t6qz23j0s	/works/OL455651W	oclc	
OL45575W	5	2	Overlooked	1922	0.88	1.0	nyp.33433074932215|uc1.b3144891|uc2.ark+=13960=t7gq6t930|uc2.ark+=13960=t7gq7095d|mdp.39015047762227	/works/OL45575W	oclc	
OL45580W	1	1	Dead letters	1920	0.5	1.0	uc2.ark+=13960=t3jw8dt09	/works/OL45580W	oclc	
OL4577012W	2	1	Monochromes	1895	0.8	1.0	mdp.39015023133641|uc2.ark+=13960=t6542jz47	/works/OL4577012W	oclc	
OL457760W	9	5	Resurrection	1900	0.89	1.0	nyp.33433078795477|mdp.39015026806102|mdp.39015034726425|nyp.33433073356440|mdp.39015013273456|mdp.39015031366837|uc2.ark+=13960=t6h12wj04|uc1.32106012572019|uc2.ark+=13960=t8ff3rh5w	/works/OL457760W	oclc	
OL457782W	4	1	A Russian proprietor	1887	0.89	1.0	nyp.33433073355608|uc1.32106001597290|uc1.b320546|uc2.ark+=13960=t9377bg2n	/works/OL457782W	oclc	
OL457789W	2	2	The forged coupon	1912	0.8	1.0	wu.89013492053|uc2.ark+=13960=t8rb6zk17	/works/OL457789W	oclc	
OL4605867W	3	1	The bird house man	1916	0.89	1.0	mdp.39015057211651|nyp.33433075729552|uc2.ark+=13960=t9668br5n	/works/OL4605867W	oclc	
OL4606355W	1	1	Southern hearts	1900	0.9	1.0	uc2.ark+=13960=t45q4s11n	/works/OL4606355W	oclc	
OL4606741W	2	1	The childhood of Ji-shib, the Ojibwa	1900	0.76	1.0	uc1.b3550750|uc2.ark+=13960=t0xp6v104	/works/OL4606741W	oclc	
OL4606830W	1	1	Ommirandy;	1917	0.83	0.997	nyp.33433076089402	/works/OL4606830W	oclc	
OL461013W	1	1	Polly of the circus	1908	0.83	1.0	uc2.ark+=13960=t2c825z78	/works/OL461013W	oclc	
OL4618217W	2	1	The front yard	1895	0.89	1.0	mdp.39015039332153|uc2.ark+=13960=t89g5jc3h	/works/OL4618217W	oclc	
OL4618223W	1	1	Anne	1882	0.85	1.0	pst.000005594573	/works/OL4618223W	oclc	
OL4618224W	2	2	For the major	1883	0.87	1.0	nyp.33433074795331|mdp.39015039332146	/works/OL4618224W	oclc	
OL4618226W	2	1	Jupiter lights	1899	0.9	1.0	mdp.39015071578283|uc2.ark+=13960=t5m902g3d	/works/OL4618226W	oclc	
OL461982W	1	1	A holiday in bed	1892	0.88	0.999	uc2.ark+=13960=t80k2cv3t	/works/OL461982W	oclc	
OL461993W	9	5	The little white bird;	1912	0.89	1.0	uc1.b4101479|uc2.ark+=13960=t2988d98s|uc1.b4101481|uc2.ark+=13960=t1sf2xx16|uc2.ark+=13960=t9n301r3x|nc01.ark+=13960=t4qj8f27m|uc2.ark+=13960=t3028rg92|nyp.33433074936489|uc1.32106001922290	/works/OL461993W	oclc	
OL462007W	2	1	Peter and Wendy	1911	0.83	1.0	mdp.39015008403183|nc01.ark+=13960=t4nk4c89n	/works/OL462007W	oclc	
OL462042W	8	4	Sentimental Tommy	1897	0.9	1.0	nyp.33433074936547|uc1.b3579198|nyp.33433074936554|mdp.39015059389638|uc2.ark+=13960=t58c9tz3s|mdp.39015059389620|nyp.33433074936562|uc2.ark+=13960=t35146w81	/works/OL462042W	oclc	
OL4620917W	1	1	The Ollivant orphans	1915	0.8	1.0	uc2.ark+=13960=t1zc7w258	/works/OL4620917W	oclc	
OL462100W	1	1	Two of them	1893	0.88	1.0	njp.32101067629343	/works/OL462100W	oclc	
OL462117W	3	3	Auld licht idylls	1902	0.88	1.0	uc2.ark+=13960=t44q7td9p|nnc1.1002309629|mdp.39015030853801	/works/OL462117W	oclc	
OL462128W	1	1	What every woman knows;	1918	0.82	1.0	uc1.b4105401	/works/OL462128W	oclc	
OL462136W	3	1	Tommy and Grizel	1900	0.9	1.0	mdp.39015010466756|mdp.39015059389646|nyp.33433074936521	/works/OL462136W	oclc	
OL462141W	17	7	The little minister	1900	0.9	1.0	uc2.ark+=13960=t73t9rg6m|nyp.33433074936943|uc2.ark+=13960=t86h4gw00|uc1.b111754|uc2.ark+=13960=t7pn91g4h|mdp.39015030854031|nyp.33433074936919|nyp.33433074936927|uc1.b248420|uc1.b248421|nyp.33433074936505|nyp.33433074936513|uc1.b248456|uc2.ark+=13960=t4vh5rk4c|uiuo.ark+=13960=t4vh67901|uiuo.ark+=13960=t5t733b8r|uiuo.ark+=13960=t6m04st95	/works/OL462141W	oclc	
OL4625736W	2	1	A tenderfoot bride	1920	0.88	1.0	uc1.b3727777|uc2.ark+=13960=t8pc2vq2g	/works/OL4625736W	oclc	
OL4636862W	1	1	Little Miss Grouch	1915	0.87	0.999	nyp.33433082168927	/works/OL4636862W	oclc	
OL4636864W	5	1	Common cause;	1919	0.86	1.0	mdp.39015039335909|njp.32101063579674|nyp.33433082168950|pst.000031339377|uc2.ark+=13960=t7cr5ps1p	/works/OL4636864W	oclc	
OL4636866W	3	1	Our square and the people in it	1917	0.89	1.0	mdp.39015063740685|nyp.33433082168919|uc2.ark+=13960=t7zk57g0b	/works/OL4636866W	oclc	
OL4636868W	4	1	Success;	1921	0.9	1.0	mdp.39015063956273|nyp.33433082168901|uc1.b3346138|uc2.ark+=13960=t3xs5kj6x	/works/OL4636868W	oclc	
OL4636871W	3	1	The clarion	1914	0.89	1.0	mdp.39015063740693|uc2.ark+=13960=t7hq3wc0f|uc2.ark+=13960=t9q23rm56	/works/OL4636871W	oclc	
OL4636873W	2	1	From a bench in our square	1922	0.84	1.0	nyp.33433082168935|uc2.ark+=13960=t2b853r9j	/works/OL4636873W	oclc	
OL4638261W	2	1	The man who worked for Collister	1898	0.83	1.0	uc2.ark+=13960=t0gt5fg8t|uva.x030751047	/works/OL4638261W	oclc	
OL4638263W	2	1	Through old rose glasses, and other stories	1900	0.88	1.0	nyp.33433074862438|uc2.ark+=13960=t94748j5b	/works/OL4638263W	oclc	
OL464264W	1	1	A cut and a kiss	1899	0.88	1.0	nyp.33433074857669	/works/OL464264W	oclc	
OL464266W	4	2	The king's mirror;	1899	0.9	1.0	uc1.b3322318|uc2.ark+=13960=t0tq5rt07|uc1.b3124660|uc2.ark+=13960=t07w6fx15	/works/OL464266W	oclc	
OL464274W	4	2	A servant of the public	1905	0.89	1.0	mdp.39015063932324|uc2.ark+=13960=t41r6wh5z|nyp.33433074857693|uc2.ark+=13960=t7dr2wz7g	/works/OL464274W	oclc	
OL464276W	1	1	The heart of Princess Osra	1896	0.89	1.0	uc2.ark+=13960=t8v980p58	/works/OL464276W	oclc	
OL464285W	2	1	The secret of the tower	1919	0.84	1.0	mdp.39015022194677|uc2.ark+=13960=t7jq0vk8r	/works/OL464285W	oclc	
OL464286W	2	1	The indiscretion of the duchess;	1894	0.88	1.0	nyp.33433074857537|uc2.ark+=13960=t5v69939t	/works/OL464286W	oclc	
OL464288W	3	2	The Dolly dialogues	1901	0.88	1.0	nyp.33433074857719|uc2.ark+=13960=t74t6mg7m|njp.32101068169638	/works/OL464288W	oclc	
OL4657574W	2	1	Worshippers	1906	0.82	1.0	uc1.b3151719|uc2.ark+=13960=t5gb1zr4q	/works/OL4657574W	oclc	
OL466210W	1	1	The road to Frontenac	1901	0.87	1.0	nyp.33433076045693	/works/OL466210W	oclc	
OL466213W	2	2	"Calumet ""K"""	1912	0.89	0.999	uc2.ark+=13960=t0qr4rx6h|uc2.ark+=13960=fk21c1tm0t	/works/OL466213W	oclc	
OL4666324W	1	1	The camomile;	1922	0.89	1.0	uc2.ark+=13960=t1mg7hd35	/works/OL4666324W	oclc	
OL4666328W	3	2	Open the door!	1920	0.9	1.0	njp.32101031804766|nyp.33433074942479|uc2.ark+=13960=t2w37nr6q	/works/OL4666328W	oclc	
OL4668902W	2	1	The third Miss Symons	1913	0.86	1.0	njp.32101064919622|uc2.ark+=13960=t2j67bg2d	/works/OL4668902W	oclc	
OL4675088W	2	1	An anarchist woman	1909	0.82	1.0	mdp.39015039215283|nyp.33433076071574	/works/OL4675088W	oclc	
OL4678186W	2	1	The village in the jungle	1913	0.88	1.0	uc1.b3553837|uc2.ark+=13960=t54f1ww6k	/works/OL4678186W	oclc	
OL468479W	1	1	Tales of the jazz age	1922	0.83	1.0	uc1.32106015529883	/works/OL468479W	oclc	
OL4685749W	3	2	Judge Burnham's daughters	1889	0.89	0.999	uc1.b248027|uc2.ark+=13960=t1fj2ct15|uc2.ark+=13960=t2t43qx41	/works/OL4685749W	oclc	
OL4688806W	2	1	The fly on the wheel	1908	0.89	1.0	nyp.33433076086036|uc2.ark+=13960=t39z9249f	/works/OL4688806W	oclc	
OL4688808W	2	1	The masquerader	1904	0.89	1.0	mdp.39015027996860|uc2.ark+=13960=t4hm57p4f	/works/OL4688808W	oclc	
OL4693154W	1	1	The mutineer; a romance of Pitcairn Island	1898	0.83	1.0	uc1.b4102891	/works/OL4693154W	oclc	
OL4693155W	1	1	ʹNeath austral skies	1909	0.59	0.999	uc2.ark+=13960=t9r210f2z	/works/OL4693155W	oclc	
OL4693158W	2	1	The pearl divers of Roncador Reef, and other stories	1908	0.84	1.0	uc1.32106001922738|uc2.ark+=13960=t1vd6wr8q	/works/OL4693158W	oclc	
OL4693159W	2	1	Rídan the Devil and other stories	1899	0.89	1.0	uc1.b3578848|uc2.ark+=13960=t09w0k538	/works/OL4693159W	oclc	
OL4693171W	2	1	Chinkie's flat and other stories	1904	0.86	1.0	nyp.33433074927041|uc2.ark+=13960=t3nv9gf1n	/works/OL4693171W	oclc	
OL4693172W	2	1	Edward Barry	1900	0.89	1.0	mdp.39015063914082|uc2.ark+=13960=t1rf5sg9d	/works/OL4693172W	oclc	
OL4693181W	1	1	The ebbing of the tide;	1900	0.89	1.0	nyp.33433074927058	/works/OL4693181W	oclc	
OL4693187W	1	1	The adventures of a supercargo;	1906	0.83	1.0	uc2.ark+=13960=t6g161s23	/works/OL4693187W	oclc	
OL4693189W	3	1	Rodman the boatsteerer and other stories	1898	0.81	1.0	mdp.39015029579300|nyp.33433074927066|uc2.ark+=13960=t6k074s9p	/works/OL4693189W	oclc	
OL4693191W	2	2	Pacific tales	1896	0.89	1.0	uc2.ark+=13960=t53f4pn97|mdp.39015030735321	/works/OL4693191W	oclc	
OL4693192W	1	1	Yorke the adventurer, and other stories	1901	0.72	1.0	uc2.ark+=13960=t23b63t00	/works/OL4693192W	oclc	
OL4693193W	4	2	By reef and palm	1895	0.82	1.0	uc2.ark+=13960=t78s4r72v|uc1.b248418|uc2.ark+=13960=t1mg7gt0p|uc2.ark+=13960=t6n012m4j	/works/OL4693193W	oclc	
OL4693194W	1	1	By rock and pool on an Austral shore, and other stories	1901	0.75	1.0	mdp.39015058387054	/works/OL4693194W	oclc	
OL4726410W	1	1	Molly Bishop's family	1888	0.87	0.999	uc2.ark+=13960=t16m34r0s	/works/OL4726410W	oclc	
OL474112W	2	1	Biltmore Oswald	1918	0.79	1.0	mdp.39015001597668|nyp.33433081555546	/works/OL474112W	oclc	
OL474113W	2	1	Out o' luck;	1919	0.8	1.0	loc.ark+=13960=t0pr8fz5z|nyp.33433074803788	/works/OL474113W	oclc	
OL4748156W	2	1	You no longer count	1918	0.88	1.0	nyp.33433075820047|uc2.ark+=13960=t4wh2h73p	/works/OL4748156W	oclc	
OL4753525W	2	1	The incubator baby	1906	0.85	1.0	nyp.33433074805130|uc2.ark+=13960=t2s46hc9m	/works/OL4753525W	oclc	
OL4753533W	3	1	The adventures of a suburbanite	1911	0.89	1.0	mdp.39015049418760|nyp.33433074812987|uc2.ark+=13960=fk56d5pn27	/works/OL4753533W	oclc	
OL4753536W	4	2	Pigs is pigs	1906	0.72	1.0	mdp.39015005163269|uc2.ark+=13960=t1rf5km87|mdp.39015031239687|uc2.ark+=13960=fk8ff3mh29	/works/OL4753536W	oclc	
OL4753555W	1	1	A motor car divorce	1906	0.88	0.999	nyp.33433076068257	/works/OL4753555W	oclc	
OL4753562W	1	1	Josiah Allen on the woman question	1914	0.74	1.0	nyp.33433074790985	/works/OL4753562W	oclc	
OL4753570W	1	1	Samantha on children's rights	1909	0.89	0.999	uc2.ark+=13960=t6qz23539	/works/OL4753570W	oclc	
OL4753574W	1	1	Sweet Cicely;	1885	0.82	0.999	nyp.33433074790654	/works/OL4753574W	oclc	
OL4753581W	2	2	My wayward pardner;	1881	0.8	1.0	nyp.33433074790688|mdp.39015063513918	/works/OL4753581W	oclc	
OL4753587W	1	1	Samantha on the race problem	1892	0.89	1.0	nyp.33433074790605	/works/OL4753587W	oclc	
OL4753589W	3	1	Samantha at Coney Island and a thousand other islands	1911	0.88	1.0	uc1.b3332974|uc2.ark+=13960=t0wq02k30|uc2.ark+=13960=t1xd0rv78	/works/OL4753589W	oclc	
OL4753592W	1	1	My wayward pardner; or, My trials with Josiah, America, the Widow Bump, and etcetery	1880	0.9	1.0	uc2.ark+=13960=t5j961g7k	/works/OL4753592W	oclc	
OL4753593W	2	1	Samantha on the woman question	1913	0.88	1.0	uc1.$b440752|uc2.ark+=13960=t6154g20p	/works/OL4753593W	oclc	
OL4753594W	3	2	Samantha in Europe	1896	0.9	1.0	uc1.$b809235|nyp.33433076064579|uc1.b4102275	/works/OL4753594W	oclc	
OL4753596W	2	1	Samantha among the colored folks	1894	0.82	1.0	mdp.39015031005757|uc1.b3332973	/works/OL4753596W	oclc	
OL4753599W	2	1	Samantha at the World's Fair	1893	0.9	0.999	mdp.39015004056456|wu.89095144366	/works/OL4753599W	oclc	
OL4753600W	3	1	Samantha at the St. Louis Exposition	1904	0.88	1.0	njp.32101067646297|uc1.b3332976|uc2.ark+=13960=t0ms3kx4h	/works/OL4753600W	oclc	
OL4754974W	1	1	Ganton & Co.;	1908	0.9	1.0	uc2.ark+=13960=t3513v634	/works/OL4754974W	oclc	
OL4755129W	1	1	J. Poindexter	1922	0.8	1.0	nyp.33433074842141	/works/OL4755129W	oclc	
OL4755142W	2	1	The life of the party	1919	0.83	1.0	nyp.33433074804943|uc2.ark+=13960=t26970563	/works/OL4755142W	oclc	
OL4755148W	3	1	Those times and these	1917	0.89	1.0	mdp.39015031222022|nyp.33433074842174|uc2.ark+=13960=t13n21d41	/works/OL4755148W	oclc	
OL4755152W	3	1	A plea for Old Cap Collier	1921	0.8	1.0	mdp.39015031221990|nyp.33433074812789|uc2.ark+=13960=t8mc8sw50	/works/OL4755152W	oclc	
OL4755156W	2	1	Old Judge Priest	1916	0.89	1.0	mdp.39015047757425|nyp.33433074842166	/works/OL4755156W	oclc	
OL4755157W	4	2	Back home	1912	0.89	1.0	uc2.ark+=13960=t73t9dx2c|mdp.39015031221859|nyp.33433074842117|uc2.ark+=13960=t3ws8ht13	/works/OL4755157W	oclc	
OL4755163W	2	1	The escape of Mr.Trimm;	1913	0.89	1.0	mdp.39015031221909|uc2.ark+=13960=t05x2689t	/works/OL4755163W	oclc	
OL4764488W	1	1	San Celestino	1909	0.86	1.0	njp.32101064787920	/works/OL4764488W	oclc	
OL4764967W	3	1	A book of short stories	1914	0.59	1.0	mdp.39015058693972|mdp.39015062307064|uc2.ark+=13960=t3513vh92	/works/OL4764967W	oclc	
OL47670W	1	1	A tale of the house of the Wolfings and all the kindreds of the mark	1889	0.8	1.0	mdp.39015063759651	/works/OL47670W	oclc	
OL476741W	3	2	Once on a time	1922	0.88	1.0	nyp.33433074901954|uc1.b4089309|uc2.ark+=13960=t5cc15k3w	/works/OL476741W	oclc	
OL476839W	3	2	The sunny side	1922	0.85	1.0	loc.ark+=13960=t1jh44p67|nyp.33433074915418|uc1.32106002002704	/works/OL476839W	oclc	
OL47703W	2	1	The roots of the mountains	1890	0.88	1.0	njp.32101068155330|uc2.ark+=13960=t02z1j30d	/works/OL47703W	oclc	
OL47707W	5	3	The story of the Glittering Plain which has been also called the Land of Living Men or the Acre of the Undying	1894	0.87	1.0	nc01.ark+=13960=t0ms3rp9v|uc1.$b400543|uc2.ark+=13960=t85h7gd30|uva.x000235926|njp.32101068155322	/works/OL47707W	oclc	
OL47721W	4	3	News from nowhere	1891	0.8	1.0	dul1.ark+=13960=t7cr6hc61|dul1.ark+=13960=t2988x91m|inu.32000000113383|uc2.ark+=13960=t94749g3w	/works/OL47721W	oclc	
OL47726W	1	1	Child Christopher and Goldilind the fair	1900	0.81	1.0	uc2.ark+=13960=t79s1rx9c	/works/OL47726W	oclc	
OL47727W	5	3	Old French romances	1896	0.81	1.0	mdp.39015030037777|uc1.b309384|uc2.ark+=13960=t3125t43p|njp.32101068155355|uc2.ark+=13960=t3902501q	/works/OL47727W	oclc	
OL47745W	3	2	The water of the Wondrous isles	1902	0.9	1.0	uc2.ark+=13960=t5gb23p1d|nyp.33433074915343|uc1.b4102124	/works/OL47745W	oclc	
OL47747W	4	4	A dream of John Ball and A king's lesson	1888	0.88	1.0	dul1.ark+=13960=t3805sd6s|njp.32101007600610|nyp.33433074915202|uc2.ark+=13960=t0ht2j08z	/works/OL47747W	oclc	
OL47750W	3	1	The well at the world's end	1896	0.89	1.0	mdp.39015061931054|mdp.39015061932284|nyp.33433074915236	/works/OL47750W	oclc	
OL47752W	2	2	The wood beyond the world	1895	0.89	1.0	uc2.ark+=13960=t8w952d65|njp.32101068155314	/works/OL47752W	oclc	
OL4782861W	1	1	Step by step;	1910	0.55	0.999	uva.x000843724	/works/OL4782861W	oclc	
OL4782862W	1	1	Under the Sabbath lamp	1919	0.74	1.0	uc2.ark+=13960=t3416vr6k	/works/OL4782862W	oclc	
OL479183W	4	1	The house by the medlar-tree	1890	0.84	1.0	mdp.39015032051537|mdp.39015046857911|uc1.b4048525|uc2.ark+=13960=t6154j882	/works/OL479183W	oclc	
OL479220W	2	1	Under the shadow of Etna;	1896	0.77	0.999	uc1.b145474|uc2.ark+=13960=t5m904k7h	/works/OL479220W	oclc	
OL4794342W	3	1	Beyond the desert;	1920	0.85	1.0	mdp.39015063819091|nyp.33433074964481|uc2.ark+=13960=t56d5qk68	/works/OL4794342W	oclc	
OL4794361W	2	1	Walking shadows;	1918	0.89	1.0	mdp.39015059410095|nyp.33433082485701	/works/OL4794361W	oclc	
OL4801012W	1	1	Star-dust	1921	0.89	1.0	njp.32101063580656	/works/OL4801012W	oclc	
OL4803014W	1	1	The wonder garden;	1919	0.74	1.0	uc2.ark+=13960=t79s1n27z	/works/OL4803014W	oclc	
OL4803017W	1	1	Good stories for great holidays, arranged for story-telling and reading aloud and for the children's own reading	1914	0.67	0.999	uva.x000490418	/works/OL4803017W	oclc	
OL485406W	1	1	Betty Zane	1915	0.86	1.0	nyp.33433076067291	/works/OL485406W	oclc	
OL485410W	1	1	The border legion	1916	0.89	0.999	mdp.39015063553484	/works/OL485410W	oclc	
OL485420W	2	2	Desert gold	1913	0.89	1.0	uc2.ark+=13960=t3gx4n63s|uc2.ark+=13960=t07w68409	/works/OL485420W	oclc	
OL485423W	1	1	The desert of wheat	1919	0.88	1.0	nyp.33433076067267	/works/OL485423W	oclc	
OL485453W	2	1	The heritage of the desert	1910	0.89	1.0	mdp.39015004741214|nyp.33433076067259	/works/OL485453W	oclc	
OL485457W	1	1	Ken Ward in the jungle	1912	0.88	1.0	uc2.ark+=13960=t07w67j7n	/works/OL485457W	oclc	
OL485465W	1	1	The last of the plainsmen	1911	0.88	1.0	nyp.33433076067242	/works/OL485465W	oclc	
OL485467W	2	2	The last trail	1909	0.89	1.0	nyp.33433076067234|uc2.ark+=13960=t2s46j74t	/works/OL485467W	oclc	
OL485468W	1	1	The light of western stars	1914	0.84	1.0	uva.x001268510	/works/OL485468W	oclc	
OL485469W	3	2	The Lone Star ranger;	1915	0.89	1.0	mdp.39015063550886|uc2.ark+=13960=fk2x34ms9c|uva.x000491679	/works/OL485469W	oclc	
OL485498W	2	2	The rainbow trail;	1920	0.89	1.0	mdp.39015063551181|nyp.33433076067200	/works/OL485498W	oclc	
OL485502W	2	1	The redheaded outfield	1920	0.88	1.0	njp.32101068153004|uc2.ark+=13960=t1sf2n73w	/works/OL485502W	oclc	
OL485504W	3	2	Riders of the purple sage;	1912	0.89	1.0	mdp.39015013735520|mdp.39015024405105|nyp.33433076067192	/works/OL485504W	oclc	
OL485543W	1	1	To the last man;	1921	0.89	1.0	nyp.33433076068612	/works/OL485543W	oclc	
OL485552W	2	1	The U. P. trail;	1918	0.89	1.0	mdp.39015012336312|nyp.33433076068604	/works/OL485552W	oclc	
OL485558W	3	2	Wildfire	1916	0.89	1.0	uc1.32106002112446|nyp.33433076067390|uc2.ark+=13960=t5s757s76	/works/OL485558W	oclc	
OL485641W	1	1	The short-stop	1909	0.89	0.999	nyp.33433076067184	/works/OL485641W	oclc	
OL485652W	1	1	The young lion hunter	1911	0.89	1.0	uc2.ark+=13960=t58c9sd93	/works/OL485652W	oclc	
OL485683W	1	1	The day of the beast	1922	0.89	1.0	nyp.33433076067275	/works/OL485683W	oclc	
OL485688W	1	1	The young pitcher	1911	0.89	1.0	uc2.ark+=13960=t0js9hj3x	/works/OL485688W	oclc	
OL485704W	2	2	The man of the forest;	1920	0.89	1.0	nyp.33433076067218|mdp.39015063551033	/works/OL485704W	oclc	
OL4858261W	4	1	If winter comes	1921	0.88	1.0	mdp.39015031325825|nyp.33433074861497|uc1.b4095351|uc2.ark+=13960=t1hh6c669	/works/OL4858261W	oclc	
OL4859691W	1	1	Jaconetta stories	1912	0.85	0.999	nyp.33433076069743	/works/OL4859691W	oclc	
OL4861789W	2	1	The great English novelists;	1911	0.78	1.0	nyp.33433074789367|nyp.33433074789375	/works/OL4861789W	oclc	
OL4861794W	2	1	The war eagle;	1918	0.87	1.0	nyp.33433082486220|uc2.ark+=13960=t3rv0jd21	/works/OL4861794W	oclc	
OL4861801W	2	1	A prophet in Babylon	1907	0.84	1.0	nyp.33433074958590|uc2.ark+=13960=t3qv3fq8j	/works/OL4861801W	oclc	
OL4861804W	1	1	The great short-stories;	1910	0.85	1.0	uc2.ark+=13960=t6057dg8x	/works/OL4861804W	oclc	
OL4862086W	1	1	The house with the green shutters	1902	0.81	1.0	uc2.ark+=13960=t8rb71q8m	/works/OL4862086W	oclc	
OL4864508W	1	1	Anne Feversham	1914	0.84	1.0	nyp.33433075751622	/works/OL4864508W	oclc	
OL4864509W	1	1	The coming	1917	0.87	1.0	nyp.33433075751606	/works/OL4864509W	oclc	
OL4864514W	1	1	Mistress Dorothy Marvin	1896	0.89	1.0	uc2.ark+=13960=t6sx66845	/works/OL4864514W	oclc	
OL4864515W	1	1	The sailor	1916	0.9	1.0	nyp.33433075751713	/works/OL4864515W	oclc	
OL4864517W	1	1	The undefeated	1919	0.89	1.0	uc2.ark+=13960=t9k35pj8s	/works/OL4864517W	oclc	
OL4865718W	5	2	The delight makers	1918	0.86	1.0	mdp.39015028571613|mdp.39015030856929|nnc1.0023492961|uc2.ark+=13960=t0js9hf9g|nnc1.0043226558	/works/OL4865718W	oclc	
OL4868141W	1	1	Scattergood Baines	1921	0.88	1.0	uc2.ark+=13960=t1vd6q416	/works/OL4868141W	oclc	
OL4869134W	2	1	Farnell's folly	1885	0.89	1.0	uc1.b3326091|uc2.ark+=13960=t9n29z560	/works/OL4869134W	oclc	
OL4869142W	1	1	The lottery ticket	1896	0.87	1.0	njp.32101064283375	/works/OL4869142W	oclc	
OL4869937W	2	1	Bertram Cope's year	1919	0.89	1.0	mdp.39015016794524|njp.32101068169224	/works/OL4869937W	oclc	
OL4869939W	1	1	From the other side;	1898	0.89	1.0	mdp.39015003678201	/works/OL4869939W	oclc	
OL4869945W	2	1	Under the skylights	1901	0.89	1.0	mdp.39015006958782|uc1.b3578401	/works/OL4869945W	oclc	
OL4869946W	2	1	Waldo Trench, and others;	1908	0.88	1.0	mdp.39015048396439|uc1.b3322639	/works/OL4869946W	oclc	
OL4869947W	2	1	With the procession	1895	0.9	1.0	mdp.39015000665532|uc1.b4104272	/works/OL4869947W	oclc	
OL4869948W	3	3	The Chevalier of Pensieri-Vani	1892	0.88	1.0	uc1.b3578400|njp.32101068169216|mdp.39015004976661	/works/OL4869948W	oclc	
OL4869949W	2	1	The cliff-dwellers	1893	0.89	1.0	mdp.39015009242507|uc1.b4102757	/works/OL4869949W	oclc	
OL4870990W	1	1	Aunt Jane's nieces	1906	0.84	0.999	uc2.ark+=13960=t9p26s33r	/works/OL4870990W	oclc	
OL4871943W	2	1	Going west	1919	0.79	1.0	nyp.33433076087174|uc2.ark+=13960=t9g44mk7z	/works/OL4871943W	oclc	
OL4871951W	2	1	The high heart	1917	0.89	1.0	nyp.33433076088867|uc2.ark+=13960=t4fn12j39	/works/OL4871951W	oclc	
OL4871953W	1	1	Let not man put asunder	1901	0.84	1.0	uc2.ark+=13960=t79s1m74b	/works/OL4871953W	oclc	
OL4871954W	3	1	The side of the angels;	1916	0.9	1.0	mdp.39015063930237|nyp.33433076088917|uc2.ark+=13960=t9t14wv5z	/works/OL4871954W	oclc	
OL4871960W	3	2	The street called Straight	1912	0.89	1.0	wu.89100335819|mdp.39015059423015|nyp.33433074791488	/works/OL4871960W	oclc	
OL4872613W	2	1	A rose of Normandy	1903	0.89	1.0	nyp.33433076063506|uc2.ark+=13960=t8qb9vr7z	/works/OL4872613W	oclc	
OL4874204W	1	1	Stephen, M. D	1883	0.9	0.998	uc2.ark+=13960=t5bc3tg69	/works/OL4874204W	oclc	
OL4874207W	1	1	The letter of credit	1882	0.9	0.999	uc2.ark+=13960=t3319sr2n	/works/OL4874207W	oclc	
OL4881166W	1	1	A cavalier maid	1919	0.89	1.0	nyp.33433082546882	/works/OL4881166W	oclc	
OL4881168W	1	1	Girls of '64	1918	0.88	1.0	nyp.33433082546874	/works/OL4881168W	oclc	
OL4881181W	1	1	Vive la France	1919	0.88	1.0	njp.32101063606972	/works/OL4881181W	oclc	
OL4881185W	1	1	A maid of '76	1915	0.83	1.0	nnc1.1002170027	/works/OL4881185W	oclc	
OL4881186W	1	1	A Mayflower maid	1920	0.89	1.0	mdp.39015063921020	/works/OL4881186W	oclc	
OL4881189W	1	1	The lucky sixpence	1912	0.89	1.0	nyp.33433082345988	/works/OL4881189W	oclc	
OL4882451W	1	1	The manager of the B. & A	1901	0.89	1.0	uc2.ark+=13960=t3pv6cw0x	/works/OL4882451W	oclc	
OL4882455W	4	1	The prodigal judge	1911	0.89	1.0	nc01.ark+=13960=t08w3f49w|nyp.33433076088883|uc1.b3579113|uc2.ark+=13960=t1jh3f35g	/works/OL4882455W	oclc	
OL4885674W	1	1	The house in the mist	1905	0.87	1.0	nyp.33433076089808	/works/OL4885674W	oclc	
OL4885681W	2	1	The sword of Damocles;	1881	0.9	1.0	mdp.39015063955465|uc2.ark+=13960=t4vh5f15z	/works/OL4885681W	oclc	
OL4885684W	4	1	The woman in the alcove	1906	0.89	1.0	mdp.39015030542388|nyp.33433076089964|uc1.b4104324|uc2.ark+=13960=fk77s7j734	/works/OL4885684W	oclc	
OL4885685W	1	1	X Y Z;	1883	0.87	0.999	nyp.33433076089626	/works/OL4885685W	oclc	
OL4885692W	2	1	The golden slipper	1915	0.9	1.0	uc1.b4104322|uc2.ark+=13960=fk17m0418s	/works/OL4885692W	oclc	
OL4885702W	2	1	Dark hollow	1914	0.84	1.0	nyp.33433076089790|uc2.ark+=13960=t9r20tk3s	/works/OL4885702W	oclc	
OL4885713W	4	2	The millionaire baby	1905	0.89	1.0	mdp.39015030542354|uc2.ark+=13960=t9m32nz7f|uc1.b3327112|uc2.ark+=13960=t0wq02j22	/works/OL4885713W	oclc	
OL4885720W	3	2	Initials only	1911	0.88	1.0	nyp.33433076089824|uc2.ark+=13960=t5db7wz3r|uc2.ark+=13960=t3dz04v1b	/works/OL4885720W	oclc	
OL4885891W	6	1	Sweet mace	1884	0.9	1.0	njp.32101037077284|njp.32101037077292|njp.32101037077581|uiuo.ark+=13960=t4gm8k930|uiuo.ark+=13960=t4wh2z179|uiuo.ark+=13960=t7fr0827x	/works/OL4885891W	oclc	
OL4885893W	1	1	Yussuf the guide	1887	0.86	1.0	uc2.ark+=13960=t5w66c981	/works/OL4885893W	oclc	
OL4885894W	3	2	Eli's children	1882	0.84	1.0	uc2.ark+=13960=t0qr4th40|uc2.ark+=13960=t6348nq40|nyp.33433075727192	/works/OL4885894W	oclc	
OL4888353W	1	1	The go-getter;	1921	0.82	0.999	uc2.ark+=13960=t2g738575	/works/OL4888353W	oclc	
OL4888371W	1	1	The go-getter;	1921	0.82	0.999	uc2.ark+=13960=t2g738575	/works/OL4888371W	oclc	
OL4892394W	1	1	The boy allies with the Cossacks, or, A wild dash over the Carpathian Mountains	1915	0.88	1.0	nyp.33433082547989	/works/OL4892394W	oclc	
OL4892399W	2	1	The boy allies at Verdun, or, Saving France from the enemy	1917	0.84	1.0	mdp.39076002790090|uc2.ark+=13960=t1sf2qf1f	/works/OL4892399W	oclc	
OL4892400W	1	1	The boy allies in the Balkan campaign, or, The struggle to save a nation	1916	0.89	1.0	nyp.33433082547963	/works/OL4892400W	oclc	
OL4892996W	1	1	The boy allies on the firing line;	1915	0.85	1.0	nyp.33433082547971	/works/OL4892996W	oclc	
OL4893001W	1	1	The boy allies with the great advance	1919	0.77	1.0	nyp.33433082548011	/works/OL4893001W	oclc	
OL4893005W	1	1	The boy allies in the Baltic, or, Through fields of ice to aid the Czar	1916	0.88	1.0	nyp.33433082547997	/works/OL4893005W	oclc	
OL4893006W	1	1	The boy allies with Uncle Sam's cruisers, or, Convoying the American Army across the Atlantic	1918	0.88	1.0	nyp.33433082539861	/works/OL4893006W	oclc	
OL4893007W	1	1	The boy allies under the sea, or, The vanishing submarines	1916	0.89	1.0	nyp.33433082547864	/works/OL4893007W	oclc	
OL4893186W	2	1	The song of the wolf	1910	0.89	1.0	nyp.33433076042864|uc2.ark+=13960=t9z030q3z	/works/OL4893186W	oclc	
OL4893659W	2	1	Frank Merriwell's faith	1900	0.9	1.0	mdp.39076002192495|uc2.ark+=13960=t6nz82959	/works/OL4893659W	oclc	
OL4893698W	1	1	Frank Merriwell's reward	1900	0.9	1.0	uc2.ark+=13960=t1gh9bn6j	/works/OL4893698W	oclc	
OL4893699W	1	1	Frank Merriwell's foes	1902	0.88	1.0	uc2.ark+=13960=t6833pb0v	/works/OL4893699W	oclc	
OL4901482W	2	1	The tracks we tread	1907	0.89	1.0	nyp.33433074875331|uc2.ark+=13960=t78s4ng0s	/works/OL4901482W	oclc	
OL4902735W	3	1	Gold and iron	1918	0.89	1.0	mdp.39015030750544|nyp.33433076065451|uc2.ark+=13960=t45q4ss4z	/works/OL4902735W	oclc	
OL4902746W	2	1	The happy end	1919	0.89	1.0	nyp.33433076065469|uc2.ark+=13960=fk2j67905r	/works/OL4902746W	oclc	
OL4902750W	1	1	Java Head	1918	0.88	1.0	uc1.$b803022	/works/OL4902750W	oclc	
OL4903994W	3	1	Potash & Perlmutter;	1911	0.9	1.0	mdp.39015063928066|nyp.33433074864939|uc2.ark+=13960=t5n875k05	/works/OL4903994W	oclc	
OL4907595W	1	1	Lady Jane	1891	0.89	1.0	uva.x000236190	/works/OL4907595W	oclc	
OL4924893W	3	1	Modern masterpieces of short prose fiction	1911	0.71	1.0	mdp.39015029770800|mdp.39015031226809|nyp.33433082527031	/works/OL4924893W	oclc	
OL4939956W	1	1	The third sex	1914	0.89	1.0	uc2.ark+=13960=t8ff3np2f	/works/OL4939956W	oclc	
OL4944989W	2	1	The story of the child that Jesus took	1907	0.6	1.0	nyp.33433068243777|yale.39002021894341	/works/OL4944989W	oclc	
OL4946313W	1	1	The priest	1918	0.61	0.999	uc2.ark+=13960=t57d2qs64	/works/OL4946313W	oclc	
OL4965185W	2	1	The Fairview idea;	1919	0.59	1.0	nyp.33433076059678|uc1.b4104142	/works/OL4965185W	oclc	
OL4965200W	1	1	Yellowstone nights	1911	0.89	1.0	uc1.b4104141	/works/OL4965200W	oclc	
OL4967591W	2	1	Alaska man's luck	1920	0.83	1.0	uc2.ark+=13960=t0sq8s43z|yale.39002053507753	/works/OL4967591W	oclc	
OL4967782W	1	1	The trail of the beast	1919	0.89	1.0	nyp.33433082175732	/works/OL4967782W	oclc	
OL4971729W	1	1	Megda	1892	0.88	0.999	uc2.ark+=13960=t17m04p6z	/works/OL4971729W	oclc	
OL4975440W	2	1	Birthright	1922	0.89	1.0	mdp.39015010912338|uc2.ark+=13960=t5q817g1g	/works/OL4975440W	oclc	
OL4975720W	1	1	Batouala	1922	0.75	1.0	mdp.39015009380323	/works/OL4975720W	oclc	
OL4978834W	2	1	Indelible;	1922	0.83	1.0	mdp.39015030706553|uc2.ark+=13960=t3dz0397n	/works/OL4978834W	oclc	
OL4985366W	2	1	Tales from the X-bar horse camp	1920	0.86	1.0	nyp.33433074833520|uc2.ark+=13960=t7gq6s637	/works/OL4985366W	oclc	
OL4994340W	1	1	The Apaches of New York	1912	0.88	1.0	uc2.ark+=13960=t0pr7mw0b	/works/OL4994340W	oclc	
OL4994342W	3	1	The throwback	1906	0.89	1.0	uc1.b3579214|uc1.b3711260|uc2.ark+=13960=fk95718770	/works/OL4994342W	oclc	
OL4994345W	2	1	The story of Paul Jones	1906	0.68	1.0	uc1.b3579212|uc2.ark+=13960=t16m33b4x	/works/OL4994345W	oclc	
OL4994346W	2	2	The boss, and how he came to rule New York	1903	0.89	1.0	uc2.ark+=13960=t1wd3qz2m|uc1.31158007994865	/works/OL4994346W	oclc	
OL4994347W	2	1	The president;	1904	0.86	1.0	uc1.b3579211|uc2.ark+=13960=t94747b38	/works/OL4994347W	oclc	
OL4994350W	3	1	Faro Nell and her friends;	1913	0.78	0.999	nyp.33433074787601|uc1.b3324614|uc2.ark+=13960=t8cf9kn96	/works/OL4994350W	oclc	
OL4994351W	4	1	Peggy O'Neal	1903	0.88	1.0	nyp.33433074787809|uc1.b3579210|uc2.ark+=13960=t1cj89k68|uc2.ark+=13960=t2h70885q	/works/OL4994351W	oclc	
OL4994354W	4	2	Wolfville days	1902	0.78	1.0	uc2.ark+=13960=t74t6fn1w|nyp.33433074787791|uc1.b3562584|uc2.ark+=13960=t93777d30	/works/OL4994354W	oclc	
OL4998696W	1	1	A Columbus of space	1911	0.87	1.0	nyp.33433075746895	/works/OL4998696W	oclc	
OL5004338W	5	4	A bed of roses	1919	0.9	1.0	uva.x004506486|uc2.ark+=13960=t1bk1764x|uc2.ark+=13960=t5z60j16w|nyp.33433074856927|uc2.ark+=13960=t47p8xd2h	/works/OL5004338W	oclc	
OL5005471W	2	1	The lost army	1894	0.9	1.0	nc01.ark+=13960=t6ww8628r|njp.32101068972296	/works/OL5005471W	oclc	
OL5005478W	1	1	Captain John Crane, 1800-1815;	1895	0.89	1.0	nyp.33433082345996	/works/OL5005478W	oclc	
OL500734W	1	1	Jewish tales	1894	0.89	1.0	uva.x000371041	/works/OL500734W	oclc	
OL50090W	1	1	The Queen's tragedy	1906	0.89	0.999	inu.39000003581910	/works/OL50090W	oclc	
OL50098W	1	1	By what authority?	1909	0.81	1.0	nnc1.cu58433651	/works/OL50098W	oclc	
OL50102W	3	2	Oddsfish!	1914	0.9	1.0	mdp.39015015358222|nyp.33433074939145|uc2.ark+=13960=t19k48t28	/works/OL50102W	oclc	
OL50103W	1	1	Lord of the world	1908	0.82	1.0	dul1.ark+=13960=t9r21mf2d	/works/OL50103W	oclc	
OL50105W	2	2	Come rack! Come rope!	1912	0.9	1.0	mdp.39015015358214|uc2.ark+=13960=t6b27rc3c	/works/OL50105W	oclc	
OL5018748W	1	1	Chasing an iron horse;	1919	0.82	1.0	uc2.ark+=13960=t7br8q676	/works/OL5018748W	oclc	
OL5025322W	1	1	Our lady of laughter	1892	0.89	1.0	nyp.33433074862644	/works/OL5025322W	oclc	
OL5026102W	3	2	The way of the North	1905	0.83	1.0	nnc1.1002152908|uc2.ark+=13960=t52f7k703|uc2.ark+=13960=t9c53gj6d	/works/OL5026102W	oclc	
OL5027239W	2	1	Representative narratives	1914	0.78	1.0	mdp.39015031226817|uc2.ark+=13960=t6nz86v54	/works/OL5027239W	oclc	
OL5030258W	1	1	Orphans	1911	0.88	1.0	nyp.33433082300884	/works/OL5030258W	oclc	
OL5030260W	2	1	The Petrie estate	1893	0.9	1.0	mdp.39015039414977|uc2.ark+=13960=t43r0q48r	/works/OL5030260W	oclc	
OL5030338W	1	1	Gerald de Lacey's daughter	1916	0.89	1.0	nyp.33433076053580	/works/OL5030338W	oclc	
OL503366W	4	2	The deluge	1893	0.65	1.0	mdp.39015065364518|mdp.39015065364807|mdp.39015026961238|mdp.39015026961246	/works/OL503366W	oclc	
OL503413W	4	2	Pan Michael	1898	0.89	1.0	mdp.39015010925744|mdp.39015065364526|uc2.ark+=13960=t4fn1287n|mdp.39015065646880	/works/OL503413W	oclc	
OL503424W	1	1	Quo vadis	1897	0.9	1.0	uiuo.ark+=13960=t5bc3x12s	/works/OL503424W	oclc	
OL503462W	2	1	On the bright shore	1898	0.81	1.0	mdp.39015065364815|uc2.ark+=13960=t3gx46b17	/works/OL503462W	oclc	
OL503463W	2	1	On the field of glory;	1906	0.74	1.0	mdp.39015008587589|uc2.ark+=13960=t87h1gc89	/works/OL503463W	oclc	
OL503472W	1	1	Without dogma	1898	0.89	0.999	nnc1.0044025238	/works/OL503472W	oclc	
OL503478W	9	4	The knights of the cross	1900	0.89	1.0	uc2.ark+=13960=t73t9g962|uc2.ark+=13960=t8sb4024x|nnc1.0023353252|nnc1.0036742929|nnc1.0036742937|mdp.39015001787426|mdp.39015001809469|mdp.39015011565549|mdp.39015004718170	/works/OL503478W	oclc	
OL503483W	3	1	Whirlpools;	1910	0.88	1.0	mdp.39015027661894|uc1.b4366136|uc2.ark+=13960=t6542x68v	/works/OL503483W	oclc	
OL503489W	1	1	In desert and wilderness	1922	0.83	1.0	mdp.39015027661944	/works/OL503489W	oclc	
OL503492W	1	1	With fire and sword	1892	0.75	1.0	mdp.39015004860105	/works/OL503492W	oclc	
OL5035490W	1	1	Short stories	1916	0.82	1.0	uc2.ark+=13960=t8cf9k57z	/works/OL5035490W	oclc	
OL5035726W	3	1	The loves of Pelleas and Etarre	1908	0.84	1.0	nyp.33433076087059|uc2.ark+=13960=t23b5wm4c|uc2.ark+=13960=t91834s4c	/works/OL5035726W	oclc	
OL5035743W	4	1	Miss Lulu Bett	1920	0.89	1.0	mdp.39015013152593|uc1.b3687728|uc1.b4095530|uc2.ark+=13960=fk3cz3296r	/works/OL5035743W	oclc	
OL5036989W	2	1	An Olympic victor;	1908	0.86	1.0	mdp.39015063545928|nyp.33433074846258	/works/OL5036989W	oclc	
OL5037011W	1	1	Out of Gloucester	1908	0.81	1.0	uc2.ark+=13960=t3610z94c	/works/OL5037011W	oclc	
OL5043964W	2	1	The marshal	1912	0.89	1.0	mdp.39015063739810|uc2.ark+=13960=t9862c09g	/works/OL5043964W	oclc	
OL5043976W	2	1	Her country	1918	0.83	1.0	nyp.33433082481296|uc2.ark+=13960=t11n7xv2x	/works/OL5043976W	oclc	
OL5043977W	2	1	His soul goes marching on	1922	0.72	0.999	mdp.39015059389893|uc2.ark+=13960=t6h12vp7w	/works/OL5043977W	oclc	
OL5043978W	2	1	A kidnapped colony	1903	0.89	1.0	mdp.39015016768122|uc2.ark+=13960=t4wh2g65s	/works/OL5043978W	oclc	
OL5043980W	2	1	Yellow butterflies	1922	0.69	1.0	nyp.33433082170725|uc2.ark+=13960=t7gq6sf8s	/works/OL5043980W	oclc	
OL5043982W	1	1	The lifted bandage	1910	0.82	1.0	uc2.ark+=13960=t2j679z3r	/works/OL5043982W	oclc	
OL5043983W	5	2	The counsel assigned	1912	0.78	1.0	loc.ark+=13960=t5r78gb92|loc.ark+=13960=t89g5sb3z|uc2.ark+=13960=fk1pg1hq56|uiuo.ark+=13960=t6b27ww9n|loc.ark+=13960=t0ms3v61z	/works/OL5043983W	oclc	
OL5043984W	2	1	The eternal masculine	1913	0.83	1.0	nyp.33433082174545|uc2.ark+=13960=t9m32ps7m	/works/OL5043984W	oclc	
OL5043985W	2	1	The three things	1915	0.77	1.0	nyp.33433082170733|uc2.ark+=13960=t73t9dz39	/works/OL5043985W	oclc	
OL5043986W	2	1	Joy in the morning	1919	0.85	1.0	mdp.39015063739802|nyp.33433082485941	/works/OL5043986W	oclc	
OL5043987W	2	1	The militants;	1907	0.89	1.0	mdp.39015007000493|nyp.33433082174610	/works/OL5043987W	oclc	
OL5043988W	7	3	The perfect tribute	1906	0.65	1.0	mdp.39015010330986|uiuo.ark+=13960=t8pc31j35|loc.ark+=13960=t8qc04v5k|loc.ark+=13960=t9w096k6r|loc.ark+=13960=t54f1x801|nyp.33433082174990|uiuo.ark+=13960=t3222z57w	/works/OL5043988W	oclc	
OL505730W	1	1	The magician	1908	0.89	1.0	uc2.ark+=13960=t2t43mj5b	/works/OL505730W	oclc	
OL505740W	8	3	The moon and sixpence	1919	0.89	1.0	uc1.b4089163|uc2.ark+=13960=t9862pc2r|mdp.39015041913396|mdp.39015005094449|mdp.39015005753069|mdp.39015013120871|mdp.39015019179178|mdp.39015034313893	/works/OL505740W	oclc	
OL505781W	1	1	Of human bondage	1915	0.85	0.999	uc1.l0082629411	/works/OL505781W	oclc	
OL505850W	3	1	The trembling of a leaf	1921	0.89	1.0	mdp.39015013538007|nyp.33433074892740|uc2.ark+=13960=t06w9dv3n	/works/OL505850W	oclc	
OL505924W	1	1	The making of a saint	1922	0.83	1.0	mdp.39015063911427	/works/OL505924W	oclc	
OL505935W	1	1	Mrs. Craddock	1902	0.84	1.0	inu.32000009125248	/works/OL505935W	oclc	
OL505936W	1	1	Liza of Lambeth	1921	0.89	1.0	uc2.ark+=13960=t5j961z6c	/works/OL505936W	oclc	
OL505938W	2	2	The explorer	1909	0.88	1.0	nyp.33433074893086|uva.x000618958	/works/OL505938W	oclc	
OL5061945W	1	1	Luther in Rome ;	1890	0.89	1.0	uc2.ark+=13960=t44q7tq3t	/works/OL5061945W	oclc	
OL507303W	4	1	By the light of the soul;	1907	0.89	1.0	njp.32101063691172|nyp.33433076090848|uc2.ark+=13960=t0dv1cr0x|uc2.ark+=13960=t74t6gg6g	/works/OL507303W	oclc	
OL507305W	1	1	The copy-cat	1914	0.89	1.0	uc1.b3578397	/works/OL507305W	oclc	
OL507315W	2	1	Jerome, a poor man;	1897	0.9	1.0	mdp.39015065922133|uc1.b4104262	/works/OL507315W	oclc	
OL507321W	4	2	Pembroke;	1894	0.89	1.0	nyp.33433076090665|uc1.b249876|mdp.39015007000485|uc2.ark+=13960=t10p0xn2m	/works/OL507321W	oclc	
OL507324W	1	1	The pot of gold	1892	0.89	1.0	mdp.39015048911617	/works/OL507324W	oclc	
OL507330W	2	1	Six trees;	1903	0.88	0.999	njp.32101063691388|uc2.ark+=13960=t7hq3t94n	/works/OL507330W	oclc	
OL507339W	1	1	Young Lucretia, and other stories	1892	0.89	0.999	uc1.b247124	/works/OL507339W	oclc	
OL507342W	2	1	Comfort Pease and her gold ring	1895	0.81	1.0	uc1.b308297|uc1.b3332186	/works/OL507342W	oclc	
OL507357W	3	1	The adventures of Ann;	1886	0.87	0.999	nnc1.cu58376011|uc1.b3332185|uc2.ark+=13960=t46q2270q	/works/OL507357W	oclc	
OL507361W	1	1	Edgewater people	1918	0.89	1.0	njp.32101063691156	/works/OL507361W	oclc	
OL507367W	3	1	The butterfly house	1912	0.89	1.0	mdp.39015063552007|nyp.33433076090855|uc2.ark+=13960=t8ff3nd8r	/works/OL507367W	oclc	
OL507370W	3	1	The givers;	1904	0.89	1.0	nyp.33433075821508|uc1.b3322090|uc2.ark+=13960=t3028pr2f	/works/OL507370W	oclc	
OL507371W	2	1	The Jamesons	1899	0.82	1.0	uc1.b4104268|uc2.ark+=13960=t91834r5d	/works/OL507371W	oclc	
OL507373W	2	1	Madelon;	1896	0.9	1.0	mdp.39015039646768|uc1.b249875	/works/OL507373W	oclc	
OL507375W	2	2	A humble romance	1915	0.85	1.0	uc2.ark+=13960=t9668b01v|uva.x001181114	/works/OL507375W	oclc	
OL507377W	3	2	A New England nun	1891	0.9	1.0	uc1.$b455797|uc2.ark+=13960=t73t9dx4b|mdp.39015066063986	/works/OL507377W	oclc	
OL507379W	3	2	The heart's highway	1900	0.9	1.0	nyp.33433076090962|mdp.39015063551710|uc1.b3322091	/works/OL507379W	oclc	
OL507381W	3	1	The portion of labor	1901	0.9	1.0	mdp.39015006572690|nyp.33433076090657|uc2.ark+=13960=t9862c112	/works/OL507381W	oclc	
OL507382W	3	1	The shoulders of Atlas;	1908	0.89	1.0	njp.32101063691396|nyp.33433076090525|uc2.ark+=13960=t6736nc2p	/works/OL507382W	oclc	
OL507384W	2	2	"""Doc."" Gordon"	1906	0.89	1.0	njp.32101063691164|nyp.33433076090822	/works/OL507384W	oclc	
OL5079808W	1	1	Casco Bay yarns	1916	0.68	0.999	loc.ark+=13960=t5fb56r0w	/works/OL5079808W	oclc	
OL5079839W	1	1	The flight to Eden	1907	0.89	0.999	nyp.33433076048671	/works/OL5079839W	oclc	
OL5080739W	2	1	Frontier army sketches	1883	0.59	1.0	loc.ark+=13960=t1jh3w891|uc1.b3624882	/works/OL5080739W	oclc	
OL5081134W	2	1	Everybody's birthright	1914	0.87	1.0	nc01.ark+=13960=t7kp9323w|nyp.33433076069875	/works/OL5081134W	oclc	
OL5081375W	1	1	For the pleasure of his company	1903	0.81	1.0	mdp.39015035045304	/works/OL5081375W	oclc	
OL5081421W	1	1	Where the sun swings north	1922	0.89	1.0	nyp.33433076074271	/works/OL5081421W	oclc	
OL5081432W	2	2	A man in the open	1912	0.88	1.0	uc2.ark+=13960=t0ht2mt2n|nyp.33433075771794	/works/OL5081432W	oclc	
OL5087854W	1	1	Short-story masterpieces	1912	0.62	1.0	njp.32101054939036	/works/OL5087854W	oclc	
OL5087858W	4	2	Studying the short story;	1918	0.55	1.0	mdp.39015003939413|mdp.39015003939306|nyp.33433082514344|uc2.ark+=13960=t3rv0gn0c	/works/OL5087858W	oclc	
OL50879W	3	2	The re-creation of Brian Kent	1919	0.89	1.0	mdp.39015033609358|nyp.33433074797295|uc2.ark+=13960=t4jm24m4g	/works/OL50879W	oclc	
OL50880W	1	1	When a man's a man	1916	0.82	1.0	nyp.33433074797410	/works/OL50880W	oclc	
OL50881W	4	2	The calling of Dan Matthews	1909	0.88	1.0	uc2.ark+=13960=t8w951f28|mdp.39015061026004|nyp.33433074797378|uc2.ark+=13960=t5v699j66	/works/OL50881W	oclc	
OL50882W	4	1	The eyes of the world;	1914	0.9	1.0	mdp.39015033609366|nyp.33433074797287|nyp.33433074797303|uc2.ark+=13960=t55d8pr3g	/works/OL50882W	oclc	
OL50883W	5	4	That printer of Udell's	1911	0.86	1.0	uva.x002707134|nyp.33433074795174|uc2.ark+=13960=t16m34n0f|uva.x002707140|uc2.ark+=13960=t6n013x6z	/works/OL50883W	oclc	
OL50884W	3	1	The winning of Barbara Worth	1911	0.85	1.0	mdp.39015004283514|nyp.33433074797402|uc2.ark+=13960=t6tx36f8h	/works/OL50884W	oclc	
OL50885W	3	2	The shepherd of the hills	1907	0.89	1.0	nyp.33433074806450|uc2.ark+=13960=t7gq6sd8b|mdp.39015050791964	/works/OL50885W	oclc	
OL5096900W	2	1	Young Hilda at the wars	1915	0.82	1.0	loc.ark+=13960=t18k82332|uc2.ark+=13960=t23b5xp55	/works/OL5096900W	oclc	
OL509809W	3	2	In war times at La Rose Blanche	1888	0.89	0.999	uc2.ark+=13960=t8x922d3w|nc01.ark+=13960=t12n5qs80|njp.32101067632115	/works/OL509809W	oclc	
OL509810W	1	1	Jaconetta	1901	0.86	0.997	wu.89098018492	/works/OL509810W	oclc	
OL509824W	3	1	The wire cutters	1899	0.84	1.0	nyp.33433074843545|uc1.b249490|uc2.ark+=13960=t1mg7g999	/works/OL509824W	oclc	
OL509825W	3	1	Under the man-fig	1895	0.82	1.0	nyp.33433074843248|uc1.b249392|uc2.ark+=13960=t2v40nh3h	/works/OL509825W	oclc	
OL509884W	1	1	The fifth queen	1906	0.88	1.0	uc1.b4095309	/works/OL509884W	oclc	
OL509927W	3	2	Privy seal	1917	0.89	0.999	uc1.b3346920|uc2.ark+=13960=t3qv3mq93|njp.32101068598273	/works/OL509927W	oclc	
OL509972W	1	1	The fifth queen crowned;	1908	0.85	0.997	uc1.b3346918	/works/OL509972W	oclc	
OL509974W	1	1	The Half Moon;	1909	0.88	1.0	nyp.33433075727887	/works/OL509974W	oclc	
OL509997W	2	1	The Young Lovell	1913	0.86	1.0	uc1.b4097986|uc2.ark+=13960=t1vd70k9k	/works/OL509997W	oclc	
OL510012W	3	2	Ladies whose bright eyes;	1919	0.84	1.0	uc1.b4095363|uc2.ark+=13960=t6pz5cc91|uc1.31158008560525	/works/OL510012W	oclc	
OL5110850W	3	1	She buildeth her house	1911	0.89	1.0	mdp.39015063545985|nyp.33433074846548|uc2.ark+=13960=t73t9dw5c	/works/OL5110850W	oclc	
OL5110854W	1	1	Trooper tales	1899	0.88	1.0	uc2.ark+=13960=t11n7xx8q	/works/OL5110854W	oclc	
OL5110860W	1	1	Red fleece	1915	0.87	1.0	uc2.ark+=13960=t01z4209f	/works/OL5110860W	oclc	
OL51125W	4	2	Our Mr. Wrenn	1914	0.88	1.0	uc1.b3347144|uc2.ark+=13960=t9q23sg7s|mdp.39015003313783|mdp.39015046452572	/works/OL51125W	oclc	
OL51137W	1	1	The trail of the hawk;	1915	0.87	1.0	mdp.39015008171327	/works/OL51137W	oclc	
OL51141W	2	1	The job	1917	0.89	1.0	nyp.33433074787890|uc1.31158003167334	/works/OL51141W	oclc	
OL51142W	3	2	Free air	1919	0.85	1.0	uc1.b4107875|uc2.ark+=13960=fk3mw28j83|uc1.b3711242	/works/OL51142W	oclc	
OL5114557W	3	2	The tinted Venus	1898	0.89	1.0	uc1.b3550188|uc1.b3332960|uc2.ark+=13960=t32230v84	/works/OL5114557W	oclc	
OL5114588W	1	1	What Katy did next	1887	0.83	1.0	njp.32101067187813	/works/OL5114588W	oclc	
OL5114606W	2	2	Not quite eighteen	1894	0.83	1.0	uc1.b308323|uc2.ark+=13960=t5cc0zr38	/works/OL5114606W	oclc	
OL5114614W	2	1	Clover	1896	0.88	1.0	uc1.b254270|uc2.ark+=13960=t2b856519	/works/OL5114614W	oclc	
OL51148W	10	3	Babbitt	1922	0.88	1.0	mdp.39015000635907|mdp.39015000635915|mdp.39015000636079|mdp.39015002386269|mdp.39015002386426|mdp.39015054064798|nyp.33433074787908|uc1.32106002123104|nyp.33433074972435|mdp.39015047531150	/works/OL51148W	oclc	
OL5115504W	3	1	A Hoosier chronicle	1912	0.89	1.0	mdp.39015021275840|nyp.33433076023195|uc2.ark+=13960=t0gt5gb6g	/works/OL5115504W	oclc	
OL5115506W	1	1	The madness of May	1917	0.88	1.0	uc2.ark+=13960=t59c6tr38	/works/OL5115506W	oclc	
OL5115508W	2	1	Otherwise Phyllis	1913	0.89	1.0	mdp.39015063936580|uc2.ark+=13960=t3zs2n13r	/works/OL5115508W	oclc	
OL5115509W	4	1	The poet	1914	0.81	1.0	mdp.39015053612274|nyp.33433076023146|uc2.ark+=13960=t1mg7h07q|wu.89088300652	/works/OL5115509W	oclc	
OL5115510W	3	1	Rosalind at Red Gate	1907	0.89	1.0	mdp.39015024198700|uc1.b4102074|uc2.ark+=13960=t7mp4x979	/works/OL5115510W	oclc	
OL5115514W	4	2	The little brown jug at Kildare	1908	0.9	1.0	mdp.39015063936572|nyp.33433076023179|uc2.ark+=13960=t6xw49495|uc2.ark+=13960=t0rr1pt4j	/works/OL5115514W	oclc	
OL5115515W	1	1	The lords of high decision	1909	0.89	1.0	uc2.ark+=13960=t6zw1950f	/works/OL5115515W	oclc	
OL5115516W	2	1	The main chance	1903	0.89	1.0	nyp.33433076023153|uc2.ark+=13960=fk6057d60r	/works/OL5115516W	oclc	
OL5115518W	2	1	A reversible Santa Claus	1917	0.85	0.999	nyp.33433076023161|uc2.ark+=13960=t2t43kj4f	/works/OL5115518W	oclc	
OL5115519W	1	1	The siege of the seven suitors	1910	0.89	1.0	uc2.ark+=13960=t80k27f3s	/works/OL5115519W	oclc	
OL5115523W	2	1	The house of a thousand candles	1905	0.84	1.0	uc2.ark+=13960=t4hm53167|wu.89047436936	/works/OL5115523W	oclc	
OL5130950W	2	1	The Panglima Muda;	1894	0.68	1.0	mdp.39015056107736|uc1.b4102927	/works/OL5130950W	oclc	
OL5134426W	1	1	The romantic story of David Robertson, among the islands off and on the coast of Maine	1898	0.79	1.0	uc2.ark+=13960=t1xd0r757	/works/OL5134426W	oclc	
OL5140635W	3	1	Schoolboy days in Japan	1895	0.88	1.0	nyp.33433082539382|uc1.b17109|uc2.ark+=13960=t4zg6j422	/works/OL5140635W	oclc	
OL5141360W	1	1	The issues of life	1904	0.89	1.0	nyp.33433076050735	/works/OL5141360W	oclc	
OL5144232W	2	1	The mask	1919	0.86	1.0	nyp.33433074944731|uc2.ark+=13960=t0tq5s84d	/works/OL5144232W	oclc	
OL514462W	2	1	Tang of life	1918	0.89	1.0	nyp.33433076094287|uc2.ark+=13960=t6251jc54	/works/OL514462W	oclc	
OL514468W	1	1	Overland Red;	1914	0.82	0.999	nyp.33433076094329	/works/OL514468W	oclc	
OL5156911W	1	1	Stage-struck;	1884	0.9	1.0	uc2.ark+=13960=t57d2zs42	/works/OL5156911W	oclc	
OL5158624W	1	1	Overheard at the front;	1915	0.73	1.0	njp.32101059989267	/works/OL5158624W	oclc	
OL5172595W	1	1	Simon Eichelkatz; The patriarch;	1907	0.89	1.0	uc2.ark+=13960=t5j96380b	/works/OL5172595W	oclc	
OL5175009W	1	1	A boy of old Japan	1901	0.81	1.0	uc2.ark+=13960=t8sb41j91	/works/OL5175009W	oclc	
OL5175624W	2	1	The English novel in the time of Shakespeare	1890	0.82	0.999	uc1.b29747|uc2.ark+=13960=t5cc0xk3m	/works/OL5175624W	oclc	
OL5176879W	1	1	Irene Viesca	1886	0.9	1.0	nyp.33433076025430	/works/OL5176879W	oclc	
OL5185430W	3	2	The man in gray;	1921	0.75	1.0	uva.x004466889|mdp.39015050781064|uc2.ark+=13960=t2794196g	/works/OL5185430W	oclc	
OL5185431W	2	1	The traitor;	1907	0.82	1.0	mdp.39015032398953|nc01.ark+=13960=t75t3nq6v	/works/OL5185431W	oclc	
OL5185435W	3	1	The southerner;	1913	0.53	1.0	mdp.39015031229845|uc2.ark+=13960=t0js9j39d|uiuo.ark+=13960=t5cc0wr00	/works/OL5185435W	oclc	
OL5185436W	6	2	Comrades	1909	0.85	1.0	dul1.ark+=13960=t4dn4t15g|uc2.ark+=13960=t02z12t4z|mdp.39015031229829|nyp.33433074809280|uc1.b4096947|uc2.ark+=13960=t6251g53n	/works/OL5185436W	oclc	
OL5185438W	4	1	The sins of the father	1912	0.87	1.0	mdp.39015042099203|nc01.ark+=13960=t9r20zj0j|nyp.33433074809504|uva.x000466055	/works/OL5185438W	oclc	
OL5185439W	3	1	The one woman	1903	0.81	1.0	nyp.33433074810767|uc1.$b799116|uc2.ark+=13960=t5gb1zq7q	/works/OL5185439W	oclc	
OL5185440W	2	1	The victim;	1914	0.64	0.999	nyp.33433074810833|uc2.ark+=13960=t6m040645	/works/OL5185440W	oclc	
OL5185441W	5	3	The leopard's spots;	1902	0.86	0.999	nc01.ark+=13960=t4vh5js90|uva.x000467527|uc2.ark+=13960=t1hh6ct4d|uc2.ark+=13960=t9m32p524|uva.x002031001	/works/OL5185441W	oclc	
OL5185442W	4	2	The clansman	1907	0.8	1.0	uc2.ark+=13960=t2891221h|uc2.ark+=13960=t8v980b3t|mdp.39015013736296|nc01.ark+=13960=t7zk5ct4d	/works/OL5185442W	oclc	
OL5189161W	1	1	The sin-eater, and other tales and episodes	1895	0.71	1.0	mdp.39015031311676	/works/OL5189161W	oclc	
OL5189167W	1	1	The washer of the ford, and other legendary moralities	1896	0.85	1.0	uc2.ark+=13960=t73t9mx97	/works/OL5189167W	oclc	
OL5192740W	2	1	The bear-worshippers of Yezo and the island of Karafuto (Saghalin)	1884	0.75	1.0	mdp.39015013140614|uc1.b4506641	/works/OL5192740W	oclc	
OL5197874W	2	1	Wards of liberty	1907	0.88	1.0	njp.32101068971181|uc2.ark+=13960=t5fb4xx4c	/works/OL5197874W	oclc	
OL5197875W	1	1	Little aliens	1910	0.86	1.0	uc1.b4094221	/works/OL5197875W	oclc	
OL5197877W	2	1	Little citizens	1904	0.89	0.999	uc2.ark+=13960=t1fj2bd0w|uc2.ark+=13960=t55d8pp42	/works/OL5197877W	oclc	
OL5197985W	2	1	Jarvis of Harvard	1901	0.87	1.0	mdp.39015018061583|uc2.ark+=13960=t2599zm3h	/works/OL5197985W	oclc	
OL5198265W	3	1	Over here;	1918	0.81	1.0	mdp.39015034024383|nyp.33433082485321|uc2.ark+=13960=t7kp7wg4h	/works/OL5198265W	oclc	
OL5198281W	1	1	Lillian Simmons, or, The conflict of sections	1915	0.85	1.0	nnc1.50042212	/works/OL5198281W	oclc	
OL5198376W	1	1	The intellectuals; an experiment in Irish club-life	1911	0.65	0.999	nyp.33433075746358	/works/OL5198376W	oclc	
OL5199538W	1	1	The Rhodesians; sketches of English South-African life	1900	0.79	0.999	uc2.ark+=13960=t5h99bv72	/works/OL5199538W	oclc	
OL5200282W	1	1	A child of the Alps	1920	0.84	0.998	uc2.ark+=13960=t2b854322	/works/OL5200282W	oclc	
OL5200625W	1	1	In a car of gold	1902	0.81	1.0	nyp.33433082548086	/works/OL5200625W	oclc	
OL5201083W	1	1	The silver maple;	1906	0.89	1.0	nyp.33433076024748	/works/OL5201083W	oclc	
OL5201471W	6	4	Upsidonia	1915	0.89	1.0	dul1.ark+=13960=t22b9q18t|mdp.39015006593068|nyp.33433074881008|uc1.b3581530|uc2.ark+=13960=t5n87ch55|mdp.39015048903515	/works/OL5201471W	oclc	
OL5201526W	8	1	The works of William Harrison Ainsworth	1900	0.9	1.0	uc2.ark+=13960=t1sf2rn8x|uc2.ark+=13960=t3rv0q055|uc2.ark+=13960=t4hm57823|uc2.ark+=13960=t57d2w189|uc2.ark+=13960=t6154kd1w|uc2.ark+=13960=t8qc0139d|uc2.ark+=13960=t9862hf32|uc2.ark+=13960=t9b56ww75	/works/OL5201526W	oclc	
OL5201551W	1	1	The admirable Crichton	1900	0.67	0.993	uc2.ark+=13960=t2k64dk18	/works/OL5201551W	oclc	
OL5202394W	2	1	Brakespeare;	1904	0.73	1.0	mdp.39015063933280|uc2.ark+=13960=t0js9jh1x	/works/OL5202394W	oclc	
OL5202720W	2	2	The million-dollar suitcase	1922	0.84	1.0	nyp.33433076082423|uc2.ark+=13960=t17m04b4h	/works/OL5202720W	oclc	
OL5202721W	1	1	The sword in the mountains	1910	0.87	0.999	nyp.33433076082480	/works/OL5202721W	oclc	
OL5202783W	1	1	Missouri yesterdays	1920	0.86	1.0	nyp.33433076076433	/works/OL5202783W	oclc	
OL5203687W	1	1	The door of dread	1916	0.9	1.0	nyp.33433075753222	/works/OL5203687W	oclc	
OL5203692W	1	1	Lonely O'Malley;	1905	0.88	1.0	nyp.33433075753628	/works/OL5203692W	oclc	
OL5204175W	1	1	Zut, and other Parisians	1903	0.89	1.0	mdp.39015063524808	/works/OL5204175W	oclc	
OL5204178W	2	2	Zut	1908	0.89	1.0	nyp.33433074810973|mdp.39015063524808	/works/OL5204178W	oclc	
OL5207970W	1	1	Dick's fairy	1883	0.86	1.0	uc2.ark+=13960=t4fn15j60	/works/OL5207970W	oclc	
OL5207982W	2	1	Tregeagle's head	1890	0.89	1.0	uc1.b3322403|uc2.ark+=13960=t4nk3fj9p	/works/OL5207982W	oclc	
OL5208056W	1	1	Lord London	1913	0.89	1.0	nyp.33433074928783	/works/OL5208056W	oclc	
OL5210980W	1	1	The crimson wing	1902	0.83	1.0	njp.32101063605735	/works/OL5210980W	oclc	
OL5210981W	2	1	Fame's pathway;	1909	0.84	1.0	nyp.33433074810387|uc2.ark+=13960=t83j39s70	/works/OL5210981W	oclc	
OL5211702W	3	1	Dickens & Thackeray studied in three novels	1911	0.6	1.0	inu.32000003496884|uc1.$b440744|uc2.ark+=13960=t6vx09g6d	/works/OL5211702W	oclc	
OL5211741W	1	1	Martha of the Mennonite country	1915	0.89	1.0	njp.32101065835645	/works/OL5211741W	oclc	
OL5211746W	2	1	Sabina	1905	0.82	1.0	mdp.39015063934734|nyp.33433076052293	/works/OL5211746W	oclc	
OL5211755W	2	1	The betrothal of Elypholate	1907	0.89	1.0	nyp.33433076051956|uc2.ark+=13960=t4fn1172c	/works/OL5211755W	oclc	
OL5211757W	2	1	The schoolmaster of Hessville	1920	0.83	1.0	nyp.33433076052285|uc2.ark+=13960=t8v981s13	/works/OL5211757W	oclc	
OL5211764W	1	1	Tillie, a Mennonite maid	1908	0.88	0.999	uc2.ark+=13960=t5bc3v683	/works/OL5211764W	oclc	
OL5214659W	1	1	The unfinished tale;	1881	0.77	1.0	nnc1.1002153769	/works/OL5214659W	oclc	
OL5214956W	1	1	In the dwellings of silence	1893	0.89	0.999	nyp.33433076088818	/works/OL5214956W	oclc	
OL52151W	1	1	When the sleeper wakes	1899	0.89	1.0	dul1.ark+=13960=t80k32x0x	/works/OL52151W	oclc	
OL5215738W	2	1	The romance of l'Aiglon	1901	0.86	1.0	njp.32101074762186|uc2.ark+=13960=t7np1z96d	/works/OL5215738W	oclc	
OL5215799W	2	2	The count of the Saxon shore;	1888	0.87	1.0	mdp.39015063553104|nyp.33433074970785	/works/OL5215799W	oclc	
OL5215829W	2	1	The Hammer	1890	0.89	0.999	uc1.b3578859|uc2.ark+=13960=t1zc8216r	/works/OL5215829W	oclc	
OL5215833W	2	2	Stories of Charlemagne and the twelve peers of France	1902	0.83	0.997	uc2.ark+=13960=t5w66f84g|uc2.ark+=13960=t47p8v29k	/works/OL5215833W	oclc	
OL5215846W	3	2	Callias	1891	0.89	1.0	uc2.ark+=13960=t5x63dj1c|uc2.ark+=13960=t7mp4xp58|mdp.39015063553393	/works/OL5215846W	oclc	
OL5215895W	1	1	A great treason	1910	0.87	1.0	nyp.33433074895875	/works/OL5215895W	oclc	
OL5216036W	1	1	Conspiracy;	1885	0.64	1.0	njp.32101066477173	/works/OL5216036W	oclc	
OL5216050W	1	1	By Neva's waters	1907	0.88	0.999	nyp.33433074942412	/works/OL5216050W	oclc	
OL5216075W	1	1	A dog of Constantinople	1896	0.88	1.0	wu.89098014848	/works/OL5216075W	oclc	
OL5216565W	1	1	Cape Breton tales	1920	0.8	1.0	uc2.ark+=13960=t1hh6f594	/works/OL5216565W	oclc	
OL5216571W	1	1	Dorothy and Anton	1895	0.85	0.994	mdp.39076002720097	/works/OL5216571W	oclc	
OL52201W	3	2	The wonderful visit	1895	0.89	1.0	uc1.b4084611|uc2.ark+=13960=t85h7cw8f|nyp.33433075767313	/works/OL52201W	oclc	
OL52211W	1	1	Tales of space and time	1899	0.89	1.0	mdp.39015030719671	/works/OL52211W	oclc	
OL52228W	3	2	The wife of Sir Isaac Harman	1914	0.9	1.0	inu.32000002888990|nyp.33433075767321|mdp.39015030719721	/works/OL52228W	oclc	
OL52230W	4	2	Mr. Britling sees it through	1917	0.75	1.0	nyp.33433075758056|mdp.39015001983314|mdp.39015008465893|nyp.33433082484415	/works/OL52230W	oclc	
OL52231W	2	1	The passionate friends	1913	0.81	1.0	mdp.39015011683821|uc2.ark+=13960=t9j38pg8q	/works/OL52231W	oclc	
OL52238W	3	2	The sea lady;	1902	0.84	1.0	uc2.ark+=13960=t1jh3j89w|uc1.b4713055|uc2.ark+=13960=t73t9f56v	/works/OL52238W	oclc	
OL52239W	4	2	Joan and Peter	1918	0.85	1.0	mdp.39015025020721|nyp.33433075758007|uc2.ark+=13960=t4hm54t02|mdp.39015011040246	/works/OL52239W	oclc	
OL5224186W	3	1	In gold and silver	1892	0.87	1.0	mdp.39015063551496|nyp.33433066629159|uc2.ark+=13960=t0tq5rj14	/works/OL5224186W	oclc	
OL52243W	1	1	The research magnificent	1915	0.85	1.0	mdp.39015053611367	/works/OL52243W	oclc	
OL52245W	3	1	The soul of a bishop	1917	0.74	1.0	mdp.39015053230531|nyp.33433075758072|uc1.b3295307	/works/OL52245W	oclc	
OL52247W	1	1	The wheels of chance	1896	0.88	1.0	mdp.39015013248649	/works/OL52247W	oclc	
OL52248W	3	1	Marriage	1912	0.84	1.0	mdp.39015053230523|nyp.33433075758049|uc2.ark+=13960=t05x2828g	/works/OL52248W	oclc	
OL52249W	3	2	The secret places of the heart	1922	0.86	1.0	mdp.39015030719648|mdp.39015030719655|uc2.ark+=13960=t0vq30n9s	/works/OL52249W	oclc	
OL52253W	1	1	The war in the air and particularly how Mr. Bert Smallways fared while it lasted	1908	0.77	1.0	dul1.ark+=13960=t6tx41h96	/works/OL52253W	oclc	
OL52257W	6	1	The world set free	1914	0.66	1.0	dul1.ark+=13960=t91840q3q|mdp.39015066062400|njp.32101068605805|nyp.33433075767305|uc1.b4082378|uc2.ark+=13960=t6b281h88	/works/OL52257W	oclc	
OL52258W	3	1	Ann Veronica	1909	0.89	1.0	nyp.33433075767297|uc1.b3759955|uc2.ark+=13960=t51g0jp6s	/works/OL52258W	oclc	
OL52259W	3	2	Love and Mr. Lewisham	1900	0.9	1.0	mdp.39015030719606|uc2.ark+=13960=t72v2h48k|njp.32101068605888	/works/OL52259W	oclc	
OL52260W	2	1	The first men in the moon	1901	0.85	0.999	dul1.ark+=13960=t5gb2ss8d|nyp.33433075757983	/works/OL52260W	oclc	
OL52261W	1	1	Kipps;the story of a simple soul	1905	0.84	1.0	mdp.39015007057055	/works/OL52261W	oclc	
OL52262W	3	2	The history of Mr. Polly	1909	0.84	1.0	mdp.39076005085928|uc2.ark+=13960=t4gm83k3s|njp.32101068605920	/works/OL52262W	oclc	
OL52263W	4	3	The new Machiavelli	1921	0.77	1.0	uc2.ark+=13960=t6k070s34|mdp.39015054040400|njp.32101068605854|inu.32000002822734	/works/OL52263W	oclc	
OL52267W	1	1	The time machine;	1895	0.89	1.0	dul1.ark+=13960=t98637h6g	/works/OL52267W	oclc	
OL52269W	2	2	Tono Bungay;	1909	0.83	1.0	mdp.39015033007686|mdp.39015017686422	/works/OL52269W	oclc	
OL5229938W	1	1	The education of Jacqueline	1910	0.84	1.0	uc2.ark+=13960=t02z14b2j	/works/OL5229938W	oclc	
OL5230610W	3	1	But yet a woman;	1883	0.89	1.0	mdp.39015063919131|uc1.b249259|uva.x030758869	/works/OL5230610W	oclc	
OL5232179W	2	1	When thoughts will soar;	1914	0.73	1.0	mdp.39015059521214|uc2.ark+=13960=t3qv3cj51	/works/OL5232179W	oclc	
OL5232182W	2	2	Lay down your arms;	1906	0.63	1.0	uva.x004215519|uc2.ark+=13960=t1sf2r52r	/works/OL5232182W	oclc	
OL5257651W	1	1	The sphinx's children and other people's	1886	0.9	1.0	uc2.ark+=13960=t7qn5zx49	/works/OL5257651W	oclc	
OL5257653W	4	3	Somebody's neighbors	1884	0.9	1.0	uc2.ark+=13960=t0ns0mq3x|uc2.ark+=13960=t3gx4559f|nc01.ark+=13960=t9w09p495|uc1.b4718754	/works/OL5257653W	oclc	
OL5257654W	1	1	Huckleberries gathered from New England hills	1892	0.83	1.0	uc2.ark+=13960=t2s46hf24	/works/OL5257654W	oclc	
OL5260143W	3	1	Early times in Texas	1892	0.89	1.0	loc.ark+=13960=t6k07hw26|mdp.39015063916673|uc2.ark+=13960=t3st7fj3p	/works/OL5260143W	oclc	
OL5277248W	2	2	The sands of pleasure	1905	0.88	1.0	uc2.ark+=13960=t26970703|nyp.33433075861850	/works/OL5277248W	oclc	
OL5279319W	1	1	The blossom and the fruit;	1889	0.89	1.0	nyp.33433074944814	/works/OL5279319W	oclc	
OL5279323W	2	2	The idyll of the white lotus	1907	0.87	1.0	nnc1.cu53289951|uc2.ark+=13960=t8df6sp6v	/works/OL5279323W	oclc	
OL5287262W	1	1	The open window	1908	0.88	1.0	nyp.33433074806443	/works/OL5287262W	oclc	
OL5287268W	1	1	Dogtown	1902	0.89	0.999	nyp.33433081962114	/works/OL5287268W	oclc	
OL5287270W	3	2	The garden of a communter's wife	1901	0.58	1.0	njp.32101067487304|uc2.ark+=13960=t1hh6d40x|uc2.ark+=13960=t3st7fb0j	/works/OL5287270W	oclc	
OL5287292W	1	1	The evil that men do;	1889	0.89	1.0	nnc1.0037473123	/works/OL5287292W	oclc	
OL5287315W	2	1	A hopeless case	1880	0.89	1.0	coo.31924021978998|uc2.ark+=13960=t35147j3j	/works/OL5287315W	oclc	
OL5287320W	1	1	A romance of old New York	1897	0.89	0.999	uc2.ark+=13960=t6d21sb5n	/works/OL5287320W	oclc	
OL5287335W	1	1	A gentleman of leisure	1881	0.89	1.0	uc1.b249764	/works/OL5287335W	oclc	
OL5287883W	2	1	The imposter	1910	0.83	1.0	nyp.33433076044530|uc2.ark+=13960=t3fx74c82	/works/OL5287883W	oclc	
OL5287895W	2	1	Beatrix of Clare	1907	0.89	1.0	nyp.33433076044282|uc2.ark+=13960=t73t9g924	/works/OL5287895W	oclc	
OL5288025W	2	1	The young ice whalers	1903	0.89	1.0	uc1.b2838406|uc2.ark+=13960=t16m3440q	/works/OL5288025W	oclc	
OL5289287W	1	1	Graphics	1913	0.89	1.0	nyp.33433074875505	/works/OL5289287W	oclc	
OL5289594W	1	1	Satan;	1921	0.89	0.999	nyp.33433075751424	/works/OL5289594W	oclc	
OL5289595W	1	1	Sea plunder	1917	0.89	1.0	nyp.33433075751481	/works/OL5289595W	oclc	
OL5289606W	2	1	Garryowen	1909	0.89	1.0	nyp.33433004014662|uc2.ark+=13960=t3st7g63m	/works/OL5289606W	oclc	
OL5289607W	1	1	The blue lagoon	1908	0.83	0.999	uc2.ark+=13960=t9q23wb8q	/works/OL5289607W	oclc	
OL5294470W	1	1	Irene Liscomb	1908	0.75	1.0	uc2.ark+=13960=t06w97q7q	/works/OL5294470W	oclc	
OL5297025W	1	1	Under the red flag;	1895	0.85	1.0	uc2.ark+=13960=t0tq5s76x	/works/OL5297025W	oclc	
OL5297414W	1	1	Florida Alexander, a Kentucky girl	1898	0.89	1.0	nyp.33433076066889	/works/OL5297414W	oclc	
OL5297501W	1	1	The promise;	1915	0.87	0.999	nyp.33433076079734	/works/OL5297501W	oclc	
OL5297894W	1	1	Land's end	1918	0.89	1.0	uc2.ark+=13960=t74t6gg7z	/works/OL5297894W	oclc	
OL5298305W	4	2	Gathered leaves from the prose of Mary E. Coleridge	1910	0.63	1.0	mdp.39015070192268|uc1.b3575744|uc2.ark+=13960=t6ww7hd4n|uc2.ark+=13960=t3mw2fg50	/works/OL5298305W	oclc	
OL5299033W	1	1	One million francs	1912	0.82	1.0	nyp.33433076094980	/works/OL5299033W	oclc	
OL5299042W	1	1	The web	1919	0.89	1.0	nyp.33433082485404	/works/OL5299042W	oclc	
OL5299425W	1	1	The sign above the door	1912	0.82	0.998	uc2.ark+=13960=t05x25f09	/works/OL5299425W	oclc	
OL5299426W	2	1	The spotter	1907	0.82	1.0	nyp.33433074862339|uc2.ark+=13960=t6j09wq4x	/works/OL5299426W	oclc	
OL5299947W	1	1	Beyond the city gates	1897	0.89	0.999	nyp.33433076073547	/works/OL5299947W	oclc	
OL5301590W	2	1	The climax;	1902	0.64	1.0	nyp.33433076048796|uc2.ark+=13960=t1mg7gq5r	/works/OL5301590W	oclc	
OL5301598W	2	1	The toymakers	1907	0.88	1.0	nnc1.1002209250|uc2.ark+=13960=t5h991c0p	/works/OL5301598W	oclc	
OL5301601W	1	1	Little Burr, the Warwick of America;	1905	0.82	0.998	uc2.ark+=13960=t20c4sx9m	/works/OL5301601W	oclc	
OL5301602W	2	1	Blennerhassett;	1901	0.84	1.0	uc2.ark+=13960=t1td9qn84|uc2.ark+=13960=t9c53gj3z	/works/OL5301602W	oclc	
OL5301603W	4	2	The further adventures of Quincy Adams Sawyer and Mason Corner folks;	1909	0.89	1.0	nyp.33433075758247|uc1.b3327571|uc2.ark+=13960=t4kk95h7m|uc2.ark+=13960=t8qb9wg3v	/works/OL5301603W	oclc	
OL5301604W	5	4	Quincy Adams Sawyer and Mason's corner folks;	1900	0.9	1.0	nyp.33433076049232|mdp.39015063924800|uc1.b3327572|uc2.ark+=13960=t9q23sg9r|uc2.ark+=13960=t4wh2dq3q	/works/OL5301604W	oclc	
OL5301689W	1	1	Short stories from the Balkans	1919	0.8	1.0	mdp.39015019958357	/works/OL5301689W	oclc	
OL5301693W	1	1	The whirlwind	1918	0.7	1.0	uc2.ark+=13960=t5t72897h	/works/OL5301693W	oclc	
OL5301695W	2	1	The penitent	1922	0.85	1.0	mdp.39015039330124|nyp.33433082299243	/works/OL5301695W	oclc	
OL5305201W	1	1	Whispering Smith	1908	0.84	0.998	uc2.ark+=13960=t91835n3h	/works/OL5305201W	oclc	
OL5306187W	4	2	Mrs. Wiggs of the cabbage patch	1902	0.87	0.999	mdp.39015004288257|mdp.39015018289366|nc01.ark+=13960=t6252qg9v|uc2.ark+=13960=t0zp3wv0g	/works/OL5306187W	oclc	
OL531748W	1	1	The story of the Canterbury pilgrims	1914	0.82	1.0	uc2.ark+=13960=t2f768g4k	/works/OL531748W	oclc	
OL532425W	1	1	The turnstile	1912	0.9	1.0	nyp.33433074893441	/works/OL532425W	oclc	
OL532434W	1	1	The four corners of the world	1917	0.82	1.0	uc2.ark+=13960=t6b27qf2c	/works/OL532434W	oclc	
OL532444W	1	1	Running water	1907	0.89	1.0	nyp.33433074892955	/works/OL532444W	oclc	
OL532447W	1	1	The courtship of Morrice Buckler	1896	0.89	1.0	uc2.ark+=13960=t1cj8d526	/works/OL532447W	oclc	
OL532450W	4	1	The broken road	1907	0.9	1.0	mdp.39015030582137|nyp.33433074893425|uc1.b4103139|uc2.ark+=13960=t2j67mm7x	/works/OL532450W	oclc	
OL532451W	3	2	The four feathers	1902	0.89	1.0	nyp.33433074892518|uc1.b4091636|uc2.ark+=13960=t5j96b122	/works/OL532451W	oclc	
OL5332282W	2	1	The people of the ruins	1920	0.89	1.0	dul1.ark+=13960=t5db8qq9t|nyp.33433075746812	/works/OL5332282W	oclc	
OL5352550W	1	1	Sunshine Annie	1910	0.74	0.998	nyp.33433082303524	/works/OL5352550W	oclc	
OL5352551W	1	1	The live dolls' house party	1906	0.79	1.0	nc01.ark+=13960=t0pr8vc1c	/works/OL5352551W	oclc	
OL5352552W	1	1	The story of live dolls	1901	0.72	0.999	nyp.33433082303516	/works/OL5352552W	oclc	
OL5353531W	1	1	In the navy;	1898	0.8	0.998	nc01.ark+=13960=t8tb1wt0s	/works/OL5353531W	oclc	
OL5353532W	2	1	Jack Alden;	1895	0.89	1.0	nc01.ark+=13960=t7kp8ss36|nyp.33433082403829	/works/OL5353532W	oclc	
OL5353534W	2	1	Jed: a boy's adventures in the army of '61-'65;	1889	0.89	1.0	nc01.ark+=13960=t6d22j62w|njp.32101066459858	/works/OL5353534W	oclc	
OL5353535W	1	1	Jed's boy;	1919	0.83	1.0	nyp.33433082485529	/works/OL5353535W	oclc	
OL535639W	1	1	Domesticus	1886	0.67	1.0	uc1.b3321469	/works/OL535639W	oclc	
OL53900W	1	1	The £1,000,000 bank-note	1893	0.87	1.0	mdp.39015026498561	/works/OL53900W	oclc	
OL53994W	17	3	The prince and the pauper;	1909	0.83	1.0	nc01.ark+=13960=t8tb27s0v|uva.x000827555|uva.x000986459|mdp.39015003366856|nyp.33433074804778|nyp.33433074804810|nyp.33433074804828|nyp.33433074804836|nyp.33433074804844|nyp.33433074804851|nyp.33433074804869|nyp.33433074804877|nyp.33433074804885|nyp.33433074804893|nyp.33433074804901|nyp.33433074804919|nyp.33433074804927	/works/OL53994W	oclc	
OL54107W	1	1	A dog's tale	1904	0.78	0.994	mdp.39015031222527	/works/OL54107W	oclc	
OL54114W	3	1	Extract from Captain Stormfield's visit to heaven	1909	0.87	1.0	dul1.ark+=13960=t3jw91p86|uc1.b4102282|uc2.ark+=13960=t9x05xw9q	/works/OL54114W	oclc	
OL54118W	1	1	Merry tales	1892	0.78	0.924	njp.32101068150182	/works/OL54118W	oclc	
OL54125W	5	3	The man that corrupted Hadleyburg and other stories and essays	1900	0.89	1.0	mdp.49015000509753|mdp.39015008307616|mdp.39015031222675|uc1.b4101396|uc2.ark+=13960=t01z43199	/works/OL54125W	oclc	
OL54131W	2	1	The stolen white elephant, etc	1882	0.88	1.0	mdp.39015062680916|nyp.33433081603049	/works/OL54131W	oclc	
OL54139W	2	1	Eve's diary;	1906	0.84	0.999	mdp.39015005733525|mdp.39015066052179	/works/OL54139W	oclc	
OL54140W	3	2	A horse's tale	1907	0.86	0.999	njp.32101068150190|mdp.39015031222576|nyp.33433074842422	/works/OL54140W	oclc	
OL54151W	1	1	Extracts from Adam's diary	1904	0.76	0.994	mdp.39015047749372	/works/OL54151W	oclc	
OL54153W	3	1	The American claimant	1892	0.77	1.0	mdp.39015066650238|nyp.33433074843628|uc1.b4102266	/works/OL54153W	oclc	
OL54155W	4	2	Personal recollections of Joan of Arc	1899	0.85	1.0	wu.89003889334|wu.89003889342|uc1.31158006422702|uc2.ark+=13960=t6n01119x	/works/OL54155W	oclc	
OL5432276W	1	1	The heresy of Mehetabel Clark	1892	0.87	1.0	uc2.ark+=13960=t2d795q5s	/works/OL5432276W	oclc	
OL5432277W	1	1	A local colorist	1912	0.86	1.0	uc1.b3326038	/works/OL5432277W	oclc	
OL5432279W	4	1	Dumb foxglove	1898	0.83	1.0	nyp.33433076039688|uc1.b308274|uc1.b3326036|uc2.ark+=13960=t5k933b3v	/works/OL5432279W	oclc	
OL5432280W	1	1	White Christopher	1905	0.84	1.0	uc2.ark+=13960=t3416tg6k	/works/OL5432280W	oclc	
OL5432951W	1	1	A rose of old Quebec	1913	0.86	0.998	nyp.33433075767164	/works/OL5432951W	oclc	
OL543379W	2	1	Osru;	1910	0.81	1.0	nyp.33433074808837|uc2.ark+=13960=t1jh3d83b	/works/OL543379W	oclc	
OL54353W	2	2	Drums afar	1918	0.85	1.0	nyp.33433082485628|uc2.ark+=13960=t03x84w49	/works/OL54353W	oclc	
OL54363W	3	1	The Admiral;	1898	0.9	1.0	mdp.39015063759818|nyp.33433075761563|uc2.ark+=13960=t0pr7sd9g	/works/OL54363W	oclc	
OL543754W	1	1	Stories and poems for children	1895	0.6	0.999	njp.32101067303063	/works/OL543754W	oclc	
OL54375W	1	1	The tragedy of the pyramids;	1909	0.77	1.0	uc2.ark+=13960=t42r3tt8s	/works/OL54375W	oclc	
OL5439943W	1	1	Elizabeth visits America	1909	0.87	1.0	nyp.33433074864962	/works/OL5439943W	oclc	
OL5439949W	5	2	Three weeks	1909	0.84	1.0	nyp.33433074864970|uc1.b4095473|uc2.ark+=13960=t8x92cf51|mdp.39015011425389|nyp.33433074856448	/works/OL5439949W	oclc	
OL544778W	2	1	Red hunters and the animal people	1904	0.89	1.0	mdp.39015008812920|uc2.ark+=13960=t8pc2vp02	/works/OL544778W	oclc	
OL544780W	2	1	Old Indian days	1907	0.83	1.0	mdp.39015000681323|uc2.ark+=13960=fk57d2qm5v	/works/OL544780W	oclc	
OL5454684W	2	1	Fireside stories, old and new	1897	0.79	1.0	nyp.33433082514443|nyp.33433082514450	/works/OL5454684W	oclc	
OL5459157W	1	1	Antonia	1901	0.81	1.0	njp.32101064787466	/works/OL5459157W	oclc	
OL54677W	3	1	Chinese stories	1893	0.78	1.0	mdp.39015050627663|nyp.33433081895942|uc2.ark+=13960=t8gf10d2j	/works/OL54677W	oclc	
OL54690W	2	1	A thorny path (Per aspera)	1892	0.89	1.0	nyp.33433075738017|nyp.33433075738025	/works/OL54690W	oclc	
OL54703W	1	1	Serapis;	1885	0.86	1.0	nyp.33433075738041	/works/OL54703W	oclc	
OL54713W	1	1	The emperor	1881	0.89	1.0	uc2.ark+=13960=t1xd0tq4v	/works/OL54713W	oclc	
OL54715W	4	2	The burgomaster's wife;	1900	0.9	1.0	uc2.ark+=13960=t6d220q7d|mdp.39015064444675|uc1.b615762|uc2.ark+=13960=t0dv1jh58	/works/OL54715W	oclc	
OL54718W	4	2	Cleopatra	1894	0.9	1.0	uc2.ark+=13960=t16m34w2j|uc2.ark+=13960=t48p5x92b|uc1.b616318|uc2.ark+=13960=t0ht2n63g	/works/OL54718W	oclc	
OL5478556W	1	1	Old Indian legends	1901	0.56	0.999	nyp.33433081747705	/works/OL5478556W	oclc	
OL54854W	2	2	Penrod	1916	0.89	1.0	mdp.39015063926763|mdp.39015085433301	/works/OL54854W	oclc	
OL5485803W	2	1	Sir Walter Ralegh	1909	0.89	1.0	uc2.ark+=13960=t21c1wx6k|uva.x001240922	/works/OL5485803W	oclc	
OL54861W	4	3	The turmoil	1915	0.89	1.0	uva.x030833045|mdp.39015063977790|nyp.33433076091655|uc2.ark+=13960=t3kw58n6g	/works/OL54861W	oclc	
OL54875W	8	4	In the arena	1912	0.89	1.0	mdp.39015010843053|uc1.b4088961|uc2.ark+=13960=fk16m33501|nyp.33433076080880|uc2.ark+=13960=t6348hk9z|uva.x004466312|uc1.l0068339415|uc2.ark+=13960=t7sn01t4h	/works/OL54875W	oclc	
OL54883W	3	1	Cherry	1903	0.86	1.0	mdp.39015063926888|nyp.33433076080856|uc2.ark+=13960=t82j69n14	/works/OL54883W	oclc	
OL54886W	3	1	The beautiful lady	1905	0.88	1.0	mdp.39015063759776|nyp.33433076080872|uc1.b3569280	/works/OL54886W	oclc	
OL54887W	2	1	Beasley's Christmas party	1909	0.78	1.0	uc1.b3569279|uc2.ark+=13960=t9s17v829	/works/OL54887W	oclc	
OL54888W	4	3	His own people	1907	0.88	1.0	uc2.ark+=13960=t5j961n0f|mdp.39015063926706|nyp.33433076081813|uc1.b3569288	/works/OL54888W	oclc	
OL54890W	4	2	Penrod and Sam	1916	0.89	1.0	uc2.ark+=13960=t5q815s06|inu.32000001866120|uc1.b4374101|uc2.ark+=13960=t4nk36p3p	/works/OL54890W	oclc	
OL54894W	3	1	Ramsey Milholland	1919	0.83	1.0	mdp.39015031304507|uc1.b3569299|uc2.ark+=13960=t48p5wg1p	/works/OL54894W	oclc	
OL54896W	3	3	The magnificent Ambersons	1918	0.9	1.0	nyp.33433076080831|uc2.ark+=13960=t29883p23|uva.x000025485	/works/OL54896W	oclc	
OL54897W	3	1	The conquest of Canaan	1905	0.84	1.0	mdp.39015005533784|nyp.33433076080823|uc2.ark+=13960=t4th8bx6p	/works/OL54897W	oclc	
OL54898W	3	2	Alice Adams	1921	0.89	1.0	mdp.39015063759792|uc2.ark+=13960=t0pr7np7f|mdp.39015063759784	/works/OL54898W	oclc	
OL54899W	7	4	The two Vanrevels	1902	0.89	1.0	mdp.39015063977782|nyp.33433076042690|uc1.b3569303|uc2.ark+=13960=t0ns0mv08|uc1.b4374103|uc2.ark+=13960=t93777g3w|wu.89091836874	/works/OL54899W	oclc	
OL54900W	10	6	Monsieur Beaucaire	1900	0.87	1.0	mdp.39015065779426|uc2.ark+=13960=t75t3gr67|uc2.ark+=13960=t2c825j0h|nyp.33433075754899|nyp.33433075754915|uc2.ark+=13960=t2n58dm1h|uc2.ark+=13960=t4pk08008|mdp.39015063926730|mdp.39015031304549|pst.000006495558	/works/OL54900W	oclc	
OL54901W	6	5	The guest of Quesnay	1908	0.88	1.0	uc2.ark+=13960=t8df6mh6j|uc2.ark+=13960=t3vt1k73n|mdp.39015063926854|nyp.33433076081821|uc2.ark+=13960=t9r20vq2h|inu.30000114342409	/works/OL54901W	oclc	
OL54902W	1	1	The gentleman from Indiana	1902	0.89	1.0	njp.32101067186666	/works/OL54902W	oclc	
OL549766W	2	2	Bullet and shell	1882	0.61	1.0	uc2.ark+=13960=t44q7rh39|nc01.ark+=13960=t9f48936p	/works/OL549766W	oclc	
OL5499327W	3	1	The old madhouse	1919	0.9	1.0	mdp.39015059400336|nyp.33433074959861|uc2.ark+=13960=t6c24z72r	/works/OL5499327W	oclc	
OL5499329W	2	2	When ghost meets ghost	1914	0.9	1.0	mdp.39015063931524|uc2.ark+=13960=t4xg9tm4f	/works/OL5499329W	oclc	
OL5499332W	5	2	Alice-for-short;	1907	0.89	1.0	mdp.49015000956749|nyp.33433074959903|uc2.ark+=13960=t4vh5j81d|nyp.33433074959507|uc2.ark+=13960=t85h7rr86	/works/OL5499332W	oclc	
OL549946W	1	1	Rolf in the woods;	1922	0.8	1.0	nnc1.cu58462490	/works/OL549946W	oclc	
OL549981W	1	1	Krag and Johnny Bear	1902	0.79	1.0	nyp.33433011005711	/works/OL549981W	oclc	
OL549999W	2	1	The preacher of Cedar Mountain	1917	0.87	1.0	uc1.b4105316|uc2.ark+=13960=fk17m04204	/works/OL549999W	oclc	
OL550009W	3	1	Bannertail	1922	0.59	0.997	nyp.33433011005687|uc2.ark+=13960=t25b06m1c|uva.x001532932	/works/OL550009W	oclc	
OL550014W	2	1	Monarch, the big bear of Tallac	1904	0.8	0.997	nyp.33433011493420|uc2.ark+=13960=t9377752c	/works/OL550014W	oclc	
OL550015W	1	1	Wild animals at home	1913	0.52	0.999	uc2.ark+=13960=t9668b16q	/works/OL550015W	oclc	
OL550018W	4	1	Lives of the hunted	1901	0.82	1.0	bc.ark+=13960=t7hq4r819|mdp.39015041886725|mdp.39015068100745|uc2.ark+=13960=t56d5qn65	/works/OL550018W	oclc	
OL550019W	2	2	Wild animal ways	1916	0.84	1.0	uc2.ark+=13960=t4qj78z2d|nyp.33433011005836	/works/OL550019W	oclc	
OL550020W	1	1	The biography of a grizzly and 75 drawings	1900	0.85	0.999	uc2.ark+=13960=t3qv3d94t	/works/OL550020W	oclc	
OL550024W	5	2	Animal heroes	1909	0.86	1.0	bc.ark+=13960=t73v0ch30|mdp.39076005086421|njp.32101067174415|nyp.33433011005646|nyp.33433011005653	/works/OL550024W	oclc	
OL55284W	3	2	The judge	1922	0.9	1.0	njp.32101068605797|uc2.ark+=13960=t91836s7n|uc2.ark+=13960=t9862d842	/works/OL55284W	oclc	
OL5533923W	1	1	The gadfly	1897	0.9	1.0	mdp.39015050806895	/works/OL5533923W	oclc	
OL553447W	1	1	Her infinite variety	1904	0.77	1.0	mdp.39015017694012	/works/OL553447W	oclc	
OL553464W	5	1	The 13th district;	1902	0.84	1.0	nyp.33433076046618|uc1.b4104259|uc2.ark+=13960=t2s46hf9h|uc2.ark+=13960=t9n301c8d|uva.x000876378	/works/OL553464W	oclc	
OL5535160W	2	1	Fair Harbor	1922	0.84	1.0	nyp.33433074787643|uc2.ark+=13960=t1rf5mc52	/works/OL5535160W	oclc	
OL5535161W	3	3	Mr. Pratt's patients	1913	0.89	1.0	uc2.ark+=13960=t11n7xs5g|uc2.ark+=13960=t6736mj9w|nyp.33433074787528	/works/OL5535161W	oclc	
OL55465W	1	1	Nine humorous tales	1918	0.68	1.0	mdp.39015007057923	/works/OL55465W	oclc	
OL55492W	1	1	The cook's wedding and other stories	1922	0.88	1.0	njp.32101067866838	/works/OL55492W	oclc	
OL55501W	1	1	Russian silhouettes;	1915	0.84	1.0	uc2.ark+=13960=t3zs2pg7x	/works/OL55501W	oclc	
OL55512W	4	2	The chorus girl	1920	0.89	1.0	njp.32101071958951|mdp.39015012184472|mdp.39015021922870|nyp.33433067269567	/works/OL55512W	oclc	
OL55516W	3	2	Stories of Russian life	1915	0.89	1.0	nyp.33433067269476|uc2.ark+=13960=t8bg2jx9r|uiuo.ark+=13960=t4jm26n6q	/works/OL55516W	oclc	
OL55523W	1	1	The bishop, and other stories	1919	0.89	1.0	uc2.ark+=13960=t53f4qd62	/works/OL55523W	oclc	
OL5561573W	2	1	The Pinafore picture book	1908	0.72	0.998	nc01.ark+=13960=t1kh1nk68|nyp.33433082303870	/works/OL5561573W	oclc	
OL5593794W	1	1	The last of the giant killers ;	1891	0.58	1.0	inu.30000121005379	/works/OL5593794W	oclc	
OL5599646W	1	1	How I found my brother	1907	0.8	1.0	mdp.39015002388406	/works/OL5599646W	oclc	
OL5625465W	1	1	Regiment of women	1917	0.89	1.0	inu.30000041676937	/works/OL5625465W	oclc	
OL5625467W	4	2	Legend	1920	0.82	1.0	uc2.ark+=13960=t7sn02p9j|mdp.49015000902495|njp.32101067628170|uc2.ark+=13960=t01z46j2w	/works/OL5625467W	oclc	
OL5626196W	2	1	The seeds of enchantment;	1921	0.81	1.0	nyp.33433074854542|uc2.ark+=13960=t8qb9w39t	/works/OL5626196W	oclc	
OL5626212W	1	1	Peter Jameson;	1920	0.89	1.0	nyp.33433074854559	/works/OL5626212W	oclc	
OL5626223W	1	1	Peter Jackson, cigar merchant	1920	0.87	0.999	uc2.ark+=13960=t9z030x9j	/works/OL5626223W	oclc	
OL5645114W	1	1	Mother	1916	0.82	1.0	uva.x002649828	/works/OL5645114W	oclc	
OL5645131W	1	1	Saturday's child	1914	0.89	1.0	uc2.ark+=13960=t0xp70105	/works/OL5645131W	oclc	
OL5651629W	4	2	Little Mr. Bouncer and his friend, Verdant Green;	1893	0.88	1.0	mdp.39015063542479|nyp.33433074929492|uc2.ark+=13960=t4jm2400g|uc2.ark+=13960=t3dz03b0q	/works/OL5651629W	oclc	
OL5661639W	2	1	The disaster	1898	0.88	1.0	uc1.b3149801|uc2.ark+=13960=t4nk3f66r	/works/OL5661639W	oclc	
OL5661662W	2	1	Strasbourg;	1915	0.81	1.0	mdp.39015065794623|uc2.ark+=13960=t01z4657c	/works/OL5661662W	oclc	
OL566948W	1	1	The queen's museum	1906	0.89	1.0	mdp.39015067085475	/works/OL566948W	oclc	
OL566957W	2	1	John Gayther's garden	1902	0.83	1.0	nyp.33433076063191|uc2.ark+=13960=t8mc8sx01	/works/OL566957W	oclc	
OL566959W	5	1	Stockton's stories	1886	0.88	1.0	njp.32101065769117|njp.32101065769125|nyp.33433076094238|uc2.ark+=13960=t13n20w99|uva.x001007614	/works/OL566959W	oclc	
OL566960W	3	1	The watchmaker's wife	1893	0.82	1.0	mdp.39015063956653|nyp.33433076063720|uc1.b3569277	/works/OL566960W	oclc	
OL566964W	2	1	The story of Viteau	1918	0.86	1.0	uc1.b3331876|uc2.ark+=13960=t57d2zz9q	/works/OL566964W	oclc	
OL566966W	5	2	Amos Kilbright;	1901	0.87	1.0	uc1.b3332002|mdp.39015063956695|uc2.ark+=13960=t6sx64p37|uc2.ark+=13960=t8qb9vw3t|uc2.ark+=13960=t9n29q830	/works/OL566966W	oclc	
OL566968W	1	1	The Dusantes;	1888	0.88	1.0	mdp.39015063956737	/works/OL566968W	oclc	
OL566971W	2	1	The Merry Chanter	1890	0.89	1.0	mdp.39015063956844|uc1.$b799917	/works/OL566971W	oclc	
OL566978W	1	1	The associate hermits;	1899	0.88	1.0	mdp.39015063956711	/works/OL566978W	oclc	
OL566985W	2	1	Afield and afloat	1900	0.9	1.0	mdp.39015063956687|uc2.ark+=13960=t16m33h26	/works/OL566985W	oclc	
OL566986W	5	2	Kate Bonnet;	1902	0.89	1.0	mdp.39015059410772|nc01.ark+=13960=t78s4rm38|uc2.ark+=13960=t7fq9qv66|uc1.b3325117|uc2.ark+=13960=t2c82cr2n	/works/OL566986W	oclc	
OL566987W	4	3	The Squirrel inn	1911	0.88	1.0	uc1.b3325126|uc2.ark+=13960=t1cj8gv3g|uc1.$b799919|uc2.ark+=13960=t10p0x32f	/works/OL566987W	oclc	
OL566988W	2	1	The vizier of the two-horned Alexander	1899	0.89	1.0	uc1.b3325128|uc1.b3569276	/works/OL566988W	oclc	
OL566989W	2	2	The casting away of Mrs. Lecks and Mrs. Aleshine	1886	0.88	1.0	nyp.33433076063134|uc2.ark+=13960=t0qr4ww2s	/works/OL566989W	oclc	
OL566994W	1	1	Pomona's travels	1894	0.89	1.0	mdp.39015063956885	/works/OL566994W	oclc	
OL566997W	1	1	A bicycle of Cathay;	1900	0.89	1.0	uc1.b3569273	/works/OL566997W	oclc	
OL566998W	3	1	The great stone of Sardis;	1898	0.89	1.0	mdp.39015059423353|nyp.33433076062748|uc2.ark+=13960=t45q4rx69	/works/OL566998W	oclc	
OL566999W	6	4	The lady, or the tiger?	1884	0.86	1.0	mdp.39015041848295|mdp.39015063956778|uc2.ark+=13960=t23b5wq0s|mdp.39015063956786|uc1.b4382868|uc2.ark+=13960=t7pn8z62r	/works/OL566999W	oclc	
OL567000W	1	1	The rudder grangers abroad and other stories	1901	0.83	1.0	uc2.ark+=13960=t6pz52654	/works/OL567000W	oclc	
OL567004W	5	4	The adventures of Captain Horn	1907	0.89	1.0	mdp.39015063956679|uc2.ark+=13960=t70v8b29r|nyp.33433075752737|nyp.33433076022288|uc2.ark+=13960=t7pn8xx37	/works/OL567004W	oclc	
OL5671197W	1	1	His three wives;	1900	0.89	0.999	nyp.33433076073331	/works/OL5671197W	oclc	
OL5671213W	1	1	Uncle Scipio;	1896	0.89	0.999	nyp.33433076073315	/works/OL5671213W	oclc	
OL5677467W	2	1	The weird Orient;	1900	0.89	1.0	uc1.b3579095|uc2.ark+=13960=fk9h41k57c	/works/OL5677467W	oclc	
OL5677468W	2	1	In the pale	1897	0.59	1.0	mdp.39015019052763|uc1.b3579094	/works/OL5677468W	oclc	
OL5677612W	1	1	Golden rule;	1900	0.88	1.0	nyp.33433074840772	/works/OL5677612W	oclc	
OL5681284W	2	1	The story of a New Zealand river	1920	0.84	1.0	nyp.33433074895412|uc2.ark+=13960=t8gf0sv8d	/works/OL5681284W	oclc	
OL5681549W	1	1	Dodging the North sea mines	1915	0.86	1.0	nyp.33433082347661	/works/OL5681549W	oclc	
OL5681558W	2	1	Fighting in France	1916	0.82	1.0	nyp.33433082347653|uc2.ark+=13960=t4zg6j206	/works/OL5681558W	oclc	
OL5684548W	2	1	Mr. Incoul's misadventure	1887	0.87	1.0	mdp.39015065549779|uc1.b3325735	/works/OL5684548W	oclc	
OL5684551W	1	1	The truth about Tristrem Varick;	1888	0.88	1.0	mdp.39015035895708	/works/OL5684551W	oclc	
OL5684579W	3	1	The perfume of Eros;	1905	0.89	1.0	mdp.39015022401916|nyp.33433076053713|uc1.b3569232	/works/OL5684579W	oclc	
OL5684580W	4	1	Vanity square;	1906	0.89	1.0	mdp.39015038749761|nyp.33433076053721|uc1.b4104372|uc2.ark+=13960=fk0sq8qf17	/works/OL5684580W	oclc	
OL5684583W	4	3	Mary Magdalen;	1891	0.88	1.0	uc2.ark+=13960=t92806q6f|mdp.39015012327204|uc1.b4104371|uc2.ark+=13960=t0ms3wm5p	/works/OL5684583W	oclc	
OL5684643W	1	1	Old Dorset;	1897	0.88	1.0	nyp.33433076036734	/works/OL5684643W	oclc	
OL5688211W	2	1	Daniel Everton, volunteer-regular;	1902	0.89	1.0	nyp.33433076059918|uc2.ark+=13960=t8ff3p39m	/works/OL5688211W	oclc	
OL5693601W	1	1	Britton of the Seventh;	1914	0.88	1.0	njp.32101067630101	/works/OL5693601W	oclc	
OL5693614W	1	1	On the old Kearsarge	1909	0.85	1.0	nyp.33433074929419	/works/OL5693614W	oclc	
OL5693621W	2	1	The better man	1910	0.88	1.0	nyp.33433074797527|uc2.ark+=13960=t39z9166g	/works/OL5693621W	oclc	
OL5693624W	1	1	The corner in coffee	1904	0.82	1.0	uc2.ark+=13960=t4zg6gk22	/works/OL5693624W	oclc	
OL5693626W	1	1	Hohenzollern;	1902	0.87	1.0	mdp.39015063542453	/works/OL5693626W	oclc	
OL5693628W	1	1	The island of the stairs	1913	0.89	1.0	uc2.ark+=13960=t10p0zd2w	/works/OL5693628W	oclc	
OL5693631W	1	1	The patriots;	1906	0.78	1.0	uc2.ark+=13960=t6930pg2s	/works/OL5693631W	oclc	
OL5693632W	1	1	Richard the Brazen	1906	0.89	1.0	nyp.33433081936852	/works/OL5693632W	oclc	
OL5693634W	1	1	Sir Henry Morgan, buccaneer;	1903	0.89	1.0	uc2.ark+=13960=fk3vt1gt0r	/works/OL5693634W	oclc	
OL5693636W	1	1	The sword hand of Napoleon;	1914	0.79	1.0	nyp.33433074797915	/works/OL5693636W	oclc	
OL5693639W	2	1	The West Wind	1912	0.89	1.0	nyp.33433074797881|uc2.ark+=13960=t8gf0qt7n	/works/OL5693639W	oclc	
OL5693641W	2	1	By the world forgot	1917	0.89	1.0	nyp.33433074797998|uc2.ark+=13960=t3cz32j95	/works/OL5693641W	oclc	
OL5693643W	3	1	The eagle of the empire;	1915	0.85	1.0	mdp.39015063542347|nyp.33433081936993|uc2.ark+=13960=t2n58cq8t	/works/OL5693643W	oclc	
OL5693644W	5	2	The grip of honor;	1900	0.88	1.0	njp.32101066120567|uc2.ark+=13960=t7vm43d76|nyp.33433074797964|uc1.b3321446|uc2.ark+=13960=t00000z67	/works/OL5693644W	oclc	
OL5693646W	1	1	The Quiberon touch;	1901	0.85	1.0	uc2.ark+=13960=t5r78637n	/works/OL5693646W	oclc	
OL5693649W	2	1	The two captains;	1905	0.81	1.0	nyp.33433074797907|uc2.ark+=13960=t40r9pp7h	/works/OL5693649W	oclc	
OL5693650W	3	1	When blades are out and love's afield;	1901	0.76	1.0	nc01.ark+=13960=t50g3q11r|nyp.33433074797873|uc2.ark+=13960=t53f4m486	/works/OL5693650W	oclc	
OL5693651W	2	1	Woven with the ship	1902	0.87	1.0	njp.32101066120526|uc2.ark+=13960=t6c24sh1s	/works/OL5693651W	oclc	
OL5693659W	2	2	The southerners	1903	0.85	1.0	nyp.33433074797923|uc1.b3322049	/works/OL5693659W	oclc	
OL5693661W	5	3	For the freedom of the sea;	1899	0.89	1.0	nyp.33433081936761|mdp.39015013147916|nyp.33433081936779|uc2.ark+=13960=t3901zt1m|uc1.b3322027	/works/OL5693661W	oclc	
OL5693662W	5	2	A little traitor to the South;	1904	0.87	1.0	mdp.39015063542446|njp.32101066120534|nyp.33433074807425|uc2.ark+=13960=t84j0br8m|uc2.ark+=13960=t0js9hc07	/works/OL5693662W	oclc	
OL5693691W	2	1	What I found out in the house of a German prince	1915	0.88	1.0	mdp.39015059427495|uc2.ark+=13960=t1kh0p68b	/works/OL5693691W	oclc	
OL5705374W	1	1	Taking the count	1915	0.89	1.0	uc2.ark+=13960=t24b2xf75	/works/OL5705374W	oclc	
OL5705375W	1	1	Fore!	1918	0.88	1.0	uc2.ark+=13960=t0vq2sb0j	/works/OL5705375W	oclc	
OL5714151W	3	1	The seeker	1904	0.8	1.0	mdp.39015063975315|nyp.33433076063357|uc2.ark+=13960=t82j69m1p	/works/OL5714151W	oclc	
OL5714152W	2	1	The lions of the Lord	1903	0.83	1.0	mdp.39015063975174|uc2.ark+=13960=t7qn60p1h	/works/OL5714152W	oclc	
OL5714156W	2	1	Ma Pettengill	1919	0.86	1.0	mdp.39015063975182|nyp.33433076063050	/works/OL5714156W	oclc	
OL5714159W	3	2	The spenders;	1902	0.89	1.0	mdp.39015039402444|uc2.ark+=13960=t93776j8s|uc2.ark+=13960=t5j961h8h	/works/OL5714159W	oclc	
OL5714160W	4	3	Ruggles of Red Gap	1915	0.89	1.0	uc2.ark+=13960=fk8kd1r25j|nyp.33433075770101|uc1.b5250377|uva.x000983085	/works/OL5714160W	oclc	
OL5730120W	1	1	Stories from old French romance	1910	0.76	1.0	uc2.ark+=13960=t00z7417k	/works/OL5730120W	oclc	
OL5730383W	1	1	King-of the Khyber rifles	1916	0.82	1.0	uva.x000279479	/works/OL5730383W	oclc	
OL5730420W	1	1	The eye of Zeitoon	1920	0.88	1.0	uc2.ark+=13960=t9k35vd44	/works/OL5730420W	oclc	
OL573162W	4	2	Mothwise	1921	0.77	1.0	uc2.ark+=13960=t17m0gv5v|mdp.39015030027752|njp.32101020947345|uc1.b4965048	/works/OL573162W	oclc	
OL573170W	3	1	Wanderers	1922	0.83	1.0	mdp.39015005191039|uc2.ark+=13960=t3zs2ns43|uiuo.ark+=13960=t1kh0ht6c	/works/OL573170W	oclc	
OL573187W	2	1	Shallow soil	1914	0.83	1.0	mdp.39015055223419|uiuo.ark+=13960=t4zg6k76r	/works/OL573187W	oclc	
OL573191W	6	2	Growth of the soil	1920	0.9	1.0	uiuo.ark+=13960=t17m0741m|mdp.39015011693770|mdp.39015048787207|mdp.39015048787405|uc2.ark+=13960=t38051h04|uc2.ark+=13960=t84j0f695	/works/OL573191W	oclc	
OL573192W	1	1	Pan	1921	0.81	1.0	mdp.39015004895861	/works/OL573192W	oclc	
OL573193W	4	3	Hunger	1899	0.82	1.0	uiuo.ark+=13960=t00z73x0f|uc1.32106002253448|mdp.39015002131418|mdp.39015005191013	/works/OL573193W	oclc	
OL5733866W	1	1	The favor of kings	1912	0.89	1.0	nyp.33433074797618	/works/OL5733866W	oclc	
OL5733878W	1	1	The wine of astonishment	1919	0.89	0.999	nyp.33433074797584	/works/OL5733878W	oclc	
OL5745653W	1	1	In the land of the gods;	1905	0.87	1.0	uc2.ark+=13960=t74t6gh9c	/works/OL5745653W	oclc	
OL576097W	3	1	The triumph of death	1896	0.8	1.0	nyp.33433075856603|uc1.b4225584|uiuo.ark+=13960=t3610zw5g	/works/OL576097W	oclc	
OL576153W	1	1	The maidens of the rocks	1898	0.67	1.0	mdp.39015001520389	/works/OL576153W	oclc	
OL576159W	2	1	Tales of my native town	1920	0.82	1.0	mdp.39015033472013|uc2.ark+=13960=t43r0t56g	/works/OL576159W	oclc	
OL576187W	2	1	The flame of life	1900	0.89	1.0	uc1.b4042694|uc2.ark+=13960=t18k7g37k	/works/OL576187W	oclc	
OL5777669W	8	4	The history of Sir Richard Calmady;	1901	0.9	1.0	mdp.39015026502941|nyp.33433074858097|uc2.ark+=13960=t3nv9hj1d|uc2.ark+=13960=t7vm4kp44|nyp.33433074857982|mdp.39015055294139|uc1.b3322595|uc2.ark+=13960=t4xg9pq9j	/works/OL5777669W	oclc	
OL5777682W	4	2	The far horizon	1906	0.89	1.0	njp.32101067937589|mdp.39015031901690|nyp.33433074850698|uc2.ark+=13960=t1gh9cp2g	/works/OL5777682W	oclc	
OL5780254W	1	1	The chase of the golden plate	1906	0.89	1.0	nyp.33433076090715	/works/OL5780254W	oclc	
OL5780329W	3	2	Anna Lombard	1905	0.89	1.0	uc2.ark+=13960=t1td9pw2z|nyp.33433074944830|uc2.ark+=13960=t2w37n86f	/works/OL5780329W	oclc	
OL5780330W	3	1	Daughters of heaven	1921	0.89	0.999	njp.32101066458330|nyp.33433074944988|uc2.ark+=13960=t5j96254h	/works/OL5780330W	oclc	
OL578251W	1	1	Gods and their makers	1897	0.84	1.0	nyp.33433074872049	/works/OL578251W	oclc	
OL578266W	2	1	The sheepfold;	1918	0.89	1.0	mdp.39015031236709|uc2.ark+=13960=t0000493x	/works/OL578266W	oclc	
OL578303W	2	1	The field of clover	1898	0.87	1.0	uc1.b3578776|uc2.ark+=13960=t04x54z9s	/works/OL578303W	oclc	
OL578308W	1	1	Moonshine & clover	1922	0.89	1.0	uc2.ark+=13960=t3416x052	/works/OL578308W	oclc	
OL579292W	1	1	A pilgrimage to Beethoven	1897	0.8	0.999	uiuo.ark+=13960=t9280kw7q	/works/OL579292W	oclc	
OL5848177W	1	1	Dave Darrin on Mediterranean service	1919	0.67	1.0	nyp.33433082547906	/works/OL5848177W	oclc	
OL5869041W	1	1	The green republic	1902	0.68	0.999	wu.89095863064	/works/OL5869041W	oclc	
OL5916042W	1	1	Jaspar Tristram	1899	0.89	1.0	nnc1.1002266326	/works/OL5916042W	oclc	
OL5916052W	1	1	A Peakland faggot;	1897	0.86	1.0	uc2.ark+=13960=t0cv4j94x	/works/OL5916052W	oclc	
OL5916179W	1	1	Mrs. Peixada	1886	0.89	1.0	uc1.b249252	/works/OL5916179W	oclc	
OL5916183W	1	1	Mademoiselle Miss, and other stories	1893	0.86	0.998	uc2.ark+=13960=t6xw49g09	/works/OL5916183W	oclc	
OL5916184W	3	2	As it was written	1900	0.89	1.0	uc2.ark+=13960=t14m91m3v|mdp.39015014801909|uc1.b249248	/works/OL5916184W	oclc	
OL5916185W	2	1	The lady paramount	1902	0.89	1.0	mdp.39015063919248|uc2.ark+=13960=t2z31pn07	/works/OL5916185W	oclc	
OL5916186W	2	1	Grey roses	1906	0.89	1.0	uc2.ark+=13960=t56d5pr3n|uc2.ark+=13960=t7kp7vc38	/works/OL5916186W	oclc	
OL5916188W	5	3	The cardinal's snuff-box	1900	0.89	1.0	uc2.ark+=13960=t1jh3dn19|mdp.39015063919230|uc1.b249256|uc2.ark+=13960=t6pz52w0p|mdp.39015063919222	/works/OL5916188W	oclc	
OL5944336W	1	1	The privateers	1907	0.89	1.0	uc2.ark+=13960=t3028r67h	/works/OL5944336W	oclc	
OL5946601W	1	1	The heiress of Carrigmona	1887	0.89	1.0	wu.89098022171	/works/OL5946601W	oclc	
OL5948112W	2	1	The definite object;	1917	0.83	1.0	nyp.33433075761738|uc2.ark+=13960=t76t0hn6g	/works/OL5948112W	oclc	
OL5948115W	4	1	The broad highway	1911	0.89	1.0	mdp.39015011414011|nyp.33433075761134|nyp.33433075761506|uc2.ark+=13960=t9x060k0j	/works/OL5948115W	oclc	
OL5958056W	1	1	Katy Gaumer	1915	0.88	1.0	uc2.ark+=13960=t0zp3wv2f	/works/OL5958056W	oclc	
OL5958066W	3	1	Gettysburg;	1913	0.84	1.0	nyp.33433075756456|nyp.33433076039514|uc2.ark+=13960=t1mg7gt2n	/works/OL5958066W	oclc	
OL5958310W	1	1	With Carrington on the Bozeman road	1912	0.86	1.0	mdp.39015063919073	/works/OL5958310W	oclc	
OL5958311W	1	1	With Sully into the Sioux land	1910	0.86	1.0	nyp.33433082548037	/works/OL5958311W	oclc	
OL5959547W	3	2	Pardners	1909	0.89	1.0	uc1.b3346200|uc2.ark+=13960=t01z42q9v|uc2.ark+=13960=t51g0j86d	/works/OL5959547W	oclc	
OL5959551W	2	1	The silver horde;	1909	0.82	1.0	nyp.33433074837448|uc2.ark+=13960=t3125rj37	/works/OL5959551W	oclc	
OL5959552W	3	1	The spoilers	1906	0.84	1.0	mdp.39015030855830|njp.32101067629624|uc1.b4097883	/works/OL5959552W	oclc	
OL5959554W	3	1	Too fat to fight	1919	0.81	1.0	nyp.33433082485891|uc2.ark+=13960=t71v5c23f|wu.89087922944	/works/OL5959554W	oclc	
OL5959570W	2	1	The auction block	1914	0.84	1.0	nyp.33433074837299|uc2.ark+=13960=t9765b626	/works/OL5959570W	oclc	
OL5959578W	4	2	The barrier	1908	0.89	1.0	uc2.ark+=13960=t02z13n44|mdp.39015030855798|nyp.33433074837349|uc2.ark+=13960=t4th8c03j	/works/OL5959578W	oclc	
OL5959580W	2	1	The iron trail;	1913	0.89	1.0	mdp.39015030855814|nyp.33433074837398	/works/OL5959580W	oclc	
OL5960293W	1	1	The hermit of Turkey Hollow	1921	0.83	1.0	nyp.33433076073190	/works/OL5960293W	oclc	
OL5960299W	1	1	The butler's story;	1912	0.5	1.0	uc2.ark+=13960=t3dz05m61	/works/OL5960299W	oclc	
OL5960308W	6	1	The earthquake	1918	0.58	1.0	loc.ark+=13960=t8gf19p59|mdp.39015063613361|mdp.39015063613379|nyp.33433081572863|uc2.ark+=13960=t0bv7c28g|uc2.ark+=13960=t2h709220	/works/OL5960308W	oclc	
OL5960311W	3	2	The confessions of Artemas Quibble;	1922	0.78	1.0	nyp.33433076073174|uc2.ark+=13960=t9765df7k|mdp.39015014568821	/works/OL5960311W	oclc	
OL5960421W	2	2	The wonderful adventures of Phra the Phœnician	1890	0.9	1.0	uva.x030809789|mdp.39015035490344	/works/OL5960421W	oclc	
OL5969181W	2	1	Mistress Joy;	1901	0.89	1.0	nyp.33433074846589|uc2.ark+=13960=t94747f62	/works/OL5969181W	oclc	
OL5969184W	1	1	Their first formal call	1906	0.76	0.996	uc2.ark+=13960=t87h1fc20	/works/OL5969184W	oclc	
OL5969185W	2	1	The power and the glory	1910	0.89	1.0	nyp.33433074846571|uc2.ark+=13960=t7wm1496z	/works/OL5969185W	oclc	
OL5982867W	3	1	The skipper and the skipped;	1911	0.9	1.0	mdp.39015063548054|nyp.33433074840509|uc2.ark+=13960=t3nv99m0b	/works/OL5982867W	oclc	
OL5982868W	2	1	Where your treasure is;	1917	0.84	1.0	nyp.33433074840525|uc2.ark+=13960=t83j3c64r	/works/OL5982868W	oclc	
OL5982869W	3	2	The red lane;	1912	0.89	1.0	nyp.33433074840442|uc2.ark+=13960=t7zk5669p|uc2.ark+=13960=t4th8bw5r	/works/OL5982869W	oclc	
OL5982875W	2	1	When Egypt went broke	1921	0.89	1.0	uc2.ark+=13960=t84j0bh32|uva.x001807240	/works/OL5982875W	oclc	
OL5994366W	2	1	Congressman Pumphrey, the people's friend	1907	0.79	1.0	mdp.39015065441449|uc2.ark+=13960=t1pg1ks95	/works/OL5994366W	oclc	
OL6016713W	3	1	Fulfillment;	1916	0.89	1.0	nyp.33433074795091|uc1.b4103013|uc2.ark+=13960=fk0000011t	/works/OL6016713W	oclc	
OL6016717W	3	2	Other things being equal	1916	0.89	1.0	uc1.b3327497|uc2.ark+=13960=t16m34365|uc2.ark+=13960=t3st7fp3g	/works/OL6016717W	oclc	
OL6020761W	1	1	Hidden sunbeams	1886	0.88	1.0	nnc1.cr60028963	/works/OL6020761W	oclc	
OL6021484W	1	1	The parson's proxy	1896	0.88	0.999	nyp.33433076071285	/works/OL6021484W	oclc	
OL6033112W	1	1	The yellow wave	1895	0.89	1.0	nnc1.0037468448	/works/OL6033112W	oclc	
OL6038058W	1	1	Romances and epics of our northern ancestors	1907	0.8	0.999	nyp.33433075786099	/works/OL6038058W	oclc	
OL6038060W	1	1	Romances and epics of our northern ancestors, Norse, Celt and Teuton;	1906	0.8	0.997	mdp.39015042856206	/works/OL6038060W	oclc	
OL6038064W	1	1	Epics and romances of the middle ages	1884	0.78	0.995	wu.89094590338	/works/OL6038064W	oclc	
OL6048352W	2	2	Stamboul nights	1922	0.88	1.0	nyp.33433074851993|uc2.ark+=13960=t2x34ns3w	/works/OL6048352W	oclc	
OL6048440W	1	1	Azalim	1904	0.78	0.999	uc2.ark+=13960=t5n874w94	/works/OL6048440W	oclc	
OL6058771W	2	1	The chief of the ranges	1913	0.89	1.0	nyp.33433082520903|uc2.ark+=13960=t6542m54r	/works/OL6058771W	oclc	
OL6058779W	1	1	Rod of the lone patrol	1916	0.89	1.0	nyp.33433082520887	/works/OL6058779W	oclc	
OL6099880W	1	1	Emerald and ermine;	1907	0.89	1.0	nyp.33433074954565	/works/OL6099880W	oclc	
OL6101359W	1	1	The swindler, and other stories	1920	0.9	1.0	uc2.ark+=13960=t17m05d2v	/works/OL6101359W	oclc	
OL6101381W	1	1	The lamp in the desert	1919	0.89	1.0	uc2.ark+=13960=t3qv3dg23	/works/OL6101381W	oclc	
OL6101382W	2	1	The bars of iron	1916	0.89	1.0	mdp.39015063941861|uc2.ark+=13960=t6nz81394	/works/OL6101382W	oclc	
OL6101935W	1	1	The shadow of the east	1921	0.84	1.0	uc2.ark+=13960=t84j0dp72	/works/OL6101935W	oclc	
OL6108462W	1	1	Three pretty men	1916	0.87	1.0	mdp.39015063511037	/works/OL6108462W	oclc	
OL6108463W	2	1	Three sons and a mother	1916	0.9	1.0	njp.32101066121268|uc2.ark+=13960=t6xw4b18r	/works/OL6108463W	oclc	
OL6108466W	3	3	Old Mole;	1917	0.87	0.999	uc2.ark+=13960=t0ns0q38h|nyp.33433074935432|uc2.ark+=13960=t4fn12w29	/works/OL6108466W	oclc	
OL6108469W	2	2	Time and eternity	1920	0.88	1.0	mdp.39015063511045|uc2.ark+=13960=t9g44m417	/works/OL6108469W	oclc	
OL6108474W	1	1	Mendel;	1916	0.84	1.0	uc2.ark+=13960=t6pz5370k	/works/OL6108474W	oclc	
OL61173W	3	2	Cloud castle and other papers	1922	0.79	1.0	mdp.39015032118260|uc2.ark+=13960=t6d21tv0c|uc2.ark+=13960=t6930qq2b	/works/OL61173W	oclc	
OL61325W	2	1	Viennese idylls	1913	0.82	1.0	uc1.b4088354|uc2.ark+=13960=t1ng4q86g	/works/OL61325W	oclc	
OL61425W	2	1	Casanova's homecoming	1922	0.83	1.0	mdp.39015019197618|mdp.39015030144748	/works/OL61425W	oclc	
OL6150333W	1	1	A handful of silver	1902	0.73	0.999	nyp.33433076041932	/works/OL6150333W	oclc	
OL61506W	2	1	The Eskimo twins	1914	0.8	0.999	uc2.ark+=13960=t2x34ps4s|uva.x002015397	/works/OL61506W	oclc	
OL6150968W	5	3	Her majesty the king;	1902	0.86	1.0	mdp.39015022676152|nyp.33433076054158|nyp.33433076054141|uc2.ark+=13960=t7zk56794|uc2.ark+=13960=t50g3hj0h	/works/OL6150968W	oclc	
OL6154288W	1	1	The Magyar	1911	0.89	0.999	uc2.ark+=13960=t1rf5kg9x	/works/OL6154288W	oclc	
OL6189475W	2	1	The gentle lover	1913	0.89	1.0	njp.32101065705608|uc2.ark+=13960=t3rv0jw1t	/works/OL6189475W	oclc	
OL6189499W	1	1	The garden god	1906	0.83	1.0	mdp.39015014757473	/works/OL6189499W	oclc	
OL619317W	1	1	The haunted bookshop	1919	0.87	0.999	uc2.ark+=13960=t9959df6w	/works/OL619317W	oclc	
OL619414W	1	1	In the sweet dry and dry	1919	0.66	0.999	uc2.ark+=13960=t19k46r8f	/works/OL619414W	oclc	
OL619427W	3	2	Where the blue begins	1922	0.89	1.0	uc2.ark+=13960=t7xk85q6c|nyp.33433074806138|uc2.ark+=13960=t8qb9wk36	/works/OL619427W	oclc	
OL619428W	2	2	Parnassus on wheels	1920	0.86	1.0	nyp.33433076045222|uc1.b4430997	/works/OL619428W	oclc	
OL6196061W	1	1	Yarns of the Southwest	1921	0.72	1.0	uc2.ark+=13960=t2j679h7v	/works/OL6196061W	oclc	
OL6208747W	2	1	Hell's hatches	1921	0.89	1.0	njp.32101063691198|uc2.ark+=13960=t3kw5b364	/works/OL6208747W	oclc	
OL6211550W	2	1	The youngest world;	1914	0.9	1.0	nyp.33433074861877|uc2.ark+=13960=t79s1pf6t	/works/OL6211550W	oclc	
OL6213266W	3	1	Young Alaskans in the far North	1918	0.8	1.0	nyp.33433082543277|uc1.b3331893|uc2.ark+=13960=t5v69j23c	/works/OL6213266W	oclc	
OL6213273W	2	1	The lady and the pirate	1913	0.89	1.0	nyp.33433076064850|uc2.ark+=13960=t1fj2bf9p	/works/OL6213273W	oclc	
OL6213275W	2	1	Maw's vacation	1921	0.86	1.0	njp.32101068170503|uc2.ark+=13960=t13n20r5k	/works/OL6213275W	oclc	
OL6213280W	1	1	The way out	1918	0.88	1.0	wu.89099755571	/works/OL6213280W	oclc	
OL6213282W	2	1	The young Alaskans	1908	0.89	0.998	nyp.33433076065154|uc2.ark+=13960=fk84j0bf4k	/works/OL6213282W	oclc	
OL6213287W	1	1	The magnificent adventure;	1916	0.88	0.999	uc2.ark+=13960=t75t3hd5p	/works/OL6213287W	oclc	
OL6213294W	2	1	The way of a man	1907	0.89	0.999	nyp.33433076065162|uc2.ark+=13960=t48p5wg3n	/works/OL6213294W	oclc	
OL6213295W	1	1	54-40 or fight	1909	0.86	1.0	mdp.39015063923844	/works/OL6213295W	oclc	
OL6213296W	3	2	The covered wagon	1922	0.9	1.0	njp.32101068170511|uc2.ark+=13960=t4vh5dn63|mdp.39015063923851	/works/OL6213296W	oclc	
OL6213297W	2	1	Heart's Desire	1905	0.89	1.0	mdp.39015063923877|uc2.ark+=13960=t84j0bj7f	/works/OL6213297W	oclc	
OL6213298W	1	1	The Mississippi bubble	1902	0.86	0.999	uc2.ark+=13960=t8tb0zk8z	/works/OL6213298W	oclc	
OL6213299W	1	1	The law of the land	1904	0.87	0.999	uc2.ark+=13960=t82j6bk24	/works/OL6213299W	oclc	
OL6216538W	1	1	For Maryland's honor	1922	0.72	1.0	nyp.33433074832209	/works/OL6216538W	oclc	
OL6224064W	2	1	Under the eagle's wing	1899	0.8	1.0	uc1.b3327386|uc2.ark+=13960=t1bk1g082	/works/OL6224064W	oclc	
OL626369W	1	1	Nonsense novels	1922	0.78	0.999	njp.32101068583614	/works/OL626369W	oclc	
OL626383W	3	2	Sunshine sketches of a little town	1912	0.8	1.0	loc.ark+=13960=t2988tc18|mdp.39015000638018|uc2.ark+=13960=t3st7hz89	/works/OL626383W	oclc	
OL626470W	2	1	Moonbeams from the larger lunacy	1915	0.67	1.0	loc.ark+=13960=t62526m3j|uc2.ark+=13960=t04x57c02	/works/OL626470W	oclc	
OL626471W	7	2	Arcadian adventures with the idle rich	1920	0.86	1.0	uc1.b3324346|uc2.ark+=13960=t7vm4bh1j|loc.ark+=13960=t8df7b704|mdp.39015000636665|nyp.33433074877899|uc1.b3324345|uc2.ark+=13960=t7rn33d1b	/works/OL626471W	oclc	
OL628367W	1	1	Star;	1922	0.59	1.0	uc2.ark+=13960=t7rn31300	/works/OL628367W	oclc	
OL629339W	1	1	Romantic legends of Spain	1909	0.59	1.0	uc2.ark+=13960=t0bv7n11z	/works/OL629339W	oclc	
OL63047W	1	1	Men at war	1912	0.54	1.0	mdp.39015079728443	/works/OL63047W	oclc	
OL6321071W	1	1	The outlaws	1902	0.89	1.0	uc2.ark+=13960=t80k2990c	/works/OL6321071W	oclc	
OL63508W	1	1	One of life's slaves	1895	0.83	0.999	uc2.ark+=13960=t1bk1759w	/works/OL63508W	oclc	
OL6355078W	1	1	Cadets of Gascony	1904	0.88	0.999	nyp.33433076022304	/works/OL6355078W	oclc	
OL6355090W	1	1	Little comrade;	1915	0.82	1.0	nyp.33433076022353	/works/OL6355090W	oclc	
OL6355100W	2	1	The girl from Alsace	1915	0.88	1.0	nyp.33433082485347|uc2.ark+=13960=t1rf5kq54	/works/OL6355100W	oclc	
OL6355104W	1	1	The Marathon mystery	1904	0.88	1.0	nyp.33433076022346	/works/OL6355104W	oclc	
OL6367175W	2	1	The facetious nights of Straparola	1901	0.88	1.0	wu.89008442535|wu.89008442543	/works/OL6367175W	oclc	
OL6369136W	1	1	Morven	1911	0.72	0.998	umn.319510024583613	/works/OL6369136W	oclc	
OL6369141W	1	1	Hemlock;	1890	0.52	1.0	uc1.b4105315	/works/OL6369141W	oclc	
OL637731W	2	1	The mystery of the lost dauphin (Louis XVII)	1906	0.73	1.0	mdp.39015024861869|nyp.33433075866545	/works/OL637731W	oclc	
OL63888W	1	1	Rip Van Winkle, and other sketches	1882	0.89	1.0	nyp.33433076076508	/works/OL63888W	oclc	
OL63939W	3	1	Stories of the Hudson	1912	0.77	1.0	loc.ark+=13960=t2794z61w|uc1.b3575846|uc2.ark+=13960=t8df6vs61	/works/OL63939W	oclc	
OL6407537W	1	1	The trail of the elk	1922	0.8	1.0	uc2.ark+=13960=t7cr5r04n	/works/OL6407537W	oclc	
OL6425782W	1	1	Bush studies	1902	0.87	0.999	nyp.33433074937370	/works/OL6425782W	oclc	
OL643466W	3	1	Romances of old France	1905	0.56	1.0	nyp.33433082534144|uc1.b3749980|uc2.ark+=13960=t9183f39j	/works/OL643466W	oclc	
OL643469W	4	2	An old country house	1902	0.73	1.0	nyp.33433074923115|uc2.ark+=13960=t70v8dp85|nyp.33433074878111|uc2.ark+=13960=t87h1jz59	/works/OL643469W	oclc	
OL643473W	3	1	Old love stories retold	1904	0.57	1.0	nyp.33433067277479|uc1.b4105452|uc2.ark+=13960=t3cz3d04q	/works/OL643473W	oclc	
OL643483W	3	2	Pieces of eight	1918	0.89	1.0	uc2.ark+=13960=t8nc5zh2v|uc1.b3324569|uc2.ark+=13960=t8cf9sx98	/works/OL643483W	oclc	
OL64369W	1	1	Crome yellow	1921	0.88	1.0	mdp.39015046801612	/works/OL64369W	oclc	
OL6438822W	1	1	Love insurance	1914	0.89	1.0	nyp.33433074841960	/works/OL6438822W	oclc	
OL6438828W	1	1	The agony column	1916	0.82	1.0	uc1.b3728033	/works/OL6438828W	oclc	
OL6455014W	2	1	The poems and stories of Fitz-James O'Brien	1881	0.64	1.0	mdp.39015014611142|uc2.ark+=13960=t8pc2vf2w	/works/OL6455014W	oclc	
OL6455712W	1	1	God's remnants;	1916	0.89	1.0	mdp.39015063549771	/works/OL6455712W	oclc	
OL6455717W	2	1	Sons of the covenant;	1900	0.9	1.0	mdp.39015006979127|uc2.ark+=13960=t28914v62	/works/OL6455717W	oclc	
OL646999W	5	2	Dodo's daughter;	1914	0.84	1.0	uc1.b3811095|mdp.39015011883090|uc1.$b792441|uc2.ark+=13960=t9z032g3n|wu.89094356615	/works/OL646999W	oclc	
OL647049W	1	1	Daisy's aunt	1910	0.89	0.999	mdp.39015041540140	/works/OL647049W	oclc	
OL647055W	2	2	The image in the sand	1905	0.9	1.0	mdp.39015008871199|nyp.33433074926852	/works/OL647055W	oclc	
OL647059W	3	2	The luck of the Vails;	1901	0.9	1.0	mdp.39015031224598|nyp.33433074926886|nyp.33433074926894	/works/OL647059W	oclc	
OL647062W	1	1	Mr. Teddy	1917	0.85	1.0	njp.32101064787680	/works/OL647062W	oclc	
OL647068W	3	2	The relentless city	1903	0.89	1.0	nyp.33433074926969|uc1.b4103965|uc2.ark+=13960=t9r21419m	/works/OL647068W	oclc	
OL647074W	1	1	The vintage;	1898	0.89	1.0	uc2.ark+=13960=t6qz26x3d	/works/OL647074W	oclc	
OL647080W	3	2	The Challoners	1904	0.89	1.0	nyp.33433074926795|uc2.ark+=13960=t15m6775j|nyp.33433074926787	/works/OL647080W	oclc	
OL647083W	2	1	David Blaze and the blue door	1919	0.88	0.999	uc1.b4101450|uc2.ark+=13960=t1pg1v74w	/works/OL647083W	oclc	
OL647086W	1	1	The house of defence	1906	0.89	1.0	mdp.39015012076645	/works/OL647086W	oclc	
OL647093W	1	1	Mrs. Ames	1912	0.9	1.0	mdp.39015000599897	/works/OL647093W	oclc	
OL647099W	2	1	Thorley Weir	1913	0.89	1.0	mdp.39015041358733|nyp.33433074927009	/works/OL647099W	oclc	
OL647100W	3	1	Up and down	1918	0.67	1.0	nyp.33433082486048|uc1.$b385214|uc2.ark+=13960=t9x061x7t	/works/OL647100W	oclc	
OL647118W	2	2	David Blaize	1920	0.84	1.0	njp.32101001758554|nyp.33433074926811	/works/OL647118W	oclc	
OL647119W	1	1	The Oakleyites	1915	0.88	1.0	nyp.33433074926928	/works/OL647119W	oclc	
OL647124W	3	2	The freaks of Mayfair	1916	0.81	1.0	uc1.b4103972|uc2.ark+=13960=t1cj8g82c|njp.32101042853976	/works/OL647124W	oclc	
OL647126W	3	2	The Babe, B.A	1896	0.89	1.0	uc2.ark+=13960=t7fq9rw7j|uc1.b3136561|uc2.ark+=13960=t05x2d532	/works/OL647126W	oclc	
OL647128W	1	1	Michael	1916	0.9	1.0	nyp.33433074926910	/works/OL647128W	oclc	
OL647130W	2	1	The blotting book	1908	0.84	1.0	uc2.ark+=13960=t14m9dd9m|uva.x001177949	/works/OL647130W	oclc	
OL647133W	1	1	"""Queen Lucia"""	1920	0.84	1.0	nyp.33433074926712	/works/OL647133W	oclc	
OL6474615W	1	1	A loose rein	1887	0.89	0.999	wu.89054838123	/works/OL6474615W	oclc	
OL6503056W	1	1	Under the vierkleur;	1904	0.87	1.0	uc2.ark+=13960=t6xw49f0v	/works/OL6503056W	oclc	
OL651950W	3	2	A sea turn	1902	0.85	1.0	nyp.33433082170816|mdp.39015030843687|uc2.ark+=13960=t7hq3t96m	/works/OL651950W	oclc	
OL651968W	1	1	Marjorie Daw	1885	0.89	1.0	uc2.ark+=13960=t0tq5rh5m	/works/OL651968W	oclc	
OL651969W	2	2	Marjorie Daw and other stories	1885	0.89	1.0	uc2.ark+=13960=t2j679b5n|mdp.39015030843653	/works/OL651969W	oclc	
OL651972W	5	1	Two bites at a cherry	1894	0.81	1.0	nc01.ark+=13960=t9w09v923|uc1.b248045|uc2.ark+=13960=t0js9hd72|uc2.ark+=13960=t5q817f7x|uc2.ark+=13960=t8mc8s22s	/works/OL651972W	oclc	
OL65403W	1	1	The wandering dog;	1916	0.83	1.0	uva.x000856712	/works/OL65403W	oclc	
OL65404W	1	1	Deficient saints;	1899	0.88	1.0	mdp.39015063975117	/works/OL65404W	oclc	
OL65406W	2	1	Princess Sukey	1905	0.84	1.0	nyp.33433082284518|uc2.ark+=13960=t5p845r9x	/works/OL65406W	oclc	
OL65410W	2	1	The king of the park	1897	0.84	1.0	uc1.b60306|uc2.ark+=13960=t8pc2wq3c	/works/OL65410W	oclc	
OL65412W	4	3	Beautiful Joe	1896	0.84	1.0	uc1.b266928|uc2.ark+=13960=t2m61ff9x|coo.31924014559672|uva.x004061118	/works/OL65412W	oclc	
OL65440W	1	1	A night in Acadie	1897	0.89	1.0	nyp.33433074941026	/works/OL65440W	oclc	
OL65441W	1	1	Bayou folk	1894	0.84	1.0	uc1.32106002063532	/works/OL65441W	oclc	
OL6552091W	3	1	The chronicles of Castle Cloyne;	1885	0.82	1.0	uiuo.ark+=13960=t4pk0nr6k|uiuo.ark+=13960=t6251wg82|uiuo.ark+=13960=t8w95fm3z	/works/OL6552091W	oclc	
OL6556358W	2	1	Around the world in ten days	1922	0.83	1.0	njp.32101063691230|nyp.33433082303177	/works/OL6556358W	oclc	
OL6557421W	2	1	Fellow captains	1916	0.7	1.0	loc.ark+=13960=t3mw30s70|nyp.33433074798012	/works/OL6557421W	oclc	
OL6557424W	1	1	A turnpike lady	1907	0.88	1.0	uc2.ark+=13960=t5q815b49	/works/OL6557424W	oclc	
OL6557425W	1	1	Blue-grass and Broadway	1919	0.89	1.0	nyp.33433074951926	/works/OL6557425W	oclc	
OL6557431W	2	1	Out of a clear sky;	1917	0.88	1.0	nyp.33433074841739|uc2.ark+=13960=t89g5jm1p	/works/OL6557431W	oclc	
OL6557433W	3	1	The matrix	1920	0.88	1.0	nyp.33433074841713|uc2.ark+=13960=t1td9nc58|uiuo.ark+=13960=t6g161h0j	/works/OL6557433W	oclc	
OL6557435W	1	1	The heart's kingdom	1917	0.83	1.0	nyp.33433074845946	/works/OL6557435W	oclc	
OL6557438W	3	1	The golden bird	1918	0.89	1.0	mdp.39015063546371|nyp.33433074845953|uc2.ark+=13960=t78s4mb4h	/works/OL6557438W	oclc	
OL6557440W	1	1	The road to Providence	1910	0.83	1.0	uc2.ark+=13960=t87h1gq4v	/works/OL6557440W	oclc	
OL6557441W	3	1	The tinder-box	1913	0.83	0.999	nyp.33433074841721|uc2.ark+=13960=t5x63bm4w|uc2.ark+=13960=t84j0bh6h	/works/OL6557441W	oclc	
OL6557514W	2	1	A transplanted rose	1882	0.89	1.0	mdp.39015063963618|nyp.33433076081672	/works/OL6557514W	oclc	
OL6559948W	2	1	Tales of Irish life and character;	1910	0.87	1.0	uc1.b3322322|uc2.ark+=13960=t2m61cz6c	/works/OL6559948W	oclc	
OL6561017W	2	2	Si Klegg	1910	0.88	1.0	uc2.ark+=13960=t80k2754p|uc2.ark+=13960=t94747j7w	/works/OL6561017W	oclc	
OL6561018W	1	1	The red acorn	1883	0.89	1.0	nc01.ark+=13960=t4fn1st23	/works/OL6561018W	oclc	
OL6563249W	3	1	The Spinners' book of fiction	1907	0.85	1.0	mdp.39015031010765|nyp.33433082295753|uc2.ark+=13960=t3vt1hr41	/works/OL6563249W	oclc	
OL6566427W	1	1	Edmeé	1916	0.88	0.999	uc2.ark+=13960=t1bk1b19b	/works/OL6566427W	oclc	
OL6573593W	2	1	The clutch of circumstance	1918	0.89	1.0	nyp.33433074817374|uc2.ark+=13960=t2p55gv3m	/works/OL6573593W	oclc	
OL6579968W	2	1	Bond and free;	1886	0.83	1.0	njp.32101068170834|uc2.ark+=13960=t6k06z120	/works/OL6579968W	oclc	
OL6580517W	4	2	Partners of providence	1907	0.9	1.0	mdp.39015063956604|nyp.33433076062698|uc1.b3325103|uc2.ark+=13960=t84j0cd53	/works/OL6580517W	oclc	
OL6580518W	4	2	The fugitive blacksmith	1905	0.85	1.0	uc2.ark+=13960=t7sn08r4h|mdp.39015035855397|nyp.33433076062680|uc2.ark+=13960=t4cn70f3s	/works/OL6580518W	oclc	
OL6581007W	3	1	Beating sea and changeless bar	1905	0.71	1.0	mdp.39015063940038|uc1.b4105449|uc2.ark+=13960=fk54f1mv6b	/works/OL6581007W	oclc	
OL6585778W	1	1	The cords of vanity;	1920	0.88	1.0	mdp.39015030735784	/works/OL6585778W	oclc	
OL6585782W	3	3	Domnei;	1920	0.84	0.99	uc2.ark+=13960=t53f4mf3t|njp.32101068175262|nyp.33433074861810	/works/OL6585782W	oclc	
OL6585786W	2	1	The eagle's shadow	1904	0.81	0.999	uc1.b3144886|uc2.ark+=13960=t00z71v73	/works/OL6585786W	oclc	
OL6585787W	2	1	Figures of earth ;	1921	0.89	0.999	mdp.39015013395200|nyp.33433074861802	/works/OL6585787W	oclc	
OL6585798W	2	1	The line of love	1905	0.86	1.0	mdp.39015030728706|uc1.b3687273	/works/OL6585798W	oclc	
OL6585828W	1	1	The soul of Melicent	1913	0.7	0.997	loc.ark+=13960=t2t44jk5b	/works/OL6585828W	oclc	
OL6585854W	1	1	The certain hour	1917	0.77	1.0	uc2.ark+=13960=t4zg6gp1x	/works/OL6585854W	oclc	
OL6585858W	1	1	The rivet in grandfather's neck	1915	0.88	1.0	uc1.b3687276	/works/OL6585858W	oclc	
OL6585860W	6	2	Chivalry	1921	0.85	1.0	mdp.39015014816667|uc1.b3687266|uc1.b4097795|loc.ark+=13960=t5cc1vj9m|mdp.39015030735792|uc1.b3687265	/works/OL6585860W	oclc	
OL6587307W	1	1	The Madonna of the hills;	1921	0.89	1.0	nyp.33433074848098	/works/OL6587307W	oclc	
OL6587308W	3	1	Tales from a dugout	1918	0.77	1.0	nyp.33433082486188|uc2.ark+=13960=t0vq2sr79|uc2.ark+=13960=t8gf0np33	/works/OL6587308W	oclc	
OL6587352W	2	1	Tales of Dunstable Weir	1901	0.85	1.0	uc1.b3324637|uc2.ark+=13960=t18k75w8n	/works/OL6587352W	oclc	
OL6587357W	1	1	Idyls of the Gass	1901	0.84	1.0	mdp.39015063976073	/works/OL6587357W	oclc	
OL6588356W	1	1	Many kingdoms	1908	0.83	1.0	uc2.ark+=13960=t3kw5950q	/works/OL6588356W	oclc	
OL6588359W	1	1	May Iverson--her book	1904	0.89	1.0	uc2.ark+=13960=t55d8nx0v	/works/OL6588359W	oclc	
OL6590076W	2	2	The madness of Philip	1916	0.88	1.0	uc2.ark+=13960=t9t14zf8v|uc2.ark+=13960=t7rn30r8z	/works/OL6590076W	oclc	
OL6590078W	2	1	Smith college stories	1900	0.88	1.0	uc1.b299618|uc2.ark+=13960=t08w3908z	/works/OL6590078W	oclc	
OL6590116W	3	1	Five hundred dollars, and other stories of New England life	1887	0.89	1.0	mdp.39015063918687|nyp.33433074811930|uc2.ark+=13960=t3028rp5t	/works/OL6590116W	oclc	
OL6593172W	4	2	The harbor	1915	0.9	1.0	nyp.33433076055148|uc2.ark+=13960=fk6xw48663|mdp.39015030710860|uc2.ark+=13960=t4cn6zc71	/works/OL6593172W	oclc	
OL6595073W	2	1	First fruits in Korea;	1921	0.71	1.0	nyp.33433068275381|uc2.ark+=13960=t4dn4385x	/works/OL6595073W	oclc	
OL6596385W	2	1	A day with Felix Mendelssohn Bartholdy	1910	0.71	0.998	uc1.$b796031|uc2.ark+=13960=t3pv6jb2s	/works/OL6596385W	oclc	
OL6602291W	2	1	The southerner	1909	0.85	1.0	njp.32101068155447|uva.x000305267	/works/OL6602291W	oclc	
OL6602329W	2	1	Horses nine;	1903	0.86	1.0	uc2.ark+=13960=t1ng4h00h|uc2.ark+=13960=t4th8bz3p	/works/OL6602329W	oclc	
OL6605191W	1	1	Mariam	1906	0.8	0.999	nyp.33433076063928	/works/OL6605191W	oclc	
OL6605224W	1	1	In Simpkinsville	1899	0.82	0.999	nyp.33433074808845	/works/OL6605224W	oclc	
OL6607407W	4	1	Czechoslovak stories	1920	0.7	1.0	mdp.39015010741810|njp.32101067492890|nyp.33433021210210|uc2.ark+=13960=t38055693	/works/OL6607407W	oclc	
OL6608009W	3	2	The Duke of Cameron Avenue	1904	0.9	1.0	uc2.ark+=13960=t15m64z85|nnc1.1002157233|wu.89098010002	/works/OL6608009W	oclc	
OL6608010W	1	1	The painted scene	1916	0.89	1.0	nyp.33433076072887	/works/OL6608010W	oclc	
OL6608012W	3	1	An American family ;	1918	0.84	1.0	mdp.39015031307690|nyp.33433076058589|uc2.ark+=13960=t8df6mk4g	/works/OL6608012W	oclc	
OL6608015W	2	1	Joseph Greer and his daughter;	1922	0.9	1.0	nyp.33433076058571|uc2.ark+=13960=t3gx4572z	/works/OL6608015W	oclc	
OL6608017W	2	1	The banker and the bear;	1900	0.84	1.0	nyp.33433076058530|uc2.ark+=13960=t6445j665	/works/OL6608017W	oclc	
OL6608018W	2	1	The real adventure;	1916	0.85	1.0	mdp.39015031307658|uc2.ark+=13960=t8cf9jv1m	/works/OL6608018W	oclc	
OL6608125W	1	1	Frontier sketches	1893	0.87	1.0	nnc1.1002147149	/works/OL6608125W	oclc	
OL6608126W	2	1	Two wilderness voyagers;	1902	0.89	1.0	njp.32101068175411|uc2.ark+=13960=t15m62q48	/works/OL6608126W	oclc	
OL6608127W	3	1	The wooing of Tokala	1907	0.88	1.0	nyp.33433074862404|uc1.b3578747|uc2.ark+=13960=t7vm4cj1d	/works/OL6608127W	oclc	
OL6610132W	2	1	Tennessee sketches	1901	0.83	1.0	mdp.39015063939832|nyp.33433076024292	/works/OL6610132W	oclc	
OL6623210W	1	1	The head of a hundred in the colony of Virginia, 1622	1900	0.88	1.0	njp.32101066459528	/works/OL6623210W	oclc	
OL6623212W	1	1	Claims and counterclaims	1905	0.89	1.0	uc2.ark+=13960=t7wm16g80	/works/OL6623212W	oclc	
OL6623214W	1	1	Flint	1897	0.83	1.0	uc1.b251511	/works/OL6623214W	oclc	
OL6623217W	2	1	The head of a hundred	1897	0.82	1.0	uc1.b251512|uc2.ark+=13960=t1pg1mn5v	/works/OL6623217W	oclc	
OL6623218W	1	1	Sir Christopher;	1901	0.89	1.0	uc2.ark+=13960=t2r49h855	/works/OL6623218W	oclc	
OL6623219W	2	1	White aprons	1896	0.89	1.0	mdp.39015063549417|uc1.b119627	/works/OL6623219W	oclc	
OL662635W	1	1	I.N.R.I	1905	0.84	1.0	uiuo.ark+=13960=t69314878	/works/OL662635W	oclc	
OL6629216W	2	2	Victor Serenus;	1898	0.9	1.0	nyp.33433074794318|uc1.b4103027	/works/OL6629216W	oclc	
OL6635082W	1	1	Tippecanoe	1916	0.88	0.999	nyp.33433076075773	/works/OL6635082W	oclc	
OL66576W	4	3	Love and friendship	1922	0.8	1.0	mdp.39015008626528|mdp.39015066054175|njp.32101068581030|njp.32101068581048	/works/OL66576W	oclc	
OL6665526W	2	1	From the life;	1919	0.88	1.0	mdp.39015063946811|uc2.ark+=13960=t2z31q112	/works/OL6665526W	oclc	
OL6665548W	1	1	Cossack fairy tales and folk-tales	1894	0.83	1.0	uc2.ark+=13960=t1jh3f42g	/works/OL6665548W	oclc	
OL6671120W	2	1	The archbishop's unguarded moment and other stories	1899	0.87	1.0	nyp.33433082168968|uc2.ark+=13960=t3bz62k7g	/works/OL6671120W	oclc	
OL6672002W	1	1	Sir Mark;	1896	0.86	1.0	nyp.33433074848478	/works/OL6672002W	oclc	
OL6680146W	2	1	The feminine in fiction	1918	0.54	1.0	mdp.39015004288315|uc2.ark+=13960=t22b8z32b	/works/OL6680146W	oclc	
OL6680900W	1	1	Neighbors of ours;	1895	0.89	0.999	uc2.ark+=13960=t9n30638w	/works/OL6680900W	oclc	
OL6683063W	1	1	The fighting men	1917	0.88	0.999	nyp.33433082486089	/works/OL6683063W	oclc	
OL6689679W	2	2	Pete, cow-puncher	1908	0.89	1.0	nyp.33433082523972|uc2.ark+=13960=t6736pq9z	/works/OL6689679W	oclc	
OL6689706W	1	1	Wallingford in his prime	1913	0.89	1.0	mdp.39015059391691	/works/OL6689706W	oclc	
OL6689707W	1	1	The early bird;	1910	0.89	1.0	uc2.ark+=13960=t27942j1m	/works/OL6689707W	oclc	
OL6689708W	2	1	Young Wallingford	1910	0.9	1.0	nyp.33433074810627|uc2.ark+=13960=t9959dt2w	/works/OL6689708W	oclc	
OL6689710W	1	1	Get-rich-quick Wallingford	1908	0.9	1.0	uc2.ark+=13960=t0zp3x50x	/works/OL6689710W	oclc	
OL6689852W	2	1	The castle of twilight	1903	0.89	1.0	nyp.33433076053382|uc2.ark+=13960=t6833nj61	/works/OL6689852W	oclc	
OL6694919W	2	1	By beach and bog-land ;	1905	0.82	1.0	nyp.33433074936356|uc2.ark+=13960=t08w3bh7m	/works/OL6694919W	oclc	
OL6694921W	1	1	The founding of fortunes	1902	0.9	1.0	nyp.33433074936331	/works/OL6694921W	oclc	
OL6694925W	2	1	Irish ways	1909	0.81	1.0	uc1.b3579189|uc2.ark+=13960=t3jw8h11q	/works/OL6694925W	oclc	
OL6694926W	3	2	Maureen's fairing, and other stories	1895	0.82	1.0	uc1.b249544|uc2.ark+=13960=t54f1qb4c|pst.000006546564	/works/OL6694926W	oclc	
OL6694929W	4	2	Irish idylls	1893	0.79	1.0	nyp.33433074936323|uc1.b249537|uc2.ark+=13960=t8kd23w1j|uc2.ark+=13960=t71v5fp4t	/works/OL6694929W	oclc	
OL6694930W	3	2	A creel of Irish stories	1899	0.86	1.0	nyp.33433074936349|mdp.39015005912830|uc1.b3322314	/works/OL6694930W	oclc	
OL6694931W	2	2	Strangers at Lisconnel	1896	0.89	1.0	uc2.ark+=13960=t3416vc17|nyp.33433074936315	/works/OL6694931W	oclc	
OL6695418W	3	1	Seed of the sun	1921	0.9	1.0	mdp.39015027238008|nyp.33433076087596|uc2.ark+=13960=t5z60d85w	/works/OL6695418W	oclc	
OL6696085W	2	1	Old times in middle Georgia	1897	0.89	1.0	mdp.39015005768083|uc1.b4102163	/works/OL6696085W	oclc	
OL6696089W	1	1	Mr. Absalom Billingslea	1888	0.89	1.0	mdp.39015004863943	/works/OL6696089W	oclc	
OL6696090W	1	1	Mr. Billy Downs and his likes	1892	0.81	1.0	njp.32101068970407	/works/OL6696090W	oclc	
OL6697756W	1	1	The snowball	1895	0.79	0.999	nyp.33433075767107	/works/OL6697756W	oclc	
OL6697758W	2	2	Count Hannibal;	1901	0.89	1.0	mdp.39015063974946|uc2.ark+=13960=t8ff3tr89	/works/OL6697758W	oclc	
OL6697761W	3	1	A little wizard	1895	0.89	1.0	mdp.39015063975000|nyp.33433081962817|uc2.ark+=13960=t4qj7bf5z	/works/OL6697761W	oclc	
OL6697779W	4	2	A gentleman of France;	1894	0.89	1.0	uc2.ark+=13960=t8tb1277m|uc2.ark+=13960=t0ft8p04b|uc2.ark+=13960=t16m3bj9x|uc2.ark+=13960=t7vm4bq74	/works/OL6697779W	oclc	
OL6697782W	1	1	My Lady Rotha;	1894	0.88	1.0	mdp.39015063975018	/works/OL6697782W	oclc	
OL6697784W	3	2	The castle inn	1898	0.89	1.0	uc2.ark+=13960=t5db8320h|mdp.39015063974938|uc2.ark+=13960=t73t9ss7j	/works/OL6697784W	oclc	
OL6697785W	4	2	The house of the wolf	1910	0.89	1.0	uc1.b3327272|uc2.ark+=13960=t9k35w75s|mdp.39015063974987|uc2.ark+=13960=t0ms3s15t	/works/OL6697785W	oclc	
OL6697786W	4	2	Under the red robe	1897	0.89	1.0	uc1.b3327489|uc2.ark+=13960=t81j9h604|mdp.39015065801915|uc2.ark+=13960=t2f768k9b	/works/OL6697786W	oclc	
OL6698043W	4	2	A teacher of the violin and other tales	1891	0.88	1.0	uc2.ark+=13960=t4pk0cx70|mdp.39015063975471|uc1.b3327432|uc2.ark+=13960=t2p55mz5k	/works/OL6698043W	oclc	
OL6698047W	1	1	The Countess Eve	1888	0.87	1.0	uc2.ark+=13960=t2g738q1f	/works/OL6698047W	oclc	
OL6698884W	2	2	Norseland tales	1899	0.89	1.0	uc2.ark+=13960=t6xw48c4g|uc2.ark+=13960=t6g15v65g	/works/OL6698884W	oclc	
OL6698889W	1	1	The modern vikings	1915	0.88	1.0	uc2.ark+=13960=t0rr1s05h	/works/OL6698889W	oclc	
OL6698893W	2	1	Boyhood in Norway;	1899	0.88	1.0	uc1.b3331815|uc2.ark+=13960=t80k2gb2v	/works/OL6698893W	oclc	
OL6698916W	1	1	The man of iron	1915	0.78	1.0	nyp.33433074859236	/works/OL6698916W	oclc	
OL6698918W	2	1	That which hath wings;	1918	0.79	1.0	nyp.33433082485594|uc2.ark+=13960=t0bv7h208	/works/OL6698918W	oclc	
OL6699558W	1	1	John Auburntop, novelist	1891	0.55	1.0	umn.31951001636500v	/works/OL6699558W	oclc	
OL6699643W	3	1	Dr. Lavendar's people	1903	0.89	1.0	njp.32101064788415|nyp.33433074811658|uc2.ark+=13960=t2z31pm94	/works/OL6699643W	oclc	
OL6700573W	2	2	Living alone	1920	0.89	1.0	mdp.39015012352152|uc2.ark+=13960=t9g44n38k	/works/OL6700573W	oclc	
OL6701891W	1	1	Closed doors	1915	0.87	1.0	nyp.33433076044969	/works/OL6701891W	oclc	
OL6705860W	1	1	In the gates of Israel;	1902	0.8	1.0	uva.x002178808	/works/OL6705860W	oclc	
OL6707668W	1	1	Houses of glass	1909	0.88	0.999	nyp.33433076025661	/works/OL6707668W	oclc	
OL6707679W	1	1	Chill hours	1919	0.82	1.0	uc2.ark+=13960=t5j963t4f	/works/OL6707679W	oclc	
OL6709018W	1	1	Paoli: the last of the missionaries;	1890	0.88	1.0	nyp.33433074791504	/works/OL6709018W	oclc	
OL6712902W	1	1	The promise of country life	1916	0.51	0.999	mdp.39015031219325	/works/OL6712902W	oclc	
OL67200W	1	1	Betty Leicester;	1890	0.89	1.0	njp.32101068599602	/works/OL67200W	oclc	
OL67215W	1	1	Betty Leicester	1889	0.89	1.0	uc2.ark+=13960=t53f4ms39	/works/OL67215W	oclc	
OL67221W	5	1	The Tory lover	1901	0.89	1.0	mdp.39015005096006|mdp.39015010317702|mdp.39015050043192|uc1.b4102410|uc2.ark+=13960=fk7vm4395c	/works/OL67221W	oclc	
OL67222W	2	1	A marsh island	1885	0.84	1.0	loc.ark+=13960=t9c545z7x|uc2.ark+=13960=t8rb6xb7k	/works/OL67222W	oclc	
OL67229W	3	1	Strangers and wayfarers	1890	0.89	1.0	mdp.39015009110134|mdp.39015030753944|nyp.33433076072036	/works/OL67229W	oclc	
OL67230W	2	1	A white heron	1886	0.89	1.0	mdp.39015005089423|uc2.ark+=13960=t20c4th85	/works/OL67230W	oclc	
OL67233W	2	2	Country by-ways	1887	0.89	1.0	inu.30000041673587|uc2.ark+=13960=t0dv1d47n	/works/OL67233W	oclc	
OL67234W	3	2	The life of Nancy	1895	0.89	1.0	mdp.39015005125490|mdp.39015008985486|uc2.ark+=13960=t2q52fn45	/works/OL67234W	oclc	
OL67236W	4	4	Tales of New England	1894	0.89	1.0	njp.32101023513722|uc2.ark+=13960=t7wm15159|uc1.b4380109|mdp.39015066058267	/works/OL67236W	oclc	
OL67238W	1	1	The country of the pointed firs	1910	0.84	1.0	uc2.ark+=13960=fk9n29pr6b	/works/OL67238W	oclc	
OL6726750W	1	1	A pawn in the game	1907	0.87	1.0	nyp.33433075727135	/works/OL6726750W	oclc	
OL6729470W	3	1	The best psychic stories	1920	0.66	1.0	mdp.39015011831032|nyp.33433082514302|uc2.ark+=13960=t6c24rg4c	/works/OL6729470W	oclc	
OL6729478W	1	1	Masterpieces of mystery	1920	0.87	1.0	nyp.33433082514369	/works/OL6729478W	oclc	
OL6729481W	1	1	Great sea stories	1921	0.75	1.0	uc2.ark+=13960=t2h70b78j	/works/OL6729481W	oclc	
OL6753091W	2	2	Marie-Claire	1911	0.88	1.0	uc2.ark+=13960=t9d50k45z|uc2.ark+=13960=t58c9rw51	/works/OL6753091W	oclc	
OL676829W	2	1	The river of life	1916	0.8	1.0	uc1.b4398097|uc2.ark+=13960=t41r6xh6v	/works/OL676829W	oclc	
OL676843W	3	1	The duel	1916	0.9	1.0	njp.32101067491769|uc1.b4083209|uc2.ark+=13960=t7tm74m17	/works/OL676843W	oclc	
OL679213W	1	1	The life and opinions of Tristram Shandy, gentlemen	1895	0.89	1.0	nyp.33433074911268	/works/OL679213W	oclc	
OL6797385W	1	1	Afloat with the flag	1898	0.88	0.999	nyp.33433082539937	/works/OL6797385W	oclc	
OL6800784W	2	1	Lovers' Saint Ruth's	1895	0.87	0.999	mdp.39015013734358|uc1.b251227	/works/OL6800784W	oclc	
OL6804358W	1	1	"""The ladies!"""	1922	0.87	1.0	mdp.39015023153136	/works/OL6804358W	oclc	
OL68066W	2	1	Pierre and Luce	1922	0.81	1.0	mdp.39015033444939|uc2.ark+=13960=t5t72862r	/works/OL68066W	oclc	
OL6807378W	3	1	From a southern porch	1919	0.72	0.998	loc.ark+=13960=t8sb4qp4p|nyp.33433074794706|uc2.ark+=13960=t5j961j60	/works/OL6807378W	oclc	
OL6810224W	1	1	J.W. thinks black	1922	0.58	1.0	nyp.33433076062904	/works/OL6810224W	oclc	
OL6810305W	3	1	Poor people;	1900	0.89	1.0	njp.32101063691339|uc1.b244186|uc2.ark+=13960=t56d5s29t	/works/OL6810305W	oclc	
OL6810341W	1	1	Doty Dontcare	1895	0.88	1.0	mdp.39015063549169	/works/OL6810341W	oclc	
OL6810345W	1	1	A mystery of New Orleans	1890	0.89	1.0	nyp.33433076064710	/works/OL6810345W	oclc	
OL68129W	2	1	Clerambault	1921	0.71	1.0	mdp.39015033444764|uc2.ark+=13960=t9571bv1f	/works/OL68129W	oclc	
OL68140W	2	1	Colas Breugnon	1919	0.78	1.0	mdp.39015033444780|uc1.$b717533	/works/OL68140W	oclc	
OL68141W	4	2	Jean-Christophe	1910	0.81	1.0	uc2.ark+=13960=t3319w37s|mdp.39015007015020|mdp.39015012934009|mdp.39015013100428	/works/OL68141W	oclc	
OL6818319W	1	1	The coming of the white men;	1905	0.82	0.999	nyp.33433081963179	/works/OL6818319W	oclc	
OL6818348W	1	1	Ten little Indians;	1904	0.81	0.999	nyp.33433081963146	/works/OL6818348W	oclc	
OL6818691W	2	1	Oh, Susanna!	1922	0.87	1.0	nyp.33433076045818|uc2.ark+=13960=t2m61g18g	/works/OL6818691W	oclc	
OL6820016W	1	1	The misdemeanors of Nancy	1902	0.87	1.0	uc2.ark+=13960=t0js9hc45	/works/OL6820016W	oclc	
OL6820935W	2	1	Zadoc pine	1891	0.89	1.0	nyp.33433074815501|uc2.ark+=13960=t85h7cc96	/works/OL6820935W	oclc	
OL6820939W	2	1	Jersey street and Jersey lane	1896	0.57	0.999	mdp.39015030853538|uc1.b3321268	/works/OL6820939W	oclc	
OL6820944W	4	2	"More ""Short sixes."""	1894	0.9	1.0	uc2.ark+=13960=t1sf2mh2k|uc2.ark+=13960=t24b2xh8j|uc2.ark+=13960=t9r20sh01|nyp.33433081936696	/works/OL6820944W	oclc	
OL6820945W	2	1	"""Short sixes"";"	1891	0.89	1.0	mdp.39015030853470|nc01.ark+=13960=t86h5bk6k	/works/OL6820945W	oclc	
OL6820947W	5	2	The stories of H. C. Bunner	1916	0.89	1.0	mdp.39015030853439|uc1.b3322646|mdp.39015030702859|nyp.33433074815519|uc2.ark+=13960=t8qb9vw1v	/works/OL6820947W	oclc	
OL6824166W	1	1	A summer in New York	1903	0.88	1.0	njp.32101064282781	/works/OL6824166W	oclc	
OL6824174W	2	2	A daughter of the tenements	1895	0.89	1.0	njp.32101067178804|nnc1.0065958780	/works/OL6824174W	oclc	
OL6826133W	1	1	The Sky-Sifter	1892	0.89	1.0	uc1.b274426	/works/OL6826133W	oclc	
OL6828090W	2	1	The human cobweb;	1910	0.82	1.0	nyp.33433075746382|uc2.ark+=13960=t6c24rh1c	/works/OL6828090W	oclc	
OL6828096W	2	1	Wang the Ninth;	1920	0.89	1.0	uc1.b3326024|uc2.ark+=13960=t4kk96670	/works/OL6828096W	oclc	
OL6828099W	1	1	The eternal priestess;	1914	0.9	1.0	nyp.33433075746283	/works/OL6828099W	oclc	
OL6830650W	1	1	The eighth year;	1913	0.72	1.0	nyp.33433074856570	/works/OL6830650W	oclc	
OL6831731W	2	1	Colonel Greatheart	1908	0.89	1.0	njp.32101064787003|uc2.ark+=13960=t0rr1rc13	/works/OL6831731W	oclc	
OL6832691W	1	1	The white darkness	1907	0.84	1.0	uc2.ark+=13960=t2q52fh5v	/works/OL6832691W	oclc	
OL6832692W	1	1	Jules of the great heart	1905	0.89	0.999	uc2.ark+=13960=t92808w4j	/works/OL6832692W	oclc	
OL6833284W	1	1	The white horse and the red-haired girl	1919	0.89	1.0	nyp.33433076069933	/works/OL6833284W	oclc	
OL6833990W	2	1	"""As we went marching on"""	1885	0.89	1.0	nc01.ark+=13960=t0wq0kg1w|njp.32101068170255	/works/OL6833990W	oclc	
OL6834203W	2	2	Through Welsh doorways	1909	0.88	1.0	nyp.33433076051493|uc2.ark+=13960=t2r49h97k	/works/OL6834203W	oclc	
OL6857025W	2	1	Lilies, white and red	1919	0.83	1.0	njp.32101063580508|uc2.ark+=13960=t39z91h13	/works/OL6857025W	oclc	
OL6872580W	1	1	The Pecorone of Ser Giovanni	1901	0.88	1.0	wu.89008442501	/works/OL6872580W	oclc	
OL6884930W	1	1	No. 26 Jayne street	1920	0.84	1.0	uc2.ark+=13960=t7rn31k5p	/works/OL6884930W	oclc	
OL6884934W	2	1	Santa Lucia	1908	0.9	1.0	mdp.39015066053730|uc1.b3477996	/works/OL6884934W	oclc	
OL6893159W	2	1	Wooden crosses	1921	0.87	1.0	nyp.33433082486253|uc2.ark+=13960=t43r0v214	/works/OL6893159W	oclc	
OL69007W	3	1	Between the dark and the daylight;	1907	0.88	1.0	mdp.39015016891346|nyp.33433076084221|uc1.b3578838	/works/OL69007W	oclc	
OL6901043W	1	1	Gorgo	1903	0.89	1.0	njp.32101045351960	/works/OL6901043W	oclc	
OL69014W	1	1	The daughter of the storage	1916	0.71	1.0	uc2.ark+=13960=t6445jq3f	/works/OL69014W	oclc	
OL69015W	3	2	The day of their wedding;	1896	0.88	1.0	mdp.39015031236501|mdp.39015032117114|uc1.b3578839	/works/OL69015W	oclc	
OL69029W	3	2	The quality of mercy	1891	0.9	1.0	mdp.49015000531021|mdp.39015051177692|uc1.b3862896	/works/OL69029W	oclc	
OL69032W	5	2	The rise of Silas Lapham	1912	0.9	1.0	mdp.39015030750841|uc1.b4103246|uc2.ark+=13960=fk3fx7438r|uc2.ark+=13960=t1jh3fb5m|uc2.ark+=13960=t79s1m928	/works/OL69032W	oclc	
OL6903720W	1	1	Children's book of patriotic stories;	1917	0.81	0.999	mdp.39015059908775	/works/OL6903720W	oclc	
OL69038W	4	2	The son of Royal Langbrith	1905	0.9	1.0	nyp.33433076084015|uc1.b3324377|uc2.ark+=13960=t9j38n132|mdp.39015013008589	/works/OL69038W	oclc	
OL69043W	3	1	Under the sunset	1906	0.89	1.0	mdp.39015013733582|nyp.33433082295522|uc2.ark+=13960=t3222s95n	/works/OL69043W	oclc	
OL69046W	3	1	An open-eyed conspiracy;	1897	0.88	1.0	mdp.39015031236311|mdp.49015000531013|nyp.33433076083959	/works/OL69046W	oclc	
OL69047W	3	2	A boy's town	1918	0.89	1.0	nc01.ark+=13960=t3bz78d8k|mdp.39015028687419|uva.x000531890	/works/OL69047W	oclc	
OL69059W	2	1	Boy life;	1909	0.8	1.0	mdp.39015028698150|uc2.ark+=13960=t9z02zw1f	/works/OL69059W	oclc	
OL69063W	2	2	A fearful responsibility	1881	0.89	1.0	mdp.39015031236121|mdp.39015011195750	/works/OL69063W	oclc	
OL69064W	2	1	The Great modern American stories	1920	0.82	1.0	mdp.39015005102952|mdp.39015008529094	/works/OL69064W	oclc	
OL6906632W	2	1	Belchamber	1905	0.85	1.0	mdp.39015011442517|mdp.39015059418056	/works/OL6906632W	oclc	
OL69072W	2	1	The seen and unseen at Stratford-on-Avon;	1914	0.7	1.0	mdp.39015030750825|uc2.ark+=13960=t46q1tp27	/works/OL69072W	oclc	
OL69074W	3	1	Southern lights and shadows	1907	0.89	1.0	mdp.39015058692941|nyp.33433082295324|uc2.ark+=13960=t4nk37884	/works/OL69074W	oclc	
OL69075W	2	1	The vacation of the Kelwyns;	1920	0.83	1.0	mdp.39015030751054|uc2.ark+=13960=fk2k649v7z	/works/OL69075W	oclc	
OL69078W	3	2	Christmas every day and other stories told for children	1892	0.87	1.0	uc1.b3331897|njp.32101020523187|uc2.ark+=13960=t5k931p02	/works/OL69078W	oclc	
OL69081W	2	2	Doctor Breen's practice	1882	0.89	1.0	mdp.39015014197738|mdp.49015000530817	/works/OL69081W	oclc	
OL6908596W	2	1	Miniatures and moods	1893	0.86	1.0	mdp.39015051124553|uc2.ark+=13960=t76t0k71h	/works/OL6908596W	oclc	
OL69085W	3	1	Letters home	1903	0.88	1.0	nyp.33433076083876|uc1.b3324374|uc2.ark+=13960=t0gt5gb7z	/works/OL69085W	oclc	
OL6908629W	2	1	In scarlet and grey	1896	0.89	1.0	uc1.b3322375|uc2.ark+=13960=t4xg9pq06	/works/OL6908629W	oclc	
OL69086W	1	1	Life at high tide	1907	0.89	1.0	uc2.ark+=13960=t23b5x94r	/works/OL69086W	oclc	
OL69088W	3	1	Miss Bellard's inspiration;	1905	0.89	1.0	mdp.39015017664536|nyp.33433074966510|uc2.ark+=13960=fk8cf9jq1k	/works/OL69088W	oclc	
OL69095W	3	1	The story of a play;	1898	0.9	1.0	mdp.39015030751013|nyp.33433076084023|uc1.b4106590	/works/OL69095W	oclc	
OL69098W	3	1	The flight of Pony Baker;ba boy's town story	1902	0.88	1.0	mdp.39015031236147|nyp.33433082347471|uc2.ark+=13960=t45q4ss8w	/works/OL69098W	oclc	
OL6910340W	2	1	Keynotes	1893	0.87	1.0	nyp.33433074930334|uc2.ark+=13960=t1sf2q892	/works/OL6910340W	oclc	
OL69106W	1	1	A woman's reason	1883	0.9	1.0	nyp.33433076084247	/works/OL69106W	oclc	
OL69109W	10	2	Heroines of fiction	1903	0.74	1.0	mdp.39015005214336|mdp.39015005214344|mdp.39015005379469|uc1.b3512674|uc1.b3512675|uc1.b4110139|uc1.l0062110952|uc1.l0065068629|wu.89008483455|wu.89008483463	/works/OL69109W	oclc	
OL69113W	4	1	Mrs. Farrell;	1921	0.88	1.0	mdp.39015031236295|nyp.33433076083975|uc1.b3324375|uc1.b4451695	/works/OL69113W	oclc	
OL69114W	3	2	An imperative duty	1893	0.88	1.0	nyp.33433076083850|uc1.$b399170|mdp.39015014204781	/works/OL69114W	oclc	
OL69117W	6	3	The shadow of a dream;	1890	0.89	1.0	mdp.39015028987439|mdp.39015030751005|uc2.ark+=13960=t2z31pc90|mdp.39015019135501|mdp.39015030750817|uc1.b3324277	/works/OL69117W	oclc	
OL69126W	4	3	The coast of Bohemia	1899	0.89	1.0	uc2.ark+=13960=t92805s9c|uc2.ark+=13960=t7br8n371|mdp.39015011530626|uc1.b4103196	/works/OL69126W	oclc	
OL69129W	4	2	The undiscovered country	1884	0.89	1.0	mdp.39015008285564|mdp.39015066058226|mdp.39015014211935|uc1.b3579080	/works/OL69129W	oclc	
OL69130W	2	1	Fennel and rue;	1908	0.87	0.999	nyp.33433076083827|uc2.ark+=13960=t5s757s38	/works/OL69130W	oclc	
OL69135W	4	1	Through the eye of the needle;	1907	0.82	1.0	dul1.ark+=13960=t9863689c|mdp.39015005076339|mdp.39015032388665|nyp.33433075794325	/works/OL69135W	oclc	
OL69143W	2	1	Annie Kilburn	1889	0.9	1.0	mdp.39015014514452|uc1.b3578836	/works/OL69143W	oclc	
OL69146W	7	2	Their silver wedding journey	1899	0.9	1.0	nyp.33433076084262|mdp.39015049756888|mdp.39015049757142|nyp.33433076083801|nyp.33433076083819|uc2.ark+=13960=t5bc3tf0z|uc2.ark+=13960=t5fb4x423	/works/OL69146W	oclc	
OL6914804W	1	1	Trinity sketches	1894	0.76	0.996	nyp.33433076016561	/works/OL6914804W	oclc	
OL69148W	5	1	The Leatherwood god	1916	0.89	1.0	mdp.39015005475051|nyp.33433074865779|uc1.b3862893|uc2.ark+=13960=fk5w669h4f|uc2.ark+=13960=t5q816047	/works/OL69148W	oclc	
OL69153W	4	2	Indian summer	1914	0.9	1.0	njp.32101068583044|mdp.39015019774812|mdp.39015025023105|uc2.ark+=13960=t6b27qt0b	/works/OL69153W	oclc	
OL69154W	3	1	The Kentons;	1902	0.89	1.0	mdp.39015031236220|uc1.b3324416|uc2.ark+=13960=t9q23sh0v	/works/OL69154W	oclc	
OL69157W	3	1	April hopes	1888	0.9	1.0	mdp.39015031236964|nyp.33433076092711|uc1.b3578837	/works/OL69157W	oclc	
OL69161W	5	2	A modern instance	1909	0.9	1.0	mdp.49015001310201|uc1.32106002072343|uc2.ark+=13960=t42r3px32|mdp.39015005192482|uc1.b3862895	/works/OL69161W	oclc	
OL69162W	6	4	The landlord at Lion's head;	1911	0.9	1.0	uc1.b2793535|mdp.49015000530932|uc1.b3578841|mdp.39015012987650|nyp.33433076083892|uc1.b3862892	/works/OL69162W	oclc	
OL6917140W	1	1	The sleuth of St. James's Square	1920	0.89	0.999	nyp.33433076053275	/works/OL6917140W	oclc	
OL6917143W	2	1	Uncle Abner, master of mysteries	1918	0.89	1.0	mdp.39015010776881|nyp.33433076053325	/works/OL6917143W	oclc	
OL6917575W	2	1	A Canadian bankclerk	1913	0.89	1.0	uc1.b2796051|uc2.ark+=13960=t7wm1554m	/works/OL6917575W	oclc	
OL6921732W	4	3	The diary of a freshman	1912	0.89	1.0	uc2.ark+=13960=t4vh5cz8p|uc2.ark+=13960=t8ff3mk8k|mdp.39015003343483|uc1.b3387887	/works/OL6921732W	oclc	
OL6921733W	2	1	Harvard episodes	1897	0.89	0.999	nyp.33433076066053|uc1.b264710	/works/OL6921733W	oclc	
OL6921739W	1	1	The wizard's daughter	1905	0.82	1.0	uc2.ark+=13960=t7kp7w34k	/works/OL6921739W	oclc	
OL6921740W	1	1	Stories of the foot-hills	1895	0.88	1.0	njp.32101066122175	/works/OL6921740W	oclc	
OL6921799W	2	1	The fakers	1914	0.9	1.0	nyp.33433076066608|uc2.ark+=13960=t6833ng3p	/works/OL6921799W	oclc	
OL6921801W	2	1	Hunkins	1919	0.89	1.0	nyp.33433076066590|uc2.ark+=13960=t3qv3dq65	/works/OL6921801W	oclc	
OL6922389W	2	1	The little brother;	1902	0.88	1.0	nyp.33433076061674|uc1.b4102928	/works/OL6922389W	oclc	
OL6922391W	3	1	The powers that prey	1900	0.89	1.0	nyp.33433076074297|uc1.b268831|uc2.ark+=13960=t5db7x01n	/works/OL6922391W	oclc	
OL6922392W	1	1	The rise of Ruderick Clowd	1903	0.84	0.999	uc1.b3325262	/works/OL6922392W	oclc	
OL6922482W	1	1	Sir Richard Escombe;	1908	0.88	1.0	nyp.33433075765234	/works/OL6922482W	oclc	
OL6922485W	1	1	Beatrice of Venice	1904	0.89	0.999	nyp.33433075766018	/works/OL6922485W	oclc	
OL6922489W	1	1	Jewel mysteries I have known	1894	0.82	1.0	nyp.33433075765705	/works/OL6922489W	oclc	
OL6922494W	4	2	A puritan's wife	1896	0.89	1.0	nyp.33433075766158|nyp.33433075766166|uc2.ark+=13960=t7dr2rk10|wu.89006388235	/works/OL6922494W	oclc	
OL6922496W	1	1	The signors of the night;	1899	0.89	1.0	uc2.ark+=13960=t2t43m08m	/works/OL6922496W	oclc	
OL6922497W	1	1	The iron pirate;	1905	0.89	1.0	uc2.ark+=13960=t2f76881f	/works/OL6922497W	oclc	
OL6922744W	1	1	Witte arrives	1916	0.87	0.999	uc2.ark+=13960=t5t728p8x	/works/OL6922744W	oclc	
OL6922926W	1	1	The issue	1904	0.89	0.999	nyp.33433076045206	/works/OL6922926W	oclc	
OL6922927W	1	1	John Littlejohn, of J	1897	0.89	1.0	nyp.33433076045198	/works/OL6922927W	oclc	
OL6923214W	2	1	Tales of a Greek island	1912	0.83	1.0	mdp.39015025957369|uc2.ark+=13960=t7gq6t428	/works/OL6923214W	oclc	
OL6924308W	1	1	Kristy's queer Christmas	1904	0.88	1.0	uc2.ark+=13960=t7dr2q88x	/works/OL6924308W	oclc	
OL6924548W	1	1	The key of dreams;	1922	0.83	1.0	njp.32101064787565	/works/OL6924548W	oclc	
OL6926413W	3	2	A flash of summer;	1894	0.89	1.0	uc1.b248955|uc2.ark+=13960=t8rb7006t|nyp.33433074946694	/works/OL6926413W	oclc	
OL6927943W	1	1	At a dollar a year	1919	0.85	1.0	uc2.ark+=13960=t7pn90t71	/works/OL6927943W	oclc	
OL6943707W	1	1	A South Sea lover	1890	0.84	1.0	uc2.ark+=13960=t51g0q189	/works/OL6943707W	oclc	
OL6953885W	2	1	A gracious visitation	1921	0.64	1.0	uc1.b3548232|uc2.ark+=13960=t5k932d78	/works/OL6953885W	oclc	
OL69600W	2	1	Pagan papers	1894	0.86	0.999	mdp.39015001797649|uc2.ark+=13960=t7kp7x739	/works/OL69600W	oclc	
OL69601W	2	1	Dream days	1899	0.89	0.999	mdp.39015007047379|nyp.33433074863949	/works/OL69601W	oclc	
OL69612W	1	1	The secret garden	1911	0.89	1.0	mdp.39015002311556	/works/OL69612W	oclc	
OL69625W	5	4	Little Lord Fauntleroy	1889	0.83	1.0	nyp.33433082300520|nyp.33433082548169|uc2.ark+=13960=t9s17v252|uc2.ark+=13960=t4zg6h326|uva.x000242164	/works/OL69625W	oclc	
OL69626W	3	2	Sara Crewe;	1888	0.77	1.0	mdp.39015066623508|uc1.b4104286|mdp.39015059510845	/works/OL69626W	oclc	
OL69633W	5	2	The lost prince	1915	0.89	1.0	nc01.ark+=13960=t58d0z640|uc1.b4104998|uc2.ark+=13960=fk2v40k116|uc2.ark+=13960=t3610w21z|wu.89098013733	/works/OL69633W	oclc	
OL69639W	2	1	The pretty sister of José	1889	0.87	1.0	mdp.39015006980992|nyp.33433074847918	/works/OL69639W	oclc	
OL69651W	1	1	The cozy lion	1907	0.86	1.0	uc2.ark+=13960=fk9h41k59d	/works/OL69651W	oclc	
OL69666W	1	1	Little Saint Elizabeth	1890	0.84	1.0	mdp.39015049821898	/works/OL69666W	oclc	
OL69667W	2	2	Louisiana	1880	0.86	1.0	nyp.33433074847975|nc01.ark+=13960=t0gt5mn46	/works/OL69667W	oclc	
OL69671W	1	1	Piccino and other child stories	1894	0.87	0.999	njp.32101007980913	/works/OL69671W	oclc	
OL69674W	2	1	Editha's burglar	1888	0.85	1.0	nyp.33433082300785|uc1.b4104280	/works/OL69674W	oclc	
OL69679W	2	1	In the closed room	1904	0.88	0.999	uc2.ark+=13960=t2s46h949|uva.x001131364	/works/OL69679W	oclc	
OL69681W	1	1	The methods of Lady Walderhurst	1901	0.89	1.0	mdp.39015063512688	/works/OL69681W	oclc	
OL69683W	2	1	Two little pilgrims' progress;	1895	0.87	1.0	mdp.39015009217889|uva.x001586629	/works/OL69683W	oclc	
OL69685W	2	1	The making of a marchioness	1901	0.87	1.0	mdp.39015063535598|uc2.ark+=13960=t6rx94h68	/works/OL69685W	oclc	
OL69686W	6	2	In connection with the De Willoughby claim	1899	0.9	1.0	nyp.33433074847694|uc1.b248539|uc2.ark+=13960=t78s4kj77|mdp.39015011391375|nc01.ark+=13960=t2891751x|nyp.33433074848007	/works/OL69686W	oclc	
OL69688W	3	3	Through one administration	1883	0.9	1.0	uc2.ark+=13960=t7np1x51s|uc2.ark+=13960=t7br8qc3h|mdp.39015049821906	/works/OL69688W	oclc	
OL69692W	4	3	His Grace of Osmonde	1897	0.89	1.0	mdp.39015014751971|uc1.b3321186|uva.x000495146|nyp.33433044092413	/works/OL69692W	oclc	
OL69693W	3	1	The land of the blue flower	1909	0.83	1.0	mdp.39015063512977|nyp.33433074847991|uc2.ark+=13960=fk24b2x79k	/works/OL69693W	oclc	
OL69695W	3	1	The head of the house of Coombe	1922	0.89	1.0	mdp.39015014497054|nyp.33433081937322|uc2.ark+=13960=t9w08x32v	/works/OL69695W	oclc	
OL69696W	2	2	The shuttle	1907	0.9	1.0	mdp.39015014749728|uc1.b4717931	/works/OL69696W	oclc	
OL69698W	5	3	T. Tembarom	1913	0.9	1.0	mdp.39015063517430|uc2.ark+=13960=t1zc7s162|uc2.ark+=13960=t8jd4q82v|uc2.ark+=13960=t76t0kt33|uva.x000375714	/works/OL69698W	oclc	
OL69699W	2	2	A lady of quality	1896	0.89	1.0	mdp.39015026757495|uc2.ark+=13960=t9z030k35	/works/OL69699W	oclc	
OL69700W	3	1	A fair barbarian	1881	0.84	1.0	njp.32101069165122|uc1.32106002062997|uc1.b4104996	/works/OL69700W	oclc	
OL6986696W	1	1	The Penobscot man	1904	0.78	1.0	uva.x030580503	/works/OL6986696W	oclc	
OL699199W	1	1	The mantle	1916	0.88	1.0	uc2.ark+=13960=t9p26vn28	/works/OL699199W	oclc	
OL7002183W	1	1	Chinese nights entertainments;	1922	0.78	0.999	uc2.ark+=13960=t52f7x33w	/works/OL7002183W	oclc	
OL7002498W	1	1	Romances of colonial days	1903	0.88	1.0	uc2.ark+=13960=t6j09wj93	/works/OL7002498W	oclc	
OL7002505W	1	1	The world above;	1905	0.6	1.0	mdp.39015031457297	/works/OL7002505W	oclc	
OL7005017W	1	1	The happy-ship	1913	0.88	1.0	nyp.33433076046493	/works/OL7005017W	oclc	
OL7008536W	1	1	The galleon treasure	1908	0.89	1.0	nyp.33433082302674	/works/OL7008536W	oclc	
OL7008561W	1	1	Tom Slade	1915	0.81	1.0	nyp.33433082302591	/works/OL7008561W	oclc	
OL7008567W	2	1	Tom Slade with the colors	1918	0.83	1.0	nc01.ark+=13960=t9n30xc47|nyp.33433082302575	/works/OL7008567W	oclc	
OL7008578W	1	1	Tom Slade on a transport	1918	0.81	1.0	nyp.33433082302534	/works/OL7008578W	oclc	
OL7008580W	2	1	Tom Slade with the boys over there	1918	0.81	1.0	nyp.33433082302583|umn.31951002023817l	/works/OL7008580W	oclc	
OL7008693W	1	1	The goddess of Atvatabar	1892	0.89	1.0	njp.32101068138443	/works/OL7008693W	oclc	
OL7008832W	1	1	The ms. in a red box	1903	0.88	1.0	mdp.39015063551454	/works/OL7008832W	oclc	
OL7012168W	2	1	Men born equal	1895	0.89	1.0	uc1.b3327078|uc2.ark+=13960=t3qv3mn77	/works/OL7012168W	oclc	
OL7013689W	1	1	Iron City	1919	0.8	1.0	uc2.ark+=13960=t03x83m87	/works/OL7013689W	oclc	
OL7014665W	1	1	The confessions of a society man;	1887	0.89	1.0	nyp.33433074793807	/works/OL7014665W	oclc	
OL7014668W	2	1	Think and thank	1890	0.88	1.0	uc1.b3321284|uc2.ark+=13960=t01z42834	/works/OL7014668W	oclc	
OL7015389W	2	1	The chosen people	1917	0.89	1.0	uc2.ark+=13960=t0tq5rk8z|uva.x030801569	/works/OL7015389W	oclc	
OL7016939W	4	3	The Charwoman's daughter	1912	0.88	1.0	mdp.39015031308946|nyp.33433075751770|uc2.ark+=13960=t82j6bz41|nyp.33433075751820	/works/OL7016939W	oclc	
OL7024489W	2	1	A violin obligato	1891	0.83	1.0	njp.32101068168432|uva.x030797372	/works/OL7024489W	oclc	
OL7025708W	3	2	People	1922	0.82	1.0	uc2.ark+=13960=t2n58hn73|nyp.33433075830020|uc2.ark+=13960=t1wd3st8j	/works/OL7025708W	oclc	
OL7026231W	4	1	D'ri and I;	1901	0.88	1.0	mdp.39015013148062|mdp.39015059387673|nyp.33433082266341|uc2.ark+=13960=t9h41m46t	/works/OL7026231W	oclc	
OL7026264W	2	1	The master	1909	0.89	1.0	nyp.33433074920715|uc2.ark+=13960=t3gx45x5c	/works/OL7026264W	oclc	
OL7026272W	3	1	Silas Strong, emperor of the woods	1906	0.89	1.0	mdp.39015059660236|nyp.33433084130529|uc2.ark+=13960=t17m0500h	/works/OL7026272W	oclc	
OL7026276W	3	1	The light in the clearing;	1917	0.88	1.0	mdp.39015030091014|nyp.33433082266275|uc2.ark+=13960=t2697103t	/works/OL7026276W	oclc	
OL7026277W	3	1	In the days of Poor Richard	1922	0.86	1.0	mdp.39015059389406|mdp.49015000507526|nyp.33433082266291	/works/OL7026277W	oclc	
OL7026280W	5	1	Eben Holden;	1900	0.9	1.0	mdp.39015059389356|mdp.39015059389364|nc01.ark+=13960=t41r7kk60|nyp.33433082266325|uc2.ark+=13960=fk6qz22t7g	/works/OL7026280W	oclc	
OL7026282W	2	2	A man for the ages;	1919	0.88	1.0	uiuo.ark+=13960=t8df6nh7f|uc2.ark+=13960=fk4th8bt3z	/works/OL7026282W	oclc	
OL7026340W	2	1	Merely players;	1909	0.89	1.0	nyp.33433076058266|uc2.ark+=13960=t3319vk5p	/works/OL7026340W	oclc	
OL7030010W	1	1	In the choir of Westminister abbey	1897	0.87	0.999	nyp.33433074895065	/works/OL7030010W	oclc	
OL7031337W	1	1	Utopia achieved	1912	0.57	1.0	dul1.ark+=13960=t48p6pm4t	/works/OL7031337W	oclc	
OL7031432W	1	1	Gulliver the great	1916	0.88	1.0	nyp.33433082532387	/works/OL7031432W	oclc	
OL7031436W	2	1	Pierrot, dog of Belgium	1915	0.87	1.0	njp.32101064789249|nyp.33433082532379	/works/OL7031436W	oclc	
OL7038016W	1	1	Under the tricolor;	1880	0.88	1.0	mdp.39015063932126	/works/OL7038016W	oclc	
OL7038018W	3	2	The tsar's window	1886	0.89	1.0	uc2.ark+=13960=t08w38f7w|nyp.33433076023468|uc2.ark+=13960=t7xk86b0z	/works/OL7038018W	oclc	
OL7039574W	3	1	Old man Savarin stories;	1917	0.84	1.0	nyp.33433075766455|uc1.b4102340|uc2.ark+=13960=t4zg6jn8p	/works/OL7039574W	oclc	
OL7045993W	1	1	The fickle wheel	1901	0.88	1.0	nyp.33433076021694	/works/OL7045993W	oclc	
OL7045998W	1	1	Patroon van Volkenberg	1900	0.89	1.0	nyp.33433075751994	/works/OL7045998W	oclc	
OL7049071W	2	2	The cruise of the canoe club	1911	0.82	1.0	uc2.ark+=13960=t15m63v2h|njp.32101064795501	/works/OL7049071W	oclc	
OL7055421W	6	2	A hardy Norseman	1890	0.9	1.0	uc1.b3322121|uc1.b3322122|uc1.b3322123|nyp.33433074936711|uc1.b249525|uc2.ark+=13960=t39022b3x	/works/OL7055421W	oclc	
OL7055422W	6	2	To right the wrong	1894	0.9	1.0	nyp.33433074937313|uc1.b249527|uc2.ark+=13960=t7cr5r89n|uiuo.ark+=13960=t2j67qd9f|uiuo.ark+=13960=t79s21f9s|uiuo.ark+=13960=t8df71192	/works/OL7055422W	oclc	
OL7073222W	1	1	Stella's roomers	1911	0.88	1.0	nyp.33433074801204	/works/OL7073222W	oclc	
OL7077908W	2	1	Nami-ko	1904	0.83	1.0	mdp.39015004886605|uc2.ark+=13960=t3nv9c91m	/works/OL7077908W	oclc	
OL707922W	1	1	A thin ghost and others	1919	0.85	1.0	uc2.ark+=13960=t1pg1k81k	/works/OL707922W	oclc	
OL7095134W	1	1	Hagar's hoard	1920	0.89	0.999	uc2.ark+=13960=t4mk65p6j	/works/OL7095134W	oclc	
OL7095952W	1	1	The Count at Harvard	1906	0.88	1.0	nyp.33433076064629	/works/OL7095952W	oclc	
OL7096076W	1	1	The penitentes of San Rafael	1900	0.83	0.999	nnc1.1000014257	/works/OL7096076W	oclc	
OL7097754W	4	1	A new Robinson Crusoe	1920	0.89	1.0	loc.ark+=13960=t73v0334s|mdp.39015078554980|mdp.39015078556290|uva.x002579440	/works/OL7097754W	oclc	
OL7098435W	2	1	The answerer	1921	0.79	1.0	nyp.33433076054539|uc2.ark+=13960=t6c24rz35	/works/OL7098435W	oclc	
OL7098438W	2	1	Mermaid	1920	0.89	1.0	nyp.33433076054521|uc2.ark+=13960=t5bc3vs96	/works/OL7098438W	oclc	
OL7098510W	1	1	Ethiopia, the land of promise	1917	0.85	1.0	nnc1.50042178	/works/OL7098510W	oclc	
OL7098577W	1	1	Stories of Jewish home life	1907	0.89	1.0	uc2.ark+=13960=t1td9s20g	/works/OL7098577W	oclc	
OL7098584W	1	1	Lady Luck	1921	0.89	1.0	nyp.33433075768121	/works/OL7098584W	oclc	
OL7098787W	1	1	Trif and Trixy	1897	0.88	1.0	uc2.ark+=13960=t2m61bw05	/works/OL7098787W	oclc	
OL7104494W	1	1	Jean Baptiste	1915	0.81	0.996	uc2.ark+=13960=t17m0507w	/works/OL7104494W	oclc	
OL7104495W	3	1	Little stories of Quebec	1908	0.86	1.0	mdp.39015001215501|nyp.33433074878350|uc2.ark+=13960=t9b56fp16	/works/OL7104495W	oclc	
OL7109388W	1	1	The sub ;	1917	0.65	1.0	uc2.ark+=13960=t8gf0qs0t	/works/OL7109388W	oclc	
OL7114815W	4	1	The white linen nurse	1913	0.89	1.0	mdp.39015063517273|nyp.33433082175815|uc1.b3123600|uc2.ark+=13960=t3mw29j0t	/works/OL7114815W	oclc	
OL7115071W	1	1	The hall with doors	1920	0.86	1.0	nyp.33433076076664	/works/OL7115071W	oclc	
OL7120020W	1	1	The outlaw	1913	0.88	1.0	uc2.ark+=13960=t27945p05	/works/OL7120020W	oclc	
OL7133477W	1	1	Niram	1895	0.82	0.997	nnc1.1002194449	/works/OL7133477W	oclc	
OL7133478W	2	1	Bayou triste	1903	0.88	1.0	uc1.b3326192|uc2.ark+=13960=t3222sb2n	/works/OL7133478W	oclc	
OL7133483W	1	1	Southern echoes	1900	0.87	0.995	uc2.ark+=13960=t9q23rr7z	/works/OL7133483W	oclc	
OL7133503W	1	1	In white and black;	1900	0.89	0.999	uc2.ark+=13960=t88g8g79m	/works/OL7133503W	oclc	
OL7133748W	2	1	Rebels of the new South	1905	0.89	1.0	uc1.b3325731|uc2.ark+=13960=t8gf0ws97	/works/OL7133748W	oclc	
OL7133808W	1	1	The scout ;	1911	0.87	1.0	nyp.33433076041510	/works/OL7133808W	oclc	
OL7133854W	1	1	Salt-Lake fruit	1884	0.89	1.0	nyp.33433076053671	/works/OL7133854W	oclc	
OL7134127W	2	1	Robert Annys: poor priest	1901	0.85	1.0	uc1.b4102945|uc2.ark+=13960=t5t729010	/works/OL7134127W	oclc	
OL7134329W	1	1	The house of the dawn	1914	0.84	1.0	uc2.ark+=13960=t6ww77f39	/works/OL7134329W	oclc	
OL7134336W	3	1	The Druid path	1917	0.88	1.0	mdp.39015023932281|uc1.b4102090|uc2.ark+=13960=fk8sb3xd7s	/works/OL7134336W	oclc	
OL7134338W	2	1	My Quaker maid	1906	0.89	1.0	nyp.33433076052418|uc2.ark+=13960=t18k7533x	/works/OL7134338W	oclc	
OL7134342W	1	1	Merze;	1889	0.84	1.0	uc2.ark+=13960=t6nz82k3x	/works/OL7134342W	oclc	
OL7134343W	2	2	A pagan of the Alleghanies	1891	0.89	1.0	uc2.ark+=13960=t9t14vc2t|nyp.33433076052459	/works/OL7134343W	oclc	
OL7134460W	1	1	Uncle Tom of the old South	1897	0.9	1.0	wu.89104495080	/works/OL7134460W	oclc	
OL7134502W	1	1	Shadow land;	1906	0.81	1.0	mdp.39015005010627	/works/OL7134502W	oclc	
OL7134584W	1	1	French short stories	1918	0.76	1.0	mdp.39015030085438	/works/OL7134584W	oclc	
OL7134835W	2	1	Defender of the faith	1899	0.83	1.0	uc1.b3327068|uc2.ark+=13960=t2g73gm41	/works/OL7134835W	oclc	
OL7134838W	1	1	One queen triumphant	1900	0.83	0.999	nyp.33433074893334	/works/OL7134838W	oclc	
OL7135465W	1	1	Jack Ballington	1911	0.78	1.0	nyp.33433076045073	/works/OL7135465W	oclc	
OL7135470W	1	1	Ole Mistis	1900	0.5	0.991	loc.ark+=13960=t9c54gr12	/works/OL7135470W	oclc	
OL7135472W	3	1	The Bishop of Cottontown;	1906	0.89	1.0	mdp.39015063937406|uc1.b3326155|uc2.ark+=13960=t76t0j910	/works/OL7135472W	oclc	
OL7135474W	2	1	A summer hymnal;	1901	0.67	1.0	nyp.33433074915996|uc1.b3326157	/works/OL7135474W	oclc	
OL7135475W	3	1	Uncle Wash;	1910	0.88	0.995	inu.30000121037059|nyp.33433076045057|uc2.ark+=13960=t3bz62c3v	/works/OL7135475W	oclc	
OL7135496W	2	1	Plantation bird legends;	1902	0.77	0.998	uc2.ark+=13960=t07w6824b|uva.x030444616	/works/OL7135496W	oclc	
OL7135516W	2	1	E. K. Means	1918	0.89	1.0	nyp.33433076036817|uc2.ark+=13960=t45q4t79m	/works/OL7135516W	oclc	
OL7135517W	1	1	Further E.K. Means	1921	0.84	1.0	uc2.ark+=13960=t02z1536r	/works/OL7135517W	oclc	
OL7140059W	1	1	How to tell stories to children	1905	0.58	1.0	mdp.39015066032288	/works/OL7140059W	oclc	
OL7147727W	1	1	More cheerful Americans	1904	0.87	1.0	mdp.39015063939808	/works/OL7147727W	oclc	
OL7147732W	2	2	Cheerful Americans	1903	0.88	1.0	mdp.39015063939782|uc1.b3688437	/works/OL7147732W	oclc	
OL7150271W	1	1	The yellow trail	1922	0.89	1.0	uc2.ark+=13960=t8ff3nf9p	/works/OL7150271W	oclc	
OL7150818W	2	1	In search of gold;	1884	0.81	1.0	nc01.ark+=13960=t3vt28h89|nnc1.1002297957	/works/OL7150818W	oclc	
OL7153298W	1	1	John Marmaduke	1897	0.75	1.0	nnc1.1002153572	/works/OL7153298W	oclc	
OL7155377W	1	1	Tales of darkest America	1920	0.71	1.0	mdp.39015013466845	/works/OL7155377W	oclc	
OL715597W	3	1	The house of cobwebs	1906	0.85	1.0	mdp.39015000604630|nyp.33433074856323|uc2.ark+=13960=t2r49pm7p	/works/OL715597W	oclc	
OL715599W	2	2	Human odds and ends	1911	0.84	1.0	wu.89100330216|uc2.ark+=13960=t5q81cb58	/works/OL715599W	oclc	
OL715600W	1	1	Sleeping fires	1895	0.88	1.0	uc2.ark+=13960=t7br8ss1r	/works/OL715600W	oclc	
OL715604W	4	2	Our friend the charlatan	1901	0.9	1.0	uc1.b3578454|uc2.ark+=13960=t48p61f37|mdp.39015000604580|nyp.33433074856414	/works/OL715604W	oclc	
OL715605W	2	1	The paying guest	1895	0.89	1.0	njp.32101068598612|uc2.ark+=13960=t6vx0c852	/works/OL715605W	oclc	
OL715606W	4	2	Will Warburton;	1905	0.89	1.0	mdp.39015000604440|nyp.33433074856422|uc2.ark+=13960=t2w37rn54|uc1.b4102832	/works/OL715606W	oclc	
OL715607W	7	2	The emancipated	1895	0.88	1.0	uc2.ark+=13960=t5m907759|uc1.b325790|uc1.b325791|uc1.b325792|uc2.ark+=13960=t1wd3t949|uc2.ark+=13960=t3rv0hd71|uc2.ark+=13960=t4gm85575	/works/OL715607W	oclc	
OL715609W	1	1	The crown of life	1899	0.84	1.0	uva.x000239878	/works/OL715609W	oclc	
OL715610W	3	1	Eve's ransom	1895	0.9	1.0	mdp.39015047780807|uc1.b4107543|uc2.ark+=13960=t19k48378	/works/OL715610W	oclc	
OL715612W	4	2	Thyrza	1887	0.89	1.0	uiuo.ark+=13960=t6737gf1d|uiuo.ark+=13960=t6ww8376s|uiuo.ark+=13960=t79s2gq88|uc2.ark+=13960=t5t72bf74	/works/OL715612W	oclc	
OL715614W	7	3	The unclassed	1896	0.9	1.0	mdp.39015000604390|uc1.b4102808|uc2.ark+=13960=t0qr4th7f|uc2.ark+=13960=t9c53p273|uiuo.ark+=13960=t1qf9370v|uiuo.ark+=13960=t1rf64403|uiuo.ark+=13960=t73t9zb5t	/works/OL715614W	oclc	
OL715615W	6	3	Veranilda	1905	0.85	1.0	nyp.33433074856471|uc1.b4102835|uc2.ark+=13960=t6qz25s4p|mdp.39015000604424|uc2.ark+=13960=t55d8tg8z|nyp.33433074856406	/works/OL715615W	oclc	
OL715616W	1	1	Born in exile	1913	0.82	1.0	nyp.33433074920319	/works/OL715616W	oclc	
OL715617W	3	1	The town traveller	1898	0.89	1.0	mdp.39015000604366|uc2.ark+=13960=t3kw5dd7g|wu.89095151916	/works/OL715617W	oclc	
OL715619W	2	1	In the year of jubilee	1895	0.89	1.0	mdp.39015000604754|mdp.39015000604762	/works/OL715619W	oclc	
OL715620W	4	2	The whirlpool	1897	0.9	1.0	uc1.b3322517|uc2.ark+=13960=t9p26z438|mdp.39015000604226|nyp.33433074864608	/works/OL715620W	oclc	
OL715621W	1	1	The odd women	1893	0.89	1.0	njp.32101068598620	/works/OL715621W	oclc	
OL715624W	2	2	The private papers of Henry Ryecroft	1915	0.51	1.0	uc1.31158003041091|nyp.33433074923040	/works/OL715624W	oclc	
OL7169198W	2	1	Gentlemen at arms	1918	0.8	1.0	nyp.33433074915921|uc2.ark+=13960=t8bg2m73q	/works/OL7169198W	oclc	
OL717336W	2	1	Tonda;	1904	0.87	1.0	uc1.b3581581|uc2.ark+=13960=t50g3j759	/works/OL717336W	oclc	
OL717340W	1	1	Wanneta, the Sioux	1891	0.88	0.999	nyp.33433076045156	/works/OL717340W	oclc	
OL7180408W	2	1	Tales from Boccaccio	1899	0.76	1.0	uc1.b14365|uc2.ark+=13960=t5p845v79	/works/OL7180408W	oclc	
OL7202599W	1	1	City of endless night	1920	0.78	1.0	dul1.ark+=13960=t6j10qz2z	/works/OL7202599W	oclc	
OL7202604W	1	1	The messiah of the cylinder	1917	0.84	1.0	dul1.ark+=13960=t7dr3mr6c	/works/OL7202604W	oclc	
OL7203230W	2	2	The days of Daniel Boone	1883	0.89	1.0	uc2.ark+=13960=t6nz8198b|nc01.ark+=13960=t6xw4fc9z	/works/OL7203230W	oclc	
OL7210207W	1	1	The elder brother;	1905	0.82	1.0	uc2.ark+=13960=t4qj79s9z	/works/OL7210207W	oclc	
OL7210929W	1	1	The homebuilders	1903	0.89	1.0	mdp.39015023144812	/works/OL7210929W	oclc	
OL7210930W	2	1	Ann Arbor tales	1902	0.86	1.0	mdp.39015028686429|mdp.49015003104347	/works/OL7210930W	oclc	
OL7214462W	2	1	Frontier army sketches	1883	0.59	1.0	loc.ark+=13960=t1jh3w891|uc1.b3624882	/works/OL7214462W	oclc	
OL7214645W	1	1	The adventurer	1907	0.89	1.0	uc2.ark+=13960=t8x922p3g	/works/OL7214645W	oclc	
OL7214650W	2	1	Three speeds forward;	1906	0.84	1.0	nyp.33433076054299|uc2.ark+=13960=t8mc8s69z	/works/OL7214650W	oclc	
OL7214652W	3	1	The queen versus Billy	1900	0.89	1.0	nyp.33433076054307|uc1.b244004|uc2.ark+=13960=t3xs5kj20	/works/OL7214652W	oclc	
OL7214653W	3	1	Wild justice;	1921	0.89	1.0	mdp.39015059406069|nyp.33433076054281|uc2.ark+=13960=t8v980g3m	/works/OL7214653W	oclc	
OL7214655W	3	1	The motormaniacs	1905	0.87	1.0	mdp.39015021038693|mdp.39015063947439|uc2.ark+=13960=t50g3j83s	/works/OL7214655W	oclc	
OL722017W	1	1	The seven who were hanged	1909	0.81	0.98	uc1.32106006894155	/works/OL722017W	oclc	
OL722018W	3	2	The crushed flower and other stories	1916	0.87	1.0	nyp.33433067265029|uc1.b4386985|uc2.ark+=13960=t4kk97d4n	/works/OL722018W	oclc	
OL726766W	4	1	The house;	1896	0.77	1.0	loc.ark+=13960=t5gb2np5z|mdp.39015063746500|nyp.33433074807912|uc1.b249763	/works/OL726766W	oclc	
OL7273464W	2	1	Life's minor collisions	1921	0.76	1.0	nyp.33433074828066|uc2.ark+=13960=t6m04076k	/works/OL7273464W	oclc	
OL7285198W	4	2	Moth and rust	1902	0.89	1.0	mdp.39015006989126|uc1.b3321938|uc2.ark+=13960=t2h70h844|njp.32101068166089	/works/OL7285198W	oclc	
OL7285199W	6	1	Diana Tempest	1893	0.84	1.0	uc1.b3321935|uc1.b3321936|uc1.b3321937|uiuo.ark+=13960=t51g10719|uiuo.ark+=13960=t8bg2zv5w|uiuo.ark+=13960=t8z89hz13	/works/OL7285199W	oclc	
OL7285204W	2	1	Red pottage	1900	0.84	1.0	nyp.33433074940986|uc2.ark+=13960=t58c9t779	/works/OL7285204W	oclc	
OL7291774W	7	3	Life in a garrison town;	1914	0.84	1.0	njp.32101068779436|uc2.ark+=13960=t03x87d7q|mdp.39015030173994|nyp.33433075738173|uc2.ark+=13960=t1ng4j37n|mdp.39015014634342|uc2.ark+=13960=t2m61m06q	/works/OL7291774W	oclc	
OL7299003W	1	1	Uncle Sam, detective	1916	0.66	1.0	uva.x030750915	/works/OL7299003W	oclc	
OL7303094W	2	1	A Yankee school-teacher in Virginia	1884	0.89	1.0	nyp.33433074800776|uc1.b248072	/works/OL7303094W	oclc	
OL7305461W	1	1	The blood red dawn	1920	0.89	1.0	uc2.ark+=13960=t1xd1hx65	/works/OL7305461W	oclc	
OL7305646W	2	2	The diary of a forty-niner	1906	0.61	1.0	yale.39002004028271|yale.39002007021968	/works/OL7305646W	oclc	
OL7306055W	3	2	Quaker idyls	1894	0.88	1.0	mdp.39015063919610|uc2.ark+=13960=t72v2cz2s|nyp.33433076069107	/works/OL7306055W	oclc	
OL7308045W	2	1	The transformation of Job	1900	0.88	1.0	nyp.33433076066111|uc2.ark+=13960=t8df6kw3m	/works/OL7308045W	oclc	
OL7308432W	2	1	The green shay	1905	0.83	1.0	inu.39000005778472|nyp.33433076072549	/works/OL7308432W	oclc	
OL7308433W	1	1	Home from sea	1908	0.87	0.999	nyp.33433076072531	/works/OL7308433W	oclc	
OL7309272W	1	1	Ai	1892	0.89	0.999	uc2.ark+=13960=t6154f95t	/works/OL7309272W	oclc	
OL7309280W	3	1	Young West;	1894	0.9	1.0	dul1.ark+=13960=t2h71401x|njp.32101064626573|uc2.ark+=13960=t02z14r3d	/works/OL7309280W	oclc	
OL7310464W	1	1	Aucassin & Nicolette and other mediaeval romances and legends	1910	0.8	1.0	mdp.39015010485087	/works/OL7310464W	oclc	
OL7313341W	1	1	The little brown brother	1908	0.89	1.0	mdp.39015013398220	/works/OL7313341W	oclc	
OL7334472W	1	1	The untamed	1911	0.88	0.999	nyp.33433076049265	/works/OL7334472W	oclc	
OL7334591W	1	1	Whom the Romans call Mercury	1922	0.84	0.998	nyp.33433076048333	/works/OL7334591W	oclc	
OL7349299W	1	1	Echoes of Flanders	1916	0.57	1.0	njp.32101064753914	/works/OL7349299W	oclc	
OL735234W	3	1	An enthusiast	1921	0.89	1.0	mdp.39015063955168|uc1.$b452355|uc2.ark+=13960=t06w96q5b	/works/OL735234W	oclc	
OL735266W	1	1	Some experiences of an Irish R. M	1903	0.83	1.0	uva.x000743454	/works/OL735266W	oclc	
OL7375224W	1	1	In the days of Brigham Young	1914	0.84	1.0	njp.32101067634228	/works/OL7375224W	oclc	
OL7397101W	1	1	A woman of war and other stories	1908	0.8	1.0	nyp.33433082170337	/works/OL7397101W	oclc	
OL739757W	2	1	The blood of the arena	1911	0.88	1.0	njp.32101068608130|uiuo.ark+=13960=t5gb21q7x	/works/OL739757W	oclc	
OL739838W	3	1	The Mayflower	1921	0.84	1.0	mdp.39015062945798|uc1.b3769042|mdp.39015014640588	/works/OL739838W	oclc	
OL739860W	1	1	Blood and sand;	1919	0.89	1.0	njp.32101068608114	/works/OL739860W	oclc	
OL7422456W	2	1	Princess Sayrane;	1910	0.88	1.0	njp.32101066123025|uc2.ark+=13960=t0ns0kx4p	/works/OL7422456W	oclc	
OL7425969W	1	1	Pilgrim stories	1910	0.86	1.0	uc2.ark+=13960=t2p55dr00	/works/OL7425969W	oclc	
OL7426252W	1	1	The happiest time of their lives	1918	0.9	1.0	nyp.33433076045941	/works/OL7426252W	oclc	
OL7426824W	1	1	The story of leather	1915	0.81	1.0	uc2.ark+=13960=t54f1np03	/works/OL7426824W	oclc	
OL7432913W	2	1	Kimono	1922	0.88	0.999	nyp.33433074943527|uc2.ark+=13960=t8x922g0b	/works/OL7432913W	oclc	
OL7433623W	1	1	The one-way trail	1912	0.9	1.0	uc2.ark+=13960=t50g3kr1h	/works/OL7433623W	oclc	
OL7433626W	2	1	The twins of Suffering Creek	1912	0.89	1.0	uc1.b3324206|uc2.ark+=13960=t6pz52f0v	/works/OL7433626W	oclc	
OL7433633W	2	2	The golden woman	1913	0.89	0.999	uc2.ark+=13960=t1xd0tc6b|nyp.33433074954805	/works/OL7433633W	oclc	
OL7433638W	3	2	The night-riders;	1913	0.85	1.0	uc1.b3324205|uc2.ark+=13960=t1hh6md00|uc2.ark+=13960=t7xk86w80	/works/OL7433638W	oclc	
OL7433639W	1	1	The story of the Foss River ranch	1903	0.89	1.0	uc2.ark+=13960=t74t6j07h	/works/OL7433639W	oclc	
OL7433640W	1	1	The triumph of John Kars;	1917	0.89	1.0	nyp.33433074954615	/works/OL7433640W	oclc	
OL7438525W	1	1	Every politician and his wife	1921	0.87	0.999	nyp.33433074847546	/works/OL7438525W	oclc	
OL7439312W	1	1	The fall of Utopia	1900	0.85	0.996	dul1.ark+=13960=t9g45090x	/works/OL7439312W	oclc	
OL7441424W	3	1	West Broadway	1921	0.88	1.0	mdp.39015063936333|nyp.33433076059843|uc2.ark+=13960=t2891318v	/works/OL7441424W	oclc	
OL74467W	3	2	The strength of the strong	1914	0.78	1.0	njp.32101071962003|uva.x000418931|uc1.b3550264	/works/OL74467W	oclc	
OL7446843W	2	1	The bust of Lincoln	1912	0.83	0.998	uc2.ark+=13960=fk56d5pq9t|uiuo.ark+=13960=t8cf9kq93	/works/OL7446843W	oclc	
OL74475W	1	1	The abysmal brute	1913	0.87	1.0	uc2.ark+=13960=fk2z31np9g	/works/OL74475W	oclc	
OL74483W	3	1	A son of the sun	1912	0.89	1.0	mdp.39015048894227|uc1.b4102263|uc2.ark+=13960=fk55d8nr45	/works/OL74483W	oclc	
OL74484W	2	2	When God laughs	1911	0.9	1.0	mdp.39015012991629|mdp.39015021949915	/works/OL74484W	oclc	
OL74485W	2	2	The scarlet plague	1915	0.88	0.999	mdp.39015001553547|uc2.ark+=13960=t24b2z84w	/works/OL74485W	oclc	
OL7448851W	2	1	The book about little brother;	1921	0.76	1.0	mdp.39015030065513|uc2.ark+=13960=t6348hb3x	/works/OL7448851W	oclc	
OL74491W	2	1	The God of his fathers	1901	0.89	1.0	mdp.39015005215341|uc2.ark+=13960=t3319sx4v	/works/OL74491W	oclc	
OL744953W	3	1	Caesar or nothing	1919	0.86	1.0	mdp.39015062911626|mdp.39015062911634|uc2.ark+=13960=t9w090v3d	/works/OL744953W	oclc	
OL74500W	2	1	South sea tales	1911	0.87	1.0	mdp.39015005752053|nyp.33433076076128	/works/OL74500W	oclc	
OL74501W	5	2	Before Adam	1907	0.89	1.0	mdp.39015035320350|uc1.b3595161|uc2.ark+=13960=fk3513v24b|uc2.ark+=13960=t87h1g288|uc2.ark+=13960=t1hh6cg5d	/works/OL74501W	oclc	
OL74502W	4	4	The iron heel	1908	0.71	1.0	uva.x000895198|uc2.ark+=13960=t2599z73k|dul1.ark+=13960=t3gx50h6s|dul1.ark+=13960=t84j16032	/works/OL74502W	oclc	
OL7455330W	1	1	The war cache	1918	0.89	1.0	nyp.33433082485719	/works/OL7455330W	oclc	
OL7456501W	1	1	To the throne from the sheepcotes	1921	0.88	1.0	nyp.33433043991953	/works/OL7456501W	oclc	
OL7458080W	2	1	The fog	1921	0.89	1.0	mdp.39015073391222|uc2.ark+=13960=t9t14vh14	/works/OL7458080W	oclc	
OL7458081W	1	1	The greater glory	1919	0.82	1.0	uc2.ark+=13960=t1mg7g13t	/works/OL7458081W	oclc	
OL7461968W	1	1	A sailor in spite of himself	1898	0.89	1.0	mdp.39015063917416	/works/OL7461968W	oclc	
OL7468084W	1	1	"""Rhubarb,"" the diary of a gentleman's hunter"	1908	0.83	0.997	njp.32101064790304	/works/OL7468084W	oclc	
OL7468455W	1	1	The sunbonnet babies in Holland;	1915	0.84	0.999	nyp.33433082539994	/works/OL7468455W	oclc	
OL7474457W	1	1	"""Poilu"", a dog of Roubaix"	1918	0.86	1.0	nyp.33433082485909	/works/OL7474457W	oclc	
OL7480881W	1	1	Weeping cross;	1908	0.81	1.0	uva.x030743487	/works/OL7480881W	oclc	
OL7485000W	8	5	The Illini	1920	0.77	1.0	uc2.ark+=13960=t4gm84n52|uiuo.ark+=13960=t17m0693d|uc2.ark+=13960=t59c6sj6m|mdp.39015070477115|uc1.b3624124|uc2.ark+=13960=t4cn70536|uiuo.ark+=13960=t5cc0wf0z|nyp.33433074808530	/works/OL7485000W	oclc	
OL7485920W	1	1	Red Saunders' pets, and other critters	1906	0.88	1.0	uc1.b3327567	/works/OL7485920W	oclc	
OL7485991W	1	1	Where the red volleys poured	1907	0.83	1.0	nyp.33433074951520	/works/OL7485991W	oclc	
OL7489652W	3	1	The soul of Ann Rutledge	1919	0.89	1.0	nyp.33433084130461|uc2.ark+=13960=t7vm43j8g|uiuo.ark+=13960=t7kp7wt02	/works/OL7489652W	oclc	
OL7495424W	2	1	The robber count;	1890	0.89	1.0	uc1.b316537|uc2.ark+=13960=t7fq9vf2j	/works/OL7495424W	oclc	
OL749608W	2	1	Silver cross	1922	0.88	1.0	mdp.39015063920295|uc2.ark+=13960=t4kk95h3p	/works/OL749608W	oclc	
OL749611W	3	1	1492	1922	0.88	1.0	mdp.39015063920147|nyp.33433076071996|uc2.ark+=13960=t3zs2md8p	/works/OL749611W	oclc	
OL749614W	3	1	Lewis Rand	1908	0.89	1.0	mdp.39015063920121|nyp.33433076071988|uc2.ark+=13960=t39z91g24	/works/OL749614W	oclc	
OL749617W	1	1	Hagar	1913	0.89	0.999	uc2.ark+=13960=t3zs2md95	/works/OL749617W	oclc	
OL749618W	5	2	The long roll	1911	0.85	1.0	mdp.39015063920139|nyp.33433076071970|nyp.33433081638326|uc2.ark+=13960=fk6nz8120k|uc1.$b807274	/works/OL749618W	oclc	
OL749620W	2	1	Audrey	1902	0.89	1.0	mdp.39015063617826|uc2.ark+=13960=t12n50h8q	/works/OL749620W	oclc	
OL749621W	1	1	Prisoners of hope;	1899	0.89	1.0	mdp.39015063920279	/works/OL749621W	oclc	
OL749622W	1	1	To have and to hold	1900	0.84	0.999	uc2.ark+=13960=t5k932d0w	/works/OL749622W	oclc	
OL7500172W	1	1	Red belts	1920	0.88	1.0	nc01.ark+=13960=t03x89c35	/works/OL7500172W	oclc	
OL7505331W	3	1	Lincoln's first love;	1901	0.53	1.0	loc.ark+=13960=t7tm7c11h|loc.ark+=13960=t8df6w172|mdp.39015008869383	/works/OL7505331W	oclc	
OL7510097W	2	1	A prince of Anahuac;	1894	0.9	1.0	nyp.33433075873376|uc2.ark+=13960=t5v69b31c	/works/OL7510097W	oclc	
OL7517303W	2	1	The firebrand of the Indies	1922	0.87	1.0	uc2.ark+=13960=t7wm17x7r|yale.39002044552355	/works/OL7517303W	oclc	
OL7526561W	1	1	Marian	1917	0.89	1.0	nyp.33433076060023	/works/OL7526561W	oclc	
OL7527219W	3	1	The bald face, and other animal stories	1921	0.83	1.0	nyp.33433008280939|uc1.b3888532|uc2.ark+=13960=t46q1v321	/works/OL7527219W	oclc	
OL7527220W	1	1	The cross pull	1920	0.89	1.0	nyp.33433074847868	/works/OL7527220W	oclc	
OL7527230W	2	1	The passing of the old West	1921	0.88	1.0	nyp.33433075760805|uc2.ark+=13960=t1ng4hg37	/works/OL7527230W	oclc	
OL7527849W	1	1	Heart of the Blue Ridge	1915	0.89	1.0	nc01.ark+=13960=t52f7r51r	/works/OL7527849W	oclc	
OL7527852W	2	1	When the cock crows	1918	0.83	1.0	nc01.ark+=13960=t40r9sp49|nyp.33433074801238	/works/OL7527852W	oclc	
OL7532459W	1	1	Captain Lucy and Lieutenant Bob	1920	0.89	1.0	nyp.33433082548045	/works/OL7532459W	oclc	
OL7538245W	1	1	In the days of Queen Elizabeth	1902	0.84	1.0	umn.31951000912730x	/works/OL7538245W	oclc	
OL7538246W	1	1	In the days of Queen Victoria	1903	0.77	1.0	mdp.39015061869783	/works/OL7538246W	oclc	
OL7538273W	1	1	Letters from colonial children	1908	0.83	0.999	loc.ark+=13960=t3cz3kc4q	/works/OL7538273W	oclc	
OL7538447W	2	1	The vanishing smuggler	1909	0.82	1.0	nyp.33433074809074|uc2.ark+=13960=t7np1z713	/works/OL7538447W	oclc	
OL7538785W	1	1	Mystica Algooat	1903	0.88	0.997	uc2.ark+=13960=t42r3pb7c	/works/OL7538785W	oclc	
OL7539506W	1	1	Holly	1907	0.89	0.999	uva.x001866958	/works/OL7539506W	oclc	
OL7539564W	2	1	Metipom's hostage;	1921	0.89	1.0	nyp.33433074822960|uc2.ark+=13960=t5p845h89	/works/OL7539564W	oclc	
OL7539621W	2	1	The hornet's nest	1917	0.84	1.0	nyp.33433074805999|uc2.ark+=13960=t1rf5n19x	/works/OL7539621W	oclc	
OL7539805W	1	1	Two men	1919	0.89	0.999	uc2.ark+=13960=t3416vt6g	/works/OL7539805W	oclc	
OL7539806W	1	1	Boy Woodburn;	1918	0.89	0.999	nyp.33433074961636	/works/OL7539806W	oclc	
OL7539807W	2	1	The brown mare	1916	0.84	1.0	mdp.39015048452976|uc2.ark+=13960=t1vd6r45j	/works/OL7539807W	oclc	
OL7539808W	1	1	One woman	1921	0.89	0.999	uc2.ark+=13960=t2b85624d	/works/OL7539808W	oclc	
OL7539810W	6	3	Bob, son of Battle	1899	0.89	1.0	uc1.b243629|uc2.ark+=13960=t21c1x11x|mdp.39015048440260|uc1.$b538487|uc2.ark+=13960=t0bv7gh53|nyp.33433074962238	/works/OL7539810W	oclc	
OL7539897W	1	1	The battle cry	1914	0.89	1.0	uc2.ark+=13960=t1cj8834m	/works/OL7539897W	oclc	
OL7539905W	1	1	The code of the mountains	1915	0.82	1.0	uc2.ark+=13960=t1xd0rw3s	/works/OL7539905W	oclc	
OL7540781W	2	1	Juletty;	1901	0.88	1.0	nyp.33433076081086|uc2.ark+=13960=t9c53gx5v	/works/OL7540781W	oclc	
OL7541641W	2	1	The Bracegirdle	1922	0.89	1.0	nyp.33433076072093|uc2.ark+=13960=t17m0437t	/works/OL7541641W	oclc	
OL7541646W	1	1	Journey's end	1921	0.89	1.0	nyp.33433074815014	/works/OL7541646W	oclc	
OL7542324W	3	2	Dangerous days	1919	0.9	1.0	mdp.39015002717778|uc2.ark+=13960=t3028qk0n|mdp.39015063950037	/works/OL7542324W	oclc	
OL7542581W	1	1	O-Heart-San	1908	0.84	1.0	nyp.33433082539879	/works/OL7542581W	oclc	
OL7543539W	3	2	The Red-Keggers	1903	0.89	1.0	mdp.49015003104412|uc2.ark+=13960=t7sn02s8d|wu.89000839902	/works/OL7543539W	oclc	
OL7544953W	1	1	Earth	1912	0.84	1.0	uc2.ark+=13960=t3dz03v4c	/works/OL7544953W	oclc	
OL75450W	4	1	Grisly Grisell;	1893	0.83	1.0	nyp.33433075860845|uc2.ark+=13960=t72v2n20g|uiuo.ark+=13960=t2k654x86|uiuo.ark+=13960=t3fx7z50f	/works/OL75450W	oclc	
OL7545291W	1	1	Libra	1896	0.82	0.999	wu.89098869266	/works/OL7545291W	oclc	
OL7545582W	1	1	The bridge of the gods	1922	0.81	1.0	uc2.ark+=13960=t4gm82390	/works/OL7545582W	oclc	
OL7545584W	1	1	In hoc [Maltese cross] vince;	1915	0.5	0.998	njp.32101064787128	/works/OL7545584W	oclc	
OL7546187W	1	1	Mrs. Bobble's trained nurse	1916	0.86	0.997	nyp.33433076042096	/works/OL7546187W	oclc	
OL7546604W	1	1	The Cortlandts of Washington square	1922	0.89	1.0	njp.32101067643484	/works/OL7546604W	oclc	
OL75467W	2	1	Stray pearls	1883	0.82	1.0	uiuo.ark+=13960=t5w674j94|uiuo.ark+=13960=t8x92w23b	/works/OL75467W	oclc	
OL7546824W	1	1	Under the Bowdoin pines;	1907	0.72	0.999	uc2.ark+=13960=t8jd4r35g	/works/OL7546824W	oclc	
OL75469W	2	1	The two sides of the shield	1885	0.89	1.0	uiuo.ark+=13960=t50g4bb9g|uiuo.ark+=13960=t7wm1z78z	/works/OL75469W	oclc	
OL7547362W	2	1	The minor chord	1912	0.87	1.0	nyp.33433074811765|uc2.ark+=13960=t6f191g3c	/works/OL7547362W	oclc	
OL7547376W	1	1	The minor chord	1895	0.82	1.0	uc2.ark+=13960=t3cz33p1h	/works/OL7547376W	oclc	
OL75482W	2	1	A modern Telemachus	1887	0.77	1.0	uc1.b3327267|uc2.ark+=13960=t1fj2jp3d	/works/OL75482W	oclc	
OL75484W	4	1	Nuttie's father	1885	0.84	1.0	nyp.33433075861769|uc1.b4102323|uiuo.ark+=13960=t3708qw81|uiuo.ark+=13960=t7hq4mf4b	/works/OL75484W	oclc	
OL75487W	4	2	Unknown to history;	1882	0.89	1.0	nyp.33433075861827|uiuo.ark+=13960=t45q5kw84|uiuo.ark+=13960=t9p27jq0v|uc2.ark+=13960=t3mw2jt47	/works/OL75487W	oclc	
OL7548892W	1	1	The balsam groves of the Grandfather mountain;	1907	0.62	0.998	uc2.ark+=13960=t4pk07f72	/works/OL7548892W	oclc	
OL7548984W	1	1	"""Timber"""	1922	0.84	1.0	uc2.ark+=13960=t5j964c03	/works/OL7548984W	oclc	
OL7549135W	1	1	On the iron at Big Cloud	1911	0.88	1.0	uc2.ark+=13960=t41r6q778	/works/OL7549135W	oclc	
OL7549147W	2	1	The wire devils	1918	0.89	1.0	mdp.39015056725909|uc2.ark+=13960=t5h991z1s	/works/OL7549147W	oclc	
OL7549149W	2	1	The miracle man	1914	0.89	1.0	nyp.33433076060239|uc2.ark+=13960=t46q1v08k	/works/OL7549149W	oclc	
OL7549151W	1	1	The adventures of Jimmie Dale	1917	0.89	1.0	uc2.ark+=13960=t07w6762r	/works/OL7549151W	oclc	
OL7549670W	1	1	Old glory;	1901	0.86	1.0	nnc1.1002126931	/works/OL7549670W	oclc	
OL7550137W	1	1	Heather from the brae	1896	0.89	1.0	nyp.33433075872790	/works/OL7550137W	oclc	
OL7550304W	1	1	The feast of lanterns	1920	0.81	1.0	uva.x030801675	/works/OL7550304W	oclc	
OL7550610W	1	1	The Lady Doc	1912	0.83	1.0	nyp.33433076074966	/works/OL7550610W	oclc	
OL7550612W	2	1	The full of the moon	1914	0.89	1.0	nyp.33433076074974|uc2.ark+=13960=t1cj8bw2s	/works/OL7550612W	oclc	
OL7553377W	1	1	In buff and blue;	1897	0.88	1.0	njp.32101065710178	/works/OL7553377W	oclc	
OL7553856W	1	1	The Ethiopian;	1900	0.79	1.0	inu.30000121005502	/works/OL7553856W	oclc	
OL7555135W	1	1	Mafoota;	1907	0.89	1.0	nyp.33433075873541	/works/OL7555135W	oclc	
OL7555315W	1	1	Don Diego;	1914	0.7	0.999	uc2.ark+=13960=t8qb9vt3x	/works/OL7555315W	oclc	
OL7557195W	1	1	Suspected	1920	0.89	1.0	nyp.33433075769152	/works/OL7557195W	oclc	
OL7557862W	1	1	Arkinsaw cousins	1908	0.89	1.0	nyp.33433074851787	/works/OL7557862W	oclc	
OL7557865W	1	1	The Holland wolves	1902	0.89	1.0	uc2.ark+=13960=t4nk37p2m	/works/OL7557865W	oclc	
OL7557866W	1	1	Lahoma	1913	0.9	1.0	uc2.ark+=13960=t2c826z85	/works/OL7557866W	oclc	
OL7558580W	1	1	The backsliders	1922	0.89	1.0	nyp.33433076074412	/works/OL7558580W	oclc	
OL7558581W	2	1	The severed mantle	1909	0.88	1.0	nyp.33433076074313|uc2.ark+=13960=t48p5ww9x	/works/OL7558581W	oclc	
OL7558583W	1	1	Cinder-path tales	1896	0.87	1.0	nyp.33433076074586	/works/OL7558583W	oclc	
OL7559238W	3	1	"""In the twinkling of an eye,"""	1918	0.75	1.0	nnc1.50270569|uc1.b3327484|uc2.ark+=13960=t1vd6xj12	/works/OL7559238W	oclc	
OL7559486W	1	1	Up the hill and over	1917	0.89	1.0	nyp.33433074876099	/works/OL7559486W	oclc	
OL7559487W	3	1	The window-gazer	1921	0.89	1.0	nyp.33433074876081|uc1.b3325523|uc2.ark+=13960=t9t153g4d	/works/OL7559487W	oclc	
OL7559492W	4	1	With Pizarro in Peru	1892	0.89	1.0	mdp.39015063164654|nyp.33433075745863|uc1.b291510|uc2.ark+=13960=t5v69dc85	/works/OL7559492W	oclc	
OL7559968W	1	1	The X jewel	1896	0.81	1.0	uc2.ark+=13960=t5bc4607f	/works/OL7559968W	oclc	
OL7561552W	3	1	The Odyssey of a torpedoed transport	1918	0.6	1.0	nyp.33433008446761|uc2.ark+=13960=t70v8fn1r|wu.89100034222	/works/OL7561552W	oclc	
OL7561650W	2	1	The Tahquitch maiden	1911	0.79	0.998	uc1.$b630869|uc2.ark+=13960=t12n50j7p	/works/OL7561650W	oclc	
OL7562539W	1	1	The cave by the Beech fork;	1901	0.87	1.0	nyp.33433076021777	/works/OL7562539W	oclc	
OL7562541W	1	1	The sheriff of the Beech Fork;	1903	0.87	1.0	uva.x030801531	/works/OL7562541W	oclc	
OL7562586W	2	2	The black bag	1908	0.9	1.0	mdp.39015063977006|uc2.ark+=13960=t6251h91w	/works/OL7562586W	oclc	
OL7563514W	1	1	The cruise of the Noah's ark	1922	0.87	1.0	mdp.39015074365092	/works/OL7563514W	oclc	
OL7564449W	1	1	The single star	1918	0.77	1.0	nyp.33433082485396	/works/OL7564449W	oclc	
OL7564701W	2	1	The burden of Christopher	1900	0.89	1.0	njp.32101066457803|uc2.ark+=13960=t9m32p10c	/works/OL7564701W	oclc	
OL7564702W	1	1	Long Will	1903	0.86	1.0	njp.32101066457811	/works/OL7564702W	oclc	
OL7568348W	2	2	The outrage	1918	0.89	1.0	uc2.ark+=13960=t13n22s4c|nyp.33433082486105	/works/OL7568348W	oclc	
OL7571950W	1	1	The prince incognito	1902	0.88	1.0	nyp.33433076069941	/works/OL7571950W	oclc	
OL7572057W	1	1	McLoughlin and old Oregon; a chronicle	1903	0.6	1.0	uva.x030736387	/works/OL7572057W	oclc	
OL7572062W	3	2	McLoughlin and old Oregon;	1900	0.72	1.0	mdp.39015063916699|uc1.$b630636|uc2.ark+=13960=t6k06zb40	/works/OL7572062W	oclc	
OL7572905W	1	1	An Eskimo Robinson Crusoe	1917	0.86	0.998	mdp.39015078571661	/works/OL7572905W	oclc	
OL7576498W	1	1	The loyalist;	1920	0.79	1.0	uc2.ark+=13960=t2f767m3g	/works/OL7576498W	oclc	
OL7576661W	2	1	Middle aged love stories	1903	0.89	1.0	njp.32101064786757|uc2.ark+=13960=t7qn6141r	/works/OL7576661W	oclc	
OL7578686W	2	1	Red-Robin	1922	0.89	1.0	uc2.ark+=13960=t7br8pc90|uva.x030802609	/works/OL7578686W	oclc	
OL7581291W	1	1	Children in the mist	1920	0.89	0.999	mdp.39015063944121	/works/OL7581291W	oclc	
OL7581297W	1	1	A Warwickshire lad;	1916	0.87	0.999	uc2.ark+=13960=t48p5z90s	/works/OL7581297W	oclc	
OL7582318W	2	1	John Vytal;	1901	0.88	1.0	nc01.ark+=13960=t2t43qc4v|nyp.33433076050941	/works/OL7582318W	oclc	
OL7584797W	1	1	Her provincial cousin;	1893	0.82	1.0	nyp.33433074795323	/works/OL7584797W	oclc	
OL7584920W	2	1	With the jungle folk	1897	0.89	1.0	mdp.39015059375389|uc2.ark+=13960=t6k07078c	/works/OL7584920W	oclc	
OL7586627W	2	1	A dream of a throne;	1900	0.9	1.0	uc1.b248815|uc2.ark+=13960=t8gf0p980	/works/OL7586627W	oclc	
OL7587316W	1	1	The Passover	1910	0.75	1.0	uc2.ark+=13960=t5h991m76	/works/OL7587316W	oclc	
OL7588020W	2	1	Through green glasses	1889	0.87	1.0	mdp.39015063916772|nyp.33433074968268	/works/OL7588020W	oclc	
OL7590049W	2	1	The woman with a stone heart;	1914	0.75	0.999	mdp.39015047631851|nyp.33433074818786	/works/OL7590049W	oclc	
OL7590861W	1	1	Why I left my husband	1912	0.89	1.0	nyp.33433076041585	/works/OL7590861W	oclc	
OL7592218W	1	1	Sandy from the Sierras	1906	0.83	1.0	nyp.33433084128978	/works/OL7592218W	oclc	
OL7596879W	1	1	The money-maker;	1918	0.84	1.0	nyp.33433082173158	/works/OL7596879W	oclc	
OL7596894W	2	1	A new Alice in the old Wonderland	1895	0.89	1.0	mdp.39015008784962|nyp.33433082297437	/works/OL7596894W	oclc	
OL7597642W	1	1	The Polly Page yacht club	1910	0.84	1.0	uc2.ark+=13960=t87h1gn8w	/works/OL7597642W	oclc	
OL7597647W	1	1	"""Us fellers"""	1907	0.87	0.999	nyp.33433082535851	/works/OL7597647W	oclc	
OL7599678W	1	1	Shakespeare and the heart of a child	1922	0.85	1.0	nyp.33433082284625	/works/OL7599678W	oclc	
OL7601983W	1	1	Kawich's gold mine	1913	0.6	1.0	nyp.33433074856968	/works/OL7601983W	oclc	
OL7602440W	1	1	The echo of Union chapel	1912	0.89	1.0	nyp.33433076076748	/works/OL7602440W	oclc	
OL7603942W	1	1	Toby;	1912	0.89	1.0	nyp.33433076088685	/works/OL7603942W	oclc	
OL7603943W	1	1	Where the souls of men are calling;	1918	0.77	1.0	uc2.ark+=13960=t17m0459p	/works/OL7603943W	oclc	
OL7604182W	1	1	Reminiscences of a preacher	1887	0.54	1.0	nyp.33433068236201	/works/OL7604182W	oclc	
OL7605415W	2	1	The modern pariah	1892	0.89	1.0	njp.32101067644821|uc2.ark+=13960=t82j68z5p	/works/OL7605415W	oclc	
OL7607823W	2	1	The stormy Petrel;	1892	0.9	1.0	nc01.ark+=13960=t0ht3dn0b|njp.32101066455534	/works/OL7607823W	oclc	
OL7624224W	1	1	The playground of Satan	1918	0.66	1.0	nyp.33433074828108	/works/OL7624224W	oclc	
OL7629196W	1	1	Quaker-born ;	1916	0.87	1.0	nyp.33433074850979	/works/OL7629196W	oclc	
OL7629806W	3	1	A book of narratives	1917	0.78	1.0	mdp.39015028520644|mdp.39015030884202|uc2.ark+=13960=t7mp4zp1r	/works/OL7629806W	oclc	
OL76325W	1	1	The Club of Queer Trades	1905	0.8	1.0	mdp.39015010392929	/works/OL76325W	oclc	
OL7632897W	1	1	The finding of Norah	1918	0.84	1.0	nyp.33433076090376	/works/OL7632897W	oclc	
OL76344W	1	1	The flying inn	1914	0.79	1.0	uc2.ark+=13960=t13n24n8b	/works/OL76344W	oclc	
OL7637933W	2	1	Where your treasure is	1922	0.89	1.0	nyp.33433075756712|uc2.ark+=13960=t4qj79g50	/works/OL7637933W	oclc	
OL7639215W	1	1	David	1922	0.89	1.0	uc2.ark+=13960=t2c82649w	/works/OL7639215W	oclc	
OL7640543W	1	1	In the shoe string country;	1906	0.81	1.0	nnc1.1002151774	/works/OL7640543W	oclc	
OL7640894W	2	1	Molly and I	1915	0.83	0.999	nyp.33433082175526|uc2.ark+=13960=t2988490m	/works/OL7640894W	oclc	
OL7640934W	2	1	Emerson's wife	1911	0.89	1.0	nyp.33433076067481|uc1.b3324635	/works/OL7640934W	oclc	
OL7640936W	1	1	Rhoda of the Underground	1909	0.89	1.0	nyp.33433076067465	/works/OL7640936W	oclc	
OL7642511W	3	1	Brokenburne;	1897	0.78	0.998	nc01.ark+=13960=t11n8w13m|nc01.ark+=13960=t3417gd3g|uva.x001648177	/works/OL7642511W	oclc	
OL76468W	2	1	The man who knew too much	1922	0.89	1.0	nyp.33433074940978|uc2.ark+=13960=t9m32s36d	/works/OL76468W	oclc	
OL7646940W	1	1	The new senior at Andover	1891	0.89	1.0	uc2.ark+=13960=t7tm73z6q	/works/OL7646940W	oclc	
OL7646941W	1	1	The burglar who moved paradise	1897	0.88	1.0	uc2.ark+=13960=t21c1w25w	/works/OL7646941W	oclc	
OL76470W	1	1	The ball and the cross	1909	0.82	1.0	uc2.ark+=13960=t7sn0gj0c	/works/OL76470W	oclc	
OL76473W	5	5	The Napoleon of Notting Hill	1912	0.83	1.0	ien.35556007064132|njp.32101076045689|inu.32000009291495|uc2.ark+=13960=t9j38ps6s|uc2.ark+=13960=t37081331	/works/OL76473W	oclc	
OL76475W	3	2	Manalive	1912	0.89	1.0	mdp.39015014615408|nyp.33433081998340|uc2.ark+=13960=t29883h2v	/works/OL76475W	oclc	
OL76487W	3	2	The man who was Thursday;	1908	0.84	1.0	coo.31924013462860|uc1.32106001930194|uc2.ark+=13960=t8v98927w	/works/OL76487W	oclc	
OL76506W	4	1	The island of sheep	1920	0.87	1.0	dul1.ark+=13960=t9m33gs23|mdp.39015063913571|nyp.33433074938600|wu.89092545946	/works/OL76506W	oclc	
OL76507W	1	1	John Burnet of Barns;	1898	0.82	1.0	uc2.ark+=13960=t6930w82k	/works/OL76507W	oclc	
OL7651101W	1	1	The flower of France	1906	0.88	0.998	nyp.33433074875133	/works/OL7651101W	oclc	
OL7651105W	1	1	The gorgeous Borgia;	1909	0.88	1.0	nyp.33433074875117	/works/OL7651105W	oclc	
OL7651112W	1	1	Needles and pins;	1907	0.86	1.0	nyp.33433074875166	/works/OL7651112W	oclc	
OL7651113W	2	1	Nurse Benson	1919	0.89	1.0	mdp.39015063941564|nyp.33433074875158	/works/OL7651113W	oclc	
OL7651123W	1	1	The god of love	1909	0.89	0.999	uc2.ark+=13960=t95719g13	/works/OL7651123W	oclc	
OL7651132W	3	1	The proud prince	1903	0.88	1.0	mdp.39015063933041|nyp.33433074893748|uc2.ark+=13960=t5t72mt1g	/works/OL7651132W	oclc	
OL7651136W	3	2	If I were king	1901	0.89	1.0	mdp.39015063933181|uc2.ark+=13960=t2q52gn14|mdp.39015063933033	/works/OL7651136W	oclc	
OL7651195W	1	1	Ploughed under	1881	0.89	0.999	uc1.b251173	/works/OL7651195W	oclc	
OL7651196W	2	1	A timid brave	1886	0.74	1.0	uc1.b251174|uc2.ark+=13960=t25b01n7n	/works/OL7651196W	oclc	
OL7652412W	3	1	The seventh Christmas	1917	0.74	0.999	mdp.39015063917879|nyp.33433074958475|uc2.ark+=13960=t2h709z4m	/works/OL7652412W	oclc	
OL7652415W	3	1	The test of scarlet	1919	0.65	1.0	mdp.39015028004359|nyp.33433074958491|uc2.ark+=13960=t4th8d54p	/works/OL7652415W	oclc	
OL76527W	2	1	The watcher by the threshold	1918	0.85	1.0	mdp.39015004195957|uc2.ark+=13960=t74t6nt04	/works/OL76527W	oclc	
OL7655650W	1	1	College girls	1895	0.83	1.0	uc2.ark+=13960=t1kh0gf3k	/works/OL7655650W	oclc	
OL7655651W	2	1	The star-gazers	1910	0.82	1.0	nyp.33433076089295|uva.x030805747	/works/OL7655651W	oclc	
OL76564W	1	1	Sir Quixote of the Moors	1895	0.82	1.0	uc2.ark+=13960=t1rf5sg5g	/works/OL76564W	oclc	
OL76582W	5	3	The power-house	1916	0.88	1.0	uva.x001993164|njp.32101007946880|inu.32000006472429|uc1.b3144888|uc2.ark+=13960=t9f47r67h	/works/OL76582W	oclc	
OL7658360W	1	1	A church yard story	1904	0.88	0.997	uc2.ark+=13960=t7qn6183h	/works/OL7658360W	oclc	
OL76590W	2	2	Salute to adventures	1915	0.89	1.0	mdp.39015012266212|uc2.ark+=13960=t6qz28v2v	/works/OL76590W	oclc	
OL76594W	2	2	The path of the king	1921	0.88	1.0	inu.39000001187116|njp.32101067631778	/works/OL76594W	oclc	
OL76595W	3	3	Prester John	1910	0.88	1.0	mdp.39015017665251|mdp.39015012954619|uc2.ark+=13960=t0ms3s77g	/works/OL76595W	oclc	
OL76598W	1	1	Mr. Standfast	1919	0.89	1.0	nyp.33433074930961	/works/OL76598W	oclc	
OL7660227W	1	1	The alien;	1901	0.88	1.0	nyp.33433074904776	/works/OL7660227W	oclc	
OL7660230W	1	1	Cruising and blockading	1885	0.88	1.0	nc01.ark+=13960=t4rj52r57	/works/OL7660230W	oclc	
OL7660231W	1	1	The sea letter	1901	0.83	1.0	uc2.ark+=13960=t79s1nf3z	/works/OL7660231W	oclc	
OL7662738W	1	1	Miss Eagle, the suffragette	1909	0.59	0.998	nyp.33433074958525	/works/OL7662738W	oclc	
OL76632W	3	1	Captain Jacobus	1896	0.9	1.0	uc1.b248350|uc2.ark+=13960=t0vq2tb7b|uva.x030735943	/works/OL76632W	oclc	
OL7665279W	1	1	A friend at court	1904	0.82	1.0	nyp.33433074902101	/works/OL7665279W	oclc	
OL7666770W	3	2	The William Henry letters	1886	0.89	1.0	uc2.ark+=13960=t6qz23c0j|nyp.33433082521174|uc2.ark+=13960=t2g737g9r	/works/OL7666770W	oclc	
OL7666789W	1	1	Miss Washington, of Virginia	1893	0.69	1.0	uc2.ark+=13960=t1kh0f84d	/works/OL7666789W	oclc	
OL7667859W	3	1	Mistress Nell;	1901	0.89	1.0	mdp.39015063923398|uc2.ark+=13960=t54f1n061|uva.x030833057	/works/OL7667859W	oclc	
OL7669913W	1	1	Portland, Oregon A. D. 1999, and other sketches	1913	0.6	0.999	uc2.ark+=13960=t75t3h44m	/works/OL7669913W	oclc	
OL7672068W	1	1	The duke's price	1910	0.88	1.0	nyp.33433074815048	/works/OL7672068W	oclc	
OL7672696W	2	1	Sea fighters;	1920	0.86	1.0	mdp.39015063945029|nyp.33433082485743	/works/OL7672696W	oclc	
OL7673075W	2	1	Vivian of Mackinac	1911	0.88	0.999	mdp.39015071558467|uc2.ark+=13960=t2d796q8n	/works/OL7673075W	oclc	
OL7674943W	1	1	The Kara Yerta tragedy	1889	0.89	1.0	nyp.33433074850706	/works/OL7674943W	oclc	
OL767580W	1	1	Zuleika Dobson	1911	0.89	1.0	uc2.ark+=13960=t10p12n34	/works/OL767580W	oclc	
OL7678585W	1	1	A United States midshipman in the Philippines	1910	0.89	0.999	mdp.39015051369141	/works/OL7678585W	oclc	
OL7678590W	1	1	A United States midshipman afloat	1908	0.9	1.0	uc2.ark+=13960=t1pg1hr6f	/works/OL7678590W	oclc	
OL7680606W	1	1	The bells of the blue pagoda;	1922	0.83	1.0	nyp.33433074836127	/works/OL7680606W	oclc	
OL7680607W	2	1	Church Street	1922	0.73	1.0	njp.32101063606055|uc2.ark+=13960=t4th8cs69	/works/OL7680607W	oclc	
OL7681343W	2	1	Parvati;	1919	0.89	1.0	nyp.33433075815575|uc2.ark+=13960=t2r49jz3k	/works/OL7681343W	oclc	
OL7682581W	1	1	Boy scouts in the Philippines;	1911	0.83	1.0	mdp.39015000598626	/works/OL7682581W	oclc	
OL7682905W	3	1	My lady	1894	0.9	1.0	nyp.33433076066285|uc1.b249580|uc2.ark+=13960=t7qn6129q	/works/OL7682905W	oclc	
OL7684700W	2	1	Sons of the sword	1901	0.89	1.0	nyp.33433075873673|uc2.ark+=13960=t9571cj0b	/works/OL7684700W	oclc	
OL7685103W	1	1	Master tales of Mystery	1915	0.88	1.0	mdp.39015030910304	/works/OL7685103W	oclc	
OL7687487W	1	1	An apprentice to truth	1910	0.89	1.0	nyp.33433076088966	/works/OL7687487W	oclc	
OL7689064W	2	1	Letters of a Dakota divorcee	1909	0.87	1.0	nyp.33433075770192|uc2.ark+=13960=t6c24rx9m	/works/OL7689064W	oclc	
OL7689786W	2	1	When the Norman came	1918	0.68	1.0	uc1.b3327597|uc2.ark+=13960=t57d3000m	/works/OL7689786W	oclc	
OL7692742W	1	1	The Wild Rose of Lough Gill;	1883	0.84	1.0	nyp.33433075750939	/works/OL7692742W	oclc	
OL7693247W	1	1	John Stevens' courtship	1909	0.87	1.0	uc2.ark+=13960=t6251h988	/works/OL7693247W	oclc	
OL7697556W	2	1	Bildad the quill-driver	1916	0.7	1.0	uc1.b3332941|uc2.ark+=13960=t6251qg3k	/works/OL7697556W	oclc	
OL7703254W	1	1	Avanti!	1912	0.75	0.999	nyp.33433076024672	/works/OL7703254W	oclc	
OL7703255W	1	1	Deborah	1901	0.87	1.0	mdp.39015042925076	/works/OL7703255W	oclc	
OL7703258W	1	1	Jesse ben David	1907	0.74	1.0	nyp.33433068251200	/works/OL7703258W	oclc	
OL7703262W	1	1	That angelic woman	1892	0.8	1.0	njp.32101065713586	/works/OL7703262W	oclc	
OL7703264W	1	1	A king of Tyre	1891	0.72	1.0	uc2.ark+=13960=t3nv99j2d	/works/OL7703264W	oclc	
OL7703265W	2	1	Sir Raoul [by] James M. Ludlow;	1905	0.89	1.0	nyp.33433076024664|uva.x030758866	/works/OL7703265W	oclc	
OL7703746W	1	1	Stories from the chronicle of the Cid	1910	0.78	1.0	mdp.39015066066005	/works/OL7703746W	oclc	
OL7703948W	2	1	Jena or Sedan?	1905	0.89	1.0	uc1.b4223371|uc2.ark+=13960=t03x8433h	/works/OL7703948W	oclc	
OL7704511W	1	1	The Rambler club in the mountains	1910	0.89	1.0	nyp.33433082284286	/works/OL7704511W	oclc	
OL7706369W	2	1	The snare of circumstance	1910	0.89	0.999	nyp.33433074815543|uc2.ark+=13960=t6348j68z	/works/OL7706369W	oclc	
OL7706542W	1	1	Through war to peace	1891	0.88	0.999	nc01.ark+=13960=t41r7m294	/works/OL7706542W	oclc	
OL7706604W	1	1	Fate of a fairy	1910	0.88	0.999	nyp.33433074869581	/works/OL7706604W	oclc	
OL7706950W	1	1	In Kali's country;	1910	0.79	1.0	mdp.39015059435787	/works/OL7706950W	oclc	
OL7707305W	2	1	Gena of the Appalachians	1910	0.87	1.0	nc01.ark+=13960=t3jw8cw18|nyp.33433076061120	/works/OL7707305W	oclc	
OL7707407W	4	1	Flotsam and jetsam	1883	0.88	1.0	loc.ark+=13960=t2x35dm0p|mdp.39015012354869|uc1.b275069|uc2.ark+=13960=t3tt4j07v	/works/OL7707407W	oclc	
OL7707449W	1	1	Mahanomah	1910	0.88	0.999	nyp.33433081936316	/works/OL7707449W	oclc	
OL7707585W	1	1	"""Me--Smith"""	1911	0.83	1.0	nyp.33433076061658	/works/OL7707585W	oclc	
OL7708624W	1	1	A sinner in Israel	1911	0.88	1.0	nyp.33433074944459	/works/OL7708624W	oclc	
OL7708926W	2	1	The Casino girl in London, by herself;	1898	0.89	1.0	nyp.33433074848171|uc2.ark+=13960=t5s758f55	/works/OL7708926W	oclc	
OL7709204W	2	1	Glamourie;	1911	0.72	1.0	nyp.33433076072341|uc2.ark+=13960=t7wm15v52	/works/OL7709204W	oclc	
OL7709270W	1	1	Love's inferno	1916	0.76	1.0	njp.32101067517522	/works/OL7709270W	oclc	
OL7709295W	2	1	The ward of Tecumseh	1914	0.89	1.0	nyp.33433076051501|uc2.ark+=13960=t71v5dh5n	/works/OL7709295W	oclc	
OL7709324W	1	1	Old Mr. Davenant's money	1908	0.89	1.0	nyp.33433074942164	/works/OL7709324W	oclc	
OL7709325W	2	1	The prisoner of Ornith farm	1906	0.89	1.0	nyp.33433074811203|uc2.ark+=13960=t9q23t20f	/works/OL7709325W	oclc	
OL7709539W	2	2	My lady of the South	1909	0.89	1.0	nyp.33433076060437|nnc1.cu58326839	/works/OL7709539W	oclc	
OL7709542W	1	1	"""Contraband"";"	1916	0.89	1.0	mdp.39015063946043	/works/OL7709542W	oclc	
OL7709544W	1	1	The last voyage of the Donna Isabel;	1908	0.89	1.0	mdp.39015063946332	/works/OL7709544W	oclc	
OL7709546W	2	1	The maid of the forest;	1913	0.89	1.0	mdp.39015063946183|uc2.ark+=13960=t85h7fk2b	/works/OL7709546W	oclc	
OL7709549W	2	1	The red mist	1914	0.84	1.0	nyp.33433044577082|uc2.ark+=13960=t59c6vn1c	/works/OL7709549W	oclc	
OL7709554W	3	1	Beyond the frontier;	1915	0.9	1.0	nyp.33433076060395|uc1.b3325453|uc2.ark+=13960=t81j98q8t	/works/OL7709554W	oclc	
OL7709559W	4	2	A sword of the old frontier	1905	0.89	1.0	nnc1.cu58326820|mdp.39015063946035|nyp.33433076060759|uc2.ark+=13960=t1sf2pk86	/works/OL7709559W	oclc	
OL7709561W	1	1	Molly McDonald;	1912	0.89	1.0	uc2.ark+=13960=t6n01072t	/works/OL7709561W	oclc	
OL7709562W	2	1	Gordon Craig, soldier of fortune	1912	0.89	0.999	nyp.33433076060486|uc2.ark+=13960=t73t9g51v	/works/OL7709562W	oclc	
OL7709566W	2	1	My lady of the North;	1904	0.89	1.0	nyp.33433076060445|uc2.ark+=13960=t3319sj8v	/works/OL7709566W	oclc	
OL7709571W	3	1	When wilderness was king;	1904	0.89	1.0	mdp.39015013150852|uc2.ark+=13960=t2x34n19x|uc2.ark+=13960=t6445ht79	/works/OL7709571W	oclc	
OL7709572W	1	1	Wolves of the sea;	1918	0.89	1.0	nyp.33433040912283	/works/OL7709572W	oclc	
OL7709573W	3	2	The devil's own	1917	0.89	1.0	nyp.33433076060502|uc1.b4104344|uc2.ark+=13960=fk5h98zp4j	/works/OL7709573W	oclc	
OL7709575W	3	2	Beth Norvell	1907	0.87	1.0	uc1.b3325452|uc2.ark+=13960=t2v40kz9d|uc2.ark+=13960=t5m902j8q	/works/OL7709575W	oclc	
OL7709993W	1	1	The West End;	1900	0.9	1.0	njp.32101065597393	/works/OL7709993W	oclc	
OL7710003W	1	1	The familiar letters of Peppermint Perkins	1894	0.83	1.0	mdp.39015063946027	/works/OL7710003W	oclc	
OL7710162W	1	1	Prince or chauffeur?	1911	0.84	0.999	nyp.33433076049703	/works/OL7710162W	oclc	
OL7710171W	2	1	Ben Blair	1905	0.89	1.0	nyp.33433076090236|uc2.ark+=13960=t92806h6r	/works/OL7710171W	oclc	
OL7710599W	1	1	The blue goose chase	1911	0.88	1.0	nyp.33433066630496	/works/OL7710599W	oclc	
OL7710777W	1	1	The American	1919	0.88	1.0	nyp.33433074811146	/works/OL7710777W	oclc	
OL7710780W	2	1	Miss Livingston's companion;	1911	0.89	1.0	nyp.33433074810114|uc2.ark+=13960=t54f1n03k	/works/OL7710780W	oclc	
OL7710782W	3	2	The rose of old St. Louis	1904	0.87	1.0	mdp.39015063546702|uc2.ark+=13960=t9b56dt9f|wu.89099782617	/works/OL7710782W	oclc	
OL7710844W	2	1	The king who came	1913	0.79	1.0	nyp.33433076029598|uc2.ark+=13960=t7mp4xm1f	/works/OL7710844W	oclc	
OL7711045W	3	1	Nathan Burke	1910	0.74	1.0	mdp.39015068405433|nyp.33433076072721|uc2.ark+=13960=t0js9j47w	/works/OL7711045W	oclc	
OL7711234W	2	1	Poseidon's paradise	1892	0.89	1.0	uc2.ark+=13960=t8w951q8r|wu.89098012016	/works/OL7711234W	oclc	
OL7711250W	2	1	A blind lead	1888	0.79	1.0	uc1.b249516|uc2.ark+=13960=t3fx76k2p	/works/OL7711250W	oclc	
OL7711254W	3	1	Wild work;	1881	0.9	1.0	mdp.39015038809680|nc01.ark+=13960=t59c7jf6r|uc1.b119834	/works/OL7711254W	oclc	
OL7711261W	2	1	Mrs. Clyde	1901	0.84	1.0	njp.32101068168341|uc2.ark+=13960=t3ws8k70t	/works/OL7711261W	oclc	
OL7711544W	2	1	Short stories of the new America, interpreting the America of this age to high school boys and girls	1919	0.81	1.0	nyp.33433082295274|uc2.ark+=13960=t02z1331h	/works/OL7711544W	oclc	
OL7711761W	1	1	The royal pawn of Venice;	1911	0.81	1.0	nyp.33433076042120	/works/OL7711761W	oclc	
OL7711762W	1	1	Val-Maria	1893	0.58	1.0	nyp.33433074962691	/works/OL7711762W	oclc	
OL7711830W	1	1	A little girl in old Boston	1898	0.89	1.0	uc2.ark+=13960=t3hx16426	/works/OL7711830W	oclc	
OL7711864W	1	1	A little girl in old Philadelphia	1899	0.89	1.0	wu.89098022445	/works/OL7711864W	oclc	
OL7711866W	1	1	A little girl in old San Francisco	1905	0.84	1.0	uc1.b4353798	/works/OL7711866W	oclc	
OL7713298W	1	1	The voice unheard;	1913	0.89	0.997	nyp.33433074852231	/works/OL7713298W	oclc	
OL7713301W	1	1	Don Sagasto's daughter	1911	0.88	1.0	nyp.33433074833652	/works/OL7713301W	oclc	
OL7713552W	1	1	The Red Fox's son	1911	0.88	1.0	nyp.33433074810148	/works/OL7713552W	oclc	
OL7713675W	1	1	Horacio	1913	0.87	1.0	uc2.ark+=13960=t3kw59b2x	/works/OL7713675W	oclc	
OL7714227W	1	1	A knight of the golden circle	1911	0.72	1.0	mdp.39015063933850	/works/OL7714227W	oclc	
OL7714570W	1	1	The baronet in corduroy	1903	0.89	1.0	nyp.33433074877840	/works/OL7714570W	oclc	
OL7714656W	1	1	Kaiuolani, a princess of Hawaii	1912	0.9	1.0	uc2.ark+=13960=t1vd6pt08	/works/OL7714656W	oclc	
OL7714658W	2	1	Yodogima	1911	0.89	1.0	nyp.33433082169024|uc2.ark+=13960=t4xg9gg12	/works/OL7714658W	oclc	
OL7715107W	1	1	The Burgundian	1912	0.89	1.0	nyp.33433082170717	/works/OL7715107W	oclc	
OL7715109W	1	1	Sir John Hawkwood;	1911	0.88	1.0	nyp.33433082170709	/works/OL7715109W	oclc	
OL7715111W	1	1	The firefly of France	1918	0.89	1.0	nyp.33433082485958	/works/OL7715111W	oclc	
OL7715585W	1	1	Aunt Sarah & the war;	1915	0.7	1.0	nyp.33433074901897	/works/OL7715585W	oclc	
OL7715763W	1	1	Grandmother	1911	0.81	1.0	uc2.ark+=13960=t19k4768p	/works/OL7715763W	oclc	
OL7715849W	2	1	Desmond Rourke, Irishman	1911	0.83	1.0	nyp.33433075762199|uc2.ark+=13960=t9280jg9w	/works/OL7715849W	oclc	
OL7715986W	1	1	The Wall street girl	1916	0.88	0.999	mdp.39015030855418	/works/OL7715986W	oclc	
OL7715987W	2	1	Big Laurel	1922	0.84	1.0	nc01.ark+=13960=t6rx99j6s|nyp.33433074800073	/works/OL7715987W	oclc	
OL7716072W	1	1	The big strike at Siwash	1909	0.77	0.999	uc2.ark+=13960=t6833r907	/works/OL7716072W	oclc	
OL7716074W	2	1	At good old Siwash	1911	0.89	1.0	nyp.33433076066095|uc2.ark+=13960=t1mg7g543	/works/OL7716074W	oclc	
OL7716141W	1	1	Fritz in Germany	1910	0.87	0.998	nnc1.cu12144142	/works/OL7716141W	oclc	
OL7716143W	1	1	Josefa in Spain	1912	0.83	0.997	nnc1.cu12144363	/works/OL7716143W	oclc	
OL7716145W	1	1	Marta in Holland	1918	0.83	0.999	mdp.39015017995351	/works/OL7716145W	oclc	
OL7716687W	2	1	The parsonage porch;	1900	0.8	1.0	nyp.33433076094659|uc2.ark+=13960=t56d5pq55	/works/OL7716687W	oclc	
OL7716688W	1	1	Ronald Carnaquay;	1903	0.8	1.0	uc2.ark+=13960=t0zp3w14n	/works/OL7716688W	oclc	
OL7716740W	2	1	The Red Swan's Neck	1911	0.89	1.0	nc01.ark+=13960=t3pv6j64z|nyp.33433074901855	/works/OL7716740W	oclc	
OL7716832W	2	1	Christmas vs. fourth of July	1908	0.8	1.0	mdp.39015063587573|nyp.33433082520978	/works/OL7716832W	oclc	
OL7716915W	1	1	Cicely; a tale of the Georgia march	1911	0.89	1.0	nyp.33433076089147	/works/OL7716915W	oclc	
OL7716917W	1	1	Joscelyn Cheshire;	1902	0.89	1.0	nc01.ark+=13960=t7rn36g6w	/works/OL7716917W	oclc	
OL7716999W	2	1	The toy shop;	1908	0.82	0.999	uc2.ark+=13960=fk9571895x|uiuo.ark+=13960=t55d8vj5t	/works/OL7716999W	oclc	
OL7717026W	1	1	On the frontier with St. Clair	1902	0.84	1.0	uva.x002263924	/works/OL7717026W	oclc	
OL7717033W	3	1	The Lone Star	1907	0.89	1.0	mdp.39015063942364|nyp.33433076024474|uc2.ark+=13960=t3xs5m72c	/works/OL7717033W	oclc	
OL7717034W	2	1	The Missourian	1905	0.84	1.0	uc2.ark+=13960=t27941g0t|uc2.ark+=13960=t5cc0vf2h	/works/OL7717034W	oclc	
OL7717035W	3	1	The transformation of Krag	1911	0.89	1.0	mdp.39015063942513|nyp.33433076024466|uc2.ark+=13960=t2b85573r	/works/OL7717035W	oclc	
OL7717129W	1	1	The little sufferers	1911	0.84	1.0	uc2.ark+=13960=t3hx16197	/works/OL7717129W	oclc	
OL7717243W	2	2	Diane	1906	0.9	1.0	uc2.ark+=13960=t0ms3kz01|mdp.39015063517166	/works/OL7717243W	oclc	
OL7717327W	1	1	Christopher Quarles	1914	0.89	0.999	nyp.33433074929336	/works/OL7717327W	oclc	
OL7717337W	1	1	The master detective;	1916	0.89	1.0	nyp.33433074929401	/works/OL7717337W	oclc	
OL7717525W	3	2	Flamsted quarries	1910	0.89	1.0	nyp.33433075755219|uc2.ark+=13960=t29882v7b|mdp.39015063959517	/works/OL7717525W	oclc	
OL7717531W	1	1	A year out of life	1909	0.81	0.999	nyp.33433076057284	/works/OL7717531W	oclc	
OL7717541W	2	1	The wood-carver of 'Lympus	1907	0.88	1.0	nyp.33433076056971|uc2.ark+=13960=t0ks6j64h	/works/OL7717541W	oclc	
OL7717587W	1	1	A Viking's love	1911	0.71	0.999	uc2.ark+=13960=t83j3bj8r	/works/OL7717587W	oclc	
OL7717588W	1	1	The Vinland champions	1904	0.82	1.0	uc2.ark+=13960=t4hm54352	/works/OL7717588W	oclc	
OL7717589W	3	1	The thrall of Leif the Lucky	1902	0.9	1.0	mdp.39015063942315|nyp.33433075785745|uc2.ark+=13960=t07w6768n	/works/OL7717589W	oclc	
OL7717789W	1	1	The twelve best tales by English writers;	1911	0.8	0.999	uc2.ark+=13960=t89g5kp8c	/works/OL7717789W	oclc	
OL7717847W	1	1	J. P. Dunbar;	1906	0.84	1.0	nyp.33433076084098	/works/OL7717847W	oclc	
OL7717853W	2	1	Great short stories	1909	0.8	1.0	mdp.39015030995750|mdp.39015030995768	/works/OL7717853W	oclc	
OL7718170W	1	1	Tedos and Tisod	1911	0.63	1.0	njp.32101066134956	/works/OL7718170W	oclc	
OL7718504W	1	1	The broad aisle;	1899	0.82	1.0	uc2.ark+=13960=t6h12vt1s	/works/OL7718504W	oclc	
OL7718917W	1	1	The book of cowboys	1921	0.62	1.0	uc2.ark+=13960=t5n873q5j	/works/OL7718917W	oclc	
OL7720030W	4	1	One way out;	1911	0.82	1.0	mdp.39015063915626|nyp.33433069245896|uc1.b3377562|uc2.ark+=13960=t6nz8bx9m	/works/OL7720030W	oclc	
OL7720031W	1	1	The red geranium	1915	0.88	1.0	nyp.33433074800255	/works/OL7720031W	oclc	
OL77202W	1	1	Juanita;	1887	0.81	1.0	uc2.ark+=13960=t5z60cf09	/works/OL77202W	oclc	
OL7721307W	1	1	The red house on Rowan Street	1910	0.88	1.0	nyp.33433076024334	/works/OL7721307W	oclc	
OL7721543W	1	1	A freshman co-ed	1914	0.83	0.999	nyp.33433082346028	/works/OL7721543W	oclc	
OL7721845W	2	1	The standard bearer	1915	0.62	0.995	nyp.33433076034002|uc2.ark+=13960=t3tt4jf1s	/works/OL7721845W	oclc	
OL7722140W	1	1	The power supreme;	1908	0.89	1.0	nyp.33433076023229	/works/OL7722140W	oclc	
OL7722288W	2	1	A girl of the Blue Ridge	1915	0.89	1.0	nc01.ark+=13960=t6sx6bf61|uc2.ark+=13960=t81j97z91	/works/OL7722288W	oclc	
OL7722291W	1	1	The mountain girl	1912	0.89	1.0	nc01.ark+=13960=t5m90868q	/works/OL7722291W	oclc	
OL7722292W	1	1	When the gates lift up their heads	1901	0.9	0.999	nc01.ark+=13960=t9v122m8w	/works/OL7722292W	oclc	
OL7722565W	2	1	The stake	1912	0.89	1.0	nyp.33433074851852|uc2.ark+=13960=t5s758581	/works/OL7722565W	oclc	
OL7722682W	2	1	Aladdin from Broadway	1913	0.89	0.999	nyp.33433076087521|uc2.ark+=13960=t3mw2bv27	/works/OL7722682W	oclc	
OL7722809W	1	1	Rudra	1912	0.75	1.0	nyp.33433075767503	/works/OL7722809W	oclc	
OL7723037W	1	1	The silver buckle	1899	0.89	1.0	uc2.ark+=13960=t85h7cf36	/works/OL7723037W	oclc	
OL7723065W	2	1	The physician's wife and the things that pertain to her life	1894	0.88	1.0	uc2.ark+=13960=t5v698p8j|wu.89098883523	/works/OL7723065W	oclc	
OL7723340W	1	1	Only a dog;	1917	0.84	0.999	uc2.ark+=13960=t7cr5rq04	/works/OL7723340W	oclc	
OL7723800W	1	1	Hieronymus rides;	1912	0.89	1.0	nyp.33433076070121	/works/OL7723800W	oclc	
OL7723967W	2	1	The queer folk of Fife;	1897	0.89	1.0	uc1.b3327618|uc2.ark+=13960=t0ft8nx1k	/works/OL7723967W	oclc	
OL7724315W	2	1	The legends of Parsifal	1904	0.52	1.0	uc2.ark+=13960=t3hx16b6t|uva.x030447633	/works/OL7724315W	oclc	
OL7724433W	1	1	More stories of married life	1906	0.88	1.0	nyp.33433074840335	/works/OL7724433W	oclc	
OL7724434W	2	1	Some of us are married	1920	0.9	1.0	mdp.39015020087345|uc2.ark+=13960=t9p26rx0n	/works/OL7724434W	oclc	
OL7724435W	2	1	The suburban whirl	1907	0.88	1.0	mdp.39015007000428|nyp.33433074840327	/works/OL7724435W	oclc	
OL7724439W	1	1	The Ealing miracle;	1912	0.89	1.0	nyp.33433074920392	/works/OL7724439W	oclc	
OL7724562W	2	1	Succession;	1913	0.9	1.0	uc1.b3346962|uc2.ark+=13960=t1ng4rc67	/works/OL7724562W	oclc	
OL7724573W	3	2	Jamesie	1918	0.83	0.996	uc2.ark+=13960=t6qz25k21|uva.x000675729|uc2.ark+=13960=t1bk1bh3q	/works/OL7724573W	oclc	
OL7725545W	1	1	A woman for mayor	1909	0.89	1.0	mdp.39015039920882	/works/OL7725545W	oclc	
OL7725581W	1	1	Doodles, the sunshine boy	1915	0.88	0.999	uc2.ark+=13960=t23b5xr90	/works/OL7725581W	oclc	
OL7725586W	1	1	Polly of Lady Gay Cottage	1913	0.82	0.999	nyp.33433082531777	/works/OL7725586W	oclc	
OL7725707W	3	1	David Dunne;	1912	0.83	1.0	nyp.33433076051329|uc2.ark+=13960=t0vq2sf0w|uc2.ark+=13960=t94747d8k	/works/OL7725707W	oclc	
OL7725818W	1	1	Our gold mine at Hollyhurst	1893	0.7	0.992	mdp.39015039349405	/works/OL7725818W	oclc	
OL7726200W	1	1	Where the shamrock grows	1900	0.83	1.0	uc2.ark+=13960=t5m903k4n	/works/OL7726200W	oclc	
OL7726337W	2	1	The fall of Ulysses	1912	0.82	1.0	loc.ark+=13960=t0ks7578q|uc1.b3325286	/works/OL7726337W	oclc	
OL7726378W	1	1	Admiral's light	1907	0.81	1.0	uc2.ark+=13960=t86h4hw4b	/works/OL7726378W	oclc	
OL7726888W	1	1	The three fires;	1922	0.88	0.999	nyp.33433074848338	/works/OL7726888W	oclc	
OL7726889W	3	1	A dealer in empire;	1915	0.83	1.0	nyp.33433074848726|nyp.33433074938402|uc2.ark+=13960=t6c24r47b	/works/OL7726889W	oclc	
OL7727272W	1	1	The young shipper of the Great Lakes;	1912	0.82	1.0	uva.x030826038	/works/OL7727272W	oclc	
OL7727362W	1	1	For love of Mary Ellen;	1912	0.74	0.994	nyp.33433082300587	/works/OL7727362W	oclc	
OL7727803W	1	1	The book of the beastie	1912	0.76	1.0	mdp.39015074391551	/works/OL7727803W	oclc	
OL7729829W	1	1	A daughter of the covenant	1901	0.64	1.0	uva.x001423422	/works/OL7729829W	oclc	
OL7730165W	1	1	Three farms	1913	0.83	1.0	nyp.33433074799242	/works/OL7730165W	oclc	
OL7730331W	1	1	The cockpit of Santiago Key	1919	0.82	1.0	uva.x030788089	/works/OL7730331W	oclc	
OL7731249W	1	1	Doc Williams	1913	0.87	0.999	nyp.33433076090467	/works/OL7731249W	oclc	
OL7731636W	1	1	A prince of his race;	1913	0.87	0.998	nyp.33433074864665	/works/OL7731636W	oclc	
OL7732406W	1	1	The hills o' Hampshire	1913	0.82	1.0	nyp.33433076088412	/works/OL7732406W	oclc	
OL7732439W	1	1	Beneath Virginia skies	1904	0.76	1.0	uva.x000599389	/works/OL7732439W	oclc	
OL7732516W	1	1	Idonia	1914	0.89	1.0	nyp.33433075755201	/works/OL7732516W	oclc	
OL7733165W	1	1	With hooks of steel : a tale of old-time Virginia	1913	0.87	1.0	nyp.33433076058621	/works/OL7733165W	oclc	
OL7733169W	1	1	The towers of St. Nicholas	1913	0.89	1.0	nyp.33433074859376	/works/OL7733169W	oclc	
OL7733826W	1	1	An Oregon girl	1914	0.89	0.999	nyp.33433076048648	/works/OL7733826W	oclc	
OL7734570W	1	1	The soul of an artist	1905	0.69	0.999	uc2.ark+=13960=t3fx75z5n	/works/OL7734570W	oclc	
OL7734620W	1	1	A lad of Kent	1914	0.88	1.0	nyp.33433074858048	/works/OL7734620W	oclc	
OL7734966W	1	1	Trempealeau Mountain	1914	0.76	0.998	nyp.33433076061724	/works/OL7734966W	oclc	
OL7735043W	1	1	Marmaduke of Tennessee	1914	0.89	1.0	nyp.33433074840723	/works/OL7735043W	oclc	
OL7735186W	1	1	White Dawn	1914	0.83	1.0	nyp.33433076050834	/works/OL7735186W	oclc	
OL7735885W	1	1	Dadsie Dan	1914	0.81	0.996	nyp.33433044548828	/works/OL7735885W	oclc	
OL7736885W	1	1	Lieutenant What's-his-name	1915	0.89	0.999	nyp.33433076094881	/works/OL7736885W	oclc	
OL7736905W	1	1	Deborah Moses, or, Pen pictures of colonial life in New England	1915	0.87	1.0	nyp.33433075757785	/works/OL7736905W	oclc	
OL7737102W	1	1	Mimi	1918	0.86	1.0	nyp.33433082485545	/works/OL7737102W	oclc	
OL7737234W	1	1	Saul of Tarsus;	1906	0.8	1.0	nyp.33433076046022	/works/OL7737234W	oclc	
OL7739614W	1	1	The wonder girl	1915	0.87	0.999	uc2.ark+=13960=t3xs5nk85	/works/OL7739614W	oclc	
OL7739814W	1	1	The Washington Randolphs and their friends;	1915	0.88	1.0	nyp.33433074896212	/works/OL7739814W	oclc	
OL7740171W	1	1	Lucile of the vineyard	1915	0.57	1.0	nyp.33433076082373	/works/OL7740171W	oclc	
OL7740675W	1	1	Facing the German foe	1915	0.85	0.997	mdp.39076002194533	/works/OL7740675W	oclc	
OL7740873W	1	1	Maid of Ontario;	1905	0.87	1.0	nyp.33433075761183	/works/OL7740873W	oclc	
OL7740951W	1	1	Mr. Pickett of Detroit	1916	0.79	1.0	mdp.39015012326305	/works/OL7740951W	oclc	
OL7741668W	1	1	War and the weird	1916	0.74	0.999	uc2.ark+=13960=t85h7cv5j	/works/OL7741668W	oclc	
OL7741999W	1	1	Flames of the Blue Ridge	1919	0.84	1.0	nc01.ark+=13960=t6pz57r8t	/works/OL7741999W	oclc	
OL7742350W	1	1	From an Oregon ranch	1916	0.86	1.0	uc1.b3728082	/works/OL7742350W	oclc	
OL7742900W	1	1	The wane of an ideal;	1885	0.82	1.0	uc2.ark+=13960=t1kh0gv7w	/works/OL7742900W	oclc	
OL7743994W	2	1	The torch-bearers of Bohemia	1917	0.79	1.0	mdp.39015030584497|uc2.ark+=13960=t04x55w6v	/works/OL7743994W	oclc	
OL7744154W	1	1	A natural sequence	1895	0.88	1.0	uc2.ark+=13960=t9c53gb57	/works/OL7744154W	oclc	
OL7744214W	1	1	The village shield;	1917	0.86	0.999	uc2.ark+=13960=t5w66bv6t	/works/OL7744214W	oclc	
OL7744653W	1	1	The royal outlaw	1917	0.83	1.0	nyp.33433076084130	/works/OL7744653W	oclc	
OL7744821W	1	1	The Cornish penny	1922	0.88	1.0	nyp.33433074945175	/works/OL7744821W	oclc	
OL7744850W	1	1	Crowning an ideal	1920	0.85	1.0	mdp.39015063512522	/works/OL7744850W	oclc	
OL7745008W	1	1	The singing weaver and other stories	1917	0.85	0.999	nyp.33433070292747	/works/OL7745008W	oclc	
OL7746031W	1	1	The only Nancy	1917	0.88	1.0	nyp.33433076068778	/works/OL7746031W	oclc	
OL7746901W	1	1	Maktoub	1918	0.84	1.0	nyp.33433074817101	/works/OL7746901W	oclc	
OL7747235W	1	1	My airman over there	1918	0.84	1.0	uc2.ark+=13960=t7pn90b7r	/works/OL7747235W	oclc	
OL7747318W	2	1	The rag-picker of Paris	1890	0.77	1.0	uc2.ark+=13960=t0gt5ft5v|uc2.ark+=13960=t11n84210	/works/OL7747318W	oclc	
OL7747655W	1	1	Harbor Jim of Newfoundland	1922	0.76	1.0	uc2.ark+=13960=t1jh3fm18	/works/OL7747655W	oclc	
OL7747701W	3	1	The sister of a certain soldier	1918	0.82	1.0	mdp.39015068520660|uc1.b3581521|uc2.ark+=13960=t5db8589c	/works/OL7747701W	oclc	
OL7747751W	1	1	The court of Belshazzar	1918	0.89	1.0	nyp.33433076058464	/works/OL7747751W	oclc	
OL7749050W	1	1	The maid of the Combahee ;	1918	0.67	0.999	nyp.33433075754568	/works/OL7749050W	oclc	
OL7749455W	1	1	Flesh and phantasy	1919	0.88	1.0	nyp.33433076090335	/works/OL7749455W	oclc	
OL7749576W	1	1	Private Angelo Ferraro, U.S.N.G	1919	0.56	1.0	nnc1.cu58386548	/works/OL7749576W	oclc	
OL7749596W	2	1	The shilling soldiers	1918	0.88	0.996	mdp.39015063550498|uc2.ark+=13960=t7zk5kd2j	/works/OL7749596W	oclc	
OL7749831W	1	1	Venna Hastings	1919	0.89	1.0	nyp.33433079722702	/works/OL7749831W	oclc	
OL7749839W	2	1	Aristokia	1919	0.86	1.0	dul1.ark+=13960=t0sq9k45t|nnc1.1002209721	/works/OL7749839W	oclc	
OL7749880W	1	1	Sister Clare	1918	0.87	1.0	njp.32101069159554	/works/OL7749880W	oclc	
OL7750032W	1	1	The messenger of Napoleon	1918	0.88	1.0	nyp.33433076044845	/works/OL7750032W	oclc	
OL7751006W	2	1	The bite of Benin	1919	0.89	0.999	nyp.33433075744098|uc2.ark+=13960=t6154f99r	/works/OL7751006W	oclc	
OL7751786W	3	1	What outfit Buddy?	1920	0.88	1.0	mdp.39015019791535|nyp.33433082485339|uc2.ark+=13960=t71v5cv7p	/works/OL7751786W	oclc	
OL7751957W	1	1	The fair lady of Halifax, or, Colmey's six hundred	1920	0.67	1.0	nc01.ark+=13960=t38053w4t	/works/OL7751957W	oclc	
OL7752246W	1	1	An aviator's wife	1920	0.76	0.999	nyp.33433066397971	/works/OL7752246W	oclc	
OL7752416W	2	1	The La Chance mine mystery	1920	0.83	1.0	nyp.33433076068067|uc2.ark+=13960=t25b00q17	/works/OL7752416W	oclc	
OL7752519W	1	1	Clipper folk	1920	0.83	0.999	mdp.39015063964426	/works/OL7752519W	oclc	
OL7753006W	1	1	The green gods̓ pavilion	1920	0.89	1.0	nyp.33433076052178	/works/OL7753006W	oclc	
OL7753172W	1	1	It happened at Andover, well most of it did, anyway	1920	0.75	1.0	njp.32101066459924	/works/OL7753172W	oclc	
OL7753476W	1	1	Romances of New Orleans	1891	0.77	1.0	nc01.ark+=13960=t1gh9xw76	/works/OL7753476W	oclc	
OL7753822W	1	1	Number thirty	1920	0.86	1.0	nyp.33433074865696	/works/OL7753822W	oclc	
OL7755624W	1	1	The Jessamines	1921	0.88	1.0	nyp.33433074815345	/works/OL7755624W	oclc	
OL7755687W	1	1	Cedric, the forester	1921	0.73	0.993	mdp.39076002287394	/works/OL7755687W	oclc	
OL7756030W	1	1	Judith	1906	0.89	1.0	nyp.33433082170808	/works/OL7756030W	oclc	
OL7757922W	1	1	Love	1922	0.83	1.0	uc2.ark+=13960=t2n58gn47	/works/OL7757922W	oclc	
OL7757926W	1	1	Torchlight	1921	0.88	0.999	uc2.ark+=13960=t44q7v07r	/works/OL7757926W	oclc	
OL7759243W	2	1	Puppy dogs' tales and stories of other animal friends	1922	0.81	1.0	nyp.33433008282133|uva.x001176371	/works/OL7759243W	oclc	
OL7759725W	2	1	Timothy Tubby's journal;	1922	0.73	1.0	loc.ark+=13960=t1kh1fd33|nyp.33433074799481	/works/OL7759725W	oclc	
OL7760598W	1	1	The black water o'Dee	1922	0.83	1.0	nyp.33433074968409	/works/OL7760598W	oclc	
OL7760772W	1	1	The home-coming in the Ozarks	1922	0.64	0.997	nyp.33433076072440	/works/OL7760772W	oclc	
OL7761301W	1	1	In a grain of sand	1922	0.87	1.0	uc2.ark+=13960=t09w0bw7q	/works/OL7761301W	oclc	
OL77744W	2	2	Anne of Avonlea	1909	0.89	1.0	nyp.33433074902499|nyp.33433074902507	/works/OL77744W	oclc	
OL77754W	1	1	Further chronicles of Avonlea which have to do with many personalities and events in and about Avonlea	1920	0.8	0.999	nyp.33433074904735	/works/OL77754W	oclc	
OL77756W	1	1	Rainbow valley	1919	0.89	1.0	uc2.ark+=13960=t49p2xz21	/works/OL77756W	oclc	
OL7777406W	1	1	Under which master, or, The story of the long strike at Coverdale	1901	0.59	1.0	nyp.33433074872858	/works/OL7777406W	oclc	
OL77788W	2	1	Chronicles of Avonlea	1912	0.89	1.0	nyp.33433074904727|uc2.ark+=13960=t7xk8686z	/works/OL77788W	oclc	
OL7783218W	1	1	Nehalem	1898	0.82	1.0	mdp.39015078571489	/works/OL7783218W	oclc	
OL7794920W	1	1	Reuben Delton, preacher	1900	0.83	1.0	nc01.ark+=13960=t4hm57v6n	/works/OL7794920W	oclc	
OL7795037W	1	1	For the queen in South Africa	1900	0.88	0.999	nyp.33433076076300	/works/OL7795037W	oclc	
OL7795046W	1	1	Empress Octavia;	1900	0.9	1.0	nyp.33433075754329	/works/OL7795046W	oclc	
OL7795125W	3	1	The jay-hawkers;	1900	0.83	1.0	nc01.ark+=13960=t1wd4nt3v|uc1.b3325648|uc2.ark+=13960=t2x34nr8v	/works/OL7795125W	oclc	
OL7795172W	1	1	The Princess Ahmedée ;	1900	0.83	1.0	njp.32101063606436	/works/OL7795172W	oclc	
OL7795179W	1	1	Scouting for Washington;	1900	0.82	1.0	uva.x030743266	/works/OL7795179W	oclc	
OL7795229W	1	1	The days of Abd-el-Kader	1900	0.79	0.997	umn.31951002464018u	/works/OL7795229W	oclc	
OL78039W	1	1	Autobiography of a pocket-handkerchief	1897	0.88	1.0	mdp.39015014648482	/works/OL78039W	oclc	
OL7836096W	3	1	J. Devlin--boss;	1901	0.84	1.0	mdp.39015063928074|nyp.33433076058340|uc2.ark+=13960=t4vh5dp52	/works/OL7836096W	oclc	
OL7836767W	1	1	The honour of Savelli	1895	0.89	1.0	uc2.ark+=13960=t03x88n6s	/works/OL7836767W	oclc	
OL7836991W	1	1	A maid of the wildwood	1901	0.87	1.0	mdp.39015071199981	/works/OL7836991W	oclc	
OL7837129W	1	1	A waif from Texas	1901	0.85	0.999	nyp.33433076024136	/works/OL7837129W	oclc	
OL7837746W	1	1	Guided and guarded;	1901	0.84	1.0	nnc1.1002190524	/works/OL7837746W	oclc	
OL7837927W	1	1	The lady of New Orleans	1901	0.87	1.0	nc01.ark+=13960=t5t72dt7w	/works/OL7837927W	oclc	
OL7837970W	1	1	The sandals	1902	0.8	0.999	nnc1.1002112434	/works/OL7837970W	oclc	
OL7838974W	1	1	Ongon	1902	0.87	1.0	nyp.33433076024219	/works/OL7838974W	oclc	
OL7839009W	1	1	The story of Joan of Arc for boys and girls	1902	0.75	0.999	nyp.33433071386639	/works/OL7839009W	oclc	
OL7839033W	3	1	By order of the prophet;	1902	0.79	1.0	uc1.b3322733|uc2.ark+=13960=t3fx7c893|uc2.ark+=13960=t6833p92c	/works/OL7839033W	oclc	
OL7839180W	1	1	A Chinese Quaker;	1902	0.83	1.0	uc1.b3578376	/works/OL7839180W	oclc	
OL7839332W	1	1	A great part	1902	0.79	1.0	nyp.33433076051196	/works/OL7839332W	oclc	
OL7841496W	2	1	Sarah Tuldon	1903	0.89	1.0	mdp.39015063932217|nyp.33433074870639	/works/OL7841496W	oclc	
OL7841641W	2	1	Ike Glidden in Maine;	1903	0.84	0.999	nyp.33433076081516|uc2.ark+=13960=t0sq8qj6z	/works/OL7841641W	oclc	
OL7843062W	1	1	"""Letchimey;"""	1898	0.77	0.999	nyp.33433075756415	/works/OL7843062W	oclc	
OL7843313W	1	1	A year at Brown	1903	0.87	1.0	wu.89099763427	/works/OL7843313W	oclc	
OL7843354W	1	1	The lost king	1903	0.86	0.999	nyp.33433075746788	/works/OL7843354W	oclc	
OL7844078W	1	1	Goldie's inheritance	1903	0.88	1.0	nyp.33433076061997	/works/OL7844078W	oclc	
OL7844176W	1	1	Fish yarns	1904	0.75	0.999	nyp.33433076060528	/works/OL7844176W	oclc	
OL7844689W	2	1	Captured by the Navajos	1904	0.87	1.0	njp.32101068166758|uc2.ark+=13960=t4rj49535	/works/OL7844689W	oclc	
OL7845000W	1	1	Ish Kerioth	1903	0.75	1.0	nnc1.cr59867760	/works/OL7845000W	oclc	
OL7845435W	1	1	Ouray Jim	1904	0.85	1.0	nyp.33433075753016	/works/OL7845435W	oclc	
OL7845947W	1	1	Before the crisis	1904	0.89	1.0	nyp.33433076045578	/works/OL7845947W	oclc	
OL7846359W	1	1	Jay Gould Harmon with Maine folks;	1905	0.89	1.0	uc2.ark+=13960=t6639km58	/works/OL7846359W	oclc	
OL7846416W	1	1	In defense of His Excellency	1904	0.75	0.999	nyp.33433076072986	/works/OL7846416W	oclc	
OL7846856W	1	1	An angel by brevet;	1904	0.89	0.999	wu.89098003320	/works/OL7846856W	oclc	
OL7846886W	1	1	Little love stories of Manhattan	1904	0.88	1.0	nyp.33433074810395	/works/OL7846886W	oclc	
OL7847079W	1	1	Kitty Dixon, belle of the South Anna;	1907	0.7	1.0	nnc1.1002110180	/works/OL7847079W	oclc	
OL7847081W	1	1	"""Ups and downs"" of a Virginia doctor"	1904	0.83	0.998	nyp.33433074815253	/works/OL7847081W	oclc	
OL7847522W	2	1	Apples of Sodom;	1883	0.88	1.0	uc1.b111412|uc2.ark+=13960=t52f7n66c	/works/OL7847522W	oclc	
OL7847524W	1	1	When yellow jasmine blooms	1902	0.89	1.0	nyp.33433074862370	/works/OL7847524W	oclc	
OL7847802W	1	1	The Carolinians;	1904	0.89	1.0	uc2.ark+=13960=t2z31pm75	/works/OL7847802W	oclc	
OL7847985W	1	1	Jack Brainard	1904	0.88	0.994	nyp.33433074806682	/works/OL7847985W	oclc	
OL7849549W	1	1	Texas, or, The broken link in the chain of family honors	1905	0.86	0.999	nyp.33433075746440	/works/OL7849549W	oclc	
OL7850461W	2	1	The Sinbad mines;	1905	0.54	1.0	uc1.31822038207437|uc2.ark+=13960=t1sf2nn76	/works/OL7850461W	oclc	
OL7851203W	1	1	Lady Bobs, her brother, and I;	1905	0.88	0.999	nyp.33433074809405	/works/OL7851203W	oclc	
OL7851797W	1	1	A government countess;	1905	0.83	1.0	uva.x030787828	/works/OL7851797W	oclc	
OL7851965W	1	1	The awakening	1905	0.88	1.0	nyp.33433074797493	/works/OL7851965W	oclc	
OL7852278W	2	1	Sforza	1889	0.88	1.0	nyp.33433082173265|uc2.ark+=13960=t8hd7pc2m	/works/OL7852278W	oclc	
OL7852279W	2	2	Valentino	1885	0.89	0.999	uc2.ark+=13960=t8kd1rh13|nyp.33433082173745	/works/OL7852279W	oclc	
OL7852342W	1	1	Rosemary Leigh;	1905	0.83	1.0	nnc1.1002223317	/works/OL7852342W	oclc	
OL7852518W	3	2	Maple range	1882	0.9	1.0	nyp.33433074800693|uc2.ark+=13960=t4xg9fm0z|nnc1.1002159104	/works/OL7852518W	oclc	
OL7852782W	1	1	Jack O'Doon;	1894	0.89	1.0	nc01.ark+=13960=t1bk1d85c	/works/OL7852782W	oclc	
OL7853375W	1	1	God's way: man's way;	1885	0.89	1.0	wu.89098013311	/works/OL7853375W	oclc	
OL7853528W	2	1	The Huguenot lovers	1889	0.89	1.0	mdp.39015063512936|nyp.33433081937298	/works/OL7853528W	oclc	
OL7854068W	2	1	Polly of the pines;	1906	0.87	1.0	nc01.ark+=13960=t9z034v7b|nyp.33433076092661	/works/OL7854068W	oclc	
OL7854382W	1	1	The son of the czar	1897	0.89	1.0	nyp.33433074864756	/works/OL7854382W	oclc	
OL7854733W	1	1	The story of Marie de Rozel, Huguenot	1906	0.73	1.0	uva.x000841327	/works/OL7854733W	oclc	
OL7854864W	2	1	A little girl in old New York	1896	0.89	1.0	nyp.33433082531876|uc2.ark+=13960=t50g3hh7f	/works/OL7854864W	oclc	
OL7854908W	1	1	The lutaniste of St. Jacobi's	1881	0.89	0.999	nyp.33433074968508	/works/OL7854908W	oclc	
OL7854910W	1	1	Fanny's autobiography	1894	0.82	1.0	nnc1.cr60029544	/works/OL7854910W	oclc	
OL7854959W	1	1	Richard Elliott, financier	1906	0.81	0.999	nyp.33433076022502	/works/OL7854959W	oclc	
OL7854990W	2	1	The loyal ronins	1880	0.73	1.0	mdp.39015029849448|uc2.ark+=13960=t9q23sx26	/works/OL7854990W	oclc	
OL7855036W	1	1	An express of '76	1906	0.85	1.0	nyp.33433076084155	/works/OL7855036W	oclc	
OL7855072W	1	1	Valley Forge	1906	0.71	1.0	nnc1.1002212340	/works/OL7855072W	oclc	
OL7855744W	1	1	From the other side;	1898	0.89	1.0	mdp.39015003678201	/works/OL7855744W	oclc	
OL7856066W	1	1	A woman's evangel	1892	0.89	1.0	wu.89098026974	/works/OL7856066W	oclc	
OL7856450W	4	2	The Princess Tarakanova	1891	0.89	1.0	uc2.ark+=13960=t3zs2wq1n|uc1.$b599986|uc1.32106008477884|uc2.ark+=13960=t2s46p374	/works/OL7856450W	oclc	
OL7856699W	3	1	Old 'Kaskia days	1893	0.81	1.0	nyp.33433082294897|uc2.ark+=13960=t7fq9rv6m|uiuo.ark+=13960=t43r0rd78	/works/OL7856699W	oclc	
OL7856849W	1	1	A modern wizard	1894	0.8	1.0	uc2.ark+=13960=t78s4k738	/works/OL7856849W	oclc	
OL7856881W	1	1	A prince of good fellows;	1890	0.81	1.0	mdp.39015059413230	/works/OL7856881W	oclc	
OL7857284W	1	1	Ku-Klux Klan no. 40	1895	0.89	1.0	nc01.ark+=13960=t91839r7f	/works/OL7857284W	oclc	
OL7857593W	2	1	The lieutenant, the girl and the viceroy;	1907	0.85	1.0	nyp.33433076081136|uc2.ark+=13960=t6639mw39	/works/OL7857593W	oclc	
OL7857691W	2	1	Esther the gentile	1888	0.88	1.0	nyp.33433069132722|uc2.ark+=13960=t2891216g	/works/OL7857691W	oclc	
OL7857735W	1	1	Down our way ;	1897	0.83	0.999	uc1.b4105354	/works/OL7857735W	oclc	
OL7857740W	1	1	Llangobaith	1886	0.89	1.0	uc2.ark+=13960=t6833ph7g	/works/OL7857740W	oclc	
OL7857770W	1	1	Marjory with the Chamorros	1907	0.76	0.999	yale.39002044557370	/works/OL7857770W	oclc	
OL7857888W	2	1	Claudius, the cowboy of Ramapo Valley	1894	0.89	1.0	njp.32101068970233|uc2.ark+=13960=t57d2rq8m	/works/OL7857888W	oclc	
OL7858351W	1	1	Mammy Mystic	1895	0.82	1.0	uva.x002111824	/works/OL7858351W	oclc	
OL7858652W	1	1	Kam©♭ham©♭ha, the conquering king	1885	0.88	0.999	uc2.ark+=13960=t1vd6ps95	/works/OL7858652W	oclc	
OL7858654W	2	1	Kalani of Oahu	1881	0.89	1.0	nyp.33433076023245|uc2.ark+=13960=t4rj49q59	/works/OL7858654W	oclc	
OL7858655W	1	1	The voyage of the Fleetwing;	1886	0.9	1.0	uc2.ark+=13960=t0qr4nw79	/works/OL7858655W	oclc	
OL7858681W	2	1	The star of Valhalla	1907	0.63	1.0	nyp.33433076089022|uva.x000619811	/works/OL7858681W	oclc	
OL7858904W	1	1	Three old maids in Hawaii	1896	0.83	1.0	nyp.33433076042872	/works/OL7858904W	oclc	
OL7858943W	1	1	The green valley school	1907	0.82	1.0	uc2.ark+=13960=t40r9pw76	/works/OL7858943W	oclc	
OL7859019W	1	1	From side streets and boulevards;	1893	0.88	1.0	uiuo.ark+=13960=t1rf5n638	/works/OL7859019W	oclc	
OL7859041W	1	1	Wooed by a sphinx of Aztlan	1907	0.73	0.999	uc2.ark+=13960=t83j39p46	/works/OL7859041W	oclc	
OL7859042W	2	1	Tales of Aztlan;	1908	0.76	1.0	njp.32101066123074|uc2.ark+=13960=t41r6nj9f	/works/OL7859042W	oclc	
OL7859099W	2	1	The devil's playground;	1894	0.89	1.0	mdp.39015063938149|uc2.ark+=13960=t26974j37	/works/OL7859099W	oclc	
OL7859104W	2	1	Sinners twain;	1895	0.88	1.0	mdp.39015063560646|uc2.ark+=13960=t4fn12250	/works/OL7859104W	oclc	
OL7859122W	1	1	A daughter of two nations	1897	0.84	1.0	uc2.ark+=13960=t1cj87r4q	/works/OL7859122W	oclc	
OL7859238W	1	1	Pictures of Hellas;	1888	0.8	1.0	uc2.ark+=13960=t41r70x6f	/works/OL7859238W	oclc	
OL7859393W	1	1	Poland	1907	0.82	0.999	nyp.33433079897538	/works/OL7859393W	oclc	
OL7859855W	1	1	Chaperoning Adrienne;	1907	0.76	0.997	njp.32101066753896	/works/OL7859855W	oclc	
OL7860017W	1	1	Andy the acrobat	1907	0.88	1.0	nyp.33433082345715	/works/OL7860017W	oclc	
OL7860553W	2	1	The code of Victor Jallot;	1907	0.89	0.999	nyp.33433074808456|uc2.ark+=13960=t94748p73	/works/OL7860553W	oclc	
OL7860583W	1	1	Leone	1882	0.83	1.0	uc2.ark+=13960=t15m63t41	/works/OL7860583W	oclc	
OL7860612W	1	1	The crimson conquest	1907	0.79	1.0	uc2.ark+=13960=t0wp9td1z	/works/OL7860612W	oclc	
OL7861004W	1	1	The reservation	1907	0.87	1.0	nyp.33433081936340	/works/OL7861004W	oclc	
OL7861008W	3	1	School of the woods;	1902	0.75	1.0	mdp.39015063049004|uc1.b3888525|uc2.ark+=13960=t3hx1772z	/works/OL7861008W	oclc	
OL7861711W	1	1	A madonna of the Alps;	1895	0.87	1.0	njp.32101069170676	/works/OL7861711W	oclc	
OL7861865W	1	1	A Virginia feud;	1908	0.8	1.0	uva.x001870411	/works/OL7861865W	oclc	
OL7862185W	2	1	The girdle of the great	1908	0.88	1.0	nc01.ark+=13960=t9p26wm84|nyp.33433074853593	/works/OL7862185W	oclc	
OL7862218W	1	1	Spicy breezes from Minnesota prairies	1885	0.88	0.999	njp.32101074864156	/works/OL7862218W	oclc	
OL7862383W	1	1	The Belle Islers	1908	0.83	1.0	nyp.33433074856539	/works/OL7862383W	oclc	
OL7862820W	3	1	The daughter of Virginia Dare	1908	0.85	1.0	mdp.49015001445767|nc01.ark+=13960=t7wm19c6x|nyp.33433076057318	/works/OL7862820W	oclc	
OL7863336W	1	1	Out of the Ozarks	1908	0.85	0.999	mdp.39015061467679	/works/OL7863336W	oclc	
OL7863465W	1	1	"""The head of iron"""	1908	0.71	1.0	nyp.33433044557738	/works/OL7863465W	oclc	
OL7863483W	1	1	A Boston girl;	1886	0.89	1.0	nyp.33433076080658	/works/OL7863483W	oclc	
OL7863506W	1	1	Glimpses of a strange world	1908	0.85	1.0	mdp.39015031015236	/works/OL7863506W	oclc	
OL7863825W	1	1	Royalists and republicans ;	1883	0.9	1.0	wu.89011797495	/works/OL7863825W	oclc	
OL7863828W	2	1	An American singer in Paris	1908	0.82	1.0	nyp.33433074795216|uc2.ark+=13960=t2s46jk87	/works/OL7863828W	oclc	
OL7864119W	1	1	Miss Wilton	1892	0.9	1.0	nyp.33433076072655	/works/OL7864119W	oclc	
OL7864317W	1	1	Madame Lucas	1882	0.84	1.0	njp.32101068164019	/works/OL7864317W	oclc	
OL7865068W	2	1	Wulnoth the wanderer;	1908	0.86	1.0	nyp.33433076081904|uc2.ark+=13960=t9x05z05j	/works/OL7865068W	oclc	
OL7865266W	1	1	With those that were;	1909	0.8	1.0	uva.x030833055	/works/OL7865266W	oclc	
OL7866529W	1	1	The tobacco tiller	1909	0.88	1.0	nyp.33433074849435	/works/OL7866529W	oclc	
OL7866792W	1	1	The players of London	1909	0.89	1.0	uc2.ark+=13960=t5k932m31	/works/OL7866792W	oclc	
OL7866914W	2	1	Where men have walked	1909	0.77	1.0	dul1.ark+=13960=t15m6x43h|nyp.33433076048697	/works/OL7866914W	oclc	
OL7868918W	2	1	Cow-country	1921	0.89	1.0	nyp.33433076039233|uc2.ark+=13960=t20c4xh4g	/works/OL7868918W	oclc	
OL7869674W	3	1	Joyce of the north woods	1911	0.89	1.0	mdp.39015063545969|nyp.33433074846696|uc2.ark+=13960=t09w0bb43	/works/OL7869674W	oclc	
OL7871038W	2	1	Dramatic stories for reading and acting	1914	0.79	1.0	nyp.33433082527304|uc2.ark+=13960=t5bc3ws7n	/works/OL7871038W	oclc	
OL7871531W	2	1	Courtship under contract	1910	0.87	1.0	njp.32101064789231|uc2.ark+=13960=t5x63bq3r	/works/OL7871531W	oclc	
OL7872196W	1	1	Phillipia, a woman's question	1886	0.88	1.0	wu.89098018054	/works/OL7872196W	oclc	
OL7872443W	2	1	The promise	1915	0.87	1.0	uc1.b3146342|uc2.ark+=13960=t8rb74c10	/works/OL7872443W	oclc	
OL7873418W	1	1	Norroy, diplomatic agent	1907	0.88	1.0	njp.32101063580540	/works/OL7873418W	oclc	
OL7873495W	2	1	Friar Tuck; being the chronicles of the Reverend John Carmichael, of Wyoming, U. S. A	1912	0.84	1.0	nyp.33433076072580|uc2.ark+=13960=t8hd7pr2j	/works/OL7873495W	oclc	
OL7873535W	1	1	The Carolinians;	1904	0.89	1.0	uc2.ark+=13960=t2z31pm75	/works/OL7873535W	oclc	
OL7873628W	2	1	An unwilling maid;	1897	0.88	0.999	njp.32101068141959|uc2.ark+=13960=t2f766c0g	/works/OL7873628W	oclc	
OL7873631W	2	1	A pretty tory;	1899	0.88	1.0	nyp.33433074787619|uc2.ark+=13960=t1ng4gz0n	/works/OL7873631W	oclc	
OL7873645W	2	1	The tin soldier	1918	0.9	1.0	nyp.33433082485933|uc2.ark+=13960=t8jd4r302	/works/OL7873645W	oclc	
OL7873666W	2	1	Ionia;	1898	0.89	1.0	uc1.b3578325|wu.89004917134	/works/OL7873666W	oclc	
OL7873909W	1	1	Ensign Ralph Osborn	1911	0.88	1.0	nyp.33433082524012	/works/OL7873909W	oclc	
OL7874108W	1	1	High girl	1919	0.82	1.0	uc2.ark+=13960=t2988489h	/works/OL7874108W	oclc	
OL7874117W	1	1	The twelve best tales by English writers;	1911	0.8	0.999	uc2.ark+=13960=t89g5kp8c	/works/OL7874117W	oclc	
OL7874413W	2	1	Dust of New York	1919	0.87	1.0	uc1.b3710865|uc2.ark+=13960=t9r20td03	/works/OL7874413W	oclc	
OL7875533W	2	1	In the saddle with Gomez	1902	0.86	1.0	nyp.33433067340806|uc2.ark+=13960=t1jh3d58d	/works/OL7875533W	oclc	
OL7876050W	4	1	Czechoslovak stories	1920	0.7	1.0	mdp.39015010741810|njp.32101067492890|nyp.33433021210210|uc2.ark+=13960=t38055693	/works/OL7876050W	oclc	
OL7876305W	3	1	Jack Horner;	1890	0.81	1.0	nc01.ark+=13960=t9x06qk45|nyp.33433076081730|uc2.ark+=13960=t84j0cx3v	/works/OL7876305W	oclc	
OL7876325W	1	1	The Haydocks' testimony	1890	0.76	1.0	uc2.ark+=13960=t0qr4nz19	/works/OL7876325W	oclc	
OL7876545W	1	1	Adventures in thrift	1916	0.82	1.0	uc2.ark+=13960=t6n010m4q	/works/OL7876545W	oclc	
OL7877100W	1	1	Shackles cast	1912	0.79	1.0	uc2.ark+=13960=t0cv4d460	/works/OL7877100W	oclc	
OL7877985W	1	1	The adventures of Peter Peterkin	1916	0.79	0.999	nyp.33433082303417	/works/OL7877985W	oclc	
OL7878267W	2	1	A rose of Normandy	1903	0.89	1.0	nyp.33433076063506|uc2.ark+=13960=t8qb9vr7z	/works/OL7878267W	oclc	
OL7878418W	1	1	Prince Carrotte	1881	0.86	1.0	nyp.33433082524673	/works/OL7878418W	oclc	
OL7878688W	2	1	Tales of a dying race	1901	0.78	1.0	uc2.ark+=13960=t0tq5tw6v|uc2.ark+=13960=t8tb11t1x	/works/OL7878688W	oclc	
OL7879363W	1	1	A New England woman	1894	0.81	0.999	uc1.b2835691	/works/OL7879363W	oclc	
OL7879854W	2	1	Croppies lie down	1903	0.9	1.0	nyp.33433074931225|uc2.ark+=13960=t7gq6tz6z	/works/OL7879854W	oclc	
OL7879978W	2	1	Hawk's Nest = the last of the Cahoonshees	1892	0.89	1.0	uc1.b111377|uc2.ark+=13960=t88g8j57k	/works/OL7879978W	oclc	
OL788028W	2	1	Bliss	1921	0.89	1.0	uva.x000157545|uva.x000158066	/works/OL788028W	oclc	
OL7880298W	1	1	Peter Rabbit and his ma	1917	0.75	0.999	nyp.33433082530159	/works/OL7880298W	oclc	
OL788054W	1	1	The garden party	1922	0.88	0.998	uc2.ark+=13960=t55d8t799	/works/OL788054W	oclc	
OL7880673W	1	1	Down to the sea in ships	1900	0.82	1.0	uc2.ark+=13960=t1pg1p72v	/works/OL7880673W	oclc	
OL788067W	1	1	In a German pension	1911	0.89	1.0	uc2.ark+=13960=t0wp9wh4k	/works/OL788067W	oclc	
OL7882038W	1	1	Adventures of a fair rebel	1891	0.89	1.0	nc01.ark+=13960=t4dn4xh0k	/works/OL7882038W	oclc	
OL7882214W	2	1	Firebrands	1911	0.79	1.0	nyp.33433070228501|uc2.ark+=13960=t79s1n35f	/works/OL7882214W	oclc	
OL7882721W	1	1	The handicap ; a novel of pioneer days	1910	0.8	1.0	uc2.ark+=13960=t8hd7qw94	/works/OL7882721W	oclc	
OL7882817W	2	1	Tourist tales of California	1909	0.88	0.998	nyp.33433076087539|uc2.ark+=13960=t6nz8220r	/works/OL7882817W	oclc	
OL7882945W	1	1	An archer with Columbus	1894	0.88	1.0	uc2.ark+=13960=t3cz32m2p	/works/OL7882945W	oclc	
OL7883057W	2	1	The Bracegirdle	1922	0.89	1.0	nyp.33433076072093|uc2.ark+=13960=t17m0437t	/works/OL7883057W	oclc	
OL7883489W	2	1	The trail of a sourdough;	1910	0.89	1.0	nyp.33433075753271|uc2.ark+=13960=t29884p9w	/works/OL7883489W	oclc	
OL7883665W	1	1	Naval occasions and some traits of the sailor-man	1915	0.81	0.999	uc2.ark+=13960=t9z032670	/works/OL7883665W	oclc	
OL7884584W	1	1	South-county neighbors	1887	0.77	1.0	uc2.ark+=13960=t21c1tt7w	/works/OL7884584W	oclc	
OL7885156W	2	1	Tales of a dying race	1901	0.78	1.0	uc2.ark+=13960=t0tq5tw6v|uc2.ark+=13960=t8tb11t1x	/works/OL7885156W	oclc	
OL7885338W	2	1	Mark Enderby, engineer	1910	0.82	1.0	nyp.33433076064736|uc2.ark+=13960=t9v11xg25	/works/OL7885338W	oclc	
OL7885519W	3	1	Joscelyn Cheshire;	1901	0.83	1.0	mdp.39015063942745|nyp.33433076089121|uc2.ark+=13960=t87h1gb8v	/works/OL7885519W	oclc	
OL7885846W	2	1	The price of place	1913	0.88	1.0	nyp.33433076066582|uc2.ark+=13960=t3416t94c	/works/OL7885846W	oclc	
OL7886180W	1	1	The decline and fall of Samuel Sawbones, M.D., on the Klondike	1900	0.86	1.0	njp.32101066592559	/works/OL7886180W	oclc	
OL7886449W	1	1	Lux crucis;	1904	0.87	0.999	uc2.ark+=13960=t1pg1hq3j	/works/OL7886449W	oclc	
OL7886924W	1	1	All for the love of Laddie	1915	0.86	1.0	nyp.33433082532122	/works/OL7886924W	oclc	
OL7887315W	1	1	My Lady Laughter	1904	0.9	1.0	uc2.ark+=13960=t3bz62q8r	/works/OL7887315W	oclc	
OL7887636W	1	1	The mess deck	1899	0.88	1.0	uc2.ark+=13960=t4th8f22s	/works/OL7887636W	oclc	
OL7888249W	1	1	At Moseti's bidding;	1904	0.87	0.999	uc2.ark+=13960=t2m61f37g	/works/OL7888249W	oclc	
OL7888811W	1	1	Under Croagh Patrick	1904	0.75	1.0	nyp.33433066646377	/works/OL7888811W	oclc	
OL7888958W	1	1	Woodbourne	1884	0.89	1.0	uc2.ark+=13960=t0bv7b193	/works/OL7888958W	oclc	
OL7889384W	1	1	Alone in the purple	1912	0.85	1.0	uc2.ark+=13960=t08w39q3z	/works/OL7889384W	oclc	
OL7889684W	1	1	Standish of Standish	1889	0.89	1.0	mdp.39015005617033	/works/OL7889684W	oclc	
OL7889735W	1	1	At a dollar a year	1919	0.85	1.0	uc2.ark+=13960=t7pn90t71	/works/OL7889735W	oclc	
OL7890706W	1	1	Children of men	1903	0.88	1.0	uc2.ark+=13960=t6c24v088	/works/OL7890706W	oclc	
OL7890881W	1	1	Friendship's offering	1906	0.66	1.0	uc2.ark+=13960=t74t6g67c	/works/OL7890881W	oclc	
OL7890932W	1	1	Bushy	1896	0.89	0.999	nyp.33433082523956	/works/OL7890932W	oclc	
OL7890942W	2	1	Mistress Brent;	1901	0.89	1.0	nyp.33433076092901|uc2.ark+=13960=t0ms3kw42	/works/OL7890942W	oclc	
OL7891035W	1	1	The boy pioneer, or, Strange stories of the Great Valley	1917	0.87	1.0	nyp.33433082547187	/works/OL7891035W	oclc	
OL7891036W	2	1	Strange stories of the Great river;	1918	0.87	1.0	nyp.33433082548326|uc2.ark+=13960=t75t3h148	/works/OL7891036W	oclc	
OL7892010W	2	1	Every inch a king	1901	0.88	1.0	uc2.ark+=13960=t8gf0pq10|uva.x030801563	/works/OL7892010W	oclc	
OL7892073W	1	1	The outdoor chums	1911	0.87	1.0	nyp.33433082523931	/works/OL7892073W	oclc	
OL7892396W	2	1	The legends of Parsifal	1904	0.52	1.0	uc2.ark+=13960=t3hx16b6t|uva.x030447633	/works/OL7892396W	oclc	
OL7893337W	1	1	The gold-seeker	1883	0.88	1.0	uc2.ark+=13960=t4fn11j0f	/works/OL7893337W	oclc	
OL7893671W	3	2	The Indian drum	1917	0.89	1.0	nyp.33433076024730|mdp.39015039357044|uc2.ark+=13960=t0vq2t85g	/works/OL7893671W	oclc	
OL7893700W	3	2	More tales by Polish authors;	1916	0.83	1.0	mdp.39015010300161|mdp.39015010300179|uc2.ark+=13960=t8pc2vj1r	/works/OL7893700W	oclc	
OL7893858W	1	1	The King's Highway;	1913	0.83	1.0	uc2.ark+=13960=t1dj59f55	/works/OL7893858W	oclc	
OL7894873W	1	1	The Holland wolves	1902	0.89	1.0	uc2.ark+=13960=t4nk37p2m	/works/OL7894873W	oclc	
OL7895908W	2	1	Children of fate	1917	0.88	1.0	nyp.33433076083744|uc2.ark+=13960=t6736p16j	/works/OL7895908W	oclc	
OL7896400W	2	1	Roumanian stories	1921	0.83	1.0	mdp.39015018648249|uc2.ark+=13960=t2s46kk2r	/works/OL7896400W	oclc	
OL7896793W	1	1	Magic London	1922	0.86	0.999	uc2.ark+=13960=t93777f6w	/works/OL7896793W	oclc	
OL7897667W	2	1	An inheritance	1897	0.89	1.0	nyp.33433076022767|uc1.$b448779	/works/OL7897667W	oclc	
OL7898327W	2	1	The false star;	1899	0.9	1.0	uc1.b113539|uc2.ark+=13960=t8gf0qh83	/works/OL7898327W	oclc	
OL7898633W	1	1	The apple of discord	1907	0.89	1.0	uc2.ark+=13960=t4vh5fb0k	/works/OL7898633W	oclc	
OL789870W	1	1	The red room	1913	0.8	1.0	mdp.39015024654231	/works/OL789870W	oclc	
OL789878W	1	1	The confession of a fool	1912	0.82	1.0	uc2.ark+=13960=t6qz2cw12	/works/OL789878W	oclc	
OL789891W	3	2	On the seaboard;	1913	0.84	1.0	mdp.39015000534241|uc2.ark+=13960=t21c22020|uc2.ark+=13960=t6zw1mx3g	/works/OL789891W	oclc	
OL7899142W	2	1	In old Kentucky;	1910	0.9	1.0	uc2.ark+=13960=t7pn90f0q|uva.x002419483	/works/OL7899142W	oclc	
OL7899502W	1	1	The grain carriers	1908	0.86	1.0	uc2.ark+=13960=t4mk68s26	/works/OL7899502W	oclc	
OL7899609W	2	1	The girl scouts rally	1921	0.89	1.0	uc1.b4695278|uc2.ark+=13960=t77s7jk92	/works/OL7899609W	oclc	
OL7900466W	1	1	The fugitive;	1904	0.89	1.0	uc2.ark+=13960=t0js9jh7t	/works/OL7900466W	oclc	
OL7900486W	2	1	Onawago ;	1911	0.85	1.0	nyp.33433076024656|uiuo.ark+=13960=t6445kq7s	/works/OL7900486W	oclc	
OL7901602W	2	1	The king who came	1913	0.79	1.0	nyp.33433076029598|uc2.ark+=13960=t7mp4xm1f	/works/OL7901602W	oclc	
OL7901957W	1	1	The lump of gold	1910	0.88	1.0	uc2.ark+=13960=t9862cj28	/works/OL7901957W	oclc	
OL7902539W	2	1	Lyddy: a tale of the old South	1898	0.89	1.0	nc01.ark+=13960=t6h13sw4p|uc2.ark+=13960=t7jq0tf91	/works/OL7902539W	oclc	
OL7903325W	2	1	The human touch	1905	0.89	1.0	uc1.b3321447|uc2.ark+=13960=t0xp6vz7m	/works/OL7903325W	oclc	
OL7903535W	1	1	The strange little girl	1911	0.76	0.999	uc2.ark+=13960=t2697105s	/works/OL7903535W	oclc	
OL7904557W	1	1	Story of the Huguenots	1898	0.89	1.0	nnc1.1002190702	/works/OL7904557W	oclc	
OL7904966W	1	1	The little king	1915	0.89	1.0	uc2.ark+=13960=t41r6pw4x	/works/OL7904966W	oclc	
OL7905539W	2	1	The Fishguard invasion by the French in 1797	1892	0.88	0.974	uc1.b321816|uc2.ark+=13960=t6154j45t	/works/OL7905539W	oclc	
OL7905652W	1	1	A Pink 'Un and a Pelican	1898	0.75	1.0	njp.32101067706851	/works/OL7905652W	oclc	
OL7905892W	1	1	The clash of steel	1901	0.77	1.0	uc2.ark+=13960=t12n5161q	/works/OL7905892W	oclc	
OL7905897W	1	1	The plough and the cross	1910	0.63	1.0	uc2.ark+=13960=t9d50hf36	/works/OL7905897W	oclc	
OL7906206W	2	1	According to orders	1919	0.86	1.0	nyp.33433074920616|uc2.ark+=13960=t7sn04r79	/works/OL7906206W	oclc	
OL7906745W	4	1	In the wake of war;	1900	0.9	1.0	nc01.ark+=13960=t02z21g9v|uc1.b3327533|uc2.ark+=13960=t1sf2nt02|uc2.ark+=13960=t6nz81j2k	/works/OL7906745W	oclc	
OL7907927W	1	1	The frontier boys in the Sierras, or, the lost mine	1909	0.89	1.0	uc1.31822038206694	/works/OL7907927W	oclc	
OL7908010W	2	1	Strange stories of the Great river;	1918	0.87	1.0	nyp.33433082548326|uc2.ark+=13960=t75t3h148	/works/OL7908010W	oclc	
OL7972468W	1	1	Vera	1921	0.89	1.0	mdp.39015035824963	/works/OL7972468W	oclc	
OL7973256W	2	1	Can such things be?	1918	0.84	1.0	uc1.b4103987|uc2.ark+=13960=t0js9jf6f	/works/OL7973256W	oclc	
OL7973284W	3	1	Fantastic fables	1899	0.88	1.0	dul1.ark+=13960=t4vh6gf16|uc2.ark+=13960=t3028q724|uva.x004144039	/works/OL7973284W	oclc	
OL7973293W	4	3	In the midst of life;	1918	0.89	1.0	uc1.32106002062500|nc01.ark+=13960=t46q2r28m|njp.32101013566920|uc2.ark+=13960=t2j67935h	/works/OL7973293W	oclc	
OL7973346W	1	1	The monk and the hangman's daughter	1907	0.84	1.0	uva.x000097958	/works/OL7973346W	oclc	
OL7977609W	1	1	The kindred of the wild;	1907	0.82	0.999	uc2.ark+=13960=t4xg9gj2f	/works/OL7977609W	oclc	
OL80062W	2	1	Elder Conklin, and other stories	1894	0.85	1.0	uc1.b3578886|uc2.ark+=13960=t6c25174x	/works/OL80062W	oclc	
OL80078W	4	2	The bomb	1920	0.78	1.0	mdp.39015069767054|uc2.ark+=13960=t6m04621d|nyp.33433074850839|uc2.ark+=13960=t3416wn8m	/works/OL80078W	oclc	
OL803267W	1	1	The sworn brothers	1921	0.83	1.0	uc2.ark+=13960=t6348j32q	/works/OL803267W	oclc	
OL8070950W	3	3	Captain Blood	1922	0.89	1.0	uva.x000600659|mdp.39015012316124|uc1.31158010464377	/works/OL8070950W	oclc	
OL8070951W	1	1	The sea-hawk	1915	0.8	1.0	mdp.39015002753518	/works/OL8070951W	oclc	
OL8074846W	1	1	Riders of the silences	1920	0.89	1.0	uc2.ark+=13960=t84j0c460	/works/OL8074846W	oclc	
OL8075019W	1	1	The seventh man	1921	0.89	0.998	nyp.33433074807672	/works/OL8075019W	oclc	
OL810413W	1	1	The closed book	1904	0.87	1.0	nyp.33433074878392	/works/OL810413W	oclc	
OL810450W	3	1	Scribes and Pharisees ;	1898	0.79	1.0	njp.32101068141504|uc1.b3324560|uc2.ark+=13960=t0ks6s919	/works/OL810450W	oclc	
OL810454W	1	1	The sign of the seven sins	1900	0.89	1.0	nyp.33433074878327	/works/OL810454W	oclc	
OL810457W	1	1	Spies of the kaiser plotting the downfall of England	1909	0.82	0.999	wu.89005389895	/works/OL810457W	oclc	
OL810493W	1	1	Hushed up!	1911	0.89	0.999	uc2.ark+=13960=t54f1sm2t	/works/OL810493W	oclc	
OL810501W	1	1	The great war in England in 1897	1895	0.88	0.999	uc2.ark+=13960=t8mc91n0q	/works/OL810501W	oclc	
OL810504W	2	1	Mademoiselle of Monte Carlo	1921	0.89	1.0	nyp.33433074878285|uc2.ark+=13960=t91839j7r	/works/OL810504W	oclc	
OL811046W	1	1	An American emperor;	1897	0.62	1.0	dul1.ark+=13960=t4vh67m6z	/works/OL811046W	oclc	
OL811047W	1	1	At the court of the maharaja	1906	0.88	1.0	nyp.33433075768816	/works/OL811047W	oclc	
OL811073W	1	1	The lost provinces;	1898	0.53	1.0	uc2.ark+=13960=t3bz61h8n	/works/OL811073W	oclc	
OL811080W	1	1	The day of wrath;	1916	0.83	1.0	uc2.ark+=13960=t7pn90580	/works/OL811080W	oclc	
OL811081W	2	1	The Great Mogul	1905	0.89	1.0	nyp.33433075765622|uc2.ark+=13960=t1sf2mh6h	/works/OL811081W	oclc	
OL811084W	2	1	A mysterious disappearance	1905	0.89	1.0	nyp.33433075765564|uc2.ark+=13960=t9765cb6b	/works/OL811084W	oclc	
OL811090W	2	1	The pillar of light	1904	0.9	1.0	uc2.ark+=13960=t3rv0fg92|uva.x001197611	/works/OL811090W	oclc	
OL811091W	1	1	The red year;	1907	0.68	1.0	uc2.ark+=13960=t3mw29v0v	/works/OL811091W	oclc	
OL81258W	1	1	The Prussian officer, and other stories	1914	0.88	1.0	njp.32101068574464	/works/OL81258W	oclc	
OL8127199W	1	1	In secret	1919	0.89	1.0	njp.32101068165883	/works/OL8127199W	oclc	
OL8127201W	1	1	The king in yellow	1902	0.87	0.998	nyp.33433074809355	/works/OL8127201W	oclc	
OL8127218W	3	3	The younger set	1907	0.84	1.0	uc2.ark+=13960=t0rr1qh7c|umn.31951002045107u|nyp.33433074809470	/works/OL8127218W	oclc	
OL8127232W	2	1	The reckoning	1905	0.83	1.0	njp.32101063605537|uc2.ark+=13960=t8rb6wq8k	/works/OL8127232W	oclc	
OL8127243W	4	2	The firing line	1908	0.89	1.0	mdp.39015063511334|uc2.ark+=13960=t8cf9kn2t|mdp.39015063511326|njp.32101063605446	/works/OL8127243W	oclc	
OL8127244W	4	1	The green mouse	1910	0.88	1.0	nyp.33433074809371|uc1.b3578788|uc2.ark+=13960=t1ng4hq1d|uc2.ark+=13960=t6b27qm90	/works/OL8127244W	oclc	
OL8127248W	4	2	The danger mark	1909	0.89	1.0	mdp.39015063511300|uc2.ark+=13960=t9x05z587|njp.32101063605420|uc2.ark+=13960=t71v5c497	/works/OL8127248W	oclc	
OL8127249W	1	1	The fighting chance	1907	0.89	1.0	mdp.39015063511318	/works/OL8127249W	oclc	
OL8127252W	3	3	The maid-at-arms	1902	0.88	1.0	njp.32101063605511|uc2.ark+=13960=t79s1pg87|uc2.ark+=13960=t8qb9vt7v	/works/OL8127252W	oclc	
OL81276W	1	1	England, my England, and other stories	1922	0.82	1.0	nyp.33433074872932	/works/OL81276W	oclc	
OL81287W	1	1	The lost girl	1920	0.83	1.0	uc1.b4091384	/works/OL81287W	oclc	
OL81290W	3	1	Aaron's rod	1922	0.89	1.0	mdp.39015000630734|nyp.33433074872833|nyp.33433074872841	/works/OL81290W	oclc	
OL81292W	1	1	The white peacock	1911	0.84	0.999	uc2.ark+=13960=t4hm5k49t	/works/OL81292W	oclc	
OL81293W	2	2	The rainbow	1921	0.89	1.0	nyp.33433074872866|mdp.39015007071916	/works/OL81293W	oclc	
OL8137351W	1	1	Tom Swift among the diamond makers;	1911	0.89	0.999	uc2.ark+=13960=t3qv3cz8v	/works/OL8137351W	oclc	
OL815371W	2	1	Saragossa;	1899	0.89	1.0	njp.32101067190726|uc1.b4053250	/works/OL815371W	oclc	
OL8193416W	2	2	The picture of Dorian Gray	1918	0.89	1.0	mdp.39015005530418|uc1.$b808697	/works/OL8193416W	oclc	
OL8199785W	4	1	Don Rodriguez, chronicles of Shadow Valley	1922	0.81	1.0	mdp.39015008970603|mdp.39015031231924|uc1.b4097565|uc2.ark+=13960=t2d79d58z	/works/OL8199785W	oclc	
OL8202749W	4	2	The solitary summer	1900	0.59	0.998	uc1.b3327311|uc2.ark+=13960=t0pr7w564|uc1.b3327310|uc2.ark+=13960=t9g44sp9b	/works/OL8202749W	oclc	
OL822965W	2	1	The round-up	1908	0.79	1.0	uc1.b3581600|uc2.ark+=13960=t24b2zv6g	/works/OL822965W	oclc	
OL8249884W	4	2	The fifth string	1907	0.87	1.0	uc2.ark+=13960=t94747j3z|mdp.39015010952003|uc1.b3326099|uc2.ark+=13960=t49p2xc6b	/works/OL8249884W	oclc	
OL8253768W	6	3	The four horsemen of the Apocalypse	1919	0.8	1.0	uc2.ark+=13960=t72v2gf9p|mdp.39015004048164|mdp.39015027190902|nyp.33433082486113|uc1.b3771269|uc2.ark+=13960=t3hx17x99	/works/OL8253768W	oclc	
OL826538W	2	1	Julian the Apostate	1899	0.89	1.0	nnc1.cr59982969|uc2.ark+=13960=t2c825n77	/works/OL826538W	oclc	
OL826549W	3	3	The romance of Leonardo da Vinci	1912	0.75	1.0	uc2.ark+=13960=t81j9cs3j|uc2.ark+=13960=t12n5rf40|nyp.33433068043060	/works/OL826549W	oclc	
OL83840W	4	2	Tales of wonder	1916	0.77	1.0	uc1.b3550106|uc2.ark+=13960=t1jh3dk8s|loc.ark+=13960=t5x643157|uc2.ark+=13960=t12n5210d	/works/OL83840W	oclc	
OL83877W	2	1	The book of wonder	1913	0.75	1.0	uc1.b3552946|uc2.ark+=13960=t0ht2k606	/works/OL83877W	oclc	
OL83881W	2	1	Fifty-one tales	1919	0.65	1.0	njp.32101068177284|uc2.ark+=13960=t3vt1h58b	/works/OL83881W	oclc	
OL841500W	1	1	Sara Videbeck	1919	0.84	1.0	mdp.39015015397998	/works/OL841500W	oclc	
OL8432759W	3	2	The price of the prairie	1913	0.88	1.0	uc1.b3581496|uc2.ark+=13960=t86h4pg8z|uc2.ark+=13960=t9f47hg95	/works/OL8432759W	oclc	
OL8432764W	3	2	Vanguards of the plains;	1917	0.88	1.0	nyp.33433076075690|uc2.ark+=13960=t3610ww9k|uc2.ark+=13960=t7pn90c57	/works/OL8432764W	oclc	
OL84352W	3	1	A thousand and one afternoons in Chicago	1922	0.77	1.0	nyp.33433074850094|uc1.$b367817|uc2.ark+=13960=t3nv9bd9d	/works/OL84352W	oclc	
OL84362W	2	1	Erik Dorn	1921	0.88	1.0	njp.32101068170081|uc2.ark+=13960=t3222rr33	/works/OL84362W	oclc	
OL8445003W	1	1	The first Sir Percy	1921	0.88	0.997	mdp.39015065444203	/works/OL8445003W	oclc	
OL845659W	3	1	Modern Greek stories	1920	0.75	1.0	mdp.39015018657497|njp.32101066088913|uc2.ark+=13960=t6930w21d	/works/OL845659W	oclc	
OL845663W	2	1	The grasp of the sultan	1916	0.83	1.0	nyp.33433074815030|uc2.ark+=13960=t2s46kj1t	/works/OL845663W	oclc	
OL845665W	4	1	In the shadow of Islam	1911	0.89	1.0	mdp.39015012840560|njp.32101066120872|nyp.33433074815022|uc2.ark+=13960=t0tq5rf3r	/works/OL845665W	oclc	
OL8470335W	5	2	Tales of war	1918	0.61	1.0	uc2.ark+=13960=t3xs5rf93|loc.ark+=13960=t4wh3568w|mdp.39015031231858|nyp.33433082486162|uc2.ark+=13960=t6h12zc73	/works/OL8470335W	oclc	
OL8470555W	2	1	Peregrine's progress	1922	0.89	1.0	mdp.39015063918497|uc2.ark+=13960=t3513x13q	/works/OL8470555W	oclc	
OL8470557W	1	1	Black Bartlemy's treasure	1920	0.89	1.0	uc2.ark+=13960=t0gt5hc4c	/works/OL8470557W	oclc	
OL8470559W	4	2	Beltane, the smith;	1915	0.7	1.0	uc2.ark+=13960=t2q52jt8k|nyp.33433075769061|uc1.b3346893|uc2.ark+=13960=t3707zh6n	/works/OL8470559W	oclc	
OL8470563W	2	1	My lady Caprice	1907	0.89	1.0	mdp.39015063918489|uc2.ark+=13960=t49p2wt6r	/works/OL8470563W	oclc	
OL8470564W	4	3	The amateur gentleman	1913	0.9	1.0	nyp.33433075761464|uc2.ark+=13960=t90866j4w|uc1.b3834475|mdp.39015063552882	/works/OL8470564W	oclc	
OL8470720W	5	2	From the memoirs of a minister of France	1895	0.88	1.0	inu.30000011866112|uc2.ark+=13960=t1rf5sd81|mdp.39015063974953|uc1.b3327274|uc2.ark+=13960=t0pr7w14c	/works/OL8470720W	oclc	
OL85017W	1	1	A bachelor's establishment	1898	0.89	0.999	uc2.ark+=13960=t6154mk9d	/works/OL85017W	oclc	
OL85033W	1	1	History of the thirteen	1896	0.89	1.0	uc2.ark+=13960=t7pn94v2q	/works/OL85033W	oclc	
OL8511639W	1	1	Mohawk Peter	1921	0.8	1.0	nyp.33433074853726	/works/OL8511639W	oclc	
OL85189W	1	1	The unknown masterpiece =	1901	0.86	1.0	nc01.ark+=13960=t4sj2fw3s	/works/OL85189W	oclc	
OL85200W	3	2	About Catherine de Medici	1901	0.89	0.998	uc2.ark+=13960=t38051d2r|uc1.32106008453273|uc2.ark+=13960=t2n58fv0k	/works/OL85200W	oclc	
OL85201W	4	1	Albert Savarus	1892	0.88	1.0	nyp.33433075807556|uc1.b317840|uc2.ark+=13960=t0rr1tc6b|uiuo.ark+=13960=t7rn33c69	/works/OL85201W	oclc	
OL85208W	3	3	The wild ass's skin	1906	0.89	1.0	mdp.39015011727131|uc2.ark+=13960=t3nv9dn3g|uc1.b4061811	/works/OL85208W	oclc	
OL85210W	4	3	The Chouans	1893	0.89	1.0	uc1.b317844|uc2.ark+=13960=t3125vb1t|uc2.ark+=13960=t6ww7f428|uc2.ark+=13960=t3805057m	/works/OL85210W	oclc	
OL85231W	3	2	Cousin Betty	1899	0.9	1.0	uva.x000234049|uc1.b317849|uc2.ark+=13960=t47p8zg77	/works/OL85231W	oclc	
OL8525044W	3	1	Poems in prose	1883	0.67	1.0	mdp.39015063017712|nyp.33433073357141|uc2.ark+=13960=t2v40m48k	/works/OL8525044W	oclc	
OL8538086W	1	1	The golden fleece;	1896	0.88	1.0	mdp.39015059378086	/works/OL8538086W	oclc	
OL8552750W	4	2	Captain January	1902	0.87	1.0	nyp.33433082230891|uc1.b3331887|uc2.ark+=13960=t3513vj43|mdp.39015063972569	/works/OL8552750W	oclc	
OL8552774W	3	2	Melody	1893	0.86	1.0	nyp.33433082231139|nyp.33433082293717|wu.89070583919	/works/OL8552774W	oclc	
OL8570103W	2	1	Old Bowen's legacy;	1901	0.89	1.0	njp.32101064788878|uc2.ark+=13960=t8x923c5t	/works/OL8570103W	oclc	
OL85883W	1	1	The mystery of the sea	1902	0.83	0.998	uc2.ark+=13960=t9k35pk9q	/works/OL85883W	oclc	
OL859587W	1	1	Kottō	1902	0.59	0.998	uc2.ark+=13960=t6639mh98	/works/OL859587W	oclc	
OL859608W	1	1	Some Chinese ghosts	1887	0.53	0.999	uc2.ark+=13960=t77s7jb7z	/works/OL859608W	oclc	
OL859610W	2	1	Chita	1889	0.89	0.999	mdp.39015012214204|uc1.b4103183	/works/OL859610W	oclc	
OL859613W	2	1	Kwaidan	1904	0.8	1.0	mdp.39015008023130|uc1.b4407864	/works/OL859613W	oclc	
OL8607929W	2	1	The apostles of the Southeast	1901	0.74	1.0	njp.32101066121169|uc2.ark+=13960=t0ns0nd58	/works/OL8607929W	oclc	
OL8608145W	2	1	The poisoned pen	1911	0.87	1.0	nyp.33433076047707|uc2.ark+=13960=t2h708669	/works/OL8608145W	oclc	
OL8608152W	1	1	The treasure train	1917	0.88	1.0	uc2.ark+=13960=t2j67b77p	/works/OL8608152W	oclc	
OL8608157W	1	1	The Panama plot	1918	0.83	1.0	nyp.33433076047715	/works/OL8608157W	oclc	
OL8608163W	3	1	The gold of the gods	1915	0.89	0.999	nyp.33433076047855|uc2.ark+=13960=t2k64b03s|uc2.ark+=13960=t3vt1h10p	/works/OL8608163W	oclc	
OL8608164W	1	1	The dream doctor	1914	0.88	1.0	uc2.ark+=13960=t6sx65w3b	/works/OL8608164W	oclc	
OL8608165W	4	1	Guy Garrick	1914	0.89	1.0	nyp.33433076047657|nyp.33433076047665|uc2.ark+=13960=t0ns0m27b|uc2.ark+=13960=t50g3hd16	/works/OL8608165W	oclc	
OL8608167W	2	1	The ear in the wall	1916	0.89	1.0	nyp.33433076047863|uc2.ark+=13960=t4jm23v9m	/works/OL8608167W	oclc	
OL861138W	3	1	The green book;	1897	0.7	1.0	mdp.39015053262286|nyp.33433074391875|uc2.ark+=13960=t24b3174n	/works/OL861138W	oclc	
OL861157W	2	1	The nameless castle;	1912	0.81	1.0	uc1.$b699605|uc2.ark+=13960=t1sf2sf2r	/works/OL861157W	oclc	
OL861179W	1	1	A Christian but a Roman	1900	0.74	1.0	uc2.ark+=13960=t9w08z563	/works/OL861179W	oclc	
OL861187W	2	1	The golden age in Transylvania	1898	0.81	1.0	nyp.33433074389572|uc2.ark+=13960=t8pc2zk4w	/works/OL861187W	oclc	
OL861197W	1	1	Tales from Jókai	1906	0.57	1.0	mdp.39015014511003	/works/OL861197W	oclc	
OL861199W	3	2	The baron's sons;	1900	0.83	1.0	nyp.33433070244508|uc2.ark+=13960=t2v40xk9m|uc2.ark+=13960=t48p5zg8w	/works/OL861199W	oclc	
OL861208W	3	1	The lion of Janina;	1898	0.89	1.0	uc1.$b699604|uc1.32106010905542|uc2.ark+=13960=t0cv4d155	/works/OL861208W	oclc	
OL861211W	2	2	The day of wrath	1900	0.89	1.0	nyp.33433074389549|nyp.33433082188826	/works/OL861211W	oclc	
OL862956W	1	1	Military life in Italy	1882	0.9	1.0	uc2.ark+=13960=t7mp5017x	/works/OL862956W	oclc	
OL863616W	1	1	Sir Walter Scott's Woodstock;	1895	0.89	1.0	mdp.39015063960184	/works/OL863616W	oclc	
OL8660317W	3	1	Red cap and blue jacket	1894	0.89	1.0	uiuo.ark+=13960=t1zc89028|uiuo.ark+=13960=t31267p2q|uiuo.ark+=13960=t7np2f47t	/works/OL8660317W	oclc	
OL8718333W	4	2	A parody outline of history	1921	0.58	1.0	uc2.ark+=13960=t39z92n8p|mdp.39015013750909|nyp.33433074803770|uc2.ark+=13960=t5k938742	/works/OL8718333W	oclc	
OL8718370W	2	1	Mr. Pratt	1906	0.89	1.0	nyp.33433074787536|uc2.ark+=13960=t1jh3d65d	/works/OL8718370W	oclc	
OL8718372W	1	1	Cy Whittaker's place	1908	0.89	1.0	njp.32101068141983	/works/OL8718372W	oclc	
OL8718373W	2	1	The depot master	1910	0.89	1.0	mdp.39015023179024|nyp.33433074787650	/works/OL8718373W	oclc	
OL8718377W	4	2	The rise of Roscoe Paine	1912	0.9	1.0	njp.32101068141991|mdp.39015014178282|uc2.ark+=13960=t1vd6p790|wu.89005392113	/works/OL8718377W	oclc	
OL8718378W	3	2	Cap'n Warren's wards	1913	0.9	1.0	mdp.39015023137584|mdp.49015002354018|uc2.ark+=13960=t5m902j58	/works/OL8718378W	oclc	
OL8718379W	2	1	Cap'n Dan's daughter	1914	0.89	1.0	nyp.33433074787676|uc2.ark+=13960=t6nz81801	/works/OL8718379W	oclc	
OL8718381W	2	1	The woman-haters;	1911	0.84	1.0	mdp.39076005084699|uc2.ark+=13960=t9d50gk04	/works/OL8718381W	oclc	
OL8718383W	4	2	The Portygee	1920	0.89	1.0	mdp.39015063923943|mdp.39015023072096|nyp.33433074788005|uc2.ark+=13960=t6k06z951	/works/OL8718383W	oclc	
OL8718384W	3	1	Shavings	1920	0.9	1.0	mdp.39015063923968|njp.32101068142007|uc2.ark+=13960=t3tt4j662	/works/OL8718384W	oclc	
OL8722827W	1	1	El Dorado;	1913	0.88	1.0	nyp.33433075744866	/works/OL8722827W	oclc	
OL8722907W	1	1	An adventure with a genius;	1920	0.71	1.0	nyp.33433082363486	/works/OL8722907W	oclc	
OL8729099W	2	1	The curlytops on Star Island	1918	0.89	1.0	nyp.33433082303300|uc2.ark+=13960=t6c24sc6d	/works/OL8729099W	oclc	
OL8729646W	1	1	The soul of Susan Yellam	1918	0.88	1.0	mdp.39015063977030	/works/OL8729646W	oclc	
OL8729667W	2	2	The Hill;	1906	0.87	1.0	nyp.33433081580882|uc1.32106002018924	/works/OL8729667W	oclc	
OL8756505W	1	1	Gold seekers of 4́9	1915	0.87	1.0	nyp.33433082256300	/works/OL8756505W	oclc	
OL8756507W	1	1	Into Mexico with General Scott	1920	0.5	1.0	uc2.ark+=13960=t6pz54f8j	/works/OL8756507W	oclc	
OL8757012W	1	1	Radio boys cronies	1922	0.8	1.0	mdp.39076002192453	/works/OL8757012W	oclc	
OL8776457W	1	1	The flower of France	1906	0.88	0.998	nyp.33433074875133	/works/OL8776457W	oclc	
OL878922W	3	2	To let	1921	0.89	1.0	uc2.ark+=13960=t6zw1cd9r|mdp.39015003681668|nyp.33433074855234	/works/OL878922W	oclc	
OL878970W	1	1	A man of Devon	1910	0.88	0.999	mdp.39015003681346	/works/OL878970W	oclc	
OL879023W	5	2	Awakening	1920	0.83	1.0	mdp.39015003679845|nyp.33433082303409|uc1.b4597326|uc2.ark+=13960=t9g450491|uc2.ark+=13960=t9m32pc39	/works/OL879023W	oclc	
OL879051W	4	2	Tatterdemalion	1920	0.81	1.0	mdp.39015003681684|nyp.33433074855242|uc2.ark+=13960=t1cj8966b|uc2.ark+=13960=t56d5sp11	/works/OL879051W	oclc	
OL879056W	4	2	A motley	1917	0.88	1.0	uc2.ark+=13960=t4th8dv0q|mdp.39015065936117|nyp.33433074855374|uc2.ark+=13960=t72v2g36r	/works/OL879056W	oclc	
OL879060W	3	2	Villa Rubein	1908	0.89	1.0	mdp.39015066688550|mdp.39015003681650|uc2.ark+=13960=t4jm28k4p	/works/OL879060W	oclc	
OL879066W	1	1	In chancery	1920	0.89	1.0	nyp.33433074855432	/works/OL879066W	oclc	
OL879073W	4	2	Five tales	1919	0.89	1.0	mdp.39015003679936|mdp.39015003679951|mdp.39015003679977|nyp.33433074855325	/works/OL879073W	oclc	
OL879082W	2	1	Fraternity	1909	0.84	0.999	mdp.39015004921915|uc2.ark+=13960=t5t72b219	/works/OL879082W	oclc	
OL879084W	2	1	The country house	1907	0.88	1.0	mdp.39015003679944|nyp.33433074855507	/works/OL879084W	oclc	
OL879085W	3	1	Beyond	1917	0.9	1.0	mdp.39015003679860|nyp.33433074855309|uc2.ark+=13960=t22b9778q	/works/OL879085W	oclc	
OL879086W	3	1	The dark flower	1913	0.84	1.0	mdp.39015065936125|nyp.33433074855333|uc2.ark+=13960=t0tq5ww18	/works/OL879086W	oclc	
OL879088W	3	2	The Forsyte saga	1922	0.89	1.0	uva.x030581232|nyp.33433074855382|uc2.ark+=13960=t3708064f	/works/OL879088W	oclc	
OL879133W	2	1	Afoot in England	1911	0.51	1.0	njp.32101068583085|uc2.ark+=13960=t1jh3fv4v	/works/OL879133W	oclc	
OL879164W	2	1	Green mansions	1916	0.88	1.0	mdp.39015008330956|mdp.39015059413446	/works/OL879164W	oclc	
OL879220W	2	1	The purple land that England lost	1885	0.9	0.999	nnc1.0022575324|nnc1.0035530944	/works/OL879220W	oclc	
OL879222W	3	1	Tales of the Pampas	1919	0.84	1.0	mdp.39015002387465|nyp.33433074872155|uc1.b4103042	/works/OL879222W	oclc	
OL879227W	2	1	A little boy lost	1918	0.88	1.0	mdp.39015035525958|nyp.33433082347489	/works/OL879227W	oclc	
OL879244W	1	1	The purple land	1922	0.81	1.0	mdp.39015005753168	/works/OL879244W	oclc	
OL8885093W	4	1	The South in the building of the nation	1909	0.54	1.0	mdp.39015070236461|uc1.b3609222|uc2.ark+=13960=t6833q31m|yale.39002004114378	/works/OL8885093W	oclc	
OL88878W	2	1	The longest journey	1907	0.83	1.0	inu.32000002871509|njp.32101066384825	/works/OL88878W	oclc	
OL88881W	1	1	Howards End	1911	0.89	1.0	mdp.39015005111680	/works/OL88881W	oclc	
OL890321W	1	1	The tale of Chloe	1899	0.79	1.0	nyp.33433074897301	/works/OL890321W	oclc	
OL890323W	2	2	Short stories	1898	0.88	1.0	uc2.ark+=13960=t1sf2s169|njp.32101068584513	/works/OL890323W	oclc	
OL890327W	14	3	Lord Ormont and his Aminta;	1894	0.89	1.0	uc2.ark+=13960=t1kh0hs20|mdp.39015030707270|mdp.39015030707288|mdp.39015030707296|uc1.b3328943|uc1.b3328944|uc1.b3328945|uc2.ark+=13960=t7qn6487p|uc2.ark+=13960=t80k2cd7x|uc2.ark+=13960=t9862hg40|uiuo.ark+=13960=t1fj32f88|uiuo.ark+=13960=t3kw60q7x|uiuo.ark+=13960=t3qv4493d|uc2.ark+=13960=t7vm4gc98	/works/OL890327W	oclc	
OL890331W	9	4	The amazing marriage	1896	0.9	1.0	mdp.39015011356048|uc1.b4102212|mdp.39015065444971|mdp.39015065444989|uiuo.ark+=13960=t0ft97q57|uiuo.ark+=13960=t3611q55j|mdp.39015030707379|mdp.39015030707395|uc2.ark+=13960=t00004q0v	/works/OL890331W	oclc	
OL890334W	1	1	The tragic comedians;	1898	0.88	1.0	mdp.39015030763158	/works/OL890334W	oclc	
OL890340W	4	3	Diana of the Crossways	1917	0.89	1.0	uc1.b4102745|uc1.b4103990|uc2.ark+=13960=t0cv4pb8z|uc2.ark+=13960=t3bz6461g	/works/OL890340W	oclc	
OL890407W	3	1	The son of his father	1887	0.89	1.0	uiuo.ark+=13960=t21c2k61d|uiuo.ark+=13960=t2x35cd31|uiuo.ark+=13960=t6xw50s5d	/works/OL890407W	oclc	
OL890410W	1	1	The story of a governess	1895	0.84	1.0	nyp.33433074961883	/works/OL890410W	oclc	
OL890417W	2	1	A widow's tale	1898	0.82	1.0	inu.32000004516136|uc2.ark+=13960=t4rj4gj2p	/works/OL890417W	oclc	
OL890427W	6	2	A house in Bloomsbury	1894	0.89	1.0	njp.32101065191809|uiuo.ark+=13960=t00z7t18b|uiuo.ark+=13960=t1fj33j1n|inu.32000001176736|nyp.33433074961917|uc2.ark+=13960=t6f190908	/works/OL890427W	oclc	
OL890472W	5	2	Hester	1883	0.89	1.0	uc2.ark+=13960=t4xg9h40h|uiuo.ark+=13960=t2697q578|uiuo.ark+=13960=t6f19hx11|uiuo.ark+=13960=t6g16jt37|uc1.b4104873	/works/OL890472W	oclc	
OL890564W	1	1	Dream life and real life;	1893	0.75	0.999	uc2.ark+=13960=t7hq3w36r	/works/OL890564W	oclc	
OL890570W	3	1	Trooper Peter Halket of Mashonaland	1897	0.86	1.0	mdp.39015002304726|nyp.33433075742555|uc2.ark+=13960=t3jw88x1g	/works/OL890570W	oclc	
OL890572W	1	1	So here then are dreams	1901	0.8	1.0	nyp.33433075742779	/works/OL890572W	oclc	
OL890573W	1	1	The story of an African farm	1888	0.8	1.0	mdp.39015002719386	/works/OL890573W	oclc	
OL890976W	1	1	The vicar of Wakefield and other works	1885	0.54	0.999	loc.ark+=13960=t75t49g9d	/works/OL890976W	oclc	
OL893601W	1	1	Bouvard and Pécuchet	1896	0.9	1.0	mdp.39015008160213	/works/OL893601W	oclc	
OL893802W	1	1	Sentimental education;	1922	0.9	1.0	uc2.ark+=13960=t0vq2tk8z	/works/OL893802W	oclc	
OL904344W	2	1	The little demon	1916	0.84	1.0	mdp.39015003539445|uc2.ark+=13960=t1kh0m85z	/works/OL904344W	oclc	
OL906860W	1	1	Brother Sims's mistake	1920	0.65	0.996	uc2.ark+=13960=t5q81580g	/works/OL906860W	oclc	
OL906864W	2	1	Eneas Africanus, defendant	1922	0.6	1.0	uc1.b3548188|uc2.ark+=13960=t8jd5057m	/works/OL906864W	oclc	
OL906868W	2	1	Two runaways, and other stories;	1900	0.89	0.995	uc1.b3324262|uc2.ark+=13960=t86h4nf3p	/works/OL906868W	oclc	
OL907247W	2	1	The unpardonable sin;	1918	0.89	1.0	njp.32101063580342|uc2.ark+=13960=t7sn01n5r	/works/OL907247W	oclc	
OL907252W	3	1	The cup of fury;	1919	0.89	1.0	mdp.39015063932571|nyp.33433082485602|uc2.ark+=13960=t18k7510k	/works/OL907252W	oclc	
OL907261W	3	1	Souls for sale	1922	0.84	1.0	nyp.33433076084528|uc1.b3347064|uc2.ark+=13960=t7wm15483	/works/OL907261W	oclc	
OL9204260W	2	1	Shadows of flames;	1915	0.9	1.0	nyp.33433076074859|uc2.ark+=13960=t04x54j40	/works/OL9204260W	oclc	
OL922049W	1	1	Brothers of peril;	1905	0.88	1.0	uc2.ark+=13960=t6zw1bp7z	/works/OL922049W	oclc	
OL922050W	2	1	A cavalier of Virginia	1910	0.88	1.0	nyp.33433076089337|uc2.ark+=13960=t3tt4hh2r	/works/OL922050W	oclc	
OL922054W	2	1	The harbor master	1913	0.88	1.0	nyp.33433076089329|uc2.ark+=13960=t6057gg6s	/works/OL922054W	oclc	
OL9261103W	1	1	Tom Slade on Mystery Trail	1921	0.87	0.999	mdp.39015074365779	/works/OL9261103W	oclc	
OL92771W	2	1	The human touch	1918	0.78	1.0	mdp.39015039301372|uc2.ark+=13960=t5m904s6q	/works/OL92771W	oclc	
OL92773W	1	1	Men, women and guns	1916	0.84	0.999	uc2.ark+=13960=t0cv4f47w	/works/OL92773W	oclc	
OL93765W	1	1	Mademoiselle Fifi and twelve other stories	1917	0.87	1.0	mdp.39015022213519	/works/OL93765W	oclc	
OL93827W	16	2	The life work of Henri René Guy de Maupassant	1903	0.83	1.0	uva.x001137113|uva.x002400389|uva.x002707120|uc2.ark+=13960=t0gt5n51w|uc2.ark+=13960=t10p1cq47|uc2.ark+=13960=t2t44131x|uc2.ark+=13960=t3028wb9x|uc2.ark+=13960=t47p91d5k|uc2.ark+=13960=t5n879114|uc2.ark+=13960=t6nz8h083|uc2.ark+=13960=t7gq6z73r|uc2.ark+=13960=t7np23p8b|uc2.ark+=13960=t7tm78550|uc2.ark+=13960=t7wm19z33|uc2.ark+=13960=t9t151z79|uc2.ark+=13960=t9w09cz39	/works/OL93827W	oclc	
OL93833W	9	1	Selected stories;	1912	0.84	1.0	uc2.ark+=13960=t3ws8tx6k|uc2.ark+=13960=t6rx9695x|uc2.ark+=13960=t7qn62w5z|uva.x002400171|uva.x030553349|wu.89091464040|wu.89091464065|wu.89091464073|wu.89091464099	/works/OL93833W	oclc	
OL93838W	1	1	Mont Oriol, or, A romance of Auvergne	1903	0.89	1.0	uc2.ark+=13960=t9p26x102	/works/OL93838W	oclc	
OL93839W	11	4	The odd number;	1889	0.86	1.0	mdp.39015033410369|mdp.39015033410278|uc2.ark+=13960=t0ms3rb3g|pst.000029116232|umn.31951d00531022n|umn.31951d005342220|umn.31951d00534224w|uva.x000379694|uva.x000421242|uva.x000968367|uva.x002404094	/works/OL93839W	oclc	
OL93840W	2	1	Une vie	1889	0.89	1.0	uc1.b317784|uc2.ark+=13960=t2x34rn59	/works/OL93840W	oclc	
OL93841W	6	5	Pierre and Jean;	1902	0.9	1.0	coo.31924111832873|uc2.ark+=13960=t43r0z87z|uc2.ark+=13960=t11n85z0k|uc2.ark+=13960=t7np2bm2f|uc2.ark+=13960=t2b85bv0f|uc2.ark+=13960=t6154mk40	/works/OL93841W	oclc	
OL94062W	1	1	Daughter of the elm;	1907	0.81	1.0	uc2.ark+=13960=t6154f79v	/works/OL94062W	oclc	
OL9418196W	3	2	Their Mariposa legend	1921	0.88	1.0	nyp.33433076080310|uc1.$b799901|uc1.b3688356	/works/OL9418196W	oclc	
OL942585W	1	1	La belle-nivernaise, and other stories	1895	0.88	0.998	njp.32101072901794	/works/OL942585W	oclc	
OL942653W	3	2	Robert Helmont;	1892	0.77	1.0	uc2.ark+=13960=t9765pj8q|uc2.ark+=13960=t1mg7h118|umn.319510020388120	/works/OL942653W	oclc	
OL942654W	5	3	Tartarin on the Alps	1894	0.8	1.0	mdp.39015030779253|uc2.ark+=13960=t6ww79r4n|mdp.39015022064870|nyp.33433075807887|uc2.ark+=13960=t8v989d2z	/works/OL942654W	oclc	
OL942659W	5	2	La Belle Nivernaise	1899	0.88	1.0	uc1.b157441|uc2.ark+=13960=t6639n13h|mdp.39015024761184|uc1.b3127704|uc2.ark+=13960=t3vt1j559	/works/OL942659W	oclc	
OL942664W	4	3	Sapho; Parisian manners	1905	0.89	1.0	uc2.ark+=13960=t2p55gt92|nyp.33433075807838|uc1.b317915|uc2.ark+=13960=t9x062s02	/works/OL942664W	oclc	
OL94434W	2	1	The builders	1919	0.88	1.0	mdp.39015003940999|nyp.33433076069289	/works/OL94434W	oclc	
OL94444W	1	1	The descendant;	1897	0.82	1.0	uc1.$b799611	/works/OL94444W	oclc	
OL94448W	3	1	Virginia	1913	0.9	1.0	nyp.33433076069222|uc1.b3176164|uc2.ark+=13960=t6542km7m	/works/OL94448W	oclc	
OL94452W	3	1	The deliverance	1904	0.89	1.0	mdp.39015003940973|mdp.39015004288265|nc01.ark+=13960=t7mp64h4s	/works/OL94452W	oclc	
OL94456W	4	1	The battle-ground	1902	0.89	1.0	mdp.39015003941070|mdp.39015003941096|nyp.33433074864921|uc1.b4381829	/works/OL94456W	oclc	
OL947627W	1	1	The quest of the four-leaved clover	1910	0.88	1.0	nyp.33433082530324	/works/OL947627W	oclc	
OL95930W	2	1	The gilded man;	1918	0.88	1.0	nyp.33433076025786|uc2.ark+=13960=t1pg1hq41	/works/OL95930W	oclc	
OL95989W	3	2	The prodigious Hickey	1910	0.88	1.0	uc2.ark+=13960=t8w952275|nyp.33433082333083|uc2.ark+=13960=t73t9dt40	/works/OL95989W	oclc	
OL95990W	2	1	In the name of liberty	1905	0.89	1.0	uc2.ark+=13960=t6251hb6r|wu.89099764334	/works/OL95990W	oclc	
OL95994W	1	1	The Tennessee Shad	1911	0.88	0.998	uc2.ark+=13960=t5fb4xt9f	/works/OL95994W	oclc	
OL95996W	1	1	The varmint	1910	0.89	1.0	uc2.ark+=13960=t0qr4r574	/works/OL95996W	oclc	
OL96005W	1	1	With Kit Carsonin the Rockies;	1909	0.87	0.998	uc2.ark+=13960=t8mc8v40j	/works/OL96005W	oclc	
OL96006W	2	1	In Texas with Davy Crockett;	1908	0.83	1.0	uc2.ark+=13960=t2n58gj5c|uva.x001269771	/works/OL96006W	oclc	
OL96017W	1	1	Lentala of the South Seas	1908	0.89	1.0	nyp.33433076045313	/works/OL96017W	oclc	
OL96025W	2	1	The boomers	1914	0.9	1.0	nyp.33433076023880|uc2.ark+=13960=t6pz59f55	/works/OL96025W	oclc	
OL96030W	2	1	Constance Dunlap, woman detective	1913	0.89	1.0	nyp.33433076048564|uc2.ark+=13960=t8z89353s	/works/OL96030W	oclc	
OL96034W	1	1	The soul scar	1919	0.81	1.0	wu.89006544852	/works/OL96034W	oclc	
OL96036W	2	1	The social gangster	1916	0.88	0.997	nyp.33433076047673|uc2.ark+=13960=t7sn02s2h	/works/OL96036W	oclc	
OL96040W	2	1	The war terror	1915	0.89	1.0	uc2.ark+=13960=t2t43j57j|uc2.ark+=13960=t4dn40b1n	/works/OL96040W	oclc	
OL96047W	1	1	Hearts of grace	1913	0.89	1.0	nyp.33433076045735	/works/OL96047W	oclc	
OL96060W	2	1	Drowsy	1917	0.82	1.0	nyp.33433076046238|uc2.ark+=13960=t3610w120	/works/OL96060W	oclc	
OL96095W	2	1	A journey in other worlds	1894	0.9	1.0	dul1.ark+=13960=t8ff42f2n|mdp.39015035953861	/works/OL96095W	oclc	
OL96107W	1	1	The achievements of Luther Trant	1910	0.89	1.0	mdp.39015011958959	/works/OL96107W	oclc	
OL96119W	1	1	Indian and Scout	1911	0.84	1.0	uc2.ark+=13960=t1pg1pc91	/works/OL96119W	oclc	
OL96120W	1	1	Roger the Bold;	1906	0.75	1.0	uc2.ark+=13960=t0ft8dv85	/works/OL96120W	oclc	
OL96167W	1	1	A strange manuscript found in a copper cylinder	1888	0.89	1.0	dul1.ark+=13960=t3zs3df24	/works/OL96167W	oclc	
OL96201W	1	1	The alibi	1916	0.89	1.0	nyp.33433074847967	/works/OL96201W	oclc	
OL96205W	1	1	The golden blight	1916	0.82	0.999	uc2.ark+=13960=t84j0cc9k	/works/OL96205W	oclc	
OL96206W	2	1	The air trust	1915	0.88	1.0	uc1.b3687449|uc2.ark+=13960=t9f47jb1x	/works/OL96206W	oclc	
OL96214W	2	1	The man who ended war;	1908	0.88	1.0	dul1.ark+=13960=t9g45ch9h|uc2.ark+=13960=t00z7112x	/works/OL96214W	oclc	
OL96218W	2	1	The new northland	1915	0.62	1.0	dul1.ark+=13960=t23b6qp6j|nnc1.cu54393035	/works/OL96218W	oclc	
OL96239W	1	1	Six feet four	1918	0.89	0.999	nyp.33433076067366	/works/OL96239W	oclc	
OL9679346W	2	1	The monk and the hangman's daughter	1892	0.78	0.999	dul1.ark+=13960=t0wq0wv3h|nyp.33433079897819	/works/OL9679346W	oclc	
OL9706147W	1	1	Revelations of a wife ;	1917	0.9	1.0	nyp.33433076069149	/works/OL9706147W	oclc	
OL9806488W	2	1	The judgement of Charis	1922	0.89	1.0	nyp.33433075737787|uc2.ark+=13960=t53f4nj9g	/works/OL9806488W	oclc	
OL981975W	3	1	The master mosaic-workers	1895	0.89	1.0	mdp.39015032338033|uc1.b317989|uc2.ark+=13960=t8pc2zq6n	/works/OL981975W	oclc	
OL984216W	2	1	The joy of Captain Ribot;	1900	0.9	1.0	nyp.33433075865687|uc2.ark+=13960=t2m61fk5s	/works/OL984216W	oclc	
OL984273W	1	1	José;	1901	0.82	1.0	nyp.33433075885701	/works/OL984273W	oclc	
OL98491W	4	1	The age of innocence	1920	0.9	1.0	mdp.39015008007851|mdp.39015035315129|mdp.39015066063226|nyp.33433076079080	/works/OL98491W	oclc	
OL98501W	2	2	Ethan Frome	1911	0.87	1.0	uc2.ark+=13960=t1sf2mx9b|uc2.ark+=13960=t0vq2sv3q	/works/OL98501W	oclc	
OL98505W	3	2	The fruit of the tree	1907	0.9	1.0	mdp.39015011001685|uc2.ark+=13960=t9c53fr56|uc2.ark+=13960=t0js9hr7j	/works/OL98505W	oclc	
OL98515W	2	1	The reef; a novel	1912	0.84	1.0	nyp.33433076079064|uc2.ark+=13960=t5x63cb37	/works/OL98515W	oclc	
OL98542W	3	3	The Marne	1918	0.88	1.0	uc2.ark+=13960=t2d796c7p|njp.32101068605771|uc2.ark+=13960=t8qb9wj7p	/works/OL98542W	oclc	
OL98549W	2	1	The hermit and the wild woman, and other stories	1908	0.89	1.0	mdp.39015008471453|uc2.ark+=13960=t3513w02c	/works/OL98549W	oclc	
OL98572W	4	2	Sanctuary	1903	0.89	1.0	nyp.33433076074149|mdp.39015009098040|mdp.39015048847431|uc2.ark+=13960=t2q52gc7f	/works/OL98572W	oclc	
OL98575W	5	2	The touchstone	1900	0.89	1.0	mdp.39015030719150|nyp.33433076074065|uva.x001120966|njp.32101068605789|uc2.ark+=13960=t6833p80z	/works/OL98575W	oclc	
OL98576W	3	1	Madame de Treymes	1907	0.87	1.0	mdp.39015030719176|mdp.39015066059976|uc2.ark+=13960=t8qb9vx38	/works/OL98576W	oclc	
OL98579W	4	1	Crucial instances	1901	0.8	1.0	mdp.39015014595980|mdp.39015030719192|uc1.b3864885|uc2.ark+=13960=t80k27t5p	/works/OL98579W	oclc	
OL98580W	3	1	The glimpses of the moon	1922	0.89	1.0	mdp.39015005391647|nyp.33433076079106|uc2.ark+=13960=t6pz5225b	/works/OL98580W	oclc	
OL98581W	5	2	The valley of decision;	1902	0.84	1.0	nyp.33433076074503|mdp.39015010563149|mdp.39015010692864|nyp.33433076074032|nyp.33433076074040	/works/OL98581W	oclc	
OL98582W	1	1	Tales of men and ghosts	1910	0.9	1.0	uc2.ark+=13960=t6qz23d1g	/works/OL98582W	oclc	
OL98584W	1	1	The greater inclination	1899	0.86	1.0	mdp.39015010759838	/works/OL98584W	oclc	
OL98585W	2	1	The custom of the country	1913	0.85	1.0	nyp.33433076079122|uc2.ark+=13960=fk3tt4fx78	/works/OL98585W	oclc	
OL98586W	3	1	Summer	1917	0.89	1.0	mdp.39015024653134|nyp.33433076079056|uc2.ark+=13960=t5x63cb4q	/works/OL98586W	oclc	
OL98587W	1	1	The house of mirth	1905	0.84	1.0	uc1.32106002154331	/works/OL98587W	oclc	
OL989233W	1	1	Tales from a mother-of-pearl casket	1896	0.89	1.0	mdp.39015030370020	/works/OL989233W	oclc	
OL989306W	5	2	Little Pierre	1920	0.89	1.0	mdp.39015030368305|mdp.39015037368027|mdp.39015030368271|nyp.33433082365895|uc2.ark+=13960=t6f18w806	/works/OL989306W	oclc	
OL989307W	1	1	Crainquebille	1922	0.77	0.999	uc2.ark+=13960=t26972q3n	/works/OL989307W	oclc	
OL989308W	3	1	Mother of pearl	1917	0.7	1.0	mdp.39015030370046|uc1.b4066080|uc2.ark+=13960=t7vm45k6s	/works/OL989308W	oclc	
OL989311W	1	1	The elm-tree on the mall;	1910	0.53	1.0	mdp.39015030368263	/works/OL989311W	oclc	
OL989320W	1	1	The well of Saint Clare	1909	0.72	1.0	mdp.39015012966415	/works/OL989320W	oclc	
OL989333W	1	1	The gods are athirst ;	1913	0.85	1.0	uc2.ark+=13960=t3qv3fs8f	/works/OL989333W	oclc	
OL99488W	1	1	My South Sea sweetheart	1921	0.9	0.999	uc2.ark+=13960=t6348k58x	/works/OL99488W	oclc	
OL99490W	1	1	The terrible island	1920	0.89	1.0	uc2.ark+=13960=t29889052	/works/OL99490W	oclc	
OL99530W	1	1	The children's Shakespeare	1900	0.86	1.0	nyp.33433074914213	/works/OL99530W	oclc	
OL99543W	1	1	The Wouldbegoods	1901	0.88	0.999	nyp.33433082300280	/works/OL99543W	oclc	
OL996416W	1	1	Caleb West	1898	0.89	1.0	uc1.b3326073	/works/OL996416W	oclc	
OL996423W	1	1	Caleb West, master diver	1898	0.83	0.999	uc2.ark+=13960=t8rb6wm1v	/works/OL996423W	oclc	
OL996427W	4	2	Colonel Carter's Christmas	1903	0.86	1.0	uc2.ark+=13960=fk9862bx42|mdp.39015063986031|uc1.$b799989|uc1.b4104569	/works/OL996427W	oclc	
OL996436W	2	1	A gentleman vagabond and some others	1895	0.81	1.0	uc1.$b799991|uc2.ark+=13960=t9862c657	/works/OL996436W	oclc	
OL996438W	3	1	The tides of Barnegat	1906	0.89	1.0	mdp.39015063964780|uc1.b3326081|uc2.ark+=13960=t6736nc92	/works/OL996438W	oclc	
OL996440W	2	2	The fortunes of Oliver Horn	1912	0.9	1.0	uc1.b3326076|uc2.ark+=13960=t2z31ns32	/works/OL996440W	oclc	
OL996443W	1	1	Colonel Carter of Cartersville;	1899	0.79	0.999	uc2.ark+=13960=t1td9p78b	/works/OL996443W	oclc	
OL38989822W	1	2613388	A portrait of the artist as a young man	1916	0.85	1.0	nyp.33433074863766		title_fuzzy	100.0
OL81295W	1	287941	Sons and lovers	1922	0.89	1.0	mdp.49015001344473		title_fuzzy	100.0
OL40434746W	3	4166116	Tess of the D'Urbervilles	1892	0.83	1.0	uc1.b3578724		title_fuzzy	100.0
OL42236259W	1	36032038	The house of mirth	1905	0.84	1.0	uc1.32106002154331		title_fuzzy	100.0
OL42517032W	1	1814073	The red badge of courage;	1914	0.87	1.0	uva.x000208724		title_fuzzy	97.95918367346938
OL112798W	3	939418	The marrow of tradition	1901	0.86	1.0	mdp.39015013742807		title_fuzzy	100.0
OL20172W	1	6672382	Kim	1901	0.84	1.0	mdp.39015013013639		title_fuzzy	100.0
OL1794911W	1	10173691	McTeague;	1914	0.84	1.0	uc1.32106002078050		title_fuzzy	94.11764705882352
OL44622934W	1	618893	The jungle	1906	0.81	1.0	mdp.39015026884190		title_fuzzy	100.0
OL100196W	1	5530873	The genius	1906	0.88	1.0	uc2.ark+=13960=t6542jz85		title_fuzzy	90.9090909090909
OL468488W	1	2340134	This side of paradise	1920	0.86	1.0	mdp.39015012435916		title_fuzzy	100.0
OL18561767W	1	5823806	The story of an African farm	1888	0.8	1.0	mdp.39015002719386		title_fuzzy	100.0
OL41540816W	3	3567675	Robert Elsmere	1888	0.9	1.0	mdp.39015053658731		title_fuzzy	100.0
OL65437W	6	13357168	At fault	1883	0.89	1.0	uc2.ark+=13960=t3mw2f73w		title_fuzzy	100.0
OL1253285W	1	9295002	The Scarlet Pimpernel	1905	0.88	1.0	nyp.33433075744890		title_fuzzy	100.0
OL2339087W	1	3805017	The red axe	1898	0.89	1.0	mdp.39015063551504		title_fuzzy	100.0
OL1418251W	1	5921741	Tarzan of the Apes	1917	0.82	1.0	coo.31924022307601		title_fuzzy	100.0
OL74504W	1	64176190	White fang	1911	0.89	1.0	njp.32101067626554		title_fuzzy	100.0
OL19870W	2	192774	The jungle book	1894	0.89	0.999	mdp.39015000673742		title_fuzzy	100.0
OL44014215W	1	13393303	The strange case of Dr. Jekyll and Mr. Hyde	1901	0.88	1.0	uc2.ark+=13960=t9r20w429		title_fuzzy	95.1219512195122
OL39453744W	3	360173	Jude the obscure	1895	0.9	1.0	mdp.39015013406494		title_fuzzy	100.0
OL65430W	2	1655659	The awakening	1900	0.84	1.0	mdp.39015034726425		title_fuzzy	100.0
