openlibrary_work_key	selection_title	selection_author	retrieval_query	ia_num_found	ia_identifier	ia_title	ia_creator	ia_date	ia_year	ia_publisher	ia_subject	ia_description	ia_collection
/works/OL31971259W	Heart of Darkness	Joseph Conrad	"title:""Heart of Darkness"" AND mediatype:texts"	263	isbn_9780786714599	The White Headhunter: The Story of a 19-Century Sailor Who Survived a South Seas Heart of Darkness	Nigel Randell	2004-10-14T00:00:00Z	2004.0	Carroll & Graf			['internetarchivebooks', 'printdisabled']
/works/OL31971259W	Heart of Darkness	Joseph Conrad	"title:""Heart of Darkness"" AND mediatype:texts"	263	bwb_S0-BGP-951	Heart of Darkness and the Secret Sharer	JOseph Conrad	1910-01-01T00:00:00Z	1910.0				['internetarchivebooks', 'fav-az_grizzly', 'fav-taylor895']
/works/OL31971259W	Heart of Darkness	Joseph Conrad	"title:""Heart of Darkness"" AND mediatype:texts"	263	ERIC_EJ1068441	"ERIC EJ1068441: Mortal Imperfection: The Revenge of the Social Animal in ""Heart of Darkness"" and ""Moby Dick"""	ERIC	2014-01-01T00:00:00Z	2014.0		['ERIC Archive', 'Social Bias', 'Social Attitudes', 'Social Stratification', 'Power Structure', 'Authors', 'Novels', 'Psychological Patterns', 'Ethics', 'Violence', 'Racial Bias', 'World Problems', 'Sumbal, Maqsood']	"This paper seeks to explore and peek into the psychological hell of the so-called superior beings who, in their megalomaniacal intentions make the world a difficult place to live for some groups based on ethnicity, culture, race, religion, and other differences. It looks into the duplicity and double standards of people and the way they exploit a privileged birthright to target and demean other groups exalting themselves as the preferred ""self"" over the marginalized ""others"". The sham of superficial, social lifestyles is exposed as the web of morality and a politicized sense of right and wrong is questioned. Power structures that uphold society are based on flimsy differentiations that utilize the principle of ""might is right"" as a power hierarchy is established to subjugate and exploit the less-privileged and weaker groups on Earth. This research challenges the subject-object duality and the veneer of civilization that is rampant in the modern world and that views the world in a sharply divided vision of black and white, ignoring the grey shades where the question of individuality, identity and personality arises-the potency of the beliefs of all beings cannot be neglected by imposing labels of ""savages"" and ""barbarians"". The act of imposition by the civilized world over primitive groups itself is an act of savagery and this paper would be questioning why man is unwilling to come to terms with his ""other"", the part that completes him and defines him, and is an essential part of his evolving personality. The core of evil and primitivity is ineradicable in every being and it is individuality that will control the behavior, not forcefully imposed social constructs. There is a very thin line between what the civilized world calls ""normal"" and what it labels as ""savage"" as man was essentially born as natural as the wilderness around him, his soul as unfettered as the soaring eagle. This untamed wilderness is man's reality and when he tries to harness it, he transgresses upon values that are inevitably connected with his history, his evolution, his concept of civilization and his superstructure of formal education. Is it really a civilizing, enlightening mission of transforming brutes into human beings or making others as hypocritical and pretentious as the colonizing powers are, at the expense of personal integrity?"	['ericarchive', 'usgovernmentmirrors', 'government-documents', 'fav-saranilsson']
/works/OL31971259W	Heart of Darkness	Joseph Conrad	"title:""Heart of Darkness"" AND mediatype:texts"	263	domesticating-and-modernizing-heart-of-darkness	Domesticating And Modernizing Heart Of Darkness					['test turinga pipki obra', 'lis', 'test turinga liskov lis ou', 'liskov aibots', 'turing margarine aibots', 'conrad', 'literature', 'gnus hell fails turing test', 'gnus hell poland fox', 'gnus counts failures']	gra w zycie podroz do piekla klonow gnus	['folkscanomy_science', 'folkscanomy']
/works/OL31971259W	Heart of Darkness	Joseph Conrad	"title:""Heart of Darkness"" AND mediatype:texts"	263	heart_of_darkness__project_gutenberg	heart_of_darkness__project_gutenberg	Stephanie Syjuco	2011-01-01T00:00:00Z	2011.0		['literature', 'print on demand']	Heart of Darkness: Project Gutenberg Re-editioned text by Stephanie Syjuco	['opensource', 'community']
/works/OL31971259W	Heart of Darkness	Joseph Conrad	"title:""Heart of Darkness"" AND mediatype:texts"	263	heartofdarknessu0000ostr_g2t8	Heart of darkness : unraveling the mysteries of the invisible universe	Ostriker, J. P., author	2013-01-01T00:00:00Z	2013.0	Princeton, N.J. ; Oxford : Princeton University Press	['Universum', 'Cosmology', 'Dark energy (Astronomy)', 'Dark matter (Astronomy)', 'Cosmologie', 'Énergie sombre (Astronomie)', 'Matière sombre (Astronomie)', 'cosmology', 'Astrophysik', 'Dunkle Energie', 'Dunkle Materie']	"['xxi, 299 pages : 24 cm', '""Heart of Darkness describes the incredible saga of humankind\'s quest to unravel the deepest secrets of the universe. Over the past thirty years, scientists have learned that two little-understood components--dark matter and dark energy--comprise most of the known cosmos, explain the growth of all cosmic structure, and hold the key to the universe\'s fate.""--Jacket', 'Includes bibliographical references (pages 291-293) and index', 'Cosmology becomes data-driven science -- Outline of the journey we will take -- Prologue: From myth to reality : Astronomy: the endless frontier ; Charting and modeling the heavens ; Copernicus: ""the last of the Greek cosmologists"" ; Galileo: a new approach to mechanics and cosmology ; The impact of Copernicus: Kepler\'s Laws ; Isaac Newton and gravity ; William Herschel discovers the universe ; Understanding the universe becomes a new kind of science -- Einstein\'s toolkit, and how to use it : Overconfidence among the cognoscenti at the dawn of the twentieth century ; Revolution in physics: the inception of quantum theory and relativity ; Special relativity ; General relativity ; General relativity is tested, passes the test, and is a sensation ; Cosmological solutions to Einstein\'s equations -- The realm of the nebulae : New instruments in a better climate unveil a new world ; A universe of galaxies is confirmed ; A cosmological model to fit the new data: enter, Georges Lemaître ; Physical cosmology and the expanding universe ; Lemaître\'s synthesis model foretells the contribution of dark energy ; Hubble\'s achievements ; Big science to attack the big problem ; The steady state model universe and the Big Bang -- Let\'s do cosmology! : The Big Bang: a starting point that cannot be escaped ; Observational cosmology, the biggest puzzle to be solved with the biggest telescope ; The grand project was initially too difficult -- Discovering the Big Bang : Did our universe have an explosive birth? ; What makes the stars shine? ; Nuclear astrophysics moves to the cosmos ; The fireball in which the first chemical elements were made ; Direct radio observations of the Big Bang fireball ; Understanding the Big Bang -- The origin of structure in the universe : ""In the beginning"": why an explanation is needed ; Structure within the expanding universe ; The elusive standard candle: Beatrice Tinsley changes the game ; Real cosmic structure found and cataloged by Fritz Zwicky ; Understanding the origin of structure becomes serious science ; Cosmic inflation ; The seeds of cosmic structure are discovered ; Closing the loop: how do seeds grow to galaxies? -- Dark matter: or Fritz Zwicky\'s greatest invention : How the earth was weighed ; Finding the mass of the Andromeda Galaxy ; Zwicky finds dark matter in clusters of galaxies in the 1930s ; The rediscovery of dark matter in the 1970s ; Rotation curves confirm the case for dark matter ; More recent multiple lines of evidence for dark matter -- Dark energy: or Einstein\'s greatest blunder : A curious situation ; Will gravity lead to a collapse of the solar system? ; Expected and unexpected motions of thrown stones and Hubble\'s universe ; The invention of the cosmological constant or dark energy: 1915 ; The revival of dark energy in the 1970s ; New arguments and new evidence: dark energy confirmed in the 1990s ; Dark energy fills the gap, allowing the flat, ""just right"" universe -- The modern paradigm and the limits of our knowledge : We have come a long way ; The matter and energy content of the universe ; The global cosmological solution and the cosmic triangle ; In the beginning ; Structure in the universe ; The supercomputer approach -- The frontier: major mysteries that remain : Dark matter ; Dark energy ; Inflation ; Giant black holes ; Fine-tuning ; Summing up']"	['internetarchivebooks', 'printdisabled', 'fav-conger2018', 'fav-jaareza', 'fav-jerambam', 'fav-parkta', 'fav-timomartin']
/works/OL31971259W	Heart of Darkness	Joseph Conrad	"title:""Heart of Darkness"" AND mediatype:texts"	263	heartofdarknessc0000reil	The heart of darkness club : a novel	Reilly, Gary, -2011	2013-01-01T00:00:00Z	2013.0	Denver, CO : Running Meter Press	['Taxicab drivers -- Fiction', 'Denver (Colo.) -- Fiction']	200 pages ; 22 cm	['internetarchivebooks', 'printdisabled', 'fav-haight1968', 'dartmouthlibrary-ol']
/works/OL31971259W	Heart of Darkness	Joseph Conrad	"title:""Heart of Darkness"" AND mediatype:texts"	263	heartofdarknesss0000conr_c2s0	Heart of darkness, and The Secret sharer	Conrad, Joseph, 1857-1924	1989-01-01T00:00:00Z	1989.0	New York : Bantam Classic		['205 p', '142,520']	['claremont_school_of_theology', 'internetarchivebooks', 'printdisabled', 'binghamton-ol']
/works/OL31971259W	Heart of Darkness	Joseph Conrad	"title:""Heart of Darkness"" AND mediatype:texts"	263	isbn_0451518934	Heart of darkness ; and, the secret sharer	['Conrad, Joseph, 1857-1924', 'Conrad, Joseph, 1857-1924. Secret sharer']	1984-01-01T00:00:00Z	1984.0	New York, N.Y. : New American Library		"['""Revised and updated bibliography.""', 'Includes bibliographical references (pages 159-160)']"	['internetarchivebooks', 'printdisabled', 'fav-chasm_city', 'fav-ecarisharris', 'stmaryscountylibrary']
/works/OL31971259W	Heart of Darkness	Joseph Conrad	"title:""Heart of Darkness"" AND mediatype:texts"	263	heartofdarknessa00conr_0	Heart of darkness	Joseph Conrad	1988-01-01T00:00:00Z	1988.0	Norton	['Conrad, Joseph, 1857-1924', 'Europeans -- Africa -- Fiction', 'Trading posts -- Fiction', 'Degeneration -- Fiction', 'Imperialism -- Fiction', 'Africa -- Fiction']		['internetarchivebooks', 'printdisabled', 'fav-al_haas', 'fav-amishen', 'fav-anoushka_literature_student', 'fav-arctorus', 'fav-axisbee', 'fav-benmac', 'fav-bigboyjohnson', 'fav-blanka568', 'fav-catry07', 'fav-d_smith2939', 'fav-despgian', 'fav-e_blackadder', 'fav-global1999', 'fav-hollstes', 'fav-jessica_neri', 'fav-lauravir', 'fav-mokream', 'fav-nathansr', 'fav-rafytarar', 'fav-sbhh', 'fav-yana_potemkin', 'phillipsacademy-preview']
/works/OL31971259W	Heart of Darkness	Joseph Conrad	"title:""Heart of Darkness"" AND mediatype:texts"	263	blackstonehearto00rust	Blackstone and the heart of darkness	['Rustage, Alan, 1949-', 'Spencer, Sally, 1949-']	2007-01-01T00:00:00Z	2007.0	Sutton : Severn House	['Blackstone, Sam (Fictitious character)', 'Police']		['internetarchivebooks', 'delawarecountydistrictlibrary', 'americana', 'printdisabled', 'inlibrary', 'library_of_atlantis']
/works/OL31971259W	Heart of Darkness	Joseph Conrad	"title:""Heart of Darkness"" AND mediatype:texts"	263	manga_Who_Fighter_with_Heart_of_Darkness	MANGA: Who Fighter with Heart of Darkness						MANGA: Who Fighter with Heart of Darkness	['manga_unsorted', 'manga_library', 'comics', 'folkscanomy', 'fav-bluenap', 'fav-jeremejay', 'fav-xnhan00']
/works/OL31971259W	Heart of Darkness	Joseph Conrad	"title:""Heart of Darkness"" AND mediatype:texts"	263	heartofdarknessaconn00conr	Heart of darkness ; and, the secret sharer	['Conrad, Joseph, 1857-1924', 'Conrad, Joseph, 1857-1924. Secret sharer']	1983-01-01T00:00:00Z	1983.0	New York, N.Y. : NAL Penguin	Short stories	Includes bibliographical references (p. [159]-[160])	['internetarchivebooks', 'americana', 'printdisabled', 'fav-arctorus', 'fav-itishere', 'stmaryscountylibrary']
/works/OL31971259W	Heart of Darkness	Joseph Conrad	"title:""Heart of Darkness"" AND mediatype:texts"	263	heartofdarknesss0000albe_t5h3	Heart of darkness and the secret sharer	Albert J. Guerard	1910-01-01T00:00:00Z	1910.0	New American Library			['internetarchivebooks', 'fav-supermega12']
/works/OL31971259W	Heart of Darkness	Joseph Conrad	"title:""Heart of Darkness"" AND mediatype:texts"	263	heartofdarknesss0000unse_q0h0	heart of darkness & the secret sharer		1983-01-01T00:00:00Z	1983.0				['internetarchivebooks', 'inlibrary', 'printdisabled']
/works/OL31971259W	Heart of Darkness	Joseph Conrad	"title:""Heart of Darkness"" AND mediatype:texts"	263	YouthHeartOfDarknessTheEndOrTheTether	Youth, Heart Of Darkness, The End Of The Tether	Joseph Conrad	1902-01-01T00:00:00Z	1902.0				['millionbooks', 'universallibrary', 'fav-eee321', 'fav-mrdefleur', 'fav-ramap', 'fav-weee0603']
/works/OL31971259W	Heart of Darkness	Joseph Conrad	"title:""Heart of Darkness"" AND mediatype:texts"	263	bwb_Y0-BTM-813	Heart of Darkness AN AUTHORITATIVE TEXT BACKGROUNDS AND SOURCES ESSAYS IN CRITICISM	Robert Kimbrough	1963-01-01T00:00:00Z	1963.0				['internetarchivebooks', 'printdisabled', 'inlibrary']
/works/OL31971259W	Heart of Darkness	Joseph Conrad	"title:""Heart of Darkness"" AND mediatype:texts"	263	heartofdarknessa0000jose_t4a2	Heart Of Darkness Almayer's Folly The Lagoon	Joseph J. Guerard	1966-01-01T00:00:00Z	1966.0				['internetarchivebooks', 'printdisabled', 'inlibrary']
/works/OL31971259W	Heart of Darkness	Joseph Conrad	"title:""Heart of Darkness"" AND mediatype:texts"	263	30081039363985	Heart of darkness, and The secret sharer;	Conrad, Joseph, 1857-1924	1950-01-01T00:00:00Z	1950.0	New American Library	['Europeans -- Africa -- Fiction', 'Trading posts -- Fiction', 'Degeneration -- Fiction', 'Imperialism -- Fiction', 'Africa -- Fiction', 'Psychological fiction']		['vanderbilt-university']
/works/OL31971259W	Heart of Darkness	Joseph Conrad	"title:""Heart of Darkness"" AND mediatype:texts"	263	arxiv-1009.3934	Heart of Darkness: The Significance of the Zeptobarn Scale for Neutralino Direct Detection	['Jonathan L. Feng', 'David Sanford']	2011-05-12T00:00:00Z	2011.0			The direct detection of dark matter through its elastic scattering off nucleons is among the most promising methods for establishing the particle identity of dark matter. The current bound on the spin-independent scattering cross section is sigma^SI < 10 zb for dark matter masses m_chi ~ 100 GeV, with improved sensitivities expected soon. We examine the implications of this progress for neutralino dark matter. We work in a supersymmetric framework well-suited to dark matter studies that is simple and transparent, with models defined in terms of four weak-scale parameters. We first show that robust constraints on electric dipole moments motivate large sfermion masses mtilde > 1 TeV, effectively decoupling squarks and sleptons from neutralino dark matter phenomenology. In this case, we find characteristic cross sections in the narrow range 1 zb < sigma^SI < 40 zb for m_chi > 70 GeV. As sfermion masses are lowered to near their experimental limit mtilde ~ 400 GeV, the upper and lower limits of this range are extended, but only by factors of around two, and the lower limit is not significantly altered by relaxing many particle physics assumptions, varying the strange quark content of the nucleon, including the effects of galactic small-scale structure, or assuming other components of dark matter. Experiments are therefore rapidly entering the heart of dark matter-favored supersymmetry parameter space. If no signal is seen, supersymmetric models must contain some level of fine-tuning, and we identify and analyze several possibilities. Barring large cancellations, however, in a large and generic class of models, if thermal relic neutralinos are a significant component of dark matter, experiments will discover them as they probe down to the zeptobarn scale.	['arxiv', 'journals']
/works/OL31971259W	Heart of Darkness	Joseph Conrad	"title:""Heart of Darkness"" AND mediatype:texts"	263	8.-ijrhal-fiction-and-autobiography-a-study-of-joseph-conrads-heart-of-darkness-	8. IJRHAL Fiction And Autobiography A Study Of Joseph Conrad's Heart Of Darkness And James Joyce's A Portrait Of The Artist As A Young Man ( 1)	@ impact	2020-08-31T00:00:00Z	2020.0		['Migration', 'Theories', 'Concept', 'Consequences', 'Push and Pull Factors']	Although Heart of Darkness is an earlier modernist novel than A Portrait of the Artist as a Young Man, both novels incorporate autobiographical elements which project the authors’ traumatic experiences with the nihilistic practices in their societies. This paper examines fiction and autobiography with reference to Joseph Conrad’s Heart of Darkness and James Joyce’s A Portrait of the Artist as a Young Manwith the aim of illustrating that these authors integrate personal life experiences in their fictional woks to project their feelings and thoughts about the modernist experience.	['impactjournals']
/works/OL31971259W	Heart of Darkness	Joseph Conrad	"title:""Heart of Darkness"" AND mediatype:texts"	263	an-image-of-africa-racism-in-conrads-heart-of-darkness	An Image Of Africa Racism In Conrad’s Heart Of Darkness					An- Image- Of -Africa -Racism -In Conrad’s- Heart -Of- Darkness-	An- Image- Of -Africa -Racism -In Conrad’s- Heart -Of- Darkness-	['opensource', 'community', 'fav-annannenna', 'fav-scoobs5555', 'fav-zeo404']
/works/OL31971259W	Heart of Darkness	Joseph Conrad	"title:""Heart of Darkness"" AND mediatype:texts"	263	bwb_S0-ELE-285	Heart of Darkness	Joseph Conrad	1969-01-01T00:00:00Z	1969.0	The Heritage Press			['internetarchivebooks', 'printdisabled', 'inlibrary', 'fav-kylebrooke']
/works/OL31971259W	Heart of Darkness	Joseph Conrad	"title:""Heart of Darkness"" AND mediatype:texts"	263	heartofdarknessj0000unse	Heart of darkness : Joseph Conrad		2007-01-01T00:00:00Z	2007.0	New York : Spark Pub.	['Conrad, Joseph, 1857-1924. Heart of darkness', 'Conrad, Joseph, 1857-1924 -- Criticism and interpretation', 'Conrad, Joseph, 1857-1924', 'Heart of darkness (Conrad, Joseph)', 'Psychological fiction, English', 'Europeans -- Africa', 'Europeans', 'Africa']	"['86 pages ; 21 cm', '""Now updated!""--Cover', 'Includes bibliographical references (page 86)']"	['internetarchivebooks', 'inlibrary', 'printdisabled', 'fav-an_ach1153', 'fav-macareuxmoine', 'fav-muniyapyne', 'fav-younus882004']
/works/OL31971259W	Heart of Darkness	Joseph Conrad	"title:""Heart of Darkness"" AND mediatype:texts"	263	heartofdarknesss00youn	Heart of darkness and the secret sharer : notes. Including Life of the author, Introductions to the novels, Lists of characters, Brief plot synposes, Summaries & critical commentaries, Critical essays, Suggested essay topics, Selected bibliography.	Youngbirg, Norma	1994-01-01T00:00:00Z	1994.0	Lincoln, NE : Cliffs Notes	Conrad, Joseph, 1857-1924	Cover title:: Cliffs notes on Conrad's Heart of darkness & Secret sharer	['internetarchivebooks', 'inlibrary', 'printdisabled', 'fav-albepiroddi', 'fav-charleswfbell', 'fav-devangna8839']
/works/OL31971259W	Heart of Darkness	Joseph Conrad	"title:""Heart of Darkness"" AND mediatype:texts"	263	atheartofdarknes0000park	At the heart of darkness : witchcraft, black magic and satanism today	Parker, John, 1938 August 5-	1993-01-01T00:00:00Z	1993.0	New York : Carol Pub. Group	['Occultism -- Great Britain', 'Occultism', 'Great Britain']	"['x, 334 pages, 16 unnumbered pages of plates : 21 cm', 'Includes bibliographical references (pages 323-334) and index', '""A Citadel Press Book.""', 'Previously published: London : Sidgwick & Jackson, 1993']"	['internetarchivebooks', 'printdisabled', 'inlibrary', 'fav-adeyemi_el-amin', 'fav-albus4575', 'fav-amorshcute', 'fav-bambi_bland', 'fav-bigwormneeds101', 'fav-birdskulls', 'fav-breeadams27', 'fav-chaoscheerleader', 'fav-cranmer1928', 'fav-derek_murrell', 'fav-elegua', 'fav-eric_wright', 'fav-frejalena', 'fav-inner_development', 'fav-jmworkml', 'fav-joelic', 'fav-kokoku666', 'fav-machine_gun_daddy', 'fav-myah_alveranga700', 'fav-pusanisa', 'fav-rinzo_2x', 'fav-sacred_archive', 'fav-siintyypitkiakuita', 'fav-sundiata', 'fav-yorklincoln']
/works/OL31971259W	Heart of Darkness	Joseph Conrad	"title:""Heart of Darkness"" AND mediatype:texts"	263	josephconradshea0000jeri	Joseph Conrad's Heart of darkness & the secret sharer	Jericho, Jeremy	1984-01-01T00:00:00Z	1984.0	Woodbury, N.Y. : Barron's	['Conrad, Joseph, 1857-1924. Heart of darkness', 'Conrad, Joseph, 1857-1924. Secret sharer', 'Conrad, Joseph 1857-1924 Secret sharer', 'Conrad, Joseph 1857-1924 Heart of darkness', 'Heart of darkness (Conrad, Joseph)', 'Secret sharer (Conrad, Joseph)', 'English literature -- History and criticism']	"['vi, 138 pages ; 18 cm', 'A guide to reading ""Heart of Darkness"" and ""The Secret Sharer"" with a critical and appreciative mind. Includes background on the author\'s life and times, sample tests, term paper suggestions, and a reading list', ""Spine title: Conrad's Heart of darkness & the secret sharer"", 'Includes bibliographical references']"	['internetarchivebooks', 'inlibrary', 'printdisabled', 'fav-alessandro_sapienza', 'fav-farkhunda955', 'fav-glutton', 'fav-ms08', 'fav-muniyapyne', 'fav-pnips', 'fav-rackie77', 'fav-ukta2001', 'fav-younus882004', 'openlibrary-d-ol']
/works/OL31971259W	Heart of Darkness	Joseph Conrad	"title:""Heart of Darkness"" AND mediatype:texts"	263	josephconradshea0000weis	Joseph Conrad's Heart of darkness	Weiss, James	1997-01-01T00:00:00Z	1997.0	New York : Barnes & Noble Books	['Conrad, Joseph, 1857-1924. Heart of darkness', 'Heart of darkness (Conrad, Joseph)']	['64 pages ; 21 cm', 'Includes bibliographical references (pages 59-64)']	['internetarchivebooks', 'inlibrary', 'printdisabled', 'fav-asim_roy', 'fav-pnips', 'fav-soma_samanta', 'fav-tomy112716', 'openlibrary-d-ol']
/works/OL31971259W	Heart of Darkness	Joseph Conrad	"title:""Heart of Darkness"" AND mediatype:texts"	263	fromheartofdarkn0000davi	From the heart of darkness	David Drake	1983-01-01T00:00:00Z	1983.0	['T. Doherty Associates', 'distributed by Pinnacle Books', 'Tor Books']			['internetarchivebooks', 'inlibrary', 'printdisabled', 'fav-_rico_vlp', 'fav-codehead390', 'fav-ponderosa167']
/works/OL31971259W	Heart of Darkness	Joseph Conrad	"title:""Heart of Darkness"" AND mediatype:texts"	263	bwb_Y0-CIO-027	CONRAD'S HEART OF DARKNESS AND THE CRITICS	BRUCE HARKNESS	1960-01-01T00:00:00Z	1960.0				['internetarchivebooks', 'printdisabled', 'inlibrary']
/works/OL31971259W	Heart of Darkness	Joseph Conrad	"title:""Heart of Darkness"" AND mediatype:texts"	263	heartofdarknessa0000conr_o5y5	Heart of darkness; an authoritative text, backgrounds and sources, essays in criticism	Conrad, Joseph, 1857-1924	1963-01-01T00:00:00Z	1963.0	New York, Norton	['Conrad, Joseph, 1857-1924. Heart of darkness', 'Europeans -- Africa -- Fiction', 'Trading posts -- Fiction', 'Degeneration -- Fiction', 'Imperialism -- Fiction', 'Africa -- Fiction']	"['viii, 231 p. 21 cm', ""In Conrad's haunting tale, Marlow, a seaman and wanderer, recounts his physical and psychological journey in search of the enigmatic Kurtz. Travelling to the heart of the African continent, he discovers how Kurtz has gained his position of power and influence over the local people. Marlow's struggle to fathom his experience involves him in a radical questioning of not only his own nature and values but the nature and values of his society. --From publisher's description"", 'Bibliography: p. 228-231', 'The text of \'Heart of darkness\' -- Backgrounds and sources. The Congo ; Conrad in the Congo ; Writing the story ; Conrad on life and art -- Essays in criticism. The feast by J*s*ph C*nr*d / Max Beerbohm ; Joseph Conrad / H.L. Mencken ; \'Heart of darkness\' : problem for critics / Robert F. Haugh ; The journey within / Albert J. Guerard ; Freud, Conrad, and the future of an illusion / Alan M. Hollingsworth ; Marlow\'s quest / Jerome Thale ; Marlow\'s descent into hell / Lillian Feder ; Conrad\'s underworld / Robert O. Evans ; An Arthurian allusion / Guy Owens Jr. ; Allusions and overtones / Albert J. Guerard ; The lotus posture and \'Heart of darkness\' / William Bysshe Stein ; The frame / Seymore Gross ; No easy clue / Robert O. Evans ; The turn of the tide in \'Heart of darkness\' / George Williams ; The originality of Conrad / Marvin Mudrick ; Conrad\'s ""complicated presentations"" of symbolic imagery / Stewart C. Wilcox ; Conrad\'s ecological art / Leo Gurko ; Conrad\'s skein of ironies / Paul L. Wiley']"	['internetarchivebooks', 'printdisabled', 'inlibrary', 'fav-troublewillsoonbeover']
/works/OL31971259W	Heart of Darkness	Joseph Conrad	"title:""Heart of Darkness"" AND mediatype:texts"	263	1899heartofdarknessconradfebmaraprilblackwoodsmagazine	1899 The Heart Of Darkness Feb Mar April in Blackwood's Magazine	Joseph Conrad	1899-01-01T00:00:00Z	1899.0		Joseph Conrad	Joseph Conrad	['magazine_clippings', 'magazine_rack', 'fav-al_haas', 'fav-asu12000', 'fav-captainstarchaser', 'fav-clara_chelers', 'fav-dieg02424', 'fav-donatella_soul', 'fav-fiiku', 'fav-garrett_vance', 'fav-heidio77', 'fav-hillsee5966', 'fav-lenakarlsson', 'fav-mosull', 'fav-mrmagik3805', 'fav-rbscottie', 'fav-so_troy']
/works/OL31971259W	Heart of Darkness	Joseph Conrad	"title:""Heart of Darkness"" AND mediatype:texts"	263	captiveincongo0000unse	Captive in the Congo : a consul's return to the heart of darkness	Hoyt, Michael P. E	2000-01-01T00:00:00Z	2000.0	Annapolis, Md. : Naval Institute Press	['Hoyt, Michael P. E. -- Captivity, 1964', 'Hostages -- Congo (Democratic Republic) -- Biography', 'Diplomats -- United States -- Biography', 'Congo (Democratic Republic) -- History -- Civil War, 1960-1965 -- Personal narratives, American', 'Congo (Democratic Republic) -- History -- Civil War, 1960-1965 -- Atrocities']	"['xxiv, 275 p. : 24 cm', '""An ADST-DACOR diplomats and diplomacy book.""', 'Includes bibliographical references (p. 265-267) and index']"	['internetarchivebooks', 'printdisabled', 'inlibrary', 'fav-coleygray']
/works/OL31971259W	Heart of Darkness	Joseph Conrad	"title:""Heart of Darkness"" AND mediatype:texts"	263	bwb_S0-AVB-710	Heart of Darkness	Jospeh Conrad	2006-01-01T00:00:00Z	2006.0				['internetarchivebooks', 'fav-africa846', 'fav-eyad_mekki', 'fav-jahanzeb_shah', 'fav-macareuxmoine']
/works/OL31971259W	Heart of Darkness	Joseph Conrad	"title:""Heart of Darkness"" AND mediatype:texts"	263	sgng.12289-a-comparative-study-of-human-predicament-as-reflected-in-the-nove	A COMPARATIVE STUDY OF HUMAN PREDICAMENT AS REFLECTED IN THE NOVELS HEART OF DARKNESS THESOUND AND THE FURY AND A TIGER FOR MALGUDI	Shendge Shilpa Namdevrao					newline Department: English | Hierarchy: Shodhgangotri@INFLIBNET > Swami Ramanand Teerth Marathwada University > English	['shodhgangotri', 'JaiGyan']
/works/OL31971259W	Heart of Darkness	Joseph Conrad	"title:""Heart of Darkness"" AND mediatype:texts"	263	conradsheartofda00conr	Conrad's heart of darkness and the critics;	['Conrad, Joseph, 1857-1924', 'Harkness, Bruce, ed']	1960-01-01T00:00:00Z	1960.0	Belmont, Calif., Wadsworth Pub. Co	['Conrad, Joseph, 1857-1924.', 'Heart of darkness (Conrad)', 'Psychological fiction, English']	Bibliography: p. l75-76	['internetarchivebooks', 'americana', 'inlibrary', 'printdisabled', 'fav-kathy_scott', 'fav-kokigay108', 'fav-sadafule']
/works/OL31971259W	Heart of Darkness	Joseph Conrad	"title:""Heart of Darkness"" AND mediatype:texts"	263	heartofdarkness0000wass	Heart of darkness	Wassil, Michael, 1945-	1994-01-01T00:00:00Z	1994.0	North Vancouver, B.C. : Alpha O Press		['38 p. ; 22 cm', 'On cover: Northern impressions', '95 03 22']	['trent_university', 'internetarchivebooks', 'inlibrary', 'printdisabled']
/works/OL31971259W	Heart of Darkness	Joseph Conrad	"title:""Heart of Darkness"" AND mediatype:texts"	263	84-ijels-101202699-the-forsaken	The Forsaken Garden: Racial Capitalism and the Ecological Violence of Plantation Logic in Conrad’s Heart of Darkness					['Racial capitalism', 'plantation logic', 'slow violence', 'ecocriticism', 'Congo Free State', 'environmental humanities', 'affect theory', 'postcolonial ecology']	"A close reading of Joseph Conrad’s Heart of Darkness, highlighting the motif of the ""forsaken garden"" at the Central Station, reveals the novella as a dynamic archive of plantation logic and racial capitalism. While many ecocritical interpretations depict the Congo as untamed wilderness, this study foregrounds cultivated spaces that are rendered sterile and deadly. Drawing on Cedric Robinson, Katherine McKittrick, and Jason W. Moore, this article argues that colonial cultivation was not just a historical phenomenon but an enduring socio-ecological logic of expendability—one that renders both land and labor disposable. Conrad’s horticultural imagery—especially the withered garden and the adjacent grove of the dead—vividly illustrates what Rob Nixon calls slow violence: harm that builds up across time and space. The novella’s silence on rubber harvesting, contrasted with the Casement Report, positions ivory as an ideological stand-in for rubber. Conrad’s use of fog, impressionistic description, and atmospheric uncertainty generates an aesthetics of whiteness—affective strategies that obscure the brutality of racial and environmental violence. By bringing the abandoned garden to the forefront, Heart of Darkness stands out as a literary record of plantation dynamics—a structure that continues to shape the contemporary climate crisis and racial injustice."	['journals_contributions', 'journals', 'fav-augustus2025']
/works/OL31971259W	Heart of Darkness	Joseph Conrad	"title:""Heart of Darkness"" AND mediatype:texts"	263	jacquespauwintotheheartofdarkness	Jacques Pauw INTO THE HEART OF DARKNESS					['APARTHEID', 'SOUTH AFRICA', 'JACQUES PAUW', 'EUGENE DE KOCK']	APARTHEID ASSASSINS IN SOUTH AFRICA	['opensource', 'community', 'fav-ajankelowitz', 'fav-blfa5', 'fav-chapalan', 'fav-hallam667', 'fav-heidivdb', 'fav-lehasa', 'fav-matty541', 'fav-molefiauteur', 'fav-myllz']
/works/OL31971259W	Heart of Darkness	Joseph Conrad	"title:""Heart of Darkness"" AND mediatype:texts"	263	HeartOfDarknessDisc2.7z	PS1 Rom - Heart Of Darkness ( Disc 2). 7z					PS1 Rom - Heart Of Darkness ( Disc 2). 7z	PS1 Rom - Heart Of Darkness ( Disc 2). 7z	['kodi_archive', 'fav-elezaun', 'fav-finsterhund', 'fav-ivan_aneti_']
/works/OL31971259W	Heart of Darkness	Joseph Conrad	"title:""Heart of Darkness"" AND mediatype:texts"	263	isbn_9781517190958	Overcoming the Heart of Darkness: Missionary Journeys Home & Abroad	Desiree Campbell	2015-09-03T00:00:00Z	2015.0	CreateSpace Independent Publishing Platform			['internetarchivebooks', 'printdisabled']
/works/OL31971259W	Heart of Darkness	Joseph Conrad	"title:""Heart of Darkness"" AND mediatype:texts"	263	isbn_9780760717769	Heart of Darkness and Other Stories	Joseph Conrad	1995-01-01T00:00:00Z	1995.0	Wordsworth Editions Limited			['internetarchivebooks', 'inlibrary', 'printdisabled', 'fav-elznix', 'fav-ratbuffalo', 'fav-sarkar99', 'fav-sof_a_di_nubila']
/works/OL31971259W	Heart of Darkness	Joseph Conrad	"title:""Heart of Darkness"" AND mediatype:texts"	263	bwb_W9-CKE-054	Heart of Darkness	Joseph Conrad	1969-01-01T00:00:00Z	1969.0	The George Macy Companies, Inc.			['internetarchivebooks', 'printdisabled', 'inlibrary']
/works/OL31971259W	Heart of Darkness	Joseph Conrad	"title:""Heart of Darkness"" AND mediatype:texts"	263	heartofdarknesss0000unse_v4x2	Heart of darkness and the secret sharer	Joseph Conrad	1950-01-01T00:00:00Z	1950.0	The New American Library			['internetarchivebooks', 'printdisabled']
/works/OL31971259W	Heart of Darkness	Joseph Conrad	"title:""Heart of Darkness"" AND mediatype:texts"	263	heartofdarknes00conr	Heart of darkness ; Almayer's folly ; The lagoon	Conrad, Joseph, 1857-1924	1963-01-01T00:00:00Z	1963.0	New York : Dell Pub.		317 p. ; 16 cm	['internetarchivebooks', 'inlibrary', 'printdisabled', 'fav-arctorus']
/works/OL31971259W	Heart of Darkness	Joseph Conrad	"title:""Heart of Darkness"" AND mediatype:texts"	263	arxiv-0808.2981	Quantifying the heart of darkness with GHALO - a multi-billion particle simulation of our galactic halo	['Joachim Stadel', 'Doug Potter', 'Ben Moore', 'Jürg Diemand', 'Piero Madau', 'Marcel Zemp', 'Michael Kuhlen', 'Vicent Quilis']	2008-08-22T00:00:00Z	2008.0			We perform a series of simulations of a Galactic mass dark matter halo at different resolutions, our largest uses over three billion particles and has a mass resolution of 1000 M_sun. We quantify the structural properties of the inner dark matter distribution and study how they depend on numerical resolution. We can measure the density profile to a distance of 120 pc (0.05% of R_vir) where the logarithmic slope is -0.8 and -1.4 at (0.5% of R_vir). We propose a new two parameter fitting function that has a linearly varying logarithmic density gradient which fits the GHALO and VL2 density profiles extremely well. Convergence in the density profile and the halo shape scales as N^(-1/3), but the shape converges at a radius three times larger at which point the halo becomes more spherical due to numerical resolution. The six dimensional phase-space profile is dominated by the presence of the substructures and does not follow a power law, except in the smooth under-resolved inner few kpc.	['arxiv', 'journals']
/works/OL31971259W	Heart of Darkness	Joseph Conrad	"title:""Heart of Darkness"" AND mediatype:texts"	263	Heart_of_Darkness_CDcover	Heart of Darkness - Librivox CD cover					Librivox	Audiobook cover for Librivox edition of Heart of Darkness by Joseph Conrad. Audio files can be found at Librivox.org or in the music section of Archive.org	['opensource', 'community']
/works/OL31971259W	Heart of Darkness	Joseph Conrad	"title:""Heart of Darkness"" AND mediatype:texts"	263	bwb_S0-ECA-702	Heart of Darkness and The Secret Sharer	Joseph Conrad	1910-01-01T00:00:00Z	1910.0				['internetarchivebooks', 'fav-d_nermeister2000']
/works/OL31971259W	Heart of Darkness	Joseph Conrad	"title:""Heart of Darkness"" AND mediatype:texts"	263	heart-of-darkness-1998-german-retail-cd	Heart Of Darkness (1998) German Retail CD					Heart of Darkness	Heart Of Darkness (1998) German Retail CD - complete scans	['booksbylanguage_german', 'booksbylanguage', 'fav-finsterhund']
/works/OL31971259W	Heart of Darkness	Joseph Conrad	"title:""Heart of Darkness"" AND mediatype:texts"	263	heart-of-darkness-lit-chart_202101	Heart Of Darkness Lit Chart					Heart of darkness study guide	Heart of darkness	['opensource', 'community']
/works/OL31971259W	Heart of Darkness	Joseph Conrad	"title:""Heart of Darkness"" AND mediatype:texts"	263	ERIC_ED332546	"ERIC ED332546: ""CALL"" in the Heart of Darkness: A Research into the Place of ""CALL"" in TESOL."	ERIC	1990-01-01T00:00:00Z	1990.0		['ERIC Archive', 'Computer Assisted Instruction', 'English (Second Language)', 'Foreign Countries', 'Instructional Effectiveness', 'Language Teachers', 'Postsecondary Education', 'Research Methodology', 'Second Language Instruction', 'Secondary Education', 'Teacher Education', 'Teaching Methods']	This study is an inquiry into the integration of computer-assisted language learning (CALL) into the teaching of English to speakers of other languages (TESOL), and focuses on the relationship of computers within a variety of British educational establishments in the county of Sussex (England). The aims of the study were: (1) to examine how TESOL teachers are trained and what the position of CALL is in this process; (2) the look at TESOL practice and find out whether or not CALL is integrated to TESOL; and (3) to look at the implementation of CALL within these two settings in order to see its effectiveness as compared with the previous application of CALL in TESOL. (JL)	['ericarchive', 'usgovernmentmirrors', 'government-documents']
/works/OL31971259W	Heart of Darkness	Joseph Conrad	"title:""Heart of Darkness"" AND mediatype:texts"	263	HeartOfDarkness	Heart of Darkness	Conrad, Joseph, 1857-1924				['Novellas', 'Africa', 'Fiction', 'Short stories']	Novella	['opensource', 'community', 'fav-axisbee', 'fav-marcmarxmark', 'fav-prose']
/works/OL31971259W	Heart of Darkness	Joseph Conrad	"title:""Heart of Darkness"" AND mediatype:texts"	263	heartofdarknessn0000jose	HEART OF DARKNESS, New Edition	Joseph Conrad	2015-02-06T00:00:00Z	2015.0	CreateSpace Independent Publishing Platform			['internetarchivebooks', 'inlibrary', 'printdisabled']
/works/OL31971259W	Heart of Darkness	Joseph Conrad	"title:""Heart of Darkness"" AND mediatype:texts"	263	captiveincongoco0000hoyt	Captive in the Congo : a consul's return to the heart of darkness	Hoyt, Michael P. E	2000-01-01T00:00:00Z	2000.0	Annapolis, Md. : Naval Institute Press	['Hoyt, Michael P. E. -- Captivity, 1964', 'Hoyt, Michael P. E., 1929-', 'Civil War (Congo : 1960-1965)', 'Hostages -- Congo (Democratic Republic) -- Biography', 'Diplomats -- United States -- Biography', 'Atrocities', 'Captivity', 'Diplomats', 'Hostages', 'Congo (Democratic Republic) -- History -- Civil War, 1960-1965 -- Personal narratives, American', 'Congo (Democratic Republic) -- History -- Civil War, 1960-1965 -- Atrocities', 'Congo (Democratic Republic)', 'United States']	"['xxiv, 275 pages : 24 cm', '""Taken hostage by Congolese rebels at the U.S. consulate he headed in Stanleyville, Michael Hoyt provides the first inside account of the 1964 seizure of the American consulate staff and their 111 days of captivity. Their struggle to stay alive and their dramatic rescue offer a gripping story of courage, frustration, and survival. The first time that Americans had been held hostage since the Barbary pirate days of the 1800s, the incident described here presents valuable lessons both for the future conduct of hostages and the policies that deal with this type of terrorism.""--Jacket', '""An ADST-DACOR diplomats and diplomacy book.""', 'Includes bibliographical references (pages 265-267) and index']"	['internetarchivebooks', 'printdisabled', 'inlibrary', 'fav-hawkeye99', 'fav-kloss28', 'fav-pabloveyrat', 'fav-sparrow1980', 'americanuniversity-ol', 'binghamton-ol', 'johnshopkins-ol', 'rochester-ol', 'universityofarizona-ol', 'universityofcoloradoboulder-ol', 'universityofoklahoma-ol', 'wilsoncollege-ol']
/works/OL31971259W	Heart of Darkness	Joseph Conrad	"title:""Heart of Darkness"" AND mediatype:texts"	263	confrontingevilj0000budh	Confronting Evil: A Jungian Guide to Searching for Light In the Heart of Darkness	Bud Harris	2020-12-07T00:00:00Z	2020.0	Daphne Publications			['internetarchivebooks', 'printdisabled', 'fav-itishere', 'fav-julia67660']
/works/OL31971259W	Heart of Darkness	Joseph Conrad	"title:""Heart of Darkness"" AND mediatype:texts"	263	sgng.6572-divergence-in-novel-and-film-adaptation-a-study-of-heart-of-darkne	Divergence in Novel and Film Adaptation A Study of Heart of Darkness Apocalypse Now Passage to India Passage to India Pinjar The skeletan Pinjar Beyond the boundries	Patil Sandhya	2018-11-22T00:00:00Z	2018.0			newline Department: School of Languages & Literature | Hierarchy: Shodhgangotri@INFLIBNET > Swami Ramanand Teerth Marathwada University > School of Languages & Literature	['shodhgangotri', 'JaiGyan']
/works/OL31971259W	Heart of Darkness	Joseph Conrad	"title:""Heart of Darkness"" AND mediatype:texts"	263	heart-of-darkness-manual	Heart Of Darkness videogame Manual (PC - 1998)	Amazing Studio	1998-01-01T00:00:00Z	1998.0		['Heart of Darkness', 'game', 'manual']	Heart Of Darkness videogame Manual (PC - 1998) on .pdf	['gamemanuals', 'manuals', 'fav-finsterhund', 'fav-heavencorp', 'fav-werdna213']
/works/OL31971259W	Heart of Darkness	Joseph Conrad	"title:""Heart of Darkness"" AND mediatype:texts"	263	heartofdarknessp00glob	Heart of darkness	['Conrad, Joseph, 1857-1924', 'LeFaivre, Phil', 'Benson, Jay']	1993-01-01T00:00:00Z	1993.0	Belmont, CA : Fearon Publishers	"['Classics', ""Children's 12-Up - Literature - Classics"", 'Readers for new literates']"		['internetarchivebooks', 'inlibrary', 'printdisabled', 'fav-gortrisss', 'fav-jm_coetzee', 'stmaryscountylibrary']
/works/OL31971259W	Heart of Darkness	Joseph Conrad	"title:""Heart of Darkness"" AND mediatype:texts"	263	heartofdarknesss0000unse	heart of darkness & the secret sharer	Joseph Conrad	1950-01-01T00:00:00Z	1950.0				['internetarchivebooks', 'fav-jahanzeb_shah']
/works/OL31971259W	Heart of Darkness	Joseph Conrad	"title:""Heart of Darkness"" AND mediatype:texts"	263	ost-english-conrad_joseph_1857_1924_heart_of_darkness	Heart of Darkness	Joseph Conrad	2012-01-01T00:00:00Z	2012.0	Rosings Digital Publications	['english', 'classic', 'english literature', 'fiction', 'philosophical', 'frame story', 'novella']		['opentextbooklibrary', 'patron-library-collection', 'fav-_l_796', 'fav-adria_mackier', 'fav-asalmousavi', 'fav-axayacatlhc', 'fav-bahar_tavakoli', 'fav-cjrd', 'fav-coogangildersleeve', 'fav-crsnn', 'fav-crystal_meins_palmer', 'fav-daniel_hudson', 'fav-darkpony', 'fav-dick_goesinzya', 'fav-eee321', 'fav-farmllamma_82', 'fav-flying_eyeball', 'fav-george_tooth', 'fav-japaja', 'fav-joivivre3009', 'fav-mastermind93', 'fav-melicakepop', 'fav-psychstatstutor', 'fav-ramap', 'fav-readerstroupe', 'fav-redwheelmedia', 'fav-rudolphdmello', 'fav-sofia_neri', 'fav-stacywilson', 'fav-the_era_of_casual_fridays', 'fav-troublewillsoonbeover', 'fav-troyatommars']
/works/OL31971259W	Heart of Darkness	Joseph Conrad	"title:""Heart of Darkness"" AND mediatype:texts"	263	isbn_9781453609859	Heart of Darkness: 'As Powerful a Condemnation of Imperialism as Has Ever Been Written'	Joseph Conrad	2010-01-01T00:00:00Z	2010.0	CreateSpace Independent Publishing Platform			['internetarchivebooks', 'openlibrary-d-ol']
/works/OL31971259W	Heart of Darkness	Joseph Conrad	"title:""Heart of Darkness"" AND mediatype:texts"	263	heartofdarknesss0000wats	Heart of Darkness and the secret sharer, by Joseph Conrad : student packet	Watson, Pat	2000-01-01T00:00:00Z	2000.0	Bulverde, TX : Novel Units	"['Teaching -- Aids and devices', ""Children's literature -- Study and teaching"", 'Books and reading -- Study and teaching', 'Teaching Materials', 'Matériel didactique', 'Livres et lecture -- Étude et enseignement', 'instructional materials']"	"['40 pages : 28 cm', 'Grades 9-12', '""NU6253SP""--Cover', '""The Signet Classic/Penguin paperback edition of the book was used to prepare this guide. The page references may differ in other editions.""']"	['internetarchivebooks', 'inlibrary', 'printdisabled', 'fav-omjones07']
/works/OL31971259W	Heart of Darkness	Joseph Conrad	"title:""Heart of Darkness"" AND mediatype:texts"	263	heartofdarknessi0000jose	Heart of Darkness in Slipbox	Joseph Conrad	1969-01-01T00:00:00Z	1969.0	The Heritage Press			['internetarchivebooks', 'inlibrary', 'printdisabled']
/works/OL31971259W	Heart of Darkness	Joseph Conrad	"title:""Heart of Darkness"" AND mediatype:texts"	263	2.-implacable-force-inscrutable-intentions-incomprehensible-frenzy-ambition-obse	2. Implacable Force Inscrutable Intentions Incomprehensible Frenzy Ambition Obsession And Madness In Joseph Conrad’s Heart Of Darkness	Moumita Bhattacharjee	2025-09-30T00:00:00Z	2025.0		['Obsession', 'Conrad', 'Ambition', 'Colonization', 'Moral', 'Kurtz', 'Marlow.']	This paper explores the intricate and intertwined themes of ambition, obsession, and madness in Joseph Conrad’s Heart of Darkness . Through a comprehensive analysis of the psyche of the characters, especially that of Kurtz and Marlow, this study highlights the transformative power of ambition and its potential to lead to moral degeneration. By engaging with concepts of civilization versus savagery, restraint versus unruliness, and the existential plight of both colonizers and the colonized, the thesis underscores the pervasive moral ambiguity that defines human ambition and its catastrophic consequences. Certain artistic depictions of these psychological aspects present in the novella, have been included in this paper to visually interpret the intangible, inexplicable and inhuman depths of the human mind.	['opensource']
/works/OL31971259W	Heart of Darkness	Joseph Conrad	"title:""Heart of Darkness"" AND mediatype:texts"	263	conradscharliema0000pari	"Conrad's Charlie Marlow : a new approach to ""Heart of darkness"" and Lord Jim"	Paris, Bernard J	2005-01-01T00:00:00Z	2005.0	New York, N.Y. : Palgrave Macmillan	['Conrad, Joseph, 1857-1924. Heart of darkness', 'Conrad, Joseph, 1857-1924 -- Characters -- Marlow', 'Conrad, Joseph, 1857-1924. Lord Jim', 'Marlow (Fictitious character)']	['x, 173 p. ; 22 cm', 'Includes bibliographical references (p. [169]-170) and index']	['internetarchivebooks', 'printdisabled', 'fav-mhkr85']
/works/OL31971259W	Heart of Darkness	Joseph Conrad	"title:""Heart of Darkness"" AND mediatype:texts"	263	bwb_W6-BPO-451	Joseph Conrad's Heart of darkness: backgrounds and criticisms	Joseph Conrad	1960-01-01T00:00:00Z	1960.0	Prentice-Hall			['internetarchivebooks', 'printdisabled', 'inlibrary']
/works/OL31971259W	Heart of Darkness	Joseph Conrad	"title:""Heart of Darkness"" AND mediatype:texts"	263	heartofdarknessh0000jose	Heart of Darkness. (Heritage Club Series)	Joseph Conrad	1969-01-01T00:00:00Z	1969.0	Limited Editions Club			['internetarchivebooks', 'printdisabled', 'inlibrary']
/works/OL31971259W	Heart of Darkness	Joseph Conrad	"title:""Heart of Darkness"" AND mediatype:texts"	263	heart-of-darkness-joseph-conrad	Heart Of Darkness | Joseph Conrad	Joseph Conrad				Heart Of Darkness | Joseph Conrad	Heart Of Darkness | Joseph Conrad	['opensource', 'fav-haight1968']
/works/OL31971259W	Heart of Darkness	Joseph Conrad	"title:""Heart of Darkness"" AND mediatype:texts"	263	heartofdarknessu0000ostr	Heart of darkness : unraveling the mysteries of the invisible universe	Ostriker, J. P	2013-01-01T00:00:00Z	2013.0	Princeton, NJ : Princeton University Press	['Cosmology -- Popular works', 'Dark energy (Astronomy) -- Popular works', 'Dark matter (Astronomy) -- Popular works']	"['xxi, 299 p. : 25̀ cm', 'Includes bibliographical references (p. 291-293) and index', 'From myth to reality. Astronomy : the endless frontier ; Charting and modeling the heavens ; Copernicus : ""the last of the Greek cosmologists"" ; Galileo : a new approach to mechanics and cosmology ; The impact of Copernicus : Kepler\'s Laws ; Isaac Newton and gravity ; William Herschel discovers the universe ; Understanding the universe becomes a new kind of science -- Einstein\'s toolkit, and how to use it. Overconfidence among the cognoscenti at the dawn of the twentieth century ; Revolution in physics : the inception of quantum theory and relativity ; Special relativity ; General relativity ; General relativity is tested, passes the test, and is a sensation ; Cosmological solutions to Einstein\'s equations -- The realm of the nebulae. New instruments in a better climate unveil a new world ; A universe of galaxies is confirmed ; A cosmological model to fit the new data : enter, Georges Lemaître ; Physical cosmology and the expanding universe ; Lemaître\'s synthesis model foretells the contribution of dark energy ; Hubble\'s achievements ; Big science to attack the big problem ; The steady state model universe and the big bang -- Let\'s do cosmology! The big bang : a starting point that cannot be escaped ; Observational cosmology, the biggest puzzle to be solved with the biggest telescope ; The grand project was initially too difficult -- Discovering the Big Bang. Did our universe have an explosive birth? ; What makes the stars shine? ; Nuclear astrophysics moves to the cosmos ; The fireball in which the first chemical elements were made ; Direct radio observations of the big bang fireball ; Understanding the big bang -- The origin of structure in the universe. ""In the beginning""--why an explanation is needed ; Structure within the expanding universe ; The elusive standard candle : Beatrice Tinsley changes the game ; Real cosmic structure found and cataloged by Fritz Zwicky ; Understanding the origin of structure becomes serious science ; Cosmic inflation ; The seeds of cosmic structure are discovered ; Closing the loop : how do seeds grow to galaxies? -- Dark matter, or, Fritz Zwicky\'s greatest invention. How the earth was weighed ; Finding the mass of the Andromeda Galaxy ; Zwicky finds dark matter in clusters of galaxies in the 1930s ; The rediscovery of dark matter in the 1970s ; Rotation curves confirm the case for dark matter ; More recent multiple lines of evidence for dark matter -- Dark energy, or, Einstein\'s greatest blunder. A curious situation ; Will gravity lead to a collapse of the solar system? ; Expected and unexpected motions of thrown stones and Hubble\'s universe ; The invention of the cosmological constant or dark energy : 1915 ; The revival of dark energy in the 1970s ; New arguments and new evidence--dark energy confirmed in the 1990s ; Dark energy fills the gap, allowing the flat, ""just right"" universe -- The modern paradigm and the limits of our knowledge. We have come a long way ; The matter and energy content of the universe ; The global cosmological solution and the cosmic triangle ; In the beginning ; Structure in the universe ; The supercomputer approach -- The frontier : major mysteries that remain. Dark matter ; Dark energy ; Inflation ; Giant black holes ; Fine-tuning ; Summing up']"	['internetarchivebooks', 'printdisabled', 'fav-ms157', 'fav-oldtunes2', 'fav-pasquale486', 'americanuniversity-ol', 'binghamton-ol', 'dartmouthlibrary-ol', 'delawarecountydistrictlibrary-ol', 'drakeuniversity-ol', 'gwulibraries-ol', 'rochester-ol', 'the-claremont-colleges-ol', 'tulsacc-ol', 'unb-ol', 'wilsoncollege-ol']
/works/OL31971259W	Heart of Darkness	Joseph Conrad	"title:""Heart of Darkness"" AND mediatype:texts"	263	heartofdarknesso0000jose_s1q0	Heart of Darkness an Outpost of Progress the Lagoon	Joseph Conrad	1966-01-01T00:00:00Z	1966.0	J. M. Dent & Sons (Canada) Limited			['internetarchivebooks', 'printdisabled', 'inlibrary']
/works/OL31971259W	Heart of Darkness	Joseph Conrad	"title:""Heart of Darkness"" AND mediatype:texts"	263	micro_IA41152935_0546	"""CALL"" in the Heart of Darkness: A Research into the Place of ""CALL"" in TESOL."	Tutunis, Birsen	1990-01-01T00:00:00Z	1990.0				['microfiche', 'eric']
/works/OL31971259W	Heart of Darkness	Joseph Conrad	"title:""Heart of Darkness"" AND mediatype:texts"	263	47-ijels-10202487-imperialism	Imperialism in Joseph Conrad's Heart of Darkness					['racist', 'colonization', 'loot', 'Ivory', 'Congo']	This paper deals with an important as well as a controversial novel the Heart of Darkness by Joseph Conrad. Conrad had suffered in his early lifetime from the imperialism of Russa to Ukraine his native homeland. Thus, the novel is an outcome of the collaboration of different life experiences especially his journey to the Congo. He developed a disease from Africa which forced him to stay home for some time, so he started writing and became one of the modern novelists. The Heart of Darkness is the most important of Joseph Conrad's novels as he commented before the Congo he was just a mere animal. The novel reflects Conrad's long journey into the self. This paper also explains how Conrad was accused of being an imperialist and a racist due to different factors which were discussed in this study. Some critics defended Conrad but others criticized his schemes of dealing with the topic of colonialism, severely.	['journals_contributions', 'journals']
/works/OL31971259W	Heart of Darkness	Joseph Conrad	"title:""Heart of Darkness"" AND mediatype:texts"	263	69-ijels-107202431-textual	Textual Representation of Mr. Kurtz in Heart of Darkness					['Conrad', 'direct definition', 'indirect presentation', 'Kurtz', 'textual representation of characters']	The paper attempts to study the way the character of Mr. Kurtz is materialised in Heart of Darkness. The portrayal of Mr. Kurtz’s character is studied and analysed in this research work with reference to two of the major ways of character portrayal – direct definition and indirect presentation. The direct mode of description refers to the description of a character directly and explicitly with the help of a particular word, sentence, or event, whereas in indirect presentation, a character is materialized in terms of various means, such as the action, the speech, the external appearance and even the environment. The paper with references to the textual examples from Heart of Darkness, endeavours to explore how Mr. Kurtz’s character is sketched out using the two modes of textual representation.	['journals_contributions', 'journals']
/works/OL31971259W	Heart of Darkness	Joseph Conrad	"title:""Heart of Darkness"" AND mediatype:texts"	263	isbn_9780425244517	Heart of darkness	['Dane, Lauren', 'Copyright Paperback Collection (Library of Congress) DLC']	2011-01-01T00:00:00Z	2011.0	New York : Berkley Sensation	['Witches', 'Magic', 'Man-woman relationships']	"""Meriel Owen, next in line to control the largest organization of witches in the country, is asked to investigate the owner of a notorious club reportedly siphoning magick from the font of the clan. It's a direct violation of the clan's rules, but one look at Dominic Bright and Meriel's willing to make a deal""--P. [4] of cover"	['internetarchivebooks', 'printdisabled', 'fav-chenjiajui', 'fav-eve_brooks', 'fav-lin0108', 'fav-main_street', 'fav-mmbirch', 'fav-reaginghabbits', 'fav-saemiligr', 'hamiltonpubliclibrary-ol']
/works/OL31971259W	Heart of Darkness	Joseph Conrad	"title:""Heart of Darkness"" AND mediatype:texts"	263	heart-of-darkness_202503	Heart Of Darkness	Alan Rayner	2025-03-23T00:00:00Z	2025.0		['natural inclusion', 'evolution', 'nature']	A description of the organizing principle underlying natural evolutionary processes	['opensource']
/works/OL31971259W	Heart of Darkness	Joseph Conrad	"title:""Heart of Darkness"" AND mediatype:texts"	263	heartofdarkness00219gut	Heart of Darkness	Conrad, Joseph, 1857-1924					Book from Project Gutenberg: Heart of Darkness Library of Congress Classification: PR	['gutenberg', 'bannedbooks', 'fav-bunoowa', 'fav-detaildesign', 'fav-eacchan', 'fav-fzkong', 'fav-jfejes', 'fav-kiki102462', 'fav-lauree24', 'fav-thatschmuckyouhate', 'fav-vimarsha_j']
/works/OL31971259W	Heart of Darkness	Joseph Conrad	"title:""Heart of Darkness"" AND mediatype:texts"	263	heartofdarknessa00conr_1	Heart of darkness	Joseph Conrad	1997-01-01T00:00:00Z	1997.0	Signet Classic	['Fugitives from justice -- Fiction', 'Ship captains -- Fiction', 'Europeans -- Africa -- Fiction', 'Trading posts -- Fiction', 'Degeneration -- Fiction', 'Imperialism -- Fiction', 'Africa -- Fiction']		['internetarchivebooks', 'printdisabled', 'fav-777353', 'fav-certainty', 'fav-magnesamdal', 'binghamton-ol', 'johnshopkins-ol', 'stmaryscountylibrary']
/works/OL31971259W	Heart of Darkness	Joseph Conrad	"title:""Heart of Darkness"" AND mediatype:texts"	263	isbn_9781492893288	Heart of Darkness	Joseph Conrad	2013-10-04T00:00:00Z	2013.0	CreateSpace Independent Publishing Platform			['internetarchivebooks', 'inlibrary', 'printdisabled']
/works/OL31971259W	Heart of Darkness	Joseph Conrad	"title:""Heart of Darkness"" AND mediatype:texts"	263	heartofdarknessa0000conr_w5e2	Heart of darkness ; and, the complete Congo diary	Conrad, Joseph, 1857-1924, author	2015-01-01T00:00:00Z	2015.0	Richmond : Alma Classics	['Europeans -- Africa -- Fiction', 'Discoveries in geography', 'Europeans', 'Congo River -- Discovery and exploration -- Fiction', 'Africa', 'Congo River']	['128 pages ; 20 cm', 'On a boat in the Thames estuary, Marlow tells his travelling companions of his reconnaissance expedition for a Belgian trading company to its most remote outpost in central Africa, which brought him on the trail of the elusive Kurtz, a brilliant idealist gone rogue. His account relates not only the perils he encounters on his quest, but also the deterioration of his state of mind as he is confronted with a world that is hostile and alien to him', 'Heart of Darkness -- Congo Diary']	['internetarchivebooks', 'printdisabled', 'fav-greyeminence', 'fav-melampusdk']
/works/OL31971259W	Heart of Darkness	Joseph Conrad	"title:""Heart of Darkness"" AND mediatype:texts"	263	madforgloryheart0000boot	Mad for glory : a heart of darkness in the War of 1812	Booth, Robert, author	2015-01-01T00:00:00Z	2015.0	Thomaston, Maine : Tilbury House Publishers	['Porter, David, 1780-1843', 'Poinsett, Joel Roberts, 1779-1851', 'Privateering', 'International relations', 'United States -- History -- War of 1812', 'Chile -- Relations -- United States', 'United States -- Relations -- Chile', 'États-Unis -- Histoire -- 1812, Guerre de', 'Chile', 'United States']	"['244 pages : 24 cm', ""In October, 1812, as the U.S. frigate Essex ventured out against the British army, only one man had any idea that this cruise would turn into the strangest naval adventure in American history. That man was Captain David Porter, who had decided to run off with the navy's ship and its three hundred men to fight a separate Pacific war, one of privateering, pillaging, and orgies. Drawing on Porter's own writings and the accounts of eyewitnesses, the author recounts the events of a dark and fatal voyage in which David Porter crosses the line from commander to cult leader, from improbable fantasy to disastrous reality. --Publisher"", 'Includes bibliographical references (pages 224-235) and index', 'Prologue -- Captain Porter -- Consul General Poinsett -- Against the gods -- Off the chart -- Revolution in Chile -- A new America -- Americans at war -- A-whaling -- Opotee in Nooaheevah -- Taipi -- Rendezvous -- Victory -- Consequences -- Rancagua -- Reverberations -- Minute guns']"	['internetarchivebooks', 'printdisabled']
/works/OL31971259W	Heart of Darkness	Joseph Conrad	"title:""Heart of Darkness"" AND mediatype:texts"	263	heartofdarknessb00conr	Heart of darkness. Backgrounds and criticisms	['Conrad, Joseph, 1857-1924', 'Dean, Leonard Fellows, 1909- , ed. dn']	1960-01-01T00:00:00Z	1960.0	Englewood Cliffs, N.J., Prentice-Hall	Conrad, Joseph, 1857-1924	Bibliographical footnotes	['internetarchivebooks', 'California-State-Suggested-Reading', 'books', 'inlibrary', 'printdisabled', 'fav-amber480', 'fav-colepfeiffer']
/works/OL31971259W	Heart of Darkness	Joseph Conrad	"title:""Heart of Darkness"" AND mediatype:texts"	263	heartofdarkness0000jose	heart of darkness	Joseph conrad	1966-01-01T00:00:00Z	1966.0	Airmont Publishing Company, Inc.			['internetarchivebooks', 'inlibrary', 'printdisabled']
/works/OL31971259W	Heart of Darkness	Joseph Conrad	"title:""Heart of Darkness"" AND mediatype:texts"	263	ERIC_EJ1095561	"ERIC EJ1095561: A Study of Ideational Metafunction in Joseph Conrad's ""Heart of Darkness"": A Critical Discourse Analysis"	ERIC	2016-01-01T00:00:00Z	2016.0		['ERIC Archive', 'Literature', 'Novels', 'Discourse Analysis', 'Literary Criticism', 'Grammar', 'Literary Devices', 'Phrase Structure', 'Ideology', 'Racial Bias', 'Foreign Policy', 'Teaching Methods', 'Qualitative Research', 'Second Language Learning', 'Second Language Instruction', 'Alaei, Mahya|Ahangari, Saeideh']	"The linguistic study of literature or critical analysis of literary discourse is no different from any other textual description; it is not a new branch or a new level or a new kind of linguistics but the application of existing theories and methods (Halliday, 2002). This study intends to determine how ideology or opinion is expressed in Joseph Conrad's ""Heart of Darkness"" and what kind of lexico-grammatical strategies are used in the first part of this novella to convey the author's ideological meaning. By focusing on the lexico-grammatical choices in the transitivity system of the structure of the clauses, the researcher tries to shed light on the ideational meaning in the first section of the story. That is, the grammar of the clause as representation (transitivity patterns) which represents the encoding of experiential meanings: meaning about the world, about experience, about how we perceive and experience what is going on. By examining the transitivity patterns in text, we can explain how the field of situation is being constructed, i.e. we can describe what is being talked about and how shifts are achieved in the field. Both Halliday and Hassan have integrated theoretical statements with demonstrations of text analyses (Hassan, Matthiessen, & Webster, 2005). In that spirit, the researcher here offers a textual demonstration of reading of a literary text. In order to do so, the researcher has identified metafunctional patterns of ideation found in the lexico-grammar of Joseph Conrad's ""Heart of Darkness"" and has noted the author's use of foregrounding against these patterns to contrast the racist and imperialistic ideologies being opposed to through the frame narration of the whole first part by Marlow as the chief character said to be Conrad's own voice in the process of sailing and cruising on the Thames in a yawl by the name of Nellie."	['ericarchive', 'usgovernmentmirrors', 'government-documents']
/works/OL31971259W	Heart of Darkness	Joseph Conrad	"title:""Heart of Darkness"" AND mediatype:texts"	263	isbn_9781548733407	Heart of Darkness: illustrated - first published in 1899	Joseph Conrad	2017-07-07T00:00:00Z	2017.0	CreateSpace Independent Publishing Platform			['internetarchivebooks', 'inlibrary', 'printdisabled']
/works/OL31971259W	Heart of Darkness	Joseph Conrad	"title:""Heart of Darkness"" AND mediatype:texts"	263	heartofdarkness0000conr_g3v8	Heart of darkness	Conrad, Joseph, 1857-1924	1989-01-01T00:00:00Z	1989.0	London, England ; New York, N.Y., USA : Penguin Books	['English fiction -- 20th century', 'English fiction']	['120 pages ; 18 cm', 'Includes bibliographical references']	['internetarchivebooks', 'printdisabled', 'inlibrary']
/works/OL31971259W	Heart of Darkness	Joseph Conrad	"title:""Heart of Darkness"" AND mediatype:texts"	263	heartofdarkness0000unse_v5z8	Heart of Darkness	Joseph Conrad	2020-01-01T00:00:00Z	2020.0	Independent			['internetarchivebooks', 'printdisabled']
/works/OL31971259W	Heart of Darkness	Joseph Conrad	"title:""Heart of Darkness"" AND mediatype:texts"	263	heart-of-darkness-1645640046	Heart Of Darkness 1645640046		1899-01-01T00:00:00Z	1899.0		['Fiction', 'Classics', 'Colonialism', 'Joseph Conrad', 'Literature']	A novella by Joseph Conrad first published in 1899, exploring themes of imperialism and the human psyche	['opensource']
/works/OL31971259W	Heart of Darkness	Joseph Conrad	"title:""Heart of Darkness"" AND mediatype:texts"	263	heartofdarknessu0000ostr_q7c6	Heart of darkness : unraveling the mysteries of the invisible universe	Ostriker, J. P	2013-01-01T00:00:00Z	2013.0	Princeton, N.J. ; Oxford : Princeton University Press	['Cosmology -- Popular works', 'Dark energy (Astronomy) -- Popular works', 'Dark matter (Astronomy) -- Popular works']	"['xxi, 299 p. : 24 cm', 'Includes bibliographical references (p. 291-293) and index', 'From myth to reality. Astronomy : the endless frontier ; Charting and modeling the heavens ; Copernicus : ""the last of the Greek cosmologists"" ; Galileo : a new approach to mechanics and cosmology ; The impact of Copernicus : Kepler\'s Laws ; Isaac Newton and gravity ; William Herschel discovers the universe ; Understanding the universe becomes a new kind of science -- Einstein\'s toolkit, and how to use it. Overconfidence among the cognoscenti at the dawn of the twentieth century ; Revolution in physics : the inception of quantum theory and relativity ; Special relativity ; General relativity ; General relativity is tested, passes the test, and is a sensation ; Cosmological solutions to Einstein\'s equations -- The realm of the nebulae. New instruments in a better climate unveil a new world ; A universe of galaxies is confirmed ; A cosmological model to fit the new data : enter, Georges Lemaître ; Physical cosmology and the expanding universe ; Lemaître\'s synthesis model foretells the contribution of dark energy ; Hubble\'s achievements ; Big science to attack the big problem ; The steady state model universe and the big bang -- Let\'s do cosmology! The big bang : a starting point that cannot be escaped ; Observational cosmology, the biggest puzzle to be solved with the biggest telescope ; The grand project was initially too difficult -- Discovering the Big Bang. Did our universe have an explosive birth? ; What makes the stars shine? ; Nuclear astrophysics moves to the cosmos ; The fireball in which the first chemical elements were made ; Direct radio observations of the big bang fireball ; Understanding the big bang -- The origin of structure in the universe. ""In the beginning""--why an explanation is needed ; Structure within the expanding universe ; The elusive standard candle : Beatrice Tinsley changes the game ; Real cosmic structure found and cataloged by Fritz Zwicky ; Understanding the origin of structure becomes serious science ; Cosmic inflation ; The seeds of cosmic structure are discovered ; Closing the loop : how do seeds grow to galaxies? -- Dark matter, or, Fritz Zwicky\'s greatest invention. How the earth was weighed ; Finding the mass of the Andromeda Galaxy ; Zwicky finds dark matter in clusters of galaxies in the 1930s ; The rediscovery of dark matter in the 1970s ; Rotation curves confirm the case for dark matter ; More recent multiple lines of evidence for dark matter -- Dark energy, or, Einstein\'s greatest blunder. A curious situation ; Will gravity lead to a collapse of the solar system? ; Expected and unexpected motions of thrown stones and Hubble\'s universe ; The invention of the cosmological constant or dark energy : 1915 ; The revival of dark energy in the 1970s ; New arguments and new evidence--dark energy confirmed in the 1990s ; Dark energy fills the gap, allowing the flat, ""just right"" universe -- The modern paradigm and the limits of our knowledge. We have come a long way ; The matter and energy content of the universe ; The global cosmological solution and the cosmic triangle ; In the beginning ; Structure in the universe ; The supercomputer approach -- The frontier : major mysteries that remain. Dark matter ; Dark energy ; Inflation ; Giant black holes ; Fine-tuning ; Summing up']"	['internetarchivebooks', 'printdisabled', 'fav-bill_kearns', 'fav-dombat', 'fav-jaareza', 'fav-ms157', 'fav-pasquale486', 'fav-snips_mcsnipster']
/works/OL31971259W	Heart of Darkness	Joseph Conrad	"title:""Heart of Darkness"" AND mediatype:texts"	263	heartofdarknessw0000jose	heart of darkness with the congo diary	joseph conard	1995-01-01T00:00:00Z	1995.0	penguin books			['internetarchivebooks', 'printdisabled', 'inlibrary']
/works/OL31971259W	Heart of Darkness	Joseph Conrad	"title:""Heart of Darkness"" AND mediatype:texts"	263	ghostsoflangleyi0000prad	The ghosts of Langley : into the CIA's heart of darkness	Prados, John, author	2017-01-01T00:00:00Z	2017.0	New York : The New Press	['United States. Central Intelligence Agency -- History', 'Intelligence service -- United States -- History']	"['xxvi, 446 pages ; 25 cm', '""The Ghosts of Langley is a provocative and panoramic new history of the Central Intelligence Agency that relates the agency\'s current predicament to its founding and earlier years, telling the story of the agency through the eyes of key figures in CIA history, including some of its most troubling covert actions around the world. It reveals how the agency, over seven decades, has resisted government accountability, going rogue in a series of highly questionable ventures that reach their apotheosis with the secret overseas prisons and torture programs of the war on terror."" -- from publisher\'s web site', 'Includes bibliographical references (pages 391-423) and index', ""Prologue: Ghosts in the machine -- 1. The house that Allen built -- 2. Zealots and schemers -- 3. Stars and meteors -- 4. Crisis -- 5. The consiglieri -- 6. The sheriffs -- 7. The headless horseman -- 8. A failed exorcist -- 9. Jacob Marley's ghosts -- 10. The Flying Dutchman""]"	['internetarchivebooks', 'printdisabled', 'fav-anotherutopia9999', 'fav-bookklover', 'fav-mar_kend', 'fav-natsecmafiachronicler', 'fav-obshchina', 'fav-subwaytiles']
/works/OL31971259W	Heart of Darkness	Joseph Conrad	"title:""Heart of Darkness"" AND mediatype:texts"	263	blackstonehearto0000rust_l0f6	Blackstone and the heart of darkness	Rustage, Alan	2009-01-01T00:00:00Z	2009.0	London : Severn House Large Print	['Blackstone, Sam (Fictitious character) -- Fiction', 'Police -- England -- Fiction', 'Large type books', 'Blackstone, Sam (Fictitious character)', 'Police', 'England']	"['349 pages (large print) ; 23 cm', 'Originally published: Sutton : Severn House, 2007', '""Sally Spencer writing as Alan Rustage.""--Cover']"	['internetarchivebooks', 'printdisabled', 'inlibrary']
/works/OL31971259W	Heart of Darkness	Joseph Conrad	"title:""Heart of Darkness"" AND mediatype:texts"	263	heartofdarknesss0000unse_g9f1	Heart of darkness and the secret sharer		1910-01-01T00:00:00Z	1910.0				['internetarchivebooks', 'fav-silvia_salvadore']
/works/OL31971259W	Heart of Darkness	Joseph Conrad	"title:""Heart of Darkness"" AND mediatype:texts"	263	heartofdarknessjgatt	Heart of darkness : Joseph Conrad	['Gatten, Brian', 'Conrad, Joseph, 1857-1924']	2002-01-01T00:00:00Z	2002.0	New York : Spark Pub.	['Conrad, Joseph, 1857-1924', 'Psychological fiction, English', 'Europeans']	Includes bibliographical references (p. 66)	['internetarchivebooks', 'americana', 'inlibrary', 'printdisabled', 'fav-alreyes1452', 'fav-vlomloor', 'stmaryscountylibrary']
/works/OL31971259W	Heart of Darkness	Joseph Conrad	"title:""Heart of Darkness"" AND mediatype:texts"	263	heart-of-darkness-joseph-conrad_202511	Heart Of Darkness - Joseph Conrad	Joseph Conrad				['Heart Of Darkness', 'Joseph Conrad']	Heart Of Darkness Joseph Conrad	['opensource', 'fav-knuckleshedgehog88']
/works/OL31971259W	Heart of Darkness	Joseph Conrad	"title:""Heart of Darkness"" AND mediatype:texts"	263	heartofdarkness0000mccu	Heart of darkness	McCuaig, Catriona	2010-01-01T00:00:00Z	2010.0	Leicester : Linford	['Large type books', 'Great Britain', 'Great Britain -- History -- Henry VIII, 1509-1547 -- Fiction']	['186 pages ; 19 cm', 'While King Henry VIII is exchanging one wife for another, life continues in its usual way for Meg Makepeace. That is, until she makes a grim discovery in the churchyard - which in turn leads her to a chance encounter with handsome John Dilley. They are instantly attracted to each other, but when he is suspected of murdering a local labourer, her father warns her to stay clear. Can there be any future for the pair?', 'Complete and unabridged']	['internetarchivebooks', 'inlibrary', 'printdisabled', 'fav-shahrzad_zandiyeh448', 'openlibrary-d-ol']
/works/OL31971259W	Heart of Darkness	Joseph Conrad	"title:""Heart of Darkness"" AND mediatype:texts"	263	implacable-force-inscrutable-intentions-incomprehensible-frenzy-ambition-obsessi	Implacable Force Inscrutable Intentions Incomprehensible Frenzy Ambition Obsession And Madness In Joseph Conrad’s Heart Of Darkness	Moumita Bhattacharjee Postgraduate Student, Department of English University of Calcutta, Kolkata	2025-01-01T00:00:00Z	2025.0		['Obsession', 'Conrad', 'Ambition', 'Colonization', 'Moral', 'Kurtz', 'Marlow.']	 This paper explores the intricate and intertwined themes of ambition, obsession, and madness in Joseph Conrad’s Heart of Darkness. Through a comprehensive analysis of the psyche of the characters, especially that of Kurtz and Marlow, this study highlights the transformative power of ambition and its potential to lead to moral degeneration. By engaging with concepts of civilization versus savagery, restraint versus unruliness, and the existential plight of both colonizers and the colonized, the thesis underscores the pervasive moral ambiguity that defines human ambition and its catastrophic consequences. Certain artistic depictions of these psychological aspects present in the novella, have been included in this paper to visually interpret the intangible, inexplicable and inhuman depths of the human mind.  	['opensource']
/works/OL31971259W	Heart of Darkness	Joseph Conrad	"title:""Heart of Darkness"" AND mediatype:texts"	263	implacable-force-inscrutable-intentions-incomprehensible-frenzy-ambition-obsessi_202601	Implacable Force Inscrutable Intentions Incomprehensible Frenzy Ambition Obsession And Madness In Joseph Conrad’s Heart Of Darkness ( 1)	Moumita Bhattacharjee Postgraduate Student, Department of English University of Calcutta, Kolkata	2025-09-30T00:00:00Z	2025.0		['Obsession', 'Conrad', 'Ambition', 'Colonization', 'Moral', 'Kurtz', 'Marlow']	This paper explores the intricate and intertwined themes of ambition, obsession, and madness in Joseph Conrad’s Heart of Darkness. Through a comprehensive analysis of the psyche of the characters, especially that of Kurtz and Marlow, this study highlights the transformative power of ambition and its potential to lead to moral degeneration. By engaging with concepts of civilization versus savagery, restraint versus unruliness, and the existential plight of both colonizers and the colonized, the thesis underscores the pervasive moral ambiguity that defines human ambition and its catastrophic consequences. Certain artistic depictions of these psychological aspects present in the novella, have been included in this paper to visually interpret the intangible, inexplicable and inhuman depths of the human mind	['opensource']
/works/OL31971259W	Heart of Darkness	Joseph Conrad	"title:""Heart of Darkness"" AND mediatype:texts"	263	mindinheartofdar0000alve	Mind in the heart of darkness : value and self-identity among the Tswana of southern Africa	Alverson, Hoyt, 1942-	1978-01-01T00:00:00Z	1978.0	New Haven [Conn.] : Yale University Press	['Tswana (African people)', 'Self-perception', 'Acculturation', 'South Africa -- Economic conditions', 'Botswana -- Economic conditions']	['xiii, 299 p., [6] leaves of plates : 22 cm', 'Bibliography: p. 281-284', 'Includes index']	['internetarchivebooks', 'inlibrary', 'printdisabled', 'fav-filudeferru', 'fav-goleba_p_lefatshe', 'fav-manikhe', 'fav-tiptoes', 'americanuniversity-ol', 'binghamton-ol', 'dartmouthlibrary-ol', 'johnshopkins-ol', 'kalamazoocollege-ol', 'occidentalcollegelibrary-ol', 'riceuniversity-ol', 'rochester-ol', 'the-claremont-colleges-ol', 'uni-ol', 'universityofarizona-ol', 'universityofcoloradoboulder-ol', 'wilsoncollege-ol']
/works/OL31971259W	Heart of Darkness	Joseph Conrad	"title:""Heart of Darkness"" AND mediatype:texts"	263	bwb_C0-ACB-623	Heart of Darkness: Almayer's Folly: The Lagoon	Joseph Conrad	1960-01-01T00:00:00Z	1960.0				['internetarchivebooks', 'printdisabled', 'inlibrary']
/works/OL31971259W	Heart of Darkness	Joseph Conrad	"title:""Heart of Darkness"" AND mediatype:texts"	263	heartofdarknessc00conr	Heart of darkness : complete, authoritative text with biographical and historical contexts, critical history, and essays from five contemporary critical perspectives	['Conrad, Joseph, 1857-1924', 'Murfin, Ross C']	1996-01-01T00:00:00Z	1996.0	Boston : Bedford Books of St. Martin's Press	['Conrad, Joseph, 1857-1924', 'Psychological fiction, English', 'Europeans', 'Trading posts', 'Degeneration', 'Imperialism', 'LITERATURA INGLESA (HISTÓRIA E CRÍTICA)', 'Heart of darkness (Conrad)', 'English fiction']	"['Includes bibliographical references', 'Introduction: Biographical and Historical Contexts -- The Complete Text -- A Critical History of Heart of Darkness -- Reader-Response Criticism and Heart of Darkness. A Reader-Response Perspective: Heart of Darkness and the Politics of Displacement / Peter J. Rabinowitz -- Feminist and Gender Criticism and Heart of Darkness. A Feminist and Gender Perspective: ""Too Beautiful Altogether"": Ideologies of Gender and Empire in Heart of Darkness / Johanna M. Smith -- Deconstruction and Heart of Darkness. A Deconstructive Perspective: Heart of Darkness Revisited / J. Hillis Miller -- The New Historicism and Heart of Darkness. A New Historicist Perspective: Preserving and Keeping Order by Killing Time in Heart of Darkness / Brook Thomas -- Cultural Criticism and Heart of Darkness. A Cultural Perspective: Heart of Darkness: Anti-Imperialism, Racism, or Impressionism?']"	['internetarchivebooks', 'printdisabled', 'fav-alandia', 'fav-cwhiskey', 'fav-despgian', 'fav-jessa-35', 'fav-kokigay108', 'fav-lauren123', 'fav-munazzah_786921', 'fav-stjimmy501']
/works/OL35695219W	Ulysses	James Joyce	"title:""Ulysses"" AND mediatype:texts"	1636	bwb_Y0-CIA-257	Ulysses	James Joyce	1946-01-01T00:00:00Z	1946.0	Random House			['internetarchivebooks', 'printdisabled', 'inlibrary']
/works/OL35695219W	Ulysses	James Joyce	"title:""Ulysses"" AND mediatype:texts"	1636	hmsulysses0000unse_l3p2	H.M.S Ulysses							['internetarchivebooks', 'printdisabled']
/works/OL35695219W	Ulysses	James Joyce	"title:""Ulysses"" AND mediatype:texts"	1636	bwb_Y0-BTI-626	ulysses	james joyce	1942-01-01T00:00:00Z	1942.0				['internetarchivebooks', 'printdisabled', 'inlibrary']
/works/OL35695219W	Ulysses	James Joyce	"title:""Ulysses"" AND mediatype:texts"	1636	gov.uscourts.flsb.747799	Ulysses Mastrogianni						This item represents a case in PACER, the U.S. Government's website for federal case data. This information is uploaded quarterly. To see our most recent version please use the source url parameter, linked below. To see the canonical source for this data, please consult PACER directly.	['usfederalcourts', 'USGovernmentDocuments', 'government-documents']
/works/OL35695219W	Ulysses	James Joyce	"title:""Ulysses"" AND mediatype:texts"	1636	garlandsusgrant00hamlrich	Ulysses S. Grant; his life and character	Garland, Hamlin, 1860-1940	1898-01-01T00:00:00Z	1898.0	New York : Macmillan	Grant, Ulysses S. (Ulysses Simpson), 1822-1885	xxxvi, 524 p. 23 cm	['cdl', 'americana', 'fav-bspurlin', 'fav-jasonhanchang', 'fav-jkreiser', 'fav-john_marshok']
/works/OL35695219W	Ulysses	James Joyce	"title:""Ulysses"" AND mediatype:texts"	1636	fromtannerytowhi00thay	From tannery to the White House : The life of Ulysses S. Grant, his boyhood, youth, manhood, public and private life and services	Thayer, William Makepeace, 1820-1898	1885-01-01T00:00:00Z	1885.0	New York : Hurst & Co.	['Grant, Ulysses Simpson, President, United States, 1822-1885', 'Grant, Ulysses Simpson']	480 p. : 19 cm	['family_history_library', 'brighamyounguniversityidaho', 'americana', 'fav-cascadiarising']
/works/OL35695219W	Ulysses	James Joyce	"title:""Ulysses"" AND mediatype:texts"	1636	eljardndelasceni0000unse	El jardín de las cenizas: Ulysses Moore, 11		2011-01-01T00:00:00Z	2011.0	Montena			['internetarchivebooks', 'inlibrary', 'printdisabled', 'fav-aalbaa', 'fav-estherm1955', 'fav-g_nesis_barrera', 'fav-marisolr19', 'fav-nethra_bulankulame']
/works/OL35695219W	Ulysses	James Joyce	"title:""Ulysses"" AND mediatype:texts"	1636	mexicanulyssesau0000vasc	A Mexican Ulysses; an autobiography	Vasconcelos, José, 1881-1959	1972-01-01T00:00:00Z	1972.0	Westport, Conn., Greenwood Press	['Vasconcelos, José, 1881-1959', 'Authors, Mexican -- 20th century -- Biography', 'Statesmen -- Mexico -- Biography']	['288 p. 23 cm', 'An abridgement of the autobiographical series which consists of four volumes: Ulises criollo, La tormenta, El desastre, and El proconsulado']	['internetarchivebooks', 'inlibrary', 'printdisabled', 'fav-alejandria_munlib', 'fav-ceskyken', 'fav-wbfranks', 'cua-ol', 'gwulibraries-ol']
/works/OL35695219W	Ulysses	James Joyce	"title:""Ulysses"" AND mediatype:texts"	1636	HiResAdventure4UlyssesAndTheGoldenFleece	Hi-Res Adventure #4 - Ulysses and the Golden Fleece					Atari 8-bit computer game manual	Ulysses and the Golden Fleece by On-Line Systems (1981) game manual for Atari 8-bit computers.	['gamemanuals_atari8bit', 'gamemanuals', 'manuals', 'fav-hpted']
/works/OL35695219W	Ulysses	James Joyce	"title:""Ulysses"" AND mediatype:texts"	1636	gov.uscourts.tnwb.522290	Ulysses Antonio Jackson						This item represents a case in PACER, the U.S. Government's website for federal case data. This information is uploaded quarterly. To see our most recent version please use the source url parameter, linked below. To see the canonical source for this data, please consult PACER directly.	['usfederalcourts', 'USGovernmentDocuments', 'government-documents']
/works/OL35695219W	Ulysses	James Joyce	"title:""Ulysses"" AND mediatype:texts"	1636	genulyssessimpso01murp	Gen. Ulysses Simpson Grant in poetry and history	Murphy, David Asbury, 1842-1917	1912-01-01T00:00:00Z	1912.0	[Cincinnati, The Methodist book concern	Grant, Ulysses S. (Ulysses Simpson), 1822-1885	22 p. 19 cm	['library_of_congress', 'americanmethodism', 'americana', 'carli_lib']
/works/OL35695219W	Ulysses	James Joyce	"title:""Ulysses"" AND mediatype:texts"	1636	coolidgegrant00louirich	Ulysses S. Grant	Coolidge, Louis Arthur, 1861-	1917-01-01T00:00:00Z	1917.0	Boston and New York, Houghton Mifflin company	Grant, Ulysses S. (Ulysses Simpson), 1822-1885	xi p., 1 l., 596 p., 1 l. 20 cm	['cdl', 'americana', 'fav-born2bblue', 'fav-robertbertram']
/works/OL35695219W	Ulysses	James Joyce	"title:""Ulysses"" AND mediatype:texts"	1636	gov.uscourts.tneb.462593	Marco Ulysses Collins and Alanna LaSha Collins						This item represents a case in PACER, the U.S. Government's website for federal case data. This information is uploaded quarterly. To see our most recent version please use the source url parameter, linked below. To see the canonical source for this data, please consult PACER directly.	['usfederalcourts', 'USGovernmentDocuments', 'government-documents']
/works/OL35695219W	Ulysses	James Joyce	"title:""Ulysses"" AND mediatype:texts"	1636	gov.uscourts.scb.280375	Joseph Ulysses Hemingway						This item represents a case in PACER, the U.S. Government's website for federal case data. This information is uploaded quarterly. To see our most recent version please use the source url parameter, linked below. To see the canonical source for this data, please consult PACER directly.	['usfederalcourts', 'USGovernmentDocuments', 'government-documents']
/works/OL35695219W	Ulysses	James Joyce	"title:""Ulysses"" AND mediatype:texts"	1636	gov.uscourts.ilnb.1169533	Ulysses Pryor						This item represents a case in PACER, the U.S. Government's website for federal case data. If you wish to see the entire case, please consult PACER directly.	['usfederalcourts', 'USGovernmentDocuments', 'government-documents']
/works/OL35695219W	Ulysses	James Joyce	"title:""Ulysses"" AND mediatype:texts"	1636	dli.ministry.24280	Ulysses S Grant	Church, William Conant	1897-01-01T00:00:00Z	1897.0	G.P Putnam’s sons, London	['General history:Biography', 'MinistryOfCulture']	And the period of national preservation and reconstruction	['digitallibraryindia', 'JaiGyan']
/works/OL35695219W	Ulysses	James Joyce	"title:""Ulysses"" AND mediatype:texts"	1636	ulyssesdramabyst0000step	Ulysses: a drama in a prologue & three acts	Stephen Phillips	1904-01-01T00:00:00Z	1904.0	The Macmillan company			['internetarchivebooks', 'fav-daniil_nikel']
/works/OL35695219W	Ulysses	James Joyce	"title:""Ulysses"" AND mediatype:texts"	1636	gov.uscourts.caeb.609386	Ulysses Townsell						This item represents a case in PACER, the U.S. Government's website for federal case data. This information is uploaded quarterly. To see our most recent version please use the source url parameter, linked below. To see the canonical source for this data, please consult PACER directly.	['usfederalcourts', 'USGovernmentDocuments', 'government-documents']
/works/OL35695219W	Ulysses	James Joyce	"title:""Ulysses"" AND mediatype:texts"	1636	NASA_NTRS_Archive_19920012668	NASA Technical Reports Server (NTRS) 19920012668: Ulysses/BATSE observations of cosmic gamma ray bursts	NASA Technical Reports Server (NTRS)	1992-02-01T00:00:00Z	1992.0		['NASA Technical Reports Server (NTRS)', 'ASTRONOMICAL OBSERVATORIES', 'COSMIC RAYS', 'GAMMA RAY ASTRONOMY', 'GAMMA RAY BURSTS', 'RADIATION DETECTORS', 'ANNULI', 'ERRORS', 'POSITION (LOCATION)', 'ULYSSES MISSION', 'Hurley, K.', 'Boer, M.', 'Sommer, M.', 'Fishman, G.', 'Meegan, C.', 'Paciesas, W.', 'Wilson, R.', 'Kouveliotou, C.', 'Cline, T.']	The gamma ray burst detector aboard the ESA-NASA Ulysses spacecraft, in operation since Nov. 1990, has detected numerous gamma bursts in conjunction with the BATSE experiment aboard the Compton Observatory. Initial results are presented on burst locations for three events (21 April, 2 May, and 3 May, 1991) obtained by arrival time analysis, and they are compared with the BATSE locations. The arrival time analysis annuli have typical widths of 5'. The preliminary analysis indicates that both experiments are likely to have unresolved systematic errors, but that further work will improve the location accuracy substantially.	['NASA_NTRS_Archive', 'usgovernmentmirrors', 'government-documents']
/works/OL35695219W	Ulysses	James Joyce	"title:""Ulysses"" AND mediatype:texts"	1636	cu31924030926111	Ulysses S. Grant	Edmonds, Franklin Spencer, 1874-1945	1915-01-01T00:00:00Z	1915.0	Philadelphia, G.W. Jacobs & Company	Grant, Ulysses S. (Ulysses Simpson), 1822-1885	"['The metadata below describe the original scanning. Follow the ""All Files: HTTP"" link in the ""View the book"" box to the left to find XML files that contain more metadata about the original images and the derived formats (OCR results, PDF etc.). See also the What is the directory structure for the texts? FAQ for information about file content and naming conventions.', 'Bibliography: p. [367]-369']"	['cornell', 'americana']
/works/OL35695219W	Ulysses	James Joyce	"title:""Ulysses"" AND mediatype:texts"	1636	bub_gb_kVgyvisrDMAC	The English in the West Indies; or, The bow of Ulysses	Froude, James Anthony, 1818-1894	1888-01-01T00:00:00Z	1888.0	New York, C. Scribner's sons	bub_upload	Replace;	['americana', 'fav-daniil_nikel']
/works/OL35695219W	Ulysses	James Joyce	"title:""Ulysses"" AND mediatype:texts"	1636	bub_gb_v2qsePg8za8C	Die wunderbaren Begebenheiten Telemachs, Sohn des Ulysses : ein Heldengedicht in vier und zwanzig Büchern	Fénelon, François de Salignac de la Mothe	1798-01-01T00:00:00Z	1798.0	Nürnberg [u.a.] : Monath & Kussler	bub_upload	XIV, 719 p : 17 cm	['europeanlibraries']
/works/OL35695219W	Ulysses	James Joyce	"title:""Ulysses"" AND mediatype:texts"	1636	gov.uscourts.alnb.682145	Ulysses Mathews, III						This item represents a case in PACER, the U.S. Government's website for federal case data. This information is uploaded quarterly. To see our most recent version please use the source url parameter, linked below. To see the canonical source for this data, please consult PACER directly.	['usfederalcourts', 'USGovernmentDocuments', 'government-documents']
/works/OL35695219W	Ulysses	James Joyce	"title:""Ulysses"" AND mediatype:texts"	1636	gov.uscourts.arb.713506	ULYSSES XAVIER AYALA						This item represents a case in PACER, the U.S. Government's website for federal case data. This information is uploaded quarterly. To see our most recent version please use the source url parameter, linked below. To see the canonical source for this data, please consult PACER directly.	['usfederalcourts', 'USGovernmentDocuments', 'government-documents']
/works/OL35695219W	Ulysses	James Joyce	"title:""Ulysses"" AND mediatype:texts"	1636	jamesjoyce3volss0000jame_d9z6	James Joyce 3 Vols. Set (Ulysses, Finnegans Wake, Dubliners, and A Portrait of the Artist as a Young Man)	James Joyce	1964-01-01T00:00:00Z	1964.0	Viking Press			['internetarchivebooks', 'printdisabled', 'inlibrary']
/works/OL35695219W	Ulysses	James Joyce	"title:""Ulysses"" AND mediatype:texts"	1636	NASA_NTRS_Archive_19970022494	NASA Technical Reports Server (NTRS) 19970022494: Modeling of Jovian Hectometric Radiation Source Locations: Ulysses Observations	NASA Technical Reports Server (NTRS)	1996-12-01T00:00:00Z	1996.0		['NASA Technical Reports Server (NTRS)', 'RADIO WAVES', 'PLASMA WAVES', 'ULYSSES MISSION', 'RADIO EMISSION', 'RAY TRACING', 'PLANETARY MAGNETIC FIELDS', 'CIRCULAR POLARIZATION', 'REFRACTION', 'TORUSES', 'IO', 'DIRECTION FINDING', 'JUPITER (PLANET)', 'Menietti, J. D.', 'Reiner, M. J.']	The Unified Radio and Plasma Wave (URAP) experiment on Ulysses has provided unique high latitude measurements of Jovian hectometric radiation (HOM) during its encounter with Jupiter in February 1992. URAP was the first radio instrument in the Jovian environment with radio direction-finding capability, which was previously used to determine the HOM source locations in the Jovian magnetosphere. These initial source location determinations were based on several assumptions, including the neglect of refractive effects, which may be tested. We have, for the first time, combined the measured incident ray-direction at the spacecraft with a model magnetosphere to directly trace the rays back to the HOM source. We concentrate on the observations of HOM from high northern latitudes when Ulysses was at distances less than 15 R(sub j). The three- dimensional ray-tracing calculations presented here indicate that the HOM sources probably lie on L shells in the range 3 less than or approximately equal to L less than 7 (tilted dipole magnetic field model) consistent with previous determinations that ignored the effects of refraction. The ray-tracing results, however, indicate that wave refraction due to the Io torus and the magnetic field can significantly influence the precise source location. We show that constraints on the locations imposed by the gyroemission mechanism suggest that the lo torus density may have experienced temporal and/or spatial fluctuations during the Ulysses observations of HOM. Finally, in the cold plasma approximation we demonstrate that even if the emission were nearly linearly polarized near the source region, almost circular polarization will be observed at Ulysses, in agreement with observations.	['NASA_NTRS_Archive', 'usgovernmentmirrors', 'government-documents', 'fav-uranuslover123']
/works/OL35695219W	Ulysses	James Joyce	"title:""Ulysses"" AND mediatype:texts"	1636	gov.uscourts.cacd.973548	In the Matter of William Ulysses McClamary, II						This item represents a case in PACER, the U.S. Government's website for federal case data. If you wish to see the entire case, please consult PACER directly.	['usfederalcourts', 'USGovernmentDocuments', 'government-documents']
/works/OL35695219W	Ulysses	James Joyce	"title:""Ulysses"" AND mediatype:texts"	1636	fabulousvoyagers0000rich	Fabulous Voyager: A Study of James Joyce's Ulysses	Richard M. Kain	1968-01-01T00:00:00Z	1968.0	Viking			['internetarchivebooks', 'printdisabled', 'inlibrary']
/works/OL35695219W	Ulysses	James Joyce	"title:""Ulysses"" AND mediatype:texts"	1636	bwb_KQ-131-785	the voyages of ulysses	clifton fadiman	1962-01-01T00:00:00Z	1962.0	frederick muller limited			['internetarchivebooks', 'printdisabled', 'inlibrary', 'fav-michael_greer882']
/works/OL35695219W	Ulysses	James Joyce	"title:""Ulysses"" AND mediatype:texts"	1636	bwb_S0-EHD-320	Ulysses	James Joyce	1961-01-01T00:00:00Z	1961.0				['internetarchivebooks', 'printdisabled', 'inlibrary']
/works/OL35695219W	Ulysses	James Joyce	"title:""Ulysses"" AND mediatype:texts"	1636	adventuresofulys00lamb	The Adventures of Ulysses	['Lamb, Charles, 1775-1834', 'Homer. Odyssey', 'Ball, Francis Kingsley, 1863-1942, editor']	1894-01-01T00:00:00Z	1894.0	Boston, New York [etc.] Ginn and company	English	41	['ualberta_historical_school', 'ualbertawiedrick', 'toronto', 'university_of_alberta_libraries', 'fav-19omhs72', 'fav-ahelmtexas', 'fav-aru13', 'fav-bouncetiger', 'fav-crmsc', 'fav-daniil_nikel', 'fav-drmao4563', 'fav-emma_apos_s_english', 'fav-folksinger_', 'fav-gbb1981it', 'fav-isagroovyday', 'fav-lessismor3', 'fav-lovise495', 'fav-mark_felps', 'fav-michelle_arechiga', 'fav-noahgrey', 'fav-pistol_pearl', 'fav-seaera']
/works/OL35695219W	Ulysses	James Joyce	"title:""Ulysses"" AND mediatype:texts"	1636	gov.uscourts.ncwb.191026	Tamar Ulysses Slay and Celeste Elaine Slay						This item represents a case in PACER, the U.S. Government's website for federal case data. This information is uploaded quarterly. To see our most recent version please use the source url parameter, linked below. To see the canonical source for this data, please consult PACER directly.	['usfederalcourts', 'USGovernmentDocuments', 'government-documents']
/works/OL35695219W	Ulysses	James Joyce	"title:""Ulysses"" AND mediatype:texts"	1636	vgmuseum_sierra_ulysses-alt2-manual	MOCAGH.ORG: Sierra On-Line: ulysses alt2 manual					['sierra', 'fleece', 'golden', 'gods', 'ulysses', 'return', 'fve', 'usc', 'map', 'adventurer', 'golden fleece']	MOCAGH.ORG: Sierra On-Line: ulysses alt2 manual	['mocagh', 'softwarehistory']
/works/OL35695219W	Ulysses	James Joyce	"title:""Ulysses"" AND mediatype:texts"	1636	gov.uscourts.mdd.455666	United States v. Ulysses S. Martin Jr., DDS, PC						This item represents a case in PACER, the U.S. Government's website for federal case data. If you wish to see the entire case, please consult PACER directly.	['usfederalcourts', 'USGovernmentDocuments', 'government-documents']
/works/OL35695219W	Ulysses	James Joyce	"title:""Ulysses"" AND mediatype:texts"	1636	campaignlivesofu00bris	The campaign lives of Ulysses S. Grant, and Schuyler Colfax	Brisbin, James S. (James Sanks), 1837-1892	1868-01-01T00:00:00Z	1868.0	Cincinnati, C.F. Vent & Co.; Chicago, J.S. Goodman & Co.	['Grant, Ulysses S. (Ulysses Simpson), 1822-1885', 'Colfax, Schuyler, 1823-1885', 'Campaign songs -- United States 19th century', 'Songsters']	"['1 p. l., vii-x, 11-411, [4] p. 19 cm', '""The Grant and Colfax campaign songster"": [4] p. at end', '""Life of Schuyler Colfax"": p. [353]-411']"	['library_of_congress', 'americana']
/works/OL35695219W	Ulysses	James Joyce	"title:""Ulysses"" AND mediatype:texts"	1636	gov.uscourts.alnb.653931	Ulysses D. Smoot						This item represents a case in PACER, the U.S. Government's website for federal case data. This information is uploaded quarterly. To see our most recent version please use the source url parameter, linked below. To see the canonical source for this data, please consult PACER directly.	['usfederalcourts', 'USGovernmentDocuments', 'government-documents']
/works/OL35695219W	Ulysses	James Joyce	"title:""Ulysses"" AND mediatype:texts"	1636	gov.uscourts.gasb.308534	Ulysses Brown and Mary A Brown						This item represents a case in PACER, the U.S. Government's website for federal case data. This information is uploaded quarterly. To see our most recent version please use the source url parameter, linked below. To see the canonical source for this data, please consult PACER directly.	['usfederalcourts', 'USGovernmentDocuments', 'government-documents']
/works/OL35695219W	Ulysses	James Joyce	"title:""Ulysses"" AND mediatype:texts"	1636	gov.uscourts.nyeb.263758	Ulysses T Moulterie						This item represents a case in PACER, the U.S. Government's website for federal case data. If you wish to see the entire case, please consult PACER directly.	['usfederalcourts', 'USGovernmentDocuments', 'government-documents']
/works/OL35695219W	Ulysses	James Joyce	"title:""Ulysses"" AND mediatype:texts"	1636	gov.uscourts.moeb.406021	Ulysses Bernard Keller						This item represents a case in PACER, the U.S. Government's website for federal case data. If you wish to see the entire case, please consult PACER directly.	['usfederalcourts', 'USGovernmentDocuments', 'government-documents']
/works/OL35695219W	Ulysses	James Joyce	"title:""Ulysses"" AND mediatype:texts"	1636	gov.uscourts.kywb.328065	Ulysses Lee Rucker, Jr. and Sharnita L. Rucker						This item represents a case in PACER, the U.S. Government's website for federal case data. This information is uploaded quarterly. To see our most recent version please use the source url parameter, linked below. To see the canonical source for this data, please consult PACER directly.	['usfederalcourts', 'USGovernmentDocuments', 'government-documents']
/works/OL35695219W	Ulysses	James Joyce	"title:""Ulysses"" AND mediatype:texts"	1636	gov.uscourts.njb.1062032	Ulysses L Coleman						This item represents a case in PACER, the U.S. Government's website for federal case data. This information is uploaded quarterly. To see our most recent version please use the source url parameter, linked below. To see the canonical source for this data, please consult PACER directly.	['usfederalcourts', 'USGovernmentDocuments', 'government-documents']
/works/OL35695219W	Ulysses	James Joyce	"title:""Ulysses"" AND mediatype:texts"	1636	gov.uscourts.nvb.319790	ULYSSES N. OLAVEJA and SHERRY A. OLAVEJA						This item represents a case in PACER, the U.S. Government's website for federal case data. This information is uploaded quarterly. To see our most recent version please use the source url parameter, linked below. To see the canonical source for this data, please consult PACER directly.	['usfederalcourts', 'USGovernmentDocuments', 'government-documents']
/works/OL35695219W	Ulysses	James Joyce	"title:""Ulysses"" AND mediatype:texts"	1636	foryourenjoyceme0000lenn	For your enjoycement : the removal of Paddy Dignam : loosely based on episode six of Ulysses	Lennon, Seán	2004-01-01T00:00:00Z	2004.0	Dublin : Fingal County Libraries	['Joyce, James, 1882-1941. Ulysses -- Illustrations', 'Dublin (Ireland) -- Pictorial works']	['88 p. : 21 x 25 cm', 'Includes bibliographical references']	['internetarchivebooks', 'inlibrary', 'printdisabled', 'fav-amitbotre']
/works/OL35695219W	Ulysses	James Joyce	"title:""Ulysses"" AND mediatype:texts"	1636	gov.uscourts.mieb.923375	Ulysses Hampton, Sr.						This item represents a case in PACER, the U.S. Government's website for federal case data. This information is uploaded quarterly. To see our most recent version please use the source url parameter, linked below. To see the canonical source for this data, please consult PACER directly.	['usfederalcourts', 'USGovernmentDocuments', 'government-documents']
/works/OL35695219W	Ulysses	James Joyce	"title:""Ulysses"" AND mediatype:texts"	1636	gov.uscourts.mieb.818384	Ulysses Lago Hernandez						This item represents a case in PACER, the U.S. Government's website for federal case data. This information is uploaded quarterly. To see our most recent version please use the source url parameter, linked below. To see the canonical source for this data, please consult PACER directly.	['usfederalcourts', 'USGovernmentDocuments', 'government-documents']
/works/OL35695219W	Ulysses	James Joyce	"title:""Ulysses"" AND mediatype:texts"	1636	irishulysses0000tymo	The Irish Ulysses	Tymoczko, Maria	1994-01-01T00:00:00Z	1994.0	Berkeley : University of California Press	['Joyce, James, 1882-1941. Ulysses', 'Joyce, James, 1882-1941 -- Knowledge -- Ireland', 'English literature -- Irish influences', 'Ireland -- In literature']	['xvi, 391 p. ; 24 cm', 'Includes bibliographical references (p. 351-372) and index']	['internetarchivebooks', 'printdisabled', 'fav-jeremy_gee']
/works/OL35695219W	Ulysses	James Joyce	"title:""Ulysses"" AND mediatype:texts"	1636	fallofulysses00willrich	The fall of Ulysses : an elephant story	['Willard, Charles Dwight, 1866-1914', 'George H. Doran Company. pbl', 'Ver Beck, Frank, 1858-1933']	1912-01-01T00:00:00Z	1912.0	New York : George H. Doran Company		['[80] p. (last 3 p. blank), [4] leaves of plates : 21 cm', 'Frontispiece and plates facing p. [41], [46] and [70]. Decorative margins throughout']	['cdl', 'americana', 'fav-indigoshores', 'fav-seaera']
/works/OL35695219W	Ulysses	James Joyce	"title:""Ulysses"" AND mediatype:texts"	1636	gov.uscourts.mdb.699872	Ulysses J. Miller, Jr.						This item represents a case in PACER, the U.S. Government's website for federal case data. This information is uploaded quarterly. To see our most recent version please use the source url parameter, linked below. To see the canonical source for this data, please consult PACER directly.	['usfederalcourts', 'USGovernmentDocuments', 'government-documents']
/works/OL35695219W	Ulysses	James Joyce	"title:""Ulysses"" AND mediatype:texts"	1636	ceremoniesincide02fair	Ceremonies incident to the unveiling of the bronze equestrian statue of General Ulysses S. Grant	Fairmount park art association, Philadelphia. [from old catalog]	1899-01-01T00:00:00Z	1899.0	Philadelphia, Printed by J. B. Lippincott company	Philadelphia	97 p. 26 cm	['library_of_congress', 'americana']
/works/OL35695219W	Ulysses	James Joyce	"title:""Ulysses"" AND mediatype:texts"	1636	gov.uscourts.scb.266363	Richard Ulysses Gourdine						This item represents a case in PACER, the U.S. Government's website for federal case data. This information is uploaded quarterly. To see our most recent version please use the source url parameter, linked below. To see the canonical source for this data, please consult PACER directly.	['usfederalcourts', 'USGovernmentDocuments', 'government-documents']
/works/OL35695219W	Ulysses	James Joyce	"title:""Ulysses"" AND mediatype:texts"	1636	gov.uscourts.flmd.263668	United States v. Ulysses						This item represents a case in PACER, the U.S. Government's website for federal case data. If you wish to see the entire case, please consult PACER directly.	['usfederalcourts', 'USGovernmentDocuments', 'government-documents']
/works/OL35695219W	Ulysses	James Joyce	"title:""Ulysses"" AND mediatype:texts"	1636	gov.uscourts.moeb.392921	Alfred Ulysses Ralph						This item represents a case in PACER, the U.S. Government's website for federal case data. This information is uploaded quarterly. To see our most recent version please use the source url parameter, linked below. To see the canonical source for this data, please consult PACER directly.	['usfederalcourts', 'USGovernmentDocuments', 'government-documents']
/works/OL35695219W	Ulysses	James Joyce	"title:""Ulysses"" AND mediatype:texts"	1636	gov.uscourts.pawb.368037	Keith Ulysses Bryant						This item represents a case in PACER, the U.S. Government's website for federal case data. This information is uploaded quarterly. To see our most recent version please use the source url parameter, linked below. To see the canonical source for this data, please consult PACER directly.	['usfederalcourts', 'USGovernmentDocuments', 'government-documents']
/works/OL35695219W	Ulysses	James Joyce	"title:""Ulysses"" AND mediatype:texts"	1636	gov.uscourts.nyeb.480087	Ulysses Tyrone Simmons						This item represents a case in PACER, the U.S. Government's website for federal case data. This information is uploaded quarterly. To see our most recent version please use the source url parameter, linked below. To see the canonical source for this data, please consult PACER directly.	['usfederalcourts', 'USGovernmentDocuments', 'government-documents']
/works/OL35695219W	Ulysses	James Joyce	"title:""Ulysses"" AND mediatype:texts"	1636	10728458bsb	Arien und Gesänge aus dem Singspiele: Ulysses und Circe: in drey Aufzügen		1807-01-01T00:00:00Z	1807.0			Berlin 1807 Location/Holding institution: München, Bayerische Staatsbibliothek -- Don.Lud. LV,23 Uraufführung: Berlin, 1807.07.27. - Akte: 3. - Nummern: 17. - Rollen: Ulysses (Hr. Eunike); Klarin, von seinem Gefolge (Hr. Ambrosch); Elpenor, von seinem Gefolge (Hr. Gern); Eurylochos, von seinem Gefolge (Hr. Lemm); Arsidas, Fürst (Hr. Franz); Lysidas, Fürst (Hr. Weitzmann); Circe (Mad. Eunike); Flerida (Mad. Müller); Lybia (Mlle. Maaß); Astrea (Mlle. Mebus); Iris und Thetis (Mlle. Schick); Achillens Geist (Hr. Wauer); Brutamonte, ein Riese (Hr. Kaselitz); Ein Zwerg (Mons. Rüthling); u.a. Stieger, Franz: Opernlexikon. Teil 1: Titelkatalog. 3 Bde. Tutzing 1975. Bd. 3, S. 1246. - The New Grove Dictionary of Music and Musicians. Second edition. Edited by Stanley Sadie. Executive editor John Tyrell. 29 Bde. London/ New York 2001. Bd. 21, Artikel Romberg: (2) Bernhard Heinrich Romberg, S. 603-604	['german-online-libraries', 'booksbylanguage_german', 'booksbylanguage']
/works/OL35695219W	Ulysses	James Joyce	"title:""Ulysses"" AND mediatype:texts"	1636	bwb_S0-EEA-925	Ulysses	James Joyce	1946-01-01T00:00:00Z	1946.0				['internetarchivebooks', 'printdisabled', 'inlibrary']
/works/OL35695219W	Ulysses	James Joyce	"title:""Ulysses"" AND mediatype:texts"	1636	gov.uscourts.mssb.294143	Ulysses Brent						This item represents a case in PACER, the U.S. Government's website for federal case data. This information is uploaded quarterly. To see our most recent version please use the source url parameter, linked below. To see the canonical source for this data, please consult PACER directly.	['usfederalcourts', 'USGovernmentDocuments', 'government-documents']
/works/OL35695219W	Ulysses	James Joyce	"title:""Ulysses"" AND mediatype:texts"	1636	mexicanulyssesau0000tran	A Mexican Ulysses: An Autobiography	Translated by W. Rex Crawford Jose Vasconcelos	1963-01-01T00:00:00Z	1963.0	Indiana University Press			['internetarchivebooks', 'printdisabled', 'inlibrary']
/works/OL35695219W	Ulysses	James Joyce	"title:""Ulysses"" AND mediatype:texts"	1636	gov.uscourts.ganb.1007959	Rodney Ulysses Aird						This item represents a case in PACER, the U.S. Government's website for federal case data. This information is uploaded quarterly. To see our most recent version please use the source url parameter, linked below. To see the canonical source for this data, please consult PACER directly.	['usfederalcourts', 'USGovernmentDocuments', 'government-documents']
/works/OL35695219W	Ulysses	James Joyce	"title:""Ulysses"" AND mediatype:texts"	1636	gov.uscourts.gasb.324936	Ulysses Adams, III						This item represents a case in PACER, the U.S. Government's website for federal case data. This information is uploaded quarterly. To see our most recent version please use the source url parameter, linked below. To see the canonical source for this data, please consult PACER directly.	['usfederalcourts', 'USGovernmentDocuments', 'government-documents']
/works/OL35695219W	Ulysses	James Joyce	"title:""Ulysses"" AND mediatype:texts"	1636	gov.uscourts.cacb.1978206	Ulysses Gonzalez						This item represents a case in PACER, the U.S. Government's website for federal case data. If you wish to see the entire case, please consult PACER directly.	['usfederalcourts', 'USGovernmentDocuments', 'government-documents']
/works/OL35695219W	Ulysses	James Joyce	"title:""Ulysses"" AND mediatype:texts"	1636	ulysses-journey-and-link-to-sky-map	Ulysses Journey And Link To Sky Map	jeyakumar ramasami	2026-07-24T00:00:00Z	2026.0		['Ulysses', 'sky maps']	ulysses story and  sky map	['opensource']
/works/OL35695219W	Ulysses	James Joyce	"title:""Ulysses"" AND mediatype:texts"	1636	bwb_C0-AQJ-538	Ulysses	James Joyce	1946-01-01T00:00:00Z	1946.0	Modern Library Inc.			['internetarchivebooks', 'printdisabled', 'inlibrary']
/works/OL35695219W	Ulysses	James Joyce	"title:""Ulysses"" AND mediatype:texts"	1636	gov.uscourts.ganb.1090561	Ulysses Williams, Jr.						This item represents a case in PACER, the U.S. Government's website for federal case data. This information is uploaded quarterly. To see our most recent version please use the source url parameter, linked below. To see the canonical source for this data, please consult PACER directly.	['usfederalcourts', 'USGovernmentDocuments', 'government-documents']
/works/OL35695219W	Ulysses	James Joyce	"title:""Ulysses"" AND mediatype:texts"	1636	ulyssessgrantper01chur	Ulysses S. Grant and the period of national preservation and reconstruction	Church, William Conant, 1836-1917	1897-01-01T00:00:00Z	1897.0	New York [etc.] G.P. Putnam's Sons	['Grant, Ulysses S. (Ulysses Simpson), 1822-1885', 'Reconstruction (U.S. history, 1865-1877)']	xi, 473 p. 20 cm	['library_of_congress', 'americana', 'fav-daniil_nikel', 'fav-peggy_lamascus', 'fav-titstacularted']
/works/OL35695219W	Ulysses	James Joyce	"title:""Ulysses"" AND mediatype:texts"	1636	ulyssesdramainpr00philrich	Ulysses : a drama in a prologue and three acts	Phillips, Stephen, 1868-1915	1902-01-01T00:00:00Z	1902.0	New York : Macmillan		vii, 178 p. ; 18 cm	['cdl', 'americana']
/works/OL35695219W	Ulysses	James Joyce	"title:""Ulysses"" AND mediatype:texts"	1636	ulyssesroman0000smit	Ulysses : roman	Smit, Peter (P.J.D.), 1952-	2012-01-01T00:00:00Z	2012.0	Maastricht [etc.] : Azul Press		"['248 p. ; 21 cm', ""Een man keert terug naar zijn geboortedorp en raakt 's nachts verzeild op het kerkhof. Daar komt hij in contact met de geesten van zijn grootvader en vader die hem hun levensverhaal vertellen""]"	['internetarchivebooks', 'inlibrary', 'printdisabled']
/works/OL35695219W	Ulysses	James Joyce	"title:""Ulysses"" AND mediatype:texts"	1636	ulyssessgrant0000crom	Ulysses S. Grant	Crompton, Samuel Etinde	2009-01-01T00:00:00Z	2009.0	New York : Chelsea House	['Grant, Ulysses S. (Ulysses Simpson), 1822-1885 -- Juvenile literature', 'United States. Army -- Biography -- Juvenile literature', 'Presidents -- United States -- Biography -- Juvenile literature', 'Generals -- United States -- Biography -- Juvenile literature']	['120 p. : 25 cm', 'Includes bibliographical references and index', 'The ninth of April -- Ohio boyhood -- Love & war -- Depression & drink -- A new life -- Father of waters -- From the wilderness to Appomattox -- The highest offices -- Circling the globe -- Last campaign -- Chronology and timeline']	['internetarchivebooks', 'inlibrary', 'printdisabled', 'fav-kultus111']
/works/OL35695219W	Ulysses	James Joyce	"title:""Ulysses"" AND mediatype:texts"	1636	ulysses-james-joyce	Ulysses | James Joyce	James Joyce				Ulysses | James Joyce	Ulysses | James Joyce	['opensource']
/works/OL35695219W	Ulysses	James Joyce	"title:""Ulysses"" AND mediatype:texts"	1636	ulysses-james-joyce_202512	Ulysses - James Joyce	James Joyce				['Ulysses', 'James Joyce']	Ulysses James Joyce	['opensource', 'fav-cryptbooker', 'fav-pat_indie']
/works/OL35695219W	Ulysses	James Joyce	"title:""Ulysses"" AND mediatype:texts"	1636	ulysses0000jame_g2o2	Ulysses	James Joyce	1946-01-01T00:00:00Z	1946.0				['internetarchivebooks', 'printdisabled', 'inlibrary', 'fav-d_suarez', 'fav-tangled_banks', 'fav-user_37836']
/works/OL35695219W	Ulysses	James Joyce	"title:""Ulysses"" AND mediatype:texts"	1636	ulysses0000jame_m4k5	ULYSSES	James Joyce	1967-01-01T00:00:00Z	1967.0				['internetarchivebooks', 'printdisabled', 'inlibrary']
/works/OL35695219W	Ulysses	James Joyce	"title:""Ulysses"" AND mediatype:texts"	1636	gloriavictisodeo00cowd	Gloria victis: an ode on the death of Gen. Ulysses S. Grant ..	Cowdin, Jasper Barnett. [from old catalog]	1885-01-01T00:00:00Z	1885.0	Brooklyn, N.Y., D. S. Holmes	Grant, Ulysses S. (Ulysses Simpson), 1822-1885	1 p	['library_of_congress', 'americana', 'fav-daniil_nikel']
/works/OL35695219W	Ulysses	James Joyce	"title:""Ulysses"" AND mediatype:texts"	1636	bwb_Y0-BAP-595	the Odyssey the story of ulysses	Homer	1960-01-01T00:00:00Z	1960.0				['internetarchivebooks', 'printdisabled', 'inlibrary']
/works/OL35695219W	Ulysses	James Joyce	"title:""Ulysses"" AND mediatype:texts"	1636	ulysses0000jame_b5m5	Ulysses	James Joyce	1961-01-01T00:00:00Z	1961.0				['internetarchivebooks', 'printdisabled', 'inlibrary']
/works/OL35695219W	Ulysses	James Joyce	"title:""Ulysses"" AND mediatype:texts"	1636	ERIC_EJ958877	ERIC EJ958877: Ulysses' Return: Resilient Male Leaders Still at the Helm	ERIC	2008-05-01T00:00:00Z	2008.0		['ERIC Archive', 'Gender Issues', 'Instructional Leadership', 'Males', 'Masculinity', 'Gender Bias', 'Equal Opportunities (Jobs)', 'Sex Fairness', 'Administrator Education', 'Resilience (Psychology)', 'Theories', 'Social Attitudes', 'Educational Administration', 'Feminism', 'Competition', 'Conflict', 'Power Structure', 'Administrator Characteristics', 'Deans', 'Administrators', 'McClellan, Rhonda|Christman, Dana|Fairbanks, Anthony']	This study examined resilient men in higher education administration, educational leadership programs to determine how they identified components of their resiliency, how they described events that demonstrated their resiliency, and how they prescribed ways in which preparation programs can foster resiliency in students. Using masculinity theoretical lenses, our findings showed male leaders defining their resiliency in varied gendered terms but describing a range of acting as leader bounded. Through their privilege, men have ironically been the ones to design social constraints, undoubtedly their own oppression. (Contains 1 table.)	['ericarchive', 'usgovernmentmirrors', 'government-documents']
/works/OL35695219W	Ulysses	James Joyce	"title:""Ulysses"" AND mediatype:texts"	1636	UlyssesWord2010	Ulysses	Joyce, James, 1882-1941	2010-01-01T00:00:00Z	2010.0	Ware : Wordsworth Editions	['Bloom, Leopold (Fictitious character) -- Fiction', 'Bloom, Molly (Fictitious character) -- Fiction', 'Men -- Ireland -- Dublin -- Fiction', 'Dublin (Ireland) -- Fiction']	"['xlix, 682 p. ; 20 cm', '""First published in Paris in 1922. The text was specially revised at the author\'s request by Stuart Gilbert and issued by the Odyssey Press in Hamburg in 1932""--T.p. verso', 'Includes bibliographical references']"	['internetarchivebooks', 'americana', 'bannedbooks', 'printdisabled', 'fav-agent-lisa', 'fav-bahadir_koc', 'fav-kit_n', 'fav-lothar_balhorn', 'fav-otacon0517', 'fav-wdhfla']
/works/OL35695219W	Ulysses	James Joyce	"title:""Ulysses"" AND mediatype:texts"	1636	gov.uscourts.alnb.669050	Ulysses Williams						This item represents a case in PACER, the U.S. Government's website for federal case data. This information is uploaded quarterly. To see our most recent version please use the source url parameter, linked below. To see the canonical source for this data, please consult PACER directly.	['usfederalcourts', 'USGovernmentDocuments', 'government-documents']
/works/OL35695219W	Ulysses	James Joyce	"title:""Ulysses"" AND mediatype:texts"	1636	gov.uscourts.cacd.709141	Ulysses Franklin Moore Jr. v. People of the State of California						This item represents a case in PACER, the U.S. Government's website for federal case data. This information is uploaded quarterly. To see our most recent version please use the source url parameter, linked below. To see the canonical source for this data, please consult PACER directly.	['usfederalcourts', 'USGovernmentDocuments', 'government-documents']
/works/OL35695219W	Ulysses	James Joyce	"title:""Ulysses"" AND mediatype:texts"	1636	joycesulyssesrea0000shee	Joyce's Ulysses : a reader's guide	Sheehan, Sean, 1951-	2009-01-01T00:00:00Z	2009.0	London ; New York : Continuum	Joyce, James, 1882-1941. Ulysses	['v, 133 p. ; 23 cm', 'Includes bibliographical references (p. 123-126) and index']	['internetarchivebooks', 'printdisabled', 'fav-dalessg', 'fav-dylda', 'fav-hanene_yasmine561', 'fav-mananon', 'fav-mark_cooper752', 'fav-walter_roland_moore', 'fav-xehasi1494', 'fav-zack_reda']
/works/OL35695219W	Ulysses	James Joyce	"title:""Ulysses"" AND mediatype:texts"	1636	bim_early-english-books-1641-1700_the-travels-of-ulysses-_homer_1673	The travels of Ulysses; ... 1673	Homer.	1673-01-01T00:00:00Z	1673.0		['Books', 'microfilm']	The travels of Ulysses; ... 1673.. Digitized from IA40313704-73 . Previous issue: bim_early-english-books-1641-1700_a-homely-dialogue-betwix_1690 . Next issue: bim_early-english-books-1641-1700_a-description-of-heliosc_hooke-robert_1676 .	['pub_early-english-books-1641-1700', 'bim_microfilm', 'microfilm', 'fav-daniil_nikel']
/works/OL35695219W	Ulysses	James Joyce	"title:""Ulysses"" AND mediatype:texts"	1636	bim_eighteenth-century_the-adventures-of-telema_fnelon-franois-de-sal_1798	The adventures of Telemachus, the son of Ulysses. By the Archbishop of Cambray. Translated into English by Mr. Des Maizeaux, F.R.S. 1798	Fénelon, François de Salignac de La Mothe-	1798-01-01T00:00:00Z	1798.0		['Language & Literature', 'Literary And Political Reviews', 'General Interest Periodicals--United Kingdom', 'Law', 'Philosophy & Religion', 'Fine & Performing Arts', 'Social Sciences', 'History', 'History--History of North And South America', 'Books', 'microfilm']	The adventures of Telemachus, the son of Ulysses. By the Archbishop of Cambray. Translated into English by Mr. Des Maizeaux, F.R.S. 1798.. Digitized from IA40313404-85 . Previous issue: bim_eighteenth-century_the-tragedy-of-jane-shor_rowe-nicholas_1775_0 . Next issue: bim_eighteenth-century_the-adventures-of-telema_fnelon-franois-de-sal_1787 .	['pub_eighteenth-century', 'bim_microfilm', 'microfilm']
/works/OL35695219W	Ulysses	James Joyce	"title:""Ulysses"" AND mediatype:texts"	1636	subalternulysses0000duff	The subaltern Ulysses	Duffy, Enda	1994-01-01T00:00:00Z	1994.0	Minneapolis : University of Minnesota Press	['Joyce, James, 1882-1941. Ulysses', 'Joyce, James, 1882-1941 -- Political and social views', 'Politics and literature -- Ireland -- History -- 20th century', 'Colonies in literature', 'Ireland -- Politics and government -- 20th century', 'Ireland -- In literature']	['ix, 212 p. ; 24 cm', 'Includes bibliographical references (p. 193-206) and index']	['internetarchivebooks', 'printdisabled']
/works/OL35695219W	Ulysses	James Joyce	"title:""Ulysses"" AND mediatype:texts"	1636	bim_eighteenth-century_the-adventures-of-telema_fenelon-francois-de-sal_1795_2	The adventures of Telemachus: the son of Ulysses. Translated from the French of Messire Francois Salignac de la Mothe-Fenelon, ... By John Hawkesworth, L.L.D. Cooke's edition. Embellished with engravings. 1795: Vol 2	Fenelon, Francois de Salignac de La Mothe-.	1795-01-01T00:00:00Z	1795.0		['Language & Literature', 'Literary And Political Reviews', 'General Interest Periodicals--United Kingdom', 'Law', 'Philosophy & Religion', 'Fine & Performing Arts', 'Social Sciences', 'History', 'History--History of North And South America', 'Books', 'microfilm']	The adventures of Telemachus: the son of Ulysses. Translated from the French of Messire Francois Salignac de la Mothe-Fenelon, ... By John Hawkesworth, L.L.D. Cooke's edition. Embellished with engravings. 1795: Volume 2 . Digitized from IA40310713-71 . Previous issue: bim_eighteenth-century_the-adventures-of-telema_fenelon-francois-de-sal_1795_1 . Next issue: bim_eighteenth-century_an-innocent-game-for-bab_huntington-william_1787 .	['pub_eighteenth-century', 'bim_microfilm', 'microfilm']
/works/OL35695219W	Ulysses	James Joyce	"title:""Ulysses"" AND mediatype:texts"	1636	bim_eighteenth-century_the-adventures-of-telema_fnelon-franois-de-sal_1715_2	The adventures of Telemachus, the son of Ulysses. In ten books. With the adventures of Aristonous. Written by the Archbishop of Cambray. Done from the new French edition, by Mr. Ozell. ... 1715: Vol 2	Fénelon, François de Salignac de La Mothe-	1715-01-01T00:00:00Z	1715.0		['Language & Literature', 'Literary And Political Reviews', 'General Interest Periodicals--United Kingdom', 'Law', 'Philosophy & Religion', 'Fine & Performing Arts', 'Social Sciences', 'History', 'History--History of North And South America', 'Books', 'microfilm']	The adventures of Telemachus, the son of Ulysses. In ten books. With the adventures of Aristonous. Written by the Archbishop of Cambray. Done from the new French edition, by Mr. Ozell. ... 1715: Volume 2 . Digitized from IA40313317-79 . Previous issue: bim_eighteenth-century_the-adventures-of-telema_fnelon-franois-de-sal_1715_1 . Next issue: bim_eighteenth-century_platonos-dialogoi-5-p_plato_1765 .	['pub_eighteenth-century', 'bim_microfilm', 'microfilm', 'fav-daniil_nikel']
/works/OL35695219W	Ulysses	James Joyce	"title:""Ulysses"" AND mediatype:texts"	1636	bim_eighteenth-century_the-adventures-of-telema_fnelon-franois-de-sal_1721_1	The adventures of Telemachus, the son of Ulysses. The eleventh edition. Vol. II. To which is added the adventures of Aristonous. 1721: Vol 1	Fénelon, François de Salignac de La Mothe-	1721-01-01T00:00:00Z	1721.0		['Language & Literature', 'Literary And Political Reviews', 'General Interest Periodicals--United Kingdom', 'Law', 'Philosophy & Religion', 'Fine & Performing Arts', 'Social Sciences', 'History', 'History--History of North And South America', 'Books', 'microfilm']	The adventures of Telemachus, the son of Ulysses. The eleventh edition. Vol. II. To which is added the adventures of Aristonous. 1721: Volume 1 . Digitized from IA40316211-22 . Previous issue: bim_eighteenth-century_the-golden-pippin-an-en_ohara-kane_1773 . Next issue: bim_eighteenth-century_the-adventures-of-telema_fnelon-franois-de-sal_1721_2 .	['pub_eighteenth-century', 'bim_microfilm', 'microfilm', 'fav-daniil_nikel', 'fav-jonny_m_tesfahun']
/works/OL35695219W	Ulysses	James Joyce	"title:""Ulysses"" AND mediatype:texts"	1636	bim_eighteenth-century_the-adventures-of-telema_fnelon-franois-de-sal_1742_1_0	The adventures of Telemachus, the son of Ulysses, by the Archbishop of Cambray: in French and English. The original carefully printed according to the best editions of France and Holland, and the translation, which is entirely new, revised by Mr Des Maizeaux, ... 1742: Vol 1	Fénelon, François de Salignac de La Mothe-	1742-01-01T00:00:00Z	1742.0		['Language & Literature', 'Literary And Political Reviews', 'General Interest Periodicals--United Kingdom', 'Law', 'Philosophy & Religion', 'Fine & Performing Arts', 'Social Sciences', 'History', 'History--History of North And South America', 'Books', 'microfilm']	The adventures of Telemachus, the son of Ulysses, by the Archbishop of Cambray: in French and English. The original carefully printed according to the best editions of France and Holland, and the translation, which is entirely new, revised by Mr Des Maizeaux, ... 1742: Volume 1 . Digitized from IA40313317-77 . Previous issue: bim_eighteenth-century_the-compleat-french-mast_boyer-abel_1750 . Next issue: bim_eighteenth-century_the-adventures-of-telema_fnelon-franois-de-sal_1742_2_0 .	['pub_eighteenth-century', 'bim_microfilm', 'microfilm']
/works/OL35695219W	Ulysses	James Joyce	"title:""Ulysses"" AND mediatype:texts"	1636	civilwarmemoirso0000gran	The Civil War memoirs of Ulysses S. Grant	Grant, Ulysses S. (Ulysses Simpson), 1822-1885	2002-01-01T00:00:00Z	2002.0	New York : Forge	['Grant, Ulysses S. (Ulysses Simpson), 1822-1885', 'United States. Army -- Biography', 'Generals -- United States -- Biography', 'United States -- History -- Civil War, 1861-1865 -- Personal narratives', 'United States -- History -- Civil War, 1861-1865 -- Campaigns']	"['524 p. ; 24 cm', 'Abridged ed. of: Personal memoirs of U.S. Grant, originally published in two volumes by Charles L. Webster & Co., New York, in 1885', '""A Tom Doherty Associates book.""']"	['internetarchivebooks', 'printdisabled', 'framingham-ol', 'openlibrary-d-ol', 'universityofarizona-ol', 'universityofcoloradoboulder-ol']
/works/OL35695219W	Ulysses	James Joyce	"title:""Ulysses"" AND mediatype:texts"	1636	gov.uscourts.ilnb.1260328	Ulysses Watkins						This item represents a case in PACER, the U.S. Government's website for federal case data. If you wish to see the entire case, please consult PACER directly.	['usfederalcourts', 'USGovernmentDocuments', 'government-documents']
/works/OL35695219W	Ulysses	James Joyce	"title:""Ulysses"" AND mediatype:texts"	1636	gov.uscourts.ilnb.1419939	Ulysses V. Umanos, Sr.						This item represents a case in PACER, the U.S. Government's website for federal case data. If you wish to see the entire case, please consult PACER directly.	['usfederalcourts', 'USGovernmentDocuments', 'government-documents']
/works/OL35695219W	Ulysses	James Joyce	"title:""Ulysses"" AND mediatype:texts"	1636	DTIC_ADA307454	DTIC ADA307454: A Comparison of the Operational Leadership of General Ulysses S. Grant and General Robert E. Lee During the American Civil War.	Defense Technical Information Center	1996-02-12T00:00:00Z	1996.0		['DTIC Archive', 'Lynch, Daniel J.', 'NAVAL WAR COLL NEWPORT RI JOINT MILITARY OPERATIONS DEPT', '*LEADERSHIP', '*MILITARY COMMANDERS', '*GENERAL OFFICERS', 'COMMAND CONTROL COMMUNICATIONS', 'WARFARE', 'HISTORY', 'LOGISTICS', 'BACKGROUND', 'ARMY OPERATIONS.']	OPERATIONAL LEADERSHIP IS A DIFFICULT CONCEPT TO DEFINE. THIS PAPER DEVELOPS A MODEL FOR OPERATIONAL LEADERSHIP, WHICH LISTS FOUR MAJOR RESPONSIBILITIES OF OPERATIONAL LEADERS. AFTER PROVIDING AN HISTORICAL BACKGROUND, THIS PAPER THEN USES THAT MODEL TO COMPARE THE OPERATIONAL LEADERSHIP OF GENERAL ULYSSES S. GRANT AND GENERAL ROBERT E. LEE IN THE AMERICAN CIVIL WAR.	['dticarchive', 'usgovernmentmirrors', 'government-documents', 'fav-cantabindy']
/works/OL35695219W	Ulysses	James Joyce	"title:""Ulysses"" AND mediatype:texts"	1636	gov.uscourts.mdb.747695	Ulysses J McArthur						This item represents a case in PACER, the U.S. Government's website for federal case data. This information is uploaded quarterly. To see our most recent version please use the source url parameter, linked below. To see the canonical source for this data, please consult PACER directly.	['usfederalcourts', 'USGovernmentDocuments', 'government-documents']
/works/OL35695219W	Ulysses	James Joyce	"title:""Ulysses"" AND mediatype:texts"	1636	gov.uscourts.kyeb.263781	Ulysses Daniels and Kelly Daniels						This item represents a case in PACER, the U.S. Government's website for federal case data. This information is uploaded quarterly. To see our most recent version please use the source url parameter, linked below. To see the canonical source for this data, please consult PACER directly.	['usfederalcourts', 'USGovernmentDocuments', 'government-documents']
/works/OL35695219W	Ulysses	James Joyce	"title:""Ulysses"" AND mediatype:texts"	1636	in.ernet.dli.2015.176689	Ulysses S. Grant His Life And Character	Hamlin Garland	1920-01-01T00:00:00Z	1920.0		State	Book Source: Digital Library of India Item 2015.176689 dc.contributor.author: Hamlin Garland dc.contributor.other: State Central Library, Hyderabad. dc.date.accessioned: 2015-07-07T04:57:06Z dc.date.available: 2015-07-07T04:57:06Z dc.date.digitalpublicationdate: 0000-00-00 dc.date.citation: 1920 dc.identifier.barcode: 2990110003215 dc.identifier.origpath: /data/upload/0003/217 dc.identifier.copyno: 1 dc.identifier.uri: http://www.new.dli.ernet.in/handle/2015/176689 dc.description.scanningcentre: State Central Library, Hyderabad dc.description.main: 1 dc.description.tagged: 0 dc.description.totalpages: 600 dc.format.mimetype: application/pdf dc.language.iso: English dc.publisher.digitalrepublisher: Bis/chief Librarian, Scl, Hyderabad. dc.publisher: The Macmillan Comapany, New York. dc.rights: Out_of_copyright dc.source.library: State Central Library, Hyderabad. dc.subject.classification: Literature dc.title: Ulysses S. Grant His Life And Character	['digitallibraryindia', 'JaiGyan', 'fav-usgrantcollectiveproject']
/works/OL35695219W	Ulysses	James Joyce	"title:""Ulysses"" AND mediatype:texts"	1636	ulyssesnotes00kopp	Ulysses : notes	Kopper, Edward A	1981-01-01T00:00:00Z	1981.0	Lincoln, Neb. : Cliffs Notes	Joyce, James, 1882-1941	Bibliography: p. 122-125	['internetarchivebooks', 'americana', 'inlibrary', 'printdisabled', 'fav-devangna8839', 'fav-dmurano', 'fav-dualc', 'fav-elyaqim', 'fav-ll1776', 'fav-mananon', 'fav-news4you', 'fav-yann_garcette', 'denverpubliclibrary-ol', 'spokanepubliclibrary-ol']
/works/OL35695219W	Ulysses	James Joyce	"title:""Ulysses"" AND mediatype:texts"	1636	wordindextojames0000hanl	Word index to James Joyce's Ulysses	Hanley, Miles Lawrence	1962-01-01T00:00:00Z	1962.0	Madison : University of Wisconsin Press	Joyce, James, 1882-1941. Ulysses	xxiii, 392 p. ; 28 cm	['trent_university', 'internetarchivebooks', 'inlibrary', 'printdisabled', 'fav-ana_lves', 'fav-arkadiusz_luba', 'fav-buckyogi', 'fav-chapalan', 'fav-dmurano', 'fav-haitao_ren', 'fav-kent_melville', 'fav-mananon', 'fav-professormarcusgarcia', 'fav-samuelo39', 'fav-yannick_plasschaert', 'fav-yszta', 'fav-zengzpi']
/works/OL35695219W	Ulysses	James Joyce	"title:""Ulysses"" AND mediatype:texts"	1636	papersofulyssess0009gran	The papers of Ulysses S. Grant	Grant, Ulysses S. (Ulysses Simpson), 1822-1885	1967-01-01T00:00:00Z	1967.0	Carbondale : Southern Illinois University Press	['Grant, Ulysses S. (Ulysses Simpson), 1822-1885 -- Manuscripts', 'Grant, Ulysses S. (Ulysses Simpson), 1822-1885', 'Grant, Ulysses S., 1822-1885', 'Presidents -- United States -- Manuscripts', 'Manuscripts, American', 'Présidents -- États-Unis -- Correspondance', '15.85 history of America', 'Military campaigns', 'Politics and government', 'Presidents', 'United States -- History -- Civil War, 1861-1865 -- Campaigns', 'United States -- Politics and government -- 1869-1877', 'États-Unis -- Histoire -- 1861-1865 (Guerre de Sécession) -- Campagnes et batailles', 'États-Unis -- Politique et gouvernement -- 1869-1877', 'United States']	['32 volumes : 26 cm', 'Prepared under the auspices of the Ulysses S. Grant Association', 'Vol. 32 edited by John F. Marszalek', 'Includes bibliographical references and indexes', 'V. 1. 1837-1861 -- v. 2. April-September 1861 -- v. 3. October 1, 1861-January 7, 1862 -- v. 4. January 8-March 31, 1862 -- v. 5. April 1-August 31, 1862 -- v. 6. September 1-December 8, 1862 -- v. 7. December 9, 1862-March 31, 1863 -- v. 8. April 1-July 6, 1863 -- v. 9. July 7-December 31, 1863 -- v. 10. January 1-May 31, 1864', 'V. 11. June 1-August 15, 1864 -- v. 12. August 16-November 15, 1864 -- v. 13. November 16, 1864-February 20, 1865 -- v. 14. February 21-April 30, 1865 -- v. 15. May 1-December 31, 1865 -- v. 16. 1866 -- v. 17. January 1-September 30, 1867 -- v. 18. October 1, 1867-June 30, 1868 -- v. 19. July 1, 1868-October 31, 1869 -- v. 20. November 1, 1869-October 31, 1870 -- v. 21. November 1, 1870-May 31, 1871 -- v. 22. June 1, 1871-January 31, 1872 -- v. 23. February 1-December 31, 1872 -- v. 24. 1873 -- v. 25. 1874 -- v. 26. 1875 -- v. 27. January 1-October 31, 1876 -- v. 28. November 1, 1876-September 30, 1878 -- v. 29. October 1, 1878-September 30, 1880 -- v. 30. October 1, 1880-December 31, 1882 -- v. 31. January 1, 1883-July 23, 1885']	['internetarchivebooks', 'inlibrary', 'printdisabled', 'fav-daniil_nikel', 'fav-l7777', 'fav-toddangel']
/works/OL35695219W	Ulysses	James Joyce	"title:""Ulysses"" AND mediatype:texts"	1636	gov.uscourts.mnb.454030	Ulysses Kevin Harris						This item represents a case in PACER, the U.S. Government's website for federal case data. This information is uploaded quarterly. To see our most recent version please use the source url parameter, linked below. To see the canonical source for this data, please consult PACER directly.	['usfederalcourts', 'USGovernmentDocuments', 'government-documents']
/works/OL35695219W	Ulysses	James Joyce	"title:""Ulysses"" AND mediatype:texts"	1636	lifeandpublicser00phelrich	Life and public services of General Ulysses S. Grant, from his boyhood to the present time. And a biographical sketch of Hon. Schuyler Colfax	Phelps, Charles A	1868-01-01T00:00:00Z	1868.0	Boston, Lee and Shepard	['Grant, Ulysses S. (Ulysses Simpson), 1822-1885', 'Colfax, Schuyler, 1823-1885']	"['xvi, 344 p. 20 cm', 'At head of title: ""People\'s edition.""', '""Biographical sketch of Schuyler Colfax"": p. 322-341']"	['cdl', 'americana']
/works/OL35695219W	Ulysses	James Joyce	"title:""Ulysses"" AND mediatype:texts"	1636	lifepublicse00phelps	Life and public services of Ulysses S. Grant, from his birth to the present time, and a biographical sketch of Hon. Henry Wilson	Phelps, Charles A. [from old catalog]	1872-01-01T00:00:00Z	1872.0	Boston, Lee and Shepard; New York, Lee, Shepard and Dillingham	['Grant, Ulysses S. (Ulysses Simpson), 1822-1885', 'Wilson, Henry, 1812-1875. [from old catalog]']	xv, [1], 371 p. 20 cm	['library_of_congress', 'americana', 'fav-oneninetyfivenationsrising']
/works/OL245401W	The Prisoner of Zenda	Anthony Hope	"title:""The Prisoner of Zenda"" AND mediatype:texts"	83	ThePrisonerOfZendaFZeDa	ترجمة قصة The Prisoner Of Zenda للصف الثالث الثانوى					ثانوية	ترجمة قصة الثانوية العامة	['booksbylanguage_arabic', 'booksbylanguage', 'fav-mahmoudfdondeti12']
/works/OL245401W	The Prisoner of Zenda	Anthony Hope	"title:""The Prisoner of Zenda"" AND mediatype:texts"	83	in.ernet.dli.2015.13203	The Prisoner Of Zenda	Anthony Hope	1917-01-01T00:00:00Z	1917.0		IIIT	Book Source: Digital Library of India Item 2015.13203 dc.contributor.author: Anthony Hope dc.date.accessioned: 2015-06-23T22:20:02Z dc.date.available: 2015-06-23T22:20:02Z dc.date.citation: 1917 dc.identifier.barcode: 5010010152997 dc.identifier.origpath: /data1/upload/0008/094 dc.identifier.copyno: 1 dc.identifier.uri: http://www.new.dli.ernet.in/handle/2015/13203 dc.description.scanningcentre: IIIT, Allahabad dc.description.main: 1 dc.description.tagged: 0 dc.description.totalpages: 126 dc.format.mimetype: application/pdf dc.language.iso: English dc.publisher.digitalrepublisher: IIIT, Allahabad dc.publisher: Oxford University Press dc.rights: Out_of_copyright dc.source.library: University Of Allahabad dc.subject.classification: Literature dc.title: The Prisoner Of Zenda	['digitallibraryindia', 'JaiGyan', 'fav-ramap', 'fav-salaheldin_mohamed']
/works/OL245401W	The Prisoner of Zenda	Anthony Hope	"title:""The Prisoner of Zenda"" AND mediatype:texts"	83	prisonerofzenda0000unse_u2m7	the Prisoner of Zenda		1966-01-01T00:00:00Z	1966.0				['internetarchivebooks', 'inlibrary', 'printdisabled']
/works/OL245401W	The Prisoner of Zenda	Anthony Hope	"title:""The Prisoner of Zenda"" AND mediatype:texts"	83	prisonerofzenda00hopeiala	The prisoner of Zenda : being the history of three months in the life of an English gentleman	Hope, Anthony, 1863-1933	1921-01-01T00:00:00Z	1921.0	New York : H. Holt and company		307 p., b ill., 20 cm	['cdl', 'americana']
/works/OL245401W	The Prisoner of Zenda	Anthony Hope	"title:""The Prisoner of Zenda"" AND mediatype:texts"	83	prisonerofzendab00hope_3	The prisoner of Zenda: being the history of three months in the life of an English gentleman	Hope, Anthony, 1863-1933			Toronto : Ryerson		['221 p', 'Gift; Mason, David;']	['thomasfishercanadiana', 'thomasfisher', 'toronto', 'university_of_toronto', 'fav-alyanne', 'fav-mary_bradley']
/works/OL245401W	The Prisoner of Zenda	Anthony Hope	"title:""The Prisoner of Zenda"" AND mediatype:texts"	83	prisonerofzenda0000anth_n0n1	The Prisoner of Zenda	Anthony Hope	1898-01-01T00:00:00Z	1898.0				['internetarchivebooks', 'fav-rudyk1211', 'fav-thew_']
/works/OL245401W	The Prisoner of Zenda	Anthony Hope	"title:""The Prisoner of Zenda"" AND mediatype:texts"	83	theprisonerofzen0000anth	the prisoner of zenda	anthony hope	1894-01-01T00:00:00Z	1894.0	puffin books			['internetarchivebooks', 'fav-jahanzeb_shah']
/works/OL245401W	The Prisoner of Zenda	Anthony Hope	"title:""The Prisoner of Zenda"" AND mediatype:texts"	83	prisonerofzendab0000anth	The Prisoner of Zenda: Beginner Level Extended Reads (Guided Reader)	['Anthony Hope', 'Stephen Colbourn']	1999-11-01T00:00:00Z	1999.0	Delta Systems			['internetarchivebooks', 'inlibrary', 'printdisabled']
/works/OL245401W	The Prisoner of Zenda	Anthony Hope	"title:""The Prisoner of Zenda"" AND mediatype:texts"	83	prisonerofzendaa0000anth	The Prisoner of Zenda,a Pyramid Classic	Anthony Hope	1961-01-01T00:00:00Z	1961.0	Pyramid Books			['internetarchivebooks', 'inlibrary', 'printdisabled']
/works/OL245401W	The Prisoner of Zenda	Anthony Hope	"title:""The Prisoner of Zenda"" AND mediatype:texts"	83	bwb_Y0-BMB-749	The Prisoner of Zenda	Anthony Hope	1968-01-01T00:00:00Z	1968.0				['internetarchivebooks', 'printdisabled', 'inlibrary']
/works/OL245401W	The Prisoner of Zenda	Anthony Hope	"title:""The Prisoner of Zenda"" AND mediatype:texts"	83	prisonerofzenda0000hope_o2o4	The prisoner of Zenda	Hope, Anthony, 1863-1933	1994-01-01T00:00:00Z	1994.0	London : Puffin	['Adventure stories', 'English fiction']	['234 pages ; 20 cm', 'Originally published: Bristol: Arrowsmith, 1894']	['internetarchivebooks', 'inlibrary', 'printdisabled', 'fav-kendall_bellors']
/works/OL245401W	The Prisoner of Zenda	Anthony Hope	"title:""The Prisoner of Zenda"" AND mediatype:texts"	83	prisonerofzendab0000hope	The prisoner of Zenda : being the history of three months in the life of an English gentleman	Hope, Anthony, 1863-1933	1982-01-01T00:00:00Z	1982.0	New York : Buccaneer Books	['British', 'Impostors and imposture', 'British -- Foreign countries -- Fiction', 'Impostors and imposture -- Fiction', 'British -- Foreign countries']	['Rudolf Rossendyll falls in love with Princess Flavia on his perilous mission to release the King of Zenda from his captors', '182 pages : 23 cm']	['internetarchivebooks', 'inlibrary', 'printdisabled']
/works/OL245401W	The Prisoner of Zenda	Anthony Hope	"title:""The Prisoner of Zenda"" AND mediatype:texts"	83	prisonerofzenda0000unse_q4y1	the prisoner of zenda	Anthony Hope	1921-01-01T00:00:00Z	1921.0				['internetarchivebooks']
/works/OL245401W	The Prisoner of Zenda	Anthony Hope	"title:""The Prisoner of Zenda"" AND mediatype:texts"	83	bwb_KS-479-532	The Prisoner of Zenda	Anthony Hope	2017-11-01T00:00:00Z	2017.0	CreateSpace Independent Publishing Platform			['internetarchivebooks', 'inlibrary', 'printdisabled']
/works/OL245401W	The Prisoner of Zenda	Anthony Hope	"title:""The Prisoner of Zenda"" AND mediatype:texts"	83	prisonerofzenda0000anth_o7l3	The Prisoner of Zenda	Anthony Hope	1943-01-01T00:00:00Z	1943.0	Arrowsmith			['internetarchivebooks', 'printdisabled', 'inlibrary']
/works/OL245401W	The Prisoner of Zenda	Anthony Hope	"title:""The Prisoner of Zenda"" AND mediatype:texts"	83	prisonerzendabe00hopegoog	The Prisoner of Zenda: Being the History of Three Months in the Life of an English Gentleman	Anthony Hope	1898-01-01T00:00:00Z	1898.0	Grosset & Dunlap		Book digitized by Google from the library of the New York Public Library and uploaded to the Internet Archive by user tpb.	['americana', 'fav-enemybrothers']
/works/OL245401W	The Prisoner of Zenda	Anthony Hope	"title:""The Prisoner of Zenda"" AND mediatype:texts"	83	isbn_9789350091838	The prisoner of Zenda; being the history of three months in the life of an English gentleman	Hope, Anthony, 1863-1933	1922-01-01T00:00:00Z	1922.0	New York, Grosset & Dunlap		v, 307 p. 20 cm	['internetarchivebooks']
/works/OL245401W	The Prisoner of Zenda	Anthony Hope	"title:""The Prisoner of Zenda"" AND mediatype:texts"	83	bwb_S0-EKV-713	THE PRISONER OF ZENDA	ANTHONY HOPE	1898-01-01T00:00:00Z	1898.0				['internetarchivebooks', 'fav-bryan_c', 'fav-tman10']
/works/OL245401W	The Prisoner of Zenda	Anthony Hope	"title:""The Prisoner of Zenda"" AND mediatype:texts"	83	bwb_KV-475-821	The Prisoner of Zenda	Anthony Hope	1950-01-01T00:00:00Z	1950.0	J. M. Dent & Sons Ltd.			['internetarchivebooks', 'printdisabled', 'inlibrary']
/works/OL245401W	The Prisoner of Zenda	Anthony Hope	"title:""The Prisoner of Zenda"" AND mediatype:texts"	83	prisonerofzenda0000anth_e6g6	The Prisoner of Zenda	Anthony Hope	1894-01-01T00:00:00Z	1894.0	Grosset & Dunlap, Publishers			['internetarchivebooks']
/works/OL245401W	The Prisoner of Zenda	Anthony Hope	"title:""The Prisoner of Zenda"" AND mediatype:texts"	83	prisonerofzendab0000hope_e0k4	The prisoner of Zenda : being the history of three months in the life of an English gentleman	Hope, Anthony, 1863-1933	1990-01-01T00:00:00Z	1990.0	[London] : Fabbri	English gentleman	['190 pages ; 22 cm', 'Originally published by Arrowsmith', 'Beginning the history of three months in the life of an English Gentleman']	['internetarchivebooks', 'inlibrary', 'printdisabled']
/works/OL245401W	The Prisoner of Zenda	Anthony Hope	"title:""The Prisoner of Zenda"" AND mediatype:texts"	83	zengdadeqiutupri0000mowa	Zengda de qiu tu = The prisoner of Zenda	Mowat, Diane	1998-01-01T00:00:00Z	1998.0	Beijing : Wai yu jiao xue yu yan jiu chu ban she : Niujin da xue chu ban she	['Readers', 'Prisoners -- Fiction', 'Anglais (Langue) -- Lectures et morceaux choisis', 'Prisonniers -- Romans, nouvelles, etc', 'Prisoners']	102 pages ; 20 cm	['popularchinesebooks', 'internetarchivebooks', 'inlibrary', 'printdisabled']
/works/OL245401W	The Prisoner of Zenda	Anthony Hope	"title:""The Prisoner of Zenda"" AND mediatype:texts"	83	bwb_T5-AFQ-054	The Prisoner of Zenda	Anthony Hope	1968-01-01T00:00:00Z	1968.0	Lancer Books			['internetarchivebooks', 'printdisabled', 'inlibrary']
/works/OL245401W	The Prisoner of Zenda	Anthony Hope	"title:""The Prisoner of Zenda"" AND mediatype:texts"	83	isbn_9781456314910	The prisoner of zenda	Anthony Hope	2018-01-01T00:00:00Z	2018.0	CreateSpace Independent Publishing Platform			['internetarchivebooks', 'printdisabled']
/works/OL245401W	The Prisoner of Zenda	Anthony Hope	"title:""The Prisoner of Zenda"" AND mediatype:texts"	83	prisonerofzenda0000anth_x6m3	The Prisoner of Zenda	Anthony Hope	1948-01-01T00:00:00Z	1948.0	Arrowsmith			['internetarchivebooks', 'printdisabled', 'inlibrary', 'fav-tman10']
/works/OL245401W	The Prisoner of Zenda	Anthony Hope	"title:""The Prisoner of Zenda"" AND mediatype:texts"	83	bwb_Y0-ARQ-609	The prisoner of Zenda : being the history of three months in the life of an English gentleman ; Rupert of Hentzau : being the sequel	Anthony Hope	2008-01-01T00:00:00Z	2008.0	Pleasantville, N.Y. : Reader's Digest Association			['printdisabled', 'pub_worlds-best-reading', 'internetarchivebooks', 'periodicals', 'inlibrary']
/works/OL245401W	The Prisoner of Zenda	Anthony Hope	"title:""The Prisoner of Zenda"" AND mediatype:texts"	83	ThePrisonerOfZendaArabic	The Prisoner Of Zenda Arabic					rfr	rfrf	['opensource', 'community']
/works/OL245401W	The Prisoner of Zenda	Anthony Hope	"title:""The Prisoner of Zenda"" AND mediatype:texts"	83	tarzanofapes00burr_0	Tarzan of the Apes and the Prisoner of Zenda	['Edgar Rice Burroughs', 'Anthony Hope']	2006-01-01T00:00:00Z	2006.0	Signet Classics			['internetarchivebooks', 'delawarecountydistrictlibrary', 'americana', 'printdisabled', 'fav-certainty', 'fav-folhas_do_outono', 'fav-g_nesis_barrera', 'fav-isaiah_herrero', 'library_of_atlantis']
/works/OL245401W	The Prisoner of Zenda	Anthony Hope	"title:""The Prisoner of Zenda"" AND mediatype:texts"	83	prisonerofzenda10000anth	The Prisoner of Zenda 1968	ANTHONY HOPE	1968-01-01T00:00:00Z	1968.0	n/a			['internetarchivebooks', 'inlibrary', 'printdisabled']
/works/OL245401W	The Prisoner of Zenda	Anthony Hope	"title:""The Prisoner of Zenda"" AND mediatype:texts"	83	prisonerzendabe01hopegoog	The Prisoner of Zenda: Being the History of Three Months in the Life of an ...	Anthony Hope	1899-01-01T00:00:00Z	1899.0	The American newscompany		Book digitized by Google from the library of Harvard University and uploaded to the Internet Archive by user tpb.	['americana']
/works/OL245401W	The Prisoner of Zenda	Anthony Hope	"title:""The Prisoner of Zenda"" AND mediatype:texts"	83	prisonerofzenda0000anth	the prisoner of zenda	anthony hope	1945-01-01T00:00:00Z	1945.0	Arrowsmith			['internetarchivebooks', 'inlibrary', 'printdisabled', 'fav-hory_kah_jel', 'fav-jene4']
/works/OL245401W	The Prisoner of Zenda	Anthony Hope	"title:""The Prisoner of Zenda"" AND mediatype:texts"	83	elprisionerodeze0000hope	el prisionero de zenda/ the prisoner of zenda	HOPE, ANTHONY	2017-01-01T00:00:00Z	2017.0	[Place of publication not identified] : DEBOLSILLO		1 online resource	['internetarchivebooks', 'inlibrary', 'printdisabled', 'fav-g_nesis_barrera']
/works/OL245401W	The Prisoner of Zenda	Anthony Hope	"title:""The Prisoner of Zenda"" AND mediatype:texts"	83	prisonerofzenda00hope	The prisoner of Zenda	['Hope, Anthony, 1863-1933', 'Davis, Robert Gorham']	1961-01-01T00:00:00Z	1961.0	New York : Pyramid Books	['British', 'Impostors and imposture', 'English fiction']	['xxviii, 177 p. ; 19 cm', 'Includes bibliographical references (p. [174-177)']	['internetarchivebooks', 'inlibrary', 'printdisabled', 'fav-anqi_xu232', 'fav-arandomname', 'fav-electronic_dan', 'fav-essie_yesterday', 'fav-mimmimus', 'fav-mirizzi', 'rochester-ol', 'universityofcoloradoboulder-ol']
/works/OL245401W	The Prisoner of Zenda	Anthony Hope	"title:""The Prisoner of Zenda"" AND mediatype:texts"	83	prisonerofzendab0000anth_w5p6	THE PRISONER OF ZENDA Being the History of Three Months in the Life of an English Gentleman	Anthony Hope	1962-01-01T00:00:00Z	1962.0	J. M. Dent			['internetarchivebooks', 'inlibrary', 'printdisabled']
/works/OL245401W	The Prisoner of Zenda	Anthony Hope	"title:""The Prisoner of Zenda"" AND mediatype:texts"	83	theprisonerofzen00095gut	The Prisoner of Zenda	Hope, Anthony, 1863-1933					Book from Project Gutenberg: The Prisoner of Zenda Library of Congress Classification: PR	['gutenberg', 'fav-nvitola']
/works/OL245401W	The Prisoner of Zenda	Anthony Hope	"title:""The Prisoner of Zenda"" AND mediatype:texts"	83	ruperthentzaufr01hopegoog	"Rupert of Hentzau: From the Memoirs of Fritz Von Tarlenheim, Sequel to the ""Prisoner of Zenda."""	Anthony. Hope	1898-01-01T00:00:00Z	1898.0	Grosset & Dunlap		Book digitized by Google from the library of the New York Public Library and uploaded to the Internet Archive by user tpb.	['americana']
/works/OL245401W	The Prisoner of Zenda	Anthony Hope	"title:""The Prisoner of Zenda"" AND mediatype:texts"	83	prisonerofzendab0000hope_u4o6	The prisoner of Zenda : being the history of three months in the life of an English gentleman ; Rupert of Hentzau : being the sequel	Hope, Anthony, 1863-1933	1999-01-01T00:00:00Z	1999.0	New York : Penguin Books	['British -- Foreign countries -- Fiction', 'Impostors and imposture -- Fiction', 'Adventure stories, English', 'British -- Foreign countries', 'Impostors and imposture']	['xxvi, 372 pages ; 20 cm', 'Includes bibliographical references (pages xxv-xxvi)']	['internetarchivebooks', 'printdisabled', 'fav-ana_lves', 'fav-eigaguy', 'belmont-ol']
/works/OL245401W	The Prisoner of Zenda	Anthony Hope	"title:""The Prisoner of Zenda"" AND mediatype:texts"	83	rupertofhentzaub00hope	"Rupert of Hentzau; being the sequel to a story by the same writer entitled ""The prisoner of Zenda,"""	Hope, Anthony, 1863-1933	1902-01-01T00:00:00Z	1902.0	New York, D. Appleton and company		v, 382 p. 22 cm	['library_of_congress', 'americana']
/works/OL245401W	The Prisoner of Zenda	Anthony Hope	"title:""The Prisoner of Zenda"" AND mediatype:texts"	83	prisonerofzenda0000unse_y5o8	The prisoner of zenda	Anthony Hope	1974-01-01T00:00:00Z	1974.0				['internetarchivebooks', 'printdisabled', 'inlibrary']
/works/OL245401W	The Prisoner of Zenda	Anthony Hope	"title:""The Prisoner of Zenda"" AND mediatype:texts"	83	prisonerzenda00unkngoog	The Prisoner of Zenda						Book digitized by Google and uploaded to the Internet Archive by user tpb.	['americana', 'fav-ber_ger', 'fav-mischievousmy', 'fav-mmlbb']
/works/OL245401W	The Prisoner of Zenda	Anthony Hope	"title:""The Prisoner of Zenda"" AND mediatype:texts"	83	ThePrisonerOfZenda_201707	The Prisoner Of Zenda					['story', 'learn english']	story the prisoner of zenda	['opensource', 'community']
/works/OL245401W	The Prisoner of Zenda	Anthony Hope	"title:""The Prisoner of Zenda"" AND mediatype:texts"	83	bwb_KU-125-879	the prisoner of zenda	anthony hope	1994-01-01T00:00:00Z	1994.0	penguin books ltd			['internetarchivebooks', 'printdisabled', 'inlibrary', 'fav-hemrique']
/works/OL245401W	The Prisoner of Zenda	Anthony Hope	"title:""The Prisoner of Zenda"" AND mediatype:texts"	83	the-prisoner-of-zenda-2011-anthony-hope	The Prisoner Of Zenda (2011) - Anthony Hope	Anthony Hope	2011-01-01T00:00:00Z	2011.0		['The Prisoner Of Zenda', 'Anthony Hope']	The Prisoner Of Zenda (2011) - Anthony Hope	['opensource', 'fav-lordelton933']
/works/OL245401W	The Prisoner of Zenda	Anthony Hope	"title:""The Prisoner of Zenda"" AND mediatype:texts"	83	prisonerofzenda0000hope_i4w2	The prisoner of Zenda	Hope, Anthony, 1863-1933	1984-01-01T00:00:00Z	1984.0	London : Dent	Fiction in English, 1837-1900 - Texts	xiii, 137 pages ; 20 cm	['internetarchivebooks', 'inlibrary', 'printdisabled']
/works/OL245401W	The Prisoner of Zenda	Anthony Hope	"title:""The Prisoner of Zenda"" AND mediatype:texts"	83	prisonerofzenda0000unse_e4c0	The Prisoner of Zenda		1921-01-01T00:00:00Z	1921.0				['internetarchivebooks', 'fav-1etincelle', 'fav-arwa_ihab', 'fav-sahip_hakki']
/works/OL245401W	The Prisoner of Zenda	Anthony Hope	"title:""The Prisoner of Zenda"" AND mediatype:texts"	83	bwb_Y0-CHB-410	The Prisoner of Zenda	Anthoy Hope	1921-01-01T00:00:00Z	1921.0	Grosset & Dunlap, Publishers			['internetarchivebooks']
/works/OL245401W	The Prisoner of Zenda	Anthony Hope	"title:""The Prisoner of Zenda"" AND mediatype:texts"	83	bwb_KL-448-891	the prisoner of zenda	anthony hope	1945-01-01T00:00:00Z	1945.0	arrowsmith			['internetarchivebooks', 'inlibrary', 'printdisabled']
/works/OL245401W	The Prisoner of Zenda	Anthony Hope	"title:""The Prisoner of Zenda"" AND mediatype:texts"	83	dli.ministry.19053	The prisoner of zenda : Being the history of three months in the life of an English gentleman	Hope, Anthony	1938-01-01T00:00:00Z	1938.0	J W Arrow Smith, Great Britain	['Language:Linguistics', 'Literature', 'MinistryOfCulture']		['digitallibraryindia', 'JaiGyan']
/works/OL245401W	The Prisoner of Zenda	Anthony Hope	"title:""The Prisoner of Zenda"" AND mediatype:texts"	83	notreallyprisone00rose	Not really the prisoner of Zenda	Joel Rosenberg	2003-01-01T00:00:00Z	2003.0	Tor			['internetarchivebooks', 'inlibrary', 'printdisabled', 'fav-libbyvitae', 'universityofcoloradoboulder-ol']
/works/OL245401W	The Prisoner of Zenda	Anthony Hope	"title:""The Prisoner of Zenda"" AND mediatype:texts"	83	hope_anthony_1863_1933_prisoner_of_zenda	The Prisoner of Zenda	Hope, Anthony, 1863-1933	1899-01-01T00:00:00Z	1899.0	The American News Company, New York	['Novel', 'Fiction', 'Ruritania']	Novel	['opensource']
/works/OL245401W	The Prisoner of Zenda	Anthony Hope	"title:""The Prisoner of Zenda"" AND mediatype:texts"	83	isbn_9781514879412	The Prisoner of Zenda: Illustrated	Anthony Hope	2015-07-08T00:00:00Z	2015.0	CreateSpace Independent Publishing Platform			['internetarchivebooks', 'inlibrary', 'printdisabled']
/works/OL245401W	The Prisoner of Zenda	Anthony Hope	"title:""The Prisoner of Zenda"" AND mediatype:texts"	83	prisonerofzenda00hope_0	The prisoner of Zenda	Hope, Anthony, 1863-1933.	1921-01-01T00:00:00Z	1921.0	Grosset & Dunlap			['oliverwendellholmeslibrary', 'phillipsacademy', 'americana', 'fav-anqi_xu232', 'fav-cm75', 'fav-firstcaucasoid', 'fav-themightyseptopus']
/works/OL245401W	The Prisoner of Zenda	Anthony Hope	"title:""The Prisoner of Zenda"" AND mediatype:texts"	83	prisonerofzendab00hopeiala	The prisoner of Zenda : being the history of three months in the life of an English gentleman	Hope, Anthony, 1863-1933	1898-01-01T00:00:00Z	1898.0	New York : Henry Holt		vii, 307 p. :	['cdl', 'americana']
/works/OL245401W	The Prisoner of Zenda	Anthony Hope	"title:""The Prisoner of Zenda"" AND mediatype:texts"	83	prisonerofzend0000anth	THE PRISONER OF ZENDA	ANTHONY HOPE	1898-01-01T00:00:00Z	1898.0				['internetarchivebooks', 'fav-supercalifra']
/works/OL245401W	The Prisoner of Zenda	Anthony Hope	"title:""The Prisoner of Zenda"" AND mediatype:texts"	83	prisonerofzenda0000hope_d6j6	The prisoner of Zenda	Hope, Anthony, 1863-1933	2007-01-01T00:00:00Z	2007.0	New York, N.Y. : Penguin Books	['British -- Travel -- Foreign countries -- Fiction', 'Adventure stories', 'Impostors and imposture -- Fiction', 'Impostors and imposture', 'Great Britain -- Fiction']	"['199 pages ; 18 cm', 'With his distinctive red hair and sharp nose, Rudolf Rassendyll, a young Englishman, shares a striking resemblance with the Ruritanian royal family. A burning curiosity draws him to Ruritania to see the coronation of the new King, his distant cousin. But when the King is captured by his treacherous brother on the eve of his coronation, only Rudolf can save him', '""Published as a Penguin Red Classic in 2007""--Title page verso']"	['internetarchivebooks', 'printdisabled', 'inlibrary']
/works/OL245401W	The Prisoner of Zenda	Anthony Hope	"title:""The Prisoner of Zenda"" AND mediatype:texts"	83	MarvelClassicsComics29ThePrisonerOfZenda	Marvel Classics Comics #29 The Prisoner Of Zenda 11 1977					['komiks', 'marvel comics', 'futurama 1964', '1977']	v=MdoKsW6-r-M	['comics_inbox', 'comics', 'folkscanomy', 'fav-a_whale_from_hell', 'fav-apolloshleed', 'fav-chet_ubetcha', 'fav-combattlerv', 'fav-davidszo', 'fav-duraid_73', 'fav-erikbartok', 'fav-francisco_xavier_paredes_diaz', 'fav-gormley', 'fav-jelopy93', 'fav-jfm3470', 'fav-jorge_valero', 'fav-jtellado1988', 'fav-m0niquita', 'fav-marcelolira', 'fav-mark1st', 'fav-maruchan', 'fav-mattheww_', 'fav-mistera2001', 'fav-platformaster43', 'fav-rlunger92', 'fav-sahip_hakki', 'fav-segaboii', 'fav-swbraden', 'fav-takerises', 'fav-taramodernartist', 'fav-thegreenflyingkiwi', 'fav-tigercouch345', 'fav-tracy_rowell_iii']
/works/OL245401W	The Prisoner of Zenda	Anthony Hope	"title:""The Prisoner of Zenda"" AND mediatype:texts"	83	bwb_C0-ARO-970	The Prisoner Of Zenda	Anthony Hope	1968-01-01T00:00:00Z	1968.0	Magnum Wasy Eye Books			['internetarchivebooks', 'printdisabled', 'inlibrary']
/works/OL245401W	The Prisoner of Zenda	Anthony Hope	"title:""The Prisoner of Zenda"" AND mediatype:texts"	83	bwb_KV-420-504	The prisoner of zenda	Anthony Hope	1924-11-01T00:00:00Z	1924.0				['internetarchivebooks']
/works/OL245401W	The Prisoner of Zenda	Anthony Hope	"title:""The Prisoner of Zenda"" AND mediatype:texts"	83	prisonerofzendab0000hope_q0q0	The prisoner of Zenda; being the history of three months in the life of an English gentleman	Hope, Anthony, 1863-1933	1898-01-01T00:00:00Z	1898.0	New York, H. Holt and Company	Adventure stories	['vii, 307 pages including frontispiece 19 cm', 'Rudolf Rossencyll falls in love with Princess Flavia on his perilous mission to release the king of Zenda from his captors']	['marygrovecollege', 'internetarchivebooks', 'americana', 'fav-aru13']
/works/OL245401W	The Prisoner of Zenda	Anthony Hope	"title:""The Prisoner of Zenda"" AND mediatype:texts"	83	prisonerofzendab00hope_0	The prisoner of Zenda : being the history of three months in the life of an English gentleman	Hope, Anthony, 1863-1933	1962-01-01T00:00:00Z	1962.0	New York, Collier Books		Sequel: Rupert of Hentzau	['internetarchivebooks', 'inlibrary', 'printdisabled', 'fav-lordelton933', 'fav-urijenny']
/works/OL245401W	The Prisoner of Zenda	Anthony Hope	"title:""The Prisoner of Zenda"" AND mediatype:texts"	83	prisonerofzendah0000anth	The Prisoner of Zenda (Heritage Press Edition)	Anthony Hope	1966-01-01T00:00:00Z	1966.0	Heritage Press			['internetarchivebooks', 'printdisabled', 'inlibrary']
/works/OL245401W	The Prisoner of Zenda	Anthony Hope	"title:""The Prisoner of Zenda"" AND mediatype:texts"	83	bwb_KV-423-572	the prisoner of zenda	anthony hope	1926-01-01T00:00:00Z	1926.0	george g. harrap & co. ltd.			['internetarchivebooks', 'fav-tman10']
/works/OL245401W	The Prisoner of Zenda	Anthony Hope	"title:""The Prisoner of Zenda"" AND mediatype:texts"	83	bwb_C0-BPL-582	the prisoner of zenda	anthony hope	1960-01-01T00:00:00Z	1960.0				['internetarchivebooks', 'printdisabled', 'inlibrary']
/works/OL245401W	The Prisoner of Zenda	Anthony Hope	"title:""The Prisoner of Zenda"" AND mediatype:texts"	83	onwaytofreedomaw0000geor	The prisoner of Zenda : being the history of three months in the life of an English gentleman	Hope, Anthony, 1863-1933	1990-01-01T00:00:00Z	1990.0	[London] : Fabbri ;		['190 p. ; 22 cm', 'First published by Arrowsmith']	['printdisabled', 'internetarchivebooks', 'fav-agent-lisa']
/works/OL245401W	The Prisoner of Zenda	Anthony Hope	"title:""The Prisoner of Zenda"" AND mediatype:texts"	83	rupertofhentzau0000unse	Rupert of Hentzau : being a sequel to a story by the same writer, entitled The prisoner of Zenda	Hope, Anthony, pseud. van Anthony Hope Hawkins	1946-01-01T00:00:00Z	1946.0	Bristol		.. p. ; 8°	['internetarchivebooks', 'inlibrary', 'printdisabled']
/works/OL245401W	The Prisoner of Zenda	Anthony Hope	"title:""The Prisoner of Zenda"" AND mediatype:texts"	83	prisonerofzendab1898hope	The prisoner of Zenda : being the history of three months in the life of an English gentleman	Hope, Anthony, 1863-1933	1898-01-01T00:00:00Z	1898.0	New York : H. Holt		1	['brigham_young_university', 'americana']
/works/OL245401W	The Prisoner of Zenda	Anthony Hope	"title:""The Prisoner of Zenda"" AND mediatype:texts"	83	prisonerofzenda0000anth_n9a8_b0p9	The Prisoner Of Zenda	Anthony Hope	1937-01-01T00:00:00Z	1937.0				['internetarchivebooks', 'printdisabled', 'inlibrary']
/works/OL245401W	The Prisoner of Zenda	Anthony Hope	"title:""The Prisoner of Zenda"" AND mediatype:texts"	83	prisonerofzendab00hope_2	The prisoner of Zenda; being the history of three months in the life of an English gentlemen	Hope, Anthony, 1863-1933	1929-01-01T00:00:00Z	1929.0	London, Harrap	English	43	['ualberta_historical_school', 'ualbertawiedrick', 'toronto', 'university_of_alberta_libraries', 'fav-aru13', 'fav-oshins11', 'fav-peasinapod', 'fav-rach_el_']
/works/OL245401W	The Prisoner of Zenda	Anthony Hope	"title:""The Prisoner of Zenda"" AND mediatype:texts"	83	prisonerofzendab0000hope_o7o8	The prisoner of Zenda : being the history of three months in the life of an English gentleman	Hope, Anthony	1962-01-01T00:00:00Z	1962.0	London : Dent		182 p. :	['trent_university', 'internetarchivebooks', 'inlibrary', 'printdisabled', 'fav-joy5433']
/works/OL245401W	The Prisoner of Zenda	Anthony Hope	"title:""The Prisoner of Zenda"" AND mediatype:texts"	83	prisonerofzendab00hope	The prisoner of Zenda; being the history of three months in the life of an English gentleman	Hope, Anthony, 1863-1933	1894-01-01T00:00:00Z	1894.0	New York, H. Holt and Company		iv, 266 p. 16 x 9 cm	['bpljordanresearch', 'bostonpubliclibrary', 'americana', 'fav-abhik111', 'fav-bahaafayek', 'fav-celevstial', 'fav-f_f391', 'fav-fcrozier', 'fav-gaylalynn', 'fav-isagroovyday', 'fav-jahanzeb_shah', 'fav-javiesdane', 'fav-ma_ella_macabenta', 'fav-silahdar', 'fav-silverthorn107', 'fav-sir_lazarus_of_faerghus', 'fav-tomtok']
/works/OL245401W	The Prisoner of Zenda	Anthony Hope	"title:""The Prisoner of Zenda"" AND mediatype:texts"	83	prisonerofzendab00hope_1	The prisoner of Zenda: being the history of three months in the life of an English gentleman	Hope, Anthony, 1863-1933	1909-01-01T00:00:00Z	1909.0	New York, H. Holt and compamy		v, 307 p. 20 cm	['library_of_congress', 'americana']
/works/OL245401W	The Prisoner of Zenda	Anthony Hope	"title:""The Prisoner of Zenda"" AND mediatype:texts"	83	prisonerofzendaa0000colb	The prisoner of Zenda, Anthony Hope	Colbourn, Stephen	2002-01-01T00:00:00Z	2002.0	Oxford : Macmillan	['English language -- Readers (Adult)', 'English language -- Study and teaching -- Foreign speakers', 'Anglais (Langue) -- Étude et enseignement -- Allophones', 'English language']	['63 pages : 20 cm', 'Originally published: 1998']	['internetarchivebooks', 'inlibrary', 'printdisabled', 'fav-abubakr_ramadhan', 'fav-user73470', 'fav-wtsang', 'fav-yangcock']
/works/OL245401W	The Prisoner of Zenda	Anthony Hope	"title:""The Prisoner of Zenda"" AND mediatype:texts"	83	prisonerofzenda0000hope	The prisoner of Zenda	Hope, Anthony, 1863-1933	1994-01-01T00:00:00Z	1994.0	London : Everyman	['Upper class -- Europe -- Fiction', 'Attempted murder -- Europe -- Fiction', 'Treason -- Europe -- Fiction', 'Attempted murder', 'Treason', 'Upper class', 'Europe']	xxxvii, 152 pages ; 20 cm	['internetarchivebooks', 'inlibrary', 'printdisabled', 'fav-babablacksheep', 'fav-eigaguy', 'fav-hemrique', 'fav-houseofbeck', 'fav-lerubeniste']
/works/OL245401W	The Prisoner of Zenda	Anthony Hope	"title:""The Prisoner of Zenda"" AND mediatype:texts"	83	prisonerofzenda0000wear	The prisoner of Zenda	Wear, George F., author	1999-01-01T00:00:00Z	1999.0	Harlow : Pearson Education	['Treason -- Europe -- Fiction', 'Impersonation -- Fiction', 'Readers (Secondary)', 'Readers for new literates', 'Reading comprehension', 'High interest-low vocabulary books', 'English language -- Textbooks for foreign speakers', 'Treason', 'Impersonation', 'English language', 'Europe']	['vii, 82 pages ; 20 cm', 'Rudolf Rassendyll is a daring young man, always looking for adventure. He visits Ruritania to see the crowning of the new king. The two men are surprised to find that they look exactly the same! But soon Rudolf is involved in a dangerous game of pretence; he plays the part of the king while the real king is held prisoner in the Castle of Zenda. From p. 4 of cover', 'Originally published: 1996', 'The Rassendylls -- A merry evening with a new relation -- The king keeps his apppointment -- The secret of the cellar -- A fair cousin and a dark brother -- A new use for a tea table -- A question of honour -- Setting a trap -- The path to heaven -- A dangerous plan -- Rupert and Michael -- Face to face in the forest -- If love were all!']	['internetarchivebooks', 'inlibrary', 'printdisabled', 'fav-cinlettre', 'fav-david_b553', 'fav-ilem', 'fav-user73470']
/works/OL245401W	The Prisoner of Zenda	Anthony Hope	"title:""The Prisoner of Zenda"" AND mediatype:texts"	83	prisonerofzenda0000hope_k9c8	The prisoner of Zenda	Hope, Anthony, 1863-1933	2003-01-01T00:00:00Z	2003.0	Long Preston, North Yorkshire, Engl. : Dales Large Print Books	['Treason -- Europe -- Fiction', 'Impersonation -- Fiction', 'Large type books', 'Impersonation', 'Treason', 'Europe']	['251 pages (large print) ; 22 cm', 'Whether I had slept a minute or a year I knew not. I awoke with a start and a shiver; my face, hair and clothes dripped water, and opposite me stood old Sapt, a sneering smile on his face and an empty bucket in his hand. On the table by him sat Fritz von Tarlenheim, pale as a ghost and black as a crow under the eyes']	['internetarchivebooks', 'inlibrary', 'printdisabled']
/works/OL245401W	The Prisoner of Zenda	Anthony Hope	"title:""The Prisoner of Zenda"" AND mediatype:texts"	83	isbn_9781854712172	the prisoner of zenda	anthony hope	1994-01-01T00:00:00Z	1994.0	Bloomsbury Books			['internetarchivebooks', 'inlibrary', 'printdisabled']
/works/OL245401W	The Prisoner of Zenda	Anthony Hope	"title:""The Prisoner of Zenda"" AND mediatype:texts"	83	prisonerofzenda0000hope_o7p4	The Prisoner of Zenda	Hope, Anthony	1958-01-01T00:00:00Z	1958.0	London, J. M. Dent and Sons LTD			['internetarchivebooks', 'inlibrary', 'printdisabled', 'fav-celevstial', 'fav-lapostol']
/works/OL245401W	The Prisoner of Zenda	Anthony Hope	"title:""The Prisoner of Zenda"" AND mediatype:texts"	83	prisonerofzenda0000hope_m0r9	The prisoner of Zenda	Hope, Anthony, 1863-1933	1986-01-01T00:00:00Z	1986.0	Mahwah, NJ : Watermill Press	['English fiction', 'Roman anglais']	['193 pages ; 18 cm', 'Bored with his easy life, a handsome young Englishman leaves for a European holiday. But what begins as a pleasant vacation soon turns into the adventure of a lifetime']	['internetarchivebooks', 'printdisabled', 'inlibrary']
/works/OL245401W	The Prisoner of Zenda	Anthony Hope	"title:""The Prisoner of Zenda"" AND mediatype:texts"	83	prisonerofzenda0000mowa	The prisoner of Zenda	Mowat, Diane	2000-01-01T00:00:00Z	2000.0	Oxford : Oxford University Press	Readers	72 pages : 20 cm	['internetarchivebooks', 'inlibrary', 'printdisabled', 'fav-nutzboi']
/works/OL245401W	The Prisoner of Zenda	Anthony Hope	"title:""The Prisoner of Zenda"" AND mediatype:texts"	83	prisonerofzenda0000anth_g0a2	The prisoner of Zenda : being the history of three months in the life of an English gentleman	Hope, Anthony, 1863-1933	1968-01-01T00:00:00Z	1968.0	London : J.M. Dent ; New York : E.P. Dutton		190 pages ; 19 cm	['internetarchivebooks', 'printdisabled', 'fav-anqi_xu232']
/works/OL41540816W	Robert Elsmere	Mrs. Humphry Ward	"title:""Robert Elsmere"" AND mediatype:texts"	34	robertelsmere01wardgoog	Robert Elsmere	Ward, Humphry (Mary Augusta Arnold), Mrs, 1851-1920	1888-01-01T00:00:00Z	1888.0	London		['Book digitized by Google and uploaded to the Internet Archive by user tpb.', '3 dl. ; 8°']	['americana']
/works/OL41540816W	Robert Elsmere	Mrs. Humphry Ward	"title:""Robert Elsmere"" AND mediatype:texts"	34	bwb_Y0-BXP-724	Robert Elsmere	Humphy Ward	1967-01-01T00:00:00Z	1967.0				['internetarchivebooks', 'printdisabled', 'inlibrary']
/works/OL41540816W	Robert Elsmere	Mrs. Humphry Ward	"title:""Robert Elsmere"" AND mediatype:texts"	34	bwb_KU-140-616	Robert Elsmere	Mrs. Humphry Ward	1888-01-01T00:00:00Z	1888.0				['internetarchivebooks']
/works/OL41540816W	Robert Elsmere	Mrs. Humphry Ward	"title:""Robert Elsmere"" AND mediatype:texts"	34	robertelsmere00ward_1	Robert Elsmere	Ward, Humphry, Mrs., 1851-1920	1888-01-01T00:00:00Z	1888.0	New York : Hurst		657 p. ; 19 cm	['library_of_congress', 'americana']
/works/OL41540816W	Robert Elsmere	Mrs. Humphry Ward	"title:""Robert Elsmere"" AND mediatype:texts"	34	robertelsmere00wardiala	Robert Elsmere	Ward, Humphry, Mrs., 1851-1920	1888-01-01T00:00:00Z	1888.0	London : Macmillan and Co.		604 p	['cdl', 'americana', 'fav-bennac1089', 'fav-jeremy_m_davies']
/works/OL41540816W	Robert Elsmere	Mrs. Humphry Ward	"title:""Robert Elsmere"" AND mediatype:texts"	34	bwb_KU-140-658	ROBERT ELSMERE	Mrs. Humphry Ward	1889-01-01T00:00:00Z	1889.0				['internetarchivebooks', 'fav-wfrei']
/works/OL41540816W	Robert Elsmere	Mrs. Humphry Ward	"title:""Robert Elsmere"" AND mediatype:texts"	34	W.E.GladstonerobertElsmereAndTheBattleOfBelief1888	"W. E. Gladstone, ""Robert Elsmere"" and the Battle of Belief (1888)"	MVT				['Gladstone', 'Robert Elsmere', 'Battle of Belief']	"Gladstone, W. E. ""Robert Elsmere"" and the Battle of Belief. - Reprinted from ""The Nineteenth Century,"" May, 1888. - New York: Anson D. F. Randolph & Company, 1888: 52. Digitized by the Center for Adventist Research, James White Library, Andrews University."	['folkscanomy_religion', 'folkscanomy']
/works/OL41540816W	Robert Elsmere	Mrs. Humphry Ward	"title:""Robert Elsmere"" AND mediatype:texts"	34	mrshumphreywards00wise	Mrs. Humphrey Ward's Robert Elsmere and its effect upon the press	Wiseman, Esther Grace	1915-01-01T00:00:00Z	1915.0		['Ward, Humphry, Mrs., 1851-1920', 'Theses']	['Thesis (M.A.)--University of Illinois, 1915', 'Typescript', 'Includes bibliographical references']	['university_of_illinois_urbana-champaign', 'americana']
/works/OL41540816W	Robert Elsmere	Mrs. Humphry Ward	"title:""Robert Elsmere"" AND mediatype:texts"	34	robertelsmere03wardgoog	Robert Elsmere	['Ward, Humphry, Mrs., 1851-1920', 'Rogers, Bruce, 1870-1957, former owner. DLC', 'Pforzheimer Bruce Rogers Collection (Library of Congress) DLC']	1888-01-01T00:00:00Z	1888.0	London ; New York : Macmillan		Book digitized by Google from the library of University of Michigan and uploaded to the Internet Archive by user tpb.	['americana', 'fav-meburste']
/works/OL41540816W	Robert Elsmere	Mrs. Humphry Ward	"title:""Robert Elsmere"" AND mediatype:texts"	34	robertelsmere0000ward_e0i5	Robert Elsmere	Ward, Humphry, Mrs., 1851-1920	1952-01-01T00:00:00Z	1952.0	London, T. Nelson		576 pages 16 cm	['marygrovecollege', 'internetarchivebooks', 'americana', 'inlibrary', 'printdisabled']
/works/OL41540816W	Robert Elsmere	Mrs. Humphry Ward	"title:""Robert Elsmere"" AND mediatype:texts"	34	IA41549203_0006	Mrs. Humphry Ward and the Trend of Ethical Development since 'Robert Elsmere'	Walters, J. Stuart	1912-01-01T00:00:00Z	1912.0	Kegan Paul, Trench, Trübner & Co. Ltd.			['theses-and-dissertations', 'leiden-university']
/works/OL41540816W	Robert Elsmere	Mrs. Humphry Ward	"title:""Robert Elsmere"" AND mediatype:texts"	34	robertelsmereabi0000hump	Robert Elsmere, (A Bison book)	Humphry Ward	1967-01-01T00:00:00Z	1967.0	University of Nebraska Press			['internetarchivebooks', 'inlibrary', 'printdisabled', 'fav-misaka1107']
/works/OL41540816W	Robert Elsmere	Mrs. Humphry Ward	"title:""Robert Elsmere"" AND mediatype:texts"	34	worldofcantcompa00unse	"The world of cant. A companion book to ""Robert Elsmere"" .."		1888-01-01T00:00:00Z	1888.0	New York, J. S. Ogilvie		348 p. 20 cm	['library_of_congress', 'americana']
/works/OL41540816W	Robert Elsmere	Mrs. Humphry Ward	"title:""Robert Elsmere"" AND mediatype:texts"	34	robertelsmere0000ward	Robert Elsmere	Ward, Humphry, Mrs., 1851-1920	1967-01-01T00:00:00Z	1967.0	Lincoln : University of Nebraska Press		['xli, 636 p. ; 21 cm. --', 'Text of the 1888 New York ed']	['trent_university', 'internetarchivebooks', 'inlibrary', 'printdisabled', 'fav-haitao_ren']
/works/OL41540816W	Robert Elsmere	Mrs. Humphry Ward	"title:""Robert Elsmere"" AND mediatype:texts"	34	in.ernet.dli.2015.34178	Robert Elsmere	Ward, Humphry	1888-01-01T00:00:00Z	1888.0		C-DAK	Book Source: Digital Library of India Item 2015.34178 dc.contributor.author: Ward, Humphry dc.date.accessioned: 2015-06-25T17:45:21Z dc.date.available: 2015-06-25T17:45:21Z dc.date.digitalpublicationdate: 2006-03-04 dc.date.citation: 1888 dc.identifier: V. B. Librarian dc.identifier.barcode: 4990010207025 dc.identifier.origpath: /data3/upload/0061/177 dc.identifier.copyno: 1 dc.identifier.uri: http://www.new.dli.ernet.in/handle/2015/34178 dc.description.scanningcentre: C-DAK, Kolkata dc.description.main: 1 dc.description.tagged: 0 dc.description.totalpages: 616 dc.format.mimetype: application/pdf dc.language.iso: English dc.publisher.digitalrepublisher: Digital Library Of India dc.publisher: Smith, Elder, And Co., London dc.rights: In Public Domain dc.source.library: Central Library, Visva-bharati dc.subject.classification: Language. Linguistics. Literature dc.subject.classification: Literature dc.subject.classification: Prose Narrative dc.subject.keywords: Belles Letters dc.title: Robert Elsmere	['digitallibraryindia', 'JaiGyan']
/works/OL41540816W	Robert Elsmere	Mrs. Humphry Ward	"title:""Robert Elsmere"" AND mediatype:texts"	34	robertelsmere24898gut	Robert Elsmere	Humphry, Mrs. Ward			Project Gutenberg	['Religious fiction', 'PR']	Book from Project Gutenberg: Robert Elsmere	['gutenberg']
/works/OL41540816W	Robert Elsmere	Mrs. Humphry Ward	"title:""Robert Elsmere"" AND mediatype:texts"	34	robertelsmere00ward	Robert Elsmere	Ward, Humphry, Mrs., 1851-1920	1888-01-01T00:00:00Z	1888.0	New York : Hurst		657 p. ; 19 cm	['internetarchivebooks', 'americana', 'fav-aru13']
/works/OL41540816W	Robert Elsmere	Mrs. Humphry Ward	"title:""Robert Elsmere"" AND mediatype:texts"	34	mrshumphrywardtr00walt	Mrs. Humphry Ward and the trend of ethical development since Robert Elsmere ..	Walters, J. Stuart	1912-01-01T00:00:00Z	1912.0	London : K. Paul, Trench, Trübner & Co., Ltd.	Ward, Humphry, Mrs., 1851-1920	['Thesis--Rennes', 'Bibliography: p. 207-[208]']	['cdl', 'americana']
/works/OL41540816W	Robert Elsmere	Mrs. Humphry Ward	"title:""Robert Elsmere"" AND mediatype:texts"	34	robertelsmere00ward_0	Robert Elsmere.	Ward, Humphry, Mrs., 1851-1920	1888-01-01T00:00:00Z	1888.0	Chicago, J.S. Ogilvie		701 p	['university_of_illinois_urbana-champaign', 'americana']
/works/OL41540816W	Robert Elsmere	Mrs. Humphry Ward	"title:""Robert Elsmere"" AND mediatype:texts"	34	robertelsmerebat00gladiala	"""Robert Elsmere"" : and the battle of belief"	Gladstone, W. E. (William Ewart), 1809-1898	1888-01-01T00:00:00Z	1888.0	New York : Anson D.F. Randolph	['Ward, Humphry, Mrs., 1851-1920', 'Religion in literature', 'Literature, Modern -- 19th century History and criticism']	"['52 p. ; 19 cm', '""Reprinted from \'The Nineteenth Century,\' May, 1888.""']"	['cdl', 'americana']
/works/OL41540816W	Robert Elsmere	Mrs. Humphry Ward	"title:""Robert Elsmere"" AND mediatype:texts"	34	robertelsmere08737gut	Robert Elsmere	Ward, Mrs. Humphry, 1851-1920					Book from Project Gutenberg: Robert Elsmere	['gutenberg']
/works/OL41540816W	Robert Elsmere	Mrs. Humphry Ward	"title:""Robert Elsmere"" AND mediatype:texts"	34	robertelsmere0000mrsh	Robert Elsmere	Mrs. Humphry Ward	1888-01-01T00:00:00Z	1888.0	MacMillan and Company, London			['internetarchivebooks']
/works/OL41540816W	Robert Elsmere	Mrs. Humphry Ward	"title:""Robert Elsmere"" AND mediatype:texts"	34	11906572bsb	Robert Elsmere. 2	Ward, Humphry, Mrs.	1888-01-01T00:00:00Z	1888.0			Leipzig : Tauchnitz 1888 Location/Holding institution: München, Bayerische Staatsbibliothek -- P.o.angl. 464 ls-2	['german-online-libraries', 'booksbylanguage_german', 'booksbylanguage']
/works/OL41540816W	Robert Elsmere	Mrs. Humphry Ward	"title:""Robert Elsmere"" AND mediatype:texts"	34	a-half-hour-with-robert-elsmere	A half hour with Robert Elsmere	Armstrong, George D. (George Dodd), 1813-1899.	1889-01-01T00:00:00Z	1889.0		['Christianity -- Essence', 'genius', 'nature']	20 p. ; 23 cm. Norfolk, Va. : T.O. Wise & Son, 1889.	['opensource']
/works/OL41540816W	Robert Elsmere	Mrs. Humphry Ward	"title:""Robert Elsmere"" AND mediatype:texts"	34	a622098900gladuoft	Robert Elsmere and the battle of belief	Gladstone, W. E. (William Ewart), 1809-1898	1888-01-01T00:00:00Z	1888.0	New York : L. Scott	['Ward, Humphry, Mrs., 1851-1920', 'Religion and literature']	['Includes bibliographical references', '45']	['saint_marys_college', 'toronto']
/works/OL41540816W	Robert Elsmere	Mrs. Humphry Ward	"title:""Robert Elsmere"" AND mediatype:texts"	34	robertelsmere02wardgoog	Robert Elsmere	['Ward, Humphry, Mrs., 1851-1920', 'Ryals, Clyde de L., 1928- ed']	1967-01-01T00:00:00Z	1967.0	Lincoln, University of Nebraska Press		Book digitized by Google and uploaded to the Internet Archive by user tpb.	['americana']
/works/OL41540816W	Robert Elsmere	Mrs. Humphry Ward	"title:""Robert Elsmere"" AND mediatype:texts"	34	robertelsmere0000mrsh_b6c7	Robert Elsmere	Mrs. Humphry Ward	1888-01-01T00:00:00Z	1888.0				['internetarchivebooks']
/works/OL41540816W	Robert Elsmere	Mrs. Humphry Ward	"title:""Robert Elsmere"" AND mediatype:texts"	34	robertelsmere0000ward_j6g6	Robert Elsmere	Ward, Humphry, Mrs., 1851-1920	1976-01-01T00:00:00Z	1976.0	New York : Garland Pub.		['371, 374, 411 p. ; 19 cm', 'Reprint of the 1888 ed. published by Smith, Elder, London']	['internetarchivebooks', 'inlibrary', 'printdisabled']
/works/OL41540816W	Robert Elsmere	Mrs. Humphry Ward	"title:""Robert Elsmere"" AND mediatype:texts"	34	robertelsmere00wardrich	Robert Elsmere	Ward, Humphry, Mrs., 1851-1920	1912-01-01T00:00:00Z	1912.0	London, Smith, Elder & co.		604 p. 19 cm	['cdl', 'americana', 'fav-haitao_ren']
/works/OL41540816W	Robert Elsmere	Mrs. Humphry Ward	"title:""Robert Elsmere"" AND mediatype:texts"	34	robertelsmere00wardgoog	Robert Elsmere	Ward, Humphry (Mary Augusta Arnold), Mrs, 1851-1920	1888-01-01T00:00:00Z	1888.0	London		['Book digitized by Google and uploaded to the Internet Archive by user tpb.', '3 dl. ; 8°']	['americana']
/works/OL41540816W	Robert Elsmere	Mrs. Humphry Ward	"title:""Robert Elsmere"" AND mediatype:texts"	34	robertelsmere00warduoft	Robert Elsmere	Ward, Mary Augusta (Arnold) 1851-1920	1903-01-01T00:00:00Z	1903.0	London Smith, Elder		26	['robarts', 'toronto', 'university_of_toronto', 'fav-kou_yamada', 'fav-ltansley', 'fav-meburste']
/works/OL41540816W	Robert Elsmere	Mrs. Humphry Ward	"title:""Robert Elsmere"" AND mediatype:texts"	34	robertelsmere0000ward_b8a8	Robert Elsmere	Ward, Humphry, Mrs., 1851-1920	2006-01-01T00:00:00Z	2006.0	Teddington (London, England) : Echo Library		549 pages ; 23 cm	['internetarchivebooks', 'inlibrary', 'printdisabled', 'fav-adam_j_cuthbert854']
/works/OL41540816W	Robert Elsmere	Mrs. Humphry Ward	"title:""Robert Elsmere"" AND mediatype:texts"	34	robertelsmere0000hump_w3k9	Robert Elsmere	Humphry Ward, Clyde de L. Ryals	1967-01-01T00:00:00Z	1967.0	Lincoln, University of Nebraska Press		xli, 636 p. 21 cm	['internetarchivebooks', 'printdisabled', 'inlibrary']
/works/OL41540816W	Robert Elsmere	Mrs. Humphry Ward	"title:""Robert Elsmere"" AND mediatype:texts"	34	victorianheretic0000pete	Victorian heretic : Mrs Humphry Ward's Robert Elsmere	Peterson, William S	1976-01-01T00:00:00Z	1976.0	[Leicester] : Leicester University Press	Ward, Humphry, Mrs., 1851-1920. Robert Elsmere	['xi, 259 p. : 23 cm', 'Includes index', 'Bibliography: p. 237-252']	['trent_university', 'internetarchivebooks', 'inlibrary', 'printdisabled', 'binghamton-ol', 'dartmouthlibrary-ol', 'drakeuniversity-ol', 'johnshopkins-ol', 'kalamazoocollege-ol', 'occidentalcollegelibrary-ol', 'riceuniversity-ol', 'rochester-ol', 'the-claremont-colleges-ol', 'unb-ol', 'uni-ol', 'universityofarizona-ol', 'universityofcoloradoboulder-ol', 'wrlc-ol']
/works/OL1487721W	Alas	Rhoda Broughton	"title:""Alas"" AND mediatype:texts"	622	bwb_P9-EDK-802	Narrative of the Life and Adventure of Major C. Bolin, Alas Davud Butler as related by himself to A.A. Sargent	Various	1966-01-01T00:00:00Z	1966.0	Lewis Osborne: Palo Alto			['internetarchivebooks', 'printdisabled', 'inlibrary']
/works/OL1487721W	Alas	Rhoda Broughton	"title:""Alas"" AND mediatype:texts"	622	gov.uscourts.mnd.181306	United States v. Hi-Alas						This item represents a case in PACER, the U.S. Government's website for federal case data. This information is uploaded quarterly. To see our most recent version please use the source url parameter, linked below. To see the canonical source for this data, please consult PACER directly.	['usfederalcourts', 'USGovernmentDocuments', 'government-documents']
/works/OL1487721W	Alas	Rhoda Broughton	"title:""Alas"" AND mediatype:texts"	622	gov.uscourts.flsb.727758	Isis Suyapa Alas						This item represents a case in PACER, the U.S. Government's website for federal case data. This information is uploaded quarterly. To see our most recent version please use the source url parameter, linked below. To see the canonical source for this data, please consult PACER directly.	['usfederalcourts', 'USGovernmentDocuments', 'government-documents']
/works/OL1487721W	Alas	Rhoda Broughton	"title:""Alas"" AND mediatype:texts"	622	bwb_KU-427-497	Alas, Poor Gentleman of Money Doesn't Matter	Norman Bruce	1955-01-01T00:00:00Z	1955.0				['internetarchivebooks', 'printdisabled', 'inlibrary']
/works/OL1487721W	Alas	Rhoda Broughton	"title:""Alas"" AND mediatype:texts"	622	gov.uscourts.ilnb.1088704	Wendy Y Alas						This item represents a case in PACER, the U.S. Government's website for federal case data. If you wish to see the entire case, please consult PACER directly.	['usfederalcourts', 'USGovernmentDocuments', 'government-documents']
/works/OL1487721W	Alas	Rhoda Broughton	"title:""Alas"" AND mediatype:texts"	622	gov.uscourts.ilnb.1212037	Jerson Alas						This item represents a case in PACER, the U.S. Government's website for federal case data. If you wish to see the entire case, please consult PACER directly.	['usfederalcourts', 'USGovernmentDocuments', 'government-documents']
/works/OL1487721W	Alas	Rhoda Broughton	"title:""Alas"" AND mediatype:texts"	622	elcansanciodecla00alas	El cansancio de Claudio de Alas	['Alas, Claudio de, 1886-1919', 'Soiza Reilly, Juan José de, 1880-1959']	1919-01-01T00:00:00Z	1919.0	Buenos Aires : A. Escobar Uribe y A. Castagnino		['Verse and prose', 'Includes bibliographical references', '52']	['robarts', 'toronto', 'university_of_toronto']
/works/OL1487721W	Alas	Rhoda Broughton	"title:""Alas"" AND mediatype:texts"	622	Entre_Alas_Programa_y_Precios_1	Entre Alas Programa y Precios						Programa de Entre Alas Congreso de Diseño que se realizará en Puebla los días 6, 7 8 de marzo 2008	['ourmedia', 'community']
/works/OL1487721W	Alas	Rhoda Broughton	"title:""Alas"" AND mediatype:texts"	622	gov.uscourts.nysd.436198	Alas v. Cardiology Consultants of Westchester Management Corp.						This item represents a case in PACER, the U.S. Government's website for federal case data. This information is uploaded quarterly. To see our most recent version please use the source url parameter, linked below. To see the canonical source for this data, please consult PACER directly.	['usfederalcourts', 'USGovernmentDocuments', 'government-documents']
/works/OL1487721W	Alas	Rhoda Broughton	"title:""Alas"" AND mediatype:texts"	622	NASA_NTRS_Archive_20110000763	NASA Technical Reports Server (NTRS) 20110000763: Evaluation of Acoustic Emission NDE of Composite Crew Module Service Module/Alternate Launch Abort System (CCM SM/ALAS) Test Article Failure Tests	NASA Technical Reports Server (NTRS)	2010-10-01T00:00:00Z	2010.0		['NASA Technical Reports Server (NTRS)', 'ACOUSTIC EMISSION', 'LAUNCHING', 'SERVICE MODULES', 'SPACECRAFT MODULES', 'NONDESTRUCTIVE TESTS', 'FAILURE', 'COMPOSITE STRUCTURES', 'PANELS', 'Horne, Michael R.', 'Madaras, Eric I.']	Failure tests of CCM SM/ALAS (Composite Crew Module Service Module / Alternate Launch Abort System) composite panels were conducted during July 10, 2008 and July 24, 2008 at Langley Research Center. This is a report of the analysis of the Acoustic Emission (AE) data collected during those tests.	['NASA_NTRS_Archive', 'usgovernmentmirrors', 'government-documents']
/works/OL1487721W	Alas	Rhoda Broughton	"title:""Alas"" AND mediatype:texts"	622	NASA_NTRS_Archive_20140008832	NASA Technical Reports Server (NTRS) 20140008832: Analysis and Simulation of the Simplified Aircraft-Based Paired Approach Concept With the ALAS Alerting Algorithm in Conjunction With Echelon and Offset Strategies	NASA Technical Reports Server (NTRS)	2014-01-01T00:00:00Z	2014.0		['NASA Technical Reports Server (NTRS)', 'SIMULATION', 'ALGORITHMS', 'AIRPORTS', 'AVIONICS', 'AIRCRAFT APPROACH SPACING', 'AIRCRAFT MANEUVERS', 'ESCAPE SYSTEMS', 'RUNWAYS', 'PROBABILITY THEORY', 'TRAJECTORIES', 'MONTE CARLO METHOD', 'Torres-Pomales, Wilfredo', 'Madden, Michael M.', 'Butler, Rickey W.', 'Perry, Raleigh B.']	This report presents analytical and simulation results of an investigation into proposed operational concepts for closely spaced parallel runways, including the Simplified Aircraft-based Paired Approach (SAPA) with alerting and an escape maneuver, MITRE?s echelon spacing and no escape maneuver, and a hybrid concept aimed at lowering the visibility minima. We found that the SAPA procedure can be used at 950 ft separations or higher with next-generation avionics and that 1150 ft separations or higher is feasible with current-rule compliant ADS-B OUT. An additional 50 ft reduction in runway separation for the SAPA procedure is possible if different glideslopes are used. For the echelon concept we determined that current generation aircraft cannot conduct paired approaches on parallel paths using echelon spacing on runways less than 1400 ft apart and next-generation aircraft will not be able to conduct paired approach on runways less than 1050 ft apart. The hybrid concept added alerting and an escape maneuver starting 1 NM from the threshold when flying the echelon concept. This combination was found to be effective, but the probability of a collision can be seriously impacted if the turn component of the escape maneuver has to be disengaged near the ground (e.g. 300 ft or below) due to airport buildings and surrounding terrain. We also found that stabilizing the approach path in the straight-in segment was only possible if the merge point was at least 1.5 to 2 NM from the threshold unless the total system error can be sufficiently constrained on the offset path and final turn.	['NASA_NTRS_Archive', 'usgovernmentmirrors', 'government-documents']
/works/OL1487721W	Alas	Rhoda Broughton	"title:""Alas"" AND mediatype:texts"	622	gov.uscourts.azd.1111445	United States v. Rogel-Alas						This item represents a case in PACER, the U.S. Government's website for federal case data. This information is uploaded quarterly. To see our most recent version please use the source url parameter, linked below. To see the canonical source for this data, please consult PACER directly.	['usfederalcourts', 'USGovernmentDocuments', 'government-documents']
/works/OL1487721W	Alas	Rhoda Broughton	"title:""Alas"" AND mediatype:texts"	622	A11012622	A las Cortes. Cuando lánguido el comercio español, en decadencia su agricultura y paralizada su industria por una serie de circunstancias desgraciadas ... ve ... esta Junta de comercio de Cataluña la pretension de la Diputacion Provincial de Cadiz, con la que suplica alas Cortes el establecimiento en aquella plaza de un puerto franco y libre, haciendo de ella un otro Gibraltar		1822-01-01T00:00:00Z	1822.0		['Fondo Antiguo', 'Libros del Siglo XIX', 'Tomos de varios', 'Porcones. Alegaciones Jurídicas. Pleitos']	Más detalles PUBLICACIÓN [S.l. : s.n., 1822?] DESCR. FÍSICA [4] p. ; 28 cm COLECCIÓN PABI 2006-1 NOTA AL TIT. Tít. tomado de principio del texto NOTA A PUBLIC. Texto fechado en Barcelona, 1822 SIGNATURA A 110/126(22) Catálogo Fama	['bibliotecauniversitariadesevilla', 'patron-library-collection']
/works/OL1487721W	Alas	Rhoda Broughton	"title:""Alas"" AND mediatype:texts"	622	cosasconalas0000rice	Cosas con alas	Rice, Dona	2012-01-01T00:00:00Z	2012.0	Huntington Beach, CA : Teacher Created Materials	['Wings (Anatomy) -- Juvenile literature', 'Animals -- Juvenile literature', 'Wings (Anatomy)', 'Animals', 'Spanish language materials', 'JUVENILE NONFICTION -- Science & Nature -- Zoology']	"['1 online resource (20 pages) :', 'Discusses the ways in which animals use wings and the kinds of animals that have wings, including bats, ostriches, and butterflies', '""Time for kids.""', '""Basado en los escritos de Time for Kids""--Page 2', 'Print version record']"	['internetarchivebooks', 'printdisabled']
/works/OL1487721W	Alas	Rhoda Broughton	"title:""Alas"" AND mediatype:texts"	622	gov.uscourts.nced.152759	United States v. Alas-Dubon						This item represents a case in PACER, the U.S. Government's website for federal case data. If you wish to see the entire case, please consult PACER directly.	['usfederalcourts', 'USGovernmentDocuments', 'government-documents']
/works/OL1487721W	Alas	Rhoda Broughton	"title:""Alas"" AND mediatype:texts"	622	gov.uscourts.nmd.419665	United States v. Mira-Alas						This item represents a case in PACER, the U.S. Government's website for federal case data. This information is uploaded quarterly. To see our most recent version please use the source url parameter, linked below. To see the canonical source for this data, please consult PACER directly.	['usfederalcourts', 'USGovernmentDocuments', 'government-documents']
/works/OL1487721W	Alas	Rhoda Broughton	"title:""Alas"" AND mediatype:texts"	622	gov.uscourts.nvd.137108	United States v. Reyes-Alas						This item represents a case in PACER, the U.S. Government's website for federal case data. If you wish to see the entire case, please consult PACER directly.	['usfederalcourts', 'USGovernmentDocuments', 'government-documents']
/works/OL1487721W	Alas	Rhoda Broughton	"title:""Alas"" AND mediatype:texts"	622	gov.uscourts.nvd.178685	Alas Garcia v. Mattos						This item represents a case in PACER, the U.S. Government's website for federal case data. If you wish to see the entire case, please consult PACER directly.	['usfederalcourts', 'USGovernmentDocuments', 'government-documents']
/works/OL1487721W	Alas	Rhoda Broughton	"title:""Alas"" AND mediatype:texts"	622	gov.uscourts.nvb.377835	MARCOS ABEL ALAS REYES, JR.						This item represents a case in PACER, the U.S. Government's website for federal case data. This information is uploaded quarterly. To see our most recent version please use the source url parameter, linked below. To see the canonical source for this data, please consult PACER directly.	['usfederalcourts', 'USGovernmentDocuments', 'government-documents']
/works/OL1487721W	Alas	Rhoda Broughton	"title:""Alas"" AND mediatype:texts"	622	gov.uscourts.casd.611458	United States v. Alas-Leon						This item represents a case in PACER, the U.S. Government's website for federal case data. If you wish to see the entire case, please consult PACER directly.	['usfederalcourts', 'USGovernmentDocuments', 'government-documents']
/works/OL1487721W	Alas	Rhoda Broughton	"title:""Alas"" AND mediatype:texts"	622	ala-s-ala-s-i-cerc-1962	ALÀS					cens electoral Alàs	Català Censos electorals, la majoria castellanitzats arran de l'imposició castellana, la majoria de noms per no dir la totalitat, tindrien que ser en català English Electoral rolls, mostly Castilianized following the imposition of Castilian, most of the names—not to say all—should be in Catalan. Français Les listes électorales, majoritairement castillanisées suite à l'imposition du castillan, la plupart des noms, pour ne pas dire la totalité, devraient être en catalan. Deutsch Die Wählerverzeichnisse, größtenteils kastilisiert infolge der Durchsetzung des Kastilischen, die meisten, wenn nicht sogar alle Namen, müssten auf Katalanisch sein. Français: Les listes électorales, majoritairement castillanisées suite à l'imposition du castillan, la plupart des noms, pour ne pas dire la totalité, devraient être en catalan. Deutsch: Die Wählerverzeichnisse, größtenteils kastilisiert infolge der Durchsetzung des Kastilischen, die meisten, wenn nicht sogar alle Namen, müssten auf Katalanisch sein. Italiano: I censimenti elettorali, in maggioranza castiglianizzati in seguito all'imposizione del castigliano, la maggior parte dei nomi, per non dire la totalità, dovrebbero essere in catalano. Ελληνικά: Οι εκλογικοί κατάλογοι, ως επί το πλείστον καταλανιστείς μετά την επιβολή της καστιλιάνικης, τα περισσότερα ονόματα, για να μην πω όλα, θα έπρεπε να είναι στα καταλανικά. Nederlands: De kiezersregisters, grotendeels vercastiliaanst als gevolg van de opgelegde Castiliaanse overheersing, de meeste namen, zo niet alle, zouden in het Catalaans moeten zijn. Polski: Spisy wyborcze, w większości zhiszpanizowane na skutek narzucenia języka kastylijskiego, większość nazwisk, żeby nie powiedzieć wszystkie, powinny być w języku katalońskim. Português: Os censos eleitorais, na maioria castelhanizados após a imposição do castelhano, a maioria dos nomes, para não dizer a totalidade, deveriam estar em catalão. Euskara: Hautespen-erroldak, gehienak gaztelanizatuak gaztelaniaren ezarpenaren ondorioz, izen gehienak, denak ez esateko, katalanez egon beharko lirateke. dansk: Vælgerlister, hvis flertal er blevet kastilianiseret som følge af den kastilianske påtvang, hvor størstedelen af navnene, for ikke at sige alle, burde være på catalansk. svenska: Väljarregister, majoriteten av vilka blivit kastiljanska som följd av den kastiljanska påtvingandet, där majoriteten av namnen, för att inte säga alla, borde vara på katalanska. Gaeilge: Liostaí toghthóirí, an chuid is mó díobh castilianaithe mar thoradh ar fhorchur na Caistíle, ba chóir go mbeadh formhór na n-ainmneacha, gan trácht ar an iomlán, i nGaeilge na Catalóine. Gàidhlig na h-Alba: Clàran luchd-bhòtaidh, a’ mhòr-chuid dhiubh air an Castillochanachadh mar thoradh air èiginn na Castillo, bu chòir don mhòr-chuid de na h-ainmean, gun a ràdh gun a h-uile gin, a bhith ann an Catalanais. Occitan: Cens electoral, la majoritat castelhanizada a seguida de l'imposicion castellana, la majoritat dels noms per non dire la totalitat, devrián èsser en catalan. Sardu: Censos eletorales, sa majoria castillanizada a pustis de s'impositzione castellana, sa majoria de nòmenes pro no narrer sa totalidade, diant èssere in catalanu. Corsu: Censu eletturali, a maiò parte castighjanizata per via di l'imposizione castigliana, a maiò parte di i nomi per ùn dì a tutalità, duverebbenu esse in catalanu. íslenska: Kjörskrár, sem að mestu leyti hafa verið kastillískaðar vegna kastilískrar þvingunar, ættu flest nöfn, ef ekki öll, að vera á katalónsku. Bokmål norsk - bokmål: Velgerlister, hvor flertallet har blitt kastilisert som følge av den kastiljanske påtvingingen, burde flesteparten av navnene, for ikke å si alle, vært på katalansk. Nynorsk norsk - nynorsk: Votarlister, der meirparten har vorte kastiljanske som følgje av den kastiljanske påtvinginga, burde hovudparten av namna, for ikkje å seie alle, vore på katalansk. čeština: Volební seznamy, z nichž většina byla pošpanělštěna v důsledku kastilského vnucování, by měly mít většinu jmen, ne-li všechna, v katalánštině. lietuvių: Rinkimų sąrašai, kurių dauguma buvo ispanizuoti dėl ispanų primetimo, turėtų turėti daugumą, jei ne visus, vardus katalonų kalba. latviešu: Vēlēšanu saraksti, kuru lielākā daļa ir kastīliski pārveidoti Kastīlijas uzspiestās politikas dēļ, lielākajai daļai vārdu, ja ne visiem, vajadzētu būt katalāņu valodā. eesti: Valijate nimekirjad, millest enamus on kastillastatud Kastillia pealesunnitud poliitika tulemusena, peaksid enamiku nimesid, kui mitte kõiki, sisaldama katalaani keeles. suomi: Vaaliluettelot, joiden enemmistö on kastiljalaisiksi muutettu Kastilian pakottamisen seurauksena, suurimmalla osalla nimistä, ellei kaikilla, pitäisi olla katalaanin kielellä. беларуская: Выбарчыя спісы, большасць з якіх была скастыльянізаваная ў выніку кастыльскага прымусу, павінны мець большасць, калі не ўсе, імёны па-каталанску. українська: Виборчі списки, більшість з яких були кастильянізовані внаслідок кастильського нав'язування, повинні мати більшість, якщо не всі, імена каталанською мовою. română: Listele electorale, majoritatea cărora au fost castiljanizate ca urmare a impunerii castiliane, ar trebui să aibă majoritatea numelor, dacă nu toate, în limba catalană. рпски / srpski: Изборни списци, од којих је већина кастиљанизована као последица кастиљског наметања, би требало да имају већину, ако не и сва, имена на каталонском језику. Izborni spisci, od kojih je većina kastiljanizovana kao posledica kastiljskog nametanja, bi trebalo da imaju većinu, ako ne i sva, imena na katalonskom jeziku. Türkçe: Seçmen listeleri, çoğunluğu Kastilya dayatması sonucunda Kastilyalılaştırılmış, adların çoğunluğunun, hepsi olmasa da, Katalanca olması gerekir. հայերեն: Ընտրացուցակները, որոնց մեծամասնությունը կաստիլիացվել է Կաստիլիայի պարտադրման արդյունքում, պետք է ունենան անունների մեծամասնությունը, եթե ոչ բոլորը, կատալաներեն լեզվով:	['opensource']
/works/OL1487721W	Alas	Rhoda Broughton	"title:""Alas"" AND mediatype:texts"	622	gov.uscourts.txwd.283937	United States v. ALAS-Cheguen						This item represents a case in PACER, the U.S. Government's website for federal case data. This information is uploaded quarterly. To see our most recent version please use the source url parameter, linked below. To see the canonical source for this data, please consult PACER directly.	['usfederalcourts', 'USGovernmentDocuments', 'government-documents']
/works/OL1487721W	Alas	Rhoda Broughton	"title:""Alas"" AND mediatype:texts"	622	gov.uscourts.cacd.1015941	Jose Orlando Casco Alas v. Warden Desert View Annex						This item represents a case in PACER, the U.S. Government's website for federal case data. If you wish to see the entire case, please consult PACER directly.	['usfederalcourts', 'USGovernmentDocuments', 'government-documents']
/works/OL1487721W	Alas	Rhoda Broughton	"title:""Alas"" AND mediatype:texts"	622	alasbabylon00fran	Alas, Babylon	Frank, Pat, 1907-1964	1964-01-01T00:00:00Z	1964.0	Toronto, New York [Bantam Books]	Nuclear warfare	279 p. 18 cm	['internetarchivebooks', 'americana', 'printdisabled', 'fav-andrewelliott174', 'fav-cjeagles', 'fav-edbremson', 'fav-john_mccune', 'fav-playerazelia', 'fav-rich_fleetwood', 'fav-samuel_e_chamberlain', 'fav-teacherdan']
/works/OL1487721W	Alas	Rhoda Broughton	"title:""Alas"" AND mediatype:texts"	622	una-corte-de-alas-y-ruina-sarah-j-maas	Una Corte De Alas Y Ruina Sarah J Maas					ACOTAR	Book	['opensource']
/works/OL1487721W	Alas	Rhoda Broughton	"title:""Alas"" AND mediatype:texts"	622	UnSenorMuyViejoConUnasAlasEnormes	Un senor muy viejo con unas alas enormes	Gabriel Garcia Marquez				['gabriel', 'garcia', 'marquez', 'colombian', 'literature', 'realismo', 'magico']	Short story by colombian writer gabriel garcia marquez	['booksbylanguage_spanish', 'booksbylanguage', 'fav-hernan_benitez_denis', 'fav-katennc', 'fav-lydia_g372']
/works/OL1487721W	Alas	Rhoda Broughton	"title:""Alas"" AND mediatype:texts"	622	gov.uscourts.canb.511069	Rigo Alas and Myra Alas						This item represents a case in PACER, the U.S. Government's website for federal case data. This information is uploaded quarterly. To see our most recent version please use the source url parameter, linked below. To see the canonical source for this data, please consult PACER directly.	['usfederalcourts', 'USGovernmentDocuments', 'government-documents']
/works/OL1487721W	Alas	Rhoda Broughton	"title:""Alas"" AND mediatype:texts"	622	ERIC_ED493773	ERIC ED493773: ALAS: Achievement for Latinos through Academic Success. What Works Clearinghouse Intervention Report	ERIC	2006-10-05T00:00:00Z	2006.0		['ERIC Archive', 'High Risk Students', 'School Activities', 'Intervention', 'Academic Achievement', 'Dropout Prevention', 'Hispanic American Students', 'Middle School Students', 'School Counselors', 'Counselor Role', 'Program Effectiveness']	"""ALAS,"" an acronym for ""Achievement for Latinos through Academic Success"" that means ""wings"" in Spanish, is a middle school (or junior high school) intervention designed to address student, school, family, and community factors that affect dropping out. Each student is assigned a counselor who monitors attendance, behavior, and academic achievement. The counselor provides feedback and coordinates students, families, and teachers. Counselors also serve as advocates for students and intervene when problems are identified. Students are trained in problem-solving skills, and parents are trained in parent-child problem solving, how to participate in school activities, and how to contact teachers and school administrators to address issues. One study of ""ALAS,"" Larson and Rumberger (1995), met the What Works Clearinghouse (WWC) evidence standards. Larson and Rumberger (1995) included 94 high-risk students who entered junior high school in Los Angeles as seventh graders in 1990, with 46 students randomly assigned to ""ALAS"" and 48 assigned to the control group. The study measured outcomes at the end of ninth grade (the last year of the intervention) and the end of 11th grade (two years after the intervention. This study found potentially positive effects on staying in school and potentially positive effects on progressing in school. (Contains 13 footnotes.) [This publication was produced by the What Works Clearinghouse. The following study is reviewed in this intervention report: Larson, K. A., & Rumberger, R. W. (1995). ALAS: Achievement for Latinos through Academic Success. In H. Thornton (Ed.), ""Staying in school. A technical report of three dropout prevention projects for junior high school students with learning and emotional disabilities."" Minneapolis, MN: University of Minnesota, Institute on Community Integration.]"	['ericarchive', 'usgovernmentmirrors', 'government-documents']
/works/OL1487721W	Alas	Rhoda Broughton	"title:""Alas"" AND mediatype:texts"	622	espeiodivinoenle00mija	Espeio divino en lengua mexicana, : en que pueden verse los padres, y tomar documento para acertar a doctrinar bien a sus hijos, y aficionallos alas virtudes.	['Mijangos, Juan de, d. ca. 1625', 'León, Nicolás, 1859-1929. fmo RPJCB']	1607-01-01T00:00:00Z	1607.0	En Mexico, con licencia : En la Emprenta de Diego Lopez Daualos	['Catholic Church', 'Indian linguistics', 'CSAIP', 'Nahuatl language', 'Indians of Mexico', 'Imprint 1607']	"['[16], 72, 77-562, [6] p. : ill. ; 22 cm. (4to) Signatures: * A-4A chi²', ""Woodcut ill. of a saint (Saint Francis?), of the Virgin Mary, of Saint Monica on verso of colophon leaf; full p. armorial with the emblem of the order and cardinal's hat on verso of A1; woodcut device of the order on colophon leaf with initials AE; large woodcut floriated initials, head- and tail-pieces"", 'Title, licenses, Prologo, Soneto del Licenciado Diego Alonso de Chavelas, and Tabla para los predicadores que remite a algunos Evangelios at end in Spanish; text in Nahuatl; side notes in Latin', 'Colophon: Acabose de imprimir esta presente obra en la muy noble, y leal Ciudad de Mexico, a veynte y quatro de Iulio, Vispera del Glorioso Apostol Sanctiago Patron de España. Año 1607', 'JCB Lib. cat., pre-1675', 'Medina, J.T. México', 'Viñaza. Bib. lenguas indigenas de America', 'Palau y Dulcet (2. ed.)', 'Sabin', 'John Carter Brown Library copy preliminary leaves do not match the description in Medina who does not mention the Soneto and on the verso, the ill. of the Virgin with St. Augustin portrayed in the head-piece', 'John Carter Brown Library copy imperfect, lacking t.p., preliminary leaf with licenses of Baltasar de Castañon and Bartolomé de Nava, full page engraving of St. Augustin, colophon leaf with ill. of S. Monica on verso; first 2 leaves of signature * and final two leaves of Tabla de los predicadores have part torn off with loss of text; missing and damaged leaves supplied in photostat in bib. file', 'Provenance of John Carter Brown Library copy: Nicolás León : bookplate']"	['jcbindigenous', 'JohnCarterBrownLibrary', 'americana', 'fav-aristo25', 'fav-izakto', 'fav-karl_pawer', 'fav-regiomontano', 'fav-satir_fanes', 'fav-szoplifter', 'fav-tristsom']
/works/OL1487721W	Alas	Rhoda Broughton	"title:""Alas"" AND mediatype:texts"	622	tanweer-ul-misbah-lel-qauyam-indal-haiya-alas-falah-by-malekul-ulema-fazele-biha	Tanweer Ul Misbah Lel Qauyam Indal Haiya Alas Falah By Malekul Ulema Fazele Bihar Hazrat Allama Mohammad Zafaruddin Ahmad Rizvi Qadari Bihari	imran_nazir279	2023-02-18T00:00:00Z	2023.0		islamic books	Tanweer Ul Misbah Lel Qauyam Indal Haiya Alas Falah By Malekul Ulema Fazele Bihar Hazrat Allama Mohammad Zafaruddin Ahmad Rizvi Qadari Bihari	['booksbylanguage_urdu', 'booksbylanguage', 'fav-imran_nazir279']
/works/OL1487721W	Alas	Rhoda Broughton	"title:""Alas"" AND mediatype:texts"	622	bim_eighteenth-century_devota-y-humilde-suplic_1701	Devota, y humilde suplicacion. Dirigida al grande, y omnipotente .a. Dios de Israel, por la congrega delos hebreos de Londres, en la qual implora la assistencia, ... del Cielo alas deliberaciones dela Majestad del ... Rey Guillelme III. ... 1701		1701-01-01T00:00:00Z	1701.0		['Language & Literature', 'Literary And Political Reviews', 'General Interest Periodicals--United Kingdom', 'Law', 'Philosophy & Religion', 'Fine & Performing Arts', 'Social Sciences', 'History', 'History--History of North And South America', 'Books', 'microfilm']	Devota, y humilde suplicacion. Dirigida al grande, y omnipotente .a. Dios de Israel, por la congrega delos hebreos de Londres, en la qual implora la assistencia, ... del Cielo alas deliberaciones dela Majestad del ... Rey Guillelme III. ... 1701.. Digitized from IA40313311-38 . Previous issue: bim_eighteenth-century_a-letter-to-the-clergy-o_church-of-england-dioce_1789_0 . Next issue: bim_eighteenth-century_los-triunfos-de-la-pobre_nieto-david_1709 .	['pub_eighteenth-century', 'bim_microfilm', 'microfilm']
/works/OL1487721W	Alas	Rhoda Broughton	"title:""Alas"" AND mediatype:texts"	622	elfantasmadelasa0000vice	el fantasma de las alas de oro y luna benamor	vicente blasco ibanez	1948-01-01T00:00:00Z	1948.0				['internetarchivebooks', 'printdisabled', 'inlibrary']
/works/OL1487721W	Alas	Rhoda Broughton	"title:""Alas"" AND mediatype:texts"	622	DTIC_ADP012602	DTIC ADP012602: InAs Quantum Dots in AlAs/GaAs Short Period Superlattices: Structure, Optical Characteristics and Laser Diodes	Defense Technical Information Center	2002-01-01T00:00:00Z	2002.0		['DTIC Archive', 'Tokranov, Vadim', 'Yakimov, M.', 'Katsnelson, A.', 'Dovidenko, K.', 'Todt, R.', 'STATE UNIV OF NEW YORK AT ALBANY', '*DIODE LASERS', '*QUANTUM DOTS', 'OPTICAL PROPERTIES', 'EXCITATION', 'ELECTROLUMINESCENCE', 'GALLIUM ARSENIDES', 'PHOTOLUMINESCENCE', 'SUPERLATTICES', 'SEMICONDUCTOR DIODES', 'ALUMINUM ARSENIDES', 'INDIUM ARSENIDES', 'SELF ASSEMBLED MONOLAYERS.']	The influence of two monolayer - thick AlAs under- and overlayers on the formation and properties of self-assembled InAs quantum dots (QDs) has been studied using transmission electron microscopy (TEM) and photoluminescence (PL). Single sheets of InAs QDs were grown inside a 2 ML/8 ML AlAs/GaAs short-period superlattice with various combinations of under- and overlayers. It was found that 2.4 ML InAs QDs with GaAs underlayer and 2 ML AlAs overlayer exhibited the lowest QD surface density of 4.2 x 10(exp 10)/sq cm and the largest QD lateral size of about 19 nm as compared to the other combinations of cladding layers. This InAs QD ensemble has also shown the highest room temperature PL intensity with a peak at 1210 mn and the narrowest linewidth, 34 meV. Fabricated edge-emitting lasers using triple layers of InAs QDs with AlAs overlayer demonstrated 120 A/sq cm threshold current density and 1230 nm emission wavelength at room temperature. Excited state QD lasers have shown high thermal stability of threshold current up to 130 deg C.	['dticarchive', 'usgovernmentmirrors', 'government-documents']
/works/OL1487721W	Alas	Rhoda Broughton	"title:""Alas"" AND mediatype:texts"	622	alasmylove00layt_0	Alas, my love	Edith Layton	2005-01-01T00:00:00Z	2005.0	Avon Books			['internetarchivebooks', 'printdisabled', 'fav-awesomeblue', 'fav-cakraina', 'fav-coldbottoms', 'fav-tiria', 'openlibrary-d-ol', 'worthingtonlibraries-ol']
/works/OL1487721W	Alas	Rhoda Broughton	"title:""Alas"" AND mediatype:texts"	622	gov.uscourts.flsd.332399	Alas v. Seating Constructors Usaw, Inc.						This item represents a case in PACER, the U.S. Government's website for federal case data. This information is uploaded quarterly. To see our most recent version please use the source url parameter, linked below. To see the canonical source for this data, please consult PACER directly.	['usfederalcourts', 'USGovernmentDocuments', 'government-documents']
/works/OL1487721W	Alas	Rhoda Broughton	"title:""Alas"" AND mediatype:texts"	622	imslp-that-eer-i-knew-this-hour-webbe-samuel	Alas That e'er I Knew This Hour	Webbe, Samuel				['Duets', 'For 2 voices', 'For unaccompanied voices', 'Scores featuring the voice', 'English language']		['imslp', 'patron-library-collection']
/works/OL1487721W	Alas	Rhoda Broughton	"title:""Alas"" AND mediatype:texts"	622	workisheretostay0000levi	Work is here to stay, alas	Levitan, Sar A	1973-01-01T00:00:00Z	1973.0	Salt Lake City, Olympus Pub. Co	['Labor -- United States', 'Labor movement -- United States', 'Working class -- United States', 'Work']	['184 p. 24 cm', 'Rev. ed. published as: Second thoughts on work. 1982', 'Bibliography: p. [177]-181']	['internetarchivebooks', 'inlibrary', 'printdisabled', 'americanuniversity-ol', 'binghamton-ol', 'cua-ol', 'dartmouthlibrary-ol', 'drakeuniversity-ol', 'gwulibraries-ol', 'ithacacollege-ol', 'kalamazoocollege-ol', 'riceuniversity-ol', 'rochester-ol', 'the-claremont-colleges-ol', 'unb-ol', 'universityofarizona-ol', 'universityofcoloradoboulder-ol', 'universityofoklahoma-ol', 'wilsoncollege-ol']
/works/OL1487721W	Alas	Rhoda Broughton	"title:""Alas"" AND mediatype:texts"	622	in.ernet.dli.2015.54111	Loving Spirit Alas The Countless Links Are Strong That Bind Us To Our Clay The Loving Spirit Lingers Long And Would Pass Away	Bronte, E.	1931-01-01T00:00:00Z	1931.0		UOD	Book Source: Digital Library of India Item 2015.54111 dc.contributor.author: Bronte, E. dc.date.accessioned: 2015-06-29T14:40:34Z dc.date.available: 2015-06-29T14:40:34Z dc.date.copyrightexpirydate: 0000-00-00 dc.date.digitalpublicationdate: 0000-00-00 dc.date.citation: 1931 dc.identifier.barcode: 99999990241485 dc.identifier.origpath: /data4/upload/0094/289 dc.identifier.copyno: 1 dc.identifier.uri: http://www.new.dli.ernet.in/handle/2015/54111 dc.description.scanningcentre: UOD, Delhi dc.description.main: 1 dc.description.tagged: 0 dc.description.totalpages: 352 dc.format.mimetype: application/pdf dc.language.iso: English dc.publisher: Heinemann dc.rights: Not Available dc.source.library: Central Library, Delhi University dc.title: Loving Spirit Alas The Countless Links Are Strong That Bind Us To Our Clay The Loving Spirit Lingers Long And Would Pass Away	['digitallibraryindia', 'JaiGyan']
/works/OL1487721W	Alas	Rhoda Broughton	"title:""Alas"" AND mediatype:texts"	622	arxiv-cond-mat0301320	Implementation of an all-electron GW approximation based on the PAW method without plasmon pole approximation: application to Si, SiC, AlAs, InAs, NaH and KH	['S. Lebègue', 'B. Arnaud', 'M. Alouani', 'P. E. Bloechl']	2003-01-17T00:00:00Z	2003.0			A new implementation of the GW approximation (GWA) based on the all-electron Projector-Augmented-Wave method (PAW) is presented, where the screened Coulomb interaction is computed within the Random Phase Approximation (RPA) instead of the plasmon-pole model. Two different ways of computing the self-energy are reported. The method is used successfully to determine the quasiparticle energies of six semiconducting or insulating materials: Si, SiC, AlAs, InAs, NaH and KH. To illustrate the novelty of the method the real and imaginary part of the frequency-dependent self-energy together with the spectral function of silicon are computed. Finally, the GWA results are compared with other calculations, highlighting that all-electron GWA results can differ markedly from those based on pseudopotential approaches.	['arxiv', 'journals']
/works/OL1487721W	Alas	Rhoda Broughton	"title:""Alas"" AND mediatype:texts"	622	arxiv-cond-mat9808158	Anomalous spin-splitting of two-dimensional electrons in an AlAs Quantum Well							['arxiv', 'journals']
/works/OL1487721W	Alas	Rhoda Broughton	"title:""Alas"" AND mediatype:texts"	622	gov.uscourts.txsd.1727995	United States v. Alas-Leon						This item represents a case in PACER, the U.S. Government's website for federal case data. This information is uploaded quarterly. To see our most recent version please use the source url parameter, linked below. To see the canonical source for this data, please consult PACER directly.	['usfederalcourts', 'USGovernmentDocuments', 'government-documents']
/works/OL1487721W	Alas	Rhoda Broughton	"title:""Alas"" AND mediatype:texts"	622	alasinblunderlan0000gunn	Alas in Blunderland	Gunning, Peter	1991-01-01T00:00:00Z	1991.0	O'Brien	English drama	32p	['internetarchivebooks', 'printdisabled', 'inlibrary']
/works/OL1487721W	Alas	Rhoda Broughton	"title:""Alas"" AND mediatype:texts"	622	gov.uscourts.txsd.1730846	United States v. Alberto-Alas						This item represents a case in PACER, the U.S. Government's website for federal case data. This information is uploaded quarterly. To see our most recent version please use the source url parameter, linked below. To see the canonical source for this data, please consult PACER directly.	['usfederalcourts', 'USGovernmentDocuments', 'government-documents']
/works/OL1487721W	Alas	Rhoda Broughton	"title:""Alas"" AND mediatype:texts"	622	gov.uscourts.mied.334595	United States v. Alas-Molina						This item represents a case in PACER, the U.S. Government's website for federal case data. This information is uploaded quarterly. To see our most recent version please use the source url parameter, linked below. To see the canonical source for this data, please consult PACER directly.	['usfederalcourts', 'USGovernmentDocuments', 'government-documents']
/works/OL1487721W	Alas	Rhoda Broughton	"title:""Alas"" AND mediatype:texts"	622	DTIC_ADA345462	DTIC ADA345462: Reactions of H3Al NMe3 with E(SiMe3)3 (E = P, As). Structural Characterization of the Trimer H2AlP(SiMe3)23 and Base-Stabilized Adduct H2AlAs(SiMe3)2 NMe3, and Their Thermal Decomposition Toward Nanocrystalline AlP and AlAs, Respectively	Defense Technical Information Center	1998-05-23T00:00:00Z	1998.0		['DTIC Archive', 'Janik, J. F.', 'DUKE UNIV DURHAM NC DEPT OF CHEMISTRY', '*METHYL RADICALS', '*STRUCTURAL PROPERTIES', '*NITROGEN', '*HYDROGEN', '*SILICON', '*CHEMICAL REACTIONS', '*PHOSPHIDES', '*ALUMINUM ARSENIDES', '*ELIMINATION REACTIONS', 'THERMAL PROPERTIES', 'PARTICLE SIZE', 'HIGH RATE', 'DEGRADATION', 'SPECTROSCOPY', 'PRECURSORS', 'X RAY DIFFRACTION', 'SINGLE CRYSTALS', 'SEMICONDUCTORS', 'SOLIDS', 'CHEMICAL BONDS', 'CERAMIC MATERIALS', 'SOLUTIONS(GENERAL)', 'LIGANDS', 'CONTAMINANTS', 'ETHERS', 'PHOSPHORUS', 'DECOMPOSITION', 'ARSENIC', 'PYROLYSIS', 'RESIDUES', 'ETHYL RADICALS', 'CONDENSATION', 'SIDE REACTIONS.']	Dehydrosilylation reactions in diethyl ether between H3Al.NMe3 and E(SiMe3)3 afforded for E = P a high yield of the trimer H2AlP(SiMe3)23 (1) while for E = As a monomeric base-stabilized adduct H2AlAs(SiMe3)2.NMe3 (2) as well as its degradation solid product were obtained. No reaction occurred for E = N. The single-crystal X-ray structure determination for 1 yielded a planar six-membered ring of alternating four-coordinated Al and P centers. The structural solution for 2 revealed the monomeric unit H2AlAs(SiMe3)2 stabilized by coordination of NMe3 at the Al-site. Pyrolysis of 1 at 450 deg C promoted further dehydrosilylation and yielded a product which by XRD spectroscopy showed the onset of AlP crystallinity while at 950 deg C afforded nanocrystalline AlP with 5 nm average particle size. Pyrolysis of 2 at 450 deg C resulted in the formation of nanocrystalline AlAs with 2 nm average particle size. Under applied pyrolysis conditions for 1 and 2, the target elimination-condensation pathwayvia dehydrosilylation was accompanied by other decomposition side reactions and retention of some contaminant residues.	['dticarchive', 'usgovernmentmirrors', 'government-documents']
/works/OL1487721W	Alas	Rhoda Broughton	"title:""Alas"" AND mediatype:texts"	622	arxiv-cond-mat0207431	Valley splitting of AlAs two-dimensional electrons in a perpendicular magnetic field	['Y. P. Shkolnikov', 'E. P. De Poortere', 'E. Tutuc', 'M. Shayegan']	2002-07-17T00:00:00Z	2002.0			By measuring the angles at which the Landau levels overlap in tilted magnetic fields (the coincidence method), we determine the splitting of the conduction-band valleys in high-mobility two-dimensional (2D) electrons confined to AlAs quantum wells. The data reveal that, while the valleys are nearly degenerate in the absence of magnetic field, they split as a function of perpendicular magnetic field. The splitting appears to depend primarily on the magnitude of the perpendicular component of the magnetic field, suggesting electron-electron interaction as its origin.	['arxiv', 'journals']
/works/OL1487721W	Alas	Rhoda Broughton	"title:""Alas"" AND mediatype:texts"	622	arxiv-cond-mat0106436	Microscopic interface phonon modes in structures of GaAs quantum dots embedded in AlAs shells	['Shang-Fen Ren', 'G. Qin']	2001-06-21T00:00:00Z	2001.0			By means of a microscopic valence force field model, a series of novel microscopic interface phonon modes are identified in shell quantum dots(SQDs) composed of a GaAs quantum dot of nanoscale embedded in an AlAs shell of a few atomic layers in thickness. In SQDs with such thin shells, the basic principle of the continuum dielectric model and the macroscopic dielectric function are not valid any more. The frequencies of these microscopic interface modes lie inside the gap between the bulk GaAs band and the bulk AlAs band, contrary to the macroscopic interface phonon modes. The average vibrational energies and amplitudes of each atomic shell show peaks at the interface between GaAs and AlAs. These peaks decay fast as their penetrating depths from the interface increase.	['arxiv', 'journals']
/works/OL1487721W	Alas	Rhoda Broughton	"title:""Alas"" AND mediatype:texts"	622	alasdefuego0000gall	Alas de fuego	Gallego García, Laura, 1977-	2010-01-01T00:00:00Z	2010.0	[Madrid] : Laberinto	['Angels -- Fiction', 'Fantasy', 'Spanish language materials', 'Spanish language -- Reading materials', 'Angels -- Juvenile fiction', 'Angels']	['251 pages ; 23 cm', 'Seventeen-year-old Queen Marla governs a glowing nation, protected by Ahriel, a female angel, but when a conspiracy that could lead to war is uncovered, Ahriel is imprisoned in a savage and brutal jail from which no one has ever escaped']	['internetarchivebooks', 'printdisabled', 'fav-alex_simba', 'fav-audio_libros_warhammer', 'fav-g_nesis_barrera', 'fav-hd_zumito', 'openlibrary-d-ol']
/works/OL1487721W	Alas	Rhoda Broughton	"title:""Alas"" AND mediatype:texts"	622	alas-babylon-pat-frank	Alas, Babylon Pat Frank					Dystopian Novel	Mobi Book	['opensource', 'community']
/works/OL1487721W	Alas	Rhoda Broughton	"title:""Alas"" AND mediatype:texts"	622	alas-de-fuego-4-el-oscuro-secreto	Alas De Fuego #4, El Oscuro Secreto	Tui T. Sutherland	2023-09-01T00:00:00Z	2023.0		['Dragones', 'Lectura juvenil', 'Xenoficción', 'Alas de Fuego', 'Wings of Fire', 'Leara Martell', 'The Dark Secret']	DE ENTRE LAS SOMBRAS SURGEN NUEVO PELIGROS... Los misteriosos Alas Nocturnas lo mantienen todo en secreto, desde su hogar o su reina hasta su alianza en la guerra. Ahora han secuestrado a Nocturno, su dragonet del destino, y este está maravillado (y aterrorizado) por poder conocer por fin a su tribu. Pero el reino de los Alas Nocturnas está lleno de misterios aún más terribles de lo que cualquiera podría sospechar, y el destino de varios reinos descansa en las garras de Nocturno y en las decisiones que tome en este momento. Con el resto de los dragonets demasiado lejos para ayudarle, Nocturno tendrá que encontrar su propia forma de ser valiente... antes de que sea demasiado tarde.	['booksbylanguage_spanish', 'booksbylanguage']
/works/OL1487721W	Alas	Rhoda Broughton	"title:""Alas"" AND mediatype:texts"	622	arxiv-cond-mat0005028	Phonon Dispersion Effects and the Thermal Conductivity Reduction in GaAs/AlAs Superlattices	['W. E. Bies', 'R. J. Radtke', 'H. Ehrenreich']	2000-05-01T00:00:00Z	2000.0			The experimentally observed order-of-magnitude reduction in the thermal conductivity along the growth axis of (GaAs)_n/(AlAs)_n (or n x n) superlattices is investigated theoretically for (2x2), (3x3) and (6x6) structures using an accurate model of the lattice dynamics. The modification of the phonon dispersion relation due to the superlattice geometry leads to flattening of the phonon branches and hence to lower phonon velocities. This effect is shown to account for a factor-of-three reduction in the thermal conductivity with respect to bulk GaAs along the growth direction; the remainder is attributable to a reduction in the phonon lifetime. The dispersion-related reduction is relatively insensitive to temperature (100 < T < 300K) and n. The phonon lifetime reduction is largest for the (2x2) structures and consistent with greater interface scattering. The thermal conductivity reduction is shown to be appreciably more sensitive to GaAs/AlAs force constant differences than to those associated with molecular masses.	['arxiv', 'journals']
/works/OL1487721W	Alas	Rhoda Broughton	"title:""Alas"" AND mediatype:texts"	622	arxiv-cond-mat0410155	Interesting coupling phenomena of heavy and light holes in a (GaAs/AlAs) superlattice	['L. Diago-Cisneros', 'H. Rodriguez-Coppola', 'R. Perez-Alvarez', 'P. Pereyra']	2004-10-06T00:00:00Z	2004.0			An appropriate combination of the scattering theory and the transfer matrix formalism, for the solution of a (4 x 4) Kohn-Luttinger model, allow us to study the multichannel-multiband transmission process of heavy and light holes through a (GaAs/AlAs) superlattice. Appealing effects and interesting channel coupling phenomena, mediated by quasi-bond states, are clearly foreseen.	['arxiv', 'journals']
/works/OL1487721W	Alas	Rhoda Broughton	"title:""Alas"" AND mediatype:texts"	622	arxiv-cond-mat0411312	Ultrafast Optical Response of a High-Reflectivity GaAs/AlAs Bragg Mirror	['Sara R. Hastings', 'Michiel J. A. de Dood', 'Hyochul Kim', 'William Marshall', 'Hagai S. Eisenberg', 'Dirk Bouwmeester']	2004-11-11T00:00:00Z	2004.0			The ultrafast response of a high-reflectivity GaAs/AlAs Bragg mirror to optical pumping is investigated for all-optical switching applications. Both Kerr and free carrier nonlinearities are induced with 100 fs, 780 nm pulses with a fluence of 0.64 kJ/m^2 and 0.8 kJ/m^2. The absolute transmission of the mirror at 931 nm increases by a factor of 27 from 0.0024% to 0.065% on a picosecond timescale. These results demonstrate the potential for a high-reflectivity ultrafast switchable mirror for quantum optics and optical communication applications. A design is proposed for a structure to be pumped below the bandgaps of the semiconductor mirror materials. Theoretical calculations on this structure show switching ratios up to 2200 corresponding to switching from 0.017% to 37.4% transmission.	['arxiv', 'journals']
/works/OL1487721W	Alas	Rhoda Broughton	"title:""Alas"" AND mediatype:texts"	622	arxiv-cond-mat0411741	Giant low-temperature piezoresistance effect in AlAs two-dimensional electrons	['Y. P. Shkolnikov', 'K. Vakili', 'E. P. De Poortere', 'M. Shayegan']	2004-11-30T00:00:00Z	2004.0			We present piezoresistance measurements in modulation doped AlAs quantum wells where the two-dimensional electron system occupies two conduction band valleys with elliptical Fermi contours. Our data demonstrate that, at low temperatures, the strain gauge factor (the fractional change in resistance divided by the sample's fractional length change) in this system exceeds 10,000. Moreover, in the presence of a moderate magnetic field perpendicular to the plane of the two-dimensional system, gauge factors up to 56,000 can be achieved. The piezoresistance data can be explained qualitatively by a simple model that takes into account intervalley charge transfer.	['arxiv', 'journals']
/works/OL1487721W	Alas	Rhoda Broughton	"title:""Alas"" AND mediatype:texts"	622	arxiv-0710.2711	High photo-excited carrier multiplication by charged InAs dots in AlAs/GaAs/AlAs resonant tunneling diode	['Wangping Wang', 'Ying Hou', 'Dayuan Xiong', 'Ning Li', 'Wei Lu']	2007-10-15T00:00:00Z	2007.0			We present an approach for the highly sensitive photon detection based on the quantum dots (QDs) operating at temperature of 77K. The detection structure is based on an AlAs/GaAs/AlAs double barrier resonant tunneling diode combined with a layer of self-assembled InAs QDs (QD-RTD). A photon rate of 115 photons per second had induced 10nA photocurrent in this structure, corresponding to the photo-excited carrier multiplication factor of 10^7. This high multiplication factor is achieved by the quantum dot induced memory effect and the resonant tunneling tuning effect of QD-RTD structure.	['arxiv', 'journals']
/works/OL1487721W	Alas	Rhoda Broughton	"title:""Alas"" AND mediatype:texts"	622	alas-2000-uruguay	alas-2000-uruguay					ALAS URUGUAY	ALAS 2000 Si tu vocación es VOLAR aquí serás todo lo que puedas ser ESCUELA MILITAR DE AERONAUTICA URUGUAY	['pthomass-library', 'patron-library-collection']
/works/OL1487721W	Alas	Rhoda Broughton	"title:""Alas"" AND mediatype:texts"	622	alaspoordarwinar0000unse	Alas, poor Darwin : arguments against evolutionary psychology		2000-01-01T00:00:00Z	2000.0	New York : Harmony Books	['Genetic psychology', 'Human evolution']	['p. ; cm', 'Includes index']	['internetarchivebooks', 'printdisabled', 'inlibrary', 'fav-hakanakah', 'fav-james_milne']
/works/OL1487721W	Alas	Rhoda Broughton	"title:""Alas"" AND mediatype:texts"	622	gov.uscourts.txwd.999387	United States v. Alas-Parada						This item represents a case in PACER, the U.S. Government's website for federal case data. This information is uploaded quarterly. To see our most recent version please use the source url parameter, linked below. To see the canonical source for this data, please consult PACER directly.	['usfederalcourts', 'USGovernmentDocuments', 'government-documents']
/works/OL1487721W	Alas	Rhoda Broughton	"title:""Alas"" AND mediatype:texts"	622	gov.uscourts.vaed.455594	United States v. Alas						This item represents a case in PACER, the U.S. Government's website for federal case data. This information is uploaded quarterly. To see our most recent version please use the source url parameter, linked below. To see the canonical source for this data, please consult PACER directly.	['usfederalcourts', 'USGovernmentDocuments', 'government-documents']
/works/OL1487721W	Alas	Rhoda Broughton	"title:""Alas"" AND mediatype:texts"	622	lasmejoresalas0000malp	Las mejores alas	Malpica, Toño, 1967-	2007-01-01T00:00:00Z	2007.0	México, D.F. : Ediciones Castillo	['Friendship -- Juvenile fiction', 'Wishes -- Juvenile fiction', 'Street children -- Juvenile fiction', 'Friendship -- Fiction', 'Wishes -- Fiction', 'Spanish language materials', 'Amistad -- Novela juvenil', 'Deseos -- Novela juvenil', 'Niños -- Novela juvenil', 'Friendship', 'Street children', 'Wishes']	"['127 pages : 20 cm', '""Gus es un niño de la calle que sueña con tener un avión para volar y estar cerca de las estrellas. Junto con sus amigos y en medio de la difícil situación en la que viven, conoce la alegría y la sencillez, así como el valor de la amistad. ¿Podrá hacer su anhelo realidad con los 4,765 pesos que cuesta el avión?""--Gonvill.com.mx', 'Gus was saving up all the money he earned to buy his own plane but when a friend needs an operation, he must decide between his dreams and his friendship', '""Edad lectora 10+""--Page 4 of cover']"	['internetarchivebooks', 'inlibrary', 'printdisabled', 'fav-capetown5928', 'fav-industries_both', 'fav-nou09']
/works/OL1487721W	Alas	Rhoda Broughton	"title:""Alas"" AND mediatype:texts"	622	bim_early-english-books-1475-1640_alas-poor-scholler-whit_wild-robert_1640	Alas poor scholler, whither wilt thou goe: ... 1640	Wild, Robert.	1640-01-01T00:00:00Z	1640.0	England : s.n.	['Books', 'microfilm']	Alas poor scholler, whither wilt thou goe: ... 1640.. Digitized from IA40310604-85 . Previous issue: bim_early-english-books-1475-1640_an-exposition-vppon-the-_wilcox-thomas_1585 . Next issue: bim_early-english-books-1475-1640_isahacs-inheritance-_wilkinson-edward_1603 .	['pub_early-english-books-1475-1640', 'bim_microfilm', 'microfilm']
/works/OL1487721W	Alas	Rhoda Broughton	"title:""Alas"" AND mediatype:texts"	622	gov.uscourts.ilsd.80306	United States v. Hernandez-Alas						This item represents a case in PACER, the U.S. Government's website for federal case data. This information is uploaded quarterly. To see our most recent version please use the source url parameter, linked below. To see the canonical source for this data, please consult PACER directly.	['usfederalcourts', 'USGovernmentDocuments', 'government-documents']
/works/OL1487721W	Alas	Rhoda Broughton	"title:""Alas"" AND mediatype:texts"	622	gov.uscourts.ned.61355	United States v. Alas-Miranda						This item represents a case in PACER, the U.S. Government's website for federal case data. If you wish to see the entire case, please consult PACER directly.	['usfederalcourts', 'USGovernmentDocuments', 'government-documents']
/works/OL1487721W	Alas	Rhoda Broughton	"title:""Alas"" AND mediatype:texts"	622	gov.uscourts.nebraskab.176255	Victor A. Alas						This item represents a case in PACER, the U.S. Government's website for federal case data. This information is uploaded quarterly. To see our most recent version please use the source url parameter, linked below. To see the canonical source for this data, please consult PACER directly.	['usfederalcourts', 'USGovernmentDocuments', 'government-documents']
/works/OL1487721W	Alas	Rhoda Broughton	"title:""Alas"" AND mediatype:texts"	622	gov.uscourts.nvd.120699	United States v. Alas-Valle						This item represents a case in PACER, the U.S. Government's website for federal case data. If you wish to see the entire case, please consult PACER directly.	['usfederalcourts', 'USGovernmentDocuments', 'government-documents']
/works/OL1487721W	Alas	Rhoda Broughton	"title:""Alas"" AND mediatype:texts"	622	lasalasdelahormi459port	Las alas de la hormiga : sainete en prosa	Portillo, Eduardo M. del (Eduardo Muñoz), 1895-1951	1921-01-01T00:00:00Z	1921.0	Madrid : Impr. de La Correspondencia Militar		"['Imprint on cover: Madrid : Sociedad de Autores Españoles, 1921', ""No. 14, in vol. 459 with binder's title: Teatro Español : serie A""]"	['spandr', 'unclibraries', 'americana']
/works/OL1487721W	Alas	Rhoda Broughton	"title:""Alas"" AND mediatype:texts"	622	gov.uscourts.utb.411102	Ivan M Oropeza and Johanna Alas						This item represents a case in PACER, the U.S. Government's website for federal case data. This information is uploaded quarterly. To see our most recent version please use the source url parameter, linked below. To see the canonical source for this data, please consult PACER directly.	['usfederalcourts', 'USGovernmentDocuments', 'government-documents']
/works/OL1487721W	Alas	Rhoda Broughton	"title:""Alas"" AND mediatype:texts"	622	gov.uscourts.nynd.101978	Alas v. Champlain Valley Specialty of New York, Inc.						This item represents a case in PACER, the U.S. Government's website for federal case data. If you wish to see the entire case, please consult PACER directly.	['usfederalcourts', 'USGovernmentDocuments', 'government-documents']
/works/OL1487721W	Alas	Rhoda Broughton	"title:""Alas"" AND mediatype:texts"	622	DTIC_ADP012747	DTIC ADP012747: Interfaces Correlation Effect in 2D GaAs/AlAs Heterostructures	Defense Technical Information Center	1998-06-01T00:00:00Z	1998.0		['DTIC Archive', 'Belousov, M. V.', 'Chernyshov, A. Y.', 'Kozin, I. E.', 'Gibbs, H. M.', 'Khitrova, G.', 'SAINT PETERSBURG STATE UNIV (RUSSIA)', '*QUANTUM WELLS', '*SUPERLATTICES', 'THICKNESS', 'INTERFACES', 'GALLIUM ARSENIDES', 'RUSSIA', 'ALUMINUM ARSENIDES', 'EXCITONS', 'SPECTRAL LINES', 'MOLECULAR BEAM EPITAXY.']	A single 4.5-nm GaAs quantum well (QW) is grown into GaAs/AlAs superlattices (SL). For a sample with 120-s growth interruptionS (GI) at the GaAs surfaces we have exciton linewidth the same as for best quality GaAs/AlAs thin QW with long time GI at bottom and top interfaces. For the sample wfth 120-s and 20-s GI at the GaAs and AlAs surfaces, respectively, the smallest linewidth (1.4 meV) occurs when the AlAs thickness is exactly an integer number of monolayers (ML). Then each AlAs surface almost reproduces the large-island GaAs surface just below it (interface correlation effect), providing a better AlAs surface on which the QW is grown.	['dticarchive', 'usgovernmentmirrors', 'government-documents']
/works/OL1487721W	Alas	Rhoda Broughton	"title:""Alas"" AND mediatype:texts"	622	DTIC_ADP013070	DTIC ADP013070: Regular Trends in Fine Structure and Localization of Excitons in Type II GaAs/AlAs Superlattices With a Gradient of Composition	Defense Technical Information Center	2000-06-23T00:00:00Z	2000.0		['DTIC Archive', 'Baranov, P. G.', 'Romanov, N. G.', 'Hofstaetter, A.', 'Meyer, B. K.', 'Scharmann, A.', 'RUSSIAN ACADEMY OF SCIENCES SAINT PETERSBURG IOFFE PHYSICAL-TECHNICAL INST', '*QUANTUM WELLS', '*SUPERLATTICES', 'SPECTROSCOPY', 'GALLIUM ARSENIDES', 'MAGNETIC RESONANCE', 'RUSSIA', 'ALUMINUM ARSENIDES', 'EXCITONS', 'MOLECULAR BEAM EPITAXY.']	Optically detected magnetic resonance and level anticrossing spectroscopy were used to reveal regular trends in the behavior of the fine structure of excitons, their dynamic properties and localization at the opposite interfaces in type II GaAs/AlAs superlattices grown by MBE with a gradient of layer thicknesses in the SL plane.	['dticarchive', 'usgovernmentmirrors', 'government-documents']
/works/OL1487721W	Alas	Rhoda Broughton	"title:""Alas"" AND mediatype:texts"	622	alasnegras0000gall	Alas negras	Gallego García, Laura, 1977-	2009-01-01T00:00:00Z	2009.0	[Madrid] : Laberinto	['Angels -- Juvenile fiction', 'Fantasy', 'Spanish language materials', 'Angels -- Fiction', 'Anges -- Romans, nouvelles, etc. pour la jeunesse', 'Fantasmes', 'Angels', 'Spanish language -- Reading materials']	['439 pages ; 23 cm', 'The angel Ahriel has reclaimed her freedom and gained her vengeance, but there is still more work to do']	['internetarchivebooks', 'printdisabled', 'inlibrary', 'fav-alex_simba', 'fav-g_nesis_barrera']
/works/OL1487721W	Alas	Rhoda Broughton	"title:""Alas"" AND mediatype:texts"	622	LaRegentaLeopoldoAlas	La Regenta - Leopoldo Alas	Leopoldo Alas	1900-01-01T00:00:00Z	1900.0		['Spain', 'Social life and customs', 'Fiction', 'Married people', 'Ficción', 'España', 'matrimonios', 'español', 'vida social', 'costumbres']	"La Regenta - Leopoldo Alas Proyecto Gutenberg, ref 17073 ""Escribió [Leopoldo] Alas su obra en tiempos no lejanos, cuando andábamos en aquella procesión del Naturalismo, marchando hacia el templo del arte con menos pompa retórica de la que antes se usaba, abandonadas las vestiduras caballerescas, y haciendo gala de la ropa usada en los actos comunes de la vida. A muchos imponía miedo el tal Naturalismo, creyéndolo portador de todas las fealdades sociales y humanas; en su mano veían un gran plumero con el cual se proponía limpiar el techo de ideales, que a los ojos de él eran como telarañas, y una escoba, con la cual había de barrer del suelo las virtudes, los sentimientos puros y el lenguaje decente. Creían que el Naturalismo substituía el Diccionario usual por otro formado con la recopilación prolija de cuanto dicen en sus momentos de furor los carreteros y verduleras, los chulos y golfos más desvergonzados. Las personas crédulas y sencillas no ganan para sustos en los días en que se hizo moda hablar de aquel sistema, como de una rara novedad y de un peligro para el arte. Luego se vio que no era peligro ni sistema, ni siquiera novedad, pues todo lo esencial del Naturalismo lo teníamos en casa desde tiempos remotos, y antiguos y modernos conocían ya la soberana ley de ajustar las ficciones del arte a la realidad de la naturaleza y del alma, representando cosas y personas, caracteres y lugares como Dios los ha hecho. Era tan sólo novedad la exaltación del principio, y un cierto desprecio de los resortes imaginativos y de la psicología espaciada y ensoñadora."" (Extracto del prólogo, de Benito Pérez Galdós)"	['booksbylanguage_spanish', 'booksbylanguage', 'fav-basquette', 'fav-t_lio_vin_cius']
/works/OL1487721W	Alas	Rhoda Broughton	"title:""Alas"" AND mediatype:texts"	622	lasalasdeldinosa0000gaza	Las alas del dinosaurio	Gazan, Sissel-Jo, 1973- author	2011-01-01T00:00:00Z	2011.0	México : Alfaguara	['Police -- Denmark -- Copenhagen -- Fiction', 'Murder -- Denmark -- Copenhagen -- Fiction', 'Women graduate students -- Denmark -- Copenhagen -- Fiction', 'Evolution (Biology) -- Fiction', 'Policía -- Dinamarca -- Novela', 'Asesinato -- Dinamarca -- Novela', 'Evolution (Biology)', 'Murder', 'Police', 'Women graduate students', 'Denmark -- Copenhagen']	"['494 pages ; 24 cm', '""¿Puede alguien perder la vida por algo que ocurrió hace millones de años? Las alas del dinosaurio no es sólo un trepidante thriller científico repleto de intriga psicológica, sino también una apasionante historia de amor. Una novela sobre la naturaleza humana y los secretos que enturbian nuestras vidas""--Page 4 of cover', 'Translation of: Dinosaurens fijer']"	['internetarchivebooks', 'inlibrary', 'printdisabled']
/works/OL1487721W	Alas	Rhoda Broughton	"title:""Alas"" AND mediatype:texts"	622	gov.uscourts.cand.417037	United States v. Alas-Avila						This item represents a case in PACER, the U.S. Government's website for federal case data. If you wish to see the entire case, please consult PACER directly.	['usfederalcourts', 'USGovernmentDocuments', 'government-documents']
/works/OL1487721W	Alas	Rhoda Broughton	"title:""Alas"" AND mediatype:texts"	622	alas-2013-uruguay	alas-2013-uruguay					ALAS URUGUAY	ALAS 2014 Si tu vocación es VOLAR aquí serás todo lo que puedas ser ESCUELA MILITAR DE AERONAUTICA URUGUAY	['pthomass-library', 'patron-library-collection']
/works/OL1487721W	Alas	Rhoda Broughton	"title:""Alas"" AND mediatype:texts"	622	alas-2019-uruguay	alas-2019-uruguay					ALAS URUGUAY	ALAS 2019 Si tu vocación es VOLAR aquí serás todo lo que puedas ser ESCUELA MILITAR DE AERONAUTICA URUGUAY	['pthomass-library', 'patron-library-collection']
/works/OL1487721W	Alas	Rhoda Broughton	"title:""Alas"" AND mediatype:texts"	622	alas-babylon-pat-frank_202512	Alas, Babylon Pat Frank	Pat Frank	1959-01-01T00:00:00Z	1959.0		Post-Nuclear Apocalyptic	Post-Nuclear Apocalyptic  	['opensource', 'fav-yoshiyamadeep']
/works/OL1487721W	Alas	Rhoda Broughton	"title:""Alas"" AND mediatype:texts"	622	alas-comix-1994	Alas Comix	Steve Willis (Editor), Aleksandar Zograf	1994-01-01T00:00:00Z	1994.0		['mini-comix', 'mini-comic']	Collects Alas Comix 1-3	['comics_inbox', 'comics', 'folkscanomy', 'fav-7374296576992', 'fav-charles_yeo', 'fav-jaunevertbleu', 'fav-karissa_sakumoto', 'fav-rashozo']
/works/OL1487721W	Alas	Rhoda Broughton	"title:""Alas"" AND mediatype:texts"	622	alas-de-fuego-5-la-noche-mas-brillante-fan-traduccion-por-katia-y-monki-donki	Alas de Fuego #5, La Noche más Brillante - Fan-traducción por Katia y Monki_Donki	Katia_65	2025-02-14T00:00:00Z	2025.0		['Dragones', 'Lectura juvenil', 'Xenoficción', 'Alas de Fuego', 'Wings of Fire', 'Fan-traducción', 'Katia_65', 'Monki_Donki', 'The Brightest Night']	(Fan-traducción no oficial) Una tendrá el poder de las alas de fuego... Sol siempre se ha tomado muy en serio la profecía de los dragonets; Si los dragones de Pirria necesitan de ella, Cieno, Tsunami, Gloria y Nocturno para poner fin a la guerra, ella está dispuesta a intentarlo. Incluso tiene algunas buenas ideas sobre cómo hacerlo, si tan solo se molestaran en escucharla... Pero la impactante noticia de Oráculo ha sacudido la fe de Sol en su destino. ¿Es posible que alguien ponga fin a esta terrible guerra y elija a una nueva reina para los Alas Arenosas? ¿Y si todo lo que han pasado ha sido para nada? Secretos enterrados, sorpresas mortales y un lado inesperado de los carroñeros la esperan en las arenas movedizas del desierto, donde Sol debe decidir de una vez por todas: ¿Su destino ya está escrito? ¿O pueden cinco dragonets cambiar su destino y salvar el mundo... de la manera que ellos elijan?	['booksbylanguage_spanish', 'booksbylanguage', 'fav-lourdes_villalba']
/works/OL1487721W	Alas	Rhoda Broughton	"title:""Alas"" AND mediatype:texts"	622	alas-de-fuego-la-profecia-novela-grafica	Alas De Fuego #1, La Profecía (Novela Gráfica)	Tui T. Sutherland	2021-06-17T00:00:00Z	2021.0		['Dragones', 'Lectura juvenil', 'Xenoficción', 'Mike Holmes', 'Alas de Fuego', 'Wings of Fire', 'Jorge Rizzo', 'The Dragonet Prophecy', 'Novela gráfica']	No todos los dragones quieren tener un destino... Cieno ha crecido en las profundidades de la montaña, junto con otros cuatro dragonets elegidos, como él, para cumplir una misteriosa profecía y poner fin a la guerra entre las tribus de dragones. Cieno no sabe si creer en la profecía, pero no se puede imaginar vivir sin sus mejores amigos. Así que cuando uno de ellos se ve amenazado los cinco entran en acción. Juntos escogerán la libertad por delante del destino, abandonarán la montaña y lucharán por la paz... a su manera.	['opensource', 'fav-bookbird789']
/works/OL1487721W	Alas	Rhoda Broughton	"title:""Alas"" AND mediatype:texts"	622	alasnovel01brou1	Alas! : a novel	Broughton, Rhoda, 1840-1920	1890-01-01T00:00:00Z	1890.0	London : R. Bentley and Son		"['3 v. ; 18 cm', 'Title in red and black; head and tailpieces', 'Decorative cover', ""Publisher's advertisement: 6 p. (at end of v. 3)""]"	['19thcennov', 'university_of_illinois_urbana-champaign', 'americana']
/works/OL1487721W	Alas	Rhoda Broughton	"title:""Alas"" AND mediatype:texts"	622	manualzilla-id-6410851	coupe pavé - ALAS du CEA de Marcoule					['manualzilla', 'manuals']		['manuals_contributions', 'manuals']
/works/OL1487721W	Alas	Rhoda Broughton	"title:""Alas"" AND mediatype:texts"	622	DTIC_ADP013276	DTIC ADP013276: Large Increase of Electron Mobility in a Modulation-Doped AlGaAs/GaAs/AlGaAs Quantum Well with an Inserted Thin AlAs Barrier	Defense Technical Information Center	2001-06-01T00:00:00Z	2001.0		['DTIC Archive', 'Pozela, K.', 'Poleza, J.', 'Juciene, V.', 'SEMICONDUCTOR PHYSICS INST VILNIUS (LITHUANIA)', '*ELECTRON SCATTERING', 'QUANTUM THEORY', 'QUANTUM WELLS', 'ALUMINUM GALLIUM ARSENIDES', 'BARRIERS', 'PHONONS', 'ELECTRON MOBILITY', 'LITHUANIA.']	The electron (polar optical (PO)) phonon scattering mechanisms which determine the electron mobility in a Al(0.25)Ga(0.75) As/GaAs/Al(0.25) Ga(0.75). As quantum well (QW) with an inserted thin AlAs barrier are considered. It is shown that the decrease of the second subband electron scattering by PO-phonon emission is responsible for the large increase of the mobility in the QW with the inserted barrier.	['dticarchive', 'usgovernmentmirrors', 'government-documents']
/works/OL1487721W	Alas	Rhoda Broughton	"title:""Alas"" AND mediatype:texts"	622	gov.uscourts.ilnb.1194139	Gerson Daniel Alas						This item represents a case in PACER, the U.S. Government's website for federal case data. If you wish to see the entire case, please consult PACER directly.	['usfederalcourts', 'USGovernmentDocuments', 'government-documents']
/works/OL1487721W	Alas	Rhoda Broughton	"title:""Alas"" AND mediatype:texts"	622	arxiv-cond-mat0501722	Experimental Observation of Kondo-Fano Resonant Tunneling in Silicon-Doped GaAs/AlAs Multiple Quantum Wells	['S. J. Xu', 'S. -J. Xiong', 'J. Liu', 'H. Z. Zheng', 'F. C. Zhang']	2006-02-23T00:00:00Z	2006.0			We report experimental observation of Kondo-Fano resonant tunneling in Si-doped GaAs/AlAs multiple quantum wells. The spectrum of differential tunneling conductance at low bias shows a strong temperature dependent resonance, whose peak is split in the presence of a magnetic field, characteristic of a Kondo resonance. The data is well explained as a resonant tunneling of conduction electrons at the Fermi level through the doped silicon impurity states inside the wells by using an impurity Anderson model. The Coulomb blockade resonance of the impurity states induces a Fano dip above the Kondo resonance.	['arxiv', 'journals']
/works/OL1487721W	Alas	Rhoda Broughton	"title:""Alas"" AND mediatype:texts"	622	DTIC_ADP013025	DTIC ADP013025: Optical Absorption and Birefringence in GaAs/AlAs MQW Structures Due to Intersubband Electron Transitions	Defense Technical Information Center	2000-06-23T00:00:00Z	2000.0		['DTIC Archive', 'Vorobjev, L. E.', 'Danilov, S. N.', 'Titkov, I. E.', 'Firsov, D. A.', 'Shalygin, V. A.', 'RUSSIAN ACADEMY OF SCIENCES SAINT PETERSBURG IOFFE PHYSICAL-TECHNICAL INST', '*ELECTROOPTICS', '*MULTIPLE QUANTUM WELLS', 'GALLIUM ARSENIDES', 'INFRARED LASERS', 'RADIATION ABSORPTION', 'QUANTIZATION', 'BIREFRINGENCE', 'RUSSIA', 'ALUMINUM ARSENIDES', 'ELECTRON TRANSITIONS', 'INTERMEDIATE INFRARED RADIATION.']	For the first time the electrooptical phenomena due to intersubband electron transitions were investigated in GaAs/AlAs MQW structures. These structures are purposed for creation a mid infrared laser of new type. Experimental results on electron redistribution between size- quantization levels under electron heating were obtained up to electric field of 3500 V/cm.	['dticarchive', 'usgovernmentmirrors', 'government-documents']
/works/OL1487721W	Alas	Rhoda Broughton	"title:""Alas"" AND mediatype:texts"	622	zurita-alas-clarin-leopoldo	Zurita Alas Clarin Leopoldo	Leopoldo Alas «Clarín»				Elejandria	"Año de la primera publicación: 1886 Edición: B. Rodríguez Serra, 1900 Perteneciente en su origen a la obra ""Pipá"""	['opensource']
/works/OL1487721W	Alas	Rhoda Broughton	"title:""Alas"" AND mediatype:texts"	622	gov.uscourts.ilnb.1126972	Clara L Alas						This item represents a case in PACER, the U.S. Government's website for federal case data. If you wish to see the entire case, please consult PACER directly.	['usfederalcourts', 'USGovernmentDocuments', 'government-documents']
/works/OL1487721W	Alas	Rhoda Broughton	"title:""Alas"" AND mediatype:texts"	622	0136-pdf-islam-translation-bengali-language-al-muhafajatu-alas-sunnah	0136 Pdf Islam Translation Bengali Language Al Muhafajatu Alas Sunnah					zzzzzz	zzzzz	['rabieaaa2022', 'audio_religion']
/works/OL1487721W	Alas	Rhoda Broughton	"title:""Alas"" AND mediatype:texts"	622	conlasalasrotasc13915diez	Con las alas rotas : comedia en un acto y en prosa	Diez del Corral, Eduardo	1918-01-01T00:00:00Z	1918.0	Madrid : R. Velasco [impresor]		Author's autograph in copy 1	['spandr', 'unclibraries', 'americana']
/works/OL1487721W	Alas	Rhoda Broughton	"title:""Alas"" AND mediatype:texts"	622	614alastlab-w-alartdad-alas-hrb-ar_PTIFF	614alastlab-w-alartdad-alas-hrb-ar_PTIFF					['Aljam3aLibrary', 'المكتبة الجامعة']	الاستلاب و الارتداد : الاسلام بين روجيه غارودى و نصر حامد ابو زيد قامت برفعه لهذا الموقع المكتبة الجامعة uploaded by Aljam3aLibrary www.aljam3a-library.com تطبيق الأندرويد تطبيق الآيفون والآيباد برمجة وتطوير محمد الجامع	['aljam3alibrary', 'booksbylanguage_arabic', 'booksbylanguage', 'fav-mohamed_hussien_56']
/works/OL1487721W	Alas	Rhoda Broughton	"title:""Alas"" AND mediatype:texts"	622	irma-carranza-compartiendo-mis-alas-1979-correciones	COMPARTIENDO MIS ALAS	Irma Carranza	1979-09-21T00:00:00Z	1979.0		['poetry', 'poesía', 'Latin American', 'latinoamericana', 'irma carranza']	This copy of her poetry book belonged to it's author Irma Carranza and contains her handwritten corrections. Esta copia de su libro de poesía, perteneció a su autora y contiene las correcciones manuscritas que ella misma le realizó. 	['booksbylanguage_spanish', 'booksbylanguage', 'fav-sergio_rodr_guez_carranza']
/works/OL1487721W	Alas	Rhoda Broughton	"title:""Alas"" AND mediatype:texts"	622	alasiamaprussia01unkngoog	Alas! I am a Prussian;	Prussian	1916-01-01T00:00:00Z	1916.0	New York, J. a. J. Tibbals	World War, 1914-1918	Book digitized by Google from the library of the New York Public Library and uploaded to the Internet Archive by user tpb.	['americana', 'fav-sottunar']
/works/OL1487721W	Alas	Rhoda Broughton	"title:""Alas"" AND mediatype:texts"	622	alas-2015-uruguay	alas-2015-uruguay					ALAS URUGUAY	ALAS 2015 Si tu vocación es VOLAR aquí serás todo lo que puedas ser ESCUELA MILITAR DE AERONAUTICA URUGUAY	['pthomass-library', 'patron-library-collection']
/works/OL1487721W	Alas	Rhoda Broughton	"title:""Alas"" AND mediatype:texts"	622	alassobredelftwi0000unse	Alas sobre Delft/ Wings over Delft		2009-01-01T00:00:00Z	2009.0	Oniro		pages	['internetarchivebooks', 'printdisabled', 'inlibrary', 'fav-eilishlk']
/works/OL1487721W	Alas	Rhoda Broughton	"title:""Alas"" AND mediatype:texts"	622	alas-1997-uruguay	ALAS 1997 Uruguay					ALAS URUGUAY	ALAS 1997 Si tu vocación es VOLAR aquí serás todo lo que puedas ser ESCUELA MILITAR DE AERONAUTICA URUGUAY	['pthomass-library', 'patron-library-collection']
/works/OL1487721W	Alas	Rhoda Broughton	"title:""Alas"" AND mediatype:texts"	622	LasAlasDePeron	Las Alas De Peron	Ricardo Burzaco, Editorial Da Vinci	1995-01-01T00:00:00Z	1995.0		['Aviacion', 'aircraft', 'historia', 'history', 'Peron']	Las Alas de Perón	['booksbylanguage_spanish', 'booksbylanguage', 'fav-kantiano']
/works/OL1487721W	Alas	Rhoda Broughton	"title:""Alas"" AND mediatype:texts"	622	LasAlasDePeronRBurzacoDaVinci1995	Las Alas De Peron R Burzaco Da Vinci 1995					['Aviación', 'Historia']	Las Alas De Peron R Burzaco Da Vinci 1995	['booksbylanguage_spanish', 'booksbylanguage', 'fav-kantiano', 'fav-laskoinq', 'fav-mariano_porta', 'fav-nikos3194', 'fav-pycouse']
/works/OL1487721W	Alas	Rhoda Broughton	"title:""Alas"" AND mediatype:texts"	622	gov.uscourts.ksd.122441	United States v. Tolentino-Alas						This item represents a case in PACER, the U.S. Government's website for federal case data. This information is uploaded quarterly. To see our most recent version please use the source url parameter, linked below. To see the canonical source for this data, please consult PACER directly.	['usfederalcourts', 'USGovernmentDocuments', 'government-documents']
/works/OL1487721W	Alas	Rhoda Broughton	"title:""Alas"" AND mediatype:texts"	622	volarsinalascome1131cata	Volar sin alas : comedia en cinco actos y en prosa	Catalina, Juan, 1830-1870	1867-01-01T00:00:00Z	1867.0	Madrid : Impr. de J. Rodríguez		"['On cover: El Teatro', ""No. 1, in vol. 113 with binder's title: Teatro Español : serie A""]"	['spandr', 'unclibraries', 'americana']
/works/OL509889W	The Good Soldier	Ford Maddox Ford	"title:""The Good Soldier"" AND mediatype:texts"	97	goodsoldier0000mitc	The good soldier	Mitchell, Julian, 1935- author	2010-01-01T00:00:00Z	2010.0	London : Oberon Books	['Married people -- Drama', 'Married people']	"['103 pages ; 21 cm', '""\'This is the saddest story I have ever heard.\' Sobegins Julian Mitchell\'s stage adaptation of Ford Madox Ford\'s classic novel, The Good Soldier, a tale of deceit, delusion, and disintegrating marriage in pre-war Britain. Two seemingly upstanding couples find their friendships enveloped by scandal and tragedy, as the facade of wealth and privilege falls away and details of their indiscretions emerge']"	['internetarchivebooks', 'printdisabled', 'cua-ol', 'rochester-ol']
/works/OL509889W	The Good Soldier	Ford Maddox Ford	"title:""The Good Soldier"" AND mediatype:texts"	97	goodsoldiersweik0000unse	The Good Soldier Sweik (Svejk)	Jaroslav Hasek	1946-01-01T00:00:00Z	1946.0	Penguin Books			['printdisabled', 'internetarchivebooks', 'inlibrary']
/works/OL509889W	The Good Soldier	Ford Maddox Ford	"title:""The Good Soldier"" AND mediatype:texts"	97	goodsoldier0000unse_n8d5	the good soldier		2008-01-01T00:00:00Z	2008.0				['internetarchivebooks', 'inlibrary', 'printdisabled', 'fav-sunday_saudade']
/works/OL509889W	The Good Soldier	Ford Maddox Ford	"title:""The Good Soldier"" AND mediatype:texts"	97	goodsoldierschwe0000unse	The Good Soldier: Schweik		1963-01-01T00:00:00Z	1963.0				['internetarchivebooks', 'inlibrary', 'printdisabled', 'fav-bookhunter222']
/works/OL509889W	The Good Soldier	Ford Maddox Ford	"title:""The Good Soldier"" AND mediatype:texts"	97	militantchristia00pitt	The militant Christian; or, The good soldier of Jesus Christ		1816-01-01T00:00:00Z	1816.0	Pittsburgh: published for the subscribers. Robert Ferguson & Co. Print	['Christian life', 'Bibliography']	Subscribers' names at end of volume	['university_pittsburgh', 'americana', 'fav-awba', 'fav-mlmoore57']
/works/OL509889W	The Good Soldier	Ford Maddox Ford	"title:""The Good Soldier"" AND mediatype:texts"	97	bim_eighteenth-century_the-good-soldier-of-jesu_blyth-samuel-of-bolton_1754	The good soldier of Jesus Christ characterized. In a sermon preached at Birmingham, March 31, and at Coseley, April 7. occasioned by the sudden and much-lamented death of Reverend Mr. S. Bourn, who died March 22, 1754, in the 66th year of his age. By S. Blyth. 1754	Blyth, Samuel, of Bolton.	1754-01-01T00:00:00Z	1754.0		['Language & Literature', 'Literary And Political Reviews', 'General Interest Periodicals--United Kingdom', 'Law', 'Philosophy & Religion', 'Fine & Performing Arts', 'Social Sciences', 'History', 'History--History of North And South America', 'Books', 'microfilm']	The good soldier of Jesus Christ characterized. In a sermon preached at Birmingham, March 31, and at Coseley, April 7. occasioned by the sudden and much-lamented death of Reverend Mr. S. Bourn, who died March 22, 1754, in the 66th year of his age. By S. Blyth. 1754.. Digitized from IA40313602-73 . Previous issue: bim_eighteenth-century_sermons-by-hugh-blair-_blair-hugh_1794 . Next issue: bim_eighteenth-century_catechisme-historique-_fleury-claude_1740 .	['pub_eighteenth-century', 'bim_microfilm', 'microfilm']
/works/OL509889W	The Good Soldier	Ford Maddox Ford	"title:""The Good Soldier"" AND mediatype:texts"	97	organizationalci0000orga	Organizational citizenship behavior : the good soldier syndrome	Organ, Dennis W	1988-01-01T00:00:00Z	1988.0	Lexington, Mass. : Lexington Books	['Coopération (Psychologie)', 'Psychologie du travail', 'Impartialité', 'Satisfaction au travail', 'Coopération (psychologie)', 'Organizational behavior', 'Earl H. Potter III Collection', 'Cooperativeness', 'Psychology, Industrial', 'Fairness', 'Job satisfaction', 'Comportement organisationnel']	['xiii, 132 pages ; 24 cm', 'Includes bibliographical references (pages 121-127) and index']	['marygrovecollege', 'internetarchivebooks', 'americana', 'printdisabled', 'fav-anksis', 'fav-bob_potts', 'fav-burhan_dem_r177', 'fav-corpsss', 'fav-deolef', 'fav-dx3906', 'fav-fatin_a_s', 'fav-fearuk', 'fav-jordan_reyne', 'fav-josh_carr', 'fav-kaponus', 'fav-minhkhasolou', 'fav-mwijiw', 'fav-sdn_sekandis', 'americanuniversity-ol', 'binghamton-ol', 'dartmouthlibrary-ol', 'gwulibraries-ol', 'johnshopkins-ol', 'the-claremont-colleges-ol', 'udc-ol', 'universityofarizona-ol', 'wilsoncollege-ol']
/works/OL509889W	The Good Soldier	Ford Maddox Ford	"title:""The Good Soldier"" AND mediatype:texts"	97	goodsoldier0000mark_v8o5	The Good SOldier	MArk Schorer	1951-01-01T00:00:00Z	1951.0				['internetarchivebooks', 'printdisabled', 'inlibrary']
/works/OL509889W	The Good Soldier	Ford Maddox Ford	"title:""The Good Soldier"" AND mediatype:texts"	97	bwb_Y0-ABF-595	THE GOOD SOLDIER	FORD MADOX FORD	1951-01-01T00:00:00Z	1951.0				['internetarchivebooks', 'printdisabled', 'inlibrary']
/works/OL509889W	The Good Soldier	Ford Maddox Ford	"title:""The Good Soldier"" AND mediatype:texts"	97	bwb_S0-EFZ-210	Stonewall Jackson the Good Soldier	Allen Tate	1960-01-01T00:00:00Z	1960.0				['internetarchivebooks', 'printdisabled', 'inlibrary']
/works/OL509889W	The Good Soldier	Ford Maddox Ford	"title:""The Good Soldier"" AND mediatype:texts"	97	bim_eighteenth-century_the-militant-christian-_coven-stephen_1781	The militant Christian; or, the good soldier of Jesus Christ, described in his arms compleat; ... Carefully abridged from the original of Mr. Stephen Coven, ... 1781	Coven, Stephen	1781-01-01T00:00:00Z	1781.0		['Language & Literature', 'Literary And Political Reviews', 'General Interest Periodicals--United Kingdom', 'Law', 'Philosophy & Religion', 'Fine & Performing Arts', 'Social Sciences', 'History', 'History--History of North And South America', 'Books', 'microfilm']	The militant Christian; or, the good soldier of Jesus Christ, described in his arms compleat; ... Carefully abridged from the original of Mr. Stephen Coven, ... 1781.. Digitized from IA40316005-26 . Previous issue: bim_eighteenth-century_counsels-and-comforts-to_robe-james_1749 . Next issue: bim_eighteenth-century_an-essay-concerning-the-_langton-zachary_1753 .	['pub_eighteenth-century', 'bim_microfilm', 'microfilm']
/works/OL509889W	The Good Soldier	Ford Maddox Ford	"title:""The Good Soldier"" AND mediatype:texts"	97	goodsoldier0000robi	The good soldier	Robi, Jill, author	2016-01-01T00:00:00Z	2016.0	[Place fo publication not identified] : Jill Robi	"['Businessmen -- Fiction', 'Superheroes -- Fiction', 'Man-woman relationships -- Fiction', ""Hommes d'affaires -- Romans, nouvelles, etc"", 'Superhéros -- Romans, nouvelles, etc', 'Relations entre hommes et femmes -- Romans, nouvelles, etc', 'Businessmen', 'Man-woman relationships', 'Superheroes']"	"['287 pages ; 23 cm', '""Chicago business mogul Nicholas Sloane appears to have it all--money, sex appeal, and hordes of women eagerly seeking access to both. Only one thing threatens Nic\'s empire, the vigilante known as Valiant. This mysterious figure seems determined to foil all of Nic\'s more dubious business ventures, and it\'s beginning to hurt the bottom line. There seems only one thing left for Nic to do. Enter Reese Alexander, a young woman whose powers could rival even those of Valiant. A lifetime of poverty and neglect have left her with little confidence in her abilities, but Nic is positive she\'s just the person to vanquish his adversary. The only question is, can he convince her to do it?""--Back cover']"	['internetarchivebooks', 'printdisabled', 'fav-vandana_j']
/works/OL509889W	The Good Soldier	Ford Maddox Ford	"title:""The Good Soldier"" AND mediatype:texts"	97	the-good-soldier-svejk-and-his-fortunes-in-the-world-war-jaroslav-hasek-a-new-an	The Good Soldier Svejk And His Fortunes In The World War Jaroslav Hašek; A New And Unabridged Translation From The Penguin Twentieth Century 9780140182743 3ad 0e 989afd 05f 1d 9ba 784493897edcc Anna’s Archive					['anarchy', 'comedy', 'war']	Jaroslav Hašek: The Good Solider Švejk	['opensource', 'fav-eva_ha', 'fav-jahanzeb_shah', 'fav-troublewillsoonbeover', 'fav-yoshiyamadeep']
/works/OL509889W	The Good Soldier	Ford Maddox Ford	"title:""The Good Soldier"" AND mediatype:texts"	97	isbn_9781544001241	The Good Soldier	Ford Madox Ford	2017-03-02T00:00:00Z	2017.0	CreateSpace Independent Publishing Platform			['internetarchivebooks', 'inlibrary', 'printdisabled']
/works/OL509889W	The Good Soldier	Ford Maddox Ford	"title:""The Good Soldier"" AND mediatype:texts"	97	goodsoldier0000ford_n7l9	The good soldier	Ford, Ford Madox, 1873-1939	2010-01-01T00:00:00Z	2010.0	Richmond : Oneworld Classics	['British -- Social life and customs -- Fiction', 'Adultery -- Fiction', 'British -- Germany -- Fiction', 'Adultery', 'British', 'British -- Social life and customs', 'Germany']	['pages cm', 'Originally published: Manchester: Carcanet, 1996', 'Includes bibliographical references']	['internetarchivebooks', 'inlibrary', 'printdisabled', 'fav-ana_lves', 'fav-greyeminence', 'fav-mjhodgson', 'fav-vittorio_pattini']
/works/OL509889W	The Good Soldier	Ford Maddox Ford	"title:""The Good Soldier"" AND mediatype:texts"	97	stonewalljackson0000unse	Stonewall Jackson : the good soldier	Tate, Allen, 1899-1979	1928-01-01T00:00:00Z	1928.0	New York : Minton, Balch & Company	['Jackson, Stonewall, 1824-1863', 'Confederate States of America. Army -- Biography']	['viii pages, 2 leaves, 3-322 pages : 21 cm', 'Bibliography: p. 321-322']	['marygrovecollege', 'internetarchivebooks', 'americana', 'fav-kanki', 'fav-mfoltermann']
/works/OL509889W	The Good Soldier	Ford Maddox Ford	"title:""The Good Soldier"" AND mediatype:texts"	97	goodsoldier0000ford_c4r4	The good soldier	Ford, Ford Madox, 1873-1939, author	2016-01-01T00:00:00Z	2016.0	London : William Collins	['British -- Germany -- Social life and customs -- Fiction', 'British -- Social life and customs', 'Germany -- Fiction', 'Germany']	['1 online resource', 'CIP data; item not viewed']	['internetarchivebooks', 'inlibrary', 'printdisabled']
/works/OL509889W	The Good Soldier	Ford Maddox Ford	"title:""The Good Soldier"" AND mediatype:texts"	97	bwb_W9-COM-375	THE GOOD SOLDIER	FORD MADOX FORD	1951-01-01T00:00:00Z	1951.0	Alfred A. knopf			['internetarchivebooks', 'printdisabled', 'inlibrary']
/works/OL509889W	The Good Soldier	Ford Maddox Ford	"title:""The Good Soldier"" AND mediatype:texts"	97	goodsoldier0000ford_f6y5	The good soldier	Ford, Ford Madox, 1873-1939, author	2016-01-01T00:00:00Z	2016.0	London : William Collins	['British -- Germany -- Social life and customs -- Fiction', 'British -- Social life and customs', 'Germany -- Fiction', 'Germany']	['1 online resource', 'CIP data; item not viewed']	['internetarchivebooks', 'inlibrary', 'printdisabled', 'fav-alan459']
/works/OL509889W	The Good Soldier	Ford Maddox Ford	"title:""The Good Soldier"" AND mediatype:texts"	97	goodsoldierstory0000weis	The good soldier : a story of a Southwest Pacific Signal Corps WAC	Weise, Selene H. C., 1921-	1999-01-01T00:00:00Z	1999.0	Shippensburg : Burd Street Press	"['Weise, Selene H. C., 1921-', ""United States. Army. Women's Army Corps -- Biography"", 'World War, 1939-1945 -- Personal narratives, American', 'World War, 1939-1945 -- Pacific Area', 'Women soldiers -- United States -- Biography', 'Pacific Area -- History, Military']"	['xii, 232 p. : 24 cm', 'Includes bibliographical references (p. 228) and index']	['internetarchivebooks', 'inlibrary', 'printdisabled', 'fav-4gr8boyz', 'fav-abigail_s355', 'fav-bnwdjn', 'fav-jp771', 'fav-thewanderingace', 'fav-violetsun', 'fav-yailon']
/works/OL509889W	The Good Soldier	Ford Maddox Ford	"title:""The Good Soldier"" AND mediatype:texts"	97	in.ernet.dli.2015.220415	The Good Soldier Schweik	Jaroslay Hasek	1939-01-01T00:00:00Z	1939.0		SV	Book Source: Digital Library of India Item 2015.220415 dc.contributor.author: Jaroslay Hasek dc.date.accessioned: 2015-07-09T21:42:18Z dc.date.available: 2015-07-09T21:42:18Z dc.date.digitalpublicationdate: 2005-02-03 dc.date.citation: 1939 dc.identifier.barcode: 2990100061149 dc.identifier.origpath: /data_copy/upload/0061/154 dc.identifier.copyno: 1 dc.identifier.uri: http://www.new.dli.ernet.in/handle/2015/220415 dc.description.scanningcentre: S.V. Digital Library, Tirupati dc.description.main: 1 dc.description.tagged: 0 dc.description.totalpages: 286 dc.format.mimetype: application/pdf dc.language.iso: English dc.publisher.digitalrepublisher: Digital Library Of India dc.publisher: Penguin Books Limited, England dc.source.library: Cpbl, Cuddapah dc.subject.classification: Language. Linguistics. Literature dc.subject.keywords: The Good Soldier Schweik dc.subject.keywords: Jaroslay Hasek dc.subject.keywords: Penguin Books Limited dc.title: The Good Soldier Schweik	['digitallibraryindia', 'JaiGyan', 'fav-achivoksil', 'fav-aliveartworks85', 'fav-archive788', 'fav-aru13', 'fav-bipul4476', 'fav-bookhunter222', 'fav-caio_guimar_es', 'fav-chapalan', 'fav-christinebot', 'fav-daddygotem', 'fav-fayayinlari', 'fav-geo_hardy', 'fav-gggia3', 'fav-gregourious', 'fav-harald_bluetooth', 'fav-hawkeye99', 'fav-izambard', 'fav-joaquin_vidales', 'fav-johnostanley', 'fav-just4comments', 'fav-kenneth_lau', 'fav-lullo', 'fav-margarta', 'fav-mikewf', 'fav-mungo283', 'fav-nolan_simmons', 'fav-oldhickory1927', 'fav-orsino11', 'fav-pasquale486', 'fav-pillazo', 'fav-pompkin', 'fav-rhouse24', 'fav-roberto_de_lima', 'fav-shizzle84', 'fav-silver_millenium', 'fav-tomato_withlegs', 'fav-troublewillsoonbeover', 'fav-uh-non-uh-muhs', 'fav-undercapricorn', 'fav-yazin2020']
/works/OL509889W	The Good Soldier	Ford Maddox Ford	"title:""The Good Soldier"" AND mediatype:texts"	97	isbn_9781482071672	The Good Soldier	Ford Madox Ford	2013-01-24T00:00:00Z	2013.0	CreateSpace Independent Publishing Platform			['internetarchivebooks', 'inlibrary', 'printdisabled', 'fav-jk1958']
/works/OL509889W	The Good Soldier	Ford Maddox Ford	"title:""The Good Soldier"" AND mediatype:texts"	97	goodsoldier0000ford_k6v7	the good soldier	ford madox ford	1927-01-01T00:00:00Z	1927.0				['internetarchivebooks', 'fav-jacob_waddell', 'fav-jonboneau']
/works/OL509889W	The Good Soldier	Ford Maddox Ford	"title:""The Good Soldier"" AND mediatype:texts"	97	goodsoldier0000unse_x3d2	The Good soldier		1927-01-01T00:00:00Z	1927.0				['internetarchivebooks']
/works/OL509889W	The Good Soldier	Ford Maddox Ford	"title:""The Good Soldier"" AND mediatype:texts"	97	goodsoldierjesu00blytgoog	The good soldier of Jesus Christ characterized, in a sermon occasioned by ...	Samuel Blyth	1754-01-01T00:00:00Z	1754.0			Book digitized by Google from the library of Oxford University and uploaded to the Internet Archive by user tpb.	['europeanlibraries']
/works/OL509889W	The Good Soldier	Ford Maddox Ford	"title:""The Good Soldier"" AND mediatype:texts"	97	goodsoldiertaleo0000ford	The good soldier : a tale of passion	Ford, Ford Madox, 1873-1939	1991-01-01T00:00:00Z	1991.0	London : David Campbell	English fiction	['xlvii, 220 pages ; 21 cm', 'Includes bibliographical references (pxxxii-xxxiii)']	['internetarchivebooks', 'inlibrary', 'printdisabled', 'fav-bunnybonbon', 'fav-jrsalles']
/works/OL509889W	The Good Soldier	Ford Maddox Ford	"title:""The Good Soldier"" AND mediatype:texts"	97	goodsoldiertaleo0000mark	the good soldier a tale of passion	mark schorer	1957-01-01T00:00:00Z	1957.0	vintage books			['internetarchivebooks', 'inlibrary', 'printdisabled']
/works/OL509889W	The Good Soldier	Ford Maddox Ford	"title:""The Good Soldier"" AND mediatype:texts"	97	goodsoldiertaleo00ford_0	The good soldier	Ford Madox Ford	1990-01-01T00:00:00Z	1990.0	Penguin Books			['internetarchivebooks', 'printdisabled', 'inlibrary', 'fav-alastairgreyson', 'fav-aliciav', 'fav-benw7189', 'fav-dnstoddart', 'fav-ecgtheow7943', 'fav-hellsbeth', 'fav-jrsalles', 'fav-kayesomething', 'fav-nathansr', 'fav-troublewillsoonbeover', 'binghamton-ol']
/works/OL509889W	The Good Soldier	Ford Maddox Ford	"title:""The Good Soldier"" AND mediatype:texts"	97	bwb_T5-CUR-127	The Good Soldier	Mark Schorer	1955-01-01T00:00:00Z	1955.0	Vintage Books			['internetarchivebooks', 'printdisabled', 'inlibrary']
/works/OL509889W	The Good Soldier	Ford Maddox Ford	"title:""The Good Soldier"" AND mediatype:texts"	97	goodsoldiertaleo0000ford_n8d8	The good soldier : a tale of passion	Ford, Ford Madox, 1873-1939, author	1990-01-01T00:00:00Z	1990.0	Oxford : Oxford University Press	['Friendship -- Germany -- Bad Nauheim -- Fiction', 'Married people -- Germany -- Bad Nauheim -- Fiction', 'Adultery -- Germany -- Bad Nauheim -- Fiction', 'Middle class -- Germany -- Bad Nauheim -- Fiction', 'Adultery', 'Friendship', 'Married people', 'Middle class', 'Germany -- Bad Nauheim']	['xliii, 307 pages ; 19 cm', 'Four wealthy and socially prominent individuals are forced to see each other realistically', 'Includes bibliographical references']	['internetarchivebooks', 'inlibrary', 'printdisabled', 'gwulibraries-ol', 'rochester-ol', 'universityofcoloradoboulder-ol']
/works/OL509889W	The Good Soldier	Ford Maddox Ford	"title:""The Good Soldier"" AND mediatype:texts"	97	bwb_S0-BQD-522	The Good Soldier	Allen Tate	1928-01-01T00:00:00Z	1928.0				['internetarchivebooks']
/works/OL509889W	The Good Soldier	Ford Maddox Ford	"title:""The Good Soldier"" AND mediatype:texts"	97	goodsoldiertaleo0000ford_g7p1	the good soldier: a tale of passion	ford madox ford	1960-01-01T00:00:00Z	1960.0	vintage books: new york			['internetarchivebooks', 'printdisabled', 'inlibrary']
/works/OL509889W	The Good Soldier	Ford Maddox Ford	"title:""The Good Soldier"" AND mediatype:texts"	97	bwb_KU-093-504	The Good Soldier Schweik	Jaroslav Hasek	1951-01-01T00:00:00Z	1951.0				['internetarchivebooks', 'printdisabled', 'inlibrary', 'fav-supermega12']
/works/OL509889W	The Good Soldier	Ford Maddox Ford	"title:""The Good Soldier"" AND mediatype:texts"	97	bwb_Y0-BGI-777	The Good Soldier Svejk and his Fortunes in the World War	Jeroslav Hasek	1983-01-01T00:00:00Z	1983.0				['internetarchivebooks', 'printdisabled', 'inlibrary', 'fav-barracuda71']
/works/OL509889W	The Good Soldier	Ford Maddox Ford	"title:""The Good Soldier"" AND mediatype:texts"	97	cia-readingroom-document-cia-rdp88-01350r000200690002-7	CIA Reading Room cia-rdp88-01350r000200690002-7: 3 ON THE CIA--THE GOOD SOLDIER VS. THE OTHERS	CIA Reading Room	1978-07-23T00:00:00Z	1978.0		CIA Reading Room	No Description	['ciareadingroom', 'usgovernmentmirrors', 'government-documents']
/works/OL509889W	The Good Soldier	Ford Maddox Ford	"title:""The Good Soldier"" AND mediatype:texts"	97	goodsoldierschwe0000jaro_i4d3	The Good Soldier Schweik	Jaroslav Hasek	1930-01-01T00:00:00Z	1930.0	Penguin Books			['internetarchivebooks', 'fav-ilem', 'fav-jahanzeb_shah', 'fav-troublewillsoonbeover', 'fav-yoshiyamadeep']
/works/OL509889W	The Good Soldier	Ford Maddox Ford	"title:""The Good Soldier"" AND mediatype:texts"	97	isbn_9799637326270	From Good King Wenceslas to the Good Soldier Å vejk: A Dictionary of Czech Popular Culture		2005-01-01T00:00:00Z	2005.0				['internetarchivebooks', 'inlibrary', 'printdisabled']
/works/OL509889W	The Good Soldier	Ford Maddox Ford	"title:""The Good Soldier"" AND mediatype:texts"	97	goodsoldierjohnn0000osio	The good soldier Johnny Doyle and other tales	Ó Siochrú, Pádraig	1990-01-01T00:00:00Z	1990.0	[Dublin?] : Kildanore	['Folklore -- Ireland', 'Tales -- Ireland', 'Legends -- Ireland', 'Folklore', 'Legends', 'Tales', 'Ireland']	142 pages : 22 cm	['internetarchivebooks', 'inlibrary', 'printdisabled', 'bpljordan-ol']
/works/OL509889W	The Good Soldier	Ford Maddox Ford	"title:""The Good Soldier"" AND mediatype:texts"	97	TheGoodSoldier	"""The good soldier""; a selection of soldiers' letters, 1914-1918"	Dawson, N. P., ed	1918-01-01T00:00:00Z	1918.0	New York, The Macmillan company	['World War I', 'World War, 1914-1918', 'World War, 1914-1918 -- Personal Narratives', 'Soldiers']	"['CONTENTS Enzo Valentini 1 An Anonymous Soldier 5 Antonio 9 Robert Le Roux 12 Gaston Riou 16 A German Prisoner in France 20 Arthur George Heath 22 Obsever B de P 27 ""God Punish England!"" 30 Piere-Maurice Masson 33 Coningsby Dawson 38 A Saint-Cyrien 41 Robert Ernest Vernede 45 Andre Cornet-Auquier 49 Marcel Etevb 52 The Soldier Priest 56 Robert Hertz 62 Decorated 65 Alan Seeger 67 Dixon Scott 70 Ferdinand Belmont 73 ""One Young Man"" 77 Alexander Douglas Gillespie 79 Harry Butters 83 ""A Temporary Gentleman"" 87 Norman Prince 90 Victor Chapman 93 Alfred Eugene Casalis 97 ""R. A. L.,"" Canadian Stretcher-Bearer 100 ""My Little Nephew"" 104 Jean Rival 106 Leslie Buswell 108 William Yorke Stevenson 110 ""Camion Letters"" 114 A French Mrs. Bixby 117 A Little Mother 118 Jean Giraudoux 121 Yvonne X 124 Charles Peguy 127 Louis Kebnb 130 Captain Gilbert Nobbs 133 Wounded 137 Humphrey Cobb 140 Edmund Yerbury Priestman 143 The Marseillaise 148 Donald Hankey 150 A French Schoolboy 152 William M. Barber 154 Vive L\'Alsace! 157 Maurice Genevoix 139 R. Derby Holmes 161 Alexander McClintock 163 Robert Reaser 165 Arthur Guy Empey 168 ""The Good Soldier"" 171 ""Pages Actuelles"" 173 A. Letter of a French Mother 173 B. Letter of an American Mother 173 C. Farewell of a French Soldier 174 D. Farewell of an American Soldier 175 Poem ""Lament,"" by Wilfrid Gibson 177 Digitized by Google.', 'Mode of access: Internet']"	['folkscanomy_miscellaneous', 'folkscanomy', 'fav-bhaggu', 'fav-chapalan', 'fav-maozyosefmagen', 'fav-prose', 'fav-rhouse24', 'fav-smithensy', 'fav-timerover', 'fav-tiptoes', 'fav-troublewillsoonbeover', 'fav-worm_wood']
/works/OL509889W	The Good Soldier	Ford Maddox Ford	"title:""The Good Soldier"" AND mediatype:texts"	97	returnofgoodsold0000seco	The return of the good soldier : Ford Madox Ford and Violet Hunt's 1917 diary	Secor, Robert	1983-01-01T00:00:00Z	1983.0	Victoria, B.C., Canada : English Literary Studies, Dept. of English, University of Victoria	['Hunt, Violet, 1862-1942 -- Diaries', 'Ford, Ford Madox, 1873-1939', 'Novelists, English -- 20th century -- Biography']	"['85 p., [12] p. of plates : 23 cm', '""Violet Hunt\'s diary, February 24, 1917, to January 24, 1918"": p. 43-85', 'Includes bibliographical references']"	['internetarchivebooks', 'printdisabled', 'fav-heidio77', 'americanuniversity-ol', 'barryuniversity-ol', 'binghamton-ol', 'gwulibraries-ol', 'ithacacollege-ol', 'johnshopkins-ol', 'occidentalcollegelibrary-ol', 'riceuniversity-ol', 'rochester-ol', 'unb-ol', 'universityofarizona-ol', 'universityofcoloradoboulder-ol', 'wilsoncollege-ol', 'wrlc-ol']
/works/OL509889W	The Good Soldier	Ford Maddox Ford	"title:""The Good Soldier"" AND mediatype:texts"	97	goodsoldierschwe0000unse_a0m8	The Good Soldier Schweik	Hasek, Jaroslav	1946-01-01T00:00:00Z	1946.0	Penguin Books			['internetarchivebooks', 'inlibrary', 'printdisabled', 'fav-bookhunter222', 'fav-cambro7', 'fav-celevstial', 'fav-jp771']
/works/OL509889W	The Good Soldier	Ford Maddox Ford	"title:""The Good Soldier"" AND mediatype:texts"	97	bwb_Y0-CIR-726	the good soldier	Ford Madox Ford	1955-01-01T00:00:00Z	1955.0				['internetarchivebooks', 'printdisabled', 'inlibrary', 'fav-christianv74']
/works/OL509889W	The Good Soldier	Ford Maddox Ford	"title:""The Good Soldier"" AND mediatype:texts"	97	goodsoldiertaleo00ford	The good soldier : a tale of passion	['Ford, Ford Madox, 1873-1939', 'Schorer, Mark, 1908-1977']	1955-01-01T00:00:00Z	1955.0	New York : Vintage Books	['Married people', 'Middle class', 'Friendship', 'Adultery', 'British']	"""A Vintage book, V-45."""	['internetarchivebooks', 'americana', 'inlibrary', 'printdisabled', 'fav-edbremson', 'fav-elynah', 'fav-icactus', 'fav-jessmhuff']
/works/OL509889W	The Good Soldier	Ford Maddox Ford	"title:""The Good Soldier"" AND mediatype:texts"	97	stonewalljackson0000alle_z3o1	Stonewall Jackson the Good Soldier	Allen Tate	1928-01-01T00:00:00Z	1928.0				['internetarchivebooks']
/works/OL509889W	The Good Soldier	Ford Maddox Ford	"title:""The Good Soldier"" AND mediatype:texts"	97	goodsoldiertaleoford00ford	The good soldier : a tale of passion	Ford, Ford Madox, 1873-1939	2001-01-01T00:00:00Z	2001.0	Mineola, NY : Dover Publications	['British', 'Married people', 'Middle class', 'Friendship', 'Adultery']		['internetarchivebooks', 'americana', 'inlibrary', 'printdisabled', 'fav-crystal_hua', 'openlibrary-d-ol']
/works/OL509889W	The Good Soldier	Ford Maddox Ford	"title:""The Good Soldier"" AND mediatype:texts"	97	29860993.1856.emory.edu	The good soldier [microform] : outlines of the life, labours, and character, of the Rev. Hugh Beech	['Beech, John H', 'Beech, Hugh']	1856-01-01T00:00:00Z	1856.0			['digitized', 'The online edition of this book in the public domain, i.e., not protected by copyright, has been produced by the Emory University Digital Library Publications Program', 'Microfilm', 'Printing Master 192']	['americanmethodism', 'emory', 'americana', 'carli_lib', 'fav-km123101']
/works/OL509889W	The Good Soldier	Ford Maddox Ford	"title:""The Good Soldier"" AND mediatype:texts"	97	goodsoldier0000ford_g1h4	the good soldier	ford madox ford	1951-01-01T00:00:00Z	1951.0	alfred a. knopf, inc			['internetarchivebooks', 'printdisabled', 'fav-hello_hello_there']
/works/OL509889W	The Good Soldier	Ford Maddox Ford	"title:""The Good Soldier"" AND mediatype:texts"	97	goodsoldier0000mado	The good soldier	Madox Ford, Ford, author	2015-01-01T00:00:00Z	2015.0	London : Alma Books	['Married people -- Fiction', 'Middle class -- Fiction', 'Friendship -- Fiction', 'Adultery -- Fiction', 'British -- Germany -- Social life and customs -- Fiction', 'British -- Germany -- History -- Fiction', 'Adultery', 'British', 'British -- Social life and customs', 'Friendship', 'Married people', 'Middle class', 'Bad Nauheim (Germany) -- Fiction', 'Germany', 'Germany -- Bad Nauheim']	"['1 online resource (193 pages)', ""Drawing inspiration from his personal life, Ford Madox Ford innovatively used non-chronological flashbacks as well as an unreliable narrator to reveal the scandalous affairs, lies and betrayals behind the facade of respectability, and craft a masterly work of fiction and a subtle investigation of the notions of truth and deception. This edition contains a wealth of material about the author's life and works, extensive notes and a bibliographic section"", 'The Good Soldier; Note on the Text; Notes', 'Description based on online resource; title from PDF title page (viewed March 24, 2020)']"	['internetarchivebooks', 'printdisabled', 'fav-deb_morr', 'fav-edwinkairu', 'fav-joanie_christiansen', 'fav-silverl472']
/works/OL509889W	The Good Soldier	Ford Maddox Ford	"title:""The Good Soldier"" AND mediatype:texts"	97	matlovichgoodsol0000hipp_g1x2	Matlovich, the good soldier	Hippler, Mike	1989-01-01T00:00:00Z	1989.0	Boston : Alyson Publications	['Matlovich, Leonard', 'United States. Air Force -- Gays', 'United States. Air Force -- Biography', 'Gay men -- United States -- Biography', 'Soldiers -- United States -- Biography']	176 p., [8] p. of plates : 23 cm	['internetarchivebooks', 'inlibrary', 'printdisabled', 'fav-ivodejager', 'fav-jap1971', 'fav-s_q']
/works/OL509889W	The Good Soldier	Ford Maddox Ford	"title:""The Good Soldier"" AND mediatype:texts"	97	goodsoldiertaleo0000mark_q3a9	the good soldier a tale of passion	mark schorer	1951-01-01T00:00:00Z	1951.0				['internetarchivebooks', 'inlibrary', 'printdisabled']
/works/OL509889W	The Good Soldier	Ford Maddox Ford	"title:""The Good Soldier"" AND mediatype:texts"	97	goodsoldiertale00ford	The good soldier : a tale of passion	Ford, Ford Madox, 1873-1939	1983-01-01T00:00:00Z	1983.0	New York : Vintage Books	['Married people', 'Middle class', 'Friendship', 'Adultery', 'British']		['internetarchivebooks', 'printdisabled', 'inlibrary', 'fav-dmengel', 'fav-edbremson', 'cua-ol', 'framingham-ol']
/works/OL509889W	The Good Soldier	Ford Maddox Ford	"title:""The Good Soldier"" AND mediatype:texts"	97	goodsoldier0000ford_y3n5	The good soldier	Ford, Ford Madox, 1873-1939, author	2013-01-01T00:00:00Z	2013.0	Leicester : Ulverscroft	['British -- Social life and customs -- Fiction', 'Adultery -- Fiction', 'British -- Germany -- Fiction', 'Adultery', 'British', 'British -- Social life and customs', 'Germany']	['pages cm', 'Includes bibliographical references']	['internetarchivebooks', 'inlibrary', 'printdisabled']
/works/OL509889W	The Good Soldier	Ford Maddox Ford	"title:""The Good Soldier"" AND mediatype:texts"	97	bim_eighteenth-century_the-good-soldier-extrac_davies-samuel_1756	The good soldier. Extracted from a sermon preached to a company of voluntiers, raised in Virginia, August 17, 1755. 1756	Davies, Samuel	1756-01-01T00:00:00Z	1756.0		['Language & Literature', 'Literary And Political Reviews', 'General Interest Periodicals--United Kingdom', 'Law', 'Philosophy & Religion', 'Fine & Performing Arts', 'Social Sciences', 'History', 'History--History of North And South America', 'Books', 'microfilm']	The good soldier. Extracted from a sermon preached to a company of voluntiers, raised in Virginia, August 17, 1755. 1756.. Digitized from IA40316206-30 . Previous issue: bim_eighteenth-century_the-cure-of-evil-speakin_wesley-john_1782 . Next issue: bim_eighteenth-century_the-doctrine-of-salvatio_church-of-england_1755 .	['pub_eighteenth-century', 'bim_microfilm', 'microfilm']
/works/OL509889W	The Good Soldier	Ford Maddox Ford	"title:""The Good Soldier"" AND mediatype:texts"	97	goodsoldierschwe0000haek	The Good Soldier Schweik	Hašek, Jaroslav, 1883-1923	1962-01-01T00:00:00Z	1962.0	New York, F. Ungar	['World War, 1914-1918 -- Fiction', 'World War, 1914-1918 -- Czechoslovakia -- Fiction', 'Soldiers -- Czechoslovakia -- Fiction']	"['447 p. 22 cm', ""Schweik, the Good Soldier, Intervenes in the Great War -- Schweik at the Police Headquarters -- Schweik before the Medical Authorities -- Schweik at the Commissariat of Police -- Schweik Home Again after Having Broken the Vicious Circle -- Schweik Joins the Army -- Schweik as a Malingerer -- Schweik at the Detention Barracks -- Schweik Becomes the Chaplain's Orderly -- Schweik Accompanies the Chaplain to the Celebration of Mass -- Religious Debate -- Schweik Administers Extreme Unction -- Schweik Becomes Batman to Lieutenant Lukash -- The Catastrophe -- Schweik's Misadventures on the Train -- Schweik's Anabasis -- Schweik's Adventures at Kiraly-Hida -- Fresh Tribulations -- From Bruck-on-the-Leitha to Sokal -- Across Hungary -- At Budapest -- From Hatvan to the Frontiers of Galicia -- Quick March""]"	['printdisabled', 'internetarchivebooks', 'inlibrary']
/works/OL509889W	The Good Soldier	Ford Maddox Ford	"title:""The Good Soldier"" AND mediatype:texts"	97	stonewalljackson0000unse_g6m2	stonewall jackson the good soldier		1956-01-01T00:00:00Z	1956.0				['internetarchivebooks', 'inlibrary', 'printdisabled']
/works/OL509889W	The Good Soldier	Ford Maddox Ford	"title:""The Good Soldier"" AND mediatype:texts"	97	goodsoldier0000unse_j5d9	THE GOOD SOLDIER	FORD MADOX FORD	1955-01-01T00:00:00Z	1955.0	VINTAGE BOOKS			['internetarchivebooks', 'printdisabled', 'inlibrary']
/works/OL509889W	The Good Soldier	Ford Maddox Ford	"title:""The Good Soldier"" AND mediatype:texts"	97	haobingshuaikego0000jiek	Hao Bing Shuai Ke = The Good Soldier Schweik : xiao xue cai hui ban	(jie ke) Ha, xie ke	2011-01-01T00:00:00Z	2011.0	Chang chun : Ji lin ren min chu ban she	Er tong wen xue -- Chang pian xiao shuo -- Jie ke -- Xian dai -- Suo xie ben	['142 pages : 24 cm', 'ShaoErDuWu']	['popularchinesebooks', 'internetarchivebooks', 'inlibrary', 'printdisabled']
/works/OL509889W	The Good Soldier	Ford Maddox Ford	"title:""The Good Soldier"" AND mediatype:texts"	97	bwb_S0-CFW-903	the fate of the good soldier	jaroslav hasek	1987-01-01T00:00:00Z	1987.0	slunovrat			['internetarchivebooks', 'printdisabled', 'inlibrary']
/works/OL509889W	The Good Soldier	Ford Maddox Ford	"title:""The Good Soldier"" AND mediatype:texts"	97	goodsoldierschwe0000jaro_n2h4	The Good Soldier Schweik	Jaroslav Hasek	1930-01-01T00:00:00Z	1930.0				['internetarchivebooks', 'fav-jahanzeb_shah']
/works/OL509889W	The Good Soldier	Ford Maddox Ford	"title:""The Good Soldier"" AND mediatype:texts"	97	goodsoldier0000ford_k9i9	THE GOOD SOLDIER	FORD MADOX FORD	1955-01-01T00:00:00Z	1955.0				['internetarchivebooks', 'printdisabled', 'inlibrary', 'fav-jk1958']
/works/OL509889W	The Good Soldier	Ford Maddox Ford	"title:""The Good Soldier"" AND mediatype:texts"	97	goodsoldierschwe0000unse_u8f8	The Good Soldier: Schweik		1963-01-01T00:00:00Z	1963.0				['internetarchivebooks', 'inlibrary', 'printdisabled', 'fav-bookhunter222', 'fav-popwu', 'fav-supermega12']
/works/OL509889W	The Good Soldier	Ford Maddox Ford	"title:""The Good Soldier"" AND mediatype:texts"	97	in.ernet.dli.2015.65708	The Good Soldier	Ford Madox	1946-01-01T00:00:00Z	1946.0		Banasthali	Book Source: Digital Library of India Item 2015.65708 dc.contributor.author: Ford Madox dc.date.accessioned: 2015-06-29T23:31:07Z dc.date.available: 2015-06-29T23:31:07Z dc.date.copyrightexpirydate: 0000-00-00 dc.date.digitalpublicationdate: 2010-10-00 dc.date.citation: 1946 dc.identifier.barcode: 99999990278112 dc.identifier.origpath: /data6/upload/0130/914 dc.identifier.copyno: 1 dc.identifier.uri: http://www.new.dli.ernet.in/handle/2015/65708 dc.description.scanningcentre: Banasthali University dc.description.main: 1 dc.description.tagged: 0 dc.description.totalpages: 234 dc.format.mimetype: application/pdf dc.language.iso: English dc.publisher.digitalrepublisher: Digital Library Of India dc.publisher: London, Penguin Books dc.rights: Copyright Permitted dc.source.library: Prakrit Bharati Academy, Jaipur dc.subject.classification: Poetry dc.title: The Good Soldier	['digitallibraryindia', 'JaiGyan', 'fav-amitkskj', 'fav-archstevens', 'fav-chapalan', 'fav-dasmp', 'fav-deb_morr', 'fav-erika_k', 'fav-hani_imran', 'fav-jacbeaumont', 'fav-jonboneau', 'fav-larodwyer', 'fav-laurine_cs', 'fav-purpletime', 'fav-ramap', 'fav-ravenrose_15']
/works/OL509889W	The Good Soldier	Ford Maddox Ford	"title:""The Good Soldier"" AND mediatype:texts"	97	bwb_S0-DSA-862	the good soldier	Ford Madox Ford	1972-01-01T00:00:00Z	1972.0				['internetarchivebooks', 'printdisabled', 'inlibrary']
/works/OL509889W	The Good Soldier	Ford Maddox Ford	"title:""The Good Soldier"" AND mediatype:texts"	97	goodsoldieramem00owengoog	The good soldier, a memoir of sir H. Havelock	William Owen	1858-01-01T00:00:00Z	1858.0			Book digitized by Google from the library of Oxford University and uploaded to the Internet Archive by user tpb.	['europeanlibraries']
/works/OL509889W	The Good Soldier	Ford Maddox Ford	"title:""The Good Soldier"" AND mediatype:texts"	97	bwb_KT-541-083	the good soldier schweik	paul selver	1965-01-01T00:00:00Z	1965.0	penguin books			['internetarchivebooks', 'printdisabled', 'inlibrary']
/works/OL509889W	The Good Soldier	Ford Maddox Ford	"title:""The Good Soldier"" AND mediatype:texts"	97	stonewalljackson0000alle_n8y6	Stonewall Jackson,: The good soldier	Allen Tate	1965-01-01T00:00:00Z	1965.0	University of Michigan Press			['internetarchivebooks', 'inlibrary', 'printdisabled', 'fav-celevstial']
/works/OL509889W	The Good Soldier	Ford Maddox Ford	"title:""The Good Soldier"" AND mediatype:texts"	97	bodleyheadfordma0001ford	The Bodley Head Ford Madox Ford, Vol I: The Good Soldier, Selected Memories, Poems	Ford Madox Ford	1962-01-01T00:00:00Z	1962.0	The Bodley Head			['internetarchivebooks', 'inlibrary', 'printdisabled', 'fav-kevinsonline', 'fav-livrosethomas', 'fav-reinhard_nobel', 'fav-user52997']
/works/OL509889W	The Good Soldier	Ford Maddox Ford	"title:""The Good Soldier"" AND mediatype:texts"	97	thegoodsoldierse00daws	"""The good soldier"", a selection of soldiers letters"	Dawson, [from old catalog] N. P. ed	1918-01-01T00:00:00Z	1918.0	[n.p.]		1 v. cm	['library_of_congress', 'americana', 'fav-j_glastonbury', 'fav-prose']
/works/OL509889W	The Good Soldier	Ford Maddox Ford	"title:""The Good Soldier"" AND mediatype:texts"	97	stonewalljackson0001alle	Stonewall Jackson: the Good Soldier	Allen Tate	1928-01-01T00:00:00Z	1928.0	MINTON, BALCH & COMPANY			['internetarchivebooks']
/works/OL509889W	The Good Soldier	Ford Maddox Ford	"title:""The Good Soldier"" AND mediatype:texts"	97	matlovichgoodsol0000hipp	Matlovich, the good soldier	Hippler, Mike	1989-01-01T00:00:00Z	1989.0	Boston : Alyson Publications	['Matlovich, Leonard', 'United States. Air Force -- Gays', 'United States. Air Force -- Biography', 'Gay men -- United States -- Biography', 'Soldiers -- United States -- Biography']	176 p., [8] p. of plates : 23 cm	['internetarchivebooks', 'inlibrary', 'printdisabled', 'fav-ivodejager', 'dartmouthlibrary-ol', 'johnshopkins-ol', 'sonomacountylibrary-ol', 'uni-ol', 'universityofcoloradoboulder-ol', 'universityofoklahoma-ol']
/works/OL509889W	The Good Soldier	Ford Maddox Ford	"title:""The Good Soldier"" AND mediatype:texts"	97	goodsoldierschwe0000jaro	The Good Soldier Schweik (Penguin Books # 802)	Jaroslav Hasek	1958-01-01T00:00:00Z	1958.0	Penguin Books			['internetarchivebooks', 'inlibrary', 'printdisabled', 'fav-bahadir_koc', 'fav-betty1888', 'fav-bookhunter222', 'fav-celevstial', 'fav-evie_barnes755', 'fav-greyeminence', 'fav-hapaxia', 'fav-k_kirby', 'fav-pharaohm', 'fav-silvvae', 'fav-solitary_pickle', 'fav-sportingnorm', 'fav-supermega12', 'fav-v_palenyy', 'fav-vindalen']
/works/OL509889W	The Good Soldier	Ford Maddox Ford	"title:""The Good Soldier"" AND mediatype:texts"	97	isbn_9781541182097	The Good Soldier	Ford Madox Ford	2016-12-19T00:00:00Z	2016.0	CreateSpace Independent Publishing Platform			['internetarchivebooks', 'inlibrary', 'printdisabled']
/works/OL509889W	The Good Soldier	Ford Maddox Ford	"title:""The Good Soldier"" AND mediatype:texts"	97	thegoodsoldier02775gut	The Good Soldier	Ford, Ford Madox, 1873-1939					Book from Project Gutenberg: The Good Soldier Library of Congress Classification: PR	['gutenberg', 'fav-xurdin']
/works/OL509889W	The Good Soldier	Ford Maddox Ford	"title:""The Good Soldier"" AND mediatype:texts"	97	goodsoldier0000paul	THE GOOD SOLDIER	Paul C. Steffy	2015-04-11T00:00:00Z	2015.0	CreateSpace Independent Publishing Platform			['internetarchivebooks', 'printdisabled']
/works/OL509889W	The Good Soldier	Ford Maddox Ford	"title:""The Good Soldier"" AND mediatype:texts"	97	goodsoldier0000albe	THE GOOD SOLDIER	Albert and Charles Boni	1927-01-01T00:00:00Z	1927.0				['internetarchivebooks', 'fav-owen_muzman']
/works/OL509889W	The Good Soldier	Ford Maddox Ford	"title:""The Good Soldier"" AND mediatype:texts"	97	goodsoldier0000ford_l3n7	The Good Soldier: A Tale Of Passion	Ford Madox Ford	1955-01-01T00:00:00Z	1955.0	Vintage Books, A Division Of Random House			['internetarchivebooks']
/works/OL509889W	The Good Soldier	Ford Maddox Ford	"title:""The Good Soldier"" AND mediatype:texts"	97	goodsoldierschwe0000jaro_t2l4	The Good Soldier: Schweik	Jaroslav Hasek	1963-01-01T00:00:00Z	1963.0	New american Library			['printdisabled', 'internetarchivebooks', 'inlibrary']
/works/OL509889W	The Good Soldier	Ford Maddox Ford	"title:""The Good Soldier"" AND mediatype:texts"	97	stonewalljackson0000alle_l8u5	Stonewall Jackson The Good Soldier	Allen Tate	1928-01-01T00:00:00Z	1928.0				['internetarchivebooks']
/works/OL509889W	The Good Soldier	Ford Maddox Ford	"title:""The Good Soldier"" AND mediatype:texts"	97	goodsoldierschwe0000hase	The Good soldier, Schweik	Hašek, Jaroslav, 1883-1923	1930-01-01T00:00:00Z	1930.0	New York : c. Boni		447 p. : 21 cm	['trent_university', 'internetarchivebooks', 'fav-bookhunter222', 'fav-elojahir', 'fav-silver_millenium', 'fav-supermega12']
/works/OL509889W	The Good Soldier	Ford Maddox Ford	"title:""The Good Soldier"" AND mediatype:texts"	97	goodsoldiertaleo0000ford_d7i9	The good soldier : a tale of passion	Ford, Ford Madox, 1873-1939	2012-01-01T00:00:00Z	2012.0	Leicester : W.F. Howes	['British -- Social life and customs -- Fiction', 'Adultery -- Fiction', 'British -- Germany -- Fiction', 'Adultery', 'British', 'British -- Social life and customs', 'Germany']	"['298 pages (large print) ; 24 cm', '""Wealthy American John Dowell describes in a disarmingly casual, compellingly intimate manner how he and his wife Florence meet an English couple in a German spa resort. They become friends over the years and gradually the history of their relationships and the passions that lie behind the orderly Edwardian facade are unveiled. Dowell is the archetypal \'unreliable narrator\', and his casual revelations are both unexpected and explosive."" --Back cover', 'Standard print ed. originally published: London : John Lane at the Bodley Head, 1915']"	['internetarchivebooks', 'inlibrary', 'printdisabled', 'fav-abigail-d', 'fav-hellsbeth', 'fav-honhon1849', 'fav-lulugraphics', 'fav-undercoverlibrarian']
/works/OL509889W	The Good Soldier	Ford Maddox Ford	"title:""The Good Soldier"" AND mediatype:texts"	97	goodsoldiertaleo0000ford_x1b4	The good soldier : a tale of passion	Ford, Ford Madox, 1873-1939	1991-01-01T00:00:00Z	1991.0	New York : Knopf	['Married people -- Fiction', 'Middle class -- Fiction', 'Friendship -- Fiction', 'Adultery -- Fiction', 'British -- Germany -- Fiction', 'Bad Nauheim (Germany) -- Fiction']	['xlvii, 220 p. ; 21 cm', 'Includes bibliographical references (p. xxxii-xxxiii)']	['internetarchivebooks', 'printdisabled', 'inlibrary', 'fav-christybarrettkelly12348', 'fav-reinhard_nobel']
/works/OL509889W	The Good Soldier	Ford Maddox Ford	"title:""The Good Soldier"" AND mediatype:texts"	97	goodsoldierbiogr0000mead	The good soldier : the biography of Douglas Haig	Mead, Gary	2008-01-01T00:00:00Z	2008.0	London : Atlantic	['Haig, Douglas Haig, Earl, 1861-1928', 'Marshals -- Great Britain -- Biography', 'World War, 1914-1918 -- Biography', 'Marshals', 'Great Britain']	['pages cm', 'Originally published: 2007', 'Includes bibliographical references and index']	['internetarchivebooks', 'inlibrary', 'printdisabled', 'fav-harry_weston14', 'fav-kate_s919', 'fav-sergiomargarido', 'openlibrary-d-ol']
/works/OL509889W	The Good Soldier	Ford Maddox Ford	"title:""The Good Soldier"" AND mediatype:texts"	97	goodsoldier0000ford_o1f2	The good soldier	Ford, Ford Madox, 1873-1939	2013-01-01T00:00:00Z	2013.0	Richmond : Alma Classics	['British -- Social life and customs -- Fiction', 'Adultery -- Fiction', 'British -- Germany -- Fiction', 'Adultery', 'British', 'British -- Social life and customs', 'Germany']	['184 pages ; 20 cm', 'Originally published: Manchester: Carcanet, 1996', 'Includes bibliographical references']	['internetarchivebooks', 'inlibrary', 'printdisabled', 'fav-greyeminence', 'fav-honhon1849', 'openlibrary-d-ol']
/works/OL509889W	The Good Soldier	Ford Maddox Ford	"title:""The Good Soldier"" AND mediatype:texts"	97	fatefuladventure0000hase_book1	The fateful adventures of the good soldier Svejk during the World War	Hašek, Jaroslav, 1883-1923	2000-01-01T00:00:00Z	2000.0	[Chicago] : [1st Books]	['World War, 1914-1918 -- Fiction', 'Soldiers -- Fiction', 'Soldiers']	"['4 volumes in 3 ; 21 cm', ""A picaresque series of tales about an ordinary man's successful quest to survive, and a funny but unrelentingly savage assault on the very idea of bureaucratic officialdom as a human enterprise conferring benefits on those who live under its control, and on the various justifications bureaucracies offer for their own existence"", '""Www.zenny.com presents the samizdat edition of the new English rendition ...""', 'Book One: In the rear -- The good soldier Svejk acts to intervene in the world war -- The good soldier Svejk at police headquarters -- Svejk before the court physicians -- They threw Svejk out of the madhouse -- Svejk at the district police station in Salmova Street -- Svejk at home again, having broken through the vicious cycle -- Svejk goes in the military -- Svejk as a malingerer -- Svejk in the Garrison Prison -- Svejk as military servant to the field chaplain -- Svejk rides with the field chaplain to serve a field mass -- A religious debate -- Svejk goes to provide the last rites -- Svejk as a military servant to Lieutenant Lukas -- Catastrophe -- Afterword to the first volume: ""in the rear.""']"	['internetarchivebooks', 'printdisabled', 'fav-dcw333', 'fav-ed_wards', 'fav-greyeminence', 'fav-lily_360', 'fav-littlecannon', 'fav-lullo', 'universityofarizona-ol']
/works/OL509889W	The Good Soldier	Ford Maddox Ford	"title:""The Good Soldier"" AND mediatype:texts"	97	goodsoldierschwe0000jaro_c4k3	The Good Soldier Schweik and His Fortunes in the Great War	Jaroslav Hašek	1946-02-01T00:00:00Z	1946.0	Signet Classics			['internetarchivebooks', 'inlibrary', 'printdisabled', 'fav-greyeminence', 'fav-pharaohm']
/works/OL509889W	The Good Soldier	Ford Maddox Ford	"title:""The Good Soldier"" AND mediatype:texts"	97	goodsoldiersvejk00jaro	The good soldier Švejk	['Hašek, Jaroslav, 1883-1923', 'Parrott, Cecil, 1909-1984']	2005-01-01T00:00:00Z	2005.0	London : Penguin	['World War (1914-1918)', 'World War, 1914-1918', 'Soldiers']	This translation originally published: London: Heinemann, 1973	['internetarchivebooks', 'printdisabled', 'fav-achivoksil', 'fav-bgls', 'fav-bookhunter222', 'fav-btraven', 'fav-foxscribe', 'fav-greyeminence', 'fav-japaja', 'fav-just4comments', 'fav-madscientist07', 'fav-newreader97', 'fav-pcruz', 'fav-popwu', 'fav-sasakicarole', 'fav-syegulalp', 'universityofcoloradoboulder-ol']
/works/OL509889W	The Good Soldier	Ford Maddox Ford	"title:""The Good Soldier"" AND mediatype:texts"	97	redcommissarincl0000jaro	The red commissar: including further adventures of the good soldier Svejk and other stories	Jaroslav Hašek	1983-01-01T00:00:00Z	1983.0	Abacus			['internetarchivebooks', 'inlibrary', 'printdisabled', 'fav-barracuda71', 'fav-gerrardc', 'fav-greyeminence', 'fav-k_kirby', 'fav-lullo', 'fav-maximal87', 'fav-pharaohm', 'fav-popwu', 'fav-solitary_pickle', 'fav-usx']
/works/OL509889W	The Good Soldier	Ford Maddox Ford	"title:""The Good Soldier"" AND mediatype:texts"	97	goodsoldierschwe0000unse_d4j1	The Good Soldier Schweik	Hasek, Jaroslav	1964-01-01T00:00:00Z	1964.0	Frederick Ungar Publishing Co.			['internetarchivebooks', 'inlibrary', 'printdisabled', 'fav-bookhunter222', 'fav-phil_mead', 'fav-supermega12']
/works/OL509889W	The Good Soldier	Ford Maddox Ford	"title:""The Good Soldier"" AND mediatype:texts"	97	goodsoldierautho00ford	The good soldier : authoritative text, textual appendices, contemporary reviews, literary impressionism, biographical and critical commentary	['Ford, Ford Madox, 1873-1939', 'Stannard, Martin, 1947-']	1995-01-01T00:00:00Z	1995.0	New York : W.W. Norton	['Ford, Ford Madox, 1873-1939', 'Married people', 'Middle class', 'Friendship', 'Adultery', 'British', 'English fiction']	Includes bibliographical references (p. 399-401)	['internetarchivebooks', 'delawarecountydistrictlibrary', 'americana', 'inlibrary', 'printdisabled', 'fav-ana_lves', 'fav-anaxiforminges', 'fav-chapalan', 'fav-d_smith2939', 'fav-fabian_camilo_santana', 'fav-izambard', 'fav-jianyuan_hong', 'fav-jp771', 'fav-mmrrll', 'fav-nancy_bryner', 'fav-neilblac', 'fav-pooya8', 'fav-syegulalp', 'fav-unnaturalponny', 'fav-user_63032', 'fav-xehasi1494', 'fav-zaaf', 'binghamton-ol', 'cnusd-ol', 'dartmouthlibrary-ol', 'gwulibraries-ol', 'ithacacollege-ol', 'library_of_atlantis', 'rochester-ol', 'tulsacc-ol', 'udc-ol', 'uni-ol']
/works/OL509889W	The Good Soldier	Ford Maddox Ford	"title:""The Good Soldier"" AND mediatype:texts"	97	goodsoldier0000ford	The good soldier	Ford, Ford Madox, 1873-1939	1996-01-01T00:00:00Z	1996.0	Manchester [England] : Carcanet	['Married people -- Fiction', 'Middle class -- Fiction', 'Friendship -- Fiction', 'Adultery -- Fiction', 'British -- Germany -- Fiction', 'Adultery', 'British', 'Friendship', 'Married people', 'Middle class', 'Bad Nauheim (Germany) -- Fiction', 'Germany', 'Germany -- Bad Nauheim']	"['236 pages ; 21 cm', ""For nine years, John Dowell and his wife have spent the summer season at a German spa town in the company of the respectable Ashburnhams. Behind the placid exterior of their lives lie the destructive passions of men and women. When Dowell's world breaks apart, he tells his story as intimately as to a silent listener across the fireplace of a country cottage. 'Who in this world knows anything of any other heart - or of his own?'"", 'Includes bibliographical references (pages 235-236)']"	['internetarchivebooks', 'inlibrary', 'printdisabled', 'fav-charlotte_h_hughes', 'fav-martishack', 'fav-rohit_gupta696']
/works/OL509889W	The Good Soldier	Ford Maddox Ford	"title:""The Good Soldier"" AND mediatype:texts"	97	goodsoldier0000ryan	The good soldier	Ryan, L. T	2014-01-01T00:00:00Z	2014.0	[U.S.] : CreateSpace Independent Publishing Platform	['Terrorist organizations -- Fiction', 'Conspiracy -- Fiction', 'Marines -- Fiction', 'Organisations terroristes -- Romans, nouvelles, etc', 'Complot -- Romans, nouvelles, etc', 'Fusiliers marins -- Romans, nouvelles, etc', 'Terrorist organizations', 'Marines', 'Conspiracy']	['518 pages ; 23 cm', 'Noble beginnings : In March of 2002, while the eyes of the world focused on Afghanistan, Jack Noble finds himself on the outskirts of Baghdad, Iraq. A Marine in name only, Jack is on-loan to the CIA. Normally an integral part of the team, he finds that he is nothing more than a security detail in Iraq. Jack and his partner Bear have a run-in with four CIA special agents over the treatment of an Iraqi family. Within hours Jack and Bear are detained. All Jack wanted was to finish his enlistment and move on with his life. All he did was intervene and save a family from unwarranted violence at the hands of four CIA agents. But he soon discovers that he did far more than intervene. He has placed himself dead square in the middle of a conspiracy that reaches the highest levels of the U.S. government. This Jack Noble political thriller is not for the faint of heart!', 'A deadly distance : Washington, D.C. Midday. A man waits at a bus stop, his intentions unknown. Two government operatives have been stalking him for days, waiting for him to make his move. Unexpectedly, the man takes off running and heads for a deserted warehouse. Jack Noble and his partner, Frank Skinner, believe the man to be part of a terrorist organization that is involved in smuggling drugs and guns and men into the country. But it turns out their plan involves far more export than import, and hits a lot closer to home. As the case in this explosive action thriller unfolds, the man behind it all reaches out to Jack with a simple message ... 37 hours', 'Noble beginnings -- A deadly distance']	['internetarchivebooks', 'printdisabled', 'fav-slad8960', 'fav-steve_ross796']
/works/OL509889W	The Good Soldier	Ford Maddox Ford	"title:""The Good Soldier"" AND mediatype:texts"	97	stonewalljackson0000tate	Stonewall Jackson : the good soldier	Tate, Allen, 1899-1979	1991-01-01T00:00:00Z	1991.0	Nashville : J.S. Sanders & Co. ; Lanham, Md. : Distributed to the trade by National Book Network	['Jackson, Stonewall, 1824-1863', 'Confederate States of America. Army -- Biography', 'Generals -- Confederate States of America -- Biography']	['xiv, 322 p. : 21 cm', 'Originally published: 1928', 'Includes bibliographical references (p. 321-322)']	['internetarchivebooks', 'printdisabled', 'fav-learned_southron', 'fav-tulawbadger', 'riceuniversity-ol', 'wrlc-ol']
/works/OL509889W	The Good Soldier	Ford Maddox Ford	"title:""The Good Soldier"" AND mediatype:texts"	97	isbn_9780141193120	The Good Soldier (The Times Romance Series)	Ford Madox Ford	2009-01-01T00:00:00Z	2009.0	Penguin Books			['internetarchivebooks', 'inlibrary', 'printdisabled', 'fav-ronald_eugene']
/works/OL509889W	The Good Soldier	Ford Maddox Ford	"title:""The Good Soldier"" AND mediatype:texts"	97	goodsoldierschwe0000hase_p3o0	The good soldier, Schweik	Hašek, Jaroslav, 1883-1923, author	1962-01-01T00:00:00Z	1962.0	New York : Frederick Ungar Publishing Co.	['World War (1914-1918)', 'World War, 1914-1918 -- Czechoslovakia -- Fiction', 'Soldiers -- Czechoslovakia -- Fiction', 'Soldiers', 'Czechoslovakia']	"['447 pages : 22 cm', 'Translation from the Czech of: Osudy dobrého vojáka Švejka za světové války', ""Schweik, the Good Soldier, Intervenes in the Great War -- Schweik at the Police Headquarters -- Schweik before the Medical Authorities -- Schweik at the Commissariat of Police -- Schweik Home Again after Having Broken the Vicious Circle -- Schweik Joins the Army -- Schweik as a Malingerer -- Schweik at the Detention Barracks -- Schweik Becomes the Chaplain's Orderly -- Schweik Accompanies the Chaplain to the Celebration of Mass -- Religious Debate -- Schweik Administers Extreme Unction -- Schweik Becomes Batman to Lieutenant Lukash -- The Catastrophe -- Schweik's Misadventures on the Train -- Schweik's Anabasis -- Schweik's Adventures at Kiraly-Hida -- Fresh Tribulations -- From Bruck-on-the-Leitha to Sokal -- Across Hungary -- At Budapest -- From Hatvan to the Frontiers of Galicia -- Quick March""]"	['marygrovecollege', 'internetarchivebooks', 'americana', 'inlibrary', 'printdisabled', 'fav-bookhunter222', 'fav-geniuswaitress', 'fav-katearizona', 'fav-ms-dale', 'fav-popwu', 'fav-universeson']
/works/OL509889W	The Good Soldier	Ford Maddox Ford	"title:""The Good Soldier"" AND mediatype:texts"	97	goodsoldiertaleo0000ford_i5n5	The good soldier : a tale of passion	Ford, Ford Madox, 1873-1939	2012-01-01T00:00:00Z	2012.0	Oxford : Oxford University Press	['British -- Germany -- Fiction', 'Married people -- Fiction', 'Middle class -- Fiction', 'Friendship -- Fiction', 'Adultery -- Fiction', 'Bad Nauheim (Germany) -- Fiction']	['lvii, 253 p. ; 20 cm', 'Includes bibliographical references (p. [xlvii]-liii)']	['internetarchivebooks', 'inlibrary', 'printdisabled', 'fav-annademoux', 'fav-blairnyc', 'fav-greyeminence', 'fav-micah_sponheim', 'americanuniversity-ol', 'dartmouthlibrary-ol', 'wilsoncollege-ol']
/works/OL509889W	The Good Soldier	Ford Maddox Ford	"title:""The Good Soldier"" AND mediatype:texts"	97	goodsoldier0000ford_l1r8	The good soldier	Ford, Ford Madox, 1873-1939	2010-01-01T00:00:00Z	2010.0	London : Vintage Books	['British -- Germany -- Fiction', 'Married people -- Fiction', 'Middle class -- Fiction', 'Friendship -- Fiction', 'Adultery -- Fiction', 'Bad Nauheim (Germany) -- Fiction']	xx, 239 p. ; 20 cm	['internetarchivebooks', 'printdisabled', 'fav-ana_lves', 'fav-greyeminence', 'fav-jianyuan_hong', 'fav-shadowsensui', 'openlibrary-d-ol']
/works/OL509889W	The Good Soldier	Ford Maddox Ford	"title:""The Good Soldier"" AND mediatype:texts"	97	goodsoldiersto00good	The good soldier; the story of Isaac Brock	Goodspeed, D. J. (Donald James), 1919-	1964-01-01T00:00:00Z	1964.0	New York, St. Martin's Press	Brock, Sir Isaac 1769-1812	156p. 22cm	['internetarchivebooks', 'inlibrary', 'printdisabled', 'fav-andrew_amp_sarah_gordon', 'fav-ktornblom', 'fav-m3bos', 'fav-mrsshevy']
/works/OL85892W	Dracula	Bram Stoker	"title:""Dracula"" AND mediatype:texts"	717	bwb_S0-ATS-526	A La Recherche De Dracula	Raymond T. McNALLY and Radu FLorescu	1973-01-01T00:00:00Z	1973.0				['internetarchivebooks', 'printdisabled', 'inlibrary']
/works/OL85892W	Dracula	Bram Stoker	"title:""Dracula"" AND mediatype:texts"	717	ion-dragusanul-varul-lui-dracula	Ion Drăguşanul Vărul Lui Dracula	Ion Drăguşanul	2022-09-03T00:00:00Z	2022.0		['Vlad', 'Ţepeş', 'Dracula', 'Ştefac', 'cel', 'Mare', 'Moldova', 'Bogdania', 'Valahia', 'Iancu', 'Hunedoara', 'Muntenia', 'Bogdan', 'Alexandru', 'Suceava', 'Târgovişte']	Urmat de cei doi oaspeţi, Marele Păstor intră în măruntaiele Templului Rarăului, ferecând intrarea pentru totdeauna.	['booksbylanguage_romanian', 'booksbylanguage']
/works/OL85892W	Dracula	Bram Stoker	"title:""Dracula"" AND mediatype:texts"	717	Dracula_561	Dracula	Bram Stoker				['Bram', 'Stoker', 'Dracula', 'vampire', 'horror']	Bram Stoker's Dracula	['opensource', 'community', 'fav-abote001', 'fav-dolores1228']
/works/OL85892W	Dracula	Bram Stoker	"title:""Dracula"" AND mediatype:texts"	717	bwb_C0-BOY-883	Dracula	Bram Stoker	1973-01-01T00:00:00Z	1973.0	Interlyth, Ltd			['internetarchivebooks', 'printdisabled', 'inlibrary']
/works/OL85892W	Dracula	Bram Stoker	"title:""Dracula"" AND mediatype:texts"	717	Dracula_The_Undead_1992	Dracula The Undead (1992)						Dracula The Undead (1992)	['atarilynxmanuals', 'consolemanuals', 'manuals', 'manuals_atari']
/works/OL85892W	Dracula	Bram Stoker	"title:""Dracula"" AND mediatype:texts"	717	dracula-universal-monsters	Dracula Universal Monsters	Various	2023-01-01T00:00:00Z	2023.0		['Comics', 'Comic', 'BD', 'Bande Dessinèe', 'Fumetto']	France  ,  2023	['comics_inbox', 'comics', 'folkscanomy', 'fav-alienfreak_33', 'fav-bjt2000', 'fav-kasia657', 'fav-meredith_long683', 'fav-piguillem', 'fav-thebeardedlady', 'fav-tonyarcade2375', 'fav-willparz']
/works/OL85892W	Dracula	Bram Stoker	"title:""Dracula"" AND mediatype:texts"	717	draculaneboitpas0000dade	Dracula ne boit pas de limonade	Dadey, Debbie	1999-01-01T00:00:00Z	1999.0	Markham, Ont. : Éditions Scholastic	['Vampires -- Juvenile fiction', 'Vampires']	['74 pages : 20 cm', 'Traduction de : Dracula does not drink lemonade']	['internetarchivebooks', 'inlibrary', 'printdisabled', 'fav-geniuswaitress', 'hamiltonpubliclibrary-ol']
/works/OL85892W	Dracula	Bram Stoker	"title:""Dracula"" AND mediatype:texts"	717	films-board-of-review_34824d	Blood for Dracula	['Chief Censor of Films', 'Films Board of Review']	['1975-05-15T00:00:00Z', '1975-10-10T00:00:00Z', '1984-09-05T00:00:00Z', '1985-08-07T00:00:00Z']	1975.0		['New Zealand', 'censorship', 'film']	This is a series of New Zealand classifications of Blood for Dracula . Title BLOOD FOR DRACULA Publication number 40789 (a) Application number 220 Medium Video Recording VHS/PAL Current decision R16 Restricted to persons 16 years and over Registration date 1985-08-07 Language English Country Italy Classification body Chief Censor of Films (1916–1994) Submission channel Submission channel not held Running time At submission: 99:00 At classification: 99:00 Title BLOOD FOR DRACULA Publication number 40228 (e) Application number 98 Medium Film 35mm Current decision R16 Restricted to persons 16 years and over Registration date 1984-09-05 Country Italy Classification body Chief Censor of Films (1916–1994) Submission channel Submission channel not held Running time At submission: 104:00 At classification: 104:00 Title BLOOD FOR DRACULA Publication number 34824 (d) Application number 27 Medium Film 16mm Current decision Banned Objectionable Registration date 1975-10-10 Classification body Films Board of Review (1916–1994) Submission channel Submission channel not held Running time At submission: 259:59 At classification: 259:59 Additional information Classified as objectionable by the Film Board of Review, this upholds the objectionable classification assigned by the Chief Censor of Films. Title BLOOD FOR DRACULA (T NO.1) Publication number 34824 (c) (T no.1) Application number 27 Medium Film 35mm Current decision Banned Objectionable Associated documents 111597_18_4_15904.pdf (Refusal Notice for Blood for Dracula (Feature & Trailer) 22 May 1975.doc) Registration date 1975-05-15 Classification body Chief Censor of Films (1916–1994) Submission channel Submission channel not held Running time At submission: 2:00 At classification: 2:00 Additional information Originally refused classification by the Chief Censor of Films.	['new-zealand-censorship', 'government-documents', 'fav-dcass64', 'fav-smellyhansen']
/works/OL85892W	Dracula	Bram Stoker	"title:""Dracula"" AND mediatype:texts"	717	Famous_Films_02_Curse_of_Frankenstein_Horror_of_Dracula_1965.Warren	Famous Films 02 Curse of Frankenstein Horror of Dracula (1965.Warren)						Famous Films 02 Curse of Frankenstein Horror of Dracula (1965.Warren)	['classichollywood', 'pulpmagazinearchive', 'magazine_rack', 'fav-bamboohouses', 'fav-batsintower', 'fav-bobbychumlee', 'fav-derbingle', 'fav-dsiciliano66', 'fav-ehhhh', 'fav-gfreedmand', 'fav-glickmandigitalmedia', 'fav-hellwood74', 'fav-jakethehitman73', 'fav-jiinolap', 'fav-kmckeon', 'fav-mondofilm', 'fav-night_owl556', 'fav-nin4nine', 'fav-pablo_garcia_vallejo', 'fav-pere432', 'fav-piratequest', 'fav-quasar1967']
/works/OL85892W	Dracula	Bram Stoker	"title:""Dracula"" AND mediatype:texts"	717	dracula0000stok_v4m4	Dracula	Stoker, Bram, 1847-1912	1994-01-01T00:00:00Z	1994.0	London : Puffin	['Dracula, Count (Fictitious character)', 'Dracula, Count (Fictitious character) -- Fiction', 'Vampires', 'Vampires -- Fiction', 'Transylvania (Romania) -- Fiction', 'Horror fiction', 'English fiction', 'Romania -- Transylvania']	['520 pages ; 20 cm', 'Having discovered the double identity of the wealthy Transylvanian nobleman, Count Dracula, a small group of people vow to rid the world of the evil vampire']	['internetarchivebooks', 'printdisabled', 'fav-azuridian', 'fav-coco3010', 'fav-cyborgbatman', 'fav-darkmanse', 'fav-friday2006', 'fav-g_nesis_barrera', 'fav-hicestjohnny', 'fav-ilovereading1977', 'fav-katm114', 'fav-melodyinsomnia', 'fav-noormoonmoon', 'fav-rwiiihardy', 'fav-ulixis', 'cnusd-ol']
/works/OL85892W	Dracula	Bram Stoker	"title:""Dracula"" AND mediatype:texts"	717	dracula0000stok_z0y3	Dracula	Stoker, Bram, 1847-1912	2003-01-01T00:00:00Z	2003.0	London ; New York : Penguin Books	['Dracula, Count (Fictitious character) -- Fiction', 'Dracula, Count (Fictitious character)', 'Vampires -- Fiction', '18.05 English literature', 'Vampires', 'Horror fiction', 'Dracula, Count (Fictional character) -- Fiction', 'Transylvania (Romania) -- Fiction', 'Whitby (England) -- Fiction', 'England -- Whitby', 'Romania -- Transylvania']	"['xlvii, 454 pages ; 20 cm', 'Overview: The punctured throat, the coffin lid slowly opening, the unholy shriek as the stake pierces the heart-these are just a few of the chilling images Bram Stoker unleashed upon the world with his 1897 masterpiece, Dracula. Inspired by the folk legend of nosferatu, the undead, Stoker created a timeless tale of gothic horror and romance that has enthralled and terrified readers ever since. A true masterwork of storytelling, Dracula has transcended generation, language, and culture to become one of the most popular novels ever written. It is a quintessential tale of suspense and horror, boasting one of the most terrifying characters ever born in literature: Count Dracula, a tragic, night-dwelling specter who feeds upon the blood of the living, and whose diabolical passions prey upon the innocent, the helpless, and the beautiful. But Dracula also stands as a bleak allegorical saga of an eternally cursed being whose nocturnal atrocities reflect the dark underside of the supremely moralistic age in which it was originally written - and the corrupt desires that continue to plague the modern human condition', 'Includes bibliographical references (pages xl-xlv)', 'Preface -- Chronology -- Introduction -- Further reading -- Note on the text -- Dracula: -- Appendix 1: Bram Stoker\'s correspondence with Walt Whitman (1872-6) -- Appendix 2: Charlotte Stoker\'s account of ""The Cholera Horror"" in a letter to Bram Stoker (c1875) -- Appendix 3: Bram Stoker\'s article ""The Censorship of fiction"" (1908) -- Appendix 4: Bram Stoker\'s interview with Winston Churchill (1908) -- Notes -- Contents: -- Chapter 1: Jonathan Harker\'s journal -- Chapter 2: Jonathan Harker\'s journal -- Chapter 3: Jonathan Harker\'s journal -- Chapter 4: Jonathan Harker\'s journal -- Chapter 5: Letter from Miss Mina Murray to Miss Lucy Westenra -- Chapter 6: Mina Murray\'s journal -- Chapter 7: Cutting from the Daily-graph, 8 August -- Chapter 8: Mina Murray\'s journal -- Chapter 9: Letter, Mina Harker to Lucy Westenra -- Chapter 10: Letter, Dr Seward to the Hon Arthur Holmwood -- Chapter 11: Lucy Westenra\'s dairy -- Chapter 12: Dr Seward\'s diary -- Chapter 13: Dr Seward\'s diary -- Chapter 14: Mina Harker\'s journal -- Chapter 15: Dr Seward\'s diary -- Chapter 16: Dr Seward\'s diary -- Chapter 17: Dr Seward\'s diary -- Chapter 18: Dr Seward\'s diary -- Chapter 19: Jonathan Harker\'s journal -- Chapter 20: Jonathan Harker\'s journal -- Chapter 21: Dr Seward\'s diary -- Chapter 22: Jonathan Harker\'s journal -- Chapter 23: Dr Seward\'s diary -- Chapter 24: Dr Seward\'s phonograph diary, spoken by Van Helsing -- Chapter 25: Dr Seward\'s diary -- Chapter 26: Dr Seward\'s diary -- Chapter 27: Mina Harker\'s journal']"	['internetarchivebooks', 'printdisabled', 'fav-ana_lves', 'fav-anstep', 'fav-batman1989thedarkknight', 'fav-ben_vaid', 'fav-bersha_anglica', 'fav-duceydooooo', 'fav-ethan_carmon', 'fav-freud1', 'fav-g_nesis_barrera', 'fav-hrachelleb', 'fav-kristine_barnes', 'fav-library_lisha', 'fav-littlecannon', 'fav-michaelportal', 'fav-ptschmitz', 'fav-rmareidoom', 'fav-transformers1', 'fav-winslowleach', 'dartmouthlibrary-ol', 'gwulibraries-ol', 'johnshopkins-ol', 'the-claremont-colleges-ol']
/works/OL85892W	Dracula	Bram Stoker	"title:""Dracula"" AND mediatype:texts"	717	dracula00stok_8	Dracula	Stoker, Bram, 1847-1912	1920-01-01T00:00:00Z	1920.0	Garden City, N.Y. Doubleday, Page & Co.	['Dracula, Count (Fictitious character)', 'Vampires', 'Dracula, Count (Fictitious character) -- Fiction', 'Vampires -- Fiction', 'Transylvania (Romania) -- Fiction', 'Whitby (England) -- Fiction']	4 p. l., vii-xi, 378 p., 1 l. 20 cm	['library_of_congress', 'americana', 'fav-28turtles', 'fav-acmillie', 'fav-aegrey', 'fav-andrey_marchenko', 'fav-anstep', 'fav-azarath_metri', 'fav-bouncetiger', 'fav-burdenofknowledge', 'fav-chuonchuon123', 'fav-coachanne', 'fav-enkalake3', 'fav-esl85', 'fav-essie_yesterday', 'fav-fateh_atha', 'fav-g_nesis_barrera', 'fav-isabelle_allan535', 'fav-kalo11', 'fav-leonardomyst', 'fav-lightcrystal', 'fav-marco_rossi197', 'fav-mhdbz7', 'fav-myhtaa', 'fav-neha_verma563', 'fav-rmareidoom', 'fav-s_bastien_pradat', 'fav-sailorgamer', 'fav-sav112', 'fav-sbuckner021_gmail_com', 'fav-shyamashibani_mishra', 'fav-simrxn9015', 'fav-stingh2_', 'fav-tarvo_kruus', 'fav-wednesda1', 'fav-xilene_gomez']
/works/OL85892W	Dracula	Bram Stoker	"title:""Dracula"" AND mediatype:texts"	717	dracula_20181031	dracula					['vampire', 'dracula', 'vector']	basado en personaje dracula	['opensource', 'community', 'fav-lagrandegwaz', 'fav-lizanicole']
/works/OL85892W	Dracula	Bram Stoker	"title:""Dracula"" AND mediatype:texts"	717	dracula_202009	Dracula	BRAM STOKER	1897-01-01T00:00:00Z	1897.0		['Novelas', 'Misterio', 'Drácula', 'Literatura Estadounidense']	BIBLIOTECA MODERNA • NUEVA YORK   1897 La forma en que estos documentos se han colocado en secuencia será manifestado en la lectura de los mismos. Todos los asuntos innecesarios han sido eliminados, de modo que una historia casi en La discrepancia con las posibilidades de creencias posteriores puede adelante como simple hecho. No hay ninguna declaración de cosas pasadas en las que la memoria puede errar, para todos los registros elegidos son exactamente contemporáneos, dados desde los puntos de vista y dentro del alcance del conocimiento de quienes los hizo. 440 páginas Idioma: inglés	['opensource', 'community', 'fav-g_nesis_barrera', 'fav-ireason_hate_graphic_design', 'fav-jeffersonbailey', 'fav-jm15xy', 'fav-kokigay108', 'fav-repolidoblaz']
/works/OL85892W	Dracula	Bram Stoker	"title:""Dracula"" AND mediatype:texts"	717	drakula-brem-stoker_202311	Drakula - Dracula - roman	Bram Stoker	1984-01-01T00:00:00Z	1984.0		['roman', 'plava ptica', 'horor', 'vampir', 'brem stoker']	Poznati horor roman. U izdanju Plava Ptica	['booksbylanguage_serbian', 'booksbylanguage', 'fav-dragan_batanchev']
/works/OL85892W	Dracula	Bram Stoker	"title:""Dracula"" AND mediatype:texts"	717	dracula-2-the-last-sanctuary-2000-pc-manual	Dracula 2: The Last Sanctuary (2000) PC Manual	DreamCatcher Interactive	2000-01-01T00:00:00Z	2000.0		['Dracula 2: The Last Sanctuary', 'Manual', 'PC', 'Vintage']	Manual for this game	['gamemanuals', 'manuals']
/works/OL85892W	Dracula	Bram Stoker	"title:""Dracula"" AND mediatype:texts"	717	bub_gb_k39vHp-5VeMC	Dracula A Mystery Story	Bram Stoker	1897-01-01T00:00:00Z	1897.0	W. R. Caldwell	bub_upload		['americana', 'fav-11librarian', 'fav-anstep', 'fav-atomikdog', 'fav-barabarawhite', 'fav-faraz_waheed', 'fav-g_nesis_barrera', 'fav-gevans708', 'fav-jordan_christopher_lewans', 'fav-kachr', 'fav-missnoblestar', 'fav-petamy', 'fav-roberiodez']
/works/OL85892W	Dracula	Bram Stoker	"title:""Dracula"" AND mediatype:texts"	717	dinosaurdetectiv0000step_h3w9	The Dinosaur Detectives in Dracula, Dragons and Dinosaurs	Stephanie Baudet	2017-10-10T00:00:00Z	2017.0	Sweet Cherry Publishing			['internetarchivebooks', 'printdisabled']
/works/OL85892W	Dracula	Bram Stoker	"title:""Dracula"" AND mediatype:texts"	717	countessdracula0000adam_p4q7	Countess Dracula	Adams, Guy, 1976- author	2013-01-01T00:00:00Z	2013.0	Bath : Chivers	['Motion picture actors and actresses -- Fiction', 'Beauty, Personal -- Fiction', 'Beauty, Personal', 'Motion picture actors and actresses']	"['251 pages', ""You can do anything in Hollywood and be forgiven, anything except grow old ... It's the 1930s and cinema stands at the dawn of a new age, the silent era is all but dead, talkies are here and Technicolor is on its way. The whole world loves movie icons Frank Nayland and Elizabeth Sasdy, lapping up each new picture and following their romantic life story both on and off the screen. But all is not as perfect as it appears. Not only has the advent of talkies meant torturous sessions with a vocal coach to try and remove Sasdy's Hungarian accent but she's starting to spot the first few grey hairs, and the lines on her face get deeper every day. If she loses her looks she'll lose everything, but even a woman as powerful as Elizabeth Sasdy can't fight nature. Can she? A chance accident reveals the solution. But just how far is the Queen of Hollywood prepared to go to stay beautiful forever?"", 'Originally published: London: Hammer']"	['internetarchivebooks', 'inlibrary', 'printdisabled']
/works/OL85892W	Dracula	Bram Stoker	"title:""Dracula"" AND mediatype:texts"	717	dracula0000glas	Dracula	Glass, Philip, composer	2017-01-01T00:00:00Z	2017.0	New York, NY : Orange Mountain Music		"['1 audio disc ; 4 3/4 in', 'Dracula (1:12) -- Journey to the inn (0:43) -- The inn (3:25) -- The crypt (1:16) -- Carriage without a driver (2:11) -- The castle (3:10) -- The drawing room (1:06) -- ""Excellent, Mr. Renfield"" (2:46) -- The three consorts of Dracula (1:30) -- The storm (1:29) -- Horrible tragedy (1:22) -- London fog (1:15) -- In the theatre (2:48) -- Lucy\'s bitten (2:18) -- Seward sanatorium (2:57) -- Renfield (2:57) -- In his cell (1:31) -- When the dream comes (2:07) -- Dracula enters (3:59) -- Or a wolf (4:38) -- Women in white (3:07) -- Renfield in the drawing room (3:26) -- Dr. van Helsing & Dracula (2:23) -- Mina on the terrace (4:42) -- Mina\'s bedroom/The abbey (3:53) -- The end of Dracula (4:06)', 'Originally released in 1999', 'Title from container', 'Kronos Quartet (David Harrington, John Sherba, violins ; Hank Dutt, viola ; Joan Jeanrenaud, cello)']"	['internetarchivebooks', 'inlibrary', 'printdisabled', 'fav-animanoir-geosmina', 'fav-gmccrea', 'fav-micha_nowaczewski488', 'fav-odpots', 'fav-wehrw0lf']
/works/OL85892W	Dracula	Bram Stoker	"title:""Dracula"" AND mediatype:texts"	717	somethinginblood0000skal	Something in the blood : the untold story of Bram Stoker, the man who wrote Dracula	Skal, David J., author	2016-01-01T00:00:00Z	2016.0	New York : Liveright Publishing Corporation	['Stoker, Bram, 1847-1912', 'Novelists, English -- 19th century -- Biography', 'Theatrical managers -- Great Britain -- Biography', 'Dracula, Count (Fictitious character)', 'Horror tales -- Authorship', 'Vampires in literature', 'Great Britain -- Civilization -- 19th century']	['xvii, 652 pages : 25 cm', 'First published in 1897, Dracula has had a long and multifaceted afterlife - one rivaling even its immortal creation; yet Bram Stoker has remained a hovering specter in this pervasive mythology. In Something in the Blood, David J. Skal exhumes the inner world and strange genius of the writer who birthed an undying cultural icon, painting an astonishing portrait of the age in which Stoker was born - a time when death was no metaphor but a constant threat easily imagined as a character existing in flesh and blood', 'Includes bibliographical references (pages 615-626) and index']	['internetarchivebooks', 'printdisabled', 'fav-ashleigh_york', 'fav-bettina_adler', 'fav-gaia_ilari', 'fav-kmckeon', 'fav-mothenflame', 'fav-octavo', 'fav-rab651', 'fav-reddvelvett', 'fav-scanner9', 'fav-standish_cashcaw', 'fav-tuar_ceatha', 'americanuniversity-ol', 'belmont-ol', 'binghamton-ol', 'dartmouthlibrary-ol', 'hamiltonpubliclibrary-ol', 'tulsacc-ol', 'uni-ol', 'universityofoklahoma-ol', 'wilsoncollege-ol']
/works/OL85892W	Dracula	Bram Stoker	"title:""Dracula"" AND mediatype:texts"	717	dracula-densetsu-ii-dmg-cwj-gb-jp-manual-600-dpi	Dracula Densetsu II [DMG-CWJ](Game Boy)(JP) -Manual(600DPI)	Konami	1991-07-12T00:00:00Z	1991.0		['Dracula Densetsu II', 'ドラキュラ伝説Ⅱ', 'Konami', 'コナミ(株)', 'Game Boy', 'Gameboy', 'GB', 'Console Manual', 'Manual', '600DPI']	Items scanned: Manual(600DPI)	['consolemanuals_unsorted', 'consolemanuals', 'manuals']
/works/OL85892W	Dracula	Bram Stoker	"title:""Dracula"" AND mediatype:texts"	717	Akumajou_Dracula_X_Gekka_No_Yasoukyoku_1998_J_color	Akumajou Dracula X Gekka No Yasoukyoku (1998)(J)(color)						Akumajou Dracula X Gekka No Yasoukyoku (1998)(J)(color)	['segasaturnmanuals', 'consolemanuals', 'manuals', 'fav-daniele_battaglia856', 'fav-jisames', 'fav-vincent_vibes', 'fav-wonderman989']
/works/OL85892W	Dracula	Bram Stoker	"title:""Dracula"" AND mediatype:texts"	717	cbfc-ecinepramaan-100080292000000108	TRAILER OF DRACULA SIR	Central Board of Film Certification (CBFC), India				['CBFC', 'Indian cinema']	Certificate issued by CBFC India for TRAILER OF DRACULA SIR in Bengali	['centralfilmboardindiacerts', 'government-documents']
/works/OL85892W	Dracula	Bram Stoker	"title:""Dracula"" AND mediatype:texts"	717	cbfc-ecinepramaan-100080292000000156	DRACULA SIR	Central Board of Film Certification (CBFC), India				['CBFC', 'Indian cinema']	Certificate issued by CBFC India for DRACULA SIR in BENGALI WITH ENGLISH SUBTITLE	['centralfilmboardindiacerts', 'government-documents']
/works/OL85892W	Dracula	Bram Stoker	"title:""Dracula"" AND mediatype:texts"	717	terreur-de-dracula-03	Terreur De Dracula 03	AA.VV	1976-01-01T00:00:00Z	1976.0		['Comics', 'Comic', 'Bande Dessinèe', 'Fumetto']	France , 1976	['comics_inbox', 'comics', 'folkscanomy']
/works/OL85892W	Dracula	Bram Stoker	"title:""Dracula"" AND mediatype:texts"	717	draculainsunligh0000powl_g7z2	Dracula in sunlight	Powling, Chris	1990-01-01T00:00:00Z	1990.0	Blackie	"['Families -- Juvenile fiction', 'Storytelling', 'Familles -- Romans, nouvelles, etc. pour la jeunesse', 'Art de conter', 'Families', ""Children's stories in English, 1945- - Texts""]"	105 pages : 21 cm	['internetarchivebooks', 'inlibrary', 'printdisabled']
/works/OL85892W	Dracula	Bram Stoker	"title:""Dracula"" AND mediatype:texts"	717	Dracula_Unleashed_1994_Sega_US	Dracula Unleashed (1994)(Sega)(US)		1994-01-01T00:00:00Z	1994.0		['sega', 'disc', 'compact', 'journal', 'screen', 'button', 'warranty', 'dracula', 'select', 'adventure', 'compact disc', 'red arrow', 'limited warranty', 'van helsing', 'pocket watch', 'options screen', 'london map', 'address book', 'watch screen', 'service department']	Dracula Unleashed (1994)(Sega)(US)	['megacdmanuals', 'consolemanuals', 'manuals', 'fav-labryn']
/works/OL85892W	Dracula	Bram Stoker	"title:""Dracula"" AND mediatype:texts"	717	Dracula_201509	Dracula -AUDIO BOOK					AUDIO BOOKS	25 FREE AUDIO BOOKS FROM LIFEINTHEHOLE.COM	['opensource_media', 'community']
/works/OL85892W	Dracula	Bram Stoker	"title:""Dracula"" AND mediatype:texts"	717	bram-stoker-dracula-bram-stoker.epub	Bram Stoker - Dracula Bram Stoker.epub	Bram Stoker	1860-01-01T00:00:00Z	1860.0		['Bram Stoker', 'Dracula Bram Stoker', 'epub']	Bram Stoker - Dracula Bram Stoker.epub	['opensource', 'community']
/works/OL85892W	Dracula	Bram Stoker	"title:""Dracula"" AND mediatype:texts"	717	bram-stoker-dracula_202405	Bram Stoker Dracula	kitap cuvali , Hikaye, Klasik, Turkish, cizgi roman ,mizah,polisiye.tarihi,politik				['kitap cuvali', 'Hikaye', 'Klasik', 'Turkish', 'cizgi roman', 'mizah', 'polisiye.tarihi', 'politik']	kitap cuvali , Hikaye, Klasik, Turkish, cizgi roman ,mizah,polisiye.tarihi,politik	['opensource', 'fav-heiley17']
/works/OL85892W	Dracula	Bram Stoker	"title:""Dracula"" AND mediatype:texts"	717	JLSS09	Jikuu Tantei DD: Dracula Detective Strategy Guide 時空偵探DD 彩色超完全攻略	疾風之狼	1996-09-01T00:00:00Z	1996.0		['Sega Saturn', 'Strategy Guide']	SS09 時空偵探DD 彩色超完全攻略	['strategyguides', 'folkscanomy_games', 'folkscanomy', 'fav-_david_wong', 'fav-daniel_koch473', 'fav-danieruumiko83', 'fav-ddrorg', 'fav-jetgear_maxx', 'fav-starman271', 'fav-user_48307', 'fav-zeke_ral']
/works/OL85892W	Dracula	Bram Stoker	"title:""Dracula"" AND mediatype:texts"	717	childrencinemace0000smit	Children, cinema and censorship : from Dracula to the Dead End Kids	Smith, Sarah J. (Sarah Jane)	2005-01-01T00:00:00Z	2005.0	London ; New York : I. B. Tauris ; New York : Distributed in the US by Palgrave Macmillan	['Motion pictures and children -- Great Britain', 'Motion pictures -- Censorship -- Great Britain', 'Motion pictures and children', 'Motion pictures -- Censorship']	"['xvi, 237 p. : 24 cm', '8Includes bibliographical references (p. [213]-229) and index', 'The doom of a generation? -- How Bridget served the salad undressed: the regulation of cinema 1895-1929 -- It ain\'t no sin: the regulation of cinema 1929-1939 -- Moral panic or flapdoodle? -- Children as censors -- Matinees, clubs and children\'s cinema culture -- Children and cinema: control and resistance -- Appendix I: T.P. O\'Connor\'s 43 rules of the BBFC -- Appendix II: BBFC codified grounds for censorship, 1926 -- Appendix III: List of \'don\'ts and be carefuls\', adopted by California Association for guidance of producers, 8 June 1927 -- Appendix IV: Films classified as \'horrific\' or certified ""H"" by the BBFC, 1933-40 -- Appendix V: Members of the Edinburgh Cinema Enquiry Committee']"	['internetarchivebooks', 'printdisabled', 'fav-ayastbr', 'fav-belle_spp', 'fav-bertieson', 'fav-candycage', 'fav-dechiriko', 'fav-geniuswaitress', 'fav-gulchin', 'fav-heroinecomplex', 'fav-terry_odika', 'fav-vivi635', 'fav-war_wolf', 'americanuniversity-ol', 'drakeuniversity-ol', 'gwulibraries-ol', 'johnshopkins-ol', 'kalamazoocollege-ol', 'riceuniversity-ol', 'the-claremont-colleges-ol', 'universityofarizona-ol', 'universityofcoloradoboulder-ol', 'universityofoklahoma-ol', 'wilsoncollege-ol']
/works/OL85892W	Dracula	Bram Stoker	"title:""Dracula"" AND mediatype:texts"	717	dracula0000stoc	Dracula	Stocks, Mike	2002-01-01T00:00:00Z	2002.0	London : Usborne	['Dracula, Count (Fictitious character) -- Juvenile fiction', 'Dracula, Count (Fictitious character)', 'Vampires -- Juvenile fiction', 'Vampires']	143 pages : 20 cm	['internetarchivebooks', 'inlibrary', 'printdisabled', 'fav-clearance332', 'fav-jessicakarli', 'fav-shepherdjacob']
/works/OL85892W	Dracula	Bram Stoker	"title:""Dracula"" AND mediatype:texts"	717	akumajodraculaxstrkcol.	Asakura, Raito B.: Akumajo Dracula X Soundtrack Collection	Asakura, Raito B. (FFShrine)	2017-04-30T00:00:00Z	2017.0		['#ffshrine', '#castlevania', '#akumajodracula', '#castlevaniarondoofblood', '#akumajodraculax', '#castlevaniasymphonyofthenight', '#akumajodraculaxgekkanoyasōkyoku', '#ayamikojima', '#alucardcastlevania', '#richterbelmontcastlevania', '#mariarenardcastlevania', '#draculacastlevania', '#deathcastlevania', '#raitobasakura']	Cover by Raito B. Asakura (FFShrine) for a Castlevania music compilation.	['opensource', 'community']
/works/OL85892W	Dracula	Bram Stoker	"title:""Dracula"" AND mediatype:texts"	717	in.ernet.dli.2015.184866	Dracula	Bram Stoker	1897-01-01T00:00:00Z	1897.0		IIIT	Book Source: Digital Library of India Item 2015.184866 dc.contributor.author: Bram Stoker dc.date.accessioned: 2015-07-07T18:10:35Z dc.date.available: 2015-07-07T18:10:35Z dc.date.digitalpublicationdate: 2007-03-02 dc.date.citation: 1897 dc.identifier.barcode: 5990010107939 dc.identifier.origpath: /rawdataupload/upload/0107/941 dc.identifier.copyno: 1 dc.identifier.uri: http://www.new.dli.ernet.in/handle/2015/184866 dc.description.scanningcentre: IIIT, Allahabad dc.description.main: 1 dc.description.tagged: 0 dc.description.totalpages: 428 dc.format.mimetype: application/pdf dc.language.iso: English dc.publisher: Modern Library New York dc.rights: In Public Domain dc.source.library: University Of Allahabad dc.subject.classification: Literature dc.title: Dracula	['digitallibraryindia', 'JaiGyan', 'fav-alucard_gilbert', 'fav-bouncetiger', 'fav-charybdis99', 'fav-hermionel6', 'fav-hiperborea', 'fav-jaysonfowler', 'fav-just4comments', 'fav-kimkim7', 'fav-maru463', 'fav-mohtaq1980', 'fav-roberiodez', 'fav-sailorgamer', 'fav-trashsama', 'fav-ulixis', 'fav-wallflowerstudio']
/works/OL85892W	Dracula	Bram Stoker	"title:""Dracula"" AND mediatype:texts"	717	bram-stokers-dracula-1993-sony-imagesoft-sns-5-d-usa	Bram Stoker's Dracula (1993) (Sony Imagesoft) (SNS-5D-USA)		1993-01-01T00:00:00Z	1993.0		['Nintendo', 'Super Nintendo', 'SNES', 'Manual']	Bram Stoker's Dracula (1993) (Sony Imagesoft) (SNS-5D-USA)	['manuals_sony', 'manuals']
/works/OL85892W	Dracula	Bram Stoker	"title:""Dracula"" AND mediatype:texts"	717	Zakoula-Greek-Translated-Adult-Comics	Ζάκουλα - Zakoula - Greek translated Adult (Dracula) Comics of terror - Πονηρά Βιβλία					['κόμιξ', 'comics', 'adult comics', 'greek comics', 'ενήλικα κόμιξ']	Ζάκουλα - Zakoula - Greek translated Adult (Dracula) Comics of terror - Πονηρά Βιβλία Ανέβασα τη συλλογή μου Ζάκουλα (από Dracula) - Ασπρόμαυρα ερωτικά ενήλικα κόμιξ τρόμου με θηλυκό Δράκουλα (Η Ζάκουλα). Τα κόμιξ αυτά βγήκαν στην Ιταλία και μεταφράστηκαν και στα Ελληνικά. Κυκλοφόρησαν από τις Εκδόσεις Πολυεκδοτική ΕΠΕ - Ιποκράτους 88. Αυτά που έχω κυκλοφόρησαν στην Ελλάδα τη δεκαετία του 1980. Η  Ζάκουλα που μπορεί και να έχει και έναν αρσενικό ως συνοδεία κάποιες φορές είναι μία εκδικητική Δράκουλίνα, που προτιμάει να σκοτώνει αυτούς που αδικούν ή που την αδικούν!  Και βέβαια της αρέσει πολύ ο έρωτας.   Όποιος έχει ας προσθέσει... Κ κάποια πράγματα καλύτερα να μην βγαίνουν από τις σελίδες ή από το φιλμ, ας μένουν εκεί! Δυστυχώς βέβαια, ως βίγκαν, αν παρακολουθήσει κάποιος ντοκιμαντέρ όπως η Συνωμοσία αγελάδας, ίσως νοιώσει τρόμο ή απέχθεια προς τους ανθρώπους!	['booksbylanguage_greek', 'booksbylanguage', 'fav-ariel_creeden', 'fav-artursz', 'fav-blazejohnson28', 'fav-buck_rumpus', 'fav-eleni315', 'fav-gaffel', 'fav-jedi-hunter', 'fav-jeramysq', 'fav-kallia_miliaraki', 'fav-lguil', 'fav-looking1', 'fav-luigi_de_hedera', 'fav-madogcaa', 'fav-mahon2801', 'fav-retroflock', 'fav-sir_james_godzilla_11', 'fav-the_giki_tiki', 'fav-theodoros_artavanis', 'fav-tonton74', 'fav-vincentchelli_gmail_com', 'fav-winnipegjetsfan88']
/works/OL85892W	Dracula	Bram Stoker	"title:""Dracula"" AND mediatype:texts"	717	lesenfantsdedrac0000lort	Les enfants de Dracula	Lortz, Richard	1989-01-01T00:00:00Z	1989.0	Paris : Crapule productions!		187 pages ; 22 cm	['internetarchivebooks', 'inlibrary', 'printdisabled']
/works/OL85892W	Dracula	Bram Stoker	"title:""Dracula"" AND mediatype:texts"	717	httpswww.ijtsrd.comhumanities-and-the-artsenglish46422an-interpretation-of-stoke	An Interpretation of Stoker's Dracula on the Basis of Psychoanalysis and Gender Criticism	Amritha V				['Psychoanalysis', 'gender studies', 'psychopath', 'Dracula', 'Oedipal complex', 'New Woman', 'sexuality', 'vampire', 'Victorian era']	"Be it a book, a movie or a series vampires are the most common characters in all forms of art. From the ancient times onwards, there are myths and tales orbiting the vampires. Some of them are still prevalent which makes them a nightmare. They can be in any form - a bat, a wolf, a man or a woman which casts no shadows, drinks blood and what not Even small children are not spared from their attack. A discussion of vampires leads to the most iconic vampire in the history of arts - Count Dracula. Bram Stoker's Dracula is an awe - inspiring vampire who still stands as an archetype in the world of vampires. The story of Dracula is taken as a model for most works of art in the vampire literature. Vampire literature becomes a zero without the story of the vampire hero Count Dracula in it. This study revolves around Stoker's Dracula - a small interpretation of the Un Dead by applying the theory of Psychoanalysis and Gender Studies. The first chapter deals with the psychic changes that is visible in the characters like Mina, Lucy etc. whilst the second chapter is about how the Victorian ladies emerged themselves as a New Woman. Dracula himself is a psychopath who manipulates every other characters. Major psychic changes occur to his preys. He is the crown figure of Oedipal complex. This study of the gothic fiction explores the concealed theme of sexuality. Also, the hidden fears and desires of the Victorian women. Amritha V ""An Interpretation of Stoker's Dracula on the Basis of Psychoanalysis and Gender Criticism"" Published in International Journal of Trend in Scientific Research and Development (ijtsrd), ISSN: 2456-6470, Volume-5 | Issue-6 , October 2021, URL: https://www.ijtsrd.com/papers/ijtsrd46422.pdf Paper URL : https://www.ijtsrd.com/humanities-and-the-arts/english/46422/an-interpretation-of-stoker's-dracula-on-the-basis-of-psychoanalysis-and-gender-criticism/amritha-v"	['IJTSRD', 'journals', 'fav-verminlord']
/works/OL85892W	Dracula	Bram Stoker	"title:""Dracula"" AND mediatype:texts"	717	dracula_20230826345678iuhgfdsaer678	DRÁCULA POR BRAM STOKER	Koba				DRÁCULA POR BRAM STOKER	DRÁCULA POR BRAM STOKER	['booksbylanguage_spanish', 'booksbylanguage', 'fav-james_milne', 'fav-xabier_rodriguez']
/works/OL85892W	Dracula	Bram Stoker	"title:""Dracula"" AND mediatype:texts"	717	draculamylovesec00jame	Dracula my love : the secret journals of Mina Harker : a novel	James, Syrie	2010-01-01T00:00:00Z	2010.0	New York, NY : Avon A	['Young women', 'Dracula, Count (Fictitious character)', 'Vampires']	"""Bestselling author Syrie James has crafted her most powerful tale yet in this amazingly written retelling of Dracula from Mina Harker's perspective. Perfect for anyone who loves vampires--and there are millions of readers out there who do--this novel deftly unveils Mina's story, a woman falling into into a forbidden, dangerous love and whose powerful emotions are subdued by the restrictions of her time""--Provided by publisher"	['internetarchivebooks', 'delawarecountydistrictlibrary', 'americana', 'printdisabled', 'fav-heroinecomplex', 'fav-jrftoledo', 'fav-judy_alkahwaji688', 'fav-nachturnica', 'fav-pluskat', 'fav-shieldmaiden1298', 'hamiltonpubliclibrary-ol', 'library_of_atlantis', 'tulsacc-ol']
/works/OL85892W	Dracula	Bram Stoker	"title:""Dracula"" AND mediatype:texts"	717	dracula_202603	Dracula	Pascal Croci, Françoise-sylvie Pauly	2015-09-30T00:00:00Z	2015.0		['Ados', 'Adultes', 'Fantastique', 'Horreur']	Pascal Croci crée une atmosphère à la fois terrible et crue. Il réalise un vibrant hommage à la littérature fantastique et gothique, et au film de vampire	['folkscanomy_miscellaneous', 'folkscanomy', 'fav-artursz', 'fav-benoit_lepine']
/works/OL85892W	Dracula	Bram Stoker	"title:""Dracula"" AND mediatype:texts"	717	dekleinedracula0000lawr	De kleine Dracula	Lawrence, Michael	2014-01-01T00:00:00Z	2014.0	Arnhem : Bontekoe		"[""67 pagina's : 22 cm"", 'Wilfred is de enige zoon van de oude graaf Dracula. Hij zal de grootste vampier ooit worden, hoopt de graaf. Maar Wilfred drinkt liever verse melk dan vers bloed. AVI-M5. Makkelijk lezen, vanaf ca. 8 jaar', 'Tekst opgemaakt in het lettertype Dyslexie']"	['internetarchivebooks', 'inlibrary', 'printdisabled']
/works/OL85892W	Dracula	Bram Stoker	"title:""Dracula"" AND mediatype:texts"	717	micro_IA41153763_0207	Dracula. [Lesson Plan].	Discovery Communications, Inc., Bethesda, MD.	2002-01-01T00:00:00Z	2002.0				['microfiche', 'eric']
/works/OL85892W	Dracula	Bram Stoker	"title:""Dracula"" AND mediatype:texts"	717	office-of-film-and-literature-classification_600301	Dracula II: Ascension	Office of Film and Literature Classification	2006-02-28T00:00:00Z	2006.0		['New Zealand', 'censorship']	This is a New Zealand classification of Dracula II: Ascension . Title Dracula II: Ascension Other known titles Dracula II: The Ascension Publication number 600301 Application number 60100143 Medium DVD Current decision R16 Objectionable except if the availability of the publication is restricted to persons who have attained the age of 16 years. Descriptive note Violence, offensive language and horror Associated documents 44107_18_4_39472.pdf (Register Page) Registration date 2006-02-28 Language English Country United States Classification body Office of Film and Literature Classification (1994–) Submission channel Section 12(1) - Labelling Body Running time At submission: 110:52 At classification: 110:52	['new-zealand-censorship', 'government-documents', 'fav-aboubakar_keita538']
/works/OL85892W	Dracula	Bram Stoker	"title:""Dracula"" AND mediatype:texts"	717	bwb_Y0-ARS-906	Sherlock Holmes Vs. Dracula	John H. Watson, M.D.	1978-01-01T00:00:00Z	1978.0	Quality Paperback Book Club			['internetarchivebooks', 'printdisabled', 'inlibrary']
/works/OL85892W	Dracula	Bram Stoker	"title:""Dracula"" AND mediatype:texts"	717	countdraculameno00hatc	Count Dracula, me, and Norma D.	Hatchigan, Jessica	1987-01-01T00:00:00Z	1987.0	New York, N.Y. : Avon Books	['Extrasensory perception', 'Friendship']	When she's not trying to convince her friends that she has extrasensory powers, ten-year-old Mollie finds ways to promote her mother's Chocky Chunka cookie business	['internetarchivebooks', 'inlibrary', 'printdisabled', 'fav-acecoolg', 'fav-geniuswaitress', 'fav-mfarnsley']
/works/OL85892W	Dracula	Bram Stoker	"title:""Dracula"" AND mediatype:texts"	717	spidermanvsdracu0000wyat	Spider-Man vs Dracula	Wyatt, Chris, 1975- adaptor	2014-01-01T00:00:00Z	2014.0	New York : Marvel Press	['Spider-Man (Fictitious character) -- Juvenile fiction', 'Dracula, Count (Fictitious character) -- Juvenile fiction', 'Spider-Man (Fictitious character)', 'Dracula, Count (Fictitious character)', 'Heroes -- Juvenile fiction', 'Superheroes -- Juvenile fiction', 'Vampires -- Juvenile fiction', 'Heroes']	"['24 pages : 21 cm', ""When Dracula, king of the vampies, returns to control the living and the undead, it's up to Spider-Man to stop him"", '""Based on Marvel\'s animated series Ultimate Spider-Man.""']"	['internetarchivebooks', 'printdisabled', 'fav-aboubakar_keita', 'fav-aboubakr_keita', 'fav-bookaholicholly', 'fav-broflovski', 'fav-carny51666', 'fav-catgotslap', 'fav-clearance332', 'fav-iahn_s', 'fav-saint444376', 'delawarecountydistrictlibrary-ol', 'openlibrary-d-ol']
/works/OL85892W	Dracula	Bram Stoker	"title:""Dracula"" AND mediatype:texts"	717	tomb-of-dracula-v-1-033	Tomb Of Dracula V 1 033	Marvel				['Tomb of Dracula', 'Comic']	Tomb of Dracula v1 033	['comics_inbox', 'comics', 'folkscanomy', 'fav-amyofthedead', 'fav-fred1843', 'fav-fred_macedo', 'fav-rangertron55043', 'fav-sugar_puss']
/works/OL85892W	Dracula	Bram Stoker	"title:""Dracula"" AND mediatype:texts"	717	dracula-bram-stoker_202507	Dracula | Bram Stoker	Bram Stoker				Dracula | Bram Stoker	Dracula | Bram Stoker	['opensource']
/works/OL85892W	Dracula	Bram Stoker	"title:""Dracula"" AND mediatype:texts"	717	cornelius-jan-eu-dracula-si-john-lenon-v.-0.9.8	Cornelius, Jan - Eu, Dracula Si John Lenon V. 0.9.8		2000-11-11T00:00:00Z	2000.0		['Cornelius', 'Jan - Eu', 'Dracula Si John Lenon V. 0.9.8']	Cornelius, Jan - Eu, Dracula Si John Lenon V. 0.9.8	['rob-rob604-library', 'patron-library-collection']
/works/OL85892W	Dracula	Bram Stoker	"title:""Dracula"" AND mediatype:texts"	717	DRACULA_ANNUAL_1972	DRACULA BOOK I 1972	Esteban Maroto, Enric Sio, Jose Bea,	1972-01-01T00:00:00Z	1972.0		['Esteban Maroto', 'Enric Sio', 'Jose Bea', 'Dracula', 'Dracula Annual', 'Warren publishing']	Dracula Annual  Warren publishing  (1972) Esteban Maroto   (Illustrator) ,  Enric Sio   (Illustrator) ,  Jose Bea   (Illustrator)	['opensource', 'community', 'fav-11967cm', 'fav-andrey_devyatov', 'fav-aylen_c', 'fav-b_baltimore_brown', 'fav-balvan_novina', 'fav-bigstanky77', 'fav-bkobrin23', 'fav-brian_j_giordano', 'fav-cocobeane', 'fav-colinsmithwym', 'fav-cosmik_mydi', 'fav-crossedlightning', 'fav-douglas_lang', 'fav-dr_carruthers', 'fav-ejaz_ahmad458', 'fav-elena_rondelli', 'fav-eleonora_ferretti', 'fav-footyfan67', 'fav-francis_c', 'fav-gkellyz152', 'fav-gonzalo_vilches', 'fav-gustav_samuelson', 'fav-holyforge', 'fav-imatu', 'fav-james_thomas607', 'fav-jennsmischief', 'fav-jnnfrwebb', 'fav-juhav', 'fav-kadekandre', 'fav-lordelton933', 'fav-marccic', 'fav-materazzimilos', 'fav-matt_maxwell', 'fav-mikemikemike5732', 'fav-mistera2001', 'fav-mrgreen1066', 'fav-parasitemuseum', 'fav-pittrevo_gmail_com', 'fav-ramzesxiii', 'fav-rene_cruz', 'fav-roberiodez', 'fav-roca_aguado', 'fav-senhor_capit_o', 'fav-spanish_magazines', 'fav-stephenrbenson', 'fav-steve_lecouilliard', 'fav-tanglyoctopus', 'fav-thecatch22', 'fav-vcab', 'fav-wmayle040']
/works/OL85892W	Dracula	Bram Stoker	"title:""Dracula"" AND mediatype:texts"	717	akumajou-special-boku-dracula-kun-rc-847-fc-jp-manual-600-dpi	Akumajou Special - Boku Dracula-kun [RC847](Famicom)(JP) -Manual(600DPI)	Konami	1990-10-19T00:00:00Z	1990.0		['Akumajou Special - Boku Dracula-kun', '悪魔城すぺしゃる ぼくドラキュラくん', 'Konami', 'コナミ(株)', 'Famicom', 'Nintendo Entertainment System', 'FC', 'NES', 'Console Manual', 'Manual', '600DPI']	Items scanned: Manual(600DPI)	['famicommanuals', 'consolemanuals', 'manuals', 'fav-daniele_battaglia856', 'fav-eriksamurai_', 'fav-wonderman989']
/works/OL85892W	Dracula	Bram Stoker	"title:""Dracula"" AND mediatype:texts"	717	TombOfDracula2	TOMB OF DRACULA 2	TOMB OF DRACULA 2				TOMB OF DRACULA 2	TOMB OF DRACULA 2	['opensource', 'community', 'fav-barracuda71', 'fav-bjt2000', 'fav-chronos-x', 'fav-clearance332', 'fav-combattlerv', 'fav-crazy_water', 'fav-fred1843', 'fav-ginger41', 'fav-h_lucas_dw', 'fav-jakethehitman73', 'fav-jimretnavy', 'fav-kryptkiddy', 'fav-marccic', 'fav-p_gaven', 'fav-paul_h_84', 'fav-saint444376', 'fav-samikans92', 'fav-scotsblood1963', 'fav-sithlordsupreme', 'fav-vickieb20']
/works/OL85892W	Dracula	Bram Stoker	"title:""Dracula"" AND mediatype:texts"	717	dracula22-digest	Dracula	Bram Stoker	2022-01-01T00:00:00Z	2022.0		['British novel', 'fiction', 'Bram Stoker', 'vampires', 'Dracula', 'classism']	The classic 1897 vampire novel newly typeset for a clean, contemporary reading experience.	['opensource', 'community', 'fav-jameslucas']
/works/OL85892W	Dracula	Bram Stoker	"title:""Dracula"" AND mediatype:texts"	717	frankenstein-dracula-variation-vienna-5...-be-7-2025	Frankenstein– Dracula Variation Vienna 5... Be 7 ( 2025)	Chess-Notes	2025-11-19T00:00:00Z	2025.0		['The Vienna Game', 'Frankenstein-Dracula Variation', 'Chess Opening Theory', 'Speed Chess Weapon', 'Chess Game Collection']	"The Vienna Frankenstein-Dracula variation is a aggressive chess opening that can arise from the Vienna Game or Bishop's Opening , characterized by complications and a ""bloodthirsty"" character. It begins with the moves 1.e4 e5 2.Nc3 Nf6 3.Bc4 Nxe41. e 4 space e 5 space 2. cap N c 3 space cap N f 6 space 3. cap B c 4 space cap N x e 4 1.𝑒4 𝑒5 2.𝑁𝑐3 𝑁𝑓6 3.𝐵𝑐4 𝑁𝑥𝑒4 , where Black sacrifices a knight to gain an advantage. The variation can lead to sharp and complex positions, with a famous line featuring White's 4.Qh54. cap Q h 5 4.𝑄ℎ5 or 4.Bxf7+4. cap B x f 7 plus 4.𝐵𝑥𝑓7+ checks and Black's aggressive counterplay.   Opening moves   From the Vienna Game: 1.e4 e5 2.Nc3 Nf6 3.Bc4 Nxe41. e 4 space e 5 space 2. cap N c 3 space cap N f 6 space 3. cap B c 4 space cap N x e 4 1.𝑒4 𝑒5 2.𝑁𝑐3 𝑁𝑓6 3.𝐵𝑐4 𝑁𝑥𝑒4 From the Bishop's Opening: 1.e4 e5 2.Bc4 Nf6 3.Nc3 Nxe41. e 4 space e 5 space 2. cap B c 4 space cap N f 6 space 3. cap N c 3 space cap N x e 4 1.𝑒4 𝑒5 2.𝐵𝑐4 𝑁𝑓6 3.𝑁𝑐3 𝑁𝑥𝑒4   White's main options   4.Qh54. cap Q h 5 4.𝑄ℎ5 : This move immediately threatens a checkmate on f7f 7 𝑓7 and can lead to very sharp play. 4.Bxf7+4. cap B x f 7 plus 4.𝐵𝑥𝑓7+ : This is a sacrificial check that can lead to a quick attack if Black isn't careful.   Black's strategy   Black aims to exploit the complications and potential weaknesses created by White's aggressive moves. The idea is to fight back, often through counter-sacrifice and quick development. The goal is to create mating threats and favorable positions by exploiting the initial sacrifice.   Why it's called Frankenstein-Dracula   The name was given by Tim Harding due to the ""bloodthirstiness"" of the resulting positions, saying a game between the Frankenstein monster and Dracula would not seem out of place. The opening is known for its sharp, tactical, and often chaotic pla"	['hokmome-chess-library', 'folkscanomy']
/works/OL85892W	Dracula	Bram Stoker	"title:""Dracula"" AND mediatype:texts"	717	BramStokerDracula	BRAM STOKER DRACULA	BRAM STOKER DRACULA				BRAM STOKER DRACULA	BRAM STOKER DRACULA	['opensource', 'community', 'fav-batman1989thedarkknight', 'fav-bouncetiger', 'fav-chronos-x', 'fav-cooperway4', 'fav-glickmandigitalmedia', 'fav-jdsellers', 'fav-lostokie', 'fav-mr1benjamim', 'fav-pauloaof', 'fav-poisoncontrol1970_gmail_com', 'fav-pyrotikigodz', 'fav-saint444376', 'fav-sandeep_sonu', 'fav-spencer_baker', 'fav-thebeardedlady', 'fav-wedra']
/works/OL85892W	Dracula	Bram Stoker	"title:""Dracula"" AND mediatype:texts"	717	Bolsilibros_Seleccion_terror_-_74_de_617	[ST-74] Silver Kane (1974) Yo, Drácula	Silver Kane	1974-01-01T00:00:00Z	1974.0	Bruguera	['Terror', 'Selección terror', 'Editorial Bruguera', 'Epub', 'Pulp', 'Novelas de a duro', 'Bolsilibros', 'Libros de bolsillo', 'Literatura']	Selección Terror - 74 de 617 Las manos se alzaron.Parecía como si se movieran lentamente.Pero en realidad no era así. El gesto fue fulminante. Kramer tuvo oportunidad de comprobarlo porque en seguida las encontró en su cuello.Los dedos eran largos y duros.Parecían de acero.Kramer apenas pudo balbucir:—Noooo…Una boca ávida y experta fue hacia el lado izquierdo de su cuello. El viejo borracho no supo defenderse. Las fuerzas le fallaban. Todo seguía dando vueltas en torno suyo.Y entonces se dio cuenta de la horrible verdad.Nunca lo había sospechado, cuando aquel ser le habló del asunto en una sucia taberna de Bucarest. Había pensado que era un asunto de contrabando. Nunca llegó a intuir la terrible realidad.Pero ahora lo veía claro.Estaba sirviendo de alimento a un vampiro. TELEGRAM: @bolsilibroslibres	['bolsilibros_seleccion_terror', 'pulpmagazinearchive', 'magazine_rack']
/works/OL85892W	Dracula	Bram Stoker	"title:""Dracula"" AND mediatype:texts"	717	ERIC_ED420616	ERIC ED420616: Bulgarian Modern Poetry [and] Dracula - Fact and Fiction, for a Western World Literature Class. Fulbright-Hays Summer Seminars Abroad, 1997. (Romania and Bulgaria).	ERIC	1997-01-01T00:00:00Z	1997.0		['ERIC Archive', 'Area Studies', 'Change', 'Figurative Language', 'Folk Culture', 'Foreign Countries', 'Legends', 'Literature', 'Poetry', 'Secondary Education', 'Social Change', 'World Literature', 'Rang, Barbara L.']	"This project developed two units for secondary students, one dealing with the modern poetry of Bulgaria and one with the legend of Dracula. The first unit includes poems, discussion questions, and a background essay. The second unit includes discussion materials largely based on Brian Stoker's novel ""Dracula,"" and an historical essay on Vlad Tepes, the historical Romanian model for the fictional vampire. (EH)"	['ericarchive', 'usgovernmentmirrors', 'government-documents', 'fav-bouncetiger']
/works/OL85892W	Dracula	Bram Stoker	"title:""Dracula"" AND mediatype:texts"	717	Dracula_The_Undead_1991_Atari_Corp	Atari Lynx Manuals: Dracula - The Undead (1991)(Atari Corp)		1991-01-01T00:00:00Z	1991.0		['dracula', 'press', 'joypad', 'atari', 'screen', 'object', 'game', 'jonathan', 'action', 'text', 'text mode', 'message appears', 'enter text']	Atari Lynx Manuals: Dracula - The Undead (1991)(Atari Corp)	['atarilynxmanuals', 'consolemanuals', 'manuals', 'manuals_atari', 'fav-giouzelopaido', 'fav-justinman']
/works/OL85892W	Dracula	Bram Stoker	"title:""Dracula"" AND mediatype:texts"	717	the-evil-of-dracula-ganzer-film-deutsch-431	The Evil Of Dracula Ganzer Film Deutsch 431					The Evil of Dracula	The Evil of Dracula	['opensource']
/works/OL85892W	Dracula	Bram Stoker	"title:""Dracula"" AND mediatype:texts"	717	cbfc-ecinepramaan-100080292000000161	TRAILER OF DRACULA SIR (TRAILER - 2)	Central Board of Film Certification (CBFC), India				['CBFC', 'Indian cinema']	Certificate issued by CBFC India for TRAILER OF DRACULA SIR (TRAILER - 2) in Bengali	['centralfilmboardindiacerts', 'government-documents']
/works/OL85892W	Dracula	Bram Stoker	"title:""Dracula"" AND mediatype:texts"	717	timefliesformswi0000blac	Time flies for Ms Wiz ; Power-crazy Ms Wiz ; Ms Wiz loves Dracula	Blacker, Terence	2003-01-01T00:00:00Z	2003.0	London : Macmillan Children's	"['Wiz, Ms. (Fictitious character) -- Juvenile fiction', 'Magic -- Juvenile fiction', ""Children's stories, English"", 'Magic', 'Wiz, Ms. (Fictitious character)']"	"['182 pages : 20 cm', 'Cover and spine title: The amazing adventures of Ms Wiz', ""Time flies for Ms Wiz. Previous ed.: published as illustrated by Kate Simpson. London: Piccadilly, 1992 -- Power-crazy Ms Wiz. Previous ed.: published as illustrated by Kate Simpson. London: Piccadilly, 1992 -- Ms Wiz loves Dracula. This ed. originally published: London: Macmillan Children's, 1997""]"	['internetarchivebooks', 'inlibrary', 'printdisabled']
/works/OL85892W	Dracula	Bram Stoker	"title:""Dracula"" AND mediatype:texts"	717	bwb_S0-DFM-376	Dracula bram stoker	Nora Kramer	1971-01-01T00:00:00Z	1971.0	Scholastic Book Services			['internetarchivebooks', 'printdisabled', 'inlibrary', 'fav-g_nesis_barrera']
/works/OL85892W	Dracula	Bram Stoker	"title:""Dracula"" AND mediatype:texts"	717	draculafrankenst0000tege	Dracula and Frankenstein are friends	Tegen, Katherine Brown	2003-01-01T00:00:00Z	2003.0	New York : HarperCollins	['Friendship -- Fiction', 'Monsters -- Fiction', 'Halloween -- Fiction', 'Parties -- Fiction']	"['1 v. (unpaged) : 29 cm', ""Dracula and Frankenstein are friends until they both decide to have a Halloween party and Dracula misplaces Frankenstein's invitations"", 'Accelerated Reader LG 3.1 0.5']"	['internetarchivebooks', 'inlibrary', 'printdisabled', 'fav-anita_morgan', 'bpljordan-ol', 'cnusd-ol', 'framingham-ol', 'universityofoklahoma-ol', 'worthingtonlibraries-ol']
/works/OL85892W	Dracula	Bram Stoker	"title:""Dracula"" AND mediatype:texts"	717	gheorghiu-constantin-virgil-dracula-in-carpati-v.-1.0	Gheorghiu, Constantin Virgil Dracula In Carpati V. 1.0					['Gheorghiu', 'Constantin Virgil Dracula In Carpati V. 1.0']	Gheorghiu, Constantin Virgil Dracula In Carpati V. 1.0	['booksbylanguage_romanian', 'booksbylanguage']
/works/OL85892W	Dracula	Bram Stoker	"title:""Dracula"" AND mediatype:texts"	717	cudracula0000thom	Cu Dracula	Thomas Nelson	2013-05-21T00:00:00Z	2013.0	Thomas Nelson			['internetarchivebooks', 'inlibrary', 'printdisabled', 'fav-g_nesis_barrera']
/works/OL85892W	Dracula	Bram Stoker	"title:""Dracula"" AND mediatype:texts"	717	dracula0000stok_v7g2	Dracula	Stoker, Bram, 1847-1912	1992-01-01T00:00:00Z	1992.0	New York : Signet Classic	['Dracula, Count (Fictitious character) -- Fiction', 'Dracula, Count (Fictitious character)', 'Vampires -- Fiction', 'Psychological fiction', 'Horror fiction', 'Transylvania (Romania) -- Fiction', 'Vampires', 'Romania -- Transylvania']	['xi, 382 pages ; 18 cm', 'Having discovered the double identity of the wealthy Transylvanian nobleman, Count Dracula, a small group of people vow to rid the world of the evil vampire']	['internetarchivebooks', 'printdisabled', 'fav-777353', 'fav-ethan_carmon', 'fav-g_nesis_barrera', 'fav-hawthorne_wyler', 'fav-kevin_otsola', 'fav-knightrider1983', 'fav-rdrplurks', 'fav-serafima279', 'cnusd-ol']
/works/OL85892W	Dracula	Bram Stoker	"title:""Dracula"" AND mediatype:texts"	717	dracula_20240111	Dracula (Ladybird Classics)	Cameron, Joan, author	2015-01-01T00:00:00Z	2015.0	[Great Britain] : Ladybird Books	"['Dracula', 'Count (Fictitious character) -- Juvenile fiction', 'Count (Fictitious character)', 'Vampires -- Juvenile fiction', 'Vampires -- fiction', ""Children's stories"", 'Vampires']"	Dracula (Ladybird Classics) Publisher : [Great Britain] : Ladybird Books Land, Matthew, illustrator; Stoker, Bram, 1847-1912. By : Bram Stoker -Retold by Joan Cameron Publisher : Ladybird (1 Oct. 2015)  Language : ‎ English  Hardcover : 72 pages  Reading age : ‎ 8 - 12 years  Grade level : ‎ 3 - 7  ISBN-10 : ‎ 0723297053	['folkscanomy_miscellaneous', 'folkscanomy', 'fav-manudi909', 'fav-natrem35']
/works/OL85892W	Dracula	Bram Stoker	"title:""Dracula"" AND mediatype:texts"	717	dracula_202512	Dracula	M. M.	1993-01-01T00:00:00Z	1993.0		['Comics', 'Comic', 'BD', 'Bande Dessinèe', 'Fumetto']	France , 1993	['comics_inbox', 'comics', 'folkscanomy', 'fav-bjt2000', 'fav-caraine', 'fav-geogaddi7030', 'fav-readerrr802', 'fav-regis_lacher', 'fav-rene_cruz', 'fav-tom36', 'fav-tonyarcade2375']
/works/OL85892W	Dracula	Bram Stoker	"title:""Dracula"" AND mediatype:texts"	717	dracula-1979-2-nd-7-27-78-scan	Dracula (1979) screenplay					['script', 'screenplay']	Directed by John Badham Screenplay by W. D. Richter Based on Dracula (1897 novel) by Bram Stoker, Dracula (1924 play) by Hamilton Deane and John L. Balderston 2nd Draft (07.27.78)	['scriptarchive', 'folkscanomy_screenplays', 'folkscanomy', 'fav-bjt2000', 'fav-brian_ruggles', 'fav-christhelovablejerk', 'fav-dalessg', 'fav-filmklassik', 'fav-glickmandigitalmedia', 'fav-jake_cutter', 'fav-jakethehitman73', 'fav-juezpez', 'fav-mikiwiki702', 'fav-radioactivedinosaur42', 'fav-squidssiah', 'fav-thedeepestdarkestholecouldneverhandlemypast']
/works/OL85892W	Dracula	Bram Stoker	"title:""Dracula"" AND mediatype:texts"	717	dracula0000bram_h8k5	Dracula	Bram Stoker	1995-01-01T00:00:00Z	1995.0				['internetarchivebooks', 'printdisabled', 'inlibrary']
/works/OL85892W	Dracula	Bram Stoker	"title:""Dracula"" AND mediatype:texts"	717	JayF.TheGhostofDracula	The Ghost of Dracula		2006-01-01T00:00:00Z	2006.0			A descendant of Dr. Van Helsing's is plauged by nigtmares communicated to him by Count Dracula. Dracula begins to threaten everyone he cares about and the others with a deadly plague.	['opensource_media', 'community']
/works/OL85892W	Dracula	Bram Stoker	"title:""Dracula"" AND mediatype:texts"	717	dracula0000stok_t9t9	Dracula	Stoker, Bram, 1847-1912	2012-01-01T00:00:00Z	2012.0	Rearsby : Clipper Large Print	['Dracula, Count (Fictitious character) -- Fiction', 'Dracula, Count (Fictitious character)', 'Vampires -- Fiction', 'Vampires']	pages cm	['internetarchivebooks', 'inlibrary', 'printdisabled', 'fav-ecofugal', 'fav-g_nesis_barrera', 'fav-hawkseked222']
/works/OL85892W	Dracula	Bram Stoker	"title:""Dracula"" AND mediatype:texts"	717	bramstokersdracu00stok	Bram Stoker's Dracula omnibus : Dracula, The lair of the white worm, Dracula's guest	"['Stoker, Bram, 1847-1912', 'Weldon, Fay', 'Stoker, Bram, 1847-1912. Dracula', 'Stoker, Bram, 1847-1912. Lair of the white worm', ""Stoker, Bram, 1847-1912. Dracula's guest""]"	1992-01-01T00:00:00Z	1992.0	Edison, NJ : Chartwell Books			['internetarchivebooks', 'printdisabled', 'inlibrary', 'fav-ashi133', 'fav-bobleonard', 'fav-g_nesis_barrera', 'fav-kiwifirefly']
/works/OL85892W	Dracula	Bram Stoker	"title:""Dracula"" AND mediatype:texts"	717	dracula0000hutc	Dracula	Hutchings, Peter	2003-01-01T00:00:00Z	2003.0	London : I.B. Tauris	['Dracula (Motion picture : 1958)', 'Motion pictures', 'Dracula Film, 1958', 'PERFORMING ARTS -- Film & Video -- History & Criticism', 'Dreharbeit']	"['1 online resource (110 pages) :', ""Discusses Hammer Horror's 1958 film, Dracula, and how it differs from the story's previous incarnations, exploring symbolism and narrative structure, and revealing the legacy of Hammer's Dracula to British and world cinema"", 'Includes bibliographical references', 'Print version record', ""Illustrations; Film Credits; Introduction; ONE Dracula Lives!; TWO 'I'm Dracula'; THREE The Mark of the Hammer Dracula; Conclusion; Notes; Bibliography""]"	['internetarchivebooks', 'printdisabled', 'fav-beyondtheutopy', 'fav-cyborgbatman', 'fav-ecofugal', 'fav-elbowmovement', 'fav-giuliam', 'fav-just_mike_damnit', 'fav-kevin_cameron-kamau', 'fav-nahuel_olivera', 'fav-serafima279', 'fav-transformers1', 'fav-william_deman', 'gwulibraries-ol', 'johnshopkins-ol', 'rochester-ol', 'universityofcoloradoboulder-ol', 'universityofoklahoma-ol']
/works/OL85892W	Dracula	Bram Stoker	"title:""Dracula"" AND mediatype:texts"	717	draculadirectort0000dunb	Dracula : director Tod Browning. and Bram Stoker's Dracula : director Francis Ford Coppola	Dunbar, Brian	2000-01-01T00:00:00Z	2000.0	Harlow : Longman	"['Dracula (Motion picture : 1931) -- Criticism and interpretation', ""Bram Stoker's Dracula (Motion picture) -- Criticism and interpretation"", ""Bram Stoker's Dracula (Motion picture)"", 'Dracula (Motion picture : 1931)', 'Dracula (Motion picture) -- Criticism and interpretation']"	['96 pages : 21 cm', 'Includes bibliographical references']	['internetarchivebooks', 'inlibrary', 'printdisabled', 'fav-balfour123', 'fav-basicinstinct', 'fav-kuroiris', 'fav-palsunstar', 'fav-rector-1982', 'fav-saintcalibur', 'fav-sterco']
/works/OL85892W	Dracula	Bram Stoker	"title:""Dracula"" AND mediatype:texts"	717	DraculaToursAndHalloweenInTransylvania	Dracula Tours and Halloween in Transylvania	Transylvania Live				['dracula tour', 'vampire tour', 'romania tour']	Awarded Dracula Tours and Halloween in Transylvania, named in a Top 10 Must-Do Adventure by Fodor's Travel Guide including happening like The Rithual Killing of a Living Dead, as was featured in Travel Channel	['opensource', 'community', 'fav-samikans92']
/works/OL85892W	Dracula	Bram Stoker	"title:""Dracula"" AND mediatype:texts"	717	bookofdracula0000unse	The Book of Dracula		1991-01-01T00:00:00Z	1991.0	New York : Wings Books : Distributed by Outlet Book Co.	['Horror tales', 'Vampires -- Fiction']	"['269, 288 p. ; 24 cm', '""Two volumes in one.""', '""Originally published in separate volumes as: The Dracula book of great vampire stories, The Dracula book of great horror stories.""', ""Carmilla / Sheridan Le Fanu -- The horla / Guy De Maupassant -- The sad story of a vampire / Count Stenbock -- Good Lady Ducayne / Mary Elizabeth Braddon -- The tomb of Sarah / F.G. Loring -- For the blood is the life / F. Marion Crawford -- The room in the tower / E. F. Benson -- The transfer / Algernon Blackwood -- Dracula's guest / Bram Stocker -- The vampire / Jan Neruda -- Mrs. Amworth / E. F. Benson -- Four wooden stakes / Victor Roman -- An authenticated vampire story / Dr. Franz Hartmann""]"	['internetarchivebooks', 'printdisabled', 'inlibrary', 'fav-alec_somerset', 'fav-bobleonard', 'fav-crazy_water', 'fav-jakethehitman73', 'fav-kmckeon', 'fav-lunalovegood4228', 'fav-stregalamia']
/works/OL85892W	Dracula	Bram Stoker	"title:""Dracula"" AND mediatype:texts"	717	bram-stokers-dracula-1992-2nd-draft-04.16.1991	Bram Stoker's Dracula (1992) Screenplay & Storyboards					['script', 'screenplay', 'storyboards']	Bram Stoker's Dracula Year: 1992 Director: Francis Ford Coppola Screenplay by: James V. Hart	['scriptarchive', 'folkscanomy_screenplays', 'folkscanomy', 'fav-amirvl', 'fav-ana_c_aquino_mercedes', 'fav-anjin_anhut', 'fav-artlovernoir', 'fav-beckerdraw', 'fav-benbens', 'fav-billy_wizard', 'fav-bjt2000', 'fav-branrogers', 'fav-brushknee', 'fav-carolina_papetti', 'fav-christhelovablejerk', 'fav-coen_gearhart', 'fav-cpt_stardog', 'fav-dalessg', 'fav-evezero', 'fav-frans_hattingh', 'fav-jay_b773', 'fav-jithu5', 'fav-jswhittle', 'fav-lucas_jaques', 'fav-michael_larsen198', 'fav-michel_taikon', 'fav-mirreople', 'fav-pandora370', 'fav-romina_jones', 'fav-royaltenenbaum_23', 'fav-samcj', 'fav-skandhatx', 'fav-solid_x', 'fav-squidssiah', 'fav-stephikittymeow', 'fav-stregalamia', 'fav-the_benevolent_dictator', 'fav-thedeepestdarkestholecouldneverhandlemypast', 'fav-thescriptkeeper']
/works/OL85892W	Dracula	Bram Stoker	"title:""Dracula"" AND mediatype:texts"	717	productionanalys0000isab	A Production Analysis of an Adaptation of Ted Tiller's Count Dracula	Isabel Shirley Peterson Wesel	1979-01-01T00:00:00Z	1979.0				['internetarchivebooks', 'printdisabled', 'inlibrary']
/works/OL85892W	Dracula	Bram Stoker	"title:""Dracula"" AND mediatype:texts"	717	draculabramstoke0000unse	Dracula : Bram Stoker		1999-01-01T00:00:00Z	1999.0	Basingstoke : Macmillan	['Stoker, Bram, 1847-1912. Dracula -- Criticism and interpretation', 'Vampires in literature']	['ix,225p. ; 22 cm', 'Includes bibliographical references and index']	['internetarchivebooks', 'printdisabled', 'fav-alice_m148', 'fav-foopuff', 'fav-g_nesis_barrera', 'fav-ghosttatic_50', 'fav-greg_bryant', 'fav-krishanuances', 'fav-krist_na_kov_', 'fav-mariana_machado', 'fav-plaquedmoth', 'fav-sleepy_society', 'binghamton-ol']
/works/OL85892W	Dracula	Bram Stoker	"title:""Dracula"" AND mediatype:texts"	717	mammothbookofdra0001unse	The mammoth book of Dracula		2011-01-01T00:00:00Z	2011.0	London : Constable & Robinson Ltd. ; Philadelphia : Running Press Book Publishers	['Dracula, Count (Fictitious character) -- Fiction', 'Dracula, Count (Fictitious character)', 'Vampires -- Fiction', 'Vampires']	"['xix, 553 pages ; 20 cm', '"" ... This history ... follows Dracula from his origins in Transylvania, along his travels through the decacdes, into a dystopian twenty-first century where vampires rules the world""--Page 4 of cover', 'Originally published in the UK as The mammoth book of Dracula : vampire tales for the new millennium by Robinson, an imprint of Constable & Robinson, 1997. With a new introduction']"	['internetarchivebooks', 'inlibrary', 'printdisabled', 'fav-ana_veiga', 'fav-anubis75', 'fav-cubist1234', 'fav-jakethehitman73', 'fav-mm2dylan', 'fav-reddvelvett', 'fav-yogsothery13']
/works/OL85892W	Dracula	Bram Stoker	"title:""Dracula"" AND mediatype:texts"	717	dracula0000hutc_y6s7	Dracula	Hutchinson, Emily	1999-01-01T00:00:00Z	1999.0	Costa Mesa, CA : Saddleback Pub.	['Romania -- Transylvania', 'Transylvania (Romania) -- Juvenile fiction', 'Transylvania (Romania) -- Fiction', 'Dracula, Count (Fictitious character)', 'Dracula, Count (Fictitious character) -- Juvenile fiction', 'Psychological fiction', 'Vampires -- Juvenile fiction', 'Vampires', 'Horror stories', 'Dracula, Count (Fictitious character) -- Fiction', 'Vampires -- Fiction']	['80 pages : 21 cm', 'Having deduced the double identity of Count Dracula, a wealthy Transylvanian nobleman, a small group of people vow to rid the world of the evil vampire', '4', '5-12', 'Accelerated Reader AR UG 4.5']	['internetarchivebooks', 'inlibrary', 'printdisabled', 'fav-beyondtheutopy', 'fav-cinlettre', 'openlibrary-d-ol']
/works/OL85892W	Dracula	Bram Stoker	"title:""Dracula"" AND mediatype:texts"	717	wasyoueverindove0000garn	"""Was you ever in Dovedale?"" : Derbyshire from Dracula to the Derby Ram"	Garner, Edward	1995-01-01T00:00:00Z	1995.0	Wilmslow : Sigma Leisure	['Curiosities and wonders -- England -- Derbyshire', 'Folklore -- England -- Derbyshire', 'Curiosities and wonders', 'Folklore', 'Derbyshire (England) -- History', 'England -- Derbyshire', 'Derbyshire (England) History']	x, 150 pages : 21 c mm	['internetarchivebooks', 'inlibrary', 'printdisabled', 'fav-nathan_gillingham329', 'fav-perditax']
/works/OL85892W	Dracula	Bram Stoker	"title:""Dracula"" AND mediatype:texts"	717	dracula00	Dracula	Stoker, Bram, 1847-1912	1993-01-01T00:00:00Z	1993.0	New York, NY : Barnes & Noble Books	['Dracula, Count (Fictitious character)', 'Vampires']	A clerk from London, travels to Transylvania to settle some business with the mtsterious Count Dracula	['internetarchivebooks', 'inlibrary', 'printdisabled', 'fav-088milo', 'fav-aly887', 'fav-ava_fletcher858', 'fav-bloodybenny', 'fav-chasm_city', 'fav-chinns123', 'fav-cortesg', 'fav-cyborgbatman', 'fav-cye221', 'fav-dayron3866', 'fav-dmzabo', 'fav-ecofugal', 'fav-elenmav', 'fav-elo_se_sol_me', 'fav-emile_joy', 'fav-emmharr', 'fav-fatemamelg', 'fav-filza_malahayati', 'fav-froggiecourtwizard', 'fav-g_nesis_barrera', 'fav-gedeliah_etone', 'fav-god1383', 'fav-goddessfortuna', 'fav-gramercy72', 'fav-jay_acker', 'fav-jmiller27', 'fav-julia_cookson', 'fav-just_mike_damnit', 'fav-keerthana98', 'fav-kent_shakespeare', 'fav-kevin_cameron-kamau', 'fav-knightrider1', 'fav-knightrider1983', 'fav-mang0o', 'fav-marcey_maslowski', 'fav-maryhoneyann', 'fav-mikeblocks', 'fav-nazzgundogdu', 'fav-nursecarla11', 'fav-oliviersavard19', 'fav-omhailey', 'fav-phzq', 'fav-rdrplurks', 'fav-reader696', 'fav-ren_ioz', 'fav-rwiiihardy', 'fav-simi_lol', 'fav-smellyhansen', 'fav-sofie777', 'fav-sph1xt', 'fav-stephenfoster0506', 'fav-sue_s_library', 'fav-supermega12', 'fav-swatts11', 'fav-theancienthegemon', 'fav-tina2106', 'fav-tinku81', 'fav-transformers1', 'fav-vampireaccent', 'fav-vanesa_martinez348', 'openlibrary-d-ol', 'stmaryscountylibrary']
/works/OL85892W	Dracula	Bram Stoker	"title:""Dracula"" AND mediatype:texts"	717	countessdracula0000parr	Countess Dracula	Parry, Michel, 1947-	1995-01-01T00:00:00Z	1995.0	London : Redemption	English fiction	['150p.,[12]p. of plates : 20cm', 'Originally published: [London] : Sphere, 1971']	['internetarchivebooks', 'inlibrary', 'printdisabled', 'fav-jakethehitman73']
/works/OL85892W	Dracula	Bram Stoker	"title:""Dracula"" AND mediatype:texts"	717	dracula00bram	Dracula	Stoker, Bram, 1847-1912	1996-01-01T00:00:00Z	1996.0	New York : Modern Library	['19th century fiction', 'Collections & anthologies of various literary forms', 'Literary studies: from c 1900 -', 'Horror - General', '20th Century English Prose', 'Literature - Classics / Criticism', 'English', 'Children: Grades 2-3', 'Vampires', 'Classics', 'Fiction / General', 'Dracula, Count (Fictitious cha', 'Dracula, Count (Fictitious character)', 'Fiction', 'Psychological fiction', 'Transylvania (Romania)', 'Whitby (England)']	"['Originally published in 1897', ""A popular bestseller in Victorian England, Stoker's hypnotic tale of the bloodthirsty Count Dracula, whose nocturnal atrocities are symbolic of an evil ages old yet forever new, endures as the quintessential story of suspense and horror. The unbridled lusts and desires, the diabolical cravings that Stoker dramatized with such mythical force, render Dracula resonant and unsettling a century later""]"	['internetarchivebooks', 'printdisabled', 'fav-arch0172', 'fav-bobbygoodson', 'fav-g_nesis_barrera', 'fav-hicestjohnny', 'fav-jxt2u8m', 'fav-roberto_de_lima', 'cnusd-ol', 'gwulibraries-ol', 'stmaryscountylibrary']
/works/OL85892W	Dracula	Bram Stoker	"title:""Dracula"" AND mediatype:texts"	717	littledraculagoe0000wadd	Little Dracula goes to school	Waddell, Martin	1992-01-01T00:00:00Z	1992.0	Cambridge, Mass. : Candlewick Press	['Vampires -- Fiction', 'Schools -- Fiction']	"['1 v. (unpaged) : 19 cm', 'Although he is apprehensive about starting school, Little Dracula finds that he loves it once he gets there', '""First published in Great Britain in 1987 by Walker Books Ltd., London""--P. facing t.p']"	['internetarchivebooks', 'inlibrary', 'printdisabled', 'fav-brett_pugh', 'fav-josh_nicz', 'fav-magra_olano437', 'fav-mid_knight195', 'fav-solveig_gruenke', 'fav-theokoles1']
/works/OL85892W	Dracula	Bram Stoker	"title:""Dracula"" AND mediatype:texts"	717	happyhouratcasad0000acos	Happy hour at Casa Dracula	Acosta, Marta	2008-01-01T00:00:00Z	2008.0	New York : Pocket Books	['Hispanic American women -- Fiction', 'Vampires -- Fiction', 'Man-woman relationships -- Fiction', 'Hispanic American women', 'Man-woman relationships', 'Vampires']	"['377 pages ; 18 cm', 'Despite her Fancy University (F.U.) degree, Milagro de los Santos isn\'t having much success at life. She can barely pay the rent and all of her boyfriends are as frivolous as beach reads. Then, at a party in honor of her successful ex-boyfriend, she meets the unusually attractive, quirky Oswald Grant. Who knew that her passionate kiss with Oswald would result in serious illness, a craving for raw meat, and an aversion to sunlight? Well, her ambitious ex knew, and after he attempts to kidnap Milagro, she must hide out with Oswald\'s snobby family at their country estate to recover and learn the truth about their mysterious ""genetic condition.""']"	['internetarchivebooks', 'inlibrary', 'printdisabled', 'fav-hlywood32']
/works/OL85892W	Dracula	Bram Stoker	"title:""Dracula"" AND mediatype:texts"	717	draculabramstoke0000unse_i6x2	Dracula : Bram Stoker		2002-01-01T00:00:00Z	2002.0	New York : Spark Pub.	['Stoker, Bram, 1847-1912. Dracula -- Examinations -- Study guides', 'Dracula, Count (Fictitious character)', 'Dracula (Stoker, Bram)', 'Horror tales, English -- History and criticism', 'Vampires in literature', 'Examinations', 'Horror tales, English']	['vi, 73 pages ; 21 cm', 'Includes bibliographical references (page 73)']	['internetarchivebooks', 'inlibrary', 'printdisabled', 'fav-dario_z', 'fav-ghosttatic_50', 'fav-krist_na_kov_']
/works/OL85892W	Dracula	Bram Stoker	"title:""Dracula"" AND mediatype:texts"	717	draculacranejohn0000bram	Dracula (Crane Johnson).	['Bram Stoker', 'Crane Johnson']	1998-01-01T00:00:00Z	1998.0	['Dramatists Play Service', 'Dramatists Play Service, Inc.']			['internetarchivebooks', 'inlibrary', 'printdisabled', 'fav-balfour123']
/works/OL85892W	Dracula	Bram Stoker	"title:""Dracula"" AND mediatype:texts"	717	Dracula-tours-and-halloween-in-transylvania-transylvaniaLivesTouroperator	Dracula-Tours-and-Halloween-in-Transylvania-Transylvania Live's touroperator brochure	Transylvania Live - Expert in Transylvania -touroperator				['dracula tour', 'halloween tour', 'halloween in transylvnia', 'halloween in romania', 'halloween in europe', 'vampire tour']	Awarded Dracula Tours and Halloween in Transylvania, named in a Top 10 Must-Do Adventure by Fodor's Travel Guide including happening like The Rithual Killing of a Living Dead, as was featured in Travel Channel	['booksbylanguage_slovak', 'booksbylanguage']
/works/OL85892W	Dracula	Bram Stoker	"title:""Dracula"" AND mediatype:texts"	717	DraculaByBramStokerPg345	Dracula by Bram Stoker Pg 345	Bram Stoker				['public domain books', 'Bram Stoker dracula']	Pdfland is sharing download links to Dracula by Bram stoker, a wonderful horror classic from 1897. Available in the public domain. Source: Gutenberg.org	['opensource', 'community']
/works/OL85892W	Dracula	Bram Stoker	"title:""Dracula"" AND mediatype:texts"	717	draculadracula0000alat	Drácula = Dracula	Alatorre, Mariana, adaptor	2017-01-01T00:00:00Z	2017.0	México, D.F. : Sélector Actualidad Editorial	['Dracula, Count (Fictitious character) -- Juvenile fiction', 'Dracula, Count (Fictitious character)', 'Romanians -- Great Britain -- Juvenile fiction', 'Vampires -- Juvenile fiction', 'Roumains -- Grande-Bretagne -- Romans, nouvelles, etc. pour la jeunesse', 'Vampires -- Romans, nouvelles, etc. pour la jeunesse', 'Romanians', 'Vampires', 'Transylvania (Romania) -- Juvenile fiction', 'Romania -- Transylvania', 'Great Britain']	['83 pages : 22 cm', 'La historia de Drácula inicia cuando Jonathan Harker, un joven abogado, viaja desde Londres hasta Transilvania para visitar a su cliente: el Conde Drácula, quien vive en un tenebroso castillo. El doctor Van Helsing, Seward, Arthur, Quincey, Mina y Jonathan descubren las fechorías del Conde Dracula, un temible vampiro, y con valentía deciden perseguirlo y acábar con el', 'The story of Dracula begins when Jonathan Harker, a young lawyer, travels from London to Transylvania to visit his client: Count Dracula, who lives in a terrifying castle. Dr. Van Helsing, Seward, Arthur, Quincey, Mina and Jonathan discovered the wrongdoings of the Count, a fearful vampire, and bravely decide to chase him and finish up with him']	['internetarchivebooks', 'inlibrary', 'printdisabled', 'fav-g_nesis_barrera']
/works/OL85892W	Dracula	Bram Stoker	"title:""Dracula"" AND mediatype:texts"	717	bloodofdracula0000bond_z8q8	The blood of Dracula	Bond, C. G. (Christopher Godfrey), 1945-	1999-01-01T00:00:00Z	1999.0	Cheltenham, England : Stanley Thornes Publishers	['Vampires -- Drama', 'Vampires']	72 pages ; 22 cm	['internetarchivebooks', 'printdisabled', 'inlibrary', 'fav-comptonmartinplayers', 'fav-henry_price594']
/works/OL85892W	Dracula	Bram Stoker	"title:""Dracula"" AND mediatype:texts"	717	Dracula_Sucks.A_Film_Revue_Magazine	Dracula Sucks.A Film Revue Magazine						Dracula Sucks.A Film Revue Magazine	['pulp_misc_horror', 'pulpmagazinearchive', 'magazine_rack', 'fav-ainhoa_guti_rrez', 'fav-allister_', 'fav-becomingnonman', 'fav-bigbert12', 'fav-bmchristian1', 'fav-brasilnut58', 'fav-charley_cook_charleyreads_', 'fav-corey_dellamorte', 'fav-dark_eleven', 'fav-drmanhattan94', 'fav-gfreedmand', 'fav-h2ocean1', 'fav-kelsey_cahoon', 'fav-khoerul_insan', 'fav-kwest2001', 'fav-maestro555', 'fav-marccic', 'fav-mokks', 'fav-namko', 'fav-neil_vokes', 'fav-oopsiedaisiies', 'fav-postalbreakdown', 'fav-rector-1982', 'fav-rgrigor', 'fav-terrythyme', 'fav-whymersmoll', 'fav-zetazerg']
/works/OL85892W	Dracula	Bram Stoker	"title:""Dracula"" AND mediatype:texts"	717	dracula00stok_4	Dracula	Bram Stoker	1993-01-01T00:00:00Z	1993.0	G.K. Hall	['Large type books', 'Dracula, Count (Fictitious character) -- Fiction', 'Vampires -- Fiction', 'Transylvania (Romania) -- Fiction', 'Whitby (England) -- Fiction']		['internetarchivebooks', 'inlibrary', 'printdisabled', 'fav-g_nesis_barrera', 'stmaryscountylibrary']
/works/OL85892W	Dracula	Bram Stoker	"title:""Dracula"" AND mediatype:texts"	717	arcademanual_Dracula_Bram_Stoker_OPS	Bram Stoker's Dracula Dracula Operations Manual					['assembly', 'coil', 'playfield', 'ramp', 'switch', 'ball', 'coin', 'flipper', 'game', 'board', 'coin door', 'power driver', 'enter button', 'driver board', 'extra ball', 'dot matrix', 'ball popper', 'video mode', 'xformer secondary', 'number description']	Bram Stoker's Dracula Dracula Operations Manual	['arcademanuals', 'manuals', 'fav-bouncetiger', 'fav-jim321690', 'fav-maxpower2000']
/works/OL19870W	The Jungle Book	Rudyard Kipling	"title:""The Jungle Book"" AND mediatype:texts"	349	bwb_W9-CTF-336	The Jungle Book	Rudyard Kipling	1994-01-01T00:00:00Z	1994.0	Playmore Inc.,			['internetarchivebooks', 'printdisabled', 'inlibrary']
/works/OL19870W	The Jungle Book	Rudyard Kipling	"title:""The Jungle Book"" AND mediatype:texts"	349	junglebook0000rudy_w3q4	The JUngle Book	Rudyard Kipling	1942-01-01T00:00:00Z	1942.0				['internetarchivebooks', 'printdisabled', 'inlibrary', 'fav-g_nesis_barrera']
/works/OL19870W	The Jungle Book	Rudyard Kipling	"title:""The Jungle Book"" AND mediatype:texts"	349	bwb_Y0-ABD-914	the jungle book	rudyard kipling	1994-01-01T00:00:00Z	1994.0	baronet books			['internetarchivebooks', 'printdisabled', 'inlibrary']
/works/OL19870W	The Jungle Book	Rudyard Kipling	"title:""The Jungle Book"" AND mediatype:texts"	349	bwb_S0-BDC-066	The jungle book	Rudyard Kipling	1968-01-01T00:00:00Z	1968.0				['internetarchivebooks', 'printdisabled', 'inlibrary', 'fav-g_nesis_barrera']
/works/OL19870W	The Jungle Book	Rudyard Kipling	"title:""The Jungle Book"" AND mediatype:texts"	349	cbfc-ecinepramaan-100010292300001266	THE JUNGLE BOOK	Central Board of Film Certification (CBFC), India				['CBFC', 'Indian cinema']	Certificate issued by CBFC India for THE JUNGLE BOOK in Kannada	['centralfilmboardindiacerts', 'government-documents']
/works/OL19870W	The Jungle Book	Rudyard Kipling	"title:""The Jungle Book"" AND mediatype:texts"	349	disneys-the-jungle-book-usa-color	Disney's The Jungle Book ( USA ) ( Color )					['SNES Manual', 'Game Manual', 'SNES', 'Super Nintendo']	Disney's The Jungle Book US SNES Manual ( Color Version )	['consolemanuals_unsorted', 'consolemanuals', 'manuals', 'fav-brian_dubose', 'fav-mavu805']
/works/OL19870W	The Jungle Book	Rudyard Kipling	"title:""The Jungle Book"" AND mediatype:texts"	349	talesfromjungleb0000kipl	Tales from the jungle book	Kipling, Rudyard, 1865-1936	1996-01-01T00:00:00Z	1996.0	London : Penguin	"[""Children's stories, English"", 'English fiction Short stories']"	"['56 pages ; 14 cm', ""'Rikki-Tikki-Tavi' -- Her majesty's servants""]"	['internetarchivebooks', 'inlibrary', 'printdisabled', 'fav-g_nesis_barrera', 'fav-reegha', 'fav-v_palenyy', 'fav-willis_family_homeschool']
/works/OL19870W	The Jungle Book	Rudyard Kipling	"title:""The Jungle Book"" AND mediatype:texts"	349	bwb_O7-ALV-410	The Works Of Rudyard Kipling - Volume VII The jungle book	The works of rudyard kipling: The Jungle book	1905-01-01T00:00:00Z	1905.0	Charles Scribner's Sons			['internetarchivebooks', 'fav-g_nesis_barrera', 'fav-tehnic']
/works/OL19870W	The Jungle Book	Rudyard Kipling	"title:""The Jungle Book"" AND mediatype:texts"	349	junglebook0000kipl_r8r3	The jungle book	Kipling, Rudyard, 1865-1936	2014-01-01T00:00:00Z	2014.0	Oxford : Oxford University Press	pragozdovi divjina živali Indija mladinsko leposlovje animirani film in literatura	['217 str. ; 20 cm', 'Avtor naveden na ov']	['internetarchivebooks', 'inlibrary', 'printdisabled', 'fav-g_nesis_barrera']
/works/OL19870W	The Jungle Book	Rudyard Kipling	"title:""The Jungle Book"" AND mediatype:texts"	349	junglebook0000rudy_s4l3	THE JUNGLE BOOK	RUDYARD KIPLING	1894-01-01T00:00:00Z	1894.0	PUFFIN BOOKS			['internetarchivebooks', 'fav-g_nesis_barrera', 'fav-magnus_bjorr', 'fav-reegha']
/works/OL19870W	The Jungle Book	Rudyard Kipling	"title:""The Jungle Book"" AND mediatype:texts"	349	junglebook0000unse_q3q1	The jungle book		2014-01-01T00:00:00Z	2014.0	London : Ladybird Books	['Mowgli (Fictitious character) -- Juvenile fiction', 'Mowgli (Fictitious character)']	['pages cm', 'Mowgli the man cub is growing up in the jungle. What adventures does he have with Baloo the bear and Bagheera the panther? - Back cover']	['internetarchivebooks', 'printdisabled', 'fav-alex_freeman2668', 'fav-dgolden91', 'fav-dixy4', 'fav-hydrangea837', 'fav-ke1996', 'fav-sreelekshmirs']
/works/OL19870W	The Jungle Book	Rudyard Kipling	"title:""The Jungle Book"" AND mediatype:texts"	349	isbn_9785000177907	The jungle book		2012-01-01T00:00:00Z	2012.0	Bath : Parragon	['Jungles -- India -- Juvenile fiction', 'Jungles', 'India']	['1 volume (unpaged) : 23 cm', 'Raised by wolves, Mowgli the Man-cub is in danger from a man-eating tiger. Can Baloo the bear help Mowgli safely back to the human village where he belongs?', 'At head of title: Disney']	['internetarchivebooks', 'printdisabled', 'fav-cyrule', 'openlibrary-d-ol']
/works/OL19870W	The Jungle Book	Rudyard Kipling	"title:""The Jungle Book"" AND mediatype:texts"	349	junglebook0000land_p6g0	The jungle book	Landolf, Diane Wright	2008-01-01T00:00:00Z	2008.0	New York : Random House	['Jungles -- Fiction', 'Animals -- Fiction', 'India -- Fiction']	"['100 p. : 20 cm', 'Adaptation of Rudyard Kipling\'s ""The Jungle Book,"" focusing on stories that feature Mowgli, Baloo the bear, and Bagheera the panther', 'RL: 2.8', '006-009', '""A Stepping Stone book.""']"	['internetarchivebooks', 'printdisabled', 'fav-aren_jtumastens694']
/works/OL19870W	The Jungle Book	Rudyard Kipling	"title:""The Jungle Book"" AND mediatype:texts"	349	talesfromjungleb0000ains	Tales from the Jungle book	Ainsworth, Alison	1988-01-01T00:00:00Z	1988.0	Loughborough : Ladybird	"['Fairy tales', ""Children's short stories in English 1945- Texts""]"	51 pages : 18 cm	['internetarchivebooks', 'inlibrary', 'printdisabled', 'fav-alex_freeman2668', 'fav-balfour123', 'fav-joe_w196', 'fav-jungleboy69', 'fav-kell1976', 'fav-l1138', 'fav-lila7734', 'fav-luke_tunnicliffe', 'fav-nanimarcus', 'fav-neutr0nis', 'fav-tanullya1979', 'fav-thana_khambanonda', 'bpljordan-ol']
/works/OL19870W	The Jungle Book	Rudyard Kipling	"title:""The Jungle Book"" AND mediatype:texts"	349	junglebook0000disn	The Jungle book	Disney, Walt, 1901-1966,Walt Disney Company	1988-01-01T00:00:00Z	1988.0	New York : Derrydale Books : Distributed by Crown Publishers	Animals	"['At head of title: Walt Disney', '""Twin Books.""']"	['internetarchivebooks', 'printdisabled', 'fav-buntonfin', 'fav-cyrule', 'fav-gobofraggle1983', 'fav-jamie_caratello721', 'fav-jay377', 'fav-joe_w196', 'fav-kallytoons_archives', 'fav-paisleysummer', 'fav-sarah_edwards980', 'fav-tarolewd', 'openlibrary-d-ol']
/works/OL19870W	The Jungle Book	Rudyard Kipling	"title:""The Jungle Book"" AND mediatype:texts"	349	junglebook0000kipl_q6s7	The jungle book	Kipling, Rudyard, 1865-1936	2003-01-01T00:00:00Z	2003.0	[Place of publication not identified] : MDS Books/Mediasat	['CHILDREN', 'FICTION', 'LITERATURE', 'NOVEL']	159 pages	['internetarchivebooks', 'inlibrary', 'printdisabled', 'fav-g_nesis_barrera', 'openlibrary-d-ol']
/works/OL19870W	The Jungle Book	Rudyard Kipling	"title:""The Jungle Book"" AND mediatype:texts"	349	junglebook0000rudy_q6k8	THE JUNGLE BOOK	RUDYARD KIPLING	1946-01-01T00:00:00Z	1946.0				['internetarchivebooks', 'printdisabled', 'inlibrary', 'fav-g_nesis_barrera']
/works/OL19870W	The Jungle Book	Rudyard Kipling	"title:""The Jungle Book"" AND mediatype:texts"	349	junglebook0000kipl_c9w2	The jungle book	Kipling, Rudyard, 1865-1936	1994-01-01T00:00:00Z	1994.0	London : Everyman, J.M. Dent ; Vermont : C.E. Tuttle	English fiction Children's stories	['xxxii, 140 pages ; 20 cm', 'Includes bibliographical references']	['internetarchivebooks', 'inlibrary', 'printdisabled', 'fav-g_nesis_barrera', 'fav-reegha']
/works/OL19870W	The Jungle Book	Rudyard Kipling	"title:""The Jungle Book"" AND mediatype:texts"	349	bwb_T5-CWS-227_2	The jungle Book	Rudyard Kipling	1948-01-01T00:00:00Z	1948.0				['internetarchivebooks', 'printdisabled', 'inlibrary', 'fav-g_nesis_barrera']
/works/OL19870W	The Jungle Book	Rudyard Kipling	"title:""The Jungle Book"" AND mediatype:texts"	349	bwb_S0-DFH-363	The Jungle Book	Rudyard Kipling	1894-01-01T00:00:00Z	1894.0				['internetarchivebooks', 'fav-g_nesis_barrera']
/works/OL19870W	The Jungle Book	Rudyard Kipling	"title:""The Jungle Book"" AND mediatype:texts"	349	junglebookfriend00disn	The jungle book : a friend for life	Disney Enterprises, Inc	1998-01-01T00:00:00Z	1998.0	Advance Publishers			['internetarchivebooks', 'americana', 'printdisabled', 'fav-buntonfin', 'fav-carmen_dom_nguez', 'fav-cyrule', 'fav-joe_w196', 'fav-ke1996', 'fav-mackenzie_carver', 'fav-rozita_a', 'fav-sarah_edwards980', 'fav-sprbudman513', 'fav-tapdance24', 'fav-theryj', 'fav-wiktor_skiba']
/works/OL19870W	The Jungle Book	Rudyard Kipling	"title:""The Jungle Book"" AND mediatype:texts"	349	junglebook0000kipl_q4z0	The jungle book	Kipling, Rudyard, 1865-1936	1990-01-01T00:00:00Z	1990.0	World International Publishing	"['Animals -- Juvenile fiction', 'Jungle animals -- Juvenile fiction', 'Animals', 'Jungle animals', 'India -- Juvenile fiction', 'India', ""Children's stories in English, 1837-1900 - Texts""]"	142 pages	['internetarchivebooks', 'inlibrary', 'printdisabled', 'fav-g_nesis_barrera', 'fav-ke1996', 'fav-l1138']
/works/OL19870W	The Jungle Book	Rudyard Kipling	"title:""The Jungle Book"" AND mediatype:texts"	349	bwb_KV-321-291	The Jungle Book	Rudyard Kipling	1993-01-01T00:00:00Z	1993.0				['internetarchivebooks', 'printdisabled', 'inlibrary', 'fav-g_nesis_barrera']
/works/OL19870W	The Jungle Book	Rudyard Kipling	"title:""The Jungle Book"" AND mediatype:texts"	349	junglebookapplec00rudy	The jungle book	Kipling, Rudyard, 1865-1936	1995-01-01T00:00:00Z	1995.0	New York : Scholastic Inc.	"[""Children's stories, English"", 'Jungles', 'Animals', 'Short stories']"	Presents the three adventures of Mowgli, a young boy raised by the animals in an Indian jungle, as well as other animal stories and songs	['internetarchivebooks', 'printdisabled', 'inlibrary', 'fav-g_nesis_barrera', 'fav-popwu', 'fav-reema_bhatia', 'bpljordan-ol', 'stmaryscountylibrary']
/works/OL19870W	The Jungle Book	Rudyard Kipling	"title:""The Jungle Book"" AND mediatype:texts"	349	junglebook0000rudy_n1z5	The Jungle Book	Rudyard Kipling	1955-01-01T00:00:00Z	1955.0				['internetarchivebooks', 'printdisabled', 'inlibrary', 'fav-g_nesis_barrera']
/works/OL19870W	The Jungle Book	Rudyard Kipling	"title:""The Jungle Book"" AND mediatype:texts"	349	the-jungle-book-mowglis-brothers	The Jungle Book Mowgli's Brothers	Larry W Jones	2021-01-01T00:00:00Z	2021.0		"['The Jungle Book', 'Mowgli', ""Mowgli's Brothers"", 'Kipling', 'Rudyard Kipling', 'Larry W Jones', 'India', 'Forest', 'Classics', 'Adventure', 'Fiction', 'Teens']"	The Jungle Book - Mowgli's Brothers	['opensource', 'community', 'fav-aren_jtumastens694', 'fav-bookhunter222', 'fav-kachr']
/works/OL19870W	The Jungle Book	Rudyard Kipling	"title:""The Jungle Book"" AND mediatype:texts"	349	disneylionkingdi0000unse	Disney the lion king ; Disney the jungle book		2014-01-01T00:00:00Z	2014.0	['Bath : Parragon', 'New York : Parragon Inc']	['Disney characters -- Juvenile fiction', 'Disney characters -- Fiction', 'Disney characters']	"['1 volume (unpaged) : 23 cm', 'No collective t.p.; titles transcribed from individual title pages', '""Read the story, then turn over the book to read another story!""', 'Bound tête-bêche', '""S40475""--Page 4 of cover']"	['internetarchivebooks', 'inlibrary', 'printdisabled', 'fav-aboubakr_keita', 'fav-amandaxi', 'fav-ask00', 'fav-bookaholicholly', 'fav-cyrule', 'fav-lucas_moura_quaresma', 'fav-mary_quintero272', 'fav-psyko-babble']
/works/OL19870W	The Jungle Book	Rudyard Kipling	"title:""The Jungle Book"" AND mediatype:texts"	349	junglebook0000unse_a3e5	The jungle book		2015-01-01T00:00:00Z	2015.0	New York : Parragon Inc	['Mowgli (Fictitious character) -- Juvenile fiction', 'Mowgli (Fictitious character)', 'Jungles -- Juvenile fiction', 'Jungles', 'India -- Juvenile fiction', 'India']	1 volume : 29 cm	['internetarchivebooks', 'inlibrary', 'printdisabled', 'fav-bookaholicholly', 'fav-buntonfin', 'fav-coley25', 'fav-ke1996']
/works/OL19870W	The Jungle Book	Rudyard Kipling	"title:""The Jungle Book"" AND mediatype:texts"	349	junglebookwordsw00rudy	The jungle book	['Kipling, Rudyard, 1865-1936', 'Wordsworth Editions (Firm), publisher']	1993-01-01T00:00:00Z	1993.0	Ware : Wordsworth Editions, Inc.	"['Classic fiction', 'Juvenile Fiction', ""Children's 9-12 - Literature - Classics / Contemporary"", 'Children: Grades 1-2', 'Classics', 'Mowgli (Fictitious character)', 'Jungle animals']"	Complete and unabridged--Front cover	['internetarchivebooks', 'printdisabled', 'fav-g_nesis_barrera', 'stmaryscountylibrary']
/works/OL19870W	The Jungle Book	Rudyard Kipling	"title:""The Jungle Book"" AND mediatype:texts"	349	junglebook5boyhi0000namm	The jungle book. #5, The boy and his sled dog	Namm, Diane	2010-01-01T00:00:00Z	2010.0	New York : Sterling	['Sled dogs -- Juvenile fiction', 'Dogs -- Juvenile fiction', 'Inuit -- Juvenile fiction', 'Eskimos -- Juvenile fiction', 'Sled dogs -- Fiction', 'Dogs -- Fiction', 'Inuit -- Fiction', 'Eskimos -- Fiction', 'Dogs', 'Eskimos', 'Inuit', 'Sled dogs']	"['32 pages : 23 cm', '""When a terrible snowstorm strikes, Quiquern knows it\'s up to him to save his village from going hungry. And so he sets off on a sled with his dog for a great adventure""--Page 4 of cover']"	['internetarchivebooks', 'inlibrary', 'printdisabled', 'fav-agua100', 'fav-benjawheels_gmail_com_aaaa', 'fav-bookaholicholly', 'fav-eatalot', 'openlibrary-d-ol']
/works/OL19870W	The Jungle Book	Rudyard Kipling	"title:""The Jungle Book"" AND mediatype:texts"	349	bwb_S0-DQT-001	The Jungle Book: The Wizard of OZ	Rudyard Kipling: L. Frank Baum	1963-01-01T00:00:00Z	1963.0				['internetarchivebooks', 'printdisabled', 'inlibrary', 'fav-g_nesis_barrera']
/works/OL19870W	The Jungle Book	Rudyard Kipling	"title:""The Jungle Book"" AND mediatype:texts"	349	isbn_9781453086742	The jungle book		2014-01-01T00:00:00Z	2014.0	[Burbank, CA] : Walt Disney Records	"[""Children's songs -- Juvenile sound recordings"", 'Motion picture music -- Excerpts -- Juvenile sound recordings', 'Motion picture music', 'Songs', ""Children's songs""]"	['1 audio disc : 4 3/4 in', 'This is the Songs and Story album adaptation of The Jungle Book', 'Compact disc', 'Various performers ; story narrated by Bob Machray', 'Full credits on container insert']	['internetarchivebooks', 'inlibrary', 'printdisabled', 'fav-amitbotre', 'fav-nautilus99', 'fav-palsunstar', 'fav-shawn_ross']
/works/OL19870W	The Jungle Book	Rudyard Kipling	"title:""The Jungle Book"" AND mediatype:texts"	349	junglebooklevel20000rond	The Jungle Book : Level 2	Ronder, David	2000-01-01T00:00:00Z	2000.0	Harlow : Pearson Education	['Mowgli (Fictitious character)', 'India -- Juvenile fiction', 'India']	['39 pages ; 20 cm', 'Reading level: 2 [yellow]', 'The man-cub -- The red flower -- The bandar-log -- Kaa goes hunting -- In the land of men -- Tiger!']	['internetarchivebooks', 'printdisabled']
/works/OL19870W	The Jungle Book	Rudyard Kipling	"title:""The Jungle Book"" AND mediatype:texts"	349	junglebook01kiplgoog	The Jungle Book	Rudyard Kipling	1894-01-01T00:00:00Z	1894.0	Macmillan		Book digitized by Google from the library of the University of Michigan and uploaded to the Internet Archive by user tpb.	['americana', 'fav-antonius_tertius', 'fav-g_nesis_barrera', 'fav-natalie_roy']
/works/OL19870W	The Jungle Book	Rudyard Kipling	"title:""The Jungle Book"" AND mediatype:texts"	349	junglebook0000kipl_e9u1	The jungle book	Kipling, Rudyard, 1865-1936	1950-01-01T00:00:00Z	1950.0	New York, Grosset & Dunlap	['Mowgli (Fictitious character) -- Fiction', 'Jungle animals -- Fiction']	244 p. 21 cm	['internetarchivebooks', 'inlibrary', 'printdisabled', 'fav-bookboiz', 'fav-bookhunter222', 'fav-g_nesis_barrera']
/works/OL19870W	The Jungle Book	Rudyard Kipling	"title:""The Jungle Book"" AND mediatype:texts"	349	waltdisneysjungl1993kipl	Walt Disney's the Jungle Book	Kipling, Rudyard, 1865-1936	1993-01-01T00:00:00Z	1993.0	Danbury, Conn. : Grolier Enterprises	['Mowgli (Fictitious character)', 'Jungles', 'Picture books']	"['Grolier book club edition', 'Origionally published in Denmark as D. Jungel Boken by Gutenberghus Gruppen, Copenhagen, in 1993', ""The animal friends of Mowgli, a boy raised by wolves, escort him out of the jungle to keep him safe in Disney's version of Rudyard Kipling's classic tale"", '78 minutes']"	['internetarchivebooks', 'inlibrary', 'printdisabled', 'fav-amitbotre', 'fav-b_o_x_of_exposed_negatives', 'fav-blazejohnson28', 'fav-buntonfin', 'fav-cyrule', 'fav-nicoleanna4321', 'fav-tarolewd', 'stmaryscountylibrary']
/works/OL19870W	The Jungle Book	Rudyard Kipling	"title:""The Jungle Book"" AND mediatype:texts"	349	waltdisneysjungl00kipl	Walt Disney's The jungle book	Kipling, Rudyard, 1865-1936. Mowgli stories	1995-01-01T00:00:00Z	1995.0	Racine, Wis. : Western Pub.	['Mowgli (Fictitious character)', 'Jungles']	"['""A Golden book.""', '""103-64""--Cover', 'The story of Mowgli, who was raised by a family of wolves when he was abandoned in the jungles of India']"	['internetarchivebooks', 'americana', 'inlibrary', 'printdisabled', 'fav-amitbotre', 'fav-cyrule', 'fav-gdenzel03']
/works/OL19870W	The Jungle Book	Rudyard Kipling	"title:""The Jungle Book"" AND mediatype:texts"	349	bwb_P9-ASY-223	The JUngle book	Rudy Kipling	1968-01-01T00:00:00Z	1968.0				['internetarchivebooks', 'printdisabled', 'inlibrary', 'fav-g_nesis_barrera']
/works/OL19870W	The Jungle Book	Rudyard Kipling	"title:""The Jungle Book"" AND mediatype:texts"	349	waltdisneysjungl0000razz_v1h3	Walt Disney's the jungle book	Razzi, Jim	1992-01-01T00:00:00Z	1992.0	New York : Disney Press	['Animals -- Juvenile fiction', 'Jungles -- Juvenile fiction', 'Animals -- Fiction', 'Jungles -- Fiction', 'Animals', 'Jungles']	['61 pages : 20 cm', 'The animal friends of the boy raised by wolves escort him out of the jungle to keep him safe from the tiger who seeks to kill him', 'Many strange tales are told of the jungles in India, but none so strange as the story of a young boy named Mowgli, the man-cub who was raised by wolves']	['internetarchivebooks', 'inlibrary', 'printdisabled', 'fav-buntonfin', 'fav-coley25', 'fav-cyrule', 'fav-gloverboy23', 'fav-gobofraggle1983', 'fav-joe_w196', 'fav-jones1466', 'fav-michael_corsetti330', 'fav-nicoleanna4321', 'fav-quaker_jake', 'fav-salem122', 'fav-sarah_edwards980', 'fav-seanrailanimations', 'fav-tapdance24', 'fav-tarolewd', 'fav-tweetyfan_1', 'cnusd-ol']
/works/OL19870W	The Jungle Book	Rudyard Kipling	"title:""The Jungle Book"" AND mediatype:texts"	349	junglebook0000maso	The jungle book	Mason, Jane B	2003-01-01T00:00:00Z	2003.0	New York : Scholastic	"['Jungles -- Fiction', 'Animals -- Fiction', ""Children's stories, English"", 'Short stories', 'India -- Fiction', 'India', 'Mowgli (Fictitious character)', 'Mowgli (Fictitious character) -- Fiction', 'Jungle animals -- Fiction', 'Adventure stories, English', 'Boys -- Fiction', 'Feral children -- Fiction', 'Boys', 'Jungle animals', 'Feral children']"	"['124 pages ; 20 cm', 'Presents the adventures of Mowgli, the ""man-cub,"" abandoned as a baby by his parents and raised by the wolves in the wilds of the jungle', ""Mowgli's brothers -- Kaa's hunting -- Tiger! Tiger! -- Rikki-tikki-tavi""]"	['internetarchivebooks', 'inlibrary', 'printdisabled', 'fav-blake_lane692', 'fav-jayliu222', 'fav-ke1996', 'fav-night_owl556', 'fav-srishti_chhaya', 'fav-yurator', 'cnusd-ol']
/works/OL19870W	The Jungle Book	Rudyard Kipling	"title:""The Jungle Book"" AND mediatype:texts"	349	cbfc-ecinepramaan-100010292400004634	THE JUNGLE BOOK	Central Board of Film Certification (CBFC), India				['CBFC', 'Indian cinema']	Certificate issued by CBFC India for THE JUNGLE BOOK in English	['centralfilmboardindiacerts', 'government-documents']
/works/OL19870W	The Jungle Book	Rudyard Kipling	"title:""The Jungle Book"" AND mediatype:texts"	349	junglebook00disn	The Jungle Book	Disney, Walt	1990-01-01T00:00:00Z	1990.0	New York : Golden Book			['internetarchivebooks', 'printdisabled', 'fav-cyrule', 'fav-gobofraggle1983', 'fav-joe_w196', 'fav-kristoffer_hougaard', 'fav-nicoleanna4321', 'fav-sarah_edwards980', 'cnusd-ol']
/works/OL19870W	The Jungle Book	Rudyard Kipling	"title:""The Jungle Book"" AND mediatype:texts"	349	talesfromjungleb0000mcki	Tales from the jungle book	McKinley, Robin	1985-01-01T00:00:00Z	1985.0	New York : Random House	['Jungles -- Juvenile fiction', 'Jungles -- Fiction', 'Animals -- Fiction', 'Jungles', 'India -- Juvenile fiction', 'India -- Fiction', 'India']	['61 pages : 29 cm', 'An adaptation of the well-known adventures of Mowgli, a boy reared by a pack of wolves, and the wild animals of the jungle']	['internetarchivebooks', 'printdisabled', 'inlibrary', 'fav-abisha_dhas', 'fav-balfour123', 'fav-chrissunhwa', 'fav-g_nesis_barrera', 'fav-joe_w196', 'fav-oliviacro', 'fav-r_bert_darabont', 'bpljordan-ol']
/works/OL19870W	The Jungle Book	Rudyard Kipling	"title:""The Jungle Book"" AND mediatype:texts"	349	the-jungle-book-rudyard-kipling	The Jungle Book	Rudyard Kipling	1894-01-01T00:00:00Z	1894.0		['Jungle', 'Adventure', 'Anthropomorphism']	"The Jungle Book (1894) is a collection of stories by the English author Rudyard Kipling. Most of the characters are animals such as Shere Khan the tiger and Baloo the bear, though a principal character is the boy or ""man-cub"" Mowgli, who is raised in the jungle by wolves. This edition was illustrated by John Lockwood Kipling, Rudyard's father."	['opensource', 'community', 'fav-atlanticamnesia', 'fav-audreytheboss', 'fav-beautiful_albania', 'fav-cmarena9515', 'fav-erikbartok', 'fav-g_nesis_barrera', 'fav-jenniferjoanne87', 'fav-kishkasayshello', 'fav-krish_bohra', 'fav-lessismor3', 'fav-lilnugget1_', 'fav-oliviapeng', 'fav-quantumtalkbli', 'fav-rachele_borghi', 'fav-ramap', 'fav-samcs40', 'fav-sepalika_sumith_karunanayaka', 'fav-user_76061', 'fav-whodunnett']
/works/OL19870W	The Jungle Book	Rudyard Kipling	"title:""The Jungle Book"" AND mediatype:texts"	349	bwb_KU-424-375	The jungle book	Rudya Kipling	1972-01-01T00:00:00Z	1972.0	mcmillan			['internetarchivebooks', 'printdisabled', 'inlibrary', 'fav-g_nesis_barrera']
/works/OL19870W	The Jungle Book	Rudyard Kipling	"title:""The Jungle Book"" AND mediatype:texts"	349	in.ernet.dli.2015.23444	The Jungle Book	Kipling,rudyard	1894-01-01T00:00:00Z	1894.0		C-DAK	Book Source: Digital Library of India Item 2015.23444 dc.contributor.author: Kipling,rudyard dc.date.accessioned: 2015-06-24T18:15:43Z dc.date.available: 2015-06-24T18:15:43Z dc.date.digitalpublicationdate: 2005-03-23 dc.date.citation: 1894 dc.identifier.barcode: 4990010201952 dc.identifier.origpath: /data2/upload/0056/104 dc.identifier.copyno: 1 dc.identifier.uri: http://www.new.dli.ernet.in/handle/2015/23444 dc.description.scanningcentre: C-DAK, Kolkata dc.description.main: 1 dc.description.tagged: 0 dc.description.totalpages: 226 dc.format.mimetype: application/pdf dc.language.iso: English dc.publisher.digitalrepublisher: Digital Library Of India dc.publisher: Macmillan And Co,london dc.rights: In Public Domain dc.source.library: State Central Library, Kolkata dc.subject.classification: Literature dc.subject.classification: Fiction dc.subject.classification: Children’s Story dc.subject.keywords: Jungle dc.subject.keywords: Mowgli dc.title: The Jungle Book	['digitallibraryindia', 'JaiGyan', 'fav-19omhs72', 'fav-g_nesis_barrera', 'fav-grannylady2016']
/works/OL19870W	The Jungle Book	Rudyard Kipling	"title:""The Jungle Book"" AND mediatype:texts"	349	bwb_S0-CBK-044	the jungle book	rudyard kipling	1972-01-01T00:00:00Z	1972.0	childrens literature			['internetarchivebooks', 'printdisabled', 'inlibrary', 'fav-g_nesis_barrera']
/works/OL19870W	The Jungle Book	Rudyard Kipling	"title:""The Jungle Book"" AND mediatype:texts"	349	bwb_Y0-BTW-325	the jungle book	rudyard kipling	1963-01-01T00:00:00Z	1963.0				['internetarchivebooks', 'printdisabled', 'inlibrary', 'fav-g_nesis_barrera']
/works/OL19870W	The Jungle Book	Rudyard Kipling	"title:""The Jungle Book"" AND mediatype:texts"	349	junglebook0000moor	The jungle book	Moore, Jenny, author	2014-01-01T00:00:00Z	2014.0	Vancouver, BC : Caramel Tree	['Mowgli (Fictitious character) -- Juvenile fiction', 'Mowgli (Fictitious character)', 'Jungles -- Juvenile fiction', 'Jungle animals -- Juvenile fiction', 'Feral children -- Juvenile fiction', 'Human-animal relationships -- Fiction', 'Jungles -- Fiction', 'Animals -- Fiction', 'Feral children', 'Jungle animals', 'Jungles', 'India -- Fiction']	['56 pages : 22 cm', 'In the jungles of India, Mowgli, a human boy, grows up under the protection and tutelage of a pack of wolves, Shere Khan the tiger, Bagheera the panther, and Baloo the bear, but must choose one day between humans and his animal family']	['internetarchivebooks', 'inlibrary', 'printdisabled', 'fav-buntonfin', 'fav-harmonicx', 'fav-ke1996']
/works/OL19870W	The Jungle Book	Rudyard Kipling	"title:""The Jungle Book"" AND mediatype:texts"	349	junglebook0000land	The jungle book	Landolf, Diane Wright	2008-01-01T00:00:00Z	2008.0	New York : Random House	['Jungles -- Fiction', 'Animals -- Fiction', 'India -- Fiction']	"['100 p. : 20 cm', 'Adaptation of Rudyard Kipling\'s ""The Jungle Book,"" focusing on stories that feature Mowgli, Baloo the bear, and Bagheera the panther', 'RL: 2.8', '006-009', '""A Stepping Stone book.""']"	['internetarchivebooks', 'printdisabled', 'fav-jayliu222', 'openlibrary-d-ol']
/works/OL19870W	The Jungle Book	Rudyard Kipling	"title:""The Jungle Book"" AND mediatype:texts"	349	disneys-the-jungle-book-1994-virgin-interactive-sns-7-k-usa	Disney's The Jungle Book (1994) (Virgin Interactive) (SNS-7K-USA)		1994-01-01T00:00:00Z	1994.0		['Nintendo', 'Super Nintendo', 'SNES', 'Manual']	Disney's The Jungle Book (1994) (Virgin Interactive) (SNS-7K-USA)	['consolemanuals_unsorted', 'consolemanuals', 'manuals', 'fav-buntonfin']
/works/OL19870W	The Jungle Book	Rudyard Kipling	"title:""The Jungle Book"" AND mediatype:texts"	349	junglebook0000kipl_h4q0	The Jungle Book	Kipling, Rudyard	2004-01-01T00:00:00Z	2004.0	Scotland : Geddes & Grosset		142 pages ; 20 cm	['internetarchivebooks', 'inlibrary', 'printdisabled', 'fav-g_nesis_barrera']
/works/OL19870W	The Jungle Book	Rudyard Kipling	"title:""The Jungle Book"" AND mediatype:texts"	349	thejunglebook35997gut	The Jungle Book	Rudyard Kipling			Project Gutenberg	['PR', 'Mowgli (Fictitious character) -- Fiction', 'Jungles -- Fiction', 'Short stories', 'Feral children -- Fiction', 'Animals -- Fiction', 'India -- Fiction', 'Jungle animals -- Fiction', 'Adventure stories, English']	Book from Project Gutenberg: The Jungle Book	['gutenberg', 'fav-aileencd', 'fav-bluealways', 'fav-cooperzebra', 'fav-jezzame', 'fav-karenjake', 'fav-kimberleyamos', 'fav-krish_bohra', 'fav-melanie_williams', 'fav-nikita_yardi', 'fav-santiago_villalobos-gonzalez863', 'fav-talita248']
/works/OL19870W	The Jungle Book	Rudyard Kipling	"title:""The Jungle Book"" AND mediatype:texts"	349	junglebookwaterm00rudy	The jungle book	Kipling, Rudyard, 1865-1936	1980-01-01T00:00:00Z	1980.0	Mahwah, N.J. : Watermill Press	"['Classics', ""Children's 9-12 - Literature - Classics / Contemporary"", 'Historical fiction', 'Mowgli (Fictitious character)', 'Animals']"	Presents the adventures of Mowgli, a boy reared by a pack of wolves, and the wild animals of the jungle	['internetarchivebooks', 'printdisabled', 'inlibrary', 'fav-duke2x', 'fav-fgdelcam', 'fav-g_nesis_barrera', 'fav-goodly', 'fav-ke1996', 'openlibrary-d-ol', 'stmaryscountylibrary']
/works/OL19870W	The Jungle Book	Rudyard Kipling	"title:""The Jungle Book"" AND mediatype:texts"	349	bwb_S0-EDT-811	The Jungle Book	Rudyayd Kipling	1968-01-01T00:00:00Z	1968.0				['internetarchivebooks', 'printdisabled', 'inlibrary', 'fav-g_nesis_barrera']
/works/OL19870W	The Jungle Book	Rudyard Kipling	"title:""The Jungle Book"" AND mediatype:texts"	349	manualsbase-id-160494	Hasbro The Jungle Book II 7407 user manual					['manualsbase', 'manuals']		['manuals_Hasbro', 'manuals']
/works/OL19870W	The Jungle Book	Rudyard Kipling	"title:""The Jungle Book"" AND mediatype:texts"	349	junglebookvolume0002rudy	The Jungle Book: Volume Two	Rudyard Kipling	1948-01-01T00:00:00Z	1948.0	Doubleday & Company, Inc.			['printdisabled', 'internetarchivebooks', 'inlibrary', 'fav-g_nesis_barrera']
/works/OL19870W	The Jungle Book	Rudyard Kipling	"title:""The Jungle Book"" AND mediatype:texts"	349	junglebookjustso0000kipl	The jungle book, just so stories	Kipling, Rudyard, 1865-1936	1987-01-01T00:00:00Z	1987.0	London : Octopus Books	['Mowgli (Fictitious character) -- Fiction', 'Mowgli (Fictitious character)', 'Animals -- Fiction', 'Jungles -- Fiction', 'Short stories', 'Animals', 'India -- Fiction', 'India']	['228 pages : 25 cm', 'Presents the adventures of Mowgli, a boy reared by a pack of wolves and the wild animals of the jungle. Also includes other short stories set in India']	['internetarchivebooks', 'inlibrary', 'printdisabled', 'fav-booklover1005229', 'fav-g_nesis_barrera', 'fav-rab507', 'fav-rausaheb1720']
/works/OL19870W	The Jungle Book	Rudyard Kipling	"title:""The Jungle Book"" AND mediatype:texts"	349	junglebook00walt	The jungle book	Walt Disney Company	1995-01-01T00:00:00Z	1995.0	Loughborough : Ladybird	['Mowgli (Fictitious character)', 'Jungle animals']	At head ot title: Disney	['internetarchivebooks', 'americana', 'printdisabled', 'fav-ariel-seagull-wings', 'fav-bakusid', 'fav-brian_seabolt_southern_gospel', 'fav-buntonfin', 'fav-carmen_dom_nguez', 'fav-cyrule', 'fav-jamie_caratello721', 'fav-joe_w196', 'fav-nicoleanna4321', 'fav-sarah_edwards980', 'fav-sprbudman513', 'fav-sweetiepebbles', 'fav-tarolewd']
/works/OL19870W	The Jungle Book	Rudyard Kipling	"title:""The Jungle Book"" AND mediatype:texts"	349	junglebook03kiplgoog	The Jungle Book	Rudyard Kipling	1894-01-01T00:00:00Z	1894.0	Century co.		Book digitized by Google from the library of Harvard University and uploaded to the Internet Archive by user tpb.	['americana', 'fav-g_nesis_barrera']
/works/OL19870W	The Jungle Book	Rudyard Kipling	"title:""The Jungle Book"" AND mediatype:texts"	349	junglebook04kiplgoog	The Jungle Book	Rudyard Kipling	1894-01-01T00:00:00Z	1894.0	The Century Co.		Book digitized by Google from the library of Harvard University and uploaded to the Internet Archive by user tpb.	['americana', 'fav-anonymously2614', 'fav-d_sandhu', 'fav-fritzzzzz8377', 'fav-g_nesis_barrera', 'fav-winslowleach']
/works/OL19870W	The Jungle Book	Rudyard Kipling	"title:""The Jungle Book"" AND mediatype:texts"	349	junglebooksecond0000rudy_x0z2	the jungle book, the second jungle book, just so stories, puck of pook's hill, stalkly & co, kim	rudyard kipling	1960-01-01T00:00:00Z	1960.0	book club associates			['internetarchivebooks', 'printdisabled', 'inlibrary', 'fav-g_nesis_barrera']
/works/OL19870W	The Jungle Book	Rudyard Kipling	"title:""The Jungle Book"" AND mediatype:texts"	349	junglebook0000disn_p4r8	The jungle book	Disney, Walt, 1901-1966	1973-01-01T00:00:00Z	1973.0	London : Purnell	"[""Children's stories"", 'Histoires pour enfants', ""Children's stories in English, 1900- Texts""]"	[20]p. : 27cm	['internetarchivebooks', 'printdisabled', 'fav-cyrule', 'fav-gobofraggle1983', 'fav-joe_w196', 'fav-tarolewd']
/works/OL19870W	The Jungle Book	Rudyard Kipling	"title:""The Jungle Book"" AND mediatype:texts"	349	junglebook0000kipl_d8z5	The jungle book	Kipling, Rudyard, 1865-1936	1997-01-01T00:00:00Z	1997.0	London : Pavilion	Children's stories, English	112 pages : 24 cm	['internetarchivebooks', 'inlibrary', 'printdisabled', 'fav-g_nesis_barrera', 'fav-glennorlando']
/works/OL19870W	The Jungle Book	Rudyard Kipling	"title:""The Jungle Book"" AND mediatype:texts"	349	junglebook0000kipl_u2p6	The jungle book	Kipling, Rudyard, 1865-1936	1926-01-01T00:00:00Z	1926.0	Garden City, N.Y. : Doubleday, Page & Co.	Animals -- Folklore	xiii, 305 pages : 19 cm	['internetarchivebooks', 'fav-alex_alexa144', 'fav-alexandra_oli', 'fav-baskingbeau', 'fav-g_nesis_barrera']
/works/OL19870W	The Jungle Book	Rudyard Kipling	"title:""The Jungle Book"" AND mediatype:texts"	349	junglebook0000kipl_y8l7	THE JUNGLE BOOK	KIPLING, RUDYARD	1894-01-01T00:00:00Z	1894.0	NY : GROSSEL & DUNLAP		275 pages	['internetarchivebooks', 'fav-aru13', 'fav-d_juazeiro', 'fav-g_nesis_barrera', 'fav-sbanders425']
/works/OL19870W	The Jungle Book	Rudyard Kipling	"title:""The Jungle Book"" AND mediatype:texts"	349	isbn_9781785992544	the jungle book	rudyard kipling	2016-01-01T00:00:00Z	2016.0				['internetarchivebooks', 'inlibrary', 'printdisabled', 'fav-g_nesis_barrera', 'fav-mqubed', 'fav-reegha']
/works/OL19870W	The Jungle Book	Rudyard Kipling	"title:""The Jungle Book"" AND mediatype:texts"	349	pg236-images	The Jungle Book					jungle book	jungle book 	['opensource', 'community']
/works/OL19870W	The Jungle Book	Rudyard Kipling	"title:""The Jungle Book"" AND mediatype:texts"	349	junglebook0000higg	The jungle book	Higginson, Craig	2011-01-01T00:00:00Z	2011.0	London : Oberon Books Ltd		58 p. ; 21 cm	['internetarchivebooks', 'printdisabled']
/works/OL19870W	The Jungle Book	Rudyard Kipling	"title:""The Jungle Book"" AND mediatype:texts"	349	junglebook00kipl_4	The jungle book	Kipling, Rudyard, 1865-1936	1913-01-01T00:00:00Z	1913.0	New York, The Century Co.	['Mowgli (Fictitious character)', 'Jungle animals', 'Mowgli (Fictitious character) -- Fiction', 'Jungle animals -- Fiction']	5 p.l., 3-331 p. 22 cm	['library_of_congress', 'americana', 'fav-bookhunter222', 'fav-g_nesis_barrera', 'fav-goodeve', 'fav-lisa_nicholas_ph_d', 'fav-michael91258', 'fav-nikthebooksmith', 'fav-serena929']
/works/OL19870W	The Jungle Book	Rudyard Kipling	"title:""The Jungle Book"" AND mediatype:texts"	349	junglebook0000kipl_t5w2	The jungle book	Kipling, Rudyard, 1865-1936	1991-01-01T00:00:00Z	1991.0	[Place of publication not identified] : Fabbri Pub.	['Human-animal relationships -- Juvenile literature', 'Human-animal relationships']	Donation	['internetarchivebooks', 'inlibrary', 'printdisabled', 'fav-g_nesis_barrera', 'fav-kmckeon']
/works/OL19870W	The Jungle Book	Rudyard Kipling	"title:""The Jungle Book"" AND mediatype:texts"	349	bwb_G5-AKK-064_5	The Jungle Book The Second Jungle Book	Rudyard Kipling	1895-01-01T00:00:00Z	1895.0				['internetarchivebooks', 'fav-g_nesis_barrera']
/works/OL19870W	The Jungle Book	Rudyard Kipling	"title:""The Jungle Book"" AND mediatype:texts"	349	bwb_O7-BNO-446	Walt Disney's The Jungle Book: Grolier Book Club Edition	Walt Disney	2004-01-01T00:00:00Z	2004.0	Grolier Enterprises			['internetarchivebooks', 'printdisabled', 'inlibrary']
/works/OL19870W	The Jungle Book	Rudyard Kipling	"title:""The Jungle Book"" AND mediatype:texts"	349	bwb_C0-BYJ-320	The Jungle Book	Rudyard Kipling	1963-01-01T00:00:00Z	1963.0	Grosset & Dunlap			['internetarchivebooks', 'printdisabled', 'inlibrary', 'fav-g_nesis_barrera']
/works/OL19870W	The Jungle Book	Rudyard Kipling	"title:""The Jungle Book"" AND mediatype:texts"	349	bwb_C0-CEL-032_2	THe Jungle Book THe Second JUngle Book	Rudyard KIpling	1925-01-01T00:00:00Z	1925.0				['internetarchivebooks', 'fav-g_nesis_barrera', 'fav-jahanzeb_shah']
/works/OL19870W	The Jungle Book	Rudyard Kipling	"title:""The Jungle Book"" AND mediatype:texts"	349	bwb_W9-CKK-075	The Jungle Book	Rudyard Kipling	1999-01-01T00:00:00Z	1999.0	Mustard			['internetarchivebooks', 'printdisabled', 'inlibrary', 'fav-g_nesis_barrera']
/works/OL19870W	The Jungle Book	Rudyard Kipling	"title:""The Jungle Book"" AND mediatype:texts"	349	junglebook0000rudy_e1q0	The Jungle Book	Rudyard Kipling	1894-01-01T00:00:00Z	1894.0				['internetarchivebooks', 'fav-g_nesis_barrera']
/works/OL19870W	The Jungle Book	Rudyard Kipling	"title:""The Jungle Book"" AND mediatype:texts"	349	junglebook0000rudy_y6c7	The Jungle book	Rudyard Kipling	1897-01-01T00:00:00Z	1897.0				['internetarchivebooks', 'fav-g_nesis_barrera']
/works/OL19870W	The Jungle Book	Rudyard Kipling	"title:""The Jungle Book"" AND mediatype:texts"	349	junglebook0007rudy_a4c7	the jungle book	rudyard kipling	1899-01-01T00:00:00Z	1899.0				['internetarchivebooks', 'fav-g_nesis_barrera']
/works/OL19870W	The Jungle Book	Rudyard Kipling	"title:""The Jungle Book"" AND mediatype:texts"	349	junglebook00kipluoft	The jungle book	Kipling, Rudyard, 1865-1936	1899-01-01T00:00:00Z	1899.0	London : Macmillan		35	['pratt', 'toronto', 'university_of_toronto', 'fav-adsactly', 'fav-g_nesis_barrera', 'fav-jdrgp2']
/works/OL19870W	The Jungle Book	Rudyard Kipling	"title:""The Jungle Book"" AND mediatype:texts"	349	junglebook0000unse_w7a6	The jungle book		2008-01-01T00:00:00Z	2008.0	Bath : Parragon	['Mowgli (Fictitious character) -- Pictorial works -- Juvenile fiction', 'Mowgli (Fictitious character)']	['27 pages : 17 cm', 'At head of title: Disney']	['internetarchivebooks', 'printdisabled', 'fav-brian_seabolt_southern_gospel', 'fav-cyrule', 'fav-ke1996', 'fav-sprbudman513']
/works/OL19870W	The Jungle Book	Rudyard Kipling	"title:""The Jungle Book"" AND mediatype:texts"	349	junglebook00kipl	The jungle book	['Kipling, Rudyard, 1865-1936', 'Detmold, Edward Julius, 1883-1957, ill', 'Detmold, Maurice, ill']	1913-01-01T00:00:00Z	1913.0	New York : Century	Animals	5 p. ., 3-331 [1] p. 21 cm	['newyorkpubliclibrary', 'americana', 'fav-alex_murgia', 'fav-altomentis', 'fav-art_amp_fable', 'fav-beastking04', 'fav-crmsc', 'fav-dobleufa', 'fav-emmanuel_amar', 'fav-feliciap23', 'fav-g_nesis_barrera', 'fav-goodeve', 'fav-hgthomas', 'fav-isagroovyday', 'fav-jc429', 'fav-katie_hunter583', 'fav-laara', 'fav-luda_shukri', 'fav-mcdrazin', 'fav-mirogeorgiev97', 'fav-monicalosangeles', 'fav-nikthebooksmith', 'fav-nostradama_van_gogh', 'fav-philayres', 'fav-rachel_shapiro126', 'fav-tailorkit', 'fav-vdricra', 'fav-yaelbs2666']
/works/OL19870W	The Jungle Book	Rudyard Kipling	"title:""The Jungle Book"" AND mediatype:texts"	349	junglebook0000kipl_q5x0	The jungle book	Kipling, Rudyard, 1865-1936	2003-01-01T00:00:00Z	2003.0	[Place of publication not identified] : Children's Golden Library	['Mowgli (Fictitious character)', 'Mowgli (Fictitious character) -- Juvenile fiction', 'Jungle animals -- Juvenile fiction', 'Feral children -- Juvenile fiction', 'Jungles -- Juvenile fiction', 'Mowgli (Fictitious character) -- Fiction', 'Jungle animals -- Fiction', 'Feral children -- Fiction', 'Jungles -- Fiction', 'Feral children', 'Jungle animals', 'Jungles', 'India -- Juvenile fiction', 'India -- Fiction', 'India']	['24 unnumbered pages : 21 cm', 'Mowgli, a man-cub raised by wolves, is lured from the delights and dangers of the jungle by the song of a village girl']	['internetarchivebooks', 'printdisabled', 'fav-g_nesis_barrera', 'fav-ke1996', 'fav-r_bert_darabont', 'bpljordan-ol']
/works/OL19870W	The Jungle Book	Rudyard Kipling	"title:""The Jungle Book"" AND mediatype:texts"	349	junglebook0000marc	The jungle book	March, C. Louise	2008-01-01T00:00:00Z	2008.0	New York : Modern Publishing	['Mowgli (Fictitious character) -- Juvenile fiction', 'Mowgli (Fictitious character)', 'Adventure stories, English -- Juvenile fiction', 'Jungles -- India -- Juvenile fiction', 'Animals -- Juvenile fiction', 'Adventure stories, English', 'Animals', 'Jungles', 'India -- Juvenile fiction', 'India']	['189 pages : 19 cm', 'Adventures of Mowgli, a boy raised by wolves, with animals in the Indian jungle']	['internetarchivebooks', 'inlibrary', 'printdisabled', 'fav-paisleysummer']
/works/OL19870W	The Jungle Book	Rudyard Kipling	"title:""The Jungle Book"" AND mediatype:texts"	349	junglebook0000marc_w8m9	The jungle book	March, C. Louise	2004-01-01T00:00:00Z	2004.0	New York, N.Y. : Modern Pub.	['Mowgli (Fictitious character) -- Juvenile fiction', 'Mowgli (Fictitious character)', 'Adventure stories, English -- Juvenile fiction', 'Jungles -- India -- Juvenile fiction', 'Animals -- Juvenile fiction', 'Jungles -- India -- Fiction', 'Mowgli (Fictitious character) -- Fiction', 'Animals -- Fiction', 'Adventure stories, English', 'Animals', 'Jungles', 'India -- Juvenile fiction', 'India -- Fiction', 'India']	"['189 pages : 24 cm', 'Adventures of Mowgli, a boy raised by wolves, with animals in the Indian jungle', '""Adapted for young readers and fully illustrated.""--Cover 4', ""Mowgli's brothers -- Kaa's hunting -- Tiger-tiger -- Rikki-Tikki-Tavi -- Toomai of the elephants""]"	['internetarchivebooks', 'inlibrary', 'printdisabled', 'fav-shakezula01', 'fav-tyson_rowser311', 'openlibrary-d-ol']
/works/OL19870W	The Jungle Book	Rudyard Kipling	"title:""The Jungle Book"" AND mediatype:texts"	349	junglebook0000unse_d0s2	The Jungle Book		2011-01-01T00:00:00Z	2011.0	Echo Library		pages	['internetarchivebooks', 'inlibrary', 'printdisabled', 'fav-g_nesis_barrera']
/works/OL19870W	The Jungle Book	Rudyard Kipling	"title:""The Jungle Book"" AND mediatype:texts"	349	isbn_9780606215589	the jungle book	rudyard kipling	2001-01-01T00:00:00Z	2001.0	saddleback publishing inc.			['internetarchivebooks', 'inlibrary', 'printdisabled', 'fav-r_bert_darabont']
/works/OL19870W	The Jungle Book	Rudyard Kipling	"title:""The Jungle Book"" AND mediatype:texts"	349	isbn_9781505900064	The Jungle Book	Rudyard Kipling	2015-01-01T00:00:00Z	2015.0	Denton & White			['internetarchivebooks', 'inlibrary', 'printdisabled', 'fav-g_nesis_barrera', 'fav-reegha']
/works/OL19870W	The Jungle Book	Rudyard Kipling	"title:""The Jungle Book"" AND mediatype:texts"	349	junglebook0000unse_x4n3	The jungle book		2013-01-01T00:00:00Z	2013.0	[London] : Hachette Partworks Ltd.	['Mowgli (Fictitious character) -- Juvenile fiction', 'Mowgli (Fictitious character)', 'Jungle animals -- India -- Juvenile fiction', 'Jungle animals', 'India']	1 volume	['internetarchivebooks', 'printdisabled', 'fav-cyrule', 'fav-ke1996', 'fav-lucas_moura_quaresma', 'fav-nicoleanna4321', 'fav-sprbudman513']
/works/OL19870W	The Jungle Book	Rudyard Kipling	"title:""The Jungle Book"" AND mediatype:texts"	349	junglebook00kiplgoog	The Jungle Book	Rudyard Kipling	1894-01-01T00:00:00Z	1894.0	Century Co.		Book digitized by Google and uploaded to the Internet Archive by user tpb.	['americana', 'fav-aimana', 'fav-g_nesis_barrera']
/works/OL19870W	The Jungle Book	Rudyard Kipling	"title:""The Jungle Book"" AND mediatype:texts"	349	junglebookstoryo0000rudy	The Jungle Book: The Story of Walt Disney's Motion Picture	Rudyard Kipling	1967-01-01T00:00:00Z	1967.0	Whitman Publishing			['printdisabled', 'internetarchivebooks', 'inlibrary']
/works/OL19870W	The Jungle Book	Rudyard Kipling	"title:""The Jungle Book"" AND mediatype:texts"	349	junglebook0000rudy_s6s0	the jungle book	rudyard kipling	1968-01-01T00:00:00Z	1968.0	classic press, incorporated			['internetarchivebooks', 'printdisabled', 'inlibrary', 'fav-g_nesis_barrera']
/works/OL19870W	The Jungle Book	Rudyard Kipling	"title:""The Jungle Book"" AND mediatype:texts"	349	junglebookiitorc00rudy	The jungle book II	Kipling, Rudyard, 1865-1936	1995-01-01T00:00:00Z	1995.0	New York : TOR	"['Literature - Classics / Criticism', 'Classics', 'Children: Grades 4-6', 'Fiction / Classics', 'Animals', ""Children's stories, English"", 'Fiction', 'Jungles', 'Short stories']"	"['""A Tom Doherty Associates book.""', 'Presents the adventures of Mowgli, a boy reared by a pack of wolves and the wild animals of the jungle']"	['internetarchivebooks', 'printdisabled', 'fav-g_nesis_barrera', 'fav-popwu', 'cnusd-ol']
/works/OL19870W	The Jungle Book	Rudyard Kipling	"title:""The Jungle Book"" AND mediatype:texts"	349	wizardofozjungle0000lfra	The Wizard of Oz, The Jungle Book	L. Frank Baum and Rudyard Kipling	1944-01-01T00:00:00Z	1944.0				['internetarchivebooks', 'printdisabled', 'inlibrary', 'fav-g_nesis_barrera']
/works/OL19870W	The Jungle Book	Rudyard Kipling	"title:""The Jungle Book"" AND mediatype:texts"	349	junglebooksecondkipl00kipl	The jungle book ; The second jungle book ; Just so stories ; Puck of Pook's Hill ; Stalky & Co. ; Kim	Kipling, Rudyard, 1865-1936	1980-01-01T00:00:00Z	1980.0	New York : Octopus/Heinemann	Animals		['internetarchivebooks', 'California-State-Suggested-Reading', 'books', 'inlibrary', 'printdisabled', 'fav-g_nesis_barrera', 'fav-sherlockchawla', 'barryuniversity-ol', 'stmaryscountylibrary']
/works/OL19870W	The Jungle Book	Rudyard Kipling	"title:""The Jungle Book"" AND mediatype:texts"	349	junglebook0000unse_c3g9	The jungle book		1995-01-01T00:00:00Z	1995.0	Loughborough : Ladybird	['Mowgli (Fictitious character) -- Juvenile fiction', 'Mowgli (Fictitious character)', 'Jungle animals -- Juvenile fiction', 'Jungle animals', 'India -- Juvenile fiction', 'India']	['42 pages ; 18 cm', 'At head ot title: Disney']	['internetarchivebooks', 'printdisabled', 'fav-abisha_dhas', 'fav-cyrule', 'fav-ke1996', 'openlibrary-d-ol']
/works/OL19870W	The Jungle Book	Rudyard Kipling	"title:""The Jungle Book"" AND mediatype:texts"	349	thejunglebook00236gut	The Jungle Book	Kipling, Rudyard, 1865-1936					Book from Project Gutenberg: The Jungle Book Library of Congress Classification: PR Library of Congress Classification: PZ	['gutenberg', 'fav-ajwagers', 'fav-costanzalady', 'fav-santiago_villalobos-gonzalez863']
/works/OL19870W	The Jungle Book	Rudyard Kipling	"title:""The Jungle Book"" AND mediatype:texts"	349	walt-disneys-the-jungle-book-making-a-masterpiece-walt-andreas-deja-walt-disney-	Walt Disney's The Jungle Book Making A Masterpiece [ Walt Andreas Deja, Walt Disney Family Museum San Francisco, 2022 The Walt Disney Family Isbn 13 9781681888934 35d 7cd 399c 9f 5a 4b 69e 82446df 4dbaf 3 Anna’	Andreas Deja	2022-11-01T00:00:00Z	2022.0		['Animation', 'Disney', 'Andreas Deja', 'Artbook']	This book contains both concept art and animation frames from Disney's 1967 film The Jungle Book.	['opensource', 'fav-beckerdraw', 'fav-bengm', 'fav-blake_lane692', 'fav-c_b983', 'fav-cctu_pico_sena', 'fav-duncan_thomson403', 'fav-gobofraggle1983', 'fav-heitor_yida', 'fav-ibearzz', 'fav-jakkraphol_singraksatrakul', 'fav-katie_lewis737', 'fav-kris_stoyanov', 'fav-lisa_k861', 'fav-mauro_taller_de_arte_mauro', 'fav-medeox', 'fav-michael_seravello', 'fav-nicotoonz', 'fav-pablo_marco308', 'fav-pan_v809', 'fav-schlagger', 'fav-secretman00', 'fav-sr_bullet_bill', 'fav-temp4me86', 'fav-trevor_lloyd', 'fav-yoshiyamadeep']
/works/OL19870W	The Jungle Book	Rudyard Kipling	"title:""The Jungle Book"" AND mediatype:texts"	349	junglebook0000lane	The jungle book	Lane, Sheila, 1925-	1987-01-01T00:00:00Z	1987.0	Ward Lock Educational	['Readers -- 1950-', 'Readers', 'Drama in English, 1945- - Texts']	64 pages	['internetarchivebooks', 'inlibrary', 'printdisabled', 'fav-magra_olano437']
/works/OL19870W	The Jungle Book	Rudyard Kipling	"title:""The Jungle Book"" AND mediatype:texts"	349	the-jungle-book_202306	The Jungle Book (Read it yourself with Ladybird-Level 3)	Jillian Powell	2014-01-01T00:00:00Z	2014.0	Ladybird	The Jungle Book ---Read it yourself with Ladybird---Juvenile fiction	The Jungle Book (Read it yourself with Ladybird-Level 3) Publisher ‏ : ‎ Ladybird (3 July 2014) Language ‏ : ‎ English Hardcover ‏ : ‎ 48 pages ISBN-10 ‏ : ‎ 0723280800 ISBN-13 ‏ : ‎ 978-0723280804 Reading age ‏ : ‎ 4 - 7 years by Jillian Powell(Author), Gavin Scott  (Illustrator)	['opensource', 'community', 'fav-raidmello']
/works/OL65430W	The Awakening	Kate Chopin	"title:""The Awakening"" AND mediatype:texts"	768	bwb_S0-BGR-829	India and the Awakening East	Eleanor Roosevelt	1953-01-01T00:00:00Z	1953.0				['internetarchivebooks', 'printdisabled', 'inlibrary']
/works/OL65430W	The Awakening	Kate Chopin	"title:""The Awakening"" AND mediatype:texts"	768	isbn_9781942826002	The Worlds of Ambre: The Awakening	Stark, Axi, Levi, Ragel	2015-05-15T00:00:00Z	2015.0	AxiStarkLLC			['internetarchivebooks', 'inlibrary', 'printdisabled']
/works/OL65430W	The Awakening	Kate Chopin	"title:""The Awakening"" AND mediatype:texts"	768	cu31924028514127	The awakening of Turkey; a history of the Turkish revolution	Knight, E. F. (Edward Frederick), 1852-1925	1909-01-01T00:00:00Z	1909.0	Philadelphia, J.B. Lippincott Co.	Eastern question (Balkan)	"['The metadata below describe the original scanning. Follow the ""All Files: HTTP"" link in the ""View the book"" box to the left to find XML files that contain more metadata about the original images and the derived formats (OCR results, PDF etc.). See also the What is the directory structure for the texts? FAQ for information about file content and naming conventions.', 'The portraits are accompanied by guard sheets with letterpress']"	['cornell', 'americana', 'fav-d_r_s', 'fav-erivar62', 'fav-language_history_geography_lover', 'fav-sophiadavidkhanian']
/works/OL65430W	The Awakening	Kate Chopin	"title:""The Awakening"" AND mediatype:texts"	768	india.history.resource.111098	Acvaghosha’s Discourse on the Awakening of Faith in the Mahayana; translated from the Chinese Version	['Asvaghosha', 'Suzuki, Teitaro (Tr.)']	1900-01-01T00:00:00Z	1900.0	The Open Court Publishing Company (Chicago)	['BOOK', 'Other Religions']		['IndiaHistory', 'JaiGyan']
/works/OL65430W	The Awakening	Kate Chopin	"title:""The Awakening"" AND mediatype:texts"	768	bwb_P8-AVL-284	Insight: the Awakening Heart		1986-01-01T00:00:00Z	1986.0	Insight Publishing			['internetarchivebooks', 'inlibrary', 'printdisabled', 'fav-dino_koutsoukos']
/works/OL65430W	The Awakening	Kate Chopin	"title:""The Awakening"" AND mediatype:texts"	768	deobandi_book_quest_history_geography_2069_the_awakening_of_	book_quest\history_geography\2069\The awakening of modern Egypt.pdf	mindroastermir				deobandi books	ahmady.org	['booksbylanguage_urdu', 'booksbylanguage']
/works/OL65430W	The Awakening	Kate Chopin	"title:""The Awakening"" AND mediatype:texts"	768	bwb_S0-DGF-570	The awakening	Marie Monsen	1963-03-01T00:00:00Z	1963.0				['internetarchivebooks', 'printdisabled', 'inlibrary']
/works/OL65430W	The Awakening	Kate Chopin	"title:""The Awakening"" AND mediatype:texts"	768	cliffs-complete-kate-chopin-sheri-metzger-the-awakening-cliffs-notes-2001	( Cliffs Complete) Kate Chopin, Sheri Metzger The Awakening Cliffs Notes ( 2001)	Kate Chopin, Sheri Metzger	2001-01-01T00:00:00Z	2001.0		Poetry - American Poetry	I n the CliffsComplete guides, the novel's complete text and a glossary appear side-by-side with coordinating numbered lines to help you understand unusual words and phrasing. You'll also find all the commentary and resources of a standard CliffsNotes for Literature. CliffsComplete The Awakening offers insight and information into a work considered scandalous when it arrived from the turn-of-the-20th-century presses. Every generation since has been able to identify with some social or thematic aspect of the novel. Discover what happens to this heroine who found her husband dull, married life dreary and confining, and motherhood to be bondage — and save valuable studying time — all at once. Enhance your reading of The Awakening with these additional features:	['opensource']
/works/OL65430W	The Awakening	Kate Chopin	"title:""The Awakening"" AND mediatype:texts"	768	katechopinsawake0000hode	Kate Chopin's The awakening : screenplay as interpretation	Hoder-Salmon, Marilyn, 1934-	1992-01-01T00:00:00Z	1992.0	Gainesville : University Press of Florida	['Chopin, Kate, 1850-1904. Awakening', 'Chopin, Kate, 1850-1904 -- Film and video adaptations', 'American fiction -- Film adaptations', 'Film adaptations -- History and criticism']	['xiv, 178 p. ; 24 cm', 'Includes bibliographical references (p. 163-174) and index']	['internetarchivebooks', 'inlibrary', 'printdisabled', 'fav-art_n_play', 'fav-authorbab', 'fav-omu-123-subi', 'americanuniversity-ol', 'binghamton-ol', 'dartmouthlibrary-ol', 'gwulibraries-ol', 'johnshopkins-ol', 'rochester-ol', 'universityofarizona-ol', 'universityofcoloradoboulder-ol', 'universityofoklahoma-ol', 'wilsoncollege-ol']
/works/OL65430W	The Awakening	Kate Chopin	"title:""The Awakening"" AND mediatype:texts"	768	lucylockhartawak0000thom	Lucy Lockhart : the awakening	Thomas, Bryce	2011-01-01T00:00:00Z	2011.0	Harrow : Thomas Hamilton & Co. Publishers		276 p. ; 20 cm	['internetarchivebooks', 'inlibrary', 'printdisabled']
/works/OL65430W	The Awakening	Kate Chopin	"title:""The Awakening"" AND mediatype:texts"	768	awakeningearth0000russ	The awakening earth	Russell, Peter, 1946-	1988-01-01T00:00:00Z	1988.0	Arkana	['Evolution', 'Organisms Evolution']	xiii, 228 pages	['internetarchivebooks', 'printdisabled', 'fav-anthony_l_vazquez', 'fav-earthsalad', 'fav-green61', 'fav-haight1968', 'fav-isaiahmc1', 'fav-ittabe', 'fav-kaiser21', 'fav-libry123', 'fav-marie034', 'fav-moor49', 'fav-vesnamackovic']
/works/OL65430W	The Awakening	Kate Chopin	"title:""The Awakening"" AND mediatype:texts"	768	fireiceawakening0000juli	Fire and Ice: the Awakening	Juliana Presto	2014-10-01T00:00:00Z	2014.0	CreateSpace Independent Publishing Platform			['internetarchivebooks', 'printdisabled']
/works/OL65430W	The Awakening	Kate Chopin	"title:""The Awakening"" AND mediatype:texts"	768	awakeningnightma0000honi	The awakening nightmare; a breakthrough in treating the mentally ill	Honig, Albert M	1972-01-01T00:00:00Z	1972.0	Rockaway, N.J., American Faculty Press	['Mentally ill -- Care', 'Therapeutic Community', 'Psychotherapy', 'Malades mentaux -- Soins']	['xi, 303 pages 24 cm', 'Includes bibliographical references (pages 287-294)']	['internetarchivebooks', 'printdisabled', 'inlibrary', 'fav-hawkseked222', 'fav-iron_asya', 'fav-maxqb1', 'binghamton-ol', 'gwulibraries-ol', 'occidentalcollegelibrary-ol', 'rochester-ol', 'universityofcoloradoboulder-ol', 'wrlc-ol']
/works/OL65430W	The Awakening	Kate Chopin	"title:""The Awakening"" AND mediatype:texts"	768	grainofmustardse0000alve	A grain of mustard seed; the awakening of the Brazilian revolution	Alves, Márcio Moreira	1973-01-01T00:00:00Z	1973.0	Garden City, N.Y., Doubleday Anchor Press	['Terrorism -- Brazil', 'Torture -- Brazil', 'Terrorisme -- Brésil', 'Torture -- Brésil', 'Politics and government', 'Terrorism', 'Torture', 'Diktatur', 'Brazil -- Politics and government -- 1964-1985', 'Brésil -- Politique et gouvernement -- 1954-', 'Brazil', 'Brasilien']	['194 pages 18 cm', 'Translation of El despertar de la Revolución brasileña', 'Includes bibliographical references']	['marygrovecollege', 'internetarchivebooks', 'americana', 'inlibrary', 'printdisabled', 'fav-flavia_nespatti', 'fav-gaploon', 'fav-happy_hippo', 'fav-manikhe', 'fav-treadyster', 'binghamton-ol', 'dartmouthlibrary-ol', 'gwulibraries-ol', 'johnshopkins-ol', 'occidentalcollegelibrary-ol', 'unb-ol', 'uni-ol', 'universityofarizona-ol', 'universityofcoloradoboulder-ol', 'universityofoklahoma-ol']
/works/OL65430W	The Awakening	Kate Chopin	"title:""The Awakening"" AND mediatype:texts"	768	bib49303_001_001	The awakening of memory : survivor testimony in the first years after the Holocaust, and today	['Greenspan, Henry, 1948-', 'Center for Advanced Holocaust Studies.']	2001-01-01T00:00:00Z	2001.0	Washington, D.C. : United States Holocaust Memorial Museum, Center for Advanced Holocaust Studies	['Holocaust Jewish (1939-1945) -- Personal narratives -- History and criticism', 'Holocaust survivors -- Interviews -- History and criticism']	21 p. ; 28 cm.	['mandelcenter', 'ushmm', 'americana', 'fav-applepieandmilk', 'fav-blindlibrary80', 'fav-jm_rzepa']
/works/OL65430W	The Awakening	Kate Chopin	"title:""The Awakening"" AND mediatype:texts"	768	awakeningcursetw0000twyn	The awakening : a curse, two armies, one trial..	Twynham, G. L. (Georgia L.), 1972- author	2013-01-01T00:00:00Z	2013.0	[Guildford] : Grosvenor House Publishing Limited		v, 353 pages ; 21 cm	['internetarchivebooks', 'inlibrary', 'printdisabled']
/works/OL65430W	The Awakening	Kate Chopin	"title:""The Awakening"" AND mediatype:texts"	768	awakeningexperie0000prom	The Awakening Experience	Promise Keepers	2005-05-01T00:00:00Z	2005.0	Integrity Publishers			['internetarchivebooks', 'inlibrary', 'printdisabled']
/works/OL65430W	The Awakening	Kate Chopin	"title:""The Awakening"" AND mediatype:texts"	768	awakeningofchina00mart_0	The awakening of China	Martin, W. A. P. (William Alexander Parsons), 1827-1916	1907-01-01T00:00:00Z	1907.0	New York : Doubleday	Eastern question (Far East)	Includes index	['majorityworldcollection', 'Princeton', 'americana', 'fav-goodeve', 'fav-jithu5']
/works/OL65430W	The Awakening	Kate Chopin	"title:""The Awakening"" AND mediatype:texts"	768	awakeningjapan01okakgoog	The Awakening of Japan	Kakuzō Okakura	1905-01-01T00:00:00Z	1905.0	The Century Co.	['japan', 'awakening', 'tokugawa', 'imperial', 'daimios', 'china', 'buddhism', 'kioto', 'ancient', 'japanese', 'white disaster', 'public domain', 'kioto court', 'yedo castle', 'tokugawa government', 'google book', 'social life', 'japanese art', 'constitutional government', 'book search']	Book digitized by Google from the library of Harvard University and uploaded to the Internet Archive by user tpb.	['americana', 'fav-bouncetiger']
/works/OL65430W	The Awakening	Kate Chopin	"title:""The Awakening"" AND mediatype:texts"	768	awakening0000unse_j8g6	The awakening	Chopin, Kate, 1851-1904	1964-01-01T00:00:00Z	1964.0	Garden City, NY, Nelson Doubleday		186 pages 21 cm	['internetarchivebooks', 'printdisabled', 'fav-agent-lisa']
/works/OL65430W	The Awakening	Kate Chopin	"title:""The Awakening"" AND mediatype:texts"	768	awakeningofeurop0001phil	the awakening of europe	philippe wolff	1968-01-01T00:00:00Z	1968.0	penguin books			['internetarchivebooks', 'printdisabled', 'inlibrary']
/works/OL65430W	The Awakening	Kate Chopin	"title:""The Awakening"" AND mediatype:texts"	768	awakeningofjapan00okakuoft	The awakening of Japan	Okakura, Kakuzo, 1862-1913	1904-01-01T00:00:00Z	1904.0	New York : The Century Co.	Japan -- History	26 29	['robarts', 'toronto', 'university_of_toronto', 'fav-amarumanush', 'fav-artjoe', 'fav-christie_jenkins', 'fav-crmsc', 'fav-dwarfpieter', 'fav-gopstoppa', 'fav-psrksalem', 'fav-www_jupiter2saturn_com']
/works/OL65430W	The Awakening	Kate Chopin	"title:""The Awakening"" AND mediatype:texts"	768	awakeningaplay00ovin	The awakening :a play /	Ovington, Mary White, 1865-1951	1923-01-01T00:00:00Z	1923.0	New York : National Association for the Advancement of Colored People	['African Americans -- Drama', 'Race relations -- Drama', 'Racism -- Drama', 'Georgia -- Drama']	64 p. ; 19 cm	['library_of_congress', 'fedlink', 'americana']
/works/OL65430W	The Awakening	Kate Chopin	"title:""The Awakening"" AND mediatype:texts"	768	awakeningaplayi01chamgoog	The Awakening: A Play in Four Acts	Charles Haddon Chambers	1903-01-01T00:00:00Z	1903.0	Walter H. Baker & Co.	['wakening', 'lady', 'trower', 'olive', 'cecil', 'margaret', 'lord', 'dear', 'crosses', 'jarvis', 'lady margaret', 'public domain', 'making love', 'olive lawrence', 'dear margaret', 'lady warristor', 'google book', 'wakening lord', 'unreasonable outburst', 'margaret staines']	Book digitized by Google and uploaded to the Internet Archive by user tpb.	['americana']
/works/OL65430W	The Awakening	Kate Chopin	"title:""The Awakening"" AND mediatype:texts"	768	awakeningaplayi02chamgoog	The Awakening: A Play in Four Acts	Charles Haddon Chambers	1903-01-01T00:00:00Z	1903.0	Walter H. Baker & Co.	['wakening', 'lady', 'trower', 'olive', 'cecil', 'crosses', 'margaret', 'jarvis', 'lord', 'dear', 'lady margaret', 'public domain', 'great man', 'lady warristor', 'wakening lord', 'lord reginald', 'google book', 'wakening lady', 'olive lawrence', 'margaret staines']	Book digitized by Google from the library of Harvard University and uploaded to the Internet Archive by user tpb.	['americana']
/works/OL65430W	The Awakening	Kate Chopin	"title:""The Awakening"" AND mediatype:texts"	768	awakeningaracea00boxagoog	The awakening of a race, an advance in civilisation	Boxall, George	1907-01-01T00:00:00Z	1907.0	London : T.F. Unwin	['race', 'religion', 'races', 'laws', 'science', 'awakening', 'evolution', 'goth', 'older', 'king', 'older races', 'written law', 'democratic spirit', 'future religion', 'unwritten law', 'racial character', 'natural laws', 'melanochroi race', 'laws imposed', 'perfect man', 'Social sciences', 'Race relations', 'Anglo-Saxon race']	['Book digitized by Google and uploaded to the Internet Archive by user tpb.', 'xii, 312 pages ; 21 cm', 'Preface.--The evolution of religion.--Pseudo-science.--The Goth and his relatives.--Evolution of the king and the priest.--The passing of the king.--Ring out the old.--The character of the classes.--The successor of the king.--The present religion.--The future religion.--The new morality.--The old religions and the new.--The democratic spirit.--Ring in the new']	['americana', 'fav-jane_orrick', 'fav-jwile62', 'fav-troublewillsoonbeover']
/works/OL65430W	The Awakening	Kate Chopin	"title:""The Awakening"" AND mediatype:texts"	768	awakening0000carr_x6t5	The awakening	Carroll, Michael Owen, 1966-	2007-01-01T00:00:00Z	2007.0	New York : Philomel Books	['Heroes -- Fiction', 'Adventure and adventurers -- Fiction', 'Science fiction']	['264 p. ; 22 cm', 'Ten years after the disappearance of superhumans--both heroes and villains--thirteen-year-olds Danny and Colin begin to develop super powers, making them the object of much unwanted attention']	['internetarchivebooks', 'printdisabled', 'spokanepubliclibrary-ol', 'universityofoklahoma-ol']
/works/OL65430W	The Awakening	Kate Chopin	"title:""The Awakening"" AND mediatype:texts"	768	awakeningofsoul01ibnt	The awakening of the soul :	Ibn Ṭufayl, Muḥammad ibn ʻAbd al-Malik, -1185	1904-01-01T00:00:00Z	1904.0	London : Orient Press		86 p. ; 17 cm	['dulds', 'duke_libraries', 'americana', 'fav-mohd_ashraf_nanda', 'fav-user_16602']
/works/OL65430W	The Awakening	Kate Chopin	"title:""The Awakening"" AND mediatype:texts"	768	awakeningpromise0000vari_f0u4	The Awakening Promise Keeper's Worship	Various	2005-01-01T00:00:00Z	2005.0	Vertical Worship Songs			['internetarchivebooks', 'printdisabled', 'inlibrary']
/works/OL65430W	The Awakening	Kate Chopin	"title:""The Awakening"" AND mediatype:texts"	768	in.ernet.dli.2015.458784	Sun Yat Sen And The Awakening Of China	Jones, C.. Sheridan				North	Book Source: Digital Library of India Item 2015.458784 dc.contributor.author: Cantlie, James dc.contributor.author: Jones, C.. Sheridan dc.date.accessioned: 2015-09-22T13:45:46Z dc.date.available: 2015-09-22T13:45:46Z dc.date.digitalpublicationdate: 2013/06/04 dc.identifier.barcode: 07019990354888 dc.identifier.copyno: 1 dc.identifier.uri: http://www.new.dli.ernet.in/handle/2015/458784 dc.description.scannerno: SC-2 dc.description.scanningcentre: North Eastern States Libraries dc.description.main: 1 dc.description.tagged: 0 dc.description.totalpages: 376 dc.language.iso: English dc.publisher.digitalrepublisher: Digital Library Of India dc.publisher: Jarrold And Sons, London dc.rights: Not Available dc.source.library: DIRECTORATE OF LIBRARY SERVICES, GUWAHATI, ASSAM dc.subject.classification: Geography. Biography. History dc.subject.classification: General History dc.title: Sun Yat Sen And The Awakening Of China dc.type: Print - Paper dc.type: Book dc.description.diskno: NE-DLI-TR-4460	['digitallibraryindia', 'JaiGyan', 'fav-merlynsingh4']
/works/OL65430W	The Awakening	Kate Chopin	"title:""The Awakening"" AND mediatype:texts"	768	awakeningoffaith0000asva	The awakening of faith. Translated by Timothy Richard; edited with an introd. by Alan Hull Walton. Foreword by Aldous Huxley. --	Aśvaghoṣa	1961-01-01T00:00:00Z	1961.0	London, C. Skilton [1961]		['96 p. ; 19 cm', 'Extracted from The New testament of higher Buddhism by Timothy Richard, published in 1910. Bibliography: p. 33-37']	['trent_university', 'internetarchivebooks', 'printdisabled', 'inlibrary', 'fav-lillybeth9248', 'fav-piggyzxh']
/works/OL65430W	The Awakening	Kate Chopin	"title:""The Awakening"" AND mediatype:texts"	768	awakeninggiantbr0000cham	The awakening giant : Britain in the Industrial Revolution	Chamberlin, E. R. (Eric Russell), 1926-2006	1976-01-01T00:00:00Z	1976.0	London : Batsford	['Industrial revolution -- Great Britain', 'Industrial revolution -- Europe', 'Great Britain -- Economic conditions -- 1760-1860']	['168 p. : 26 cm', 'Bibliography: p. 165-166', 'Includes index']	['internetarchivebooks', 'printdisabled', 'inlibrary', 'fav-akj133', 'fav-cheslyn_wilson', 'fav-yaya_torey', 'unb-ol']
/works/OL65430W	The Awakening	Kate Chopin	"title:""The Awakening"" AND mediatype:texts"	768	spiritualityawak0000benn	Spirituality and the awakening self : the sacred journey of transformation	Benner, David G	2012-01-01T00:00:00Z	2012.0	Grand Rapids, Mich. : Brazos Press	['Self-actualization (Psychology) -- Religious aspects -- Christianity', 'Maturation (Psychology) -- Religious aspects -- Christianity', 'Self -- Religious aspects -- Christianity', 'Spirituality']	['xv, 240 p. : 22 cm', 'Includes bibliographical references (p. 228-235) and index', 'Human awakening -- Mapping the unfolding self -- Growth and the lines of development -- Transformation and the levels of development -- Learning from the Christian mystics -- The body-centered self -- The mind-centered self -- The soul-centered self -- The spirit-centered self -- Spirituality and awakening -- The communal context of transformation -- Transformation and transcendence']	['internetarchivebooks', 'printdisabled', 'fav-amare_nesciri', 'fav-breeadams27', 'fav-dachetc', 'fav-daniel_filimon', 'fav-heejin_choi', 'fav-jolanta_sahin', 'fav-kcooklibrarian', 'fav-lhwork', 'fav-mgeaton', 'fav-pusanisa', 'fav-s_y_lee', 'fav-sskec', 'fav-sunflower350', 'fav-tastyreading', 'fav-tonya_carr', 'fav-user_78014', 'fav-veronicajbg']
/works/OL65430W	The Awakening	Kate Chopin	"title:""The Awakening"" AND mediatype:texts"	768	awakening0000kate_l7a3	The awakening	Chopin, Kate, 1850-1904	1964-01-01T00:00:00Z	1964.0	New York, Capricorn Books		xiv, 303 p. 19 cm	['internetarchivebooks', 'printdisabled', 'fav-agent-lisa', 'fav-m_z003', 'fav-mayasummer']
/works/OL65430W	The Awakening	Kate Chopin	"title:""The Awakening"" AND mediatype:texts"	768	bwb_KV-542-258	The Awakening of China 1793-1949	Roger Pelissier	1967-01-01T00:00:00Z	1967.0	Secker & Warburg			['internetarchivebooks', 'printdisabled', 'inlibrary']
/works/OL65430W	The Awakening	Kate Chopin	"title:""The Awakening"" AND mediatype:texts"	768	TheAwakeningProject	The Awakening Project	Dylan Vorster	2015-10-11T00:00:00Z	2015.0		['spirituality', 'law of attraction', 'meditation', 'spiritual']	This Guide is not for reading to just pass time. This guide has vital information that YOU as the reader will be able to use and apply to your life to live the life you have literally always dreamed of. This guide teaches about new found universal laws and information that will start to explain and allow you to understand how you can manipulate your life to work for you and to provide you with success in all ways. This guide offers you the first few steps along a very exciting and previously unbelievable journey. Once you have read this guide you will have a greater understanding of how things work and why they work like this. You will find that your life becomes more controllable and enjoyable. This guide offers you a very special opportunity. An opportunity that was not supposed to be given to us. For the greater good of mankind this guide was created. To allow everyone a fighting chance toward achieving personal fulfilment and success.   The universe offers us great amounts of prosperity, abundance and opportunity. We just have to learn about these aspects and apply them correctly to our everyday lives.	['opensource_media', 'community']
/works/OL65430W	The Awakening	Kate Chopin	"title:""The Awakening"" AND mediatype:texts"	768	the-awakening-ground-a-guide-to-contemplative-mysticism	The Awakening Ground A Guide To Contemplative Mysticism	David Smith	2016-01-01T00:00:00Z	2016.0		Contemplative mysticism	Awakening 	['opensource', 'community', 'fav-bookfan2022', 'fav-cry5', 'fav-discotysk', 'fav-firstcaucasoid', 'fav-kether_hassan', 'fav-m_nica_pinhal', 'fav-mandlabthlz', 'fav-mjeffs1963', 'fav-mlovew']
/works/OL65430W	The Awakening	Kate Chopin	"title:""The Awakening"" AND mediatype:texts"	768	turkeyawakeningo00efkn	Turkey : the awakening of Turkey, the Turkish revolution of 1908	E. F Knight			J. B. Millet	['Eastern question (Balkan)', 'Turkey History 1878-1909', 'Turkey Politics and government 1878-1909.']		['statelibrarypennsylvania', 'americana', 'fav-florionkerpi', 'fav-lum_harxhi']
/works/OL65430W	The Awakening	Kate Chopin	"title:""The Awakening"" AND mediatype:texts"	768	indiaawakeninggi0000unse_a6e6	India: the awakening giant		1957-01-01T00:00:00Z	1957.0				['internetarchivebooks', 'inlibrary', 'printdisabled']
/works/OL65430W	The Awakening	Kate Chopin	"title:""The Awakening"" AND mediatype:texts"	768	in.ernet.dli.2015.514376	The Awakening Of Turkey	Knight, E. F.	1909-01-01T00:00:00Z	1909.0		C-DAK	Book Source: Digital Library of India Item 2015.514376 dc.contributor.author: Knight, E. F. dc.date.accessioned: 2015-09-30T13:14:36Z dc.date.available: 2015-09-30T13:14:36Z dc.date.digitalpublicationdate: 2009/11/12 dc.date.citation: 1909 dc.identifier.barcode: 04990010021908 dc.identifier.origpath: /data8/upload/0219/190 dc.identifier.copyno: 1 dc.identifier.uri: http://www.new.dli.ernet.in/handle/2015/514376 dc.description.scannerno: RMIC_02 dc.description.scanningcentre: C-DAK, Kolkata dc.description.main: 1 dc.description.tagged: 0 dc.description.totalpages: 410 dc.format.mimetype: application/pdf dc.language.iso: Sanskrit dc.publisher.digitalrepublisher: Digital Library Of India dc.publisher: John Milne, London dc.rights: In Public Domain dc.source.library: Ramkrishna Mission Institute Of Culture, Golpark dc.subject.classification: History dc.subject.classification: Turkey-history-revolution dc.subject.keywords: Awakening dc.subject.keywords: Turkey dc.subject.keywords: Ottoman power dc.subject.keywords: Turkish Revolution dc.subject.keywords: Turkish history dc.title: The Awakening Of Turkey dc.type: Print - Paper dc.type: Book	['digitallibraryindia', 'JaiGyan']
/works/OL65430W	The Awakening	Kate Chopin	"title:""The Awakening"" AND mediatype:texts"	768	awakening00wayn	The awakening	Wayne, Kyra Petrovskaya	1972-01-01T00:00:00Z	1972.0	New York, Grosset & Dunlap		Recounts the experiences of an aspiring young actress growing up in Leningrad in the 1930's	['internetarchivebooks', 'printdisabled', 'inlibrary', 'fav-allosaur', 'fav-amwe', 'fav-cindy_chang811', 'fav-martinxo', 'fav-racergirl76']
/works/OL65430W	The Awakening	Kate Chopin	"title:""The Awakening"" AND mediatype:texts"	768	awakeningofmusli0000cesa	The awakening of Muslim Democracy : Religion, modernity, and the state	Cesari, Jocelyne	2014-01-01T00:00:00Z	2014.0	Cambridge ; New York : Cambridge University Press	['Islam and politics -- Middle East -- History -- 20th century', 'Islam and state -- Middle East -- History -- 20th century', 'Democratization -- Middle East -- History -- 20th century', 'Arab Spring, 2010-', 'POLITICAL SCIENCE / Government / International', 'Middle East -- Politics and government -- 1945-']	"['xvi, 423 pages ; 24 cm', '""Why and how did Islam become such a political force in so many Muslim-majority countries? In this book, Jocelyne Cesari investigates the relationship between modernization, politics, and Islam in Muslim-majority countries such as Egypt, Iraq, Pakistan, Tunisia, and Turkey - countries that were founded by secular rulers and have since undergone secularized politics. Cesari argues that nation-building processes in these states have not created liberal democracies in the Western mold, but have instead spurred the politicization of Islam by turning it into a modern national ideology. Looking closely at examples of Islamic dominance in political modernization - for example, nationalization of Islamic institutions and personnel under state ministries; reliance on Islamic references in political discourse, religiously motivated social unrest, or violence; and internationalization of Islam-aligned political movements or conflicts - this study provides a unique overview of the historical and political developments from the end of World War II to the Arab Spring that have made Islam the dominant force in the construction of the modern states, and discusses Islam\'s impact on emerging democracies in the contemporary Middle East""--', 'Includes bibliographical references and index', 'Modernization and politicization of religion -- Nation-state building and the inclusion of Muslim polities within the Westphalian order -- Islam in the Constitution -- Nationalization of Islamic institutions and clerics -- Islam in the legal system -- Teaching Islam in public schools -- Political opposition through Islamic institutions -- Ideological strength of Islamist opposition -- From martyrs to rulers -- The rise of unsecular democracies: the conundrum of religious freedom in Muslim democracies -- The way forward: the role of Islam in democratization -- Appendixes: I. Religious violence index -- II. Egyptian constitution, ratified on December 26, 2012. Suspended on July 3, 2013']"	['internetarchivebooks', 'printdisabled', 'fav-kashaf710']
/works/OL65430W	The Awakening	Kate Chopin	"title:""The Awakening"" AND mediatype:texts"	768	magelord00thom_0	Magelord : the awakening	Martin, Thomas K	1997-01-01T00:00:00Z	1997.0	New York : Berkley Pub. Group	Fantasy	"""Ace books."""	['internetarchivebooks', 'printdisabled', 'inlibrary', 'fav-bobleonard', 'fav-james_booker', 'fav-krylias88', 'fav-steve_white182']
/works/OL65430W	The Awakening	Kate Chopin	"title:""The Awakening"" AND mediatype:texts"	768	awakening0000kate	The awakening	Chopin, Kate, 1850-1904	1964-01-01T00:00:00Z	1964.0	New York, Capricorn Books		xiv, 303 p. 19 cm	['internetarchivebooks', 'printdisabled', 'fav-agent-lisa', 'fav-agista_sufi']
/works/OL65430W	The Awakening	Kate Chopin	"title:""The Awakening"" AND mediatype:texts"	768	dreamawakening0000thom	The dream and the awakening	T'homi, Abraham, 1903-	1977-01-01T00:00:00Z	1977.0	Sydney, Australia : Gareth Powell Associates	"[""T'homi, Abraham, 1903-"", 'Jews -- Ukraine -- Odesa -- Biography', 'Jews', 'Soviet Union -- History -- 20th centure -- Biography', 'Soviet Union', 'Ukraine -- Odesa']"	['159 pages ; 23 cm', 'The first day -- The bourgeois -- My first arrest -- In the city of death -- The spoon -- Avvakum -- Underground railway -- Piotr Bayev -- Reunion at Naryan-Mar -- The wolves -- The awakening']	['internetarchivebooks', 'inlibrary', 'printdisabled']
/works/OL65430W	The Awakening	Kate Chopin	"title:""The Awakening"" AND mediatype:texts"	768	transformersarma00donk	Transformers Armada : the awakening	Donkin, Andrew	2003-01-01T00:00:00Z	2003.0	New York : DK Pub.	['Science fiction', 'Adventure stories']	Three children find a spaceship deep inside a cave and unwittingly revive an ancient conflict between the heroic Autobots and the evil Decepticons, each fighting for control of the universe	['internetarchivebooks', 'printdisabled', 'inlibrary', 'fav-bookaholicholly', 'fav-mankam', 'fav-milo_j788', 'fav-oscar_ramos492', 'fav-shawn_sheppard', 'fav-zenith_99']
/works/OL65430W	The Awakening	Kate Chopin	"title:""The Awakening"" AND mediatype:texts"	768	awakeningofpocca00kellrich	The awakening of Poccalito : a tale of Telegraph Hill, and other tales	Kellogg, Eugenia	1903-01-01T00:00:00Z	1903.0	San Francisco, Calif. : The Unknown Publisher	San Francisco (Calif.) -- Fiction	"['130 p. : 18 cm', ""The awakening of Poccalito.--A Mexican holiday.--Chief Skowl's revenge.--A heroine of diplomacy.--A Sleuth of stow-aways.--The story of a curse""]"	['cdl', 'americana', 'fav-zbenhalim']
/works/OL65430W	The Awakening	Kate Chopin	"title:""The Awakening"" AND mediatype:texts"	768	awakeningofsouth0000unse_x0m9	the awakening of southern italy		1962-01-01T00:00:00Z	1962.0				['internetarchivebooks', 'printdisabled', 'inlibrary']
/works/OL65430W	The Awakening	Kate Chopin	"title:""The Awakening"" AND mediatype:texts"	768	awakeningdesert00birggoog	The Awakening of the Desert	Julius Charles Birge	1912-01-01T00:00:00Z	1912.0	R. G. Badger	['desert', 'awakening', 'mormon', 'indians', 'indian', 'camp', 'wagon', 'train', 'concerning', 'salt lake', 'red cloud', 'young men', 'sage brush', 'camp fire', 'boarding house', 'peace pipe', 'lake city', 'house train', 'brigham young']	Book digitized by Google from the library of the University of Michigan and uploaded to the Internet Archive by user tpb.	['americana']
/works/OL65430W	The Awakening	Kate Chopin	"title:""The Awakening"" AND mediatype:texts"	768	awakeninggiantmi0000foth	The awakening giant : the miraculous story of the Full Gospel Business Men's Fellowship International	Fotherby, Val	2000-01-01T00:00:00Z	2000.0	London : Marshall Pickering	"[""Full Gospel Business Men's Fellowship International"", 'Pentecostalism', 'Evangelistic work']"	['xv, 199 pages ; 18 cm', 'Includes bibliographical references']	['internetarchivebooks', 'printdisabled', 'inlibrary', 'fav-kak45']
/works/OL65430W	The Awakening	Kate Chopin	"title:""The Awakening"" AND mediatype:texts"	768	visionandvoiceaw0000phil	A vision and a voice : the awakening of to-day	Philip, Robert G	1913-01-01T00:00:00Z	1913.0	London : Robert Scott	Christian life	['vii, 287 pages ; 21 cm', 'Includes bibliographical references and index']	['claremont_school_of_theology', 'internetarchivebooks']
/works/OL65430W	The Awakening	Kate Chopin	"title:""The Awakening"" AND mediatype:texts"	768	insideoutmentalt0000kbra	inside out mental touchstones for the awakening spirit	k. bradford brown	1988-01-01T00:00:00Z	1988.0	lifetime press			['internetarchivebooks', 'inlibrary', 'printdisabled']
/works/OL65430W	The Awakening	Kate Chopin	"title:""The Awakening"" AND mediatype:texts"	768	ironmarch-the-awakening-of-a-national-socialist_202505	The Awakening Of A National Socialist	Ironmarch	2025-05-10T00:00:00Z	2025.0		['Nationalist', 'Nationalism', 'White Nationalist', 'White Nationalism', 'WN', 'Fascist', 'Fascism', 'Fascists', 'Patriotism', 'Right-Wing', 'White Lives Matter', 'Pro-Hitler', 'Northwest Front', 'Odinism', 'White Lives Matter More', 'Nordfront', 'Atomwaffen Division', 'Rudolf Hess', 'Antipodean Resistance', 'William Luther Pierce', 'wlm', 'Blackshirt', 'Wolfnacht', 'Great Replacement', 'Afrikaner Resistance Movement', 'Sun Cross', 'The Great Replacement', 'National Socialism', 'Nordic Resistance Movement', 'SS Waffen', 'Harold Covington', 'odin', 'White Rex', 'George Lincoln Rockwell', 'Freya', 'NatSoc', 'Combat 18', 'Anti-Marxism', 'Casapound Italia', 'Anti-Marxist', 'Colin Flaherty', 'BDM', 'White Woman', 'James Allsup', 'Proud Boys', 'Frey', 'Michael Wittmann', 'David Duke', 'Amon Goeth', 'Hakenkreuz', 'James Mason', 'Identity Europa', 'National Socialist', 'Anti-Black', 'Paul Joseph Watson', 'Tyr', 'Hagal', 'Der Dritte Weg', 'Pro-White', 'Thor', 'Landser', 'Anti-Communism', 'National Youth Front', 'National Socialist Movement', 'Wehrmacht', 'ONR Poland', 'Leon Degrelle', 'National Action', 'Anti-Zionist', 'Erda', 'Zyklon Don', 'WLM', 'Murdoch Chan', 'The Golden One', 'Kyle Rittenhouse', 'Hyperborea', 'Aryans', 'Goyim Goddess', 'Natt Danelaw', 'aryan', 'Brenton Tarrant', 'David Lane', 'Matt Walsh', 'Alt-Right', 'Arrow Cross', 'Varg Vikernes', 'Pro-Tradition', 'Moon Man', 'HJ', 'Steven Crowder', '1488', 'White Man', 'SS', 'Adolf Eichmann', 'Anti-Gay', 'moonman', 'Anti-Antifa', 'White Race', 'Devon Stack', 'BNS', 'Valhalla', 'Blackshirts', 'Lucca Traini', 'Far-Right', '2020 Riots', 'Odin', 'Brandon Russell', 'Aryanism', 'Murdoch Murdoch', 'Pro-Axis', 'Waffen', 'Pro-Nationalist', 'NSM', 'Matt Hale', 'White Might', 'Loki', 'Joseph Tommasi', 'Atomwaffen', 'Wotan', 'Right-Winge', 'Jared Taylor', 'Anders Brevik', 'Joseph Goebbels', 'White Genocide', 'White Power', 'Format 18', 'Kai Murros', 'Pro-Freedom', 'Anti-Zionism', 'Heinrich Himmler', 'Moonman', 'White Pride', 'Based and Redpilled', 'Waffen SS', 'Asgard', 'White Girl', 'Joseph Mengele', 'Baldur', 'James Fields', 'Based', 'ONR', 'Mark Dice', 'Mr. Bond', 'Wotanism', 'Skydas', 'White People', 'Pro-Fascist', 'Alexander Slavros', 'George Floyd Riots', 'National Socialist Network', 'Aryan', 'Odal']	o/	['fringe', 'deemphasize', 'fav-2yt4u_1488', 'fav-_wehrwolfworldwide_']
/works/OL65430W	The Awakening	Kate Chopin	"title:""The Awakening"" AND mediatype:texts"	768	isbn_9781166318277	The Awakening Of Italy And The Crisis Of Rome (1866)	James Aitken Wylie	2010-09-10T00:00:00Z	2010.0	Kessinger Publishing, LLC			['internetarchivebooks', 'printdisabled', 'fav-stagirita']
/works/OL65430W	The Awakening	Kate Chopin	"title:""The Awakening"" AND mediatype:texts"	768	awakeningofsouth0000carl	The awakening of Southern Italy	Carlyle, Margaret	1962-01-01T00:00:00Z	1962.0	London, New York, Oxford University Press	['Italy, Southern -- Economic conditions', 'Italy, Southern -- Social conditions']	147 p. 23 cm	['trent_university', 'internetarchivebooks', 'printdisabled', 'inlibrary']
/works/OL65430W	The Awakening	Kate Chopin	"title:""The Awakening"" AND mediatype:texts"	768	awakeningofafrik0000vanj	The awakening of Afrikaner nationalism, 1868-1881	Van Jaarsveld, Floris Albertus, 1922-1995	1961-01-01T00:00:00Z	1961.0	Cape Town : Human & Rousseau	['Nationalism -- South Africa', 'South Africa -- Politics and government -- 1836-1909']	['258 pages ; 22 cm', 'Translation of Die ontwaking van die Afrikaanse nasionale bewusuyn', 'Includes bibliographical references']	['internetarchivebooks', 'printdisabled', 'inlibrary']
/works/OL65430W	The Awakening	Kate Chopin	"title:""The Awakening"" AND mediatype:texts"	768	PDFLightDarkTheAwakeningOfTheMageknight_201509	PDF Light & Dark The Awakening Of The Mageknight	D. M. Fife	2012-07-07T00:00:00Z	2012.0		['Fantasy', 'dragon', 'action', 'adventure', 'young adult', 'elf', 'dwarf', 'knight', 'magic', 'wizard', 'coming of age', 'school', 'drama', 'fiction', 'squire', 'sword', 'armor']	Danny Firoth is a middle school student in the 8th grade, struggling with the common stressors plaguing a boy of his age: bullies, homework and his mother. Sabrina Drake, the new girl, is beautiful but she harbors a fantastic secret. “You’re… You’re a dragon!” Danny exclaims at the beginning of their epic journey. “I am a drake,” Sabrina corrects him, after a fierce battle with an ancient Shadow. Danny learns that a simple card game, designed to pit the forces of the Light against those of the Dark, is more than simply a game. Accepted into a school for young Squires, destined to become Knights of the Light and battle the forces of the Dark with magical weapons called Bondeds, Danny and his friends are trained in the techniques of blade work and educated by a colorful assortment of professors. But there is a traitor in the Order of Light, and now Danny and his friends must use their new powers to try and save themselves and each other.	['opensource', 'community', 'fav-ennis_bird', 'fav-jp771']
/works/OL65430W	The Awakening	Kate Chopin	"title:""The Awakening"" AND mediatype:texts"	768	Unreal_II_The_Awakening_Prima_Official_eGuide	Unreal II The Awakening Prima Official eGuide					['izanagi', 'drakk', 'chapter', 'weapons', 'mission', 'skaarj', 'guide', 'enemies', 'official', 'ammo', 'strategy guide', 'official strategy', 'plasma field', 'auto turret', 'sniper rifle', 'control room', 'light araknids', 'field generators', 'primary fire', 'medium drakk']	Unreal II The Awakening Prima Official eGuide	['strategyguides', 'folkscanomy_games', 'folkscanomy', 'fav-brandex', 'fav-christian_bethel', 'fav-ddrorg', 'fav-dr_matthew', 'fav-grim_reaper441', 'fav-lordpinoy', 'fav-lunaticfringe74', 'fav-popwu', 'fav-snake2040', 'fav-thestormkeeper', 'fav-zekier']
/works/OL65430W	The Awakening	Kate Chopin	"title:""The Awakening"" AND mediatype:texts"	768	office-of-film-and-literature-classification_201873	Hidden Beauties The Awakening	Office of Film and Literature Classification	2003-01-10T00:00:00Z	2003.0		['New Zealand', 'censorship']	This is a New Zealand classification of Hidden Beauties The Awakening . Title Hidden Beauties The Awakening Other known titles Hidden Beauties Publication number 201873 Application number 20100863 Medium Video Recording VHS/PAL Current decision R18 Objectionable except if the availability of the publication is restricted to persons who have attained the age of 18 years. Descriptive note Sex scenes Associated documents 24331_18_4_30912.pdf (Register Page) Registration date 2003-01-10 Language English Country United States Related publications 201874 Classification body Office of Film and Literature Classification (1994–) Submission channel Section 12(1) - Labelling Body Running time At submission: 81:13 At classification: 81:13	['new-zealand-censorship', 'government-documents']
/works/OL65430W	The Awakening	Kate Chopin	"title:""The Awakening"" AND mediatype:texts"	768	awakening0000lemk	The awakening	Lemke, Donald B	2012-01-01T00:00:00Z	2012.0	Mankato, Minn. : Stone Arch Books	['Supernatural -- Comic books, strips, etc', 'Good and evil -- Comic books, strips, etc', 'Graphic novels', 'Supernatural -- Fiction', 'Good and evil -- Fiction', 'Stories without words', 'Cartoons and comics', 'Supernatural graphic novels', 'Good and evil', 'Supernatural', 'Tokyo (Japan) -- History -- 20th century -- Comic books, strips, etc', 'Japan -- History -- 1945-1989 -- Comic books, strips, etc', 'Toyko -- History -- 20th century -- Fiction', 'Japan -- History -- 1945-1989 -- Fiction', 'Japan', 'Japan -- Tokyo']	"['1 volume (unpaged) : 20 cm', '""On April 4, 1984, at 4:44 pm, Yoshiro Tanaka steps off a subway in downtown Tokyo, Japan. At exactly the same time, a terrible, blood-thirsty creature sleeps beneath the city streets. This story is the moment their worlds collide""--Page 4 of cover', '008-012', 'RL: 1.5', 'GRL: M']"	['internetarchivebooks', 'printdisabled', 'inlibrary', 'fav-alex_p363', 'fav-bookaholicholly', 'openlibrary-sd-ol']
/works/OL65430W	The Awakening	Kate Chopin	"title:""The Awakening"" AND mediatype:texts"	768	ims0721-theawakening	THE AWAKENING	None			None		Category: இந்து மதாபிமான சங்கம்	['opensource']
/works/OL65430W	The Awakening	Kate Chopin	"title:""The Awakening"" AND mediatype:texts"	768	awakeningofnursi0000coon	The awakening of the nursing home industry	Cooney, Cyprian Jerome	1986-01-01T00:00:00Z	1986.0	Springfield, Ill., U.S.A. : Thomas	['Nursing homes -- United States', 'Nursing homes -- United States -- Administration', 'Nursing home care -- Moral and ethical aspects -- United States', 'Nursing Homes -- orgainzation & administration -- United States', 'Nursing Homes -- trends -- United States']	xi, 125 p. ; 27 cm	['internetarchivebooks', 'printdisabled', 'inlibrary']
/works/OL65430W	The Awakening	Kate Chopin	"title:""The Awakening"" AND mediatype:texts"	768	awakeningorient00spee	The Awakening Orient.	"['Speer, Robert E. (Robert Elliott), 1867-1947', ""Laymen's Missionary Movement of the United States and Canada""]"	1907-01-01T00:00:00Z	1907.0	New York : Laymen's Missionary Movement	['Christianity', 'Missions']	Title from cover	['columbiamrlpamphlets', 'ColumbiaUniversityLibraries', 'americana']
/works/OL65430W	The Awakening	Kate Chopin	"title:""The Awakening"" AND mediatype:texts"	768	awakeningspring01zieggoog	The Awakening of Spring: A Tragedy of Childhood	Frank Wedekind , Francis Joseph Ziegler	1910-01-01T00:00:00Z	1910.0	Brown Brothers	['awakening', 'fbau', 'masked', 'von', 'melchior', 'wendla', 'herr', 'wedekind', 'moritz', 'hans', 'von keith', 'public domain', 'google book', 'three weeks', 'renter stiefevs', 'proem foe', 'masked man', 'guilty pupil', 'fourteen years', 'dear parents']	Book digitized by Google from the library of Harvard University and uploaded to the Internet Archive by user tpb.	['americana', 'fav-asterrisk', 'fav-rdeanne']
/works/OL65430W	The Awakening	Kate Chopin	"title:""The Awakening"" AND mediatype:texts"	768	awakeningofchin00mart	The awakening of China	Martin, W. A. P. (William Alexander Parsons), 1827-1916	1907-01-01T00:00:00Z	1907.0	London : Hodder & Stoughton	Eastern question (Far East)	328 p. 27 cm	['ubclibrary', 'toronto']
/works/OL65430W	The Awakening	Kate Chopin	"title:""The Awakening"" AND mediatype:texts"	768	awakeningofengl00gree	The awakening of England	Green, F. E. (Frederick Ernest), 1867-1922	1912-01-01T00:00:00Z	1912.0	London [England] : T. Nelson	Agriculture	52	['robarts', 'toronto', 'university_of_toronto']
/works/OL65430W	The Awakening	Kate Chopin	"title:""The Awakening"" AND mediatype:texts"	768	awakeningofjapan0000okak	the awakening of japan	okakura-kakuzo	1904-01-01T00:00:00Z	1904.0	the century co.			['internetarchivebooks', 'fav-gigio_nostrano', 'fav-jahanzeb_shah']
/works/OL65430W	The Awakening	Kate Chopin	"title:""The Awakening"" AND mediatype:texts"	768	awakeningworld0000unse	the awakening world		1967-01-01T00:00:00Z	1967.0				['internetarchivebooks', 'printdisabled', 'inlibrary']
/works/OL65430W	The Awakening	Kate Chopin	"title:""The Awakening"" AND mediatype:texts"	768	awakening00carr	The awakening	Michael Owen Carroll	2007-01-01T00:00:00Z	2007.0	Philomel Books	['Heroes -- Fiction', 'Adventure and adventurers -- Fiction', 'Science fiction']		['internetarchivebooks', 'printdisabled', 'fav-fantasyking2', 'fav-hedreamsthenight', 'fav-wfrst333']
/works/OL65430W	The Awakening	Kate Chopin	"title:""The Awakening"" AND mediatype:texts"	768	awakeningcontinu0000robe	The Awakening and the Continuum: A Manual of Life Concerning the Exposure of All Materialism, Enigmas and Mysteries	Robert Jay	2013-06-06T00:00:00Z	2013.0	XLIBRIS			['internetarchivebooks', 'printdisabled', 'fav-scentart']
/works/OL65430W	The Awakening	Kate Chopin	"title:""The Awakening"" AND mediatype:texts"	768	chinascenturyawa0000unse	China's century : the awakening of the next economic powerhouse		2001-01-01T00:00:00Z	2001.0	Singapore ; New York : Wiley	['Twenty-first century -- Forecasts', 'China -- Forecasting']	['xvii, 421 p. : 24 cm', 'Includes bibliographical references and index']	['internetarchivebooks', 'printdisabled', 'binghamton-ol', 'gwulibraries-ol', 'johnshopkins-ol', 'rochester-ol', 'the-claremont-colleges-ol', 'universityofarizona-ol', 'universityofcoloradoboulder-ol', 'universityofoklahoma-ol']
/works/OL65430W	The Awakening	Kate Chopin	"title:""The Awakening"" AND mediatype:texts"	768	awakening00gibs	The awakening	Marley Gibson	2009-01-01T00:00:00Z	2009.0	Houghton Mifflin Harcourt	['Psychic ability -- Fiction', 'Ghosts -- Fiction', 'Moving, Household -- Fiction', 'Georgia -- Fiction']		['internetarchivebooks', 'printdisabled', 'delawarecountydistrictlibrary-ol', 'denverpubliclibrary-ol', 'hamiltonpubliclibrary-ol']
/works/OL65430W	The Awakening	Kate Chopin	"title:""The Awakening"" AND mediatype:texts"	768	awakeningcourses0000vita_p1f9	The awakening course : the secret to solving all problems	Vitale, Joe	2011-01-01T00:00:00Z	2011.0	Hoboken, N.J. : Wiley ; Chichester : John Wiley [distributor]	Success	['1 v', 'Originally published: 2010']	['internetarchivebooks', 'printdisabled', 'fav-dawnisley1', 'fav-iv99', 'fav-mizmary7', 'fav-mjeffs1963', 'fav-my_choco_subs']
/works/OL65430W	The Awakening	Kate Chopin	"title:""The Awakening"" AND mediatype:texts"	768	the-awakening-truth-24-7-2021-04-18.7z	Telegram - The Awakening Truth 24 7 - 2021 04 18		2021-04-18T00:00:00Z	2021.0		['telegram', 'the awakening', 'q', 'qanon', 'fringe', 'conspiracy', 'adrenochrome']	Telegram - The Awakening Truth 24 7 - 2021 04 18	['opensource_media', 'community', 'fav-jane_orrick', 'fav-kayceelynn']
/works/OL65430W	The Awakening	Kate Chopin	"title:""The Awakening"" AND mediatype:texts"	768	sunyatsenawakeni00cantiala	Sun Yat Sen and the awakening of China	['Cantlie, James', 'Jones, Charles Sheridan, 1876-']	1912-01-01T00:00:00Z	1912.0	New York, Chicago [etc.] : Fleming H. Revell Company	['Sun, Yat-sen, 1866-1925', 'China -- History Revolution, 1911-1912']	252 p. 21 cm	['cdl', 'americana', 'fav-doons66', 'fav-laodou1987', 'fav-liito']
/works/OL65430W	The Awakening	Kate Chopin	"title:""The Awakening"" AND mediatype:texts"	768	bim_eighteenth-century_experience-of-mr-r-cr_cruttenden-r-robert_1790	[Experience of Mr. R. Cruttenden]. Sovereign efficacious grace! Display'd in the awakening and converting a rational, learned aged sinner. Exemplified in The experience of Robert Cruttenden, Esq, as delivered by himself ... Published, prefaced and recommended by the late Rev. George Whitefield, 1744. ... To which is prefixed a letter from Mr. Cruttenden ... Also several psalms, hymns, &c. composed by him. ... 1790	Cruttenden, R. Robert	1790-01-01T00:00:00Z	1790.0		['Language & Literature', 'Literary And Political Reviews', 'General Interest Periodicals--United Kingdom', 'Law', 'Philosophy & Religion', 'Fine & Performing Arts', 'Social Sciences', 'History', 'History--History of North And South America', 'Books', 'microfilm']	[Experience of Mr. R. Cruttenden]. Sovereign efficacious grace! Display'd in the awakening and converting a rational, learned aged sinner. Exemplified in The experience of Robert Cruttenden, Esq, as delivered by himself ... Published, prefaced and recommended by the late Rev. George Whitefield, 1744. ... To which is prefixed a letter from Mr. Cruttenden ... Also several psalms, hymns, &c. composed by him. ... 1790.. Digitized from IA40313605-04 . Previous issue: bim_eighteenth-century_a-discourse-delivered-a_rodda-richard_1794 . Next issue: bim_eighteenth-century_the-influence-of-the-pas_gerard-alexander_1761 .	['pub_eighteenth-century', 'bim_microfilm', 'microfilm']
/works/OL65430W	The Awakening	Kate Chopin	"title:""The Awakening"" AND mediatype:texts"	768	awakeningofengla0000fegr	The Awakening of England	F. E. Green	1911-01-01T00:00:00Z	1911.0				['internetarchivebooks']
/works/OL65430W	The Awakening	Kate Chopin	"title:""The Awakening"" AND mediatype:texts"	768	immortalsawakeni00nash	Immortals: the awakening	['Nash, Joy', 'Copyright Paperback Collection (Library of Congress) DLC']	2007-01-01T00:00:00Z	2007.0	New York : Love Spell.	['Man-woman relationships', 'Soldiers', 'Witches', 'Magic', 'Immortality']		['internetarchivebooks', 'inlibrary', 'printdisabled', 'fav-clarelin', 'openlibrary-d-ol']
/works/OL65430W	The Awakening	Kate Chopin	"title:""The Awakening"" AND mediatype:texts"	768	a5_7634_vol_77_1915_pg_14_15	The Awakening, 1915	Puck	1915-01-01T00:00:00Z	1915.0		DCC	View catalog record:  https://i-share-nby.primo.exlibrisgroup.com/permalink/01CARLI_NBY/i5mcb2/alma996252358805867	['newberrymisc', 'newberry']
/works/OL65430W	The Awakening	Kate Chopin	"title:""The Awakening"" AND mediatype:texts"	768	TheAwakening1901	The Awakening	['Cunningham, Francis A. (Francis Aloysius), 1862-1935', 'Marlier and Company. pbl']	1901-01-01T00:00:00Z	1901.0	Boston : Marlier and Company	['Catholics -- United States -- Social life and customs -- Fiction', 'Catholic Church -- United States -- Clergy -- Fiction', 'Catholic Church -- United States -- Customs and practices -- Fiction', 'Catholic Church', 'Catholics', 'Buddhism', 'Clergy', 'Religious life']	['Digitized by Google.', 'Description based on print version record']	['folkscanomy_miscellaneous', 'folkscanomy', 'fav-gallaghermichelle66']
/works/OL65430W	The Awakening	Kate Chopin	"title:""The Awakening"" AND mediatype:texts"	768	TheAwakeningConsciencefinalforprint_201612	The Awakening Conscience by Alex Brew	Alex Brew				['austerity', 'cuts', 'poverty']	Some Strivers may see this text as an attack upon themselves. But they should consider that I was in their number for many years. I started my adult life as a professional PR working with the mainstream media promoting medical research and technology amongst other things. This text is not meant to be a portrait of every Striver. Per-haps there are Strivers out there who do not think in the beastly way I set out to describe here. But, some may recog-nise themselves and I hope that if they do they might miracu-lously face themselves and find the path to re-join humanity. This is urgent because the Striver mentality (which this Tory government named but did not create and which can be found among many left-wingers and ‘radicals’ too) is pre-venting us from seeing how all our human rights, freedoms and living standards are being eroded – whether we are Striv-ers or Skivers.	['opensource', 'community']
/works/OL65430W	The Awakening	Kate Chopin	"title:""The Awakening"" AND mediatype:texts"	768	TheAwakeningOfFaithInTheMahayanaDTSuzuki	The Awakening Of Faith In The Mahayana ( DT Suzuki)					['Mahayana', 'DT Suzuki', 'Awakening of Faith', 'Asvagosha']	Awakening of Faith in Mahayana sourced from http://www.sacred-texts.com/bud/taf/index.htm	['opensource', 'community', 'fav-nraja', 'fav-will_smithies']
/works/OL65430W	The Awakening	Kate Chopin	"title:""The Awakening"" AND mediatype:texts"	768	the-awakening-of-latin-america	The Awakening Of Latin America: A Classic Anthology Of Che Guevara's Writing On Latin America	Ernesto Che Guevara	2013-01-01T00:00:00Z	2013.0		['che guevara', 'latin america', 'anthology', 'argentine', 'revolutionary', 'cultural depth', 'intellect', 'emotional engagement', 'journalism', 'essays', 'speeches', 'letters', 'poetry', 'guerrilla', 'bolivia']	The name Che Guevara is synonymous with Latin America. This classic anthology on Latin America shows the Argentine-born revolutionary s cultural depth, rigorous intellect and intense emotional engagement with a continent and its people.Selected from his family s personal archives, this book offers the best of Che s examples of his journalism, essays, speeches, letters and even his poetry, revealing the evolution of an extraordinary mind from that of an impressionable young medical student to the heroic guerrilla, brutally assassinated in Bolivia.This anthology of Che Guevara's writing on Latin America is destined to become an instant classic comparable to Eduardo Galeano's Open Veins of Latin America .I consider my country to be not only Argentina but the entire Americas.	['opensource', 'fav-haight1968']
/works/OL65430W	The Awakening	Kate Chopin	"title:""The Awakening"" AND mediatype:texts"	768	awakeningofeurop0000syng	The Awakening of Europe (Yesterday's Classics)	Synge, M. B.	2006-01-01T00:00:00Z	2006.0	Yesterday's Classics			['internetarchivebooks', 'printdisabled', 'fav-acoll', 'fav-emutsa', 'fav-hansky_0880', 'fav-jennifer_menniti', 'fav-sallyssd6162']
/works/OL65430W	The Awakening	Kate Chopin	"title:""The Awakening"" AND mediatype:texts"	768	awakeningofsovie0000hosk	The awakening of the Soviet Union	Hosking, Geoffrey, 1942-	1991-01-01T00:00:00Z	1991.0	London : Mandarin	['Social problems -- Soviet Union', 'Social change -- Soviet Union -- Historical aspects', 'Social problems', 'Soviet Union', 'Political structure and processes', '20th century history from c 1914']	['ix, 245 pages ; 20 cm', 'Previous edition: London: Heinemann, 1990', 'Includes index', 'Includes bibliographical references and index']	['internetarchivebooks', 'printdisabled', 'inlibrary', 'fav-12xie', 'fav-fairoozadams', 'fav-flibdy']
/works/OL65430W	The Awakening	Kate Chopin	"title:""The Awakening"" AND mediatype:texts"	768	awakeningofsovie00hosk	The awakening of the Soviet Union	Hosking, Geoffrey A	1990-01-01T00:00:00Z	1990.0	Cambridge, Mass. : Harvard University Press	Perestroika	Includes bibliographical references (p. 163-176)	['internetarchivebooks', 'printdisabled', 'inlibrary', 'fav-bahadir_koc', 'fav-velak1989', 'americanuniversity-ol', 'barryuniversity-ol', 'belmont-ol', 'binghamton-ol', 'cua-ol', 'dartmouthlibrary-ol', 'georgetown-university-law-library-ol', 'gwulibraries-ol', 'ithacacollege-ol', 'johnshopkins-ol', 'kalamazoocollege-ol', 'occidentalcollegelibrary-ol', 'phillipsacademy-preview', 'rochester-ol', 'unb-ol', 'uni-ol', 'universityofarizona-ol', 'universityofcoloradoboulder-ol', 'wilsoncollege-ol', 'wrlc-ol']
/works/OL65430W	The Awakening	Kate Chopin	"title:""The Awakening"" AND mediatype:texts"	768	DTIC_AD1018512	DTIC AD1018512: Al Sahawa - The Awakening. Volume V: Al Anbar Province, Area of Operations Raleigh, Fallujah	Defense Technical Information Center	2016-08-01T00:00:00Z	2016.0		['DTIC Archive', 'Knarr,William M', 'INSTITUTE FOR DEFENSE ANALYSES ALEXANDRIA VA ALEXANDRIA', 'Iraq', 'lessons learned', 'IRAQIWAR', 'Military history', 'education', 'training']	The objective of the Anbar Awakening project was to create an unclassified resource for trainers and educators. It is presented in multimedia to accommodate different teaching and learning styles. The project presents the Awakening movement's phases from the development of the insurgency in 2003 to the Coalition's transfer of responsibility for Al Anbar to the Iraqis in 2008. In addition, it offers analysis and lessons, many of which are transferrable to current and future conflicts. Most popular narratives of the Anbar Awakening associate the beginning of the movement with a 14 September 2006 proclamation by Sheik Abdul Sattar Albu-Risha where he coined the term Al Sahawa. This project contends that there was a robust connection in terms of events and relationships from Fallujah in 2004 to Al Qaim in 2005 to the Hadithah-Hit Corridor in 2006, to Ramadi in 2006/2007 and back to Fallujah in 2007/2008; that connection was based on Iraqi culture and societal networks that Americans were not part of. This volume addresses events in The volume you are reading (Volume V) presents Coalition and Iraqi perspectives on events in Fallujah.	['dticarchive', 'usgovernmentmirrors', 'government-documents']
/works/OL65430W	The Awakening	Kate Chopin	"title:""The Awakening"" AND mediatype:texts"	768	sxfd-the-awakening-of-kundalini-gopi-krishna	The Awakening Of Kundalini Gopi Krishna	Gopi Krishna				PublicResource	'The Awakening of Kundalini - Gopi Krishna'	['opensource']
/works/OL65430W	The Awakening	Kate Chopin	"title:""The Awakening"" AND mediatype:texts"	768	isbn_9780075542698	The awakening, and selected stories	Chopin, Kate, 1850-1904	1981-01-01T00:00:00Z	1981.0	New York : Modern Library	['Women -- Louisiana -- Fiction', 'Louisiana -- Social life and customs -- Fiction']	"['lviii, 354 p. ; 19 cm', ""Love on the Bon-Dieu -- Beyond the bayou -- A visit to Avoyelles -- La belle Zorïade [i.e. Zoraïde] -- In Sabine -- Ozème's holiday -- A matter of prejudice -- At Chênière Caminada -- A respectable woman -- Regret -- Athénaïse -- A night in Acadie -- The awakening""]"	['internetarchivebooks', 'printdisabled', 'fav-agent-lisa', 'fav-jsingleton', 'fav-pikachu_07', 'openlibrary-d-ol']
/works/OL65430W	The Awakening	Kate Chopin	"title:""The Awakening"" AND mediatype:texts"	768	isbn_9781505351385	The Awakening	Kate Chopin	1899-01-01T00:00:00Z	1899.0				['internetarchivebooks', 'fav-carmen_ramos631', 'fav-jacque_m', 'fav-jag09m', 'fav-nathansr', 'fav-rzgh', 'fav-xodorito']
/works/OL65430W	The Awakening	Kate Chopin	"title:""The Awakening"" AND mediatype:texts"	768	awakeningrevival0000mons	The awakening : revival in China, a work of the Holy Spirit	Monsen, Marie	1961-01-01T00:00:00Z	1961.0	London : China Inland Mission, Overseas Missionary Fellowship	['Missions -- China', 'Revivals -- China -- History']	['128 p. ; 19 cm', 'On cover: Revival in China 1927-1937', 'Reprint. Originally published: Gry Forlag, 1959']	['graduatetheologicalunion', 'internetarchivebooks', 'inlibrary', 'printdisabled', 'americana', 'fav-asher4479', 'fav-wiarly']
/works/OL65430W	The Awakening	Kate Chopin	"title:""The Awakening"" AND mediatype:texts"	768	awakeningofintel00kris	The awakening of intelligence	Krishnamurti, J. (Jiddu), 1895-1986	1973-01-01T00:00:00Z	1973.0	New York, Harper & Row	['Philosophy', 'Intelligenz']	Transcripts of the author's conversations, talks, and discussions since 1967	['internetarchivebooks', 'printdisabled', 'inlibrary', 'fav-530anand', 'fav-adibro500', 'fav-amos_gitumbi', 'fav-amrit_magar392', 'fav-annamoonme', 'fav-arken3uk', 'fav-awais_sartaj721', 'fav-c_e_schlaepfer', 'fav-cc2999', 'fav-fashunh8r', 'fav-geo_hardy', 'fav-gloomrab', 'fav-harshun', 'fav-helen_s298', 'fav-lak1990', 'fav-laurafmartins', 'fav-learnbhagwadgeeta', 'fav-mnyf8', 'fav-nizamsalleh', 'fav-noirell', 'fav-priyanshu_jain814', 'fav-sanjog_mechu', 'fav-sloho', 'fav-tobes11', 'fav-wallflowerstudio', 'fav-yayan19']
/works/OL65430W	The Awakening	Kate Chopin	"title:""The Awakening"" AND mediatype:texts"	768	napoleonawakenin0000fmhm	Napoleon and the Awakening of Europe	F. M. H. Markham	1958-01-01T00:00:00Z	1958.0	The English Universities Press Ltd.			['internetarchivebooks', 'inlibrary', 'printdisabled', 'fav-charles_siegfried']
/works/OL65430W	The Awakening	Kate Chopin	"title:""The Awakening"" AND mediatype:texts"	768	diaryofteenageem0000fola	Diary of a teenage empath : the awakening	Folan, Jeannette, 1966-, author	2016-01-01T00:00:00Z	2016.0	Victoria, BC, Canada : Friesen Press		pages cm	['internetarchivebooks', 'printdisabled']
/works/OL65430W	The Awakening	Kate Chopin	"title:""The Awakening"" AND mediatype:texts"	768	wisdomatwork00letd	Wisdom at work : the awakening of consciousness in the workplace	['Davidson, Let', 'Paul Brunton Foundation']	1998-01-01T00:00:00Z	1998.0	Burdett, NY : Published for the Paul Brunton Philosophic Foundation by Larson Publications	['Mind, body, spirit: mysticism & self-awareness', 'Office & workplace', 'Personnel & human resources management', 'Business Life - Inspirational', 'Management - General', 'Business & Economics / Motivational', 'Business / Economics / Finance', 'Leadership', 'Psychology, Industrial', 'Religious aspects', 'Work']	Includes bibliographical references (pages 178-187)	['internetarchivebooks', 'inlibrary', 'printdisabled', 'fav-ataamaria69', 'fav-breeadams27', 'fav-edwin_eze', 'fav-idle_know', 'fav-lute13', 'fav-rnsreenathan', 'fav-terracemax', 'fav-zanetta_laqua']
/works/OL65430W	The Awakening	Kate Chopin	"title:""The Awakening"" AND mediatype:texts"	768	44TheAwakeningOfIntelligence	44 The Awakening Of Intelligence					Krishnamurty	J Krishnamurty	['opensource', 'community', 'fav-aeve', 'fav-anandhu_sasikumar', 'fav-anton_wendesten', 'fav-cclaudiogo', 'fav-craftycornerz', 'fav-e_fa', 'fav-haight1968', 'fav-ivasari', 'fav-keila100pre', 'fav-lucke133', 'fav-megvirgo0901', 'fav-oneninetyfivenationsrising', 'fav-patrick_jacobson', 'fav-qwamaine_robinson', 'fav-r-oladigbolu', 'fav-regalg', 'fav-santosh_chaganti', 'fav-trevorcparks']
/works/OL65430W	The Awakening	Kate Chopin	"title:""The Awakening"" AND mediatype:texts"	768	DTIC_ADA525326	DTIC ADA525326: Sandals on the Ground: Why the Awakening, not the Surge, was Decisive in Iraq	Defense Technical Information Center	2010-05-03T00:00:00Z	2010.0		['DTIC Archive', 'NAVAL WAR COLL NEWPORT RI JOINT MILITARY OPERATIONS DEPT', '*MILITARY FORCE LEVELS', '*SECTARIAN VIOLENCE', '*ETHNIC GROUPS', '*SECURITY', '*COUNTERINSURGENCY', '*IRAQI WAR', '*MILITARY FORCES(UNITED STATES)', 'AFGHANISTAN CONFLICT', 'INSURGENCY', 'PARAMILITARY FORCES', 'RELIGION', 'INSTABILITY', 'MILITARY FORCES(FOREIGN)', 'GOVERNMENT(FOREIGN)', 'LESSONS LEARNED']	The purpose of this paper is to determine whether or not it was the Awakening movement or the surge of troops that has proven to be the most decisive factor in the recent operational and strategic successes in Operation Iraqi Freedom. This is a relevant discussion because the lessons learned in how and why the violence in Iraq escalated and then subsided may also apply, in general terms, to the war in Afghanistan, where there has recently been a troop surge similar to the one in Iraq. The background of the paper focuses on identifying the critical aspects of the human dimension of the operational factor of space in Iraq that made it difficult for planners to predict and suppress the insurgency. These factors are the sectarian/religious divides, tribal affiliations, and the complex security elements that held Iraq together prior to the 2003 invasion. Next, the paper analyses the relative effectiveness of both the Awakening movement and the troop surge in restoring balance back to Iraqi society. The paper explains why the Awakening movement, not the surge, was decisive in bringing about stability in Iraq, and closes with recommendations on how these lessons may apply to the war in Afghanistan.	['dticarchive', 'usgovernmentmirrors', 'government-documents']
/works/OL65430W	The Awakening	Kate Chopin	"title:""The Awakening"" AND mediatype:texts"	768	the-awakening-of-a-national-socialist	The Awakening Of A National Socialist	Alexander Slavros				['ns', 'paths', 'warrior', 'scholar', 'adventurer', 'aryan', 'cosmic truth']	"Alexander Slavros - The Awakening of a National Socialist ""One does not become a National Socialist. One only discovers, sooner or later, that one has always been one — that, by nature, one could not possibly be anything else."""	['opensource', 'fav-mikegeorge69', 'fav-neowolf', 'fav-oneninetyfivenationsrising']
/works/OL65430W	The Awakening	Kate Chopin	"title:""The Awakening"" AND mediatype:texts"	768	isbn_9780973904246	A Warrior's Heart: The Awakening	L. Neil Thrussell	2012-05-13T00:00:00Z	2012.0	Best U Can B Inc.			['internetarchivebooks', 'printdisabled']
/works/OL65430W	The Awakening	Kate Chopin	"title:""The Awakening"" AND mediatype:texts"	768	jstor-25105655	The Awakening of China	Kawakami, K. K.	1906-10-05T00:00:00Z	1906.0	The North American Review		"""The Awakening of China"" is an article from The North American Review, Volume 183 . View more articles from The North American Review . View this article on JSTOR . View this article's JSTOR metadata . You may also retrieve all of this items metadata in JSON at the following URL: https://archive.org/metadata/jstor-25105655"	['jstor_nortamerrev', 'jstor_ejc', 'journals', 'fav-pebble0922']
