openlibrary_work_key	selection_title	selection_author	selection_year	query	ia_num_found	ia_identifier	ia_title	ia_creator	ia_date	ia_year	ia_mediatype	ia_language	ia_collection
/works/OL35353208W	The Great Gatsby	F Scott Fitzgerald	1925	"title:""The Great Gatsby"" AND creator:""F Scott Fitzgerald"""	115	greatgatsbyoneof0000unse	The Great Gatsby: One of the greatest novels of American Literature, a Masterpiece	F. Scott Fitzgerald	1925-01-01T00:00:00Z	1925.0	texts	eng	['internetarchivebooks']
/works/OL35353208W	The Great Gatsby	F Scott Fitzgerald	1925	"title:""The Great Gatsby"" AND creator:""F Scott Fitzgerald"""	115	greatgatsby0000fsco_k3x6	The Great Gatsby	F. Scott Fitzgerald	1953-01-01T00:00:00Z	1953.0	texts	eng	['internetarchivebooks', 'printdisabled', 'inlibrary']
/works/OL35353208W	The Great Gatsby	F Scott Fitzgerald	1925	"title:""The Great Gatsby"" AND creator:""F Scott Fitzgerald"""	115	bwb_Y0-CIP-400	the great gatsby	F. Scott Fitzgerald	1925-01-01T00:00:00Z	1925.0	texts	eng	['internetarchivebooks']
/works/OL35353208W	The Great Gatsby	F Scott Fitzgerald	1925	"title:""The Great Gatsby"" AND creator:""F Scott Fitzgerald"""	115	the-great-gatsby-pdf-pg-64317	The Great Gatsby PDF Pg 64317	F. Scott Fitzgerald	1925-01-01T00:00:00Z	1925.0	texts	eng	['opensource', 'community', 'fav-april_hjorth', 'fav-breckfisk5', 'fav-dorianloll', 'fav-fatiya', 'fav-haight1968', 'fav-iliakimia', 'fav-notelas', 'fav-nsnw', 'fav-osel_fossil', 'fav-pitchaya_m', 'fav-stephen_haynes486', 'fav-strawberry_momo']
/works/OL35353208W	The Great Gatsby	F Scott Fitzgerald	1925	"title:""The Great Gatsby"" AND creator:""F Scott Fitzgerald"""	115	the-great-gatsby_202104	The Great Gatsby	F. Scott Fitzgerald	1925-04-10T00:00:00Z	1925.0	texts	eng	['opensource', 'community', 'fav-nourah_gad-elsaied', 'fav-ramap']
/works/OL35353208W	The Great Gatsby	F Scott Fitzgerald	1925	"title:""The Great Gatsby"" AND creator:""F Scott Fitzgerald"""	115	greatgatsby0000fsco	the great gatsby	F. Scott Fitzgerald	1925-01-01T00:00:00Z	1925.0	texts	eng	['internetarchivebooks', 'fav-bab_osman', 'fav-gabriel_zimmerman177', 'fav-izalda_mc_lean', 'fav-jahanzeb_shah', 'fav-misterpopcereal', 'fav-nikol_vahratoglu', 'fav-winston_tarnas']
/works/OL35353208W	The Great Gatsby	F Scott Fitzgerald	1925	"title:""The Great Gatsby"" AND creator:""F Scott Fitzgerald"""	115	bwb_W9-ATV-179	The great gatsby	F. Scott Fitzgerald	1968-01-01T00:00:00Z	1968.0	texts	eng	['internetarchivebooks', 'printdisabled', 'inlibrary']
/works/OL35353208W	The Great Gatsby	F Scott Fitzgerald	1925	"title:""The Great Gatsby"" AND creator:""F Scott Fitzgerald"""	115	bwb_S0-EBY-971	the great gatsby	F. Scott Fitzgerald	1953-01-01T00:00:00Z	1953.0	texts		['internetarchivebooks', 'printdisabled', 'inlibrary']
/works/OL35353208W	The Great Gatsby	F Scott Fitzgerald	1925	"title:""The Great Gatsby"" AND creator:""F Scott Fitzgerald"""	115	bwb_C0-CEI-987	The Great Gatsby	F. Scott Fitzgerald	1925-01-01T00:00:00Z	1925.0	texts	eng	['internetarchivebooks', 'fav-jahanzeb_shah']
/works/OL35353208W	The Great Gatsby	F Scott Fitzgerald	1925	"title:""The Great Gatsby"" AND creator:""F Scott Fitzgerald"""	115	bwb_Y0-DKL-165	The Great Gatsby	F. Scott Fitzgerald	1925-01-01T00:00:00Z	1925.0	texts	eng	['internetarchivebooks', 'fav-mnyano']
/works/OL35353208W	The Great Gatsby	F Scott Fitzgerald	1925	"title:""The Great Gatsby"" AND creator:""F Scott Fitzgerald"""	115	bwb_S0-DHU-974	The great Gatsby	F. Scott FitzGerald	1933-01-01T00:00:00Z	1933.0	texts	eng	['internetarchivebooks', 'printdisabled', 'inlibrary']
/works/OL35353208W	The Great Gatsby	F Scott Fitzgerald	1925	"title:""The Great Gatsby"" AND creator:""F Scott Fitzgerald"""	115	bwb_Y0-BOG-161	The Great Gatsby	F. Scott Fitzgerald	1925-01-01T00:00:00Z	1925.0	texts	eng	['internetarchivebooks']
/works/OL35353208W	The Great Gatsby	F Scott Fitzgerald	1925	"title:""The Great Gatsby"" AND creator:""F Scott Fitzgerald"""	115	greatgatsby0000fsco_l9y7	The Great Gatsby	F. Scott Fitzgerald	1953-01-01T00:00:00Z	1953.0	texts	eng	['internetarchivebooks', 'printdisabled', 'inlibrary']
/works/OL35353208W	The Great Gatsby	F Scott Fitzgerald	1925	"title:""The Great Gatsby"" AND creator:""F Scott Fitzgerald"""	115	bwb_S0-BPA-823	the great gatsby	f. scott fitzgerald	1925-01-01T00:00:00Z	1925.0	texts	eng	['internetarchivebooks']
/works/OL35353208W	The Great Gatsby	F Scott Fitzgerald	1925	"title:""The Great Gatsby"" AND creator:""F Scott Fitzgerald"""	115	bwb_Y0-CHQ-246	The Great Gatsby	F. Scott Fitzgerald	1925-01-01T00:00:00Z	1925.0	texts	eng	['internetarchivebooks']
/works/OL35353208W	The Great Gatsby	F Scott Fitzgerald	1925	"title:""The Great Gatsby"" AND creator:""F Scott Fitzgerald"""	115	the-great-gatsby-431-1	The Great Gatsby 431 ( 1)	F. Scott Fitzgerald	1925-04-10T00:00:00Z	1925.0	texts	eng	['emptyfiles', 'community']
/works/OL35353208W	The Great Gatsby	F Scott Fitzgerald	1925	"title:""The Great Gatsby"" AND creator:""F Scott Fitzgerald"""	115	greatgatsbyfscot0000fsco	The Great Gatsby - F. Scott Fitzgerald - The Franklin Library - Chuck Wilkinson Drawings	F. Scott Fitzgerald	1980-01-01T00:00:00Z	1980.0	texts	eng	['internetarchivebooks', 'inlibrary', 'printdisabled', 'fav-uzairhyder56']
/works/OL35353208W	The Great Gatsby	F Scott Fitzgerald	1925	"title:""The Great Gatsby"" AND creator:""F Scott Fitzgerald"""	115	bwb_C0-CGF-962	The Great Gatsby	F. Scott Fitzgerald	1953-01-01T00:00:00Z	1953.0	texts	eng	['internetarchivebooks', 'printdisabled', 'inlibrary']
/works/OL35353208W	The Great Gatsby	F Scott Fitzgerald	1925	"title:""The Great Gatsby"" AND creator:""F Scott Fitzgerald"""	115	greatgatsby0000fsco_e7i4	The great gatsby	F. Scott Fitzgerald	1925-01-01T00:00:00Z	1925.0	texts	eng	['internetarchivebooks']
/works/OL35353208W	The Great Gatsby	F Scott Fitzgerald	1925	"title:""The Great Gatsby"" AND creator:""F Scott Fitzgerald"""	115	greatgatsby0000fsco_u6h8	The Great Gatsby	F. Scott Fitzgerald	1968-01-01T00:00:00Z	1968.0	texts	eng	['internetarchivebooks', 'printdisabled', 'inlibrary']
/works/OL35353208W	The Great Gatsby	F Scott Fitzgerald	1925	"title:""The Great Gatsby"" AND creator:""F Scott Fitzgerald"""	115	greatgatsby0000fsco_w7f0	The Great Gatsby	F. Scott Fitzgerald	1925-01-01T00:00:00Z	1925.0	texts		['internetarchivebooks']
/works/OL35353208W	The Great Gatsby	F Scott Fitzgerald	1925	"title:""The Great Gatsby"" AND creator:""F Scott Fitzgerald"""	115	greatgatsby0000fsco_x0k4	The Great Gatsby	F. Scott Fitzgerald	1925-01-01T00:00:00Z	1925.0	texts	eng	['internetarchivebooks', 'fav-jahanzeb_shah']
/works/OL35353208W	The Great Gatsby	F Scott Fitzgerald	1925	"title:""The Great Gatsby"" AND creator:""F Scott Fitzgerald"""	115	great_gatsby_2305_librivox	The Great Gatsby (Version 3)	F. Scott Fitzgerald	2023-05-09T00:00:00Z	2023.0	audio	eng	['librivoxaudio', 'audio_bookspoetry', 'fav-4sama', 'fav-aaronmorgan', 'fav-ablacker93', 'fav-alan_its', 'fav-alberto_hernandez348', 'fav-archivist98', 'fav-bob_cavin_iii', 'fav-chapalan', 'fav-cyoungwi', 'fav-elizabeth_hartman966', 'fav-eva_driedger278', 'fav-gigigumdrop', 'fav-hemusic', 'fav-jimmy_lin538', 'fav-jules555', 'fav-mau_kianna', 'fav-nicky_martin', 'fav-sfsdradio', 'fav-speyfisher', 'fav-steve_stevens', 'fav-syifa_ramadani_akbar', 'fav-tanefasth', 'fav-thl1207', 'fav-wiwriter22', 'fav-zc456']
/works/OL35353208W	The Great Gatsby	F Scott Fitzgerald	1925	"title:""The Great Gatsby"" AND creator:""F Scott Fitzgerald"""	115	greatgatsby0000fsco_i8x2	The Great Gatsby	F. Scott Fitzgerald	1925-01-01T00:00:00Z	1925.0	texts	eng	['internetarchivebooks']
/works/OL35353208W	The Great Gatsby	F Scott Fitzgerald	1925	"title:""The Great Gatsby"" AND creator:""F Scott Fitzgerald"""	115	greatgatsby0000fsco_n2y0	The Great Gatsby	F. Scott Fitzgerald	1925-01-01T00:00:00Z	1925.0	texts	eng	['internetarchivebooks', 'fav-boingercat', 'fav-bulentkale']
/works/OL35353208W	The Great Gatsby	F Scott Fitzgerald	1925	"title:""The Great Gatsby"" AND creator:""F Scott Fitzgerald"""	115	greatgatsby0000fsco_n7n4	The Great Gatsby	F. Scott Fitzgerald	1925-01-01T00:00:00Z	1925.0	texts		['internetarchivebooks', 'fav-chandana_kumar877']
/works/OL35353208W	The Great Gatsby	F Scott Fitzgerald	1925	"title:""The Great Gatsby"" AND creator:""F Scott Fitzgerald"""	115	bwb_Y0-DCL-274	The great gatsby	F. Scott Fitzgerald	1953-01-01T00:00:00Z	1953.0	texts	eng	['internetarchivebooks', 'printdisabled', 'inlibrary']
/works/OL35353208W	The Great Gatsby	F Scott Fitzgerald	1925	"title:""The Great Gatsby"" AND creator:""F Scott Fitzgerald"""	115	greatgatsby0000fsco_x5h9	the great gatsby	f. scott fitzgerald	1925-01-01T00:00:00Z	1925.0	texts	eng	['internetarchivebooks', 'fav-bookhunter222', 'fav-vilma_p']
/works/OL35353208W	The Great Gatsby	F Scott Fitzgerald	1925	"title:""The Great Gatsby"" AND creator:""F Scott Fitzgerald"""	115	greatgatsby0000fsco_m2v6	The Great Gatsby	F. Scott Fitzgerald	1925-01-01T00:00:00Z	1925.0	texts	eng	['internetarchivebooks', 'fav-ozzmanwpoint0']
/works/OL35353208W	The Great Gatsby	F Scott Fitzgerald	1925	"title:""The Great Gatsby"" AND creator:""F Scott Fitzgerald"""	115	the-great-gatsby-by-f.-scott-fitzgerald-gunston-classics	THE GREAT GATSBY By F. SCOTT FITZGERALD - GUNSTON CLASSICS	F. SCOTT FITZGERALD - GUNSTON CLASSICS			texts	eng	['folkscanomy_miscellaneous', 'folkscanomy', 'fav-dnstoddart', 'fav-katherine621', 'fav-kimkim7', 'fav-madcapviolet']
/works/OL35353208W	The Great Gatsby	F Scott Fitzgerald	1925	"title:""The Great Gatsby"" AND creator:""F Scott Fitzgerald"""	115	bwb_S0-DZK-184	The Great Gatsby	F. Scott Fitzgerald	1953-01-01T00:00:00Z	1953.0	texts	eng	['internetarchivebooks', 'printdisabled', 'inlibrary']
/works/OL35353208W	The Great Gatsby	F Scott Fitzgerald	1925	"title:""The Great Gatsby"" AND creator:""F Scott Fitzgerald"""	115	bwb_S0-DHU-886	The great gatsby	F. Scott Fitzgerald	1953-01-01T00:00:00Z	1953.0	texts	eng	['internetarchivebooks', 'printdisabled', 'inlibrary']
/works/OL35353208W	The Great Gatsby	F Scott Fitzgerald	1925	"title:""The Great Gatsby"" AND creator:""F Scott Fitzgerald"""	115	bwb_S0-CRU-072	The Great Gatsby	F. Scott Fitzgerald	1953-01-01T00:00:00Z	1953.0	texts	eng	['internetarchivebooks', 'printdisabled', 'inlibrary']
/works/OL35353208W	The Great Gatsby	F Scott Fitzgerald	1925	"title:""The Great Gatsby"" AND creator:""F Scott Fitzgerald"""	115	bwb_S0-CCF-620	The Great Gatsby	F. Scott Fitzgerald	1953-01-01T00:00:00Z	1953.0	texts	eng	['internetarchivebooks', 'printdisabled', 'inlibrary']
/works/OL35353208W	The Great Gatsby	F Scott Fitzgerald	1925	"title:""The Great Gatsby"" AND creator:""F Scott Fitzgerald"""	115	greatgatsby0000fsco_w2f6	The Great Gatsby	F. Scott Fitzgerald	1953-01-01T00:00:00Z	1953.0	texts	eng	['internetarchivebooks', 'printdisabled', 'inlibrary']
/works/OL35353208W	The Great Gatsby	F Scott Fitzgerald	1925	"title:""The Great Gatsby"" AND creator:""F Scott Fitzgerald"""	115	bwb_S0-BPB-462	THE GREAT GATSBY	F. Scott Fitzgerald	1925-01-01T00:00:00Z	1925.0	texts	Eng	['internetarchivebooks', 'fav-bookaish', 'fav-jesse_g220']
/works/OL35353208W	The Great Gatsby	F Scott Fitzgerald	1925	"title:""The Great Gatsby"" AND creator:""F Scott Fitzgerald"""	115	bwb_S0-CEK-970	The Great Gatsby	F. Scott Fitzgerald	1953-01-01T00:00:00Z	1953.0	texts	eng	['internetarchivebooks', 'printdisabled', 'inlibrary']
/works/OL35353208W	The Great Gatsby	F Scott Fitzgerald	1925	"title:""The Great Gatsby"" AND creator:""F Scott Fitzgerald"""	115	bwb_Y0-EAL-647	The Great Gatsby	F. Scott Fitzgerald	1953-01-01T00:00:00Z	1953.0	texts		['internetarchivebooks', 'printdisabled', 'inlibrary']
/works/OL35353208W	The Great Gatsby	F Scott Fitzgerald	1925	"title:""The Great Gatsby"" AND creator:""F Scott Fitzgerald"""	115	greatgatsby0000fsco_l3i0	The great gatsby	F. Scott Fitzgerald	1925-01-01T00:00:00Z	1925.0	texts		['internetarchivebooks']
/works/OL35353208W	The Great Gatsby	F Scott Fitzgerald	1925	"title:""The Great Gatsby"" AND creator:""F Scott Fitzgerald"""	115	greatgatsby_2109_librivox	The Great Gatsby (version 2)	F. Scott Fitzgerald	2021-09-08T00:00:00Z	2021.0	audio	eng	['librivoxaudio', 'audio_bookspoetry', 'fav-afinevoice', 'fav-atrus584', 'fav-bluesmobile', 'fav-carmenlacross', 'fav-chapalan', 'fav-chomer', 'fav-eseezcr', 'fav-fgs950', 'fav-gigigumdrop', 'fav-hemusic', 'fav-iheartpreservation', 'fav-jeremia_w', 'fav-jiaqi_lyu', 'fav-kn_rpel_t_ng', 'fav-lance_holtzclaw', 'fav-leo_deer', 'fav-leo_harvey', 'fav-lori537', 'fav-mau_kianna', 'fav-mavau', 'fav-ms-samson', 'fav-nirvanafan1', 'fav-perryp7322', 'fav-pharmaprama', 'fav-snet1', 'fav-tadeufilippini', 'fav-v_xu_n', 'fav-vance_mcclenton', 'fav-zc456', 'fav-zon274']
/works/OL35353208W	The Great Gatsby	F Scott Fitzgerald	1925	"title:""The Great Gatsby"" AND creator:""F Scott Fitzgerald"""	115	greatgatsby0000fsco_h6l7	the great gatsby	f. scott fitzgerald	1925-01-01T00:00:00Z	1925.0	texts	eng	['internetarchivebooks', 'fav-chapalan']
/works/OL35353208W	The Great Gatsby	F Scott Fitzgerald	1925	"title:""The Great Gatsby"" AND creator:""F Scott Fitzgerald"""	115	greatgatsby0000fsco_k8x8	The Great Gatsby	F. Scott Fitzgerald	1953-01-01T00:00:00Z	1953.0	texts	eng	['internetarchivebooks', 'printdisabled', 'inlibrary']
/works/OL35353208W	The Great Gatsby	F Scott Fitzgerald	1925	"title:""The Great Gatsby"" AND creator:""F Scott Fitzgerald"""	115	the-great-gatsby-fitz	The Great Gatsby	F. Scott Fitzgerald (1896 – 1940)	1925-01-01T00:00:00Z	1925.0	texts	eng	['opensource', 'community', 'fav-fur2715', 'fav-haight1968', 'fav-ivanise330', 'fav-jahanzeb_shah', 'fav-pat_raman', 'fav-quinn_blosser', 'fav-twinkylacomadreja']
/works/OL35353208W	The Great Gatsby	F Scott Fitzgerald	1925	"title:""The Great Gatsby"" AND creator:""F Scott Fitzgerald"""	115	the-great-gatsby_1922	The Great Gatsby	F. Scott Fitzgerald	1925-01-01T00:00:00Z	1925.0	texts	eng	['opensource', 'community', 'fav-abhinish_singh', 'fav-adamw653', 'fav-alexis_gomez410', 'fav-ann-elizabeth_ezeala', 'fav-anne_sophie507', 'fav-braxton_bradley', 'fav-cargopantsss', 'fav-carolina_sayago', 'fav-christine_casey426', 'fav-cinefilonyc', 'fav-combattlerv', 'fav-dmengel', 'fav-doodle_spy', 'fav-dulce_hern_ndez705', 'fav-e_sousa', 'fav-eri469', 'fav-haight1968', 'fav-imad_ox', 'fav-jakewysocky', 'fav-kanishk_arige_25byb1109', 'fav-kantorock', 'fav-katr_ne_frickausa578', 'fav-kaygojr', 'fav-kristabelle7754', 'fav-ksvo7584', 'fav-librarian95', 'fav-maureen_laneski', 'fav-meglynn', 'fav-milliethesilly', 'fav-missribbonmilk1996', 'fav-moonlight_karma', 'fav-nanadeb72', 'fav-ngoc_vu849', 'fav-nitesh_vox', 'fav-r_im', 'fav-rahma_hamid', 'fav-ravendon', 'fav-ravenrose_15', 'fav-rb_-_11zz_799566_fletchers_meadow_ss', 'fav-redwheelmedia', 'fav-ri_mika', 'fav-sayko975', 'fav-shubh_khare166', 'fav-smj_64', 'fav-somdutt_kulhari', 'fav-thatschmuckyouhate', 'fav-the_steel_man', 'fav-thefictionsystem', 'fav-turquoixe', 'fav-ultra_d-rex', 'fav-valentina_bravo678', 'fav-wj_h770', 'fav-xxajay456']
/works/OL35353208W	The Great Gatsby	F Scott Fitzgerald	1925	"title:""The Great Gatsby"" AND creator:""F Scott Fitzgerald"""	115	bwb_Y0-CBV-081	The great gatsby	F. Scott Fitzgerald	1953-01-01T00:00:00Z	1953.0	texts		['internetarchivebooks', 'fav-chapalan', 'fav-jahanzeb_shah', 'fav-jrzyboy', 'fav-peter_jackson804', 'fav-ramap']
/works/OL35353208W	The Great Gatsby	F Scott Fitzgerald	1925	"title:""The Great Gatsby"" AND creator:""F Scott Fitzgerald"""	115	bwb_T5-ARD-676	The Great Gatsby	F. Scott Fitzgerald	1953-01-01T00:00:00Z	1953.0	texts	eng	['internetarchivebooks', 'printdisabled', 'inlibrary']
/works/OL35353208W	The Great Gatsby	F Scott Fitzgerald	1925	"title:""The Great Gatsby"" AND creator:""F Scott Fitzgerald"""	115	greatgatsby0000fsco_o1j3	the great gatsby	F. Scott Fitzgerald	1925-01-01T00:00:00Z	1925.0	texts	eng	['internetarchivebooks', 'fav-crooner156', 'fav-grace605', 'fav-hector_antonio_garcia_mendoza']
/works/OL35353208W	The Great Gatsby	F Scott Fitzgerald	1925	"title:""The Great Gatsby"" AND creator:""F Scott Fitzgerald"""	115	isbn_9780812415773	The Great Gatsby	F. Scott Fitzgerald	1992-01-01T00:00:00Z	1992.0	texts	eng	['internetarchivebooks', 'inlibrary', 'printdisabled', 'fav-ayat_hamdi', 'fav-deana_davis', 'fav-kelly758', 'fav-kiwwi_', 'fav-vitorneiva', 'fav-wanroyo']
/works/OL35353208W	The Great Gatsby	F Scott Fitzgerald	1925	"title:""The Great Gatsby"" AND creator:""F Scott Fitzgerald"""	115	bwb_KV-335-249	the great gatsby	F. Scott Fitzgerald	1958-01-01T00:00:00Z	1958.0	texts		['internetarchivebooks', 'printdisabled', 'inlibrary']
/works/OL35353208W	The Great Gatsby	F Scott Fitzgerald	1925	"title:""The Great Gatsby"" AND creator:""F Scott Fitzgerald"""	115	greatgatsby0000unse_v0i9	The Great Gatsby	F. Scott Fitzgerald	1925-01-01T00:00:00Z	1925.0	texts	eng	['internetarchivebooks', 'fav-ahmedsebak', 'fav-boingercat']
/works/OL31971259W	Heart of Darkness	Joseph Conrad	1899	"title:""Heart of Darkness"" AND creator:""Joseph Conrad"""	55	youthheartofdark00conr	Youth; Heart of Darkness; The End of the Tether (Penguin Classics)	['Joseph Conrad', 'John Lyon']	1995-11-01T00:00:00Z	1995.0	texts	eng	['internetarchivebooks', 'printdisabled', 'fav-bahadir_koc', 'fav-chloe_duncan316', 'fav-jecko696', 'fav-madihamandcheese', 'fav-renana_levi', 'fav-seouljiji', 'binghamton-ol', 'framingham-ol', 'openlibrary-d-ol']
/works/OL31971259W	Heart of Darkness	Joseph Conrad	1899	"title:""Heart of Darkness"" AND creator:""Joseph Conrad"""	55	heartofdarknessa00conr_1	Heart of darkness	Joseph Conrad	1997-01-01T00:00:00Z	1997.0	texts	eng	['internetarchivebooks', 'printdisabled', 'fav-777353', 'fav-certainty', 'fav-magnesamdal', 'binghamton-ol', 'johnshopkins-ol', 'stmaryscountylibrary']
/works/OL31971259W	Heart of Darkness	Joseph Conrad	1899	"title:""Heart of Darkness"" AND creator:""Joseph Conrad"""	55	heartofdarknesss0000unse	heart of darkness & the secret sharer	Joseph Conrad	1950-01-01T00:00:00Z	1950.0	texts	eng	['internetarchivebooks', 'fav-jahanzeb_shah']
/works/OL31971259W	Heart of Darkness	Joseph Conrad	1899	"title:""Heart of Darkness"" AND creator:""Joseph Conrad"""	55	bwb_W6-BPO-451	Joseph Conrad's Heart of darkness: backgrounds and criticisms	Joseph Conrad	1960-01-01T00:00:00Z	1960.0	texts	eng	['internetarchivebooks', 'printdisabled', 'inlibrary']
/works/OL31971259W	Heart of Darkness	Joseph Conrad	1899	"title:""Heart of Darkness"" AND creator:""Joseph Conrad"""	55	bwb_C0-BNX-088	Heart Of Darkness The Secret Sharer	Joseph Conrad	1910-01-01T00:00:00Z	1910.0	texts	eng	['internetarchivebooks', 'fav-bryant_hollifield592', 'fav-kavya_sharma661']
/works/OL31971259W	Heart of Darkness	Joseph Conrad	1899	"title:""Heart of Darkness"" AND creator:""Joseph Conrad"""	55	isbn_9781466222274	Heart of Darkness	['Joseph Conrad', 'C. Wade Naney']	2011-01-01T00:00:00Z	2011.0	texts	English	['internetarchivebooks', 'inlibrary', 'printdisabled']
/works/OL31971259W	Heart of Darkness	Joseph Conrad	1899	"title:""Heart of Darkness"" AND creator:""Joseph Conrad"""	55	heartofdarknessa00conr_0	Heart of darkness	Joseph Conrad	1988-01-01T00:00:00Z	1988.0	texts	eng	['internetarchivebooks', 'printdisabled', 'fav-al_haas', 'fav-amishen', 'fav-anoushka_literature_student', 'fav-arctorus', 'fav-axisbee', 'fav-benmac', 'fav-bigboyjohnson', 'fav-blanka568', 'fav-catry07', 'fav-d_smith2939', 'fav-despgian', 'fav-e_blackadder', 'fav-global1999', 'fav-hollstes', 'fav-jessica_neri', 'fav-lauravir', 'fav-mokream', 'fav-nathansr', 'fav-rafytarar', 'fav-sbhh', 'fav-yana_potemkin', 'phillipsacademy-preview']
/works/OL31971259W	Heart of Darkness	Joseph Conrad	1899	"title:""Heart of Darkness"" AND creator:""Joseph Conrad"""	55	heartofdarkness09343gut	Heart of Darkness	Joseph Conrad			audio	en	['gutenberg']
/works/OL31971259W	Heart of Darkness	Joseph Conrad	1899	"title:""Heart of Darkness"" AND creator:""Joseph Conrad"""	55	heart-of-darkness_joseph-conrad	Heart Of Darkness	Joseph Conrad	1899-01-01T00:00:00Z	1899.0	texts	eng	['opensource', 'community']
/works/OL31971259W	Heart of Darkness	Joseph Conrad	1899	"title:""Heart of Darkness"" AND creator:""Joseph Conrad"""	55	bwb_S0-ELE-285	Heart of Darkness	Joseph Conrad	1969-01-01T00:00:00Z	1969.0	texts		['internetarchivebooks', 'printdisabled', 'inlibrary', 'fav-kylebrooke']
/works/OL31971259W	Heart of Darkness	Joseph Conrad	1899	"title:""Heart of Darkness"" AND creator:""Joseph Conrad"""	55	heartofdarknessh0000jose	Heart of Darkness. (Heritage Club Series)	Joseph Conrad	1969-01-01T00:00:00Z	1969.0	texts	eng	['internetarchivebooks', 'printdisabled', 'inlibrary']
/works/OL31971259W	Heart of Darkness	Joseph Conrad	1899	"title:""Heart of Darkness"" AND creator:""Joseph Conrad"""	55	bwb_S0-BGP-951	Heart of Darkness and the Secret Sharer	JOseph Conrad	1910-01-01T00:00:00Z	1910.0	texts	eng	['internetarchivebooks', 'fav-az_grizzly', 'fav-taylor895']
/works/OL31971259W	Heart of Darkness	Joseph Conrad	1899	"title:""Heart of Darkness"" AND creator:""Joseph Conrad"""	55	bwb_W9-CKE-054	Heart of Darkness	Joseph Conrad	1969-01-01T00:00:00Z	1969.0	texts	eng	['internetarchivebooks', 'printdisabled', 'inlibrary']
/works/OL31971259W	Heart of Darkness	Joseph Conrad	1899	"title:""Heart of Darkness"" AND creator:""Joseph Conrad"""	55	bwb_P3-EGW-540	Heart of Darkness and The Secret Sharer (Signet Classics) by Joseph Conrad (1997-09-01)	Joseph Conrad	1781-01-01T00:00:00Z	1781.0	texts	eng	['internetarchivebooks', 'fav-adrianveidt', 'fav-andrew_kozelka', 'fav-dreamqueen', 'fav-gerardo_gallegos_ochoa_gaog680518', 'fav-irohamca', 'fav-jahanzeb_shah', 'fav-rho_lan_ram', 'fav-taylor895']
/works/OL31971259W	Heart of Darkness	Joseph Conrad	1899	"title:""Heart of Darkness"" AND creator:""Joseph Conrad"""	55	heartofdarkness20270gut	Heart of Darkness	Joseph Conrad			audio	en	['gutenberg']
/works/OL31971259W	Heart of Darkness	Joseph Conrad	1899	"title:""Heart of Darkness"" AND creator:""Joseph Conrad"""	55	heartofdarkness3_2009_librivox	Heart of Darkness (version 3)	Joseph Conrad	2020-10-01T00:00:00Z	2020.0	audio	eng	['librivoxaudio', 'audio_bookspoetry', 'fav-chapalan', 'fav-glickmandigitalmedia', 'fav-k-popnightmare', 'fav-patrick_frazier405', 'fav-shdn_hamad']
/works/OL31971259W	Heart of Darkness	Joseph Conrad	1899	"title:""Heart of Darkness"" AND creator:""Joseph Conrad"""	55	heartofdarknessa0000unse	Heart of Darkness; Almayer's Folly; The Lagoon	Joseph Conrad	1960-01-01T00:00:00Z	1960.0	texts	eng	['internetarchivebooks', 'printdisabled', 'inlibrary', 'fav-flora_low']
/works/OL31971259W	Heart of Darkness	Joseph Conrad	1899	"title:""Heart of Darkness"" AND creator:""Joseph Conrad"""	55	lp_heart-of-darkness_joseph-conrad	Heart Of Darkness	Joseph Conrad	1969-01-01T00:00:00Z	1969.0	audio	eng	['album_recordings', 'vinyl_bostonpubliclibrary', 'audio_music', 'unlockedrecordings', 'fav-777353', 'fav-a_new_word', 'fav-aaronmorgan', 'fav-abdul_wahid187', 'fav-adeyinka_makinde', 'fav-agent_dune', 'fav-aline_b', 'fav-alinso', 'fav-anonymousmos6581', 'fav-asteria365', 'fav-avidreaderboom', 'fav-bendimatteo', 'fav-blaise69', 'fav-bobg1138', 'fav-calliegraves', 'fav-collection419', 'fav-craigchilds', 'fav-dalessg', 'fav-davidrad', 'fav-devillica', 'fav-dftram', 'fav-dgrt', 'fav-eleanor_rose234', 'fav-eli_l', 'fav-ethan_hopson', 'fav-fakephilosopher', 'fav-gavo76', 'fav-glenneric23', 'fav-gorenak3000', 'fav-gstalnaker', 'fav-gustavus_adolphus_magnus', 'fav-haroldhecuba', 'fav-hey_kaleb', 'fav-heyjude_', 'fav-i_eternal', 'fav-jake_cutter', 'fav-james_jennings499', 'fav-jbakewell', 'fav-jeff_brawn', 'fav-joshua_wittig', 'fav-kabluwe', 'fav-klimeks', 'fav-kramerass', 'fav-lori_adams', 'fav-memo_caldo', 'fav-monika_publius', 'fav-mrbill3', 'fav-nandrews10', 'fav-night_owl556', 'fav-noisekills', 'fav-ohad_gilboa', 'fav-out2lunch', 'fav-quatermain', 'fav-ron664', 'fav-samuraij', 'fav-stonerviking793', 'fav-subversion_of_society', 'fav-thebeardedlady', 'fav-thpook', 'fav-total_maniac', 'fav-tre_garcia', 'fav-wesley_hannaford', 'fav-worldwidek15']
/works/OL31971259W	Heart of Darkness	Joseph Conrad	1899	"title:""Heart of Darkness"" AND creator:""Joseph Conrad"""	55	isbn_9781495944666	Heart of Darkness	Joseph Conrad	2014-02-14T00:00:00Z	2014.0	texts	eng	['internetarchivebooks', 'printdisabled']
/works/OL31971259W	Heart of Darkness	Joseph Conrad	1899	"title:""Heart of Darkness"" AND creator:""Joseph Conrad"""	55	heartofdarknesss0000jose_e7r1	heart of darkness and the secret sharer	joseph conrad	1910-01-01T00:00:00Z	1910.0	texts	eng	['internetarchivebooks', 'fav-cristinapinkvarela', 'fav-schlagger', 'fav-supermega12']
/works/OL31971259W	Heart of Darkness	Joseph Conrad	1899	"title:""Heart of Darkness"" AND creator:""Joseph Conrad"""	55	in.ernet.dli.2015.176661	Youth Heart Of Darkness The End Or The Tether	Joseph Conrad	1902-01-01T00:00:00Z	1902.0	texts	eng	['digitallibraryindia', 'JaiGyan', 'fav-chs2017', 'fav-gregswaeg', 'fav-rickrhude', 'fav-weee0603']
/works/OL31971259W	Heart of Darkness	Joseph Conrad	1899	"title:""Heart of Darkness"" AND creator:""Joseph Conrad"""	55	bwb_S0-ABM-520	Heart of Darkness Almayer's Folly the Lagoon	Joseph Conrad	1960-01-01T00:00:00Z	1960.0	texts	eng	['internetarchivebooks', 'printdisabled', 'inlibrary']
/works/OL31971259W	Heart of Darkness	Joseph Conrad	1899	"title:""Heart of Darkness"" AND creator:""Joseph Conrad"""	55	isbn_9781494787738	Heart of Darkness	Joseph Conrad	2013-12-24T00:00:00Z	2013.0	texts	eng	['internetarchivebooks', 'printdisabled', 'fav-emrecaliskana', 'fav-jeunej']
/works/OL31971259W	Heart of Darkness	Joseph Conrad	1899	"title:""Heart of Darkness"" AND creator:""Joseph Conrad"""	55	heart_of_darkness_ver4_2110_librivox	Heart of Darkness (version 4)	Joseph Conrad	2021-10-26T00:00:00Z	2021.0	audio	eng	['librivoxaudio', 'audio_bookspoetry', 'fav-artatjays', 'fav-bluealways', 'fav-boogerbell13', 'fav-brittcleaver', 'fav-chapalan', 'fav-chrisstarkiller', 'fav-coogangildersleeve', 'fav-dave_kent', 'fav-diana_bloem321', 'fav-dodofilm', 'fav-e_blackadder', 'fav-lightcrystal', 'fav-mpsawyersci', 'fav-mrmagik3805', 'fav-phil26480', 'fav-rooster4204', 'fav-tariqdotpng', 'fav-thewbm', 'fav-whinsill']
/works/OL31971259W	Heart of Darkness	Joseph Conrad	1899	"title:""Heart of Darkness"" AND creator:""Joseph Conrad"""	55	heartofdarkness0000jose	heart of darkness	Joseph conrad	1966-01-01T00:00:00Z	1966.0	texts	eng	['internetarchivebooks', 'inlibrary', 'printdisabled']
/works/OL31971259W	Heart of Darkness	Joseph Conrad	1899	"title:""Heart of Darkness"" AND creator:""Joseph Conrad"""	55	heart_of_darkness	Heart of Darkness	Joseph Conrad	2006-03-11T00:00:00Z	2006.0	audio	eng	['librivoxaudio', 'audio_bookspoetry', 'fav-1jgb', 'fav-_riel', 'fav-aarahjay', 'fav-aaronmorgan', 'fav-abluesnowman', 'fav-academicglitter', 'fav-ad_thomas151', 'fav-adam_kr_l', 'fav-aeva9', 'fav-aflowersour', 'fav-agnieszka_dzieko_ska', 'fav-aimzzz', 'fav-akubia', 'fav-al_dininno', 'fav-alexander_arvid_atsinch', 'fav-alison_p_hunter', 'fav-allie576', 'fav-alyxvance', 'fav-angelica895', 'fav-anton_nikolov456', 'fav-anya187', 'fav-anzieboo', 'fav-apkaoni', 'fav-ariar244', 'fav-arnold313', 'fav-artatjays', 'fav-arvid_hedberg', 'fav-ashutosh_tripathi653', 'fav-azzafeez', 'fav-b_c_lyles', 'fav-bap_industries', 'fav-barry_wyatt_jr', 'fav-barrybonds', 'fav-bastorms', 'fav-beck592', 'fav-beergardenlover69', 'fav-bhern87', 'fav-bigola_', 'fav-blommien', 'fav-bo7777', 'fav-bob_curren', 'fav-bobcool', 'fav-brad_apos_s_screenname', 'fav-brainfood41', 'fav-brandon_leiner966', 'fav-bricc_noun', 'fav-caleb_santiago396', 'fav-captarne', 'fav-carolinagrimmy', 'fav-cedmison', 'fav-chapalan', 'fav-charlie_kliewer', 'fav-cheryltoniveronicabetty', 'fav-chevellereadsbooks', 'fav-chiangmaitook1962', 'fav-chris4you', 'fav-chrisrd', 'fav-christineepreece', 'fav-cindy2786', 'fav-citron', 'fav-clarkesmv', 'fav-cloverhillsschoolhouse', 'fav-colbycheese22322', 'fav-coogangildersleeve', 'fav-cookie20185079', 'fav-cpdoyletulsa', 'fav-crovalkyrie', 'fav-curiousmap', 'fav-curry198', 'fav-cuthbert1516', 'fav-cybourgeois', 'fav-dadeo_lazer', 'fav-dahszil', 'fav-dalessg', 'fav-dan_galvin', 'fav-daniel_tanase', 'fav-dankr_g', 'fav-darren_mac_lennan', 'fav-ddoherty7211', 'fav-dereckg52', 'fav-des_tiny', 'fav-detrabal', 'fav-diego_lee_rot', 'fav-dilloar', 'fav-dominart', 'fav-donatella_soul', 'fav-driedarchivist', 'fav-drysz', 'fav-duncan-lithgow', 'fav-durga_rebbapragada', 'fav-dzana_todosijevic147', 'fav-e_sousa', 'fav-elijahbv', 'fav-emma_hughett', 'fav-emrat', 'fav-enorst', 'fav-erichardson1166', 'fav-erik_jon_sturgeon', 'fav-ethan_hopson', 'fav-fantasiaonvhs', 'fav-farticusmaximus444', 'fav-ferfbarros20', 'fav-flickswave', 'fav-fofoalyafai1', 'fav-for_project', 'fav-fortyseven', 'fav-gabriela_mendiburu', 'fav-gaslit2018', 'fav-gavin_jones496', 'fav-ghostmachine98', 'fav-gkat1_168', 'fav-glennorlando', 'fav-glickmandigitalmedia', 'fav-gmccrea', 'fav-grumpygun', 'fav-gunlimited_ammo', 'fav-gvi55', 'fav-hannelore_brams', 'fav-hardcore_collector', 'fav-howmuchwood', 'fav-hudsonsgrill', 'fav-ieetbugs', 'fav-igor365472', 'fav-ijustwantascreennamealready', 'fav-imam15', 'fav-iqrah_i', 'fav-irlnormalgrl', 'fav-itsfran', 'fav-j_erwin', 'fav-j_m_oxley', 'fav-jacknjellify_bfb', 'fav-jacob_hill336', 'fav-jacob_nathaniel_metcalf', 'fav-jadethelonelysiren365', 'fav-jaidenman', 'fav-james_gidman', 'fav-jamesmac003', 'fav-jasminescholz', 'fav-javiesdane', 'fav-jayla3', 'fav-jciambriello', 'fav-jen_vcg', 'fav-jeremia_w', 'fav-jetmorgann', 'fav-jgherbst', 'fav-jgkelly', 'fav-jimijazz7', 'fav-jj_mansfield', 'fav-jjseoane', 'fav-joan_winters', 'fav-john_ball496', 'fav-john_murphy536', 'fav-johnpowersproductions', 'fav-joseph_furtado', 'fav-joseph_garcia574', 'fav-joshuapeter', 'fav-juna575', 'fav-kace934', 'fav-karekare344', 'fav-kclb666', 'fav-kevbackchat', 'fav-kianakiana', 'fav-kiriftw', 'fav-kkchess3', 'fav-kklemp', 'fav-ktw897', 'fav-kumari_poonam', 'fav-lakishae9', 'fav-lalanigan', 'fav-lerickson22', 'fav-lewsann', 'fav-lily_demarest', 'fav-lipi_wadhawan', 'fav-lisalaree', 'fav-logicalpenguin', 'fav-lord_pasta328', 'fav-lovely_lolly', 'fav-lovlaener', 'fav-luca_h875', 'fav-luke_story', 'fav-m1680', 'fav-m3hsam', 'fav-mac_o670', 'fav-majdolin1', 'fav-majormoose', 'fav-mantaylo', 'fav-marcus_lutz', 'fav-mariana_garcia225', 'fav-marisadewinter', 'fav-markdeham', 'fav-marklesh', 'fav-marlico', 'fav-marxengels', 'fav-mattreadghall', 'fav-max_serretti_godoy', 'fav-maya_l_r', 'fav-mazzuma', 'fav-medha_tiwari', 'fav-merari_mendoza_caballero', 'fav-mezzanom', 'fav-miawin', 'fav-mijofree', 'fav-mikev3', 'fav-mirreople', 'fav-miru-cris', 'fav-mishi_bloom', 'fav-mnemosyne_the_green-eyed_goddess', 'fav-mohamed_hussien_56', 'fav-momo_lambert', 'fav-motheyez', 'fav-mr_marsh480', 'fav-mrkatoto', 'fav-mts6bp', 'fav-n4imaaa', 'fav-naheem', 'fav-neal_fitzgerald', 'fav-nefariousneutron', 'fav-nick_cruise', 'fav-nicolas_savage', 'fav-nicolas_ulloa', 'fav-nietzschean', 'fav-night_dreamer', 'fav-nikkisdream', 'fav-noah_kleiman', 'fav-noirion', 'fav-nolantepm', 'fav-nooner66', 'fav-nous211', 'fav-novus1222', 'fav-offgridcolorado', 'fav-onlyme52', 'fav-ortizperham', 'fav-p-rob', 'fav-paavo_zatopek', 'fav-paljaske', 'fav-paloi_ploi_paloi', 'fav-paolauf', 'fav-pastismyself', 'fav-phantom-queen', 'fav-phyllis_montgomery', 'fav-platformaster43', 'fav-prash232', 'fav-prashant_pc', 'fav-q-pa', 'fav-rachel_m_m', 'fav-randy_grundmann', 'fav-ricciamitrano', 'fav-robert_lewis458', 'fav-rocketeer245', 'fav-rokovino_yalietsu', 'fav-ronald_duane_cochran', 'fav-rraaeell', 'fav-rthomas_sc', 'fav-rtw333', 'fav-runedust', 'fav-ryan_neale', 'fav-said_oubaidou', 'fav-salulilu', 'fav-sam_simmons587', 'fav-santoro_candelora', 'fav-satori_in_life', 'fav-scumfucker', 'fav-sdfain13', 'fav-sean_kula', 'fav-sergepaul', 'fav-shay_clarisse', 'fav-shortride', 'fav-simiou_is_real', 'fav-sjl1327', 'fav-skidmike', 'fav-spectralsnorlax', 'fav-spudmacheen', 'fav-starchief5', 'fav-starybrights', 'fav-stephen_serna', 'fav-steveb_1984', 'fav-steven_lyng640', 'fav-stinkers', 'fav-sultan_ahmed876', 'fav-supermegapasta', 'fav-suzi23173', 'fav-t_a_sochorov_', 'fav-taryn_manzini', 'fav-tatum_liebisch', 'fav-teddfromchopped', 'fav-thadsand', 'fav-the_mildman', 'fav-the_rootman', 'fav-thegreenflyingkiwi', 'fav-theocchiolistrift', 'fav-thewbm', 'fav-thewildhoneybee', 'fav-thomjanssen', 'fav-tidbitliz', 'fav-totalwar1984', 'fav-totuhn', 'fav-treegr0w', 'fav-tremayne3000', 'fav-trifonenko', 'fav-troyhausmann', 'fav-tubaliz1', 'fav-tuckerboy_2', 'fav-tunathecat', 'fav-tygrc', 'fav-user229807', 'fav-v_mango', 'fav-valeria_barbon', 'fav-vavara', 'fav-veeeeeeeee', 'fav-vigneswara_prabhu', 'fav-vladimiro_sousa', 'fav-vlcdvd', 'fav-waghobha', 'fav-whitelotusalchemist', 'fav-whobyfire', 'fav-whole_sky_heidi', 'fav-william_jenkins894', 'fav-winning-pair', 'fav-wonderous', 'fav-wrongwaycorrigan', 'fav-x_world', 'fav-xeracea', 'fav-yangzi-jin_collective', 'fav-yoursmerlyn', 'fav-zaclee', 'fav-zimm28_hotmail_com', 'fav-zookeepergracie', 'fav-zoriahnyc']
/works/OL31971259W	Heart of Darkness	Joseph Conrad	1899	"title:""Heart of Darkness"" AND creator:""Joseph Conrad"""	55	bwb_S0-DNJ-645	Heart of Darkness	Joseph Conrad	1966-01-01T00:00:00Z	1966.0	texts	eng	['internetarchivebooks', 'printdisabled', 'inlibrary', 'fav-sarkar99']
/works/OL31971259W	Heart of Darkness	Joseph Conrad	1899	"title:""Heart of Darkness"" AND creator:""Joseph Conrad"""	55	heartofdarknessa0000jose_r6c4	Heart of Darkness (AmazonClassics Edition)	Joseph Conrad	2017-10-08T00:00:00Z	2017.0	texts	eng	['internetarchivebooks', 'inlibrary', 'printdisabled']
/works/OL31971259W	Heart of Darkness	Joseph Conrad	1899	"title:""Heart of Darkness"" AND creator:""Joseph Conrad"""	55	isbn_9780760717769	Heart of Darkness and Other Stories	Joseph Conrad	1995-01-01T00:00:00Z	1995.0	texts	English	['internetarchivebooks', 'inlibrary', 'printdisabled', 'fav-elznix', 'fav-ratbuffalo', 'fav-sarkar99', 'fav-sof_a_di_nubila']
/works/OL31971259W	Heart of Darkness	Joseph Conrad	1899	"title:""Heart of Darkness"" AND creator:""Joseph Conrad"""	55	heartofdarknessn0000jose	HEART OF DARKNESS, New Edition	Joseph Conrad	2015-02-06T00:00:00Z	2015.0	texts	eng	['internetarchivebooks', 'inlibrary', 'printdisabled']
/works/OL31971259W	Heart of Darkness	Joseph Conrad	1899	"title:""Heart of Darkness"" AND creator:""Joseph Conrad"""	55	heart-of-darkness-joseph-conrad	Heart Of Darkness | Joseph Conrad	Joseph Conrad			texts		['opensource', 'fav-haight1968']
/works/OL31971259W	Heart of Darkness	Joseph Conrad	1899	"title:""Heart of Darkness"" AND creator:""Joseph Conrad"""	55	heart_of_darkness_1203_librivox	Heart of Darkness (version 2)	Joseph Conrad	2012-03-13T00:00:00Z	2012.0	audio	eng	['librivoxaudio', 'audio_bookspoetry', 'fav-9933706', 'fav-ayoub_el_majjaoui', 'fav-beecee_beats', 'fav-blackflower3', 'fav-c_c_wallace', 'fav-chapalan', 'fav-chronicler_strick', 'fav-clarkesmv', 'fav-dalessg', 'fav-dameyers', 'fav-dan_galvin', 'fav-danyboyorlov', 'fav-dilloar', 'fav-dodofilm', 'fav-drahmad2004', 'fav-fredcoolins', 'fav-glickmandigitalmedia', 'fav-gonova', 'fav-isabela387', 'fav-jack_attack483', 'fav-jack_the_ripper_08', 'fav-jefitha_karimurio', 'fav-jnavin', 'fav-john_ball496', 'fav-john_gregan', 'fav-john_t_cisar', 'fav-juliemarie', 'fav-jwilliamduff', 'fav-kachbrian', 'fav-kenc-side', 'fav-kiriftw', 'fav-kumquat_cat', 'fav-lecamponesa', 'fav-lexicona', 'fav-maggie_biglou', 'fav-manhattansunrise', 'fav-mattcampau', 'fav-mazzuma', 'fav-mrmagik3805', 'fav-nosibor', 'fav-ohkegnu_', 'fav-orbitalstations', 'fav-paloi_ploi_paloi', 'fav-patrick_frazier405', 'fav-penandinkartist', 'fav-platformaster43', 'fav-pumpkinprincess', 'fav-ranmusill', 'fav-rga_us', 'fav-rojo_02', 'fav-ronald_duane_cochran', 'fav-rooster4204', 'fav-samuel_martin612', 'fav-saohara', 'fav-shariqa_nida', 'fav-stewyg27', 'fav-stinkers', 'fav-super5555', 'fav-thegreenflyingkiwi', 'fav-therightnews', 'fav-thewildhoneybee', 'fav-triplelauren', 'fav-troyhausmann', 'fav-uh_clem', 'fav-wooly_mammoth', 'fav-x_world', 'fav-zachary_kuenzli']
/works/OL31971259W	Heart of Darkness	Joseph Conrad	1899	"title:""Heart of Darkness"" AND creator:""Joseph Conrad"""	55	heartofdarknesso0000jose_s1q0	Heart of Darkness an Outpost of Progress the Lagoon	Joseph Conrad	1966-01-01T00:00:00Z	1966.0	texts		['internetarchivebooks', 'printdisabled', 'inlibrary']
/works/OL31971259W	Heart of Darkness	Joseph Conrad	1899	"title:""Heart of Darkness"" AND creator:""Joseph Conrad"""	55	bwb_KU-999-817	YOUTH HEART OF DARKNESS	Joseph Conrad	1967-01-01T00:00:00Z	1967.0	texts	Eng	['internetarchivebooks', 'printdisabled', 'inlibrary']
/works/OL31971259W	Heart of Darkness	Joseph Conrad	1899	"title:""Heart of Darkness"" AND creator:""Joseph Conrad"""	55	bwb_S0-ECA-702	Heart of Darkness and The Secret Sharer	Joseph Conrad	1910-01-01T00:00:00Z	1910.0	texts	eng	['internetarchivebooks', 'fav-d_nermeister2000']
/works/OL31971259W	Heart of Darkness	Joseph Conrad	1899	"title:""Heart of Darkness"" AND creator:""Joseph Conrad"""	55	heart-of-darkness-joseph-conrad_202511	Heart Of Darkness - Joseph Conrad	Joseph Conrad			texts	eng	['opensource', 'fav-knuckleshedgehog88']
/works/OL31971259W	Heart of Darkness	Joseph Conrad	1899	"title:""Heart of Darkness"" AND creator:""Joseph Conrad"""	55	bwb_S0-DNN-146	youth heart of darkness and the end of the tether	joseph conrad	1902-01-01T00:00:00Z	1902.0	texts	eng	['internetarchivebooks', 'fav-kokigay108']
/works/OL31971259W	Heart of Darkness	Joseph Conrad	1899	"title:""Heart of Darkness"" AND creator:""Joseph Conrad"""	55	YouthHeartOfDarknessTheEndOrTheTether	Youth, Heart Of Darkness, The End Of The Tether	Joseph Conrad	1902-01-01T00:00:00Z	1902.0	texts	English	['millionbooks', 'universallibrary', 'fav-eee321', 'fav-mrdefleur', 'fav-ramap', 'fav-weee0603']
/works/OL31971259W	Heart of Darkness	Joseph Conrad	1899	"title:""Heart of Darkness"" AND creator:""Joseph Conrad"""	55	heartofdarkness0000unse_v5z8	Heart of Darkness	Joseph Conrad	2020-01-01T00:00:00Z	2020.0	texts		['internetarchivebooks', 'printdisabled']
/works/OL31971259W	Heart of Darkness	Joseph Conrad	1899	"title:""Heart of Darkness"" AND creator:""Joseph Conrad"""	55	heartofdarknesss0000unse_v4x2	Heart of darkness and the secret sharer	Joseph Conrad	1950-01-01T00:00:00Z	1950.0	texts	eng	['internetarchivebooks', 'printdisabled']
/works/OL31971259W	Heart of Darkness	Joseph Conrad	1899	"title:""Heart of Darkness"" AND creator:""Joseph Conrad"""	55	bwb_C0-ACB-623	Heart of Darkness: Almayer's Folly: The Lagoon	Joseph Conrad	1960-01-01T00:00:00Z	1960.0	texts		['internetarchivebooks', 'printdisabled', 'inlibrary']
/works/OL31971259W	Heart of Darkness	Joseph Conrad	1899	"title:""Heart of Darkness"" AND creator:""Joseph Conrad"""	55	1899heartofdarknessconradfebmaraprilblackwoodsmagazine	1899 The Heart Of Darkness Feb Mar April in Blackwood's Magazine	Joseph Conrad	1899-01-01T00:00:00Z	1899.0	texts	English	['magazine_clippings', 'magazine_rack', 'fav-al_haas', 'fav-asu12000', 'fav-captainstarchaser', 'fav-clara_chelers', 'fav-dieg02424', 'fav-donatella_soul', 'fav-fiiku', 'fav-garrett_vance', 'fav-heidio77', 'fav-hillsee5966', 'fav-lenakarlsson', 'fav-mosull', 'fav-mrmagik3805', 'fav-rbscottie', 'fav-so_troy']
/works/OL31971259W	Heart of Darkness	Joseph Conrad	1899	"title:""Heart of Darkness"" AND creator:""Joseph Conrad"""	55	joseph-conrad-heart-of-darkness-1902-read-by-scott-dewey	Joseph Conrad, Heart Of Darkness ( 1902) Read By Scott Dewey	Joseph Conrad (original author); Scott Dewey (voiceover/audiobook)	2020-05-03T00:00:00Z	2020.0	audio	eng	['opensource_audio', 'community']
/works/OL31971259W	Heart of Darkness	Joseph Conrad	1899	"title:""Heart of Darkness"" AND creator:""Joseph Conrad"""	55	isbn_9783946571322	Heart of Darkness	Joseph Conrad	2016-08-15T00:00:00Z	2016.0	texts	eng	['internetarchivebooks', 'inlibrary', 'printdisabled', 'fav-greyeminence', 'fav-seawriter', 'fav-shoaib_rasool843']
/works/OL31971259W	Heart of Darkness	Joseph Conrad	1899	"title:""Heart of Darkness"" AND creator:""Joseph Conrad"""	55	heart-of-darkness-1993	Heart Of Darkness (1993)	TNT, Joseph Conrad, Nicholas Roeg	1993-01-01T00:00:00Z	1993.0	movies	eng	['opensource_movies', 'fav-awaozer', 'fav-chandler0201', 'fav-charlie75', 'fav-clockeye', 'fav-dalessg', 'fav-fawnsqueak', 'fav-gus_lizalde', 'fav-ianmooreplaysfiddle', 'fav-j_a_1969', 'fav-katie_rvw_horton_gmail_com', 'fav-ledabe', 'fav-lgmrauthor', 'fav-lostyhighway', 'fav-macareuxmoine', 'fav-marko5479', 'fav-mirreople', 'fav-mmos', 'fav-pen2', 'fav-sameermadh', 'fav-sbd2c', 'fav-tiberias_beauregard', 'fav-usearchive']
/works/OL31971259W	Heart of Darkness	Joseph Conrad	1899	"title:""Heart of Darkness"" AND creator:""Joseph Conrad"""	55	heartofdarknessi0000jose	Heart of Darkness in Slipbox	Joseph Conrad	1969-01-01T00:00:00Z	1969.0	texts	eng	['internetarchivebooks', 'inlibrary', 'printdisabled']
/works/OL31971259W	Heart of Darkness	Joseph Conrad	1899	"title:""Heart of Darkness"" AND creator:""Joseph Conrad"""	55	isbn_9781453609859	Heart of Darkness: 'As Powerful a Condemnation of Imperialism as Has Ever Been Written'	Joseph Conrad	2010-01-01T00:00:00Z	2010.0	texts	eng	['internetarchivebooks', 'openlibrary-d-ol']
/works/OL31971259W	Heart of Darkness	Joseph Conrad	1899	"title:""Heart of Darkness"" AND creator:""Joseph Conrad"""	55	heartofdarknesss0000jose_e8s8	Heart of Darkness and the Secret Sharer	Joseph Conrad	1910-01-01T00:00:00Z	1910.0	texts	eng	['internetarchivebooks', 'fav-dmitry_sikorsky', 'fav-irohamca', 'fav-jag09m']
/works/OL31971259W	Heart of Darkness	Joseph Conrad	1899	"title:""Heart of Darkness"" AND creator:""Joseph Conrad"""	55	isbn_9781599866994	Heart of Darkness	Joseph Conrad	2007-09-17T00:00:00Z	2007.0	texts	eng	['internetarchivebooks', 'printdisabled', 'fav-aamrhein']
/works/OL31971259W	Heart of Darkness	Joseph Conrad	1899	"title:""Heart of Darkness"" AND creator:""Joseph Conrad"""	55	heartofdarknessa0000jose_w6q9	Heart of Darkness: 'As Powerful a Condemnation of Imperialism as Has Ever Been Written'	Joseph Conrad	2014-01-01T00:00:00Z	2014.0	texts	eng	['internetarchivebooks', 'inlibrary', 'printdisabled']
/works/OL35695219W	Ulysses	James Joyce	1922	"title:""Ulysses"" AND creator:""James Joyce"""	122	ulysses0000jame_b5m5	Ulysses	James Joyce	1961-01-01T00:00:00Z	1961.0	texts	eng	['internetarchivebooks', 'printdisabled', 'inlibrary']
/works/OL35695219W	Ulysses	James Joyce	1922	"title:""Ulysses"" AND creator:""James Joyce"""	122	ulysses_james_joyce	Ulysses	James Joyce	2012-01-01T00:00:00Z	2012.0	audio	ger	['radioshowinbox', 'radioshowarchive', 'radioprograms', 'fav-achtmaladorno', 'fav-b_rdknight', 'fav-deltgen', 'fav-fabian_camilo_santana', 'fav-itrom', 'fav-jarrett7777', 'fav-oliver_kloss', 'fav-sandro_di_domenico', 'fav-user38899', 'fav-willuillu']
/works/OL35695219W	Ulysses	James Joyce	1922	"title:""Ulysses"" AND creator:""James Joyce"""	122	ulysses0000jame_f0f4	Ulysses	James Joyce	1961-01-01T00:00:00Z	1961.0	texts	eng	['internetarchivebooks', 'printdisabled', 'inlibrary']
/works/OL35695219W	Ulysses	James Joyce	1922	"title:""Ulysses"" AND creator:""James Joyce"""	122	ulysses_202406	ULYSSES by JAMES JOYCE - GUNSTON CLASSICS	JAMES JOYCE/GUNSTON CLASSICS	1918-01-01T00:00:00Z	1918.0	texts	eng	['folkscanomy_miscellaneous', 'folkscanomy', 'fav-ginnevra', 'fav-haight1968', 'fav-jahanzeb_shah', 'fav-josh_kennedy633', 'fav-madcapviolet', 'fav-stinkers']
/works/OL35695219W	Ulysses	James Joyce	1922	"title:""Ulysses"" AND creator:""James Joyce"""	122	UlyssesPart2	Ulysses Part 2	James Joyce			audio		['opensource_audio', 'community', 'fav-wandering_frame']
/works/OL35695219W	Ulysses	James Joyce	1922	"title:""Ulysses"" AND creator:""James Joyce"""	122	ulysses0000jame_a1y8	ULYSSES	James Joyce	1946-01-01T00:00:00Z	1946.0	texts		['internetarchivebooks', 'printdisabled', 'inlibrary']
/works/OL35695219W	Ulysses	James Joyce	1922	"title:""Ulysses"" AND creator:""James Joyce"""	122	bwb_S0-EBY-922	ulysses	james joyce	1946-01-01T00:00:00Z	1946.0	texts	eng	['internetarchivebooks', 'printdisabled', 'inlibrary']
/works/OL35695219W	Ulysses	James Joyce	1922	"title:""Ulysses"" AND creator:""James Joyce"""	122	bwb_Y0-CKH-765	Ulysses	James Joyce	1946-01-01T00:00:00Z	1946.0	texts	eng	['internetarchivebooks', 'printdisabled', 'inlibrary']
/works/OL35695219W	Ulysses	James Joyce	1922	"title:""Ulysses"" AND creator:""James Joyce"""	122	bwb_Y0-BOK-674	ULYSSES	JAMES JOYCE	1946-01-01T00:00:00Z	1946.0	texts	ENG	['internetarchivebooks', 'printdisabled', 'inlibrary']
/works/OL35695219W	Ulysses	James Joyce	1922	"title:""Ulysses"" AND creator:""James Joyce"""	122	ulysses0000jame_m6j1	Ulysses	James Joyce	1946-01-01T00:00:00Z	1946.0	texts	ENG	['internetarchivebooks', 'printdisabled', 'inlibrary']
/works/OL35695219W	Ulysses	James Joyce	1922	"title:""Ulysses"" AND creator:""James Joyce"""	122	ulysses0000jame_l2v6	Ulysses	James Joyce	1918-01-01T00:00:00Z	1918.0	texts		['internetarchivebooks', 'fav-jahanzeb_shah']
/works/OL35695219W	Ulysses	James Joyce	1922	"title:""Ulysses"" AND creator:""James Joyce"""	122	bwb_Y0-CHU-107	Ulysses	James Joyce	1961-01-01T00:00:00Z	1961.0	texts	eng	['internetarchivebooks', 'printdisabled', 'inlibrary']
/works/OL35695219W	Ulysses	James Joyce	1922	"title:""Ulysses"" AND creator:""James Joyce"""	122	bwb_T5-BCC-978	Ulysses	James Joyce	1961-01-01T00:00:00Z	1961.0	texts	ENG	['internetarchivebooks', 'fav-ares_velos', 'fav-chapalan', 'fav-colin_brooks766', 'fav-dickie123', 'fav-jahanzeb_shah', 'fav-theisminde']
/works/OL35695219W	Ulysses	James Joyce	1922	"title:""Ulysses"" AND creator:""James Joyce"""	122	bwb_P9-AGA-806	ulysses	james joyce	1961-01-01T00:00:00Z	1961.0	texts	eng	['internetarchivebooks', 'printdisabled', 'inlibrary']
/works/OL35695219W	Ulysses	James Joyce	1922	"title:""Ulysses"" AND creator:""James Joyce"""	122	Ulysses-Audiobook-Merged	Ulysses-Audiobook-Merged	James Joyce			audio	eng	['hifidelity_audiobooks', 'hifidelity', 'fav-752312364278', 'fav-8_1_2', 'fav-a_m_santos', 'fav-abdeslam_douayar', 'fav-abdipsi', 'fav-addarley', 'fav-aida_demirer', 'fav-aka50', 'fav-alan843', 'fav-alan_nix', 'fav-alexkhype', 'fav-alexszilvassy2020', 'fav-amazinglostmc', 'fav-amzggal', 'fav-andrew_kunzel', 'fav-andrew_lee264', 'fav-angelaparente1234567', 'fav-ansiblescrambler', 'fav-anthony_fasolo', 'fav-anthony_fitzpatrick', 'fav-arkma', 'fav-assisalienist', 'fav-atomet', 'fav-b_d_faran', 'fav-barracuda71', 'fav-belgiojoso', 'fav-bibliofan2018', 'fav-bigbook69', 'fav-blackbird139302', 'fav-bobagoy', 'fav-bouncetiger', 'fav-bowrbird', 'fav-brad_apos_s_screenname', 'fav-brandon951', 'fav-brent_c459', 'fav-brona_cloonan', 'fav-bronwent', 'fav-bxhh', 'fav-captainjohn8178', 'fav-ccgm', 'fav-chapalan', 'fav-chipfrye', 'fav-chris87', 'fav-cinza', 'fav-cliff_pinchon', 'fav-coffeewithnutmeg', 'fav-colinfleminglit', 'fav-corey_shoemaker', 'fav-cow_zoo', 'fav-cs1', 'fav-dalessg', 'fav-damian_merciar', 'fav-darren_healy722', 'fav-david_groeninger', 'fav-davidrad', 'fav-db-librarian', 'fav-dhp57', 'fav-dickie123', 'fav-djmx', 'fav-dmp383', 'fav-doctorhalestrom', 'fav-domo672', 'fav-donekohedron', 'fav-door1234', 'fav-dr_stealdare', 'fav-duksak', 'fav-dvegaber', 'fav-edmond882', 'fav-edsquid', 'fav-ekdevils', 'fav-elucy', 'fav-enigmata', 'fav-enwilson', 'fav-erica_arima', 'fav-esotericky', 'fav-estev_o_ucceli', 'fav-esther496529', 'fav-evanlloydjohnson', 'fav-evolnhoj', 'fav-fabian_camilo_santana', 'fav-fakephilosopher', 'fav-fantasyking2', 'fav-fertileturtle', 'fav-fjpk', 'fav-flibdy', 'fav-foxysad', 'fav-fredesarchiveofstupidshit', 'fav-fuckyouandyourscreenname', 'fav-fvelasqu', 'fav-gariago_mac_com', 'fav-generic-human89', 'fav-gg161', 'fav-gilgamesh720', 'fav-glenachulish', 'fav-glickmandigitalmedia', 'fav-go_twins', 'fav-guth', 'fav-gwilkins2012', 'fav-handford', 'fav-hannah146', 'fav-holla30', 'fav-husky_l', 'fav-idim0', 'fav-ificanucan2', 'fav-infiniverse', 'fav-isabelle_h434', 'fav-j7sper', 'fav-jacob_hanson_student_', 'fav-jade_wagner457', 'fav-james836', 'fav-jchoi4513', 'fav-jeannecmt', 'fav-jeffvk', 'fav-jeneba54', 'fav-jeradsloan', 'fav-jerrymonaco', 'fav-jesus-ipahunef_yott', 'fav-jiddle', 'fav-jimmy_melnarik', 'fav-jimmyjoy', 'fav-jimmylevendia', 'fav-jlavalse', 'fav-jlbell1969', 'fav-jlinklater', 'fav-jltmaher', 'fav-jmcf335', 'fav-jodie_clark', 'fav-joeeeeeeeey', 'fav-john_crow334', 'fav-john_gregan', 'fav-joker341', 'fav-joseph_and_amanda_baker', 'fav-joshua_hartford', 'fav-juan_ignacio_rodriguez', 'fav-julesjones36', 'fav-kachr', 'fav-kadu_kraemer', 'fav-katermurr', 'fav-kember10', 'fav-kerri2', 'fav-kevmark', 'fav-kezeofficial', 'fav-kimbomc22', 'fav-kimuramonster', 'fav-kislay_aditya_kashyap', 'fav-knowonehere', 'fav-kpdownes', 'fav-kramerass', 'fav-kubquik', 'fav-language2000', 'fav-lauren_bence', 'fav-librarylass800', 'fav-lilbeardthepirate', 'fav-lindakay1209', 'fav-livestoriz', 'fav-lizporteraudio', 'fav-lostbreadarchs', 'fav-louise1301', 'fav-lucylovely', 'fav-lucysw', 'fav-ludwig_rau', 'fav-lv_artist', 'fav-m_burkard', 'fav-majesticcasual', 'fav-mamameow', 'fav-manojkumarpes', 'fav-marijke_vermeulen', 'fav-mark_levin', 'fav-mary_mcmillan_sloan', 'fav-mayodaithi', 'fav-meinekinder', 'fav-meropri', 'fav-michael_parkinson346', 'fav-michael_savard', 'fav-mickyjohn', 'fav-minnesotanorthstar', 'fav-mirreople', 'fav-mmmmm351', 'fav-mollo_hersh', 'fav-mrpatrickreinhart', 'fav-mscholz', 'fav-mtroedson', 'fav-mulerman', 'fav-mummimamma', 'fav-muntaka', 'fav-nautilus99', 'fav-new_river_valley', 'fav-nicholas_n', 'fav-nico_tallac', 'fav-noado', 'fav-noahgrey', 'fav-nocjourn', 'fav-notasfarwest', 'fav-notsosilhouette', 'fav-obloquy', 'fav-ocheg', 'fav-olovetr', 'fav-oomf12', 'fav-organ', 'fav-oulipooo', 'fav-pappas2000', 'fav-pb2012', 'fav-pds2020', 'fav-pdwtburgueso', 'fav-pili_32', 'fav-pisu-rino', 'fav-platformaster43', 'fav-post_meddle', 'fav-pskjlno', 'fav-pticasinica', 'fav-quaslusive', 'fav-rail5', 'fav-rainydayman', 'fav-rcw23', 'fav-redsack', 'fav-rjs1800', 'fav-ron664', 'fav-rose1984', 'fav-ryan_o_apos_donnell399', 'fav-s_gierach', 'fav-saltose', 'fav-samantha_kaszuba', 'fav-sameermadh', 'fav-samimmanuel918', 'fav-samuel_a_shaw', 'fav-sapienthedrewid', 'fav-saucemaster', 'fav-schmidhauser', 'fav-schneeschmelze', 'fav-shadowswift', 'fav-siavash_malekei', 'fav-sil_hollander', 'fav-sinem_celik', 'fav-slidewhistle', 'fav-srjenkins', 'fav-sshanas', 'fav-steelingbrowns', 'fav-stinkers', 'fav-stphshr', 'fav-susanaharpist', 'fav-susanhecht', 'fav-swan60631', 'fav-tagnetti', 'fav-tenenti', 'fav-terraduck', 'fav-thanhlat', 'fav-the8ofchains', 'fav-theocchiolistrift', 'fav-timmyreal', 'fav-tjarkvanlier', 'fav-tjh-49953', 'fav-tmcguff', 'fav-tom_bird', 'fav-tomapadilla', 'fav-tony_q', 'fav-tournoir1', 'fav-truthseeks_in_me', 'fav-ttress136', 'fav-umiebiker', 'fav-uncledlight', 'fav-user38899', 'fav-user746763', 'fav-user844576', 'fav-user_71596', 'fav-vahid_mahdavi_mehr', 'fav-vavara', 'fav-vigormortis', 'fav-vinn1992', 'fav-vmahdavimehr', 'fav-warnersl', 'fav-wbkirkland', 'fav-wickedmotiv', 'fav-will_f', 'fav-woolyphilly', 'fav-wownowarchive', 'fav-xehasi1494', 'fav-yakima7', 'fav-yarbook', 'fav-yukonbob2025', 'fav-zgoldford']
/works/OL35695219W	Ulysses	James Joyce	1922	"title:""Ulysses"" AND creator:""James Joyce"""	122	bwb_KV-648-727	Ulysses	James Joyce	1955-01-01T00:00:00Z	1955.0	texts		['internetarchivebooks', 'printdisabled', 'inlibrary']
/works/OL35695219W	Ulysses	James Joyce	1922	"title:""Ulysses"" AND creator:""James Joyce"""	122	bwb_S0-AHU-422	ulysses	james joyce	1961-01-01T00:00:00Z	1961.0	texts	eng	['internetarchivebooks', 'printdisabled', 'inlibrary', 'fav-cameron_reilly', 'fav-pcollier676']
/works/OL35695219W	Ulysses	James Joyce	1922	"title:""Ulysses"" AND creator:""James Joyce"""	122	ulysses0000jame_a4m5	ulysses	james joyce	1914-01-01T00:00:00Z	1914.0	texts	eng	['internetarchivebooks', 'fav-jahanzeb_shah', 'fav-jerryjo8891', 'fav-lmelk', 'fav-tom_ryasko', 'fav-tomlundberg']
/works/OL35695219W	Ulysses	James Joyce	1922	"title:""Ulysses"" AND creator:""James Joyce"""	122	ulysses0000jame_r0q3	Ulysses	James Joyce	1946-01-01T00:00:00Z	1946.0	texts	eng	['internetarchivebooks', 'printdisabled', 'inlibrary']
/works/OL35695219W	Ulysses	James Joyce	1922	"title:""Ulysses"" AND creator:""James Joyce"""	122	ulysses_2007_librivox	Ulysses	James Joyce	2007-06-15T00:00:00Z	2007.0	audio	eng	['librivoxaudio', 'audio_bookspoetry', 'fav-abafzal', 'fav-agacisko', 'fav-alter-eggo', 'fav-amacdonagh', 'fav-amsurb', 'fav-andrea_safarik', 'fav-anrai_niall', 'fav-anthony_hastert', 'fav-antoni_manzoni', 'fav-archiverman1234', 'fav-aurora_m', 'fav-brianna_ladson', 'fav-chapalan', 'fav-cheriedk', 'fav-chrisrd', 'fav-ctmorey', 'fav-dalessg', 'fav-dandymandy576', 'fav-david_tutton', 'fav-deborahwon', 'fav-des_tiny', 'fav-donatella_soul', 'fav-durga_rebbapragada', 'fav-edsquid', 'fav-elaine_milewsky', 'fav-evalido', 'fav-exhibitd', 'fav-fproano', 'fav-fragunder', 'fav-gatedrive', 'fav-goizha', 'fav-hardcore_collector', 'fav-hector_mora', 'fav-ifeng', 'fav-irimarit', 'fav-jacek_henryk_kaminski', 'fav-jeanie20', 'fav-jeannecmt', 'fav-jeremia_w', 'fav-joe040962', 'fav-jory_c', 'fav-kazi_tahmin', 'fav-kimuramonster', 'fav-king_sisyphus', 'fav-kingdavid425', 'fav-kismetmoon', 'fav-kristy222', 'fav-kzwatters', 'fav-lauriedee', 'fav-lightcrystal', 'fav-lloyd_thomas', 'fav-lozdogz', 'fav-marciepaper', 'fav-marsh999', 'fav-masonmd1', 'fav-mazzuma', 'fav-mediasapiens_', 'fav-melanie488', 'fav-mizuganes', 'fav-mountain59', 'fav-muftisahib', 'fav-naheem', 'fav-natalia_pearson', 'fav-neekoid', 'fav-niamh_g297', 'fav-nicholas_n', 'fav-ola_a', 'fav-pandorumism', 'fav-pauline_pasley', 'fav-promet', 'fav-pumpkinprincess', 'fav-quippy', 'fav-randy_grundmann', 'fav-roughhaus', 'fav-salvath0r', 'fav-sdhoneycutt63', 'fav-serendipityseeker', 'fav-shannon_m346', 'fav-smt_rm', 'fav-stinkers', 'fav-sue_retired_librarian', 'fav-suekye', 'fav-summerbabe', 'fav-szvekare01', 'fav-talbotsch', 'fav-talis8573', 'fav-the_open_road', 'fav-thegreenflyingkiwi', 'fav-thewildhoneybee', 'fav-troyhausmann', 'fav-tuckerboy_2', 'fav-txpublius', 'fav-user6670', 'fav-valerie_hawkins', 'fav-virginus_obineche', 'fav-wihan3x', 'fav-wonderous', 'fav-wxyn', 'fav-wynterskies', 'fav-xxssam', 'fav-yudhish_parmar', 'fav-zephuros']
/works/OL35695219W	Ulysses	James Joyce	1922	"title:""Ulysses"" AND creator:""James Joyce"""	122	ulysses0000jame_w4f2	Ulysses	James Joyce	1946-01-01T00:00:00Z	1946.0	texts	eng	['internetarchivebooks', 'printdisabled', 'inlibrary']
/works/OL35695219W	Ulysses	James Joyce	1922	"title:""Ulysses"" AND creator:""James Joyce"""	122	bwb_S0-EEA-925	Ulysses	James Joyce	1946-01-01T00:00:00Z	1946.0	texts	eng	['internetarchivebooks', 'printdisabled', 'inlibrary']
/works/OL35695219W	Ulysses	James Joyce	1922	"title:""Ulysses"" AND creator:""James Joyce"""	122	Ulysses-Audiobook	Ulysses	James Joyce			audio		['hifidelity_audiobooks', 'hifidelity', 'fav-1dividedbyzer0', 'fav-a2049354z', 'fav-a_m_santos', 'fav-a_zemke', 'fav-abdipsi', 'fav-abernethyb', 'fav-abhandhel', 'fav-ac14ze', 'fav-adam_heishman', 'fav-aflockoffools', 'fav-ahmad_m_gad', 'fav-aisling_mcgorrian', 'fav-akohler', 'fav-alan_nix', 'fav-alkutraes', 'fav-allan_burkard', 'fav-alraune', 'fav-alter-eggo', 'fav-alyosha_karamazov', 'fav-amaia_end', 'fav-amazinglostmc', 'fav-andrew299', 'fav-andyinabox', 'fav-angelo83mm', 'fav-anne1126', 'fav-annotation', 'fav-ansis_mergins', 'fav-anthony_fasolo', 'fav-appbliss', 'fav-arcturus-cavus', 'fav-asho123', 'fav-associate-craig-hildebrand', 'fav-astroheist', 'fav-augustohf', 'fav-aurora_m', 'fav-b_h_harkaway', 'fav-babiboh', 'fav-babstar', 'fav-barracuda71', 'fav-beckett27', 'fav-beckymc21', 'fav-beemc', 'fav-bertrand_decrion', 'fav-bootyfullkd', 'fav-borborygmi4706', 'fav-bouncetiger', 'fav-buddythecat', 'fav-bxgpsy', 'fav-bxhh', 'fav-cameron156', 'fav-captain_foley', 'fav-captainkidd', 'fav-capybarasloth', 'fav-carrdm55', 'fav-cationiasta', 'fav-catlow_jack', 'fav-celso_jos_', 'fav-chapalan', 'fav-charlesguinness', 'fav-chase_the_dragon', 'fav-chris_guselle', 'fav-christianhargrove', 'fav-christine_hardy374', 'fav-christopher_north500', 'fav-cinza', 'fav-claire007', 'fav-colin_harrison607', 'fav-colinfleminglit', 'fav-coolgene', 'fav-cornwagonthunder', 'fav-corpus_christi', 'fav-cucapa', 'fav-daithi4441156', 'fav-dalessg', 'fav-damian_merciar', 'fav-dapoerdongeng', 'fav-darlynk', 'fav-ddavis26', 'fav-delidoo', 'fav-dickie123', 'fav-didicit', 'fav-dietrich4', 'fav-dusty_parsons_cox_net', 'fav-eamon_casey983', 'fav-easthouse', 'fav-eatasalad', 'fav-eccossejohn', 'fav-echoesnpark', 'fav-edgar0379', 'fav-edsquid', 'fav-eleventyfirst', 'fav-elias_abobo', 'fav-elizabellatran', 'fav-enigmata', 'fav-enjaeg', 'fav-evolnhoj', 'fav-farto', 'fav-fergaloc', 'fav-ffrankie', 'fav-fishbonealice', 'fav-fjpk', 'fav-flanneryo', 'fav-floofynom', 'fav-franco_galgani', 'fav-fred_jone', 'fav-gargano', 'fav-gashuyuuki', 'fav-gdpok', 'fav-gfox699', 'fav-gkellyz', 'fav-glenbo405', 'fav-glowsim', 'fav-gnch', 'fav-go_twins', 'fav-grinningypsy', 'fav-gunjanthesystem', 'fav-hamgaytio', 'fav-harrypatty', 'fav-hartlander8', 'fav-hayley_d', 'fav-hennigab', 'fav-heythats_cool', 'fav-hiatt_o_apos_connor', 'fav-higgins_bill', 'fav-hsabrams', 'fav-htc10', 'fav-iatrogen', 'fav-iliveinatomb', 'fav-infiniverse', 'fav-jacob_gehman', 'fav-jacobnhk', 'fav-jason_mehmel', 'fav-jdfa', 'fav-jeanie20', 'fav-jebar', 'fav-jehu001', 'fav-jerrymonaco', 'fav-jgfnugent', 'fav-jhulford', 'fav-jimmacintosh', 'fav-jimmylevendia', 'fav-jkrockin', 'fav-jlinklater', 'fav-jltmaher', 'fav-joe_ercolino', 'fav-johannsebastianbach', 'fav-johnbackhouse', 'fav-johnjomilo', 'fav-johnny_de_lux', 'fav-jonnycat506', 'fav-joshua_hartford', 'fav-jtown94', 'fav-juoghou', 'fav-kachr', 'fav-kadillacman', 'fav-kanaia', 'fav-kato400', 'fav-kerberos_del_hades', 'fav-kestutis5787', 'fav-kevinmkilroy', 'fav-kevmark', 'fav-kingkelley', 'fav-kirill_fedtsov', 'fav-kislay_aditya_kashyap', 'fav-knowonehere', 'fav-kristoffer10', 'fav-kriziaz', 'fav-kyleisbuck_', 'fav-l_ov', 'fav-lana-zeina', 'fav-leif021', 'fav-leire_lazurtegui', 'fav-lightloom', 'fav-lovethearchive', 'fav-luciano46', 'fav-lucyreads', 'fav-lunarlink', 'fav-mafavi', 'fav-maggsb', 'fav-marcelo_zurawski', 'fav-mariana_garcia181', 'fav-mark_shuttleworth', 'fav-martin17355', 'fav-marulucuix', 'fav-mary_mcmillan_sloan', 'fav-masonmd1', 'fav-matineex', 'fav-matthew_ciuccio150', 'fav-maxim_chapelain', 'fav-mdridgway', 'fav-medaya89', 'fav-meisterprofugio', 'fav-mejust_happyrobot', 'fav-melobski4', 'fav-michael_dineen_deenr_', 'fav-michael_savard', 'fav-mirrormorror', 'fav-mistera2001', 'fav-moodymozart', 'fav-mulya', 'fav-naheem', 'fav-nandrews10', 'fav-neatalya', 'fav-nellynette', 'fav-nessma_kandil', 'fav-news4you', 'fav-nicholask13', 'fav-nick1981', 'fav-noahgrey', 'fav-oberlym', 'fav-oenghus', 'fav-old_al999', 'fav-oldlgoon', 'fav-onraglanroad', 'fav-opcomm', 'fav-oulipooo', 'fav-panbun', 'fav-panteei', 'fav-parna_sengupta', 'fav-paulette2018', 'fav-pauline_pasley', 'fav-pb2012', 'fav-pbfagan', 'fav-pcruz', 'fav-peterc78', 'fav-petotts', 'fav-phlipsmith_1', 'fav-pickwickplocks', 'fav-pierre_narimani', 'fav-plastic_pyramid', 'fav-pleonic', 'fav-pobox1073', 'fav-pooleyoxymoron', 'fav-pooya8', 'fav-poutingcavity', 'fav-prodigalson', 'fav-purpulan', 'fav-pyotr_matt', 'fav-r_hmer', 'fav-rachel_hershberg', 'fav-readerstroupe', 'fav-reohd', 'fav-riverdogs', 'fav-rixanne', 'fav-rjltrevisan', 'fav-rob054', 'fav-robocoup', 'fav-rolyrs', 'fav-rosskoe', 'fav-rycav', 'fav-rzwiebach', 'fav-s_tay', 'fav-sallysr', 'fav-sandervv04', 'fav-saohara', 'fav-saphira5001', 'fav-sarah_gram', 'fav-satori_in_life', 'fav-sawrewm', 'fav-schmidhauser', 'fav-scott867', 'fav-senor_headache', 'fav-shadowlink26', 'fav-shakob_farukh', 'fav-shatsc', 'fav-shelby0827', 'fav-sidneysimon_chinnery', 'fav-sila214', 'fav-sincorrigible', 'fav-slappy26', 'fav-smishy', 'fav-socrates53', 'fav-solanacean', 'fav-someperson77', 'fav-spqrafa', 'fav-spygirl51', 'fav-sstagman', 'fav-steve101', 'fav-steveam', 'fav-stinkers', 'fav-stthosl', 'fav-susienow', 'fav-sussj', 'fav-sw112', 'fav-sydnieblair', 'fav-sypsaj', 'fav-tara_eaton', 'fav-thadexmachina', 'fav-thanhlat', 'fav-thebeautifulwords', 'fav-theelibrarian', 'fav-thisisfay', 'fav-timmyreal', 'fav-timothycraigharrison', 'fav-tkingma13', 'fav-tonecapone1', 'fav-transistor_realms', 'fav-tshkrel', 'fav-uglyhead', 'fav-uldferr', 'fav-user3458', 'fav-user38899', 'fav-user_71596', 'fav-user_84371', 'fav-utvolskk', 'fav-vinod_varghese', 'fav-vmahdavimehr', 'fav-wanders4ever', 'fav-whitetrashpeg', 'fav-wyntersong', 'fav-yeayoumama', 'fav-yoshiyamadeep', 'fav-yudhish_parmar', 'fav-zara_bell', 'fav-zardoz_lullaby']
/works/OL35695219W	Ulysses	James Joyce	1922	"title:""Ulysses"" AND creator:""James Joyce"""	122	ulysses0000jame_u7t0_t1u9	Ulysses	James Joyce	1934-01-01T00:00:00Z	1934.0	texts	eng	['internetarchivebooks', 'printdisabled', 'inlibrary']
/works/OL35695219W	Ulysses	James Joyce	1922	"title:""Ulysses"" AND creator:""James Joyce"""	122	bwb_S0-BGP-462	Ulysses	James Joyce	1946-01-01T00:00:00Z	1946.0	texts	eng	['internetarchivebooks', 'printdisabled', 'inlibrary']
/works/OL35695219W	Ulysses	James Joyce	1922	"title:""Ulysses"" AND creator:""James Joyce"""	122	ulysses1979copy0000jame	Ulysses (1979 copy)	James Joyce	1900-01-01T00:00:00Z	1900.0	texts	eng	['internetarchivebooks', 'fav-cctu_pico_sena', 'fav-chapalan', 'fav-daniil_nikel', 'fav-lindsie_billeter']
/works/OL35695219W	Ulysses	James Joyce	1922	"title:""Ulysses"" AND creator:""James Joyce"""	122	ulysses2018	Ulysses	James Joyce	1922-02-02T00:00:00Z	1922.0	texts	eng	['opensource', 'community', 'fav-_mnemosyne_', 'fav-ava_f422', 'fav-buddythecat', 'fav-elenaandmar', 'fav-elizabeth_march', 'fav-garc115', 'fav-haight1968', 'fav-italo2016', 'fav-metalfingerdoom', 'fav-mirreople', 'fav-nathantang615', 'fav-okinasevych', 'fav-preludioparamar', 'fav-user_71596']
/works/OL35695219W	Ulysses	James Joyce	1922	"title:""Ulysses"" AND creator:""James Joyce"""	122	ulysses0000jame_u6x8	Ulysses	James Joyce	1914-01-01T00:00:00Z	1914.0	texts	eng	['internetarchivebooks']
/works/OL35695219W	Ulysses	James Joyce	1922	"title:""Ulysses"" AND creator:""James Joyce"""	122	bwb_S0-EFZ-297	ULYSSES	James Joyce	1961-01-01T00:00:00Z	1961.0	texts	eng	['internetarchivebooks', 'printdisabled', 'inlibrary']
/works/OL35695219W	Ulysses	James Joyce	1922	"title:""Ulysses"" AND creator:""James Joyce"""	122	bwb_T4-AQL-264	ulysses	james joyce	1946-01-01T00:00:00Z	1946.0	texts	eng	['internetarchivebooks', 'printdisabled', 'inlibrary']
/works/OL35695219W	Ulysses	James Joyce	1922	"title:""Ulysses"" AND creator:""James Joyce"""	122	bwb_C0-BNV-598	Ulysses	James Joyce	1946-01-01T00:00:00Z	1946.0	texts	Eng	['internetarchivebooks', 'printdisabled', 'inlibrary']
/works/OL35695219W	Ulysses	James Joyce	1922	"title:""Ulysses"" AND creator:""James Joyce"""	122	ulysses-james-joyce	Ulysses | James Joyce	James Joyce			texts		['opensource']
/works/OL35695219W	Ulysses	James Joyce	1922	"title:""Ulysses"" AND creator:""James Joyce"""	122	ulysses-james-joyce_202512	Ulysses - James Joyce	James Joyce			texts	eng	['opensource', 'fav-cryptbooker', 'fav-pat_indie']
/works/OL35695219W	Ulysses	James Joyce	1922	"title:""Ulysses"" AND creator:""James Joyce"""	122	ulysses0000jame_m4k5	ULYSSES	James Joyce	1967-01-01T00:00:00Z	1967.0	texts		['internetarchivebooks', 'printdisabled', 'inlibrary']
/works/OL35695219W	Ulysses	James Joyce	1922	"title:""Ulysses"" AND creator:""James Joyce"""	122	bwb_Y0-BTI-626	ulysses	james joyce	1942-01-01T00:00:00Z	1942.0	texts	eng	['internetarchivebooks', 'printdisabled', 'inlibrary']
/works/OL35695219W	Ulysses	James Joyce	1922	"title:""Ulysses"" AND creator:""James Joyce"""	122	bwb_S0-EHD-320	Ulysses	James Joyce	1961-01-01T00:00:00Z	1961.0	texts	eng	['internetarchivebooks', 'printdisabled', 'inlibrary']
/works/OL35695219W	Ulysses	James Joyce	1922	"title:""Ulysses"" AND creator:""James Joyce"""	122	bwb_S0-CRV-607	Ulysses	James Joyce	1946-01-01T00:00:00Z	1946.0	texts	eng	['internetarchivebooks', 'printdisabled', 'inlibrary']
/works/OL35695219W	Ulysses	James Joyce	1922	"title:""Ulysses"" AND creator:""James Joyce"""	122	bwb_S0-DHX-696	Ulysses	James Joyce	1961-01-01T00:00:00Z	1961.0	texts	eng	['internetarchivebooks', 'printdisabled', 'inlibrary']
/works/OL35695219W	Ulysses	James Joyce	1922	"title:""Ulysses"" AND creator:""James Joyce"""	122	ulysses0000jame_f0g3	Ulysses	James Joyce	1961-01-01T00:00:00Z	1961.0	texts	eng	['internetarchivebooks', 'printdisabled', 'inlibrary']
/works/OL35695219W	Ulysses	James Joyce	1922	"title:""Ulysses"" AND creator:""James Joyce"""	122	bwb_KV-186-696	Ulysses	James Joyce	1969-01-01T00:00:00Z	1969.0	texts	eng	['internetarchivebooks', 'printdisabled', 'inlibrary']
/works/OL35695219W	Ulysses	James Joyce	1922	"title:""Ulysses"" AND creator:""James Joyce"""	122	ulysses0000jame_w5q0	Ulysses	James Joyce	1946-01-01T00:00:00Z	1946.0	texts	eng	['internetarchivebooks', 'printdisabled', 'inlibrary']
/works/OL35695219W	Ulysses	James Joyce	1922	"title:""Ulysses"" AND creator:""James Joyce"""	122	ulysses0000jame_f5n4	Ulysses	James Joyce	1946-01-01T00:00:00Z	1946.0	texts		['internetarchivebooks', 'printdisabled', 'inlibrary']
/works/OL35695219W	Ulysses	James Joyce	1922	"title:""Ulysses"" AND creator:""James Joyce"""	122	bwb_S0-CPS-547	ULYSSES	James Joyce	1946-01-01T00:00:00Z	1946.0	texts		['internetarchivebooks', 'printdisabled', 'inlibrary']
/works/OL35695219W	Ulysses	James Joyce	1922	"title:""Ulysses"" AND creator:""James Joyce"""	122	UlyssesPart1	Ulysses Part 1	James Joyce			audio		['opensource_audio', 'community', 'fav-wandering_frame']
/works/OL35695219W	Ulysses	James Joyce	1922	"title:""Ulysses"" AND creator:""James Joyce"""	122	bwb_C0-AQJ-538	Ulysses	James Joyce	1946-01-01T00:00:00Z	1946.0	texts		['internetarchivebooks', 'printdisabled', 'inlibrary']
/works/OL35695219W	Ulysses	James Joyce	1922	"title:""Ulysses"" AND creator:""James Joyce"""	122	ulysses0000jame_x5b6	Ulysses	James Joyce	1946-01-01T00:00:00Z	1946.0	texts	eng	['internetarchivebooks', 'printdisabled', 'inlibrary']
/works/OL35695219W	Ulysses	James Joyce	1922	"title:""Ulysses"" AND creator:""James Joyce"""	122	ulysses0000unse_t3c9	ULYSSES	James Joyce	1942-01-01T00:00:00Z	1942.0	texts		['internetarchivebooks', 'printdisabled', 'inlibrary']
/works/OL35695219W	Ulysses	James Joyce	1922	"title:""Ulysses"" AND creator:""James Joyce"""	122	ulysses0000jame_e1q6	Ulysses	James Joyce	1942-01-01T00:00:00Z	1942.0	texts		['internetarchivebooks', 'printdisabled', 'inlibrary']
/works/OL35695219W	Ulysses	James Joyce	1922	"title:""Ulysses"" AND creator:""James Joyce"""	122	ulyssesshake1925_dis	Ulysses (Shakespeare 7th printing, disguised)	James Joyce	1925-10-01T00:00:00Z	1925.0	texts	eng	['internetarchivebooks', 'americana', 'bannedbooks', 'fav-crista_shanel_pahayag', 'fav-horrorenthused', 'fav-jacob_brown737', 'fav-mariaadnan', 'fav-myra_bente', 'fav-namisuixi', 'fav-nigella_damascena', 'fav-sonal_rathore']
/works/OL35695219W	Ulysses	James Joyce	1922	"title:""Ulysses"" AND creator:""James Joyce"""	122	ulysses0000jame_r1v9	Ulysses	James Joyce	1946-01-01T00:00:00Z	1946.0	texts	eng	['internetarchivebooks', 'printdisabled', 'inlibrary']
/works/OL245401W	The Prisoner of Zenda	Anthony Hope	1894	"title:""The Prisoner of Zenda"" AND creator:""Anthony Hope"""	39	bwb_Y0-ARQ-609	The prisoner of Zenda : being the history of three months in the life of an English gentleman ; Rupert of Hentzau : being the sequel	Anthony Hope	2008-01-01T00:00:00Z	2008.0	texts	eng	['printdisabled', 'pub_worlds-best-reading', 'internetarchivebooks', 'periodicals', 'inlibrary']
/works/OL245401W	The Prisoner of Zenda	Anthony Hope	1894	"title:""The Prisoner of Zenda"" AND creator:""Anthony Hope"""	39	ruperthentzaufr01hopegoog	"Rupert of Hentzau: From the Memoirs of Fritz Von Tarlenheim, Sequel to the ""Prisoner of Zenda."""	Anthony. Hope	1898-01-01T00:00:00Z	1898.0	texts	English	['americana']
/works/OL245401W	The Prisoner of Zenda	Anthony Hope	1894	"title:""The Prisoner of Zenda"" AND creator:""Anthony Hope"""	39	the-prisoner-of-zenda-2011-anthony-hope	The Prisoner Of Zenda (2011) - Anthony Hope	Anthony Hope	2011-01-01T00:00:00Z	2011.0	texts	eng	['opensource', 'fav-lordelton933']
/works/OL245401W	The Prisoner of Zenda	Anthony Hope	1894	"title:""The Prisoner of Zenda"" AND creator:""Anthony Hope"""	39	prisonerzendabe01hopegoog	The Prisoner of Zenda: Being the History of Three Months in the Life of an ...	Anthony Hope	1899-01-01T00:00:00Z	1899.0	texts	English	['americana']
/works/OL245401W	The Prisoner of Zenda	Anthony Hope	1894	"title:""The Prisoner of Zenda"" AND creator:""Anthony Hope"""	39	in.ernet.dli.2015.13203	The Prisoner Of Zenda	Anthony Hope	1917-01-01T00:00:00Z	1917.0	texts	eng	['digitallibraryindia', 'JaiGyan', 'fav-ramap', 'fav-salaheldin_mohamed']
/works/OL245401W	The Prisoner of Zenda	Anthony Hope	1894	"title:""The Prisoner of Zenda"" AND creator:""Anthony Hope"""	39	rupertofhentzau0000unse	Rupert of Hentzau : being a sequel to a story by the same writer, entitled The prisoner of Zenda	Hope, Anthony, pseud. van Anthony Hope Hawkins	1946-01-01T00:00:00Z	1946.0	texts	eng	['internetarchivebooks', 'inlibrary', 'printdisabled']
/works/OL245401W	The Prisoner of Zenda	Anthony Hope	1894	"title:""The Prisoner of Zenda"" AND creator:""Anthony Hope"""	39	prisonerofzenda0000anth_x6m3	The Prisoner of Zenda	Anthony Hope	1948-01-01T00:00:00Z	1948.0	texts	eng	['internetarchivebooks', 'printdisabled', 'inlibrary', 'fav-tman10']
/works/OL245401W	The Prisoner of Zenda	Anthony Hope	1894	"title:""The Prisoner of Zenda"" AND creator:""Anthony Hope"""	39	bwb_KL-448-891	the prisoner of zenda	anthony hope	1945-01-01T00:00:00Z	1945.0	texts	eng	['internetarchivebooks', 'inlibrary', 'printdisabled']
/works/OL245401W	The Prisoner of Zenda	Anthony Hope	1894	"title:""The Prisoner of Zenda"" AND creator:""Anthony Hope"""	39	prisonerofzenda0000anth_e6g6	The Prisoner of Zenda	Anthony Hope	1894-01-01T00:00:00Z	1894.0	texts	English	['internetarchivebooks']
/works/OL245401W	The Prisoner of Zenda	Anthony Hope	1894	"title:""The Prisoner of Zenda"" AND creator:""Anthony Hope"""	39	prisonerofzenda0000unse_q4y1	the prisoner of zenda	Anthony Hope	1921-01-01T00:00:00Z	1921.0	texts		['internetarchivebooks']
/works/OL245401W	The Prisoner of Zenda	Anthony Hope	1894	"title:""The Prisoner of Zenda"" AND creator:""Anthony Hope"""	39	prisonerofzendab0000anth_w5p6	THE PRISONER OF ZENDA Being the History of Three Months in the Life of an English Gentleman	Anthony Hope	1962-01-01T00:00:00Z	1962.0	texts	eng	['internetarchivebooks', 'inlibrary', 'printdisabled']
/works/OL245401W	The Prisoner of Zenda	Anthony Hope	1894	"title:""The Prisoner of Zenda"" AND creator:""Anthony Hope"""	39	prisoner_of_zenda_librivox	The Prisoner of Zenda	Anthony Hope	2006-12-16T00:00:00Z	2006.0	audio	eng	['librivoxaudio', 'audio_bookspoetry', 'fav-adventuresome', 'fav-amirahossam', 'fav-artango', 'fav-cinnamonny', 'fav-cwk120', 'fav-dragonflyer', 'fav-kellylael', 'fav-kssallymac', 'fav-lynnbk', 'fav-ma_ella_macabenta', 'fav-milanigno', 'fav-myhoneybee247', 'fav-theawend', 'fav-thew_', 'fav-wooly_mammoth', 'fav-zc456', 'fav-zeleia']
/works/OL245401W	The Prisoner of Zenda	Anthony Hope	1894	"title:""The Prisoner of Zenda"" AND creator:""Anthony Hope"""	39	prisonerofzenda0000anth_o7l3	The Prisoner of Zenda	Anthony Hope	1943-01-01T00:00:00Z	1943.0	texts	eng	['internetarchivebooks', 'printdisabled', 'inlibrary']
/works/OL245401W	The Prisoner of Zenda	Anthony Hope	1894	"title:""The Prisoner of Zenda"" AND creator:""Anthony Hope"""	39	theprisonerofzen0000anth	the prisoner of zenda	anthony hope	1894-01-01T00:00:00Z	1894.0	texts	eng	['internetarchivebooks', 'fav-jahanzeb_shah']
/works/OL245401W	The Prisoner of Zenda	Anthony Hope	1894	"title:""The Prisoner of Zenda"" AND creator:""Anthony Hope"""	39	bwb_KV-420-504	The prisoner of zenda	Anthony Hope	1924-11-01T00:00:00Z	1924.0	texts	eng	['internetarchivebooks']
/works/OL245401W	The Prisoner of Zenda	Anthony Hope	1894	"title:""The Prisoner of Zenda"" AND creator:""Anthony Hope"""	39	bwb_C0-ARO-970	The Prisoner Of Zenda	Anthony Hope	1968-01-01T00:00:00Z	1968.0	texts	eng	['internetarchivebooks', 'printdisabled', 'inlibrary']
/works/OL245401W	The Prisoner of Zenda	Anthony Hope	1894	"title:""The Prisoner of Zenda"" AND creator:""Anthony Hope"""	39	isbn_9781456314910	The prisoner of zenda	Anthony Hope	2018-01-01T00:00:00Z	2018.0	texts	eng	['internetarchivebooks', 'printdisabled']
/works/OL245401W	The Prisoner of Zenda	Anthony Hope	1894	"title:""The Prisoner of Zenda"" AND creator:""Anthony Hope"""	39	bwb_C0-BPL-582	the prisoner of zenda	anthony hope	1960-01-01T00:00:00Z	1960.0	texts	eng	['internetarchivebooks', 'printdisabled', 'inlibrary']
/works/OL245401W	The Prisoner of Zenda	Anthony Hope	1894	"title:""The Prisoner of Zenda"" AND creator:""Anthony Hope"""	39	bwb_KV-423-572	the prisoner of zenda	anthony hope	1926-01-01T00:00:00Z	1926.0	texts	eng	['internetarchivebooks', 'fav-tman10']
/works/OL245401W	The Prisoner of Zenda	Anthony Hope	1894	"title:""The Prisoner of Zenda"" AND creator:""Anthony Hope"""	39	bwb_KS-479-532	The Prisoner of Zenda	Anthony Hope	2017-11-01T00:00:00Z	2017.0	texts	eng	['internetarchivebooks', 'inlibrary', 'printdisabled']
/works/OL245401W	The Prisoner of Zenda	Anthony Hope	1894	"title:""The Prisoner of Zenda"" AND creator:""Anthony Hope"""	39	bwb_KV-475-821	The Prisoner of Zenda	Anthony Hope	1950-01-01T00:00:00Z	1950.0	texts		['internetarchivebooks', 'printdisabled', 'inlibrary']
/works/OL245401W	The Prisoner of Zenda	Anthony Hope	1894	"title:""The Prisoner of Zenda"" AND creator:""Anthony Hope"""	39	bwb_S0-EKV-713	THE PRISONER OF ZENDA	ANTHONY HOPE	1898-01-01T00:00:00Z	1898.0	texts		['internetarchivebooks', 'fav-bryan_c', 'fav-tman10']
/works/OL245401W	The Prisoner of Zenda	Anthony Hope	1894	"title:""The Prisoner of Zenda"" AND creator:""Anthony Hope"""	39	theprisonerofzen22436gut	The Prisoner of Zenda	Anthony Hope			audio	en	['gutenberg']
/works/OL245401W	The Prisoner of Zenda	Anthony Hope	1894	"title:""The Prisoner of Zenda"" AND creator:""Anthony Hope"""	39	prisonerofzenda0000anth_n9a8_b0p9	The Prisoner Of Zenda	Anthony Hope	1937-01-01T00:00:00Z	1937.0	texts	eng	['internetarchivebooks', 'printdisabled', 'inlibrary']
/works/OL245401W	The Prisoner of Zenda	Anthony Hope	1894	"title:""The Prisoner of Zenda"" AND creator:""Anthony Hope"""	39	prisonerofzenda0000unse_y5o8	The prisoner of zenda	Anthony Hope	1974-01-01T00:00:00Z	1974.0	texts	eng	['internetarchivebooks', 'printdisabled', 'inlibrary']
/works/OL245401W	The Prisoner of Zenda	Anthony Hope	1894	"title:""The Prisoner of Zenda"" AND creator:""Anthony Hope"""	39	prisonerofzendaa0000anth	The Prisoner of Zenda,a Pyramid Classic	Anthony Hope	1961-01-01T00:00:00Z	1961.0	texts	eng	['internetarchivebooks', 'inlibrary', 'printdisabled']
/works/OL245401W	The Prisoner of Zenda	Anthony Hope	1894	"title:""The Prisoner of Zenda"" AND creator:""Anthony Hope"""	39	prisonerofzenda10000anth	The Prisoner of Zenda 1968	ANTHONY HOPE	1968-01-01T00:00:00Z	1968.0	texts	eng	['internetarchivebooks', 'inlibrary', 'printdisabled']
/works/OL245401W	The Prisoner of Zenda	Anthony Hope	1894	"title:""The Prisoner of Zenda"" AND creator:""Anthony Hope"""	39	bwb_KU-125-879	the prisoner of zenda	anthony hope	1994-01-01T00:00:00Z	1994.0	texts	eng	['internetarchivebooks', 'printdisabled', 'inlibrary', 'fav-hemrique']
/works/OL245401W	The Prisoner of Zenda	Anthony Hope	1894	"title:""The Prisoner of Zenda"" AND creator:""Anthony Hope"""	39	bwb_Y0-BMB-749	The Prisoner of Zenda	Anthony Hope	1968-01-01T00:00:00Z	1968.0	texts	eng	['internetarchivebooks', 'printdisabled', 'inlibrary']
/works/OL245401W	The Prisoner of Zenda	Anthony Hope	1894	"title:""The Prisoner of Zenda"" AND creator:""Anthony Hope"""	39	bwb_T5-AFQ-054	The Prisoner of Zenda	Anthony Hope	1968-01-01T00:00:00Z	1968.0	texts	eng	['internetarchivebooks', 'printdisabled', 'inlibrary']
/works/OL245401W	The Prisoner of Zenda	Anthony Hope	1894	"title:""The Prisoner of Zenda"" AND creator:""Anthony Hope"""	39	prisonerofzenda0000anth_n0n1	The Prisoner of Zenda	Anthony Hope	1898-01-01T00:00:00Z	1898.0	texts	eng	['internetarchivebooks', 'fav-rudyk1211', 'fav-thew_']
/works/OL245401W	The Prisoner of Zenda	Anthony Hope	1894	"title:""The Prisoner of Zenda"" AND creator:""Anthony Hope"""	39	isbn_9781514879412	The Prisoner of Zenda: Illustrated	Anthony Hope	2015-07-08T00:00:00Z	2015.0	texts	eng	['internetarchivebooks', 'inlibrary', 'printdisabled']
/works/OL245401W	The Prisoner of Zenda	Anthony Hope	1894	"title:""The Prisoner of Zenda"" AND creator:""Anthony Hope"""	39	prisonerzendabe00hopegoog	The Prisoner of Zenda: Being the History of Three Months in the Life of an English Gentleman	Anthony Hope	1898-01-01T00:00:00Z	1898.0	texts	English	['americana', 'fav-enemybrothers']
/works/OL245401W	The Prisoner of Zenda	Anthony Hope	1894	"title:""The Prisoner of Zenda"" AND creator:""Anthony Hope"""	39	silent-the-prisoner-of-zenda	The Prisoner of Zenda	"['Stuart Holmes', 'Alice Terry', ""Mary O'Hara"", 'Anthony Hope', 'Lewis Stone', 'Robert Edeson', 'Rex Ingram']"	1922-09-11T00:00:00Z	1922.0	movies		['silent_films', 'feature_films', 'moviesandfilms', 'fav-brendan_s_', 'fav-dblock0932_', 'fav-estherm1955', 'fav-jaime_campomar', 'fav-martin_maola']
/works/OL245401W	The Prisoner of Zenda	Anthony Hope	1894	"title:""The Prisoner of Zenda"" AND creator:""Anthony Hope"""	39	prisonerofzendah0000anth	The Prisoner of Zenda (Heritage Press Edition)	Anthony Hope	1966-01-01T00:00:00Z	1966.0	texts	eng	['internetarchivebooks', 'printdisabled', 'inlibrary']
/works/OL245401W	The Prisoner of Zenda	Anthony Hope	1894	"title:""The Prisoner of Zenda"" AND creator:""Anthony Hope"""	39	tarzanofapes00burr_0	Tarzan of the Apes and the Prisoner of Zenda	['Edgar Rice Burroughs', 'Anthony Hope']	2006-01-01T00:00:00Z	2006.0	texts	eng	['internetarchivebooks', 'delawarecountydistrictlibrary', 'americana', 'printdisabled', 'fav-certainty', 'fav-folhas_do_outono', 'fav-g_nesis_barrera', 'fav-isaiah_herrero', 'library_of_atlantis']
/works/OL245401W	The Prisoner of Zenda	Anthony Hope	1894	"title:""The Prisoner of Zenda"" AND creator:""Anthony Hope"""	39	prisonerofzenda0000anth	the prisoner of zenda	anthony hope	1945-01-01T00:00:00Z	1945.0	texts	eng	['internetarchivebooks', 'inlibrary', 'printdisabled', 'fav-hory_kah_jel', 'fav-jene4']
/works/OL245401W	The Prisoner of Zenda	Anthony Hope	1894	"title:""The Prisoner of Zenda"" AND creator:""Anthony Hope"""	39	prisonerofzend0000anth	THE PRISONER OF ZENDA	ANTHONY HOPE	1898-01-01T00:00:00Z	1898.0	texts	eng	['internetarchivebooks', 'fav-supercalifra']
/works/OL245401W	The Prisoner of Zenda	Anthony Hope	1894	"title:""The Prisoner of Zenda"" AND creator:""Anthony Hope"""	39	isbn_9781854712172	the prisoner of zenda	anthony hope	1994-01-01T00:00:00Z	1994.0	texts	eng	['internetarchivebooks', 'inlibrary', 'printdisabled']
/works/OL41540816W	Robert Elsmere	Mrs. Humphry Ward	1888	"title:""Robert Elsmere"" AND creator:""Mrs. Humphry Ward"""	4	robertelsmere0000mrsh	Robert Elsmere	Mrs. Humphry Ward	1888-01-01T00:00:00Z	1888.0	texts	eng	['internetarchivebooks']
/works/OL41540816W	Robert Elsmere	Mrs. Humphry Ward	1888	"title:""Robert Elsmere"" AND creator:""Mrs. Humphry Ward"""	4	robertelsmere0000mrsh_b6c7	Robert Elsmere	Mrs. Humphry Ward	1888-01-01T00:00:00Z	1888.0	texts	eng	['internetarchivebooks']
/works/OL41540816W	Robert Elsmere	Mrs. Humphry Ward	1888	"title:""Robert Elsmere"" AND creator:""Mrs. Humphry Ward"""	4	bwb_KU-140-658	ROBERT ELSMERE	Mrs. Humphry Ward	1889-01-01T00:00:00Z	1889.0	texts		['internetarchivebooks', 'fav-wfrei']
/works/OL41540816W	Robert Elsmere	Mrs. Humphry Ward	1888	"title:""Robert Elsmere"" AND creator:""Mrs. Humphry Ward"""	4	bwb_KU-140-616	Robert Elsmere	Mrs. Humphry Ward	1888-01-01T00:00:00Z	1888.0	texts	eng	['internetarchivebooks']
/works/OL1487721W	Alas	Rhoda Broughton	1890	"title:""Alas"" AND creator:""Rhoda Broughton"""	1	alasanovel00brougoog	Alas!: A Novel	Rhoda Broughton	1891-01-01T00:00:00Z	1891.0	texts	English	['americana', 'fav-jos924']
/works/OL509889W	The Good Soldier	Ford Maddox Ford	1915	"title:""The Good Soldier"" AND creator:""Ford Maddox Ford"""	0								
/works/OL85892W	Dracula	Bram Stoker	1897	"title:""Dracula"" AND creator:""Bram Stoker"""	94	axemhayiqmmjr2gvpl1ukglpmt9xwveh7ikm4kwa	Drácula Podcast	Drácula Bram Stoker	2020-07-20T00:00:00Z	2020.0	audio		['podcasts_mirror_bobarchives', 'podcasts_mirror']
/works/OL85892W	Dracula	Bram Stoker	1897	"title:""Dracula"" AND creator:""Bram Stoker"""	94	dracula0000bram_e6c1	Dracula	Bram Stoker	1965-01-01T00:00:00Z	1965.0	texts	eng	['internetarchivebooks', 'inlibrary', 'printdisabled', 'fav-anstep', 'fav-g_nesis_barrera', 'fav-jerry_cornelius', 'fav-kitty_greenaway', 'fav-leavesturninsideyou']
/works/OL85892W	Dracula	Bram Stoker	1897	"title:""Dracula"" AND creator:""Bram Stoker"""	94	draculamysteryst0000bram_z8o8	dracula: a mystery story	bram stoker	1897-01-01T00:00:00Z	1897.0	texts	eng	['internetarchivebooks', 'fav-g_nesis_barrera', 'fav-jeffrey_w_', 'fav-missnoblestar', 'fav-ubdav32']
/works/OL85892W	Dracula	Bram Stoker	1897	"title:""Dracula"" AND creator:""Bram Stoker"""	94	dracula0000mrbr	Dracula	Mr Bram Stoker	1897-07-01T00:00:00Z	1897.0	texts	eng	['internetarchivebooks', 'fav-g_nesis_barrera']
/works/OL85892W	Dracula	Bram Stoker	1897	"title:""Dracula"" AND creator:""Bram Stoker"""	94	dracula-1v-3	Dracula (Bram Stoker - WDR 1995)	Bram Stoker	1995-01-01T00:00:00Z	1995.0	audio	ger	['radioaufnahmen', 'radioprograms', 'fav-blaise69', 'fav-carsten_hinze_ghostwriter666_', 'fav-dingosaar', 'fav-doom_scarecrow', 'fav-dr_greenthumbb', 'fav-erikbartok', 'fav-ghosttatic_50', 'fav-guystalnaker', 'fav-jameslast', 'fav-kreiflower', 'fav-matosch', 'fav-mccelia', 'fav-mike_schmakowski', 'fav-paul_aitken', 'fav-piazza24', 'fav-quali72', 'fav-rungholt', 'fav-sarah_beck139', 'fav-silvvae', 'fav-sith409', 'fav-spcontent', 'fav-stefan310', 'fav-superdedel', 'fav-t191', 'fav-trulyjuly', 'fav-yupavadi_yupavadi_']
/works/OL85892W	Dracula	Bram Stoker	1897	"title:""Dracula"" AND creator:""Bram Stoker"""	94	draculaamazoncla0000bram	Dracula (AmazonClassics Edition)	Bram Stoker	2017-01-01T00:00:00Z	2017.0	texts	eng	['internetarchivebooks', 'inlibrary', 'printdisabled', 'fav-daniil_nikel', 'fav-g_nesis_barrera', 'fav-revdlaurie']
/works/OL85892W	Dracula	Bram Stoker	1897	"title:""Dracula"" AND creator:""Bram Stoker"""	94	readiance-dracula_ks_1608_librivox	Dracula (version 3)	Bram Stoker			data	English	['readiance', 'patron-library-collection']
/works/OL85892W	Dracula	Bram Stoker	1897	"title:""Dracula"" AND creator:""Bram Stoker"""	94	DraculaByBramStoker	Dracula by Bram Stoker	Bram Stoker			audio		['audio_bookspoetry', 'fav-benjamin_spurlock', 'fav-doom_scarecrow', 'fav-glickmandigitalmedia', 'fav-lifurrr', 'fav-lili_va', 'fav-morgana2828', 'fav-peebee21', 'fav-team_r_i_p']
/works/OL85892W	Dracula	Bram Stoker	1897	"title:""Dracula"" AND creator:""Bram Stoker"""	94	dracula_v4_1903_librivox	Dracula (version 4)	Bram Stoker	2019-03-27T00:00:00Z	2019.0	audio	eng	['librivoxaudio', 'audio_bookspoetry', 'fav-augustus2025', 'fav-bo7777', 'fav-catzilly', 'fav-cjodavis', 'fav-dropthatcoffee', 'fav-elizabeth_lajoy', 'fav-gavo76', 'fav-jack_mooneyham', 'fav-jagold42', 'fav-jdubbyu', 'fav-kiimii', 'fav-laird_bob', 'fav-lu_sa_abreu', 'fav-mgx1979_googlemail_com', 'fav-nah0um', 'fav-narasimhadas', 'fav-rose1984', 'fav-rsms', 'fav-saturn2332', 'fav-spencer_baker', 'fav-stingh2_', 'fav-tom_-_t4', 'fav-tomsweetman', 'fav-townley927', 'fav-whobluebox', 'fav-wickedmotiv', 'fav-worldbuggy', 'fav-zoe_butler907']
/works/OL85892W	Dracula	Bram Stoker	1897	"title:""Dracula"" AND creator:""Bram Stoker"""	94	dracula_1931_color	DRACULA 1931	BRAM STOKER	1931-01-01T00:00:00Z	1931.0	movies	eng	['punkrockjukebox', 'folksoundomy', 'fav-80seiffel', 'fav-bogdan_turcanu', 'fav-chezb423', 'fav-destro1975', 'fav-dfw1635', 'fav-emily_joyner914', 'fav-erikbartok', 'fav-jjk_justin', 'fav-leebug9108', 'fav-misfitmadness', 'fav-poetrysingsasong', 'fav-punk_rock_jukebox']
/works/OL85892W	Dracula	Bram Stoker	1897	"title:""Dracula"" AND creator:""Bram Stoker"""	94	isbn_9781623750282	dracula	bram stoker	2012-01-01T00:00:00Z	2012.0	texts	eng	['internetarchivebooks', 'inlibrary', 'printdisabled', 'fav-anstep', 'fav-clowninaround', 'fav-g_nesis_barrera', 'fav-shees1993gmail']
/works/OL85892W	Dracula	Bram Stoker	1897	"title:""Dracula"" AND creator:""Bram Stoker"""	94	bram-stoker-dracula-bram-stoker.epub	Bram Stoker - Dracula Bram Stoker.epub	Bram Stoker	1860-01-01T00:00:00Z	1860.0	texts	eng	['opensource', 'community']
/works/OL85892W	Dracula	Bram Stoker	1897	"title:""Dracula"" AND creator:""Bram Stoker"""	94	Dracula_561	Dracula	Bram Stoker			texts		['opensource', 'community', 'fav-abote001', 'fav-dolores1228']
/works/OL85892W	Dracula	Bram Stoker	1897	"title:""Dracula"" AND creator:""Bram Stoker"""	94	draculacranejohn0000bram	Dracula (Crane Johnson).	['Bram Stoker', 'Crane Johnson']	1998-01-01T00:00:00Z	1998.0	texts	eng	['internetarchivebooks', 'inlibrary', 'printdisabled', 'fav-balfour123']
/works/OL85892W	Dracula	Bram Stoker	1897	"title:""Dracula"" AND creator:""Bram Stoker"""	94	stoker-dracula-www.e-dition-etoile.-com	Stoker - Dracula	BRAM STOKER	1897-01-01T00:00:00Z	1897.0	texts	fre	['opensource', 'fav-mouyou_0']
/works/OL85892W	Dracula	Bram Stoker	1897	"title:""Dracula"" AND creator:""Bram Stoker"""	94	count-dracula-1977-part-1	Count Dracula (1977) (2 part TV Horror)	Bram Stoker	1977-12-22T00:00:00Z	1977.0	movies	eng	['opensource_movies', 'fav-darkdanzig', 'fav-irishhistoryfan', 'fav-janelle_neal', 'fav-librarian95', 'fav-relaxandsleep', 'fav-seale_broughton', 'fav-temp4me86', 'fav-thegypsythatremains', 'fav-tjemter']
/works/OL85892W	Dracula	Bram Stoker	1897	"title:""Dracula"" AND creator:""Bram Stoker"""	94	in.ernet.dli.2015.184866	Dracula	Bram Stoker	1897-01-01T00:00:00Z	1897.0	texts	eng	['digitallibraryindia', 'JaiGyan', 'fav-alucard_gilbert', 'fav-bouncetiger', 'fav-charybdis99', 'fav-hermionel6', 'fav-hiperborea', 'fav-jaysonfowler', 'fav-just4comments', 'fav-kimkim7', 'fav-maru463', 'fav-mohtaq1980', 'fav-roberiodez', 'fav-sailorgamer', 'fav-trashsama', 'fav-ulixis', 'fav-wallflowerstudio']
/works/OL85892W	Dracula	Bram Stoker	1897	"title:""Dracula"" AND creator:""Bram Stoker"""	94	dracula-ro	Dracula	Bram Stoker	1897-05-26T00:00:00Z	1897.0	texts	rum	['booksbylanguage_romanian', 'booksbylanguage', 'fav-alinadori']
/works/OL85892W	Dracula	Bram Stoker	1897	"title:""Dracula"" AND creator:""Bram Stoker"""	94	bwb_T5-CUS-030	Dracula	Bram Stoker	1970-01-01T00:00:00Z	1970.0	texts		['internetarchivebooks', 'printdisabled', 'inlibrary', 'fav-g_nesis_barrera']
/works/OL85892W	Dracula	Bram Stoker	1897	"title:""Dracula"" AND creator:""Bram Stoker"""	94	DraculaByBramStokerPg345	Dracula by Bram Stoker Pg 345	Bram Stoker			texts	eng	['opensource', 'community']
/works/OL85892W	Dracula	Bram Stoker	1897	"title:""Dracula"" AND creator:""Bram Stoker"""	94	draculaamystery00stokgoog	Dracula: A Mystery Story	Bram Stoker	1897-01-01T00:00:00Z	1897.0	texts	English	['americana', 'fav-roberiodez']
/works/OL85892W	Dracula	Bram Stoker	1897	"title:""Dracula"" AND creator:""Bram Stoker"""	94	bwb_KV-235-704	Dracula	Bram Stoker	1993-01-01T00:00:00Z	1993.0	texts	eng	['internetarchivebooks', 'printdisabled', 'inlibrary', 'fav-g_nesis_barrera', 'fav-kokigay108']
/works/OL85892W	Dracula	Bram Stoker	1897	"title:""Dracula"" AND creator:""Bram Stoker"""	94	dracula00bram_0	Dracula	Bram Stoker	2009-01-01T00:00:00Z	2009.0	texts	eng	['internetarchivebooks', 'delawarecountydistrictlibrary', 'americana', 'printdisabled', 'fav-evil_carrot_killers_and_eaters', 'fav-jmb3773', 'fav-vlsimpson', 'dartmouthlibrary-ol', 'denverpubliclibrary-ol', 'library_of_atlantis', 'randolph-macon-college-ol', 'rochester-ol', 'spokanepubliclibrary-ol', 'stmaryscountylibrary']
/works/OL85892W	Dracula	Bram Stoker	1897	"title:""Dracula"" AND creator:""Bram Stoker"""	94	dracula_202305	Dracula - Pocket Classics	Bram Stoker - 1897	1984-01-01T00:00:00Z	1984.0	audio	eng	['opensource_audio', 'community', 'fav-barracuda71', 'fav-night_owl556', 'fav-piazza24', 'fav-ryan_balukas']
/works/OL85892W	Dracula	Bram Stoker	1897	"title:""Dracula"" AND creator:""Bram Stoker"""	94	dracula-bram-stoker_202507	Dracula | Bram Stoker	Bram Stoker			texts		['opensource']
/works/OL85892W	Dracula	Bram Stoker	1897	"title:""Dracula"" AND creator:""Bram Stoker"""	94	dracula22-digest	Dracula	Bram Stoker	2022-01-01T00:00:00Z	2022.0	texts	eng	['opensource', 'community', 'fav-jameslucas']
/works/OL85892W	Dracula	Bram Stoker	1897	"title:""Dracula"" AND creator:""Bram Stoker"""	94	bwb_Y0-CSF-850	DRACULA	BRAM STOKER	1965-01-01T00:00:00Z	1965.0	texts	eng	['internetarchivebooks', 'printdisabled', 'inlibrary', 'fav-g_nesis_barrera', 'fav-kokigay108']
/works/OL85892W	Dracula	Bram Stoker	1897	"title:""Dracula"" AND creator:""Bram Stoker"""	94	bwb_S0-CGW-457	DRACULA	Bram Stoker	1965-01-01T00:00:00Z	1965.0	texts	eng	['internetarchivebooks', 'printdisabled', 'inlibrary', 'fav-g_nesis_barrera']
/works/OL85892W	Dracula	Bram Stoker	1897	"title:""Dracula"" AND creator:""Bram Stoker"""	94	dracula-english-by-bram-stoker	Dracula	Bram Stoker			texts	eng	['opensource', 'fav-alibabakingofgenies', 'fav-bjt2000', 'fav-g_nesis_barrera', 'fav-jahanzeb_shah', 'fav-kanchan_dutta', 'fav-lang_lang862', 'fav-princeprimeval']
/works/OL85892W	Dracula	Bram Stoker	1897	"title:""Dracula"" AND creator:""Bram Stoker"""	94	dracula0000bram_z9v7	DRACULA	Bram Stoker	1965-01-01T00:00:00Z	1965.0	texts	eng	['internetarchivebooks', 'printdisabled', 'inlibrary', 'fav-g_nesis_barrera']
/works/OL85892W	Dracula	Bram Stoker	1897	"title:""Dracula"" AND creator:""Bram Stoker"""	94	dracula45839gut	Dracula	Bram Stoker			texts	en	['gutenberg', 'fav-danco01', 'fav-encogneeto', 'fav-jcarag', 'fav-littlerollycat', 'fav-oli_the_geek', 'fav-rabbitboots', 'fav-rmareidoom', 'fav-robot18']
/works/OL85892W	Dracula	Bram Stoker	1897	"title:""Dracula"" AND creator:""Bram Stoker"""	94	dracula_202004	DRACULA	BRAM STOKER			texts	eng	['ArvindGupta', 'JaiGyan', 'fav-abdul727', 'fav-aghori_king', 'fav-anstep', 'fav-bat1962js', 'fav-cyborgbatman', 'fav-emma_k997', 'fav-flowersofedo', 'fav-gormley', 'fav-jackbird', 'fav-jim321690', 'fav-ken_f541', 'fav-kirsty_shakespeare', 'fav-knightrider1', 'fav-knightrider1983', 'fav-lagrandegwaz', 'fav-mimosakura', 'fav-night_owl556', 'fav-rwan_ahmed149', 'fav-saxonvoter', 'fav-sugar_puss', 'fav-t191', 'fav-thegallis', 'fav-toti_sama', 'fav-transformers1']
/works/OL85892W	Dracula	Bram Stoker	1897	"title:""Dracula"" AND creator:""Bram Stoker"""	94	dracula_202511	Dracula	Bram Stoker			texts		['opensource', 'fav-g_nesis_barrera']
/works/OL85892W	Dracula	Bram Stoker	1897	"title:""Dracula"" AND creator:""Bram Stoker"""	94	draculaabridged0000bram	Dracula (Abridged)	Bram Stoker	1975-01-01T00:00:00Z	1975.0	texts	eng	['printdisabled', 'internetarchivebooks', 'inlibrary', 'fav-g_nesis_barrera']
/works/OL85892W	Dracula	Bram Stoker	1897	"title:""Dracula"" AND creator:""Bram Stoker"""	94	bwb_Y0-DCL-488	Dracula	Bram Stoker	1965-01-01T00:00:00Z	1965.0	texts	eng	['internetarchivebooks', 'printdisabled', 'inlibrary', 'fav-g_nesis_barrera']
/works/OL85892W	Dracula	Bram Stoker	1897	"title:""Dracula"" AND creator:""Bram Stoker"""	94	dracula-bram-stoker-1897	Drácula - Bram Stoker (1897)	Bram Stoker	2023-12-12T00:00:00Z	2023.0	texts	por	['booksbylanguage_portuguese', 'booksbylanguage', 'fav-ana_veiga', 'fav-andr_felipe741', 'fav-art_e_fashion', 'fav-beatriz_santos266', 'fav-brasil_leitor', 'fav-carlos_sousa120', 'fav-daniil_nikel', 'fav-eric_lima801', 'fav-hiiamlouie', 'fav-jennifer_tammelin', 'fav-kunashii', 'fav-lilyfs', 'fav-lucas_moura_quaresma', 'fav-maria_eduarda_dos_santos606', 'fav-michael_douglas_perri', 'fav-ninha74', 'fav-rosemberg_ferreira', 'fav-silvio_justo', 'fav-the_bode', 'fav-vivian_costa_dos_santos']
/works/OL85892W	Dracula	Bram Stoker	1897	"title:""Dracula"" AND creator:""Bram Stoker"""	94	CdCoverDracula	CD Cover Dracula	Bram Stoker			image		['ourmedia', 'community']
/works/OL85892W	Dracula	Bram Stoker	1897	"title:""Dracula"" AND creator:""Bram Stoker"""	94	bwb_C0-BOY-886	Dracula	Bram Stoker	1973-01-01T00:00:00Z	1973.0	texts		['internetarchivebooks', 'printdisabled', 'inlibrary', 'fav-draegor_schwarzl_wen']
/works/OL85892W	Dracula	Bram Stoker	1897	"title:""Dracula"" AND creator:""Bram Stoker"""	94	file-001-draculas-guest	Dracula A Big Radio Production Larry Knapp Bram Stoker	Larry Knapp, Lynn Shuck, Chris Billias, Bram Stoker			audio	eng	['cassettetaperecordings', 'cassettetapes', 'fav-bobg1138', 'fav-bouncetiger', 'fav-doctormirabilis', 'fav-evince', 'fav-jfm3470', 'fav-night_owl556', 'fav-nsw79', 'fav-professorhaste', 'fav-shabhegger']
/works/OL85892W	Dracula	Bram Stoker	1897	"title:""Dracula"" AND creator:""Bram Stoker"""	94	bwb_KU-314-467	DRACULA	Bram Stoker	1973-01-01T00:00:00Z	1973.0	texts	eng	['internetarchivebooks', 'printdisabled', 'inlibrary', 'fav-g_nesis_barrera', 'fav-kokigay108']
/works/OL85892W	Dracula	Bram Stoker	1897	"title:""Dracula"" AND creator:""Bram Stoker"""	94	bram-stoker_dracula	Dracula by Bram Stoker	Bram Stoker, Standard eBooks			texts	eng	['standardebooks', 'folkscanomy', 'fav-aaron_c934', 'fav-adamw653', 'fav-alice_m148', 'fav-anastasia938', 'fav-arcadis4', 'fav-arcemise', 'fav-augusxd', 'fav-bethany_h225', 'fav-bobovich79', 'fav-brainrotchan', 'fav-bubblegum_pink', 'fav-cesca87', 'fav-chefbrad', 'fav-clay_moto', 'fav-coen_gearhart', 'fav-danidy', 'fav-dbordeauxrn', 'fav-defne_nil', 'fav-digitalnative706', 'fav-dr_drawdy', 'fav-haight1968', 'fav-hannah146', 'fav-hello_hello_there', 'fav-hellochar', 'fav-izzy_ann142', 'fav-jacketslut', 'fav-jadesan', 'fav-jake_law507', 'fav-jeshua_williams', 'fav-jeulzy', 'fav-jim321690', 'fav-jkl663', 'fav-john_gutenberg', 'fav-jorjaparadoski', 'fav-jz812', 'fav-kai_chapman', 'fav-kayzee1', 'fav-kinonn', 'fav-larry_lobster758', 'fav-leonora_bushati', 'fav-library_lisha', 'fav-lifurrr', 'fav-linabeth', 'fav-maidy_baby', 'fav-marisa586', 'fav-mars760', 'fav-martilenia_dellino', 'fav-mastermind93', 'fav-misumac', 'fav-mya_estes', 'fav-mylow694', 'fav-nat_masters', 'fav-nihao_mar', 'fav-ninixam', 'fav-niteghost', 'fav-nymetfan62_gmail_com', 'fav-onyxelf8', 'fav-palepi', 'fav-profdet529', 'fav-rdrplurks', 'fav-remia178', 'fav-reynolds332004', 'fav-rls89zx', 'fav-s0ul_rebel', 'fav-scottishlass1960', 'fav-shan_m971', 'fav-shannon_bhargava', 'fav-star_phantasmagoriaa', 'fav-stardusteater27', 'fav-steffi_marburger_geb_dieckmann', 'fav-suikurix', 'fav-thalensvk', 'fav-the_rantallion', 'fav-twofingers', 'fav-valentina003_', 'fav-zion_lithos']
/works/OL85892W	Dracula	Bram Stoker	1897	"title:""Dracula"" AND creator:""Bram Stoker"""	94	dracula_202604	Dracula	Bram Stoker			texts	eng	['opensource', 'fav-ana_lves']
/works/OL85892W	Dracula	Bram Stoker	1897	"title:""Dracula"" AND creator:""Bram Stoker"""	94	bwb_Y0-BUX-048	Dracula	Bram Stoker	1965-01-01T00:00:00Z	1965.0	texts	eng	['internetarchivebooks', 'printdisabled', 'inlibrary', 'fav-g_nesis_barrera']
/works/OL85892W	Dracula	Bram Stoker	1897	"title:""Dracula"" AND creator:""Bram Stoker"""	94	bram-stoker-dracula-1897-eng-www.-etoile.-app	Bram Stoker - Dracula (1897) (ENG)	Bram Stoker	1897-01-01T00:00:00Z	1897.0	texts	english-handwritten	['opensource']
/works/OL85892W	Dracula	Bram Stoker	1897	"title:""Dracula"" AND creator:""Bram Stoker"""	94	bwb_T5-CUR-234	Dracula	Bram Stoker	1988-01-01T00:00:00Z	1988.0	texts	eng	['internetarchivebooks', 'printdisabled', 'inlibrary', 'fav-g_nesis_barrera']
/works/OL85892W	Dracula	Bram Stoker	1897	"title:""Dracula"" AND creator:""Bram Stoker"""	94	bwb_S0-EGW-564	Dracula	Bram Stoker	1988-01-01T00:00:00Z	1988.0	texts	eng	['internetarchivebooks', 'printdisabled', 'inlibrary', 'fav-g_nesis_barrera']
/works/OL85892W	Dracula	Bram Stoker	1897	"title:""Dracula"" AND creator:""Bram Stoker"""	94	bwb_S0-DQS-342	Dracula	Bram Stoker	1897-01-01T00:00:00Z	1897.0	texts	eng	['internetarchivebooks', 'fav-g_nesis_barrera']
/works/OL85892W	Dracula	Bram Stoker	1897	"title:""Dracula"" AND creator:""Bram Stoker"""	94	bwb_S0-DZG-729	dracula	bram stoker	1988-01-01T00:00:00Z	1988.0	texts	eng	['internetarchivebooks', 'printdisabled', 'inlibrary', 'fav-g_nesis_barrera']
/works/OL85892W	Dracula	Bram Stoker	1897	"title:""Dracula"" AND creator:""Bram Stoker"""	94	bwb_C0-CEL-227	dracula	bram stoker	1970-01-01T00:00:00Z	1970.0	texts	eng	['internetarchivebooks', 'printdisabled', 'inlibrary', 'fav-bjt2000', 'fav-g_nesis_barrera']
/works/OL85892W	Dracula	Bram Stoker	1897	"title:""Dracula"" AND creator:""Bram Stoker"""	94	isbn_9781493594719	Dracula	Bram Stoker	2013-10-26T00:00:00Z	2013.0	texts	eng	['internetarchivebooks', 'inlibrary', 'printdisabled', 'fav-g_nesis_barrera']
/works/OL19870W	The Jungle Book	Rudyard Kipling	1894	"title:""The Jungle Book"" AND creator:""Rudyard Kipling"""	101	bwb_KV-321-291	The Jungle Book	Rudyard Kipling	1993-01-01T00:00:00Z	1993.0	texts	Eng	['internetarchivebooks', 'printdisabled', 'inlibrary', 'fav-g_nesis_barrera']
/works/OL19870W	The Jungle Book	Rudyard Kipling	1894	"title:""The Jungle Book"" AND creator:""Rudyard Kipling"""	101	junglebook_1504_librivox	The Jungle Book (Version 3)	Rudyard Kipling	2015-04-28T00:00:00Z	2015.0	audio	eng	['librivoxaudio', 'audio_bookspoetry', 'fav-dania_watson', 'fav-elaine_milewsky', 'fav-fynedge', 'fav-glennorlando', 'fav-jenbobier', 'fav-morgan_cottle', 'fav-my_archives671', 'fav-petra_celadova', 'fav-pgala1984', 'fav-rose1984', 'fav-sn_pnw', 'fav-vorlons_shadows', 'fav-wmsaaed']
/works/OL19870W	The Jungle Book	Rudyard Kipling	1894	"title:""The Jungle Book"" AND creator:""Rudyard Kipling"""	101	rudyard-kipling_the-jungle-book	The Jungle Book by Rudyard Kipling	Rudyard Kipling			texts		['standardebooks', 'folkscanomy', 'fav-adamw653', 'fav-alyssa_taylor582', 'fav-ani329', 'fav-batul_balaiyawala', 'fav-btom33', 'fav-clever_cookie13', 'fav-danylib', 'fav-davi_andrade_de_amorim', 'fav-enrico_gori', 'fav-ericculpepper', 'fav-irqt3_14', 'fav-jessica_yun', 'fav-karyn_o_apos_donohue', 'fav-kavme', 'fav-kimberleyamos', 'fav-ladyeowynonline', 'fav-learnyu', 'fav-lunalovegood4228', 'fav-mamabearb', 'fav-moe0279', 'fav-orouu', 'fav-patchi_kna', 'fav-rls89zx', 'fav-sancus', 'fav-skakenbake', 'fav-trey_mason_smom', 'fav-willis_family_homeschool', 'fav-zetarriaga']
/works/OL19870W	The Jungle Book	Rudyard Kipling	1894	"title:""The Jungle Book"" AND creator:""Rudyard Kipling"""	101	rudyardkiplingse0000unse_k8q4	Rudyard Kipling Selected Works: The Jungle Book, The Second Jungle Book, Just So Stories for Little Children, Puck of Pook's Hill, Captains Courageous, Stalky & Co., Kim, Plain Tales From the Hills, & Short Stories	Rudyard Kipling	1991-01-01T00:00:00Z	1991.0	texts	eng	['internetarchivebooks', 'printdisabled', 'inlibrary', 'fav-ana_lves', 'fav-g_nesis_barrera', 'fav-sunday_saudade']
/works/OL19870W	The Jungle Book	Rudyard Kipling	1894	"title:""The Jungle Book"" AND creator:""Rudyard Kipling"""	101	junglebook05kiplgoog	The Jungle Book	Rudyard Kipling	1894-01-01T00:00:00Z	1894.0	texts	English	['americana', 'fav-g_nesis_barrera']
/works/OL19870W	The Jungle Book	Rudyard Kipling	1894	"title:""The Jungle Book"" AND creator:""Rudyard Kipling"""	101	junglebook0000rudy_s4l3	THE JUNGLE BOOK	RUDYARD KIPLING	1894-01-01T00:00:00Z	1894.0	texts	ENG	['internetarchivebooks', 'fav-g_nesis_barrera', 'fav-magnus_bjorr', 'fav-reegha']
/works/OL19870W	The Jungle Book	Rudyard Kipling	1894	"title:""The Jungle Book"" AND creator:""Rudyard Kipling"""	101	bwb_S0-EDU-352	The Jungle Book, The Wizard of OZ	L. Frank Baum & Rudyard Kipling	1963-01-01T00:00:00Z	1963.0	texts	eng	['internetarchivebooks', 'printdisabled', 'inlibrary', 'fav-g_nesis_barrera']
/works/OL19870W	The Jungle Book	Rudyard Kipling	1894	"title:""The Jungle Book"" AND creator:""Rudyard Kipling"""	101	bwb_Y0-BUV-515	The Jungle Book	Rudyard Kipling	1994-01-01T00:00:00Z	1994.0	texts	eng	['internetarchivebooks', 'printdisabled', 'inlibrary']
/works/OL19870W	The Jungle Book	Rudyard Kipling	1894	"title:""The Jungle Book"" AND creator:""Rudyard Kipling"""	101	bwb_T5-CWS-227_2	The jungle Book	Rudyard Kipling	1948-01-01T00:00:00Z	1948.0	texts		['internetarchivebooks', 'printdisabled', 'inlibrary', 'fav-g_nesis_barrera']
/works/OL19870W	The Jungle Book	Rudyard Kipling	1894	"title:""The Jungle Book"" AND creator:""Rudyard Kipling"""	101	junglebook0000rudy_w3q4	The JUngle Book	Rudyard Kipling	1942-01-01T00:00:00Z	1942.0	texts	eng	['internetarchivebooks', 'printdisabled', 'inlibrary', 'fav-g_nesis_barrera']
/works/OL19870W	The Jungle Book	Rudyard Kipling	1894	"title:""The Jungle Book"" AND creator:""Rudyard Kipling"""	101	greatillustrated0000rudy	Great Illustrated Classics The Jungle Book	Rudyard Kipling	1994-01-01T00:00:00Z	1994.0	texts	eng	['internetarchivebooks', 'printdisabled', 'inlibrary', 'fav-carolyn_prunkl', 'fav-deshume1009', 'fav-n494']
/works/OL19870W	The Jungle Book	Rudyard Kipling	1894	"title:""The Jungle Book"" AND creator:""Rudyard Kipling"""	101	wizardofozjungle0000lfra	The Wizard of Oz, The Jungle Book	L. Frank Baum and Rudyard Kipling	1944-01-01T00:00:00Z	1944.0	texts	eng	['internetarchivebooks', 'printdisabled', 'inlibrary', 'fav-g_nesis_barrera']
/works/OL19870W	The Jungle Book	Rudyard Kipling	1894	"title:""The Jungle Book"" AND creator:""Rudyard Kipling"""	101	junglebook03kiplgoog	The Jungle Book	Rudyard Kipling	1894-01-01T00:00:00Z	1894.0	texts	English	['americana', 'fav-g_nesis_barrera']
/works/OL19870W	The Jungle Book	Rudyard Kipling	1894	"title:""The Jungle Book"" AND creator:""Rudyard Kipling"""	101	junglebook04kiplgoog	The Jungle Book	Rudyard Kipling	1894-01-01T00:00:00Z	1894.0	texts	English	['americana', 'fav-anonymously2614', 'fav-d_sandhu', 'fav-fritzzzzz8377', 'fav-g_nesis_barrera', 'fav-winslowleach']
/works/OL19870W	The Jungle Book	Rudyard Kipling	1894	"title:""The Jungle Book"" AND creator:""Rudyard Kipling"""	101	junglebooksecond0000rudy_x0z2	the jungle book, the second jungle book, just so stories, puck of pook's hill, stalkly & co, kim	rudyard kipling	1960-01-01T00:00:00Z	1960.0	texts	eng	['internetarchivebooks', 'printdisabled', 'inlibrary', 'fav-g_nesis_barrera']
/works/OL19870W	The Jungle Book	Rudyard Kipling	1894	"title:""The Jungle Book"" AND creator:""Rudyard Kipling"""	101	bwb_Y0-CGN-997	The Jungle Book	Rudyard Kipling , Malvina G. Vogel	1994-01-01T00:00:00Z	1994.0	texts	English	['internetarchivebooks', 'printdisabled', 'inlibrary']
/works/OL19870W	The Jungle Book	Rudyard Kipling	1894	"title:""The Jungle Book"" AND creator:""Rudyard Kipling"""	101	jungle_book_mh_0808_librivox	The Jungle Book	Rudyard Kipling	2008-08-12T00:00:00Z	2008.0	audio	eng	['librivoxaudio', 'audio_bookspoetry', 'fav-4311yeah', 'fav-7xklick', 'fav-a_bittersweet_symphony', 'fav-abdullah_moosa_usman', 'fav-aimee_hunter608', 'fav-aimnwes14', 'fav-albinodirewolf', 'fav-alex_metadata', 'fav-ali_mohamed580', 'fav-aliasgirl1', 'fav-allie_davison183', 'fav-altproject', 'fav-ana_souza1983', 'fav-andrea2001b', 'fav-andreas_gros', 'fav-animichelle', 'fav-annep286', 'fav-anthony_hastert', 'fav-babi_doll_babidoll_', 'fav-breckbrat1978', 'fav-brianna_ladson', 'fav-brittonyoung_yahoo_com', 'fav-budgetjurassicpark', 'fav-bunny_darling_crowder', 'fav-bustrod', 'fav-c_dav', 'fav-catla', 'fav-ccantafio', 'fav-celeste_parra', 'fav-chevellereadsbooks', 'fav-cinnamonny', 'fav-cpdoyletulsa', 'fav-crazyshadow', 'fav-dcrespo1231', 'fav-dethor', 'fav-didihs', 'fav-digpotts', 'fav-dylangerofficial', 'fav-elaine_milewsky', 'fav-elizabeth_h_reifsnyder_gmail_com', 'fav-elizabeth_lajoy', 'fav-elv_mi', 'fav-fearox', 'fav-fynedge', 'fav-garafena', 'fav-germany_collier', 'fav-glennorlando', 'fav-gretel92', 'fav-gusssss', 'fav-hannah_ruby', 'fav-hardcore_collector', 'fav-hobbs_homeschool', 'fav-iheartpreservation', 'fav-jack_the_ripper_08', 'fav-james_jennings499', 'fav-jartman', 'fav-jbirdmt', 'fav-jenbobier', 'fav-jennifer_nutter', 'fav-jeremia_w', 'fav-jfeasting', 'fav-jjfree55', 'fav-joneshg1', 'fav-jordanrp', 'fav-joseph_and_amanda_baker', 'fav-joseph_thomas238', 'fav-kduran0911', 'fav-kieranemma', 'fav-kiriftw', 'fav-krakencrystal', 'fav-ladibrown', 'fav-lbailey88', 'fav-leah_alcorn', 'fav-leigh953', 'fav-levi_wensel', 'fav-lucie_thiollet', 'fav-madison_morgan762', 'fav-marccic', 'fav-matthz', 'fav-mazzuma', 'fav-mmccants099', 'fav-morgan_cottle', 'fav-natalie_medrano555', 'fav-naterwilde', 'fav-night_dreamer', 'fav-nosaj5', 'fav-outlander24', 'fav-pathareshraddha', 'fav-pauloaof', 'fav-peel0602', 'fav-pgala1984', 'fav-pinksquink_hotmail_co_uk', 'fav-profsn', 'fav-pygmalionsmd', 'fav-redcodefsu', 'fav-retrosprocket', 'fav-rickwriter52', 'fav-rose1984', 'fav-samuel_chrien', 'fav-saturn2332', 'fav-scarlett_short', 'fav-sdschuler', 'fav-sfsdradio', 'fav-shellyh82', 'fav-spencer14051966', 'fav-starybrights', 'fav-stony_young1991', 'fav-tahlia_mcdonald702', 'fav-taijutsu633', 'fav-tamerahutton', 'fav-tanyaya', 'fav-taranodongirl1', 'fav-teresa_donnahoo', 'fav-tessiesmithh', 'fav-tuli104', 'fav-tunathecat', 'fav-turkey_lurkey', 'fav-tygrc', 'fav-user321277', 'fav-vertualreality', 'fav-vintagevinay', 'fav-vorlons_shadows', 'fav-windofomega', 'fav-yen_le946', 'fav-yenalky', 'fav-zetjaybee', 'fav-zookeepergracie']
/works/OL19870W	The Jungle Book	Rudyard Kipling	1894	"title:""The Jungle Book"" AND creator:""Rudyard Kipling"""	101	junglebook0000rudy_i7e4	The Jungle Book	Rudyard Kipling	1950-01-01T00:00:00Z	1950.0	texts	eng	['internetarchivebooks', 'printdisabled', 'inlibrary', 'fav-g_nesis_barrera']
/works/OL19870W	The Jungle Book	Rudyard Kipling	1894	"title:""The Jungle Book"" AND creator:""Rudyard Kipling"""	101	bwb_S0-DFH-363	The Jungle Book	Rudyard Kipling	1894-01-01T00:00:00Z	1894.0	texts	eng	['internetarchivebooks', 'fav-g_nesis_barrera']
/works/OL19870W	The Jungle Book	Rudyard Kipling	1894	"title:""The Jungle Book"" AND creator:""Rudyard Kipling"""	101	isbn_9781785992544	the jungle book	rudyard kipling	2016-01-01T00:00:00Z	2016.0	texts	eng	['internetarchivebooks', 'inlibrary', 'printdisabled', 'fav-g_nesis_barrera', 'fav-mqubed', 'fav-reegha']
/works/OL19870W	The Jungle Book	Rudyard Kipling	1894	"title:""The Jungle Book"" AND creator:""Rudyard Kipling"""	101	junglebook0002rudy	The jungle book	Rudyard Kipling	1948-01-01T00:00:00Z	1948.0	texts		['internetarchivebooks', 'printdisabled', 'inlibrary', 'fav-g_nesis_barrera']
/works/OL19870W	The Jungle Book	Rudyard Kipling	1894	"title:""The Jungle Book"" AND creator:""Rudyard Kipling"""	101	bwb_C0-BYJ-320	The Jungle Book	Rudyard Kipling	1963-01-01T00:00:00Z	1963.0	texts		['internetarchivebooks', 'printdisabled', 'inlibrary', 'fav-g_nesis_barrera']
/works/OL19870W	The Jungle Book	Rudyard Kipling	1894	"title:""The Jungle Book"" AND creator:""Rudyard Kipling"""	101	bwb_C0-CEL-032_2	THe Jungle Book THe Second JUngle Book	Rudyard KIpling	1925-01-01T00:00:00Z	1925.0	texts	eng	['internetarchivebooks', 'fav-g_nesis_barrera', 'fav-jahanzeb_shah']
/works/OL19870W	The Jungle Book	Rudyard Kipling	1894	"title:""The Jungle Book"" AND creator:""Rudyard Kipling"""	101	in.ernet.dli.2015.262556	The Jungle Book	Rudyard Kipling			texts	eng	['digitallibraryindia', 'JaiGyan', 'fav-g_nesis_barrera', 'fav-natalie_roy']
/works/OL19870W	The Jungle Book	Rudyard Kipling	1894	"title:""The Jungle Book"" AND creator:""Rudyard Kipling"""	101	bwb_KV-351-940	The Jungle Book, The Second Jungle Book, Just so Stories, Puck of Pook's Hill, Stalky & Co. and Kim	Rudyard Kipling	1906-01-01T00:00:00Z	1906.0	texts	eng	['internetarchivebooks', 'fav-g_nesis_barrera', 'fav-jahanzeb_shah']
/works/OL19870W	The Jungle Book	Rudyard Kipling	1894	"title:""The Jungle Book"" AND creator:""Rudyard Kipling"""	101	junglebook00kipl_0	The jungle book	Rudyard Kipling	2000-01-01T00:00:00Z	2000.0	texts	eng	['internetarchivebooks', 'printdisabled', 'fav-crystal_hua', 'fav-g_nesis_barrera', 'fav-ke1996', 'fav-r_bert_darabont', 'fav-syeda_sakina', 'stmaryscountylibrary']
/works/OL19870W	The Jungle Book	Rudyard Kipling	1894	"title:""The Jungle Book"" AND creator:""Rudyard Kipling"""	101	junglebook0000rudy_h0d8	The Jungle Book	Rudyard Kipling	1926-01-01T00:00:00Z	1926.0	texts	eng	['internetarchivebooks', 'fav-g_nesis_barrera']
/works/OL19870W	The Jungle Book	Rudyard Kipling	1894	"title:""The Jungle Book"" AND creator:""Rudyard Kipling"""	101	junglebook0000rudy_l8n9	The Jungle Book	Rudyard Kipling	1944-01-01T00:00:00Z	1944.0	texts	eng	['internetarchivebooks', 'printdisabled', 'inlibrary', 'fav-g_nesis_barrera']
/works/OL19870W	The Jungle Book	Rudyard Kipling	1894	"title:""The Jungle Book"" AND creator:""Rudyard Kipling"""	101	junglebook0000rudy_o4s4	The Jungle Book	Rudyard Kipling	1894-01-01T00:00:00Z	1894.0	texts	eng	['internetarchivebooks', 'fav-g_nesis_barrera']
/works/OL19870W	The Jungle Book	Rudyard Kipling	1894	"title:""The Jungle Book"" AND creator:""Rudyard Kipling"""	101	junglebook0000rudy_y2e8	the jungle book	rudyard kipling	1923-01-01T00:00:00Z	1923.0	texts	eng	['internetarchivebooks', 'fav-chriskriller', 'fav-g_nesis_barrera']
/works/OL19870W	The Jungle Book	Rudyard Kipling	1894	"title:""The Jungle Book"" AND creator:""Rudyard Kipling"""	101	junglebook0000unse_l2f3	The jungle book	Rudyard Kipling	1963-01-01T00:00:00Z	1963.0	texts	eng	['internetarchivebooks', 'printdisabled', 'inlibrary', 'fav-g_nesis_barrera']
/works/OL19870W	The Jungle Book	Rudyard Kipling	1894	"title:""The Jungle Book"" AND creator:""Rudyard Kipling"""	101	junglebook00kiplgoog	The Jungle Book	Rudyard Kipling	1894-01-01T00:00:00Z	1894.0	texts	English	['americana', 'fav-aimana', 'fav-g_nesis_barrera']
/works/OL19870W	The Jungle Book	Rudyard Kipling	1894	"title:""The Jungle Book"" AND creator:""Rudyard Kipling"""	101	bwb_P9-CSD-860	The Jungle Book	Rudyard Kipling	1932-01-01T00:00:00Z	1932.0	texts	eng	['internetarchivebooks', 'printdisabled', 'inlibrary', 'fav-g_nesis_barrera']
/works/OL19870W	The Jungle Book	Rudyard Kipling	1894	"title:""The Jungle Book"" AND creator:""Rudyard Kipling"""	101	bwb_W9-CSZ-383	the jungle book	rudyard kipling	1894-01-01T00:00:00Z	1894.0	texts	eng	['internetarchivebooks', 'fav-g_nesis_barrera']
/works/OL19870W	The Jungle Book	Rudyard Kipling	1894	"title:""The Jungle Book"" AND creator:""Rudyard Kipling"""	101	bwb_KU-093-045	THE JUNGLE BOOK	RUDYARD KIPLING	1961-01-01T00:00:00Z	1961.0	texts		['internetarchivebooks', 'printdisabled', 'inlibrary', 'fav-g_nesis_barrera']
/works/OL19870W	The Jungle Book	Rudyard Kipling	1894	"title:""The Jungle Book"" AND creator:""Rudyard Kipling"""	101	bwb_KU-359-551	THE JUNGLE BOOK	RUDYARD KIPLING	1918-01-01T00:00:00Z	1918.0	texts		['internetarchivebooks', 'fav-devil504', 'fav-g_nesis_barrera']
/works/OL19870W	The Jungle Book	Rudyard Kipling	1894	"title:""The Jungle Book"" AND creator:""Rudyard Kipling"""	101	junglebook0007rudy	The Jungle Book	Rudyard Kipling	1897-01-01T00:00:00Z	1897.0	texts	eng	['internetarchivebooks', 'fav-g_nesis_barrera', 'fav-rayna21', 'fav-reegha']
/works/OL19870W	The Jungle Book	Rudyard Kipling	1894	"title:""The Jungle Book"" AND creator:""Rudyard Kipling"""	101	junglebookadapte0000rudy	The Jungle Book Adapted by Malvina G Vogel	Rudyard Kipling	1994-01-01T00:00:00Z	1994.0	texts	eng	['printdisabled', 'internetarchivebooks', 'inlibrary']
/works/OL19870W	The Jungle Book	Rudyard Kipling	1894	"title:""The Jungle Book"" AND creator:""Rudyard Kipling"""	101	bwb_Y0-BTX-188	The Jungle Book	Rudyard Kipling	1994-01-01T00:00:00Z	1994.0	texts	eng	['internetarchivebooks', 'printdisabled', 'inlibrary']
/works/OL19870W	The Jungle Book	Rudyard Kipling	1894	"title:""The Jungle Book"" AND creator:""Rudyard Kipling"""	101	bwb_Y0-CGY-400	The Jungle Book	Rudyard Kipling	2004-01-01T00:00:00Z	2004.0	texts	eng	['internetarchivebooks', 'printdisabled', 'inlibrary']
/works/OL19870W	The Jungle Book	Rudyard Kipling	1894	"title:""The Jungle Book"" AND creator:""Rudyard Kipling"""	101	bwb_KU-097-498	the jungle book	rudyard kipling	1943-01-01T00:00:00Z	1943.0	texts	eng	['internetarchivebooks', 'printdisabled', 'inlibrary', 'fav-g_nesis_barrera']
/works/OL19870W	The Jungle Book	Rudyard Kipling	1894	"title:""The Jungle Book"" AND creator:""Rudyard Kipling"""	101	bwb_S0-BLR-095	The Jungle Book	Rudyard Kipling	1968-01-01T00:00:00Z	1968.0	texts	eng	['internetarchivebooks', 'printdisabled', 'inlibrary', 'fav-g_nesis_barrera']
/works/OL19870W	The Jungle Book	Rudyard Kipling	1894	"title:""The Jungle Book"" AND creator:""Rudyard Kipling"""	101	bwb_KU-682-777	The Jungle Book	Rudyard Kipling	1968-01-01T00:00:00Z	1968.0	texts	eng	['internetarchivebooks', 'printdisabled', 'inlibrary', 'fav-g_nesis_barrera']
/works/OL19870W	The Jungle Book	Rudyard Kipling	1894	"title:""The Jungle Book"" AND creator:""Rudyard Kipling"""	101	in.ernet.dli.2015.261891	The Jungle Book	Rudyard Kipling			texts	eng	['digitallibraryindia', 'JaiGyan', 'fav-g_nesis_barrera', 'fav-joyfunglow', 'fav-ramap', 'fav-scarlett3000']
/works/OL19870W	The Jungle Book	Rudyard Kipling	1894	"title:""The Jungle Book"" AND creator:""Rudyard Kipling"""	101	junglebook0000rudy_n1z5	The Jungle Book	Rudyard Kipling	1955-01-01T00:00:00Z	1955.0	texts	eng	['internetarchivebooks', 'printdisabled', 'inlibrary', 'fav-g_nesis_barrera']
/works/OL19870W	The Jungle Book	Rudyard Kipling	1894	"title:""The Jungle Book"" AND creator:""Rudyard Kipling"""	101	thejunglebook_pc_librivox	The Jungle Book	Rudyard Kipling	2012-06-14T00:00:00Z	2012.0	audio	eng	['librivoxaudio', 'audio_bookspoetry', 'fav-2oldforu', 'fav-abdullah_moosa_usman', 'fav-aimnwes14', 'fav-albinodirewolf', 'fav-andres8', 'fav-aswhitez', 'fav-bedtime_story_reader', 'fav-berg333', 'fav-breckbrat1978', 'fav-chrisstarkiller', 'fav-cutfutift', 'fav-dania_watson', 'fav-daniel_tanase', 'fav-dukeofbelle_jim', 'fav-fearox', 'fav-first_recon', 'fav-gtrekman5723', 'fav-hasitha_abeysinghe', 'fav-iheartpreservation', 'fav-jenbobier', 'fav-jkelbey9217', 'fav-joseph_and_amanda_baker', 'fav-kiriftw', 'fav-magnadramon_00', 'fav-matthewdavidjr', 'fav-mika_matinazad', 'fav-ms_bw', 'fav-my_archives671', 'fav-narinderparmar', 'fav-nicholas_tantillo', 'fav-paxtecum2312', 'fav-philchenevert', 'fav-queza', 'fav-randy_grundmann', 'fav-seawolf1492', 'fav-tech-tyrone', 'fav-theindependentaquarius', 'fav-tripledog', 'fav-vorlons_shadows', 'fav-x_world', 'fav-y_h952']
/works/OL19870W	The Jungle Book	Rudyard Kipling	1894	"title:""The Jungle Book"" AND creator:""Rudyard Kipling"""	101	isbn_9781473327818	The Jungle Book Illustrated by John Lockwood Kipling	Rudyard Kipling	2015-10-07T00:00:00Z	2015.0	texts	eng	['internetarchivebooks', 'printdisabled', 'fav-g_nesis_barrera']
/works/OL19870W	The Jungle Book	Rudyard Kipling	1894	"title:""The Jungle Book"" AND creator:""Rudyard Kipling"""	101	bwb_G5-AKK-064_5	The Jungle Book The Second Jungle Book	Rudyard Kipling	1895-01-01T00:00:00Z	1895.0	texts		['internetarchivebooks', 'fav-g_nesis_barrera']
/works/OL19870W	The Jungle Book	Rudyard Kipling	1894	"title:""The Jungle Book"" AND creator:""Rudyard Kipling"""	101	junglebook0000rudy_f1s2	THE JUNGLE BOOK	RUDYARD KIPLING	1901-01-01T00:00:00Z	1901.0	texts		['internetarchivebooks', 'fav-g_nesis_barrera']
/works/OL19870W	The Jungle Book	Rudyard Kipling	1894	"title:""The Jungle Book"" AND creator:""Rudyard Kipling"""	101	junglebook0000rudy_z1q3	the jungle book	rudyard kipling	1942-01-01T00:00:00Z	1942.0	texts	eng	['internetarchivebooks', 'printdisabled', 'inlibrary', 'fav-g_nesis_barrera']
/works/OL65430W	The Awakening	Kate Chopin	1899	"title:""The Awakening"" AND creator:""Kate Chopin"""	15	awakeningothersh0000kate	The Awakening and Other Short Stories	Kate Chopin	2016-03-24T00:00:00Z	2016.0	texts	eng	['internetarchivebooks', 'inlibrary', 'printdisabled']
/works/OL65430W	The Awakening	Kate Chopin	1899	"title:""The Awakening"" AND creator:""Kate Chopin"""	15	awakening_librivox	The Awakening	Kate Chopin	2006-11-28T00:00:00Z	2006.0	audio	eng	['librivoxaudio', 'audio_bookspoetry', 'fav-999brick', 'fav-a_rn_v', 'fav-ahmed_noori697', 'fav-albinodirewolf', 'fav-allen_page', 'fav-anakwarna', 'fav-arkiver111', 'fav-arkus000', 'fav-artsguru', 'fav-augustus2025', 'fav-b_c_lyles', 'fav-bap_industries', 'fav-barlowaf', 'fav-benjik44', 'fav-bingorose82', 'fav-brenda_nogueira', 'fav-brummie48', 'fav-bug_lamps', 'fav-caden_arc', 'fav-carmen_maria', 'fav-carmen_ramos631', 'fav-carrielynjones11', 'fav-celeste_parra', 'fav-chandler_villarreal', 'fav-cherryrings', 'fav-christopher_donn', 'fav-clcable', 'fav-cmiranda123', 'fav-coh1', 'fav-dahszil', 'fav-dalage48', 'fav-dan_boy465', 'fav-daniel_tanase', 'fav-dannylevrai', 'fav-dclydeg86', 'fav-deborahwon', 'fav-dennylou56', 'fav-doha_gharieb', 'fav-dominart', 'fav-dragonfly21', 'fav-draycedarling', 'fav-dwayne_mcchesnie647', 'fav-elaine_milewsky', 'fav-eligere34', 'fav-elizabeth_may320', 'fav-emilie-rose_hackett', 'fav-emilie_belfire', 'fav-erichardson1166', 'fav-forhad841', 'fav-gaboora', 'fav-grannygrad', 'fav-greta1768', 'fav-gustavo_freitas373', 'fav-hardcore_hooligan', 'fav-harry14', 'fav-harsha_from1999', 'fav-hartwithwings', 'fav-hkorrani', 'fav-hope_762', 'fav-jaded85', 'fav-jay_g_stout', 'fav-jeremia_w', 'fav-jjw_maha', 'fav-joadiss', 'fav-joe242', 'fav-john_paul_emuy', 'fav-jose_gordner', 'fav-justin_wren', 'fav-karen_fleischer', 'fav-kazookid00', 'fav-kelstine_alange', 'fav-knowledgeseeker4ever', 'fav-knutschtorpedo', 'fav-laceypearle', 'fav-learner_gulap', 'fav-lrhunt29', 'fav-luminousspace', 'fav-lweems', 'fav-lwestling', 'fav-maddythemolester', 'fav-marciepaper', 'fav-marcus_reads', 'fav-mariah_gerth728', 'fav-marissa228', 'fav-mg963234', 'fav-mike_reyna', 'fav-millioncoola', 'fav-minhovalley', 'fav-mirage668', 'fav-morgan_lentz', 'fav-mrmagik3805', 'fav-ms_honey44g', 'fav-nassirexus', 'fav-neysaa', 'fav-nicholas766', 'fav-nicolas_savage', 'fav-noahmoji', 'fav-otisha', 'fav-patr_cia_pereira', 'fav-paul4160', 'fav-pauleduard31', 'fav-pdlaclair', 'fav-pema_karma_deschen', 'fav-penelope_boucleme', 'fav-poetrychick', 'fav-ptmore', 'fav-raizen_alfaro', 'fav-ravi_shankar371', 'fav-reine_noire', 'fav-richard_cornish354', 'fav-rickwriter52', 'fav-rohit_patil308', 'fav-s_e_e', 'fav-sabrinacostello', 'fav-sadhupatel', 'fav-sahobbs', 'fav-shannon_m346', 'fav-shima_mehndi', 'fav-shir_farchi', 'fav-shirfaz', 'fav-sjl1327', 'fav-smcece', 'fav-smroge02', 'fav-snet1', 'fav-soundslikefury', 'fav-sovereign333', 'fav-spacemaneric', 'fav-sssmsb', 'fav-super5555', 'fav-tale-teller-club_arts', 'fav-talis8573', 'fav-tamerahutton', 'fav-theoutsiders_mom', 'fav-thomas_todd', 'fav-tictictic', 'fav-tina_woods', 'fav-tiptoes', 'fav-tom_ryasko', 'fav-trifonenko', 'fav-trudeeblue', 'fav-tyler_s318', 'fav-val_montes', 'fav-valerie_hawkins', 'fav-viciouswargoose', 'fav-viki047', 'fav-w_ll_139', 'fav-waterymoon', 'fav-west1929', 'fav-whibe17', 'fav-wiggedy', 'fav-wijtske', 'fav-will_the_conqueror', 'fav-william_dufresne_willy_', 'fav-wmiz77', 'fav-xavierrachelpow']
/works/OL65430W	The Awakening	Kate Chopin	1899	"title:""The Awakening"" AND creator:""Kate Chopin"""	15	awakeningotherst0000kate	The Awakening and Other Stories. Oxford World's Classics	Kate Chopin	2000-01-01T00:00:00Z	2000.0	texts	eng	['internetarchivebooks', 'inlibrary', 'printdisabled', 'fav-ianthe95', 'fav-jag09m', 'fav-pooleyb', 'fav-skye_bondra']
/works/OL65430W	The Awakening	Kate Chopin	1899	"title:""The Awakening"" AND creator:""Kate Chopin"""	15	isbn_9781772261387	The Awakening	Kate Chopin	2015-08-27T00:00:00Z	2015.0	texts	eng	['internetarchivebooks', 'printdisabled']
/works/OL65430W	The Awakening	Kate Chopin	1899	"title:""The Awakening"" AND creator:""Kate Chopin"""	15	isbn_9781505351385	The Awakening	Kate Chopin	1899-01-01T00:00:00Z	1899.0	texts	eng	['internetarchivebooks', 'fav-carmen_ramos631', 'fav-jacque_m', 'fav-jag09m', 'fav-nathansr', 'fav-rzgh', 'fav-xodorito']
/works/OL65430W	The Awakening	Kate Chopin	1899	"title:""The Awakening"" AND creator:""Kate Chopin"""	15	bwb_Y0-CIO-570	The Awakening	Kate Chopin			texts	eng	['internetarchivebooks', 'printdisabled']
/works/OL65430W	The Awakening	Kate Chopin	1899	"title:""The Awakening"" AND creator:""Kate Chopin"""	15	isbn_9781580495547	The Awakening, Spotlight Edition	Kate Chopin	2005-03-01T00:00:00Z	2005.0	texts	eng	['internetarchivebooks', 'inlibrary', 'printdisabled', 'fav-garvina220']
/works/OL65430W	The Awakening	Kate Chopin	1899	"title:""The Awakening"" AND creator:""Kate Chopin"""	15	isbn_9781533147073	The Awakening	Kate Chopin	2016-05-08T00:00:00Z	2016.0	texts	eng	['internetarchivebooks', 'printdisabled']
/works/OL65430W	The Awakening	Kate Chopin	1899	"title:""The Awakening"" AND creator:""Kate Chopin"""	15	awakening_1002_librivox	The Awakening (version 2)	Kate Chopin	2010-02-02T00:00:00Z	2010.0	audio	eng	['librivoxaudio', 'audio_bookspoetry', 'fav-agent-lisa', 'fav-ahnaf_sha', 'fav-audrey_reese16', 'fav-cherryrings', 'fav-huizeq', 'fav-jiaqi_lyu', 'fav-m4zzyst4r', 'fav-michke199', 'fav-neysaa', 'fav-oluthe', 'fav-pema_karma_deschen', 'fav-rose1984', 'fav-selena01018', 'fav-victoria_f_diaz', 'fav-zachary_kuenzli']
/works/OL65430W	The Awakening	Kate Chopin	1899	"title:""The Awakening"" AND creator:""Kate Chopin"""	15	cliffs-complete-kate-chopin-sheri-metzger-the-awakening-cliffs-notes-2001	( Cliffs Complete) Kate Chopin, Sheri Metzger The Awakening Cliffs Notes ( 2001)	Kate Chopin, Sheri Metzger	2001-01-01T00:00:00Z	2001.0	texts	eng	['opensource']
/works/OL65430W	The Awakening	Kate Chopin	1899	"title:""The Awakening"" AND creator:""Kate Chopin"""	15	isbn_9781494747282	the awakening and selected short stories	kate chopin	2014-01-01T00:00:00Z	2014.0	texts	eng	['internetarchivebooks', 'printdisabled', 'fav-victoria_luna616']
/works/OL65430W	The Awakening	Kate Chopin	1899	"title:""The Awakening"" AND creator:""Kate Chopin"""	15	theawakening23724gut	The Awakening	Kate Chopin			audio	en	['gutenberg', 'fav-barlowaf', 'fav-farlan_amour', 'fav-loves-to-read']
/works/OL65430W	The Awakening	Kate Chopin	1899	"title:""The Awakening"" AND creator:""Kate Chopin"""	15	isbn_9788983964533	The Awakening and A Vocation and a Voice	Kate Chopin	2006-01-01T00:00:00Z	2006.0	texts	['eng', 'chi']	['internetarchivebooks']
/works/OL65430W	The Awakening	Kate Chopin	1899	"title:""The Awakening"" AND creator:""Kate Chopin"""	15	isbn_9781613824337	The Awakening and Selected Short Stories	Kate Chopin	2013-02-21T00:00:00Z	2013.0	texts	eng	['internetarchivebooks', 'printdisabled', 'fav-khaalid_abdullaahi']
/works/OL65430W	The Awakening	Kate Chopin	1899	"title:""The Awakening"" AND creator:""Kate Chopin"""	15	awakeningnovelby0000kate	The awakening. NOVEL by Kate Chopin (World's Classics)	Kate Chopin	2016-04-04T00:00:00Z	2016.0	texts	eng	['internetarchivebooks', 'inlibrary', 'printdisabled', 'fav-allterrainfearboat', 'fav-dayna_dickens', 'fav-dragana_gruji_', 'fav-juliana_lopez372', 'fav-norabarber', 'fav-sandra_j_anand_jeevanandan_k_p', 'fav-west1929']
