relative_path	bytes	manifest_record_count
updated_date=2016-06-24/part_0000.gz	824048	1578
updated_date=2016-07-22/part_0000.gz	20878	27
updated_date=2016-08-23/part_0000.gz	25626	22
updated_date=2016-09-16/part_0000.gz	18737	13
updated_date=2016-09-23/part_0000.gz	3636	4
updated_date=2016-09-30/part_0000.gz	4587	3
updated_date=2016-10-07/part_0000.gz	7084	7
updated_date=2016-10-28/part_0000.gz	4311	2
updated_date=2016-11-04/part_0000.gz	2713	2
updated_date=2016-11-30/part_0000.gz	10842	5
updated_date=2016-12-08/part_0000.gz	7913	4
updated_date=2017-01-06/part_0000.gz	3638	1
updated_date=2017-01-13/part_0000.gz	2842	1
updated_date=2017-01-26/part_0000.gz	3593	2
updated_date=2017-02-03/part_0000.gz	4257	3
updated_date=2017-02-10/part_0000.gz	5736	3
updated_date=2017-02-17/part_0000.gz	4835	4
updated_date=2017-02-24/part_0000.gz	1395	1
updated_date=2017-03-03/part_0000.gz	4065	2
updated_date=2017-03-16/part_0000.gz	5614	4
updated_date=2017-04-07/part_0000.gz	7553	4
updated_date=2017-04-14/part_0000.gz	3066	1
updated_date=2017-04-28/part_0000.gz	8494	5
updated_date=2017-05-05/part_0000.gz	2789	1
updated_date=2017-05-12/part_0000.gz	2025	2
updated_date=2017-05-19/part_0000.gz	5467	2
updated_date=2017-05-26/part_0000.gz	4932	2
updated_date=2017-06-05/part_0000.gz	2534	1
updated_date=2017-06-09/part_0000.gz	3136	1
updated_date=2017-06-15/part_0000.gz	3367	2
updated_date=2017-06-23/part_0000.gz	1566	1
updated_date=2017-06-30/part_0000.gz	4859	3
updated_date=2017-07-14/part_0000.gz	5185	2
updated_date=2017-07-31/part_0000.gz	5672	3
updated_date=2017-08-08/part_0000.gz	4171	3
updated_date=2017-08-17/part_0000.gz	8016	5
updated_date=2017-08-31/part_0000.gz	9992	6
updated_date=2017-09-15/part_0000.gz	1593	1
updated_date=2017-10-06/part_0000.gz	8648	4
updated_date=2017-10-20/part_0000.gz	2876	1
updated_date=2017-11-10/part_0000.gz	5592	3
updated_date=2017-12-04/part_0000.gz	4806	2
updated_date=2017-12-22/part_0000.gz	4567	2
updated_date=2018-01-05/part_0000.gz	10123	3
updated_date=2018-01-12/part_0000.gz	3577	1
updated_date=2018-02-02/part_0000.gz	4529	2
updated_date=2018-04-06/part_0000.gz	4252	2
updated_date=2018-04-24/part_0000.gz	1784	1
updated_date=2018-05-07/part_0000.gz	4514	8
updated_date=2018-05-17/part_0000.gz	13751	8
updated_date=2018-06-13/part_0000.gz	1503	1
updated_date=2018-06-21/part_0000.gz	2069	1
updated_date=2018-07-10/part_0000.gz	3207	1
updated_date=2018-07-19/part_0000.gz	5334	2
updated_date=2018-08-03/part_0000.gz	1695	1
updated_date=2018-08-22/part_0000.gz	2311	1
updated_date=2018-09-27/part_0000.gz	15035	4
updated_date=2018-10-12/part_0000.gz	1526	1
updated_date=2018-10-26/part_0000.gz	1903	1
updated_date=2018-12-22/part_0000.gz	2367	1
updated_date=2019-01-01/part_0000.gz	2350	1
updated_date=2019-01-25/part_0000.gz	2172	1
updated_date=2019-02-21/part_0000.gz	3362	1
updated_date=2019-03-02/part_0000.gz	4299	4
updated_date=2019-03-11/part_0000.gz	3290	1
updated_date=2019-03-22/part_0000.gz	3496	2
updated_date=2019-04-01/part_0000.gz	3224	1
updated_date=2019-04-25/part_0000.gz	4864	3
updated_date=2019-05-09/part_0000.gz	3462	2
updated_date=2019-05-29/part_0000.gz	9472	4
updated_date=2019-06-07/part_0000.gz	5206	2
updated_date=2019-06-27/part_0000.gz	4933	2
updated_date=2019-07-12/part_0000.gz	1581	1
updated_date=2019-07-23/part_0000.gz	2864	1
updated_date=2019-07-30/part_0000.gz	1707	1
updated_date=2019-08-13/part_0000.gz	2823	1
updated_date=2019-08-22/part_0000.gz	1475	1
updated_date=2019-09-12/part_0000.gz	2863	1
updated_date=2019-10-10/part_0000.gz	4220	7
updated_date=2019-10-25/part_0000.gz	3538	1
updated_date=2019-11-08/part_0000.gz	3005	1
updated_date=2019-11-22/part_0000.gz	5169	4
updated_date=2019-12-13/part_0000.gz	1852	1
updated_date=2020-01-23/part_0000.gz	3316	2
updated_date=2020-02-07/part_0000.gz	1592	1
updated_date=2020-03-23/part_0000.gz	3000	1
updated_date=2020-03-27/part_0000.gz	1687	1
updated_date=2020-04-03/part_0000.gz	1533	1
updated_date=2020-05-01/part_0000.gz	1768	2
updated_date=2020-05-13/part_0000.gz	1855	1
updated_date=2020-06-05/part_0000.gz	9540	12
updated_date=2020-06-25/part_0000.gz	3401	1
updated_date=2020-08-10/part_0000.gz	2559	1
updated_date=2020-09-25/part_0000.gz	3078	1
updated_date=2020-11-09/part_0000.gz	3713	1
updated_date=2020-11-23/part_0000.gz	2716	1
updated_date=2020-12-21/part_0000.gz	1807	1
updated_date=2021-01-05/part_0000.gz	5894	3
updated_date=2021-02-01/part_0000.gz	2829	2
updated_date=2021-02-15/part_0000.gz	2725	1
updated_date=2021-03-01/part_0000.gz	1684	1
updated_date=2021-04-13/part_0000.gz	3660	3
updated_date=2021-06-22/part_0000.gz	4152	2
updated_date=2021-07-19/part_0000.gz	2542	2
updated_date=2021-08-02/part_0000.gz	4067	11
updated_date=2021-08-16/part_0000.gz	2477	3
updated_date=2021-09-13/part_0000.gz	1519	1
updated_date=2021-10-11/part_0000.gz	2443	2
updated_date=2021-11-04/part_0000.gz	61203	77
updated_date=2021-11-08/part_0000.gz	6850	3
updated_date=2021-12-23/part_0000.gz	8293	5
updated_date=2022-02-02/part_0000.gz	20360	10
updated_date=2022-03-09/part_0000.gz	6280	7
updated_date=2022-05-16/part_0000.gz	5564	2
updated_date=2022-05-18/part_0000.gz	1754	1
updated_date=2023-12-11/part_0000.gz	1588	1
updated_date=2025-07-22/part_0000.gz	448641	304
updated_date=2025-07-23/part_0000.gz	333764	235
updated_date=2025-07-24/part_0000.gz	491744	356
updated_date=2025-07-25/part_0000.gz	314630	219
updated_date=2025-07-26/part_0000.gz	297485	214
updated_date=2025-07-27/part_0000.gz	317100	240
updated_date=2025-07-28/part_0000.gz	303589	256
updated_date=2025-07-29/part_0000.gz	308680	254
updated_date=2025-07-30/part_0000.gz	143513	96
updated_date=2025-07-31/part_0000.gz	154433	123
updated_date=2025-08-17/part_0000.gz	1621	1
updated_date=2025-09-08/part_0000.gz	3282	1
updated_date=2025-09-24/part_0000.gz	3939	4
updated_date=2025-10-08/part_0000.gz	2000	1
updated_date=2025-10-10/part_0000.gz	387893879	400000
updated_date=2025-10-10/part_0001.gz	130577481	150201
updated_date=2025-10-10/part_0002.gz	386929332	400000
updated_date=2025-10-10/part_0003.gz	138076456	150640
updated_date=2025-10-10/part_0004.gz	371024421	400000
updated_date=2025-10-10/part_0005.gz	147039851	149662
updated_date=2025-10-10/part_0006.gz	374857543	400000
updated_date=2025-10-10/part_0007.gz	142678810	150341
updated_date=2025-10-10/part_0008.gz	389950535	400000
updated_date=2025-10-10/part_0009.gz	138465598	151368
updated_date=2025-10-10/part_0010.gz	380833753	400000
updated_date=2025-10-10/part_0011.gz	137773105	150575
updated_date=2025-10-10/part_0012.gz	374478538	400000
updated_date=2025-10-10/part_0013.gz	143394045	149879
updated_date=2025-10-10/part_0014.gz	375121161	400000
updated_date=2025-10-10/part_0015.gz	153800772	150017
updated_date=2025-10-10/part_0016.gz	376169508	400000
updated_date=2025-10-10/part_0017.gz	151736924	149445
updated_date=2025-10-10/part_0018.gz	372882453	400000
updated_date=2025-10-10/part_0019.gz	149043388	150655
updated_date=2025-10-10/part_0020.gz	387612224	400000
updated_date=2025-10-10/part_0021.gz	130763409	150147
updated_date=2025-10-10/part_0022.gz	398864518	400000
updated_date=2025-10-10/part_0023.gz	128879655	150664
updated_date=2025-10-10/part_0024.gz	374224294	400000
updated_date=2025-10-10/part_0025.gz	147678888	150604
updated_date=2025-10-10/part_0026.gz	372994964	400000
updated_date=2025-10-10/part_0027.gz	145042951	149667
updated_date=2025-10-10/part_0028.gz	374606148	400000
updated_date=2025-10-10/part_0029.gz	143935549	149792
updated_date=2025-10-10/part_0030.gz	385487224	400000
updated_date=2025-10-10/part_0031.gz	141403530	149920
updated_date=2025-10-10/part_0032.gz	388117392	400000
updated_date=2025-10-10/part_0033.gz	138753959	149446
updated_date=2025-10-10/part_0034.gz	364405356	400000
updated_date=2025-10-10/part_0035.gz	155941467	151094
updated_date=2025-10-10/part_0036.gz	379803042	400000
updated_date=2025-10-10/part_0037.gz	138677600	150421
updated_date=2025-10-10/part_0038.gz	381472654	400000
updated_date=2025-10-10/part_0039.gz	138510116	151899
updated_date=2025-10-10/part_0040.gz	370145401	400000
updated_date=2025-10-10/part_0041.gz	148282694	150876
updated_date=2025-10-10/part_0042.gz	366545910	400000
updated_date=2025-10-10/part_0043.gz	151573999	149638
updated_date=2025-10-10/part_0044.gz	390600019	400000
updated_date=2025-10-10/part_0045.gz	136721054	148982
updated_date=2025-10-10/part_0046.gz	372776580	400000
updated_date=2025-10-10/part_0047.gz	146764120	151045
updated_date=2025-10-10/part_0048.gz	375280475	400000
updated_date=2025-10-10/part_0049.gz	143200708	150617
updated_date=2025-10-10/part_0050.gz	379783054	400000
updated_date=2025-10-10/part_0051.gz	142895781	150709
updated_date=2025-10-10/part_0052.gz	378215964	400000
updated_date=2025-10-10/part_0053.gz	147355899	150830
updated_date=2025-10-10/part_0054.gz	379683060	400000
updated_date=2025-10-10/part_0055.gz	140168497	150813
updated_date=2025-10-10/part_0056.gz	389314087	400000
updated_date=2025-10-10/part_0057.gz	138523541	150219
updated_date=2025-10-10/part_0058.gz	381373064	400000
updated_date=2025-10-10/part_0059.gz	136805229	150305
updated_date=2025-10-10/part_0060.gz	384237493	400000
updated_date=2025-10-10/part_0061.gz	144794678	150847
updated_date=2025-10-10/part_0062.gz	366629662	400000
updated_date=2025-10-10/part_0063.gz	151938015	151279
updated_date=2025-10-10/part_0064.gz	374290759	400000
updated_date=2025-10-10/part_0065.gz	143959445	150423
updated_date=2025-10-10/part_0066.gz	369581056	400000
updated_date=2025-10-10/part_0067.gz	150224630	149869
updated_date=2025-10-10/part_0068.gz	385449650	400000
updated_date=2025-10-10/part_0069.gz	140438992	149556
updated_date=2025-10-10/part_0070.gz	376437742	400000
updated_date=2025-10-10/part_0071.gz	150839371	150182
updated_date=2025-10-10/part_0072.gz	381047932	400000
updated_date=2025-10-10/part_0073.gz	145975599	150324
updated_date=2025-10-10/part_0074.gz	368597581	400000
updated_date=2025-10-10/part_0075.gz	149379554	149259
updated_date=2025-10-10/part_0076.gz	373213564	400000
updated_date=2025-10-10/part_0077.gz	146008501	150957
updated_date=2025-10-10/part_0078.gz	384619090	400000
updated_date=2025-10-10/part_0079.gz	144205922	150773
updated_date=2025-10-10/part_0080.gz	381812537	400000
updated_date=2025-10-10/part_0081.gz	137447549	150495
updated_date=2025-10-10/part_0082.gz	380411144	400000
updated_date=2025-10-10/part_0083.gz	144286884	150431
updated_date=2025-10-10/part_0084.gz	398867029	400000
updated_date=2025-10-10/part_0085.gz	130055808	150746
updated_date=2025-10-10/part_0086.gz	375907015	400000
updated_date=2025-10-10/part_0087.gz	151408118	150672
updated_date=2025-10-10/part_0088.gz	379063786	400000
updated_date=2025-10-10/part_0089.gz	140729321	150964
updated_date=2025-10-10/part_0090.gz	383730344	400000
updated_date=2025-10-10/part_0091.gz	134257932	149848
updated_date=2025-10-10/part_0092.gz	384490071	400000
updated_date=2025-10-10/part_0093.gz	139655269	149470
updated_date=2025-10-10/part_0094.gz	384765058	400000
updated_date=2025-10-10/part_0095.gz	143716268	149706
updated_date=2025-10-10/part_0096.gz	371987129	400000
updated_date=2025-10-10/part_0097.gz	148143621	150828
updated_date=2025-10-10/part_0098.gz	381542211	400000
updated_date=2025-10-10/part_0099.gz	145387700	150919
updated_date=2025-10-14/part_0000.gz	6247	3
updated_date=2025-10-15/part_0000.gz	1285	1
updated_date=2025-10-16/part_0000.gz	37304	32
updated_date=2025-10-17/part_0000.gz	1895	1
updated_date=2025-10-18/part_0000.gz	2131	1
updated_date=2025-10-19/part_0000.gz	2553	1
updated_date=2025-10-21/part_0000.gz	1650	1
updated_date=2025-10-22/part_0000.gz	2182	1
updated_date=2025-10-23/part_0000.gz	1839	1
updated_date=2025-10-24/part_0000.gz	16317	28
updated_date=2025-10-25/part_0000.gz	2641	1
updated_date=2025-10-27/part_0000.gz	12550785	16932
updated_date=2025-10-28/part_0000.gz	3818	5
updated_date=2025-10-29/part_0000.gz	6945	12
updated_date=2025-10-30/part_0000.gz	812	1
updated_date=2025-10-31/part_0000.gz	7757	6
updated_date=2025-11-01/part_0000.gz	3364	5
updated_date=2025-11-05/part_0000.gz	8832	15
updated_date=2025-11-06/part_0000.gz	248496720	270818
updated_date=2025-11-06/part_0001.gz	244954040	271545
updated_date=2025-11-06/part_0002.gz	246079648	272444
updated_date=2025-11-06/part_0003.gz	245522650	271351
updated_date=2025-11-06/part_0004.gz	246116729	270499
updated_date=2025-11-06/part_0005.gz	249102508	271969
updated_date=2025-11-06/part_0006.gz	358543252	400000
updated_date=2025-11-06/part_0007.gz	131964778	143952
updated_date=2025-11-06/part_0008.gz	244619794	271715
updated_date=2025-11-06/part_0009.gz	247078550	271487
updated_date=2025-11-06/part_0010.gz	247704663	272128
updated_date=2025-11-06/part_0011.gz	249142556	271572
updated_date=2025-11-06/part_0012.gz	248460726	271431
updated_date=2025-11-06/part_0013.gz	245527980	271980
updated_date=2025-11-06/part_0014.gz	245949202	272341
updated_date=2025-11-06/part_0015.gz	249329519	271816
updated_date=2025-11-06/part_0016.gz	246244036	272785
updated_date=2025-11-06/part_0017.gz	245313042	271948
updated_date=2025-11-06/part_0018.gz	248850394	271603
updated_date=2025-11-06/part_0019.gz	245144185	270809
updated_date=2025-11-06/part_0020.gz	244016831	270444
updated_date=2025-11-06/part_0021.gz	245312145	271960
updated_date=2025-11-06/part_0022.gz	244479295	271254
updated_date=2025-11-06/part_0023.gz	248847769	271115
updated_date=2025-11-06/part_0024.gz	246712236	272007
updated_date=2025-11-06/part_0025.gz	245473575	271506
updated_date=2025-11-06/part_0026.gz	248979280	271518
updated_date=2025-11-06/part_0027.gz	246167067	272362
updated_date=2025-11-06/part_0028.gz	244738017	271606
updated_date=2025-11-06/part_0029.gz	244404810	271284
updated_date=2025-11-06/part_0030.gz	249045256	272144
updated_date=2025-11-06/part_0031.gz	245860766	272422
updated_date=2025-11-06/part_0032.gz	248536097	272199
updated_date=2025-11-06/part_0033.gz	245642085	271695
updated_date=2025-11-06/part_0034.gz	248435723	271756
updated_date=2025-11-06/part_0035.gz	246135120	272615
updated_date=2025-11-06/part_0036.gz	245491286	271656
updated_date=2025-11-06/part_0037.gz	244528949	270822
updated_date=2025-11-06/part_0038.gz	244780400	271347
updated_date=2025-11-06/part_0039.gz	245091508	271677
updated_date=2025-11-06/part_0040.gz	245811381	272341
updated_date=2025-11-06/part_0041.gz	247583720	272161
updated_date=2025-11-06/part_0042.gz	245684673	271648
updated_date=2025-11-06/part_0043.gz	249521465	272518
updated_date=2025-11-06/part_0044.gz	245574844	272054
updated_date=2025-11-06/part_0045.gz	363455104	400000
updated_date=2025-11-06/part_0046.gz	126454400	142929
updated_date=2025-11-06/part_0047.gz	244251989	270848
updated_date=2025-11-06/part_0048.gz	246586959	272008
updated_date=2025-11-06/part_0049.gz	244707768	271280
updated_date=2025-11-06/part_0050.gz	245160073	271534
updated_date=2025-11-06/part_0051.gz	245430012	271377
updated_date=2025-11-06/part_0052.gz	249501168	271911
updated_date=2025-11-06/part_0053.gz	247639017	271782
updated_date=2025-11-06/part_0054.gz	243635308	270756
updated_date=2025-11-06/part_0055.gz	245341958	271883
updated_date=2025-11-06/part_0056.gz	245923205	271662
updated_date=2025-11-06/part_0057.gz	244942811	271676
updated_date=2025-11-06/part_0058.gz	245964822	271581
updated_date=2025-11-06/part_0059.gz	246296396	271286
updated_date=2025-11-06/part_0060.gz	246522544	272417
updated_date=2025-11-06/part_0061.gz	244686327	271468
updated_date=2025-11-06/part_0062.gz	244492704	271943
updated_date=2025-11-06/part_0063.gz	245569030	272201
updated_date=2025-11-06/part_0064.gz	245461214	271888
updated_date=2025-11-06/part_0065.gz	249669272	272011
updated_date=2025-11-06/part_0066.gz	244780093	271409
updated_date=2025-11-06/part_0067.gz	245184637	271415
updated_date=2025-11-06/part_0068.gz	249700430	272050
updated_date=2025-11-06/part_0069.gz	244322593	270854
updated_date=2025-11-06/part_0070.gz	244780802	271007
updated_date=2025-11-06/part_0071.gz	245665037	271775
updated_date=2025-11-06/part_0072.gz	244825262	271285
updated_date=2025-11-06/part_0073.gz	245412305	271511
updated_date=2025-11-06/part_0074.gz	244820625	271765
updated_date=2025-11-06/part_0075.gz	246510338	272173
updated_date=2025-11-06/part_0076.gz	245457346	271474
updated_date=2025-11-06/part_0077.gz	245205694	271531
updated_date=2025-11-06/part_0078.gz	244854543	271200
updated_date=2025-11-06/part_0079.gz	243896562	270448
updated_date=2025-11-06/part_0080.gz	243761046	270518
updated_date=2025-11-06/part_0081.gz	245145526	272162
updated_date=2025-11-06/part_0082.gz	244025059	270850
updated_date=2025-11-06/part_0083.gz	245875320	272440
updated_date=2025-11-06/part_0084.gz	244778229	271584
updated_date=2025-11-06/part_0085.gz	245543869	271706
updated_date=2025-11-06/part_0086.gz	244438802	271397
updated_date=2025-11-06/part_0087.gz	245957654	271513
updated_date=2025-11-06/part_0088.gz	246448848	271529
updated_date=2025-11-06/part_0089.gz	244999703	272411
updated_date=2025-11-06/part_0090.gz	245650698	271338
updated_date=2025-11-06/part_0091.gz	244578592	270722
updated_date=2025-11-06/part_0092.gz	245082437	271464
updated_date=2025-11-06/part_0093.gz	245774857	271693
updated_date=2025-11-06/part_0094.gz	244934735	270896
updated_date=2025-11-06/part_0095.gz	245637065	271299
updated_date=2025-11-06/part_0096.gz	248857823	271146
updated_date=2025-11-06/part_0097.gz	246309763	272350
updated_date=2025-11-06/part_0098.gz	246875464	272436
updated_date=2025-11-06/part_0099.gz	244989351	270687
updated_date=2025-11-06/part_0100.gz	246068265	271938
updated_date=2025-11-06/part_0101.gz	247691416	272907
updated_date=2025-11-06/part_0102.gz	244255179	270892
updated_date=2025-11-06/part_0103.gz	247207014	270742
updated_date=2025-11-06/part_0104.gz	249983154	271411
updated_date=2025-11-06/part_0105.gz	244689709	271294
updated_date=2025-11-06/part_0106.gz	249325375	272353
updated_date=2025-11-06/part_0107.gz	245965500	272055
updated_date=2025-11-06/part_0108.gz	248466592	271794
updated_date=2025-11-06/part_0109.gz	245168110	270870
updated_date=2025-11-06/part_0110.gz	245453736	271071
updated_date=2025-11-06/part_0111.gz	249987221	271314
updated_date=2025-11-06/part_0112.gz	247216424	271749
updated_date=2025-11-06/part_0113.gz	245329829	271361
updated_date=2025-11-06/part_0114.gz	244752715	270630
updated_date=2025-11-06/part_0115.gz	245267711	271670
updated_date=2025-11-06/part_0116.gz	245214030	271819
updated_date=2025-11-06/part_0117.gz	250251803	272300
updated_date=2025-11-06/part_0118.gz	245781782	270834
updated_date=2025-11-06/part_0119.gz	245570483	271396
updated_date=2025-11-06/part_0120.gz	245559659	272014
updated_date=2025-11-06/part_0121.gz	245126092	271730
updated_date=2025-11-06/part_0122.gz	245187964	271765
updated_date=2025-11-06/part_0123.gz	245425645	272055
updated_date=2025-11-06/part_0124.gz	245125854	271505
updated_date=2025-11-06/part_0125.gz	249005721	271496
updated_date=2025-11-06/part_0126.gz	245588442	271885
updated_date=2025-11-06/part_0127.gz	246243093	271017
updated_date=2025-11-06/part_0128.gz	245079812	271602
updated_date=2025-11-06/part_0129.gz	246090249	272111
updated_date=2025-11-06/part_0130.gz	245865858	272927
updated_date=2025-11-06/part_0131.gz	244693080	270968
updated_date=2025-11-06/part_0132.gz	247841970	271347
updated_date=2025-11-06/part_0133.gz	244990612	270720
updated_date=2025-11-06/part_0134.gz	244279289	271225
updated_date=2025-11-06/part_0135.gz	244588986	271507
updated_date=2025-11-06/part_0136.gz	245313066	272251
updated_date=2025-11-06/part_0137.gz	245331266	271454
updated_date=2025-11-06/part_0138.gz	248216810	270982
updated_date=2025-11-06/part_0139.gz	244689214	270848
updated_date=2025-11-06/part_0140.gz	248235534	271327
updated_date=2025-11-06/part_0141.gz	246400899	272374
updated_date=2025-11-06/part_0142.gz	245064916	270921
updated_date=2025-11-06/part_0143.gz	245659431	271729
updated_date=2025-11-06/part_0144.gz	249438556	272391
updated_date=2025-11-06/part_0145.gz	245900420	271450
updated_date=2025-11-06/part_0146.gz	245025060	272118
updated_date=2025-11-06/part_0147.gz	246165451	270885
updated_date=2025-11-06/part_0148.gz	244009464	270614
updated_date=2025-11-06/part_0149.gz	245306014	271767
updated_date=2025-11-06/part_0150.gz	246582848	271958
updated_date=2025-11-06/part_0151.gz	244648724	271266
updated_date=2025-11-06/part_0152.gz	367863413	400000
updated_date=2025-11-06/part_0153.gz	129543605	142557
updated_date=2025-11-06/part_0154.gz	245537312	272294
updated_date=2025-11-06/part_0155.gz	245936734	272309
updated_date=2025-11-06/part_0156.gz	244431142	270996
updated_date=2025-11-06/part_0157.gz	247820935	270879
updated_date=2025-11-06/part_0158.gz	245244143	271463
updated_date=2025-11-06/part_0159.gz	248680519	271599
updated_date=2025-11-07/part_0000.gz	9388570	8418
updated_date=2025-11-08/part_0000.gz	7081948	8307
updated_date=2025-11-09/part_0000.gz	2202377	2920
updated_date=2025-11-10/part_0000.gz	945643	1041
updated_date=2025-11-11/part_0000.gz	2039005	2159
updated_date=2025-11-12/part_0000.gz	2600212	2790
updated_date=2025-11-13/part_0000.gz	1816141	1896
updated_date=2025-11-14/part_0000.gz	6577433	9320
updated_date=2025-11-15/part_0000.gz	3491601	5435
updated_date=2025-11-16/part_0000.gz	1077329	1096
updated_date=2025-11-17/part_0000.gz	5773803	4781
updated_date=2025-11-18/part_0000.gz	2426667	2608
updated_date=2025-11-19/part_0000.gz	2204583	2516
updated_date=2025-11-20/part_0000.gz	4495236	5801
updated_date=2025-11-23/part_0000.gz	14811388	18182
updated_date=2025-11-25/part_0000.gz	13196819	13549
updated_date=2025-11-27/part_0000.gz	2161363	2218
updated_date=2025-11-28/part_0000.gz	46431370	84897
updated_date=2025-11-29/part_0000.gz	27460	49
updated_date=2025-11-30/part_0000.gz	4504	1
updated_date=2025-12-01/part_0000.gz	15003134	15884
updated_date=2025-12-02/part_0000.gz	26773	46
updated_date=2025-12-03/part_0000.gz	16501531	23599
updated_date=2025-12-04/part_0000.gz	4985945	6648
updated_date=2025-12-05/part_0000.gz	8454460	10798
updated_date=2025-12-06/part_0000.gz	7336746	12585
updated_date=2025-12-07/part_0000.gz	1972710	2646
updated_date=2025-12-08/part_0000.gz	4473595	6455
updated_date=2025-12-09/part_0000.gz	43384	63
updated_date=2025-12-10/part_0000.gz	7028213	8480
updated_date=2025-12-11/part_0000.gz	15079661	21129
updated_date=2025-12-12/part_0000.gz	11986624	17895
updated_date=2025-12-13/part_0000.gz	7250454	10235
updated_date=2025-12-14/part_0000.gz	1649507	2210
updated_date=2025-12-15/part_0000.gz	2394902	3176
updated_date=2025-12-16/part_0000.gz	10095560	22741
updated_date=2025-12-17/part_0000.gz	8067972	21118
updated_date=2025-12-18/part_0000.gz	13463	7
updated_date=2025-12-19/part_0000.gz	67994194	93488
updated_date=2025-12-20/part_0000.gz	2909	3
updated_date=2025-12-21/part_0000.gz	197852760	272017
updated_date=2025-12-22/part_0000.gz	82974730	114958
updated_date=2025-12-23/part_0000.gz	81446451	109465
updated_date=2025-12-24/part_0000.gz	73318215	101952
updated_date=2025-12-25/part_0000.gz	80147860	96926
updated_date=2025-12-26/part_0000.gz	74344756	107671
updated_date=2025-12-27/part_0000.gz	114674589	165972
updated_date=2025-12-28/part_0000.gz	78872282	120631
updated_date=2025-12-29/part_0000.gz	6947234	10524
updated_date=2025-12-30/part_0000.gz	8300358	11350
updated_date=2025-12-31/part_0000.gz	4419156	5572
updated_date=2026-01-01/part_0000.gz	2747944	4013
updated_date=2026-01-02/part_0000.gz	3808942	4106
updated_date=2026-01-03/part_0000.gz	3076009	3960
updated_date=2026-01-04/part_0000.gz	3200369	3253
updated_date=2026-01-05/part_0000.gz	2098575	2068
updated_date=2026-01-06/part_0000.gz	2205260	1394
updated_date=2026-01-08/part_0000.gz	20020868	20957
updated_date=2026-01-09/part_0000.gz	22792305	33611
updated_date=2026-01-10/part_0000.gz	11954413	12837
updated_date=2026-01-11/part_0000.gz	7127121	12112
updated_date=2026-01-13/part_0000.gz	332526698	400000
updated_date=2026-01-13/part_0001.gz	11716677	13482
updated_date=2026-01-14/part_0000.gz	6945250	7535
updated_date=2026-01-15/part_0000.gz	46189982	44239
updated_date=2026-01-16/part_0000.gz	8293119	9414
updated_date=2026-01-17/part_0000.gz	4638151	6315
updated_date=2026-01-19/part_0000.gz	8998611	6872
updated_date=2026-01-20/part_0000.gz	25483950	20898
updated_date=2026-01-21/part_0000.gz	10508482	10633
updated_date=2026-01-22/part_0000.gz	11827520	11752
updated_date=2026-01-23/part_0000.gz	10443501	11712
updated_date=2026-01-24/part_0000.gz	10386702	10840
updated_date=2026-01-25/part_0000.gz	10211332	12690
updated_date=2026-01-26/part_0000.gz	3902136	5741
updated_date=2026-01-27/part_0000.gz	4413979	4739
updated_date=2026-01-28/part_0000.gz	8604068	11863
updated_date=2026-01-29/part_0000.gz	4515466	6509
updated_date=2026-01-30/part_0000.gz	9538905	28303
updated_date=2026-02-01/part_0000.gz	4626052	6129
updated_date=2026-02-02/part_0000.gz	2874794	7511
updated_date=2026-02-03/part_0000.gz	18021445	19424
updated_date=2026-02-04/part_0000.gz	1877173	2558
updated_date=2026-02-06/part_0000.gz	23576099	39105
updated_date=2026-02-07/part_0000.gz	62417334	80271
updated_date=2026-02-08/part_0000.gz	8576632	13507
updated_date=2026-02-09/part_0000.gz	212663477	200241
updated_date=2026-02-09/part_0001.gz	213173754	200126
updated_date=2026-02-09/part_0002.gz	212920003	200524
updated_date=2026-02-09/part_0003.gz	212496586	200279
updated_date=2026-02-09/part_0004.gz	216158241	200671
updated_date=2026-02-09/part_0005.gz	212011328	200080
updated_date=2026-02-09/part_0006.gz	213312078	200296
updated_date=2026-02-09/part_0007.gz	213000605	200847
updated_date=2026-02-09/part_0008.gz	216223700	200598
updated_date=2026-02-09/part_0009.gz	213785007	201047
updated_date=2026-02-09/part_0010.gz	216368897	201156
updated_date=2026-02-09/part_0011.gz	212348611	199708
updated_date=2026-02-09/part_0012.gz	212837486	200589
updated_date=2026-02-09/part_0013.gz	211812498	199428
updated_date=2026-02-09/part_0014.gz	212864463	201095
updated_date=2026-02-09/part_0015.gz	215423147	200321
updated_date=2026-02-09/part_0016.gz	213377548	200496
updated_date=2026-02-09/part_0017.gz	215775483	201149
updated_date=2026-02-09/part_0018.gz	211956644	199436
updated_date=2026-02-09/part_0019.gz	425025139	400000
updated_date=2026-02-09/part_0020.gz	936903	889
updated_date=2026-02-09/part_0021.gz	214389138	200421
updated_date=2026-02-09/part_0022.gz	213394439	199979
updated_date=2026-02-09/part_0023.gz	213204639	200859
updated_date=2026-02-09/part_0024.gz	212878028	200761
updated_date=2026-02-10/part_0000.gz	298537829	304977
updated_date=2026-02-10/part_0001.gz	296220887	304812
updated_date=2026-02-10/part_0002.gz	296310143	305248
updated_date=2026-02-11/part_0000.gz	149196114	109011
updated_date=2026-02-12/part_0000.gz	5330839	5754
updated_date=2026-02-13/part_0000.gz	7805086	8081
updated_date=2026-02-14/part_0000.gz	5535570	5632
updated_date=2026-02-15/part_0000.gz	5253813	6209
updated_date=2026-02-16/part_0000.gz	4845240	3926
updated_date=2026-02-17/part_0000.gz	5596499	8404
updated_date=2026-02-18/part_0000.gz	12383334	14908
updated_date=2026-02-19/part_0000.gz	8649230	12854
updated_date=2026-02-20/part_0000.gz	12438768	15934
updated_date=2026-02-21/part_0000.gz	9106435	14471
updated_date=2026-02-22/part_0000.gz	4959118	3830
updated_date=2026-02-23/part_0000.gz	2583572	2957
updated_date=2026-02-24/part_0000.gz	6201449	12839
updated_date=2026-02-25/part_0000.gz	147313590	126620
updated_date=2026-02-26/part_0000.gz	9189332	10984
updated_date=2026-02-27/part_0000.gz	15102945	44597
updated_date=2026-02-28/part_0000.gz	5779005	7269
updated_date=2026-03-01/part_0000.gz	5961625	6685
updated_date=2026-03-02/part_0000.gz	67273310	67641
updated_date=2026-03-03/part_0000.gz	8751982	10961
updated_date=2026-03-04/part_0000.gz	51904816	40751
updated_date=2026-03-05/part_0000.gz	26981924	32654
updated_date=2026-03-06/part_0000.gz	36195143	44636
updated_date=2026-03-07/part_0000.gz	40125147	50234
updated_date=2026-03-08/part_0000.gz	21682489	27313
updated_date=2026-03-09/part_0000.gz	23957465	31905
updated_date=2026-03-10/part_0000.gz	256472447	317168
updated_date=2026-03-11/part_0000.gz	16566625	16114
updated_date=2026-03-12/part_0000.gz	12247611	15287
updated_date=2026-03-13/part_0000.gz	8768891	11126
updated_date=2026-03-14/part_0000.gz	13563646	13685
updated_date=2026-03-15/part_0000.gz	81945794	71956
updated_date=2026-03-16/part_0000.gz	210053505	168686
updated_date=2026-03-17/part_0000.gz	168233187	142190
updated_date=2026-03-18/part_0000.gz	8027154	10070
updated_date=2026-03-20/part_0000.gz	374420455	400000
updated_date=2026-03-20/part_0001.gz	330198503	388727
updated_date=2026-03-21/part_0000.gz	7173884	9426
updated_date=2026-03-22/part_0000.gz	4420861	4071
updated_date=2026-03-23/part_0000.gz	1593893	1797
updated_date=2026-03-24/part_0000.gz	4736335	5508
updated_date=2026-03-25/part_0000.gz	200619349	206525
updated_date=2026-03-26/part_0000.gz	6738416	7774
updated_date=2026-03-27/part_0000.gz	488179207	197250
updated_date=2026-03-28/part_0000.gz	7723463	8024
updated_date=2026-03-29/part_0000.gz	5909659	6151
updated_date=2026-03-30/part_0000.gz	2725075	3159
updated_date=2026-03-31/part_0000.gz	6148610	6621
updated_date=2026-04-01/part_0000.gz	96426277	184917
updated_date=2026-04-02/part_0000.gz	37879661	54619
updated_date=2026-04-03/part_0000.gz	31577200	48359
updated_date=2026-04-04/part_0000.gz	32540672	32617
updated_date=2026-04-05/part_0000.gz	10911108	9610
updated_date=2026-04-06/part_0000.gz	5848127	7474
updated_date=2026-04-07/part_0000.gz	17681342	16394
updated_date=2026-04-08/part_0000.gz	9723386	12627
updated_date=2026-04-09/part_0000.gz	8156380	11254
updated_date=2026-04-10/part_0000.gz	7732772	10447
updated_date=2026-04-11/part_0000.gz	10424986	13068
updated_date=2026-04-12/part_0000.gz	4709127	6934
updated_date=2026-04-13/part_0000.gz	3012081	5722
updated_date=2026-04-14/part_0000.gz	6065664	7664
updated_date=2026-04-15/part_0000.gz	5778399	7177
updated_date=2026-04-16/part_0000.gz	12923780	17851
updated_date=2026-04-17/part_0000.gz	8046029	11315
updated_date=2026-04-18/part_0000.gz	10306550	12671
updated_date=2026-04-19/part_0000.gz	28560103	34907
updated_date=2026-04-20/part_0000.gz	3194495	3547
updated_date=2026-04-21/part_0000.gz	60743275	123085
updated_date=2026-04-22/part_0000.gz	13529216	13785
updated_date=2026-04-23/part_0000.gz	15318376	16138
updated_date=2026-04-24/part_0000.gz	8338878	10876
updated_date=2026-04-25/part_0000.gz	6707778	8952
updated_date=2026-04-26/part_0000.gz	6165116	7700
updated_date=2026-04-27/part_0000.gz	2166417	2937
updated_date=2026-04-28/part_0000.gz	97407623	253057
updated_date=2026-04-29/part_0000.gz	5022041	6059
updated_date=2026-04-30/part_0000.gz	7247156	9524
updated_date=2026-05-01/part_0000.gz	4714558	5976
updated_date=2026-05-02/part_0000.gz	20491403	27234
updated_date=2026-05-03/part_0000.gz	9909365	14945
updated_date=2026-05-04/part_0000.gz	3110109	4925
updated_date=2026-05-05/part_0000.gz	21524568	39409
updated_date=2026-05-06/part_0000.gz	429381304	299331
updated_date=2026-05-06/part_0001.gz	435246764	299295
updated_date=2026-05-06/part_0002.gz	436754611	298946
updated_date=2026-05-07/part_0000.gz	11149289	16499
updated_date=2026-05-08/part_0000.gz	17744622	42270
updated_date=2026-05-09/part_0000.gz	30699063	53607
updated_date=2026-05-10/part_0000.gz	5102272	7502
updated_date=2026-05-11/part_0000.gz	8912367	16540
updated_date=2026-05-12/part_0000.gz	7450615	9538
updated_date=2026-05-13/part_0000.gz	7467348	9650
updated_date=2026-05-14/part_0000.gz	10001177	17454
updated_date=2026-05-15/part_0000.gz	6106010	6338
updated_date=2026-05-16/part_0000.gz	5823602	5990
updated_date=2026-05-17/part_0000.gz	4487673	4833
updated_date=2026-05-18/part_0000.gz	2770599	3186
updated_date=2026-05-19/part_0000.gz	10012540	12357
updated_date=2026-05-20/part_0000.gz	11648301	11836
updated_date=2026-05-21/part_0000.gz	568147193	288435
updated_date=2026-05-21/part_0001.gz	568932087	288368
updated_date=2026-05-21/part_0002.gz	566880428	287587
updated_date=2026-05-21/part_0003.gz	570605165	288352
updated_date=2026-05-21/part_0004.gz	572454035	288577
updated_date=2026-05-21/part_0005.gz	567203301	287622
updated_date=2026-05-21/part_0006.gz	572348663	288214
updated_date=2026-05-21/part_0007.gz	569923783	288553
updated_date=2026-05-21/part_0008.gz	568488212	287192
updated_date=2026-05-21/part_0009.gz	572303963	288817
updated_date=2026-05-22/part_0000.gz	339597978	303880
updated_date=2026-05-23/part_0000.gz	13332833	11399
updated_date=2026-05-24/part_0000.gz	8240573	6868
updated_date=2026-05-25/part_0000.gz	6538113	6463
updated_date=2026-05-26/part_0000.gz	10807031	10578
updated_date=2026-05-27/part_0000.gz	12390997	10880
updated_date=2026-05-28/part_0000.gz	22599695	28959
updated_date=2026-05-29/part_0000.gz	25384935	19464
updated_date=2026-05-30/part_0000.gz	22581082	17476
updated_date=2026-05-31/part_0000.gz	13370044	10483
updated_date=2026-06-01/part_0000.gz	7662007	5968
updated_date=2026-06-02/part_0000.gz	25472704	21160
updated_date=2026-06-03/part_0000.gz	26972864	27975
updated_date=2026-06-04/part_0000.gz	28131382	27313
updated_date=2026-06-05/part_0000.gz	32158628	28247
updated_date=2026-06-06/part_0000.gz	19301384	22482
updated_date=2026-06-07/part_0000.gz	14143007	10454
updated_date=2026-06-08/part_0000.gz	10244103	8030
updated_date=2026-06-09/part_0000.gz	17698884	14934
updated_date=2026-06-10/part_0000.gz	26511141	20512
updated_date=2026-06-11/part_0000.gz	78411070	54764
updated_date=2026-06-12/part_0000.gz	20303154	14898
updated_date=2026-06-13/part_0000.gz	352674644	268546
updated_date=2026-06-14/part_0000.gz	131132775	70762
updated_date=2026-06-15/part_0000.gz	129815475	68717
updated_date=2026-06-16/part_0000.gz	174575081	97815
updated_date=2026-06-17/part_0000.gz	46269189	33544
updated_date=2026-06-18/part_0000.gz	29844792	20447
updated_date=2026-06-19/part_0000.gz	252071942	188707
updated_date=2026-06-20/part_0000.gz	34936477	25521
updated_date=2026-06-21/part_0000.gz	29348642	20483
updated_date=2026-06-22/part_0000.gz	58337333	41181
updated_date=2026-06-23/part_0000.gz	68169944	49655
updated_date=2026-06-24/part_0000.gz	52105470	40997
updated_date=2026-06-25/part_0000.gz	221748106	170260
updated_date=2026-06-26/part_0000.gz	17550862	16709
updated_date=2026-06-27/part_0000.gz	17009121	18940
updated_date=2026-06-28/part_0000.gz	9938841	7076
updated_date=2026-06-29/part_0000.gz	6460444	4115
updated_date=2026-06-30/part_0000.gz	18072452	38828
updated_date=2026-07-01/part_0000.gz	168411741	275893
updated_date=2026-07-01/part_0001.gz	166805282	275075
updated_date=2026-07-01/part_0002.gz	166711289	275040
updated_date=2026-07-01/part_0003.gz	172933540	274791
updated_date=2026-07-01/part_0004.gz	180576436	275431
updated_date=2026-07-01/part_0005.gz	166794770	275208
updated_date=2026-07-01/part_0006.gz	181147923	275334
updated_date=2026-07-01/part_0007.gz	175424965	276487
updated_date=2026-07-01/part_0008.gz	166940881	276355
updated_date=2026-07-01/part_0009.gz	177964560	275817
updated_date=2026-07-01/part_0010.gz	179582651	275905
updated_date=2026-07-01/part_0011.gz	255799361	400000
updated_date=2026-07-01/part_0012.gz	109100761	151132
updated_date=2026-07-01/part_0013.gz	166723523	275031
updated_date=2026-07-01/part_0014.gz	170388704	276044
updated_date=2026-07-01/part_0015.gz	168162130	276316
updated_date=2026-07-01/part_0016.gz	166545489	274521
updated_date=2026-07-01/part_0017.gz	166365191	274962
updated_date=2026-07-01/part_0018.gz	167053152	275349
updated_date=2026-07-01/part_0019.gz	181773572	275688
updated_date=2026-07-01/part_0020.gz	166566118	275338
updated_date=2026-07-01/part_0021.gz	167186117	275612
updated_date=2026-07-01/part_0022.gz	249345090	400000
updated_date=2026-07-01/part_0023.gz	83487942	151266
updated_date=2026-07-01/part_0024.gz	174222209	275781
updated_date=2026-07-01/part_0025.gz	176808592	274873
updated_date=2026-07-01/part_0026.gz	166858730	275744
updated_date=2026-07-01/part_0027.gz	174563690	275437
updated_date=2026-07-01/part_0028.gz	165580123	274379
updated_date=2026-07-01/part_0029.gz	167067168	276091
updated_date=2026-07-01/part_0030.gz	178025517	275814
updated_date=2026-07-01/part_0031.gz	166630103	274963
updated_date=2026-07-01/part_0032.gz	166828443	275208
updated_date=2026-07-01/part_0033.gz	166097613	275036
updated_date=2026-07-01/part_0034.gz	167264549	275843
updated_date=2026-07-01/part_0035.gz	182656279	276201
updated_date=2026-07-01/part_0036.gz	167654581	275422
updated_date=2026-07-01/part_0037.gz	166835166	275454
updated_date=2026-07-01/part_0038.gz	165501479	275045
updated_date=2026-07-01/part_0039.gz	171077038	274867
updated_date=2026-07-01/part_0040.gz	165981066	275676
updated_date=2026-07-01/part_0041.gz	178588623	275088
updated_date=2026-07-01/part_0042.gz	171440599	274403
updated_date=2026-07-01/part_0043.gz	179723985	276035
updated_date=2026-07-01/part_0044.gz	167502094	276266
updated_date=2026-07-01/part_0045.gz	166917159	275235
updated_date=2026-07-01/part_0046.gz	178208916	275261
updated_date=2026-07-01/part_0047.gz	167601216	275781
updated_date=2026-07-01/part_0048.gz	182789612	275592
updated_date=2026-07-01/part_0049.gz	167771384	276124
updated_date=2026-07-01/part_0050.gz	166647317	275734
updated_date=2026-07-01/part_0051.gz	170238416	275524
updated_date=2026-07-01/part_0052.gz	166548800	275009
updated_date=2026-07-01/part_0053.gz	166364205	275111
updated_date=2026-07-01/part_0054.gz	167072077	275741
updated_date=2026-07-01/part_0055.gz	174616139	274626
updated_date=2026-07-01/part_0056.gz	166582354	275546
updated_date=2026-07-01/part_0057.gz	181320396	275214
updated_date=2026-07-01/part_0058.gz	182128413	274382
updated_date=2026-07-01/part_0059.gz	170937680	275464
updated_date=2026-07-01/part_0060.gz	166629463	276469
updated_date=2026-07-01/part_0061.gz	178435282	275125
updated_date=2026-07-01/part_0062.gz	178899384	275608
updated_date=2026-07-01/part_0063.gz	181844528	275742
updated_date=2026-07-01/part_0064.gz	166558186	274878
updated_date=2026-07-01/part_0065.gz	166676231	275142
updated_date=2026-07-01/part_0066.gz	233918740	400000
updated_date=2026-07-01/part_0067.gz	97665616	151168
updated_date=2026-07-01/part_0068.gz	181818738	275679
updated_date=2026-07-01/part_0069.gz	181269723	275040
updated_date=2026-07-01/part_0070.gz	167205181	275905
updated_date=2026-07-01/part_0071.gz	167520470	276001
updated_date=2026-07-01/part_0072.gz	245184824	400000
updated_date=2026-07-01/part_0073.gz	88283139	151181
updated_date=2026-07-01/part_0074.gz	166613815	275762
updated_date=2026-07-01/part_0075.gz	169276818	275729
updated_date=2026-07-01/part_0076.gz	179455372	274897
updated_date=2026-07-01/part_0077.gz	166474346	274507
updated_date=2026-07-01/part_0078.gz	178601522	274859
updated_date=2026-07-01/part_0079.gz	176745202	275514
updated_date=2026-07-01/part_0080.gz	175182188	275129
updated_date=2026-07-01/part_0081.gz	166406830	275550
updated_date=2026-07-01/part_0082.gz	173125270	274637
updated_date=2026-07-01/part_0083.gz	179330723	275633
updated_date=2026-07-01/part_0084.gz	165301397	274766
updated_date=2026-07-01/part_0085.gz	166444091	275083
updated_date=2026-07-01/part_0086.gz	167821696	276675
updated_date=2026-07-01/part_0087.gz	259292707	400000
updated_date=2026-07-01/part_0088.gz	94171691	150336
updated_date=2026-07-01/part_0089.gz	174902634	275514
updated_date=2026-07-01/part_0090.gz	166479179	274312
updated_date=2026-07-01/part_0091.gz	172743284	274909
updated_date=2026-07-01/part_0092.gz	165905535	274599
updated_date=2026-07-01/part_0093.gz	168204301	276551
updated_date=2026-07-01/part_0094.gz	166657043	276001
updated_date=2026-07-01/part_0095.gz	167279827	275518
updated_date=2026-07-01/part_0096.gz	165587611	273930
updated_date=2026-07-01/part_0097.gz	167178991	275753
updated_date=2026-07-01/part_0098.gz	179415156	275226
updated_date=2026-07-01/part_0099.gz	165683107	275099
updated_date=2026-07-01/part_0100.gz	166332118	275027
updated_date=2026-07-01/part_0101.gz	170714152	274952
updated_date=2026-07-01/part_0102.gz	166887976	275192
updated_date=2026-07-01/part_0103.gz	167254368	276028
updated_date=2026-07-01/part_0104.gz	166571893	274890
updated_date=2026-07-01/part_0105.gz	166266005	275287
updated_date=2026-07-01/part_0106.gz	179694201	275287
updated_date=2026-07-01/part_0107.gz	166143903	274874
updated_date=2026-07-01/part_0108.gz	178499724	275223
updated_date=2026-07-01/part_0109.gz	166829426	274720
updated_date=2026-07-01/part_0110.gz	173132942	275464
updated_date=2026-07-01/part_0111.gz	167048947	275754
updated_date=2026-07-01/part_0112.gz	167052568	275468
updated_date=2026-07-01/part_0113.gz	176262609	275177
updated_date=2026-07-01/part_0114.gz	179973515	276063
updated_date=2026-07-01/part_0115.gz	170535759	275333
updated_date=2026-07-01/part_0116.gz	167371679	275388
updated_date=2026-07-01/part_0117.gz	166940262	275934
updated_date=2026-07-01/part_0118.gz	180819460	276193
updated_date=2026-07-01/part_0119.gz	166886266	274993
updated_date=2026-07-01/part_0120.gz	167015394	276139
updated_date=2026-07-01/part_0121.gz	252450893	400000
updated_date=2026-07-01/part_0122.gz	80773072	151141
updated_date=2026-07-01/part_0123.gz	166868384	275749
updated_date=2026-07-01/part_0124.gz	167513586	275505
updated_date=2026-07-01/part_0125.gz	166674481	275322
updated_date=2026-07-01/part_0126.gz	166661519	275729
updated_date=2026-07-01/part_0127.gz	166443099	275426
updated_date=2026-07-01/part_0128.gz	178300941	275372
updated_date=2026-07-01/part_0129.gz	166565140	275775
updated_date=2026-07-01/part_0130.gz	166151035	275268
updated_date=2026-07-01/part_0131.gz	166323103	275089
updated_date=2026-07-01/part_0132.gz	166028592	275579
updated_date=2026-07-01/part_0133.gz	170911224	275945
updated_date=2026-07-01/part_0134.gz	178615980	275118
updated_date=2026-07-01/part_0135.gz	167432350	275537
updated_date=2026-07-01/part_0136.gz	166478260	276054
updated_date=2026-07-01/part_0137.gz	166752894	275364
updated_date=2026-07-01/part_0138.gz	166755051	275809
updated_date=2026-07-01/part_0139.gz	166446463	275060
updated_date=2026-07-01/part_0140.gz	182781785	275863
updated_date=2026-07-01/part_0141.gz	166400589	275122
updated_date=2026-07-01/part_0142.gz	166188756	275132
updated_date=2026-07-01/part_0143.gz	173557167	275359
updated_date=2026-07-01/part_0144.gz	167059184	276336
updated_date=2026-07-01/part_0145.gz	166729663	275683
updated_date=2026-07-01/part_0146.gz	176016006	275134
updated_date=2026-07-01/part_0147.gz	167370220	275842
updated_date=2026-07-01/part_0148.gz	180420706	275765
updated_date=2026-07-01/part_0149.gz	170847276	275798
updated_date=2026-07-01/part_0150.gz	166235190	275199
updated_date=2026-07-01/part_0151.gz	179342016	276392
updated_date=2026-07-01/part_0152.gz	180200582	275772
updated_date=2026-07-01/part_0153.gz	176711361	275171
updated_date=2026-07-01/part_0154.gz	167454887	276207
updated_date=2026-07-01/part_0155.gz	175735500	275432
updated_date=2026-07-01/part_0156.gz	178763787	275551
updated_date=2026-07-01/part_0157.gz	182224400	275787
updated_date=2026-07-01/part_0158.gz	166184183	275091
updated_date=2026-07-01/part_0159.gz	166694366	274961
updated_date=2026-07-02/part_0000.gz	451220222	382375
updated_date=2026-07-02/part_0001.gz	446932761	382189
updated_date=2026-07-02/part_0002.gz	450641583	384198
updated_date=2026-07-02/part_0003.gz	450021560	383384
updated_date=2026-07-02/part_0004.gz	447930193	382920
updated_date=2026-07-02/part_0005.gz	445918694	383742
updated_date=2026-07-02/part_0006.gz	451355389	383017
updated_date=2026-07-02/part_0007.gz	445135908	383013
updated_date=2026-07-02/part_0008.gz	446151261	383415
updated_date=2026-07-02/part_0009.gz	446559292	382700
updated_date=2026-07-03/part_0000.gz	42718755	40364
updated_date=2026-07-04/part_0000.gz	40216254	30827
updated_date=2026-07-05/part_0000.gz	21370969	16009
updated_date=2026-07-06/part_0000.gz	14969429	11355
updated_date=2026-07-07/part_0000.gz	381939759	342411
updated_date=2026-07-08/part_0000.gz	57894010	42565
updated_date=2026-07-09/part_0000.gz	36339734	29557
updated_date=2026-07-10/part_0000.gz	33409587	25314
updated_date=2026-07-11/part_0000.gz	32458222	23793
updated_date=2026-07-12/part_0000.gz	22916876	16725
updated_date=2026-07-13/part_0000.gz	15934214	11742
updated_date=2026-07-14/part_0000.gz	229398021	274688
updated_date=2026-07-14/part_0001.gz	233982565	274957
updated_date=2026-07-14/part_0002.gz	228349421	273690
updated_date=2026-07-14/part_0003.gz	230392969	275797
updated_date=2026-07-14/part_0004.gz	228939370	274432
updated_date=2026-07-14/part_0005.gz	230417798	275614
updated_date=2026-07-14/part_0006.gz	228561274	273879
updated_date=2026-07-14/part_0007.gz	229676761	275245
updated_date=2026-07-14/part_0008.gz	229168481	274735
updated_date=2026-07-14/part_0009.gz	228609747	273802
updated_date=2026-07-14/part_0010.gz	230369740	274603
updated_date=2026-07-14/part_0011.gz	228139465	273384
updated_date=2026-07-14/part_0012.gz	229052570	274410
updated_date=2026-07-14/part_0013.gz	228858003	274744
updated_date=2026-07-14/part_0014.gz	228055963	274317
updated_date=2026-07-14/part_0015.gz	228594731	274735
updated_date=2026-07-14/part_0016.gz	229928457	275111
updated_date=2026-07-14/part_0017.gz	228935586	274231
updated_date=2026-07-14/part_0018.gz	229839935	275116
updated_date=2026-07-14/part_0019.gz	228710554	274216
updated_date=2026-07-14/part_0020.gz	229212719	275566
updated_date=2026-07-14/part_0021.gz	230157769	274890
updated_date=2026-07-14/part_0022.gz	228885750	274279
updated_date=2026-07-14/part_0023.gz	332532227	400000
updated_date=2026-07-14/part_0024.gz	124842681	149103
updated_date=2026-07-15/part_0000.gz	37368532	25440
updated_date=2026-07-16/part_0000.gz	42506468	32218
updated_date=2026-07-17/part_0000.gz	102862179	67385
updated_date=2026-07-18/part_0000.gz	32892296	24877
updated_date=2026-07-19/part_0000.gz	29612394	20996
updated_date=2026-07-20/part_0000.gz	20913969	15364
updated_date=2026-07-21/part_0000.gz	33258694	27776
updated_date=2026-07-22/part_0000.gz	49474241	44566
updated_date=2026-07-23/part_0000.gz	326247684	268980
updated_date=2026-07-23/part_0001.gz	326067652	268980
updated_date=2026-07-23/part_0002.gz	329410702	268563
updated_date=2026-07-24/part_0000.gz	47292163	36703
updated_date=2026-07-25/part_0000.gz	66036588	59451
updated_date=2026-07-26/part_0000.gz	37920368	27052
updated_date=2026-07-27/part_0000.gz	113109680	111262
updated_date=2026-07-28/part_0000.gz	359846568	316048
updated_date=2026-07-28/part_0001.gz	359813467	317751
updated_date=2026-07-28/part_0002.gz	354341939	315566
updated_date=2026-07-28/part_0003.gz	352138625	316139
updated_date=2026-07-28/part_0004.gz	353213099	316885
updated_date=2026-07-28/part_0005.gz	353633795	316916
updated_date=2026-07-28/part_0006.gz	352089890	316096
updated_date=2026-07-28/part_0007.gz	351613342	316071
updated_date=2026-07-28/part_0008.gz	460342113	400000
updated_date=2026-07-28/part_0009.gz	261700346	232750
updated_date=2026-07-28/part_0010.gz	353758144	317095
updated_date=2026-07-28/part_0011.gz	351162207	315541
updated_date=2026-07-28/part_0012.gz	353798598	316765
updated_date=2026-07-28/part_0013.gz	352063786	315744
updated_date=2026-07-28/part_0014.gz	364518119	316287
updated_date=2026-07-28/part_0015.gz	353335766	316276
updated_date=2026-07-28/part_0016.gz	351706100	315796
updated_date=2026-07-28/part_0017.gz	353130445	316728
updated_date=2026-07-28/part_0018.gz	353152498	316281
updated_date=2026-07-28/part_0019.gz	358661457	316829
updated_date=2026-07-28/part_0020.gz	364360410	317519
updated_date=2026-07-28/part_0021.gz	353661522	317197
updated_date=2026-07-28/part_0022.gz	352561227	316330
updated_date=2026-07-28/part_0023.gz	364749794	317064
updated_date=2026-07-28/part_0024.gz	354758798	316690
updated_date=2026-07-29/part_0000.gz	481082179	309988
updated_date=2026-07-29/part_0001.gz	479544010	309386
updated_date=2026-07-29/part_0002.gz	490009107	309905
updated_date=2026-07-29/part_0003.gz	480880585	310237
updated_date=2026-07-29/part_0004.gz	478958178	308839
updated_date=2026-07-29/part_0005.gz	486953171	308868
updated_date=2026-07-29/part_0006.gz	479584101	309516
updated_date=2026-07-29/part_0007.gz	621011755	400000
updated_date=2026-07-29/part_0008.gz	351048229	218199
updated_date=2026-07-29/part_0009.gz	489891109	310134
updated_date=2026-07-29/part_0010.gz	481369705	308380
updated_date=2026-07-29/part_0011.gz	481077500	309779
updated_date=2026-07-29/part_0012.gz	479211825	309122
updated_date=2026-07-29/part_0013.gz	487686210	309740
updated_date=2026-07-29/part_0014.gz	482495566	310387
updated_date=2026-07-29/part_0015.gz	489589114	310191
updated_date=2026-07-29/part_0016.gz	481001214	309904
updated_date=2026-07-29/part_0017.gz	483043353	309425
updated_date=2026-07-29/part_0018.gz	485090782	309592
updated_date=2026-07-29/part_0019.gz	478525976	308680
updated_date=2026-07-29/part_0020.gz	481089451	309459
updated_date=2026-07-29/part_0021.gz	479500772	308734
updated_date=2026-07-29/part_0022.gz	482391320	309384
updated_date=2026-07-29/part_0023.gz	487520971	309364
updated_date=2026-07-29/part_0024.gz	485274771	309867
updated_date=2026-07-30/part_0000.gz	579479412	400000
updated_date=2026-07-30/part_0001.gz	225772285	154570
updated_date=2026-07-30/part_0002.gz	580556806	400000
updated_date=2026-07-30/part_0003.gz	224578629	155386
updated_date=2026-07-30/part_0004.gz	591211719	400000
updated_date=2026-07-30/part_0005.gz	215201452	154755
updated_date=2026-07-31/part_0000.gz	657745556	400000
updated_date=2026-07-31/part_0001.gz	44503739	27306
updated_date=2026-07-31/part_0002.gz	658555198	400000
updated_date=2026-07-31/part_0003.gz	45284761	26349
updated_date=2026-07-31/part_0004.gz	669332551	400000
updated_date=2026-07-31/part_0005.gz	35063004	26553
updated_date=2026-08-01/part_0000.gz	415778314	301700
updated_date=2026-08-01/part_0001.gz	415448908	301773
updated_date=2026-08-01/part_0002.gz	423405779	301634
updated_date=2026-08-02/part_0000.gz	53647734	43956
updated_date=2026-08-03/part_0000.gz	124870652	118541
updated_date=2026-08-04/part_0000.gz	465947051	400000
updated_date=2026-08-04/part_0001.gz	39362128	33651
updated_date=2026-08-04/part_0002.gz	471136574	400000
updated_date=2026-08-04/part_0003.gz	35944282	34359
updated_date=2026-08-04/part_0004.gz	467192235	400000
updated_date=2026-08-04/part_0005.gz	39333328	34446
updated_date=2026-08-04/part_0006.gz	475854835	400000
updated_date=2026-08-04/part_0007.gz	36804996	34190
updated_date=2026-08-04/part_0008.gz	463033843	400000
updated_date=2026-08-04/part_0009.gz	42086024	33232
updated_date=2026-08-04/part_0010.gz	473244803	400000
updated_date=2026-08-04/part_0011.gz	37762092	32948
updated_date=2026-08-04/part_0012.gz	465992175	400000
updated_date=2026-08-04/part_0013.gz	39712164	33678
updated_date=2026-08-04/part_0014.gz	468803782	400000
updated_date=2026-08-04/part_0015.gz	35664290	32783
updated_date=2026-08-04/part_0016.gz	463943025	400000
updated_date=2026-08-04/part_0017.gz	43625910	33451
updated_date=2026-08-04/part_0018.gz	467600577	400000
updated_date=2026-08-04/part_0019.gz	37874363	33826
updated_date=2026-08-05/part_0000.gz	733599859	400000
updated_date=2026-08-05/part_0001.gz	84676423	43955
updated_date=2026-08-06/part_0000.gz	686079420	358643
updated_date=2026-08-08/part_0000.gz	582939902	342175
updated_date=2026-08-08/part_0001.gz	591815730	342701
updated_date=2026-08-08/part_0002.gz	589202094	342487
updated_date=2026-08-08/part_0003.gz	586218954	342418
updated_date=2026-08-08/part_0004.gz	583114746	342285
updated_date=2026-08-08/part_0005.gz	587714071	342733
updated_date=2026-08-08/part_0006.gz	579646347	341458
updated_date=2026-08-08/part_0007.gz	586067006	342506
updated_date=2026-08-08/part_0008.gz	580283843	341805
updated_date=2026-08-08/part_0009.gz	585684947	342217
updated_date=2026-08-09/part_0000.gz	442748811	270904
updated_date=2026-08-10/part_0000.gz	233193283	142226
updated_date=2026-08-11/part_0000.gz	610670392	400000
updated_date=2026-08-11/part_0001.gz	291343145	200428
updated_date=2026-08-11/part_0002.gz	608661197	400000
updated_date=2026-08-11/part_0003.gz	292204760	199825
updated_date=2026-08-11/part_0004.gz	593758877	400000
updated_date=2026-08-11/part_0005.gz	314036884	200721
updated_date=2026-08-12/part_0000.gz	234428615	400000
updated_date=2026-08-12/part_0001.gz	65478631	241878
updated_date=2026-08-12/part_0002.gz	162645325	400000
updated_date=2026-08-12/part_0003.gz	133911403	241872
updated_date=2026-08-12/part_0004.gz	160826712	400000
updated_date=2026-08-12/part_0005.gz	135113651	241740
updated_date=2026-08-13/part_0000.gz	153469056	301250
updated_date=2026-08-13/part_0001.gz	153099313	300424
updated_date=2026-08-13/part_0002.gz	174413546	300847
updated_date=2026-08-13/part_0003.gz	153239878	300824
updated_date=2026-08-13/part_0004.gz	172438237	300442
updated_date=2026-08-13/part_0005.gz	153365406	301087
updated_date=2026-08-13/part_0006.gz	163365777	301329
updated_date=2026-08-13/part_0007.gz	237727861	400000
updated_date=2026-08-13/part_0008.gz	119951624	201079
updated_date=2026-08-13/part_0009.gz	162855910	301578
updated_date=2026-08-13/part_0010.gz	176448067	300893
updated_date=2026-08-13/part_0011.gz	153599719	301268
updated_date=2026-08-13/part_0012.gz	157868608	301168
updated_date=2026-08-13/part_0013.gz	154268692	301959
updated_date=2026-08-13/part_0014.gz	153596993	300947
updated_date=2026-08-13/part_0015.gz	177666806	301042
updated_date=2026-08-13/part_0016.gz	165467567	300740
updated_date=2026-08-13/part_0017.gz	154227755	301950
updated_date=2026-08-13/part_0018.gz	179576825	300257
updated_date=2026-08-13/part_0019.gz	153570170	301320
updated_date=2026-08-13/part_0020.gz	153412864	301229
updated_date=2026-08-13/part_0021.gz	169328293	301099
updated_date=2026-08-13/part_0022.gz	180894096	300079
updated_date=2026-08-13/part_0023.gz	166286203	300456
updated_date=2026-08-13/part_0024.gz	152738668	300522
updated_date=2026-08-13/part_0025.gz	153562320	301171
updated_date=2026-08-13/part_0026.gz	153695615	301658
updated_date=2026-08-13/part_0027.gz	164030001	301095
updated_date=2026-08-13/part_0028.gz	177170852	301299
updated_date=2026-08-13/part_0029.gz	153237115	300471
updated_date=2026-08-13/part_0030.gz	153677317	301145
updated_date=2026-08-13/part_0031.gz	153565718	300865
updated_date=2026-08-13/part_0032.gz	168013857	300041
updated_date=2026-08-13/part_0033.gz	153473057	301770
updated_date=2026-08-13/part_0034.gz	153038134	300244
updated_date=2026-08-13/part_0035.gz	153263652	300901
updated_date=2026-08-13/part_0036.gz	152929015	300885
updated_date=2026-08-13/part_0037.gz	153198019	301087
updated_date=2026-08-13/part_0038.gz	153222784	301259
updated_date=2026-08-13/part_0039.gz	152997992	300781
updated_date=2026-08-13/part_0040.gz	153557466	301252
updated_date=2026-08-13/part_0041.gz	175001770	301070
updated_date=2026-08-13/part_0042.gz	153626143	301507
updated_date=2026-08-13/part_0043.gz	153151508	300468
updated_date=2026-08-13/part_0044.gz	153866112	301393
updated_date=2026-08-13/part_0045.gz	153391110	301305
updated_date=2026-08-13/part_0046.gz	163681007	301403
updated_date=2026-08-13/part_0047.gz	153597744	301452
updated_date=2026-08-13/part_0048.gz	153079880	300249
updated_date=2026-08-13/part_0049.gz	239186898	400000
updated_date=2026-08-13/part_0050.gz	120339704	200999
updated_date=2026-08-13/part_0051.gz	153635859	301479
updated_date=2026-08-13/part_0052.gz	178565084	300118
updated_date=2026-08-13/part_0053.gz	153438753	300614
updated_date=2026-08-13/part_0054.gz	152853235	300451
updated_date=2026-08-13/part_0055.gz	153286552	301171
updated_date=2026-08-13/part_0056.gz	178314620	300616
updated_date=2026-08-13/part_0057.gz	240741467	400000
updated_date=2026-08-13/part_0058.gz	119612028	202210
updated_date=2026-08-13/part_0059.gz	153149141	300281
updated_date=2026-08-13/part_0060.gz	153722688	300604
updated_date=2026-08-13/part_0061.gz	153154020	300526
updated_date=2026-08-13/part_0062.gz	154102993	301876
updated_date=2026-08-13/part_0063.gz	153191279	300467
updated_date=2026-08-13/part_0064.gz	153268279	300909
updated_date=2026-08-13/part_0065.gz	177260141	300967
updated_date=2026-08-13/part_0066.gz	177081868	301103
updated_date=2026-08-13/part_0067.gz	160443691	300605
updated_date=2026-08-13/part_0068.gz	172254061	300834
updated_date=2026-08-13/part_0069.gz	152860495	301009
updated_date=2026-08-13/part_0070.gz	177709927	301068
updated_date=2026-08-13/part_0071.gz	153617613	301899
updated_date=2026-08-13/part_0072.gz	178407597	300737
updated_date=2026-08-13/part_0073.gz	153817198	302109
updated_date=2026-08-13/part_0074.gz	153252512	301227
updated_date=2026-08-13/part_0075.gz	152797034	300206
updated_date=2026-08-13/part_0076.gz	153645904	301210
updated_date=2026-08-13/part_0077.gz	153391350	301106
updated_date=2026-08-13/part_0078.gz	178763362	301701
updated_date=2026-08-13/part_0079.gz	176424231	301353
updated_date=2026-08-13/part_0080.gz	163372809	300612
updated_date=2026-08-13/part_0081.gz	153241853	300894
updated_date=2026-08-13/part_0082.gz	153470572	300915
updated_date=2026-08-13/part_0083.gz	174344480	301277
updated_date=2026-08-13/part_0084.gz	153490390	301135
updated_date=2026-08-13/part_0085.gz	153445391	301131
updated_date=2026-08-13/part_0086.gz	153636429	301767
updated_date=2026-08-13/part_0087.gz	153706899	301155
updated_date=2026-08-13/part_0088.gz	153767932	302094
updated_date=2026-08-13/part_0089.gz	153545925	301344
updated_date=2026-08-13/part_0090.gz	153556799	300960
updated_date=2026-08-13/part_0091.gz	179137492	301727
updated_date=2026-08-13/part_0092.gz	153508983	301788
updated_date=2026-08-13/part_0093.gz	153784513	301409
updated_date=2026-08-13/part_0094.gz	153676511	301708
updated_date=2026-08-13/part_0095.gz	153155740	300755
updated_date=2026-08-13/part_0096.gz	153291904	300629
updated_date=2026-08-13/part_0097.gz	179146778	301703
updated_date=2026-08-13/part_0098.gz	153311087	300736
updated_date=2026-08-13/part_0099.gz	166226614	301264
updated_date=2026-08-13/part_0100.gz	153398874	300880
updated_date=2026-08-13/part_0101.gz	153311925	300996
updated_date=2026-08-13/part_0102.gz	153092039	301030
updated_date=2026-08-13/part_0103.gz	152948573	300386
updated_date=2026-08-13/part_0104.gz	153489033	300858
updated_date=2026-08-13/part_0105.gz	239514585	400000
updated_date=2026-08-13/part_0106.gz	116111219	202402
updated_date=2026-08-13/part_0107.gz	169562163	300703
updated_date=2026-08-13/part_0108.gz	153385540	300974
updated_date=2026-08-13/part_0109.gz	175053146	301565
updated_date=2026-08-13/part_0110.gz	212366264	400000
updated_date=2026-08-13/part_0111.gz	100243239	200747
updated_date=2026-08-13/part_0112.gz	153171239	300765
updated_date=2026-08-13/part_0113.gz	176717550	300648
updated_date=2026-08-13/part_0114.gz	153442157	301145
updated_date=2026-08-13/part_0115.gz	153029091	300527
updated_date=2026-08-13/part_0116.gz	153190517	300702
updated_date=2026-08-13/part_0117.gz	153110686	301288
updated_date=2026-08-13/part_0118.gz	153163581	300213
updated_date=2026-08-13/part_0119.gz	153039135	301077
updated_date=2026-08-13/part_0120.gz	153379224	300842
updated_date=2026-08-13/part_0121.gz	152799091	300375
updated_date=2026-08-13/part_0122.gz	153730739	301425
updated_date=2026-08-13/part_0123.gz	172768539	301202
updated_date=2026-08-13/part_0124.gz	161502821	300953
updated_date=2026-08-13/part_0125.gz	154042788	301904
updated_date=2026-08-13/part_0126.gz	153613209	301076
updated_date=2026-08-13/part_0127.gz	153730084	301789
updated_date=2026-08-13/part_0128.gz	153479021	300874
updated_date=2026-08-13/part_0129.gz	153625247	301587
updated_date=2026-08-13/part_0130.gz	179462771	301291
updated_date=2026-08-13/part_0131.gz	153420330	301146
updated_date=2026-08-13/part_0132.gz	153026588	300965
updated_date=2026-08-13/part_0133.gz	153279057	301117
updated_date=2026-08-13/part_0134.gz	153148059	300789
updated_date=2026-08-13/part_0135.gz	152713070	300839
updated_date=2026-08-13/part_0136.gz	153469356	301600
updated_date=2026-08-13/part_0137.gz	153416492	300692
updated_date=2026-08-13/part_0138.gz	167331385	300863
updated_date=2026-08-13/part_0139.gz	153354982	301218
updated_date=2026-08-13/part_0140.gz	153447544	301284
updated_date=2026-08-13/part_0141.gz	153513837	301190
updated_date=2026-08-13/part_0142.gz	153546979	301112
updated_date=2026-08-13/part_0143.gz	159410041	300601
updated_date=2026-08-13/part_0144.gz	170444701	301210
updated_date=2026-08-13/part_0145.gz	208418464	400000
updated_date=2026-08-13/part_0146.gz	106280896	203167
updated_date=2026-08-13/part_0147.gz	153488138	301001
updated_date=2026-08-13/part_0148.gz	153356045	301163
updated_date=2026-08-13/part_0149.gz	163682414	301371
updated_date=2026-08-13/part_0150.gz	153563148	301445
updated_date=2026-08-13/part_0151.gz	153660203	300743
updated_date=2026-08-13/part_0152.gz	181432408	301778
updated_date=2026-08-13/part_0153.gz	152996137	301082
updated_date=2026-08-13/part_0154.gz	153121839	301406
updated_date=2026-08-13/part_0155.gz	153455362	301062
updated_date=2026-08-13/part_0156.gz	246659707	400000
updated_date=2026-08-13/part_0157.gz	113039617	202244
updated_date=2026-08-13/part_0158.gz	156078268	301543
updated_date=2026-08-13/part_0159.gz	152683245	300380
updated_date=2026-08-14/part_0000.gz	519649438	400000
updated_date=2026-08-14/part_0001.gz	208267936	172759
updated_date=2026-08-15/part_0000.gz	436038208	316136
updated_date=2026-08-15/part_0001.gz	437888388	316867
updated_date=2026-08-15/part_0002.gz	435205275	315358
updated_date=2026-08-15/part_0003.gz	435227581	315770
updated_date=2026-08-15/part_0004.gz	435624778	315398
updated_date=2026-08-15/part_0005.gz	439738365	316427
updated_date=2026-08-15/part_0006.gz	436409582	316303
updated_date=2026-08-15/part_0007.gz	438417604	316625
updated_date=2026-08-15/part_0008.gz	437363718	315878
updated_date=2026-08-15/part_0009.gz	437103375	317290
updated_date=2026-08-16/part_0000.gz	513128466	369583
updated_date=2026-08-18/part_0000.gz	550578635	366992
updated_date=2026-08-18/part_0001.gz	552342556	367107
updated_date=2026-08-18/part_0002.gz	563456087	368271
updated_date=2026-08-18/part_0003.gz	551081425	366563
updated_date=2026-08-18/part_0004.gz	556148079	367108
updated_date=2026-08-18/part_0005.gz	562846681	367338
updated_date=2026-08-18/part_0006.gz	559821254	366776
updated_date=2026-08-18/part_0007.gz	552728144	367781
updated_date=2026-08-18/part_0008.gz	557792484	366748
updated_date=2026-08-18/part_0009.gz	553723728	367264
updated_date=2026-08-19/part_0000.gz	441603593	268398
updated_date=2026-08-19/part_0001.gz	440774632	268836
updated_date=2026-08-19/part_0002.gz	449195122	268554
updated_date=2026-08-21/part_0000.gz	691056198	400000
updated_date=2026-08-21/part_0001.gz	634110698	379964
updated_date=2026-08-21/part_0002.gz	670719180	400000
updated_date=2026-08-21/part_0003.gz	653443223	379567
updated_date=2026-08-21/part_0004.gz	691191547	400000
updated_date=2026-08-21/part_0005.gz	636055165	380155
updated_date=2026-08-21/part_0006.gz	677242611	400000
updated_date=2026-08-21/part_0007.gz	636670608	378901
updated_date=2026-08-21/part_0008.gz	681810130	400000
updated_date=2026-08-21/part_0009.gz	634181511	379118
updated_date=2026-08-21/part_0010.gz	672145169	400000
updated_date=2026-08-21/part_0011.gz	649959290	378687
updated_date=2026-08-21/part_0012.gz	678120871	400000
updated_date=2026-08-21/part_0013.gz	642454401	377558
updated_date=2026-08-21/part_0014.gz	677818011	400000
updated_date=2026-08-21/part_0015.gz	649480612	379627
updated_date=2026-08-21/part_0016.gz	675472193	400000
updated_date=2026-08-21/part_0017.gz	642988695	380074
updated_date=2026-08-21/part_0018.gz	688261312	400000
updated_date=2026-08-21/part_0019.gz	634398869	380971
updated_date=2026-08-21/part_0020.gz	688611815	400000
updated_date=2026-08-21/part_0021.gz	627507796	380053
updated_date=2026-08-21/part_0022.gz	675653199	400000
updated_date=2026-08-21/part_0023.gz	650344542	380087
updated_date=2026-08-21/part_0024.gz	676614762	400000
updated_date=2026-08-21/part_0025.gz	644516272	380371
updated_date=2026-08-21/part_0026.gz	685017762	400000
updated_date=2026-08-21/part_0027.gz	629501441	377429
updated_date=2026-08-21/part_0028.gz	673856381	400000
updated_date=2026-08-21/part_0029.gz	648669941	378347
updated_date=2026-08-21/part_0030.gz	677883559	400000
updated_date=2026-08-21/part_0031.gz	647238047	379997
updated_date=2026-08-21/part_0032.gz	684691427	400000
updated_date=2026-08-21/part_0033.gz	641142479	379220
updated_date=2026-08-21/part_0034.gz	675464457	400000
updated_date=2026-08-21/part_0035.gz	650609734	379897
updated_date=2026-08-21/part_0036.gz	683125091	400000
updated_date=2026-08-21/part_0037.gz	643618213	380049
updated_date=2026-08-21/part_0038.gz	662398730	400000
updated_date=2026-08-21/part_0039.gz	655254747	378735
updated_date=2026-08-21/part_0040.gz	682546388	400000
updated_date=2026-08-21/part_0041.gz	641923722	378917
updated_date=2026-08-21/part_0042.gz	686141872	400000
updated_date=2026-08-21/part_0043.gz	633818675	379474
updated_date=2026-08-21/part_0044.gz	691468082	400000
updated_date=2026-08-21/part_0045.gz	630787207	378861
updated_date=2026-08-21/part_0046.gz	692721458	400000
updated_date=2026-08-21/part_0047.gz	630132073	380265
updated_date=2026-08-21/part_0048.gz	689476037	400000
updated_date=2026-08-21/part_0049.gz	635321049	379793
updated_date=2026-08-21/part_0050.gz	696983047	400000
updated_date=2026-08-21/part_0051.gz	619987254	380470
updated_date=2026-08-21/part_0052.gz	665554806	400000
updated_date=2026-08-21/part_0053.gz	656288308	378107
updated_date=2026-08-21/part_0054.gz	675022929	400000
updated_date=2026-08-21/part_0055.gz	648476777	379148
updated_date=2026-08-21/part_0056.gz	693855212	400000
updated_date=2026-08-21/part_0057.gz	629982896	380065
updated_date=2026-08-21/part_0058.gz	681596569	400000
updated_date=2026-08-21/part_0059.gz	646243880	381801
updated_date=2026-08-21/part_0060.gz	686389296	400000
updated_date=2026-08-21/part_0061.gz	625996221	378756
updated_date=2026-08-21/part_0062.gz	678764546	400000
updated_date=2026-08-21/part_0063.gz	645724125	379416
updated_date=2026-08-21/part_0064.gz	665531137	400000
updated_date=2026-08-21/part_0065.gz	649545014	377284
updated_date=2026-08-21/part_0066.gz	678362946	400000
updated_date=2026-08-21/part_0067.gz	648594295	379703
updated_date=2026-08-21/part_0068.gz	669740334	400000
updated_date=2026-08-21/part_0069.gz	648612152	379376
updated_date=2026-08-21/part_0070.gz	681286459	400000
updated_date=2026-08-21/part_0071.gz	644328642	380269
updated_date=2026-08-21/part_0072.gz	690299242	400000
updated_date=2026-08-21/part_0073.gz	633327522	379956
updated_date=2026-08-21/part_0074.gz	674049202	400000
updated_date=2026-08-21/part_0075.gz	650253266	379338
updated_date=2026-08-21/part_0076.gz	684217526	400000
updated_date=2026-08-21/part_0077.gz	641573120	378841
updated_date=2026-08-21/part_0078.gz	677574467	400000
updated_date=2026-08-21/part_0079.gz	644707537	378991
updated_date=2026-08-21/part_0080.gz	677505629	400000
updated_date=2026-08-21/part_0081.gz	648700024	379242
updated_date=2026-08-21/part_0082.gz	676939423	400000
updated_date=2026-08-21/part_0083.gz	648444377	379349
updated_date=2026-08-21/part_0084.gz	670665705	400000
updated_date=2026-08-21/part_0085.gz	654599820	380706
updated_date=2026-08-21/part_0086.gz	680619156	400000
updated_date=2026-08-21/part_0087.gz	636016177	378371
updated_date=2026-08-21/part_0088.gz	678023318	400000
updated_date=2026-08-21/part_0089.gz	645557538	378890
updated_date=2026-08-21/part_0090.gz	682062043	400000
updated_date=2026-08-21/part_0091.gz	635125015	379356
updated_date=2026-08-21/part_0092.gz	677633144	400000
updated_date=2026-08-21/part_0093.gz	646240676	379532
updated_date=2026-08-21/part_0094.gz	684349572	400000
updated_date=2026-08-21/part_0095.gz	632792007	379697
updated_date=2026-08-21/part_0096.gz	695206811	400000
updated_date=2026-08-21/part_0097.gz	622830410	378457
updated_date=2026-08-21/part_0098.gz	675815838	400000
updated_date=2026-08-21/part_0099.gz	648506166	379555
updated_date=2026-08-22/part_0000.gz	602175726	287667
updated_date=2026-08-22/part_0001.gz	597096547	287007
updated_date=2026-08-22/part_0002.gz	603731481	287284
updated_date=2026-08-23/part_0000.gz	852753839	400000
updated_date=2026-08-23/part_0001.gz	220268005	104806
updated_date=2026-08-23/part_0002.gz	851055136	400000
updated_date=2026-08-23/part_0003.gz	218120187	103864
updated_date=2026-08-23/part_0004.gz	851920663	400000
updated_date=2026-08-23/part_0005.gz	219353742	105088
updated_date=2026-08-24/part_0000.gz	594120994	293709
updated_date=2026-08-24/part_0001.gz	590047998	294975
updated_date=2026-08-24/part_0002.gz	595530268	295117
updated_date=2026-08-25/part_0000.gz	526712229	340950
updated_date=2026-08-25/part_0001.gz	517720016	340816
updated_date=2026-08-25/part_0002.gz	518018665	340512
updated_date=2026-08-25/part_0003.gz	517207905	339376
updated_date=2026-08-25/part_0004.gz	518031102	340449
updated_date=2026-08-25/part_0005.gz	530468183	341388
updated_date=2026-08-25/part_0006.gz	523296969	342156
updated_date=2026-08-25/part_0007.gz	529356652	340968
updated_date=2026-08-25/part_0008.gz	518083046	340863
updated_date=2026-08-25/part_0009.gz	519291303	341128
updated_date=2026-08-26/part_0000.gz	517595294	400000
updated_date=2026-08-26/part_0001.gz	2424260	2430
updated_date=2026-08-26/part_0002.gz	512618057	400000
updated_date=2026-08-26/part_0003.gz	1475562	1514
updated_date=2026-08-26/part_0004.gz	517653339	400000
updated_date=2026-08-26/part_0005.gz	2563543	2625
updated_date=2026-08-26/part_0006.gz	511357624	400000
updated_date=2026-08-26/part_0007.gz	3458884	2847
updated_date=2026-08-26/part_0008.gz	509900669	400000
updated_date=2026-08-26/part_0009.gz	666635	357
updated_date=2026-08-26/part_0010.gz	504931343	400000
updated_date=2026-08-26/part_0011.gz	2995020	2144
updated_date=2026-08-26/part_0012.gz	510915716	400000
updated_date=2026-08-26/part_0013.gz	1922491	1505
updated_date=2026-08-26/part_0014.gz	512711622	400000
updated_date=2026-08-26/part_0015.gz	5422302	2788
updated_date=2026-08-26/part_0016.gz	503755725	400000
updated_date=2026-08-26/part_0017.gz	2636184	1760
updated_date=2026-08-26/part_0018.gz	512069773	400000
updated_date=2026-08-26/part_0019.gz	2854893	2307
updated_date=2026-08-26/part_0020.gz	515479928	400000
updated_date=2026-08-26/part_0021.gz	3139920	2087
updated_date=2026-08-26/part_0022.gz	510654123	400000
updated_date=2026-08-26/part_0023.gz	3825571	2627
updated_date=2026-08-26/part_0024.gz	503922787	400000
updated_date=2026-08-26/part_0025.gz	4742823	2868
updated_date=2026-08-26/part_0026.gz	517974387	400000
updated_date=2026-08-26/part_0027.gz	3105553	3391
updated_date=2026-08-26/part_0028.gz	503626515	400000
updated_date=2026-08-26/part_0029.gz	4932656	2937
updated_date=2026-08-26/part_0030.gz	515347974	400000
updated_date=2026-08-26/part_0031.gz	2066946	1260
updated_date=2026-08-26/part_0032.gz	518915188	400000
updated_date=2026-08-26/part_0033.gz	2482840	2051
updated_date=2026-08-26/part_0034.gz	503837773	400000
updated_date=2026-08-26/part_0035.gz	3282889	1843
updated_date=2026-08-26/part_0036.gz	505258845	400000
updated_date=2026-08-26/part_0037.gz	1392181	1983
updated_date=2026-08-26/part_0038.gz	504373215	400000
updated_date=2026-08-26/part_0039.gz	3579279	2701
updated_date=2026-08-26/part_0040.gz	510360947	400000
updated_date=2026-08-26/part_0041.gz	3816113	2268
updated_date=2026-08-26/part_0042.gz	516064923	400000
updated_date=2026-08-26/part_0043.gz	2828396	2672
updated_date=2026-08-26/part_0044.gz	504504543	400000
updated_date=2026-08-26/part_0045.gz	3056772	2001
updated_date=2026-08-26/part_0046.gz	518073007	400000
updated_date=2026-08-26/part_0047.gz	2356087	1543
updated_date=2026-08-26/part_0048.gz	510802797	400000
updated_date=2026-08-26/part_0049.gz	2089946	1635
updated_date=2026-08-26/part_0050.gz	504968316	400000
updated_date=2026-08-26/part_0051.gz	3061513	1795
updated_date=2026-08-26/part_0052.gz	508515210	400000
updated_date=2026-08-26/part_0053.gz	4182467	2369
updated_date=2026-08-26/part_0054.gz	508642013	400000
updated_date=2026-08-26/part_0055.gz	3880136	2060
updated_date=2026-08-26/part_0056.gz	505425851	400000
updated_date=2026-08-26/part_0057.gz	1432114	1488
updated_date=2026-08-26/part_0058.gz	503669544	400000
updated_date=2026-08-26/part_0059.gz	2556413	1440
updated_date=2026-08-26/part_0060.gz	513481985	400000
updated_date=2026-08-26/part_0061.gz	2268446	2756
updated_date=2026-08-26/part_0062.gz	518739487	400000
updated_date=2026-08-26/part_0063.gz	1088476	1445
updated_date=2026-08-26/part_0064.gz	517804656	400000
updated_date=2026-08-26/part_0065.gz	2671721	1471
updated_date=2026-08-26/part_0066.gz	516930195	400000
updated_date=2026-08-26/part_0067.gz	2702858	1494
updated_date=2026-08-26/part_0068.gz	504895441	400000
updated_date=2026-08-26/part_0069.gz	2200033	1712
updated_date=2026-08-26/part_0070.gz	504671679	400000
updated_date=2026-08-26/part_0071.gz	2782308	2343
updated_date=2026-08-26/part_0072.gz	504164273	400000
updated_date=2026-08-26/part_0073.gz	2088736	1577
updated_date=2026-08-26/part_0074.gz	509757152	400000
updated_date=2026-08-26/part_0075.gz	1775759	1540
updated_date=2026-08-26/part_0076.gz	518461497	400000
updated_date=2026-08-26/part_0077.gz	3127066	3151
updated_date=2026-08-26/part_0078.gz	515657372	400000
updated_date=2026-08-26/part_0079.gz	1543043	1636
updated_date=2026-08-26/part_0080.gz	503935845	400000
updated_date=2026-08-26/part_0081.gz	2086951	1305
updated_date=2026-08-26/part_0082.gz	515801594	400000
updated_date=2026-08-26/part_0083.gz	2602161	1765
updated_date=2026-08-26/part_0084.gz	518032498	400000
updated_date=2026-08-26/part_0085.gz	2312097	1735
updated_date=2026-08-26/part_0086.gz	505142052	400000
updated_date=2026-08-26/part_0087.gz	2665702	2716
updated_date=2026-08-26/part_0088.gz	504963078	400000
updated_date=2026-08-26/part_0089.gz	2947779	2099
updated_date=2026-08-26/part_0090.gz	519502254	400000
updated_date=2026-08-26/part_0091.gz	1479388	1858
updated_date=2026-08-26/part_0092.gz	512176676	400000
updated_date=2026-08-26/part_0093.gz	2515295	2784
updated_date=2026-08-26/part_0094.gz	504734135	400000
updated_date=2026-08-26/part_0095.gz	1400280	1063
updated_date=2026-08-26/part_0096.gz	509511536	400000
updated_date=2026-08-26/part_0097.gz	2900274	2460
updated_date=2026-08-26/part_0098.gz	505760481	400000
updated_date=2026-08-26/part_0099.gz	2933718	2624
updated_date=2026-08-27/part_0000.gz	343199735	274984
updated_date=2026-08-27/part_0001.gz	343368503	275566
updated_date=2026-08-27/part_0002.gz	351154792	275822
updated_date=2026-08-27/part_0003.gz	343283907	274371
updated_date=2026-08-27/part_0004.gz	352507000	276079
updated_date=2026-08-27/part_0005.gz	344206471	275320
updated_date=2026-08-27/part_0006.gz	343560629	275687
updated_date=2026-08-27/part_0007.gz	343825508	275311
updated_date=2026-08-27/part_0008.gz	342770874	274940
updated_date=2026-08-27/part_0009.gz	342989031	274946
updated_date=2026-08-27/part_0010.gz	343703958	275305
updated_date=2026-08-27/part_0011.gz	350262866	275222
updated_date=2026-08-27/part_0012.gz	347018885	274921
updated_date=2026-08-27/part_0013.gz	344459278	275956
updated_date=2026-08-27/part_0014.gz	350328268	274838
updated_date=2026-08-27/part_0015.gz	350448342	275448
updated_date=2026-08-27/part_0016.gz	344272828	275470
updated_date=2026-08-27/part_0017.gz	349016737	275842
updated_date=2026-08-27/part_0018.gz	342162732	274671
updated_date=2026-08-27/part_0019.gz	344051317	275622
updated_date=2026-08-27/part_0020.gz	343348440	275487
updated_date=2026-08-27/part_0021.gz	343000700	274987
updated_date=2026-08-27/part_0022.gz	343596216	275385
updated_date=2026-08-27/part_0023.gz	342301559	274777
updated_date=2026-08-27/part_0024.gz	351869346	276024
updated_date=2026-08-28/part_0000.gz	414058456	201784
updated_date=2026-08-28/part_0001.gz	409489166	202242
updated_date=2026-08-28/part_0002.gz	412865748	201347
updated_date=2026-08-28/part_0003.gz	407628180	201624
updated_date=2026-08-28/part_0004.gz	407767570	202204
updated_date=2026-08-28/part_0005.gz	413240508	201345
updated_date=2026-08-28/part_0006.gz	406028203	201581
updated_date=2026-08-28/part_0007.gz	413177470	201782
updated_date=2026-08-28/part_0008.gz	408300414	202014
updated_date=2026-08-28/part_0009.gz	406558935	201921
updated_date=2026-08-28/part_0010.gz	412706979	201263
updated_date=2026-08-28/part_0011.gz	412805318	201259
updated_date=2026-08-28/part_0012.gz	409978533	201651
updated_date=2026-08-28/part_0013.gz	412400933	201464
updated_date=2026-08-28/part_0014.gz	408800888	202113
updated_date=2026-08-28/part_0015.gz	407420419	202635
updated_date=2026-08-28/part_0016.gz	407637088	201851
updated_date=2026-08-28/part_0017.gz	406489313	201444
updated_date=2026-08-28/part_0018.gz	406535085	201883
updated_date=2026-08-28/part_0019.gz	410605508	200630
updated_date=2026-08-28/part_0020.gz	409905249	202627
updated_date=2026-08-28/part_0021.gz	405250029	201152
updated_date=2026-08-28/part_0022.gz	405599145	201418
updated_date=2026-08-28/part_0023.gz	407613317	202329
updated_date=2026-08-28/part_0024.gz	405961314	201317
updated_date=2026-08-29/part_0000.gz	755588910	400000
updated_date=2026-08-29/part_0001.gz	348264539	193458
updated_date=2026-08-29/part_0002.gz	751222853	400000
updated_date=2026-08-29/part_0003.gz	357291949	194542
updated_date=2026-08-29/part_0004.gz	731007000	400000
updated_date=2026-08-29/part_0005.gz	366525427	192191
updated_date=2026-08-30/part_0000.gz	739350335	400000
updated_date=2026-08-30/part_0001.gz	439540023	241372
updated_date=2026-08-30/part_0002.gz	735995647	400000
updated_date=2026-08-30/part_0003.gz	442988232	240781
updated_date=2026-08-30/part_0004.gz	739988562	400000
updated_date=2026-08-30/part_0005.gz	439191537	241184
updated_date=2026-08-31/part_0000.gz	450979918	256374
updated_date=2026-08-31/part_0001.gz	455133772	257782
updated_date=2026-08-31/part_0002.gz	455990506	258109
updated_date=2026-08-31/part_0003.gz	454082181	258186
updated_date=2026-08-31/part_0004.gz	454093329	258194
updated_date=2026-08-31/part_0005.gz	454104665	257247
updated_date=2026-08-31/part_0006.gz	454699715	257768
updated_date=2026-08-31/part_0007.gz	453732223	257645
updated_date=2026-08-31/part_0008.gz	454934572	258207
updated_date=2026-08-31/part_0009.gz	455295323	257305
updated_date=2026-09-01/part_0000.gz	753489605	400000
updated_date=2026-09-01/part_0001.gz	154845623	81508
updated_date=2026-09-01/part_0002.gz	755568391	400000
updated_date=2026-09-01/part_0003.gz	154986414	82864
updated_date=2026-09-01/part_0004.gz	755483878	400000
updated_date=2026-09-01/part_0005.gz	148435479	80738
updated_date=2026-09-02/part_0000.gz	232022797	259477
updated_date=2026-09-02/part_0001.gz	216191846	260631
updated_date=2026-09-02/part_0002.gz	219318329	260138
updated_date=2026-09-02/part_0003.gz	217473346	259844
updated_date=2026-09-02/part_0004.gz	221920683	260462
updated_date=2026-09-02/part_0005.gz	216462328	260502
updated_date=2026-09-02/part_0006.gz	226433606	259881
updated_date=2026-09-02/part_0007.gz	231250799	260325
updated_date=2026-09-02/part_0008.gz	227309454	259839
updated_date=2026-09-02/part_0009.gz	229769847	260129
updated_date=2026-09-02/part_0010.gz	216528901	260638
updated_date=2026-09-02/part_0011.gz	214653019	259853
updated_date=2026-09-02/part_0012.gz	215249417	260439
updated_date=2026-09-02/part_0013.gz	215985076	259999
updated_date=2026-09-02/part_0014.gz	215453773	259712
updated_date=2026-09-02/part_0015.gz	230044381	260615
updated_date=2026-09-02/part_0016.gz	224639636	260937
updated_date=2026-09-02/part_0017.gz	216345627	260978
updated_date=2026-09-02/part_0018.gz	216497196	259797
updated_date=2026-09-02/part_0019.gz	216726785	260664
updated_date=2026-09-02/part_0020.gz	216238716	259758
updated_date=2026-09-02/part_0021.gz	215951470	260377
updated_date=2026-09-02/part_0022.gz	216204028	260525
updated_date=2026-09-02/part_0023.gz	215115340	259882
updated_date=2026-09-02/part_0024.gz	231284227	260001
updated_date=2026-09-02/part_0025.gz	215462153	260503
updated_date=2026-09-02/part_0026.gz	216589753	259935
updated_date=2026-09-02/part_0027.gz	216534243	260385
updated_date=2026-09-02/part_0028.gz	216499830	260587
updated_date=2026-09-02/part_0029.gz	214901954	259635
updated_date=2026-09-02/part_0030.gz	221867910	259186
updated_date=2026-09-02/part_0031.gz	230936585	260063
updated_date=2026-09-02/part_0032.gz	215229380	260082
updated_date=2026-09-02/part_0033.gz	216200351	260218
updated_date=2026-09-02/part_0034.gz	344546684	400000
updated_date=2026-09-02/part_0035.gz	86710233	120010
updated_date=2026-09-02/part_0036.gz	215442243	260203
updated_date=2026-09-02/part_0037.gz	215782458	259887
updated_date=2026-09-02/part_0038.gz	216075891	259978
updated_date=2026-09-02/part_0039.gz	224439746	260030
updated_date=2026-09-02/part_0040.gz	214458125	258581
updated_date=2026-09-02/part_0041.gz	216234139	259967
updated_date=2026-09-02/part_0042.gz	221247877	259834
updated_date=2026-09-02/part_0043.gz	215530202	259950
updated_date=2026-09-02/part_0044.gz	215516437	259631
updated_date=2026-09-02/part_0045.gz	228726540	259855
updated_date=2026-09-02/part_0046.gz	215317359	259609
updated_date=2026-09-02/part_0047.gz	216586522	261076
updated_date=2026-09-02/part_0048.gz	215907374	260412
updated_date=2026-09-02/part_0049.gz	231024763	259824
updated_date=2026-09-03/part_0000.gz	335009804	281833
updated_date=2026-09-03/part_0001.gz	337647694	282723
updated_date=2026-09-03/part_0002.gz	338448195	283159
updated_date=2026-09-03/part_0003.gz	343200972	282383
updated_date=2026-09-03/part_0004.gz	336319837	282721
updated_date=2026-09-03/part_0005.gz	336913072	282778
updated_date=2026-09-03/part_0006.gz	334994971	281353
updated_date=2026-09-03/part_0007.gz	339267656	282463
updated_date=2026-09-03/part_0008.gz	342561210	282053
updated_date=2026-09-03/part_0009.gz	336538327	282257
updated_date=2026-09-04/part_0000.gz	278090900	224021
updated_date=2026-09-04/part_0001.gz	279237110	224825
updated_date=2026-09-04/part_0002.gz	279717342	225259
updated_date=2026-09-04/part_0003.gz	286847731	224478
updated_date=2026-09-04/part_0004.gz	278935491	224694
updated_date=2026-09-04/part_0005.gz	277337081	224160
updated_date=2026-09-04/part_0006.gz	279710914	224583
updated_date=2026-09-04/part_0007.gz	289731909	225173
updated_date=2026-09-04/part_0008.gz	277818243	223709
updated_date=2026-09-04/part_0009.gz	277410575	224320
updated_date=2026-09-04/part_0010.gz	277086778	223858
updated_date=2026-09-04/part_0011.gz	285808808	223436
updated_date=2026-09-04/part_0012.gz	287915004	224101
updated_date=2026-09-04/part_0013.gz	278674229	225248
updated_date=2026-09-04/part_0014.gz	278313592	224048
updated_date=2026-09-04/part_0015.gz	277982449	223930
updated_date=2026-09-04/part_0016.gz	277534316	224425
updated_date=2026-09-04/part_0017.gz	276748769	224054
updated_date=2026-09-04/part_0018.gz	278107770	224013
updated_date=2026-09-04/part_0019.gz	278360797	224667
updated_date=2026-09-04/part_0020.gz	278687202	224153
updated_date=2026-09-04/part_0021.gz	278032714	224102
updated_date=2026-09-04/part_0022.gz	278389015	224103
updated_date=2026-09-04/part_0023.gz	277914570	223992
updated_date=2026-09-04/part_0024.gz	288483269	224420
updated_date=2026-09-05/part_0000.gz	874747436	400000
updated_date=2026-09-05/part_0001.gz	510439396	239514
updated_date=2026-09-05/part_0002.gz	871797021	400000
updated_date=2026-09-05/part_0003.gz	512178791	240393
updated_date=2026-09-05/part_0004.gz	863045925	400000
updated_date=2026-09-05/part_0005.gz	520157800	238687
updated_date=2026-09-06/part_0000.gz	404777274	252039
updated_date=2026-09-06/part_0001.gz	408686332	253734
updated_date=2026-09-06/part_0002.gz	406521429	252817
updated_date=2026-09-06/part_0003.gz	405545159	253060
updated_date=2026-09-06/part_0004.gz	406982425	253497
updated_date=2026-09-06/part_0005.gz	406013930	252434
updated_date=2026-09-06/part_0006.gz	408721738	252435
updated_date=2026-09-06/part_0007.gz	405711299	252857
updated_date=2026-09-06/part_0008.gz	406094471	252947
updated_date=2026-09-06/part_0009.gz	406842384	252488
updated_date=2026-09-06/part_0010.gz	406382548	252402
updated_date=2026-09-06/part_0011.gz	406396583	252972
updated_date=2026-09-06/part_0012.gz	406071430	252626
updated_date=2026-09-06/part_0013.gz	406623648	252714
updated_date=2026-09-06/part_0014.gz	414394115	253430
updated_date=2026-09-06/part_0015.gz	407715735	252613
updated_date=2026-09-06/part_0016.gz	643153621	400000
updated_date=2026-09-06/part_0017.gz	179405290	105237
updated_date=2026-09-06/part_0018.gz	407884930	253080
updated_date=2026-09-06/part_0019.gz	411121047	252154
updated_date=2026-09-06/part_0020.gz	405985104	252628
updated_date=2026-09-06/part_0021.gz	404696577	251903
updated_date=2026-09-06/part_0022.gz	406397366	252532
updated_date=2026-09-06/part_0023.gz	406886431	252789
updated_date=2026-09-06/part_0024.gz	412613301	253033
updated_date=2026-09-07/part_0000.gz	682986184	400000
updated_date=2026-09-07/part_0001.gz	158875382	78467
updated_date=2026-09-07/part_0002.gz	718476179	400000
updated_date=2026-09-07/part_0003.gz	118364147	77249
updated_date=2026-09-07/part_0004.gz	697187639	400000
updated_date=2026-09-07/part_0005.gz	147525474	78512
updated_date=2026-09-07/part_0006.gz	718841960	400000
updated_date=2026-09-07/part_0007.gz	125962939	77360
updated_date=2026-09-07/part_0008.gz	698186362	400000
updated_date=2026-09-07/part_0009.gz	135457537	76426
updated_date=2026-09-07/part_0010.gz	702609507	400000
updated_date=2026-09-07/part_0011.gz	136201203	77513
updated_date=2026-09-07/part_0012.gz	715961878	400000
updated_date=2026-09-07/part_0013.gz	117455015	76674
updated_date=2026-09-07/part_0014.gz	725037534	400000
updated_date=2026-09-07/part_0015.gz	110539133	76811
updated_date=2026-09-07/part_0016.gz	698220528	400000
updated_date=2026-09-07/part_0017.gz	135208017	75799
updated_date=2026-09-07/part_0018.gz	706916069	400000
updated_date=2026-09-07/part_0019.gz	136764471	77201
updated_date=2026-09-08/part_0000.gz	617912406	275648
updated_date=2026-09-08/part_0001.gz	620219022	275855
updated_date=2026-09-08/part_0002.gz	618013964	275513
updated_date=2026-09-08/part_0003.gz	618760227	275094
updated_date=2026-09-08/part_0004.gz	621193962	275970
updated_date=2026-09-08/part_0005.gz	618136349	275497
updated_date=2026-09-08/part_0006.gz	618886753	276384
updated_date=2026-09-08/part_0007.gz	616792703	275245
updated_date=2026-09-08/part_0008.gz	615259986	274868
updated_date=2026-09-08/part_0009.gz	615219936	274694
updated_date=2026-09-09/part_0000.gz	412507705	227767
updated_date=2026-09-09/part_0001.gz	413575359	227643
updated_date=2026-09-09/part_0002.gz	412682718	228089
updated_date=2026-09-09/part_0003.gz	413684905	227749
updated_date=2026-09-09/part_0004.gz	416762894	228960
updated_date=2026-09-09/part_0005.gz	417807212	227134
updated_date=2026-09-09/part_0006.gz	411528485	227545
updated_date=2026-09-09/part_0007.gz	420175560	227366
updated_date=2026-09-09/part_0008.gz	412917691	228279
updated_date=2026-09-09/part_0009.gz	417883542	227878
updated_date=2026-09-09/part_0010.gz	410824418	227191
updated_date=2026-09-09/part_0011.gz	411515654	227351
updated_date=2026-09-09/part_0012.gz	410848926	226802
updated_date=2026-09-09/part_0013.gz	411589922	227402
updated_date=2026-09-09/part_0014.gz	414798994	227818
updated_date=2026-09-09/part_0015.gz	417404844	228242
updated_date=2026-09-09/part_0016.gz	411464019	227331
updated_date=2026-09-09/part_0017.gz	418790651	227742
updated_date=2026-09-09/part_0018.gz	412724873	227836
updated_date=2026-09-09/part_0019.gz	412233754	227683
updated_date=2026-09-09/part_0020.gz	410804423	227165
updated_date=2026-09-09/part_0021.gz	418980707	227826
updated_date=2026-09-09/part_0022.gz	422190729	228580
updated_date=2026-09-09/part_0023.gz	410572134	226447
updated_date=2026-09-09/part_0024.gz	419091748	227648
updated_date=2026-09-09/part_0025.gz	413573817	227940
updated_date=2026-09-09/part_0026.gz	412546926	227700
updated_date=2026-09-09/part_0027.gz	412414129	227671
updated_date=2026-09-09/part_0028.gz	418861407	227776
updated_date=2026-09-09/part_0029.gz	418574629	227736
updated_date=2026-09-09/part_0030.gz	413201003	227718
updated_date=2026-09-09/part_0031.gz	413935272	227992
updated_date=2026-09-09/part_0032.gz	419060272	227797
updated_date=2026-09-09/part_0033.gz	412350621	227636
updated_date=2026-09-09/part_0034.gz	412038124	227845
updated_date=2026-09-09/part_0035.gz	411119067	227439
updated_date=2026-09-09/part_0036.gz	412614811	227710
updated_date=2026-09-09/part_0037.gz	410025744	227131
updated_date=2026-09-09/part_0038.gz	421208583	228449
updated_date=2026-09-09/part_0039.gz	413963733	228200
updated_date=2026-09-09/part_0040.gz	411862401	227388
updated_date=2026-09-09/part_0041.gz	416540780	227071
updated_date=2026-09-09/part_0042.gz	411672765	227333
updated_date=2026-09-09/part_0043.gz	412783316	227500
updated_date=2026-09-09/part_0044.gz	413258157	227909
updated_date=2026-09-09/part_0045.gz	412714434	227748
updated_date=2026-09-09/part_0046.gz	419035074	227539
updated_date=2026-09-09/part_0047.gz	413362369	228340
updated_date=2026-09-09/part_0048.gz	420431280	227771
updated_date=2026-09-09/part_0049.gz	409739504	226203
updated_date=2026-09-10/part_0000.gz	831806772	400000
updated_date=2026-09-10/part_0001.gz	168142812	82645
updated_date=2026-09-11/part_0000.gz	418671597	256110
updated_date=2026-09-11/part_0001.gz	429080344	257062
updated_date=2026-09-11/part_0002.gz	418168205	255627
updated_date=2026-09-11/part_0003.gz	420755564	256772
updated_date=2026-09-11/part_0004.gz	418597495	256067
updated_date=2026-09-11/part_0005.gz	419623827	256582
updated_date=2026-09-11/part_0006.gz	428821868	257226
updated_date=2026-09-11/part_0007.gz	421419308	257405
updated_date=2026-09-11/part_0008.gz	423909398	255878
updated_date=2026-09-11/part_0009.gz	418986694	256216
updated_date=2026-09-11/part_0010.gz	419230711	256336
updated_date=2026-09-11/part_0011.gz	419942866	256445
updated_date=2026-09-11/part_0012.gz	420474930	257022
updated_date=2026-09-11/part_0013.gz	426638478	256492
updated_date=2026-09-11/part_0014.gz	419081866	255727
updated_date=2026-09-11/part_0015.gz	419788564	256113
updated_date=2026-09-11/part_0016.gz	418907504	256031
updated_date=2026-09-11/part_0017.gz	420303995	256536
updated_date=2026-09-11/part_0018.gz	418052153	256054
updated_date=2026-09-11/part_0019.gz	421155658	256747
updated_date=2026-09-11/part_0020.gz	417565334	255979
updated_date=2026-09-11/part_0021.gz	424341808	255760
updated_date=2026-09-11/part_0022.gz	417529594	255807
updated_date=2026-09-11/part_0023.gz	420995425	256324
updated_date=2026-09-11/part_0024.gz	419874848	255201
updated_date=2026-09-11/part_0025.gz	425255615	255743
updated_date=2026-09-11/part_0026.gz	427780628	257085
updated_date=2026-09-11/part_0027.gz	426348449	256439
updated_date=2026-09-11/part_0028.gz	419015224	256449
updated_date=2026-09-11/part_0029.gz	420641527	256890
updated_date=2026-09-11/part_0030.gz	417588543	255460
updated_date=2026-09-11/part_0031.gz	420215262	256712
updated_date=2026-09-11/part_0032.gz	417836012	255657
updated_date=2026-09-11/part_0033.gz	418446490	255940
updated_date=2026-09-11/part_0034.gz	424691255	256514
updated_date=2026-09-11/part_0035.gz	418627662	254964
updated_date=2026-09-11/part_0036.gz	418916708	256281
updated_date=2026-09-11/part_0037.gz	420452984	256853
updated_date=2026-09-11/part_0038.gz	418612521	256237
updated_date=2026-09-11/part_0039.gz	418219898	255595
updated_date=2026-09-11/part_0040.gz	419300126	256082
updated_date=2026-09-11/part_0041.gz	419025572	256260
updated_date=2026-09-11/part_0042.gz	427913835	257255
updated_date=2026-09-11/part_0043.gz	420174124	256593
updated_date=2026-09-11/part_0044.gz	426926519	256329
updated_date=2026-09-11/part_0045.gz	419655480	256517
updated_date=2026-09-11/part_0046.gz	421580519	255868
updated_date=2026-09-11/part_0047.gz	419101763	255710
updated_date=2026-09-11/part_0048.gz	426388759	255648
updated_date=2026-09-11/part_0049.gz	428618480	256602
updated_date=2026-09-12/part_0000.gz	458441930	246694
updated_date=2026-09-12/part_0001.gz	452204426	247032
updated_date=2026-09-12/part_0002.gz	450994187	245812
updated_date=2026-09-12/part_0003.gz	456491683	246749
updated_date=2026-09-12/part_0004.gz	453168186	247518
updated_date=2026-09-12/part_0005.gz	455259275	246222
updated_date=2026-09-12/part_0006.gz	453126419	246458
updated_date=2026-09-12/part_0007.gz	453296307	246873
updated_date=2026-09-12/part_0008.gz	457532307	245914
updated_date=2026-09-12/part_0009.gz	452449845	247049
updated_date=2026-09-13/part_0000.gz	562791982	266476
updated_date=2026-09-14/part_0000.gz	492886247	216230
updated_date=2026-09-15/part_0000.gz	363489588	277309
updated_date=2026-09-15/part_0001.gz	359271114	276848
updated_date=2026-09-15/part_0002.gz	360037167	277536
updated_date=2026-09-16/part_0000.gz	426973717	221688
updated_date=2026-09-16/part_0001.gz	425352802	220789
updated_date=2026-09-16/part_0002.gz	429879880	221353
updated_date=2026-09-16/part_0003.gz	428083511	222059
updated_date=2026-09-16/part_0004.gz	428268510	222357
updated_date=2026-09-16/part_0005.gz	427395107	221791
updated_date=2026-09-16/part_0006.gz	427030562	221709
updated_date=2026-09-16/part_0007.gz	425797869	220935
updated_date=2026-09-16/part_0008.gz	427915386	222618
updated_date=2026-09-16/part_0009.gz	428326279	221880
updated_date=2026-09-17/part_0000.gz	708772689	400000
updated_date=2026-09-17/part_0001.gz	109997077	57720
updated_date=2026-09-17/part_0002.gz	721385715	400000
updated_date=2026-09-17/part_0003.gz	93713458	57517
updated_date=2026-09-17/part_0004.gz	715007705	400000
updated_date=2026-09-17/part_0005.gz	91823543	57643
updated_date=2026-09-18/part_0000.gz	660604885	400000
updated_date=2026-09-18/part_0001.gz	557628656	377498
updated_date=2026-09-19/part_0000.gz	854619000	334567
updated_date=2026-09-19/part_0001.gz	849010404	334535
updated_date=2026-09-19/part_0002.gz	849047405	334837
updated_date=2026-09-20/part_0000.gz	784900878	400000
updated_date=2026-09-20/part_0001.gz	555221605	281002
updated_date=2026-09-21/part_0000.gz	802422978	354922
updated_date=2026-09-21/part_0001.gz	801427648	355390
updated_date=2026-09-21/part_0002.gz	805321589	355624
updated_date=2026-09-21/part_0003.gz	803540546	354732
updated_date=2026-09-21/part_0004.gz	794740370	354792
updated_date=2026-09-21/part_0005.gz	802352575	354902
updated_date=2026-09-21/part_0006.gz	799239174	355036
updated_date=2026-09-21/part_0007.gz	803624178	355055
updated_date=2026-09-21/part_0008.gz	800334904	356009
updated_date=2026-09-21/part_0009.gz	805123609	355368
updated_date=2026-09-21/part_0010.gz	796577316	353917
updated_date=2026-09-21/part_0011.gz	802190908	354861
updated_date=2026-09-21/part_0012.gz	796535925	354735
updated_date=2026-09-21/part_0013.gz	797095479	355191
updated_date=2026-09-21/part_0014.gz	802620935	356235
updated_date=2026-09-21/part_0015.gz	803649514	354777
updated_date=2026-09-21/part_0016.gz	803099091	355538
updated_date=2026-09-21/part_0017.gz	802971082	354630
updated_date=2026-09-21/part_0018.gz	907249577	400000
updated_date=2026-09-21/part_0019.gz	696246886	309069
updated_date=2026-09-21/part_0020.gz	806552367	356439
updated_date=2026-09-21/part_0021.gz	797924365	355209
updated_date=2026-09-21/part_0022.gz	796196850	354619
updated_date=2026-09-21/part_0023.gz	803403291	355254
updated_date=2026-09-21/part_0024.gz	797609064	354959
updated_date=2026-09-21/part_0025.gz	798858646	355514
updated_date=2026-09-21/part_0026.gz	798576839	354923
updated_date=2026-09-21/part_0027.gz	802044122	354638
updated_date=2026-09-21/part_0028.gz	798256140	355245
updated_date=2026-09-21/part_0029.gz	797298823	355077
updated_date=2026-09-21/part_0030.gz	795435942	354101
updated_date=2026-09-21/part_0031.gz	798930556	355044
updated_date=2026-09-21/part_0032.gz	796263373	354997
updated_date=2026-09-21/part_0033.gz	804396163	355099
updated_date=2026-09-21/part_0034.gz	799332410	355112
updated_date=2026-09-21/part_0035.gz	794401270	353704
updated_date=2026-09-21/part_0036.gz	804469392	355444
updated_date=2026-09-21/part_0037.gz	795927852	354326
updated_date=2026-09-21/part_0038.gz	797691455	355584
updated_date=2026-09-21/part_0039.gz	796760928	354623
updated_date=2026-09-21/part_0040.gz	798033748	355281
updated_date=2026-09-21/part_0041.gz	798093064	355593
updated_date=2026-09-21/part_0042.gz	802258111	355252
updated_date=2026-09-21/part_0043.gz	799807290	355117
updated_date=2026-09-21/part_0044.gz	796761208	354911
updated_date=2026-09-21/part_0045.gz	804351763	355261
updated_date=2026-09-21/part_0046.gz	805141885	355045
updated_date=2026-09-21/part_0047.gz	802750895	355317
updated_date=2026-09-21/part_0048.gz	800131314	354446
updated_date=2026-09-21/part_0049.gz	803317941	355225
updated_date=2026-09-22/part_0000.gz	770797304	329032
updated_date=2026-09-22/part_0001.gz	768477156	327765
updated_date=2026-09-22/part_0002.gz	772584870	328155
updated_date=2026-09-22/part_0003.gz	774440808	328890
updated_date=2026-09-22/part_0004.gz	777597737	328625
updated_date=2026-09-22/part_0005.gz	772485599	328282
updated_date=2026-09-22/part_0006.gz	773739397	328937
updated_date=2026-09-22/part_0007.gz	775720703	329645
updated_date=2026-09-22/part_0008.gz	772260168	328593
updated_date=2026-09-22/part_0009.gz	776126704	329292
updated_date=2026-09-22/part_0010.gz	777875635	329197
updated_date=2026-09-22/part_0011.gz	770066869	327846
updated_date=2026-09-22/part_0012.gz	775892727	328763
updated_date=2026-09-22/part_0013.gz	773325037	327769
updated_date=2026-09-22/part_0014.gz	773328865	329010
updated_date=2026-09-22/part_0015.gz	778397908	329097
updated_date=2026-09-22/part_0016.gz	772209247	328721
updated_date=2026-09-22/part_0017.gz	768210090	327864
updated_date=2026-09-22/part_0018.gz	778244820	328134
updated_date=2026-09-22/part_0019.gz	774812873	328325
updated_date=2026-09-22/part_0020.gz	778627301	329279
updated_date=2026-09-22/part_0021.gz	773831732	327909
updated_date=2026-09-22/part_0022.gz	776910158	328197
updated_date=2026-09-22/part_0023.gz	774831188	329479
updated_date=2026-09-22/part_0024.gz	776195734	328938
updated_date=2026-09-22/part_0025.gz	774700299	328542
updated_date=2026-09-22/part_0026.gz	770471034	327776
updated_date=2026-09-22/part_0027.gz	773733286	329078
updated_date=2026-09-22/part_0028.gz	770294447	328035
updated_date=2026-09-22/part_0029.gz	773456877	329120
updated_date=2026-09-22/part_0030.gz	774108042	328832
updated_date=2026-09-22/part_0031.gz	775401337	328766
updated_date=2026-09-22/part_0032.gz	777210199	329363
updated_date=2026-09-22/part_0033.gz	776946955	329871
updated_date=2026-09-22/part_0034.gz	776594715	328042
updated_date=2026-09-22/part_0035.gz	777516666	329386
updated_date=2026-09-22/part_0036.gz	773281066	329291
updated_date=2026-09-22/part_0037.gz	774541943	329457
updated_date=2026-09-22/part_0038.gz	948320399	400000
updated_date=2026-09-22/part_0039.gz	604005828	257535
updated_date=2026-09-22/part_0040.gz	776824413	328818
updated_date=2026-09-22/part_0041.gz	778019671	328795
updated_date=2026-09-22/part_0042.gz	772079579	328833
updated_date=2026-09-22/part_0043.gz	771800823	328824
updated_date=2026-09-22/part_0044.gz	774172356	329127
updated_date=2026-09-22/part_0045.gz	772688086	328863
updated_date=2026-09-22/part_0046.gz	772598892	328547
updated_date=2026-09-22/part_0047.gz	772746900	329667
updated_date=2026-09-22/part_0048.gz	771341271	328756
updated_date=2026-09-22/part_0049.gz	776107296	328651
updated_date=2026-09-22/part_0050.gz	777375955	328794
updated_date=2026-09-22/part_0051.gz	772860798	328821
updated_date=2026-09-22/part_0052.gz	948248505	400000
updated_date=2026-09-22/part_0053.gz	945604961	400000
updated_date=2026-09-22/part_0054.gz	439383411	187412
updated_date=2026-09-22/part_0055.gz	774182004	328283
updated_date=2026-09-22/part_0056.gz	774805574	328086
updated_date=2026-09-22/part_0057.gz	777600810	328493
updated_date=2026-09-22/part_0058.gz	775528018	329178
updated_date=2026-09-22/part_0059.gz	776394817	328745
updated_date=2026-09-22/part_0060.gz	772337675	328253
updated_date=2026-09-22/part_0061.gz	777154862	328689
updated_date=2026-09-22/part_0062.gz	769829975	327773
updated_date=2026-09-22/part_0063.gz	773732749	328633
updated_date=2026-09-22/part_0064.gz	772003405	328427
updated_date=2026-09-22/part_0065.gz	773335629	327955
updated_date=2026-09-22/part_0066.gz	771669611	328205
updated_date=2026-09-22/part_0067.gz	778005222	329360
updated_date=2026-09-22/part_0068.gz	774004067	329150
updated_date=2026-09-22/part_0069.gz	777349508	328660
updated_date=2026-09-22/part_0070.gz	776064580	327977
updated_date=2026-09-22/part_0071.gz	770049468	328484
updated_date=2026-09-22/part_0072.gz	776101029	328406
updated_date=2026-09-22/part_0073.gz	774260420	328083
updated_date=2026-09-22/part_0074.gz	778408871	329628
updated_date=2026-09-22/part_0075.gz	774401525	328160
updated_date=2026-09-22/part_0076.gz	775886631	329764
updated_date=2026-09-22/part_0077.gz	773419993	329297
updated_date=2026-09-22/part_0078.gz	777944216	328352
updated_date=2026-09-22/part_0079.gz	772272736	328357
updated_date=2026-09-22/part_0080.gz	772399889	328995
updated_date=2026-09-22/part_0081.gz	773210400	328803
updated_date=2026-09-22/part_0082.gz	773770166	329221
updated_date=2026-09-22/part_0083.gz	771351525	328482
updated_date=2026-09-22/part_0084.gz	774778458	328548
updated_date=2026-09-22/part_0085.gz	774409773	328381
updated_date=2026-09-22/part_0086.gz	772308140	328502
updated_date=2026-09-22/part_0087.gz	779939109	328746
updated_date=2026-09-22/part_0088.gz	952359635	400000
updated_date=2026-09-22/part_0089.gz	597682851	256763
updated_date=2026-09-22/part_0090.gz	776782344	329566
updated_date=2026-09-22/part_0091.gz	771738546	328830
updated_date=2026-09-22/part_0092.gz	777940965	329335
updated_date=2026-09-22/part_0093.gz	772405586	328210
updated_date=2026-09-22/part_0094.gz	778881111	328843
updated_date=2026-09-22/part_0095.gz	776729719	329402
updated_date=2026-09-22/part_0096.gz	770657837	328111
updated_date=2026-09-22/part_0097.gz	778531417	329153
updated_date=2026-09-22/part_0098.gz	772126591	329249
updated_date=2026-09-22/part_0099.gz	775192358	327912
updated_date=2026-09-22/part_0100.gz	771277850	328338
updated_date=2026-09-22/part_0101.gz	773425563	329448
updated_date=2026-09-22/part_0102.gz	772581236	328644
updated_date=2026-09-22/part_0103.gz	772916939	327766
updated_date=2026-09-22/part_0104.gz	946589674	400000
updated_date=2026-09-22/part_0105.gz	603069883	256673
updated_date=2026-09-22/part_0106.gz	776748837	328477
updated_date=2026-09-22/part_0107.gz	773463097	328266
updated_date=2026-09-22/part_0108.gz	775487606	328801
updated_date=2026-09-22/part_0109.gz	776361070	328802
updated_date=2026-09-22/part_0110.gz	774435110	328241
updated_date=2026-09-22/part_0111.gz	769545488	328121
updated_date=2026-09-22/part_0112.gz	769612826	328218
updated_date=2026-09-22/part_0113.gz	778696804	329370
updated_date=2026-09-22/part_0114.gz	772283341	329160
updated_date=2026-09-22/part_0115.gz	772274647	328595
updated_date=2026-09-22/part_0116.gz	771688102	328937
updated_date=2026-09-22/part_0117.gz	770824739	328489
updated_date=2026-09-22/part_0118.gz	768698963	328566
updated_date=2026-09-22/part_0119.gz	943614912	400000
updated_date=2026-09-22/part_0120.gz	608397152	257904
updated_date=2026-09-22/part_0121.gz	773991530	329016
updated_date=2026-09-22/part_0122.gz	777505995	328726
updated_date=2026-09-22/part_0123.gz	775461223	327825
updated_date=2026-09-22/part_0124.gz	770645512	328227
updated_date=2026-09-22/part_0125.gz	773912980	327761
updated_date=2026-09-22/part_0126.gz	773840861	327608
updated_date=2026-09-22/part_0127.gz	772348522	328343
updated_date=2026-09-22/part_0128.gz	774080979	328782
updated_date=2026-09-22/part_0129.gz	774729180	328325
updated_date=2026-09-22/part_0130.gz	775552846	329322
updated_date=2026-09-22/part_0131.gz	771338415	328316
updated_date=2026-09-22/part_0132.gz	772346836	329002
updated_date=2026-09-22/part_0133.gz	773342377	329359
updated_date=2026-09-22/part_0134.gz	772999185	327620
updated_date=2026-09-22/part_0135.gz	771050299	328215
updated_date=2026-09-22/part_0136.gz	776208551	329247
updated_date=2026-09-22/part_0137.gz	779108216	328940
updated_date=2026-09-22/part_0138.gz	773093834	329103
updated_date=2026-09-22/part_0139.gz	776506134	328427
updated_date=2026-09-22/part_0140.gz	770227005	327714
updated_date=2026-09-22/part_0141.gz	775060700	328482
updated_date=2026-09-22/part_0142.gz	775919994	329669
updated_date=2026-09-22/part_0143.gz	776578715	328811
updated_date=2026-09-22/part_0144.gz	776072246	329704
updated_date=2026-09-22/part_0145.gz	769488368	328311
updated_date=2026-09-22/part_0146.gz	775648631	329708
updated_date=2026-09-22/part_0147.gz	772656521	329183
updated_date=2026-09-22/part_0148.gz	768699113	327259
updated_date=2026-09-22/part_0149.gz	774744176	328297
updated_date=2026-09-22/part_0150.gz	771514983	328464
updated_date=2026-09-22/part_0151.gz	773000433	328520
updated_date=2026-09-22/part_0152.gz	772473486	328365
updated_date=2026-09-22/part_0153.gz	771544693	328324
updated_date=2026-09-22/part_0154.gz	771550998	327398
updated_date=2026-09-22/part_0155.gz	774808906	328607
updated_date=2026-09-22/part_0156.gz	775844622	328033
updated_date=2026-09-22/part_0157.gz	772695312	328993
updated_date=2026-09-22/part_0158.gz	772109820	328820
updated_date=2026-09-22/part_0159.gz	776150625	328171
updated_date=2026-09-23/part_0000.gz	772597338	278720
updated_date=2026-09-23/part_0001.gz	771641892	279683
updated_date=2026-09-23/part_0002.gz	771616672	279471
updated_date=2026-09-23/part_0003.gz	766646803	279108
updated_date=2026-09-23/part_0004.gz	771187229	278742
updated_date=2026-09-23/part_0005.gz	773855298	279171
updated_date=2026-09-23/part_0006.gz	770986077	279296
updated_date=2026-09-23/part_0007.gz	767092451	279160
updated_date=2026-09-23/part_0008.gz	772406613	278923
updated_date=2026-09-23/part_0009.gz	771403727	279220
updated_date=2026-09-23/part_0010.gz	764932863	277992
updated_date=2026-09-23/part_0011.gz	772430512	278775
updated_date=2026-09-23/part_0012.gz	765573054	279659
updated_date=2026-09-23/part_0013.gz	770974827	278674
updated_date=2026-09-23/part_0014.gz	775312033	279273
updated_date=2026-09-23/part_0015.gz	770983936	278763
updated_date=2026-09-23/part_0016.gz	768608585	279369
updated_date=2026-09-23/part_0017.gz	771637969	279742
updated_date=2026-09-23/part_0018.gz	771781676	278416
updated_date=2026-09-23/part_0019.gz	773643097	279233
updated_date=2026-09-23/part_0020.gz	772894627	279086
updated_date=2026-09-23/part_0021.gz	764373371	278316
updated_date=2026-09-23/part_0022.gz	766085724	279389
updated_date=2026-09-23/part_0023.gz	772019056	279362
updated_date=2026-09-23/part_0024.gz	773539173	279027
updated_date=2026-09-23/part_0025.gz	768143232	278004
updated_date=2026-09-23/part_0026.gz	773375917	279671
updated_date=2026-09-23/part_0027.gz	772024850	278645
updated_date=2026-09-23/part_0028.gz	769832992	278869
updated_date=2026-09-23/part_0029.gz	764801321	277518
updated_date=2026-09-23/part_0030.gz	763832470	277768
updated_date=2026-09-23/part_0031.gz	762848221	277871
updated_date=2026-09-23/part_0032.gz	769371451	277919
updated_date=2026-09-23/part_0033.gz	769349626	278646
updated_date=2026-09-23/part_0034.gz	773939685	278819
updated_date=2026-09-23/part_0035.gz	767752760	278002
updated_date=2026-09-23/part_0036.gz	763801744	279019
updated_date=2026-09-23/part_0037.gz	769994569	279245
updated_date=2026-09-23/part_0038.gz	767562493	278140
updated_date=2026-09-23/part_0039.gz	771079855	278529
updated_date=2026-09-23/part_0040.gz	765871997	278906
updated_date=2026-09-23/part_0041.gz	766256343	279151
updated_date=2026-09-23/part_0042.gz	773094804	278978
updated_date=2026-09-23/part_0043.gz	771500635	279523
updated_date=2026-09-23/part_0044.gz	763576698	278860
updated_date=2026-09-23/part_0045.gz	766393563	279377
updated_date=2026-09-23/part_0046.gz	764090095	279013
updated_date=2026-09-23/part_0047.gz	766971348	278692
updated_date=2026-09-23/part_0048.gz	767839479	278888
updated_date=2026-09-23/part_0049.gz	765145640	278801
